Time (s),Number of Solutions
0,7.0
1,7.0
2,7.0
3,7.0
4,7.0
5,7.0
6,7.0
7,7.0
8,7.0
9,7.0
10,7.0
11,7.0
12,7.0
13,7.0
14,7.0
15,7.0
16,7.0
17,7.0
18,7.0
19,7.0
20,7.0
21,7.0
22,7.0
23,7.0
24,7.0
25,7.0
26,7.0
27,7.0
28,7.0
29,7.0
30,7.0
31,7.0
32,7.0
33,7.0
34,7.0
35,7.0
36,7.0
37,7.0
38,7.0
39,7.0
40,7.0
41,7.0
42,7.0
43,7.0
44,7.0
45,7.0
46,7.0
47,7.0
48,7.0
49,7.0
50,7.0
51,7.0
52,7.0
53,7.0
54,7.0
55,7.0
56,7.0
57,7.0
58,7.0
59,7.0
60,7.0
61,7.0
62,7.0
63,7.0
64,7.0
65,7.0
66,7.0
67,7.0
68,7.0
69,7.0
70,7.0
71,7.0
72,7.0
73,7.0
74,7.0
75,7.0
76,7.0
77,7.0
78,7.0
79,7.0
80,7.0
81,7.0
82,7.0
83,7.0
84,7.0
85,7.0
86,7.0
87,7.0
88,7.0
89,7.0
90,7.0
91,7.0
92,7.0
93,7.0
94,7.0
95,7.0
96,7.0
97,7.0
98,7.0
99,7.0
100,7.0
101,7.0
102,7.0
103,7.0
104,7.0
105,7.0
106,7.0
107,7.0
108,7.0
109,7.0
110,7.0
111,7.0
112,7.0
113,7.0
114,7.0
115,7.0
116,7.0
117,7.0
118,7.0
119,7.0
120,7.0
121,7.0
122,7.0
123,7.0
124,7.0
125,7.0
126,7.0
127,7.0
128,7.0
129,7.0
130,7.0
131,7.0
132,7.0
133,7.0
134,7.0
135,7.0
136,7.0
137,7.0
138,7.0
139,7.0
140,7.0
141,7.0
142,7.0
143,7.0
144,7.0
145,7.0
146,7.0
147,7.0
148,7.0
149,7.0
150,7.0
151,7.0
152,7.0
153,7.0
154,7.0
155,7.0
156,7.0
157,7.0
158,7.0
159,7.0
160,7.0
161,7.0
162,7.0
163,7.0
164,7.0
165,7.0
166,7.0
167,7.0
168,7.0
169,7.0
170,7.0
171,7.0
172,7.0
173,7.0
174,7.0
175,7.0
176,7.0
177,7.0
178,7.0
179,7.0
180,7.0
181,7.0
182,7.0
183,7.0
184,7.0
185,7.0
186,7.0
187,7.0
188,7.0
189,7.0
190,7.0
191,7.0
192,7.0
193,7.0
194,7.0
195,7.0
196,7.0
197,7.0
198,7.0
199,7.0
200,7.0
201,7.0
202,7.0
203,7.0
204,7.0
205,7.0
206,7.0
207,7.0
208,7.0
209,7.0
210,7.0
211,7.0
212,7.0
213,7.0
214,7.0
215,7.0
216,7.0
217,7.0
218,7.0
219,7.0
220,7.0
221,7.0
222,7.0
223,7.0
224,7.0
225,7.0
226,7.0
227,7.0
228,7.0
229,7.0
230,7.0
231,7.0
232,7.0
233,7.0
234,7.0
235,7.0
236,7.0
237,7.0
238,7.0
239,7.0
240,7.0
241,7.0
242,7.0
243,7.0
244,7.0
245,7.0
246,7.0
247,7.0
248,7.0
249,7.0
250,7.0
251,7.0
252,7.0
253,7.0
254,7.0
255,7.0
256,7.0
257,7.0
258,7.0
259,7.0
260,7.0
261,7.0
262,7.0
263,7.0
264,7.0
265,7.0
266,7.0
267,7.0
268,7.0
269,7.0
270,7.0
271,7.0
272,7.0
273,7.0
274,7.0
275,7.0
276,7.0
277,7.0
278,7.0
279,7.0
280,7.0
281,7.0
282,7.0
283,7.0
284,7.0
285,7.0
286,7.0
287,7.0
288,7.0
289,7.0
290,7.0
291,7.0
292,7.0
293,7.0
294,7.0
295,7.0
296,7.0
297,7.0
298,7.0
299,7.0
300,7.0
301,7.0
302,7.0
303,7.0
304,7.0
305,7.0
306,7.0
307,7.0
308,7.0
309,7.0
310,7.0
311,7.0
312,7.0
313,7.0
314,7.0
315,7.0
316,7.0
317,7.0
318,7.0
319,7.0
320,7.0
321,7.0
322,7.0
323,7.0
324,7.0
325,7.0
326,7.0
327,7.0
328,7.0
329,7.0
330,7.0
331,7.0
332,7.0
333,7.0
334,7.0
335,7.0
336,7.0
337,7.0
338,7.0
339,7.0
340,7.0
341,7.0
342,7.0
343,7.0
344,7.0
345,7.0
346,7.0
347,7.0
348,7.0
349,7.0
350,7.0
351,7.0
352,7.0
353,7.0
354,7.0
355,7.0
356,7.0
357,7.0
358,7.0
359,7.0
360,7.0
361,7.0
362,7.0
363,7.0
364,7.0
365,7.0
366,7.0
367,7.0
368,7.0
369,7.0
370,7.0
371,7.0
372,7.0
373,7.0
374,7.0
375,7.0
376,7.0
377,7.0
378,7.0
379,7.0
380,7.0
381,7.0
382,7.0
383,7.0
384,7.0
385,7.0
386,7.0
387,7.0
388,7.0
389,7.0
390,7.0
391,7.0
392,7.0
393,7.0
394,7.0
395,7.0
396,7.0
397,7.0
398,7.0
399,7.0
400,7.0
401,7.0
402,7.0
403,7.0
404,7.0
405,7.0
406,7.0
407,7.0
408,7.0
409,7.0
410,7.0
411,7.0
412,7.0
413,7.0
414,7.0
415,7.0
416,7.0
417,7.0
418,7.0
419,7.0
420,7.0
421,7.0
422,7.0
423,7.0
424,7.0
425,7.0
426,7.0
427,7.0
428,7.0
429,7.0
430,7.0
431,7.0
432,7.0
433,7.0
434,7.0
435,7.0
436,7.0
437,7.0
438,7.0
439,7.0
440,7.0
441,7.0
442,7.0
443,7.0
444,7.0
445,7.0
446,7.0
447,7.0
448,7.0
449,7.0
450,7.0
451,7.0
452,7.0
453,7.0
454,7.0
455,7.0
456,7.0
457,7.0
458,7.0
459,7.0
460,7.0
461,7.0
462,7.0
463,7.0
464,7.0
465,7.0
466,7.0
467,7.0
468,7.0
469,7.0
470,7.0
471,7.0
472,7.0
473,7.0
474,7.0
475,7.0
476,7.0
477,7.0
478,7.0
479,7.0
480,7.0
481,7.0
482,7.0
483,7.0
484,7.0
485,7.0
486,7.0
487,7.0
488,7.0
489,7.0
490,7.0
491,7.0
492,7.0
493,7.0
494,7.0
495,7.0
496,7.0
497,7.0
498,7.0
499,7.0
500,7.0
501,7.0
502,7.0
503,7.0
504,7.0
505,7.0
506,7.0
507,7.0
508,7.0
509,7.0
510,7.0
511,7.0
512,7.0
513,7.0
514,7.0
515,7.0
516,7.0
517,7.0
518,7.0
519,7.0
520,7.0
521,7.0
522,7.0
523,7.0
524,7.0
525,7.0
526,7.0
527,7.0
528,7.0
529,7.0
530,7.0
531,7.0
532,7.0
533,7.0
534,7.0
535,7.0
536,7.0
537,7.0
538,7.0
539,7.0
540,7.0
541,7.0
542,7.0
543,7.0
544,7.0
545,7.0
546,7.0
547,7.0
548,7.0
549,7.0
550,7.0
551,7.0
552,7.0
553,7.0
554,7.0
555,7.0
556,7.0
557,7.0
558,7.0
559,7.0
560,7.0
561,7.0
562,7.0
563,7.0
564,7.0
565,7.0
566,7.0
567,7.0
568,7.0
569,7.0
570,7.0
571,7.0
572,7.0
573,7.0
574,7.0
575,7.0
576,7.0
577,7.0
578,7.0
579,7.0
580,7.0
581,7.0
582,7.0
583,7.0
584,7.0
585,7.0
586,7.0
587,7.0
588,7.0
589,7.0
590,7.0
591,7.0
592,7.0
593,7.0
594,7.0
595,7.0
596,7.0
597,7.0
598,7.0
599,7.0
600,7.0
601,7.0
602,7.0
603,7.0
604,7.0
605,7.0
606,7.0
607,7.0
608,7.0
609,7.0
610,7.0
611,7.0
612,7.0
613,7.0
614,7.0
615,7.0
616,7.0
617,7.0
618,7.0
619,7.0
620,7.0
621,7.0
622,7.0
623,7.0
624,7.0
625,7.0
626,7.0
627,7.0
628,7.0
629,7.0
630,7.0
631,7.0
632,7.0
633,7.0
634,7.0
635,7.0
636,7.0
637,7.0
638,7.0
639,7.0
640,7.0
641,7.0
642,7.0
643,7.0
644,7.0
645,7.0
646,7.0
647,7.0
648,7.0
649,7.0
650,7.0
651,7.0
652,7.0
653,7.0
654,7.0
655,7.0
656,7.0
657,7.0
658,7.0
659,7.0
660,7.0
661,7.0
662,7.0
663,7.0
664,7.0
665,7.0
666,7.0
667,7.0
668,7.0
669,7.0
670,7.0
671,7.0
672,7.0
673,7.0
674,7.0
675,7.0
676,7.0
677,7.0
678,7.0
679,7.0
680,7.0
681,7.0
682,7.0
683,7.0
684,7.0
685,7.0
686,7.0
687,7.0
688,7.0
689,7.0
690,7.0
691,7.0
692,7.0
693,7.0
694,7.0
695,7.0
696,7.0
697,7.0
698,7.0
699,7.0
700,7.0
701,7.0
702,7.0
703,7.0
704,7.0
705,7.0
706,7.0
707,7.0
708,7.0
709,7.0
710,7.0
711,7.0
712,7.0
713,7.0
714,7.0
715,7.0
716,7.0
717,7.0
718,7.0
719,7.0
720,7.0
721,7.0
722,7.0
723,7.0
724,7.0
725,7.0
726,7.0
727,7.0
728,7.0
729,7.0
730,7.0
731,7.0
732,7.0
733,7.0
734,7.0
735,7.0
736,7.0
737,7.0
738,7.0
739,7.0
740,7.0
741,7.0
742,7.0
743,7.0
744,7.0
745,7.0
746,7.0
747,7.0
748,7.0
749,7.0
750,7.0
751,7.0
752,7.0
753,7.0
754,7.0
755,7.0
756,7.0
757,7.0
758,7.0
759,7.0
760,7.0
761,7.0
762,7.0
763,7.0
764,7.0
765,7.0
766,7.0
767,7.0
768,7.0
769,7.0
770,7.0
771,7.0
772,7.0
773,7.0
774,7.0
775,7.0
776,7.0
777,7.0
778,7.0
779,7.0
780,7.0
781,7.0
782,7.0
783,7.0
784,7.0
785,7.0
786,7.0
787,7.0
788,7.0
789,7.0
790,7.0
791,7.0
792,7.0
793,7.0
794,7.0
795,7.0
796,7.0
797,7.0
798,7.0
799,7.0
800,7.0
801,7.0
802,7.0
803,7.0
804,7.0
805,7.0
806,7.0
807,7.0
808,7.0
809,7.0
810,7.0
811,7.0
812,7.0
813,7.0
814,7.0
815,7.0
816,7.0
817,7.0
818,7.0
819,7.0
820,7.0
821,7.0
822,7.0
823,7.0
824,7.0
825,7.0
826,7.0
827,7.0
828,7.0
829,7.0
830,7.0
831,7.0
832,7.0
833,7.0
834,7.0
835,7.0
836,7.0
837,7.0
838,7.0
839,7.0
840,7.0
841,7.0
842,7.0
843,7.0
844,7.0
845,7.0
846,7.0
847,7.0
848,7.0
849,7.0
850,7.0
851,7.0
852,7.0
853,7.0
854,7.0
855,7.0
856,7.0
857,7.0
858,7.0
859,7.0
860,7.0
861,7.0
862,7.0
863,7.0
864,7.0
865,7.0
866,7.0
867,7.0
868,7.0
869,7.0
870,7.0
871,7.0
872,7.0
873,7.0
874,7.0
875,7.0
876,7.0
877,7.0
878,7.0
879,7.0
880,7.0
881,7.0
882,7.0
883,7.0
884,7.0
885,7.0
886,7.0
887,7.0
888,7.0
889,7.0
890,7.0
891,7.0
892,7.0
893,7.0
894,7.0
895,7.0
896,7.0
897,7.0
898,7.0
899,7.0
900,7.0
901,7.0
902,7.0
903,7.0
904,7.0
905,7.0
906,7.0
907,7.0
908,7.0
909,7.0
910,7.0
911,7.0
912,7.0
913,7.0
914,7.0
915,7.0
916,7.0
917,7.0
918,7.0
919,7.0
920,7.0
921,7.0
922,7.0
923,7.0
924,7.0
925,7.0
926,7.0
927,7.0
928,7.0
929,7.0
930,7.0
931,7.0
932,7.0
933,7.0
934,7.0
935,7.0
936,7.0
937,7.0
938,7.0
939,7.0
940,7.0
941,7.0
942,7.0
943,7.0
944,7.0
945,7.0
946,7.0
947,7.0
948,7.0
949,7.0
950,7.0
951,7.0
952,7.0
953,7.0
954,7.0
955,7.0
956,7.0
957,7.0
958,7.0
959,7.0
960,7.0
961,7.0
962,7.0
963,7.0
964,7.0
965,7.0
966,7.0
967,7.0
968,7.0
969,7.0
970,7.0
971,7.0
972,7.0
973,7.0
974,7.0
975,7.0
976,7.0
977,7.0
978,7.0
979,7.0
980,7.0
981,7.0
982,7.0
983,7.0
984,7.0
985,7.0
986,7.0
987,7.0
988,7.0
989,7.0
990,7.0
991,7.0
992,7.0
993,7.0
994,7.0
995,7.0
996,7.0
997,7.0
998,7.0
999,7.0
1000,7.0
1001,7.0
1002,7.0
1003,7.0
1004,7.0
1005,7.0
1006,7.0
1007,7.0
1008,7.0
1009,7.0
1010,7.0
1011,7.0
1012,7.0
1013,7.0
1014,7.0
1015,7.0
1016,7.0
1017,7.0
1018,7.0
1019,7.0
1020,7.0
1021,7.0
1022,7.0
1023,7.0
1024,7.0
1025,7.0
1026,7.0
1027,7.0
1028,7.0
1029,7.0
1030,7.0
1031,7.0
1032,7.0
1033,7.0
1034,7.0
1035,7.0
1036,7.0
1037,7.0
1038,7.0
1039,7.0
1040,7.0
1041,7.0
1042,7.0
1043,7.0
1044,7.0
1045,7.0
1046,7.0
1047,7.0
1048,7.0
1049,7.0
1050,7.0
1051,7.0
1052,7.0
1053,7.0
1054,7.0
1055,7.0
1056,7.0
1057,7.0
1058,7.0
1059,7.0
1060,7.0
1061,7.0
1062,7.0
1063,7.0
1064,7.0
1065,7.0
1066,7.0
1067,7.0
1068,7.0
1069,7.0
1070,7.0
1071,7.0
1072,7.0
1073,7.0
1074,7.0
1075,7.0
1076,7.0
1077,7.0
1078,7.0
1079,7.0
1080,7.0
1081,7.0
1082,7.0
1083,7.0
1084,7.0
1085,7.0
1086,7.0
1087,7.0
1088,7.0
1089,7.0
1090,7.0
1091,7.0
1092,7.0
1093,7.0
1094,7.0
1095,7.0
1096,7.0
1097,7.0
1098,7.0
1099,7.0
1100,7.0
1101,7.0
1102,7.0
1103,7.0
1104,7.0
1105,7.0
1106,7.0
1107,7.0
1108,7.0
1109,7.0
1110,7.0
1111,7.0
1112,7.0
1113,7.0
1114,7.0
1115,7.0
1116,7.0
1117,7.0
1118,7.0
1119,7.0
1120,7.0
1121,7.0
1122,7.0
1123,7.0
1124,7.0
1125,7.0
1126,7.0
1127,7.0
1128,7.0
1129,7.0
1130,7.0
1131,7.0
1132,7.0
1133,7.0
1134,7.0
1135,7.0
1136,7.0
1137,7.0
1138,7.0
1139,7.0
1140,7.0
1141,7.0
1142,7.0
1143,7.0
1144,7.0
1145,7.0
1146,7.0
1147,7.0
1148,7.0
1149,7.0
1150,7.0
1151,7.0
1152,7.0
1153,7.0
1154,7.0
1155,7.0
1156,7.0
1157,7.0
1158,7.0
1159,7.0
1160,7.0
1161,7.0
1162,7.0
1163,7.0
1164,7.0
1165,7.0
1166,7.0
1167,7.0
1168,7.0
1169,7.0
1170,7.0
1171,7.0
1172,7.0
1173,7.0
1174,7.0
1175,7.0
1176,7.0
1177,7.0
1178,7.0
1179,7.0
1180,7.0
1181,7.0
1182,7.0
1183,7.0
1184,7.0
1185,7.0
1186,7.0
1187,7.0
1188,7.0
1189,7.0
1190,7.0
1191,7.0
1192,7.0
1193,7.0
1194,7.0
1195,7.0
1196,7.0
1197,7.0
1198,7.0
1199,7.0
1200,7.0
1201,7.0
1202,7.0
1203,7.0
1204,7.0
1205,7.0
1206,7.0
1207,7.0
1208,7.0
1209,7.0
1210,7.0
1211,7.0
1212,7.0
1213,7.0
1214,7.0
1215,7.0
1216,7.0
1217,7.0
1218,7.0
1219,7.0
1220,7.0
1221,7.0
1222,7.0
1223,7.0
1224,7.0
1225,7.0
1226,7.0
1227,7.0
1228,7.0
1229,7.0
1230,7.0
1231,7.0
1232,7.0
1233,7.0
1234,7.0
1235,7.0
1236,7.0
1237,7.0
1238,7.0
1239,7.0
1240,7.0
1241,7.0
1242,7.0
1243,7.0
1244,7.0
1245,7.0
1246,7.0
1247,7.0
1248,7.0
1249,7.0
1250,7.0
1251,7.0
1252,7.0
1253,7.0
1254,7.0
1255,7.0
1256,7.0
1257,7.0
1258,7.0
1259,7.0
1260,7.0
1261,7.0
1262,7.0
1263,7.0
1264,7.0
1265,7.0
1266,7.0
1267,7.0
1268,7.0
1269,7.0
1270,7.0
1271,7.0
1272,7.0
1273,7.0
1274,7.0
1275,7.0
1276,7.0
1277,7.0
1278,7.0
1279,7.0
1280,7.0
1281,7.0
1282,7.0
1283,7.0
1284,7.0
1285,7.0
1286,7.0
1287,7.0
1288,7.0
1289,7.0
1290,7.0
1291,7.0
1292,7.0
1293,7.0
1294,7.0
1295,7.0
1296,7.0
1297,7.0
1298,7.0
1299,7.0
1300,7.0
1301,7.0
1302,7.0
1303,7.0
1304,7.0
1305,7.0
1306,7.0
1307,7.0
1308,7.0
1309,7.0
1310,7.0
1311,7.0
1312,7.0
1313,7.0
1314,7.0
1315,7.0
1316,7.0
1317,7.0
1318,7.0
1319,7.0
1320,7.0
1321,7.0
1322,7.0
1323,7.0
1324,7.0
1325,7.0
1326,7.0
1327,7.0
1328,7.0
1329,7.0
1330,7.0
1331,7.0
1332,7.0
1333,7.0
1334,7.0
1335,7.0
1336,7.0
1337,7.0
1338,7.0
1339,7.0
1340,7.0
1341,7.0
1342,7.0
1343,7.0
1344,7.0
1345,7.0
1346,7.0
1347,7.0
1348,7.0
1349,7.0
1350,7.0
1351,7.0
1352,7.0
1353,7.0
1354,7.0
1355,7.0
1356,7.0
1357,7.0
1358,7.0
1359,7.0
1360,7.0
1361,7.0
1362,7.0
1363,7.0
1364,7.0
1365,7.0
1366,7.0
1367,7.0
1368,7.0
1369,7.0
1370,7.0
1371,7.0
1372,7.0
1373,7.0
1374,7.0
1375,7.0
1376,7.0
1377,7.0
1378,7.0
1379,7.0
1380,7.0
1381,7.0
1382,7.0
1383,7.0
1384,7.0
1385,7.0
1386,7.0
1387,7.0
1388,7.0
1389,7.0
1390,7.0
1391,7.0
1392,7.0
1393,7.0
1394,7.0
1395,7.0
1396,7.0
1397,7.0
1398,7.0
1399,7.0
1400,7.0
1401,7.0
1402,7.0
1403,7.0
1404,7.0
1405,7.0
1406,7.0
1407,7.0
1408,7.0
1409,7.0
1410,7.0
1411,7.0
1412,7.0
1413,7.0
1414,7.0
1415,7.0
1416,7.0
1417,7.0
1418,7.0
1419,7.0
1420,7.0
1421,7.0
1422,7.0
1423,7.0
1424,7.0
1425,7.0
1426,7.0
1427,7.0
1428,7.0
1429,7.0
1430,7.0
1431,7.0
1432,7.0
1433,7.0
1434,7.0
1435,7.0
1436,7.0
1437,7.0
1438,7.0
1439,7.0
1440,7.0
1441,7.0
1442,7.0
1443,7.0
1444,7.0
1445,7.0
1446,7.0
1447,7.0
1448,7.0
1449,7.0
1450,7.0
1451,7.0
1452,7.0
1453,7.0
1454,7.0
1455,7.0
1456,7.0
1457,7.0
1458,7.0
1459,7.0
1460,7.0
1461,7.0
1462,7.0
1463,7.0
1464,7.0
1465,7.0
1466,7.0
1467,7.0
1468,7.0
1469,7.0
1470,7.0
1471,7.0
1472,7.0
1473,7.0
1474,7.0
1475,7.0
1476,7.0
1477,7.0
1478,7.0
1479,7.0
1480,7.0
1481,7.0
1482,7.0
1483,7.0
1484,7.0
1485,7.0
1486,7.0
1487,7.0
1488,7.0
1489,7.0
1490,7.0
1491,7.0
1492,7.0
1493,7.0
1494,7.0
1495,7.0
1496,7.0
1497,7.0
1498,7.0
1499,7.0
1500,7.0
1501,7.0
1502,7.0
1503,7.0
1504,7.0
1505,7.0
1506,7.0
1507,7.0
1508,7.0
1509,7.0
1510,7.0
1511,7.0
1512,7.0
1513,7.0
1514,7.0
1515,7.0
1516,7.0
1517,7.0
1518,7.0
1519,7.0
1520,7.0
1521,7.0
1522,7.0
1523,7.0
1524,7.0
1525,7.0
1526,7.0
1527,7.0
1528,7.0
1529,7.0
1530,7.0
1531,7.0
1532,7.0
1533,7.0
1534,7.0
1535,7.0
1536,7.0
1537,7.0
1538,7.0
1539,7.0
1540,7.0
1541,7.0
1542,7.0
1543,7.0
1544,7.0
1545,7.0
1546,7.0
1547,7.0
1548,7.0
1549,7.0
1550,7.0
1551,7.0
1552,7.0
1553,7.0
1554,7.0
1555,7.0
1556,7.0
1557,7.0
1558,7.0
1559,7.0
1560,7.0
1561,7.0
1562,7.0
1563,7.0
1564,7.0
1565,7.0
1566,7.0
1567,7.0
1568,7.0
1569,7.0
1570,7.0
1571,7.0
1572,7.0
1573,7.0
1574,7.0
1575,7.0
1576,7.0
1577,7.0
1578,7.0
1579,7.0
1580,7.0
1581,7.0
1582,7.0
1583,7.0
1584,7.0
1585,7.0
1586,7.0
1587,7.0
1588,7.0
1589,7.0
1590,7.0
1591,7.0
1592,7.0
1593,7.0
1594,7.0
1595,7.0
1596,7.0
1597,7.0
1598,7.0
1599,7.0
1600,7.0
1601,7.0
1602,7.0
1603,7.0
1604,7.0
1605,7.0
1606,7.0
1607,7.0
1608,7.0
1609,7.0
1610,7.0
1611,7.0
1612,7.0
1613,7.0
1614,7.0
1615,7.0
1616,7.0
1617,7.0
1618,7.0
1619,7.0
1620,7.0
1621,7.0
1622,7.0
1623,7.0
1624,7.0
1625,7.0
1626,7.0
1627,7.0
1628,7.0
1629,7.0
1630,7.0
1631,7.0
1632,7.0
1633,7.0
1634,7.0
1635,7.0
1636,7.0
1637,7.0
1638,7.0
1639,7.0
1640,7.0
1641,7.0
1642,7.0
1643,7.0
1644,7.0
1645,7.0
1646,7.0
1647,7.0
1648,7.0
1649,7.0
1650,7.0
1651,7.0
1652,7.0
1653,7.0
1654,7.0
1655,7.0
1656,7.0
1657,7.0
1658,7.0
1659,7.0
1660,7.0
1661,7.0
1662,7.0
1663,7.0
1664,7.0
1665,7.0
1666,7.0
1667,7.0
1668,7.0
1669,7.0
1670,7.0
1671,7.0
1672,7.0
1673,7.0
1674,7.0
1675,7.0
1676,7.0
1677,7.0
1678,7.0
1679,7.0
1680,7.0
1681,7.0
1682,7.0
1683,7.0
1684,7.0
1685,7.0
1686,7.0
1687,7.0
1688,7.0
1689,7.0
1690,7.0
1691,7.0
1692,7.0
1693,7.0
1694,7.0
1695,7.0
1696,7.0
1697,7.0
1698,7.0
1699,7.0
1700,7.0
1701,7.0
1702,7.0
1703,7.0
1704,7.0
1705,7.0
1706,7.0
1707,7.0
1708,7.0
1709,7.0
1710,7.0
1711,7.0
1712,7.0
1713,7.0
1714,7.0
1715,7.0
1716,7.0
1717,7.0
1718,7.0
1719,7.0
1720,7.0
1721,7.0
1722,7.0
1723,7.0
1724,7.0
1725,7.0
1726,7.0
1727,7.0
1728,7.0
1729,7.0
1730,7.0
1731,7.0
1732,7.0
1733,7.0
1734,7.0
1735,7.0
1736,7.0
1737,7.0
1738,7.0
1739,7.0
1740,7.0
1741,7.0
1742,7.0
1743,7.0
1744,7.0
1745,7.0
1746,7.0
1747,7.0
1748,7.0
1749,7.0
1750,7.0
1751,7.0
1752,7.0
1753,7.0
1754,7.0
1755,7.0
1756,7.0
1757,7.0
1758,7.0
1759,7.0
1760,7.0
1761,7.0
1762,7.0
1763,7.0
1764,7.0
1765,7.0
1766,7.0
1767,7.0
1768,7.0
1769,7.0
1770,7.0
1771,7.0
1772,7.0
1773,7.0
1774,7.0
1775,7.0
1776,7.0
1777,7.0
1778,7.0
1779,7.0
1780,7.0
1781,7.0
1782,7.0
1783,7.0
1784,7.0
1785,7.0
1786,7.0
1787,7.0
1788,7.0
1789,7.0
1790,7.0
1791,7.0
1792,7.0
1793,7.0
1794,7.0
1795,7.0
1796,7.0
1797,7.0
1798,7.0
1799,7.0
1800,7.0
1801,7.0
1802,7.0
1803,7.0
1804,7.0
1805,7.0
1806,7.0
1807,7.0
1808,7.0
1809,7.0
1810,7.0
1811,7.0
1812,7.0
1813,7.0
1814,7.0
1815,7.0
1816,7.0
1817,7.0
1818,7.0
1819,7.0
1820,7.0
1821,7.0
1822,7.0
1823,7.0
1824,7.0
1825,7.0
1826,7.0
1827,7.0
1828,7.0
1829,7.0
1830,7.0
1831,7.0
1832,7.0
1833,7.0
1834,7.0
1835,7.0
1836,7.0
1837,7.0
1838,7.0
1839,7.0
1840,7.0
1841,7.0
1842,7.0
1843,7.0
1844,7.0
1845,7.0
1846,7.0
1847,7.0
1848,7.0
1849,7.0
1850,7.0
1851,7.0
1852,7.0
1853,7.0
1854,7.0
1855,7.0
1856,7.0
1857,7.0
1858,7.0
1859,7.0
1860,7.0
1861,7.0
1862,7.0
1863,7.0
1864,7.0
1865,7.0
1866,7.0
1867,7.0
1868,7.0
1869,7.0
1870,7.0
1871,7.0
1872,7.0
1873,7.0
1874,7.0
1875,7.0
1876,7.0
1877,7.0
1878,7.0
1879,7.0
1880,7.0
1881,7.0
1882,7.0
1883,7.0
1884,7.0
1885,7.0
1886,7.0
1887,7.0
1888,7.0
1889,7.0
1890,7.0
1891,7.0
1892,7.0
1893,7.0
1894,7.0
1895,7.0
1896,7.0
1897,7.0
1898,7.0
1899,7.0
1900,7.0
1901,7.0
1902,7.0
1903,7.0
1904,7.0
1905,7.0
1906,7.0
1907,7.0
1908,7.0
1909,7.0
1910,7.0
1911,7.0
1912,7.0
1913,7.0
1914,7.0
1915,7.0
1916,7.0
1917,7.0
1918,7.0
1919,7.0
1920,7.0
1921,7.0
1922,7.0
1923,7.0
1924,7.0
1925,7.0
1926,7.0
1927,7.0
1928,7.0
1929,7.0
1930,7.0
1931,7.0
1932,7.0
1933,7.0
1934,7.0
1935,7.0
1936,7.0
1937,7.0
1938,7.0
1939,7.0
1940,7.0
1941,7.0
1942,7.0
1943,7.0
1944,7.0
1945,7.0
1946,7.0
1947,7.0
1948,7.0
1949,7.0
1950,7.0
1951,7.0
1952,7.0
1953,7.0
1954,7.0
1955,7.0
1956,7.0
1957,7.0
1958,7.0
1959,7.0
1960,7.0
1961,7.0
1962,7.0
1963,7.0
1964,7.0
1965,7.0
1966,7.0
1967,7.0
1968,7.0
1969,7.0
1970,7.0
1971,7.0
1972,7.0
1973,7.0
1974,7.0
1975,7.0
1976,7.0
1977,7.0
1978,7.0
1979,7.0
1980,7.0
1981,7.0
1982,7.0
1983,7.0
1984,7.0
1985,7.0
1986,7.0
1987,7.0
1988,7.0
1989,7.0
1990,7.0
1991,7.0
1992,7.0
1993,7.0
1994,7.0
1995,7.0
1996,7.0
1997,7.0
1998,7.0
1999,7.0
2000,7.0
2001,7.0
2002,7.0
2003,7.0
2004,7.0
2005,7.0
2006,7.0
2007,7.0
2008,7.0
2009,7.0
2010,7.0
2011,7.0
2012,7.0
2013,7.0
2014,7.0
2015,7.0
2016,7.0
2017,7.0
2018,7.0
2019,7.0
2020,7.0
2021,7.0
2022,7.0
2023,7.0
2024,7.0
2025,7.0
2026,7.0
2027,7.0
2028,7.0
2029,7.0
2030,7.0
2031,7.0
2032,7.0
2033,7.0
2034,7.0
2035,7.0
2036,7.0
2037,7.0
2038,7.0
2039,7.0
2040,7.0
2041,7.0
2042,7.0
2043,7.0
2044,7.0
2045,7.0
2046,7.0
2047,7.0
2048,7.0
2049,7.0
2050,7.0
2051,7.0
2052,7.0
2053,7.0
2054,7.0
2055,7.0
2056,7.0
2057,7.0
2058,7.0
2059,7.0
2060,7.0
2061,7.0
2062,7.0
2063,7.0
2064,7.0
2065,7.0
2066,7.0
2067,7.0
2068,7.0
2069,7.0
2070,7.0
2071,7.0
2072,7.0
2073,7.0
2074,7.0
2075,7.0
2076,7.0
2077,7.0
2078,7.0
2079,7.0
2080,7.0
2081,7.0
2082,7.0
2083,7.0
2084,7.0
2085,7.0
2086,7.0
2087,7.0
2088,7.0
2089,7.0
2090,7.0
2091,7.0
2092,7.0
2093,7.0
2094,7.0
2095,7.0
2096,7.0
2097,7.0
2098,7.0
2099,7.0
2100,7.0
2101,7.0
2102,7.0
2103,7.0
2104,7.0
2105,7.0
2106,7.0
2107,7.0
2108,7.0
2109,7.0
2110,7.0
2111,7.0
2112,7.0
2113,7.0
2114,7.0
2115,7.0
2116,7.0
2117,7.0
2118,7.0
2119,7.0
2120,7.0
2121,7.0
2122,7.0
2123,7.0
2124,7.0
2125,7.0
2126,7.0
2127,7.0
2128,7.0
2129,7.0
2130,7.0
2131,7.0
2132,7.0
2133,7.0
2134,7.0
2135,7.0
2136,7.0
2137,7.0
2138,7.0
2139,7.0
2140,7.0
2141,7.0
2142,7.0
2143,7.0
2144,7.0
2145,7.0
2146,7.0
2147,7.0
2148,7.0
2149,7.0
2150,7.0
2151,7.0
2152,7.0
2153,7.0
2154,7.0
2155,7.0
2156,7.0
2157,7.0
2158,7.0
2159,7.0
2160,7.0
2161,7.0
2162,7.0
2163,7.0
2164,7.0
2165,7.0
2166,7.0
2167,7.0
2168,7.0
2169,7.0
2170,7.0
2171,7.0
2172,7.0
2173,7.0
2174,7.0
2175,7.0
2176,7.0
2177,7.0
2178,7.0
2179,7.0
2180,7.0
2181,7.0
2182,7.0
2183,7.0
2184,7.0
2185,7.0
2186,7.0
2187,7.0
2188,7.0
2189,7.0
2190,7.0
2191,7.0
2192,7.0
2193,7.0
2194,7.0
2195,7.0
2196,7.0
2197,7.0
2198,7.0
2199,7.0
2200,7.0
2201,7.0
2202,7.0
2203,7.0
2204,7.0
2205,7.0
2206,7.0
2207,7.0
2208,7.0
2209,7.0
2210,7.0
2211,7.0
2212,7.0
2213,7.0
2214,7.0
2215,7.0
2216,7.0
2217,7.0
2218,7.0
2219,7.0
2220,7.0
2221,7.0
2222,7.0
2223,7.0
2224,7.0
2225,7.0
2226,7.0
2227,7.0
2228,7.0
2229,7.0
2230,7.0
2231,7.0
2232,7.0
2233,7.0
2234,7.0
2235,7.0
2236,7.0
2237,7.0
2238,7.0
2239,7.0
2240,7.0
2241,7.0
2242,7.0
2243,7.0
2244,7.0
2245,7.0
2246,7.0
2247,7.0
2248,7.0
2249,7.0
2250,7.0
2251,7.0
2252,7.0
2253,7.0
2254,7.0
2255,7.0
2256,7.0
2257,7.0
2258,7.0
2259,7.0
2260,7.0
2261,7.0
2262,7.0
2263,7.0
2264,7.0
2265,7.0
2266,7.0
2267,7.0
2268,7.0
2269,7.0
2270,7.0
2271,7.0
2272,7.0
2273,7.0
2274,7.0
2275,7.0
2276,7.0
2277,7.0
2278,7.0
2279,7.0
2280,7.0
2281,7.0
2282,7.0
2283,7.0
2284,7.0
2285,7.0
2286,7.0
2287,7.0
2288,7.0
2289,7.0
2290,7.0
2291,7.0
2292,7.0
2293,7.0
2294,7.0
2295,7.0
2296,7.0
2297,7.0
2298,7.0
2299,7.0
2300,7.0
2301,7.0
2302,7.0
2303,7.0
2304,7.0
2305,7.0
2306,7.0
2307,7.0
2308,7.0
2309,7.0
2310,7.0
2311,7.0
2312,7.0
2313,7.0
2314,7.0
2315,7.0
2316,7.0
2317,7.0
2318,7.0
2319,7.0
2320,7.0
2321,7.0
2322,7.0
2323,7.0
2324,7.0
2325,7.0
2326,7.0
2327,7.0
2328,7.0
2329,7.0
2330,7.0
2331,7.0
2332,7.0
2333,7.0
2334,7.0
2335,7.0
2336,7.0
2337,7.0
2338,7.0
2339,7.0
2340,7.0
2341,7.0
2342,7.0
2343,7.0
2344,7.0
2345,7.0
2346,7.0
2347,7.0
2348,7.0
2349,7.0
2350,7.0
2351,7.0
2352,7.0
2353,7.0
2354,7.0
2355,7.0
2356,7.0
2357,7.0
2358,7.0
2359,7.0
2360,7.0
2361,7.0
2362,7.0
2363,7.0
2364,7.0
2365,7.0
2366,7.0
2367,7.0
2368,7.0
2369,7.0
2370,7.0
2371,7.0
2372,7.0
2373,7.0
2374,7.0
2375,7.0
2376,7.0
2377,7.0
2378,7.0
2379,7.0
2380,7.0
2381,7.0
2382,7.0
2383,7.0
2384,7.0
2385,7.0
2386,7.0
2387,7.0
2388,7.0
2389,7.0
2390,7.0
2391,7.0
2392,7.0
2393,7.0
2394,7.0
2395,7.0
2396,7.0
2397,7.0
2398,7.0
2399,7.0
2400,7.0
2401,7.0
2402,7.0
2403,7.0
2404,7.0
2405,7.0
2406,7.0
2407,7.0
2408,7.0
2409,7.0
2410,7.0
2411,7.0
2412,7.0
2413,7.0
2414,7.0
2415,7.0
2416,7.0
2417,7.0
2418,7.0
2419,7.0
2420,7.0
2421,7.0
2422,7.0
2423,7.0
2424,7.0
2425,7.0
2426,7.0
2427,7.0
2428,7.0
2429,7.0
2430,7.0
2431,7.0
2432,7.0
2433,7.0
2434,7.0
2435,7.0
2436,7.0
2437,7.0
2438,7.0
2439,7.0
2440,7.0
2441,7.0
2442,7.0
2443,7.0
2444,7.0
2445,7.0
2446,7.0
2447,7.0
2448,7.0
2449,7.0
2450,7.0
2451,7.0
2452,7.0
2453,7.0
2454,7.0
2455,7.0
2456,7.0
2457,7.0
2458,7.0
2459,7.0
2460,7.0
2461,7.0
2462,7.0
2463,7.0
2464,7.0
2465,7.0
2466,7.0
2467,7.0
2468,7.0
2469,7.0
2470,7.0
2471,7.0
2472,7.0
2473,7.0
2474,7.0
2475,7.0
2476,7.0
2477,7.0
2478,7.0
2479,7.0
2480,7.0
2481,7.0
2482,7.0
2483,7.0
2484,7.0
2485,7.0
2486,7.0
2487,7.0
2488,7.0
2489,7.0
2490,7.0
2491,7.0
2492,7.0
2493,7.0
2494,7.0
2495,7.0
2496,7.0
2497,7.0
2498,7.0
2499,7.0
2500,7.0
2501,7.0
2502,7.0
2503,7.0
2504,7.0
2505,7.0
2506,7.0
2507,7.0
2508,7.0
2509,7.0
2510,7.0
2511,7.0
2512,7.0
2513,7.0
2514,7.0
2515,7.0
2516,7.0
2517,7.0
2518,7.0
2519,7.0
2520,7.0
2521,7.0
2522,7.0
2523,7.0
2524,7.0
2525,7.0
2526,7.0
2527,7.0
2528,7.0
2529,7.0
2530,7.0
2531,7.0
2532,7.0
2533,7.0
2534,7.0
2535,7.0
2536,7.0
2537,7.0
2538,7.0
2539,7.0
2540,7.0
2541,7.0
2542,7.0
2543,7.0
2544,7.0
2545,7.0
2546,7.0
2547,7.0
2548,7.0
2549,7.0
2550,7.0
2551,7.0
2552,7.0
2553,7.0
2554,7.0
2555,7.0
2556,7.0
2557,7.0
2558,7.0
2559,7.0
2560,7.0
2561,7.0
2562,7.0
2563,7.0
2564,7.0
2565,7.0
2566,7.0
2567,7.0
2568,7.0
2569,7.0
2570,7.0
2571,7.0
2572,7.0
2573,7.0
2574,7.0
2575,7.0
2576,7.0
2577,7.0
2578,7.0
2579,7.0
2580,7.0
2581,7.0
2582,7.0
2583,7.0
2584,7.0
2585,7.0
2586,7.0
2587,7.0
2588,7.0
2589,7.0
2590,7.0
2591,7.0
2592,7.0
2593,7.0
2594,7.0
2595,7.0
2596,7.0
2597,7.0
2598,7.0
2599,7.0
2600,7.0
2601,7.0
2602,7.0
2603,7.0
2604,7.0
2605,7.0
2606,7.0
2607,7.0
2608,7.0
2609,7.0
2610,7.0
2611,7.0
2612,7.0
2613,7.0
2614,7.0
2615,7.0
2616,7.0
2617,7.0
2618,7.0
2619,7.0
2620,7.0
2621,7.0
2622,7.0
2623,7.0
2624,7.0
2625,7.0
2626,7.0
2627,7.0
2628,7.0
2629,7.0
2630,7.0
2631,7.0
2632,7.0
2633,7.0
2634,7.0
2635,7.0
2636,7.0
2637,7.0
2638,7.0
2639,7.0
2640,7.0
2641,7.0
2642,7.0
2643,7.0
2644,7.0
2645,7.0
2646,7.0
2647,7.0
2648,7.0
2649,7.0
2650,7.0
2651,7.0
2652,7.0
2653,7.0
2654,7.0
2655,7.0
2656,7.0
2657,7.0
2658,7.0
2659,7.0
2660,7.0
2661,7.0
2662,7.0
2663,7.0
2664,7.0
2665,7.0
2666,7.0
2667,7.0
2668,7.0
2669,7.0
2670,7.0
2671,7.0
2672,7.0
2673,7.0
2674,7.0
2675,7.0
2676,7.0
2677,7.0
2678,7.0
2679,7.0
2680,7.0
2681,7.0
2682,7.0
2683,7.0
2684,7.0
2685,7.0
2686,7.0
2687,7.0
2688,7.0
2689,7.0
2690,7.0
2691,7.0
2692,7.0
2693,7.0
2694,7.0
2695,7.0
2696,7.0
2697,7.0
2698,7.0
2699,7.0
2700,7.0
2701,7.0
2702,7.0
2703,7.0
2704,7.0
2705,7.0
2706,7.0
2707,7.0
2708,7.0
2709,7.0
2710,7.0
2711,7.0
2712,7.0
2713,7.0
2714,7.0
2715,7.0
2716,7.0
2717,7.0
2718,7.0
2719,7.0
2720,7.0
2721,7.0
2722,7.0
2723,7.0
2724,7.0
2725,7.0
2726,7.0
2727,7.0
2728,7.0
2729,7.0
2730,7.0
2731,7.0
2732,7.0
2733,7.0
2734,7.0
2735,7.0
2736,7.0
2737,7.0
2738,7.0
2739,7.0
2740,7.0
2741,7.0
2742,7.0
2743,7.0
2744,7.0
2745,7.0
2746,7.0
2747,7.0
2748,7.0
2749,7.0
2750,7.0
2751,7.0
2752,7.0
2753,7.0
2754,7.0
2755,7.0
2756,7.0
2757,7.0
2758,7.0
2759,7.0
2760,7.0
2761,7.0
2762,7.0
2763,7.0
2764,7.0
2765,7.0
2766,7.0
2767,7.0
2768,7.0
2769,7.0
2770,7.0
2771,7.0
2772,7.0
2773,7.0
2774,7.0
2775,7.0
2776,7.0
2777,7.0
2778,7.0
2779,7.0
2780,7.0
2781,7.0
2782,7.0
2783,7.0
2784,7.0
2785,7.0
2786,7.0
2787,7.0
2788,7.0
2789,7.0
2790,7.0
2791,7.0
2792,7.0
2793,7.0
2794,7.0
2795,7.0
2796,7.0
2797,7.0
2798,7.0
2799,7.0
2800,7.0
2801,7.0
2802,7.0
2803,7.0
2804,7.0
2805,7.0
2806,7.0
2807,7.0
2808,7.0
2809,7.0
2810,7.0
2811,7.0
2812,7.0
2813,7.0
2814,7.0
2815,7.0
2816,7.0
2817,7.0
2818,7.0
2819,7.0
2820,7.0
2821,7.0
2822,7.0
2823,7.0
2824,7.0
2825,7.0
2826,7.0
2827,7.0
2828,7.0
2829,7.0
2830,7.0
2831,7.0
2832,7.0
2833,7.0
2834,7.0
2835,7.0
2836,7.0
2837,7.0
2838,7.0
2839,7.0
2840,7.0
2841,7.0
2842,7.0
2843,7.0
2844,7.0
2845,7.0
2846,7.0
2847,7.0
2848,7.0
2849,7.0
2850,7.0
2851,7.0
2852,7.0
2853,7.0
2854,7.0
2855,7.0
2856,7.0
2857,7.0
2858,7.0
2859,7.0
2860,7.0
2861,7.0
2862,7.0
2863,7.0
2864,7.0
2865,7.0
2866,7.0
2867,7.0
2868,7.0
2869,7.0
2870,7.0
2871,7.0
2872,7.0
2873,7.0
2874,7.0
2875,7.0
2876,7.0
2877,7.0
2878,7.0
2879,7.0
2880,7.0
2881,7.0
2882,7.0
2883,7.0
2884,7.0
2885,7.0
2886,7.0
2887,7.0
2888,7.0
2889,7.0
2890,7.0
2891,7.0
2892,7.0
2893,7.0
2894,7.0
2895,7.0
2896,7.0
2897,7.0
2898,7.0
2899,7.0
2900,7.0
2901,7.0
2902,7.0
2903,7.0
2904,7.0
2905,7.0
2906,7.0
2907,7.0
2908,7.0
2909,7.0
2910,7.0
2911,7.0
2912,7.0
2913,7.0
2914,7.0
2915,7.0
2916,7.0
2917,7.0
2918,7.0
2919,7.0
2920,7.0
2921,7.0
2922,7.0
2923,7.0
2924,7.0
2925,7.0
2926,7.0
2927,7.0
2928,7.0
2929,7.0
2930,7.0
2931,7.0
2932,7.0
2933,7.0
2934,7.0
2935,7.0
2936,7.0
2937,7.0
2938,7.0
2939,7.0
2940,7.0
2941,7.0
2942,7.0
2943,7.0
2944,7.0
2945,7.0
2946,7.0
2947,7.0
2948,7.0
2949,7.0
2950,7.0
2951,7.0
2952,7.0
2953,7.0
2954,7.0
2955,7.0
2956,7.0
2957,7.0
2958,7.0
2959,7.0
2960,7.0
2961,7.0
2962,7.0
2963,7.0
2964,7.0
2965,7.0
2966,7.0
2967,7.0
2968,7.0
2969,7.0
2970,7.0
2971,7.0
2972,7.0
2973,7.0
2974,7.0
2975,7.0
2976,7.0
2977,7.0
2978,7.0
2979,7.0
2980,7.0
2981,7.0
2982,7.0
2983,7.0
2984,7.0
2985,7.0
2986,7.0
2987,7.0
2988,7.0
2989,7.0
2990,7.0
2991,7.0
2992,7.0
2993,7.0
2994,7.0
2995,7.0
2996,7.0
2997,7.0
2998,7.0
2999,7.0
3000,7.0
3001,7.0
3002,7.0
3003,7.0
3004,7.0
3005,7.0
3006,7.0
3007,7.0
3008,7.0
3009,7.0
3010,7.0
3011,7.0
3012,7.0
3013,7.0
3014,7.0
3015,7.0
3016,7.0
3017,7.0
3018,7.0
3019,7.0
3020,7.0
3021,7.0
3022,7.0
3023,7.0
3024,7.0
3025,7.0
3026,7.0
3027,7.0
3028,7.0
3029,7.0
3030,7.0
3031,7.0
3032,7.0
3033,7.0
3034,7.0
3035,7.0
3036,7.0
3037,7.0
3038,7.0
3039,7.0
3040,7.0
3041,7.0
3042,7.0
3043,7.0
3044,7.0
3045,7.0
3046,7.0
3047,7.0
3048,7.0
3049,7.0
3050,7.0
3051,7.0
3052,7.0
3053,7.0
3054,7.0
3055,7.0
3056,7.0
3057,7.0
3058,7.0
3059,7.0
3060,7.0
3061,7.0
3062,7.0
3063,7.0
3064,7.0
3065,7.0
3066,7.0
3067,7.0
3068,7.0
3069,7.0
3070,7.0
3071,7.0
3072,7.0
3073,7.0
3074,7.0
3075,7.0
3076,7.0
3077,7.0
3078,7.0
3079,7.0
3080,7.0
3081,7.0
3082,7.0
3083,7.0
3084,7.0
3085,7.0
3086,7.0
3087,7.0
3088,7.0
3089,7.0
3090,7.0
3091,7.0
3092,7.0
3093,7.0
3094,7.0
3095,7.0
3096,7.0
3097,7.0
3098,7.0
3099,7.0
3100,7.0
3101,7.0
3102,7.0
3103,7.0
3104,7.0
3105,7.0
3106,7.0
3107,7.0
3108,7.0
3109,7.0
3110,7.0
3111,7.0
3112,7.0
3113,7.0
3114,7.0
3115,7.0
3116,7.0
3117,7.0
3118,7.0
3119,7.0
3120,7.0
3121,7.0
3122,7.0
3123,7.0
3124,7.0
3125,7.0
3126,7.0
3127,7.0
3128,7.0
3129,7.0
3130,7.0
3131,7.0
3132,7.0
3133,7.0
3134,7.0
3135,7.0
3136,7.0
3137,7.0
3138,7.0
3139,7.0
3140,7.0
3141,7.0
3142,7.0
3143,7.0
3144,7.0
3145,7.0
3146,7.0
3147,7.0
3148,7.0
3149,7.0
3150,7.0
3151,7.0
3152,7.0
3153,7.0
3154,7.0
3155,7.0
3156,7.0
3157,7.0
3158,7.0
3159,7.0
3160,7.0
3161,7.0
3162,7.0
3163,7.0
3164,7.0
3165,7.0
3166,7.0
3167,7.0
3168,7.0
3169,7.0
3170,7.0
3171,7.0
3172,7.0
3173,7.0
3174,7.0
3175,7.0
3176,7.0
3177,7.0
3178,7.0
3179,7.0
3180,7.0
3181,7.0
3182,7.0
3183,7.0
3184,7.0
3185,7.0
3186,7.0
3187,7.0
3188,7.0
3189,7.0
3190,7.0
3191,7.0
3192,7.0
3193,7.0
3194,7.0
3195,7.0
3196,7.0
3197,7.0
3198,7.0
3199,7.0
3200,7.0
3201,7.0
3202,7.0
3203,7.0
3204,7.0
3205,7.0
3206,7.0
3207,7.0
3208,7.0
3209,7.0
3210,7.0
3211,7.0
3212,7.0
3213,7.0
3214,7.0
3215,7.0
3216,7.0
3217,7.0
3218,7.0
3219,7.0
3220,7.0
3221,7.0
3222,7.0
3223,7.0
3224,7.0
3225,7.0
3226,7.0
3227,7.0
3228,7.0
3229,7.0
3230,7.0
3231,7.0
3232,7.0
3233,7.0
3234,7.0
3235,7.0
3236,7.0
3237,7.0
3238,7.0
3239,7.0
3240,7.0
3241,7.0
3242,7.0
3243,7.0
3244,7.0
3245,7.0
3246,7.0
3247,7.0
3248,7.0
3249,7.0
3250,7.0
3251,7.0
3252,7.0
3253,7.0
3254,7.0
3255,7.0
3256,7.0
3257,7.0
3258,7.0
3259,7.0
3260,7.0
3261,7.0
3262,7.0
3263,7.0
3264,7.0
3265,7.0
3266,7.0
3267,7.0
3268,7.0
3269,7.0
3270,7.0
3271,7.0
3272,7.0
3273,7.0
3274,7.0
3275,7.0
3276,7.0
3277,7.0
3278,7.0
3279,7.0
3280,7.0
3281,7.0
3282,7.0
3283,7.0
3284,7.0
3285,7.0
3286,7.0
3287,7.0
3288,7.0
3289,7.0
3290,7.0
3291,7.0
3292,7.0
3293,7.0
3294,7.0
3295,7.0
3296,7.0
3297,7.0
3298,7.0
3299,7.0
3300,7.0
3301,7.0
3302,7.0
3303,7.0
3304,7.0
3305,7.0
3306,7.0
3307,7.0
3308,7.0
3309,7.0
3310,7.0
3311,7.0
3312,7.0
3313,7.0
3314,7.0
3315,7.0
3316,7.0
3317,7.0
3318,7.0
3319,7.0
3320,7.0
3321,7.0
3322,7.0
3323,7.0
3324,7.0
3325,7.0
3326,7.0
3327,7.0
3328,7.0
3329,7.0
3330,7.0
3331,7.0
3332,7.0
3333,7.0
3334,7.0
3335,7.0
3336,7.0
3337,7.0
3338,7.0
3339,7.0
3340,7.0
3341,7.0
3342,7.0
3343,7.0
3344,7.0
3345,7.0
3346,7.0
3347,7.0
3348,7.0
3349,7.0
3350,7.0
3351,7.0
3352,7.0
3353,7.0
3354,7.0
3355,7.0
3356,7.0
3357,7.0
3358,7.0
3359,7.0
3360,7.0
3361,7.0
3362,7.0
3363,7.0
3364,7.0
3365,7.0
3366,7.0
3367,7.0
3368,7.0
3369,7.0
3370,7.0
3371,7.0
3372,7.0
3373,7.0
3374,7.0
3375,7.0
3376,7.0
3377,7.0
3378,7.0
3379,7.0
3380,7.0
3381,7.0
3382,7.0
3383,7.0
3384,7.0
3385,7.0
3386,7.0
3387,7.0
3388,7.0
3389,7.0
3390,7.0
3391,7.0
3392,7.0
3393,7.0
3394,7.0
3395,7.0
3396,7.0
3397,7.0
3398,7.0
3399,7.0
3400,7.0
3401,7.0
3402,7.0
3403,7.0
3404,7.0
3405,7.0
3406,7.0
3407,7.0
3408,7.0
3409,7.0
3410,7.0
3411,7.0
3412,7.0
3413,7.0
3414,7.0
3415,7.0
3416,7.0
3417,7.0
3418,7.0
3419,7.0
3420,7.0
3421,7.0
3422,7.0
3423,7.0
3424,7.0
3425,7.0
3426,7.0
3427,7.0
3428,7.0
3429,7.0
3430,7.0
3431,7.0
3432,7.0
3433,7.0
3434,7.0
3435,7.0
3436,7.0
3437,7.0
3438,7.0
3439,7.0
3440,7.0
3441,7.0
3442,7.0
3443,7.0
3444,7.0
3445,7.0
3446,7.0
3447,7.0
3448,7.0
3449,7.0
3450,7.0
3451,7.0
3452,7.0
3453,7.0
3454,7.0
3455,7.0
3456,7.0
3457,7.0
3458,7.0
3459,7.0
3460,7.0
3461,7.0
3462,7.0
3463,7.0
3464,7.0
3465,7.0
3466,7.0
3467,7.0
3468,7.0
3469,7.0
3470,7.0
3471,7.0
3472,7.0
3473,7.0
3474,7.0
3475,7.0
3476,7.0
3477,7.0
3478,7.0
3479,7.0
3480,7.0
3481,7.0
3482,7.0
3483,7.0
3484,7.0
3485,7.0
3486,7.0
3487,7.0
3488,7.0
3489,7.0
3490,7.0
3491,7.0
3492,7.0
3493,7.0
3494,7.0
3495,7.0
3496,7.0
3497,7.0
3498,7.0
3499,7.0
3500,7.0
3501,7.0
3502,7.0
3503,7.0
3504,7.0
3505,7.0
3506,7.0
3507,7.0
3508,7.0
3509,7.0
3510,7.0
3511,7.0
3512,7.0
3513,7.0
3514,7.0
3515,7.0
3516,7.0
3517,7.0
3518,7.0
3519,7.0
3520,7.0
3521,7.0
3522,7.0
3523,7.0
3524,7.0
3525,7.0
3526,7.0
3527,7.0
3528,7.0
3529,7.0
3530,7.0
3531,7.0
3532,7.0
3533,7.0
3534,7.0
3535,7.0
3536,7.0
3537,7.0
3538,7.0
3539,7.0
3540,7.0
3541,7.0
3542,7.0
3543,7.0
3544,7.0
3545,7.0
3546,7.0
3547,7.0
3548,7.0
3549,7.0
3550,7.0
3551,7.0
3552,7.0
3553,7.0
3554,7.0
3555,7.0
3556,7.0
3557,7.0
3558,7.0
3559,7.0
3560,7.0
3561,7.0
3562,7.0
3563,7.0
3564,7.0
3565,7.0
3566,7.0
3567,7.0
3568,7.0
3569,7.0
3570,7.0
3571,7.0
3572,7.0
3573,7.0
3574,7.0
3575,7.0
3576,7.0
3577,7.0
3578,7.0
3579,7.0
3580,7.0
3581,7.0
3582,7.0
3583,7.0
3584,7.0
3585,7.0
3586,7.0
3587,7.0
3588,7.0
3589,7.0
3590,7.0
3591,7.0
3592,7.0
3593,7.0
3594,7.0
3595,7.0
3596,7.0
3597,7.0
3598,7.0
3599,7.0
3600,7.0
3601,7.0
3602,7.0
3603,7.0
3604,7.0
3605,7.0
3606,7.0
3607,7.0
3608,7.0
3609,7.0
3610,7.0
3611,7.0
3612,7.0
3613,7.0
3614,7.0
3615,7.0
3616,7.0
3617,7.0
3618,7.0
3619,7.0
3620,7.0
3621,7.0
3622,7.0
3623,7.0
3624,7.0
3625,7.0
3626,7.0
3627,7.0
3628,7.0
3629,7.0
3630,7.0
3631,7.0
3632,7.0
3633,7.0
3634,7.0
3635,7.0
3636,7.0
3637,7.0
3638,7.0
3639,7.0
3640,7.0
3641,7.0
3642,7.0
3643,7.0
3644,7.0
3645,7.0
3646,7.0
3647,7.0
3648,7.0
3649,7.0
3650,7.0
3651,7.0
3652,7.0
3653,7.0
3654,7.0
3655,7.0
3656,7.0
3657,7.0
3658,7.0
3659,7.0
3660,7.0
3661,7.0
3662,7.0
3663,7.0
3664,7.0
3665,7.0
3666,7.0
3667,7.0
3668,7.0
3669,7.0
3670,7.0
3671,7.0
3672,7.0
3673,7.0
3674,7.0
3675,7.0
3676,7.0
3677,7.0
3678,7.0
3679,7.0
3680,7.0
3681,7.0
3682,7.0
3683,7.0
3684,7.0
3685,7.0
3686,7.0
3687,7.0
3688,7.0
3689,7.0
3690,7.0
3691,7.0
3692,7.0
3693,7.0
3694,7.0
3695,7.0
3696,7.0
3697,7.0
3698,7.0
3699,7.0
3700,7.0
3701,7.0
3702,7.0
3703,7.0
3704,7.0
3705,7.0
3706,7.0
3707,7.0
3708,7.0
3709,7.0
3710,7.0
3711,7.0
3712,7.0
3713,7.0
3714,7.0
3715,7.0
3716,7.0
3717,7.0
3718,7.0
3719,7.0
3720,7.0
3721,7.0
3722,7.0
3723,7.0
3724,7.0
3725,7.0
3726,7.0
3727,7.0
3728,7.0
3729,7.0
3730,7.0
3731,7.0
3732,7.0
3733,7.0
3734,7.0
3735,7.0
3736,7.0
3737,7.0
3738,7.0
3739,7.0
3740,7.0
3741,7.0
3742,7.0
3743,7.0
3744,7.0
3745,7.0
3746,7.0
3747,7.0
3748,7.0
3749,7.0
3750,7.0
3751,7.0
3752,7.0
3753,7.0
3754,7.0
3755,7.0
3756,7.0
3757,7.0
3758,7.0
3759,7.0
3760,7.0
3761,7.0
3762,7.0
3763,7.0
3764,7.0
3765,7.0
3766,7.0
3767,7.0
3768,7.0
3769,7.0
3770,7.0
3771,7.0
3772,7.0
3773,7.0
3774,7.0
3775,7.0
3776,7.0
3777,7.0
3778,7.0
3779,7.0
3780,7.0
3781,7.0
3782,7.0
3783,7.0
3784,7.0
3785,7.0
3786,7.0
3787,7.0
3788,7.0
3789,7.0
3790,7.0
3791,7.0
3792,7.0
3793,7.0
3794,7.0
3795,7.0
3796,7.0
3797,7.0
3798,7.0
3799,7.0
3800,7.0
3801,7.0
3802,7.0
3803,7.0
3804,7.0
3805,7.0
3806,7.0
3807,7.0
3808,7.0
3809,7.0
3810,7.0
3811,7.0
3812,7.0
3813,7.0
3814,7.0
3815,7.0
3816,7.0
3817,7.0
3818,7.0
3819,7.0
3820,7.0
3821,7.0
3822,7.0
3823,7.0
3824,7.0
3825,7.0
3826,7.0
3827,7.0
3828,7.0
3829,7.0
3830,7.0
3831,7.0
3832,7.0
3833,7.0
3834,7.0
3835,7.0
3836,7.0
3837,7.0
3838,7.0
3839,7.0
3840,7.0
3841,7.0
3842,7.0
3843,7.0
3844,7.0
3845,7.0
3846,7.0
3847,7.0
3848,7.0
3849,7.0
3850,7.0
3851,7.0
3852,7.0
3853,7.0
3854,7.0
3855,7.0
3856,7.0
3857,7.0
3858,7.0
3859,7.0
3860,7.0
3861,7.0
3862,7.0
3863,7.0
3864,7.0
3865,7.0
3866,7.0
3867,7.0
3868,7.0
3869,7.0
3870,7.0
3871,7.0
3872,7.0
3873,7.0
3874,7.0
3875,7.0
3876,7.0
3877,7.0
3878,7.0
3879,7.0
3880,7.0
3881,7.0
3882,7.0
3883,7.0
3884,7.0
3885,7.0
3886,7.0
3887,7.0
3888,7.0
3889,7.0
3890,7.0
3891,7.0
3892,7.0
3893,7.0
3894,7.0
3895,7.0
3896,7.0
3897,7.0
3898,7.0
3899,7.0
3900,7.0
3901,7.0
3902,7.0
3903,7.0
3904,7.0
3905,7.0
3906,7.0
3907,7.0
3908,7.0
3909,7.0
3910,7.0
3911,7.0
3912,7.0
3913,7.0
3914,7.0
3915,7.0
3916,7.0
3917,7.0
3918,7.0
3919,7.0
3920,7.0
3921,7.0
3922,7.0
3923,7.0
3924,7.0
3925,7.0
3926,7.0
3927,7.0
3928,7.0
3929,7.0
3930,7.0
3931,7.0
3932,7.0
3933,7.0
3934,7.0
3935,7.0
3936,7.0
3937,7.0
3938,7.0
3939,7.0
3940,7.0
3941,7.0
3942,7.0
3943,7.0
3944,7.0
3945,7.0
3946,7.0
3947,7.0
3948,7.0
3949,7.0
3950,7.0
3951,7.0
3952,7.0
3953,7.0
3954,7.0
3955,7.0
3956,7.0
3957,7.0
3958,7.0
3959,7.0
3960,7.0
3961,7.0
3962,7.0
3963,7.0
3964,7.0
3965,7.0
3966,7.0
3967,7.0
3968,7.0
3969,7.0
3970,7.0
3971,7.0
3972,7.0
3973,7.0
3974,7.0
3975,7.0
3976,7.0
3977,7.0
3978,7.0
3979,7.0
3980,7.0
3981,7.0
3982,7.0
3983,7.0
3984,7.0
3985,7.0
3986,7.0
3987,7.0
3988,7.0
3989,7.0
3990,7.0
3991,7.0
3992,7.0
3993,7.0
3994,7.0
3995,7.0
3996,7.0
3997,7.0
3998,7.0
3999,7.0
4000,7.0
4001,7.0
4002,7.0
4003,7.0
4004,7.0
4005,7.0
4006,7.0
4007,7.0
4008,7.0
4009,7.0
4010,7.0
4011,7.0
4012,7.0
4013,7.0
4014,7.0
4015,7.0
4016,7.0
4017,7.0
4018,7.0
4019,7.0
4020,7.0
4021,7.0
4022,7.0
4023,7.0
4024,7.0
4025,7.0
4026,7.0
4027,7.0
4028,7.0
4029,7.0
4030,7.0
4031,7.0
4032,7.0
4033,7.0
4034,7.0
4035,7.0
4036,7.0
4037,7.0
4038,7.0
4039,7.0
4040,7.0
4041,7.0
4042,7.0
4043,7.0
4044,7.0
4045,7.0
4046,7.0
4047,7.0
4048,7.0
4049,7.0
4050,7.0
4051,7.0
4052,7.0
4053,7.0
4054,7.0
4055,7.0
4056,7.0
4057,7.0
4058,7.0
4059,7.0
4060,7.0
4061,7.0
4062,7.0
4063,7.0
4064,7.0
4065,7.0
4066,7.0
4067,7.0
4068,7.0
4069,7.0
4070,7.0
4071,7.0
4072,7.0
4073,7.0
4074,7.0
4075,7.0
4076,7.0
4077,7.0
4078,7.0
4079,7.0
4080,7.0
4081,7.0
4082,7.0
4083,7.0
4084,7.0
4085,7.0
4086,7.0
4087,7.0
4088,7.0
4089,7.0
4090,7.0
4091,7.0
4092,7.0
4093,7.0
4094,7.0
4095,7.0
4096,7.0
4097,7.0
4098,7.0
4099,7.0
4100,7.0
4101,7.0
4102,7.0
4103,7.0
4104,7.0
4105,7.0
4106,7.0
4107,7.0
4108,7.0
4109,7.0
4110,7.0
4111,7.0
4112,7.0
4113,7.0
4114,7.0
4115,7.0
4116,7.0
4117,7.0
4118,7.0
4119,7.0
4120,7.0
4121,7.0
4122,7.0
4123,7.0
4124,7.0
4125,7.0
4126,7.0
4127,7.0
4128,7.0
4129,7.0
4130,7.0
4131,7.0
4132,7.0
4133,7.0
4134,7.0
4135,7.0
4136,7.0
4137,7.0
4138,7.0
4139,7.0
4140,7.0
4141,7.0
4142,7.0
4143,7.0
4144,7.0
4145,7.0
4146,7.0
4147,7.0
4148,7.0
4149,7.0
4150,7.0
4151,7.0
4152,7.0
4153,7.0
4154,7.0
4155,7.0
4156,7.0
4157,7.0
4158,7.0
4159,7.0
4160,7.0
4161,7.0
4162,7.0
4163,7.0
4164,7.0
4165,7.0
4166,7.0
4167,7.0
4168,7.0
4169,7.0
4170,7.0
4171,7.0
4172,7.0
4173,7.0
4174,7.0
4175,7.0
4176,7.0
4177,7.0
4178,7.0
4179,7.0
4180,7.0
4181,7.0
4182,7.0
4183,7.0
4184,7.0
4185,7.0
4186,7.0
4187,7.0
4188,7.0
4189,7.0
4190,7.0
4191,7.0
4192,7.0
4193,7.0
4194,7.0
4195,7.0
4196,7.0
4197,7.0
4198,7.0
4199,7.0
4200,7.0
4201,7.0
4202,7.0
4203,7.0
4204,7.0
4205,7.0
4206,7.0
4207,7.0
4208,7.0
4209,7.0
4210,7.0
4211,7.0
4212,7.0
4213,7.0
4214,7.0
4215,7.0
4216,7.0
4217,7.0
4218,7.0
4219,7.0
4220,7.0
4221,7.0
4222,7.0
4223,8.0
4224,8.0
4225,8.0
4226,8.0
4227,8.0
4228,8.0
4229,8.0
4230,8.0
4231,8.0
4232,9.0
4233,8.0
4234,8.0
4235,8.0
4236,8.0
4237,8.0
4238,8.0
4239,8.0
4240,8.0
4241,8.0
4242,8.0
4243,8.0
4244,8.0
4245,8.0
4246,8.0
4247,8.0
4248,8.0
4249,8.0
4250,8.0
4251,8.0
4252,8.0
4253,8.0
4254,8.0
4255,8.0
4256,8.0
4257,8.0
4258,8.0
4259,8.0
4260,8.0
4261,8.0
4262,8.0
4263,8.0
4264,8.0
4265,9.0
4266,9.0
4267,10.0
4268,9.0
4269,9.0
4270,9.0
4271,9.0
4272,9.0
4273,9.0
4274,9.0
4275,9.0
4276,9.0
4277,9.0
4278,9.0
4279,9.0
4280,9.0
4281,9.0
4282,9.0
4283,9.0
4284,9.0
4285,9.0
4286,9.0
4287,9.0
4288,9.0
4289,9.0
4290,9.0
4291,9.0
4292,9.0
4293,9.0
4294,9.0
4295,9.0
4296,9.0
4297,9.0
4298,9.0
4299,9.0
4300,9.0
4301,9.0
4302,9.0
4303,9.0
4304,9.0
4305,9.0
4306,9.0
4307,9.0
4308,9.0
4309,9.0
4310,9.0
4311,9.0
4312,9.0
4313,9.0
4314,9.0
4315,9.0
4316,9.0
4317,9.0
4318,9.0
4319,9.0
4320,9.0
4321,9.0
4322,9.0
4323,9.0
4324,9.0
4325,9.0
4326,9.0
4327,9.0
4328,9.0
4329,9.0
4330,9.0
4331,9.0
4332,9.0
4333,9.0
4334,9.0
4335,9.0
4336,9.0
4337,9.0
4338,9.0
4339,9.0
4340,9.0
4341,9.0
4342,9.0
4343,9.0
4344,9.0
4345,9.0
4346,9.0
4347,9.0
4348,9.0
4349,9.0
4350,9.0
4351,9.0
4352,9.0
4353,9.0
4354,9.0
4355,9.0
4356,9.0
4357,9.0
4358,9.0
4359,9.0
4360,9.0
4361,9.0
4362,9.0
4363,9.0
4364,9.0
4365,9.0
4366,9.0
4367,9.0
4368,9.0
4369,9.0
4370,9.0
4371,9.0
4372,8.0
4373,8.0
4374,8.0
4375,8.0
4376,8.0
4377,8.0
4378,8.0
4379,8.0
4380,8.0
4381,8.0
4382,8.0
4383,8.0
4384,8.0
4385,8.0
4386,8.0
4387,8.0
4388,8.0
4389,8.0
4390,8.0
4391,8.0
4392,8.0
4393,8.0
4394,8.0
4395,8.0
4396,8.0
4397,8.0
4398,8.0
4399,8.0
4400,8.0
4401,8.0
4402,8.0
4403,8.0
4404,8.0
4405,8.0
4406,8.0
4407,8.0
4408,8.0
4409,8.0
4410,8.0
4411,8.0
4412,8.0
4413,8.0
4414,8.0
4415,8.0
4416,8.0
4417,8.0
4418,8.0
4419,8.0
4420,8.0
4421,8.0
4422,8.0
4423,8.0
4424,8.0
4425,8.0
4426,8.0
4427,8.0
4428,8.0
4429,8.0
4430,8.0
4431,8.0
4432,8.0
4433,8.0
4434,8.0
4435,8.0
4436,8.0
4437,8.0
4438,8.0
4439,8.0
4440,8.0
4441,8.0
4442,8.0
4443,8.0
4444,8.0
4445,8.0
4446,8.0
4447,8.0
4448,8.0
4449,8.0
4450,8.0
4451,8.0
4452,8.0
4453,8.0
4454,8.0
4455,8.0
4456,8.0
4457,8.0
4458,8.0
4459,8.0
4460,8.0
4461,8.0
4462,8.0
4463,8.0
4464,8.0
4465,8.0
4466,8.0
4467,8.0
4468,8.0
4469,8.0
4470,8.0
4471,8.0
4472,8.0
4473,8.0
4474,8.0
4475,8.0
4476,8.0
4477,8.0
4478,8.0
4479,8.0
4480,8.0
4481,8.0
4482,8.0
4483,8.0
4484,8.0
4485,8.0
4486,8.0
4487,8.0
4488,8.0
4489,8.0
4490,8.0
4491,8.0
4492,8.0
4493,8.0
4494,8.0
4495,8.0
4496,8.0
4497,8.0
4498,8.0
4499,8.0
4500,8.0
4501,8.0
4502,8.0
4503,8.0
4504,8.0
4505,8.0
4506,8.0
4507,8.0
4508,8.0
4509,8.0
4510,8.0
4511,8.0
4512,8.0
4513,8.0
4514,8.0
4515,8.0
4516,8.0
4517,8.0
4518,8.0
4519,8.0
4520,8.0
4521,8.0
4522,8.0
4523,8.0
4524,8.0
4525,8.0
4526,8.0
4527,8.0
4528,8.0
4529,8.0
4530,8.0
4531,8.0
4532,8.0
4533,8.0
4534,8.0
4535,8.0
4536,8.0
4537,8.0
4538,8.0
4539,8.0
4540,8.0
4541,8.0
4542,8.0
4543,8.0
4544,8.0
4545,8.0
4546,8.0
4547,8.0
4548,8.0
4549,8.0
4550,8.0
4551,8.0
4552,8.0
4553,8.0
4554,8.0
4555,8.0
4556,8.0
4557,8.0
4558,8.0
4559,8.0
4560,8.0
4561,8.0
4562,8.0
4563,8.0
4564,8.0
4565,8.0
4566,8.0
4567,8.0
4568,8.0
4569,8.0
4570,8.0
4571,8.0
4572,8.0
4573,8.0
4574,8.0
4575,8.0
4576,8.0
4577,8.0
4578,8.0
4579,8.0
4580,8.0
4581,8.0
4582,8.0
4583,8.0
4584,8.0
4585,8.0
4586,8.0
4587,8.0
4588,8.0
4589,8.0
4590,8.0
4591,8.0
4592,8.0
4593,8.0
4594,8.0
4595,8.0
4596,8.0
4597,8.0
4598,8.0
4599,8.0
4600,8.0
4601,8.0
4602,8.0
4603,8.0
4604,8.0
4605,8.0
4606,8.0
4607,8.0
4608,8.0
4609,8.0
4610,8.0
4611,8.0
4612,8.0
4613,8.0
4614,8.0
4615,8.0
4616,8.0
4617,8.0
4618,8.0
4619,8.0
4620,8.0
4621,8.0
4622,8.0
4623,8.0
4624,8.0
4625,8.0
4626,8.0
4627,8.0
4628,8.0
4629,8.0
4630,8.0
4631,8.0
4632,8.0
4633,8.0
4634,8.0
4635,8.0
4636,8.0
4637,8.0
4638,8.0
4639,8.0
4640,8.0
4641,8.0
4642,8.0
4643,8.0
4644,8.0
4645,8.0
4646,8.0
4647,8.0
4648,8.0
4649,8.0
4650,8.0
4651,8.0
4652,8.0
4653,8.0
4654,8.0
4655,8.0
4656,8.0
4657,8.0
4658,8.0
4659,8.0
4660,8.0
4661,8.0
4662,8.0
4663,8.0
4664,8.0
4665,8.0
4666,8.0
4667,8.0
4668,8.0
4669,8.0
4670,8.0
4671,8.0
4672,8.0
4673,8.0
4674,8.0
4675,8.0
4676,8.0
4677,8.0
4678,8.0
4679,8.0
4680,8.0
4681,8.0
4682,8.0
4683,8.0
4684,8.0
4685,8.0
4686,8.0
4687,8.0
4688,8.0
4689,8.0
4690,8.0
4691,8.0
4692,8.0
4693,8.0
4694,8.0
4695,8.0
4696,8.0
4697,8.0
4698,8.0
4699,8.0
4700,8.0
4701,8.0
4702,8.0
4703,8.0
4704,8.0
4705,8.0
4706,8.0
4707,8.0
4708,8.0
4709,8.0
4710,8.0
4711,8.0
4712,8.0
4713,8.0
4714,8.0
4715,8.0
4716,8.0
4717,8.0
4718,8.0
4719,8.0
4720,8.0
4721,8.0
4722,8.0
4723,8.0
4724,8.0
4725,8.0
4726,8.0
4727,8.0
4728,8.0
4729,8.0
4730,8.0
4731,8.0
4732,8.0
4733,8.0
4734,8.0
4735,8.0
4736,8.0
4737,8.0
4738,8.0
4739,8.0
4740,8.0
4741,8.0
4742,8.0
4743,8.0
4744,8.0
4745,8.0
4746,8.0
4747,8.0
4748,8.0
4749,8.0
4750,8.0
4751,8.0
4752,8.0
4753,8.0
4754,8.0
4755,8.0
4756,8.0
4757,8.0
4758,8.0
4759,8.0
4760,8.0
4761,8.0
4762,8.0
4763,8.0
4764,8.0
4765,8.0
4766,8.0
4767,8.0
4768,8.0
4769,8.0
4770,8.0
4771,8.0
4772,8.0
4773,8.0
4774,8.0
4775,8.0
4776,8.0
4777,8.0
4778,8.0
4779,8.0
4780,8.0
4781,8.0
4782,8.0
4783,8.0
4784,8.0
4785,8.0
4786,8.0
4787,8.0
4788,8.0
4789,8.0
4790,8.0
4791,8.0
4792,8.0
4793,8.0
4794,8.0
4795,8.0
4796,8.0
4797,8.0
4798,8.0
4799,8.0
4800,8.0
4801,8.0
4802,8.0
4803,8.0
4804,8.0
4805,8.0
4806,8.0
4807,8.0
4808,8.0
4809,8.0
4810,8.0
4811,8.0
4812,8.0
4813,8.0
4814,8.0
4815,8.0
4816,8.0
4817,8.0
4818,8.0
4819,8.0
4820,8.0
4821,8.0
4822,8.0
4823,8.0
4824,8.0
4825,8.0
4826,8.0
4827,8.0
4828,8.0
4829,8.0
4830,8.0
4831,8.0
4832,8.0
4833,8.0
4834,8.0
4835,8.0
4836,8.0
4837,8.0
4838,8.0
4839,8.0
4840,8.0
4841,8.0
4842,8.0
4843,8.0
4844,8.0
4845,8.0
4846,8.0
4847,8.0
4848,8.0
4849,8.0
4850,8.0
4851,8.0
4852,8.0
4853,8.0
4854,8.0
4855,8.0
4856,8.0
4857,8.0
4858,8.0
4859,8.0
4860,8.0
4861,8.0
4862,8.0
4863,8.0
4864,8.0
4865,8.0
4866,8.0
4867,8.0
4868,8.0
4869,8.0
4870,8.0
4871,8.0
4872,8.0
4873,8.0
4874,8.0
4875,8.0
4876,8.0
4877,8.0
4878,8.0
4879,8.0
4880,8.0
4881,8.0
4882,8.0
4883,8.0
4884,8.0
4885,8.0
4886,8.0
4887,8.0
4888,8.0
4889,8.0
4890,8.0
4891,8.0
4892,8.0
4893,8.0
4894,8.0
4895,8.0
4896,8.0
4897,8.0
4898,8.0
4899,8.0
4900,8.0
4901,8.0
4902,8.0
4903,8.0
4904,8.0
4905,8.0
4906,8.0
4907,8.0
4908,8.0
4909,8.0
4910,8.0
4911,8.0
4912,8.0
4913,8.0
4914,8.0
4915,8.0
4916,8.0
4917,8.0
4918,8.0
4919,8.0
4920,8.0
4921,8.0
4922,8.0
4923,8.0
4924,8.0
4925,8.0
4926,8.0
4927,8.0
4928,8.0
4929,8.0
4930,8.0
4931,8.0
4932,8.0
4933,8.0
4934,8.0
4935,8.0
4936,8.0
4937,8.0
4938,8.0
4939,8.0
4940,8.0
4941,8.0
4942,8.0
4943,8.0
4944,8.0
4945,8.0
4946,8.0
4947,8.0
4948,8.0
4949,8.0
4950,8.0
4951,8.0
4952,8.0
4953,8.0
4954,8.0
4955,8.0
4956,8.0
4957,8.0
4958,8.0
4959,8.0
4960,8.0
4961,8.0
4962,8.0
4963,8.0
4964,8.0
4965,8.0
4966,8.0
4967,8.0
4968,8.0
4969,8.0
4970,8.0
4971,8.0
4972,8.0
4973,8.0
4974,8.0
4975,8.0
4976,8.0
4977,8.0
4978,8.0
4979,8.0
4980,8.0
4981,8.0
4982,8.0
4983,8.0
4984,8.0
4985,8.0
4986,8.0
4987,8.0
4988,8.0
4989,8.0
4990,8.0
4991,8.0
4992,8.0
4993,8.0
4994,8.0
4995,8.0
4996,8.0
4997,8.0
4998,8.0
4999,8.0
5000,8.0
5001,8.0
5002,8.0
5003,8.0
5004,8.0
5005,8.0
5006,8.0
5007,8.0
5008,8.0
5009,8.0
5010,8.0
5011,8.0
5012,8.0
5013,8.0
5014,8.0
5015,8.0
5016,8.0
5017,8.0
5018,8.0
5019,8.0
5020,8.0
5021,8.0
5022,8.0
5023,8.0
5024,8.0
5025,8.0
5026,8.0
5027,8.0
5028,8.0
5029,8.0
5030,8.0
5031,8.0
5032,8.0
5033,8.0
5034,8.0
5035,8.0
5036,8.0
5037,8.0
5038,8.0
5039,8.0
5040,8.0
5041,8.0
5042,8.0
5043,8.0
5044,8.0
5045,8.0
5046,8.0
5047,8.0
5048,8.0
5049,8.0
5050,8.0
5051,8.0
5052,8.0
5053,8.0
5054,8.0
5055,8.0
5056,8.0
5057,8.0
5058,8.0
5059,8.0
5060,8.0
5061,8.0
5062,8.0
5063,8.0
5064,8.0
5065,8.0
5066,8.0
5067,8.0
5068,8.0
5069,8.0
5070,8.0
5071,8.0
5072,8.0
5073,8.0
5074,8.0
5075,8.0
5076,8.0
5077,8.0
5078,8.0
5079,8.0
5080,8.0
5081,8.0
5082,8.0
5083,8.0
5084,8.0
5085,8.0
5086,8.0
5087,8.0
5088,8.0
5089,8.0
5090,8.0
5091,8.0
5092,8.0
5093,8.0
5094,8.0
5095,8.0
5096,8.0
5097,8.0
5098,8.0
5099,8.0
5100,8.0
5101,8.0
5102,8.0
5103,8.0
5104,8.0
5105,8.0
5106,8.0
5107,8.0
5108,8.0
5109,8.0
5110,8.0
5111,8.0
5112,8.0
5113,8.0
5114,8.0
5115,8.0
5116,8.0
5117,8.0
5118,8.0
5119,8.0
5120,8.0
5121,8.0
5122,8.0
5123,8.0
5124,8.0
5125,8.0
5126,8.0
5127,8.0
5128,8.0
5129,8.0
5130,8.0
5131,8.0
5132,8.0
5133,8.0
5134,8.0
5135,8.0
5136,8.0
5137,8.0
5138,8.0
5139,8.0
5140,8.0
5141,8.0
5142,8.0
5143,8.0
5144,8.0
5145,8.0
5146,8.0
5147,8.0
5148,8.0
5149,8.0
5150,8.0
5151,8.0
5152,8.0
5153,8.0
5154,8.0
5155,8.0
5156,8.0
5157,8.0
5158,8.0
5159,8.0
5160,8.0
5161,8.0
5162,8.0
5163,8.0
5164,8.0
5165,8.0
5166,8.0
5167,8.0
5168,8.0
5169,8.0
5170,8.0
5171,8.0
5172,8.0
5173,8.0
5174,8.0
5175,8.0
5176,8.0
5177,8.0
5178,8.0
5179,8.0
5180,8.0
5181,8.0
5182,8.0
5183,8.0
5184,8.0
5185,8.0
5186,8.0
5187,8.0
5188,8.0
5189,8.0
5190,8.0
5191,8.0
5192,8.0
5193,8.0
5194,8.0
5195,8.0
5196,8.0
5197,8.0
5198,8.0
5199,8.0
5200,8.0
5201,8.0
5202,8.0
5203,8.0
5204,8.0
5205,8.0
5206,8.0
5207,8.0
5208,8.0
5209,8.0
5210,8.0
5211,8.0
5212,8.0
5213,8.0
5214,8.0
5215,8.0
5216,8.0
5217,8.0
5218,8.0
5219,8.0
5220,8.0
5221,8.0
5222,8.0
5223,8.0
5224,8.0
5225,8.0
5226,8.0
5227,8.0
5228,8.0
5229,8.0
5230,8.0
5231,8.0
5232,8.0
5233,8.0
5234,8.0
5235,8.0
5236,8.0
5237,8.0
5238,8.0
5239,8.0
5240,8.0
5241,8.0
5242,8.0
5243,8.0
5244,8.0
5245,8.0
5246,8.0
5247,8.0
5248,8.0
5249,8.0
5250,8.0
5251,8.0
5252,8.0
5253,8.0
5254,8.0
5255,8.0
5256,8.0
5257,8.0
5258,8.0
5259,8.0
5260,8.0
5261,8.0
5262,8.0
5263,8.0
5264,8.0
5265,8.0
5266,8.0
5267,8.0
5268,8.0
5269,8.0
5270,8.0
5271,8.0
5272,8.0
5273,8.0
5274,8.0
5275,8.0
5276,8.0
5277,8.0
5278,8.0
5279,8.0
5280,8.0
5281,8.0
5282,8.0
5283,8.0
5284,8.0
5285,8.0
5286,8.0
5287,8.0
5288,8.0
5289,8.0
5290,8.0
5291,8.0
5292,8.0
5293,8.0
5294,8.0
5295,8.0
5296,8.0
5297,8.0
5298,8.0
5299,8.0
5300,8.0
5301,8.0
5302,8.0
5303,8.0
5304,8.0
5305,8.0
5306,8.0
5307,8.0
5308,8.0
5309,8.0
5310,8.0
5311,8.0
5312,8.0
5313,8.0
5314,8.0
5315,8.0
5316,8.0
5317,8.0
5318,8.0
5319,8.0
5320,8.0
5321,8.0
5322,8.0
5323,8.0
5324,8.0
5325,8.0
5326,8.0
5327,8.0
5328,8.0
5329,8.0
5330,8.0
5331,8.0
5332,8.0
5333,8.0
5334,8.0
5335,8.0
5336,8.0
5337,8.0
5338,8.0
5339,8.0
5340,8.0
5341,8.0
5342,8.0
5343,8.0
5344,8.0
5345,8.0
5346,8.0
5347,8.0
5348,8.0
5349,8.0
5350,8.0
5351,8.0
5352,8.0
5353,8.0
5354,8.0
5355,8.0
5356,8.0
5357,8.0
5358,8.0
5359,8.0
5360,8.0
5361,8.0
5362,8.0
5363,8.0
5364,8.0
5365,8.0
5366,8.0
5367,8.0
5368,8.0
5369,8.0
5370,8.0
5371,8.0
5372,8.0
5373,8.0
5374,8.0
5375,8.0
5376,8.0
5377,8.0
5378,8.0
5379,8.0
5380,8.0
5381,8.0
5382,8.0
5383,8.0
5384,8.0
5385,8.0
5386,8.0
5387,8.0
5388,8.0
5389,8.0
5390,8.0
5391,8.0
5392,8.0
5393,8.0
5394,8.0
5395,8.0
5396,8.0
5397,8.0
5398,8.0
5399,8.0
5400,8.0
5401,8.0
5402,8.0
5403,8.0
5404,8.0
5405,8.0
5406,8.0
5407,8.0
5408,8.0
5409,8.0
5410,8.0
5411,8.0
5412,8.0
5413,8.0
5414,8.0
5415,8.0
5416,8.0
5417,8.0
5418,8.0
5419,8.0
5420,8.0
5421,8.0
5422,8.0
5423,8.0
5424,8.0
5425,8.0
5426,8.0
5427,8.0
5428,8.0
5429,8.0
5430,8.0
5431,8.0
5432,8.0
5433,8.0
5434,8.0
5435,8.0
5436,8.0
5437,8.0
5438,8.0
5439,8.0
5440,8.0
5441,8.0
5442,8.0
5443,8.0
5444,8.0
5445,8.0
5446,8.0
5447,8.0
5448,8.0
5449,8.0
5450,8.0
5451,8.0
5452,8.0
5453,8.0
5454,8.0
5455,8.0
5456,8.0
5457,8.0
5458,8.0
5459,8.0
5460,8.0
5461,8.0
5462,8.0
5463,8.0
5464,8.0
5465,8.0
5466,8.0
5467,8.0
5468,8.0
5469,8.0
5470,8.0
5471,8.0
5472,8.0
5473,8.0
5474,8.0
5475,8.0
5476,8.0
5477,8.0
5478,8.0
5479,8.0
5480,8.0
5481,8.0
5482,8.0
5483,8.0
5484,8.0
5485,8.0
5486,8.0
5487,8.0
5488,8.0
5489,8.0
5490,8.0
5491,8.0
5492,8.0
5493,8.0
5494,8.0
5495,8.0
5496,8.0
5497,8.0
5498,8.0
5499,8.0
5500,8.0
5501,8.0
5502,8.0
5503,8.0
5504,8.0
5505,8.0
5506,8.0
5507,8.0
5508,8.0
5509,8.0
5510,8.0
5511,8.0
5512,8.0
5513,8.0
5514,8.0
5515,8.0
5516,8.0
5517,8.0
5518,8.0
5519,8.0
5520,8.0
5521,8.0
5522,8.0
5523,8.0
5524,8.0
5525,8.0
5526,8.0
5527,8.0
5528,8.0
5529,8.0
5530,8.0
5531,8.0
5532,8.0
5533,8.0
5534,8.0
5535,8.0
5536,8.0
5537,8.0
5538,8.0
5539,8.0
5540,8.0
5541,8.0
5542,8.0
5543,8.0
5544,8.0
5545,8.0
5546,8.0
5547,8.0
5548,8.0
5549,8.0
5550,8.0
5551,8.0
5552,8.0
5553,8.0
5554,8.0
5555,8.0
5556,8.0
5557,8.0
5558,8.0
5559,8.0
5560,8.0
5561,8.0
5562,8.0
5563,8.0
5564,8.0
5565,8.0
5566,8.0
5567,8.0
5568,8.0
5569,8.0
5570,8.0
5571,8.0
5572,8.0
5573,8.0
5574,8.0
5575,8.0
5576,8.0
5577,8.0
5578,8.0
5579,8.0
5580,8.0
5581,8.0
5582,8.0
5583,8.0
5584,8.0
5585,8.0
5586,8.0
5587,8.0
5588,8.0
5589,8.0
5590,8.0
5591,8.0
5592,8.0
5593,8.0
5594,8.0
5595,8.0
5596,8.0
5597,8.0
5598,8.0
5599,8.0
5600,8.0
5601,8.0
5602,8.0
5603,8.0
5604,8.0
5605,8.0
5606,8.0
5607,8.0
5608,8.0
5609,8.0
5610,8.0
5611,8.0
5612,8.0
5613,8.0
5614,8.0
5615,8.0
5616,8.0
5617,8.0
5618,8.0
5619,8.0
5620,8.0
5621,8.0
5622,8.0
5623,8.0
5624,8.0
5625,8.0
5626,8.0
5627,8.0
5628,8.0
5629,8.0
5630,8.0
5631,8.0
5632,8.0
5633,8.0
5634,8.0
5635,8.0
5636,8.0
5637,8.0
5638,8.0
5639,8.0
5640,8.0
5641,8.0
5642,8.0
5643,8.0
5644,8.0
5645,8.0
5646,8.0
5647,8.0
5648,8.0
5649,8.0
5650,8.0
5651,8.0
5652,8.0
5653,8.0
5654,8.0
5655,8.0
5656,8.0
5657,8.0
5658,8.0
5659,8.0
5660,8.0
5661,8.0
5662,8.0
5663,8.0
5664,8.0
5665,8.0
5666,8.0
5667,8.0
5668,8.0
5669,8.0
5670,8.0
5671,8.0
5672,8.0
5673,8.0
5674,8.0
5675,8.0
5676,8.0
5677,8.0
5678,8.0
5679,8.0
5680,8.0
5681,8.0
5682,8.0
5683,8.0
5684,8.0
5685,8.0
5686,8.0
5687,8.0
5688,8.0
5689,8.0
5690,8.0
5691,8.0
5692,8.0
5693,8.0
5694,8.0
5695,8.0
5696,8.0
5697,8.0
5698,8.0
5699,8.0
5700,8.0
5701,8.0
5702,8.0
5703,8.0
5704,8.0
5705,8.0
5706,8.0
5707,8.0
5708,8.0
5709,8.0
5710,8.0
5711,8.0
5712,8.0
5713,8.0
5714,8.0
5715,8.0
5716,8.0
5717,8.0
5718,8.0
5719,8.0
5720,8.0
5721,8.0
5722,8.0
5723,8.0
5724,8.0
5725,8.0
5726,8.0
5727,8.0
5728,8.0
5729,8.0
5730,8.0
5731,8.0
5732,8.0
5733,8.0
5734,8.0
5735,8.0
5736,8.0
5737,8.0
5738,8.0
5739,8.0
5740,8.0
5741,8.0
5742,8.0
5743,8.0
5744,8.0
5745,8.0
5746,8.0
5747,8.0
5748,8.0
5749,8.0
5750,8.0
5751,8.0
5752,8.0
5753,8.0
5754,8.0
5755,8.0
5756,8.0
5757,8.0
5758,8.0
5759,8.0
5760,8.0
5761,8.0
5762,8.0
5763,8.0
5764,8.0
5765,8.0
5766,8.0
5767,8.0
5768,8.0
5769,8.0
5770,8.0
5771,8.0
5772,8.0
5773,8.0
5774,8.0
5775,8.0
5776,8.0
5777,8.0
5778,8.0
5779,8.0
5780,8.0
5781,8.0
5782,8.0
5783,8.0
5784,8.0
5785,8.0
5786,8.0
5787,8.0
5788,8.0
5789,8.0
5790,8.0
5791,8.0
5792,8.0
5793,8.0
5794,8.0
5795,8.0
5796,8.0
5797,8.0
5798,8.0
5799,8.0
5800,8.0
5801,8.0
5802,8.0
5803,8.0
5804,8.0
5805,8.0
5806,8.0
5807,8.0
5808,8.0
5809,8.0
5810,8.0
5811,8.0
5812,8.0
5813,8.0
5814,8.0
5815,8.0
5816,8.0
5817,8.0
5818,8.0
5819,8.0
5820,8.0
5821,8.0
5822,8.0
5823,8.0
5824,8.0
5825,8.0
5826,8.0
5827,8.0
5828,8.0
5829,8.0
5830,8.0
5831,8.0
5832,8.0
5833,8.0
5834,8.0
5835,8.0
5836,8.0
5837,8.0
5838,8.0
5839,8.0
5840,8.0
5841,8.0
5842,8.0
5843,8.0
5844,8.0
5845,8.0
5846,8.0
5847,8.0
5848,8.0
5849,8.0
5850,8.0
5851,8.0
5852,8.0
5853,8.0
5854,8.0
5855,8.0
5856,8.0
5857,8.0
5858,8.0
5859,8.0
5860,8.0
5861,8.0
5862,8.0
5863,8.0
5864,8.0
5865,8.0
5866,8.0
5867,8.0
5868,8.0
5869,8.0
5870,8.0
5871,8.0
5872,8.0
5873,8.0
5874,8.0
5875,8.0
5876,8.0
5877,8.0
5878,8.0
5879,8.0
5880,8.0
5881,8.0
5882,8.0
5883,8.0
5884,8.0
5885,8.0
5886,8.0
5887,8.0
5888,8.0
5889,8.0
5890,8.0
5891,8.0
5892,8.0
5893,8.0
5894,8.0
5895,8.0
5896,8.0
5897,8.0
5898,8.0
5899,8.0
5900,8.0
5901,8.0
5902,8.0
5903,8.0
5904,8.0
5905,8.0
5906,8.0
5907,8.0
5908,8.0
5909,8.0
5910,8.0
5911,8.0
5912,8.0
5913,8.0
5914,8.0
5915,8.0
5916,8.0
5917,8.0
5918,8.0
5919,8.0
5920,8.0
5921,8.0
5922,8.0
5923,8.0
5924,8.0
5925,8.0
5926,8.0
5927,8.0
5928,8.0
5929,8.0
5930,8.0
5931,8.0
5932,8.0
5933,8.0
5934,8.0
5935,8.0
5936,8.0
5937,8.0
5938,8.0
5939,8.0
5940,8.0
5941,8.0
5942,8.0
5943,8.0
5944,8.0
5945,8.0
5946,8.0
5947,8.0
5948,8.0
5949,8.0
5950,8.0
5951,8.0
5952,8.0
5953,8.0
5954,8.0
5955,8.0
5956,8.0
5957,8.0
5958,8.0
5959,8.0
5960,8.0
5961,8.0
5962,8.0
5963,8.0
5964,8.0
5965,8.0
5966,8.0
5967,8.0
5968,8.0
5969,8.0
5970,8.0
5971,8.0
5972,8.0
5973,8.0
5974,8.0
5975,8.0
5976,8.0
5977,8.0
5978,8.0
5979,8.0
5980,8.0
5981,8.0
5982,8.0
5983,8.0
5984,8.0
5985,8.0
5986,8.0
5987,8.0
5988,8.0
5989,8.0
5990,8.0
5991,8.0
5992,8.0
5993,8.0
5994,8.0
5995,8.0
5996,8.0
5997,8.0
5998,8.0
5999,8.0
6000,8.0
6001,8.0
6002,8.0
6003,8.0
6004,8.0
6005,8.0
6006,8.0
6007,8.0
6008,8.0
6009,8.0
6010,8.0
6011,8.0
6012,8.0
6013,8.0
6014,8.0
6015,8.0
6016,8.0
6017,8.0
6018,8.0
6019,8.0
6020,8.0
6021,8.0
6022,8.0
6023,8.0
6024,8.0
6025,8.0
6026,8.0
6027,8.0
6028,8.0
6029,8.0
6030,8.0
6031,8.0
6032,8.0
6033,8.0
6034,8.0
6035,8.0
6036,8.0
6037,8.0
6038,8.0
6039,8.0
6040,8.0
6041,8.0
6042,8.0
6043,8.0
6044,8.0
6045,8.0
6046,8.0
6047,8.0
6048,8.0
6049,8.0
6050,8.0
6051,8.0
6052,8.0
6053,8.0
6054,8.0
6055,8.0
6056,8.0
6057,8.0
6058,8.0
6059,8.0
6060,8.0
6061,8.0
6062,8.0
6063,8.0
6064,8.0
6065,8.0
6066,8.0
6067,8.0
6068,8.0
6069,8.0
6070,8.0
6071,8.0
6072,8.0
6073,8.0
6074,8.0
6075,8.0
6076,8.0
6077,8.0
6078,8.0
6079,8.0
6080,8.0
6081,8.0
6082,8.0
6083,8.0
6084,8.0
6085,8.0
6086,8.0
6087,8.0
6088,8.0
6089,8.0
6090,8.0
6091,8.0
6092,8.0
6093,8.0
6094,8.0
6095,8.0
6096,8.0
6097,8.0
6098,8.0
6099,8.0
6100,8.0
6101,8.0
6102,8.0
6103,8.0
6104,8.0
6105,8.0
6106,8.0
6107,8.0
6108,8.0
6109,8.0
6110,8.0
6111,8.0
6112,8.0
6113,8.0
6114,8.0
6115,8.0
6116,8.0
6117,8.0
6118,8.0
6119,8.0
6120,8.0
6121,8.0
6122,8.0
6123,8.0
6124,8.0
6125,8.0
6126,8.0
6127,8.0
6128,8.0
6129,8.0
6130,8.0
6131,8.0
6132,8.0
6133,8.0
6134,8.0
6135,8.0
6136,8.0
6137,8.0
6138,8.0
6139,8.0
6140,8.0
6141,8.0
6142,8.0
6143,8.0
6144,8.0
6145,8.0
6146,8.0
6147,8.0
6148,8.0
6149,8.0
6150,8.0
6151,8.0
6152,8.0
6153,8.0
6154,8.0
6155,8.0
6156,8.0
6157,8.0
6158,8.0
6159,8.0
6160,8.0
6161,8.0
6162,8.0
6163,8.0
6164,8.0
6165,8.0
6166,8.0
6167,8.0
6168,8.0
6169,8.0
6170,8.0
6171,8.0
6172,8.0
6173,8.0
6174,8.0
6175,8.0
6176,8.0
6177,8.0
6178,8.0
6179,8.0
6180,8.0
6181,8.0
6182,8.0
6183,8.0
6184,8.0
6185,8.0
6186,8.0
6187,8.0
6188,8.0
6189,8.0
6190,8.0
6191,8.0
6192,8.0
6193,8.0
6194,8.0
6195,8.0
6196,8.0
6197,8.0
6198,8.0
6199,8.0
6200,8.0
6201,8.0
6202,8.0
6203,8.0
6204,8.0
6205,8.0
6206,8.0
6207,8.0
6208,8.0
6209,8.0
6210,8.0
6211,8.0
6212,8.0
6213,8.0
6214,8.0
6215,8.0
6216,8.0
6217,8.0
6218,8.0
6219,8.0
6220,8.0
6221,8.0
6222,8.0
6223,8.0
6224,8.0
6225,8.0
6226,8.0
6227,8.0
6228,8.0
6229,8.0
6230,8.0
6231,8.0
6232,8.0
6233,8.0
6234,8.0
6235,8.0
6236,8.0
6237,8.0
6238,8.0
6239,8.0
6240,8.0
6241,8.0
6242,8.0
6243,8.0
6244,8.0
6245,8.0
6246,8.0
6247,8.0
6248,8.0
6249,8.0
6250,8.0
6251,8.0
6252,8.0
6253,8.0
6254,8.0
6255,8.0
6256,8.0
6257,8.0
6258,8.0
6259,8.0
6260,8.0
6261,8.0
6262,8.0
6263,8.0
6264,8.0
6265,8.0
6266,8.0
6267,8.0
6268,8.0
6269,8.0
6270,8.0
6271,8.0
6272,8.0
6273,8.0
6274,8.0
6275,8.0
6276,8.0
6277,8.0
6278,8.0
6279,8.0
6280,8.0
6281,8.0
6282,8.0
6283,8.0
6284,8.0
6285,8.0
6286,8.0
6287,8.0
6288,8.0
6289,8.0
6290,8.0
6291,8.0
6292,8.0
6293,8.0
6294,8.0
6295,8.0
6296,8.0
6297,8.0
6298,8.0
6299,8.0
6300,8.0
6301,8.0
6302,8.0
6303,8.0
6304,8.0
6305,8.0
6306,8.0
6307,8.0
6308,8.0
6309,8.0
6310,8.0
6311,8.0
6312,8.0
6313,8.0
6314,8.0
6315,8.0
6316,8.0
6317,8.0
6318,8.0
6319,8.0
6320,8.0
6321,8.0
6322,8.0
6323,8.0
6324,8.0
6325,8.0
6326,8.0
6327,8.0
6328,8.0
6329,8.0
6330,8.0
6331,8.0
6332,8.0
6333,8.0
6334,8.0
6335,8.0
6336,8.0
6337,8.0
6338,8.0
6339,8.0
6340,8.0
6341,8.0
6342,8.0
6343,8.0
6344,8.0
6345,8.0
6346,8.0
6347,8.0
6348,8.0
6349,8.0
6350,8.0
6351,8.0
6352,8.0
6353,8.0
6354,8.0
6355,8.0
6356,8.0
6357,8.0
6358,8.0
6359,8.0
6360,8.0
6361,8.0
6362,8.0
6363,8.0
6364,8.0
6365,8.0
6366,8.0
6367,8.0
6368,8.0
6369,8.0
6370,8.0
6371,8.0
6372,8.0
6373,8.0
6374,8.0
6375,8.0
6376,8.0
6377,8.0
6378,8.0
6379,8.0
6380,8.0
6381,8.0
6382,8.0
6383,8.0
6384,8.0
6385,8.0
6386,8.0
6387,8.0
6388,8.0
6389,8.0
6390,8.0
6391,8.0
6392,8.0
6393,8.0
6394,8.0
6395,8.0
6396,8.0
6397,8.0
6398,8.0
6399,8.0
6400,8.0
6401,8.0
6402,8.0
6403,8.0
6404,8.0
6405,8.0
6406,8.0
6407,8.0
6408,8.0
6409,8.0
6410,8.0
6411,8.0
6412,8.0
6413,8.0
6414,8.0
6415,8.0
6416,8.0
6417,8.0
6418,8.0
6419,8.0
6420,8.0
6421,8.0
6422,8.0
6423,8.0
6424,8.0
6425,8.0
6426,8.0
6427,8.0
6428,8.0
6429,8.0
6430,8.0
6431,8.0
6432,8.0
6433,8.0
6434,8.0
6435,8.0
6436,8.0
6437,8.0
6438,8.0
6439,8.0
6440,8.0
6441,8.0
6442,8.0
6443,8.0
6444,8.0
6445,8.0
6446,8.0
6447,8.0
6448,8.0
6449,8.0
6450,8.0
6451,8.0
6452,8.0
6453,8.0
6454,8.0
6455,8.0
6456,8.0
6457,8.0
6458,8.0
6459,8.0
6460,8.0
6461,8.0
6462,8.0
6463,8.0
6464,8.0
6465,8.0
6466,8.0
6467,8.0
6468,8.0
6469,8.0
6470,8.0
6471,8.0
6472,8.0
6473,8.0
6474,8.0
6475,8.0
6476,8.0
6477,8.0
6478,8.0
6479,8.0
6480,8.0
6481,8.0
6482,8.0
6483,8.0
6484,8.0
6485,8.0
6486,8.0
6487,8.0
6488,8.0
6489,8.0
6490,8.0
6491,8.0
6492,8.0
6493,8.0
6494,8.0
6495,8.0
6496,8.0
6497,8.0
6498,8.0
6499,8.0
6500,8.0
6501,8.0
6502,8.0
6503,8.0
6504,8.0
6505,8.0
6506,8.0
6507,8.0
6508,8.0
6509,8.0
6510,8.0
6511,8.0
6512,8.0
6513,8.0
6514,8.0
6515,8.0
6516,8.0
6517,8.0
6518,8.0
6519,8.0
6520,8.0
6521,8.0
6522,8.0
6523,8.0
6524,8.0
6525,8.0
6526,8.0
6527,8.0
6528,8.0
6529,8.0
6530,8.0
6531,8.0
6532,8.0
6533,8.0
6534,8.0
6535,8.0
6536,8.0
6537,8.0
6538,8.0
6539,8.0
6540,8.0
6541,8.0
6542,8.0
6543,8.0
6544,8.0
6545,8.0
6546,8.0
6547,8.0
6548,8.0
6549,8.0
6550,8.0
6551,8.0
6552,8.0
6553,8.0
6554,8.0
6555,8.0
6556,8.0
6557,8.0
6558,8.0
6559,8.0
6560,8.0
6561,8.0
6562,8.0
6563,8.0
6564,8.0
6565,8.0
6566,8.0
6567,8.0
6568,8.0
6569,8.0
6570,8.0
6571,8.0
6572,8.0
6573,8.0
6574,8.0
6575,8.0
6576,8.0
6577,8.0
6578,8.0
6579,8.0
6580,8.0
6581,8.0
6582,8.0
6583,8.0
6584,8.0
6585,8.0
6586,8.0
6587,8.0
6588,8.0
6589,8.0
6590,8.0
6591,8.0
6592,8.0
6593,8.0
6594,8.0
6595,8.0
6596,8.0
6597,8.0
6598,8.0
6599,8.0
6600,8.0
6601,8.0
6602,8.0
6603,8.0
6604,8.0
6605,8.0
6606,8.0
6607,8.0
6608,8.0
6609,8.0
6610,8.0
6611,8.0
6612,8.0
6613,8.0
6614,8.0
6615,8.0
6616,8.0
6617,8.0
6618,8.0
6619,8.0
6620,8.0
6621,8.0
6622,8.0
6623,8.0
6624,8.0
6625,8.0
6626,8.0
6627,8.0
6628,8.0
6629,8.0
6630,8.0
6631,8.0
6632,8.0
6633,8.0
6634,8.0
6635,8.0
6636,8.0
6637,8.0
6638,8.0
6639,8.0
6640,8.0
6641,8.0
6642,8.0
6643,8.0
6644,8.0
6645,8.0
6646,8.0
6647,8.0
6648,8.0
6649,8.0
6650,8.0
6651,8.0
6652,8.0
6653,8.0
6654,8.0
6655,8.0
6656,8.0
6657,8.0
6658,8.0
6659,8.0
6660,8.0
6661,8.0
6662,8.0
6663,8.0
6664,8.0
6665,8.0
6666,8.0
6667,8.0
6668,8.0
6669,8.0
6670,8.0
6671,8.0
6672,8.0
6673,8.0
6674,8.0
6675,8.0
6676,8.0
6677,8.0
6678,8.0
6679,8.0
6680,8.0
6681,8.0
6682,8.0
6683,8.0
6684,8.0
6685,8.0
6686,8.0
6687,8.0
6688,8.0
6689,8.0
6690,8.0
6691,8.0
6692,8.0
6693,8.0
6694,8.0
6695,8.0
6696,8.0
6697,8.0
6698,8.0
6699,8.0
6700,8.0
6701,8.0
6702,8.0
6703,8.0
6704,8.0
6705,8.0
6706,8.0
6707,8.0
6708,8.0
6709,8.0
6710,8.0
6711,8.0
6712,8.0
6713,8.0
6714,8.0
6715,8.0
6716,8.0
6717,8.0
6718,8.0
6719,8.0
6720,8.0
6721,8.0
6722,8.0
6723,8.0
6724,8.0
6725,8.0
6726,8.0
6727,8.0
6728,8.0
6729,8.0
6730,8.0
6731,8.0
6732,8.0
6733,8.0
6734,8.0
6735,8.0
6736,8.0
6737,8.0
6738,8.0
6739,8.0
6740,8.0
6741,8.0
6742,8.0
6743,8.0
6744,8.0
6745,8.0
6746,8.0
6747,8.0
6748,8.0
6749,8.0
6750,8.0
6751,8.0
6752,8.0
6753,8.0
6754,8.0
6755,8.0
6756,8.0
6757,8.0
6758,8.0
6759,8.0
6760,8.0
6761,8.0
6762,8.0
6763,8.0
6764,8.0
6765,8.0
6766,8.0
6767,8.0
6768,8.0
6769,8.0
6770,8.0
6771,8.0
6772,8.0
6773,8.0
6774,8.0
6775,8.0
6776,8.0
6777,8.0
6778,8.0
6779,8.0
6780,8.0
6781,8.0
6782,8.0
6783,8.0
6784,8.0
6785,8.0
6786,8.0
6787,8.0
6788,8.0
6789,8.0
6790,8.0
6791,8.0
6792,8.0
6793,8.0
6794,8.0
6795,8.0
6796,8.0
6797,8.0
6798,8.0
6799,8.0
6800,8.0
6801,8.0
6802,8.0
6803,8.0
6804,8.0
6805,8.0
6806,8.0
6807,8.0
6808,8.0
6809,8.0
6810,8.0
6811,8.0
6812,8.0
6813,8.0
6814,8.0
6815,8.0
6816,8.0
6817,8.0
6818,8.0
6819,8.0
6820,8.0
6821,8.0
6822,8.0
6823,8.0
6824,8.0
6825,8.0
6826,8.0
6827,8.0
6828,8.0
6829,8.0
6830,8.0
6831,8.0
6832,8.0
6833,8.0
6834,8.0
6835,8.0
6836,8.0
6837,8.0
6838,8.0
6839,8.0
6840,8.0
6841,8.0
6842,8.0
6843,8.0
6844,8.0
6845,8.0
6846,8.0
6847,8.0
6848,8.0
6849,8.0
6850,8.0
6851,8.0
6852,8.0
6853,8.0
6854,8.0
6855,8.0
6856,8.0
6857,8.0
6858,8.0
6859,8.0
6860,8.0
6861,8.0
6862,8.0
6863,8.0
6864,8.0
6865,8.0
6866,8.0
6867,8.0
6868,8.0
6869,8.0
6870,8.0
6871,8.0
6872,8.0
6873,8.0
6874,8.0
6875,8.0
6876,8.0
6877,8.0
6878,8.0
6879,8.0
6880,8.0
6881,8.0
6882,8.0
6883,8.0
6884,8.0
6885,8.0
6886,8.0
6887,8.0
6888,8.0
6889,8.0
6890,8.0
6891,8.0
6892,8.0
6893,8.0
6894,8.0
6895,8.0
6896,8.0
6897,8.0
6898,8.0
6899,8.0
6900,8.0
6901,8.0
6902,8.0
6903,8.0
6904,8.0
6905,8.0
6906,8.0
6907,8.0
6908,8.0
6909,8.0
6910,8.0
6911,8.0
6912,8.0
6913,8.0
6914,8.0
6915,8.0
6916,8.0
6917,8.0
6918,8.0
6919,8.0
6920,8.0
6921,8.0
6922,8.0
6923,8.0
6924,8.0
6925,8.0
6926,8.0
6927,8.0
6928,8.0
6929,8.0
6930,8.0
6931,8.0
6932,8.0
6933,8.0
6934,8.0
6935,8.0
6936,8.0
6937,8.0
6938,8.0
6939,8.0
6940,8.0
6941,8.0
6942,8.0
6943,8.0
6944,8.0
6945,8.0
6946,8.0
6947,8.0
6948,8.0
6949,8.0
6950,8.0
6951,8.0
6952,8.0
6953,8.0
6954,8.0
6955,8.0
6956,8.0
6957,8.0
6958,8.0
6959,8.0
6960,8.0
6961,8.0
6962,8.0
6963,8.0
6964,8.0
6965,8.0
6966,8.0
6967,8.0
6968,8.0
6969,8.0
6970,8.0
6971,8.0
6972,8.0
6973,8.0
6974,8.0
6975,8.0
6976,8.0
6977,8.0
6978,8.0
6979,8.0
6980,8.0
6981,8.0
6982,8.0
6983,8.0
6984,8.0
6985,8.0
6986,8.0
6987,8.0
6988,8.0
6989,8.0
6990,8.0
6991,8.0
6992,8.0
6993,8.0
6994,8.0
6995,8.0
6996,8.0
6997,8.0
6998,8.0
6999,8.0
7000,8.0
7001,8.0
7002,8.0
7003,8.0
7004,8.0
7005,8.0
7006,8.0
7007,8.0
7008,8.0
7009,8.0
7010,8.0
7011,8.0
7012,8.0
7013,8.0
7014,8.0
7015,8.0
7016,8.0
7017,8.0
7018,8.0
7019,8.0
7020,8.0
7021,8.0
7022,8.0
7023,8.0
7024,8.0
7025,8.0
7026,8.0
7027,8.0
7028,8.0
7029,8.0
7030,8.0
7031,8.0
7032,8.0
7033,8.0
7034,8.0
7035,8.0
7036,8.0
7037,8.0
7038,8.0
7039,8.0
7040,8.0
7041,8.0
7042,8.0
7043,8.0
7044,8.0
7045,8.0
7046,8.0
7047,8.0
7048,8.0
7049,8.0
7050,8.0
7051,8.0
7052,8.0
7053,8.0
7054,8.0
7055,8.0
7056,8.0
7057,8.0
7058,8.0
7059,8.0
7060,8.0
7061,8.0
7062,8.0
7063,8.0
7064,8.0
7065,8.0
7066,8.0
7067,8.0
7068,8.0
7069,8.0
7070,8.0
7071,8.0
7072,8.0
7073,8.0
7074,8.0
7075,8.0
7076,8.0
7077,8.0
7078,8.0
7079,8.0
7080,8.0
7081,8.0
7082,8.0
7083,8.0
7084,8.0
7085,8.0
7086,8.0
7087,8.0
7088,8.0
7089,8.0
7090,8.0
7091,8.0
7092,8.0
7093,8.0
7094,8.0
7095,8.0
7096,8.0
7097,8.0
7098,8.0
7099,8.0
7100,8.0
7101,8.0
7102,8.0
7103,8.0
7104,8.0
7105,8.0
7106,8.0
7107,8.0
7108,8.0
7109,8.0
7110,8.0
7111,8.0
7112,8.0
7113,8.0
7114,8.0
7115,8.0
7116,8.0
7117,8.0
7118,8.0
7119,8.0
7120,8.0
7121,8.0
7122,8.0
7123,8.0
7124,8.0
7125,8.0
7126,8.0
7127,8.0
7128,8.0
7129,8.0
7130,8.0
7131,8.0
7132,8.0
7133,8.0
7134,8.0
7135,8.0
7136,8.0
7137,8.0
7138,8.0
7139,8.0
7140,8.0
7141,8.0
7142,8.0
7143,8.0
7144,8.0
7145,8.0
7146,8.0
7147,8.0
7148,8.0
7149,8.0
7150,8.0
7151,8.0
7152,8.0
7153,8.0
7154,8.0
7155,8.0
7156,8.0
7157,8.0
7158,8.0
7159,8.0
7160,8.0
7161,8.0
7162,8.0
7163,8.0
7164,8.0
7165,8.0
7166,8.0
7167,8.0
7168,8.0
7169,8.0
7170,8.0
7171,8.0
7172,8.0
7173,8.0
7174,8.0
7175,8.0
7176,8.0
7177,8.0
7178,8.0
7179,8.0
7180,8.0
7181,8.0
7182,8.0
7183,8.0
7184,8.0
7185,8.0
7186,8.0
7187,8.0
7188,8.0
7189,8.0
7190,8.0
7191,8.0
7192,8.0
7193,8.0
7194,8.0
7195,8.0
7196,8.0
7197,8.0
7198,8.0
7199,8.0
7200,8.0
7201,8.0
7202,8.0
7203,8.0
7204,8.0
7205,8.0
7206,8.0
7207,8.0
7208,8.0
7209,8.0
7210,8.0
7211,8.0
7212,8.0
7213,8.0
7214,8.0
7215,8.0
7216,8.0
7217,8.0
7218,8.0
7219,8.0
7220,8.0
7221,8.0
7222,8.0
7223,8.0
7224,8.0
7225,8.0
7226,8.0
7227,8.0
7228,8.0
7229,8.0
7230,8.0
7231,8.0
7232,8.0
7233,8.0
7234,8.0
7235,8.0
7236,8.0
7237,8.0
7238,8.0
7239,8.0
7240,8.0
7241,8.0
7242,8.0
7243,8.0
7244,8.0
7245,8.0
7246,8.0
7247,8.0
7248,8.0
7249,8.0
7250,8.0
7251,8.0
7252,8.0
7253,8.0
7254,8.0
7255,8.0
7256,8.0
7257,8.0
7258,8.0
7259,8.0
7260,8.0
7261,8.0
7262,8.0
7263,8.0
7264,8.0
7265,8.0
7266,8.0
7267,8.0
7268,8.0
7269,8.0
7270,8.0
7271,8.0
7272,8.0
7273,8.0
7274,8.0
7275,8.0
7276,8.0
7277,8.0
7278,8.0
7279,8.0
7280,8.0
7281,8.0
7282,8.0
7283,8.0
7284,8.0
7285,8.0
7286,8.0
7287,8.0
7288,8.0
7289,8.0
7290,8.0
7291,8.0
7292,8.0
7293,8.0
7294,8.0
7295,8.0
7296,8.0
7297,8.0
7298,8.0
7299,8.0
7300,8.0
7301,8.0
7302,8.0
7303,8.0
7304,8.0
7305,8.0
7306,8.0
7307,8.0
7308,8.0
7309,8.0
7310,8.0
7311,8.0
7312,8.0
7313,8.0
7314,8.0
7315,8.0
7316,8.0
7317,8.0
7318,8.0
7319,8.0
7320,8.0
7321,8.0
7322,8.0
7323,8.0
7324,8.0
7325,8.0
7326,8.0
7327,8.0
7328,8.0
7329,8.0
7330,8.0
7331,8.0
7332,8.0
7333,8.0
7334,8.0
7335,8.0
7336,8.0
7337,8.0
7338,8.0
7339,8.0
7340,8.0
7341,8.0
7342,8.0
7343,8.0
7344,8.0
7345,8.0
7346,8.0
7347,8.0
7348,8.0
7349,8.0
7350,8.0
7351,8.0
7352,8.0
7353,8.0
7354,8.0
7355,8.0
7356,8.0
7357,8.0
7358,8.0
7359,8.0
7360,8.0
7361,8.0
7362,8.0
7363,8.0
7364,8.0
7365,8.0
7366,8.0
7367,8.0
7368,8.0
7369,8.0
7370,8.0
7371,8.0
7372,8.0
7373,8.0
7374,8.0
7375,8.0
7376,8.0
7377,8.0
7378,8.0
7379,8.0
7380,8.0
7381,8.0
7382,8.0
7383,8.0
7384,8.0
7385,8.0
7386,8.0
7387,8.0
7388,8.0
7389,8.0
7390,8.0
7391,8.0
7392,8.0
7393,8.0
7394,8.0
7395,8.0
7396,8.0
7397,8.0
7398,8.0
7399,8.0
7400,8.0
7401,8.0
7402,8.0
7403,8.0
7404,8.0
7405,8.0
7406,8.0
7407,8.0
7408,8.0
7409,8.0
7410,8.0
7411,8.0
7412,8.0
7413,8.0
7414,8.0
7415,8.0
7416,8.0
7417,8.0
7418,8.0
7419,8.0
7420,8.0
7421,8.0
7422,8.0
7423,8.0
7424,8.0
7425,8.0
7426,8.0
7427,8.0
7428,8.0
7429,8.0
7430,8.0
7431,8.0
7432,8.0
7433,8.0
7434,8.0
7435,8.0
7436,8.0
7437,8.0
7438,8.0
7439,8.0
7440,8.0
7441,8.0
7442,8.0
7443,8.0
7444,8.0
7445,8.0
7446,8.0
7447,8.0
7448,8.0
7449,8.0
7450,8.0
7451,8.0
7452,8.0
7453,8.0
7454,8.0
7455,8.0
7456,8.0
7457,8.0
7458,8.0
7459,8.0
7460,8.0
7461,8.0
7462,8.0
7463,8.0
7464,8.0
7465,8.0
7466,8.0
7467,8.0
7468,8.0
7469,8.0
7470,8.0
7471,8.0
7472,8.0
7473,8.0
7474,8.0
7475,8.0
7476,8.0
7477,8.0
7478,8.0
7479,8.0
7480,8.0
7481,8.0
7482,8.0
7483,8.0
7484,8.0
7485,8.0
7486,8.0
7487,8.0
7488,8.0
7489,8.0
7490,8.0
7491,8.0
7492,8.0
7493,8.0
7494,8.0
7495,8.0
7496,8.0
7497,8.0
7498,8.0
7499,8.0
7500,8.0
7501,8.0
7502,8.0
7503,8.0
7504,8.0
7505,8.0
7506,8.0
7507,8.0
7508,8.0
7509,8.0
7510,8.0
7511,8.0
7512,8.0
7513,8.0
7514,8.0
7515,8.0
7516,8.0
7517,8.0
7518,8.0
7519,8.0
7520,8.0
7521,8.0
7522,8.0
7523,8.0
7524,8.0
7525,8.0
7526,8.0
7527,8.0
7528,8.0
7529,8.0
7530,8.0
7531,8.0
7532,8.0
7533,8.0
7534,8.0
7535,8.0
7536,8.0
7537,8.0
7538,8.0
7539,8.0
7540,8.0
7541,8.0
7542,8.0
7543,8.0
7544,8.0
7545,8.0
7546,8.0
7547,8.0
7548,8.0
7549,8.0
7550,8.0
7551,8.0
7552,8.0
7553,8.0
7554,8.0
7555,8.0
7556,8.0
7557,8.0
7558,8.0
7559,8.0
7560,8.0
7561,8.0
7562,8.0
7563,8.0
7564,8.0
7565,8.0
7566,8.0
7567,8.0
7568,8.0
7569,8.0
7570,8.0
7571,8.0
7572,8.0
7573,8.0
7574,8.0
7575,8.0
7576,8.0
7577,8.0
7578,8.0
7579,8.0
7580,8.0
7581,8.0
7582,8.0
7583,8.0
7584,8.0
7585,8.0
7586,8.0
7587,8.0
7588,8.0
7589,8.0
7590,8.0
7591,8.0
7592,8.0
7593,8.0
7594,8.0
7595,8.0
7596,8.0
7597,8.0
7598,8.0
7599,8.0
7600,8.0
7601,8.0
7602,8.0
7603,8.0
7604,8.0
7605,8.0
7606,8.0
7607,8.0
7608,8.0
7609,8.0
7610,8.0
7611,8.0
7612,8.0
7613,8.0
7614,8.0
7615,8.0
7616,8.0
7617,8.0
7618,8.0
7619,8.0
7620,8.0
7621,8.0
7622,8.0
7623,8.0
7624,8.0
7625,8.0
7626,8.0
7627,8.0
7628,8.0
7629,8.0
7630,8.0
7631,8.0
7632,8.0
7633,8.0
7634,8.0
7635,8.0
7636,8.0
7637,8.0
7638,8.0
7639,8.0
7640,8.0
7641,8.0
7642,8.0
7643,8.0
7644,8.0
7645,8.0
7646,8.0
7647,8.0
7648,8.0
7649,8.0
7650,8.0
7651,8.0
7652,8.0
7653,8.0
7654,8.0
7655,8.0
7656,8.0
7657,8.0
7658,8.0
7659,8.0
7660,8.0
7661,8.0
7662,8.0
7663,8.0
7664,8.0
7665,8.0
7666,8.0
7667,8.0
7668,8.0
7669,8.0
7670,8.0
7671,8.0
7672,8.0
7673,8.0
7674,8.0
7675,8.0
7676,8.0
7677,8.0
7678,8.0
7679,8.0
7680,8.0
7681,8.0
7682,8.0
7683,8.0
7684,8.0
7685,8.0
7686,8.0
7687,8.0
7688,8.0
7689,8.0
7690,8.0
7691,8.0
7692,8.0
7693,8.0
7694,8.0
7695,8.0
7696,8.0
7697,8.0
7698,8.0
7699,8.0
7700,8.0
7701,8.0
7702,8.0
7703,8.0
7704,8.0
7705,8.0
7706,8.0
7707,8.0
7708,8.0
7709,8.0
7710,8.0
7711,8.0
7712,8.0
7713,8.0
7714,8.0
7715,8.0
7716,8.0
7717,8.0
7718,8.0
7719,8.0
7720,8.0
7721,8.0
7722,8.0
7723,8.0
7724,8.0
7725,8.0
7726,8.0
7727,8.0
7728,8.0
7729,8.0
7730,8.0
7731,8.0
7732,8.0
7733,8.0
7734,8.0
7735,8.0
7736,8.0
7737,8.0
7738,8.0
7739,8.0
7740,8.0
7741,8.0
7742,8.0
7743,8.0
7744,8.0
7745,8.0
7746,8.0
7747,8.0
7748,8.0
7749,8.0
7750,8.0
7751,8.0
7752,8.0
7753,8.0
7754,8.0
7755,8.0
7756,8.0
7757,8.0
7758,8.0
7759,8.0
7760,8.0
7761,8.0
7762,8.0
7763,8.0
7764,8.0
7765,8.0
7766,8.0
7767,8.0
7768,8.0
7769,8.0
7770,8.0
7771,8.0
7772,8.0
7773,8.0
7774,8.0
7775,8.0
7776,8.0
7777,8.0
7778,8.0
7779,8.0
7780,8.0
7781,8.0
7782,8.0
7783,8.0
7784,8.0
7785,8.0
7786,8.0
7787,8.0
7788,8.0
7789,8.0
7790,8.0
7791,8.0
7792,8.0
7793,8.0
7794,8.0
7795,8.0
7796,8.0
7797,8.0
7798,8.0
7799,8.0
7800,8.0
7801,8.0
7802,8.0
7803,8.0
7804,8.0
7805,8.0
7806,8.0
7807,8.0
7808,8.0
7809,8.0
7810,8.0
7811,8.0
7812,8.0
7813,8.0
7814,8.0
7815,8.0
7816,8.0
7817,8.0
7818,8.0
7819,8.0
7820,8.0
7821,8.0
7822,8.0
7823,8.0
7824,8.0
7825,8.0
7826,8.0
7827,8.0
7828,8.0
7829,8.0
7830,8.0
7831,8.0
7832,8.0
7833,8.0
7834,8.0
7835,8.0
7836,8.0
7837,8.0
7838,8.0
7839,8.0
7840,8.0
7841,8.0
7842,8.0
7843,8.0
7844,8.0
7845,8.0
7846,8.0
7847,8.0
7848,8.0
7849,8.0
7850,8.0
7851,8.0
7852,8.0
7853,8.0
7854,8.0
7855,8.0
7856,8.0
7857,8.0
7858,8.0
7859,8.0
7860,8.0
7861,8.0
7862,8.0
7863,8.0
7864,8.0
7865,8.0
7866,8.0
7867,8.0
7868,8.0
7869,8.0
7870,8.0
7871,8.0
7872,8.0
7873,8.0
7874,8.0
7875,8.0
7876,8.0
7877,8.0
7878,8.0
7879,8.0
7880,8.0
7881,8.0
7882,8.0
7883,8.0
7884,8.0
7885,8.0
7886,8.0
7887,8.0
7888,8.0
7889,8.0
7890,8.0
7891,8.0
7892,8.0
7893,8.0
7894,8.0
7895,8.0
7896,8.0
7897,8.0
7898,8.0
7899,8.0
7900,8.0
7901,8.0
7902,8.0
7903,8.0
7904,8.0
7905,8.0
7906,8.0
7907,8.0
7908,8.0
7909,8.0
7910,8.0
7911,8.0
7912,8.0
7913,8.0
7914,8.0
7915,8.0
7916,8.0
7917,8.0
7918,8.0
7919,8.0
7920,8.0
7921,8.0
7922,8.0
7923,8.0
7924,8.0
7925,8.0
7926,8.0
7927,8.0
7928,8.0
7929,8.0
7930,8.0
7931,8.0
7932,8.0
7933,8.0
7934,8.0
7935,8.0
7936,8.0
7937,8.0
7938,8.0
7939,8.0
7940,8.0
7941,8.0
7942,8.0
7943,8.0
7944,8.0
7945,8.0
7946,8.0
7947,8.0
7948,8.0
7949,8.0
7950,8.0
7951,8.0
7952,8.0
7953,8.0
7954,8.0
7955,8.0
7956,8.0
7957,8.0
7958,8.0
7959,8.0
7960,8.0
7961,8.0
7962,8.0
7963,8.0
7964,8.0
7965,8.0
7966,8.0
7967,8.0
7968,8.0
7969,8.0
7970,8.0
7971,8.0
7972,8.0
7973,8.0
7974,8.0
7975,8.0
7976,8.0
7977,8.0
7978,8.0
7979,8.0
7980,8.0
7981,8.0
7982,8.0
7983,8.0
7984,8.0
7985,8.0
7986,8.0
7987,8.0
7988,8.0
7989,8.0
7990,8.0
7991,8.0
7992,8.0
7993,8.0
7994,8.0
7995,8.0
7996,8.0
7997,8.0
7998,8.0
7999,8.0
8000,8.0
8001,8.0
8002,8.0
8003,8.0
8004,8.0
8005,8.0
8006,8.0
8007,8.0
8008,8.0
8009,8.0
8010,8.0
8011,8.0
8012,8.0
8013,8.0
8014,8.0
8015,8.0
8016,8.0
8017,8.0
8018,8.0
8019,8.0
8020,8.0
8021,8.0
8022,8.0
8023,8.0
8024,8.0
8025,8.0
8026,8.0
8027,8.0
8028,8.0
8029,8.0
8030,8.0
8031,8.0
8032,8.0
8033,8.0
8034,8.0
8035,8.0
8036,8.0
8037,8.0
8038,8.0
8039,8.0
8040,8.0
8041,8.0
8042,8.0
8043,8.0
8044,8.0
8045,8.0
8046,8.0
8047,8.0
8048,8.0
8049,8.0
8050,8.0
8051,8.0
8052,8.0
8053,8.0
8054,8.0
8055,8.0
8056,8.0
8057,8.0
8058,8.0
8059,8.0
8060,8.0
8061,8.0
8062,8.0
8063,8.0
8064,8.0
8065,8.0
8066,8.0
8067,8.0
8068,8.0
8069,8.0
8070,8.0
8071,8.0
8072,8.0
8073,8.0
8074,8.0
8075,8.0
8076,8.0
8077,8.0
8078,8.0
8079,8.0
8080,8.0
8081,8.0
8082,8.0
8083,8.0
8084,8.0
8085,8.0
8086,8.0
8087,8.0
8088,8.0
8089,8.0
8090,8.0
8091,8.0
8092,8.0
8093,8.0
8094,8.0
8095,8.0
8096,8.0
8097,8.0
8098,8.0
8099,8.0
8100,8.0
8101,8.0
8102,8.0
8103,8.0
8104,8.0
8105,8.0
8106,8.0
8107,8.0
8108,8.0
8109,8.0
8110,8.0
8111,8.0
8112,8.0
8113,8.0
8114,8.0
8115,8.0
8116,8.0
8117,8.0
8118,8.0
8119,8.0
8120,8.0
8121,8.0
8122,8.0
8123,8.0
8124,8.0
8125,8.0
8126,8.0
8127,8.0
8128,8.0
8129,8.0
8130,8.0
8131,8.0
8132,8.0
8133,8.0
8134,8.0
8135,8.0
8136,8.0
8137,8.0
8138,8.0
8139,8.0
8140,8.0
8141,8.0
8142,8.0
8143,8.0
8144,8.0
8145,8.0
8146,8.0
8147,8.0
8148,8.0
8149,8.0
8150,8.0
8151,8.0
8152,8.0
8153,8.0
8154,8.0
8155,8.0
8156,8.0
8157,8.0
8158,8.0
8159,8.0
8160,8.0
8161,8.0
8162,8.0
8163,8.0
8164,8.0
8165,8.0
8166,8.0
8167,8.0
8168,8.0
8169,8.0
8170,8.0
8171,8.0
8172,8.0
8173,8.0
8174,8.0
8175,8.0
8176,8.0
8177,8.0
8178,8.0
8179,8.0
8180,8.0
8181,8.0
8182,8.0
8183,8.0
8184,8.0
8185,8.0
8186,8.0
8187,8.0
8188,8.0
8189,8.0
8190,8.0
8191,8.0
8192,8.0
8193,8.0
8194,8.0
8195,8.0
8196,8.0
8197,8.0
8198,8.0
8199,8.0
8200,8.0
8201,8.0
8202,8.0
8203,8.0
8204,8.0
8205,8.0
8206,8.0
8207,8.0
8208,8.0
8209,8.0
8210,8.0
8211,8.0
8212,8.0
8213,8.0
8214,8.0
8215,8.0
8216,8.0
8217,8.0
8218,8.0
8219,8.0
8220,8.0
8221,8.0
8222,8.0
8223,8.0
8224,8.0
8225,8.0
8226,8.0
8227,8.0
8228,8.0
8229,8.0
8230,8.0
8231,8.0
8232,8.0
8233,8.0
8234,8.0
8235,8.0
8236,8.0
8237,8.0
8238,8.0
8239,8.0
8240,8.0
8241,8.0
8242,8.0
8243,8.0
8244,8.0
8245,8.0
8246,8.0
8247,8.0
8248,8.0
8249,8.0
8250,8.0
8251,8.0
8252,8.0
8253,8.0
8254,8.0
8255,8.0
8256,8.0
8257,8.0
8258,8.0
8259,8.0
8260,8.0
8261,8.0
8262,8.0
8263,8.0
8264,8.0
8265,8.0
8266,8.0
8267,8.0
8268,8.0
8269,8.0
8270,8.0
8271,8.0
8272,8.0
8273,8.0
8274,8.0
8275,8.0
8276,8.0
8277,8.0
8278,8.0
8279,8.0
8280,8.0
8281,8.0
8282,8.0
8283,8.0
8284,8.0
8285,8.0
8286,8.0
8287,8.0
8288,8.0
8289,8.0
8290,8.0
8291,8.0
8292,8.0
8293,8.0
8294,8.0
8295,8.0
8296,8.0
8297,8.0
8298,8.0
8299,8.0
8300,8.0
8301,8.0
8302,8.0
8303,8.0
8304,8.0
8305,8.0
8306,8.0
8307,8.0
8308,8.0
8309,8.0
8310,8.0
8311,8.0
8312,8.0
8313,8.0
8314,8.0
8315,8.0
8316,8.0
8317,8.0
8318,8.0
8319,8.0
8320,8.0
8321,8.0
8322,8.0
8323,8.0
8324,8.0
8325,8.0
8326,8.0
8327,8.0
8328,8.0
8329,8.0
8330,8.0
8331,8.0
8332,8.0
8333,8.0
8334,8.0
8335,8.0
8336,8.0
8337,8.0
8338,8.0
8339,8.0
8340,8.0
8341,8.0
8342,8.0
8343,8.0
8344,8.0
8345,8.0
8346,8.0
8347,8.0
8348,8.0
8349,8.0
8350,8.0
8351,8.0
8352,8.0
8353,8.0
8354,8.0
8355,8.0
8356,8.0
8357,8.0
8358,8.0
8359,8.0
8360,8.0
8361,8.0
8362,8.0
8363,8.0
8364,8.0
8365,8.0
8366,8.0
8367,8.0
8368,8.0
8369,8.0
8370,8.0
8371,8.0
8372,8.0
8373,8.0
8374,8.0
8375,8.0
8376,8.0
8377,8.0
8378,8.0
8379,8.0
8380,8.0
8381,8.0
8382,8.0
8383,8.0
8384,8.0
8385,8.0
8386,8.0
8387,8.0
8388,8.0
8389,8.0
8390,8.0
8391,8.0
8392,8.0
8393,8.0
8394,8.0
8395,8.0
8396,8.0
8397,8.0
8398,8.0
8399,8.0
8400,8.0
8401,8.0
8402,8.0
8403,8.0
8404,8.0
8405,8.0
8406,8.0
8407,8.0
8408,8.0
8409,8.0
8410,8.0
8411,8.0
8412,8.0
8413,8.0
8414,8.0
8415,8.0
8416,8.0
8417,8.0
8418,8.0
8419,8.0
8420,8.0
8421,8.0
8422,8.0
8423,8.0
8424,8.0
8425,8.0
8426,8.0
8427,8.0
8428,8.0
8429,8.0
8430,8.0
8431,8.0
8432,8.0
8433,8.0
8434,8.0
8435,8.0
8436,8.0
8437,8.0
8438,8.0
8439,8.0
8440,8.0
8441,8.0
8442,8.0
8443,8.0
8444,8.0
8445,8.0
8446,8.0
8447,8.0
8448,8.0
8449,8.0
8450,8.0
8451,8.0
8452,8.0
8453,8.0
8454,8.0
8455,8.0
8456,8.0
8457,8.0
8458,8.0
8459,8.0
8460,8.0
8461,8.0
8462,8.0
8463,8.0
8464,8.0
8465,8.0
8466,8.0
8467,8.0
8468,8.0
8469,8.0
8470,8.0
8471,8.0
8472,8.0
8473,8.0
8474,8.0
8475,8.0
8476,8.0
8477,8.0
8478,8.0
8479,8.0
8480,8.0
8481,8.0
8482,8.0
8483,8.0
8484,8.0
8485,8.0
8486,8.0
8487,8.0
8488,8.0
8489,8.0
8490,8.0
8491,8.0
8492,8.0
8493,8.0
8494,8.0
8495,8.0
8496,8.0
8497,8.0
8498,8.0
8499,8.0
8500,8.0
8501,8.0
8502,8.0
8503,8.0
8504,8.0
8505,8.0
8506,8.0
8507,8.0
8508,8.0
8509,8.0
8510,8.0
8511,8.0
8512,8.0
8513,8.0
8514,8.0
8515,8.0
8516,8.0
8517,8.0
8518,8.0
8519,8.0
8520,8.0
8521,8.0
8522,8.0
8523,8.0
8524,8.0
8525,8.0
8526,8.0
8527,8.0
8528,8.0
8529,8.0
8530,8.0
8531,8.0
8532,8.0
8533,8.0
8534,8.0
8535,8.0
8536,8.0
8537,8.0
8538,8.0
8539,8.0
8540,8.0
8541,8.0
8542,8.0
8543,8.0
8544,8.0
8545,8.0
8546,8.0
8547,8.0
8548,8.0
8549,8.0
8550,8.0
8551,8.0
8552,8.0
8553,8.0
8554,8.0
8555,8.0
8556,8.0
8557,8.0
8558,8.0
8559,8.0
8560,8.0
8561,8.0
8562,8.0
8563,8.0
8564,8.0
8565,8.0
8566,8.0
8567,8.0
8568,8.0
8569,8.0
8570,8.0
8571,8.0
8572,8.0
8573,8.0
8574,8.0
8575,8.0
8576,8.0
8577,8.0
8578,8.0
8579,8.0
8580,8.0
8581,8.0
8582,8.0
8583,8.0
8584,8.0
8585,8.0
8586,8.0
8587,8.0
8588,8.0
8589,8.0
8590,8.0
8591,8.0
8592,8.0
8593,8.0
8594,8.0
8595,8.0
8596,8.0
8597,8.0
8598,8.0
8599,8.0
8600,8.0
8601,8.0
8602,8.0
8603,8.0
8604,8.0
8605,8.0
8606,8.0
8607,8.0
8608,8.0
8609,8.0
8610,8.0
8611,8.0
8612,8.0
8613,8.0
8614,8.0
8615,8.0
8616,8.0
8617,8.0
8618,8.0
8619,8.0
8620,8.0
8621,8.0
8622,8.0
8623,8.0
8624,8.0
8625,8.0
8626,8.0
8627,8.0
8628,8.0
8629,8.0
8630,8.0
8631,8.0
8632,8.0
8633,8.0
8634,8.0
8635,8.0
8636,8.0
8637,8.0
8638,8.0
8639,8.0
8640,8.0
8641,8.0
8642,8.0
8643,8.0
8644,8.0
8645,8.0
8646,8.0
8647,8.0
8648,8.0
8649,8.0
8650,8.0
8651,8.0
8652,8.0
8653,8.0
8654,8.0
8655,8.0
8656,8.0
8657,8.0
8658,8.0
8659,8.0
8660,8.0
8661,8.0
8662,8.0
8663,8.0
8664,8.0
8665,8.0
8666,8.0
8667,8.0
8668,8.0
8669,8.0
8670,8.0
8671,8.0
8672,8.0
8673,8.0
8674,8.0
8675,8.0
8676,8.0
8677,8.0
8678,8.0
8679,8.0
8680,8.0
8681,8.0
8682,8.0
8683,8.0
8684,8.0
8685,8.0
8686,8.0
8687,8.0
8688,8.0
8689,8.0
8690,8.0
8691,8.0
8692,8.0
8693,8.0
8694,8.0
8695,8.0
8696,8.0
8697,8.0
8698,8.0
8699,8.0
8700,8.0
8701,8.0
8702,8.0
8703,8.0
8704,8.0
8705,8.0
8706,8.0
8707,8.0
8708,8.0
8709,8.0
8710,8.0
8711,8.0
8712,8.0
8713,8.0
8714,8.0
8715,8.0
8716,8.0
8717,8.0
8718,8.0
8719,8.0
8720,8.0
8721,8.0
8722,8.0
8723,8.0
8724,8.0
8725,8.0
8726,8.0
8727,8.0
8728,8.0
8729,8.0
8730,8.0
8731,8.0
8732,8.0
8733,8.0
8734,8.0
8735,8.0
8736,8.0
8737,8.0
8738,8.0
8739,8.0
8740,8.0
8741,8.0
8742,8.0
8743,8.0
8744,8.0
8745,8.0
8746,8.0
8747,8.0
8748,8.0
8749,8.0
8750,8.0
8751,8.0
8752,8.0
8753,8.0
8754,8.0
8755,8.0
8756,8.0
8757,8.0
8758,8.0
8759,8.0
8760,8.0
8761,8.0
8762,8.0
8763,8.0
8764,8.0
8765,8.0
8766,8.0
8767,8.0
8768,8.0
8769,8.0
8770,8.0
8771,8.0
8772,8.0
8773,8.0
8774,8.0
8775,8.0
8776,8.0
8777,8.0
8778,8.0
8779,8.0
8780,8.0
8781,8.0
8782,8.0
8783,8.0
8784,8.0
8785,8.0
8786,8.0
8787,8.0
8788,8.0
8789,8.0
8790,8.0
8791,8.0
8792,8.0
8793,8.0
8794,8.0
8795,8.0
8796,8.0
8797,8.0
8798,8.0
8799,8.0
8800,8.0
8801,8.0
8802,8.0
8803,8.0
8804,8.0
8805,8.0
8806,8.0
8807,8.0
8808,8.0
8809,8.0
8810,8.0
8811,8.0
8812,8.0
8813,8.0
8814,8.0
8815,8.0
8816,8.0
8817,8.0
8818,8.0
8819,8.0
8820,8.0
8821,8.0
8822,8.0
8823,8.0
8824,8.0
8825,8.0
8826,8.0
8827,8.0
8828,8.0
8829,8.0
8830,8.0
8831,8.0
8832,8.0
8833,8.0
8834,8.0
8835,8.0
8836,8.0
8837,8.0
8838,8.0
8839,8.0
8840,8.0
8841,8.0
8842,8.0
8843,8.0
8844,8.0
8845,8.0
8846,8.0
8847,8.0
8848,8.0
8849,8.0
8850,8.0
8851,8.0
8852,8.0
8853,8.0
8854,8.0
8855,8.0
8856,8.0
8857,8.0
8858,8.0
8859,8.0
8860,8.0
8861,8.0
8862,8.0
8863,8.0
8864,8.0
8865,8.0
8866,8.0
8867,8.0
8868,8.0
8869,8.0
8870,8.0
8871,8.0
8872,8.0
8873,8.0
8874,8.0
8875,8.0
8876,8.0
8877,8.0
8878,8.0
8879,8.0
8880,8.0
8881,8.0
8882,8.0
8883,8.0
8884,8.0
8885,8.0
8886,8.0
8887,8.0
8888,8.0
8889,8.0
8890,8.0
8891,8.0
8892,8.0
8893,8.0
8894,8.0
8895,8.0
8896,8.0
8897,8.0
8898,8.0
8899,8.0
8900,8.0
8901,8.0
8902,8.0
8903,8.0
8904,8.0
8905,8.0
8906,8.0
8907,8.0
8908,8.0
8909,8.0
8910,8.0
8911,8.0
8912,8.0
8913,8.0
8914,8.0
8915,8.0
8916,8.0
8917,8.0
8918,8.0
8919,8.0
8920,8.0
8921,8.0
8922,8.0
8923,8.0
8924,8.0
8925,8.0
8926,8.0
8927,8.0
8928,8.0
8929,8.0
8930,8.0
8931,8.0
8932,8.0
8933,8.0
8934,8.0
8935,8.0
8936,8.0
8937,8.0
8938,8.0
8939,8.0
8940,8.0
8941,8.0
8942,8.0
8943,8.0
8944,8.0
8945,8.0
8946,8.0
8947,8.0
8948,8.0
8949,8.0
8950,8.0
8951,8.0
8952,8.0
8953,8.0
8954,8.0
8955,8.0
8956,8.0
8957,8.0
8958,8.0
8959,8.0
8960,8.0
8961,8.0
8962,8.0
8963,8.0
8964,8.0
8965,8.0
8966,8.0
8967,8.0
8968,8.0
8969,8.0
8970,8.0
8971,8.0
8972,8.0
8973,8.0
8974,8.0
8975,8.0
8976,8.0
8977,8.0
8978,8.0
8979,8.0
8980,8.0
8981,8.0
8982,8.0
8983,8.0
8984,8.0
8985,8.0
8986,8.0
8987,8.0
8988,8.0
8989,8.0
8990,8.0
8991,8.0
8992,8.0
8993,8.0
8994,8.0
8995,8.0
8996,8.0
8997,8.0
8998,8.0
8999,8.0
9000,8.0
9001,8.0
9002,8.0
9003,8.0
9004,8.0
9005,8.0
9006,8.0
9007,8.0
9008,8.0
9009,8.0
9010,8.0
9011,8.0
9012,8.0
9013,8.0
9014,8.0
9015,8.0
9016,8.0
9017,8.0
9018,8.0
9019,8.0
9020,8.0
9021,8.0
9022,8.0
9023,8.0
9024,8.0
9025,8.0
9026,8.0
9027,8.0
9028,8.0
9029,8.0
9030,8.0
9031,8.0
9032,8.0
9033,8.0
9034,8.0
9035,8.0
9036,8.0
9037,8.0
9038,8.0
9039,8.0
9040,8.0
9041,8.0
9042,8.0
9043,8.0
9044,8.0
9045,8.0
9046,8.0
9047,8.0
9048,8.0
9049,8.0
9050,8.0
9051,8.0
9052,8.0
9053,8.0
9054,8.0
9055,8.0
9056,8.0
9057,8.0
9058,8.0
9059,8.0
9060,8.0
9061,8.0
9062,8.0
9063,8.0
9064,8.0
9065,8.0
9066,8.0
9067,8.0
9068,8.0
9069,8.0
9070,8.0
9071,8.0
9072,8.0
9073,8.0
9074,8.0
9075,8.0
9076,8.0
9077,8.0
9078,8.0
9079,8.0
9080,8.0
9081,8.0
9082,8.0
9083,8.0
9084,8.0
9085,8.0
9086,8.0
9087,8.0
9088,8.0
9089,8.0
9090,8.0
9091,8.0
9092,8.0
9093,8.0
9094,8.0
9095,8.0
9096,8.0
9097,8.0
9098,8.0
9099,8.0
9100,8.0
9101,8.0
9102,8.0
9103,8.0
9104,8.0
9105,8.0
9106,8.0
9107,8.0
9108,8.0
9109,8.0
9110,8.0
9111,8.0
9112,8.0
9113,8.0
9114,8.0
9115,8.0
9116,8.0
9117,8.0
9118,8.0
9119,8.0
9120,8.0
9121,8.0
9122,8.0
9123,8.0
9124,8.0
9125,8.0
9126,8.0
9127,8.0
9128,8.0
9129,8.0
9130,8.0
9131,8.0
9132,8.0
9133,8.0
9134,8.0
9135,8.0
9136,8.0
9137,8.0
9138,8.0
9139,8.0
9140,8.0
9141,8.0
9142,8.0
9143,8.0
9144,8.0
9145,8.0
9146,8.0
9147,8.0
9148,8.0
9149,8.0
9150,8.0
9151,8.0
9152,8.0
9153,8.0
9154,8.0
9155,8.0
9156,8.0
9157,8.0
9158,8.0
9159,8.0
9160,8.0
9161,8.0
9162,8.0
9163,8.0
9164,8.0
9165,8.0
9166,8.0
9167,8.0
9168,8.0
9169,8.0
9170,8.0
9171,8.0
9172,8.0
9173,8.0
9174,8.0
9175,8.0
9176,8.0
9177,8.0
9178,8.0
9179,8.0
9180,8.0
9181,8.0
9182,8.0
9183,8.0
9184,8.0
9185,8.0
9186,8.0
9187,8.0
9188,8.0
9189,8.0
9190,8.0
9191,8.0
9192,8.0
9193,8.0
9194,8.0
9195,8.0
9196,8.0
9197,8.0
9198,8.0
9199,8.0
9200,8.0
9201,8.0
9202,8.0
9203,8.0
9204,8.0
9205,8.0
9206,8.0
9207,8.0
9208,8.0
9209,8.0
9210,8.0
9211,8.0
9212,8.0
9213,8.0
9214,8.0
9215,8.0
9216,8.0
9217,8.0
9218,8.0
9219,8.0
9220,8.0
9221,8.0
9222,8.0
9223,8.0
9224,8.0
9225,8.0
9226,8.0
9227,8.0
9228,8.0
9229,8.0
9230,8.0
9231,8.0
9232,8.0
9233,8.0
9234,8.0
9235,8.0
9236,8.0
9237,8.0
9238,8.0
9239,8.0
9240,8.0
9241,8.0
9242,8.0
9243,8.0
9244,8.0
9245,8.0
9246,8.0
9247,8.0
9248,8.0
9249,8.0
9250,8.0
9251,8.0
9252,8.0
9253,8.0
9254,8.0
9255,8.0
9256,8.0
9257,8.0
9258,8.0
9259,8.0
9260,8.0
9261,8.0
9262,8.0
9263,8.0
9264,8.0
9265,8.0
9266,8.0
9267,8.0
9268,8.0
9269,8.0
9270,8.0
9271,8.0
9272,8.0
9273,8.0
9274,8.0
9275,8.0
9276,8.0
9277,8.0
9278,8.0
9279,8.0
9280,8.0
9281,8.0
9282,8.0
9283,8.0
9284,8.0
9285,8.0
9286,8.0
9287,8.0
9288,8.0
9289,8.0
9290,8.0
9291,8.0
9292,8.0
9293,8.0
9294,8.0
9295,8.0
9296,8.0
9297,8.0
9298,8.0
9299,8.0
9300,8.0
9301,8.0
9302,8.0
9303,8.0
9304,8.0
9305,8.0
9306,8.0
9307,8.0
9308,8.0
9309,8.0
9310,8.0
9311,8.0
9312,8.0
9313,8.0
9314,8.0
9315,8.0
9316,8.0
9317,8.0
9318,8.0
9319,8.0
9320,8.0
9321,8.0
9322,8.0
9323,8.0
9324,8.0
9325,8.0
9326,8.0
9327,8.0
9328,8.0
9329,8.0
9330,8.0
9331,8.0
9332,8.0
9333,8.0
9334,8.0
9335,8.0
9336,8.0
9337,8.0
9338,8.0
9339,8.0
9340,8.0
9341,8.0
9342,8.0
9343,8.0
9344,8.0
9345,8.0
9346,8.0
9347,8.0
9348,8.0
9349,8.0
9350,8.0
9351,8.0
9352,8.0
9353,8.0
9354,8.0
9355,8.0
9356,8.0
9357,8.0
9358,8.0
9359,8.0
9360,8.0
9361,8.0
9362,8.0
9363,8.0
9364,8.0
9365,8.0
9366,8.0
9367,8.0
9368,8.0
9369,8.0
9370,8.0
9371,8.0
9372,8.0
9373,8.0
9374,8.0
9375,8.0
9376,8.0
9377,8.0
9378,8.0
9379,8.0
9380,8.0
9381,8.0
9382,8.0
9383,8.0
9384,8.0
9385,8.0
9386,8.0
9387,8.0
9388,8.0
9389,8.0
9390,8.0
9391,8.0
9392,8.0
9393,8.0
9394,8.0
9395,8.0
9396,8.0
9397,8.0
9398,8.0
9399,8.0
9400,8.0
9401,8.0
9402,8.0
9403,8.0
9404,8.0
9405,8.0
9406,8.0
9407,8.0
9408,8.0
9409,8.0
9410,8.0
9411,8.0
9412,8.0
9413,8.0
9414,8.0
9415,8.0
9416,8.0
9417,8.0
9418,8.0
9419,8.0
9420,8.0
9421,8.0
9422,8.0
9423,8.0
9424,8.0
9425,8.0
9426,8.0
9427,8.0
9428,8.0
9429,8.0
9430,8.0
9431,8.0
9432,8.0
9433,8.0
9434,8.0
9435,8.0
9436,8.0
9437,8.0
9438,8.0
9439,8.0
9440,8.0
9441,8.0
9442,8.0
9443,8.0
9444,8.0
9445,8.0
9446,8.0
9447,8.0
9448,8.0
9449,8.0
9450,8.0
9451,8.0
9452,8.0
9453,8.0
9454,8.0
9455,8.0
9456,8.0
9457,8.0
9458,8.0
9459,8.0
9460,8.0
9461,8.0
9462,8.0
9463,8.0
9464,8.0
9465,8.0
9466,8.0
9467,8.0
9468,8.0
9469,8.0
9470,8.0
9471,8.0
9472,8.0
9473,8.0
9474,8.0
9475,8.0
9476,8.0
9477,8.0
9478,8.0
9479,8.0
9480,8.0
9481,8.0
9482,8.0
9483,8.0
9484,8.0
9485,8.0
9486,8.0
9487,8.0
9488,8.0
9489,8.0
9490,8.0
9491,8.0
9492,8.0
9493,8.0
9494,8.0
9495,8.0
9496,8.0
9497,8.0
9498,8.0
9499,8.0
9500,8.0
9501,8.0
9502,8.0
9503,8.0
9504,8.0
9505,8.0
9506,8.0
9507,8.0
9508,8.0
9509,8.0
9510,8.0
9511,8.0
9512,8.0
9513,8.0
9514,8.0
9515,8.0
9516,8.0
9517,8.0
9518,8.0
9519,8.0
9520,8.0
9521,8.0
9522,8.0
9523,8.0
9524,8.0
9525,8.0
9526,8.0
9527,8.0
9528,8.0
9529,8.0
9530,8.0
9531,8.0
9532,8.0
9533,8.0
9534,8.0
9535,8.0
9536,8.0
9537,8.0
9538,8.0
9539,8.0
9540,8.0
9541,8.0
9542,8.0
9543,8.0
9544,8.0
9545,8.0
9546,8.0
9547,8.0
9548,8.0
9549,8.0
9550,8.0
9551,8.0
9552,8.0
9553,8.0
9554,8.0
9555,8.0
9556,8.0
9557,8.0
9558,8.0
9559,8.0
9560,8.0
9561,8.0
9562,8.0
9563,8.0
9564,8.0
9565,8.0
9566,8.0
9567,8.0
9568,8.0
9569,8.0
9570,8.0
9571,8.0
9572,8.0
9573,8.0
9574,8.0
9575,8.0
9576,8.0
9577,8.0
9578,8.0
9579,8.0
9580,8.0
9581,8.0
9582,8.0
9583,8.0
9584,8.0
9585,8.0
9586,8.0
9587,8.0
9588,8.0
9589,8.0
9590,8.0
9591,8.0
9592,8.0
9593,8.0
9594,8.0
9595,8.0
9596,8.0
9597,8.0
9598,8.0
9599,8.0
9600,8.0
9601,8.0
9602,8.0
9603,8.0
9604,8.0
9605,8.0
9606,8.0
9607,8.0
9608,8.0
9609,8.0
9610,8.0
9611,8.0
9612,8.0
9613,8.0
9614,8.0
9615,8.0
9616,8.0
9617,8.0
9618,8.0
9619,8.0
9620,8.0
9621,8.0
9622,8.0
9623,8.0
9624,8.0
9625,8.0
9626,8.0
9627,8.0
9628,8.0
9629,8.0
9630,8.0
9631,8.0
9632,8.0
9633,8.0
9634,8.0
9635,8.0
9636,8.0
9637,8.0
9638,8.0
9639,8.0
9640,8.0
9641,8.0
9642,8.0
9643,8.0
9644,8.0
9645,8.0
9646,8.0
9647,8.0
9648,8.0
9649,8.0
9650,8.0
9651,8.0
9652,8.0
9653,8.0
9654,8.0
9655,8.0
9656,8.0
9657,8.0
9658,8.0
9659,8.0
9660,8.0
9661,8.0
9662,8.0
9663,8.0
9664,8.0
9665,8.0
9666,8.0
9667,8.0
9668,8.0
9669,8.0
9670,8.0
9671,8.0
9672,8.0
9673,8.0
9674,8.0
9675,8.0
9676,8.0
9677,8.0
9678,8.0
9679,8.0
9680,8.0
9681,8.0
9682,8.0
9683,8.0
9684,8.0
9685,8.0
9686,8.0
9687,8.0
9688,8.0
9689,8.0
9690,8.0
9691,8.0
9692,8.0
9693,8.0
9694,8.0
9695,8.0
9696,8.0
9697,8.0
9698,8.0
9699,8.0
9700,8.0
9701,8.0
9702,8.0
9703,8.0
9704,8.0
9705,8.0
9706,8.0
9707,8.0
9708,8.0
9709,8.0
9710,8.0
9711,8.0
9712,8.0
9713,8.0
9714,8.0
9715,8.0
9716,8.0
9717,8.0
9718,8.0
9719,8.0
9720,8.0
9721,8.0
9722,8.0
9723,8.0
9724,8.0
9725,8.0
9726,8.0
9727,8.0
9728,8.0
9729,8.0
9730,8.0
9731,8.0
9732,8.0
9733,8.0
9734,8.0
9735,8.0
9736,8.0
9737,8.0
9738,8.0
9739,8.0
9740,8.0
9741,8.0
9742,8.0
9743,8.0
9744,8.0
9745,8.0
9746,8.0
9747,8.0
9748,8.0
9749,8.0
9750,8.0
9751,8.0
9752,8.0
9753,8.0
9754,8.0
9755,8.0
9756,8.0
9757,8.0
9758,8.0
9759,8.0
9760,8.0
9761,8.0
9762,8.0
9763,8.0
9764,8.0
9765,8.0
9766,8.0
9767,8.0
9768,8.0
9769,8.0
9770,8.0
9771,8.0
9772,8.0
9773,8.0
9774,8.0
9775,8.0
9776,8.0
9777,8.0
9778,8.0
9779,8.0
9780,8.0
9781,8.0
9782,8.0
9783,8.0
9784,8.0
9785,8.0
9786,8.0
9787,8.0
9788,8.0
9789,8.0
9790,8.0
9791,8.0
9792,8.0
9793,8.0
9794,8.0
9795,8.0
9796,8.0
9797,8.0
9798,8.0
9799,8.0
9800,8.0
9801,8.0
9802,8.0
9803,8.0
9804,8.0
9805,8.0
9806,8.0
9807,8.0
9808,8.0
9809,8.0
9810,8.0
9811,8.0
9812,8.0
9813,8.0
9814,8.0
9815,8.0
9816,8.0
9817,8.0
9818,8.0
9819,8.0
9820,8.0
9821,8.0
9822,8.0
9823,8.0
9824,8.0
9825,8.0
9826,8.0
9827,8.0
9828,8.0
9829,8.0
9830,8.0
9831,8.0
9832,8.0
9833,8.0
9834,8.0
9835,8.0
9836,8.0
9837,8.0
9838,8.0
9839,8.0
9840,8.0
9841,8.0
9842,8.0
9843,8.0
9844,8.0
9845,8.0
9846,8.0
9847,8.0
9848,8.0
9849,8.0
9850,8.0
9851,8.0
9852,8.0
9853,8.0
9854,8.0
9855,8.0
9856,8.0
9857,8.0
9858,8.0
9859,8.0
9860,8.0
9861,8.0
9862,8.0
9863,8.0
9864,8.0
9865,8.0
9866,8.0
9867,8.0
9868,8.0
9869,8.0
9870,8.0
9871,8.0
9872,8.0
9873,8.0
9874,8.0
9875,8.0
9876,8.0
9877,8.0
9878,8.0
9879,8.0
9880,8.0
9881,8.0
9882,8.0
9883,8.0
9884,8.0
9885,8.0
9886,8.0
9887,8.0
9888,8.0
9889,8.0
9890,8.0
9891,8.0
9892,8.0
9893,8.0
9894,8.0
9895,8.0
9896,8.0
9897,8.0
9898,8.0
9899,8.0
9900,8.0
9901,8.0
9902,8.0
9903,8.0
9904,8.0
9905,8.0
9906,8.0
9907,8.0
9908,8.0
9909,8.0
9910,8.0
9911,8.0
9912,8.0
9913,8.0
9914,8.0
9915,8.0
9916,8.0
9917,8.0
9918,8.0
9919,8.0
9920,8.0
9921,8.0
9922,8.0
9923,8.0
9924,8.0
9925,8.0
9926,8.0
9927,8.0
9928,8.0
9929,8.0
9930,8.0
9931,8.0
9932,8.0
9933,8.0
9934,8.0
9935,8.0
9936,8.0
9937,8.0
9938,8.0
9939,8.0
9940,8.0
9941,8.0
9942,8.0
9943,8.0
9944,8.0
9945,8.0
9946,8.0
9947,8.0
9948,8.0
9949,8.0
9950,8.0
9951,8.0
9952,8.0
9953,8.0
9954,8.0
9955,8.0
9956,8.0
9957,8.0
9958,8.0
9959,8.0
9960,8.0
9961,8.0
9962,8.0
9963,8.0
9964,8.0
9965,8.0
9966,8.0
9967,8.0
9968,8.0
9969,8.0
9970,8.0
9971,8.0
9972,8.0
9973,8.0
9974,8.0
9975,8.0
9976,8.0
9977,8.0
9978,8.0
9979,8.0
9980,8.0
9981,8.0
9982,8.0
9983,8.0
9984,8.0
9985,8.0
9986,8.0
9987,8.0
9988,8.0
9989,8.0
9990,8.0
9991,8.0
9992,8.0
9993,8.0
9994,8.0
9995,8.0
9996,8.0
9997,8.0
9998,8.0
9999,8.0
10000,8.0
10001,8.0
10002,8.0
10003,8.0
10004,8.0
10005,8.0
10006,8.0
10007,8.0
10008,8.0
10009,8.0
10010,8.0
10011,8.0
10012,8.0
10013,8.0
10014,8.0
10015,8.0
10016,8.0
10017,8.0
10018,8.0
10019,8.0
10020,8.0
10021,8.0
10022,8.0
10023,8.0
10024,8.0
10025,8.0
10026,8.0
10027,8.0
10028,8.0
10029,8.0
10030,8.0
10031,8.0
10032,8.0
10033,8.0
10034,8.0
10035,8.0
10036,8.0
10037,8.0
10038,8.0
10039,8.0
10040,8.0
10041,8.0
10042,8.0
10043,8.0
10044,8.0
10045,8.0
10046,8.0
10047,8.0
10048,8.0
10049,8.0
10050,8.0
10051,8.0
10052,8.0
10053,8.0
10054,8.0
10055,8.0
10056,8.0
10057,8.0
10058,8.0
10059,8.0
10060,8.0
10061,8.0
10062,8.0
10063,8.0
10064,8.0
10065,8.0
10066,8.0
10067,8.0
10068,8.0
10069,8.0
10070,8.0
10071,8.0
10072,8.0
10073,8.0
10074,8.0
10075,8.0
10076,8.0
10077,8.0
10078,8.0
10079,8.0
10080,8.0
10081,8.0
10082,8.0
10083,8.0
10084,8.0
10085,8.0
10086,8.0
10087,8.0
10088,8.0
10089,8.0
10090,8.0
10091,8.0
10092,8.0
10093,8.0
10094,8.0
10095,8.0
10096,8.0
10097,8.0
10098,8.0
10099,8.0
10100,8.0
10101,8.0
10102,8.0
10103,8.0
10104,8.0
10105,8.0
10106,8.0
10107,8.0
10108,8.0
10109,8.0
10110,8.0
10111,8.0
10112,8.0
10113,8.0
10114,8.0
10115,8.0
10116,8.0
10117,8.0
10118,8.0
10119,8.0
10120,8.0
10121,8.0
10122,8.0
10123,8.0
10124,8.0
10125,8.0
10126,8.0
10127,8.0
10128,8.0
10129,8.0
10130,8.0
10131,8.0
10132,8.0
10133,8.0
10134,8.0
10135,8.0
10136,8.0
10137,8.0
10138,8.0
10139,8.0
10140,8.0
10141,8.0
10142,8.0
10143,8.0
10144,8.0
10145,8.0
10146,8.0
10147,8.0
10148,8.0
10149,8.0
10150,8.0
10151,8.0
10152,8.0
10153,8.0
10154,8.0
10155,8.0
10156,8.0
10157,8.0
10158,8.0
10159,8.0
10160,8.0
10161,8.0
10162,8.0
10163,8.0
10164,8.0
10165,8.0
10166,8.0
10167,8.0
10168,8.0
10169,8.0
10170,8.0
10171,8.0
10172,8.0
10173,8.0
10174,8.0
10175,8.0
10176,8.0
10177,8.0
10178,8.0
10179,8.0
10180,8.0
10181,8.0
10182,8.0
10183,8.0
10184,8.0
10185,8.0
10186,8.0
10187,8.0
10188,8.0
10189,8.0
10190,8.0
10191,8.0
10192,8.0
10193,8.0
10194,8.0
10195,8.0
10196,8.0
10197,8.0
10198,8.0
10199,8.0
10200,8.0
10201,8.0
10202,8.0
10203,8.0
10204,8.0
10205,8.0
10206,8.0
10207,8.0
10208,8.0
10209,8.0
10210,8.0
10211,8.0
10212,8.0
10213,8.0
10214,8.0
10215,8.0
10216,8.0
10217,8.0
10218,8.0
10219,8.0
10220,8.0
10221,8.0
10222,8.0
10223,8.0
10224,8.0
10225,8.0
10226,8.0
10227,8.0
10228,8.0
10229,8.0
10230,8.0
10231,8.0
10232,8.0
10233,8.0
10234,8.0
10235,8.0
10236,8.0
10237,8.0
10238,8.0
10239,8.0
10240,8.0
10241,8.0
10242,8.0
10243,8.0
10244,8.0
10245,8.0
10246,8.0
10247,8.0
10248,8.0
10249,8.0
10250,8.0
10251,8.0
10252,8.0
10253,8.0
10254,8.0
10255,8.0
10256,8.0
10257,8.0
10258,8.0
10259,8.0
10260,8.0
10261,8.0
10262,8.0
10263,8.0
10264,8.0
10265,8.0
10266,8.0
10267,8.0
10268,8.0
10269,8.0
10270,8.0
10271,8.0
10272,8.0
10273,8.0
10274,8.0
10275,8.0
10276,8.0
10277,8.0
10278,8.0
10279,8.0
10280,8.0
10281,8.0
10282,8.0
10283,8.0
10284,8.0
10285,8.0
10286,8.0
10287,8.0
10288,8.0
10289,8.0
10290,8.0
10291,8.0
10292,8.0
10293,8.0
10294,8.0
10295,8.0
10296,8.0
10297,8.0
10298,8.0
10299,8.0
10300,8.0
10301,8.0
10302,8.0
10303,8.0
10304,8.0
10305,8.0
10306,8.0
10307,8.0
10308,8.0
10309,8.0
10310,8.0
10311,8.0
10312,8.0
10313,8.0
10314,8.0
10315,8.0
10316,8.0
10317,8.0
10318,8.0
10319,8.0
10320,8.0
10321,8.0
10322,8.0
10323,8.0
10324,8.0
10325,8.0
10326,8.0
10327,8.0
10328,8.0
10329,8.0
10330,8.0
10331,8.0
10332,8.0
10333,8.0
10334,8.0
10335,8.0
10336,8.0
10337,8.0
10338,8.0
10339,8.0
10340,8.0
10341,8.0
10342,8.0
10343,8.0
10344,8.0
10345,8.0
10346,8.0
10347,8.0
10348,8.0
10349,8.0
10350,8.0
10351,8.0
10352,8.0
10353,8.0
10354,8.0
10355,8.0
10356,8.0
10357,8.0
10358,8.0
10359,8.0
10360,8.0
10361,8.0
10362,8.0
10363,8.0
10364,8.0
10365,8.0
10366,8.0
10367,8.0
10368,8.0
10369,8.0
10370,8.0
10371,8.0
10372,8.0
10373,8.0
10374,8.0
10375,8.0
10376,8.0
10377,8.0
10378,8.0
10379,8.0
10380,8.0
10381,8.0
10382,8.0
10383,8.0
10384,8.0
10385,8.0
10386,8.0
10387,8.0
10388,8.0
10389,8.0
10390,8.0
10391,8.0
10392,8.0
10393,8.0
10394,8.0
10395,8.0
10396,8.0
10397,8.0
10398,8.0
10399,8.0
10400,8.0
10401,8.0
10402,8.0
10403,8.0
10404,8.0
10405,8.0
10406,8.0
10407,8.0
10408,8.0
10409,8.0
10410,8.0
10411,8.0
10412,8.0
10413,8.0
10414,8.0
10415,8.0
10416,8.0
10417,8.0
10418,8.0
10419,8.0
10420,8.0
10421,8.0
10422,8.0
10423,8.0
10424,8.0
10425,8.0
10426,8.0
10427,8.0
10428,8.0
10429,8.0
10430,8.0
10431,8.0
10432,8.0
10433,8.0
10434,8.0
10435,8.0
10436,8.0
10437,8.0
10438,8.0
10439,8.0
10440,8.0
10441,8.0
10442,8.0
10443,8.0
10444,8.0
10445,8.0
10446,8.0
10447,8.0
10448,8.0
10449,8.0
10450,8.0
10451,8.0
10452,8.0
10453,8.0
10454,8.0
10455,8.0
10456,8.0
10457,8.0
10458,8.0
10459,8.0
10460,8.0
10461,8.0
10462,8.0
10463,8.0
10464,8.0
10465,8.0
10466,8.0
10467,8.0
10468,8.0
10469,8.0
10470,8.0
10471,8.0
10472,8.0
10473,8.0
10474,8.0
10475,8.0
10476,8.0
10477,8.0
10478,8.0
10479,8.0
10480,8.0
10481,8.0
10482,8.0
10483,8.0
10484,8.0
10485,8.0
10486,8.0
10487,8.0
10488,8.0
10489,8.0
10490,8.0
10491,8.0
10492,8.0
10493,8.0
10494,8.0
10495,8.0
10496,8.0
10497,8.0
10498,8.0
10499,8.0
10500,8.0
10501,8.0
10502,8.0
10503,8.0
10504,8.0
10505,8.0
10506,8.0
10507,8.0
10508,8.0
10509,8.0
10510,8.0
10511,8.0
10512,8.0
10513,8.0
10514,8.0
10515,8.0
10516,8.0
10517,8.0
10518,8.0
10519,8.0
10520,8.0
10521,8.0
10522,8.0
10523,8.0
10524,8.0
10525,8.0
10526,8.0
10527,8.0
10528,8.0
10529,8.0
10530,8.0
10531,8.0
10532,8.0
10533,8.0
10534,8.0
10535,8.0
10536,8.0
10537,8.0
10538,8.0
10539,8.0
10540,8.0
10541,8.0
10542,8.0
10543,8.0
10544,8.0
10545,8.0
10546,8.0
10547,8.0
10548,8.0
10549,8.0
10550,8.0
10551,8.0
10552,8.0
10553,8.0
10554,8.0
10555,8.0
10556,8.0
10557,8.0
10558,8.0
10559,8.0
10560,8.0
10561,8.0
10562,8.0
10563,8.0
10564,8.0
10565,8.0
10566,8.0
10567,8.0
10568,8.0
10569,8.0
10570,8.0
10571,8.0
10572,8.0
10573,8.0
10574,8.0
10575,8.0
10576,8.0
10577,8.0
10578,8.0
10579,8.0
10580,8.0
10581,8.0
10582,8.0
10583,8.0
10584,8.0
10585,8.0
10586,8.0
10587,8.0
10588,8.0
10589,8.0
10590,8.0
10591,8.0
10592,8.0
10593,8.0
10594,8.0
10595,8.0
10596,8.0
10597,8.0
10598,8.0
10599,8.0
10600,8.0
10601,8.0
10602,8.0
10603,8.0
10604,8.0
10605,8.0
10606,8.0
10607,8.0
10608,8.0
10609,8.0
10610,8.0
10611,8.0
10612,8.0
10613,8.0
10614,8.0
10615,8.0
10616,8.0
10617,8.0
10618,8.0
10619,8.0
10620,8.0
10621,8.0
10622,8.0
10623,8.0
10624,8.0
10625,8.0
10626,8.0
10627,8.0
10628,8.0
10629,8.0
10630,8.0
10631,8.0
10632,8.0
10633,8.0
10634,8.0
10635,8.0
10636,8.0
10637,8.0
10638,8.0
10639,8.0
10640,8.0
10641,8.0
10642,8.0
10643,8.0
10644,8.0
10645,8.0
10646,8.0
10647,8.0
10648,8.0
10649,8.0
10650,8.0
10651,8.0
10652,8.0
10653,8.0
10654,8.0
10655,8.0
10656,8.0
10657,8.0
10658,8.0
10659,8.0
10660,8.0
10661,8.0
10662,8.0
10663,8.0
10664,8.0
10665,8.0
10666,8.0
10667,8.0
10668,8.0
10669,8.0
10670,8.0
10671,8.0
10672,8.0
10673,8.0
10674,8.0
10675,8.0
10676,8.0
10677,8.0
10678,8.0
10679,8.0
10680,8.0
10681,8.0
10682,8.0
10683,8.0
10684,8.0
10685,8.0
10686,8.0
10687,8.0
10688,8.0
10689,8.0
10690,8.0
10691,8.0
10692,8.0
10693,8.0
10694,8.0
10695,8.0
10696,8.0
10697,8.0
10698,8.0
10699,8.0
10700,8.0
10701,8.0
10702,8.0
10703,8.0
10704,8.0
10705,8.0
10706,8.0
10707,8.0
10708,8.0
10709,8.0
10710,8.0
10711,8.0
10712,8.0
10713,8.0
10714,8.0
10715,8.0
10716,8.0
10717,8.0
10718,8.0
10719,8.0
10720,8.0
10721,8.0
10722,8.0
10723,8.0
10724,8.0
10725,8.0
10726,8.0
10727,8.0
10728,8.0
10729,8.0
10730,8.0
10731,8.0
10732,8.0
10733,8.0
10734,8.0
10735,8.0
10736,8.0
10737,8.0
10738,8.0
10739,8.0
10740,8.0
10741,8.0
10742,8.0
10743,8.0
10744,8.0
10745,8.0
10746,8.0
10747,8.0
10748,8.0
10749,8.0
10750,8.0
10751,8.0
10752,8.0
10753,8.0
10754,8.0
10755,8.0
10756,8.0
10757,8.0
10758,8.0
10759,8.0
10760,8.0
10761,8.0
10762,8.0
10763,8.0
10764,8.0
10765,8.0
10766,8.0
10767,8.0
10768,8.0
10769,8.0
10770,8.0
10771,8.0
10772,8.0
10773,8.0
10774,8.0
10775,8.0
10776,8.0
10777,8.0
10778,8.0
10779,8.0
10780,8.0
10781,8.0
10782,8.0
10783,8.0
10784,8.0
10785,8.0
10786,8.0
10787,8.0
10788,8.0
10789,8.0
10790,8.0
10791,8.0
10792,8.0
10793,8.0
10794,8.0
10795,8.0
10796,8.0
10797,8.0
10798,8.0
10799,8.0
10800,8.0
10801,8.0
10802,8.0
10803,8.0
10804,8.0
10805,8.0
10806,8.0
10807,8.0
10808,8.0
10809,8.0
10810,8.0
10811,8.0
10812,8.0
10813,8.0
10814,8.0
10815,8.0
10816,8.0
10817,8.0
10818,8.0
10819,8.0
10820,8.0
10821,8.0
10822,8.0
10823,8.0
10824,8.0
10825,8.0
10826,8.0
10827,8.0
10828,8.0
10829,8.0
10830,8.0
10831,8.0
10832,8.0
10833,8.0
10834,8.0
10835,8.0
10836,8.0
10837,8.0
10838,8.0
10839,8.0
10840,8.0
10841,8.0
10842,8.0
10843,8.0
10844,8.0
10845,8.0
10846,8.0
10847,8.0
10848,8.0
10849,8.0
10850,8.0
10851,8.0
10852,8.0
10853,8.0
10854,8.0
10855,8.0
10856,8.0
10857,8.0
10858,8.0
10859,8.0
10860,8.0
10861,8.0
10862,8.0
10863,8.0
10864,8.0
10865,8.0
10866,8.0
10867,8.0
10868,8.0
10869,8.0
10870,8.0
10871,8.0
10872,8.0
10873,8.0
10874,8.0
10875,8.0
10876,8.0
10877,8.0
10878,8.0
10879,8.0
10880,8.0
10881,8.0
10882,8.0
10883,8.0
10884,8.0
10885,8.0
10886,8.0
10887,8.0
10888,8.0
10889,8.0
10890,8.0
10891,8.0
10892,8.0
10893,8.0
10894,8.0
10895,8.0
10896,8.0
10897,8.0
10898,8.0
10899,8.0
10900,8.0
10901,8.0
10902,8.0
10903,8.0
10904,8.0
10905,8.0
10906,8.0
10907,8.0
10908,8.0
10909,8.0
10910,8.0
10911,8.0
10912,8.0
10913,8.0
10914,8.0
10915,8.0
10916,8.0
10917,8.0
10918,8.0
10919,8.0
10920,8.0
10921,8.0
10922,8.0
10923,8.0
10924,8.0
10925,8.0
10926,8.0
10927,8.0
10928,8.0
10929,8.0
10930,8.0
10931,8.0
10932,8.0
10933,8.0
10934,8.0
10935,8.0
10936,8.0
10937,8.0
10938,8.0
10939,8.0
10940,8.0
10941,8.0
10942,8.0
10943,8.0
10944,8.0
10945,8.0
10946,8.0
10947,8.0
10948,8.0
10949,8.0
10950,8.0
10951,8.0
10952,8.0
10953,8.0
10954,8.0
10955,8.0
10956,8.0
10957,8.0
10958,8.0
10959,8.0
10960,8.0
10961,8.0
10962,8.0
10963,8.0
10964,8.0
10965,8.0
10966,8.0
10967,8.0
10968,8.0
10969,8.0
10970,8.0
10971,8.0
10972,8.0
10973,8.0
10974,8.0
10975,8.0
10976,8.0
10977,8.0
10978,8.0
10979,8.0
10980,8.0
10981,8.0
10982,8.0
10983,8.0
10984,8.0
10985,8.0
10986,8.0
10987,8.0
10988,8.0
10989,8.0
10990,8.0
10991,8.0
10992,8.0
10993,8.0
10994,8.0
10995,8.0
10996,8.0
10997,8.0
10998,8.0
10999,8.0
11000,8.0
11001,8.0
11002,8.0
11003,8.0
11004,8.0
11005,8.0
11006,8.0
11007,8.0
11008,8.0
11009,8.0
11010,8.0
11011,8.0
11012,8.0
11013,8.0
11014,8.0
11015,8.0
11016,8.0
11017,8.0
11018,8.0
11019,8.0
11020,8.0
11021,8.0
11022,8.0
11023,8.0
11024,8.0
11025,8.0
11026,8.0
11027,8.0
11028,8.0
11029,8.0
11030,8.0
11031,8.0
11032,8.0
11033,8.0
11034,8.0
11035,8.0
11036,8.0
11037,8.0
11038,8.0
11039,8.0
11040,8.0
11041,8.0
11042,8.0
11043,8.0
11044,8.0
11045,8.0
11046,8.0
11047,8.0
11048,8.0
11049,8.0
11050,8.0
11051,8.0
11052,8.0
11053,8.0
11054,8.0
11055,8.0
11056,8.0
11057,8.0
11058,8.0
11059,8.0
11060,8.0
11061,8.0
11062,8.0
11063,8.0
11064,8.0
11065,8.0
11066,8.0
11067,8.0
11068,8.0
11069,8.0
11070,8.0
11071,8.0
11072,8.0
11073,8.0
11074,8.0
11075,8.0
11076,8.0
11077,8.0
11078,8.0
11079,8.0
11080,8.0
11081,8.0
11082,8.0
11083,8.0
11084,8.0
11085,8.0
11086,8.0
11087,8.0
11088,8.0
11089,8.0
11090,8.0
11091,8.0
11092,8.0
11093,8.0
11094,8.0
11095,8.0
11096,8.0
11097,8.0
11098,8.0
11099,8.0
11100,8.0
11101,8.0
11102,8.0
11103,8.0
11104,8.0
11105,8.0
11106,8.0
11107,8.0
11108,8.0
11109,8.0
11110,8.0
11111,8.0
11112,8.0
11113,8.0
11114,8.0
11115,8.0
11116,8.0
11117,8.0
11118,8.0
11119,8.0
11120,8.0
11121,8.0
11122,8.0
11123,8.0
11124,8.0
11125,8.0
11126,8.0
11127,8.0
11128,8.0
11129,8.0
11130,8.0
11131,8.0
11132,8.0
11133,8.0
11134,8.0
11135,8.0
11136,8.0
11137,8.0
11138,8.0
11139,8.0
11140,8.0
11141,8.0
11142,8.0
11143,8.0
11144,8.0
11145,8.0
11146,8.0
11147,8.0
11148,8.0
11149,8.0
11150,8.0
11151,8.0
11152,8.0
11153,8.0
11154,8.0
11155,8.0
11156,8.0
11157,8.0
11158,8.0
11159,8.0
11160,8.0
11161,8.0
11162,8.0
11163,8.0
11164,8.0
11165,8.0
11166,8.0
11167,8.0
11168,8.0
11169,8.0
11170,8.0
11171,8.0
11172,8.0
11173,8.0
11174,8.0
11175,8.0
11176,8.0
11177,8.0
11178,8.0
11179,8.0
11180,8.0
11181,8.0
11182,8.0
11183,8.0
11184,8.0
11185,8.0
11186,8.0
11187,8.0
11188,8.0
11189,8.0
11190,8.0
11191,8.0
11192,8.0
11193,8.0
11194,8.0
11195,8.0
11196,8.0
11197,8.0
11198,8.0
11199,8.0
11200,8.0
11201,8.0
11202,8.0
11203,8.0
11204,8.0
11205,8.0
11206,8.0
11207,8.0
11208,8.0
11209,8.0
11210,8.0
11211,8.0
11212,8.0
11213,8.0
11214,8.0
11215,8.0
11216,8.0
11217,8.0
11218,8.0
11219,8.0
11220,8.0
11221,8.0
11222,8.0
11223,8.0
11224,8.0
11225,8.0
11226,8.0
11227,8.0
11228,8.0
11229,8.0
11230,8.0
11231,8.0
11232,8.0
11233,8.0
11234,8.0
11235,8.0
11236,8.0
11237,8.0
11238,8.0
11239,8.0
11240,8.0
11241,8.0
11242,8.0
11243,8.0
11244,8.0
11245,8.0
11246,8.0
11247,8.0
11248,8.0
11249,8.0
11250,8.0
11251,8.0
11252,8.0
11253,8.0
11254,8.0
11255,8.0
11256,8.0
11257,8.0
11258,8.0
11259,8.0
11260,8.0
11261,8.0
11262,8.0
11263,8.0
11264,8.0
11265,8.0
11266,8.0
11267,8.0
11268,8.0
11269,8.0
11270,8.0
11271,8.0
11272,8.0
11273,8.0
11274,8.0
11275,8.0
11276,8.0
11277,8.0
11278,8.0
11279,8.0
11280,8.0
11281,8.0
11282,8.0
11283,8.0
11284,8.0
11285,8.0
11286,8.0
11287,8.0
11288,8.0
11289,8.0
11290,8.0
11291,8.0
11292,8.0
11293,8.0
11294,8.0
11295,8.0
11296,8.0
11297,8.0
11298,8.0
11299,8.0
11300,8.0
11301,8.0
11302,8.0
11303,8.0
11304,8.0
11305,8.0
11306,8.0
11307,8.0
11308,8.0
11309,8.0
11310,8.0
11311,8.0
11312,8.0
11313,8.0
11314,8.0
11315,8.0
11316,8.0
11317,8.0
11318,8.0
11319,8.0
11320,8.0
11321,8.0
11322,8.0
11323,8.0
11324,8.0
11325,8.0
11326,8.0
11327,8.0
11328,8.0
11329,8.0
11330,8.0
11331,8.0
11332,8.0
11333,8.0
11334,8.0
11335,8.0
11336,8.0
11337,8.0
11338,8.0
11339,8.0
11340,8.0
11341,8.0
11342,8.0
11343,8.0
11344,8.0
11345,8.0
11346,8.0
11347,8.0
11348,8.0
11349,8.0
11350,8.0
11351,8.0
11352,8.0
11353,8.0
11354,8.0
11355,8.0
11356,8.0
11357,8.0
11358,8.0
11359,8.0
11360,8.0
11361,8.0
11362,8.0
11363,8.0
11364,8.0
11365,8.0
11366,8.0
11367,8.0
11368,8.0
11369,8.0
11370,8.0
11371,8.0
11372,8.0
11373,8.0
11374,8.0
11375,8.0
11376,8.0
11377,8.0
11378,8.0
11379,8.0
11380,8.0
11381,8.0
11382,8.0
11383,8.0
11384,8.0
11385,8.0
11386,8.0
11387,8.0
11388,8.0
11389,8.0
11390,8.0
11391,8.0
11392,8.0
11393,8.0
11394,8.0
11395,8.0
11396,8.0
11397,8.0
11398,8.0
11399,8.0
11400,8.0
11401,8.0
11402,8.0
11403,8.0
11404,8.0
11405,8.0
11406,8.0
11407,8.0
11408,8.0
11409,8.0
11410,8.0
11411,8.0
11412,8.0
11413,8.0
11414,8.0
11415,8.0
11416,8.0
11417,8.0
11418,8.0
11419,8.0
11420,8.0
11421,8.0
11422,8.0
11423,8.0
11424,8.0
11425,8.0
11426,8.0
11427,8.0
11428,8.0
11429,8.0
11430,8.0
11431,8.0
11432,8.0
11433,8.0
11434,8.0
11435,8.0
11436,8.0
11437,8.0
11438,8.0
11439,8.0
11440,8.0
11441,8.0
11442,8.0
11443,8.0
11444,8.0
11445,8.0
11446,8.0
11447,8.0
11448,8.0
11449,8.0
11450,8.0
11451,8.0
11452,8.0
11453,8.0
11454,8.0
11455,8.0
11456,8.0
11457,8.0
11458,8.0
11459,8.0
11460,8.0
11461,8.0
11462,8.0
11463,8.0
11464,8.0
11465,8.0
11466,8.0
11467,8.0
11468,8.0
11469,8.0
11470,8.0
11471,8.0
11472,8.0
11473,8.0
11474,8.0
11475,8.0
11476,8.0
11477,8.0
11478,8.0
11479,8.0
11480,8.0
11481,8.0
11482,8.0
11483,8.0
11484,8.0
11485,8.0
11486,8.0
11487,8.0
11488,8.0
11489,8.0
11490,8.0
11491,8.0
11492,8.0
11493,8.0
11494,8.0
11495,8.0
11496,8.0
11497,8.0
11498,8.0
11499,8.0
11500,8.0
11501,8.0
11502,8.0
11503,8.0
11504,8.0
11505,8.0
11506,8.0
11507,8.0
11508,8.0
11509,8.0
11510,8.0
11511,8.0
11512,8.0
11513,8.0
11514,8.0
11515,8.0
11516,8.0
11517,8.0
11518,8.0
11519,8.0
11520,8.0
11521,8.0
11522,8.0
11523,8.0
11524,8.0
11525,8.0
11526,8.0
11527,8.0
11528,8.0
11529,8.0
11530,8.0
11531,8.0
11532,8.0
11533,8.0
11534,8.0
11535,8.0
11536,8.0
11537,8.0
11538,8.0
11539,8.0
11540,8.0
11541,8.0
11542,8.0
11543,8.0
11544,8.0
11545,8.0
11546,8.0
11547,8.0
11548,8.0
11549,8.0
11550,8.0
11551,8.0
11552,8.0
11553,8.0
11554,8.0
11555,8.0
11556,8.0
11557,8.0
11558,8.0
11559,8.0
11560,8.0
11561,8.0
11562,8.0
11563,8.0
11564,8.0
11565,8.0
11566,8.0
11567,8.0
11568,8.0
11569,8.0
11570,8.0
11571,8.0
11572,8.0
11573,8.0
11574,8.0
11575,8.0
11576,8.0
11577,8.0
11578,8.0
11579,8.0
11580,8.0
11581,8.0
11582,8.0
11583,8.0
11584,8.0
11585,8.0
11586,8.0
11587,8.0
11588,8.0
11589,8.0
11590,8.0
11591,8.0
11592,8.0
11593,8.0
11594,8.0
11595,8.0
11596,8.0
11597,8.0
11598,8.0
11599,8.0
11600,8.0
11601,8.0
11602,8.0
11603,8.0
11604,8.0
11605,8.0
11606,8.0
11607,8.0
11608,8.0
11609,8.0
11610,8.0
11611,8.0
11612,8.0
11613,8.0
11614,8.0
11615,8.0
11616,8.0
11617,8.0
11618,8.0
11619,8.0
11620,8.0
11621,8.0
11622,8.0
11623,8.0
11624,8.0
11625,8.0
11626,8.0
11627,8.0
11628,8.0
11629,8.0
11630,8.0
11631,8.0
11632,8.0
11633,8.0
11634,8.0
11635,8.0
11636,8.0
11637,8.0
11638,8.0
11639,8.0
11640,8.0
11641,8.0
11642,8.0
11643,8.0
11644,8.0
11645,8.0
11646,8.0
11647,8.0
11648,8.0
11649,8.0
11650,8.0
11651,8.0
11652,8.0
11653,8.0
11654,8.0
11655,8.0
11656,8.0
11657,8.0
11658,8.0
11659,8.0
11660,8.0
11661,8.0
11662,8.0
11663,8.0
11664,8.0
11665,8.0
11666,8.0
11667,8.0
11668,8.0
11669,8.0
11670,8.0
11671,8.0
11672,8.0
11673,8.0
11674,8.0
11675,8.0
11676,8.0
11677,8.0
11678,8.0
11679,8.0
11680,8.0
11681,8.0
11682,8.0
11683,8.0
11684,8.0
11685,8.0
11686,8.0
11687,8.0
11688,8.0
11689,8.0
11690,8.0
11691,8.0
11692,8.0
11693,8.0
11694,8.0
11695,8.0
11696,8.0
11697,8.0
11698,8.0
11699,8.0
11700,8.0
11701,8.0
11702,8.0
11703,8.0
11704,8.0
11705,8.0
11706,8.0
11707,8.0
11708,8.0
11709,8.0
11710,8.0
11711,8.0
11712,8.0
11713,8.0
11714,8.0
11715,8.0
11716,8.0
11717,8.0
11718,8.0
11719,8.0
11720,8.0
11721,8.0
11722,8.0
11723,8.0
11724,8.0
11725,8.0
11726,8.0
11727,8.0
11728,8.0
11729,8.0
11730,8.0
11731,8.0
11732,8.0
11733,8.0
11734,8.0
11735,8.0
11736,8.0
11737,8.0
11738,8.0
11739,8.0
11740,8.0
11741,8.0
11742,8.0
11743,8.0
11744,8.0
11745,8.0
11746,8.0
11747,8.0
11748,8.0
11749,8.0
11750,8.0
11751,8.0
11752,8.0
11753,8.0
11754,8.0
11755,8.0
11756,8.0
11757,8.0
11758,8.0
11759,8.0
11760,8.0
11761,8.0
11762,8.0
11763,8.0
11764,8.0
11765,8.0
11766,8.0
11767,8.0
11768,8.0
11769,8.0
11770,8.0
11771,8.0
11772,8.0
11773,8.0
11774,8.0
11775,8.0
11776,8.0
11777,8.0
11778,8.0
11779,8.0
11780,8.0
11781,8.0
11782,8.0
11783,8.0
11784,8.0
11785,8.0
11786,8.0
11787,8.0
11788,8.0
11789,8.0
11790,8.0
11791,8.0
11792,8.0
11793,8.0
11794,8.0
11795,8.0
11796,8.0
11797,8.0
11798,8.0
11799,8.0
11800,8.0
11801,8.0
11802,8.0
11803,8.0
11804,8.0
11805,8.0
11806,8.0
11807,8.0
11808,8.0
11809,8.0
11810,8.0
11811,8.0
11812,8.0
11813,8.0
11814,8.0
11815,8.0
11816,8.0
11817,8.0
11818,8.0
11819,8.0
11820,8.0
11821,8.0
11822,8.0
11823,8.0
11824,8.0
11825,8.0
11826,8.0
11827,8.0
11828,8.0
11829,8.0
11830,8.0
11831,8.0
11832,8.0
11833,8.0
11834,8.0
11835,8.0
11836,8.0
11837,8.0
11838,8.0
11839,8.0
11840,8.0
11841,8.0
11842,8.0
11843,8.0
11844,8.0
11845,8.0
11846,8.0
11847,8.0
11848,8.0
11849,8.0
11850,8.0
11851,8.0
11852,8.0
11853,8.0
11854,8.0
11855,8.0
11856,8.0
11857,8.0
11858,8.0
11859,8.0
11860,8.0
11861,8.0
11862,8.0
11863,8.0
11864,8.0
11865,8.0
11866,8.0
11867,8.0
11868,8.0
11869,8.0
11870,8.0
11871,8.0
11872,8.0
11873,8.0
11874,8.0
11875,8.0
11876,8.0
11877,8.0
11878,8.0
11879,8.0
11880,8.0
11881,8.0
11882,8.0
11883,8.0
11884,8.0
11885,8.0
11886,8.0
11887,8.0
11888,8.0
11889,8.0
11890,8.0
11891,8.0
11892,8.0
11893,8.0
11894,8.0
11895,8.0
11896,8.0
11897,8.0
11898,8.0
11899,8.0
11900,8.0
11901,8.0
11902,8.0
11903,8.0
11904,8.0
11905,8.0
11906,8.0
11907,8.0
11908,8.0
11909,8.0
11910,8.0
11911,8.0
11912,8.0
11913,8.0
11914,8.0
11915,8.0
11916,8.0
11917,8.0
11918,8.0
11919,8.0
11920,8.0
11921,8.0
11922,8.0
11923,8.0
11924,8.0
11925,8.0
11926,8.0
11927,8.0
11928,8.0
11929,8.0
11930,8.0
11931,8.0
11932,8.0
11933,8.0
11934,8.0
11935,8.0
11936,8.0
11937,8.0
11938,8.0
11939,8.0
11940,8.0
11941,8.0
11942,8.0
11943,8.0
11944,8.0
11945,8.0
11946,8.0
11947,8.0
11948,8.0
11949,8.0
11950,8.0
11951,8.0
11952,8.0
11953,8.0
11954,8.0
11955,8.0
11956,8.0
11957,8.0
11958,8.0
11959,8.0
11960,8.0
11961,8.0
11962,8.0
11963,8.0
11964,8.0
11965,8.0
11966,8.0
11967,8.0
11968,8.0
11969,8.0
11970,8.0
11971,8.0
11972,8.0
11973,8.0
11974,8.0
11975,8.0
11976,8.0
11977,8.0
11978,8.0
11979,8.0
11980,8.0
11981,8.0
11982,8.0
11983,8.0
11984,8.0
11985,8.0
11986,8.0
11987,8.0
11988,8.0
11989,8.0
11990,8.0
11991,8.0
11992,8.0
11993,8.0
11994,8.0
11995,8.0
11996,8.0
11997,8.0
11998,8.0
11999,8.0
12000,8.0
12001,8.0
12002,8.0
12003,8.0
12004,8.0
12005,8.0
12006,8.0
12007,8.0
12008,8.0
12009,8.0
12010,8.0
12011,8.0
12012,8.0
12013,8.0
12014,8.0
12015,8.0
12016,8.0
12017,8.0
12018,8.0
12019,8.0
12020,8.0
12021,8.0
12022,8.0
12023,8.0
12024,8.0
12025,8.0
12026,8.0
12027,8.0
12028,8.0
12029,8.0
12030,8.0
12031,8.0
12032,8.0
12033,8.0
12034,8.0
12035,8.0
12036,8.0
12037,8.0
12038,8.0
12039,8.0
12040,8.0
12041,8.0
12042,8.0
12043,8.0
12044,8.0
12045,8.0
12046,8.0
12047,8.0
12048,8.0
12049,8.0
12050,8.0
12051,8.0
12052,8.0
12053,8.0
12054,8.0
12055,8.0
12056,8.0
12057,8.0
12058,8.0
12059,8.0
12060,8.0
12061,8.0
12062,8.0
12063,8.0
12064,8.0
12065,8.0
12066,8.0
12067,8.0
12068,8.0
12069,8.0
12070,8.0
12071,8.0
12072,8.0
12073,8.0
12074,8.0
12075,8.0
12076,8.0
12077,8.0
12078,8.0
12079,8.0
12080,8.0
12081,8.0
12082,8.0
12083,8.0
12084,8.0
12085,8.0
12086,8.0
12087,8.0
12088,8.0
12089,8.0
12090,8.0
12091,8.0
12092,8.0
12093,8.0
12094,8.0
12095,8.0
12096,8.0
12097,8.0
12098,8.0
12099,8.0
12100,8.0
12101,8.0
12102,8.0
12103,8.0
12104,8.0
12105,8.0
12106,8.0
12107,8.0
12108,8.0
12109,8.0
12110,8.0
12111,8.0
12112,8.0
12113,8.0
12114,8.0
12115,8.0
12116,8.0
12117,8.0
12118,8.0
12119,8.0
12120,8.0
12121,8.0
12122,8.0
12123,8.0
12124,8.0
12125,8.0
12126,8.0
12127,8.0
12128,8.0
12129,8.0
12130,8.0
12131,8.0
12132,8.0
12133,8.0
12134,8.0
12135,8.0
12136,8.0
12137,8.0
12138,8.0
12139,8.0
12140,8.0
12141,8.0
12142,8.0
12143,8.0
12144,8.0
12145,8.0
12146,8.0
12147,8.0
12148,8.0
12149,8.0
12150,8.0
12151,8.0
12152,8.0
12153,8.0
12154,8.0
12155,8.0
12156,8.0
12157,8.0
12158,8.0
12159,8.0
12160,8.0
12161,8.0
12162,8.0
12163,8.0
12164,8.0
12165,8.0
12166,8.0
12167,8.0
12168,8.0
12169,8.0
12170,8.0
12171,8.0
12172,8.0
12173,8.0
12174,8.0
12175,8.0
12176,8.0
12177,8.0
12178,8.0
12179,8.0
12180,8.0
12181,8.0
12182,8.0
12183,8.0
12184,8.0
12185,8.0
12186,8.0
12187,8.0
12188,8.0
12189,8.0
12190,8.0
12191,8.0
12192,8.0
12193,8.0
12194,8.0
12195,8.0
12196,8.0
12197,8.0
12198,8.0
12199,8.0
12200,8.0
12201,8.0
12202,8.0
12203,8.0
12204,8.0
12205,8.0
12206,8.0
12207,8.0
12208,8.0
12209,8.0
12210,8.0
12211,8.0
12212,8.0
12213,8.0
12214,8.0
12215,8.0
12216,8.0
12217,8.0
12218,8.0
12219,8.0
12220,8.0
12221,8.0
12222,8.0
12223,8.0
12224,8.0
12225,8.0
12226,8.0
12227,8.0
12228,8.0
12229,8.0
12230,8.0
12231,8.0
12232,8.0
12233,8.0
12234,8.0
12235,8.0
12236,8.0
12237,8.0
12238,8.0
12239,8.0
12240,8.0
12241,8.0
12242,8.0
12243,8.0
12244,8.0
12245,8.0
12246,8.0
12247,8.0
12248,8.0
12249,8.0
12250,8.0
12251,8.0
12252,8.0
12253,8.0
12254,8.0
12255,8.0
12256,8.0
12257,8.0
12258,8.0
12259,8.0
12260,8.0
12261,8.0
12262,8.0
12263,8.0
12264,8.0
12265,8.0
12266,8.0
12267,8.0
12268,8.0
12269,8.0
12270,8.0
12271,8.0
12272,8.0
12273,8.0
12274,8.0
12275,8.0
12276,8.0
12277,8.0
12278,8.0
12279,8.0
12280,8.0
12281,8.0
12282,8.0
12283,8.0
12284,8.0
12285,8.0
12286,8.0
12287,8.0
12288,8.0
12289,8.0
12290,8.0
12291,8.0
12292,8.0
12293,8.0
12294,8.0
12295,8.0
12296,8.0
12297,8.0
12298,8.0
12299,8.0
12300,8.0
12301,8.0
12302,8.0
12303,8.0
12304,8.0
12305,8.0
12306,8.0
12307,8.0
12308,8.0
12309,8.0
12310,8.0
12311,8.0
12312,8.0
12313,8.0
12314,8.0
12315,8.0
12316,8.0
12317,8.0
12318,8.0
12319,8.0
12320,8.0
12321,8.0
12322,8.0
12323,8.0
12324,8.0
12325,8.0
12326,8.0
12327,8.0
12328,8.0
12329,8.0
12330,8.0
12331,8.0
12332,8.0
12333,8.0
12334,8.0
12335,8.0
12336,8.0
12337,8.0
12338,8.0
12339,8.0
12340,8.0
12341,8.0
12342,8.0
12343,8.0
12344,8.0
12345,8.0
12346,8.0
12347,8.0
12348,8.0
12349,8.0
12350,8.0
12351,8.0
12352,8.0
12353,8.0
12354,8.0
12355,8.0
12356,8.0
12357,8.0
12358,8.0
12359,8.0
12360,8.0
12361,8.0
12362,8.0
12363,8.0
12364,8.0
12365,8.0
12366,8.0
12367,8.0
12368,8.0
12369,8.0
12370,8.0
12371,8.0
12372,8.0
12373,8.0
12374,8.0
12375,8.0
12376,8.0
12377,8.0
12378,8.0
12379,8.0
12380,8.0
12381,8.0
12382,8.0
12383,8.0
12384,8.0
12385,8.0
12386,8.0
12387,8.0
12388,8.0
12389,8.0
12390,8.0
12391,8.0
12392,8.0
12393,8.0
12394,8.0
12395,8.0
12396,8.0
12397,8.0
12398,8.0
12399,8.0
12400,8.0
12401,8.0
12402,8.0
12403,8.0
12404,8.0
12405,8.0
12406,8.0
12407,8.0
12408,8.0
12409,8.0
12410,8.0
12411,8.0
12412,8.0
12413,8.0
12414,8.0
12415,8.0
12416,8.0
12417,8.0
12418,8.0
12419,8.0
12420,8.0
12421,8.0
12422,8.0
12423,8.0
12424,8.0
12425,8.0
12426,8.0
12427,8.0
12428,8.0
12429,8.0
12430,8.0
12431,8.0
12432,8.0
12433,8.0
12434,8.0
12435,8.0
12436,8.0
12437,8.0
12438,8.0
12439,8.0
12440,8.0
12441,8.0
12442,8.0
12443,8.0
12444,8.0
12445,8.0
12446,8.0
12447,8.0
12448,8.0
12449,8.0
12450,8.0
12451,8.0
12452,8.0
12453,8.0
12454,8.0
12455,8.0
12456,8.0
12457,8.0
12458,8.0
12459,8.0
12460,8.0
12461,8.0
12462,8.0
12463,8.0
12464,8.0
12465,8.0
12466,8.0
12467,8.0
12468,8.0
12469,8.0
12470,8.0
12471,8.0
12472,8.0
12473,8.0
12474,8.0
12475,8.0
12476,8.0
12477,8.0
12478,8.0
12479,8.0
12480,8.0
12481,8.0
12482,8.0
12483,8.0
12484,8.0
12485,8.0
12486,8.0
12487,8.0
12488,8.0
12489,8.0
12490,8.0
12491,8.0
12492,8.0
12493,8.0
12494,8.0
12495,8.0
12496,8.0
12497,8.0
12498,8.0
12499,8.0
12500,8.0
12501,8.0
12502,8.0
12503,8.0
12504,8.0
12505,8.0
12506,8.0
12507,8.0
12508,8.0
12509,8.0
12510,8.0
12511,8.0
12512,8.0
12513,8.0
12514,8.0
12515,8.0
12516,8.0
12517,8.0
12518,8.0
12519,8.0
12520,8.0
12521,8.0
12522,8.0
12523,8.0
12524,8.0
12525,8.0
12526,8.0
12527,8.0
12528,8.0
12529,8.0
12530,8.0
12531,8.0
12532,8.0
12533,8.0
12534,8.0
12535,8.0
12536,8.0
12537,8.0
12538,8.0
12539,8.0
12540,8.0
12541,8.0
12542,8.0
12543,8.0
12544,8.0
12545,8.0
12546,8.0
12547,8.0
12548,8.0
12549,8.0
12550,8.0
12551,8.0
12552,8.0
12553,8.0
12554,8.0
12555,8.0
12556,8.0
12557,8.0
12558,8.0
12559,8.0
12560,8.0
12561,8.0
12562,8.0
12563,8.0
12564,8.0
12565,8.0
12566,8.0
12567,8.0
12568,8.0
12569,8.0
12570,8.0
12571,8.0
12572,8.0
12573,8.0
12574,8.0
12575,8.0
12576,8.0
12577,8.0
12578,8.0
12579,8.0
12580,8.0
12581,8.0
12582,8.0
12583,8.0
12584,8.0
12585,8.0
12586,8.0
12587,8.0
12588,8.0
12589,8.0
12590,8.0
12591,8.0
12592,8.0
12593,8.0
12594,8.0
12595,8.0
12596,8.0
12597,8.0
12598,8.0
12599,8.0
12600,8.0
12601,8.0
12602,8.0
12603,8.0
12604,8.0
12605,8.0
12606,8.0
12607,8.0
12608,8.0
12609,8.0
12610,8.0
12611,8.0
12612,8.0
12613,8.0
12614,8.0
12615,8.0
12616,8.0
12617,8.0
12618,8.0
12619,8.0
12620,8.0
12621,8.0
12622,8.0
12623,8.0
12624,8.0
12625,8.0
12626,8.0
12627,8.0
12628,8.0
12629,8.0
12630,8.0
12631,8.0
12632,8.0
12633,8.0
12634,8.0
12635,8.0
12636,8.0
12637,8.0
12638,8.0
12639,8.0
12640,8.0
12641,8.0
12642,8.0
12643,8.0
12644,8.0
12645,8.0
12646,8.0
12647,8.0
12648,8.0
12649,8.0
12650,8.0
12651,8.0
12652,8.0
12653,8.0
12654,8.0
12655,8.0
12656,8.0
12657,8.0
12658,8.0
12659,8.0
12660,8.0
12661,8.0
12662,8.0
12663,8.0
12664,8.0
12665,8.0
12666,8.0
12667,8.0
12668,8.0
12669,8.0
12670,8.0
12671,8.0
12672,8.0
12673,8.0
12674,8.0
12675,8.0
12676,8.0
12677,8.0
12678,8.0
12679,8.0
12680,8.0
12681,8.0
12682,8.0
12683,8.0
12684,8.0
12685,8.0
12686,8.0
12687,8.0
12688,8.0
12689,8.0
12690,8.0
12691,8.0
12692,8.0
12693,8.0
12694,8.0
12695,8.0
12696,8.0
12697,8.0
12698,8.0
12699,8.0
12700,8.0
12701,8.0
12702,8.0
12703,8.0
12704,8.0
12705,8.0
12706,8.0
12707,8.0
12708,8.0
12709,8.0
12710,8.0
12711,8.0
12712,8.0
12713,8.0
12714,8.0
12715,8.0
12716,8.0
12717,8.0
12718,8.0
12719,8.0
12720,8.0
12721,8.0
12722,8.0
12723,8.0
12724,8.0
12725,8.0
12726,8.0
12727,8.0
12728,8.0
12729,8.0
12730,8.0
12731,8.0
12732,8.0
12733,8.0
12734,8.0
12735,8.0
12736,8.0
12737,8.0
12738,8.0
12739,8.0
12740,8.0
12741,8.0
12742,8.0
12743,8.0
12744,8.0
12745,8.0
12746,8.0
12747,8.0
12748,8.0
12749,8.0
12750,8.0
12751,8.0
12752,8.0
12753,8.0
12754,8.0
12755,8.0
12756,8.0
12757,8.0
12758,8.0
12759,8.0
12760,8.0
12761,8.0
12762,8.0
12763,8.0
12764,8.0
12765,8.0
12766,8.0
12767,8.0
12768,8.0
12769,8.0
12770,8.0
12771,8.0
12772,8.0
12773,8.0
12774,8.0
12775,8.0
12776,8.0
12777,8.0
12778,8.0
12779,8.0
12780,8.0
12781,8.0
12782,8.0
12783,8.0
12784,8.0
12785,8.0
12786,8.0
12787,8.0
12788,8.0
12789,8.0
12790,8.0
12791,8.0
12792,8.0
12793,8.0
12794,8.0
12795,8.0
12796,8.0
12797,8.0
12798,8.0
12799,8.0
12800,8.0
12801,8.0
12802,8.0
12803,8.0
12804,8.0
12805,8.0
12806,8.0
12807,8.0
12808,8.0
12809,8.0
12810,8.0
12811,8.0
12812,8.0
12813,8.0
12814,8.0
12815,8.0
12816,8.0
12817,8.0
12818,8.0
12819,8.0
12820,8.0
12821,8.0
12822,8.0
12823,8.0
12824,8.0
12825,8.0
12826,8.0
12827,8.0
12828,8.0
12829,8.0
12830,8.0
12831,8.0
12832,8.0
12833,8.0
12834,8.0
12835,8.0
12836,8.0
12837,8.0
12838,8.0
12839,8.0
12840,8.0
12841,8.0
12842,8.0
12843,8.0
12844,8.0
12845,8.0
12846,8.0
12847,8.0
12848,8.0
12849,8.0
12850,8.0
12851,8.0
12852,8.0
12853,8.0
12854,8.0
12855,8.0
12856,8.0
12857,8.0
12858,8.0
12859,8.0
12860,8.0
12861,8.0
12862,8.0
12863,8.0
12864,8.0
12865,8.0
12866,8.0
12867,8.0
12868,8.0
12869,8.0
12870,8.0
12871,8.0
12872,8.0
12873,8.0
12874,8.0
12875,8.0
12876,8.0
12877,8.0
12878,8.0
12879,8.0
12880,8.0
12881,8.0
12882,8.0
12883,8.0
12884,8.0
12885,8.0
12886,8.0
12887,8.0
12888,8.0
12889,8.0
12890,8.0
12891,8.0
12892,8.0
12893,8.0
12894,8.0
12895,8.0
12896,8.0
12897,8.0
12898,8.0
12899,8.0
12900,8.0
12901,8.0
12902,8.0
12903,8.0
12904,8.0
12905,8.0
12906,8.0
12907,8.0
12908,8.0
12909,8.0
12910,8.0
12911,8.0
12912,8.0
12913,8.0
12914,8.0
12915,8.0
12916,8.0
12917,8.0
12918,8.0
12919,8.0
12920,8.0
12921,8.0
12922,8.0
12923,8.0
12924,8.0
12925,8.0
12926,8.0
12927,8.0
12928,8.0
12929,8.0
12930,8.0
12931,8.0
12932,8.0
12933,8.0
12934,8.0
12935,8.0
12936,8.0
12937,8.0
12938,8.0
12939,8.0
12940,8.0
12941,8.0
12942,8.0
12943,8.0
12944,8.0
12945,8.0
12946,8.0
12947,8.0
12948,8.0
12949,8.0
12950,8.0
12951,8.0
12952,8.0
12953,8.0
12954,8.0
12955,8.0
12956,8.0
12957,8.0
12958,8.0
12959,8.0
12960,8.0
12961,8.0
12962,8.0
12963,8.0
12964,8.0
12965,8.0
12966,8.0
12967,8.0
12968,8.0
12969,8.0
12970,8.0
12971,8.0
12972,8.0
12973,8.0
12974,8.0
12975,8.0
12976,8.0
12977,8.0
12978,8.0
12979,8.0
12980,8.0
12981,8.0
12982,8.0
12983,8.0
12984,8.0
12985,8.0
12986,8.0
12987,8.0
12988,8.0
12989,8.0
12990,8.0
12991,8.0
12992,8.0
12993,8.0
12994,8.0
12995,8.0
12996,8.0
12997,8.0
12998,8.0
12999,8.0
13000,8.0
13001,8.0
13002,8.0
13003,8.0
13004,8.0
13005,8.0
13006,8.0
13007,8.0
13008,8.0
13009,8.0
13010,8.0
13011,8.0
13012,8.0
13013,8.0
13014,8.0
13015,8.0
13016,8.0
13017,8.0
13018,8.0
13019,8.0
13020,8.0
13021,8.0
13022,8.0
13023,8.0
13024,8.0
13025,8.0
13026,8.0
13027,8.0
13028,8.0
13029,8.0
13030,8.0
13031,8.0
13032,8.0
13033,8.0
13034,8.0
13035,8.0
13036,8.0
13037,8.0
13038,8.0
13039,8.0
13040,8.0
13041,8.0
13042,8.0
13043,8.0
13044,8.0
13045,8.0
13046,8.0
13047,8.0
13048,8.0
13049,8.0
13050,8.0
13051,8.0
13052,8.0
13053,8.0
13054,8.0
13055,8.0
13056,8.0
13057,8.0
13058,8.0
13059,8.0
13060,8.0
13061,8.0
13062,8.0
13063,8.0
13064,8.0
13065,8.0
13066,8.0
13067,8.0
13068,8.0
13069,8.0
13070,8.0
13071,8.0
13072,8.0
13073,8.0
13074,8.0
13075,8.0
13076,8.0
13077,8.0
13078,8.0
13079,8.0
13080,8.0
13081,8.0
13082,8.0
13083,8.0
13084,8.0
13085,8.0
13086,8.0
13087,8.0
13088,8.0
13089,8.0
13090,8.0
13091,8.0
13092,8.0
13093,8.0
13094,8.0
13095,8.0
13096,8.0
13097,8.0
13098,8.0
13099,8.0
13100,8.0
13101,8.0
13102,8.0
13103,8.0
13104,8.0
13105,8.0
13106,8.0
13107,8.0
13108,8.0
13109,8.0
13110,8.0
13111,8.0
13112,8.0
13113,8.0
13114,8.0
13115,8.0
13116,8.0
13117,8.0
13118,8.0
13119,8.0
13120,8.0
13121,8.0
13122,8.0
13123,8.0
13124,8.0
13125,8.0
13126,8.0
13127,8.0
13128,8.0
13129,8.0
13130,8.0
13131,8.0
13132,8.0
13133,8.0
13134,8.0
13135,8.0
13136,8.0
13137,8.0
13138,8.0
13139,8.0
13140,8.0
13141,8.0
13142,8.0
13143,8.0
13144,8.0
13145,8.0
13146,8.0
13147,8.0
13148,8.0
13149,8.0
13150,8.0
13151,8.0
13152,8.0
13153,8.0
13154,8.0
13155,8.0
13156,8.0
13157,8.0
13158,8.0
13159,8.0
13160,8.0
13161,8.0
13162,8.0
13163,8.0
13164,8.0
13165,8.0
13166,8.0
13167,8.0
13168,8.0
13169,8.0
13170,8.0
13171,8.0
13172,8.0
13173,8.0
13174,8.0
13175,8.0
13176,8.0
13177,8.0
13178,8.0
13179,8.0
13180,8.0
13181,8.0
13182,8.0
13183,8.0
13184,8.0
13185,8.0
13186,8.0
13187,8.0
13188,8.0
13189,8.0
13190,8.0
13191,8.0
13192,8.0
13193,8.0
13194,8.0
13195,8.0
13196,8.0
13197,8.0
13198,8.0
13199,8.0
13200,8.0
13201,8.0
13202,8.0
13203,8.0
13204,8.0
13205,8.0
13206,8.0
13207,8.0
13208,8.0
13209,8.0
13210,8.0
13211,8.0
13212,8.0
13213,8.0
13214,8.0
13215,8.0
13216,8.0
13217,8.0
13218,8.0
13219,8.0
13220,8.0
13221,8.0
13222,8.0
13223,8.0
13224,8.0
13225,8.0
13226,8.0
13227,8.0
13228,8.0
13229,8.0
13230,8.0
13231,8.0
13232,8.0
13233,8.0
13234,8.0
13235,8.0
13236,8.0
13237,8.0
13238,8.0
13239,8.0
13240,8.0
13241,8.0
13242,8.0
13243,8.0
13244,8.0
13245,8.0
13246,8.0
13247,8.0
13248,8.0
13249,8.0
13250,8.0
13251,8.0
13252,8.0
13253,8.0
13254,8.0
13255,8.0
13256,8.0
13257,8.0
13258,8.0
13259,8.0
13260,8.0
13261,8.0
13262,8.0
13263,8.0
13264,8.0
13265,8.0
13266,8.0
13267,8.0
13268,8.0
13269,8.0
13270,8.0
13271,8.0
13272,8.0
13273,8.0
13274,8.0
13275,8.0
13276,8.0
13277,8.0
13278,8.0
13279,8.0
13280,8.0
13281,8.0
13282,8.0
13283,8.0
13284,8.0
13285,8.0
13286,8.0
13287,8.0
13288,8.0
13289,8.0
13290,8.0
13291,8.0
13292,8.0
13293,8.0
13294,8.0
13295,8.0
13296,8.0
13297,8.0
13298,8.0
13299,8.0
13300,8.0
13301,8.0
13302,8.0
13303,8.0
13304,8.0
13305,8.0
13306,8.0
13307,8.0
13308,8.0
13309,8.0
13310,8.0
13311,8.0
13312,8.0
13313,8.0
13314,8.0
13315,8.0
13316,8.0
13317,8.0
13318,8.0
13319,8.0
13320,8.0
13321,8.0
13322,8.0
13323,8.0
13324,8.0
13325,8.0
13326,8.0
13327,8.0
13328,8.0
13329,8.0
13330,8.0
13331,8.0
13332,8.0
13333,8.0
13334,8.0
13335,8.0
13336,8.0
13337,8.0
13338,8.0
13339,8.0
13340,8.0
13341,8.0
13342,8.0
13343,8.0
13344,8.0
13345,8.0
13346,8.0
13347,8.0
13348,8.0
13349,8.0
13350,8.0
13351,8.0
13352,8.0
13353,8.0
13354,8.0
13355,8.0
13356,8.0
13357,8.0
13358,8.0
13359,8.0
13360,8.0
13361,8.0
13362,8.0
13363,8.0
13364,8.0
13365,8.0
13366,8.0
13367,8.0
13368,8.0
13369,8.0
13370,8.0
13371,8.0
13372,8.0
13373,8.0
13374,8.0
13375,8.0
13376,8.0
13377,8.0
13378,8.0
13379,8.0
13380,8.0
13381,8.0
13382,8.0
13383,8.0
13384,8.0
13385,8.0
13386,8.0
13387,8.0
13388,8.0
13389,8.0
13390,8.0
13391,8.0
13392,8.0
13393,8.0
13394,8.0
13395,8.0
13396,8.0
13397,8.0
13398,8.0
13399,8.0
13400,8.0
13401,8.0
13402,8.0
13403,8.0
13404,8.0
13405,8.0
13406,8.0
13407,8.0
13408,8.0
13409,8.0
13410,8.0
13411,8.0
13412,8.0
13413,8.0
13414,8.0
13415,8.0
13416,8.0
13417,8.0
13418,8.0
13419,8.0
13420,8.0
13421,8.0
13422,8.0
13423,8.0
13424,8.0
13425,8.0
13426,8.0
13427,8.0
13428,8.0
13429,8.0
13430,8.0
13431,8.0
13432,8.0
13433,8.0
13434,8.0
13435,8.0
13436,8.0
13437,8.0
13438,8.0
13439,8.0
13440,8.0
13441,8.0
13442,8.0
13443,8.0
13444,8.0
13445,8.0
13446,8.0
13447,8.0
13448,8.0
13449,8.0
13450,8.0
13451,8.0
13452,8.0
13453,8.0
13454,8.0
13455,8.0
13456,8.0
13457,8.0
13458,8.0
13459,8.0
13460,8.0
13461,8.0
13462,8.0
13463,8.0
13464,8.0
13465,8.0
13466,8.0
13467,8.0
13468,8.0
13469,8.0
13470,8.0
13471,8.0
13472,8.0
13473,8.0
13474,8.0
13475,8.0
13476,8.0
13477,8.0
13478,8.0
13479,8.0
13480,8.0
13481,8.0
13482,8.0
13483,8.0
13484,8.0
13485,8.0
13486,8.0
13487,8.0
13488,8.0
13489,8.0
13490,8.0
13491,8.0
13492,8.0
13493,8.0
13494,8.0
13495,8.0
13496,8.0
13497,8.0
13498,8.0
13499,8.0
13500,8.0
13501,8.0
13502,8.0
13503,8.0
13504,8.0
13505,8.0
13506,8.0
13507,8.0
13508,8.0
13509,8.0
13510,8.0
13511,8.0
13512,8.0
13513,8.0
13514,8.0
13515,8.0
13516,8.0
13517,8.0
13518,8.0
13519,8.0
13520,8.0
13521,8.0
13522,8.0
13523,8.0
13524,8.0
13525,8.0
13526,8.0
13527,8.0
13528,8.0
13529,8.0
13530,8.0
13531,8.0
13532,8.0
13533,8.0
13534,8.0
13535,8.0
13536,8.0
13537,8.0
13538,8.0
13539,8.0
13540,8.0
13541,8.0
13542,8.0
13543,8.0
13544,8.0
13545,8.0
13546,8.0
13547,8.0
13548,8.0
13549,8.0
13550,8.0
13551,8.0
13552,8.0
13553,8.0
13554,8.0
13555,8.0
13556,8.0
13557,8.0
13558,8.0
13559,8.0
13560,8.0
13561,8.0
13562,8.0
13563,8.0
13564,8.0
13565,8.0
13566,8.0
13567,8.0
13568,8.0
13569,8.0
13570,8.0
13571,8.0
13572,8.0
13573,8.0
13574,8.0
13575,8.0
13576,8.0
13577,8.0
13578,8.0
13579,8.0
13580,8.0
13581,8.0
13582,8.0
13583,8.0
13584,8.0
13585,8.0
13586,8.0
13587,8.0
13588,8.0
13589,8.0
13590,8.0
13591,8.0
13592,8.0
13593,8.0
13594,8.0
13595,8.0
13596,8.0
13597,8.0
13598,8.0
13599,8.0
13600,8.0
13601,8.0
13602,8.0
13603,8.0
13604,8.0
13605,8.0
13606,8.0
13607,8.0
13608,8.0
13609,8.0
13610,8.0
13611,8.0
13612,8.0
13613,8.0
13614,8.0
13615,8.0
13616,8.0
13617,8.0
13618,8.0
13619,8.0
13620,8.0
13621,8.0
13622,8.0
13623,8.0
13624,8.0
13625,8.0
13626,8.0
13627,8.0
13628,8.0
13629,8.0
13630,8.0
13631,8.0
13632,8.0
13633,8.0
13634,8.0
13635,8.0
13636,8.0
13637,8.0
13638,8.0
13639,8.0
13640,8.0
13641,8.0
13642,8.0
13643,8.0
13644,8.0
13645,8.0
13646,8.0
13647,8.0
13648,8.0
13649,8.0
13650,8.0
13651,8.0
13652,8.0
13653,8.0
13654,8.0
13655,8.0
13656,8.0
13657,8.0
13658,8.0
13659,8.0
13660,8.0
13661,8.0
13662,8.0
13663,8.0
13664,8.0
13665,8.0
13666,8.0
13667,8.0
13668,8.0
13669,8.0
13670,8.0
13671,8.0
13672,8.0
13673,8.0
13674,8.0
13675,8.0
13676,8.0
13677,8.0
13678,8.0
13679,8.0
13680,8.0
13681,8.0
13682,8.0
13683,8.0
13684,8.0
13685,8.0
13686,8.0
13687,8.0
13688,8.0
13689,8.0
13690,8.0
13691,8.0
13692,8.0
13693,8.0
13694,8.0
13695,8.0
13696,8.0
13697,8.0
13698,8.0
13699,8.0
13700,8.0
13701,8.0
13702,8.0
13703,8.0
13704,8.0
13705,8.0
13706,8.0
13707,8.0
13708,8.0
13709,8.0
13710,8.0
13711,8.0
13712,8.0
13713,8.0
13714,8.0
13715,8.0
13716,8.0
13717,8.0
13718,8.0
13719,8.0
13720,8.0
13721,8.0
13722,8.0
13723,8.0
13724,8.0
13725,8.0
13726,8.0
13727,8.0
13728,8.0
13729,8.0
13730,8.0
13731,8.0
13732,8.0
13733,8.0
13734,8.0
13735,8.0
13736,8.0
13737,8.0
13738,8.0
13739,8.0
13740,8.0
13741,8.0
13742,8.0
13743,8.0
13744,8.0
13745,8.0
13746,8.0
13747,8.0
13748,8.0
13749,8.0
13750,8.0
13751,8.0
13752,8.0
13753,8.0
13754,8.0
13755,8.0
13756,8.0
13757,8.0
13758,8.0
13759,8.0
13760,8.0
13761,8.0
13762,8.0
13763,8.0
13764,8.0
13765,8.0
13766,8.0
13767,8.0
13768,8.0
13769,8.0
13770,8.0
13771,8.0
13772,8.0
13773,8.0
13774,8.0
13775,8.0
13776,8.0
13777,8.0
13778,8.0
13779,8.0
13780,8.0
13781,8.0
13782,8.0
13783,8.0
13784,8.0
13785,8.0
13786,8.0
13787,8.0
13788,8.0
13789,8.0
13790,8.0
13791,8.0
13792,8.0
13793,8.0
13794,8.0
13795,8.0
13796,8.0
13797,8.0
13798,8.0
13799,8.0
13800,8.0
13801,8.0
13802,8.0
13803,8.0
13804,8.0
13805,8.0
13806,8.0
13807,8.0
13808,8.0
13809,8.0
13810,8.0
13811,8.0
13812,8.0
13813,8.0
13814,8.0
13815,8.0
13816,8.0
13817,8.0
13818,8.0
13819,9.0
13820,9.0
13821,9.0
13822,9.0
13823,9.0
13824,9.0
13825,9.0
13826,9.0
13827,9.0
13828,9.0
13829,9.0
13830,9.0
13831,9.0
13832,9.0
13833,9.0
13834,9.0
13835,9.0
13836,9.0
13837,9.0
13838,9.0
13839,9.0
13840,9.0
13841,9.0
13842,9.0
13843,9.0
13844,9.0
13845,9.0
13846,9.0
13847,9.0
13848,9.0
13849,9.0
13850,9.0
13851,9.0
13852,9.0
13853,9.0
13854,9.0
13855,9.0
13856,9.0
13857,9.0
13858,9.0
13859,9.0
13860,9.0
13861,9.0
13862,9.0
13863,9.0
13864,9.0
13865,9.0
13866,9.0
13867,9.0
13868,9.0
13869,9.0
13870,9.0
13871,9.0
13872,9.0
13873,9.0
13874,9.0
13875,9.0
13876,9.0
13877,9.0
13878,9.0
13879,9.0
13880,9.0
13881,9.0
13882,9.0
13883,9.0
13884,9.0
13885,9.0
13886,9.0
13887,9.0
13888,9.0
13889,9.0
13890,9.0
13891,9.0
13892,9.0
13893,9.0
13894,9.0
13895,9.0
13896,9.0
13897,9.0
13898,9.0
13899,9.0
13900,9.0
13901,9.0
13902,9.0
13903,9.0
13904,9.0
13905,9.0
13906,9.0
13907,9.0
13908,9.0
13909,9.0
13910,9.0
13911,9.0
13912,9.0
13913,9.0
13914,9.0
13915,9.0
13916,9.0
13917,9.0
13918,9.0
13919,9.0
13920,9.0
13921,9.0
13922,9.0
13923,9.0
13924,9.0
13925,9.0
13926,9.0
13927,9.0
13928,9.0
13929,9.0
13930,9.0
13931,9.0
13932,9.0
13933,9.0
13934,9.0
13935,9.0
13936,9.0
13937,9.0
13938,9.0
13939,9.0
13940,9.0
13941,9.0
13942,9.0
13943,9.0
13944,9.0
13945,9.0
13946,9.0
13947,9.0
13948,9.0
13949,9.0
13950,9.0
13951,9.0
13952,9.0
13953,9.0
13954,9.0
13955,9.0
13956,9.0
13957,9.0
13958,9.0
13959,9.0
13960,9.0
13961,9.0
13962,9.0
13963,9.0
13964,9.0
13965,9.0
13966,9.0
13967,9.0
13968,9.0
13969,9.0
13970,9.0
13971,9.0
13972,9.0
13973,9.0
13974,9.0
13975,9.0
13976,9.0
13977,9.0
13978,9.0
13979,9.0
13980,9.0
13981,9.0
13982,9.0
13983,9.0
13984,9.0
13985,9.0
13986,9.0
13987,9.0
13988,9.0
13989,9.0
13990,9.0
13991,9.0
13992,9.0
13993,9.0
13994,9.0
13995,9.0
13996,9.0
13997,9.0
13998,9.0
13999,9.0
14000,9.0
14001,9.0
14002,9.0
14003,9.0
14004,9.0
14005,9.0
14006,9.0
14007,9.0
14008,9.0
14009,9.0
14010,9.0
14011,9.0
14012,9.0
14013,9.0
14014,9.0
14015,9.0
14016,9.0
14017,9.0
14018,9.0
14019,9.0
14020,9.0
14021,9.0
14022,9.0
14023,9.0
14024,9.0
14025,9.0
14026,9.0
14027,9.0
14028,9.0
14029,9.0
14030,9.0
14031,9.0
14032,9.0
14033,9.0
14034,9.0
14035,9.0
14036,9.0
14037,9.0
14038,9.0
14039,9.0
14040,9.0
14041,9.0
14042,9.0
14043,9.0
14044,9.0
14045,9.0
14046,9.0
14047,9.0
14048,9.0
14049,9.0
14050,9.0
14051,9.0
14052,9.0
14053,9.0
14054,9.0
14055,9.0
14056,9.0
14057,9.0
14058,9.0
14059,9.0
14060,9.0
14061,9.0
14062,9.0
14063,9.0
14064,9.0
14065,9.0
14066,9.0
14067,9.0
14068,9.0
14069,9.0
14070,9.0
14071,9.0
14072,9.0
14073,9.0
14074,9.0
14075,9.0
14076,9.0
14077,9.0
14078,9.0
14079,9.0
14080,9.0
14081,9.0
14082,9.0
14083,9.0
14084,9.0
14085,9.0
14086,9.0
14087,9.0
14088,9.0
14089,9.0
14090,9.0
14091,9.0
14092,9.0
14093,9.0
14094,9.0
14095,9.0
14096,9.0
14097,9.0
14098,9.0
14099,9.0
14100,9.0
14101,9.0
14102,9.0
14103,9.0
14104,9.0
14105,9.0
14106,9.0
14107,9.0
14108,9.0
14109,9.0
14110,9.0
14111,9.0
14112,9.0
14113,9.0
14114,9.0
14115,9.0
14116,9.0
14117,9.0
14118,9.0
14119,9.0
14120,9.0
14121,9.0
14122,9.0
14123,9.0
14124,9.0
14125,9.0
14126,9.0
14127,9.0
14128,9.0
14129,9.0
14130,9.0
14131,9.0
14132,9.0
14133,9.0
14134,9.0
14135,9.0
14136,9.0
14137,9.0
14138,9.0
14139,9.0
14140,9.0
14141,9.0
14142,9.0
14143,9.0
14144,9.0
14145,9.0
14146,9.0
14147,9.0
14148,9.0
14149,9.0
14150,9.0
14151,9.0
14152,9.0
14153,9.0
14154,9.0
14155,9.0
14156,9.0
14157,9.0
14158,9.0
14159,9.0
14160,9.0
14161,9.0
14162,9.0
14163,9.0
14164,9.0
14165,9.0
14166,9.0
14167,9.0
14168,9.0
14169,9.0
14170,9.0
14171,9.0
14172,9.0
14173,9.0
14174,9.0
14175,9.0
14176,9.0
14177,9.0
14178,9.0
14179,9.0
14180,9.0
14181,9.0
14182,9.0
14183,9.0
14184,9.0
14185,9.0
14186,9.0
14187,9.0
14188,9.0
14189,9.0
14190,9.0
14191,9.0
14192,9.0
14193,9.0
14194,9.0
14195,9.0
14196,9.0
14197,9.0
14198,9.0
14199,9.0
14200,9.0
14201,9.0
14202,9.0
14203,9.0
14204,9.0
14205,9.0
14206,9.0
14207,9.0
14208,9.0
14209,9.0
14210,9.0
14211,9.0
14212,9.0
14213,9.0
14214,9.0
14215,9.0
14216,9.0
14217,9.0
14218,9.0
14219,9.0
14220,9.0
14221,9.0
14222,9.0
14223,9.0
14224,9.0
14225,9.0
14226,9.0
14227,9.0
14228,9.0
14229,9.0
14230,9.0
14231,9.0
14232,9.0
14233,9.0
14234,9.0
14235,9.0
14236,9.0
14237,9.0
14238,9.0
14239,9.0
14240,9.0
14241,9.0
14242,9.0
14243,9.0
14244,9.0
14245,9.0
14246,9.0
14247,9.0
14248,9.0
14249,9.0
14250,9.0
14251,9.0
14252,9.0
14253,9.0
14254,9.0
14255,9.0
14256,9.0
14257,9.0
14258,9.0
14259,9.0
14260,9.0
14261,9.0
14262,9.0
14263,9.0
14264,9.0
14265,9.0
14266,9.0
14267,9.0
14268,9.0
14269,9.0
14270,9.0
14271,9.0
14272,9.0
14273,9.0
14274,9.0
14275,9.0
14276,9.0
14277,9.0
14278,9.0
14279,9.0
14280,9.0
14281,9.0
14282,9.0
14283,9.0
14284,9.0
14285,9.0
14286,9.0
14287,9.0
14288,9.0
14289,9.0
14290,9.0
14291,9.0
14292,9.0
14293,9.0
14294,9.0
14295,9.0
14296,9.0
14297,9.0
14298,9.0
14299,9.0
14300,9.0
14301,9.0
14302,9.0
14303,9.0
14304,9.0
14305,9.0
14306,9.0
14307,9.0
14308,9.0
14309,9.0
14310,9.0
14311,9.0
14312,9.0
14313,9.0
14314,9.0
14315,9.0
14316,9.0
14317,9.0
14318,9.0
14319,9.0
14320,9.0
14321,9.0
14322,9.0
14323,9.0
14324,9.0
14325,9.0
14326,9.0
14327,9.0
14328,9.0
14329,9.0
14330,9.0
14331,9.0
14332,9.0
14333,9.0
14334,9.0
14335,9.0
14336,9.0
14337,9.0
14338,9.0
14339,9.0
14340,9.0
14341,9.0
14342,9.0
14343,9.0
14344,9.0
14345,9.0
14346,9.0
14347,9.0
14348,9.0
14349,9.0
14350,9.0
14351,9.0
14352,9.0
14353,9.0
14354,9.0
14355,9.0
14356,9.0
14357,9.0
14358,9.0
14359,9.0
14360,9.0
14361,9.0
14362,9.0
14363,9.0
14364,9.0
14365,9.0
14366,9.0
14367,9.0
14368,9.0
14369,9.0
14370,9.0
14371,9.0
14372,9.0
14373,9.0
14374,9.0
14375,9.0
14376,9.0
14377,9.0
14378,9.0
14379,9.0
14380,9.0
14381,9.0
14382,9.0
14383,9.0
14384,9.0
14385,9.0
14386,9.0
14387,9.0
14388,9.0
14389,9.0
14390,9.0
14391,9.0
14392,9.0
14393,9.0
14394,9.0
14395,9.0
14396,9.0
14397,9.0
14398,9.0
14399,9.0
14400,9.0
14401,9.0
14402,9.0
14403,9.0
14404,9.0
14405,9.0
14406,9.0
14407,9.0
14408,9.0
14409,9.0
14410,9.0
14411,9.0
14412,9.0
14413,9.0
14414,9.0
14415,9.0
14416,9.0
14417,9.0
14418,9.0
14419,9.0
14420,9.0
14421,9.0
14422,9.0
14423,9.0
14424,9.0
14425,9.0
14426,9.0
14427,9.0
14428,9.0
14429,9.0
14430,9.0
14431,9.0
14432,9.0
14433,9.0
14434,9.0
14435,9.0
14436,9.0
14437,9.0
14438,9.0
14439,9.0
14440,9.0
14441,9.0
14442,9.0
14443,9.0
14444,9.0
14445,9.0
14446,9.0
14447,9.0
14448,9.0
14449,9.0
14450,9.0
14451,9.0
14452,9.0
14453,9.0
14454,9.0
14455,9.0
14456,9.0
14457,9.0
14458,9.0
14459,9.0
14460,9.0
14461,9.0
14462,9.0
14463,9.0
14464,9.0
14465,9.0
14466,9.0
14467,9.0
14468,9.0
14469,9.0
14470,9.0
14471,9.0
14472,9.0
14473,9.0
14474,9.0
14475,9.0
14476,9.0
14477,9.0
14478,9.0
14479,9.0
14480,9.0
14481,9.0
14482,9.0
14483,9.0
14484,9.0
14485,9.0
14486,9.0
14487,9.0
14488,9.0
14489,9.0
14490,9.0
14491,9.0
14492,9.0
14493,9.0
14494,9.0
14495,9.0
14496,9.0
14497,9.0
14498,9.0
14499,9.0
14500,9.0
14501,9.0
14502,9.0
14503,9.0
14504,9.0
14505,9.0
14506,9.0
14507,9.0
14508,9.0
14509,9.0
14510,9.0
14511,9.0
14512,9.0
14513,9.0
14514,9.0
14515,9.0
14516,9.0
14517,9.0
14518,9.0
14519,9.0
14520,9.0
14521,9.0
14522,9.0
14523,9.0
14524,9.0
14525,9.0
14526,9.0
14527,9.0
14528,9.0
14529,9.0
14530,9.0
14531,9.0
14532,9.0
14533,9.0
14534,9.0
14535,9.0
14536,9.0
14537,9.0
14538,9.0
14539,9.0
14540,9.0
14541,9.0
14542,9.0
14543,9.0
14544,9.0
14545,9.0
14546,9.0
14547,9.0
14548,9.0
14549,9.0
14550,9.0
14551,9.0
14552,9.0
14553,9.0
14554,9.0
14555,9.0
14556,9.0
14557,9.0
14558,9.0
14559,9.0
14560,9.0
14561,9.0
14562,9.0
14563,9.0
14564,9.0
14565,9.0
14566,9.0
14567,9.0
14568,9.0
14569,9.0
14570,9.0
14571,9.0
14572,9.0
14573,9.0
14574,9.0
14575,9.0
14576,9.0
14577,9.0
14578,9.0
14579,9.0
14580,9.0
14581,9.0
14582,9.0
14583,9.0
14584,9.0
14585,9.0
14586,9.0
14587,9.0
14588,9.0
14589,9.0
14590,10.0
14591,10.0
14592,10.0
14593,10.0
14594,10.0
14595,10.0
14596,10.0
14597,10.0
14598,10.0
14599,10.0
14600,10.0
14601,10.0
14602,10.0
14603,10.0
14604,10.0
14605,10.0
14606,10.0
14607,10.0
14608,10.0
14609,10.0
14610,10.0
14611,10.0
14612,10.0
14613,10.0
14614,10.0
14615,10.0
14616,10.0
14617,10.0
14618,10.0
14619,10.0
14620,10.0
14621,10.0
14622,10.0
14623,10.0
14624,10.0
14625,10.0
14626,10.0
14627,10.0
14628,10.0
14629,10.0
14630,10.0
14631,10.0
14632,10.0
14633,10.0
14634,10.0
14635,10.0
14636,10.0
14637,10.0
14638,10.0
14639,10.0
14640,10.0
14641,10.0
14642,10.0
14643,10.0
14644,10.0
14645,10.0
14646,10.0
14647,10.0
14648,10.0
14649,10.0
14650,10.0
14651,10.0
14652,10.0
14653,10.0
14654,10.0
14655,10.0
14656,10.0
14657,10.0
14658,10.0
14659,10.0
14660,10.0
14661,10.0
14662,10.0
14663,10.0
14664,10.0
14665,10.0
14666,10.0
14667,10.0
14668,10.0
14669,10.0
14670,10.0
14671,10.0
14672,10.0
14673,10.0
14674,10.0
14675,10.0
14676,10.0
14677,10.0
14678,10.0
14679,10.0
14680,10.0
14681,10.0
14682,10.0
14683,10.0
14684,10.0
14685,10.0
14686,10.0
14687,10.0
14688,10.0
14689,10.0
14690,10.0
14691,10.0
14692,10.0
14693,10.0
14694,10.0
14695,10.0
14696,10.0
14697,10.0
14698,10.0
14699,10.0
14700,10.0
14701,10.0
14702,10.0
14703,10.0
14704,10.0
14705,10.0
14706,10.0
14707,10.0
14708,10.0
14709,10.0
14710,10.0
14711,10.0
14712,10.0
14713,10.0
14714,10.0
14715,10.0
14716,10.0
14717,10.0
14718,10.0
14719,10.0
14720,10.0
14721,10.0
14722,10.0
14723,10.0
14724,10.0
14725,10.0
14726,10.0
14727,10.0
14728,10.0
14729,10.0
14730,10.0
14731,10.0
14732,10.0
14733,10.0
14734,10.0
14735,10.0
14736,10.0
14737,10.0
14738,10.0
14739,10.0
14740,10.0
14741,10.0
14742,10.0
14743,10.0
14744,10.0
14745,10.0
14746,10.0
14747,10.0
14748,10.0
14749,10.0
14750,10.0
14751,10.0
14752,10.0
14753,10.0
14754,10.0
14755,10.0
14756,10.0
14757,10.0
14758,10.0
14759,10.0
14760,10.0
14761,10.0
14762,10.0
14763,10.0
14764,10.0
14765,10.0
14766,10.0
14767,10.0
14768,10.0
14769,10.0
14770,10.0
14771,10.0
14772,10.0
14773,10.0
14774,10.0
14775,10.0
14776,10.0
14777,10.0
14778,10.0
14779,10.0
14780,10.0
14781,10.0
14782,10.0
14783,10.0
14784,10.0
14785,10.0
14786,10.0
14787,10.0
14788,10.0
14789,10.0
14790,10.0
14791,10.0
14792,10.0
14793,10.0
14794,10.0
14795,10.0
14796,10.0
14797,10.0
14798,10.0
14799,10.0
14800,10.0
14801,10.0
14802,10.0
14803,10.0
14804,10.0
14805,10.0
14806,10.0
14807,10.0
14808,10.0
14809,10.0
14810,10.0
14811,10.0
14812,10.0
14813,10.0
14814,10.0
14815,10.0
14816,10.0
14817,10.0
14818,10.0
14819,10.0
14820,10.0
14821,10.0
14822,10.0
14823,10.0
14824,10.0
14825,10.0
14826,10.0
14827,10.0
14828,10.0
14829,10.0
14830,10.0
14831,10.0
14832,10.0
14833,10.0
14834,10.0
14835,10.0
14836,10.0
14837,10.0
14838,10.0
14839,10.0
14840,10.0
14841,10.0
14842,10.0
14843,10.0
14844,10.0
14845,10.0
14846,10.0
14847,10.0
14848,10.0
14849,10.0
14850,10.0
14851,10.0
14852,10.0
14853,10.0
14854,10.0
14855,10.0
14856,10.0
14857,10.0
14858,10.0
14859,10.0
14860,10.0
14861,10.0
14862,10.0
14863,10.0
14864,10.0
14865,10.0
14866,10.0
14867,10.0
14868,10.0
14869,10.0
14870,10.0
14871,10.0
14872,10.0
14873,10.0
14874,10.0
14875,10.0
14876,10.0
14877,10.0
14878,10.0
14879,10.0
14880,10.0
14881,10.0
14882,10.0
14883,10.0
14884,10.0
14885,10.0
14886,10.0
14887,10.0
14888,10.0
14889,10.0
14890,10.0
14891,10.0
14892,10.0
14893,10.0
14894,10.0
14895,10.0
14896,10.0
14897,10.0
14898,10.0
14899,10.0
14900,10.0
14901,10.0
14902,10.0
14903,10.0
14904,10.0
14905,10.0
14906,10.0
14907,10.0
14908,10.0
14909,10.0
14910,10.0
14911,10.0
14912,10.0
14913,10.0
14914,10.0
14915,10.0
14916,10.0
14917,10.0
14918,10.0
14919,10.0
14920,10.0
14921,10.0
14922,10.0
14923,10.0
14924,10.0
14925,10.0
14926,10.0
14927,10.0
14928,10.0
14929,10.0
14930,10.0
14931,10.0
14932,10.0
14933,10.0
14934,10.0
14935,10.0
14936,10.0
14937,10.0
14938,10.0
14939,10.0
14940,10.0
14941,10.0
14942,10.0
14943,10.0
14944,10.0
14945,10.0
14946,10.0
14947,10.0
14948,10.0
14949,10.0
14950,10.0
14951,10.0
14952,10.0
14953,10.0
14954,10.0
14955,10.0
14956,10.0
14957,10.0
14958,10.0
14959,10.0
14960,10.0
14961,10.0
14962,10.0
14963,10.0
14964,10.0
14965,10.0
14966,10.0
14967,10.0
14968,10.0
14969,10.0
14970,10.0
14971,10.0
14972,10.0
14973,10.0
14974,10.0
14975,10.0
14976,10.0
14977,10.0
14978,10.0
14979,10.0
14980,10.0
14981,10.0
14982,10.0
14983,10.0
14984,10.0
14985,10.0
14986,10.0
14987,10.0
14988,10.0
14989,10.0
14990,10.0
14991,10.0
14992,10.0
14993,10.0
14994,10.0
14995,10.0
14996,10.0
14997,10.0
14998,10.0
14999,10.0
15000,10.0
15001,10.0
15002,10.0
15003,10.0
15004,10.0
15005,10.0
15006,10.0
15007,10.0
15008,10.0
15009,10.0
15010,10.0
15011,10.0
15012,10.0
15013,10.0
15014,10.0
15015,10.0
15016,10.0
15017,10.0
15018,10.0
15019,10.0
15020,10.0
15021,10.0
15022,10.0
15023,10.0
15024,10.0
15025,10.0
15026,10.0
15027,10.0
15028,10.0
15029,10.0
15030,10.0
15031,10.0
15032,10.0
15033,10.0
15034,10.0
15035,10.0
15036,10.0
15037,10.0
15038,10.0
15039,10.0
15040,10.0
15041,10.0
15042,10.0
15043,10.0
15044,10.0
15045,10.0
15046,10.0
15047,10.0
15048,10.0
15049,10.0
15050,10.0
15051,10.0
15052,10.0
15053,10.0
15054,10.0
15055,10.0
15056,10.0
15057,10.0
15058,10.0
15059,10.0
15060,10.0
15061,10.0
15062,10.0
15063,10.0
15064,10.0
15065,10.0
15066,10.0
15067,10.0
15068,10.0
15069,10.0
15070,10.0
15071,10.0
15072,10.0
15073,10.0
15074,10.0
15075,10.0
15076,10.0
15077,10.0
15078,10.0
15079,10.0
15080,10.0
15081,10.0
15082,10.0
15083,10.0
15084,10.0
15085,10.0
15086,10.0
15087,10.0
15088,10.0
15089,10.0
15090,10.0
15091,10.0
15092,10.0
15093,10.0
15094,10.0
15095,10.0
15096,10.0
15097,10.0
15098,10.0
15099,10.0
15100,10.0
15101,10.0
15102,10.0
15103,10.0
15104,10.0
15105,10.0
15106,10.0
15107,10.0
15108,10.0
15109,10.0
15110,10.0
15111,10.0
15112,10.0
15113,10.0
15114,10.0
15115,10.0
15116,10.0
15117,10.0
15118,10.0
15119,10.0
15120,10.0
15121,10.0
15122,10.0
15123,10.0
15124,10.0
15125,10.0
15126,10.0
15127,10.0
15128,10.0
15129,10.0
15130,10.0
15131,10.0
15132,10.0
15133,10.0
15134,10.0
15135,10.0
15136,10.0
15137,10.0
15138,10.0
15139,10.0
15140,10.0
15141,11.0
15142,11.0
15143,11.0
15144,11.0
15145,11.0
15146,11.0
15147,11.0
15148,11.0
15149,11.0
15150,11.0
15151,11.0
15152,11.0
15153,11.0
15154,11.0
15155,11.0
15156,11.0
15157,11.0
15158,11.0
15159,11.0
15160,11.0
15161,11.0
15162,11.0
15163,11.0
15164,11.0
15165,11.0
15166,11.0
15167,11.0
15168,11.0
15169,11.0
15170,11.0
15171,11.0
15172,11.0
15173,11.0
15174,11.0
15175,11.0
15176,11.0
15177,11.0
15178,11.0
15179,11.0
15180,11.0
15181,11.0
15182,11.0
15183,11.0
15184,11.0
15185,11.0
15186,11.0
15187,11.0
15188,11.0
15189,11.0
15190,10.0
15191,10.0
15192,10.0
15193,10.0
15194,10.0
15195,10.0
15196,10.0
15197,10.0
15198,10.0
15199,10.0
15200,10.0
15201,10.0
15202,10.0
15203,10.0
15204,10.0
15205,10.0
15206,10.0
15207,10.0
15208,10.0
15209,10.0
15210,10.0
15211,10.0
15212,10.0
15213,10.0
15214,10.0
15215,10.0
15216,10.0
15217,10.0
15218,10.0
15219,10.0
15220,10.0
15221,10.0
15222,10.0
15223,10.0
15224,10.0
15225,10.0
15226,10.0
15227,10.0
15228,10.0
15229,10.0
15230,10.0
15231,10.0
15232,10.0
15233,10.0
15234,10.0
15235,10.0
15236,10.0
15237,10.0
15238,10.0
15239,10.0
15240,10.0
15241,10.0
15242,10.0
15243,10.0
15244,10.0
15245,10.0
15246,10.0
15247,10.0
15248,10.0
15249,10.0
15250,10.0
15251,10.0
15252,10.0
15253,10.0
15254,10.0
15255,10.0
15256,10.0
15257,10.0
15258,10.0
15259,10.0
15260,10.0
15261,10.0
15262,10.0
15263,10.0
15264,10.0
15265,10.0
15266,10.0
15267,10.0
15268,10.0
15269,10.0
15270,10.0
15271,10.0
15272,10.0
15273,10.0
15274,10.0
15275,10.0
15276,10.0
15277,10.0
15278,10.0
15279,10.0
15280,10.0
15281,10.0
15282,10.0
15283,10.0
15284,10.0
15285,10.0
15286,10.0
15287,10.0
15288,10.0
15289,10.0
15290,10.0
15291,10.0
15292,10.0
15293,10.0
15294,10.0
15295,10.0
15296,10.0
15297,10.0
15298,10.0
15299,10.0
15300,10.0
15301,10.0
15302,10.0
15303,10.0
15304,10.0
15305,10.0
15306,10.0
15307,10.0
15308,10.0
15309,10.0
15310,10.0
15311,10.0
15312,10.0
15313,10.0
15314,10.0
15315,10.0
15316,10.0
15317,10.0
15318,10.0
15319,10.0
15320,10.0
15321,10.0
15322,10.0
15323,10.0
15324,10.0
15325,10.0
15326,10.0
15327,10.0
15328,10.0
15329,10.0
15330,10.0
15331,10.0
15332,10.0
15333,10.0
15334,10.0
15335,10.0
15336,10.0
15337,10.0
15338,10.0
15339,10.0
15340,10.0
15341,10.0
15342,10.0
15343,10.0
15344,10.0
15345,10.0
15346,10.0
15347,10.0
15348,10.0
15349,10.0
15350,10.0
15351,10.0
15352,10.0
15353,10.0
15354,10.0
15355,10.0
15356,10.0
15357,10.0
15358,10.0
15359,10.0
15360,10.0
15361,10.0
15362,10.0
15363,10.0
15364,10.0
15365,10.0
15366,10.0
15367,10.0
15368,10.0
15369,10.0
15370,10.0
15371,10.0
15372,10.0
15373,10.0
15374,10.0
15375,10.0
15376,10.0
15377,10.0
15378,10.0
15379,10.0
15380,10.0
15381,10.0
15382,10.0
15383,10.0
15384,10.0
15385,10.0
15386,10.0
15387,10.0
15388,10.0
15389,10.0
15390,10.0
15391,10.0
15392,10.0
15393,10.0
15394,10.0
15395,10.0
15396,10.0
15397,10.0
15398,10.0
15399,10.0
15400,10.0
15401,10.0
15402,10.0
15403,10.0
15404,10.0
15405,10.0
15406,10.0
15407,10.0
15408,10.0
15409,10.0
15410,10.0
15411,10.0
15412,10.0
15413,10.0
15414,10.0
15415,10.0
15416,10.0
15417,10.0
15418,10.0
15419,10.0
15420,10.0
15421,10.0
15422,10.0
15423,10.0
15424,10.0
15425,10.0
15426,10.0
15427,10.0
15428,10.0
15429,10.0
15430,10.0
15431,10.0
15432,10.0
15433,10.0
15434,10.0
15435,10.0
15436,10.0
15437,10.0
15438,10.0
15439,10.0
15440,10.0
15441,10.0
15442,10.0
15443,10.0
15444,10.0
15445,10.0
15446,10.0
15447,10.0
15448,10.0
15449,10.0
15450,10.0
15451,10.0
15452,10.0
15453,10.0
15454,10.0
15455,10.0
15456,10.0
15457,10.0
15458,10.0
15459,10.0
15460,10.0
15461,10.0
15462,10.0
15463,10.0
15464,10.0
15465,10.0
15466,10.0
15467,10.0
15468,10.0
15469,10.0
15470,10.0
15471,10.0
15472,10.0
15473,10.0
15474,10.0
15475,10.0
15476,10.0
15477,10.0
15478,10.0
15479,10.0
15480,10.0
15481,10.0
15482,10.0
15483,10.0
15484,10.0
15485,10.0
15486,10.0
15487,10.0
15488,10.0
15489,10.0
15490,10.0
15491,10.0
15492,10.0
15493,10.0
15494,10.0
15495,10.0
15496,10.0
15497,10.0
15498,10.0
15499,10.0
15500,10.0
15501,10.0
15502,10.0
15503,10.0
15504,10.0
15505,10.0
15506,10.0
15507,10.0
15508,10.0
15509,10.0
15510,10.0
15511,10.0
15512,10.0
15513,10.0
15514,10.0
15515,10.0
15516,10.0
15517,10.0
15518,10.0
15519,10.0
15520,10.0
15521,10.0
15522,10.0
15523,10.0
15524,10.0
15525,10.0
15526,10.0
15527,10.0
15528,10.0
15529,10.0
15530,10.0
15531,10.0
15532,10.0
15533,10.0
15534,10.0
15535,10.0
15536,10.0
15537,10.0
15538,10.0
15539,10.0
15540,10.0
15541,10.0
15542,10.0
15543,10.0
15544,10.0
15545,10.0
15546,10.0
15547,10.0
15548,10.0
15549,11.0
15550,11.0
15551,11.0
15552,11.0
15553,11.0
15554,11.0
15555,11.0
15556,11.0
15557,11.0
15558,11.0
15559,11.0
15560,11.0
15561,11.0
15562,11.0
15563,11.0
15564,11.0
15565,11.0
15566,11.0
15567,11.0
15568,11.0
15569,11.0
15570,11.0
15571,11.0
15572,11.0
15573,11.0
15574,11.0
15575,11.0
15576,11.0
15577,11.0
15578,11.0
15579,11.0
15580,11.0
15581,11.0
15582,11.0
15583,11.0
15584,11.0
15585,11.0
15586,11.0
15587,11.0
15588,11.0
15589,11.0
15590,11.0
15591,11.0
15592,11.0
15593,11.0
15594,11.0
15595,11.0
15596,11.0
15597,11.0
15598,11.0
15599,11.0
15600,11.0
15601,11.0
15602,11.0
15603,11.0
15604,11.0
15605,11.0
15606,11.0
15607,11.0
15608,11.0
15609,11.0
15610,11.0
15611,11.0
15612,11.0
15613,11.0
15614,11.0
15615,11.0
15616,11.0
15617,11.0
15618,11.0
15619,11.0
15620,11.0
15621,11.0
15622,11.0
15623,11.0
15624,11.0
15625,11.0
15626,11.0
15627,11.0
15628,11.0
15629,11.0
15630,11.0
15631,11.0
15632,11.0
15633,11.0
15634,11.0
15635,11.0
15636,11.0
15637,11.0
15638,11.0
15639,11.0
15640,11.0
15641,11.0
15642,12.0
15643,12.0
15644,12.0
15645,12.0
15646,12.0
15647,12.0
15648,12.0
15649,12.0
15650,12.0
15651,12.0
15652,12.0
15653,12.0
15654,12.0
15655,12.0
15656,12.0
15657,12.0
15658,13.0
15659,13.0
15660,13.0
15661,13.0
15662,13.0
15663,13.0
15664,13.0
15665,13.0
15666,13.0
15667,13.0
15668,13.0
15669,13.0
15670,13.0
15671,13.0
15672,13.0
15673,13.0
15674,13.0
15675,13.0
15676,13.0
15677,13.0
15678,13.0
15679,13.0
15680,13.0
15681,12.0
15682,12.0
15683,12.0
15684,11.0
15685,10.0
15686,10.0
15687,10.0
15688,11.0
15689,11.0
15690,11.0
15691,11.0
15692,11.0
15693,11.0
15694,10.0
15695,10.0
15696,10.0
15697,10.0
15698,10.0
15699,10.0
15700,10.0
15701,10.0
15702,10.0
15703,10.0
15704,10.0
15705,10.0
15706,10.0
15707,10.0
15708,10.0
15709,10.0
15710,10.0
15711,10.0
15712,10.0
15713,10.0
15714,10.0
15715,10.0
15716,10.0
15717,10.0
15718,10.0
15719,10.0
15720,10.0
15721,10.0
15722,10.0
15723,10.0
15724,10.0
15725,10.0
15726,10.0
15727,10.0
15728,10.0
15729,10.0
15730,10.0
15731,10.0
15732,10.0
15733,10.0
15734,10.0
15735,10.0
15736,10.0
15737,10.0
15738,10.0
15739,10.0
15740,10.0
15741,10.0
15742,10.0
15743,10.0
15744,10.0
15745,10.0
15746,10.0
15747,10.0
15748,10.0
15749,10.0
15750,10.0
15751,10.0
15752,10.0
15753,10.0
15754,10.0
15755,10.0
15756,10.0
15757,10.0
15758,10.0
15759,10.0
15760,10.0
15761,10.0
15762,10.0
15763,10.0
15764,10.0
15765,10.0
15766,10.0
15767,10.0
15768,10.0
15769,10.0
15770,10.0
15771,10.0
15772,10.0
15773,10.0
15774,10.0
15775,10.0
15776,10.0
15777,10.0
15778,10.0
15779,10.0
15780,10.0
15781,10.0
15782,10.0
15783,10.0
15784,10.0
15785,10.0
15786,10.0
15787,10.0
15788,10.0
15789,10.0
15790,10.0
15791,10.0
15792,10.0
15793,10.0
15794,10.0
15795,10.0
15796,10.0
15797,10.0
15798,10.0
15799,10.0
15800,10.0
15801,10.0
15802,10.0
15803,10.0
15804,10.0
15805,10.0
15806,10.0
15807,10.0
15808,10.0
15809,10.0
15810,10.0
15811,10.0
15812,10.0
15813,10.0
15814,10.0
15815,10.0
15816,10.0
15817,10.0
15818,10.0
15819,10.0
15820,10.0
15821,10.0
15822,10.0
15823,10.0
15824,10.0
15825,10.0
15826,10.0
15827,10.0
15828,10.0
15829,10.0
15830,10.0
15831,10.0
15832,10.0
15833,10.0
15834,10.0
15835,10.0
15836,10.0
15837,10.0
15838,10.0
15839,10.0
15840,10.0
15841,10.0
15842,10.0
15843,10.0
15844,10.0
15845,10.0
15846,10.0
15847,10.0
15848,10.0
15849,10.0
15850,10.0
15851,10.0
15852,10.0
15853,10.0
15854,10.0
15855,10.0
15856,10.0
15857,10.0
15858,10.0
15859,10.0
15860,10.0
15861,10.0
15862,10.0
15863,10.0
15864,10.0
15865,10.0
15866,10.0
15867,10.0
15868,10.0
15869,10.0
15870,10.0
15871,10.0
15872,10.0
15873,10.0
15874,11.0
15875,11.0
15876,11.0
15877,11.0
15878,11.0
15879,11.0
15880,11.0
15881,11.0
15882,11.0
15883,11.0
15884,11.0
15885,11.0
15886,11.0
15887,11.0
15888,11.0
15889,11.0
15890,11.0
15891,11.0
15892,11.0
15893,11.0
15894,11.0
15895,11.0
15896,11.0
15897,11.0
15898,11.0
15899,11.0
15900,11.0
15901,11.0
15902,11.0
15903,11.0
15904,11.0
15905,11.0
15906,11.0
15907,11.0
15908,11.0
15909,11.0
15910,11.0
15911,11.0
15912,11.0
15913,11.0
15914,11.0
15915,11.0
15916,11.0
15917,11.0
15918,11.0
15919,11.0
15920,11.0
15921,11.0
15922,11.0
15923,11.0
15924,11.0
15925,11.0
15926,11.0
15927,11.0
15928,11.0
15929,11.0
15930,11.0
15931,11.0
15932,11.0
15933,11.0
15934,11.0
15935,11.0
15936,11.0
15937,11.0
15938,11.0
15939,11.0
15940,11.0
15941,11.0
15942,11.0
15943,11.0
15944,11.0
15945,11.0
15946,11.0
15947,11.0
15948,11.0
15949,11.0
15950,11.0
15951,11.0
15952,11.0
15953,11.0
15954,11.0
15955,11.0
15956,11.0
15957,11.0
15958,11.0
15959,11.0
15960,11.0
15961,11.0
15962,11.0
15963,11.0
15964,11.0
15965,11.0
15966,11.0
15967,11.0
15968,11.0
15969,11.0
15970,11.0
15971,11.0
15972,11.0
15973,11.0
15974,11.0
15975,11.0
15976,11.0
15977,11.0
15978,11.0
15979,11.0
15980,11.0
15981,12.0
15982,11.0
15983,11.0
15984,10.0
15985,10.0
15986,10.0
15987,10.0
15988,10.0
15989,10.0
15990,10.0
15991,10.0
15992,10.0
15993,10.0
15994,10.0
15995,10.0
15996,10.0
15997,10.0
15998,10.0
15999,10.0
16000,11.0
16001,11.0
16002,11.0
16003,11.0
16004,11.0
16005,11.0
16006,11.0
16007,11.0
16008,11.0
16009,11.0
16010,11.0
16011,11.0
16012,11.0
16013,11.0
16014,11.0
16015,11.0
16016,11.0
16017,11.0
16018,11.0
16019,11.0
16020,11.0
16021,11.0
16022,11.0
16023,11.0
16024,11.0
16025,11.0
16026,11.0
16027,11.0
16028,11.0
16029,11.0
16030,11.0
16031,11.0
16032,11.0
16033,11.0
16034,11.0
16035,11.0
16036,10.0
16037,10.0
16038,10.0
16039,10.0
16040,10.0
16041,10.0
16042,10.0
16043,10.0
16044,10.0
16045,10.0
16046,10.0
16047,10.0
16048,10.0
16049,10.0
16050,10.0
16051,10.0
16052,10.0
16053,10.0
16054,10.0
16055,10.0
16056,10.0
16057,10.0
16058,10.0
16059,10.0
16060,10.0
16061,10.0
16062,10.0
16063,10.0
16064,10.0
16065,10.0
16066,10.0
16067,10.0
16068,10.0
16069,10.0
16070,10.0
16071,10.0
16072,10.0
16073,10.0
16074,10.0
16075,10.0
16076,10.0
16077,10.0
16078,10.0
16079,10.0
16080,10.0
16081,10.0
16082,10.0
16083,10.0
16084,10.0
16085,10.0
16086,10.0
16087,10.0
16088,10.0
16089,10.0
16090,10.0
16091,10.0
16092,10.0
16093,10.0
16094,10.0
16095,10.0
16096,10.0
16097,10.0
16098,10.0
16099,10.0
16100,10.0
16101,10.0
16102,10.0
16103,10.0
16104,10.0
16105,10.0
16106,10.0
16107,10.0
16108,10.0
16109,10.0
16110,10.0
16111,10.0
16112,10.0
16113,10.0
16114,10.0
16115,10.0
16116,10.0
16117,10.0
16118,10.0
16119,10.0
16120,10.0
16121,10.0
16122,10.0
16123,10.0
16124,10.0
16125,10.0
16126,10.0
16127,10.0
16128,10.0
16129,10.0
16130,10.0
16131,10.0
16132,10.0
16133,10.0
16134,10.0
16135,10.0
16136,10.0
16137,10.0
16138,10.0
16139,10.0
16140,10.0
16141,10.0
16142,10.0
16143,10.0
16144,10.0
16145,10.0
16146,10.0
16147,10.0
16148,10.0
16149,10.0
16150,10.0
16151,10.0
16152,10.0
16153,10.0
16154,10.0
16155,10.0
16156,10.0
16157,10.0
16158,10.0
16159,10.0
16160,10.0
16161,10.0
16162,10.0
16163,10.0
16164,10.0
16165,10.0
16166,10.0
16167,10.0
16168,10.0
16169,10.0
16170,10.0
16171,10.0
16172,10.0
16173,10.0
16174,10.0
16175,10.0
16176,10.0
16177,10.0
16178,10.0
16179,10.0
16180,10.0
16181,10.0
16182,10.0
16183,10.0
16184,10.0
16185,10.0
16186,10.0
16187,10.0
16188,10.0
16189,10.0
16190,10.0
16191,10.0
16192,10.0
16193,9.0
16194,9.0
16195,9.0
16196,9.0
16197,10.0
16198,10.0
16199,10.0
16200,10.0
16201,10.0
16202,10.0
16203,10.0
16204,10.0
16205,10.0
16206,10.0
16207,10.0
16208,10.0
16209,10.0
16210,10.0
16211,10.0
16212,10.0
16213,10.0
16214,10.0
16215,10.0
16216,10.0
16217,10.0
16218,10.0
16219,10.0
16220,10.0
16221,10.0
16222,10.0
16223,10.0
16224,10.0
16225,10.0
16226,10.0
16227,10.0
16228,10.0
16229,10.0
16230,10.0
16231,10.0
16232,10.0
16233,10.0
16234,10.0
16235,10.0
16236,10.0
16237,10.0
16238,10.0
16239,10.0
16240,10.0
16241,10.0
16242,10.0
16243,10.0
16244,10.0
16245,10.0
16246,10.0
16247,10.0
16248,10.0
16249,10.0
16250,10.0
16251,10.0
16252,10.0
16253,10.0
16254,10.0
16255,10.0
16256,10.0
16257,10.0
16258,10.0
16259,10.0
16260,10.0
16261,10.0
16262,10.0
16263,10.0
16264,10.0
16265,10.0
16266,10.0
16267,10.0
16268,10.0
16269,10.0
16270,10.0
16271,10.0
16272,10.0
16273,10.0
16274,10.0
16275,10.0
16276,10.0
16277,10.0
16278,10.0
16279,10.0
16280,10.0
16281,10.0
16282,10.0
16283,10.0
16284,10.0
16285,10.0
16286,10.0
16287,10.0
16288,10.0
16289,10.0
16290,10.0
16291,10.0
16292,10.0
16293,10.0
16294,10.0
16295,10.0
16296,10.0
16297,10.0
16298,10.0
16299,10.0
16300,10.0
16301,10.0
16302,11.0
16303,11.0
16304,11.0
16305,11.0
16306,11.0
16307,11.0
16308,11.0
16309,11.0
16310,11.0
16311,11.0
16312,11.0
16313,11.0
16314,11.0
16315,11.0
16316,11.0
16317,11.0
16318,11.0
16319,11.0
16320,11.0
16321,11.0
16322,11.0
16323,11.0
16324,11.0
16325,11.0
16326,11.0
16327,11.0
16328,11.0
16329,11.0
16330,11.0
16331,11.0
16332,11.0
16333,11.0
16334,11.0
16335,11.0
16336,11.0
16337,11.0
16338,11.0
16339,11.0
16340,11.0
16341,11.0
16342,11.0
16343,11.0
16344,11.0
16345,11.0
16346,11.0
16347,11.0
16348,11.0
16349,11.0
16350,11.0
16351,11.0
16352,11.0
16353,11.0
16354,11.0
16355,11.0
16356,11.0
16357,11.0
16358,11.0
16359,11.0
16360,11.0
16361,11.0
16362,11.0
16363,11.0
16364,11.0
16365,11.0
16366,11.0
16367,11.0
16368,11.0
16369,11.0
16370,11.0
16371,11.0
16372,11.0
16373,10.0
16374,10.0
16375,10.0
16376,10.0
16377,10.0
16378,10.0
16379,10.0
16380,10.0
16381,9.0
16382,9.0
16383,9.0
16384,9.0
16385,9.0
16386,9.0
16387,9.0
16388,9.0
16389,9.0
16390,9.0
16391,9.0
16392,9.0
16393,9.0
16394,9.0
16395,9.0
16396,9.0
16397,9.0
16398,9.0
16399,9.0
16400,9.0
16401,9.0
16402,9.0
16403,9.0
16404,9.0
16405,9.0
16406,9.0
16407,9.0
16408,9.0
16409,9.0
16410,9.0
16411,9.0
16412,9.0
16413,9.0
16414,9.0
16415,9.0
16416,9.0
16417,9.0
16418,9.0
16419,9.0
16420,9.0
16421,9.0
16422,9.0
16423,9.0
16424,9.0
16425,9.0
16426,9.0
16427,9.0
16428,9.0
16429,9.0
16430,9.0
16431,9.0
16432,9.0
16433,9.0
16434,9.0
16435,9.0
16436,9.0
16437,9.0
16438,9.0
16439,9.0
16440,9.0
16441,9.0
16442,9.0
16443,9.0
16444,9.0
16445,9.0
16446,9.0
16447,9.0
16448,10.0
16449,10.0
16450,10.0
16451,10.0
16452,10.0
16453,10.0
16454,10.0
16455,10.0
16456,10.0
16457,10.0
16458,10.0
16459,10.0
16460,10.0
16461,10.0
16462,10.0
16463,10.0
16464,10.0
16465,10.0
16466,10.0
16467,10.0
16468,10.0
16469,10.0
16470,10.0
16471,10.0
16472,9.0
16473,9.0
16474,9.0
16475,9.0
16476,9.0
16477,9.0
16478,9.0
16479,9.0
16480,9.0
16481,9.0
16482,9.0
16483,9.0
16484,9.0
16485,9.0
16486,9.0
16487,9.0
16488,9.0
16489,9.0
16490,9.0
16491,9.0
16492,9.0
16493,9.0
16494,9.0
16495,9.0
16496,9.0
16497,9.0
16498,9.0
16499,9.0
16500,9.0
16501,9.0
16502,9.0
16503,9.0
16504,9.0
16505,9.0
16506,9.0
16507,9.0
16508,9.0
16509,9.0
16510,9.0
16511,9.0
16512,9.0
16513,9.0
16514,9.0
16515,9.0
16516,9.0
16517,9.0
16518,9.0
16519,9.0
16520,9.0
16521,9.0
16522,9.0
16523,9.0
16524,9.0
16525,9.0
16526,9.0
16527,9.0
16528,9.0
16529,9.0
16530,9.0
16531,9.0
16532,9.0
16533,9.0
16534,9.0
16535,9.0
16536,9.0
16537,9.0
16538,9.0
16539,9.0
16540,9.0
16541,10.0
16542,10.0
16543,10.0
16544,10.0
16545,10.0
16546,10.0
16547,10.0
16548,10.0
16549,10.0
16550,10.0
16551,10.0
16552,10.0
16553,10.0
16554,10.0
16555,10.0
16556,10.0
16557,10.0
16558,10.0
16559,10.0
16560,10.0
16561,10.0
16562,10.0
16563,10.0
16564,10.0
16565,10.0
16566,10.0
16567,10.0
16568,10.0
16569,10.0
16570,10.0
16571,10.0
16572,10.0
16573,10.0
16574,10.0
16575,10.0
16576,10.0
16577,10.0
16578,10.0
16579,10.0
16580,10.0
16581,10.0
16582,10.0
16583,10.0
16584,10.0
16585,10.0
16586,10.0
16587,10.0
16588,10.0
16589,10.0
16590,10.0
16591,10.0
16592,10.0
16593,10.0
16594,10.0
16595,10.0
16596,10.0
16597,10.0
16598,10.0
16599,10.0
16600,10.0
16601,10.0
16602,10.0
16603,10.0
16604,10.0
16605,10.0
16606,10.0
16607,10.0
16608,10.0
16609,10.0
16610,10.0
16611,10.0
16612,10.0
16613,10.0
16614,10.0
16615,10.0
16616,10.0
16617,10.0
16618,10.0
16619,10.0
16620,10.0
16621,10.0
16622,10.0
16623,10.0
16624,10.0
16625,10.0
16626,10.0
16627,10.0
16628,10.0
16629,10.0
16630,10.0
16631,10.0
16632,10.0
16633,10.0
16634,10.0
16635,10.0
16636,10.0
16637,10.0
16638,10.0
16639,10.0
16640,10.0
16641,10.0
16642,10.0
16643,10.0
16644,10.0
16645,10.0
16646,10.0
16647,10.0
16648,10.0
16649,10.0
16650,10.0
16651,10.0
16652,10.0
16653,10.0
16654,10.0
16655,10.0
16656,10.0
16657,10.0
16658,10.0
16659,10.0
16660,10.0
16661,10.0
16662,10.0
16663,10.0
16664,10.0
16665,10.0
16666,10.0
16667,10.0
16668,10.0
16669,10.0
16670,10.0
16671,10.0
16672,10.0
16673,10.0
16674,10.0
16675,10.0
16676,10.0
16677,10.0
16678,10.0
16679,10.0
16680,10.0
16681,10.0
16682,10.0
16683,10.0
16684,10.0
16685,10.0
16686,10.0
16687,10.0
16688,10.0
16689,10.0
16690,10.0
16691,10.0
16692,10.0
16693,10.0
16694,10.0
16695,10.0
16696,10.0
16697,10.0
16698,10.0
16699,10.0
16700,10.0
16701,10.0
16702,10.0
16703,10.0
16704,10.0
16705,10.0
16706,10.0
16707,10.0
16708,10.0
16709,10.0
16710,10.0
16711,10.0
16712,10.0
16713,10.0
16714,10.0
16715,10.0
16716,10.0
16717,10.0
16718,10.0
16719,10.0
16720,10.0
16721,10.0
16722,10.0
16723,10.0
16724,10.0
16725,10.0
16726,10.0
16727,10.0
16728,10.0
16729,10.0
16730,10.0
16731,10.0
16732,10.0
16733,10.0
16734,10.0
16735,10.0
16736,10.0
16737,10.0
16738,10.0
16739,10.0
16740,10.0
16741,10.0
16742,10.0
16743,10.0
16744,10.0
16745,10.0
16746,10.0
16747,10.0
16748,10.0
16749,10.0
16750,10.0
16751,10.0
16752,10.0
16753,10.0
16754,10.0
16755,10.0
16756,10.0
16757,10.0
16758,10.0
16759,10.0
16760,10.0
16761,10.0
16762,10.0
16763,10.0
16764,10.0
16765,10.0
16766,10.0
16767,10.0
16768,10.0
16769,10.0
16770,10.0
16771,10.0
16772,10.0
16773,10.0
16774,10.0
16775,10.0
16776,10.0
16777,10.0
16778,10.0
16779,10.0
16780,10.0
16781,10.0
16782,10.0
16783,10.0
16784,10.0
16785,10.0
16786,10.0
16787,10.0
16788,10.0
16789,11.0
16790,11.0
16791,11.0
16792,11.0
16793,11.0
16794,11.0
16795,11.0
16796,11.0
16797,11.0
16798,11.0
16799,11.0
16800,11.0
16801,11.0
16802,11.0
16803,11.0
16804,11.0
16805,11.0
16806,11.0
16807,11.0
16808,11.0
16809,11.0
16810,11.0
16811,11.0
16812,11.0
16813,11.0
16814,11.0
16815,11.0
16816,11.0
16817,11.0
16818,11.0
16819,11.0
16820,11.0
16821,11.0
16822,11.0
16823,11.0
16824,11.0
16825,11.0
16826,11.0
16827,11.0
16828,11.0
16829,11.0
16830,11.0
16831,11.0
16832,11.0
16833,11.0
16834,11.0
16835,11.0
16836,11.0
16837,11.0
16838,11.0
16839,11.0
16840,11.0
16841,11.0
16842,11.0
16843,11.0
16844,11.0
16845,11.0
16846,11.0
16847,11.0
16848,11.0
16849,11.0
16850,11.0
16851,11.0
16852,11.0
16853,11.0
16854,11.0
16855,11.0
16856,11.0
16857,11.0
16858,11.0
16859,11.0
16860,11.0
16861,11.0
16862,11.0
16863,11.0
16864,11.0
16865,11.0
16866,11.0
16867,11.0
16868,11.0
16869,11.0
16870,11.0
16871,11.0
16872,11.0
16873,11.0
16874,11.0
16875,11.0
16876,11.0
16877,11.0
16878,11.0
16879,11.0
16880,11.0
16881,11.0
16882,11.0
16883,11.0
16884,11.0
16885,11.0
16886,11.0
16887,11.0
16888,11.0
16889,11.0
16890,11.0
16891,11.0
16892,11.0
16893,11.0
16894,11.0
16895,11.0
16896,11.0
16897,11.0
16898,11.0
16899,11.0
16900,11.0
16901,11.0
16902,11.0
16903,11.0
16904,11.0
16905,11.0
16906,11.0
16907,11.0
16908,11.0
16909,11.0
16910,11.0
16911,11.0
16912,11.0
16913,11.0
16914,11.0
16915,11.0
16916,11.0
16917,11.0
16918,12.0
16919,12.0
16920,12.0
16921,11.0
16922,11.0
16923,11.0
16924,11.0
16925,11.0
16926,11.0
16927,11.0
16928,11.0
16929,11.0
16930,11.0
16931,11.0
16932,11.0
16933,11.0
16934,11.0
16935,11.0
16936,11.0
16937,11.0
16938,11.0
16939,11.0
16940,11.0
16941,11.0
16942,11.0
16943,11.0
16944,11.0
16945,11.0
16946,11.0
16947,11.0
16948,11.0
16949,11.0
16950,11.0
16951,11.0
16952,11.0
16953,11.0
16954,11.0
16955,11.0
16956,11.0
16957,11.0
16958,11.0
16959,11.0
16960,11.0
16961,11.0
16962,11.0
16963,11.0
16964,11.0
16965,11.0
16966,11.0
16967,11.0
16968,11.0
16969,11.0
16970,10.0
16971,10.0
16972,10.0
16973,10.0
16974,9.0
16975,9.0
16976,9.0
16977,9.0
16978,9.0
16979,9.0
16980,9.0
16981,9.0
16982,9.0
16983,9.0
16984,9.0
16985,9.0
16986,9.0
16987,9.0
16988,9.0
16989,9.0
16990,9.0
16991,9.0
16992,9.0
16993,9.0
16994,9.0
16995,9.0
16996,9.0
16997,9.0
16998,9.0
16999,9.0
17000,9.0
17001,9.0
17002,9.0
17003,9.0
17004,9.0
17005,9.0
17006,9.0
17007,10.0
17008,10.0
17009,9.0
17010,9.0
17011,9.0
17012,9.0
17013,9.0
17014,9.0
17015,9.0
17016,9.0
17017,9.0
17018,9.0
17019,9.0
17020,9.0
17021,9.0
17022,9.0
17023,9.0
17024,9.0
17025,9.0
17026,9.0
17027,9.0
17028,9.0
17029,9.0
17030,9.0
17031,9.0
17032,9.0
17033,9.0
17034,9.0
17035,9.0
17036,9.0
17037,9.0
17038,9.0
17039,9.0
17040,9.0
17041,9.0
17042,9.0
17043,9.0
17044,9.0
17045,9.0
17046,10.0
17047,10.0
17048,10.0
17049,10.0
17050,10.0
17051,10.0
17052,10.0
17053,10.0
17054,10.0
17055,10.0
17056,10.0
17057,10.0
17058,10.0
17059,10.0
17060,10.0
17061,10.0
17062,10.0
17063,10.0
17064,10.0
17065,10.0
17066,10.0
17067,10.0
17068,10.0
17069,10.0
17070,10.0
17071,10.0
17072,10.0
17073,10.0
17074,10.0
17075,10.0
17076,10.0
17077,10.0
17078,10.0
17079,10.0
17080,10.0
17081,10.0
17082,10.0
17083,10.0
17084,10.0
17085,10.0
17086,10.0
17087,10.0
17088,10.0
17089,10.0
17090,10.0
17091,10.0
17092,10.0
17093,10.0
17094,10.0
17095,10.0
17096,10.0
17097,10.0
17098,10.0
17099,10.0
17100,10.0
17101,10.0
17102,10.0
17103,10.0
17104,10.0
17105,10.0
17106,10.0
17107,10.0
17108,10.0
17109,10.0
17110,10.0
17111,10.0
17112,10.0
17113,10.0
17114,10.0
17115,10.0
17116,10.0
17117,10.0
17118,10.0
17119,10.0
17120,10.0
17121,10.0
17122,10.0
17123,10.0
17124,10.0
17125,10.0
17126,10.0
17127,10.0
17128,10.0
17129,10.0
17130,10.0
17131,10.0
17132,10.0
17133,10.0
17134,10.0
17135,10.0
17136,10.0
17137,10.0
17138,10.0
17139,10.0
17140,10.0
17141,10.0
17142,10.0
17143,10.0
17144,10.0
17145,10.0
17146,10.0
17147,10.0
17148,11.0
17149,11.0
17150,11.0
17151,11.0
17152,11.0
17153,11.0
17154,11.0
17155,11.0
17156,11.0
17157,11.0
17158,11.0
17159,11.0
17160,11.0
17161,11.0
17162,11.0
17163,11.0
17164,11.0
17165,11.0
17166,11.0
17167,11.0
17168,11.0
17169,11.0
17170,11.0
17171,11.0
17172,11.0
17173,11.0
17174,11.0
17175,11.0
17176,11.0
17177,11.0
17178,11.0
17179,11.0
17180,11.0
17181,11.0
17182,11.0
17183,11.0
17184,11.0
17185,11.0
17186,11.0
17187,11.0
17188,11.0
17189,11.0
17190,11.0
17191,11.0
17192,11.0
17193,11.0
17194,11.0
17195,11.0
17196,11.0
17197,11.0
17198,11.0
17199,11.0
17200,11.0
17201,11.0
17202,11.0
17203,11.0
17204,11.0
17205,11.0
17206,11.0
17207,11.0
17208,11.0
17209,11.0
17210,11.0
17211,11.0
17212,11.0
17213,11.0
17214,11.0
17215,11.0
17216,11.0
17217,11.0
17218,11.0
17219,11.0
17220,11.0
17221,11.0
17222,11.0
17223,11.0
17224,11.0
17225,11.0
17226,11.0
17227,11.0
17228,11.0
17229,11.0
17230,11.0
17231,11.0
17232,11.0
17233,11.0
17234,11.0
17235,11.0
17236,11.0
17237,11.0
17238,11.0
17239,11.0
17240,11.0
17241,11.0
17242,11.0
17243,11.0
17244,11.0
17245,11.0
17246,11.0
17247,11.0
17248,11.0
17249,11.0
17250,11.0
17251,11.0
17252,11.0
17253,11.0
17254,11.0
17255,11.0
17256,11.0
17257,11.0
17258,11.0
17259,11.0
17260,11.0
17261,11.0
17262,11.0
17263,11.0
17264,11.0
17265,11.0
17266,11.0
17267,11.0
17268,11.0
17269,11.0
17270,11.0
17271,11.0
17272,11.0
17273,11.0
17274,11.0
17275,11.0
17276,11.0
17277,11.0
17278,11.0
17279,11.0
17280,11.0
17281,11.0
17282,11.0
17283,11.0
17284,11.0
17285,11.0
17286,11.0
17287,11.0
17288,11.0
17289,11.0
17290,11.0
17291,11.0
17292,11.0
17293,11.0
17294,11.0
17295,11.0
17296,11.0
17297,11.0
17298,11.0
17299,11.0
17300,11.0
17301,11.0
17302,11.0
17303,11.0
17304,11.0
17305,11.0
17306,11.0
17307,11.0
17308,11.0
17309,11.0
17310,11.0
17311,11.0
17312,11.0
17313,11.0
17314,11.0
17315,11.0
17316,11.0
17317,11.0
17318,11.0
17319,11.0
17320,11.0
17321,11.0
17322,11.0
17323,11.0
17324,11.0
17325,11.0
17326,11.0
17327,11.0
17328,11.0
17329,11.0
17330,11.0
17331,11.0
17332,11.0
17333,11.0
17334,11.0
17335,11.0
17336,11.0
17337,11.0
17338,11.0
17339,11.0
17340,11.0
17341,11.0
17342,11.0
17343,11.0
17344,11.0
17345,11.0
17346,11.0
17347,11.0
17348,11.0
17349,11.0
17350,11.0
17351,11.0
17352,11.0
17353,11.0
17354,11.0
17355,11.0
17356,11.0
17357,11.0
17358,11.0
17359,11.0
17360,11.0
17361,11.0
17362,11.0
17363,11.0
17364,11.0
17365,11.0
17366,11.0
17367,11.0
17368,11.0
17369,11.0
17370,11.0
17371,11.0
17372,11.0
17373,11.0
17374,11.0
17375,11.0
17376,11.0
17377,11.0
17378,11.0
17379,11.0
17380,11.0
17381,11.0
17382,11.0
17383,11.0
17384,11.0
17385,11.0
17386,11.0
17387,11.0
17388,11.0
17389,11.0
17390,11.0
17391,11.0
17392,11.0
17393,11.0
17394,11.0
17395,11.0
17396,11.0
17397,11.0
17398,11.0
17399,11.0
17400,11.0
17401,11.0
17402,11.0
17403,11.0
17404,11.0
17405,11.0
17406,11.0
17407,11.0
17408,11.0
17409,11.0
17410,11.0
17411,11.0
17412,11.0
17413,11.0
17414,11.0
17415,11.0
17416,11.0
17417,11.0
17418,11.0
17419,11.0
17420,11.0
17421,11.0
17422,11.0
17423,11.0
17424,11.0
17425,11.0
17426,11.0
17427,11.0
17428,11.0
17429,11.0
17430,11.0
17431,11.0
17432,11.0
17433,11.0
17434,11.0
17435,11.0
17436,11.0
17437,11.0
17438,11.0
17439,11.0
17440,11.0
17441,11.0
17442,11.0
17443,11.0
17444,11.0
17445,11.0
17446,11.0
17447,11.0
17448,11.0
17449,11.0
17450,11.0
17451,11.0
17452,11.0
17453,11.0
17454,11.0
17455,11.0
17456,11.0
17457,11.0
17458,11.0
17459,11.0
17460,11.0
17461,11.0
17462,11.0
17463,11.0
17464,11.0
17465,11.0
17466,11.0
17467,11.0
17468,11.0
17469,11.0
17470,11.0
17471,11.0
17472,11.0
17473,11.0
17474,11.0
17475,11.0
17476,11.0
17477,11.0
17478,11.0
17479,11.0
17480,11.0
17481,11.0
17482,11.0
17483,11.0
17484,11.0
17485,11.0
17486,11.0
17487,11.0
17488,11.0
17489,11.0
17490,11.0
17491,11.0
17492,11.0
17493,11.0
17494,11.0
17495,11.0
17496,11.0
17497,11.0
17498,11.0
17499,11.0
17500,11.0
17501,11.0
17502,11.0
17503,11.0
17504,11.0
17505,11.0
17506,11.0
17507,11.0
17508,11.0
17509,11.0
17510,11.0
17511,11.0
17512,11.0
17513,11.0
17514,11.0
17515,11.0
17516,11.0
17517,11.0
17518,11.0
17519,11.0
17520,11.0
17521,11.0
17522,11.0
17523,11.0
17524,11.0
17525,11.0
17526,11.0
17527,11.0
17528,11.0
17529,11.0
17530,11.0
17531,11.0
17532,11.0
17533,11.0
17534,11.0
17535,12.0
17536,12.0
17537,12.0
17538,12.0
17539,12.0
17540,12.0
17541,12.0
17542,12.0
17543,12.0
17544,12.0
17545,12.0
17546,12.0
17547,12.0
17548,12.0
17549,12.0
17550,12.0
17551,12.0
17552,12.0
17553,12.0
17554,12.0
17555,12.0
17556,12.0
17557,12.0
17558,12.0
17559,12.0
17560,12.0
17561,12.0
17562,12.0
17563,12.0
17564,12.0
17565,12.0
17566,12.0
17567,12.0
17568,12.0
17569,12.0
17570,12.0
17571,12.0
17572,12.0
17573,12.0
17574,12.0
17575,12.0
17576,12.0
17577,12.0
17578,12.0
17579,12.0
17580,12.0
17581,12.0
17582,12.0
17583,12.0
17584,12.0
17585,12.0
17586,12.0
17587,12.0
17588,12.0
17589,12.0
17590,12.0
17591,12.0
17592,12.0
17593,12.0
17594,12.0
17595,12.0
17596,12.0
17597,12.0
17598,12.0
17599,12.0
17600,12.0
17601,12.0
17602,12.0
17603,12.0
17604,12.0
17605,12.0
17606,12.0
17607,12.0
17608,12.0
17609,12.0
17610,12.0
17611,12.0
17612,12.0
17613,12.0
17614,12.0
17615,12.0
17616,12.0
17617,12.0
17618,12.0
17619,12.0
17620,12.0
17621,12.0
17622,12.0
17623,12.0
17624,12.0
17625,12.0
17626,12.0
17627,12.0
17628,12.0
17629,12.0
17630,12.0
17631,12.0
17632,12.0
17633,12.0
17634,12.0
17635,12.0
17636,12.0
17637,12.0
17638,12.0
17639,12.0
17640,12.0
17641,13.0
17642,13.0
17643,13.0
17644,13.0
17645,13.0
17646,13.0
17647,13.0
17648,13.0
17649,13.0
17650,13.0
17651,13.0
17652,13.0
17653,13.0
17654,13.0
17655,13.0
17656,13.0
17657,13.0
17658,13.0
17659,13.0
17660,13.0
17661,13.0
17662,13.0
17663,13.0
17664,13.0
17665,13.0
17666,13.0
17667,13.0
17668,13.0
17669,13.0
17670,13.0
17671,13.0
17672,13.0
17673,13.0
17674,13.0
17675,13.0
17676,13.0
17677,13.0
17678,13.0
17679,13.0
17680,13.0
17681,13.0
17682,13.0
17683,13.0
17684,13.0
17685,13.0
17686,13.0
17687,13.0
17688,13.0
17689,13.0
17690,13.0
17691,13.0
17692,13.0
17693,13.0
17694,13.0
17695,13.0
17696,13.0
17697,13.0
17698,13.0
17699,13.0
17700,13.0
17701,13.0
17702,13.0
17703,13.0
17704,13.0
17705,13.0
17706,13.0
17707,13.0
17708,13.0
17709,13.0
17710,13.0
17711,13.0
17712,13.0
17713,13.0
17714,13.0
17715,13.0
17716,13.0
17717,13.0
17718,13.0
17719,13.0
17720,13.0
17721,13.0
17722,13.0
17723,13.0
17724,13.0
17725,13.0
17726,13.0
17727,13.0
17728,13.0
17729,13.0
17730,13.0
17731,13.0
17732,13.0
17733,13.0
17734,13.0
17735,13.0
17736,13.0
17737,13.0
17738,13.0
17739,13.0
17740,13.0
17741,13.0
17742,13.0
17743,13.0
17744,13.0
17745,13.0
17746,13.0
17747,13.0
17748,13.0
17749,13.0
17750,13.0
17751,13.0
17752,13.0
17753,13.0
17754,13.0
17755,13.0
17756,13.0
17757,13.0
17758,13.0
17759,13.0
17760,13.0
17761,13.0
17762,13.0
17763,13.0
17764,13.0
17765,13.0
17766,13.0
17767,13.0
17768,13.0
17769,13.0
17770,13.0
17771,13.0
17772,13.0
17773,13.0
17774,13.0
17775,13.0
17776,13.0
17777,13.0
17778,13.0
17779,13.0
17780,13.0
17781,13.0
17782,13.0
17783,13.0
17784,13.0
17785,13.0
17786,13.0
17787,13.0
17788,13.0
17789,13.0
17790,13.0
17791,13.0
17792,13.0
17793,13.0
17794,13.0
17795,13.0
17796,13.0
17797,13.0
17798,13.0
17799,13.0
17800,13.0
17801,13.0
17802,13.0
17803,13.0
17804,13.0
17805,13.0
17806,13.0
17807,13.0
17808,13.0
17809,13.0
17810,13.0
17811,13.0
17812,13.0
17813,13.0
17814,13.0
17815,13.0
17816,13.0
17817,13.0
17818,13.0
17819,13.0
17820,13.0
17821,13.0
17822,13.0
17823,13.0
17824,13.0
17825,13.0
17826,13.0
17827,13.0
17828,13.0
17829,13.0
17830,13.0
17831,13.0
17832,13.0
17833,13.0
17834,13.0
17835,13.0
17836,13.0
17837,13.0
17838,13.0
17839,13.0
17840,13.0
17841,13.0
17842,13.0
17843,13.0
17844,13.0
17845,13.0
17846,13.0
17847,13.0
17848,13.0
17849,13.0
17850,13.0
17851,13.0
17852,13.0
17853,13.0
17854,13.0
17855,13.0
17856,13.0
17857,13.0
17858,13.0
17859,13.0
17860,13.0
17861,13.0
17862,13.0
17863,13.0
17864,13.0
17865,13.0
17866,13.0
17867,13.0
17868,13.0
17869,13.0
17870,13.0
17871,13.0
17872,13.0
17873,13.0
17874,13.0
17875,13.0
17876,13.0
17877,13.0
17878,13.0
17879,13.0
17880,13.0
17881,13.0
17882,13.0
17883,13.0
17884,13.0
17885,13.0
17886,13.0
17887,13.0
17888,13.0
17889,13.0
17890,13.0
17891,13.0
17892,13.0
17893,13.0
17894,13.0
17895,13.0
17896,13.0
17897,13.0
17898,13.0
17899,13.0
17900,13.0
17901,13.0
17902,13.0
17903,13.0
17904,13.0
17905,13.0
17906,13.0
17907,13.0
17908,13.0
17909,13.0
17910,13.0
17911,13.0
17912,13.0
17913,13.0
17914,12.0
17915,12.0
17916,12.0
17917,12.0
17918,12.0
17919,12.0
17920,12.0
17921,12.0
17922,12.0
17923,12.0
17924,12.0
17925,12.0
17926,12.0
17927,12.0
17928,12.0
17929,12.0
17930,11.0
17931,11.0
17932,11.0
17933,11.0
17934,11.0
17935,11.0
17936,11.0
17937,11.0
17938,11.0
17939,11.0
17940,11.0
17941,11.0
17942,11.0
17943,11.0
17944,11.0
17945,11.0
17946,11.0
17947,11.0
17948,11.0
17949,12.0
17950,12.0
17951,12.0
17952,12.0
17953,12.0
17954,12.0
17955,12.0
17956,12.0
17957,12.0
17958,12.0
17959,12.0
17960,12.0
17961,12.0
17962,12.0
17963,12.0
17964,12.0
17965,12.0
17966,12.0
17967,12.0
17968,12.0
17969,12.0
17970,12.0
17971,12.0
17972,12.0
17973,12.0
17974,12.0
17975,12.0
17976,12.0
17977,12.0
17978,12.0
17979,12.0
17980,12.0
17981,12.0
17982,12.0
17983,12.0
17984,12.0
17985,12.0
17986,12.0
17987,12.0
17988,12.0
17989,12.0
17990,12.0
17991,12.0
17992,12.0
17993,12.0
17994,12.0
17995,12.0
17996,12.0
17997,12.0
17998,12.0
17999,12.0
18000,12.0
18001,12.0
18002,12.0
18003,12.0
18004,12.0
18005,12.0
18006,12.0
18007,12.0
18008,12.0
18009,12.0
18010,12.0
18011,12.0
18012,12.0
18013,12.0
18014,12.0
18015,12.0
18016,12.0
18017,12.0
18018,12.0
18019,12.0
18020,12.0
18021,12.0
18022,12.0
18023,12.0
18024,12.0
18025,12.0
18026,12.0
18027,12.0
18028,12.0
18029,12.0
18030,12.0
18031,12.0
18032,12.0
18033,12.0
18034,12.0
18035,12.0
18036,12.0
18037,12.0
18038,12.0
18039,12.0
18040,12.0
18041,12.0
18042,12.0
18043,12.0
18044,12.0
18045,12.0
18046,12.0
18047,12.0
18048,12.0
18049,11.0
18050,11.0
18051,11.0
18052,11.0
18053,11.0
18054,11.0
18055,11.0
18056,11.0
18057,11.0
18058,11.0
18059,11.0
18060,11.0
18061,11.0
18062,11.0
18063,11.0
18064,11.0
18065,11.0
18066,11.0
18067,11.0
18068,11.0
18069,11.0
18070,11.0
18071,11.0
18072,11.0
18073,11.0
18074,11.0
18075,11.0
18076,11.0
18077,11.0
18078,11.0
18079,11.0
18080,11.0
18081,11.0
18082,11.0
18083,11.0
18084,11.0
18085,10.0
18086,10.0
18087,10.0
18088,10.0
18089,10.0
18090,10.0
18091,9.0
18092,9.0
18093,9.0
18094,9.0
18095,9.0
18096,9.0
18097,9.0
18098,9.0
18099,9.0
18100,9.0
18101,9.0
18102,9.0
18103,10.0
18104,10.0
18105,10.0
18106,10.0
18107,10.0
18108,10.0
18109,10.0
18110,10.0
18111,10.0
18112,10.0
18113,10.0
18114,10.0
18115,10.0
18116,10.0
18117,10.0
18118,10.0
18119,10.0
18120,10.0
18121,10.0
18122,10.0
18123,10.0
18124,10.0
18125,10.0
18126,10.0
18127,10.0
18128,10.0
18129,10.0
18130,10.0
18131,10.0
18132,10.0
18133,10.0
18134,10.0
18135,10.0
18136,10.0
18137,10.0
18138,10.0
18139,10.0
18140,10.0
18141,10.0
18142,10.0
18143,10.0
18144,10.0
18145,10.0
18146,10.0
18147,10.0
18148,10.0
18149,10.0
18150,10.0
18151,10.0
18152,10.0
18153,10.0
18154,10.0
18155,10.0
18156,10.0
18157,10.0
18158,10.0
18159,10.0
18160,10.0
18161,10.0
18162,10.0
18163,10.0
18164,10.0
18165,10.0
18166,10.0
18167,10.0
18168,10.0
18169,10.0
18170,10.0
18171,10.0
18172,10.0
18173,10.0
18174,10.0
18175,10.0
18176,10.0
18177,10.0
18178,10.0
18179,10.0
18180,10.0
18181,11.0
18182,11.0
18183,11.0
18184,11.0
18185,11.0
18186,11.0
18187,11.0
18188,11.0
18189,11.0
18190,11.0
18191,11.0
18192,11.0
18193,11.0
18194,11.0
18195,11.0
18196,11.0
18197,11.0
18198,11.0
18199,11.0
18200,11.0
18201,11.0
18202,11.0
18203,11.0
18204,11.0
18205,12.0
18206,12.0
18207,12.0
18208,12.0
18209,12.0
18210,12.0
18211,12.0
18212,12.0
18213,12.0
18214,13.0
18215,13.0
18216,13.0
18217,13.0
18218,13.0
18219,13.0
18220,13.0
18221,13.0
18222,12.0
18223,12.0
18224,12.0
18225,12.0
18226,12.0
18227,12.0
18228,12.0
18229,12.0
18230,12.0
18231,12.0
18232,12.0
18233,12.0
18234,12.0
18235,11.0
18236,11.0
18237,10.0
18238,9.0
18239,9.0
18240,9.0
18241,9.0
18242,9.0
18243,9.0
18244,9.0
18245,9.0
18246,9.0
18247,9.0
18248,9.0
18249,9.0
18250,9.0
18251,9.0
18252,9.0
18253,9.0
18254,9.0
18255,9.0
18256,9.0
18257,9.0
18258,9.0
18259,9.0
18260,9.0
18261,9.0
18262,9.0
18263,10.0
18264,10.0
18265,10.0
18266,10.0
18267,10.0
18268,10.0
18269,9.0
18270,9.0
18271,9.0
18272,9.0
18273,9.0
18274,9.0
18275,9.0
18276,9.0
18277,9.0
18278,9.0
18279,10.0
18280,10.0
18281,10.0
18282,9.0
18283,9.0
18284,9.0
18285,9.0
18286,9.0
18287,9.0
18288,9.0
18289,9.0
18290,9.0
18291,9.0
18292,9.0
18293,9.0
18294,9.0
18295,9.0
18296,9.0
18297,9.0
18298,9.0
18299,9.0
18300,9.0
18301,10.0
18302,10.0
18303,10.0
18304,10.0
18305,10.0
18306,11.0
18307,11.0
18308,11.0
18309,11.0
18310,11.0
18311,11.0
18312,11.0
18313,11.0
18314,11.0
18315,11.0
18316,11.0
18317,11.0
18318,11.0
18319,11.0
18320,11.0
18321,11.0
18322,11.0
18323,11.0
18324,11.0
18325,11.0
18326,11.0
18327,11.0
18328,11.0
18329,11.0
18330,11.0
18331,11.0
18332,11.0
18333,11.0
18334,11.0
18335,11.0
18336,11.0
18337,11.0
18338,11.0
18339,11.0
18340,11.0
18341,11.0
18342,11.0
18343,11.0
18344,11.0
18345,11.0
18346,11.0
18347,11.0
18348,11.0
18349,11.0
18350,11.0
18351,11.0
18352,11.0
18353,11.0
18354,11.0
18355,10.0
18356,10.0
18357,10.0
18358,10.0
18359,10.0
18360,10.0
18361,10.0
18362,10.0
18363,10.0
18364,10.0
18365,10.0
18366,10.0
18367,10.0
18368,10.0
18369,10.0
18370,10.0
18371,10.0
18372,10.0
18373,10.0
18374,10.0
18375,10.0
18376,10.0
18377,10.0
18378,10.0
18379,10.0
18380,10.0
18381,10.0
18382,10.0
18383,10.0
18384,10.0
18385,10.0
18386,10.0
18387,10.0
18388,10.0
18389,10.0
18390,10.0
18391,10.0
18392,10.0
18393,10.0
18394,10.0
18395,10.0
18396,10.0
18397,10.0
18398,10.0
18399,10.0
18400,10.0
18401,10.0
18402,10.0
18403,10.0
18404,10.0
18405,10.0
18406,10.0
18407,10.0
18408,10.0
18409,10.0
18410,10.0
18411,10.0
18412,10.0
18413,10.0
18414,10.0
18415,10.0
18416,10.0
18417,10.0
18418,10.0
18419,10.0
18420,10.0
18421,10.0
18422,11.0
18423,11.0
18424,11.0
18425,11.0
18426,11.0
18427,11.0
18428,11.0
18429,11.0
18430,11.0
18431,11.0
18432,11.0
18433,11.0
18434,11.0
18435,11.0
18436,11.0
18437,11.0
18438,11.0
18439,11.0
18440,11.0
18441,11.0
18442,11.0
18443,11.0
18444,11.0
18445,11.0
18446,11.0
18447,11.0
18448,11.0
18449,11.0
18450,11.0
18451,11.0
18452,11.0
18453,10.0
18454,10.0
18455,10.0
18456,10.0
18457,10.0
18458,10.0
18459,10.0
18460,10.0
18461,10.0
18462,10.0
18463,10.0
18464,10.0
18465,10.0
18466,10.0
18467,10.0
18468,10.0
18469,10.0
18470,10.0
18471,10.0
18472,10.0
18473,10.0
18474,10.0
18475,10.0
18476,10.0
18477,10.0
18478,10.0
18479,10.0
18480,10.0
18481,10.0
18482,10.0
18483,10.0
18484,10.0
18485,10.0
18486,10.0
18487,10.0
18488,10.0
18489,10.0
18490,10.0
18491,10.0
18492,10.0
18493,10.0
18494,10.0
18495,10.0
18496,10.0
18497,10.0
18498,10.0
18499,10.0
18500,10.0
18501,10.0
18502,10.0
18503,10.0
18504,10.0
18505,10.0
18506,10.0
18507,10.0
18508,10.0
18509,10.0
18510,10.0
18511,10.0
18512,10.0
18513,10.0
18514,10.0
18515,10.0
18516,10.0
18517,10.0
18518,10.0
18519,10.0
18520,10.0
18521,10.0
18522,10.0
18523,10.0
18524,10.0
18525,10.0
18526,10.0
18527,10.0
18528,10.0
18529,10.0
18530,10.0
18531,10.0
18532,10.0
18533,10.0
18534,10.0
18535,10.0
18536,10.0
18537,10.0
18538,10.0
18539,10.0
18540,10.0
18541,10.0
18542,10.0
18543,10.0
18544,10.0
18545,10.0
18546,10.0
18547,10.0
18548,10.0
18549,10.0
18550,10.0
18551,10.0
18552,10.0
18553,10.0
18554,10.0
18555,10.0
18556,10.0
18557,10.0
18558,10.0
18559,10.0
18560,10.0
18561,10.0
18562,10.0
18563,10.0
18564,10.0
18565,10.0
18566,10.0
18567,10.0
18568,10.0
18569,10.0
18570,10.0
18571,10.0
18572,10.0
18573,10.0
18574,10.0
18575,10.0
18576,10.0
18577,10.0
18578,10.0
18579,10.0
18580,10.0
18581,10.0
18582,10.0
18583,10.0
18584,10.0
18585,10.0
18586,10.0
18587,10.0
18588,10.0
18589,10.0
18590,10.0
18591,10.0
18592,10.0
18593,10.0
18594,10.0
18595,10.0
18596,10.0
18597,10.0
18598,10.0
18599,10.0
18600,10.0
18601,10.0
18602,10.0
18603,10.0
18604,10.0
18605,10.0
18606,10.0
18607,10.0
18608,10.0
18609,10.0
18610,10.0
18611,10.0
18612,10.0
18613,10.0
18614,10.0
18615,10.0
18616,10.0
18617,10.0
18618,10.0
18619,10.0
18620,10.0
18621,10.0
18622,10.0
18623,10.0
18624,10.0
18625,10.0
18626,10.0
18627,10.0
18628,10.0
18629,10.0
18630,10.0
18631,10.0
18632,10.0
18633,10.0
18634,10.0
18635,10.0
18636,10.0
18637,10.0
18638,10.0
18639,10.0
18640,10.0
18641,10.0
18642,10.0
18643,10.0
18644,10.0
18645,10.0
18646,10.0
18647,10.0
18648,10.0
18649,10.0
18650,10.0
18651,10.0
18652,10.0
18653,10.0
18654,10.0
18655,10.0
18656,10.0
18657,10.0
18658,10.0
18659,10.0
18660,10.0
18661,10.0
18662,10.0
18663,10.0
18664,10.0
18665,10.0
18666,10.0
18667,10.0
18668,10.0
18669,10.0
18670,10.0
18671,10.0
18672,10.0
18673,10.0
18674,10.0
18675,10.0
18676,10.0
18677,10.0
18678,10.0
18679,10.0
18680,10.0
18681,10.0
18682,10.0
18683,10.0
18684,10.0
18685,10.0
18686,10.0
18687,10.0
18688,9.0
18689,9.0
18690,9.0
18691,9.0
18692,9.0
18693,9.0
18694,9.0
18695,9.0
18696,9.0
18697,9.0
18698,9.0
18699,9.0
18700,9.0
18701,9.0
18702,9.0
18703,9.0
18704,9.0
18705,9.0
18706,9.0
18707,9.0
18708,9.0
18709,9.0
18710,9.0
18711,9.0
18712,9.0
18713,9.0
18714,9.0
18715,9.0
18716,9.0
18717,9.0
18718,9.0
18719,9.0
18720,9.0
18721,9.0
18722,9.0
18723,9.0
18724,9.0
18725,9.0
18726,9.0
18727,9.0
18728,9.0
18729,9.0
18730,9.0
18731,9.0
18732,9.0
18733,9.0
18734,9.0
18735,9.0
18736,9.0
18737,9.0
18738,9.0
18739,9.0
18740,9.0
18741,9.0
18742,9.0
18743,9.0
18744,9.0
18745,9.0
18746,9.0
18747,9.0
18748,9.0
18749,9.0
18750,9.0
18751,9.0
18752,9.0
18753,9.0
18754,9.0
18755,9.0
18756,9.0
18757,9.0
18758,9.0
18759,9.0
18760,9.0
18761,9.0
18762,9.0
18763,9.0
18764,9.0
18765,9.0
18766,9.0
18767,9.0
18768,9.0
18769,9.0
18770,9.0
18771,9.0
18772,9.0
18773,9.0
18774,9.0
18775,9.0
18776,9.0
18777,9.0
18778,9.0
18779,9.0
18780,9.0
18781,9.0
18782,9.0
18783,9.0
18784,9.0
18785,9.0
18786,9.0
18787,9.0
18788,9.0
18789,9.0
18790,9.0
18791,9.0
18792,9.0
18793,9.0
18794,9.0
18795,9.0
18796,9.0
18797,9.0
18798,9.0
18799,9.0
18800,9.0
18801,9.0
18802,9.0
18803,9.0
18804,9.0
18805,9.0
18806,9.0
18807,9.0
18808,9.0
18809,9.0
18810,9.0
18811,9.0
18812,9.0
18813,9.0
18814,9.0
18815,9.0
18816,9.0
18817,9.0
18818,9.0
18819,9.0
18820,9.0
18821,9.0
18822,9.0
18823,9.0
18824,9.0
18825,9.0
18826,9.0
18827,9.0
18828,9.0
18829,9.0
18830,9.0
18831,9.0
18832,9.0
18833,9.0
18834,9.0
18835,9.0
18836,9.0
18837,9.0
18838,9.0
18839,9.0
18840,9.0
18841,9.0
18842,9.0
18843,9.0
18844,9.0
18845,9.0
18846,9.0
18847,9.0
18848,9.0
18849,9.0
18850,9.0
18851,9.0
18852,9.0
18853,9.0
18854,9.0
18855,9.0
18856,9.0
18857,9.0
18858,9.0
18859,9.0
18860,9.0
18861,9.0
18862,9.0
18863,9.0
18864,9.0
18865,9.0
18866,9.0
18867,9.0
18868,9.0
18869,9.0
18870,9.0
18871,9.0
18872,9.0
18873,9.0
18874,9.0
18875,9.0
18876,9.0
18877,9.0
18878,9.0
18879,9.0
18880,9.0
18881,10.0
18882,10.0
18883,10.0
18884,10.0
18885,10.0
18886,10.0
18887,10.0
18888,10.0
18889,10.0
18890,10.0
18891,10.0
18892,10.0
18893,10.0
18894,10.0
18895,10.0
18896,10.0
18897,10.0
18898,10.0
18899,10.0
18900,10.0
18901,10.0
18902,10.0
18903,10.0
18904,10.0
18905,10.0
18906,10.0
18907,10.0
18908,10.0
18909,10.0
18910,10.0
18911,10.0
18912,10.0
18913,10.0
18914,10.0
18915,10.0
18916,10.0
18917,10.0
18918,10.0
18919,10.0
18920,10.0
18921,10.0
18922,10.0
18923,10.0
18924,10.0
18925,10.0
18926,10.0
18927,10.0
18928,10.0
18929,10.0
18930,10.0
18931,10.0
18932,10.0
18933,10.0
18934,10.0
18935,10.0
18936,10.0
18937,10.0
18938,10.0
18939,10.0
18940,10.0
18941,10.0
18942,10.0
18943,10.0
18944,10.0
18945,10.0
18946,10.0
18947,10.0
18948,10.0
18949,10.0
18950,10.0
18951,10.0
18952,10.0
18953,10.0
18954,10.0
18955,10.0
18956,10.0
18957,10.0
18958,10.0
18959,10.0
18960,10.0
18961,10.0
18962,10.0
18963,10.0
18964,10.0
18965,10.0
18966,10.0
18967,10.0
18968,10.0
18969,10.0
18970,10.0
18971,10.0
18972,10.0
18973,10.0
18974,10.0
18975,10.0
18976,10.0
18977,10.0
18978,10.0
18979,10.0
18980,10.0
18981,10.0
18982,10.0
18983,10.0
18984,10.0
18985,10.0
18986,10.0
18987,10.0
18988,10.0
18989,10.0
18990,10.0
18991,10.0
18992,10.0
18993,10.0
18994,10.0
18995,10.0
18996,10.0
18997,10.0
18998,10.0
18999,10.0
19000,10.0
19001,10.0
19002,10.0
19003,10.0
19004,10.0
19005,10.0
19006,10.0
19007,10.0
19008,10.0
19009,10.0
19010,10.0
19011,10.0
19012,10.0
19013,10.0
19014,10.0
19015,10.0
19016,10.0
19017,10.0
19018,10.0
19019,10.0
19020,10.0
19021,10.0
19022,10.0
19023,10.0
19024,10.0
19025,10.0
19026,10.0
19027,10.0
19028,10.0
19029,10.0
19030,10.0
19031,10.0
19032,10.0
19033,10.0
19034,10.0
19035,10.0
19036,10.0
19037,10.0
19038,10.0
19039,10.0
19040,10.0
19041,10.0
19042,10.0
19043,10.0
19044,10.0
19045,10.0
19046,10.0
19047,10.0
19048,10.0
19049,10.0
19050,10.0
19051,10.0
19052,10.0
19053,10.0
19054,10.0
19055,10.0
19056,10.0
19057,10.0
19058,10.0
19059,10.0
19060,10.0
19061,10.0
19062,10.0
19063,10.0
19064,10.0
19065,10.0
19066,10.0
19067,10.0
19068,10.0
19069,10.0
19070,10.0
19071,10.0
19072,10.0
19073,10.0
19074,10.0
19075,10.0
19076,10.0
19077,10.0
19078,10.0
19079,10.0
19080,10.0
19081,10.0
19082,10.0
19083,10.0
19084,10.0
19085,10.0
19086,10.0
19087,10.0
19088,10.0
19089,10.0
19090,10.0
19091,10.0
19092,10.0
19093,10.0
19094,10.0
19095,10.0
19096,10.0
19097,10.0
19098,10.0
19099,10.0
19100,10.0
19101,10.0
19102,10.0
19103,10.0
19104,10.0
19105,10.0
19106,10.0
19107,10.0
19108,10.0
19109,10.0
19110,10.0
19111,10.0
19112,10.0
19113,10.0
19114,10.0
19115,10.0
19116,10.0
19117,10.0
19118,10.0
19119,10.0
19120,10.0
19121,10.0
19122,10.0
19123,10.0
19124,10.0
19125,10.0
19126,10.0
19127,10.0
19128,10.0
19129,10.0
19130,10.0
19131,10.0
19132,10.0
19133,10.0
19134,10.0
19135,10.0
19136,10.0
19137,10.0
19138,10.0
19139,10.0
19140,10.0
19141,10.0
19142,10.0
19143,10.0
19144,10.0
19145,10.0
19146,10.0
19147,10.0
19148,10.0
19149,10.0
19150,10.0
19151,10.0
19152,10.0
19153,10.0
19154,10.0
19155,10.0
19156,10.0
19157,10.0
19158,10.0
19159,10.0
19160,10.0
19161,10.0
19162,10.0
19163,10.0
19164,10.0
19165,10.0
19166,10.0
19167,10.0
19168,10.0
19169,10.0
19170,10.0
19171,10.0
19172,10.0
19173,10.0
19174,10.0
19175,10.0
19176,10.0
19177,10.0
19178,10.0
19179,10.0
19180,10.0
19181,10.0
19182,10.0
19183,10.0
19184,10.0
19185,10.0
19186,10.0
19187,10.0
19188,10.0
19189,10.0
19190,10.0
19191,10.0
19192,10.0
19193,10.0
19194,10.0
19195,10.0
19196,10.0
19197,10.0
19198,10.0
19199,10.0
19200,10.0
19201,10.0
19202,10.0
19203,10.0
19204,10.0
19205,10.0
19206,10.0
19207,10.0
19208,10.0
19209,10.0
19210,10.0
19211,10.0
19212,10.0
19213,10.0
19214,10.0
19215,10.0
19216,10.0
19217,10.0
19218,10.0
19219,10.0
19220,10.0
19221,10.0
19222,10.0
19223,10.0
19224,10.0
19225,10.0
19226,10.0
19227,10.0
19228,10.0
19229,10.0
19230,10.0
19231,10.0
19232,10.0
19233,10.0
19234,10.0
19235,10.0
19236,10.0
19237,10.0
19238,10.0
19239,10.0
19240,10.0
19241,10.0
19242,10.0
19243,10.0
19244,10.0
19245,10.0
19246,10.0
19247,10.0
19248,10.0
19249,10.0
19250,10.0
19251,10.0
19252,10.0
19253,10.0
19254,10.0
19255,10.0
19256,10.0
19257,10.0
19258,10.0
19259,10.0
19260,10.0
19261,10.0
19262,10.0
19263,10.0
19264,10.0
19265,10.0
19266,10.0
19267,10.0
19268,10.0
19269,10.0
19270,10.0
19271,10.0
19272,10.0
19273,10.0
19274,10.0
19275,10.0
19276,10.0
19277,10.0
19278,10.0
19279,10.0
19280,10.0
19281,10.0
19282,10.0
19283,10.0
19284,10.0
19285,10.0
19286,10.0
19287,10.0
19288,10.0
19289,10.0
19290,10.0
19291,10.0
19292,10.0
19293,10.0
19294,10.0
19295,10.0
19296,10.0
19297,10.0
19298,10.0
19299,10.0
19300,10.0
19301,10.0
19302,10.0
19303,10.0
19304,10.0
19305,10.0
19306,10.0
19307,10.0
19308,10.0
19309,10.0
19310,10.0
19311,10.0
19312,10.0
19313,10.0
19314,10.0
19315,10.0
19316,10.0
19317,10.0
19318,10.0
19319,10.0
19320,10.0
19321,10.0
19322,10.0
19323,10.0
19324,10.0
19325,10.0
19326,10.0
19327,10.0
19328,10.0
19329,10.0
19330,10.0
19331,10.0
19332,10.0
19333,10.0
19334,10.0
19335,10.0
19336,10.0
19337,10.0
19338,10.0
19339,10.0
19340,10.0
19341,10.0
19342,10.0
19343,10.0
19344,10.0
19345,10.0
19346,10.0
19347,10.0
19348,10.0
19349,10.0
19350,10.0
19351,10.0
19352,10.0
19353,10.0
19354,10.0
19355,10.0
19356,10.0
19357,10.0
19358,10.0
19359,10.0
19360,10.0
19361,10.0
19362,10.0
19363,10.0
19364,10.0
19365,10.0
19366,10.0
19367,10.0
19368,10.0
19369,10.0
19370,10.0
19371,10.0
19372,10.0
19373,10.0
19374,10.0
19375,10.0
19376,10.0
19377,10.0
19378,10.0
19379,10.0
19380,10.0
19381,10.0
19382,10.0
19383,10.0
19384,10.0
19385,10.0
19386,10.0
19387,10.0
19388,10.0
19389,10.0
19390,10.0
19391,10.0
19392,10.0
19393,10.0
19394,10.0
19395,10.0
19396,10.0
19397,10.0
19398,10.0
19399,10.0
19400,10.0
19401,10.0
19402,10.0
19403,10.0
19404,10.0
19405,10.0
19406,10.0
19407,10.0
19408,10.0
19409,10.0
19410,10.0
19411,10.0
19412,10.0
19413,10.0
19414,10.0
19415,10.0
19416,10.0
19417,10.0
19418,10.0
19419,10.0
19420,10.0
19421,10.0
19422,10.0
19423,10.0
19424,10.0
19425,10.0
19426,10.0
19427,10.0
19428,10.0
19429,10.0
19430,10.0
19431,10.0
19432,10.0
19433,10.0
19434,10.0
19435,10.0
19436,10.0
19437,10.0
19438,10.0
19439,10.0
19440,10.0
19441,10.0
19442,10.0
19443,10.0
19444,10.0
19445,10.0
19446,10.0
19447,10.0
19448,10.0
19449,10.0
19450,10.0
19451,10.0
19452,10.0
19453,10.0
19454,10.0
19455,10.0
19456,10.0
19457,10.0
19458,10.0
19459,10.0
19460,10.0
19461,10.0
19462,10.0
19463,10.0
19464,10.0
19465,10.0
19466,10.0
19467,10.0
19468,10.0
19469,10.0
19470,10.0
19471,10.0
19472,10.0
19473,10.0
19474,10.0
19475,10.0
19476,10.0
19477,10.0
19478,10.0
19479,10.0
19480,10.0
19481,10.0
19482,10.0
19483,10.0
19484,10.0
19485,10.0
19486,10.0
19487,10.0
19488,10.0
19489,10.0
19490,10.0
19491,10.0
19492,11.0
19493,11.0
19494,11.0
19495,11.0
19496,11.0
19497,11.0
19498,11.0
19499,11.0
19500,11.0
19501,11.0
19502,11.0
19503,11.0
19504,11.0
19505,11.0
19506,11.0
19507,11.0
19508,11.0
19509,11.0
19510,11.0
19511,11.0
19512,11.0
19513,11.0
19514,11.0
19515,11.0
19516,11.0
19517,11.0
19518,12.0
19519,12.0
19520,12.0
19521,12.0
19522,12.0
19523,12.0
19524,12.0
19525,12.0
19526,12.0
19527,12.0
19528,12.0
19529,12.0
19530,12.0
19531,12.0
19532,12.0
19533,12.0
19534,12.0
19535,12.0
19536,12.0
19537,12.0
19538,12.0
19539,12.0
19540,12.0
19541,12.0
19542,12.0
19543,12.0
19544,12.0
19545,12.0
19546,12.0
19547,12.0
19548,12.0
19549,12.0
19550,12.0
19551,12.0
19552,12.0
19553,12.0
19554,12.0
19555,12.0
19556,12.0
19557,12.0
19558,12.0
19559,12.0
19560,12.0
19561,12.0
19562,12.0
19563,12.0
19564,12.0
19565,12.0
19566,12.0
19567,12.0
19568,12.0
19569,12.0
19570,12.0
19571,12.0
19572,12.0
19573,12.0
19574,12.0
19575,12.0
19576,12.0
19577,12.0
19578,12.0
19579,12.0
19580,12.0
19581,12.0
19582,12.0
19583,12.0
19584,12.0
19585,12.0
19586,12.0
19587,12.0
19588,12.0
19589,12.0
19590,12.0
19591,12.0
19592,12.0
19593,12.0
19594,12.0
19595,12.0
19596,12.0
19597,12.0
19598,12.0
19599,12.0
19600,12.0
19601,12.0
19602,12.0
19603,12.0
19604,12.0
19605,12.0
19606,12.0
19607,12.0
19608,12.0
19609,12.0
19610,12.0
19611,12.0
19612,12.0
19613,12.0
19614,12.0
19615,12.0
19616,12.0
19617,12.0
19618,12.0
19619,12.0
19620,12.0
19621,12.0
19622,12.0
19623,12.0
19624,12.0
19625,12.0
19626,12.0
19627,12.0
19628,12.0
19629,12.0
19630,12.0
19631,12.0
19632,12.0
19633,12.0
19634,12.0
19635,12.0
19636,12.0
19637,12.0
19638,12.0
19639,12.0
19640,12.0
19641,12.0
19642,12.0
19643,12.0
19644,12.0
19645,12.0
19646,12.0
19647,12.0
19648,12.0
19649,12.0
19650,12.0
19651,12.0
19652,12.0
19653,12.0
19654,12.0
19655,12.0
19656,12.0
19657,12.0
19658,12.0
19659,12.0
19660,12.0
19661,12.0
19662,12.0
19663,12.0
19664,12.0
19665,12.0
19666,12.0
19667,12.0
19668,12.0
19669,12.0
19670,12.0
19671,12.0
19672,12.0
19673,12.0
19674,12.0
19675,12.0
19676,12.0
19677,12.0
19678,12.0
19679,12.0
19680,12.0
19681,12.0
19682,12.0
19683,12.0
19684,12.0
19685,12.0
19686,12.0
19687,12.0
19688,12.0
19689,12.0
19690,12.0
19691,12.0
19692,12.0
19693,12.0
19694,12.0
19695,13.0
19696,13.0
19697,13.0
19698,13.0
19699,12.0
19700,12.0
19701,12.0
19702,12.0
19703,12.0
19704,12.0
19705,12.0
19706,12.0
19707,12.0
19708,12.0
19709,12.0
19710,12.0
19711,12.0
19712,12.0
19713,12.0
19714,12.0
19715,12.0
19716,12.0
19717,12.0
19718,12.0
19719,12.0
19720,12.0
19721,12.0
19722,12.0
19723,12.0
19724,12.0
19725,12.0
19726,12.0
19727,12.0
19728,12.0
19729,12.0
19730,12.0
19731,12.0
19732,12.0
19733,12.0
19734,12.0
19735,12.0
19736,12.0
19737,12.0
19738,12.0
19739,12.0
19740,12.0
19741,12.0
19742,12.0
19743,12.0
19744,12.0
19745,12.0
19746,12.0
19747,12.0
19748,12.0
19749,12.0
19750,12.0
19751,11.0
19752,11.0
19753,11.0
19754,11.0
19755,11.0
19756,11.0
19757,11.0
19758,11.0
19759,11.0
19760,12.0
19761,12.0
19762,12.0
19763,12.0
19764,12.0
19765,13.0
19766,12.0
19767,12.0
19768,12.0
19769,12.0
19770,12.0
19771,12.0
19772,12.0
19773,12.0
19774,12.0
19775,12.0
19776,12.0
19777,12.0
19778,12.0
19779,12.0
19780,12.0
19781,12.0
19782,12.0
19783,12.0
19784,12.0
19785,12.0
19786,12.0
19787,12.0
19788,12.0
19789,12.0
19790,12.0
19791,12.0
19792,12.0
19793,12.0
19794,12.0
19795,12.0
19796,12.0
19797,12.0
19798,13.0
19799,13.0
19800,13.0
19801,13.0
19802,13.0
19803,13.0
19804,13.0
19805,13.0
19806,13.0
19807,13.0
19808,13.0
19809,13.0
19810,13.0
19811,13.0
19812,13.0
19813,13.0
19814,13.0
19815,13.0
19816,13.0
19817,13.0
19818,13.0
19819,13.0
19820,13.0
19821,13.0
19822,13.0
19823,13.0
19824,13.0
19825,13.0
19826,13.0
19827,13.0
19828,13.0
19829,13.0
19830,13.0
19831,13.0
19832,13.0
19833,13.0
19834,12.0
19835,12.0
19836,12.0
19837,12.0
19838,12.0
19839,12.0
19840,12.0
19841,12.0
19842,12.0
19843,12.0
19844,12.0
19845,12.0
19846,12.0
19847,12.0
19848,12.0
19849,12.0
19850,12.0
19851,12.0
19852,12.0
19853,12.0
19854,12.0
19855,12.0
19856,12.0
19857,12.0
19858,12.0
19859,12.0
19860,12.0
19861,12.0
19862,12.0
19863,12.0
19864,12.0
19865,12.0
19866,12.0
19867,12.0
19868,12.0
19869,12.0
19870,12.0
19871,12.0
19872,12.0
19873,12.0
19874,12.0
19875,12.0
19876,12.0
19877,12.0
19878,12.0
19879,12.0
19880,12.0
19881,12.0
19882,12.0
19883,12.0
19884,12.0
19885,12.0
19886,12.0
19887,12.0
19888,12.0
19889,12.0
19890,12.0
19891,12.0
19892,12.0
19893,12.0
19894,12.0
19895,12.0
19896,12.0
19897,12.0
19898,12.0
19899,12.0
19900,12.0
19901,12.0
19902,12.0
19903,12.0
19904,12.0
19905,12.0
19906,12.0
19907,12.0
19908,12.0
19909,12.0
19910,12.0
19911,12.0
19912,12.0
19913,12.0
19914,12.0
19915,12.0
19916,12.0
19917,12.0
19918,12.0
19919,12.0
19920,12.0
19921,11.0
19922,11.0
19923,10.0
19924,9.0
19925,9.0
19926,9.0
19927,9.0
19928,9.0
19929,9.0
19930,9.0
19931,9.0
19932,9.0
19933,9.0
19934,9.0
19935,9.0
19936,9.0
19937,9.0
19938,9.0
19939,9.0
19940,9.0
19941,9.0
19942,9.0
19943,9.0
19944,9.0
19945,9.0
19946,9.0
19947,9.0
19948,9.0
19949,9.0
19950,9.0
19951,9.0
19952,9.0
19953,9.0
19954,9.0
19955,9.0
19956,9.0
19957,9.0
19958,9.0
19959,9.0
19960,9.0
19961,9.0
19962,10.0
19963,10.0
19964,10.0
19965,10.0
19966,10.0
19967,10.0
19968,10.0
19969,10.0
19970,10.0
19971,10.0
19972,10.0
19973,10.0
19974,10.0
19975,10.0
19976,10.0
19977,10.0
19978,10.0
19979,10.0
19980,10.0
19981,10.0
19982,10.0
19983,10.0
19984,10.0
19985,9.0
19986,9.0
19987,9.0
19988,9.0
19989,9.0
19990,9.0
19991,9.0
19992,9.0
19993,9.0
19994,9.0
19995,9.0
19996,9.0
19997,9.0
19998,9.0
19999,9.0
20000,9.0
20001,9.0
20002,9.0
20003,9.0
20004,9.0
20005,9.0
20006,9.0
20007,9.0
20008,9.0
20009,9.0
20010,9.0
20011,9.0
20012,9.0
20013,9.0
20014,9.0
20015,9.0
20016,9.0
20017,9.0
20018,9.0
20019,9.0
20020,9.0
20021,9.0
20022,9.0
20023,9.0
20024,9.0
20025,9.0
20026,9.0
20027,10.0
20028,10.0
20029,10.0
20030,10.0
20031,10.0
20032,10.0
20033,10.0
20034,10.0
20035,10.0
20036,10.0
20037,10.0
20038,10.0
20039,10.0
20040,10.0
20041,10.0
20042,10.0
20043,10.0
20044,10.0
20045,10.0
20046,10.0
20047,10.0
20048,10.0
20049,10.0
20050,10.0
20051,10.0
20052,10.0
20053,10.0
20054,10.0
20055,10.0
20056,10.0
20057,10.0
20058,10.0
20059,10.0
20060,10.0
20061,10.0
20062,10.0
20063,10.0
20064,10.0
20065,10.0
20066,10.0
20067,10.0
20068,10.0
20069,10.0
20070,10.0
20071,10.0
20072,10.0
20073,10.0
20074,10.0
20075,10.0
20076,10.0
20077,10.0
20078,10.0
20079,10.0
20080,10.0
20081,10.0
20082,10.0
20083,10.0
20084,10.0
20085,10.0
20086,10.0
20087,10.0
20088,10.0
20089,10.0
20090,10.0
20091,10.0
20092,10.0
20093,10.0
20094,10.0
20095,10.0
20096,10.0
20097,10.0
20098,10.0
20099,10.0
20100,10.0
20101,10.0
20102,10.0
20103,10.0
20104,10.0
20105,10.0
20106,10.0
20107,10.0
20108,10.0
20109,10.0
20110,10.0
20111,10.0
20112,10.0
20113,10.0
20114,10.0
20115,10.0
20116,10.0
20117,10.0
20118,10.0
20119,10.0
20120,10.0
20121,10.0
20122,10.0
20123,10.0
20124,10.0
20125,10.0
20126,10.0
20127,10.0
20128,11.0
20129,11.0
20130,11.0
20131,11.0
20132,11.0
20133,11.0
20134,11.0
20135,11.0
20136,11.0
20137,11.0
20138,11.0
20139,11.0
20140,11.0
20141,11.0
20142,11.0
20143,11.0
20144,11.0
20145,11.0
20146,11.0
20147,11.0
20148,11.0
20149,11.0
20150,11.0
20151,11.0
20152,11.0
20153,11.0
20154,11.0
20155,11.0
20156,11.0
20157,11.0
20158,11.0
20159,11.0
20160,11.0
20161,11.0
20162,11.0
20163,11.0
20164,11.0
20165,11.0
20166,11.0
20167,11.0
20168,11.0
20169,11.0
20170,11.0
20171,11.0
20172,11.0
20173,11.0
20174,11.0
20175,11.0
20176,11.0
20177,11.0
20178,11.0
20179,11.0
20180,11.0
20181,11.0
20182,11.0
20183,11.0
20184,11.0
20185,11.0
20186,11.0
20187,11.0
20188,11.0
20189,11.0
20190,11.0
20191,11.0
20192,11.0
20193,11.0
20194,11.0
20195,11.0
20196,11.0
20197,11.0
20198,11.0
20199,11.0
20200,11.0
20201,11.0
20202,11.0
20203,11.0
20204,11.0
20205,11.0
20206,11.0
20207,11.0
20208,11.0
20209,11.0
20210,11.0
20211,11.0
20212,11.0
20213,11.0
20214,11.0
20215,11.0
20216,11.0
20217,11.0
20218,11.0
20219,11.0
20220,11.0
20221,11.0
20222,11.0
20223,11.0
20224,11.0
20225,11.0
20226,11.0
20227,11.0
20228,11.0
20229,11.0
20230,11.0
20231,11.0
20232,11.0
20233,11.0
20234,11.0
20235,11.0
20236,11.0
20237,11.0
20238,11.0
20239,11.0
20240,11.0
20241,11.0
20242,11.0
20243,11.0
20244,11.0
20245,11.0
20246,11.0
20247,11.0
20248,11.0
20249,11.0
20250,11.0
20251,11.0
20252,11.0
20253,11.0
20254,11.0
20255,11.0
20256,11.0
20257,11.0
20258,11.0
20259,11.0
20260,11.0
20261,11.0
20262,11.0
20263,11.0
20264,11.0
20265,11.0
20266,11.0
20267,11.0
20268,11.0
20269,11.0
20270,11.0
20271,11.0
20272,11.0
20273,11.0
20274,11.0
20275,11.0
20276,11.0
20277,11.0
20278,11.0
20279,11.0
20280,11.0
20281,11.0
20282,11.0
20283,11.0
20284,11.0
20285,11.0
20286,11.0
20287,11.0
20288,11.0
20289,11.0
20290,11.0
20291,11.0
20292,11.0
20293,11.0
20294,11.0
20295,11.0
20296,11.0
20297,11.0
20298,11.0
20299,11.0
20300,11.0
20301,11.0
20302,11.0
20303,11.0
20304,11.0
20305,11.0
20306,11.0
20307,11.0
20308,11.0
20309,11.0
20310,11.0
20311,11.0
20312,11.0
20313,11.0
20314,11.0
20315,11.0
20316,11.0
20317,11.0
20318,11.0
20319,11.0
20320,11.0
20321,11.0
20322,11.0
20323,11.0
20324,11.0
20325,11.0
20326,11.0
20327,11.0
20328,11.0
20329,11.0
20330,11.0
20331,11.0
20332,11.0
20333,11.0
20334,11.0
20335,11.0
20336,11.0
20337,11.0
20338,11.0
20339,11.0
20340,11.0
20341,11.0
20342,11.0
20343,11.0
20344,11.0
20345,11.0
20346,11.0
20347,12.0
20348,12.0
20349,12.0
20350,12.0
20351,12.0
20352,12.0
20353,12.0
20354,12.0
20355,12.0
20356,12.0
20357,12.0
20358,12.0
20359,12.0
20360,12.0
20361,12.0
20362,12.0
20363,12.0
20364,12.0
20365,12.0
20366,12.0
20367,12.0
20368,12.0
20369,12.0
20370,12.0
20371,12.0
20372,12.0
20373,12.0
20374,12.0
20375,12.0
20376,12.0
20377,12.0
20378,12.0
20379,12.0
20380,12.0
20381,12.0
20382,12.0
20383,12.0
20384,12.0
20385,12.0
20386,12.0
20387,12.0
20388,12.0
20389,12.0
20390,12.0
20391,12.0
20392,11.0
20393,11.0
20394,11.0
20395,11.0
20396,11.0
20397,11.0
20398,11.0
20399,11.0
20400,11.0
20401,11.0
20402,11.0
20403,11.0
20404,11.0
20405,11.0
20406,11.0
20407,11.0
20408,11.0
20409,11.0
20410,11.0
20411,11.0
20412,11.0
20413,11.0
20414,11.0
20415,11.0
20416,11.0
20417,11.0
20418,11.0
20419,11.0
20420,11.0
20421,11.0
20422,11.0
20423,11.0
20424,11.0
20425,11.0
20426,11.0
20427,11.0
20428,11.0
20429,11.0
20430,11.0
20431,11.0
20432,11.0
20433,11.0
20434,11.0
20435,11.0
20436,11.0
20437,11.0
20438,11.0
20439,11.0
20440,11.0
20441,11.0
20442,11.0
20443,11.0
20444,11.0
20445,11.0
20446,11.0
20447,11.0
20448,11.0
20449,11.0
20450,11.0
20451,11.0
20452,11.0
20453,11.0
20454,11.0
20455,11.0
20456,11.0
20457,11.0
20458,11.0
20459,11.0
20460,11.0
20461,11.0
20462,11.0
20463,11.0
20464,11.0
20465,11.0
20466,11.0
20467,11.0
20468,11.0
20469,11.0
20470,11.0
20471,11.0
20472,11.0
20473,11.0
20474,11.0
20475,11.0
20476,11.0
20477,11.0
20478,11.0
20479,11.0
20480,11.0
20481,11.0
20482,11.0
20483,11.0
20484,11.0
20485,11.0
20486,11.0
20487,11.0
20488,11.0
20489,11.0
20490,11.0
20491,11.0
20492,11.0
20493,11.0
20494,11.0
20495,11.0
20496,11.0
20497,11.0
20498,11.0
20499,11.0
20500,11.0
20501,11.0
20502,11.0
20503,11.0
20504,11.0
20505,11.0
20506,11.0
20507,11.0
20508,11.0
20509,11.0
20510,11.0
20511,11.0
20512,11.0
20513,11.0
20514,11.0
20515,11.0
20516,11.0
20517,11.0
20518,11.0
20519,11.0
20520,11.0
20521,11.0
20522,11.0
20523,11.0
20524,11.0
20525,11.0
20526,11.0
20527,11.0
20528,11.0
20529,11.0
20530,11.0
20531,11.0
20532,11.0
20533,11.0
20534,11.0
20535,11.0
20536,11.0
20537,11.0
20538,11.0
20539,11.0
20540,11.0
20541,11.0
20542,11.0
20543,11.0
20544,11.0
20545,11.0
20546,11.0
20547,11.0
20548,11.0
20549,11.0
20550,11.0
20551,11.0
20552,11.0
20553,11.0
20554,11.0
20555,11.0
20556,11.0
20557,11.0
20558,11.0
20559,11.0
20560,11.0
20561,11.0
20562,11.0
20563,11.0
20564,11.0
20565,11.0
20566,11.0
20567,11.0
20568,11.0
20569,11.0
20570,11.0
20571,11.0
20572,11.0
20573,11.0
20574,11.0
20575,11.0
20576,11.0
20577,11.0
20578,11.0
20579,11.0
20580,11.0
20581,11.0
20582,11.0
20583,11.0
20584,11.0
20585,11.0
20586,11.0
20587,11.0
20588,11.0
20589,11.0
20590,11.0
20591,11.0
20592,11.0
20593,11.0
20594,11.0
20595,11.0
20596,11.0
20597,11.0
20598,11.0
20599,11.0
20600,11.0
20601,11.0
20602,11.0
20603,11.0
20604,11.0
20605,11.0
20606,11.0
20607,11.0
20608,11.0
20609,11.0
20610,11.0
20611,11.0
20612,11.0
20613,11.0
20614,11.0
20615,11.0
20616,11.0
20617,11.0
20618,11.0
20619,11.0
20620,11.0
20621,11.0
20622,10.0
20623,10.0
20624,10.0
20625,10.0
20626,10.0
20627,10.0
20628,10.0
20629,10.0
20630,10.0
20631,10.0
20632,10.0
20633,10.0
20634,10.0
20635,10.0
20636,10.0
20637,10.0
20638,10.0
20639,10.0
20640,10.0
20641,10.0
20642,10.0
20643,10.0
20644,10.0
20645,10.0
20646,10.0
20647,10.0
20648,10.0
20649,10.0
20650,10.0
20651,10.0
20652,10.0
20653,10.0
20654,10.0
20655,10.0
20656,10.0
20657,10.0
20658,10.0
20659,10.0
20660,10.0
20661,10.0
20662,10.0
20663,10.0
20664,10.0
20665,10.0
20666,10.0
20667,10.0
20668,10.0
20669,10.0
20670,10.0
20671,10.0
20672,10.0
20673,10.0
20674,10.0
20675,10.0
20676,10.0
20677,10.0
20678,10.0
20679,10.0
20680,10.0
20681,10.0
20682,10.0
20683,10.0
20684,10.0
20685,10.0
20686,10.0
20687,10.0
20688,10.0
20689,10.0
20690,10.0
20691,10.0
20692,10.0
20693,10.0
20694,10.0
20695,10.0
20696,10.0
20697,10.0
20698,10.0
20699,10.0
20700,10.0
20701,10.0
20702,10.0
20703,10.0
20704,10.0
20705,10.0
20706,11.0
20707,11.0
20708,11.0
20709,11.0
20710,11.0
20711,11.0
20712,11.0
20713,11.0
20714,11.0
20715,11.0
20716,11.0
20717,11.0
20718,11.0
20719,11.0
20720,11.0
20721,11.0
20722,11.0
20723,11.0
20724,11.0
20725,11.0
20726,11.0
20727,11.0
20728,11.0
20729,11.0
20730,11.0
20731,11.0
20732,11.0
20733,11.0
20734,11.0
20735,11.0
20736,11.0
20737,11.0
20738,11.0
20739,11.0
20740,11.0
20741,11.0
20742,11.0
20743,11.0
20744,11.0
20745,11.0
20746,11.0
20747,11.0
20748,11.0
20749,11.0
20750,11.0
20751,11.0
20752,11.0
20753,11.0
20754,11.0
20755,11.0
20756,11.0
20757,11.0
20758,11.0
20759,11.0
20760,11.0
20761,11.0
20762,11.0
20763,11.0
20764,12.0
20765,12.0
20766,12.0
20767,12.0
20768,12.0
20769,12.0
20770,12.0
20771,12.0
20772,12.0
20773,12.0
20774,12.0
20775,12.0
20776,12.0
20777,12.0
20778,12.0
20779,12.0
20780,12.0
20781,12.0
20782,12.0
20783,12.0
20784,12.0
20785,12.0
20786,12.0
20787,12.0
20788,12.0
20789,12.0
20790,12.0
20791,12.0
20792,12.0
20793,12.0
20794,12.0
20795,12.0
20796,12.0
20797,12.0
20798,12.0
20799,12.0
20800,12.0
20801,12.0
20802,12.0
20803,12.0
20804,12.0
20805,12.0
20806,12.0
20807,12.0
20808,12.0
20809,12.0
20810,12.0
20811,12.0
20812,12.0
20813,12.0
20814,12.0
20815,12.0
20816,12.0
20817,12.0
20818,12.0
20819,12.0
20820,12.0
20821,12.0
20822,12.0
20823,12.0
20824,12.0
20825,12.0
20826,12.0
20827,12.0
20828,12.0
20829,12.0
20830,12.0
20831,12.0
20832,12.0
20833,12.0
20834,12.0
20835,12.0
20836,12.0
20837,12.0
20838,12.0
20839,12.0
20840,12.0
20841,12.0
20842,12.0
20843,12.0
20844,12.0
20845,12.0
20846,12.0
20847,12.0
20848,12.0
20849,12.0
20850,12.0
20851,12.0
20852,12.0
20853,12.0
20854,12.0
20855,12.0
20856,12.0
20857,12.0
20858,12.0
20859,12.0
20860,12.0
20861,12.0
20862,12.0
20863,12.0
20864,12.0
20865,12.0
20866,12.0
20867,12.0
20868,12.0
20869,12.0
20870,12.0
20871,12.0
20872,12.0
20873,12.0
20874,12.0
20875,12.0
20876,12.0
20877,12.0
20878,12.0
20879,12.0
20880,12.0
20881,12.0
20882,12.0
20883,12.0
20884,12.0
20885,12.0
20886,12.0
20887,12.0
20888,12.0
20889,12.0
20890,12.0
20891,12.0
20892,12.0
20893,12.0
20894,12.0
20895,12.0
20896,12.0
20897,12.0
20898,12.0
20899,12.0
20900,12.0
20901,12.0
20902,12.0
20903,12.0
20904,12.0
20905,12.0
20906,12.0
20907,12.0
20908,12.0
20909,12.0
20910,12.0
20911,12.0
20912,12.0
20913,12.0
20914,12.0
20915,12.0
20916,12.0
20917,12.0
20918,12.0
20919,12.0
20920,12.0
20921,12.0
20922,12.0
20923,12.0
20924,12.0
20925,12.0
20926,12.0
20927,12.0
20928,12.0
20929,12.0
20930,12.0
20931,12.0
20932,12.0
20933,12.0
20934,12.0
20935,12.0
20936,12.0
20937,12.0
20938,12.0
20939,12.0
20940,12.0
20941,12.0
20942,12.0
20943,12.0
20944,12.0
20945,12.0
20946,12.0
20947,12.0
20948,12.0
20949,12.0
20950,12.0
20951,12.0
20952,12.0
20953,12.0
20954,12.0
20955,12.0
20956,12.0
20957,12.0
20958,12.0
20959,12.0
20960,12.0
20961,12.0
20962,12.0
20963,12.0
20964,12.0
20965,12.0
20966,12.0
20967,12.0
20968,12.0
20969,12.0
20970,12.0
20971,12.0
20972,12.0
20973,12.0
20974,12.0
20975,12.0
20976,12.0
20977,12.0
20978,12.0
20979,12.0
20980,12.0
20981,12.0
20982,12.0
20983,12.0
20984,12.0
20985,12.0
20986,12.0
20987,12.0
20988,12.0
20989,12.0
20990,12.0
20991,12.0
20992,12.0
20993,12.0
20994,12.0
20995,12.0
20996,12.0
20997,12.0
20998,12.0
20999,12.0
21000,12.0
21001,12.0
21002,12.0
21003,12.0
21004,12.0
21005,12.0
21006,12.0
21007,12.0
21008,12.0
21009,12.0
21010,12.0
21011,12.0
21012,12.0
21013,12.0
21014,12.0
21015,12.0
21016,12.0
21017,12.0
21018,12.0
21019,12.0
21020,12.0
21021,12.0
21022,12.0
21023,12.0
21024,12.0
21025,12.0
21026,12.0
21027,12.0
21028,12.0
21029,12.0
21030,12.0
21031,12.0
21032,12.0
21033,12.0
21034,12.0
21035,12.0
21036,12.0
21037,12.0
21038,12.0
21039,12.0
21040,12.0
21041,12.0
21042,12.0
21043,12.0
21044,12.0
21045,12.0
21046,12.0
21047,12.0
21048,12.0
21049,12.0
21050,12.0
21051,12.0
21052,12.0
21053,12.0
21054,12.0
21055,12.0
21056,12.0
21057,12.0
21058,12.0
21059,12.0
21060,12.0
21061,12.0
21062,12.0
21063,12.0
21064,12.0
21065,12.0
21066,12.0
21067,12.0
21068,12.0
21069,12.0
21070,12.0
21071,12.0
21072,12.0
21073,12.0
21074,12.0
21075,12.0
21076,12.0
21077,12.0
21078,12.0
21079,12.0
21080,12.0
21081,12.0
21082,12.0
21083,12.0
21084,12.0
21085,12.0
21086,12.0
21087,12.0
21088,12.0
21089,12.0
21090,12.0
21091,12.0
21092,12.0
21093,12.0
21094,12.0
21095,12.0
21096,12.0
21097,12.0
21098,12.0
21099,12.0
21100,12.0
21101,12.0
21102,12.0
21103,12.0
21104,12.0
21105,12.0
21106,12.0
21107,12.0
21108,12.0
21109,12.0
21110,12.0
21111,12.0
21112,12.0
21113,12.0
21114,12.0
21115,12.0
21116,12.0
21117,12.0
21118,12.0
21119,12.0
21120,12.0
21121,13.0
21122,13.0
21123,13.0
21124,13.0
21125,13.0
21126,13.0
21127,13.0
21128,13.0
21129,13.0
21130,13.0
21131,13.0
21132,13.0
21133,13.0
21134,13.0
21135,13.0
21136,13.0
21137,14.0
21138,14.0
21139,14.0
21140,14.0
21141,14.0
21142,14.0
21143,14.0
21144,14.0
21145,14.0
21146,14.0
21147,14.0
21148,14.0
21149,14.0
21150,14.0
21151,14.0
21152,14.0
21153,14.0
21154,14.0
21155,14.0
21156,14.0
21157,14.0
21158,14.0
21159,14.0
21160,14.0
21161,14.0
21162,14.0
21163,14.0
21164,14.0
21165,14.0
21166,14.0
21167,14.0
21168,14.0
21169,14.0
21170,14.0
21171,14.0
21172,14.0
21173,14.0
21174,14.0
21175,14.0
21176,14.0
21177,14.0
21178,14.0
21179,14.0
21180,14.0
21181,14.0
21182,14.0
21183,14.0
21184,14.0
21185,14.0
21186,14.0
21187,14.0
21188,14.0
21189,14.0
21190,13.0
21191,13.0
21192,13.0
21193,13.0
21194,13.0
21195,13.0
21196,13.0
21197,13.0
21198,13.0
21199,13.0
21200,13.0
21201,13.0
21202,13.0
21203,13.0
21204,13.0
21205,13.0
21206,12.0
21207,12.0
21208,12.0
21209,12.0
21210,12.0
21211,12.0
21212,12.0
21213,12.0
21214,12.0
21215,12.0
21216,12.0
21217,12.0
21218,12.0
21219,12.0
21220,12.0
21221,12.0
21222,12.0
21223,12.0
21224,12.0
21225,12.0
21226,12.0
21227,12.0
21228,12.0
21229,12.0
21230,12.0
21231,12.0
21232,12.0
21233,12.0
21234,12.0
21235,12.0
21236,12.0
21237,12.0
21238,12.0
21239,12.0
21240,12.0
21241,12.0
21242,12.0
21243,12.0
21244,12.0
21245,12.0
21246,12.0
21247,12.0
21248,12.0
21249,12.0
21250,12.0
21251,12.0
21252,12.0
21253,12.0
21254,12.0
21255,12.0
21256,12.0
21257,12.0
21258,12.0
21259,12.0
21260,12.0
21261,12.0
21262,12.0
21263,12.0
21264,12.0
21265,12.0
21266,12.0
21267,12.0
21268,12.0
21269,12.0
21270,12.0
21271,12.0
21272,12.0
21273,12.0
21274,12.0
21275,12.0
21276,12.0
21277,12.0
21278,12.0
21279,12.0
21280,12.0
21281,12.0
21282,12.0
21283,12.0
21284,12.0
21285,12.0
21286,12.0
21287,12.0
21288,12.0
21289,12.0
21290,12.0
21291,12.0
21292,12.0
21293,12.0
21294,12.0
21295,12.0
21296,12.0
21297,12.0
21298,12.0
21299,12.0
21300,12.0
21301,12.0
21302,12.0
21303,12.0
21304,12.0
21305,12.0
21306,12.0
21307,12.0
21308,12.0
21309,12.0
21310,12.0
21311,12.0
21312,12.0
21313,12.0
21314,12.0
21315,12.0
21316,12.0
21317,12.0
21318,12.0
21319,12.0
21320,12.0
21321,12.0
21322,12.0
21323,12.0
21324,12.0
21325,12.0
21326,12.0
21327,12.0
21328,12.0
21329,12.0
21330,12.0
21331,12.0
21332,12.0
21333,12.0
21334,12.0
21335,12.0
21336,12.0
21337,12.0
21338,12.0
21339,12.0
21340,12.0
21341,12.0
21342,12.0
21343,12.0
21344,12.0
21345,12.0
21346,12.0
21347,12.0
21348,12.0
21349,12.0
21350,12.0
21351,12.0
21352,12.0
21353,12.0
21354,12.0
21355,12.0
21356,12.0
21357,12.0
21358,12.0
21359,12.0
21360,12.0
21361,12.0
21362,12.0
21363,12.0
21364,12.0
21365,12.0
21366,12.0
21367,12.0
21368,12.0
21369,12.0
21370,12.0
21371,12.0
21372,12.0
21373,12.0
21374,12.0
21375,12.0
21376,12.0
21377,12.0
21378,12.0
21379,12.0
21380,12.0
21381,12.0
21382,12.0
21383,12.0
21384,12.0
21385,12.0
21386,12.0
21387,12.0
21388,12.0
21389,12.0
21390,12.0
21391,12.0
21392,12.0
21393,12.0
21394,12.0
21395,12.0
21396,12.0
21397,12.0
21398,12.0
21399,12.0
21400,12.0
21401,12.0
21402,12.0
21403,12.0
21404,12.0
21405,12.0
21406,12.0
21407,12.0
21408,12.0
21409,12.0
21410,12.0
21411,12.0
21412,12.0
21413,12.0
21414,12.0
21415,12.0
21416,12.0
21417,12.0
21418,12.0
21419,12.0
21420,12.0
21421,12.0
21422,12.0
21423,12.0
21424,12.0
21425,12.0
21426,12.0
21427,12.0
21428,12.0
21429,12.0
21430,12.0
21431,12.0
21432,12.0
21433,12.0
21434,12.0
21435,12.0
21436,12.0
21437,12.0
21438,12.0
21439,12.0
21440,12.0
21441,12.0
21442,12.0
21443,12.0
21444,12.0
21445,12.0
21446,12.0
21447,12.0
21448,12.0
21449,12.0
21450,12.0
21451,12.0
21452,12.0
21453,12.0
21454,12.0
21455,12.0
21456,12.0
21457,12.0
21458,12.0
21459,12.0
21460,12.0
21461,12.0
21462,12.0
21463,12.0
21464,12.0
21465,12.0
21466,12.0
21467,12.0
21468,12.0
21469,12.0
21470,12.0
21471,12.0
21472,12.0
21473,12.0
21474,12.0
21475,12.0
21476,12.0
21477,12.0
21478,12.0
21479,12.0
21480,12.0
21481,11.0
21482,11.0
21483,11.0
21484,11.0
21485,11.0
21486,11.0
21487,11.0
21488,11.0
21489,11.0
21490,11.0
21491,11.0
21492,11.0
21493,11.0
21494,11.0
21495,11.0
21496,12.0
21497,12.0
21498,12.0
21499,12.0
21500,12.0
21501,12.0
21502,12.0
21503,12.0
21504,12.0
21505,12.0
21506,12.0
21507,12.0
21508,12.0
21509,12.0
21510,12.0
21511,12.0
21512,12.0
21513,12.0
21514,12.0
21515,12.0
21516,12.0
21517,12.0
21518,12.0
21519,12.0
21520,12.0
21521,12.0
21522,12.0
21523,12.0
21524,12.0
21525,12.0
21526,12.0
21527,12.0
21528,12.0
21529,12.0
21530,12.0
21531,12.0
21532,12.0
21533,12.0
21534,12.0
21535,12.0
21536,12.0
21537,12.0
21538,12.0
21539,12.0
21540,12.0
21541,12.0
21542,12.0
21543,12.0
21544,12.0
21545,12.0
21546,12.0
21547,12.0
21548,12.0
21549,12.0
21550,12.0
21551,12.0
21552,12.0
21553,12.0
21554,12.0
21555,12.0
21556,12.0
21557,12.0
21558,12.0
21559,12.0
21560,12.0
21561,12.0
21562,12.0
21563,12.0
21564,12.0
21565,12.0
21566,12.0
21567,12.0
21568,12.0
21569,12.0
21570,12.0
21571,12.0
21572,12.0
21573,12.0
21574,12.0
21575,12.0
21576,12.0
21577,12.0
21578,12.0
21579,12.0
21580,12.0
21581,12.0
21582,12.0
21583,12.0
21584,12.0
21585,12.0
21586,12.0
21587,12.0
21588,12.0
21589,12.0
21590,12.0
21591,12.0
21592,12.0
21593,12.0
21594,12.0
21595,12.0
21596,12.0
21597,12.0
21598,12.0
21599,12.0
21600,12.0
21601,12.0
21602,12.0
21603,12.0
21604,12.0
21605,12.0
21606,12.0
21607,12.0
21608,12.0
21609,12.0
21610,12.0
21611,12.0
21612,12.0
21613,12.0
21614,12.0
21615,12.0
21616,12.0
21617,12.0
21618,12.0
21619,12.0
21620,10.0
21621,10.0
21622,10.0
21623,10.0
21624,10.0
21625,10.0
21626,10.0
21627,10.0
21628,10.0
21629,10.0
21630,10.0
21631,10.0
21632,10.0
21633,10.0
21634,10.0
21635,10.0
21636,10.0
21637,10.0
21638,10.0
21639,10.0
21640,10.0
21641,10.0
21642,10.0
21643,10.0
21644,11.0
21645,11.0
21646,10.0
21647,10.0
21648,10.0
21649,10.0
21650,10.0
21651,10.0
21652,10.0
21653,10.0
21654,10.0
21655,10.0
21656,10.0
21657,10.0
21658,10.0
21659,10.0
21660,10.0
21661,10.0
21662,10.0
21663,10.0
21664,10.0
21665,10.0
21666,10.0
21667,9.0
21668,8.0
21669,8.0
21670,8.0
21671,8.0
21672,8.0
21673,8.0
21674,8.0
21675,8.0
21676,8.0
21677,8.0
21678,8.0
21679,8.0
21680,8.0
21681,8.0
21682,8.0
21683,8.0
21684,8.0
21685,8.0
21686,8.0
21687,8.0
21688,8.0
21689,8.0
21690,8.0
21691,8.0
21692,8.0
21693,8.0
21694,8.0
21695,8.0
21696,8.0
21697,8.0
21698,8.0
21699,8.0
21700,8.0
21701,8.0
21702,8.0
21703,8.0
21704,8.0
21705,8.0
21706,8.0
21707,8.0
21708,8.0
21709,8.0
21710,8.0
21711,8.0
21712,8.0
21713,8.0
21714,8.0
21715,8.0
21716,8.0
21717,8.0
21718,8.0
21719,8.0
21720,8.0
21721,8.0
21722,8.0
21723,8.0
21724,8.0
21725,8.0
21726,8.0
21727,8.0
21728,8.0
21729,8.0
21730,8.0
21731,8.0
21732,8.0
21733,8.0
21734,8.0
21735,8.0
21736,8.0
21737,8.0
21738,8.0
21739,8.0
21740,8.0
21741,8.0
21742,8.0
21743,8.0
21744,7.0
21745,7.0
21746,7.0
21747,7.0
21748,8.0
21749,8.0
21750,8.0
21751,8.0
21752,8.0
21753,8.0
21754,9.0
21755,9.0
21756,9.0
21757,9.0
21758,9.0
21759,9.0
21760,9.0
21761,9.0
21762,9.0
21763,9.0
21764,9.0
21765,9.0
21766,9.0
21767,9.0
21768,9.0
21769,9.0
21770,9.0
21771,9.0
21772,9.0
21773,9.0
21774,9.0
21775,9.0
21776,9.0
21777,9.0
21778,9.0
21779,9.0
21780,9.0
21781,9.0
21782,9.0
21783,9.0
21784,9.0
21785,9.0
21786,9.0
21787,9.0
21788,9.0
21789,9.0
21790,9.0
21791,9.0
21792,9.0
21793,9.0
21794,9.0
21795,9.0
21796,9.0
21797,9.0
21798,9.0
21799,9.0
21800,9.0
21801,9.0
21802,9.0
21803,9.0
21804,9.0
21805,9.0
21806,9.0
21807,9.0
21808,9.0
21809,7.0
21810,7.0
21811,7.0
21812,7.0
21813,7.0
21814,7.0
21815,7.0
21816,7.0
21817,7.0
21818,7.0
21819,7.0
21820,7.0
21821,7.0
21822,7.0
21823,7.0
21824,7.0
21825,7.0
21826,7.0
21827,7.0
21828,7.0
21829,7.0
21830,7.0
21831,7.0
21832,7.0
21833,7.0
21834,7.0
21835,7.0
21836,7.0
21837,7.0
21838,7.0
21839,7.0
21840,7.0
21841,7.0
21842,7.0
21843,7.0
21844,7.0
21845,7.0
21846,7.0
21847,7.0
21848,7.0
21849,7.0
21850,7.0
21851,7.0
21852,7.0
21853,7.0
21854,8.0
21855,8.0
21856,8.0
21857,8.0
21858,8.0
21859,8.0
21860,8.0
21861,8.0
21862,8.0
21863,8.0
21864,8.0
21865,8.0
21866,8.0
21867,8.0
21868,8.0
21869,8.0
21870,8.0
21871,8.0
21872,8.0
21873,8.0
21874,8.0
21875,8.0
21876,8.0
21877,8.0
21878,8.0
21879,8.0
21880,8.0
21881,8.0
21882,9.0
21883,9.0
21884,9.0
21885,9.0
21886,9.0
21887,9.0
21888,9.0
21889,9.0
21890,9.0
21891,9.0
21892,9.0
21893,9.0
21894,9.0
21895,9.0
21896,9.0
21897,9.0
21898,9.0
21899,9.0
21900,9.0
21901,9.0
21902,9.0
21903,9.0
21904,9.0
21905,9.0
21906,9.0
21907,9.0
21908,9.0
21909,9.0
21910,8.0
21911,8.0
21912,8.0
21913,8.0
21914,8.0
21915,8.0
21916,8.0
21917,8.0
21918,8.0
21919,8.0
21920,8.0
21921,8.0
21922,8.0
21923,8.0
21924,8.0
21925,8.0
21926,8.0
21927,8.0
21928,8.0
21929,8.0
21930,8.0
21931,8.0
21932,8.0
21933,8.0
21934,8.0
21935,8.0
21936,8.0
21937,8.0
21938,8.0
21939,8.0
21940,8.0
21941,8.0
21942,8.0
21943,8.0
21944,8.0
21945,8.0
21946,8.0
21947,8.0
21948,8.0
21949,8.0
21950,8.0
21951,8.0
21952,8.0
21953,8.0
21954,8.0
21955,8.0
21956,8.0
21957,8.0
21958,8.0
21959,8.0
21960,8.0
21961,8.0
21962,8.0
21963,8.0
21964,8.0
21965,8.0
21966,8.0
21967,8.0
21968,8.0
21969,8.0
21970,8.0
21971,8.0
21972,8.0
21973,8.0
21974,8.0
21975,9.0
21976,9.0
21977,9.0
21978,9.0
21979,9.0
21980,9.0
21981,9.0
21982,9.0
21983,9.0
21984,9.0
21985,9.0
21986,9.0
21987,9.0
21988,9.0
21989,9.0
21990,9.0
21991,9.0
21992,9.0
21993,9.0
21994,9.0
21995,9.0
21996,9.0
21997,9.0
21998,9.0
21999,9.0
22000,9.0
22001,9.0
22002,9.0
22003,9.0
22004,9.0
22005,9.0
22006,9.0
22007,9.0
22008,9.0
22009,9.0
22010,9.0
22011,9.0
22012,9.0
22013,9.0
22014,9.0
22015,9.0
22016,9.0
22017,9.0
22018,9.0
22019,9.0
22020,9.0
22021,9.0
22022,9.0
22023,9.0
22024,9.0
22025,9.0
22026,9.0
22027,9.0
22028,9.0
22029,9.0
22030,9.0
22031,9.0
22032,9.0
22033,9.0
22034,9.0
22035,9.0
22036,9.0
22037,9.0
22038,9.0
22039,9.0
22040,9.0
22041,9.0
22042,9.0
22043,9.0
22044,9.0
22045,9.0
22046,9.0
22047,9.0
22048,9.0
22049,8.0
22050,8.0
22051,8.0
22052,8.0
22053,8.0
22054,8.0
22055,8.0
22056,8.0
22057,8.0
22058,8.0
22059,8.0
22060,8.0
22061,8.0
22062,8.0
22063,8.0
22064,8.0
22065,8.0
22066,9.0
22067,9.0
22068,9.0
22069,9.0
22070,9.0
22071,9.0
22072,9.0
22073,8.0
22074,8.0
22075,8.0
22076,8.0
22077,8.0
22078,8.0
22079,8.0
22080,8.0
22081,8.0
22082,8.0
22083,8.0
22084,8.0
22085,8.0
22086,8.0
22087,9.0
22088,9.0
22089,9.0
22090,9.0
22091,9.0
22092,9.0
22093,9.0
22094,9.0
22095,9.0
22096,9.0
22097,9.0
22098,9.0
22099,9.0
22100,9.0
22101,9.0
22102,9.0
22103,9.0
22104,9.0
22105,9.0
22106,9.0
22107,9.0
22108,9.0
22109,9.0
22110,9.0
22111,9.0
22112,9.0
22113,9.0
22114,9.0
22115,9.0
22116,9.0
22117,9.0
22118,9.0
22119,9.0
22120,9.0
22121,9.0
22122,9.0
22123,9.0
22124,9.0
22125,9.0
22126,9.0
22127,9.0
22128,10.0
22129,10.0
22130,10.0
22131,10.0
22132,10.0
22133,10.0
22134,10.0
22135,10.0
22136,10.0
22137,10.0
22138,10.0
22139,10.0
22140,10.0
22141,10.0
22142,10.0
22143,10.0
22144,10.0
22145,10.0
22146,10.0
22147,10.0
22148,10.0
22149,10.0
22150,10.0
22151,10.0
22152,10.0
22153,10.0
22154,10.0
22155,10.0
22156,10.0
22157,10.0
22158,10.0
22159,10.0
22160,10.0
22161,10.0
22162,10.0
22163,10.0
22164,10.0
22165,10.0
22166,10.0
22167,10.0
22168,10.0
22169,10.0
22170,10.0
22171,10.0
22172,10.0
22173,10.0
22174,10.0
22175,10.0
22176,10.0
22177,10.0
22178,10.0
22179,10.0
22180,10.0
22181,10.0
22182,10.0
22183,10.0
22184,10.0
22185,10.0
22186,10.0
22187,10.0
22188,10.0
22189,10.0
22190,10.0
22191,10.0
22192,10.0
22193,10.0
22194,10.0
22195,10.0
22196,10.0
22197,10.0
22198,10.0
22199,10.0
22200,10.0
22201,10.0
22202,10.0
22203,10.0
22204,10.0
22205,10.0
22206,10.0
22207,10.0
22208,10.0
22209,10.0
22210,10.0
22211,10.0
22212,10.0
22213,10.0
22214,10.0
22215,10.0
22216,10.0
22217,10.0
22218,10.0
22219,10.0
22220,10.0
22221,10.0
22222,10.0
22223,10.0
22224,10.0
22225,10.0
22226,10.0
22227,10.0
22228,10.0
22229,10.0
22230,10.0
22231,10.0
22232,10.0
22233,10.0
22234,10.0
22235,10.0
22236,10.0
22237,10.0
22238,10.0
22239,10.0
22240,10.0
22241,10.0
22242,10.0
22243,10.0
22244,10.0
22245,10.0
22246,10.0
22247,10.0
22248,10.0
22249,10.0
22250,10.0
22251,10.0
22252,10.0
22253,10.0
22254,10.0
22255,10.0
22256,10.0
22257,10.0
22258,10.0
22259,10.0
22260,10.0
22261,10.0
22262,10.0
22263,10.0
22264,10.0
22265,10.0
22266,10.0
22267,10.0
22268,10.0
22269,10.0
22270,10.0
22271,10.0
22272,10.0
22273,10.0
22274,10.0
22275,10.0
22276,10.0
22277,10.0
22278,10.0
22279,10.0
22280,10.0
22281,10.0
22282,10.0
22283,10.0
22284,10.0
22285,10.0
22286,8.0
22287,8.0
22288,8.0
22289,8.0
22290,7.0
22291,7.0
22292,7.0
22293,7.0
22294,7.0
22295,7.0
22296,7.0
22297,7.0
22298,7.0
22299,7.0
22300,7.0
22301,7.0
22302,7.0
22303,7.0
22304,7.0
22305,7.0
22306,7.0
22307,7.0
22308,7.0
22309,7.0
22310,7.0
22311,7.0
22312,7.0
22313,7.0
22314,7.0
22315,7.0
22316,7.0
22317,7.0
22318,7.0
22319,7.0
22320,7.0
22321,7.0
22322,7.0
22323,7.0
22324,7.0
22325,7.0
22326,7.0
22327,7.0
22328,7.0
22329,7.0
22330,7.0
22331,7.0
22332,7.0
22333,7.0
22334,7.0
22335,7.0
22336,7.0
22337,7.0
22338,7.0
22339,7.0
22340,7.0
22341,7.0
22342,7.0
22343,7.0
22344,7.0
22345,7.0
22346,7.0
22347,7.0
22348,7.0
22349,7.0
22350,7.0
22351,7.0
22352,7.0
22353,7.0
22354,7.0
22355,7.0
22356,7.0
22357,8.0
22358,8.0
22359,8.0
22360,8.0
22361,8.0
22362,8.0
22363,8.0
22364,8.0
22365,8.0
22366,8.0
22367,8.0
22368,8.0
22369,8.0
22370,8.0
22371,8.0
22372,8.0
22373,8.0
22374,8.0
22375,8.0
22376,8.0
22377,8.0
22378,8.0
22379,8.0
22380,8.0
22381,7.0
22382,7.0
22383,7.0
22384,7.0
22385,7.0
22386,7.0
22387,7.0
22388,7.0
22389,7.0
22390,7.0
22391,7.0
22392,7.0
22393,7.0
22394,7.0
22395,7.0
22396,7.0
22397,7.0
22398,7.0
22399,7.0
22400,7.0
22401,7.0
22402,7.0
22403,7.0
22404,7.0
22405,7.0
22406,7.0
22407,7.0
22408,7.0
22409,7.0
22410,7.0
22411,7.0
22412,7.0
22413,7.0
22414,7.0
22415,7.0
22416,7.0
22417,7.0
22418,7.0
22419,7.0
22420,7.0
22421,7.0
22422,7.0
22423,7.0
22424,7.0
22425,7.0
22426,7.0
22427,7.0
22428,7.0
22429,7.0
22430,7.0
22431,7.0
22432,7.0
22433,7.0
22434,7.0
22435,7.0
22436,7.0
22437,7.0
22438,7.0
22439,7.0
22440,7.0
22441,7.0
22442,7.0
22443,7.0
22444,7.0
22445,7.0
22446,7.0
22447,7.0
22448,7.0
22449,7.0
22450,7.0
22451,7.0
22452,7.0
22453,7.0
22454,7.0
22455,7.0
22456,7.0
22457,7.0
22458,7.0
22459,7.0
22460,7.0
22461,7.0
22462,7.0
22463,7.0
22464,7.0
22465,7.0
22466,7.0
22467,7.0
22468,7.0
22469,7.0
22470,7.0
22471,8.0
22472,8.0
22473,8.0
22474,8.0
22475,8.0
22476,8.0
22477,8.0
22478,8.0
22479,8.0
22480,8.0
22481,8.0
22482,8.0
22483,8.0
22484,8.0
22485,8.0
22486,8.0
22487,8.0
22488,8.0
22489,8.0
22490,8.0
22491,8.0
22492,8.0
22493,8.0
22494,8.0
22495,8.0
22496,8.0
22497,8.0
22498,8.0
22499,8.0
22500,8.0
22501,8.0
22502,8.0
22503,8.0
22504,8.0
22505,8.0
22506,8.0
22507,8.0
22508,8.0
22509,8.0
22510,8.0
22511,8.0
22512,8.0
22513,8.0
22514,8.0
22515,8.0
22516,8.0
22517,8.0
22518,8.0
22519,8.0
22520,8.0
22521,8.0
22522,8.0
22523,8.0
22524,8.0
22525,8.0
22526,8.0
22527,8.0
22528,8.0
22529,8.0
22530,8.0
22531,8.0
22532,8.0
22533,8.0
22534,8.0
22535,8.0
22536,8.0
22537,8.0
22538,8.0
22539,8.0
22540,8.0
22541,8.0
22542,8.0
22543,8.0
22544,8.0
22545,8.0
22546,8.0
22547,8.0
22548,8.0
22549,8.0
22550,8.0
22551,8.0
22552,8.0
22553,8.0
22554,8.0
22555,8.0
22556,8.0
22557,8.0
22558,8.0
22559,8.0
22560,8.0
22561,8.0
22562,8.0
22563,8.0
22564,8.0
22565,8.0
22566,8.0
22567,8.0
22568,8.0
22569,8.0
22570,8.0
22571,8.0
22572,8.0
22573,8.0
22574,8.0
22575,8.0
22576,8.0
22577,8.0
22578,8.0
22579,8.0
22580,8.0
22581,8.0
22582,8.0
22583,8.0
22584,8.0
22585,8.0
22586,8.0
22587,8.0
22588,8.0
22589,8.0
22590,9.0
22591,9.0
22592,9.0
22593,9.0
22594,9.0
22595,9.0
22596,9.0
22597,9.0
22598,9.0
22599,9.0
22600,9.0
22601,9.0
22602,9.0
22603,9.0
22604,9.0
22605,9.0
22606,9.0
22607,9.0
22608,9.0
22609,9.0
22610,9.0
22611,9.0
22612,9.0
22613,9.0
22614,9.0
22615,9.0
22616,9.0
22617,9.0
22618,9.0
22619,9.0
22620,9.0
22621,9.0
22622,9.0
22623,9.0
22624,9.0
22625,9.0
22626,10.0
22627,10.0
22628,10.0
22629,10.0
22630,10.0
22631,10.0
22632,10.0
22633,10.0
22634,10.0
22635,8.0
22636,7.0
22637,7.0
22638,7.0
22639,7.0
22640,7.0
22641,7.0
22642,7.0
22643,7.0
22644,7.0
22645,7.0
22646,7.0
22647,7.0
22648,7.0
22649,7.0
22650,7.0
22651,7.0
22652,7.0
22653,7.0
22654,7.0
22655,7.0
22656,7.0
22657,7.0
22658,7.0
22659,7.0
22660,7.0
22661,7.0
22662,7.0
22663,7.0
22664,7.0
22665,7.0
22666,8.0
22667,8.0
22668,8.0
22669,8.0
22670,8.0
22671,8.0
22672,8.0
22673,8.0
22674,8.0
22675,8.0
22676,8.0
22677,8.0
22678,8.0
22679,8.0
22680,8.0
22681,8.0
22682,8.0
22683,7.0
22684,7.0
22685,7.0
22686,7.0
22687,7.0
22688,7.0
22689,7.0
22690,7.0
22691,7.0
22692,7.0
22693,7.0
22694,7.0
22695,7.0
22696,7.0
22697,7.0
22698,7.0
22699,7.0
22700,7.0
22701,7.0
22702,7.0
22703,7.0
22704,7.0
22705,7.0
22706,7.0
22707,7.0
22708,7.0
22709,7.0
22710,7.0
22711,7.0
22712,7.0
22713,7.0
22714,7.0
22715,7.0
22716,7.0
22717,7.0
22718,7.0
22719,7.0
22720,7.0
22721,7.0
22722,7.0
22723,7.0
22724,7.0
22725,7.0
22726,7.0
22727,7.0
22728,7.0
22729,7.0
22730,7.0
22731,7.0
22732,7.0
22733,7.0
22734,7.0
22735,7.0
22736,7.0
22737,7.0
22738,7.0
22739,7.0
22740,7.0
22741,7.0
22742,7.0
22743,7.0
22744,7.0
22745,7.0
22746,7.0
22747,7.0
22748,7.0
22749,7.0
22750,7.0
22751,7.0
22752,7.0
22753,7.0
22754,7.0
22755,7.0
22756,7.0
22757,7.0
22758,7.0
22759,7.0
22760,7.0
22761,7.0
22762,7.0
22763,7.0
22764,7.0
22765,7.0
22766,7.0
22767,7.0
22768,7.0
22769,7.0
22770,7.0
22771,7.0
22772,7.0
22773,7.0
22774,7.0
22775,7.0
22776,7.0
22777,7.0
22778,7.0
22779,7.0
22780,7.0
22781,8.0
22782,8.0
22783,8.0
22784,8.0
22785,8.0
22786,8.0
22787,8.0
22788,8.0
22789,8.0
22790,8.0
22791,8.0
22792,8.0
22793,8.0
22794,8.0
22795,8.0
22796,8.0
22797,8.0
22798,8.0
22799,8.0
22800,8.0
22801,8.0
22802,8.0
22803,8.0
22804,8.0
22805,8.0
22806,8.0
22807,8.0
22808,8.0
22809,8.0
22810,8.0
22811,8.0
22812,8.0
22813,8.0
22814,8.0
22815,8.0
22816,9.0
22817,9.0
22818,9.0
22819,9.0
22820,9.0
22821,9.0
22822,9.0
22823,9.0
22824,9.0
22825,9.0
22826,9.0
22827,9.0
22828,9.0
22829,9.0
22830,9.0
22831,9.0
22832,9.0
22833,9.0
22834,9.0
22835,9.0
22836,8.0
22837,8.0
22838,8.0
22839,8.0
22840,8.0
22841,8.0
22842,8.0
22843,8.0
22844,8.0
22845,8.0
22846,8.0
22847,8.0
22848,8.0
22849,8.0
22850,8.0
22851,8.0
22852,8.0
22853,8.0
22854,8.0
22855,8.0
22856,8.0
22857,8.0
22858,8.0
22859,8.0
22860,8.0
22861,8.0
22862,8.0
22863,8.0
22864,8.0
22865,8.0
22866,8.0
22867,8.0
22868,8.0
22869,8.0
22870,8.0
22871,8.0
22872,8.0
22873,8.0
22874,8.0
22875,8.0
22876,8.0
22877,8.0
22878,8.0
22879,8.0
22880,8.0
22881,8.0
22882,8.0
22883,8.0
22884,8.0
22885,8.0
22886,8.0
22887,8.0
22888,8.0
22889,8.0
22890,8.0
22891,8.0
22892,8.0
22893,8.0
22894,8.0
22895,8.0
22896,8.0
22897,8.0
22898,8.0
22899,8.0
22900,8.0
22901,8.0
22902,8.0
22903,8.0
22904,8.0
22905,8.0
22906,8.0
22907,8.0
22908,8.0
22909,8.0
22910,8.0
22911,8.0
22912,8.0
22913,8.0
22914,8.0
22915,8.0
22916,8.0
22917,8.0
22918,8.0
22919,8.0
22920,8.0
22921,8.0
22922,8.0
22923,8.0
22924,8.0
22925,8.0
22926,8.0
22927,8.0
22928,8.0
22929,8.0
22930,8.0
22931,8.0
22932,8.0
22933,9.0
22934,9.0
22935,9.0
22936,9.0
22937,9.0
22938,9.0
22939,9.0
22940,9.0
22941,9.0
22942,9.0
22943,9.0
22944,10.0
22945,10.0
22946,10.0
22947,10.0
22948,10.0
22949,10.0
22950,10.0
22951,10.0
22952,10.0
22953,10.0
22954,10.0
22955,10.0
22956,10.0
22957,10.0
22958,10.0
22959,10.0
22960,10.0
22961,10.0
22962,10.0
22963,10.0
22964,10.0
22965,10.0
22966,10.0
22967,10.0
22968,10.0
22969,10.0
22970,10.0
22971,10.0
22972,10.0
22973,10.0
22974,10.0
22975,10.0
22976,10.0
22977,10.0
22978,10.0
22979,10.0
22980,10.0
22981,10.0
22982,10.0
22983,10.0
22984,10.0
22985,10.0
22986,10.0
22987,10.0
22988,10.0
22989,10.0
22990,10.0
22991,10.0
22992,10.0
22993,10.0
22994,10.0
22995,10.0
22996,10.0
22997,10.0
22998,10.0
22999,10.0
23000,10.0
23001,10.0
23002,10.0
23003,10.0
23004,10.0
23005,10.0
23006,10.0
23007,10.0
23008,10.0
23009,10.0
23010,10.0
23011,10.0
23012,10.0
23013,10.0
23014,10.0
23015,10.0
23016,10.0
23017,10.0
23018,10.0
23019,10.0
23020,10.0
23021,10.0
23022,10.0
23023,10.0
23024,10.0
23025,10.0
23026,10.0
23027,10.0
23028,10.0
23029,10.0
23030,10.0
23031,10.0
23032,10.0
23033,10.0
23034,10.0
23035,10.0
23036,10.0
23037,10.0
23038,10.0
23039,10.0
23040,10.0
23041,10.0
23042,10.0
23043,10.0
23044,10.0
23045,10.0
23046,10.0
23047,10.0
23048,10.0
23049,10.0
23050,10.0
23051,10.0
23052,10.0
23053,10.0
23054,10.0
23055,10.0
23056,10.0
23057,10.0
23058,10.0
23059,10.0
23060,10.0
23061,10.0
23062,10.0
23063,10.0
23064,10.0
23065,10.0
23066,10.0
23067,10.0
23068,10.0
23069,10.0
23070,10.0
23071,10.0
23072,10.0
23073,10.0
23074,10.0
23075,10.0
23076,10.0
23077,10.0
23078,9.0
23079,9.0
23080,9.0
23081,9.0
23082,9.0
23083,9.0
23084,9.0
23085,9.0
23086,9.0
23087,9.0
23088,9.0
23089,9.0
23090,9.0
23091,9.0
23092,9.0
23093,8.0
23094,8.0
23095,8.0
23096,8.0
23097,8.0
23098,8.0
23099,8.0
23100,8.0
23101,8.0
23102,8.0
23103,8.0
23104,8.0
23105,8.0
23106,8.0
23107,8.0
23108,8.0
23109,8.0
23110,8.0
23111,8.0
23112,8.0
23113,8.0
23114,8.0
23115,8.0
23116,8.0
23117,8.0
23118,8.0
23119,8.0
23120,8.0
23121,8.0
23122,8.0
23123,8.0
23124,8.0
23125,8.0
23126,8.0
23127,8.0
23128,8.0
23129,8.0
23130,8.0
23131,8.0
23132,8.0
23133,8.0
23134,8.0
23135,8.0
23136,8.0
23137,8.0
23138,8.0
23139,8.0
23140,8.0
23141,8.0
23142,8.0
23143,8.0
23144,8.0
23145,8.0
23146,8.0
23147,8.0
23148,8.0
23149,8.0
23150,8.0
23151,8.0
23152,8.0
23153,8.0
23154,8.0
23155,8.0
23156,8.0
23157,8.0
23158,8.0
23159,8.0
23160,8.0
23161,8.0
23162,8.0
23163,8.0
23164,8.0
23165,8.0
23166,8.0
23167,8.0
23168,8.0
23169,8.0
23170,8.0
23171,8.0
23172,8.0
23173,9.0
23174,9.0
23175,9.0
23176,9.0
23177,9.0
23178,9.0
23179,9.0
23180,9.0
23181,9.0
23182,9.0
23183,9.0
23184,9.0
23185,9.0
23186,9.0
23187,9.0
23188,9.0
23189,9.0
23190,9.0
23191,9.0
23192,9.0
23193,9.0
23194,9.0
23195,9.0
23196,9.0
23197,9.0
23198,9.0
23199,9.0
23200,9.0
23201,9.0
23202,9.0
23203,9.0
23204,9.0
23205,9.0
23206,9.0
23207,9.0
23208,9.0
23209,9.0
23210,9.0
23211,9.0
23212,9.0
23213,9.0
23214,9.0
23215,9.0
23216,9.0
23217,9.0
23218,9.0
23219,9.0
23220,9.0
23221,9.0
23222,9.0
23223,9.0
23224,9.0
23225,9.0
23226,9.0
23227,9.0
23228,9.0
23229,9.0
23230,9.0
23231,9.0
23232,9.0
23233,9.0
23234,9.0
23235,9.0
23236,9.0
23237,9.0
23238,9.0
23239,9.0
23240,9.0
23241,9.0
23242,9.0
23243,9.0
23244,9.0
23245,9.0
23246,9.0
23247,9.0
23248,9.0
23249,9.0
23250,9.0
23251,9.0
23252,9.0
23253,9.0
23254,9.0
23255,9.0
23256,9.0
23257,9.0
23258,9.0
23259,9.0
23260,9.0
23261,9.0
23262,9.0
23263,9.0
23264,9.0
23265,9.0
23266,9.0
23267,9.0
23268,9.0
23269,9.0
23270,9.0
23271,9.0
23272,9.0
23273,9.0
23274,9.0
23275,9.0
23276,9.0
23277,9.0
23278,9.0
23279,9.0
23280,9.0
23281,9.0
23282,9.0
23283,9.0
23284,9.0
23285,9.0
23286,9.0
23287,9.0
23288,9.0
23289,9.0
23290,9.0
23291,9.0
23292,9.0
23293,9.0
23294,9.0
23295,9.0
23296,9.0
23297,9.0
23298,9.0
23299,9.0
23300,9.0
23301,9.0
23302,9.0
23303,9.0
23304,9.0
23305,9.0
23306,9.0
23307,9.0
23308,9.0
23309,9.0
23310,9.0
23311,9.0
23312,9.0
23313,9.0
23314,9.0
23315,9.0
23316,9.0
23317,9.0
23318,9.0
23319,9.0
23320,9.0
23321,9.0
23322,9.0
23323,9.0
23324,9.0
23325,9.0
23326,9.0
23327,9.0
23328,9.0
23329,9.0
23330,9.0
23331,9.0
23332,9.0
23333,9.0
23334,9.0
23335,9.0
23336,9.0
23337,9.0
23338,9.0
23339,9.0
23340,9.0
23341,9.0
23342,9.0
23343,9.0
23344,9.0
23345,9.0
23346,9.0
23347,9.0
23348,9.0
23349,9.0
23350,9.0
23351,9.0
23352,9.0
23353,9.0
23354,9.0
23355,9.0
23356,9.0
23357,9.0
23358,9.0
23359,9.0
23360,9.0
23361,9.0
23362,9.0
23363,9.0
23364,9.0
23365,9.0
23366,9.0
23367,9.0
23368,9.0
23369,9.0
23370,9.0
23371,9.0
23372,9.0
23373,9.0
23374,9.0
23375,9.0
23376,9.0
23377,9.0
23378,9.0
23379,9.0
23380,9.0
23381,9.0
23382,9.0
23383,9.0
23384,9.0
23385,9.0
23386,9.0
23387,9.0
23388,9.0
23389,9.0
23390,9.0
23391,9.0
23392,9.0
23393,9.0
23394,9.0
23395,9.0
23396,9.0
23397,9.0
23398,9.0
23399,10.0
23400,10.0
23401,10.0
23402,10.0
23403,10.0
23404,10.0
23405,10.0
23406,10.0
23407,10.0
23408,10.0
23409,10.0
23410,10.0
23411,10.0
23412,10.0
23413,10.0
23414,10.0
23415,10.0
23416,10.0
23417,10.0
23418,10.0
23419,10.0
23420,10.0
23421,10.0
23422,10.0
23423,10.0
23424,10.0
23425,10.0
23426,10.0
23427,10.0
23428,10.0
23429,10.0
23430,10.0
23431,10.0
23432,10.0
23433,10.0
23434,10.0
23435,10.0
23436,10.0
23437,10.0
23438,10.0
23439,10.0
23440,10.0
23441,10.0
23442,10.0
23443,10.0
23444,10.0
23445,10.0
23446,10.0
23447,10.0
23448,10.0
23449,10.0
23450,10.0
23451,10.0
23452,10.0
23453,10.0
23454,10.0
23455,10.0
23456,10.0
23457,10.0
23458,10.0
23459,10.0
23460,10.0
23461,10.0
23462,10.0
23463,10.0
23464,10.0
23465,10.0
23466,10.0
23467,10.0
23468,10.0
23469,10.0
23470,10.0
23471,10.0
23472,10.0
23473,10.0
23474,10.0
23475,10.0
23476,10.0
23477,10.0
23478,10.0
23479,10.0
23480,10.0
23481,10.0
23482,10.0
23483,10.0
23484,10.0
23485,10.0
23486,10.0
23487,10.0
23488,10.0
23489,10.0
23490,10.0
23491,10.0
23492,10.0
23493,10.0
23494,10.0
23495,10.0
23496,10.0
23497,10.0
23498,10.0
23499,10.0
23500,10.0
23501,10.0
23502,10.0
23503,10.0
23504,10.0
23505,10.0
23506,10.0
23507,10.0
23508,10.0
23509,10.0
23510,10.0
23511,10.0
23512,10.0
23513,10.0
23514,10.0
23515,10.0
23516,10.0
23517,10.0
23518,10.0
23519,10.0
23520,10.0
23521,10.0
23522,10.0
23523,10.0
23524,11.0
23525,11.0
23526,11.0
23527,11.0
23528,11.0
23529,11.0
23530,11.0
23531,11.0
23532,11.0
23533,11.0
23534,11.0
23535,11.0
23536,11.0
23537,11.0
23538,11.0
23539,11.0
23540,11.0
23541,11.0
23542,11.0
23543,11.0
23544,11.0
23545,11.0
23546,11.0
23547,11.0
23548,11.0
23549,11.0
23550,11.0
23551,11.0
23552,11.0
23553,11.0
23554,11.0
23555,11.0
23556,11.0
23557,11.0
23558,11.0
23559,11.0
23560,11.0
23561,11.0
23562,11.0
23563,11.0
23564,11.0
23565,11.0
23566,11.0
23567,11.0
23568,11.0
23569,11.0
23570,11.0
23571,11.0
23572,11.0
23573,11.0
23574,11.0
23575,11.0
23576,11.0
23577,11.0
23578,11.0
23579,12.0
23580,12.0
23581,12.0
23582,12.0
23583,12.0
23584,12.0
23585,12.0
23586,12.0
23587,12.0
23588,12.0
23589,12.0
23590,12.0
23591,12.0
23592,12.0
23593,12.0
23594,11.0
23595,11.0
23596,11.0
23597,11.0
23598,11.0
23599,11.0
23600,11.0
23601,11.0
23602,11.0
23603,11.0
23604,11.0
23605,11.0
23606,11.0
23607,11.0
23608,11.0
23609,11.0
23610,11.0
23611,11.0
23612,11.0
23613,11.0
23614,11.0
23615,11.0
23616,11.0
23617,11.0
23618,11.0
23619,11.0
23620,11.0
23621,11.0
23622,11.0
23623,11.0
23624,11.0
23625,11.0
23626,11.0
23627,11.0
23628,11.0
23629,11.0
23630,11.0
23631,11.0
23632,11.0
23633,11.0
23634,11.0
23635,11.0
23636,11.0
23637,11.0
23638,11.0
23639,11.0
23640,11.0
23641,11.0
23642,11.0
23643,11.0
23644,11.0
23645,11.0
23646,11.0
23647,11.0
23648,11.0
23649,11.0
23650,11.0
23651,11.0
23652,11.0
23653,11.0
23654,11.0
23655,11.0
23656,11.0
23657,11.0
23658,11.0
23659,11.0
23660,11.0
23661,11.0
23662,11.0
23663,11.0
23664,11.0
23665,11.0
23666,11.0
23667,11.0
23668,11.0
23669,11.0
23670,11.0
23671,11.0
23672,11.0
23673,11.0
23674,11.0
23675,11.0
23676,11.0
23677,11.0
23678,11.0
23679,11.0
23680,11.0
23681,11.0
23682,11.0
23683,11.0
23684,11.0
23685,11.0
23686,11.0
23687,11.0
23688,11.0
23689,11.0
23690,11.0
23691,11.0
23692,11.0
23693,11.0
23694,11.0
23695,11.0
23696,11.0
23697,11.0
23698,11.0
23699,11.0
23700,11.0
23701,11.0
23702,11.0
23703,11.0
23704,11.0
23705,11.0
23706,11.0
23707,11.0
23708,11.0
23709,11.0
23710,11.0
23711,11.0
23712,10.0
23713,10.0
23714,10.0
23715,10.0
23716,10.0
23717,10.0
23718,10.0
23719,10.0
23720,11.0
23721,11.0
23722,11.0
23723,11.0
23724,11.0
23725,11.0
23726,11.0
23727,11.0
23728,11.0
23729,11.0
23730,11.0
23731,11.0
23732,11.0
23733,11.0
23734,11.0
23735,11.0
23736,11.0
23737,11.0
23738,11.0
23739,11.0
23740,11.0
23741,11.0
23742,11.0
23743,11.0
23744,11.0
23745,11.0
23746,11.0
23747,11.0
23748,11.0
23749,11.0
23750,11.0
23751,11.0
23752,11.0
23753,11.0
23754,11.0
23755,11.0
23756,11.0
23757,11.0
23758,11.0
23759,11.0
23760,11.0
23761,11.0
23762,11.0
23763,11.0
23764,11.0
23765,11.0
23766,11.0
23767,11.0
23768,11.0
23769,11.0
23770,11.0
23771,11.0
23772,11.0
23773,11.0
23774,11.0
23775,11.0
23776,11.0
23777,11.0
23778,11.0
23779,11.0
23780,11.0
23781,11.0
23782,11.0
23783,11.0
23784,11.0
23785,11.0
23786,11.0
23787,11.0
23788,11.0
23789,11.0
23790,11.0
23791,11.0
23792,11.0
23793,11.0
23794,11.0
23795,11.0
23796,11.0
23797,11.0
23798,11.0
23799,11.0
23800,11.0
23801,11.0
23802,11.0
23803,11.0
23804,11.0
23805,11.0
23806,11.0
23807,11.0
23808,11.0
23809,11.0
23810,11.0
23811,11.0
23812,11.0
23813,11.0
23814,11.0
23815,12.0
23816,12.0
23817,12.0
23818,12.0
23819,12.0
23820,12.0
23821,12.0
23822,12.0
23823,12.0
23824,12.0
23825,12.0
23826,12.0
23827,12.0
23828,11.0
23829,11.0
23830,11.0
23831,11.0
23832,11.0
23833,11.0
23834,11.0
23835,11.0
23836,11.0
23837,11.0
23838,10.0
23839,10.0
23840,10.0
23841,10.0
23842,10.0
23843,10.0
23844,10.0
23845,10.0
23846,10.0
23847,10.0
23848,10.0
23849,10.0
23850,10.0
23851,10.0
23852,10.0
23853,10.0
23854,10.0
23855,10.0
23856,10.0
23857,10.0
23858,10.0
23859,10.0
23860,10.0
23861,10.0
23862,10.0
23863,10.0
23864,10.0
23865,10.0
23866,10.0
23867,10.0
23868,10.0
23869,10.0
23870,10.0
23871,10.0
23872,10.0
23873,10.0
23874,10.0
23875,10.0
23876,10.0
23877,10.0
23878,10.0
23879,10.0
23880,10.0
23881,10.0
23882,10.0
23883,10.0
23884,10.0
23885,10.0
23886,10.0
23887,10.0
23888,10.0
23889,10.0
23890,10.0
23891,10.0
23892,10.0
23893,10.0
23894,10.0
23895,10.0
23896,10.0
23897,10.0
23898,10.0
23899,10.0
23900,10.0
23901,10.0
23902,10.0
23903,10.0
23904,10.0
23905,10.0
23906,10.0
23907,10.0
23908,10.0
23909,10.0
23910,10.0
23911,10.0
23912,10.0
23913,10.0
23914,10.0
23915,10.0
23916,10.0
23917,10.0
23918,10.0
23919,10.0
23920,10.0
23921,10.0
23922,10.0
23923,10.0
23924,10.0
23925,10.0
23926,10.0
23927,10.0
23928,10.0
23929,10.0
23930,9.0
23931,10.0
23932,10.0
23933,10.0
23934,10.0
23935,10.0
23936,10.0
23937,10.0
23938,10.0
23939,10.0
23940,10.0
23941,10.0
23942,10.0
23943,10.0
23944,10.0
23945,10.0
23946,10.0
23947,10.0
23948,10.0
23949,10.0
23950,10.0
23951,10.0
23952,10.0
23953,10.0
23954,10.0
23955,10.0
23956,10.0
23957,10.0
23958,10.0
23959,10.0
23960,10.0
23961,9.0
23962,9.0
23963,9.0
23964,9.0
23965,9.0
23966,9.0
23967,9.0
23968,9.0
23969,9.0
23970,9.0
23971,9.0
23972,9.0
23973,9.0
23974,9.0
23975,9.0
23976,9.0
23977,9.0
23978,9.0
23979,9.0
23980,9.0
23981,9.0
23982,9.0
23983,9.0
23984,9.0
23985,9.0
23986,9.0
23987,9.0
23988,9.0
23989,9.0
23990,9.0
23991,9.0
23992,9.0
23993,9.0
23994,9.0
23995,9.0
23996,9.0
23997,9.0
23998,9.0
23999,9.0
24000,9.0
24001,9.0
24002,9.0
24003,9.0
24004,9.0
24005,9.0
24006,9.0
24007,9.0
24008,9.0
24009,9.0
24010,9.0
24011,9.0
24012,9.0
24013,9.0
24014,9.0
24015,9.0
24016,9.0
24017,9.0
24018,9.0
24019,9.0
24020,9.0
24021,9.0
24022,9.0
24023,9.0
24024,9.0
24025,9.0
24026,9.0
24027,9.0
24028,9.0
24029,9.0
24030,9.0
24031,8.0
24032,7.0
24033,7.0
24034,7.0
24035,7.0
24036,7.0
24037,7.0
24038,7.0
24039,7.0
24040,7.0
24041,7.0
24042,7.0
24043,7.0
24044,7.0
24045,7.0
24046,7.0
24047,7.0
24048,7.0
24049,7.0
24050,7.0
24051,7.0
24052,7.0
24053,7.0
24054,7.0
24055,7.0
24056,7.0
24057,7.0
24058,7.0
24059,7.0
24060,7.0
24061,7.0
24062,7.0
24063,7.0
24064,7.0
24065,7.0
24066,7.0
24067,7.0
24068,7.0
24069,7.0
24070,7.0
24071,7.0
24072,7.0
24073,7.0
24074,7.0
24075,7.0
24076,7.0
24077,7.0
24078,7.0
24079,7.0
24080,7.0
24081,7.0
24082,7.0
24083,7.0
24084,7.0
24085,7.0
24086,7.0
24087,7.0
24088,7.0
24089,7.0
24090,7.0
24091,7.0
24092,7.0
24093,7.0
24094,7.0
24095,7.0
24096,7.0
24097,7.0
24098,7.0
24099,7.0
24100,7.0
24101,7.0
24102,7.0
24103,7.0
24104,7.0
24105,7.0
24106,7.0
24107,7.0
24108,7.0
24109,7.0
24110,7.0
24111,7.0
24112,7.0
24113,7.0
24114,7.0
24115,7.0
24116,7.0
24117,7.0
24118,7.0
24119,7.0
24120,7.0
24121,7.0
24122,7.0
24123,7.0
24124,7.0
24125,7.0
24126,7.0
24127,7.0
24128,7.0
24129,7.0
24130,7.0
24131,7.0
24132,7.0
24133,7.0
24134,7.0
24135,7.0
24136,7.0
24137,7.0
24138,7.0
24139,7.0
24140,7.0
24141,7.0
24142,7.0
24143,7.0
24144,7.0
24145,7.0
24146,7.0
24147,7.0
24148,7.0
24149,7.0
24150,7.0
24151,7.0
24152,7.0
24153,7.0
24154,7.0
24155,7.0
24156,7.0
24157,7.0
24158,7.0
24159,7.0
24160,7.0
24161,7.0
24162,7.0
24163,7.0
24164,7.0
24165,7.0
24166,7.0
24167,7.0
24168,7.0
24169,7.0
24170,7.0
24171,7.0
24172,7.0
24173,7.0
24174,7.0
24175,7.0
24176,7.0
24177,7.0
24178,7.0
24179,8.0
24180,8.0
24181,8.0
24182,8.0
24183,8.0
24184,8.0
24185,8.0
24186,8.0
24187,8.0
24188,8.0
24189,8.0
24190,8.0
24191,8.0
24192,8.0
24193,8.0
24194,8.0
24195,8.0
24196,8.0
24197,8.0
24198,8.0
24199,8.0
24200,8.0
24201,8.0
24202,8.0
24203,8.0
24204,8.0
24205,8.0
24206,8.0
24207,8.0
24208,8.0
24209,8.0
24210,8.0
24211,8.0
24212,8.0
24213,8.0
24214,8.0
24215,8.0
24216,8.0
24217,8.0
24218,8.0
24219,8.0
24220,8.0
24221,8.0
24222,8.0
24223,8.0
24224,8.0
24225,8.0
24226,8.0
24227,8.0
24228,8.0
24229,8.0
24230,8.0
24231,8.0
24232,8.0
24233,8.0
24234,8.0
24235,8.0
24236,8.0
24237,8.0
24238,8.0
24239,8.0
24240,8.0
24241,8.0
24242,8.0
24243,8.0
24244,8.0
24245,8.0
24246,8.0
24247,8.0
24248,8.0
24249,8.0
24250,8.0
24251,8.0
24252,8.0
24253,8.0
24254,8.0
24255,8.0
24256,8.0
24257,8.0
24258,8.0
24259,8.0
24260,8.0
24261,8.0
24262,8.0
24263,8.0
24264,8.0
24265,8.0
24266,8.0
24267,8.0
24268,8.0
24269,8.0
24270,8.0
24271,8.0
24272,8.0
24273,8.0
24274,8.0
24275,8.0
24276,8.0
24277,8.0
24278,8.0
24279,8.0
24280,8.0
24281,8.0
24282,8.0
24283,8.0
24284,8.0
24285,8.0
24286,8.0
24287,8.0
24288,8.0
24289,8.0
24290,8.0
24291,8.0
24292,8.0
24293,8.0
24294,8.0
24295,8.0
24296,8.0
24297,8.0
24298,8.0
24299,8.0
24300,8.0
24301,8.0
24302,8.0
24303,8.0
24304,8.0
24305,8.0
24306,8.0
24307,9.0
24308,9.0
24309,9.0
24310,9.0
24311,9.0
24312,9.0
24313,9.0
24314,9.0
24315,9.0
24316,9.0
24317,9.0
24318,9.0
24319,9.0
24320,9.0
24321,9.0
24322,9.0
24323,9.0
24324,9.0
24325,9.0
24326,9.0
24327,9.0
24328,9.0
24329,9.0
24330,9.0
24331,9.0
24332,9.0
24333,9.0
24334,9.0
24335,9.0
24336,9.0
24337,10.0
24338,10.0
24339,10.0
24340,10.0
24341,10.0
24342,10.0
24343,10.0
24344,10.0
24345,10.0
24346,10.0
24347,10.0
24348,10.0
24349,10.0
24350,10.0
24351,10.0
24352,10.0
24353,10.0
24354,10.0
24355,10.0
24356,10.0
24357,11.0
24358,11.0
24359,11.0
24360,11.0
24361,11.0
24362,11.0
24363,11.0
24364,11.0
24365,11.0
24366,11.0
24367,11.0
24368,11.0
24369,11.0
24370,11.0
24371,11.0
24372,11.0
24373,11.0
24374,11.0
24375,11.0
24376,11.0
24377,11.0
24378,11.0
24379,11.0
24380,11.0
24381,12.0
24382,12.0
24383,12.0
24384,12.0
24385,12.0
24386,12.0
24387,12.0
24388,12.0
24389,12.0
24390,12.0
24391,12.0
24392,12.0
24393,12.0
24394,12.0
24395,12.0
24396,12.0
24397,12.0
24398,12.0
24399,12.0
24400,12.0
24401,12.0
24402,12.0
24403,12.0
24404,12.0
24405,12.0
24406,12.0
24407,12.0
24408,12.0
24409,12.0
24410,12.0
24411,12.0
24412,12.0
24413,12.0
24414,12.0
24415,12.0
24416,12.0
24417,12.0
24418,12.0
24419,12.0
24420,12.0
24421,12.0
24422,12.0
24423,12.0
24424,12.0
24425,12.0
24426,12.0
24427,12.0
24428,12.0
24429,12.0
24430,12.0
24431,12.0
24432,12.0
24433,12.0
24434,12.0
24435,12.0
24436,12.0
24437,12.0
24438,12.0
24439,12.0
24440,12.0
24441,12.0
24442,12.0
24443,12.0
24444,12.0
24445,12.0
24446,12.0
24447,12.0
24448,12.0
24449,12.0
24450,12.0
24451,12.0
24452,12.0
24453,12.0
24454,12.0
24455,12.0
24456,13.0
24457,13.0
24458,13.0
24459,13.0
24460,13.0
24461,13.0
24462,13.0
24463,13.0
24464,13.0
24465,13.0
24466,13.0
24467,13.0
24468,13.0
24469,13.0
24470,13.0
24471,13.0
24472,13.0
24473,13.0
24474,13.0
24475,13.0
24476,13.0
24477,13.0
24478,13.0
24479,13.0
24480,13.0
24481,13.0
24482,13.0
24483,13.0
24484,13.0
24485,13.0
24486,13.0
24487,13.0
24488,13.0
24489,13.0
24490,13.0
24491,13.0
24492,13.0
24493,13.0
24494,13.0
24495,13.0
24496,14.0
24497,14.0
24498,14.0
24499,14.0
24500,14.0
24501,14.0
24502,14.0
24503,14.0
24504,14.0
24505,14.0
24506,14.0
24507,14.0
24508,14.0
24509,14.0
24510,14.0
24511,14.0
24512,14.0
24513,13.0
24514,13.0
24515,13.0
24516,13.0
24517,13.0
24518,13.0
24519,13.0
24520,13.0
24521,13.0
24522,13.0
24523,13.0
24524,13.0
24525,13.0
24526,13.0
24527,13.0
24528,13.0
24529,13.0
24530,13.0
24531,13.0
24532,13.0
24533,13.0
24534,13.0
24535,13.0
24536,13.0
24537,13.0
24538,13.0
24539,13.0
24540,13.0
24541,13.0
24542,13.0
24543,13.0
24544,13.0
24545,13.0
24546,13.0
24547,13.0
24548,13.0
24549,14.0
24550,14.0
24551,14.0
24552,14.0
24553,14.0
24554,14.0
24555,14.0
24556,14.0
24557,14.0
24558,14.0
24559,14.0
24560,14.0
24561,14.0
24562,14.0
24563,14.0
24564,14.0
24565,14.0
24566,14.0
24567,14.0
24568,14.0
24569,14.0
24570,14.0
24571,14.0
24572,14.0
24573,14.0
24574,14.0
24575,14.0
24576,14.0
24577,14.0
24578,14.0
24579,14.0
24580,14.0
24581,14.0
24582,14.0
24583,14.0
24584,14.0
24585,14.0
24586,14.0
24587,14.0
24588,14.0
24589,14.0
24590,14.0
24591,14.0
24592,14.0
24593,14.0
24594,14.0
24595,14.0
24596,14.0
24597,14.0
24598,11.0
24599,11.0
24600,11.0
24601,11.0
24602,11.0
24603,11.0
24604,11.0
24605,11.0
24606,11.0
24607,11.0
24608,11.0
24609,11.0
24610,11.0
24611,11.0
24612,11.0
24613,11.0
24614,11.0
24615,11.0
24616,11.0
24617,11.0
24618,11.0
24619,11.0
24620,11.0
24621,11.0
24622,9.0
24623,9.0
24624,9.0
24625,9.0
24626,9.0
24627,9.0
24628,9.0
24629,9.0
24630,9.0
24631,9.0
24632,9.0
24633,9.0
24634,9.0
24635,9.0
24636,9.0
24637,9.0
24638,9.0
24639,9.0
24640,9.0
24641,9.0
24642,9.0
24643,9.0
24644,9.0
24645,9.0
24646,9.0
24647,9.0
24648,9.0
24649,9.0
24650,9.0
24651,9.0
24652,9.0
24653,9.0
24654,9.0
24655,9.0
24656,9.0
24657,9.0
24658,9.0
24659,9.0
24660,9.0
24661,9.0
24662,9.0
24663,9.0
24664,9.0
24665,9.0
24666,9.0
24667,9.0
24668,9.0
24669,9.0
24670,9.0
24671,9.0
24672,9.0
24673,9.0
24674,9.0
24675,9.0
24676,9.0
24677,9.0
24678,9.0
24679,9.0
24680,9.0
24681,9.0
24682,9.0
24683,9.0
24684,9.0
24685,9.0
24686,9.0
24687,9.0
24688,9.0
24689,9.0
24690,9.0
24691,9.0
24692,9.0
24693,9.0
24694,9.0
24695,9.0
24696,9.0
24697,9.0
24698,9.0
24699,9.0
24700,9.0
24701,9.0
24702,9.0
24703,9.0
24704,9.0
24705,9.0
24706,9.0
24707,9.0
24708,9.0
24709,9.0
24710,9.0
24711,9.0
24712,9.0
24713,9.0
24714,9.0
24715,9.0
24716,9.0
24717,9.0
24718,9.0
24719,9.0
24720,9.0
24721,9.0
24722,9.0
24723,9.0
24724,9.0
24725,9.0
24726,9.0
24727,9.0
24728,9.0
24729,9.0
24730,9.0
24731,9.0
24732,9.0
24733,9.0
24734,9.0
24735,9.0
24736,9.0
24737,9.0
24738,9.0
24739,9.0
24740,9.0
24741,9.0
24742,9.0
24743,9.0
24744,9.0
24745,9.0
24746,9.0
24747,9.0
24748,9.0
24749,9.0
24750,9.0
24751,9.0
24752,9.0
24753,9.0
24754,9.0
24755,9.0
24756,9.0
24757,9.0
24758,9.0
24759,9.0
24760,10.0
24761,10.0
24762,10.0
24763,10.0
24764,10.0
24765,10.0
24766,10.0
24767,10.0
24768,10.0
24769,10.0
24770,10.0
24771,10.0
24772,10.0
24773,10.0
24774,10.0
24775,10.0
24776,10.0
24777,10.0
24778,10.0
24779,10.0
24780,10.0
24781,10.0
24782,10.0
24783,10.0
24784,10.0
24785,11.0
24786,11.0
24787,11.0
24788,11.0
24789,11.0
24790,11.0
24791,11.0
24792,11.0
24793,11.0
24794,11.0
24795,11.0
24796,11.0
24797,11.0
24798,11.0
24799,11.0
24800,11.0
24801,11.0
24802,11.0
24803,11.0
24804,11.0
24805,11.0
24806,11.0
24807,11.0
24808,11.0
24809,11.0
24810,11.0
24811,11.0
24812,11.0
24813,11.0
24814,11.0
24815,11.0
24816,11.0
24817,11.0
24818,11.0
24819,11.0
24820,11.0
24821,11.0
24822,11.0
24823,11.0
24824,11.0
24825,11.0
24826,11.0
24827,11.0
24828,11.0
24829,11.0
24830,11.0
24831,11.0
24832,10.0
24833,10.0
24834,10.0
24835,10.0
24836,10.0
24837,10.0
24838,10.0
24839,10.0
24840,10.0
24841,10.0
24842,10.0
24843,10.0
24844,10.0
24845,10.0
24846,10.0
24847,10.0
24848,10.0
24849,10.0
24850,10.0
24851,10.0
24852,10.0
24853,10.0
24854,10.0
24855,10.0
24856,10.0
24857,10.0
24858,10.0
24859,10.0
24860,10.0
24861,10.0
24862,10.0
24863,10.0
24864,10.0
24865,10.0
24866,10.0
24867,10.0
24868,10.0
24869,10.0
24870,10.0
24871,10.0
24872,10.0
24873,10.0
24874,10.0
24875,10.0
24876,10.0
24877,10.0
24878,10.0
24879,10.0
24880,10.0
24881,10.0
24882,10.0
24883,10.0
24884,10.0
24885,10.0
24886,10.0
24887,10.0
24888,10.0
24889,10.0
24890,10.0
24891,10.0
24892,10.0
24893,10.0
24894,10.0
24895,10.0
24896,10.0
24897,10.0
24898,10.0
24899,10.0
24900,10.0
24901,10.0
24902,10.0
24903,10.0
24904,10.0
24905,10.0
24906,10.0
24907,10.0
24908,10.0
24909,10.0
24910,10.0
24911,10.0
24912,10.0
24913,10.0
24914,10.0
24915,10.0
24916,10.0
24917,10.0
24918,10.0
24919,10.0
24920,10.0
24921,10.0
24922,10.0
24923,10.0
24924,10.0
24925,10.0
24926,10.0
24927,10.0
24928,10.0
24929,10.0
24930,10.0
24931,10.0
24932,10.0
24933,10.0
24934,10.0
24935,10.0
24936,10.0
24937,10.0
24938,10.0
24939,10.0
24940,10.0
24941,10.0
24942,10.0
24943,10.0
24944,10.0
24945,10.0
24946,10.0
24947,10.0
24948,10.0
24949,10.0
24950,10.0
24951,10.0
24952,10.0
24953,10.0
24954,10.0
24955,10.0
24956,10.0
24957,10.0
24958,10.0
24959,10.0
24960,10.0
24961,10.0
24962,10.0
24963,10.0
24964,10.0
24965,10.0
24966,10.0
24967,10.0
24968,10.0
24969,10.0
24970,10.0
24971,10.0
24972,10.0
24973,10.0
24974,10.0
24975,10.0
24976,10.0
24977,10.0
24978,10.0
24979,10.0
24980,10.0
24981,10.0
24982,10.0
24983,10.0
24984,10.0
24985,10.0
24986,10.0
24987,10.0
24988,10.0
24989,10.0
24990,10.0
24991,10.0
24992,10.0
24993,10.0
24994,10.0
24995,10.0
24996,10.0
24997,10.0
24998,10.0
24999,10.0
25000,10.0
25001,10.0
25002,11.0
25003,11.0
25004,12.0
25005,12.0
25006,12.0
25007,12.0
25008,12.0
25009,12.0
25010,12.0
25011,12.0
25012,12.0
25013,12.0
25014,12.0
25015,12.0
25016,12.0
25017,12.0
25018,12.0
25019,12.0
25020,12.0
25021,12.0
25022,12.0
25023,12.0
25024,12.0
25025,12.0
25026,12.0
25027,12.0
25028,12.0
25029,12.0
25030,12.0
25031,11.0
25032,11.0
25033,11.0
25034,12.0
25035,12.0
25036,12.0
25037,12.0
25038,12.0
25039,12.0
25040,12.0
25041,12.0
25042,12.0
25043,12.0
25044,12.0
25045,12.0
25046,12.0
25047,12.0
25048,12.0
25049,12.0
25050,12.0
25051,13.0
25052,13.0
25053,13.0
25054,13.0
25055,13.0
25056,13.0
25057,13.0
25058,13.0
25059,13.0
25060,13.0
25061,13.0
25062,13.0
25063,13.0
25064,13.0
25065,13.0
25066,13.0
25067,13.0
25068,13.0
25069,13.0
25070,13.0
25071,13.0
25072,13.0
25073,13.0
25074,13.0
25075,13.0
25076,13.0
25077,13.0
25078,13.0
25079,13.0
25080,13.0
25081,13.0
25082,13.0
25083,13.0
25084,12.0
25085,12.0
25086,12.0
25087,12.0
25088,12.0
25089,12.0
25090,12.0
25091,12.0
25092,12.0
25093,12.0
25094,12.0
25095,12.0
25096,12.0
25097,12.0
25098,12.0
25099,12.0
25100,12.0
25101,12.0
25102,12.0
25103,12.0
25104,12.0
25105,12.0
25106,12.0
25107,12.0
25108,12.0
25109,12.0
25110,12.0
25111,12.0
25112,12.0
25113,12.0
25114,12.0
25115,12.0
25116,12.0
25117,12.0
25118,12.0
25119,12.0
25120,12.0
25121,12.0
25122,12.0
25123,12.0
25124,12.0
25125,12.0
25126,12.0
25127,12.0
25128,12.0
25129,12.0
25130,12.0
25131,12.0
25132,12.0
25133,13.0
25134,13.0
25135,13.0
25136,13.0
25137,13.0
25138,13.0
25139,13.0
25140,13.0
25141,13.0
25142,13.0
25143,13.0
25144,14.0
25145,14.0
25146,14.0
25147,14.0
25148,14.0
25149,14.0
25150,14.0
25151,14.0
25152,14.0
25153,11.0
25154,11.0
25155,11.0
25156,11.0
25157,11.0
25158,11.0
25159,11.0
25160,11.0
25161,11.0
25162,11.0
25163,11.0
25164,11.0
25165,11.0
25166,11.0
25167,11.0
25168,11.0
25169,11.0
25170,11.0
25171,11.0
25172,11.0
25173,11.0
25174,11.0
25175,11.0
25176,11.0
25177,11.0
25178,11.0
25179,11.0
25180,11.0
25181,11.0
25182,11.0
25183,11.0
25184,11.0
25185,11.0
25186,11.0
25187,11.0
25188,11.0
25189,11.0
25190,11.0
25191,11.0
25192,11.0
25193,11.0
25194,11.0
25195,11.0
25196,11.0
25197,11.0
25198,11.0
25199,11.0
25200,11.0
25201,11.0
25202,11.0
25203,11.0
25204,11.0
25205,11.0
25206,11.0
25207,11.0
25208,11.0
25209,11.0
25210,11.0
25211,11.0
25212,11.0
25213,11.0
25214,11.0
25215,11.0
25216,11.0
25217,11.0
25218,11.0
25219,11.0
25220,11.0
25221,11.0
25222,11.0
25223,11.0
25224,11.0
25225,11.0
25226,11.0
25227,11.0
25228,11.0
25229,11.0
25230,11.0
25231,11.0
25232,11.0
25233,11.0
25234,11.0
25235,11.0
25236,11.0
25237,11.0
25238,11.0
25239,11.0
25240,11.0
25241,11.0
25242,11.0
25243,11.0
25244,11.0
25245,11.0
25246,11.0
25247,11.0
25248,11.0
25249,11.0
25250,11.0
25251,11.0
25252,11.0
25253,11.0
25254,11.0
25255,11.0
25256,11.0
25257,11.0
25258,11.0
25259,11.0
25260,11.0
25261,11.0
25262,11.0
25263,11.0
25264,11.0
25265,11.0
25266,11.0
25267,11.0
25268,11.0
25269,11.0
25270,11.0
25271,11.0
25272,11.0
25273,11.0
25274,11.0
25275,11.0
25276,11.0
25277,11.0
25278,11.0
25279,11.0
25280,11.0
25281,11.0
25282,11.0
25283,11.0
25284,11.0
25285,11.0
25286,11.0
25287,11.0
25288,11.0
25289,11.0
25290,11.0
25291,12.0
25292,12.0
25293,12.0
25294,12.0
25295,12.0
25296,12.0
25297,12.0
25298,12.0
25299,12.0
25300,12.0
25301,12.0
25302,12.0
25303,12.0
25304,12.0
25305,12.0
25306,12.0
25307,12.0
25308,12.0
25309,12.0
25310,12.0
25311,12.0
25312,12.0
25313,12.0
25314,13.0
25315,13.0
25316,13.0
25317,13.0
25318,13.0
25319,13.0
25320,13.0
25321,12.0
25322,12.0
25323,12.0
25324,12.0
25325,12.0
25326,12.0
25327,12.0
25328,12.0
25329,12.0
25330,12.0
25331,12.0
25332,12.0
25333,12.0
25334,12.0
25335,12.0
25336,12.0
25337,12.0
25338,12.0
25339,12.0
25340,12.0
25341,12.0
25342,12.0
25343,12.0
25344,12.0
25345,12.0
25346,12.0
25347,12.0
25348,12.0
25349,12.0
25350,12.0
25351,12.0
25352,12.0
25353,12.0
25354,12.0
25355,12.0
25356,12.0
25357,12.0
25358,12.0
25359,12.0
25360,12.0
25361,12.0
25362,12.0
25363,12.0
25364,12.0
25365,12.0
25366,12.0
25367,12.0
25368,12.0
25369,12.0
25370,12.0
25371,12.0
25372,12.0
25373,12.0
25374,12.0
25375,12.0
25376,12.0
25377,12.0
25378,12.0
25379,12.0
25380,12.0
25381,12.0
25382,12.0
25383,12.0
25384,12.0
25385,12.0
25386,12.0
25387,12.0
25388,12.0
25389,12.0
25390,12.0
25391,12.0
25392,12.0
25393,13.0
25394,13.0
25395,13.0
25396,13.0
25397,13.0
25398,13.0
25399,13.0
25400,13.0
25401,13.0
25402,13.0
25403,13.0
25404,13.0
25405,13.0
25406,13.0
25407,13.0
25408,13.0
25409,13.0
25410,13.0
25411,13.0
25412,13.0
25413,13.0
25414,13.0
25415,13.0
25416,13.0
25417,13.0
25418,13.0
25419,13.0
25420,13.0
25421,13.0
25422,13.0
25423,13.0
25424,13.0
25425,13.0
25426,13.0
25427,13.0
25428,13.0
25429,13.0
25430,13.0
25431,13.0
25432,13.0
25433,13.0
25434,13.0
25435,13.0
25436,13.0
25437,13.0
25438,13.0
25439,13.0
25440,13.0
25441,13.0
25442,13.0
25443,12.0
25444,12.0
25445,12.0
25446,12.0
25447,12.0
25448,12.0
25449,12.0
25450,12.0
25451,12.0
25452,12.0
25453,12.0
25454,12.0
25455,12.0
25456,13.0
25457,13.0
25458,13.0
25459,13.0
25460,13.0
25461,13.0
25462,13.0
25463,13.0
25464,13.0
25465,13.0
25466,13.0
25467,13.0
25468,13.0
25469,13.0
25470,13.0
25471,13.0
25472,13.0
25473,13.0
25474,13.0
25475,13.0
25476,13.0
25477,13.0
25478,13.0
25479,13.0
25480,13.0
25481,13.0
25482,13.0
25483,13.0
25484,13.0
25485,13.0
25486,13.0
25487,13.0
25488,13.0
25489,13.0
25490,13.0
25491,13.0
25492,13.0
25493,13.0
25494,13.0
25495,13.0
25496,13.0
25497,13.0
25498,13.0
25499,13.0
25500,13.0
25501,13.0
25502,13.0
25503,13.0
25504,13.0
25505,13.0
25506,13.0
25507,13.0
25508,13.0
25509,13.0
25510,13.0
25511,13.0
25512,13.0
25513,13.0
25514,13.0
25515,13.0
25516,13.0
25517,14.0
25518,14.0
25519,14.0
25520,14.0
25521,14.0
25522,14.0
25523,14.0
25524,14.0
25525,15.0
25526,15.0
25527,14.0
25528,14.0
25529,14.0
25530,14.0
25531,14.0
25532,14.0
25533,14.0
25534,15.0
25535,15.0
25536,15.0
25537,15.0
25538,15.0
25539,15.0
25540,15.0
25541,15.0
25542,15.0
25543,15.0
25544,15.0
25545,15.0
25546,15.0
25547,15.0
25548,15.0
25549,15.0
25550,15.0
25551,15.0
25552,15.0
25553,15.0
25554,15.0
25555,15.0
25556,15.0
25557,15.0
25558,14.0
25559,14.0
25560,14.0
25561,14.0
25562,14.0
25563,14.0
25564,14.0
25565,14.0
25566,14.0
25567,14.0
25568,14.0
25569,14.0
25570,14.0
25571,14.0
25572,14.0
25573,14.0
25574,14.0
25575,14.0
25576,14.0
25577,14.0
25578,14.0
25579,14.0
25580,14.0
25581,14.0
25582,14.0
25583,14.0
25584,14.0
25585,14.0
25586,14.0
25587,14.0
25588,14.0
25589,14.0
25590,14.0
25591,14.0
25592,14.0
25593,14.0
25594,14.0
25595,14.0
25596,14.0
25597,14.0
25598,14.0
25599,14.0
25600,14.0
25601,14.0
25602,14.0
25603,14.0
25604,14.0
25605,14.0
25606,14.0
25607,14.0
25608,14.0
25609,14.0
25610,14.0
25611,14.0
25612,14.0
25613,14.0
25614,14.0
25615,14.0
25616,14.0
25617,14.0
25618,14.0
25619,14.0
25620,14.0
25621,15.0
25622,15.0
25623,15.0
25624,15.0
25625,15.0
25626,15.0
25627,15.0
25628,15.0
25629,15.0
25630,15.0
25631,15.0
25632,15.0
25633,15.0
25634,15.0
25635,15.0
25636,15.0
25637,15.0
25638,15.0
25639,15.0
25640,15.0
25641,15.0
25642,15.0
25643,15.0
25644,15.0
25645,15.0
25646,15.0
25647,15.0
25648,15.0
25649,15.0
25650,15.0
25651,15.0
25652,15.0
25653,15.0
25654,15.0
25655,15.0
25656,15.0
25657,15.0
25658,15.0
25659,15.0
25660,15.0
25661,15.0
25662,15.0
25663,15.0
25664,15.0
25665,15.0
25666,15.0
25667,15.0
25668,15.0
25669,15.0
25670,15.0
25671,15.0
25672,15.0
25673,15.0
25674,15.0
25675,15.0
25676,15.0
25677,15.0
25678,15.0
25679,15.0
25680,15.0
25681,15.0
25682,15.0
25683,15.0
25684,15.0
25685,15.0
25686,15.0
25687,15.0
25688,15.0
25689,15.0
25690,15.0
25691,15.0
25692,15.0
25693,15.0
25694,15.0
25695,15.0
25696,15.0
25697,15.0
25698,15.0
25699,15.0
25700,15.0
25701,15.0
25702,15.0
25703,14.0
25704,14.0
25705,14.0
25706,14.0
25707,14.0
25708,14.0
25709,14.0
25710,14.0
25711,14.0
25712,14.0
25713,14.0
25714,14.0
25715,14.0
25716,14.0
25717,14.0
25718,14.0
25719,14.0
25720,14.0
25721,14.0
25722,14.0
25723,12.0
25724,12.0
25725,12.0
25726,12.0
25727,12.0
25728,12.0
25729,12.0
25730,12.0
25731,12.0
25732,12.0
25733,12.0
25734,12.0
25735,12.0
25736,12.0
25737,12.0
25738,12.0
25739,12.0
25740,12.0
25741,12.0
25742,12.0
25743,12.0
25744,12.0
25745,12.0
25746,12.0
25747,12.0
25748,12.0
25749,12.0
25750,12.0
25751,12.0
25752,12.0
25753,12.0
25754,12.0
25755,12.0
25756,12.0
25757,12.0
25758,12.0
25759,12.0
25760,12.0
25761,12.0
25762,12.0
25763,12.0
25764,12.0
25765,12.0
25766,12.0
25767,12.0
25768,12.0
25769,12.0
25770,12.0
25771,12.0
25772,12.0
25773,12.0
25774,12.0
25775,12.0
25776,12.0
25777,12.0
25778,12.0
25779,12.0
25780,12.0
25781,12.0
25782,12.0
25783,12.0
25784,12.0
25785,12.0
25786,12.0
25787,12.0
25788,12.0
25789,12.0
25790,12.0
25791,12.0
25792,12.0
25793,12.0
25794,12.0
25795,12.0
25796,12.0
25797,12.0
25798,12.0
25799,12.0
25800,12.0
25801,12.0
25802,12.0
25803,12.0
25804,12.0
25805,12.0
25806,12.0
25807,12.0
25808,12.0
25809,12.0
25810,12.0
25811,12.0
25812,12.0
25813,12.0
25814,12.0
25815,12.0
25816,12.0
25817,12.0
25818,12.0
25819,11.0
25820,11.0
25821,11.0
25822,11.0
25823,11.0
25824,11.0
25825,11.0
25826,11.0
25827,11.0
25828,11.0
25829,11.0
25830,11.0
25831,11.0
25832,11.0
25833,11.0
25834,11.0
25835,11.0
25836,11.0
25837,12.0
25838,12.0
25839,12.0
25840,12.0
25841,12.0
25842,12.0
25843,12.0
25844,12.0
25845,12.0
25846,12.0
25847,12.0
25848,12.0
25849,12.0
25850,12.0
25851,12.0
25852,12.0
25853,12.0
25854,12.0
25855,12.0
25856,12.0
25857,12.0
25858,12.0
25859,12.0
25860,12.0
25861,12.0
25862,12.0
25863,12.0
25864,12.0
25865,12.0
25866,12.0
25867,12.0
25868,12.0
25869,12.0
25870,12.0
25871,12.0
25872,13.0
25873,13.0
25874,13.0
25875,13.0
25876,13.0
25877,13.0
25878,12.0
25879,12.0
25880,12.0
25881,12.0
25882,12.0
25883,12.0
25884,12.0
25885,12.0
25886,12.0
25887,11.0
25888,11.0
25889,11.0
25890,11.0
25891,11.0
25892,11.0
25893,11.0
25894,11.0
25895,11.0
25896,11.0
25897,11.0
25898,11.0
25899,11.0
25900,11.0
25901,11.0
25902,11.0
25903,11.0
25904,11.0
25905,11.0
25906,11.0
25907,9.0
25908,9.0
25909,9.0
25910,9.0
25911,9.0
25912,9.0
25913,9.0
25914,9.0
25915,9.0
25916,9.0
25917,9.0
25918,9.0
25919,9.0
25920,9.0
25921,9.0
25922,9.0
25923,9.0
25924,8.0
25925,8.0
25926,8.0
25927,8.0
25928,8.0
25929,8.0
25930,8.0
25931,8.0
25932,8.0
25933,8.0
25934,8.0
25935,8.0
25936,8.0
25937,8.0
25938,8.0
25939,8.0
25940,8.0
25941,8.0
25942,8.0
25943,8.0
25944,8.0
25945,9.0
25946,9.0
25947,9.0
25948,9.0
25949,9.0
25950,9.0
25951,9.0
25952,9.0
25953,9.0
25954,9.0
25955,9.0
25956,9.0
25957,9.0
25958,9.0
25959,9.0
25960,9.0
25961,9.0
25962,9.0
25963,9.0
25964,9.0
25965,9.0
25966,9.0
25967,9.0
25968,9.0
25969,9.0
25970,9.0
25971,9.0
25972,9.0
25973,9.0
25974,9.0
25975,9.0
25976,9.0
25977,9.0
25978,9.0
25979,9.0
25980,9.0
25981,9.0
25982,9.0
25983,9.0
25984,9.0
25985,9.0
25986,9.0
25987,9.0
25988,9.0
25989,9.0
25990,9.0
25991,9.0
25992,9.0
25993,9.0
25994,9.0
25995,9.0
25996,9.0
25997,9.0
25998,9.0
25999,9.0
26000,9.0
26001,9.0
26002,9.0
26003,9.0
26004,9.0
26005,9.0
26006,10.0
26007,10.0
26008,10.0
26009,10.0
26010,10.0
26011,10.0
26012,10.0
26013,10.0
26014,10.0
26015,10.0
26016,10.0
26017,10.0
26018,10.0
26019,10.0
26020,10.0
26021,10.0
26022,10.0
26023,10.0
26024,10.0
26025,10.0
26026,10.0
26027,10.0
26028,10.0
26029,10.0
26030,10.0
26031,10.0
26032,10.0
26033,10.0
26034,10.0
26035,10.0
26036,10.0
26037,10.0
26038,10.0
26039,10.0
26040,10.0
26041,10.0
26042,10.0
26043,10.0
26044,10.0
26045,10.0
26046,10.0
26047,10.0
26048,10.0
26049,10.0
26050,10.0
26051,10.0
26052,10.0
26053,10.0
26054,10.0
26055,10.0
26056,10.0
26057,10.0
26058,10.0
26059,10.0
26060,10.0
26061,10.0
26062,10.0
26063,10.0
26064,10.0
26065,10.0
26066,10.0
26067,10.0
26068,10.0
26069,10.0
26070,10.0
26071,10.0
26072,10.0
26073,10.0
26074,10.0
26075,10.0
26076,10.0
26077,10.0
26078,10.0
26079,10.0
26080,10.0
26081,11.0
26082,11.0
26083,11.0
26084,11.0
26085,11.0
26086,11.0
26087,11.0
26088,11.0
26089,11.0
26090,11.0
26091,11.0
26092,11.0
26093,11.0
26094,11.0
26095,11.0
26096,11.0
26097,11.0
26098,11.0
26099,11.0
26100,11.0
26101,11.0
26102,11.0
26103,11.0
26104,11.0
26105,11.0
26106,11.0
26107,11.0
26108,11.0
26109,11.0
26110,11.0
26111,11.0
26112,11.0
26113,11.0
26114,11.0
26115,11.0
26116,11.0
26117,11.0
26118,11.0
26119,11.0
26120,11.0
26121,11.0
26122,11.0
26123,11.0
26124,11.0
26125,11.0
26126,11.0
26127,11.0
26128,11.0
26129,11.0
26130,11.0
26131,11.0
26132,11.0
26133,11.0
26134,11.0
26135,11.0
26136,11.0
26137,11.0
26138,11.0
26139,11.0
26140,11.0
26141,11.0
26142,11.0
26143,11.0
26144,11.0
26145,11.0
26146,11.0
26147,11.0
26148,12.0
26149,12.0
26150,12.0
26151,12.0
26152,12.0
26153,12.0
26154,12.0
26155,12.0
26156,12.0
26157,12.0
26158,12.0
26159,12.0
26160,12.0
26161,12.0
26162,12.0
26163,12.0
26164,12.0
26165,12.0
26166,12.0
26167,12.0
26168,12.0
26169,12.0
26170,11.0
26171,11.0
26172,11.0
26173,11.0
26174,11.0
26175,11.0
26176,11.0
26177,11.0
26178,11.0
26179,11.0
26180,11.0
26181,11.0
26182,11.0
26183,10.0
26184,10.0
26185,10.0
26186,10.0
26187,10.0
26188,10.0
26189,10.0
26190,10.0
26191,10.0
26192,10.0
26193,10.0
26194,10.0
26195,10.0
26196,10.0
26197,10.0
26198,10.0
26199,10.0
26200,10.0
26201,10.0
26202,10.0
26203,10.0
26204,10.0
26205,10.0
26206,10.0
26207,10.0
26208,10.0
26209,10.0
26210,10.0
26211,10.0
26212,10.0
26213,10.0
26214,10.0
26215,10.0
26216,10.0
26217,10.0
26218,10.0
26219,10.0
26220,10.0
26221,10.0
26222,10.0
26223,10.0
26224,10.0
26225,10.0
26226,10.0
26227,10.0
26228,10.0
26229,10.0
26230,10.0
26231,10.0
26232,10.0
26233,10.0
26234,10.0
26235,10.0
26236,10.0
26237,10.0
26238,10.0
26239,10.0
26240,10.0
26241,10.0
26242,10.0
26243,10.0
26244,10.0
26245,10.0
26246,10.0
26247,10.0
26248,10.0
26249,10.0
26250,10.0
26251,10.0
26252,10.0
26253,10.0
26254,10.0
26255,10.0
26256,10.0
26257,10.0
26258,10.0
26259,10.0
26260,10.0
26261,10.0
26262,10.0
26263,10.0
26264,10.0
26265,10.0
26266,10.0
26267,10.0
26268,10.0
26269,10.0
26270,10.0
26271,10.0
26272,10.0
26273,10.0
26274,10.0
26275,10.0
26276,10.0
26277,10.0
26278,10.0
26279,10.0
26280,10.0
26281,10.0
26282,10.0
26283,10.0
26284,10.0
26285,10.0
26286,10.0
26287,10.0
26288,10.0
26289,10.0
26290,10.0
26291,10.0
26292,10.0
26293,10.0
26294,10.0
26295,10.0
26296,10.0
26297,10.0
26298,10.0
26299,10.0
26300,10.0
26301,10.0
26302,10.0
26303,10.0
26304,10.0
26305,10.0
26306,10.0
26307,10.0
26308,10.0
26309,10.0
26310,10.0
26311,10.0
26312,10.0
26313,10.0
26314,10.0
26315,10.0
26316,10.0
26317,10.0
26318,10.0
26319,10.0
26320,10.0
26321,10.0
26322,10.0
26323,10.0
26324,10.0
26325,10.0
26326,10.0
26327,10.0
26328,10.0
26329,10.0
26330,10.0
26331,10.0
26332,10.0
26333,10.0
26334,10.0
26335,10.0
26336,10.0
26337,10.0
26338,10.0
26339,10.0
26340,10.0
26341,10.0
26342,10.0
26343,10.0
26344,10.0
26345,10.0
26346,10.0
26347,10.0
26348,10.0
26349,10.0
26350,10.0
26351,10.0
26352,10.0
26353,10.0
26354,10.0
26355,10.0
26356,10.0
26357,10.0
26358,10.0
26359,10.0
26360,8.0
26361,8.0
26362,8.0
26363,8.0
26364,8.0
26365,8.0
26366,8.0
26367,8.0
26368,8.0
26369,8.0
26370,8.0
26371,8.0
26372,8.0
26373,8.0
26374,8.0
26375,8.0
26376,8.0
26377,8.0
26378,8.0
26379,8.0
26380,8.0
26381,8.0
26382,8.0
26383,8.0
26384,8.0
26385,8.0
26386,8.0
26387,8.0
26388,8.0
26389,8.0
26390,8.0
26391,8.0
26392,8.0
26393,8.0
26394,8.0
26395,8.0
26396,8.0
26397,8.0
26398,9.0
26399,9.0
26400,9.0
26401,9.0
26402,9.0
26403,9.0
26404,9.0
26405,9.0
26406,9.0
26407,9.0
26408,9.0
26409,9.0
26410,9.0
26411,9.0
26412,9.0
26413,9.0
26414,9.0
26415,9.0
26416,9.0
26417,9.0
26418,9.0
26419,9.0
26420,9.0
26421,9.0
26422,9.0
26423,9.0
26424,9.0
26425,9.0
26426,9.0
26427,9.0
26428,9.0
26429,8.0
26430,8.0
26431,8.0
26432,8.0
26433,8.0
26434,8.0
26435,8.0
26436,8.0
26437,8.0
26438,8.0
26439,8.0
26440,8.0
26441,8.0
26442,8.0
26443,8.0
26444,8.0
26445,8.0
26446,8.0
26447,8.0
26448,8.0
26449,8.0
26450,8.0
26451,8.0
26452,8.0
26453,8.0
26454,8.0
26455,8.0
26456,8.0
26457,8.0
26458,8.0
26459,8.0
26460,8.0
26461,8.0
26462,8.0
26463,8.0
26464,8.0
26465,8.0
26466,8.0
26467,8.0
26468,8.0
26469,8.0
26470,8.0
26471,8.0
26472,8.0
26473,8.0
26474,8.0
26475,8.0
26476,8.0
26477,8.0
26478,8.0
26479,8.0
26480,8.0
26481,8.0
26482,8.0
26483,8.0
26484,8.0
26485,8.0
26486,8.0
26487,8.0
26488,8.0
26489,8.0
26490,8.0
26491,8.0
26492,8.0
26493,8.0
26494,9.0
26495,9.0
26496,9.0
26497,9.0
26498,9.0
26499,9.0
26500,9.0
26501,9.0
26502,9.0
26503,9.0
26504,9.0
26505,9.0
26506,9.0
26507,9.0
26508,9.0
26509,9.0
26510,9.0
26511,9.0
26512,9.0
26513,9.0
26514,9.0
26515,9.0
26516,9.0
26517,9.0
26518,9.0
26519,9.0
26520,9.0
26521,9.0
26522,9.0
26523,9.0
26524,9.0
26525,9.0
26526,9.0
26527,9.0
26528,9.0
26529,9.0
26530,9.0
26531,9.0
26532,9.0
26533,9.0
26534,9.0
26535,9.0
26536,9.0
26537,9.0
26538,9.0
26539,9.0
26540,9.0
26541,9.0
26542,9.0
26543,9.0
26544,9.0
26545,9.0
26546,9.0
26547,9.0
26548,9.0
26549,9.0
26550,9.0
26551,9.0
26552,9.0
26553,9.0
26554,9.0
26555,9.0
26556,9.0
26557,9.0
26558,9.0
26559,9.0
26560,9.0
26561,9.0
26562,9.0
26563,9.0
26564,9.0
26565,9.0
26566,9.0
26567,9.0
26568,9.0
26569,9.0
26570,9.0
26571,9.0
26572,9.0
26573,9.0
26574,9.0
26575,9.0
26576,9.0
26577,9.0
26578,9.0
26579,9.0
26580,9.0
26581,9.0
26582,9.0
26583,9.0
26584,9.0
26585,9.0
26586,9.0
26587,9.0
26588,9.0
26589,9.0
26590,9.0
26591,9.0
26592,9.0
26593,9.0
26594,9.0
26595,9.0
26596,9.0
26597,9.0
26598,9.0
26599,9.0
26600,9.0
26601,9.0
26602,9.0
26603,9.0
26604,9.0
26605,9.0
26606,9.0
26607,9.0
26608,9.0
26609,9.0
26610,9.0
26611,9.0
26612,9.0
26613,9.0
26614,9.0
26615,9.0
26616,9.0
26617,9.0
26618,9.0
26619,9.0
26620,9.0
26621,9.0
26622,9.0
26623,9.0
26624,9.0
26625,9.0
26626,9.0
26627,9.0
26628,9.0
26629,9.0
26630,9.0
26631,9.0
26632,9.0
26633,9.0
26634,9.0
26635,9.0
26636,9.0
26637,9.0
26638,9.0
26639,9.0
26640,8.0
26641,8.0
26642,8.0
26643,8.0
26644,8.0
26645,8.0
26646,8.0
26647,8.0
26648,8.0
26649,8.0
26650,8.0
26651,8.0
26652,8.0
26653,8.0
26654,8.0
26655,8.0
26656,8.0
26657,8.0
26658,7.0
26659,7.0
26660,7.0
26661,7.0
26662,7.0
26663,7.0
26664,7.0
26665,7.0
26666,7.0
26667,7.0
26668,7.0
26669,7.0
26670,7.0
26671,7.0
26672,7.0
26673,7.0
26674,7.0
26675,7.0
26676,7.0
26677,7.0
26678,7.0
26679,7.0
26680,7.0
26681,7.0
26682,7.0
26683,7.0
26684,7.0
26685,7.0
26686,7.0
26687,7.0
26688,7.0
26689,7.0
26690,7.0
26691,7.0
26692,7.0
26693,7.0
26694,7.0
26695,7.0
26696,7.0
26697,7.0
26698,7.0
26699,7.0
26700,7.0
26701,7.0
26702,7.0
26703,7.0
26704,7.0
26705,7.0
26706,7.0
26707,7.0
26708,7.0
26709,7.0
26710,7.0
26711,7.0
26712,7.0
26713,7.0
26714,7.0
26715,7.0
26716,7.0
26717,7.0
26718,7.0
26719,7.0
26720,7.0
26721,7.0
26722,7.0
26723,7.0
26724,7.0
26725,7.0
26726,7.0
26727,7.0
26728,7.0
26729,7.0
26730,7.0
26731,7.0
26732,7.0
26733,7.0
26734,7.0
26735,7.0
26736,7.0
26737,7.0
26738,7.0
26739,7.0
26740,7.0
26741,7.0
26742,7.0
26743,7.0
26744,7.0
26745,7.0
26746,7.0
26747,7.0
26748,7.0
26749,7.0
26750,7.0
26751,7.0
26752,7.0
26753,7.0
26754,7.0
26755,7.0
26756,7.0
26757,7.0
26758,7.0
26759,7.0
26760,7.0
26761,7.0
26762,7.0
26763,7.0
26764,7.0
26765,7.0
26766,7.0
26767,7.0
26768,7.0
26769,7.0
26770,7.0
26771,7.0
26772,7.0
26773,7.0
26774,7.0
26775,7.0
26776,7.0
26777,7.0
26778,7.0
26779,7.0
26780,7.0
26781,7.0
26782,7.0
26783,7.0
26784,7.0
26785,7.0
26786,7.0
26787,7.0
26788,7.0
26789,7.0
26790,7.0
26791,7.0
26792,7.0
26793,7.0
26794,7.0
26795,7.0
26796,7.0
26797,7.0
26798,7.0
26799,7.0
26800,7.0
26801,7.0
26802,7.0
26803,7.0
26804,7.0
26805,7.0
26806,7.0
26807,7.0
26808,7.0
26809,7.0
26810,7.0
26811,7.0
26812,7.0
26813,7.0
26814,7.0
26815,7.0
26816,7.0
26817,7.0
26818,7.0
26819,7.0
26820,7.0
26821,7.0
26822,7.0
26823,7.0
26824,7.0
26825,7.0
26826,7.0
26827,7.0
26828,7.0
26829,7.0
26830,7.0
26831,7.0
26832,7.0
26833,7.0
26834,7.0
26835,7.0
26836,7.0
26837,7.0
26838,7.0
26839,7.0
26840,7.0
26841,7.0
26842,7.0
26843,7.0
26844,7.0
26845,7.0
26846,7.0
26847,7.0
26848,7.0
26849,7.0
26850,7.0
26851,7.0
26852,7.0
26853,7.0
26854,7.0
26855,7.0
26856,7.0
26857,7.0
26858,7.0
26859,7.0
26860,7.0
26861,7.0
26862,7.0
26863,7.0
26864,7.0
26865,7.0
26866,7.0
26867,7.0
26868,7.0
26869,7.0
26870,7.0
26871,7.0
26872,7.0
26873,7.0
26874,7.0
26875,7.0
26876,7.0
26877,8.0
26878,8.0
26879,8.0
26880,8.0
26881,8.0
26882,8.0
26883,8.0
26884,9.0
26885,9.0
26886,9.0
26887,9.0
26888,9.0
26889,9.0
26890,9.0
26891,9.0
26892,9.0
26893,8.0
26894,8.0
26895,8.0
26896,8.0
26897,8.0
26898,8.0
26899,8.0
26900,8.0
26901,8.0
26902,8.0
26903,8.0
26904,8.0
26905,8.0
26906,8.0
26907,8.0
26908,8.0
26909,8.0
26910,8.0
26911,8.0
26912,8.0
26913,8.0
26914,8.0
26915,8.0
26916,8.0
26917,8.0
26918,8.0
26919,8.0
26920,8.0
26921,8.0
26922,8.0
26923,8.0
26924,8.0
26925,8.0
26926,8.0
26927,8.0
26928,8.0
26929,8.0
26930,8.0
26931,8.0
26932,8.0
26933,8.0
26934,8.0
26935,8.0
26936,8.0
26937,8.0
26938,8.0
26939,8.0
26940,8.0
26941,8.0
26942,8.0
26943,8.0
26944,8.0
26945,8.0
26946,8.0
26947,8.0
26948,8.0
26949,8.0
26950,8.0
26951,8.0
26952,8.0
26953,8.0
26954,8.0
26955,8.0
26956,8.0
26957,8.0
26958,8.0
26959,8.0
26960,8.0
26961,8.0
26962,8.0
26963,8.0
26964,8.0
26965,8.0
26966,8.0
26967,8.0
26968,8.0
26969,8.0
26970,8.0
26971,8.0
26972,8.0
26973,8.0
26974,8.0
26975,8.0
26976,8.0
26977,8.0
26978,8.0
26979,8.0
26980,8.0
26981,8.0
26982,8.0
26983,8.0
26984,8.0
26985,8.0
26986,7.0
26987,7.0
26988,7.0
26989,7.0
26990,7.0
26991,7.0
26992,7.0
26993,7.0
26994,7.0
26995,7.0
26996,7.0
26997,7.0
26998,7.0
26999,7.0
27000,7.0
27001,7.0
27002,7.0
27003,7.0
27004,7.0
27005,7.0
27006,7.0
27007,7.0
27008,7.0
27009,7.0
27010,7.0
27011,7.0
27012,7.0
27013,7.0
27014,7.0
27015,7.0
27016,7.0
27017,7.0
27018,7.0
27019,7.0
27020,7.0
27021,7.0
27022,7.0
27023,7.0
27024,7.0
27025,7.0
27026,7.0
27027,7.0
27028,7.0
27029,7.0
27030,7.0
27031,7.0
27032,7.0
27033,7.0
27034,7.0
27035,7.0
27036,7.0
27037,7.0
27038,7.0
27039,7.0
27040,7.0
27041,7.0
27042,7.0
27043,7.0
27044,7.0
27045,7.0
27046,7.0
27047,7.0
27048,7.0
27049,7.0
27050,7.0
27051,7.0
27052,7.0
27053,7.0
27054,7.0
27055,7.0
27056,7.0
27057,7.0
27058,7.0
27059,7.0
27060,7.0
27061,7.0
27062,7.0
27063,7.0
27064,7.0
27065,7.0
27066,7.0
27067,7.0
27068,7.0
27069,7.0
27070,7.0
27071,7.0
27072,7.0
27073,7.0
27074,7.0
27075,7.0
27076,7.0
27077,7.0
27078,7.0
27079,7.0
27080,7.0
27081,7.0
27082,7.0
27083,7.0
27084,7.0
27085,7.0
27086,7.0
27087,7.0
27088,7.0
27089,7.0
27090,7.0
27091,7.0
27092,7.0
27093,7.0
27094,7.0
27095,7.0
27096,7.0
27097,7.0
27098,7.0
27099,7.0
27100,7.0
27101,7.0
27102,7.0
27103,7.0
27104,7.0
27105,7.0
27106,7.0
27107,7.0
27108,7.0
27109,7.0
27110,7.0
27111,7.0
27112,7.0
27113,7.0
27114,7.0
27115,7.0
27116,7.0
27117,7.0
27118,7.0
27119,7.0
27120,7.0
27121,7.0
27122,7.0
27123,7.0
27124,7.0
27125,7.0
27126,7.0
27127,7.0
27128,7.0
27129,7.0
27130,7.0
27131,7.0
27132,7.0
27133,7.0
27134,7.0
27135,7.0
27136,7.0
27137,7.0
27138,7.0
27139,8.0
27140,8.0
27141,8.0
27142,8.0
27143,8.0
27144,8.0
27145,8.0
27146,8.0
27147,8.0
27148,8.0
27149,8.0
27150,8.0
27151,8.0
27152,8.0
27153,8.0
27154,8.0
27155,8.0
27156,8.0
27157,8.0
27158,8.0
27159,8.0
27160,8.0
27161,8.0
27162,8.0
27163,8.0
27164,8.0
27165,8.0
27166,8.0
27167,8.0
27168,8.0
27169,8.0
27170,8.0
27171,8.0
27172,8.0
27173,8.0
27174,8.0
27175,8.0
27176,8.0
27177,8.0
27178,8.0
27179,8.0
27180,8.0
27181,8.0
27182,8.0
27183,8.0
27184,8.0
27185,8.0
27186,8.0
27187,8.0
27188,8.0
27189,8.0
27190,8.0
27191,8.0
27192,8.0
27193,8.0
27194,8.0
27195,8.0
27196,8.0
27197,8.0
27198,8.0
27199,8.0
27200,8.0
27201,8.0
27202,8.0
27203,8.0
27204,8.0
27205,8.0
27206,8.0
27207,8.0
27208,8.0
27209,8.0
27210,8.0
27211,8.0
27212,8.0
27213,8.0
27214,8.0
27215,8.0
27216,8.0
27217,8.0
27218,8.0
27219,8.0
27220,8.0
27221,8.0
27222,8.0
27223,8.0
27224,8.0
27225,8.0
27226,8.0
27227,8.0
27228,8.0
27229,8.0
27230,8.0
27231,8.0
27232,8.0
27233,8.0
27234,8.0
27235,8.0
27236,8.0
27237,8.0
27238,8.0
27239,8.0
27240,8.0
27241,8.0
27242,8.0
27243,8.0
27244,8.0
27245,8.0
27246,8.0
27247,8.0
27248,8.0
27249,8.0
27250,8.0
27251,8.0
27252,8.0
27253,8.0
27254,8.0
27255,8.0
27256,8.0
27257,8.0
27258,8.0
27259,8.0
27260,8.0
27261,8.0
27262,8.0
27263,8.0
27264,8.0
27265,8.0
27266,8.0
27267,8.0
27268,8.0
27269,8.0
27270,8.0
27271,8.0
27272,8.0
27273,8.0
27274,8.0
27275,8.0
27276,8.0
27277,8.0
27278,8.0
27279,8.0
27280,8.0
27281,8.0
27282,8.0
27283,8.0
27284,8.0
27285,8.0
27286,8.0
27287,8.0
27288,8.0
27289,8.0
27290,8.0
27291,8.0
27292,8.0
27293,8.0
27294,8.0
27295,8.0
27296,8.0
27297,8.0
27298,8.0
27299,8.0
27300,8.0
27301,8.0
27302,8.0
27303,8.0
27304,8.0
27305,8.0
27306,8.0
27307,8.0
27308,8.0
27309,8.0
27310,8.0
27311,8.0
27312,8.0
27313,8.0
27314,8.0
27315,8.0
27316,8.0
27317,8.0
27318,8.0
27319,8.0
27320,8.0
27321,8.0
27322,8.0
27323,8.0
27324,8.0
27325,8.0
27326,8.0
27327,8.0
27328,8.0
27329,8.0
27330,8.0
27331,8.0
27332,8.0
27333,8.0
27334,8.0
27335,8.0
27336,8.0
27337,8.0
27338,8.0
27339,8.0
27340,8.0
27341,8.0
27342,8.0
27343,8.0
27344,8.0
27345,8.0
27346,8.0
27347,8.0
27348,8.0
27349,8.0
27350,8.0
27351,8.0
27352,8.0
27353,8.0
27354,8.0
27355,8.0
27356,8.0
27357,8.0
27358,8.0
27359,8.0
27360,8.0
27361,8.0
27362,8.0
27363,8.0
27364,8.0
27365,8.0
27366,8.0
27367,8.0
27368,8.0
27369,8.0
27370,8.0
27371,8.0
27372,8.0
27373,8.0
27374,8.0
27375,8.0
27376,8.0
27377,8.0
27378,8.0
27379,8.0
27380,8.0
27381,8.0
27382,8.0
27383,8.0
27384,8.0
27385,8.0
27386,8.0
27387,8.0
27388,8.0
27389,8.0
27390,8.0
27391,8.0
27392,8.0
27393,8.0
27394,8.0
27395,8.0
27396,8.0
27397,8.0
27398,8.0
27399,8.0
27400,8.0
27401,8.0
27402,8.0
27403,8.0
27404,8.0
27405,8.0
27406,8.0
27407,8.0
27408,8.0
27409,8.0
27410,8.0
27411,8.0
27412,8.0
27413,8.0
27414,8.0
27415,8.0
27416,8.0
27417,8.0
27418,8.0
27419,8.0
27420,8.0
27421,8.0
27422,8.0
27423,8.0
27424,8.0
27425,8.0
27426,8.0
27427,8.0
27428,8.0
27429,8.0
27430,8.0
27431,8.0
27432,8.0
27433,8.0
27434,8.0
27435,8.0
27436,8.0
27437,8.0
27438,8.0
27439,8.0
27440,8.0
27441,8.0
27442,8.0
27443,8.0
27444,8.0
27445,8.0
27446,8.0
27447,8.0
27448,8.0
27449,8.0
27450,8.0
27451,8.0
27452,8.0
27453,8.0
27454,8.0
27455,8.0
27456,8.0
27457,8.0
27458,8.0
27459,8.0
27460,8.0
27461,8.0
27462,8.0
27463,8.0
27464,8.0
27465,8.0
27466,8.0
27467,8.0
27468,8.0
27469,8.0
27470,8.0
27471,8.0
27472,8.0
27473,8.0
27474,8.0
27475,8.0
27476,8.0
27477,8.0
27478,8.0
27479,8.0
27480,8.0
27481,8.0
27482,8.0
27483,8.0
27484,8.0
27485,8.0
27486,8.0
27487,8.0
27488,8.0
27489,8.0
27490,8.0
27491,8.0
27492,8.0
27493,8.0
27494,8.0
27495,8.0
27496,8.0
27497,8.0
27498,8.0
27499,8.0
27500,8.0
27501,8.0
27502,8.0
27503,8.0
27504,8.0
27505,8.0
27506,8.0
27507,8.0
27508,8.0
27509,8.0
27510,8.0
27511,8.0
27512,8.0
27513,8.0
27514,8.0
27515,8.0
27516,8.0
27517,8.0
27518,8.0
27519,8.0
27520,8.0
27521,8.0
27522,8.0
27523,8.0
27524,8.0
27525,8.0
27526,8.0
27527,8.0
27528,8.0
27529,8.0
27530,8.0
27531,8.0
27532,8.0
27533,8.0
27534,8.0
27535,8.0
27536,8.0
27537,8.0
27538,8.0
27539,8.0
27540,8.0
27541,8.0
27542,8.0
27543,8.0
27544,8.0
27545,8.0
27546,8.0
27547,8.0
27548,8.0
27549,8.0
27550,8.0
27551,8.0
27552,8.0
27553,8.0
27554,8.0
27555,8.0
27556,8.0
27557,9.0
27558,9.0
27559,9.0
27560,9.0
27561,9.0
27562,9.0
27563,9.0
27564,9.0
27565,9.0
27566,9.0
27567,9.0
27568,9.0
27569,9.0
27570,9.0
27571,9.0
27572,9.0
27573,9.0
27574,9.0
27575,9.0
27576,9.0
27577,9.0
27578,9.0
27579,9.0
27580,9.0
27581,9.0
27582,9.0
27583,9.0
27584,9.0
27585,8.0
27586,8.0
27587,8.0
27588,8.0
27589,8.0
27590,8.0
27591,8.0
27592,8.0
27593,8.0
27594,8.0
27595,8.0
27596,8.0
27597,8.0
27598,8.0
27599,8.0
27600,8.0
27601,8.0
27602,8.0
27603,8.0
27604,8.0
27605,8.0
27606,8.0
27607,8.0
27608,8.0
27609,8.0
27610,8.0
27611,8.0
27612,8.0
27613,8.0
27614,8.0
27615,8.0
27616,8.0
27617,8.0
27618,8.0
27619,8.0
27620,8.0
27621,8.0
27622,8.0
27623,8.0
27624,8.0
27625,8.0
27626,8.0
27627,8.0
27628,8.0
27629,8.0
27630,8.0
27631,8.0
27632,8.0
27633,8.0
27634,8.0
27635,8.0
27636,8.0
27637,8.0
27638,8.0
27639,8.0
27640,8.0
27641,8.0
27642,8.0
27643,8.0
27644,8.0
27645,8.0
27646,8.0
27647,8.0
27648,8.0
27649,8.0
27650,8.0
27651,8.0
27652,8.0
27653,8.0
27654,8.0
27655,8.0
27656,8.0
27657,8.0
27658,8.0
27659,8.0
27660,7.0
27661,7.0
27662,7.0
27663,7.0
27664,7.0
27665,7.0
27666,7.0
27667,7.0
27668,7.0
27669,7.0
27670,7.0
27671,7.0
27672,7.0
27673,7.0
27674,7.0
27675,7.0
27676,7.0
27677,7.0
27678,7.0
27679,7.0
27680,7.0
27681,7.0
27682,7.0
27683,7.0
27684,7.0
27685,7.0
27686,7.0
27687,7.0
27688,7.0
27689,7.0
27690,7.0
27691,7.0
27692,7.0
27693,7.0
27694,7.0
27695,7.0
27696,7.0
27697,7.0
27698,7.0
27699,7.0
27700,7.0
27701,7.0
27702,7.0
27703,7.0
27704,7.0
27705,7.0
27706,7.0
27707,7.0
27708,7.0
27709,7.0
27710,7.0
27711,7.0
27712,7.0
27713,7.0
27714,7.0
27715,7.0
27716,7.0
27717,7.0
27718,7.0
27719,7.0
27720,7.0
27721,7.0
27722,7.0
27723,7.0
27724,7.0
27725,7.0
27726,7.0
27727,7.0
27728,7.0
27729,7.0
27730,7.0
27731,7.0
27732,7.0
27733,7.0
27734,7.0
27735,8.0
27736,8.0
27737,8.0
27738,8.0
27739,8.0
27740,8.0
27741,8.0
27742,8.0
27743,7.0
27744,7.0
27745,7.0
27746,7.0
27747,7.0
27748,7.0
27749,7.0
27750,7.0
27751,7.0
27752,8.0
27753,8.0
27754,8.0
27755,8.0
27756,8.0
27757,8.0
27758,8.0
27759,8.0
27760,8.0
27761,8.0
27762,8.0
27763,8.0
27764,8.0
27765,8.0
27766,8.0
27767,8.0
27768,8.0
27769,8.0
27770,8.0
27771,8.0
27772,8.0
27773,8.0
27774,8.0
27775,8.0
27776,8.0
27777,8.0
27778,8.0
27779,7.0
27780,7.0
27781,7.0
27782,7.0
27783,7.0
27784,7.0
27785,7.0
27786,7.0
27787,7.0
27788,7.0
27789,7.0
27790,7.0
27791,7.0
27792,7.0
27793,7.0
27794,7.0
27795,7.0
27796,7.0
27797,7.0
27798,7.0
27799,7.0
27800,7.0
27801,7.0
27802,7.0
27803,7.0
27804,7.0
27805,7.0
27806,7.0
27807,7.0
27808,7.0
27809,7.0
27810,7.0
27811,7.0
27812,7.0
27813,7.0
27814,7.0
27815,7.0
27816,7.0
27817,7.0
27818,7.0
27819,7.0
27820,7.0
27821,7.0
27822,7.0
27823,7.0
27824,7.0
27825,7.0
27826,7.0
27827,7.0
27828,7.0
27829,7.0
27830,7.0
27831,7.0
27832,7.0
27833,7.0
27834,7.0
27835,7.0
27836,7.0
27837,7.0
27838,7.0
27839,7.0
27840,7.0
27841,7.0
27842,7.0
27843,7.0
27844,7.0
27845,7.0
27846,7.0
27847,7.0
27848,7.0
27849,7.0
27850,7.0
27851,7.0
27852,7.0
27853,7.0
27854,7.0
27855,7.0
27856,7.0
27857,7.0
27858,7.0
27859,7.0
27860,7.0
27861,7.0
27862,7.0
27863,7.0
27864,7.0
27865,7.0
27866,7.0
27867,7.0
27868,7.0
27869,7.0
27870,7.0
27871,7.0
27872,7.0
27873,7.0
27874,7.0
27875,7.0
27876,7.0
27877,7.0
27878,7.0
27879,7.0
27880,7.0
27881,7.0
27882,7.0
27883,7.0
27884,7.0
27885,7.0
27886,7.0
27887,7.0
27888,7.0
27889,7.0
27890,7.0
27891,7.0
27892,7.0
27893,7.0
27894,7.0
27895,7.0
27896,7.0
27897,7.0
27898,7.0
27899,7.0
27900,7.0
27901,7.0
27902,7.0
27903,7.0
27904,7.0
27905,7.0
27906,7.0
27907,7.0
27908,7.0
27909,7.0
27910,7.0
27911,7.0
27912,7.0
27913,7.0
27914,7.0
27915,7.0
27916,7.0
27917,7.0
27918,7.0
27919,7.0
27920,7.0
27921,7.0
27922,7.0
27923,7.0
27924,7.0
27925,7.0
27926,7.0
27927,7.0
27928,7.0
27929,7.0
27930,7.0
27931,7.0
27932,7.0
27933,7.0
27934,7.0
27935,7.0
27936,7.0
27937,7.0
27938,7.0
27939,7.0
27940,7.0
27941,7.0
27942,7.0
27943,7.0
27944,7.0
27945,7.0
27946,7.0
27947,7.0
27948,7.0
27949,7.0
27950,7.0
27951,7.0
27952,7.0
27953,7.0
27954,7.0
27955,7.0
27956,7.0
27957,7.0
27958,7.0
27959,7.0
27960,7.0
27961,7.0
27962,7.0
27963,7.0
27964,7.0
27965,7.0
27966,7.0
27967,7.0
27968,7.0
27969,7.0
27970,7.0
27971,7.0
27972,7.0
27973,7.0
27974,7.0
27975,7.0
27976,7.0
27977,7.0
27978,7.0
27979,7.0
27980,7.0
27981,7.0
27982,7.0
27983,7.0
27984,7.0
27985,7.0
27986,7.0
27987,8.0
27988,8.0
27989,8.0
27990,8.0
27991,8.0
27992,8.0
27993,8.0
27994,8.0
27995,8.0
27996,8.0
27997,8.0
27998,8.0
27999,8.0
28000,8.0
28001,8.0
28002,8.0
28003,8.0
28004,8.0
28005,8.0
28006,8.0
28007,8.0
28008,8.0
28009,8.0
28010,8.0
28011,8.0
28012,8.0
28013,8.0
28014,8.0
28015,8.0
28016,8.0
28017,8.0
28018,8.0
28019,8.0
28020,8.0
28021,8.0
28022,8.0
28023,8.0
28024,8.0
28025,8.0
28026,8.0
28027,8.0
28028,8.0
28029,8.0
28030,8.0
28031,8.0
28032,8.0
28033,8.0
28034,8.0
28035,8.0
28036,8.0
28037,8.0
28038,8.0
28039,8.0
28040,8.0
28041,8.0
28042,8.0
28043,8.0
28044,8.0
28045,8.0
28046,8.0
28047,8.0
28048,8.0
28049,8.0
28050,8.0
28051,8.0
28052,8.0
28053,8.0
28054,8.0
28055,8.0
28056,8.0
28057,8.0
28058,8.0
28059,8.0
28060,8.0
28061,8.0
28062,8.0
28063,8.0
28064,8.0
28065,8.0
28066,8.0
28067,8.0
28068,8.0
28069,8.0
28070,8.0
28071,8.0
28072,8.0
28073,8.0
28074,9.0
28075,9.0
28076,8.0
28077,8.0
28078,8.0
28079,8.0
28080,8.0
28081,8.0
28082,8.0
28083,8.0
28084,8.0
28085,8.0
28086,8.0
28087,8.0
28088,8.0
28089,8.0
28090,8.0
28091,8.0
28092,8.0
28093,8.0
28094,8.0
28095,8.0
28096,8.0
28097,8.0
28098,8.0
28099,8.0
28100,8.0
28101,8.0
28102,7.0
28103,7.0
28104,7.0
28105,7.0
28106,7.0
28107,7.0
28108,7.0
28109,7.0
28110,7.0
28111,7.0
28112,7.0
28113,7.0
28114,7.0
28115,7.0
28116,7.0
28117,7.0
28118,7.0
28119,7.0
28120,7.0
28121,7.0
28122,7.0
28123,7.0
28124,7.0
28125,7.0
28126,7.0
28127,7.0
28128,7.0
28129,7.0
28130,7.0
28131,7.0
28132,8.0
28133,8.0
28134,8.0
28135,8.0
28136,8.0
28137,8.0
28138,8.0
28139,8.0
28140,8.0
28141,8.0
28142,8.0
28143,8.0
28144,8.0
28145,8.0
28146,8.0
28147,8.0
28148,8.0
28149,8.0
28150,8.0
28151,8.0
28152,8.0
28153,8.0
28154,8.0
28155,8.0
28156,8.0
28157,8.0
28158,8.0
28159,8.0
28160,8.0
28161,8.0
28162,8.0
28163,8.0
28164,8.0
28165,8.0
28166,8.0
28167,8.0
28168,8.0
28169,8.0
28170,8.0
28171,8.0
28172,8.0
28173,8.0
28174,8.0
28175,8.0
28176,8.0
28177,8.0
28178,8.0
28179,8.0
28180,8.0
28181,8.0
28182,8.0
28183,8.0
28184,8.0
28185,8.0
28186,8.0
28187,8.0
28188,8.0
28189,8.0
28190,8.0
28191,8.0
28192,8.0
28193,8.0
28194,8.0
28195,8.0
28196,8.0
28197,8.0
28198,8.0
28199,8.0
28200,8.0
28201,8.0
28202,8.0
28203,8.0
28204,8.0
28205,8.0
28206,8.0
28207,8.0
28208,8.0
28209,8.0
28210,8.0
28211,8.0
28212,8.0
28213,8.0
28214,8.0
28215,8.0
28216,8.0
28217,8.0
28218,8.0
28219,8.0
28220,8.0
28221,8.0
28222,8.0
28223,8.0
28224,8.0
28225,8.0
28226,8.0
28227,8.0
28228,8.0
28229,8.0
28230,8.0
28231,8.0
28232,8.0
28233,8.0
28234,8.0
28235,8.0
28236,8.0
28237,8.0
28238,8.0
28239,8.0
28240,8.0
28241,8.0
28242,8.0
28243,8.0
28244,8.0
28245,8.0
28246,8.0
28247,8.0
28248,8.0
28249,8.0
28250,8.0
28251,8.0
28252,8.0
28253,8.0
28254,8.0
28255,8.0
28256,8.0
28257,8.0
28258,8.0
28259,8.0
28260,8.0
28261,8.0
28262,8.0
28263,8.0
28264,8.0
28265,8.0
28266,8.0
28267,8.0
28268,8.0
28269,8.0
28270,8.0
28271,8.0
28272,8.0
28273,8.0
28274,8.0
28275,8.0
28276,8.0
28277,8.0
28278,8.0
28279,8.0
28280,8.0
28281,8.0
28282,8.0
28283,8.0
28284,8.0
28285,8.0
28286,8.0
28287,8.0
28288,8.0
28289,8.0
28290,8.0
28291,8.0
28292,8.0
28293,8.0
28294,8.0
28295,8.0
28296,8.0
28297,8.0
28298,8.0
28299,8.0
28300,8.0
28301,8.0
28302,8.0
28303,8.0
28304,8.0
28305,8.0
28306,8.0
28307,8.0
28308,8.0
28309,8.0
28310,8.0
28311,8.0
28312,8.0
28313,8.0
28314,8.0
28315,8.0
28316,8.0
28317,8.0
28318,8.0
28319,8.0
28320,8.0
28321,8.0
28322,8.0
28323,8.0
28324,8.0
28325,8.0
28326,8.0
28327,8.0
28328,8.0
28329,8.0
28330,8.0
28331,8.0
28332,8.0
28333,8.0
28334,8.0
28335,8.0
28336,8.0
28337,8.0
28338,8.0
28339,8.0
28340,8.0
28341,8.0
28342,8.0
28343,8.0
28344,8.0
28345,8.0
28346,8.0
28347,8.0
28348,8.0
28349,8.0
28350,8.0
28351,8.0
28352,8.0
28353,8.0
28354,8.0
28355,8.0
28356,8.0
28357,8.0
28358,8.0
28359,8.0
28360,8.0
28361,8.0
28362,8.0
28363,8.0
28364,8.0
28365,8.0
28366,8.0
28367,8.0
28368,8.0
28369,8.0
28370,8.0
28371,8.0
28372,8.0
28373,8.0
28374,8.0
28375,8.0
28376,8.0
28377,8.0
28378,8.0
28379,8.0
28380,8.0
28381,8.0
28382,8.0
28383,8.0
28384,8.0
28385,8.0
28386,8.0
28387,8.0
28388,8.0
28389,8.0
28390,8.0
28391,8.0
28392,8.0
28393,8.0
28394,8.0
28395,8.0
28396,8.0
28397,8.0
28398,8.0
28399,8.0
28400,8.0
28401,8.0
28402,8.0
28403,8.0
28404,8.0
28405,8.0
28406,8.0
28407,8.0
28408,8.0
28409,8.0
28410,8.0
28411,8.0
28412,8.0
28413,8.0
28414,8.0
28415,8.0
28416,8.0
28417,8.0
28418,8.0
28419,8.0
28420,8.0
28421,8.0
28422,8.0
28423,8.0
28424,8.0
28425,8.0
28426,8.0
28427,8.0
28428,8.0
28429,8.0
28430,8.0
28431,8.0
28432,8.0
28433,8.0
28434,8.0
28435,8.0
28436,8.0
28437,8.0
28438,8.0
28439,8.0
28440,8.0
28441,8.0
28442,8.0
28443,8.0
28444,8.0
28445,8.0
28446,8.0
28447,8.0
28448,8.0
28449,8.0
28450,8.0
28451,8.0
28452,8.0
28453,8.0
28454,8.0
28455,8.0
28456,8.0
28457,8.0
28458,8.0
28459,8.0
28460,8.0
28461,8.0
28462,8.0
28463,8.0
28464,8.0
28465,8.0
28466,8.0
28467,8.0
28468,8.0
28469,8.0
28470,8.0
28471,8.0
28472,8.0
28473,8.0
28474,8.0
28475,8.0
28476,8.0
28477,8.0
28478,8.0
28479,8.0
28480,8.0
28481,8.0
28482,8.0
28483,8.0
28484,8.0
28485,8.0
28486,8.0
28487,8.0
28488,8.0
28489,8.0
28490,8.0
28491,8.0
28492,8.0
28493,8.0
28494,8.0
28495,8.0
28496,8.0
28497,8.0
28498,8.0
28499,8.0
28500,8.0
28501,8.0
28502,8.0
28503,8.0
28504,8.0
28505,8.0
28506,8.0
28507,8.0
28508,8.0
28509,8.0
28510,8.0
28511,8.0
28512,8.0
28513,8.0
28514,8.0
28515,8.0
28516,8.0
28517,8.0
28518,8.0
28519,8.0
28520,8.0
28521,8.0
28522,8.0
28523,8.0
28524,8.0
28525,8.0
28526,8.0
28527,8.0
28528,8.0
28529,8.0
28530,8.0
28531,8.0
28532,8.0
28533,8.0
28534,8.0
28535,8.0
28536,8.0
28537,8.0
28538,8.0
28539,8.0
28540,8.0
28541,8.0
28542,8.0
28543,8.0
28544,8.0
28545,8.0
28546,8.0
28547,8.0
28548,8.0
28549,8.0
28550,8.0
28551,8.0
28552,8.0
28553,8.0
28554,8.0
28555,8.0
28556,8.0
28557,8.0
28558,8.0
28559,8.0
28560,8.0
28561,8.0
28562,8.0
28563,8.0
28564,8.0
28565,8.0
28566,8.0
28567,8.0
28568,8.0
28569,8.0
28570,8.0
28571,8.0
28572,8.0
28573,8.0
28574,8.0
28575,8.0
28576,8.0
28577,8.0
28578,8.0
28579,8.0
28580,8.0
28581,8.0
28582,8.0
28583,8.0
28584,8.0
28585,8.0
28586,8.0
28587,8.0
28588,8.0
28589,8.0
28590,8.0
28591,8.0
28592,8.0
28593,8.0
28594,8.0
28595,8.0
28596,8.0
28597,8.0
28598,8.0
28599,8.0
28600,8.0
28601,8.0
28602,8.0
28603,8.0
28604,8.0
28605,8.0
28606,8.0
28607,8.0
28608,8.0
28609,8.0
28610,8.0
28611,8.0
28612,8.0
28613,8.0
28614,8.0
28615,8.0
28616,8.0
28617,8.0
28618,8.0
28619,8.0
28620,8.0
28621,8.0
28622,8.0
28623,8.0
28624,8.0
28625,8.0
28626,8.0
28627,8.0
28628,8.0
28629,8.0
28630,8.0
28631,8.0
28632,8.0
28633,8.0
28634,8.0
28635,8.0
28636,8.0
28637,8.0
28638,8.0
28639,8.0
28640,8.0
28641,8.0
28642,8.0
28643,8.0
28644,8.0
28645,8.0
28646,8.0
28647,8.0
28648,8.0
28649,8.0
28650,8.0
28651,8.0
28652,8.0
28653,8.0
28654,8.0
28655,8.0
28656,8.0
28657,8.0
28658,8.0
28659,8.0
28660,8.0
28661,8.0
28662,8.0
28663,8.0
28664,8.0
28665,8.0
28666,8.0
28667,8.0
28668,8.0
28669,8.0
28670,8.0
28671,8.0
28672,8.0
28673,8.0
28674,8.0
28675,8.0
28676,8.0
28677,8.0
28678,8.0
28679,8.0
28680,8.0
28681,8.0
28682,8.0
28683,8.0
28684,8.0
28685,8.0
28686,8.0
28687,8.0
28688,8.0
28689,8.0
28690,8.0
28691,8.0
28692,8.0
28693,8.0
28694,8.0
28695,8.0
28696,8.0
28697,8.0
28698,8.0
28699,8.0
28700,8.0
28701,8.0
28702,8.0
28703,8.0
28704,8.0
28705,8.0
28706,8.0
28707,8.0
28708,8.0
28709,8.0
28710,8.0
28711,8.0
28712,8.0
28713,8.0
28714,8.0
28715,8.0
28716,8.0
28717,8.0
28718,8.0
28719,8.0
28720,8.0
28721,8.0
28722,8.0
28723,8.0
28724,8.0
28725,8.0
28726,8.0
28727,8.0
28728,8.0
28729,8.0
28730,8.0
28731,8.0
28732,8.0
28733,8.0
28734,8.0
28735,8.0
28736,8.0
28737,8.0
28738,8.0
28739,8.0
28740,8.0
28741,8.0
28742,8.0
28743,8.0
28744,8.0
28745,8.0
28746,8.0
28747,8.0
28748,8.0
28749,8.0
28750,8.0
28751,8.0
28752,8.0
28753,8.0
28754,8.0
28755,8.0
28756,8.0
28757,8.0
28758,8.0
28759,8.0
28760,8.0
28761,8.0
28762,8.0
28763,8.0
28764,8.0
28765,8.0
28766,8.0
28767,8.0
28768,8.0
28769,8.0
28770,8.0
28771,8.0
28772,8.0
28773,8.0
28774,8.0
28775,8.0
28776,8.0
28777,8.0
28778,8.0
28779,8.0
28780,8.0
28781,8.0
28782,8.0
28783,8.0
28784,8.0
28785,8.0
28786,8.0
28787,8.0
28788,8.0
28789,8.0
28790,8.0
28791,8.0
28792,8.0
28793,8.0
28794,8.0
28795,8.0
28796,8.0
28797,8.0
28798,8.0
28799,8.0
28800,8.0
28801,8.0
28802,8.0
28803,8.0
28804,8.0
28805,8.0
28806,8.0
28807,8.0
28808,8.0
28809,8.0
28810,8.0
28811,8.0
28812,8.0
28813,8.0
28814,8.0
28815,8.0
28816,8.0
28817,7.0
28818,7.0
28819,7.0
28820,7.0
28821,7.0
28822,7.0
28823,7.0
28824,7.0
28825,7.0
28826,7.0
28827,7.0
28828,7.0
28829,7.0
28830,7.0
28831,7.0
28832,7.0
28833,7.0
28834,7.0
28835,7.0
28836,7.0
28837,7.0
28838,7.0
28839,7.0
28840,7.0
28841,7.0
28842,7.0
28843,7.0
28844,7.0
28845,7.0
28846,7.0
28847,7.0
28848,7.0
28849,7.0
28850,7.0
28851,7.0
28852,7.0
28853,7.0
28854,7.0
28855,7.0
28856,7.0
28857,7.0
28858,7.0
28859,7.0
28860,7.0
28861,7.0
28862,7.0
28863,7.0
28864,7.0
28865,7.0
28866,7.0
28867,7.0
28868,7.0
28869,7.0
28870,7.0
28871,7.0
28872,7.0
28873,7.0
28874,7.0
28875,7.0
28876,7.0
28877,7.0
28878,7.0
28879,7.0
28880,7.0
28881,7.0
28882,7.0
28883,7.0
28884,7.0
28885,7.0
28886,7.0
28887,7.0
28888,7.0
28889,7.0
28890,7.0
28891,7.0
28892,7.0
28893,7.0
28894,7.0
28895,7.0
28896,7.0
28897,7.0
28898,7.0
28899,7.0
28900,7.0
28901,7.0
28902,7.0
28903,7.0
28904,7.0
28905,7.0
28906,7.0
28907,7.0
28908,7.0
28909,7.0
28910,7.0
28911,7.0
28912,7.0
28913,7.0
28914,7.0
28915,7.0
28916,7.0
28917,7.0
28918,7.0
28919,7.0
28920,7.0
28921,7.0
28922,7.0
28923,7.0
28924,7.0
28925,7.0
28926,7.0
28927,7.0
28928,7.0
28929,7.0
28930,7.0
28931,7.0
28932,7.0
28933,7.0
28934,7.0
28935,7.0
28936,7.0
28937,7.0
28938,7.0
28939,7.0
28940,7.0
28941,7.0
28942,7.0
28943,7.0
28944,7.0
28945,7.0
28946,7.0
28947,7.0
28948,7.0
28949,7.0
28950,7.0
28951,7.0
28952,7.0
28953,7.0
28954,7.0
28955,7.0
28956,7.0
28957,7.0
28958,7.0
28959,7.0
28960,7.0
28961,7.0
28962,7.0
28963,7.0
28964,7.0
28965,7.0
28966,7.0
28967,7.0
28968,7.0
28969,7.0
28970,7.0
28971,7.0
28972,7.0
28973,7.0
28974,7.0
28975,7.0
28976,7.0
28977,7.0
28978,7.0
28979,7.0
28980,7.0
28981,7.0
28982,7.0
28983,7.0
28984,7.0
28985,7.0
28986,7.0
28987,7.0
28988,7.0
28989,7.0
28990,7.0
28991,7.0
28992,7.0
28993,7.0
28994,7.0
28995,7.0
28996,7.0
28997,7.0
28998,7.0
28999,7.0
29000,7.0
29001,7.0
29002,7.0
29003,7.0
29004,7.0
29005,7.0
29006,7.0
29007,7.0
29008,7.0
29009,7.0
29010,7.0
29011,7.0
29012,7.0
29013,7.0
29014,7.0
29015,7.0
29016,7.0
29017,7.0
29018,7.0
29019,7.0
29020,7.0
29021,7.0
29022,7.0
29023,7.0
29024,7.0
29025,7.0
29026,7.0
29027,7.0
29028,7.0
29029,7.0
29030,7.0
29031,7.0
29032,7.0
29033,7.0
29034,7.0
29035,7.0
29036,7.0
29037,7.0
29038,7.0
29039,7.0
29040,7.0
29041,7.0
29042,7.0
29043,7.0
29044,7.0
29045,7.0
29046,7.0
29047,7.0
29048,7.0
29049,7.0
29050,7.0
29051,7.0
29052,7.0
29053,7.0
29054,7.0
29055,7.0
29056,7.0
29057,7.0
29058,7.0
29059,7.0
29060,7.0
29061,7.0
29062,7.0
29063,7.0
29064,7.0
29065,7.0
29066,7.0
29067,7.0
29068,7.0
29069,7.0
29070,7.0
29071,7.0
29072,7.0
29073,7.0
29074,7.0
29075,7.0
29076,7.0
29077,7.0
29078,7.0
29079,7.0
29080,7.0
29081,7.0
29082,7.0
29083,7.0
29084,7.0
29085,7.0
29086,7.0
29087,7.0
29088,7.0
29089,7.0
29090,7.0
29091,7.0
29092,7.0
29093,7.0
29094,7.0
29095,7.0
29096,7.0
29097,7.0
29098,7.0
29099,7.0
29100,7.0
29101,7.0
29102,7.0
29103,7.0
29104,7.0
29105,7.0
29106,7.0
29107,7.0
29108,7.0
29109,7.0
29110,7.0
29111,7.0
29112,7.0
29113,7.0
29114,7.0
29115,7.0
29116,7.0
29117,7.0
29118,7.0
29119,7.0
29120,7.0
29121,7.0
29122,7.0
29123,7.0
29124,7.0
29125,7.0
29126,7.0
29127,7.0
29128,7.0
29129,7.0
29130,7.0
29131,7.0
29132,7.0
29133,7.0
29134,7.0
29135,7.0
29136,7.0
29137,7.0
29138,7.0
29139,7.0
29140,7.0
29141,8.0
29142,8.0
29143,8.0
29144,8.0
29145,8.0
29146,8.0
29147,8.0
29148,8.0
29149,8.0
29150,8.0
29151,8.0
29152,8.0
29153,8.0
29154,8.0
29155,8.0
29156,8.0
29157,8.0
29158,8.0
29159,8.0
29160,8.0
29161,8.0
29162,8.0
29163,8.0
29164,8.0
29165,8.0
29166,8.0
29167,8.0
29168,8.0
29169,8.0
29170,8.0
29171,8.0
29172,8.0
29173,8.0
29174,8.0
29175,8.0
29176,8.0
29177,8.0
29178,8.0
29179,8.0
29180,8.0
29181,8.0
29182,8.0
29183,8.0
29184,8.0
29185,8.0
29186,8.0
29187,8.0
29188,8.0
29189,8.0
29190,8.0
29191,8.0
29192,8.0
29193,8.0
29194,8.0
29195,8.0
29196,8.0
29197,8.0
29198,8.0
29199,8.0
29200,8.0
29201,8.0
29202,8.0
29203,8.0
29204,8.0
29205,8.0
29206,8.0
29207,8.0
29208,8.0
29209,8.0
29210,8.0
29211,8.0
29212,8.0
29213,8.0
29214,8.0
29215,8.0
29216,8.0
29217,8.0
29218,8.0
29219,8.0
29220,8.0
29221,8.0
29222,8.0
29223,8.0
29224,8.0
29225,8.0
29226,8.0
29227,8.0
29228,8.0
29229,8.0
29230,8.0
29231,8.0
29232,8.0
29233,8.0
29234,8.0
29235,8.0
29236,8.0
29237,8.0
29238,8.0
29239,8.0
29240,8.0
29241,8.0
29242,8.0
29243,8.0
29244,8.0
29245,8.0
29246,8.0
29247,8.0
29248,8.0
29249,8.0
29250,8.0
29251,8.0
29252,8.0
29253,8.0
29254,8.0
29255,8.0
29256,8.0
29257,8.0
29258,8.0
29259,8.0
29260,8.0
29261,8.0
29262,8.0
29263,8.0
29264,8.0
29265,8.0
29266,8.0
29267,8.0
29268,8.0
29269,8.0
29270,8.0
29271,8.0
29272,8.0
29273,8.0
29274,8.0
29275,8.0
29276,8.0
29277,8.0
29278,8.0
29279,8.0
29280,8.0
29281,8.0
29282,8.0
29283,8.0
29284,8.0
29285,8.0
29286,8.0
29287,8.0
29288,8.0
29289,8.0
29290,8.0
29291,8.0
29292,8.0
29293,8.0
29294,8.0
29295,8.0
29296,8.0
29297,8.0
29298,8.0
29299,8.0
29300,8.0
29301,8.0
29302,8.0
29303,8.0
29304,8.0
29305,8.0
29306,8.0
29307,8.0
29308,8.0
29309,8.0
29310,8.0
29311,8.0
29312,8.0
29313,8.0
29314,8.0
29315,8.0
29316,8.0
29317,9.0
29318,9.0
29319,9.0
29320,9.0
29321,9.0
29322,9.0
29323,9.0
29324,9.0
29325,9.0
29326,9.0
29327,9.0
29328,9.0
29329,9.0
29330,9.0
29331,9.0
29332,9.0
29333,9.0
29334,9.0
29335,9.0
29336,9.0
29337,9.0
29338,9.0
29339,9.0
29340,9.0
29341,9.0
29342,9.0
29343,9.0
29344,9.0
29345,9.0
29346,9.0
29347,9.0
29348,9.0
29349,9.0
29350,9.0
29351,9.0
29352,9.0
29353,9.0
29354,9.0
29355,9.0
29356,9.0
29357,9.0
29358,9.0
29359,9.0
29360,9.0
29361,9.0
29362,9.0
29363,9.0
29364,9.0
29365,9.0
29366,9.0
29367,9.0
29368,9.0
29369,9.0
29370,9.0
29371,9.0
29372,9.0
29373,9.0
29374,9.0
29375,9.0
29376,9.0
29377,9.0
29378,9.0
29379,9.0
29380,9.0
29381,9.0
29382,9.0
29383,9.0
29384,9.0
29385,9.0
29386,9.0
29387,9.0
29388,9.0
29389,9.0
29390,9.0
29391,9.0
29392,9.0
29393,9.0
29394,9.0
29395,9.0
29396,9.0
29397,9.0
29398,9.0
29399,9.0
29400,9.0
29401,9.0
29402,8.0
29403,8.0
29404,8.0
29405,8.0
29406,8.0
29407,8.0
29408,8.0
29409,7.0
29410,7.0
29411,7.0
29412,7.0
29413,7.0
29414,7.0
29415,7.0
29416,7.0
29417,7.0
29418,7.0
29419,7.0
29420,7.0
29421,7.0
29422,7.0
29423,7.0
29424,7.0
29425,7.0
29426,7.0
29427,7.0
29428,7.0
29429,7.0
29430,7.0
29431,7.0
29432,7.0
29433,7.0
29434,7.0
29435,7.0
29436,7.0
29437,7.0
29438,7.0
29439,7.0
29440,7.0
29441,7.0
29442,7.0
29443,7.0
29444,7.0
29445,7.0
29446,7.0
29447,7.0
29448,7.0
29449,7.0
29450,7.0
29451,7.0
29452,7.0
29453,7.0
29454,7.0
29455,7.0
29456,7.0
29457,7.0
29458,7.0
29459,7.0
29460,7.0
29461,7.0
29462,7.0
29463,7.0
29464,7.0
29465,7.0
29466,7.0
29467,7.0
29468,7.0
29469,7.0
29470,7.0
29471,7.0
29472,7.0
29473,7.0
29474,7.0
29475,7.0
29476,7.0
29477,7.0
29478,7.0
29479,7.0
29480,7.0
29481,7.0
29482,7.0
29483,7.0
29484,7.0
29485,7.0
29486,7.0
29487,7.0
29488,7.0
29489,7.0
29490,7.0
29491,7.0
29492,7.0
29493,7.0
29494,7.0
29495,7.0
29496,7.0
29497,7.0
29498,7.0
29499,7.0
29500,7.0
29501,7.0
29502,7.0
29503,7.0
29504,7.0
29505,7.0
29506,7.0
29507,7.0
29508,7.0
29509,7.0
29510,7.0
29511,7.0
29512,7.0
29513,7.0
29514,7.0
29515,7.0
29516,7.0
29517,7.0
29518,7.0
29519,7.0
29520,7.0
29521,7.0
29522,7.0
29523,7.0
29524,7.0
29525,7.0
29526,8.0
29527,8.0
29528,8.0
29529,8.0
29530,8.0
29531,8.0
29532,8.0
29533,8.0
29534,8.0
29535,8.0
29536,8.0
29537,8.0
29538,8.0
29539,8.0
29540,8.0
29541,8.0
29542,8.0
29543,8.0
29544,8.0
29545,8.0
29546,8.0
29547,8.0
29548,8.0
29549,8.0
29550,8.0
29551,8.0
29552,8.0
29553,8.0
29554,8.0
29555,8.0
29556,8.0
29557,8.0
29558,8.0
29559,8.0
29560,8.0
29561,8.0
29562,8.0
29563,8.0
29564,8.0
29565,8.0
29566,8.0
29567,8.0
29568,8.0
29569,8.0
29570,8.0
29571,8.0
29572,8.0
29573,8.0
29574,8.0
29575,8.0
29576,8.0
29577,8.0
29578,8.0
29579,8.0
29580,8.0
29581,8.0
29582,8.0
29583,8.0
29584,8.0
29585,8.0
29586,8.0
29587,8.0
29588,8.0
29589,8.0
29590,8.0
29591,8.0
29592,8.0
29593,8.0
29594,8.0
29595,8.0
29596,8.0
29597,8.0
29598,8.0
29599,8.0
29600,8.0
29601,8.0
29602,8.0
29603,8.0
29604,8.0
29605,8.0
29606,8.0
29607,8.0
29608,8.0
29609,8.0
29610,8.0
29611,8.0
29612,8.0
29613,8.0
29614,8.0
29615,8.0
29616,8.0
29617,8.0
29618,8.0
29619,8.0
29620,8.0
29621,8.0
29622,8.0
29623,8.0
29624,8.0
29625,8.0
29626,8.0
29627,8.0
29628,8.0
29629,8.0
29630,8.0
29631,8.0
29632,8.0
29633,8.0
29634,8.0
29635,8.0
29636,8.0
29637,8.0
29638,8.0
29639,8.0
29640,8.0
29641,8.0
29642,8.0
29643,8.0
29644,8.0
29645,8.0
29646,8.0
29647,8.0
29648,8.0
29649,8.0
29650,8.0
29651,8.0
29652,8.0
29653,8.0
29654,8.0
29655,8.0
29656,8.0
29657,8.0
29658,8.0
29659,8.0
29660,8.0
29661,8.0
29662,8.0
29663,8.0
29664,8.0
29665,8.0
29666,8.0
29667,8.0
29668,8.0
29669,8.0
29670,8.0
29671,8.0
29672,8.0
29673,8.0
29674,8.0
29675,8.0
29676,9.0
29677,9.0
29678,9.0
29679,9.0
29680,9.0
29681,9.0
29682,9.0
29683,9.0
29684,9.0
29685,9.0
29686,9.0
29687,9.0
29688,9.0
29689,9.0
29690,9.0
29691,9.0
29692,9.0
29693,9.0
29694,9.0
29695,9.0
29696,9.0
29697,9.0
29698,9.0
29699,9.0
29700,9.0
29701,9.0
29702,9.0
29703,9.0
29704,9.0
29705,9.0
29706,9.0
29707,9.0
29708,9.0
29709,9.0
29710,9.0
29711,9.0
29712,9.0
29713,9.0
29714,9.0
29715,9.0
29716,9.0
29717,9.0
29718,9.0
29719,9.0
29720,9.0
29721,9.0
29722,9.0
29723,9.0
29724,9.0
29725,9.0
29726,9.0
29727,9.0
29728,9.0
29729,9.0
29730,9.0
29731,9.0
29732,9.0
29733,9.0
29734,9.0
29735,9.0
29736,9.0
29737,9.0
29738,9.0
29739,9.0
29740,9.0
29741,9.0
29742,9.0
29743,9.0
29744,9.0
29745,9.0
29746,9.0
29747,9.0
29748,9.0
29749,9.0
29750,9.0
29751,9.0
29752,9.0
29753,9.0
29754,9.0
29755,9.0
29756,9.0
29757,9.0
29758,9.0
29759,9.0
29760,9.0
29761,9.0
29762,9.0
29763,9.0
29764,9.0
29765,9.0
29766,9.0
29767,9.0
29768,9.0
29769,9.0
29770,9.0
29771,9.0
29772,9.0
29773,9.0
29774,9.0
29775,9.0
29776,9.0
29777,9.0
29778,9.0
29779,9.0
29780,9.0
29781,9.0
29782,9.0
29783,9.0
29784,9.0
29785,9.0
29786,9.0
29787,9.0
29788,9.0
29789,9.0
29790,9.0
29791,9.0
29792,9.0
29793,9.0
29794,9.0
29795,9.0
29796,9.0
29797,9.0
29798,9.0
29799,9.0
29800,9.0
29801,9.0
29802,9.0
29803,9.0
29804,9.0
29805,9.0
29806,9.0
29807,9.0
29808,9.0
29809,9.0
29810,9.0
29811,9.0
29812,9.0
29813,9.0
29814,9.0
29815,9.0
29816,9.0
29817,9.0
29818,9.0
29819,9.0
29820,9.0
29821,9.0
29822,9.0
29823,9.0
29824,9.0
29825,9.0
29826,9.0
29827,9.0
29828,9.0
29829,9.0
29830,9.0
29831,9.0
29832,9.0
29833,9.0
29834,9.0
29835,9.0
29836,9.0
29837,9.0
29838,9.0
29839,9.0
29840,9.0
29841,9.0
29842,9.0
29843,9.0
29844,9.0
29845,9.0
29846,9.0
29847,9.0
29848,9.0
29849,9.0
29850,9.0
29851,9.0
29852,9.0
29853,9.0
29854,9.0
29855,9.0
29856,9.0
29857,9.0
29858,9.0
29859,9.0
29860,9.0
29861,9.0
29862,9.0
29863,9.0
29864,9.0
29865,9.0
29866,9.0
29867,9.0
29868,9.0
29869,9.0
29870,9.0
29871,9.0
29872,9.0
29873,9.0
29874,9.0
29875,9.0
29876,9.0
29877,9.0
29878,9.0
29879,9.0
29880,9.0
29881,9.0
29882,9.0
29883,9.0
29884,9.0
29885,9.0
29886,9.0
29887,9.0
29888,9.0
29889,9.0
29890,9.0
29891,9.0
29892,9.0
29893,9.0
29894,9.0
29895,9.0
29896,9.0
29897,9.0
29898,9.0
29899,9.0
29900,9.0
29901,9.0
29902,9.0
29903,9.0
29904,9.0
29905,9.0
29906,9.0
29907,9.0
29908,9.0
29909,9.0
29910,9.0
29911,9.0
29912,9.0
29913,9.0
29914,9.0
29915,9.0
29916,8.0
29917,8.0
29918,8.0
29919,8.0
29920,8.0
29921,8.0
29922,8.0
29923,8.0
29924,8.0
29925,8.0
29926,8.0
29927,8.0
29928,8.0
29929,8.0
29930,8.0
29931,8.0
29932,8.0
29933,8.0
29934,8.0
29935,8.0
29936,8.0
29937,8.0
29938,8.0
29939,8.0
29940,8.0
29941,8.0
29942,8.0
29943,8.0
29944,8.0
29945,8.0
29946,8.0
29947,8.0
29948,8.0
29949,8.0
29950,8.0
29951,8.0
29952,8.0
29953,8.0
29954,8.0
29955,8.0
29956,8.0
29957,8.0
29958,8.0
29959,8.0
29960,8.0
29961,8.0
29962,8.0
29963,8.0
29964,8.0
29965,8.0
29966,8.0
29967,8.0
29968,8.0
29969,8.0
29970,8.0
29971,8.0
29972,8.0
29973,8.0
29974,8.0
29975,8.0
29976,8.0
29977,8.0
29978,8.0
29979,8.0
29980,8.0
29981,8.0
29982,8.0
29983,8.0
29984,8.0
29985,8.0
29986,8.0
29987,8.0
29988,8.0
29989,8.0
29990,8.0
29991,8.0
29992,8.0
29993,8.0
29994,8.0
29995,8.0
29996,8.0
29997,8.0
29998,8.0
29999,8.0
30000,8.0
30001,8.0
30002,8.0
30003,8.0
30004,8.0
30005,8.0
30006,8.0
30007,8.0
30008,8.0
30009,8.0
30010,8.0
30011,8.0
30012,8.0
30013,8.0
30014,8.0
30015,8.0
30016,8.0
30017,8.0
30018,8.0
30019,8.0
30020,8.0
30021,8.0
30022,8.0
30023,8.0
30024,8.0
30025,8.0
30026,8.0
30027,8.0
30028,8.0
30029,8.0
30030,8.0
30031,8.0
30032,8.0
30033,8.0
30034,8.0
30035,8.0
30036,8.0
30037,8.0
30038,8.0
30039,8.0
30040,8.0
30041,8.0
30042,8.0
30043,8.0
30044,8.0
30045,8.0
30046,8.0
30047,8.0
30048,8.0
30049,8.0
30050,8.0
30051,8.0
30052,8.0
30053,8.0
30054,8.0
30055,8.0
30056,8.0
30057,8.0
30058,8.0
30059,8.0
30060,8.0
30061,8.0
30062,8.0
30063,8.0
30064,8.0
30065,8.0
30066,8.0
30067,8.0
30068,8.0
30069,8.0
30070,8.0
30071,8.0
30072,8.0
30073,8.0
30074,8.0
30075,8.0
30076,8.0
30077,8.0
30078,8.0
30079,8.0
30080,8.0
30081,8.0
30082,8.0
30083,8.0
30084,8.0
30085,8.0
30086,8.0
30087,8.0
30088,8.0
30089,8.0
30090,9.0
30091,9.0
30092,9.0
30093,9.0
30094,9.0
30095,9.0
30096,9.0
30097,9.0
30098,9.0
30099,9.0
30100,9.0
30101,9.0
30102,9.0
30103,9.0
30104,9.0
30105,9.0
30106,9.0
30107,9.0
30108,9.0
30109,9.0
30110,9.0
30111,9.0
30112,9.0
30113,9.0
30114,9.0
30115,9.0
30116,9.0
30117,9.0
30118,9.0
30119,9.0
30120,9.0
30121,9.0
30122,9.0
30123,9.0
30124,9.0
30125,9.0
30126,9.0
30127,9.0
30128,9.0
30129,9.0
30130,9.0
30131,9.0
30132,9.0
30133,9.0
30134,9.0
30135,9.0
30136,9.0
30137,9.0
30138,9.0
30139,9.0
30140,9.0
30141,9.0
30142,9.0
30143,9.0
30144,9.0
30145,9.0
30146,9.0
30147,9.0
30148,9.0
30149,9.0
30150,9.0
30151,9.0
30152,9.0
30153,9.0
30154,9.0
30155,9.0
30156,9.0
30157,9.0
30158,9.0
30159,9.0
30160,9.0
30161,9.0
30162,9.0
30163,9.0
30164,9.0
30165,9.0
30166,9.0
30167,9.0
30168,9.0
30169,9.0
30170,9.0
30171,9.0
30172,9.0
30173,9.0
30174,9.0
30175,9.0
30176,9.0
30177,9.0
30178,9.0
30179,9.0
30180,9.0
30181,9.0
30182,9.0
30183,9.0
30184,9.0
30185,9.0
30186,9.0
30187,9.0
30188,9.0
30189,9.0
30190,9.0
30191,9.0
30192,9.0
30193,9.0
30194,9.0
30195,9.0
30196,9.0
30197,9.0
30198,9.0
30199,9.0
30200,9.0
30201,9.0
30202,9.0
30203,9.0
30204,9.0
30205,9.0
30206,9.0
30207,9.0
30208,9.0
30209,9.0
30210,9.0
30211,9.0
30212,9.0
30213,9.0
30214,9.0
30215,9.0
30216,9.0
30217,9.0
30218,9.0
30219,9.0
30220,9.0
30221,9.0
30222,9.0
30223,9.0
30224,9.0
30225,9.0
30226,9.0
30227,9.0
30228,9.0
30229,9.0
30230,9.0
30231,9.0
30232,9.0
30233,9.0
30234,9.0
30235,9.0
30236,9.0
30237,9.0
30238,9.0
30239,9.0
30240,9.0
30241,9.0
30242,9.0
30243,9.0
30244,9.0
30245,9.0
30246,9.0
30247,9.0
30248,9.0
30249,9.0
30250,9.0
30251,9.0
30252,9.0
30253,9.0
30254,9.0
30255,9.0
30256,9.0
30257,9.0
30258,9.0
30259,9.0
30260,9.0
30261,9.0
30262,9.0
30263,9.0
30264,9.0
30265,9.0
30266,9.0
30267,9.0
30268,9.0
30269,9.0
30270,9.0
30271,9.0
30272,9.0
30273,9.0
30274,9.0
30275,9.0
30276,9.0
30277,9.0
30278,9.0
30279,9.0
30280,9.0
30281,9.0
30282,9.0
30283,9.0
30284,9.0
30285,9.0
30286,9.0
30287,9.0
30288,9.0
30289,9.0
30290,9.0
30291,9.0
30292,9.0
30293,9.0
30294,9.0
30295,9.0
30296,9.0
30297,9.0
30298,9.0
30299,9.0
30300,9.0
30301,9.0
30302,9.0
30303,9.0
30304,9.0
30305,9.0
30306,9.0
30307,9.0
30308,9.0
30309,9.0
30310,9.0
30311,9.0
30312,9.0
30313,9.0
30314,9.0
30315,9.0
30316,9.0
30317,9.0
30318,9.0
30319,9.0
30320,9.0
30321,9.0
30322,9.0
30323,9.0
30324,9.0
30325,9.0
30326,9.0
30327,9.0
30328,9.0
30329,9.0
30330,9.0
30331,9.0
30332,9.0
30333,9.0
30334,9.0
30335,9.0
30336,9.0
30337,9.0
30338,9.0
30339,9.0
30340,9.0
30341,9.0
30342,9.0
30343,9.0
30344,9.0
30345,9.0
30346,9.0
30347,9.0
30348,9.0
30349,9.0
30350,9.0
30351,9.0
30352,9.0
30353,9.0
30354,9.0
30355,9.0
30356,9.0
30357,9.0
30358,9.0
30359,9.0
30360,9.0
30361,9.0
30362,9.0
30363,9.0
30364,9.0
30365,9.0
30366,9.0
30367,9.0
30368,9.0
30369,9.0
30370,9.0
30371,9.0
30372,9.0
30373,9.0
30374,9.0
30375,9.0
30376,9.0
30377,9.0
30378,9.0
30379,9.0
30380,9.0
30381,9.0
30382,9.0
30383,9.0
30384,9.0
30385,9.0
30386,9.0
30387,9.0
30388,9.0
30389,9.0
30390,9.0
30391,9.0
30392,9.0
30393,9.0
30394,9.0
30395,9.0
30396,9.0
30397,9.0
30398,9.0
30399,9.0
30400,9.0
30401,9.0
30402,9.0
30403,9.0
30404,9.0
30405,9.0
30406,9.0
30407,9.0
30408,9.0
30409,9.0
30410,9.0
30411,9.0
30412,9.0
30413,9.0
30414,9.0
30415,9.0
30416,9.0
30417,9.0
30418,9.0
30419,9.0
30420,9.0
30421,9.0
30422,9.0
30423,9.0
30424,9.0
30425,9.0
30426,9.0
30427,9.0
30428,9.0
30429,9.0
30430,9.0
30431,9.0
30432,9.0
30433,9.0
30434,9.0
30435,9.0
30436,9.0
30437,9.0
30438,9.0
30439,9.0
30440,9.0
30441,9.0
30442,9.0
30443,9.0
30444,9.0
30445,9.0
30446,9.0
30447,9.0
30448,9.0
30449,9.0
30450,9.0
30451,9.0
30452,9.0
30453,9.0
30454,9.0
30455,9.0
30456,9.0
30457,9.0
30458,9.0
30459,9.0
30460,9.0
30461,9.0
30462,9.0
30463,9.0
30464,9.0
30465,9.0
30466,9.0
30467,9.0
30468,9.0
30469,9.0
30470,9.0
30471,9.0
30472,9.0
30473,9.0
30474,9.0
30475,9.0
30476,9.0
30477,9.0
30478,9.0
30479,9.0
30480,9.0
30481,9.0
30482,9.0
30483,9.0
30484,9.0
30485,9.0
30486,9.0
30487,9.0
30488,9.0
30489,9.0
30490,9.0
30491,9.0
30492,9.0
30493,9.0
30494,9.0
30495,9.0
30496,9.0
30497,9.0
30498,9.0
30499,9.0
30500,9.0
30501,9.0
30502,9.0
30503,9.0
30504,9.0
30505,9.0
30506,9.0
30507,9.0
30508,9.0
30509,9.0
30510,9.0
30511,9.0
30512,9.0
30513,9.0
30514,9.0
30515,9.0
30516,9.0
30517,9.0
30518,9.0
30519,9.0
30520,9.0
30521,9.0
30522,9.0
30523,9.0
30524,9.0
30525,9.0
30526,9.0
30527,9.0
30528,9.0
30529,9.0
30530,9.0
30531,9.0
30532,9.0
30533,9.0
30534,9.0
30535,9.0
30536,9.0
30537,9.0
30538,9.0
30539,9.0
30540,9.0
30541,9.0
30542,9.0
30543,9.0
30544,9.0
30545,9.0
30546,9.0
30547,9.0
30548,9.0
30549,9.0
30550,9.0
30551,9.0
30552,9.0
30553,9.0
30554,9.0
30555,9.0
30556,9.0
30557,9.0
30558,7.0
30559,7.0
30560,7.0
30561,7.0
30562,7.0
30563,7.0
30564,7.0
30565,7.0
30566,7.0
30567,7.0
30568,7.0
30569,7.0
30570,7.0
30571,7.0
30572,7.0
30573,7.0
30574,7.0
30575,7.0
30576,7.0
30577,7.0
30578,7.0
30579,7.0
30580,7.0
30581,7.0
30582,7.0
30583,7.0
30584,7.0
30585,7.0
30586,7.0
30587,7.0
30588,7.0
30589,7.0
30590,7.0
30591,7.0
30592,7.0
30593,7.0
30594,7.0
30595,7.0
30596,8.0
30597,8.0
30598,8.0
30599,8.0
30600,8.0
30601,8.0
30602,8.0
30603,8.0
30604,8.0
30605,8.0
30606,8.0
30607,8.0
30608,8.0
30609,8.0
30610,8.0
30611,8.0
30612,8.0
30613,8.0
30614,8.0
30615,8.0
30616,8.0
30617,9.0
30618,9.0
30619,9.0
30620,9.0
30621,9.0
30622,9.0
30623,9.0
30624,9.0
30625,9.0
30626,9.0
30627,9.0
30628,9.0
30629,9.0
30630,9.0
30631,9.0
30632,9.0
30633,9.0
30634,9.0
30635,9.0
30636,9.0
30637,9.0
30638,9.0
30639,9.0
30640,9.0
30641,9.0
30642,9.0
30643,9.0
30644,9.0
30645,9.0
30646,9.0
30647,9.0
30648,9.0
30649,9.0
30650,9.0
30651,9.0
30652,9.0
30653,9.0
30654,9.0
30655,9.0
30656,9.0
30657,9.0
30658,9.0
30659,9.0
30660,9.0
30661,9.0
30662,9.0
30663,9.0
30664,9.0
30665,9.0
30666,9.0
30667,9.0
30668,9.0
30669,9.0
30670,9.0
30671,10.0
30672,10.0
30673,10.0
30674,10.0
30675,10.0
30676,10.0
30677,10.0
30678,10.0
30679,10.0
30680,10.0
30681,10.0
30682,10.0
30683,10.0
30684,10.0
30685,10.0
30686,10.0
30687,10.0
30688,10.0
30689,10.0
30690,10.0
30691,10.0
30692,10.0
30693,10.0
30694,10.0
30695,10.0
30696,10.0
30697,10.0
30698,10.0
30699,10.0
30700,10.0
30701,10.0
30702,10.0
30703,10.0
30704,10.0
30705,10.0
30706,10.0
30707,10.0
30708,10.0
30709,10.0
30710,10.0
30711,10.0
30712,10.0
30713,10.0
30714,10.0
30715,10.0
30716,10.0
30717,10.0
30718,11.0
30719,11.0
30720,11.0
30721,11.0
30722,11.0
30723,11.0
30724,11.0
30725,11.0
30726,11.0
30727,11.0
30728,11.0
30729,11.0
30730,11.0
30731,11.0
30732,11.0
30733,11.0
30734,11.0
30735,11.0
30736,11.0
30737,11.0
30738,11.0
30739,11.0
30740,11.0
30741,11.0
30742,11.0
30743,11.0
30744,10.0
30745,10.0
30746,10.0
30747,10.0
30748,10.0
30749,10.0
30750,10.0
30751,10.0
30752,10.0
30753,10.0
30754,10.0
30755,10.0
30756,10.0
30757,10.0
30758,10.0
30759,10.0
30760,10.0
30761,10.0
30762,10.0
30763,10.0
30764,10.0
30765,10.0
30766,10.0
30767,10.0
30768,10.0
30769,10.0
30770,10.0
30771,10.0
30772,10.0
30773,10.0
30774,10.0
30775,10.0
30776,10.0
30777,10.0
30778,10.0
30779,10.0
30780,10.0
30781,10.0
30782,10.0
30783,11.0
30784,11.0
30785,12.0
30786,12.0
30787,12.0
30788,12.0
30789,12.0
30790,12.0
30791,12.0
30792,12.0
30793,12.0
30794,12.0
30795,12.0
30796,12.0
30797,12.0
30798,12.0
30799,12.0
30800,12.0
30801,12.0
30802,12.0
30803,12.0
30804,12.0
30805,12.0
30806,12.0
30807,12.0
30808,12.0
30809,11.0
30810,11.0
30811,11.0
30812,11.0
30813,11.0
30814,11.0
30815,11.0
30816,11.0
30817,11.0
30818,11.0
30819,11.0
30820,11.0
30821,11.0
30822,11.0
30823,11.0
30824,11.0
30825,11.0
30826,11.0
30827,11.0
30828,11.0
30829,11.0
30830,11.0
30831,11.0
30832,11.0
30833,11.0
30834,11.0
30835,11.0
30836,11.0
30837,11.0
30838,12.0
30839,12.0
30840,12.0
30841,12.0
30842,12.0
30843,12.0
30844,12.0
30845,12.0
30846,12.0
30847,12.0
30848,12.0
30849,12.0
30850,12.0
30851,12.0
30852,12.0
30853,12.0
30854,12.0
30855,12.0
30856,12.0
30857,12.0
30858,12.0
30859,12.0
30860,12.0
30861,12.0
30862,12.0
30863,12.0
30864,12.0
30865,12.0
30866,12.0
30867,12.0
30868,12.0
30869,12.0
30870,12.0
30871,12.0
30872,12.0
30873,12.0
30874,12.0
30875,12.0
30876,12.0
30877,12.0
30878,12.0
30879,12.0
30880,12.0
30881,12.0
30882,12.0
30883,12.0
30884,12.0
30885,12.0
30886,12.0
30887,12.0
30888,12.0
30889,12.0
30890,12.0
30891,12.0
30892,12.0
30893,12.0
30894,11.0
30895,11.0
30896,11.0
30897,11.0
30898,11.0
30899,11.0
30900,11.0
30901,11.0
30902,11.0
30903,11.0
30904,11.0
30905,11.0
30906,11.0
30907,11.0
30908,11.0
30909,11.0
30910,11.0
30911,11.0
30912,11.0
30913,11.0
30914,11.0
30915,11.0
30916,11.0
30917,11.0
30918,11.0
30919,11.0
30920,11.0
30921,11.0
30922,11.0
30923,11.0
30924,11.0
30925,11.0
30926,11.0
30927,11.0
30928,11.0
30929,11.0
30930,11.0
30931,11.0
30932,11.0
30933,11.0
30934,11.0
30935,11.0
30936,11.0
30937,11.0
30938,11.0
30939,11.0
30940,11.0
30941,11.0
30942,11.0
30943,11.0
30944,11.0
30945,11.0
30946,11.0
30947,11.0
30948,11.0
30949,11.0
30950,11.0
30951,11.0
30952,11.0
30953,11.0
30954,11.0
30955,11.0
30956,11.0
30957,11.0
30958,11.0
30959,11.0
30960,11.0
30961,11.0
30962,11.0
30963,11.0
30964,11.0
30965,11.0
30966,11.0
30967,11.0
30968,11.0
30969,11.0
30970,11.0
30971,11.0
30972,11.0
30973,11.0
30974,11.0
30975,11.0
30976,11.0
30977,11.0
30978,11.0
30979,11.0
30980,11.0
30981,11.0
30982,11.0
30983,11.0
30984,11.0
30985,11.0
30986,11.0
30987,11.0
30988,11.0
30989,11.0
30990,11.0
30991,11.0
30992,11.0
30993,11.0
30994,11.0
30995,11.0
30996,11.0
30997,11.0
30998,11.0
30999,11.0
31000,11.0
31001,11.0
31002,11.0
31003,11.0
31004,11.0
31005,11.0
31006,11.0
31007,11.0
31008,11.0
31009,11.0
31010,11.0
31011,11.0
31012,11.0
31013,11.0
31014,11.0
31015,11.0
31016,11.0
31017,11.0
31018,11.0
31019,11.0
31020,11.0
31021,11.0
31022,11.0
31023,11.0
31024,11.0
31025,11.0
31026,11.0
31027,11.0
31028,11.0
31029,11.0
31030,11.0
31031,11.0
31032,11.0
31033,11.0
31034,11.0
31035,11.0
31036,11.0
31037,11.0
31038,11.0
31039,11.0
31040,11.0
31041,11.0
31042,11.0
31043,11.0
31044,11.0
31045,11.0
31046,11.0
31047,11.0
31048,11.0
31049,11.0
31050,11.0
31051,11.0
31052,11.0
31053,11.0
31054,11.0
31055,11.0
31056,11.0
31057,11.0
31058,11.0
31059,11.0
31060,11.0
31061,11.0
31062,11.0
31063,11.0
31064,11.0
31065,11.0
31066,11.0
31067,11.0
31068,11.0
31069,11.0
31070,11.0
31071,11.0
31072,11.0
31073,11.0
31074,11.0
31075,11.0
31076,11.0
31077,11.0
31078,11.0
31079,11.0
31080,11.0
31081,11.0
31082,11.0
31083,11.0
31084,11.0
31085,11.0
31086,11.0
31087,11.0
31088,11.0
31089,11.0
31090,11.0
31091,11.0
31092,11.0
31093,11.0
31094,11.0
31095,11.0
31096,11.0
31097,11.0
31098,11.0
31099,11.0
31100,11.0
31101,11.0
31102,11.0
31103,11.0
31104,11.0
31105,11.0
31106,11.0
31107,11.0
31108,11.0
31109,11.0
31110,11.0
31111,11.0
31112,11.0
31113,11.0
31114,11.0
31115,11.0
31116,11.0
31117,11.0
31118,11.0
31119,11.0
31120,11.0
31121,11.0
31122,11.0
31123,11.0
31124,11.0
31125,11.0
31126,11.0
31127,10.0
31128,10.0
31129,10.0
31130,10.0
31131,10.0
31132,10.0
31133,10.0
31134,10.0
31135,10.0
31136,10.0
31137,10.0
31138,10.0
31139,10.0
31140,10.0
31141,10.0
31142,10.0
31143,10.0
31144,10.0
31145,10.0
31146,10.0
31147,10.0
31148,10.0
31149,10.0
31150,10.0
31151,10.0
31152,10.0
31153,10.0
31154,10.0
31155,10.0
31156,10.0
31157,10.0
31158,10.0
31159,10.0
31160,10.0
31161,10.0
31162,10.0
31163,10.0
31164,10.0
31165,10.0
31166,10.0
31167,10.0
31168,10.0
31169,10.0
31170,10.0
31171,10.0
31172,10.0
31173,10.0
31174,10.0
31175,10.0
31176,10.0
31177,10.0
31178,10.0
31179,10.0
31180,10.0
31181,10.0
31182,10.0
31183,10.0
31184,10.0
31185,10.0
31186,10.0
31187,10.0
31188,10.0
31189,10.0
31190,10.0
31191,10.0
31192,10.0
31193,10.0
31194,9.0
31195,9.0
31196,9.0
31197,9.0
31198,9.0
31199,9.0
31200,9.0
31201,9.0
31202,9.0
31203,9.0
31204,9.0
31205,9.0
31206,9.0
31207,9.0
31208,9.0
31209,9.0
31210,9.0
31211,9.0
31212,9.0
31213,9.0
31214,9.0
31215,9.0
31216,9.0
31217,9.0
31218,9.0
31219,9.0
31220,9.0
31221,9.0
31222,9.0
31223,9.0
31224,9.0
31225,10.0
31226,10.0
31227,10.0
31228,10.0
31229,10.0
31230,10.0
31231,10.0
31232,10.0
31233,10.0
31234,10.0
31235,10.0
31236,10.0
31237,10.0
31238,10.0
31239,10.0
31240,10.0
31241,10.0
31242,10.0
31243,10.0
31244,10.0
31245,10.0
31246,10.0
31247,10.0
31248,10.0
31249,10.0
31250,10.0
31251,10.0
31252,10.0
31253,10.0
31254,10.0
31255,10.0
31256,10.0
31257,10.0
31258,10.0
31259,10.0
31260,10.0
31261,10.0
31262,10.0
31263,10.0
31264,10.0
31265,10.0
31266,10.0
31267,10.0
31268,10.0
31269,10.0
31270,10.0
31271,10.0
31272,10.0
31273,10.0
31274,10.0
31275,10.0
31276,10.0
31277,10.0
31278,10.0
31279,10.0
31280,10.0
31281,10.0
31282,10.0
31283,10.0
31284,10.0
31285,10.0
31286,10.0
31287,10.0
31288,10.0
31289,10.0
31290,10.0
31291,10.0
31292,10.0
31293,10.0
31294,10.0
31295,10.0
31296,10.0
31297,10.0
31298,10.0
31299,10.0
31300,10.0
31301,10.0
31302,9.0
31303,9.0
31304,9.0
31305,9.0
31306,9.0
31307,9.0
31308,9.0
31309,9.0
31310,9.0
31311,9.0
31312,9.0
31313,9.0
31314,9.0
31315,9.0
31316,9.0
31317,9.0
31318,9.0
31319,9.0
31320,9.0
31321,9.0
31322,9.0
31323,9.0
31324,9.0
31325,9.0
31326,9.0
31327,9.0
31328,9.0
31329,9.0
31330,9.0
31331,9.0
31332,9.0
31333,9.0
31334,9.0
31335,9.0
31336,9.0
31337,9.0
31338,9.0
31339,9.0
31340,9.0
31341,9.0
31342,9.0
31343,9.0
31344,9.0
31345,9.0
31346,9.0
31347,9.0
31348,9.0
31349,9.0
31350,9.0
31351,9.0
31352,9.0
31353,9.0
31354,9.0
31355,9.0
31356,9.0
31357,9.0
31358,9.0
31359,9.0
31360,9.0
31361,9.0
31362,9.0
31363,9.0
31364,9.0
31365,9.0
31366,9.0
31367,9.0
31368,9.0
31369,9.0
31370,9.0
31371,9.0
31372,9.0
31373,9.0
31374,9.0
31375,9.0
31376,9.0
31377,9.0
31378,9.0
31379,9.0
31380,9.0
31381,9.0
31382,9.0
31383,9.0
31384,9.0
31385,9.0
31386,9.0
31387,9.0
31388,9.0
31389,9.0
31390,9.0
31391,9.0
31392,9.0
31393,9.0
31394,9.0
31395,9.0
31396,9.0
31397,9.0
31398,9.0
31399,9.0
31400,8.0
31401,8.0
31402,8.0
31403,8.0
31404,8.0
31405,8.0
31406,8.0
31407,8.0
31408,8.0
31409,8.0
31410,8.0
31411,8.0
31412,8.0
31413,8.0
31414,8.0
31415,8.0
31416,8.0
31417,8.0
31418,8.0
31419,8.0
31420,8.0
31421,8.0
31422,8.0
31423,8.0
31424,8.0
31425,8.0
31426,8.0
31427,8.0
31428,8.0
31429,8.0
31430,8.0
31431,8.0
31432,8.0
31433,8.0
31434,8.0
31435,8.0
31436,8.0
31437,8.0
31438,8.0
31439,8.0
31440,8.0
31441,8.0
31442,8.0
31443,8.0
31444,8.0
31445,8.0
31446,8.0
31447,8.0
31448,8.0
31449,8.0
31450,8.0
31451,8.0
31452,8.0
31453,8.0
31454,8.0
31455,8.0
31456,8.0
31457,8.0
31458,8.0
31459,8.0
31460,8.0
31461,8.0
31462,8.0
31463,8.0
31464,8.0
31465,8.0
31466,8.0
31467,8.0
31468,8.0
31469,8.0
31470,8.0
31471,8.0
31472,8.0
31473,8.0
31474,8.0
31475,8.0
31476,8.0
31477,8.0
31478,8.0
31479,8.0
31480,8.0
31481,8.0
31482,8.0
31483,8.0
31484,8.0
31485,8.0
31486,8.0
31487,8.0
31488,8.0
31489,8.0
31490,8.0
31491,8.0
31492,8.0
31493,8.0
31494,8.0
31495,8.0
31496,8.0
31497,8.0
31498,8.0
31499,8.0
31500,8.0
31501,8.0
31502,8.0
31503,8.0
31504,8.0
31505,8.0
31506,8.0
31507,8.0
31508,8.0
31509,8.0
31510,8.0
31511,8.0
31512,8.0
31513,8.0
31514,8.0
31515,8.0
31516,8.0
31517,8.0
31518,8.0
31519,8.0
31520,8.0
31521,8.0
31522,8.0
31523,8.0
31524,8.0
31525,8.0
31526,8.0
31527,8.0
31528,8.0
31529,8.0
31530,8.0
31531,8.0
31532,8.0
31533,8.0
31534,8.0
31535,8.0
31536,8.0
31537,8.0
31538,8.0
31539,8.0
31540,8.0
31541,8.0
31542,8.0
31543,8.0
31544,8.0
31545,8.0
31546,8.0
31547,8.0
31548,8.0
31549,8.0
31550,8.0
31551,8.0
31552,8.0
31553,8.0
31554,8.0
31555,8.0
31556,8.0
31557,8.0
31558,8.0
31559,8.0
31560,8.0
31561,8.0
31562,8.0
31563,8.0
31564,8.0
31565,8.0
31566,8.0
31567,8.0
31568,8.0
31569,8.0
31570,8.0
31571,8.0
31572,8.0
31573,8.0
31574,8.0
31575,8.0
31576,8.0
31577,8.0
31578,8.0
31579,8.0
31580,8.0
31581,8.0
31582,8.0
31583,8.0
31584,8.0
31585,8.0
31586,8.0
31587,8.0
31588,8.0
31589,8.0
31590,8.0
31591,8.0
31592,8.0
31593,8.0
31594,8.0
31595,8.0
31596,8.0
31597,8.0
31598,8.0
31599,8.0
31600,8.0
31601,8.0
31602,8.0
31603,8.0
31604,8.0
31605,8.0
31606,8.0
31607,8.0
31608,8.0
31609,8.0
31610,8.0
31611,8.0
31612,8.0
31613,8.0
31614,8.0
31615,8.0
31616,8.0
31617,8.0
31618,8.0
31619,8.0
31620,8.0
31621,8.0
31622,8.0
31623,8.0
31624,8.0
31625,8.0
31626,8.0
31627,8.0
31628,8.0
31629,8.0
31630,8.0
31631,8.0
31632,8.0
31633,8.0
31634,8.0
31635,8.0
31636,8.0
31637,8.0
31638,8.0
31639,8.0
31640,8.0
31641,8.0
31642,8.0
31643,8.0
31644,8.0
31645,8.0
31646,8.0
31647,8.0
31648,8.0
31649,8.0
31650,8.0
31651,8.0
31652,8.0
31653,8.0
31654,8.0
31655,8.0
31656,8.0
31657,8.0
31658,8.0
31659,8.0
31660,8.0
31661,8.0
31662,8.0
31663,8.0
31664,8.0
31665,8.0
31666,8.0
31667,8.0
31668,8.0
31669,8.0
31670,8.0
31671,8.0
31672,8.0
31673,8.0
31674,8.0
31675,8.0
31676,8.0
31677,8.0
31678,8.0
31679,8.0
31680,8.0
31681,8.0
31682,8.0
31683,8.0
31684,8.0
31685,8.0
31686,8.0
31687,8.0
31688,8.0
31689,8.0
31690,8.0
31691,8.0
31692,8.0
31693,8.0
31694,8.0
31695,8.0
31696,8.0
31697,8.0
31698,8.0
31699,8.0
31700,8.0
31701,8.0
31702,8.0
31703,8.0
31704,8.0
31705,8.0
31706,8.0
31707,8.0
31708,8.0
31709,8.0
31710,8.0
31711,8.0
31712,8.0
31713,8.0
31714,8.0
31715,8.0
31716,8.0
31717,8.0
31718,8.0
31719,8.0
31720,8.0
31721,8.0
31722,8.0
31723,8.0
31724,8.0
31725,8.0
31726,8.0
31727,8.0
31728,8.0
31729,8.0
31730,8.0
31731,8.0
31732,8.0
31733,8.0
31734,8.0
31735,8.0
31736,8.0
31737,8.0
31738,8.0
31739,8.0
31740,8.0
31741,8.0
31742,8.0
31743,8.0
31744,8.0
31745,8.0
31746,8.0
31747,8.0
31748,8.0
31749,8.0
31750,8.0
31751,8.0
31752,8.0
31753,8.0
31754,8.0
31755,8.0
31756,8.0
31757,8.0
31758,8.0
31759,8.0
31760,8.0
31761,8.0
31762,8.0
31763,8.0
31764,8.0
31765,8.0
31766,8.0
31767,8.0
31768,8.0
31769,8.0
31770,8.0
31771,8.0
31772,8.0
31773,8.0
31774,8.0
31775,8.0
31776,8.0
31777,8.0
31778,8.0
31779,8.0
31780,8.0
31781,8.0
31782,8.0
31783,8.0
31784,8.0
31785,8.0
31786,8.0
31787,8.0
31788,8.0
31789,9.0
31790,9.0
31791,9.0
31792,9.0
31793,9.0
31794,9.0
31795,9.0
31796,9.0
31797,9.0
31798,9.0
31799,9.0
31800,9.0
31801,9.0
31802,9.0
31803,9.0
31804,9.0
31805,9.0
31806,9.0
31807,9.0
31808,9.0
31809,9.0
31810,9.0
31811,9.0
31812,9.0
31813,9.0
31814,9.0
31815,9.0
31816,9.0
31817,9.0
31818,9.0
31819,9.0
31820,9.0
31821,9.0
31822,9.0
31823,9.0
31824,9.0
31825,9.0
31826,9.0
31827,9.0
31828,9.0
31829,9.0
31830,9.0
31831,9.0
31832,9.0
31833,9.0
31834,9.0
31835,9.0
31836,9.0
31837,9.0
31838,9.0
31839,9.0
31840,9.0
31841,9.0
31842,8.0
31843,8.0
31844,8.0
31845,8.0
31846,8.0
31847,8.0
31848,8.0
31849,8.0
31850,8.0
31851,8.0
31852,8.0
31853,8.0
31854,8.0
31855,8.0
31856,8.0
31857,8.0
31858,8.0
31859,8.0
31860,8.0
31861,8.0
31862,8.0
31863,8.0
31864,8.0
31865,8.0
31866,8.0
31867,8.0
31868,8.0
31869,8.0
31870,8.0
31871,8.0
31872,8.0
31873,8.0
31874,8.0
31875,8.0
31876,8.0
31877,8.0
31878,8.0
31879,8.0
31880,8.0
31881,8.0
31882,8.0
31883,8.0
31884,8.0
31885,8.0
31886,8.0
31887,8.0
31888,8.0
31889,8.0
31890,8.0
31891,8.0
31892,8.0
31893,8.0
31894,8.0
31895,8.0
31896,8.0
31897,8.0
31898,8.0
31899,8.0
31900,8.0
31901,8.0
31902,8.0
31903,8.0
31904,8.0
31905,8.0
31906,8.0
31907,8.0
31908,8.0
31909,8.0
31910,8.0
31911,8.0
31912,8.0
31913,8.0
31914,8.0
31915,8.0
31916,8.0
31917,8.0
31918,8.0
31919,8.0
31920,8.0
31921,8.0
31922,8.0
31923,8.0
31924,8.0
31925,8.0
31926,8.0
31927,8.0
31928,8.0
31929,8.0
31930,8.0
31931,8.0
31932,8.0
31933,8.0
31934,8.0
31935,8.0
31936,8.0
31937,8.0
31938,8.0
31939,8.0
31940,8.0
31941,8.0
31942,8.0
31943,8.0
31944,8.0
31945,8.0
31946,8.0
31947,8.0
31948,8.0
31949,8.0
31950,8.0
31951,8.0
31952,8.0
31953,8.0
31954,8.0
31955,8.0
31956,8.0
31957,8.0
31958,8.0
31959,8.0
31960,8.0
31961,8.0
31962,8.0
31963,8.0
31964,8.0
31965,8.0
31966,8.0
31967,8.0
31968,8.0
31969,8.0
31970,8.0
31971,8.0
31972,8.0
31973,8.0
31974,8.0
31975,8.0
31976,8.0
31977,8.0
31978,8.0
31979,8.0
31980,8.0
31981,8.0
31982,8.0
31983,8.0
31984,8.0
31985,8.0
31986,8.0
31987,8.0
31988,8.0
31989,8.0
31990,8.0
31991,8.0
31992,8.0
31993,8.0
31994,8.0
31995,8.0
31996,8.0
31997,8.0
31998,8.0
31999,8.0
32000,8.0
32001,8.0
32002,8.0
32003,8.0
32004,8.0
32005,8.0
32006,8.0
32007,8.0
32008,8.0
32009,8.0
32010,8.0
32011,8.0
32012,8.0
32013,8.0
32014,8.0
32015,8.0
32016,8.0
32017,8.0
32018,8.0
32019,8.0
32020,8.0
32021,8.0
32022,8.0
32023,8.0
32024,8.0
32025,8.0
32026,8.0
32027,8.0
32028,8.0
32029,8.0
32030,8.0
32031,8.0
32032,8.0
32033,8.0
32034,8.0
32035,8.0
32036,8.0
32037,8.0
32038,8.0
32039,8.0
32040,8.0
32041,8.0
32042,8.0
32043,8.0
32044,8.0
32045,8.0
32046,8.0
32047,7.0
32048,7.0
32049,7.0
32050,7.0
32051,7.0
32052,7.0
32053,7.0
32054,7.0
32055,7.0
32056,7.0
32057,7.0
32058,7.0
32059,7.0
32060,7.0
32061,7.0
32062,7.0
32063,7.0
32064,7.0
32065,7.0
32066,7.0
32067,7.0
32068,7.0
32069,7.0
32070,7.0
32071,7.0
32072,7.0
32073,7.0
32074,7.0
32075,7.0
32076,7.0
32077,7.0
32078,7.0
32079,7.0
32080,7.0
32081,7.0
32082,7.0
32083,7.0
32084,7.0
32085,7.0
32086,7.0
32087,7.0
32088,7.0
32089,7.0
32090,7.0
32091,7.0
32092,7.0
32093,7.0
32094,7.0
32095,7.0
32096,7.0
32097,7.0
32098,7.0
32099,7.0
32100,7.0
32101,7.0
32102,7.0
32103,7.0
32104,7.0
32105,7.0
32106,7.0
32107,7.0
32108,7.0
32109,7.0
32110,7.0
32111,7.0
32112,7.0
32113,7.0
32114,7.0
32115,7.0
32116,7.0
32117,7.0
32118,7.0
32119,7.0
32120,7.0
32121,7.0
32122,7.0
32123,7.0
32124,7.0
32125,7.0
32126,7.0
32127,7.0
32128,7.0
32129,7.0
32130,7.0
32131,7.0
32132,7.0
32133,7.0
32134,7.0
32135,7.0
32136,7.0
32137,7.0
32138,7.0
32139,7.0
32140,7.0
32141,7.0
32142,7.0
32143,7.0
32144,7.0
32145,7.0
32146,7.0
32147,7.0
32148,7.0
32149,7.0
32150,7.0
32151,7.0
32152,7.0
32153,7.0
32154,7.0
32155,7.0
32156,7.0
32157,7.0
32158,7.0
32159,7.0
32160,7.0
32161,7.0
32162,7.0
32163,7.0
32164,7.0
32165,7.0
32166,7.0
32167,7.0
32168,7.0
32169,7.0
32170,7.0
32171,7.0
32172,7.0
32173,7.0
32174,7.0
32175,7.0
32176,7.0
32177,7.0
32178,7.0
32179,7.0
32180,7.0
32181,7.0
32182,7.0
32183,7.0
32184,7.0
32185,7.0
32186,7.0
32187,7.0
32188,7.0
32189,7.0
32190,7.0
32191,7.0
32192,7.0
32193,7.0
32194,7.0
32195,7.0
32196,7.0
32197,7.0
32198,7.0
32199,7.0
32200,7.0
32201,7.0
32202,7.0
32203,7.0
32204,7.0
32205,7.0
32206,7.0
32207,7.0
32208,7.0
32209,7.0
32210,7.0
32211,7.0
32212,7.0
32213,7.0
32214,7.0
32215,7.0
32216,7.0
32217,7.0
32218,7.0
32219,7.0
32220,7.0
32221,7.0
32222,7.0
32223,7.0
32224,7.0
32225,8.0
32226,8.0
32227,8.0
32228,8.0
32229,8.0
32230,8.0
32231,8.0
32232,8.0
32233,8.0
32234,8.0
32235,8.0
32236,8.0
32237,8.0
32238,8.0
32239,8.0
32240,8.0
32241,8.0
32242,8.0
32243,8.0
32244,8.0
32245,8.0
32246,8.0
32247,8.0
32248,8.0
32249,8.0
32250,8.0
32251,8.0
32252,8.0
32253,8.0
32254,8.0
32255,8.0
32256,8.0
32257,8.0
32258,8.0
32259,8.0
32260,8.0
32261,8.0
32262,8.0
32263,8.0
32264,8.0
32265,8.0
32266,8.0
32267,8.0
32268,8.0
32269,8.0
32270,8.0
32271,8.0
32272,8.0
32273,8.0
32274,8.0
32275,8.0
32276,8.0
32277,8.0
32278,8.0
32279,8.0
32280,8.0
32281,8.0
32282,8.0
32283,8.0
32284,8.0
32285,8.0
32286,8.0
32287,8.0
32288,8.0
32289,8.0
32290,8.0
32291,8.0
32292,8.0
32293,8.0
32294,8.0
32295,8.0
32296,8.0
32297,8.0
32298,8.0
32299,8.0
32300,8.0
32301,8.0
32302,8.0
32303,8.0
32304,8.0
32305,8.0
32306,8.0
32307,8.0
32308,8.0
32309,8.0
32310,8.0
32311,8.0
32312,8.0
32313,8.0
32314,8.0
32315,8.0
32316,8.0
32317,8.0
32318,8.0
32319,8.0
32320,8.0
32321,8.0
32322,8.0
32323,8.0
32324,8.0
32325,8.0
32326,8.0
32327,8.0
32328,8.0
32329,8.0
32330,8.0
32331,8.0
32332,8.0
32333,8.0
32334,8.0
32335,8.0
32336,8.0
32337,8.0
32338,8.0
32339,8.0
32340,8.0
32341,8.0
32342,8.0
32343,8.0
32344,8.0
32345,8.0
32346,8.0
32347,8.0
32348,8.0
32349,8.0
32350,8.0
32351,8.0
32352,8.0
32353,8.0
32354,8.0
32355,8.0
32356,8.0
32357,8.0
32358,8.0
32359,8.0
32360,8.0
32361,8.0
32362,8.0
32363,8.0
32364,8.0
32365,8.0
32366,8.0
32367,8.0
32368,8.0
32369,8.0
32370,8.0
32371,8.0
32372,8.0
32373,8.0
32374,8.0
32375,8.0
32376,8.0
32377,8.0
32378,8.0
32379,8.0
32380,8.0
32381,8.0
32382,8.0
32383,8.0
32384,8.0
32385,8.0
32386,8.0
32387,8.0
32388,8.0
32389,8.0
32390,8.0
32391,8.0
32392,8.0
32393,8.0
32394,8.0
32395,8.0
32396,8.0
32397,8.0
32398,8.0
32399,8.0
32400,8.0
32401,8.0
32402,8.0
32403,8.0
32404,8.0
32405,8.0
32406,8.0
32407,8.0
32408,8.0
32409,8.0
32410,8.0
32411,8.0
32412,8.0
32413,9.0
32414,9.0
32415,9.0
32416,9.0
32417,9.0
32418,9.0
32419,9.0
32420,9.0
32421,9.0
32422,9.0
32423,9.0
32424,9.0
32425,9.0
32426,9.0
32427,9.0
32428,9.0
32429,9.0
32430,9.0
32431,9.0
32432,9.0
32433,9.0
32434,9.0
32435,9.0
32436,9.0
32437,9.0
32438,9.0
32439,9.0
32440,9.0
32441,9.0
32442,8.0
32443,8.0
32444,8.0
32445,8.0
32446,8.0
32447,8.0
32448,8.0
32449,8.0
32450,8.0
32451,8.0
32452,8.0
32453,8.0
32454,8.0
32455,8.0
32456,8.0
32457,8.0
32458,8.0
32459,8.0
32460,8.0
32461,8.0
32462,8.0
32463,8.0
32464,8.0
32465,8.0
32466,8.0
32467,8.0
32468,8.0
32469,8.0
32470,8.0
32471,8.0
32472,8.0
32473,8.0
32474,8.0
32475,8.0
32476,8.0
32477,8.0
32478,8.0
32479,8.0
32480,8.0
32481,8.0
32482,8.0
32483,8.0
32484,8.0
32485,8.0
32486,8.0
32487,8.0
32488,8.0
32489,8.0
32490,8.0
32491,8.0
32492,8.0
32493,8.0
32494,8.0
32495,8.0
32496,8.0
32497,8.0
32498,8.0
32499,8.0
32500,8.0
32501,8.0
32502,8.0
32503,8.0
32504,8.0
32505,8.0
32506,8.0
32507,8.0
32508,8.0
32509,8.0
32510,8.0
32511,8.0
32512,8.0
32513,8.0
32514,8.0
32515,8.0
32516,8.0
32517,8.0
32518,8.0
32519,8.0
32520,8.0
32521,8.0
32522,8.0
32523,8.0
32524,8.0
32525,8.0
32526,8.0
32527,8.0
32528,8.0
32529,8.0
32530,8.0
32531,8.0
32532,8.0
32533,8.0
32534,8.0
32535,8.0
32536,8.0
32537,8.0
32538,8.0
32539,8.0
32540,8.0
32541,8.0
32542,8.0
32543,8.0
32544,8.0
32545,8.0
32546,8.0
32547,8.0
32548,8.0
32549,8.0
32550,8.0
32551,8.0
32552,8.0
32553,8.0
32554,8.0
32555,8.0
32556,8.0
32557,8.0
32558,8.0
32559,8.0
32560,8.0
32561,8.0
32562,8.0
32563,8.0
32564,8.0
32565,8.0
32566,8.0
32567,8.0
32568,8.0
32569,8.0
32570,8.0
32571,8.0
32572,8.0
32573,8.0
32574,8.0
32575,8.0
32576,8.0
32577,8.0
32578,7.0
32579,7.0
32580,7.0
32581,7.0
32582,7.0
32583,7.0
32584,7.0
32585,7.0
32586,7.0
32587,7.0
32588,7.0
32589,7.0
32590,7.0
32591,7.0
32592,7.0
32593,7.0
32594,7.0
32595,7.0
32596,7.0
32597,7.0
32598,7.0
32599,7.0
32600,7.0
32601,7.0
32602,7.0
32603,7.0
32604,7.0
32605,7.0
32606,7.0
32607,7.0
32608,7.0
32609,7.0
32610,7.0
32611,7.0
32612,7.0
32613,7.0
32614,7.0
32615,7.0
32616,7.0
32617,7.0
32618,7.0
32619,7.0
32620,7.0
32621,7.0
32622,7.0
32623,7.0
32624,7.0
32625,7.0
32626,7.0
32627,7.0
32628,7.0
32629,8.0
32630,8.0
32631,8.0
32632,8.0
32633,8.0
32634,8.0
32635,8.0
32636,8.0
32637,8.0
32638,8.0
32639,8.0
32640,8.0
32641,8.0
32642,8.0
32643,8.0
32644,8.0
32645,8.0
32646,8.0
32647,8.0
32648,8.0
32649,8.0
32650,8.0
32651,8.0
32652,8.0
32653,8.0
32654,8.0
32655,8.0
32656,8.0
32657,8.0
32658,8.0
32659,8.0
32660,8.0
32661,8.0
32662,8.0
32663,8.0
32664,8.0
32665,8.0
32666,8.0
32667,8.0
32668,8.0
32669,8.0
32670,8.0
32671,8.0
32672,8.0
32673,8.0
32674,8.0
32675,8.0
32676,8.0
32677,8.0
32678,8.0
32679,8.0
32680,8.0
32681,8.0
32682,8.0
32683,8.0
32684,8.0
32685,8.0
32686,8.0
32687,8.0
32688,8.0
32689,8.0
32690,8.0
32691,8.0
32692,8.0
32693,8.0
32694,8.0
32695,8.0
32696,9.0
32697,9.0
32698,9.0
32699,9.0
32700,9.0
32701,9.0
32702,9.0
32703,9.0
32704,9.0
32705,9.0
32706,9.0
32707,9.0
32708,9.0
32709,9.0
32710,9.0
32711,9.0
32712,9.0
32713,9.0
32714,9.0
32715,9.0
32716,9.0
32717,9.0
32718,9.0
32719,9.0
32720,9.0
32721,9.0
32722,9.0
32723,9.0
32724,9.0
32725,9.0
32726,9.0
32727,9.0
32728,9.0
32729,9.0
32730,9.0
32731,9.0
32732,9.0
32733,9.0
32734,9.0
32735,9.0
32736,9.0
32737,9.0
32738,9.0
32739,9.0
32740,9.0
32741,9.0
32742,9.0
32743,9.0
32744,9.0
32745,9.0
32746,9.0
32747,9.0
32748,9.0
32749,9.0
32750,9.0
32751,9.0
32752,9.0
32753,9.0
32754,9.0
32755,9.0
32756,9.0
32757,9.0
32758,9.0
32759,9.0
32760,9.0
32761,9.0
32762,9.0
32763,9.0
32764,9.0
32765,9.0
32766,9.0
32767,9.0
32768,9.0
32769,9.0
32770,9.0
32771,9.0
32772,9.0
32773,9.0
32774,9.0
32775,9.0
32776,9.0
32777,9.0
32778,9.0
32779,9.0
32780,9.0
32781,9.0
32782,9.0
32783,9.0
32784,8.0
32785,8.0
32786,8.0
32787,8.0
32788,8.0
32789,8.0
32790,8.0
32791,8.0
32792,8.0
32793,8.0
32794,8.0
32795,8.0
32796,8.0
32797,8.0
32798,8.0
32799,8.0
32800,8.0
32801,8.0
32802,8.0
32803,8.0
32804,8.0
32805,8.0
32806,8.0
32807,8.0
32808,8.0
32809,8.0
32810,8.0
32811,8.0
32812,8.0
32813,8.0
32814,8.0
32815,8.0
32816,8.0
32817,8.0
32818,8.0
32819,8.0
32820,8.0
32821,8.0
32822,8.0
32823,8.0
32824,8.0
32825,8.0
32826,8.0
32827,8.0
32828,8.0
32829,8.0
32830,8.0
32831,8.0
32832,8.0
32833,8.0
32834,8.0
32835,8.0
32836,8.0
32837,8.0
32838,9.0
32839,9.0
32840,9.0
32841,9.0
32842,9.0
32843,9.0
32844,9.0
32845,9.0
32846,9.0
32847,9.0
32848,9.0
32849,9.0
32850,9.0
32851,9.0
32852,9.0
32853,9.0
32854,9.0
32855,9.0
32856,9.0
32857,9.0
32858,9.0
32859,9.0
32860,9.0
32861,9.0
32862,9.0
32863,9.0
32864,9.0
32865,9.0
32866,9.0
32867,9.0
32868,9.0
32869,9.0
32870,9.0
32871,9.0
32872,9.0
32873,9.0
32874,9.0
32875,9.0
32876,9.0
32877,9.0
32878,9.0
32879,9.0
32880,9.0
32881,9.0
32882,9.0
32883,9.0
32884,9.0
32885,9.0
32886,9.0
32887,9.0
32888,9.0
32889,9.0
32890,9.0
32891,9.0
32892,9.0
32893,9.0
32894,9.0
32895,9.0
32896,9.0
32897,9.0
32898,10.0
32899,10.0
32900,10.0
32901,10.0
32902,10.0
32903,10.0
32904,10.0
32905,10.0
32906,10.0
32907,10.0
32908,10.0
32909,10.0
32910,10.0
32911,10.0
32912,10.0
32913,10.0
32914,11.0
32915,11.0
32916,11.0
32917,11.0
32918,11.0
32919,11.0
32920,11.0
32921,11.0
32922,11.0
32923,11.0
32924,11.0
32925,11.0
32926,11.0
32927,11.0
32928,11.0
32929,11.0
32930,11.0
32931,11.0
32932,11.0
32933,11.0
32934,11.0
32935,11.0
32936,11.0
32937,11.0
32938,11.0
32939,11.0
32940,11.0
32941,11.0
32942,11.0
32943,11.0
32944,11.0
32945,11.0
32946,11.0
32947,11.0
32948,11.0
32949,11.0
32950,11.0
32951,11.0
32952,11.0
32953,11.0
32954,11.0
32955,11.0
32956,11.0
32957,11.0
32958,11.0
32959,11.0
32960,11.0
32961,11.0
32962,11.0
32963,11.0
32964,11.0
32965,11.0
32966,11.0
32967,11.0
32968,11.0
32969,11.0
32970,11.0
32971,11.0
32972,11.0
32973,11.0
32974,11.0
32975,11.0
32976,11.0
32977,11.0
32978,11.0
32979,11.0
32980,11.0
32981,11.0
32982,11.0
32983,11.0
32984,11.0
32985,11.0
32986,11.0
32987,11.0
32988,11.0
32989,11.0
32990,11.0
32991,11.0
32992,11.0
32993,11.0
32994,11.0
32995,11.0
32996,11.0
32997,11.0
32998,11.0
32999,10.0
33000,10.0
33001,10.0
33002,10.0
33003,10.0
33004,10.0
33005,10.0
33006,10.0
33007,10.0
33008,10.0
33009,10.0
33010,10.0
33011,10.0
33012,10.0
33013,10.0
33014,10.0
33015,10.0
33016,10.0
33017,10.0
33018,10.0
33019,10.0
33020,10.0
33021,10.0
33022,10.0
33023,10.0
33024,10.0
33025,10.0
33026,10.0
33027,10.0
33028,10.0
33029,10.0
33030,10.0
33031,10.0
33032,10.0
33033,10.0
33034,10.0
33035,10.0
33036,10.0
33037,10.0
33038,10.0
33039,10.0
33040,10.0
33041,10.0
33042,10.0
33043,10.0
33044,10.0
33045,10.0
33046,10.0
33047,10.0
33048,10.0
33049,10.0
33050,10.0
33051,10.0
33052,10.0
33053,10.0
33054,10.0
33055,10.0
33056,10.0
33057,10.0
33058,10.0
33059,10.0
33060,10.0
33061,10.0
33062,10.0
33063,10.0
33064,10.0
33065,10.0
33066,10.0
33067,10.0
33068,10.0
33069,10.0
33070,10.0
33071,11.0
33072,11.0
33073,11.0
33074,11.0
33075,11.0
33076,11.0
33077,11.0
33078,11.0
33079,11.0
33080,11.0
33081,11.0
33082,11.0
33083,11.0
33084,11.0
33085,11.0
33086,11.0
33087,11.0
33088,11.0
33089,10.0
33090,10.0
33091,10.0
33092,10.0
33093,10.0
33094,10.0
33095,10.0
33096,10.0
33097,10.0
33098,10.0
33099,10.0
33100,10.0
33101,10.0
33102,10.0
33103,10.0
33104,10.0
33105,10.0
33106,10.0
33107,10.0
33108,10.0
33109,10.0
33110,10.0
33111,10.0
33112,11.0
33113,11.0
33114,11.0
33115,11.0
33116,11.0
33117,11.0
33118,11.0
33119,11.0
33120,12.0
33121,12.0
33122,12.0
33123,12.0
33124,12.0
33125,12.0
33126,12.0
33127,12.0
33128,12.0
33129,12.0
33130,12.0
33131,12.0
33132,12.0
33133,12.0
33134,12.0
33135,12.0
33136,12.0
33137,12.0
33138,12.0
33139,12.0
33140,12.0
33141,12.0
33142,12.0
33143,12.0
33144,12.0
33145,12.0
33146,12.0
33147,12.0
33148,12.0
33149,12.0
33150,12.0
33151,12.0
33152,12.0
33153,12.0
33154,12.0
33155,12.0
33156,12.0
33157,12.0
33158,12.0
33159,12.0
33160,12.0
33161,12.0
33162,12.0
33163,12.0
33164,12.0
33165,12.0
33166,12.0
33167,12.0
33168,12.0
33169,12.0
33170,12.0
33171,12.0
33172,12.0
33173,12.0
33174,12.0
33175,12.0
33176,12.0
33177,12.0
33178,12.0
33179,12.0
33180,12.0
33181,12.0
33182,12.0
33183,12.0
33184,12.0
33185,12.0
33186,12.0
33187,12.0
33188,12.0
33189,12.0
33190,11.0
33191,11.0
33192,11.0
33193,11.0
33194,11.0
33195,11.0
33196,11.0
33197,11.0
33198,11.0
33199,11.0
33200,11.0
33201,11.0
33202,11.0
33203,11.0
33204,11.0
33205,11.0
33206,11.0
33207,11.0
33208,11.0
33209,11.0
33210,11.0
33211,11.0
33212,11.0
33213,11.0
33214,11.0
33215,11.0
33216,11.0
33217,11.0
33218,11.0
33219,11.0
33220,11.0
33221,11.0
33222,11.0
33223,11.0
33224,11.0
33225,11.0
33226,11.0
33227,11.0
33228,11.0
33229,11.0
33230,11.0
33231,11.0
33232,11.0
33233,11.0
33234,11.0
33235,11.0
33236,11.0
33237,11.0
33238,11.0
33239,11.0
33240,11.0
33241,11.0
33242,11.0
33243,11.0
33244,11.0
33245,11.0
33246,11.0
33247,11.0
33248,11.0
33249,11.0
33250,11.0
33251,11.0
33252,11.0
33253,11.0
33254,11.0
33255,11.0
33256,11.0
33257,11.0
33258,11.0
33259,11.0
33260,11.0
33261,11.0
33262,11.0
33263,11.0
33264,11.0
33265,11.0
33266,11.0
33267,11.0
33268,11.0
33269,11.0
33270,11.0
33271,11.0
33272,11.0
33273,11.0
33274,11.0
33275,11.0
33276,11.0
33277,11.0
33278,11.0
33279,11.0
33280,11.0
33281,11.0
33282,11.0
33283,11.0
33284,11.0
33285,11.0
33286,11.0
33287,11.0
33288,11.0
33289,11.0
33290,11.0
33291,11.0
33292,11.0
33293,11.0
33294,11.0
33295,11.0
33296,11.0
33297,11.0
33298,11.0
33299,11.0
33300,11.0
33301,11.0
33302,11.0
33303,11.0
33304,11.0
33305,11.0
33306,11.0
33307,11.0
33308,11.0
33309,11.0
33310,11.0
33311,11.0
33312,11.0
33313,11.0
33314,11.0
33315,11.0
33316,11.0
33317,11.0
33318,11.0
33319,11.0
33320,11.0
33321,11.0
33322,11.0
33323,11.0
33324,11.0
33325,11.0
33326,11.0
33327,11.0
33328,11.0
33329,11.0
33330,11.0
33331,11.0
33332,11.0
33333,11.0
33334,11.0
33335,11.0
33336,11.0
33337,11.0
33338,11.0
33339,11.0
33340,11.0
33341,11.0
33342,11.0
33343,11.0
33344,11.0
33345,11.0
33346,11.0
33347,11.0
33348,11.0
33349,11.0
33350,11.0
33351,11.0
33352,11.0
33353,11.0
33354,11.0
33355,11.0
33356,11.0
33357,11.0
33358,11.0
33359,11.0
33360,11.0
33361,11.0
33362,11.0
33363,11.0
33364,11.0
33365,11.0
33366,11.0
33367,11.0
33368,11.0
33369,11.0
33370,11.0
33371,11.0
33372,11.0
33373,11.0
33374,11.0
33375,11.0
33376,11.0
33377,11.0
33378,11.0
33379,11.0
33380,11.0
33381,11.0
33382,11.0
33383,11.0
33384,11.0
33385,11.0
33386,11.0
33387,11.0
33388,11.0
33389,11.0
33390,11.0
33391,11.0
33392,11.0
33393,11.0
33394,11.0
33395,11.0
33396,11.0
33397,11.0
33398,11.0
33399,11.0
33400,11.0
33401,11.0
33402,11.0
33403,11.0
33404,11.0
33405,11.0
33406,11.0
33407,11.0
33408,11.0
33409,11.0
33410,11.0
33411,11.0
33412,11.0
33413,11.0
33414,11.0
33415,11.0
33416,11.0
33417,11.0
33418,11.0
33419,11.0
33420,11.0
33421,11.0
33422,11.0
33423,11.0
33424,11.0
33425,11.0
33426,11.0
33427,11.0
33428,11.0
33429,11.0
33430,11.0
33431,11.0
33432,11.0
33433,11.0
33434,11.0
33435,11.0
33436,11.0
33437,11.0
33438,11.0
33439,11.0
33440,11.0
33441,11.0
33442,11.0
33443,11.0
33444,11.0
33445,11.0
33446,11.0
33447,11.0
33448,11.0
33449,11.0
33450,10.0
33451,10.0
33452,10.0
33453,10.0
33454,10.0
33455,10.0
33456,10.0
33457,10.0
33458,10.0
33459,10.0
33460,10.0
33461,10.0
33462,10.0
33463,10.0
33464,10.0
33465,10.0
33466,10.0
33467,10.0
33468,10.0
33469,10.0
33470,10.0
33471,10.0
33472,10.0
33473,10.0
33474,10.0
33475,10.0
33476,10.0
33477,10.0
33478,10.0
33479,10.0
33480,10.0
33481,10.0
33482,10.0
33483,10.0
33484,10.0
33485,10.0
33486,10.0
33487,10.0
33488,10.0
33489,10.0
33490,10.0
33491,10.0
33492,10.0
33493,10.0
33494,10.0
33495,10.0
33496,10.0
33497,10.0
33498,10.0
33499,10.0
33500,10.0
33501,10.0
33502,10.0
33503,10.0
33504,10.0
33505,10.0
33506,10.0
33507,10.0
33508,10.0
33509,10.0
33510,10.0
33511,10.0
33512,10.0
33513,10.0
33514,10.0
33515,10.0
33516,10.0
33517,10.0
33518,10.0
33519,10.0
33520,10.0
33521,10.0
33522,10.0
33523,10.0
33524,10.0
33525,10.0
33526,10.0
33527,10.0
33528,10.0
33529,10.0
33530,10.0
33531,10.0
33532,10.0
33533,10.0
33534,10.0
33535,10.0
33536,10.0
33537,10.0
33538,10.0
33539,10.0
33540,10.0
33541,10.0
33542,10.0
33543,10.0
33544,10.0
33545,10.0
33546,10.0
33547,10.0
33548,10.0
33549,10.0
33550,10.0
33551,10.0
33552,10.0
33553,10.0
33554,10.0
33555,10.0
33556,10.0
33557,10.0
33558,10.0
33559,10.0
33560,10.0
33561,10.0
33562,10.0
33563,10.0
33564,10.0
33565,10.0
33566,10.0
33567,10.0
33568,10.0
33569,10.0
33570,10.0
33571,10.0
33572,10.0
33573,10.0
33574,10.0
33575,10.0
33576,10.0
33577,10.0
33578,10.0
33579,10.0
33580,10.0
33581,10.0
33582,10.0
33583,10.0
33584,10.0
33585,10.0
33586,10.0
33587,10.0
33588,10.0
33589,10.0
33590,10.0
33591,10.0
33592,10.0
33593,10.0
33594,10.0
33595,10.0
33596,10.0
33597,10.0
33598,10.0
33599,10.0
33600,10.0
33601,10.0
33602,10.0
33603,10.0
33604,10.0
33605,10.0
33606,10.0
33607,10.0
33608,10.0
33609,10.0
33610,10.0
33611,10.0
33612,10.0
33613,10.0
33614,10.0
33615,10.0
33616,10.0
33617,10.0
33618,10.0
33619,10.0
33620,10.0
33621,10.0
33622,10.0
33623,10.0
33624,10.0
33625,10.0
33626,10.0
33627,10.0
33628,10.0
33629,10.0
33630,10.0
33631,10.0
33632,10.0
33633,10.0
33634,10.0
33635,10.0
33636,10.0
33637,10.0
33638,11.0
33639,11.0
33640,11.0
33641,11.0
33642,11.0
33643,11.0
33644,11.0
33645,11.0
33646,11.0
33647,11.0
33648,11.0
33649,11.0
33650,11.0
33651,11.0
33652,11.0
33653,11.0
33654,11.0
33655,11.0
33656,11.0
33657,11.0
33658,11.0
33659,11.0
33660,11.0
33661,11.0
33662,11.0
33663,11.0
33664,11.0
33665,11.0
33666,11.0
33667,11.0
33668,11.0
33669,11.0
33670,11.0
33671,11.0
33672,11.0
33673,11.0
33674,11.0
33675,11.0
33676,11.0
33677,11.0
33678,11.0
33679,11.0
33680,11.0
33681,11.0
33682,11.0
33683,11.0
33684,11.0
33685,11.0
33686,11.0
33687,11.0
33688,11.0
33689,11.0
33690,11.0
33691,11.0
33692,11.0
33693,11.0
33694,11.0
33695,11.0
33696,11.0
33697,11.0
33698,11.0
33699,11.0
33700,11.0
33701,11.0
33702,11.0
33703,11.0
33704,11.0
33705,11.0
33706,11.0
33707,11.0
33708,11.0
33709,11.0
33710,11.0
33711,11.0
33712,11.0
33713,11.0
33714,11.0
33715,11.0
33716,11.0
33717,11.0
33718,11.0
33719,11.0
33720,11.0
33721,11.0
33722,11.0
33723,11.0
33724,11.0
33725,11.0
33726,11.0
33727,11.0
33728,11.0
33729,11.0
33730,11.0
33731,11.0
33732,11.0
33733,11.0
33734,11.0
33735,11.0
33736,11.0
33737,11.0
33738,11.0
33739,11.0
33740,11.0
33741,11.0
33742,11.0
33743,11.0
33744,11.0
33745,11.0
33746,11.0
33747,11.0
33748,11.0
33749,11.0
33750,11.0
33751,11.0
33752,11.0
33753,11.0
33754,11.0
33755,11.0
33756,11.0
33757,11.0
33758,11.0
33759,11.0
33760,11.0
33761,11.0
33762,11.0
33763,11.0
33764,11.0
33765,11.0
33766,11.0
33767,11.0
33768,11.0
33769,11.0
33770,11.0
33771,11.0
33772,11.0
33773,11.0
33774,11.0
33775,11.0
33776,11.0
33777,11.0
33778,11.0
33779,11.0
33780,11.0
33781,11.0
33782,11.0
33783,11.0
33784,11.0
33785,11.0
33786,11.0
33787,11.0
33788,11.0
33789,11.0
33790,11.0
33791,11.0
33792,11.0
33793,11.0
33794,11.0
33795,11.0
33796,11.0
33797,11.0
33798,11.0
33799,11.0
33800,11.0
33801,11.0
33802,11.0
33803,11.0
33804,11.0
33805,11.0
33806,11.0
33807,11.0
33808,11.0
33809,11.0
33810,11.0
33811,11.0
33812,11.0
33813,11.0
33814,11.0
33815,11.0
33816,11.0
33817,11.0
33818,11.0
33819,11.0
33820,11.0
33821,11.0
33822,11.0
33823,11.0
33824,11.0
33825,11.0
33826,11.0
33827,11.0
33828,11.0
33829,11.0
33830,11.0
33831,11.0
33832,11.0
33833,11.0
33834,11.0
33835,11.0
33836,11.0
33837,11.0
33838,11.0
33839,11.0
33840,11.0
33841,11.0
33842,11.0
33843,11.0
33844,11.0
33845,11.0
33846,11.0
33847,11.0
33848,11.0
33849,11.0
33850,11.0
33851,11.0
33852,11.0
33853,11.0
33854,11.0
33855,11.0
33856,11.0
33857,11.0
33858,11.0
33859,11.0
33860,11.0
33861,11.0
33862,11.0
33863,11.0
33864,11.0
33865,11.0
33866,11.0
33867,11.0
33868,11.0
33869,11.0
33870,11.0
33871,11.0
33872,11.0
33873,11.0
33874,11.0
33875,11.0
33876,11.0
33877,11.0
33878,11.0
33879,12.0
33880,12.0
33881,12.0
33882,12.0
33883,12.0
33884,12.0
33885,12.0
33886,12.0
33887,12.0
33888,12.0
33889,12.0
33890,12.0
33891,12.0
33892,12.0
33893,12.0
33894,12.0
33895,12.0
33896,12.0
33897,12.0
33898,12.0
33899,12.0
33900,12.0
33901,12.0
33902,12.0
33903,12.0
33904,12.0
33905,12.0
33906,12.0
33907,12.0
33908,12.0
33909,12.0
33910,12.0
33911,12.0
33912,12.0
33913,12.0
33914,12.0
33915,12.0
33916,12.0
33917,12.0
33918,12.0
33919,12.0
33920,12.0
33921,12.0
33922,12.0
33923,12.0
33924,12.0
33925,12.0
33926,12.0
33927,12.0
33928,12.0
33929,12.0
33930,12.0
33931,12.0
33932,12.0
33933,12.0
33934,12.0
33935,12.0
33936,12.0
33937,12.0
33938,12.0
33939,12.0
33940,12.0
33941,12.0
33942,12.0
33943,12.0
33944,12.0
33945,12.0
33946,12.0
33947,12.0
33948,12.0
33949,12.0
33950,12.0
33951,12.0
33952,12.0
33953,12.0
33954,12.0
33955,12.0
33956,12.0
33957,12.0
33958,12.0
33959,12.0
33960,12.0
33961,12.0
33962,12.0
33963,12.0
33964,12.0
33965,12.0
33966,12.0
33967,12.0
33968,12.0
33969,12.0
33970,12.0
33971,12.0
33972,12.0
33973,12.0
33974,12.0
33975,12.0
33976,12.0
33977,12.0
33978,12.0
33979,12.0
33980,12.0
33981,12.0
33982,12.0
33983,12.0
33984,12.0
33985,12.0
33986,12.0
33987,12.0
33988,12.0
33989,12.0
33990,12.0
33991,12.0
33992,12.0
33993,12.0
33994,12.0
33995,12.0
33996,12.0
33997,12.0
33998,12.0
33999,12.0
34000,12.0
34001,12.0
34002,12.0
34003,12.0
34004,12.0
34005,12.0
34006,12.0
34007,12.0
34008,12.0
34009,12.0
34010,12.0
34011,12.0
34012,12.0
34013,12.0
34014,12.0
34015,12.0
34016,12.0
34017,12.0
34018,12.0
34019,12.0
34020,12.0
34021,12.0
34022,12.0
34023,12.0
34024,12.0
34025,12.0
34026,12.0
34027,12.0
34028,12.0
34029,12.0
34030,12.0
34031,12.0
34032,12.0
34033,12.0
34034,12.0
34035,12.0
34036,12.0
34037,12.0
34038,12.0
34039,12.0
34040,12.0
34041,12.0
34042,12.0
34043,12.0
34044,12.0
34045,12.0
34046,12.0
34047,12.0
34048,12.0
34049,12.0
34050,12.0
34051,12.0
34052,12.0
34053,12.0
34054,12.0
34055,12.0
34056,12.0
34057,12.0
34058,12.0
34059,12.0
34060,12.0
34061,12.0
34062,12.0
34063,12.0
34064,12.0
34065,12.0
34066,12.0
34067,12.0
34068,12.0
34069,12.0
34070,12.0
34071,12.0
34072,12.0
34073,12.0
34074,12.0
34075,12.0
34076,12.0
34077,12.0
34078,12.0
34079,12.0
34080,12.0
34081,12.0
34082,12.0
34083,12.0
34084,12.0
34085,12.0
34086,12.0
34087,12.0
34088,12.0
34089,12.0
34090,12.0
34091,12.0
34092,12.0
34093,12.0
34094,12.0
34095,12.0
34096,12.0
34097,12.0
34098,12.0
34099,12.0
34100,12.0
34101,12.0
34102,12.0
34103,12.0
34104,12.0
34105,12.0
34106,12.0
34107,12.0
34108,12.0
34109,12.0
34110,12.0
34111,12.0
34112,12.0
34113,12.0
34114,12.0
34115,12.0
34116,12.0
34117,12.0
34118,12.0
34119,12.0
34120,12.0
34121,12.0
34122,12.0
34123,12.0
34124,12.0
34125,12.0
34126,12.0
34127,12.0
34128,12.0
34129,12.0
34130,12.0
34131,12.0
34132,12.0
34133,12.0
34134,12.0
34135,12.0
34136,12.0
34137,12.0
34138,12.0
34139,12.0
34140,12.0
34141,12.0
34142,12.0
34143,12.0
34144,12.0
34145,12.0
34146,12.0
34147,12.0
34148,12.0
34149,12.0
34150,12.0
34151,12.0
34152,12.0
34153,12.0
34154,12.0
34155,12.0
34156,12.0
34157,12.0
34158,12.0
34159,12.0
34160,12.0
34161,12.0
34162,12.0
34163,12.0
34164,12.0
34165,12.0
34166,12.0
34167,12.0
34168,12.0
34169,12.0
34170,12.0
34171,12.0
34172,12.0
34173,12.0
34174,12.0
34175,12.0
34176,12.0
34177,12.0
34178,12.0
34179,12.0
34180,12.0
34181,12.0
34182,12.0
34183,12.0
34184,12.0
34185,12.0
34186,12.0
34187,12.0
34188,12.0
34189,12.0
34190,12.0
34191,12.0
34192,12.0
34193,12.0
34194,12.0
34195,12.0
34196,12.0
34197,12.0
34198,12.0
34199,12.0
34200,12.0
34201,12.0
34202,12.0
34203,12.0
34204,12.0
34205,12.0
34206,12.0
34207,12.0
34208,12.0
34209,12.0
34210,12.0
34211,12.0
34212,12.0
34213,12.0
34214,12.0
34215,12.0
34216,12.0
34217,12.0
34218,12.0
34219,12.0
34220,12.0
34221,12.0
34222,12.0
34223,12.0
34224,12.0
34225,12.0
34226,12.0
34227,12.0
34228,12.0
34229,12.0
34230,12.0
34231,12.0
34232,12.0
34233,12.0
34234,12.0
34235,12.0
34236,12.0
34237,12.0
34238,12.0
34239,12.0
34240,12.0
34241,12.0
34242,12.0
34243,12.0
34244,12.0
34245,12.0
34246,12.0
34247,12.0
34248,12.0
34249,12.0
34250,12.0
34251,12.0
34252,12.0
34253,12.0
34254,12.0
34255,12.0
34256,12.0
34257,12.0
34258,12.0
34259,12.0
34260,12.0
34261,12.0
34262,12.0
34263,12.0
34264,12.0
34265,12.0
34266,13.0
34267,13.0
34268,13.0
34269,13.0
34270,13.0
34271,13.0
34272,13.0
34273,13.0
34274,13.0
34275,13.0
34276,13.0
34277,13.0
34278,13.0
34279,13.0
34280,13.0
34281,13.0
34282,13.0
34283,13.0
34284,13.0
34285,13.0
34286,13.0
34287,13.0
34288,13.0
34289,13.0
34290,13.0
34291,13.0
34292,13.0
34293,13.0
34294,13.0
34295,13.0
34296,13.0
34297,13.0
34298,13.0
34299,13.0
34300,13.0
34301,13.0
34302,13.0
34303,13.0
34304,13.0
34305,13.0
34306,13.0
34307,13.0
34308,13.0
34309,13.0
34310,13.0
34311,13.0
34312,13.0
34313,13.0
34314,13.0
34315,13.0
34316,13.0
34317,13.0
34318,13.0
34319,13.0
34320,13.0
34321,13.0
34322,13.0
34323,13.0
34324,13.0
34325,13.0
34326,13.0
34327,13.0
34328,13.0
34329,13.0
34330,13.0
34331,13.0
34332,13.0
34333,13.0
34334,13.0
34335,13.0
34336,13.0
34337,13.0
34338,13.0
34339,13.0
34340,13.0
34341,13.0
34342,13.0
34343,13.0
34344,13.0
34345,13.0
34346,13.0
34347,13.0
34348,13.0
34349,13.0
34350,13.0
34351,13.0
34352,13.0
34353,13.0
34354,13.0
34355,13.0
34356,13.0
34357,13.0
34358,13.0
34359,13.0
34360,13.0
34361,13.0
34362,13.0
34363,13.0
34364,13.0
34365,13.0
34366,13.0
34367,13.0
34368,13.0
34369,13.0
34370,13.0
34371,13.0
34372,13.0
34373,13.0
34374,13.0
34375,13.0
34376,13.0
34377,13.0
34378,13.0
34379,13.0
34380,13.0
34381,13.0
34382,13.0
34383,13.0
34384,13.0
34385,13.0
34386,13.0
34387,13.0
34388,13.0
34389,13.0
34390,13.0
34391,13.0
34392,13.0
34393,13.0
34394,13.0
34395,13.0
34396,13.0
34397,13.0
34398,13.0
34399,13.0
34400,13.0
34401,13.0
34402,13.0
34403,13.0
34404,13.0
34405,13.0
34406,13.0
34407,13.0
34408,13.0
34409,13.0
34410,13.0
34411,13.0
34412,13.0
34413,13.0
34414,13.0
34415,13.0
34416,13.0
34417,13.0
34418,13.0
34419,13.0
34420,13.0
34421,13.0
34422,13.0
34423,13.0
34424,13.0
34425,13.0
34426,13.0
34427,13.0
34428,13.0
34429,13.0
34430,13.0
34431,13.0
34432,13.0
34433,13.0
34434,13.0
34435,13.0
34436,13.0
34437,13.0
34438,13.0
34439,13.0
34440,13.0
34441,13.0
34442,13.0
34443,13.0
34444,13.0
34445,13.0
34446,13.0
34447,13.0
34448,13.0
34449,13.0
34450,13.0
34451,13.0
34452,13.0
34453,13.0
34454,13.0
34455,13.0
34456,13.0
34457,13.0
34458,13.0
34459,13.0
34460,13.0
34461,13.0
34462,13.0
34463,13.0
34464,13.0
34465,13.0
34466,13.0
34467,13.0
34468,13.0
34469,13.0
34470,13.0
34471,13.0
34472,13.0
34473,13.0
34474,13.0
34475,13.0
34476,13.0
34477,13.0
34478,13.0
34479,13.0
34480,13.0
34481,13.0
34482,13.0
34483,13.0
34484,13.0
34485,13.0
34486,13.0
34487,13.0
34488,13.0
34489,13.0
34490,13.0
34491,13.0
34492,13.0
34493,13.0
34494,13.0
34495,13.0
34496,13.0
34497,13.0
34498,13.0
34499,13.0
34500,13.0
34501,13.0
34502,13.0
34503,13.0
34504,13.0
34505,13.0
34506,13.0
34507,13.0
34508,13.0
34509,13.0
34510,13.0
34511,13.0
34512,13.0
34513,13.0
34514,13.0
34515,13.0
34516,13.0
34517,13.0
34518,13.0
34519,13.0
34520,13.0
34521,13.0
34522,13.0
34523,13.0
34524,13.0
34525,13.0
34526,13.0
34527,13.0
34528,13.0
34529,13.0
34530,13.0
34531,13.0
34532,13.0
34533,13.0
34534,13.0
34535,13.0
34536,13.0
34537,13.0
34538,13.0
34539,13.0
34540,13.0
34541,13.0
34542,13.0
34543,13.0
34544,13.0
34545,13.0
34546,13.0
34547,13.0
34548,13.0
34549,13.0
34550,13.0
34551,13.0
34552,13.0
34553,13.0
34554,13.0
34555,13.0
34556,13.0
34557,13.0
34558,13.0
34559,13.0
34560,13.0
34561,13.0
34562,13.0
34563,13.0
34564,13.0
34565,13.0
34566,13.0
34567,13.0
34568,13.0
34569,13.0
34570,13.0
34571,13.0
34572,13.0
34573,13.0
34574,13.0
34575,13.0
34576,13.0
34577,13.0
34578,13.0
34579,13.0
34580,13.0
34581,13.0
34582,13.0
34583,13.0
34584,13.0
34585,13.0
34586,13.0
34587,13.0
34588,13.0
34589,13.0
34590,13.0
34591,13.0
34592,13.0
34593,13.0
34594,13.0
34595,13.0
34596,13.0
34597,13.0
34598,13.0
34599,13.0
34600,13.0
34601,13.0
34602,13.0
34603,13.0
34604,13.0
34605,13.0
34606,13.0
34607,13.0
34608,13.0
34609,13.0
34610,13.0
34611,13.0
34612,13.0
34613,13.0
34614,13.0
34615,13.0
34616,13.0
34617,13.0
34618,13.0
34619,13.0
34620,13.0
34621,13.0
34622,13.0
34623,13.0
34624,13.0
34625,13.0
34626,13.0
34627,13.0
34628,13.0
34629,13.0
34630,13.0
34631,13.0
34632,13.0
34633,13.0
34634,13.0
34635,13.0
34636,13.0
34637,13.0
34638,13.0
34639,13.0
34640,13.0
34641,13.0
34642,13.0
34643,13.0
34644,13.0
34645,13.0
34646,13.0
34647,13.0
34648,13.0
34649,13.0
34650,13.0
34651,13.0
34652,13.0
34653,13.0
34654,13.0
34655,13.0
34656,13.0
34657,13.0
34658,13.0
34659,13.0
34660,13.0
34661,13.0
34662,13.0
34663,13.0
34664,13.0
34665,13.0
34666,13.0
34667,13.0
34668,13.0
34669,13.0
34670,13.0
34671,13.0
34672,13.0
34673,13.0
34674,13.0
34675,13.0
34676,13.0
34677,13.0
34678,13.0
34679,13.0
34680,14.0
34681,14.0
34682,14.0
34683,14.0
34684,14.0
34685,14.0
34686,14.0
34687,14.0
34688,14.0
34689,14.0
34690,14.0
34691,14.0
34692,14.0
34693,14.0
34694,14.0
34695,14.0
34696,14.0
34697,14.0
34698,14.0
34699,14.0
34700,14.0
34701,14.0
34702,14.0
34703,14.0
34704,14.0
34705,14.0
34706,14.0
34707,14.0
34708,14.0
34709,14.0
34710,14.0
34711,14.0
34712,14.0
34713,14.0
34714,14.0
34715,14.0
34716,14.0
34717,14.0
34718,14.0
34719,14.0
34720,14.0
34721,14.0
34722,14.0
34723,14.0
34724,14.0
34725,14.0
34726,14.0
34727,14.0
34728,14.0
34729,14.0
34730,14.0
34731,14.0
34732,14.0
34733,14.0
34734,14.0
34735,14.0
34736,14.0
34737,14.0
34738,14.0
34739,14.0
34740,14.0
34741,14.0
34742,14.0
34743,14.0
34744,14.0
34745,14.0
34746,14.0
34747,14.0
34748,14.0
34749,14.0
34750,14.0
34751,14.0
34752,14.0
34753,14.0
34754,14.0
34755,14.0
34756,14.0
34757,14.0
34758,14.0
34759,14.0
34760,14.0
34761,14.0
34762,14.0
34763,14.0
34764,14.0
34765,14.0
34766,14.0
34767,14.0
34768,14.0
34769,14.0
34770,14.0
34771,14.0
34772,14.0
34773,14.0
34774,14.0
34775,14.0
34776,14.0
34777,14.0
34778,14.0
34779,14.0
34780,14.0
34781,14.0
34782,14.0
34783,14.0
34784,14.0
34785,14.0
34786,14.0
34787,14.0
34788,14.0
34789,14.0
34790,14.0
34791,14.0
34792,14.0
34793,14.0
34794,14.0
34795,14.0
34796,14.0
34797,14.0
34798,14.0
34799,14.0
34800,14.0
34801,14.0
34802,14.0
34803,14.0
34804,14.0
34805,14.0
34806,14.0
34807,14.0
34808,14.0
34809,14.0
34810,14.0
34811,14.0
34812,14.0
34813,14.0
34814,14.0
34815,14.0
34816,14.0
34817,14.0
34818,14.0
34819,14.0
34820,14.0
34821,14.0
34822,14.0
34823,14.0
34824,14.0
34825,14.0
34826,14.0
34827,14.0
34828,14.0
34829,14.0
34830,14.0
34831,14.0
34832,14.0
34833,14.0
34834,14.0
34835,14.0
34836,14.0
34837,14.0
34838,14.0
34839,14.0
34840,14.0
34841,14.0
34842,14.0
34843,14.0
34844,14.0
34845,14.0
34846,14.0
34847,14.0
34848,14.0
34849,14.0
34850,14.0
34851,14.0
34852,14.0
34853,14.0
34854,14.0
34855,14.0
34856,14.0
34857,14.0
34858,14.0
34859,14.0
34860,14.0
34861,14.0
34862,14.0
34863,14.0
34864,14.0
34865,14.0
34866,14.0
34867,14.0
34868,14.0
34869,14.0
34870,14.0
34871,14.0
34872,14.0
34873,14.0
34874,14.0
34875,14.0
34876,14.0
34877,14.0
34878,14.0
34879,14.0
34880,14.0
34881,14.0
34882,14.0
34883,14.0
34884,14.0
34885,14.0
34886,14.0
34887,14.0
34888,14.0
34889,14.0
34890,14.0
34891,14.0
34892,14.0
34893,14.0
34894,14.0
34895,14.0
34896,14.0
34897,14.0
34898,14.0
34899,14.0
34900,14.0
34901,14.0
34902,14.0
34903,14.0
34904,14.0
34905,14.0
34906,14.0
34907,14.0
34908,14.0
34909,14.0
34910,14.0
34911,14.0
34912,14.0
34913,14.0
34914,14.0
34915,14.0
34916,14.0
34917,14.0
34918,14.0
34919,14.0
34920,14.0
34921,14.0
34922,14.0
34923,14.0
34924,15.0
34925,15.0
34926,15.0
34927,15.0
34928,15.0
34929,15.0
34930,15.0
34931,15.0
34932,15.0
34933,15.0
34934,15.0
34935,15.0
34936,15.0
34937,15.0
34938,15.0
34939,15.0
34940,15.0
34941,15.0
34942,15.0
34943,15.0
34944,15.0
34945,15.0
34946,15.0
34947,15.0
34948,15.0
34949,15.0
34950,15.0
34951,15.0
34952,15.0
34953,15.0
34954,15.0
34955,15.0
34956,15.0
34957,15.0
34958,15.0
34959,15.0
34960,15.0
34961,15.0
34962,15.0
34963,15.0
34964,15.0
34965,15.0
34966,15.0
34967,15.0
34968,15.0
34969,15.0
34970,15.0
34971,15.0
34972,15.0
34973,15.0
34974,15.0
34975,15.0
34976,15.0
34977,15.0
34978,15.0
34979,15.0
34980,15.0
34981,15.0
34982,15.0
34983,15.0
34984,15.0
34985,15.0
34986,15.0
34987,15.0
34988,15.0
34989,15.0
34990,15.0
34991,15.0
34992,15.0
34993,15.0
34994,15.0
34995,15.0
34996,15.0
34997,15.0
34998,15.0
34999,15.0
35000,15.0
35001,15.0
35002,15.0
35003,15.0
35004,15.0
35005,15.0
35006,15.0
35007,15.0
35008,15.0
35009,15.0
35010,15.0
35011,15.0
35012,15.0
35013,15.0
35014,15.0
35015,15.0
35016,15.0
35017,15.0
35018,15.0
35019,15.0
35020,15.0
35021,15.0
35022,15.0
35023,15.0
35024,15.0
35025,15.0
35026,15.0
35027,15.0
35028,15.0
35029,15.0
35030,15.0
35031,15.0
35032,15.0
35033,15.0
35034,15.0
35035,15.0
35036,15.0
35037,15.0
35038,15.0
35039,15.0
35040,15.0
35041,15.0
35042,15.0
35043,15.0
35044,15.0
35045,15.0
35046,15.0
35047,15.0
35048,15.0
35049,15.0
35050,15.0
35051,15.0
35052,15.0
35053,15.0
35054,15.0
35055,15.0
35056,15.0
35057,15.0
35058,15.0
35059,15.0
35060,15.0
35061,15.0
35062,15.0
35063,15.0
35064,15.0
35065,15.0
35066,15.0
35067,15.0
35068,15.0
35069,15.0
35070,15.0
35071,15.0
35072,15.0
35073,15.0
35074,15.0
35075,15.0
35076,15.0
35077,15.0
35078,15.0
35079,15.0
35080,15.0
35081,15.0
35082,15.0
35083,15.0
35084,16.0
35085,16.0
35086,16.0
35087,16.0
35088,16.0
35089,16.0
35090,16.0
35091,16.0
35092,16.0
35093,16.0
35094,16.0
35095,16.0
35096,16.0
35097,16.0
35098,16.0
35099,16.0
35100,16.0
35101,16.0
35102,16.0
35103,16.0
35104,16.0
35105,16.0
35106,16.0
35107,16.0
35108,16.0
35109,16.0
35110,16.0
35111,16.0
35112,16.0
35113,16.0
35114,16.0
35115,16.0
35116,16.0
35117,16.0
35118,16.0
35119,16.0
35120,16.0
35121,16.0
35122,16.0
35123,16.0
35124,16.0
35125,16.0
35126,16.0
35127,16.0
35128,16.0
35129,16.0
35130,16.0
35131,16.0
35132,16.0
35133,16.0
35134,16.0
35135,16.0
35136,16.0
35137,16.0
35138,16.0
35139,16.0
35140,16.0
35141,16.0
35142,16.0
35143,16.0
35144,16.0
35145,16.0
35146,16.0
35147,16.0
35148,16.0
35149,16.0
35150,16.0
35151,16.0
35152,16.0
35153,16.0
35154,16.0
35155,16.0
35156,16.0
35157,16.0
35158,16.0
35159,16.0
35160,16.0
35161,16.0
35162,16.0
35163,16.0
35164,16.0
35165,16.0
35166,16.0
35167,16.0
35168,16.0
35169,16.0
35170,16.0
35171,16.0
35172,16.0
35173,16.0
35174,16.0
35175,16.0
35176,16.0
35177,16.0
35178,16.0
35179,16.0
35180,16.0
35181,16.0
35182,16.0
35183,16.0
35184,16.0
35185,16.0
35186,16.0
35187,16.0
35188,16.0
35189,16.0
35190,16.0
35191,16.0
35192,16.0
35193,16.0
35194,16.0
35195,16.0
35196,16.0
35197,16.0
35198,16.0
35199,16.0
35200,16.0
35201,16.0
35202,16.0
35203,16.0
35204,16.0
35205,16.0
35206,16.0
35207,16.0
35208,16.0
35209,16.0
35210,16.0
35211,16.0
35212,16.0
35213,16.0
35214,16.0
35215,16.0
35216,16.0
35217,16.0
35218,16.0
35219,16.0
35220,16.0
35221,16.0
35222,16.0
35223,16.0
35224,16.0
35225,16.0
35226,16.0
35227,16.0
35228,16.0
35229,16.0
35230,16.0
35231,16.0
35232,16.0
35233,16.0
35234,16.0
35235,16.0
35236,16.0
35237,16.0
35238,16.0
35239,16.0
35240,16.0
35241,16.0
35242,16.0
35243,16.0
35244,16.0
35245,16.0
35246,16.0
35247,16.0
35248,16.0
35249,16.0
35250,16.0
35251,16.0
35252,16.0
35253,16.0
35254,16.0
35255,16.0
35256,16.0
35257,16.0
35258,16.0
35259,16.0
35260,16.0
35261,16.0
35262,16.0
35263,16.0
35264,16.0
35265,16.0
35266,16.0
35267,16.0
35268,16.0
35269,16.0
35270,16.0
35271,16.0
35272,16.0
35273,16.0
35274,16.0
35275,16.0
35276,16.0
35277,16.0
35278,16.0
35279,16.0
35280,16.0
35281,16.0
35282,16.0
35283,16.0
35284,16.0
35285,16.0
35286,16.0
35287,16.0
35288,16.0
35289,16.0
35290,16.0
35291,16.0
35292,16.0
35293,16.0
35294,16.0
35295,16.0
35296,16.0
35297,16.0
35298,16.0
35299,16.0
35300,16.0
35301,16.0
35302,16.0
35303,16.0
35304,16.0
35305,16.0
35306,16.0
35307,16.0
35308,16.0
35309,16.0
35310,16.0
35311,16.0
35312,16.0
35313,16.0
35314,16.0
35315,16.0
35316,16.0
35317,16.0
35318,16.0
35319,16.0
35320,16.0
35321,16.0
35322,16.0
35323,16.0
35324,16.0
35325,16.0
35326,16.0
35327,16.0
35328,16.0
35329,16.0
35330,16.0
35331,16.0
35332,16.0
35333,16.0
35334,16.0
35335,16.0
35336,16.0
35337,16.0
35338,16.0
35339,16.0
35340,16.0
35341,16.0
35342,16.0
35343,16.0
35344,16.0
35345,16.0
35346,16.0
35347,16.0
35348,16.0
35349,16.0
35350,16.0
35351,16.0
35352,16.0
35353,16.0
35354,16.0
35355,16.0
35356,16.0
35357,16.0
35358,16.0
35359,16.0
35360,16.0
35361,16.0
35362,16.0
35363,16.0
35364,16.0
35365,16.0
35366,16.0
35367,16.0
35368,16.0
35369,16.0
35370,16.0
35371,16.0
35372,16.0
35373,16.0
35374,16.0
35375,16.0
35376,16.0
35377,16.0
35378,16.0
35379,16.0
35380,16.0
35381,16.0
35382,16.0
35383,16.0
35384,16.0
35385,16.0
35386,16.0
35387,16.0
35388,16.0
35389,16.0
35390,16.0
35391,16.0
35392,16.0
35393,16.0
35394,16.0
35395,16.0
35396,16.0
35397,16.0
35398,16.0
35399,16.0
35400,16.0
35401,16.0
35402,16.0
35403,16.0
35404,16.0
35405,16.0
35406,16.0
35407,16.0
35408,16.0
35409,16.0
35410,16.0
35411,16.0
35412,16.0
35413,16.0
35414,16.0
35415,16.0
35416,16.0
35417,16.0
35418,16.0
35419,16.0
35420,16.0
35421,16.0
35422,16.0
35423,16.0
35424,16.0
35425,16.0
35426,16.0
35427,16.0
35428,16.0
35429,16.0
35430,16.0
35431,13.0
35432,13.0
35433,13.0
35434,13.0
35435,13.0
35436,13.0
35437,13.0
35438,13.0
35439,13.0
35440,13.0
35441,13.0
35442,13.0
35443,13.0
35444,11.0
35445,11.0
35446,11.0
35447,11.0
35448,11.0
35449,11.0
35450,11.0
35451,11.0
35452,11.0
35453,11.0
35454,11.0
35455,11.0
35456,11.0
35457,11.0
35458,11.0
35459,11.0
35460,11.0
35461,11.0
35462,11.0
35463,11.0
35464,11.0
35465,10.0
35466,10.0
35467,10.0
35468,10.0
35469,10.0
35470,10.0
35471,10.0
35472,10.0
35473,10.0
35474,10.0
35475,10.0
35476,10.0
35477,10.0
35478,10.0
35479,10.0
35480,10.0
35481,10.0
35482,10.0
35483,10.0
35484,10.0
35485,10.0
35486,10.0
35487,10.0
35488,10.0
35489,10.0
35490,10.0
35491,10.0
35492,10.0
35493,10.0
35494,10.0
35495,10.0
35496,10.0
35497,10.0
35498,10.0
35499,10.0
35500,10.0
35501,10.0
35502,10.0
35503,10.0
35504,10.0
35505,10.0
35506,10.0
35507,10.0
35508,10.0
35509,10.0
35510,10.0
35511,10.0
35512,10.0
35513,10.0
35514,10.0
35515,10.0
35516,10.0
35517,10.0
35518,10.0
35519,10.0
35520,10.0
35521,10.0
35522,10.0
35523,10.0
35524,10.0
35525,10.0
35526,10.0
35527,10.0
35528,10.0
35529,10.0
35530,10.0
35531,10.0
35532,10.0
35533,10.0
35534,10.0
35535,10.0
35536,10.0
35537,10.0
35538,10.0
35539,10.0
35540,10.0
35541,10.0
35542,10.0
35543,10.0
35544,10.0
35545,10.0
35546,10.0
35547,10.0
35548,10.0
35549,10.0
35550,10.0
35551,10.0
35552,10.0
35553,10.0
35554,10.0
35555,10.0
35556,10.0
35557,10.0
35558,10.0
35559,10.0
35560,10.0
35561,10.0
35562,10.0
35563,10.0
35564,10.0
35565,10.0
35566,10.0
35567,10.0
35568,10.0
35569,10.0
35570,10.0
35571,10.0
35572,10.0
35573,10.0
35574,10.0
35575,10.0
35576,10.0
35577,10.0
35578,10.0
35579,10.0
35580,10.0
35581,10.0
35582,10.0
35583,10.0
35584,10.0
35585,10.0
35586,10.0
35587,10.0
35588,10.0
35589,10.0
35590,10.0
35591,10.0
35592,10.0
35593,10.0
35594,10.0
35595,10.0
35596,10.0
35597,10.0
35598,10.0
35599,10.0
35600,10.0
35601,10.0
35602,10.0
35603,10.0
35604,10.0
35605,10.0
35606,10.0
35607,10.0
35608,10.0
35609,10.0
35610,10.0
35611,10.0
35612,10.0
35613,10.0
35614,10.0
35615,10.0
35616,10.0
35617,10.0
35618,10.0
35619,10.0
35620,10.0
35621,10.0
35622,10.0
35623,10.0
35624,10.0
35625,10.0
35626,10.0
35627,10.0
35628,10.0
35629,10.0
35630,10.0
35631,10.0
35632,10.0
35633,10.0
35634,10.0
35635,10.0
35636,10.0
35637,10.0
35638,10.0
35639,10.0
35640,10.0
35641,10.0
35642,10.0
35643,10.0
35644,10.0
35645,10.0
35646,10.0
35647,10.0
35648,10.0
35649,10.0
35650,10.0
35651,10.0
35652,10.0
35653,10.0
35654,10.0
35655,10.0
35656,10.0
35657,10.0
35658,10.0
35659,10.0
35660,10.0
35661,10.0
35662,10.0
35663,10.0
35664,10.0
35665,10.0
35666,10.0
35667,10.0
35668,10.0
35669,10.0
35670,10.0
35671,10.0
35672,10.0
35673,10.0
35674,10.0
35675,10.0
35676,10.0
35677,10.0
35678,10.0
35679,10.0
35680,10.0
35681,10.0
35682,10.0
35683,10.0
35684,10.0
35685,10.0
35686,10.0
35687,10.0
35688,10.0
35689,10.0
35690,10.0
35691,10.0
35692,10.0
35693,10.0
35694,10.0
35695,10.0
35696,10.0
35697,10.0
35698,10.0
35699,10.0
35700,10.0
35701,10.0
35702,10.0
35703,10.0
35704,10.0
35705,10.0
35706,10.0
35707,10.0
35708,10.0
35709,10.0
35710,10.0
35711,10.0
35712,10.0
35713,10.0
35714,10.0
35715,10.0
35716,10.0
35717,10.0
35718,10.0
35719,10.0
35720,10.0
35721,10.0
35722,10.0
35723,10.0
35724,10.0
35725,10.0
35726,10.0
35727,10.0
35728,10.0
35729,10.0
35730,10.0
35731,10.0
35732,10.0
35733,10.0
35734,10.0
35735,10.0
35736,10.0
35737,10.0
35738,10.0
35739,10.0
35740,10.0
35741,10.0
35742,10.0
35743,10.0
35744,10.0
35745,10.0
35746,10.0
35747,10.0
35748,10.0
35749,10.0
35750,10.0
35751,10.0
35752,10.0
35753,11.0
35754,11.0
35755,11.0
35756,11.0
35757,11.0
35758,11.0
35759,11.0
35760,11.0
35761,11.0
35762,11.0
35763,11.0
35764,11.0
35765,11.0
35766,11.0
35767,11.0
35768,11.0
35769,11.0
35770,11.0
35771,11.0
35772,11.0
35773,11.0
35774,11.0
35775,11.0
35776,11.0
35777,11.0
35778,11.0
35779,11.0
35780,11.0
35781,11.0
35782,11.0
35783,11.0
35784,11.0
35785,11.0
35786,11.0
35787,11.0
35788,11.0
35789,11.0
35790,11.0
35791,11.0
35792,11.0
35793,11.0
35794,11.0
35795,11.0
35796,11.0
35797,11.0
35798,11.0
35799,11.0
35800,11.0
35801,11.0
35802,11.0
35803,11.0
35804,11.0
35805,11.0
35806,11.0
35807,11.0
35808,11.0
35809,11.0
35810,11.0
35811,11.0
35812,11.0
35813,11.0
35814,11.0
35815,11.0
35816,11.0
35817,11.0
35818,11.0
35819,11.0
35820,11.0
35821,11.0
35822,11.0
35823,11.0
35824,11.0
35825,11.0
35826,11.0
35827,11.0
35828,11.0
35829,11.0
35830,11.0
35831,11.0
35832,11.0
35833,11.0
35834,11.0
35835,11.0
35836,11.0
35837,11.0
35838,11.0
35839,11.0
35840,11.0
35841,11.0
35842,11.0
35843,11.0
35844,11.0
35845,11.0
35846,11.0
35847,11.0
35848,11.0
35849,11.0
35850,11.0
35851,11.0
35852,11.0
35853,11.0
35854,11.0
35855,11.0
35856,11.0
35857,11.0
35858,11.0
35859,11.0
35860,11.0
35861,11.0
35862,11.0
35863,11.0
35864,11.0
35865,11.0
35866,11.0
35867,11.0
35868,11.0
35869,11.0
35870,11.0
35871,11.0
35872,11.0
35873,11.0
35874,11.0
35875,11.0
35876,11.0
35877,11.0
35878,11.0
35879,11.0
35880,11.0
35881,11.0
35882,11.0
35883,11.0
35884,11.0
35885,11.0
35886,11.0
35887,11.0
35888,11.0
35889,11.0
35890,11.0
35891,11.0
35892,11.0
35893,11.0
35894,11.0
35895,11.0
35896,11.0
35897,11.0
35898,11.0
35899,11.0
35900,11.0
35901,11.0
35902,11.0
35903,11.0
35904,11.0
35905,11.0
35906,11.0
35907,11.0
35908,11.0
35909,11.0
35910,11.0
35911,11.0
35912,11.0
35913,11.0
35914,11.0
35915,11.0
35916,11.0
35917,11.0
35918,11.0
35919,11.0
35920,9.0
35921,9.0
35922,9.0
35923,9.0
35924,9.0
35925,9.0
35926,9.0
35927,9.0
35928,9.0
35929,9.0
35930,9.0
35931,9.0
35932,9.0
35933,9.0
35934,9.0
35935,9.0
35936,9.0
35937,9.0
35938,9.0
35939,9.0
35940,9.0
35941,9.0
35942,9.0
35943,9.0
35944,9.0
35945,9.0
35946,9.0
35947,9.0
35948,9.0
35949,9.0
35950,9.0
35951,9.0
35952,9.0
35953,9.0
35954,9.0
35955,9.0
35956,9.0
35957,9.0
35958,9.0
35959,9.0
35960,9.0
35961,9.0
35962,9.0
35963,9.0
35964,9.0
35965,9.0
35966,9.0
35967,9.0
35968,9.0
35969,9.0
35970,9.0
35971,9.0
35972,9.0
35973,9.0
35974,9.0
35975,9.0
35976,9.0
35977,9.0
35978,9.0
35979,9.0
35980,9.0
35981,9.0
35982,9.0
35983,9.0
35984,9.0
35985,9.0
35986,9.0
35987,9.0
35988,9.0
35989,9.0
35990,9.0
35991,9.0
35992,9.0
35993,9.0
35994,9.0
35995,9.0
35996,9.0
35997,9.0
35998,9.0
35999,7.0
36000,7.0
36001,7.0
36002,7.0
36003,7.0
36004,7.0
36005,7.0
36006,7.0
36007,7.0
36008,7.0
36009,7.0
36010,7.0
36011,7.0
36012,7.0
36013,7.0
36014,7.0
36015,7.0
36016,7.0
36017,7.0
36018,7.0
36019,7.0
36020,7.0
36021,7.0
36022,7.0
36023,7.0
36024,7.0
36025,7.0
36026,7.0
36027,7.0
36028,7.0
36029,7.0
36030,7.0
36031,7.0
36032,7.0
36033,7.0
36034,7.0
36035,7.0
36036,7.0
36037,7.0
36038,7.0
36039,7.0
36040,7.0
36041,7.0
36042,8.0
36043,8.0
36044,8.0
36045,8.0
36046,8.0
36047,8.0
36048,8.0
36049,8.0
36050,8.0
36051,8.0
36052,8.0
36053,8.0
36054,8.0
36055,8.0
36056,8.0
36057,8.0
36058,8.0
36059,8.0
36060,8.0
36061,8.0
36062,8.0
36063,8.0
36064,8.0
36065,8.0
36066,8.0
36067,8.0
36068,8.0
36069,8.0
36070,8.0
36071,8.0
36072,8.0
36073,8.0
36074,8.0
36075,8.0
36076,8.0
36077,8.0
36078,8.0
36079,8.0
36080,8.0
36081,8.0
36082,8.0
36083,8.0
36084,8.0
36085,8.0
36086,8.0
36087,8.0
36088,8.0
36089,8.0
36090,8.0
36091,8.0
36092,8.0
36093,8.0
36094,8.0
36095,8.0
36096,8.0
36097,8.0
36098,8.0
36099,8.0
36100,8.0
36101,8.0
36102,8.0
36103,8.0
36104,8.0
36105,8.0
36106,8.0
36107,8.0
36108,8.0
36109,8.0
36110,8.0
36111,8.0
36112,8.0
36113,8.0
36114,8.0
36115,8.0
36116,8.0
36117,8.0
36118,8.0
36119,8.0
36120,8.0
36121,8.0
36122,8.0
36123,8.0
36124,8.0
36125,8.0
36126,8.0
36127,8.0
36128,8.0
36129,8.0
36130,8.0
36131,8.0
36132,8.0
36133,8.0
36134,8.0
36135,8.0
36136,8.0
36137,8.0
36138,8.0
36139,8.0
36140,8.0
36141,8.0
36142,8.0
36143,8.0
36144,8.0
36145,8.0
36146,8.0
36147,8.0
36148,8.0
36149,8.0
36150,8.0
36151,8.0
36152,8.0
36153,8.0
36154,8.0
36155,8.0
36156,8.0
36157,8.0
36158,8.0
36159,8.0
36160,8.0
36161,8.0
36162,8.0
36163,8.0
36164,8.0
36165,8.0
36166,8.0
36167,8.0
36168,8.0
36169,8.0
36170,8.0
36171,8.0
36172,8.0
36173,8.0
36174,8.0
36175,8.0
36176,8.0
36177,8.0
36178,8.0
36179,8.0
36180,8.0
36181,8.0
36182,8.0
36183,8.0
36184,8.0
36185,8.0
36186,8.0
36187,8.0
36188,8.0
36189,8.0
36190,8.0
36191,8.0
36192,8.0
36193,8.0
36194,8.0
36195,8.0
36196,8.0
36197,8.0
36198,8.0
36199,8.0
36200,8.0
36201,8.0
36202,8.0
36203,8.0
36204,8.0
36205,8.0
36206,8.0
36207,8.0
36208,8.0
36209,8.0
36210,8.0
36211,8.0
36212,8.0
36213,8.0
36214,8.0
36215,9.0
36216,9.0
36217,9.0
36218,9.0
36219,9.0
36220,9.0
36221,9.0
36222,9.0
36223,9.0
36224,9.0
36225,9.0
36226,9.0
36227,9.0
36228,9.0
36229,9.0
36230,9.0
36231,9.0
36232,9.0
36233,9.0
36234,9.0
36235,9.0
36236,9.0
36237,9.0
36238,9.0
36239,9.0
36240,9.0
36241,9.0
36242,9.0
36243,9.0
36244,9.0
36245,9.0
36246,9.0
36247,9.0
36248,9.0
36249,9.0
36250,9.0
36251,9.0
36252,9.0
36253,9.0
36254,9.0
36255,9.0
36256,9.0
36257,9.0
36258,9.0
36259,9.0
36260,9.0
36261,9.0
36262,9.0
36263,9.0
36264,9.0
36265,9.0
36266,9.0
36267,9.0
36268,9.0
36269,9.0
36270,9.0
36271,9.0
36272,9.0
36273,9.0
36274,9.0
36275,10.0
36276,10.0
36277,10.0
36278,10.0
36279,10.0
36280,10.0
36281,10.0
36282,10.0
36283,10.0
36284,10.0
36285,10.0
36286,10.0
36287,10.0
36288,10.0
36289,10.0
36290,10.0
36291,10.0
36292,10.0
36293,10.0
36294,10.0
36295,10.0
36296,10.0
36297,10.0
36298,10.0
36299,10.0
36300,10.0
36301,10.0
36302,10.0
36303,10.0
36304,10.0
36305,10.0
36306,10.0
36307,10.0
36308,10.0
36309,10.0
36310,10.0
36311,10.0
36312,10.0
36313,10.0
36314,10.0
36315,10.0
36316,10.0
36317,10.0
36318,10.0
36319,10.0
36320,10.0
36321,10.0
36322,10.0
36323,10.0
36324,10.0
36325,10.0
36326,10.0
36327,10.0
36328,10.0
36329,10.0
36330,10.0
36331,10.0
36332,10.0
36333,10.0
36334,10.0
36335,10.0
36336,10.0
36337,10.0
36338,10.0
36339,10.0
36340,10.0
36341,10.0
36342,10.0
36343,10.0
36344,10.0
36345,10.0
36346,10.0
36347,10.0
36348,10.0
36349,10.0
36350,10.0
36351,10.0
36352,10.0
36353,10.0
36354,10.0
36355,10.0
36356,10.0
36357,10.0
36358,10.0
36359,10.0
36360,10.0
36361,10.0
36362,10.0
36363,10.0
36364,10.0
36365,10.0
36366,10.0
36367,10.0
36368,10.0
36369,10.0
36370,10.0
36371,10.0
36372,10.0
36373,10.0
36374,10.0
36375,10.0
36376,10.0
36377,10.0
36378,10.0
36379,10.0
36380,10.0
36381,10.0
36382,10.0
36383,10.0
36384,10.0
36385,10.0
36386,10.0
36387,10.0
36388,10.0
36389,10.0
36390,10.0
36391,10.0
36392,10.0
36393,10.0
36394,10.0
36395,10.0
36396,10.0
36397,10.0
36398,10.0
36399,10.0
36400,10.0
36401,10.0
36402,10.0
36403,10.0
36404,10.0
36405,10.0
36406,10.0
36407,10.0
36408,10.0
36409,10.0
36410,10.0
36411,10.0
36412,10.0
36413,10.0
36414,10.0
36415,10.0
36416,10.0
36417,10.0
36418,10.0
36419,10.0
36420,10.0
36421,10.0
36422,10.0
36423,10.0
36424,10.0
36425,10.0
36426,10.0
36427,10.0
36428,10.0
36429,10.0
36430,10.0
36431,10.0
36432,10.0
36433,10.0
36434,10.0
36435,10.0
36436,10.0
36437,10.0
36438,10.0
36439,10.0
36440,10.0
36441,10.0
36442,10.0
36443,10.0
36444,10.0
36445,10.0
36446,10.0
36447,10.0
36448,10.0
36449,10.0
36450,10.0
36451,10.0
36452,10.0
36453,10.0
36454,10.0
36455,10.0
36456,10.0
36457,10.0
36458,10.0
36459,10.0
36460,10.0
36461,10.0
36462,10.0
36463,10.0
36464,10.0
36465,10.0
36466,10.0
36467,10.0
36468,10.0
36469,10.0
36470,10.0
36471,10.0
36472,10.0
36473,10.0
36474,10.0
36475,10.0
36476,10.0
36477,10.0
36478,10.0
36479,10.0
36480,10.0
36481,10.0
36482,10.0
36483,10.0
36484,10.0
36485,10.0
36486,10.0
36487,10.0
36488,10.0
36489,10.0
36490,10.0
36491,10.0
36492,10.0
36493,10.0
36494,10.0
36495,10.0
36496,10.0
36497,10.0
36498,10.0
36499,10.0
36500,10.0
36501,10.0
36502,10.0
36503,10.0
36504,10.0
36505,10.0
36506,10.0
36507,10.0
36508,10.0
36509,10.0
36510,10.0
36511,10.0
36512,10.0
36513,10.0
36514,10.0
36515,10.0
36516,10.0
36517,10.0
36518,10.0
36519,10.0
36520,10.0
36521,10.0
36522,10.0
36523,10.0
36524,10.0
36525,10.0
36526,10.0
36527,10.0
36528,10.0
36529,10.0
36530,10.0
36531,10.0
36532,10.0
36533,10.0
36534,10.0
36535,10.0
36536,10.0
36537,10.0
36538,10.0
36539,10.0
36540,10.0
36541,10.0
36542,10.0
36543,10.0
36544,10.0
36545,10.0
36546,10.0
36547,10.0
36548,10.0
36549,10.0
36550,10.0
36551,10.0
36552,10.0
36553,10.0
36554,10.0
36555,10.0
36556,10.0
36557,10.0
36558,10.0
36559,10.0
36560,10.0
36561,10.0
36562,10.0
36563,10.0
36564,10.0
36565,10.0
36566,10.0
36567,10.0
36568,10.0
36569,10.0
36570,10.0
36571,10.0
36572,10.0
36573,10.0
36574,10.0
36575,10.0
36576,10.0
36577,10.0
36578,10.0
36579,10.0
36580,10.0
36581,10.0
36582,10.0
36583,10.0
36584,10.0
36585,10.0
36586,10.0
36587,10.0
36588,10.0
36589,10.0
36590,10.0
36591,10.0
36592,10.0
36593,10.0
36594,10.0
36595,10.0
36596,10.0
36597,10.0
36598,10.0
36599,10.0
36600,10.0
36601,10.0
36602,10.0
36603,10.0
36604,10.0
36605,10.0
36606,10.0
36607,10.0
36608,10.0
36609,10.0
36610,10.0
36611,10.0
36612,10.0
36613,10.0
36614,10.0
36615,10.0
36616,10.0
36617,10.0
36618,10.0
36619,10.0
36620,10.0
36621,10.0
36622,10.0
36623,10.0
36624,10.0
36625,10.0
36626,10.0
36627,10.0
36628,10.0
36629,10.0
36630,10.0
36631,10.0
36632,10.0
36633,10.0
36634,10.0
36635,10.0
36636,10.0
36637,10.0
36638,10.0
36639,10.0
36640,10.0
36641,10.0
36642,10.0
36643,10.0
36644,10.0
36645,10.0
36646,10.0
36647,10.0
36648,10.0
36649,10.0
36650,10.0
36651,10.0
36652,10.0
36653,10.0
36654,10.0
36655,10.0
36656,10.0
36657,10.0
36658,10.0
36659,10.0
36660,10.0
36661,10.0
36662,10.0
36663,10.0
36664,10.0
36665,10.0
36666,10.0
36667,10.0
36668,10.0
36669,10.0
36670,10.0
36671,10.0
36672,10.0
36673,10.0
36674,10.0
36675,10.0
36676,10.0
36677,10.0
36678,10.0
36679,10.0
36680,10.0
36681,10.0
36682,10.0
36683,10.0
36684,10.0
36685,10.0
36686,10.0
36687,10.0
36688,10.0
36689,10.0
36690,10.0
36691,10.0
36692,10.0
36693,10.0
36694,10.0
36695,10.0
36696,10.0
36697,10.0
36698,10.0
36699,10.0
36700,10.0
36701,10.0
36702,10.0
36703,10.0
36704,10.0
36705,10.0
36706,10.0
36707,10.0
36708,10.0
36709,10.0
36710,11.0
36711,11.0
36712,11.0
36713,11.0
36714,11.0
36715,11.0
36716,11.0
36717,11.0
36718,11.0
36719,11.0
36720,11.0
36721,11.0
36722,11.0
36723,11.0
36724,11.0
36725,11.0
36726,11.0
36727,11.0
36728,11.0
36729,11.0
36730,11.0
36731,11.0
36732,11.0
36733,11.0
36734,11.0
36735,11.0
36736,11.0
36737,11.0
36738,11.0
36739,11.0
36740,11.0
36741,11.0
36742,11.0
36743,11.0
36744,11.0
36745,11.0
36746,11.0
36747,11.0
36748,11.0
36749,11.0
36750,11.0
36751,11.0
36752,11.0
36753,11.0
36754,11.0
36755,11.0
36756,11.0
36757,11.0
36758,11.0
36759,11.0
36760,11.0
36761,11.0
36762,11.0
36763,11.0
36764,11.0
36765,11.0
36766,11.0
36767,11.0
36768,11.0
36769,11.0
36770,11.0
36771,11.0
36772,11.0
36773,11.0
36774,11.0
36775,11.0
36776,11.0
36777,11.0
36778,11.0
36779,11.0
36780,11.0
36781,11.0
36782,11.0
36783,11.0
36784,11.0
36785,11.0
36786,11.0
36787,11.0
36788,11.0
36789,11.0
36790,11.0
36791,11.0
36792,11.0
36793,11.0
36794,11.0
36795,11.0
36796,11.0
36797,11.0
36798,11.0
36799,11.0
36800,11.0
36801,11.0
36802,11.0
36803,11.0
36804,11.0
36805,11.0
36806,11.0
36807,11.0
36808,11.0
36809,11.0
36810,11.0
36811,11.0
36812,11.0
36813,11.0
36814,11.0
36815,11.0
36816,11.0
36817,11.0
36818,11.0
36819,11.0
36820,11.0
36821,11.0
36822,11.0
36823,11.0
36824,11.0
36825,11.0
36826,11.0
36827,11.0
36828,11.0
36829,11.0
36830,11.0
36831,11.0
36832,11.0
36833,11.0
36834,11.0
36835,11.0
36836,11.0
36837,11.0
36838,11.0
36839,11.0
36840,11.0
36841,11.0
36842,11.0
36843,11.0
36844,11.0
36845,11.0
36846,10.0
36847,10.0
36848,10.0
36849,10.0
36850,10.0
36851,10.0
36852,10.0
36853,8.0
36854,8.0
36855,8.0
36856,8.0
36857,8.0
36858,8.0
36859,8.0
36860,8.0
36861,8.0
36862,8.0
36863,8.0
36864,8.0
36865,8.0
36866,8.0
36867,8.0
36868,8.0
36869,8.0
36870,8.0
36871,8.0
36872,8.0
36873,8.0
36874,8.0
36875,8.0
36876,8.0
36877,8.0
36878,8.0
36879,8.0
36880,8.0
36881,8.0
36882,8.0
36883,8.0
36884,8.0
36885,8.0
36886,8.0
36887,8.0
36888,8.0
36889,8.0
36890,8.0
36891,8.0
36892,8.0
36893,8.0
36894,8.0
36895,8.0
36896,8.0
36897,8.0
36898,8.0
36899,8.0
36900,8.0
36901,8.0
36902,8.0
36903,8.0
36904,8.0
36905,8.0
36906,8.0
36907,8.0
36908,8.0
36909,8.0
36910,8.0
36911,8.0
36912,8.0
36913,8.0
36914,8.0
36915,8.0
36916,8.0
36917,8.0
36918,8.0
36919,8.0
36920,8.0
36921,8.0
36922,8.0
36923,8.0
36924,8.0
36925,8.0
36926,8.0
36927,8.0
36928,8.0
36929,8.0
36930,8.0
36931,8.0
36932,8.0
36933,8.0
36934,8.0
36935,8.0
36936,8.0
36937,8.0
36938,8.0
36939,8.0
36940,8.0
36941,8.0
36942,8.0
36943,8.0
36944,8.0
36945,8.0
36946,8.0
36947,8.0
36948,8.0
36949,8.0
36950,8.0
36951,8.0
36952,8.0
36953,8.0
36954,8.0
36955,8.0
36956,8.0
36957,8.0
36958,9.0
36959,9.0
36960,9.0
36961,9.0
36962,9.0
36963,9.0
36964,9.0
36965,9.0
36966,9.0
36967,9.0
36968,9.0
36969,9.0
36970,9.0
36971,10.0
36972,10.0
36973,10.0
36974,10.0
36975,10.0
36976,10.0
36977,10.0
36978,10.0
36979,10.0
36980,10.0
36981,10.0
36982,10.0
36983,10.0
36984,10.0
36985,10.0
36986,10.0
36987,10.0
36988,10.0
36989,10.0
36990,10.0
36991,10.0
36992,10.0
36993,10.0
36994,10.0
36995,10.0
36996,10.0
36997,10.0
36998,10.0
36999,10.0
37000,10.0
37001,10.0
37002,10.0
37003,10.0
37004,10.0
37005,10.0
37006,10.0
37007,10.0
37008,10.0
37009,10.0
37010,11.0
37011,11.0
37012,11.0
37013,11.0
37014,11.0
37015,11.0
37016,11.0
37017,11.0
37018,11.0
37019,11.0
37020,11.0
37021,11.0
37022,11.0
37023,11.0
37024,11.0
37025,11.0
37026,11.0
37027,11.0
37028,11.0
37029,11.0
37030,11.0
37031,11.0
37032,11.0
37033,11.0
37034,11.0
37035,11.0
37036,11.0
37037,11.0
37038,11.0
37039,11.0
37040,11.0
37041,11.0
37042,11.0
37043,11.0
37044,11.0
37045,11.0
37046,11.0
37047,11.0
37048,11.0
37049,11.0
37050,11.0
37051,11.0
37052,11.0
37053,11.0
37054,11.0
37055,11.0
37056,11.0
37057,11.0
37058,11.0
37059,11.0
37060,11.0
37061,11.0
37062,11.0
37063,11.0
37064,11.0
37065,11.0
37066,11.0
37067,11.0
37068,11.0
37069,11.0
37070,11.0
37071,10.0
37072,10.0
37073,10.0
37074,10.0
37075,10.0
37076,10.0
37077,10.0
37078,10.0
37079,10.0
37080,10.0
37081,10.0
37082,10.0
37083,10.0
37084,10.0
37085,10.0
37086,10.0
37087,10.0
37088,10.0
37089,10.0
37090,10.0
37091,10.0
37092,10.0
37093,10.0
37094,10.0
37095,10.0
37096,10.0
37097,10.0
37098,10.0
37099,10.0
37100,10.0
37101,10.0
37102,10.0
37103,10.0
37104,10.0
37105,10.0
37106,10.0
37107,10.0
37108,10.0
37109,10.0
37110,10.0
37111,10.0
37112,10.0
37113,10.0
37114,10.0
37115,10.0
37116,10.0
37117,10.0
37118,10.0
37119,10.0
37120,10.0
37121,10.0
37122,10.0
37123,10.0
37124,10.0
37125,10.0
37126,10.0
37127,10.0
37128,10.0
37129,10.0
37130,10.0
37131,10.0
37132,10.0
37133,10.0
37134,10.0
37135,10.0
37136,10.0
37137,10.0
37138,10.0
37139,10.0
37140,10.0
37141,10.0
37142,10.0
37143,10.0
37144,10.0
37145,10.0
37146,10.0
37147,10.0
37148,10.0
37149,10.0
37150,10.0
37151,10.0
37152,9.0
37153,9.0
37154,9.0
37155,9.0
37156,9.0
37157,9.0
37158,9.0
37159,9.0
37160,9.0
37161,9.0
37162,9.0
37163,9.0
37164,9.0
37165,9.0
37166,9.0
37167,9.0
37168,9.0
37169,9.0
37170,9.0
37171,9.0
37172,9.0
37173,9.0
37174,9.0
37175,9.0
37176,9.0
37177,9.0
37178,9.0
37179,9.0
37180,9.0
37181,9.0
37182,9.0
37183,9.0
37184,9.0
37185,9.0
37186,9.0
37187,9.0
37188,9.0
37189,9.0
37190,9.0
37191,9.0
37192,9.0
37193,9.0
37194,9.0
37195,9.0
37196,9.0
37197,9.0
37198,9.0
37199,9.0
37200,9.0
37201,9.0
37202,9.0
37203,9.0
37204,9.0
37205,9.0
37206,9.0
37207,9.0
37208,9.0
37209,9.0
37210,9.0
37211,9.0
37212,9.0
37213,9.0
37214,9.0
37215,9.0
37216,9.0
37217,9.0
37218,9.0
37219,9.0
37220,9.0
37221,9.0
37222,9.0
37223,9.0
37224,9.0
37225,8.0
37226,8.0
37227,8.0
37228,8.0
37229,8.0
37230,8.0
37231,8.0
37232,8.0
37233,8.0
37234,8.0
37235,8.0
37236,8.0
37237,8.0
37238,8.0
37239,8.0
37240,8.0
37241,8.0
37242,8.0
37243,8.0
37244,8.0
37245,8.0
37246,8.0
37247,8.0
37248,8.0
37249,8.0
37250,8.0
37251,8.0
37252,8.0
37253,8.0
37254,8.0
37255,8.0
37256,8.0
37257,8.0
37258,8.0
37259,8.0
37260,8.0
37261,8.0
37262,8.0
37263,8.0
37264,8.0
37265,8.0
37266,8.0
37267,8.0
37268,8.0
37269,8.0
37270,8.0
37271,8.0
37272,8.0
37273,8.0
37274,8.0
37275,8.0
37276,8.0
37277,8.0
37278,8.0
37279,8.0
37280,8.0
37281,8.0
37282,8.0
37283,8.0
37284,8.0
37285,8.0
37286,8.0
37287,8.0
37288,8.0
37289,8.0
37290,8.0
37291,8.0
37292,8.0
37293,8.0
37294,8.0
37295,8.0
37296,8.0
37297,8.0
37298,8.0
37299,8.0
37300,8.0
37301,8.0
37302,8.0
37303,8.0
37304,8.0
37305,8.0
37306,8.0
37307,8.0
37308,8.0
37309,8.0
37310,8.0
37311,8.0
37312,8.0
37313,8.0
37314,8.0
37315,8.0
37316,8.0
37317,8.0
37318,8.0
37319,8.0
37320,8.0
37321,8.0
37322,8.0
37323,8.0
37324,8.0
37325,8.0
37326,8.0
37327,8.0
37328,8.0
37329,8.0
37330,8.0
37331,8.0
37332,8.0
37333,8.0
37334,8.0
37335,8.0
37336,8.0
37337,8.0
37338,8.0
37339,8.0
37340,8.0
37341,8.0
37342,8.0
37343,8.0
37344,8.0
37345,8.0
37346,8.0
37347,8.0
37348,8.0
37349,8.0
37350,8.0
37351,8.0
37352,8.0
37353,8.0
37354,8.0
37355,8.0
37356,8.0
37357,8.0
37358,8.0
37359,8.0
37360,8.0
37361,8.0
37362,8.0
37363,8.0
37364,8.0
37365,8.0
37366,8.0
37367,8.0
37368,8.0
37369,8.0
37370,8.0
37371,8.0
37372,8.0
37373,8.0
37374,8.0
37375,8.0
37376,8.0
37377,8.0
37378,8.0
37379,8.0
37380,8.0
37381,8.0
37382,8.0
37383,8.0
37384,8.0
37385,8.0
37386,8.0
37387,8.0
37388,8.0
37389,8.0
37390,8.0
37391,8.0
37392,8.0
37393,8.0
37394,8.0
37395,8.0
37396,8.0
37397,8.0
37398,8.0
37399,8.0
37400,8.0
37401,8.0
37402,8.0
37403,8.0
37404,8.0
37405,8.0
37406,8.0
37407,8.0
37408,8.0
37409,8.0
37410,8.0
37411,8.0
37412,8.0
37413,8.0
37414,8.0
37415,8.0
37416,8.0
37417,8.0
37418,8.0
37419,8.0
37420,8.0
37421,8.0
37422,8.0
37423,8.0
37424,8.0
37425,8.0
37426,8.0
37427,8.0
37428,8.0
37429,8.0
37430,8.0
37431,8.0
37432,8.0
37433,8.0
37434,8.0
37435,8.0
37436,8.0
37437,8.0
37438,8.0
37439,8.0
37440,8.0
37441,8.0
37442,8.0
37443,8.0
37444,8.0
37445,8.0
37446,8.0
37447,8.0
37448,8.0
37449,8.0
37450,8.0
37451,8.0
37452,8.0
37453,8.0
37454,8.0
37455,8.0
37456,8.0
37457,8.0
37458,8.0
37459,8.0
37460,8.0
37461,8.0
37462,8.0
37463,8.0
37464,8.0
37465,8.0
37466,8.0
37467,8.0
37468,8.0
37469,8.0
37470,8.0
37471,8.0
37472,8.0
37473,8.0
37474,8.0
37475,8.0
37476,8.0
37477,8.0
37478,8.0
37479,8.0
37480,8.0
37481,8.0
37482,8.0
37483,8.0
37484,8.0
37485,8.0
37486,8.0
37487,8.0
37488,8.0
37489,8.0
37490,8.0
37491,8.0
37492,8.0
37493,8.0
37494,8.0
37495,8.0
37496,8.0
37497,8.0
37498,8.0
37499,8.0
37500,8.0
37501,8.0
37502,8.0
37503,8.0
37504,8.0
37505,8.0
37506,8.0
37507,8.0
37508,8.0
37509,8.0
37510,8.0
37511,8.0
37512,8.0
37513,8.0
37514,8.0
37515,8.0
37516,8.0
37517,8.0
37518,8.0
37519,8.0
37520,8.0
37521,8.0
37522,8.0
37523,8.0
37524,8.0
37525,8.0
37526,8.0
37527,8.0
37528,8.0
37529,8.0
37530,8.0
37531,8.0
37532,8.0
37533,8.0
37534,8.0
37535,8.0
37536,8.0
37537,8.0
37538,8.0
37539,8.0
37540,8.0
37541,8.0
37542,8.0
37543,8.0
37544,8.0
37545,8.0
37546,8.0
37547,8.0
37548,8.0
37549,8.0
37550,8.0
37551,8.0
37552,8.0
37553,8.0
37554,8.0
37555,8.0
37556,8.0
37557,8.0
37558,8.0
37559,8.0
37560,8.0
37561,8.0
37562,8.0
37563,8.0
37564,8.0
37565,8.0
37566,8.0
37567,8.0
37568,8.0
37569,8.0
37570,8.0
37571,8.0
37572,8.0
37573,8.0
37574,8.0
37575,8.0
37576,8.0
37577,8.0
37578,8.0
37579,8.0
37580,8.0
37581,8.0
37582,8.0
37583,8.0
37584,8.0
37585,8.0
37586,8.0
37587,8.0
37588,8.0
37589,8.0
37590,8.0
37591,8.0
37592,8.0
37593,8.0
37594,8.0
37595,8.0
37596,8.0
37597,8.0
37598,8.0
37599,8.0
37600,8.0
37601,8.0
37602,8.0
37603,8.0
37604,8.0
37605,8.0
37606,8.0
37607,8.0
37608,8.0
37609,8.0
37610,8.0
37611,8.0
37612,8.0
37613,8.0
37614,8.0
37615,8.0
37616,8.0
37617,8.0
37618,8.0
37619,8.0
37620,8.0
37621,8.0
37622,8.0
37623,8.0
37624,8.0
37625,8.0
37626,8.0
37627,8.0
37628,8.0
37629,8.0
37630,8.0
37631,8.0
37632,8.0
37633,8.0
37634,8.0
37635,8.0
37636,8.0
37637,8.0
37638,8.0
37639,8.0
37640,8.0
37641,8.0
37642,8.0
37643,8.0
37644,8.0
37645,8.0
37646,8.0
37647,8.0
37648,8.0
37649,8.0
37650,8.0
37651,8.0
37652,8.0
37653,8.0
37654,8.0
37655,8.0
37656,8.0
37657,8.0
37658,8.0
37659,8.0
37660,8.0
37661,8.0
37662,8.0
37663,8.0
37664,8.0
37665,8.0
37666,8.0
37667,8.0
37668,8.0
37669,8.0
37670,8.0
37671,8.0
37672,8.0
37673,8.0
37674,8.0
37675,8.0
37676,8.0
37677,8.0
37678,8.0
37679,8.0
37680,8.0
37681,8.0
37682,8.0
37683,8.0
37684,8.0
37685,8.0
37686,8.0
37687,8.0
37688,8.0
37689,8.0
37690,8.0
37691,8.0
37692,8.0
37693,8.0
37694,8.0
37695,8.0
37696,8.0
37697,8.0
37698,8.0
37699,8.0
37700,8.0
37701,8.0
37702,8.0
37703,8.0
37704,8.0
37705,8.0
37706,8.0
37707,8.0
37708,8.0
37709,8.0
37710,8.0
37711,8.0
37712,8.0
37713,8.0
37714,8.0
37715,8.0
37716,8.0
37717,8.0
37718,8.0
37719,8.0
37720,8.0
37721,8.0
37722,8.0
37723,8.0
37724,8.0
37725,8.0
37726,8.0
37727,8.0
37728,8.0
37729,8.0
37730,8.0
37731,8.0
37732,8.0
37733,8.0
37734,8.0
37735,8.0
37736,8.0
37737,8.0
37738,8.0
37739,8.0
37740,8.0
37741,8.0
37742,8.0
37743,8.0
37744,8.0
37745,8.0
37746,8.0
37747,8.0
37748,8.0
37749,8.0
37750,8.0
37751,8.0
37752,8.0
37753,8.0
37754,8.0
37755,8.0
37756,8.0
37757,8.0
37758,8.0
37759,8.0
37760,8.0
37761,8.0
37762,8.0
37763,8.0
37764,8.0
37765,8.0
37766,8.0
37767,8.0
37768,8.0
37769,8.0
37770,8.0
37771,8.0
37772,8.0
37773,8.0
37774,8.0
37775,8.0
37776,8.0
37777,8.0
37778,8.0
37779,8.0
37780,8.0
37781,8.0
37782,8.0
37783,8.0
37784,8.0
37785,8.0
37786,8.0
37787,8.0
37788,8.0
37789,8.0
37790,8.0
37791,8.0
37792,8.0
37793,8.0
37794,8.0
37795,8.0
37796,8.0
37797,8.0
37798,8.0
37799,8.0
37800,8.0
37801,8.0
37802,8.0
37803,8.0
37804,8.0
37805,8.0
37806,8.0
37807,8.0
37808,8.0
37809,8.0
37810,8.0
37811,8.0
37812,8.0
37813,8.0
37814,8.0
37815,8.0
37816,8.0
37817,8.0
37818,8.0
37819,9.0
37820,9.0
37821,9.0
37822,9.0
37823,9.0
37824,9.0
37825,9.0
37826,9.0
37827,9.0
37828,9.0
37829,9.0
37830,9.0
37831,9.0
37832,9.0
37833,9.0
37834,9.0
37835,9.0
37836,9.0
37837,9.0
37838,10.0
37839,10.0
37840,10.0
37841,10.0
37842,10.0
37843,10.0
37844,10.0
37845,10.0
37846,10.0
37847,10.0
37848,10.0
37849,10.0
37850,10.0
37851,10.0
37852,10.0
37853,10.0
37854,10.0
37855,10.0
37856,10.0
37857,10.0
37858,10.0
37859,10.0
37860,10.0
37861,11.0
37862,11.0
37863,11.0
37864,11.0
37865,11.0
37866,11.0
37867,11.0
37868,11.0
37869,11.0
37870,11.0
37871,11.0
37872,11.0
37873,8.0
37874,8.0
37875,8.0
37876,8.0
37877,8.0
37878,8.0
37879,8.0
37880,8.0
37881,8.0
37882,8.0
37883,8.0
37884,8.0
37885,8.0
37886,8.0
37887,8.0
37888,8.0
37889,8.0
37890,8.0
37891,8.0
37892,8.0
37893,8.0
37894,8.0
37895,8.0
37896,8.0
37897,8.0
37898,8.0
37899,8.0
37900,8.0
37901,8.0
37902,8.0
37903,8.0
37904,8.0
37905,8.0
37906,8.0
37907,8.0
37908,8.0
37909,8.0
37910,8.0
37911,8.0
37912,8.0
37913,8.0
37914,8.0
37915,8.0
37916,8.0
37917,8.0
37918,8.0
37919,8.0
37920,8.0
37921,8.0
37922,8.0
37923,8.0
37924,8.0
37925,8.0
37926,8.0
37927,8.0
37928,8.0
37929,8.0
37930,8.0
37931,8.0
37932,8.0
37933,8.0
37934,8.0
37935,8.0
37936,8.0
37937,8.0
37938,8.0
37939,8.0
37940,8.0
37941,8.0
37942,8.0
37943,8.0
37944,8.0
37945,8.0
37946,8.0
37947,8.0
37948,8.0
37949,8.0
37950,8.0
37951,8.0
37952,8.0
37953,8.0
37954,8.0
37955,8.0
37956,8.0
37957,8.0
37958,8.0
37959,8.0
37960,8.0
37961,8.0
37962,8.0
37963,8.0
37964,8.0
37965,8.0
37966,8.0
37967,8.0
37968,8.0
37969,8.0
37970,8.0
37971,8.0
37972,8.0
37973,8.0
37974,8.0
37975,8.0
37976,8.0
37977,8.0
37978,8.0
37979,8.0
37980,8.0
37981,8.0
37982,8.0
37983,8.0
37984,8.0
37985,8.0
37986,8.0
37987,8.0
37988,8.0
37989,8.0
37990,8.0
37991,8.0
37992,8.0
37993,8.0
37994,8.0
37995,8.0
37996,8.0
37997,8.0
37998,8.0
37999,8.0
38000,8.0
38001,8.0
38002,8.0
38003,8.0
38004,8.0
38005,8.0
38006,8.0
38007,8.0
38008,8.0
38009,8.0
38010,8.0
38011,8.0
38012,8.0
38013,8.0
38014,8.0
38015,8.0
38016,8.0
38017,8.0
38018,8.0
38019,8.0
38020,8.0
38021,8.0
38022,8.0
38023,8.0
38024,8.0
38025,8.0
38026,8.0
38027,8.0
38028,8.0
38029,8.0
38030,8.0
38031,8.0
38032,8.0
38033,8.0
38034,8.0
38035,8.0
38036,8.0
38037,8.0
38038,8.0
38039,8.0
38040,8.0
38041,8.0
38042,8.0
38043,8.0
38044,8.0
38045,8.0
38046,8.0
38047,8.0
38048,8.0
38049,8.0
38050,8.0
38051,8.0
38052,8.0
38053,8.0
38054,8.0
38055,8.0
38056,8.0
38057,8.0
38058,8.0
38059,8.0
38060,8.0
38061,8.0
38062,8.0
38063,8.0
38064,8.0
38065,8.0
38066,8.0
38067,8.0
38068,8.0
38069,8.0
38070,8.0
38071,8.0
38072,8.0
38073,8.0
38074,8.0
38075,8.0
38076,8.0
38077,8.0
38078,8.0
38079,8.0
38080,8.0
38081,8.0
38082,8.0
38083,8.0
38084,8.0
38085,8.0
38086,8.0
38087,8.0
38088,8.0
38089,8.0
38090,8.0
38091,8.0
38092,8.0
38093,8.0
38094,8.0
38095,8.0
38096,8.0
38097,8.0
38098,8.0
38099,8.0
38100,9.0
38101,9.0
38102,9.0
38103,9.0
38104,9.0
38105,9.0
38106,9.0
38107,9.0
38108,9.0
38109,9.0
38110,9.0
38111,9.0
38112,9.0
38113,9.0
38114,9.0
38115,9.0
38116,9.0
38117,9.0
38118,9.0
38119,9.0
38120,9.0
38121,9.0
38122,9.0
38123,9.0
38124,9.0
38125,9.0
38126,9.0
38127,9.0
38128,9.0
38129,9.0
38130,9.0
38131,9.0
38132,9.0
38133,9.0
38134,9.0
38135,9.0
38136,9.0
38137,9.0
38138,9.0
38139,9.0
38140,9.0
38141,9.0
38142,9.0
38143,9.0
38144,9.0
38145,9.0
38146,9.0
38147,9.0
38148,9.0
38149,9.0
38150,9.0
38151,9.0
38152,9.0
38153,9.0
38154,9.0
38155,9.0
38156,9.0
38157,9.0
38158,9.0
38159,9.0
38160,9.0
38161,9.0
38162,9.0
38163,9.0
38164,9.0
38165,9.0
38166,9.0
38167,9.0
38168,9.0
38169,9.0
38170,9.0
38171,9.0
38172,9.0
38173,9.0
38174,9.0
38175,9.0
38176,9.0
38177,9.0
38178,9.0
38179,9.0
38180,9.0
38181,9.0
38182,9.0
38183,9.0
38184,9.0
38185,9.0
38186,9.0
38187,9.0
38188,9.0
38189,9.0
38190,9.0
38191,9.0
38192,9.0
38193,9.0
38194,9.0
38195,9.0
38196,9.0
38197,9.0
38198,9.0
38199,9.0
38200,9.0
38201,9.0
38202,9.0
38203,9.0
38204,9.0
38205,9.0
38206,9.0
38207,9.0
38208,9.0
38209,9.0
38210,9.0
38211,9.0
38212,9.0
38213,9.0
38214,9.0
38215,9.0
38216,9.0
38217,9.0
38218,9.0
38219,9.0
38220,9.0
38221,9.0
38222,9.0
38223,9.0
38224,9.0
38225,9.0
38226,9.0
38227,9.0
38228,9.0
38229,9.0
38230,9.0
38231,9.0
38232,9.0
38233,9.0
38234,9.0
38235,9.0
38236,9.0
38237,9.0
38238,9.0
38239,9.0
38240,9.0
38241,9.0
38242,9.0
38243,9.0
38244,9.0
38245,9.0
38246,9.0
38247,9.0
38248,9.0
38249,9.0
38250,9.0
38251,9.0
38252,9.0
38253,9.0
38254,9.0
38255,9.0
38256,9.0
38257,9.0
38258,9.0
38259,9.0
38260,9.0
38261,9.0
38262,9.0
38263,9.0
38264,9.0
38265,9.0
38266,9.0
38267,9.0
38268,9.0
38269,9.0
38270,9.0
38271,9.0
38272,9.0
38273,9.0
38274,9.0
38275,9.0
38276,9.0
38277,9.0
38278,9.0
38279,9.0
38280,9.0
38281,9.0
38282,9.0
38283,9.0
38284,9.0
38285,9.0
38286,9.0
38287,9.0
38288,9.0
38289,9.0
38290,9.0
38291,9.0
38292,9.0
38293,9.0
38294,9.0
38295,9.0
38296,9.0
38297,9.0
38298,9.0
38299,9.0
38300,9.0
38301,9.0
38302,9.0
38303,9.0
38304,9.0
38305,9.0
38306,9.0
38307,9.0
38308,9.0
38309,9.0
38310,9.0
38311,9.0
38312,9.0
38313,9.0
38314,9.0
38315,9.0
38316,9.0
38317,9.0
38318,9.0
38319,9.0
38320,9.0
38321,9.0
38322,9.0
38323,9.0
38324,9.0
38325,9.0
38326,9.0
38327,9.0
38328,9.0
38329,9.0
38330,9.0
38331,9.0
38332,9.0
38333,9.0
38334,9.0
38335,9.0
38336,9.0
38337,9.0
38338,9.0
38339,9.0
38340,9.0
38341,9.0
38342,9.0
38343,9.0
38344,9.0
38345,9.0
38346,9.0
38347,9.0
38348,9.0
38349,9.0
38350,9.0
38351,9.0
38352,9.0
38353,9.0
38354,9.0
38355,9.0
38356,9.0
38357,9.0
38358,9.0
38359,9.0
38360,9.0
38361,9.0
38362,9.0
38363,9.0
38364,8.0
38365,8.0
38366,8.0
38367,8.0
38368,8.0
38369,8.0
38370,8.0
38371,8.0
38372,8.0
38373,8.0
38374,8.0
38375,8.0
38376,8.0
38377,8.0
38378,8.0
38379,8.0
38380,8.0
38381,8.0
38382,8.0
38383,8.0
38384,8.0
38385,8.0
38386,8.0
38387,8.0
38388,8.0
38389,8.0
38390,8.0
38391,8.0
38392,8.0
38393,8.0
38394,8.0
38395,8.0
38396,8.0
38397,8.0
38398,8.0
38399,8.0
38400,8.0
38401,8.0
38402,8.0
38403,8.0
38404,8.0
38405,8.0
38406,8.0
38407,8.0
38408,8.0
38409,8.0
38410,8.0
38411,8.0
38412,8.0
38413,8.0
38414,8.0
38415,8.0
38416,8.0
38417,8.0
38418,8.0
38419,8.0
38420,8.0
38421,8.0
38422,8.0
38423,8.0
38424,8.0
38425,8.0
38426,8.0
38427,8.0
38428,8.0
38429,8.0
38430,8.0
38431,8.0
38432,8.0
38433,8.0
38434,8.0
38435,8.0
38436,8.0
38437,8.0
38438,8.0
38439,8.0
38440,8.0
38441,8.0
38442,8.0
38443,8.0
38444,8.0
38445,8.0
38446,8.0
38447,8.0
38448,8.0
38449,8.0
38450,8.0
38451,8.0
38452,8.0
38453,8.0
38454,8.0
38455,8.0
38456,8.0
38457,8.0
38458,8.0
38459,8.0
38460,8.0
38461,8.0
38462,8.0
38463,8.0
38464,8.0
38465,8.0
38466,8.0
38467,8.0
38468,8.0
38469,8.0
38470,8.0
38471,8.0
38472,8.0
38473,8.0
38474,8.0
38475,8.0
38476,8.0
38477,8.0
38478,8.0
38479,8.0
38480,8.0
38481,8.0
38482,8.0
38483,8.0
38484,8.0
38485,8.0
38486,8.0
38487,8.0
38488,8.0
38489,8.0
38490,8.0
38491,8.0
38492,8.0
38493,8.0
38494,8.0
38495,8.0
38496,8.0
38497,8.0
38498,8.0
38499,8.0
38500,8.0
38501,8.0
38502,8.0
38503,8.0
38504,8.0
38505,8.0
38506,8.0
38507,8.0
38508,8.0
38509,8.0
38510,8.0
38511,8.0
38512,8.0
38513,8.0
38514,8.0
38515,8.0
38516,8.0
38517,8.0
38518,8.0
38519,8.0
38520,8.0
38521,8.0
38522,8.0
38523,8.0
38524,8.0
38525,8.0
38526,8.0
38527,8.0
38528,8.0
38529,8.0
38530,8.0
38531,8.0
38532,8.0
38533,8.0
38534,8.0
38535,8.0
38536,8.0
38537,8.0
38538,8.0
38539,8.0
38540,8.0
38541,8.0
38542,8.0
38543,8.0
38544,8.0
38545,8.0
38546,8.0
38547,8.0
38548,8.0
38549,8.0
38550,8.0
38551,8.0
38552,8.0
38553,8.0
38554,8.0
38555,8.0
38556,8.0
38557,8.0
38558,8.0
38559,8.0
38560,8.0
38561,8.0
38562,8.0
38563,8.0
38564,8.0
38565,8.0
38566,8.0
38567,8.0
38568,8.0
38569,8.0
38570,8.0
38571,8.0
38572,8.0
38573,8.0
38574,8.0
38575,8.0
38576,8.0
38577,8.0
38578,8.0
38579,8.0
38580,8.0
38581,8.0
38582,8.0
38583,8.0
38584,8.0
38585,8.0
38586,8.0
38587,8.0
38588,8.0
38589,8.0
38590,8.0
38591,8.0
38592,8.0
38593,8.0
38594,8.0
38595,8.0
38596,8.0
38597,8.0
38598,8.0
38599,8.0
38600,8.0
38601,8.0
38602,8.0
38603,8.0
38604,8.0
38605,8.0
38606,8.0
38607,8.0
38608,8.0
38609,8.0
38610,8.0
38611,8.0
38612,8.0
38613,8.0
38614,8.0
38615,8.0
38616,8.0
38617,8.0
38618,8.0
38619,8.0
38620,8.0
38621,8.0
38622,8.0
38623,8.0
38624,8.0
38625,8.0
38626,8.0
38627,8.0
38628,8.0
38629,8.0
38630,8.0
38631,8.0
38632,8.0
38633,8.0
38634,8.0
38635,8.0
38636,8.0
38637,8.0
38638,8.0
38639,8.0
38640,8.0
38641,8.0
38642,8.0
38643,8.0
38644,8.0
38645,8.0
38646,8.0
38647,8.0
38648,8.0
38649,8.0
38650,8.0
38651,8.0
38652,8.0
38653,8.0
38654,8.0
38655,8.0
38656,8.0
38657,8.0
38658,8.0
38659,8.0
38660,8.0
38661,8.0
38662,8.0
38663,8.0
38664,8.0
38665,8.0
38666,8.0
38667,8.0
38668,8.0
38669,8.0
38670,8.0
38671,8.0
38672,8.0
38673,8.0
38674,8.0
38675,8.0
38676,8.0
38677,8.0
38678,8.0
38679,8.0
38680,8.0
38681,8.0
38682,8.0
38683,8.0
38684,8.0
38685,8.0
38686,8.0
38687,8.0
38688,8.0
38689,8.0
38690,8.0
38691,8.0
38692,8.0
38693,8.0
38694,8.0
38695,8.0
38696,8.0
38697,8.0
38698,8.0
38699,8.0
38700,8.0
38701,8.0
38702,8.0
38703,8.0
38704,8.0
38705,8.0
38706,8.0
38707,8.0
38708,8.0
38709,8.0
38710,8.0
38711,8.0
38712,8.0
38713,8.0
38714,8.0
38715,8.0
38716,8.0
38717,8.0
38718,8.0
38719,8.0
38720,8.0
38721,8.0
38722,8.0
38723,8.0
38724,8.0
38725,8.0
38726,8.0
38727,8.0
38728,8.0
38729,8.0
38730,8.0
38731,8.0
38732,8.0
38733,8.0
38734,8.0
38735,8.0
38736,8.0
38737,8.0
38738,8.0
38739,8.0
38740,8.0
38741,8.0
38742,8.0
38743,8.0
38744,8.0
38745,8.0
38746,8.0
38747,8.0
38748,8.0
38749,8.0
38750,8.0
38751,8.0
38752,8.0
38753,8.0
38754,8.0
38755,8.0
38756,8.0
38757,8.0
38758,8.0
38759,8.0
38760,8.0
38761,8.0
38762,8.0
38763,8.0
38764,8.0
38765,8.0
38766,8.0
38767,8.0
38768,8.0
38769,8.0
38770,8.0
38771,8.0
38772,8.0
38773,8.0
38774,8.0
38775,8.0
38776,8.0
38777,8.0
38778,8.0
38779,8.0
38780,8.0
38781,8.0
38782,8.0
38783,8.0
38784,8.0
38785,8.0
38786,8.0
38787,8.0
38788,8.0
38789,8.0
38790,8.0
38791,8.0
38792,8.0
38793,8.0
38794,8.0
38795,8.0
38796,8.0
38797,8.0
38798,8.0
38799,8.0
38800,8.0
38801,8.0
38802,8.0
38803,8.0
38804,8.0
38805,8.0
38806,8.0
38807,8.0
38808,8.0
38809,8.0
38810,8.0
38811,8.0
38812,8.0
38813,8.0
38814,8.0
38815,8.0
38816,8.0
38817,8.0
38818,8.0
38819,8.0
38820,8.0
38821,8.0
38822,8.0
38823,8.0
38824,8.0
38825,8.0
38826,8.0
38827,8.0
38828,8.0
38829,8.0
38830,8.0
38831,8.0
38832,8.0
38833,8.0
38834,8.0
38835,8.0
38836,8.0
38837,8.0
38838,8.0
38839,8.0
38840,8.0
38841,8.0
38842,8.0
38843,8.0
38844,8.0
38845,8.0
38846,8.0
38847,8.0
38848,8.0
38849,8.0
38850,8.0
38851,8.0
38852,8.0
38853,8.0
38854,8.0
38855,8.0
38856,8.0
38857,8.0
38858,8.0
38859,8.0
38860,8.0
38861,8.0
38862,8.0
38863,8.0
38864,8.0
38865,8.0
38866,8.0
38867,8.0
38868,8.0
38869,8.0
38870,8.0
38871,8.0
38872,8.0
38873,8.0
38874,8.0
38875,8.0
38876,8.0
38877,8.0
38878,8.0
38879,7.0
38880,7.0
38881,7.0
38882,7.0
38883,7.0
38884,7.0
38885,7.0
38886,7.0
38887,7.0
38888,7.0
38889,7.0
38890,7.0
38891,7.0
38892,7.0
38893,7.0
38894,7.0
38895,7.0
38896,7.0
38897,7.0
38898,7.0
38899,7.0
38900,7.0
38901,7.0
38902,7.0
38903,7.0
38904,7.0
38905,7.0
38906,7.0
38907,7.0
38908,7.0
38909,7.0
38910,7.0
38911,7.0
38912,7.0
38913,7.0
38914,7.0
38915,7.0
38916,7.0
38917,7.0
38918,7.0
38919,7.0
38920,7.0
38921,7.0
38922,7.0
38923,7.0
38924,7.0
38925,7.0
38926,7.0
38927,7.0
38928,7.0
38929,8.0
38930,8.0
38931,7.0
38932,7.0
38933,7.0
38934,7.0
38935,7.0
38936,7.0
38937,7.0
38938,7.0
38939,7.0
38940,7.0
38941,7.0
38942,7.0
38943,7.0
38944,7.0
38945,7.0
38946,7.0
38947,7.0
38948,7.0
38949,7.0
38950,7.0
38951,7.0
38952,7.0
38953,7.0
38954,7.0
38955,7.0
38956,7.0
38957,7.0
38958,7.0
38959,7.0
38960,7.0
38961,7.0
38962,7.0
38963,7.0
38964,7.0
38965,7.0
38966,7.0
38967,7.0
38968,7.0
38969,7.0
38970,7.0
38971,7.0
38972,7.0
38973,7.0
38974,7.0
38975,7.0
38976,7.0
38977,7.0
38978,7.0
38979,7.0
38980,7.0
38981,7.0
38982,7.0
38983,7.0
38984,7.0
38985,7.0
38986,7.0
38987,7.0
38988,7.0
38989,7.0
38990,7.0
38991,7.0
38992,7.0
38993,7.0
38994,7.0
38995,7.0
38996,7.0
38997,7.0
38998,7.0
38999,7.0
39000,7.0
39001,7.0
39002,7.0
39003,7.0
39004,7.0
39005,7.0
39006,7.0
39007,7.0
39008,7.0
39009,7.0
39010,7.0
39011,7.0
39012,7.0
39013,7.0
39014,7.0
39015,7.0
39016,7.0
39017,7.0
39018,7.0
39019,7.0
39020,7.0
39021,7.0
39022,7.0
39023,7.0
39024,7.0
39025,7.0
39026,7.0
39027,7.0
39028,7.0
39029,7.0
39030,7.0
39031,7.0
39032,7.0
39033,7.0
39034,7.0
39035,7.0
39036,7.0
39037,7.0
39038,7.0
39039,7.0
39040,7.0
39041,7.0
39042,7.0
39043,7.0
39044,7.0
39045,7.0
39046,7.0
39047,7.0
39048,7.0
39049,7.0
39050,7.0
39051,7.0
39052,7.0
39053,7.0
39054,7.0
39055,7.0
39056,7.0
39057,7.0
39058,7.0
39059,7.0
39060,7.0
39061,7.0
39062,7.0
39063,7.0
39064,8.0
39065,8.0
39066,8.0
39067,8.0
39068,8.0
39069,8.0
39070,8.0
39071,8.0
39072,8.0
39073,8.0
39074,8.0
39075,8.0
39076,8.0
39077,8.0
39078,8.0
39079,8.0
39080,8.0
39081,8.0
39082,8.0
39083,8.0
39084,8.0
39085,8.0
39086,8.0
39087,8.0
39088,8.0
39089,8.0
39090,8.0
39091,8.0
39092,8.0
39093,8.0
39094,8.0
39095,8.0
39096,8.0
39097,8.0
39098,8.0
39099,8.0
39100,8.0
39101,8.0
39102,8.0
39103,8.0
39104,8.0
39105,8.0
39106,8.0
39107,8.0
39108,8.0
39109,8.0
39110,8.0
39111,8.0
39112,8.0
39113,8.0
39114,8.0
39115,8.0
39116,8.0
39117,8.0
39118,8.0
39119,8.0
39120,8.0
39121,8.0
39122,8.0
39123,8.0
39124,8.0
39125,8.0
39126,8.0
39127,8.0
39128,8.0
39129,8.0
39130,8.0
39131,8.0
39132,8.0
39133,8.0
39134,8.0
39135,8.0
39136,8.0
39137,8.0
39138,8.0
39139,8.0
39140,8.0
39141,8.0
39142,8.0
39143,8.0
39144,8.0
39145,8.0
39146,8.0
39147,8.0
39148,7.0
39149,7.0
39150,7.0
39151,7.0
39152,7.0
39153,7.0
39154,7.0
39155,7.0
39156,7.0
39157,7.0
39158,7.0
39159,7.0
39160,7.0
39161,7.0
39162,7.0
39163,7.0
39164,7.0
39165,7.0
39166,7.0
39167,7.0
39168,7.0
39169,7.0
39170,7.0
39171,7.0
39172,7.0
39173,7.0
39174,7.0
39175,7.0
39176,7.0
39177,7.0
39178,7.0
39179,7.0
39180,7.0
39181,7.0
39182,7.0
39183,7.0
39184,7.0
39185,7.0
39186,7.0
39187,7.0
39188,7.0
39189,7.0
39190,7.0
39191,7.0
39192,7.0
39193,7.0
39194,7.0
39195,7.0
39196,7.0
39197,7.0
39198,7.0
39199,7.0
39200,7.0
39201,7.0
39202,7.0
39203,7.0
39204,7.0
39205,7.0
39206,7.0
39207,7.0
39208,7.0
39209,7.0
39210,7.0
39211,7.0
39212,7.0
39213,7.0
39214,8.0
39215,8.0
39216,8.0
39217,8.0
39218,8.0
39219,8.0
39220,8.0
39221,8.0
39222,8.0
39223,8.0
39224,8.0
39225,8.0
39226,8.0
39227,8.0
39228,8.0
39229,8.0
39230,8.0
39231,8.0
39232,8.0
39233,8.0
39234,8.0
39235,8.0
39236,8.0
39237,8.0
39238,8.0
39239,8.0
39240,8.0
39241,8.0
39242,8.0
39243,8.0
39244,8.0
39245,8.0
39246,8.0
39247,8.0
39248,8.0
39249,8.0
39250,8.0
39251,8.0
39252,8.0
39253,8.0
39254,8.0
39255,8.0
39256,8.0
39257,8.0
39258,8.0
39259,8.0
39260,8.0
39261,8.0
39262,8.0
39263,8.0
39264,8.0
39265,8.0
39266,8.0
39267,8.0
39268,8.0
39269,8.0
39270,8.0
39271,8.0
39272,8.0
39273,8.0
39274,8.0
39275,8.0
39276,8.0
39277,8.0
39278,8.0
39279,8.0
39280,8.0
39281,8.0
39282,8.0
39283,8.0
39284,8.0
39285,8.0
39286,8.0
39287,8.0
39288,8.0
39289,8.0
39290,8.0
39291,8.0
39292,8.0
39293,8.0
39294,8.0
39295,8.0
39296,8.0
39297,8.0
39298,8.0
39299,8.0
39300,8.0
39301,8.0
39302,8.0
39303,8.0
39304,8.0
39305,8.0
39306,8.0
39307,8.0
39308,8.0
39309,8.0
39310,8.0
39311,8.0
39312,8.0
39313,8.0
39314,8.0
39315,8.0
39316,8.0
39317,8.0
39318,8.0
39319,8.0
39320,8.0
39321,8.0
39322,8.0
39323,8.0
39324,8.0
39325,8.0
39326,8.0
39327,8.0
39328,8.0
39329,8.0
39330,8.0
39331,8.0
39332,8.0
39333,8.0
39334,8.0
39335,8.0
39336,8.0
39337,8.0
39338,8.0
39339,8.0
39340,8.0
39341,8.0
39342,8.0
39343,8.0
39344,8.0
39345,8.0
39346,8.0
39347,8.0
39348,8.0
39349,8.0
39350,8.0
39351,8.0
39352,8.0
39353,8.0
39354,8.0
39355,8.0
39356,8.0
39357,8.0
39358,8.0
39359,8.0
39360,8.0
39361,8.0
39362,8.0
39363,8.0
39364,8.0
39365,8.0
39366,8.0
39367,8.0
39368,8.0
39369,8.0
39370,8.0
39371,8.0
39372,8.0
39373,8.0
39374,8.0
39375,8.0
39376,8.0
39377,8.0
39378,8.0
39379,8.0
39380,8.0
39381,8.0
39382,8.0
39383,8.0
39384,8.0
39385,8.0
39386,8.0
39387,8.0
39388,8.0
39389,8.0
39390,8.0
39391,8.0
39392,8.0
39393,8.0
39394,8.0
39395,8.0
39396,8.0
39397,8.0
39398,8.0
39399,8.0
39400,8.0
39401,8.0
39402,8.0
39403,8.0
39404,8.0
39405,8.0
39406,8.0
39407,8.0
39408,8.0
39409,8.0
39410,8.0
39411,8.0
39412,8.0
39413,8.0
39414,8.0
39415,8.0
39416,8.0
39417,9.0
39418,9.0
39419,9.0
39420,9.0
39421,9.0
39422,9.0
39423,9.0
39424,9.0
39425,9.0
39426,9.0
39427,9.0
39428,9.0
39429,9.0
39430,9.0
39431,9.0
39432,9.0
39433,9.0
39434,9.0
39435,8.0
39436,8.0
39437,8.0
39438,8.0
39439,8.0
39440,8.0
39441,8.0
39442,8.0
39443,8.0
39444,8.0
39445,8.0
39446,8.0
39447,8.0
39448,8.0
39449,8.0
39450,8.0
39451,8.0
39452,8.0
39453,8.0
39454,8.0
39455,8.0
39456,8.0
39457,8.0
39458,8.0
39459,8.0
39460,8.0
39461,8.0
39462,8.0
39463,8.0
39464,8.0
39465,8.0
39466,8.0
39467,8.0
39468,8.0
39469,8.0
39470,8.0
39471,8.0
39472,8.0
39473,8.0
39474,8.0
39475,8.0
39476,8.0
39477,8.0
39478,8.0
39479,8.0
39480,8.0
39481,8.0
39482,8.0
39483,8.0
39484,8.0
39485,8.0
39486,8.0
39487,8.0
39488,8.0
39489,8.0
39490,8.0
39491,8.0
39492,8.0
39493,8.0
39494,8.0
39495,8.0
39496,8.0
39497,8.0
39498,8.0
39499,8.0
39500,8.0
39501,8.0
39502,8.0
39503,8.0
39504,8.0
39505,8.0
39506,8.0
39507,8.0
39508,8.0
39509,8.0
39510,8.0
39511,8.0
39512,8.0
39513,8.0
39514,8.0
39515,8.0
39516,8.0
39517,8.0
39518,8.0
39519,8.0
39520,8.0
39521,8.0
39522,8.0
39523,8.0
39524,8.0
39525,8.0
39526,8.0
39527,8.0
39528,8.0
39529,8.0
39530,8.0
39531,8.0
39532,8.0
39533,8.0
39534,8.0
39535,8.0
39536,8.0
39537,8.0
39538,8.0
39539,8.0
39540,8.0
39541,8.0
39542,8.0
39543,8.0
39544,8.0
39545,8.0
39546,8.0
39547,8.0
39548,8.0
39549,8.0
39550,8.0
39551,8.0
39552,8.0
39553,8.0
39554,8.0
39555,8.0
39556,8.0
39557,8.0
39558,8.0
39559,8.0
39560,8.0
39561,8.0
39562,8.0
39563,8.0
39564,8.0
39565,8.0
39566,8.0
39567,8.0
39568,8.0
39569,8.0
39570,8.0
39571,8.0
39572,8.0
39573,8.0
39574,8.0
39575,8.0
39576,8.0
39577,8.0
39578,8.0
39579,8.0
39580,8.0
39581,8.0
39582,8.0
39583,8.0
39584,8.0
39585,8.0
39586,8.0
39587,8.0
39588,8.0
39589,8.0
39590,8.0
39591,8.0
39592,8.0
39593,8.0
39594,8.0
39595,8.0
39596,8.0
39597,8.0
39598,8.0
39599,8.0
39600,8.0
39601,8.0
39602,8.0
39603,8.0
39604,8.0
39605,8.0
39606,8.0
39607,8.0
39608,8.0
39609,8.0
39610,8.0
39611,8.0
39612,8.0
39613,8.0
39614,8.0
39615,8.0
39616,8.0
39617,8.0
39618,8.0
39619,8.0
39620,8.0
39621,8.0
39622,8.0
39623,8.0
39624,8.0
39625,8.0
39626,8.0
39627,8.0
39628,8.0
39629,8.0
39630,8.0
39631,8.0
39632,8.0
39633,8.0
39634,8.0
39635,8.0
39636,8.0
39637,8.0
39638,8.0
39639,8.0
39640,8.0
39641,8.0
39642,8.0
39643,8.0
39644,8.0
39645,8.0
39646,8.0
39647,8.0
39648,8.0
39649,8.0
39650,8.0
39651,8.0
39652,8.0
39653,8.0
39654,8.0
39655,8.0
39656,8.0
39657,8.0
39658,8.0
39659,8.0
39660,8.0
39661,8.0
39662,8.0
39663,8.0
39664,8.0
39665,8.0
39666,8.0
39667,8.0
39668,8.0
39669,8.0
39670,8.0
39671,8.0
39672,8.0
39673,8.0
39674,8.0
39675,8.0
39676,8.0
39677,8.0
39678,8.0
39679,8.0
39680,8.0
39681,8.0
39682,8.0
39683,8.0
39684,8.0
39685,8.0
39686,8.0
39687,8.0
39688,8.0
39689,8.0
39690,8.0
39691,8.0
39692,8.0
39693,8.0
39694,8.0
39695,8.0
39696,8.0
39697,8.0
39698,8.0
39699,8.0
39700,8.0
39701,8.0
39702,8.0
39703,8.0
39704,8.0
39705,8.0
39706,8.0
39707,8.0
39708,8.0
39709,8.0
39710,8.0
39711,8.0
39712,8.0
39713,8.0
39714,8.0
39715,8.0
39716,8.0
39717,8.0
39718,8.0
39719,8.0
39720,8.0
39721,8.0
39722,8.0
39723,8.0
39724,8.0
39725,8.0
39726,8.0
39727,8.0
39728,8.0
39729,8.0
39730,8.0
39731,8.0
39732,8.0
39733,8.0
39734,8.0
39735,8.0
39736,8.0
39737,8.0
39738,8.0
39739,8.0
39740,8.0
39741,8.0
39742,8.0
39743,8.0
39744,8.0
39745,8.0
39746,8.0
39747,8.0
39748,8.0
39749,8.0
39750,8.0
39751,8.0
39752,8.0
39753,8.0
39754,8.0
39755,8.0
39756,8.0
39757,8.0
39758,8.0
39759,8.0
39760,8.0
39761,8.0
39762,8.0
39763,8.0
39764,8.0
39765,8.0
39766,8.0
39767,8.0
39768,8.0
39769,8.0
39770,8.0
39771,8.0
39772,8.0
39773,8.0
39774,8.0
39775,8.0
39776,8.0
39777,8.0
39778,8.0
39779,8.0
39780,8.0
39781,8.0
39782,8.0
39783,8.0
39784,8.0
39785,8.0
39786,8.0
39787,8.0
39788,8.0
39789,8.0
39790,8.0
39791,8.0
39792,8.0
39793,8.0
39794,8.0
39795,8.0
39796,8.0
39797,8.0
39798,8.0
39799,8.0
39800,8.0
39801,8.0
39802,8.0
39803,8.0
39804,8.0
39805,8.0
39806,8.0
39807,8.0
39808,8.0
39809,8.0
39810,8.0
39811,8.0
39812,8.0
39813,8.0
39814,8.0
39815,8.0
39816,8.0
39817,8.0
39818,8.0
39819,8.0
39820,8.0
39821,8.0
39822,8.0
39823,8.0
39824,8.0
39825,8.0
39826,8.0
39827,8.0
39828,8.0
39829,8.0
39830,8.0
39831,8.0
39832,8.0
39833,8.0
39834,8.0
39835,8.0
39836,8.0
39837,8.0
39838,8.0
39839,8.0
39840,8.0
39841,8.0
39842,8.0
39843,8.0
39844,8.0
39845,8.0
39846,8.0
39847,8.0
39848,8.0
39849,8.0
39850,8.0
39851,8.0
39852,8.0
39853,8.0
39854,8.0
39855,8.0
39856,8.0
39857,8.0
39858,8.0
39859,8.0
39860,8.0
39861,8.0
39862,8.0
39863,8.0
39864,8.0
39865,8.0
39866,8.0
39867,8.0
39868,8.0
39869,8.0
39870,8.0
39871,8.0
39872,8.0
39873,8.0
39874,8.0
39875,8.0
39876,8.0
39877,8.0
39878,8.0
39879,8.0
39880,8.0
39881,8.0
39882,8.0
39883,8.0
39884,8.0
39885,8.0
39886,8.0
39887,8.0
39888,8.0
39889,8.0
39890,8.0
39891,8.0
39892,8.0
39893,8.0
39894,8.0
39895,8.0
39896,8.0
39897,8.0
39898,8.0
39899,8.0
39900,8.0
39901,8.0
39902,8.0
39903,8.0
39904,8.0
39905,8.0
39906,8.0
39907,8.0
39908,8.0
39909,8.0
39910,8.0
39911,8.0
39912,8.0
39913,8.0
39914,8.0
39915,8.0
39916,8.0
39917,8.0
39918,8.0
39919,8.0
39920,8.0
39921,8.0
39922,8.0
39923,8.0
39924,8.0
39925,8.0
39926,8.0
39927,8.0
39928,8.0
39929,8.0
39930,8.0
39931,8.0
39932,8.0
39933,8.0
39934,8.0
39935,8.0
39936,8.0
39937,8.0
39938,8.0
39939,8.0
39940,8.0
39941,8.0
39942,8.0
39943,8.0
39944,8.0
39945,8.0
39946,8.0
39947,8.0
39948,8.0
39949,8.0
39950,8.0
39951,8.0
39952,8.0
39953,8.0
39954,8.0
39955,8.0
39956,8.0
39957,8.0
39958,8.0
39959,8.0
39960,8.0
39961,8.0
39962,8.0
39963,8.0
39964,8.0
39965,8.0
39966,8.0
39967,8.0
39968,8.0
39969,8.0
39970,8.0
39971,8.0
39972,8.0
39973,8.0
39974,8.0
39975,8.0
39976,8.0
39977,8.0
39978,8.0
39979,8.0
39980,8.0
39981,8.0
39982,8.0
39983,8.0
39984,8.0
39985,8.0
39986,8.0
39987,8.0
39988,8.0
39989,8.0
39990,8.0
39991,8.0
39992,8.0
39993,8.0
39994,8.0
39995,8.0
39996,8.0
39997,8.0
39998,8.0
39999,8.0
40000,8.0
40001,8.0
40002,8.0
40003,8.0
40004,8.0
40005,8.0
40006,8.0
40007,8.0
40008,8.0
40009,8.0
40010,8.0
40011,8.0
40012,8.0
40013,8.0
40014,8.0
40015,8.0
40016,8.0
40017,8.0
40018,8.0
40019,8.0
40020,8.0
40021,8.0
40022,8.0
40023,8.0
40024,8.0
40025,8.0
40026,8.0
40027,8.0
40028,8.0
40029,8.0
40030,8.0
40031,8.0
40032,8.0
40033,8.0
40034,8.0
40035,8.0
40036,8.0
40037,8.0
40038,8.0
40039,8.0
40040,8.0
40041,8.0
40042,8.0
40043,8.0
40044,8.0
40045,8.0
40046,8.0
40047,8.0
40048,8.0
40049,8.0
40050,8.0
40051,8.0
40052,8.0
40053,9.0
40054,9.0
40055,9.0
40056,9.0
40057,9.0
40058,9.0
40059,9.0
40060,9.0
40061,9.0
40062,9.0
40063,9.0
40064,9.0
40065,9.0
40066,9.0
40067,9.0
40068,9.0
40069,9.0
40070,9.0
40071,9.0
40072,9.0
40073,9.0
40074,9.0
40075,9.0
40076,9.0
40077,9.0
40078,9.0
40079,9.0
40080,9.0
40081,9.0
40082,9.0
40083,9.0
40084,9.0
40085,9.0
40086,9.0
40087,9.0
40088,9.0
40089,9.0
40090,9.0
40091,9.0
40092,9.0
40093,9.0
40094,9.0
40095,9.0
40096,9.0
40097,9.0
40098,9.0
40099,10.0
40100,10.0
40101,10.0
40102,10.0
40103,10.0
40104,10.0
40105,10.0
40106,10.0
40107,10.0
40108,10.0
40109,10.0
40110,10.0
40111,10.0
40112,10.0
40113,10.0
40114,10.0
40115,10.0
40116,10.0
40117,10.0
40118,10.0
40119,10.0
40120,10.0
40121,10.0
40122,10.0
40123,10.0
40124,10.0
40125,10.0
40126,10.0
40127,10.0
40128,10.0
40129,10.0
40130,10.0
40131,10.0
40132,10.0
40133,10.0
40134,10.0
40135,10.0
40136,10.0
40137,10.0
40138,10.0
40139,10.0
40140,10.0
40141,10.0
40142,10.0
40143,10.0
40144,10.0
40145,10.0
40146,10.0
40147,10.0
40148,10.0
40149,10.0
40150,10.0
40151,10.0
40152,10.0
40153,10.0
40154,10.0
40155,10.0
40156,10.0
40157,10.0
40158,10.0
40159,10.0
40160,10.0
40161,10.0
40162,10.0
40163,10.0
40164,10.0
40165,10.0
40166,10.0
40167,10.0
40168,10.0
40169,10.0
40170,10.0
40171,10.0
40172,10.0
40173,10.0
40174,10.0
40175,10.0
40176,10.0
40177,10.0
40178,10.0
40179,10.0
40180,10.0
40181,10.0
40182,10.0
40183,10.0
40184,10.0
40185,10.0
40186,10.0
40187,10.0
40188,10.0
40189,10.0
40190,10.0
40191,10.0
40192,10.0
40193,10.0
40194,10.0
40195,10.0
40196,10.0
40197,10.0
40198,10.0
40199,10.0
40200,10.0
40201,10.0
40202,10.0
40203,10.0
40204,10.0
40205,10.0
40206,10.0
40207,10.0
40208,10.0
40209,10.0
40210,10.0
40211,10.0
40212,10.0
40213,10.0
40214,10.0
40215,10.0
40216,10.0
40217,10.0
40218,10.0
40219,10.0
40220,10.0
40221,10.0
40222,10.0
40223,10.0
40224,10.0
40225,10.0
40226,10.0
40227,10.0
40228,10.0
40229,10.0
40230,10.0
40231,10.0
40232,10.0
40233,10.0
40234,10.0
40235,10.0
40236,10.0
40237,10.0
40238,10.0
40239,10.0
40240,10.0
40241,10.0
40242,10.0
40243,10.0
40244,10.0
40245,10.0
40246,10.0
40247,10.0
40248,10.0
40249,10.0
40250,10.0
40251,10.0
40252,10.0
40253,10.0
40254,10.0
40255,10.0
40256,10.0
40257,10.0
40258,10.0
40259,10.0
40260,10.0
40261,10.0
40262,10.0
40263,10.0
40264,10.0
40265,10.0
40266,10.0
40267,10.0
40268,10.0
40269,10.0
40270,10.0
40271,10.0
40272,10.0
40273,10.0
40274,10.0
40275,10.0
40276,10.0
40277,10.0
40278,10.0
40279,10.0
40280,10.0
40281,10.0
40282,10.0
40283,10.0
40284,10.0
40285,10.0
40286,10.0
40287,10.0
40288,10.0
40289,10.0
40290,10.0
40291,10.0
40292,10.0
40293,10.0
40294,11.0
40295,11.0
40296,11.0
40297,11.0
40298,11.0
40299,11.0
40300,11.0
40301,11.0
40302,11.0
40303,11.0
40304,11.0
40305,11.0
40306,11.0
40307,11.0
40308,11.0
40309,11.0
40310,11.0
40311,11.0
40312,11.0
40313,11.0
40314,11.0
40315,11.0
40316,11.0
40317,11.0
40318,11.0
40319,11.0
40320,11.0
40321,11.0
40322,11.0
40323,11.0
40324,11.0
40325,11.0
40326,11.0
40327,11.0
40328,11.0
40329,11.0
40330,11.0
40331,11.0
40332,11.0
40333,11.0
40334,11.0
40335,11.0
40336,11.0
40337,11.0
40338,11.0
40339,11.0
40340,11.0
40341,11.0
40342,11.0
40343,11.0
40344,11.0
40345,11.0
40346,11.0
40347,11.0
40348,11.0
40349,11.0
40350,11.0
40351,11.0
40352,11.0
40353,11.0
40354,11.0
40355,11.0
40356,11.0
40357,11.0
40358,11.0
40359,11.0
40360,11.0
40361,11.0
40362,11.0
40363,11.0
40364,11.0
40365,11.0
40366,11.0
40367,11.0
40368,11.0
40369,11.0
40370,11.0
40371,11.0
40372,11.0
40373,11.0
40374,11.0
40375,11.0
40376,11.0
40377,11.0
40378,11.0
40379,11.0
40380,11.0
40381,11.0
40382,11.0
40383,11.0
40384,11.0
40385,11.0
40386,11.0
40387,11.0
40388,11.0
40389,11.0
40390,11.0
40391,11.0
40392,11.0
40393,11.0
40394,11.0
40395,11.0
40396,11.0
40397,11.0
40398,11.0
40399,11.0
40400,11.0
40401,11.0
40402,11.0
40403,11.0
40404,11.0
40405,11.0
40406,11.0
40407,11.0
40408,11.0
40409,11.0
40410,11.0
40411,11.0
40412,11.0
40413,11.0
40414,11.0
40415,11.0
40416,11.0
40417,11.0
40418,11.0
40419,11.0
40420,11.0
40421,11.0
40422,11.0
40423,11.0
40424,11.0
40425,11.0
40426,11.0
40427,11.0
40428,11.0
40429,11.0
40430,11.0
40431,11.0
40432,11.0
40433,11.0
40434,11.0
40435,11.0
40436,11.0
40437,11.0
40438,11.0
40439,11.0
40440,11.0
40441,11.0
40442,11.0
40443,11.0
40444,11.0
40445,11.0
40446,11.0
40447,11.0
40448,11.0
40449,11.0
40450,11.0
40451,11.0
40452,11.0
40453,11.0
40454,11.0
40455,11.0
40456,11.0
40457,11.0
40458,11.0
40459,11.0
40460,11.0
40461,11.0
40462,11.0
40463,11.0
40464,11.0
40465,11.0
40466,11.0
40467,11.0
40468,11.0
40469,11.0
40470,11.0
40471,11.0
40472,11.0
40473,11.0
40474,11.0
40475,11.0
40476,11.0
40477,11.0
40478,11.0
40479,11.0
40480,11.0
40481,11.0
40482,11.0
40483,11.0
40484,11.0
40485,11.0
40486,11.0
40487,11.0
40488,11.0
40489,11.0
40490,11.0
40491,11.0
40492,11.0
40493,11.0
40494,11.0
40495,11.0
40496,11.0
40497,11.0
40498,11.0
40499,11.0
40500,11.0
40501,11.0
40502,11.0
40503,11.0
40504,11.0
40505,11.0
40506,11.0
40507,11.0
40508,11.0
40509,11.0
40510,11.0
40511,11.0
40512,11.0
40513,11.0
40514,11.0
40515,11.0
40516,11.0
40517,11.0
40518,11.0
40519,11.0
40520,11.0
40521,11.0
40522,11.0
40523,11.0
40524,11.0
40525,11.0
40526,11.0
40527,11.0
40528,11.0
40529,11.0
40530,11.0
40531,11.0
40532,11.0
40533,11.0
40534,11.0
40535,11.0
40536,11.0
40537,11.0
40538,11.0
40539,11.0
40540,11.0
40541,11.0
40542,11.0
40543,11.0
40544,11.0
40545,11.0
40546,11.0
40547,11.0
40548,11.0
40549,11.0
40550,11.0
40551,11.0
40552,11.0
40553,11.0
40554,11.0
40555,11.0
40556,11.0
40557,11.0
40558,11.0
40559,11.0
40560,11.0
40561,11.0
40562,11.0
40563,11.0
40564,11.0
40565,11.0
40566,11.0
40567,11.0
40568,11.0
40569,11.0
40570,11.0
40571,11.0
40572,11.0
40573,11.0
40574,11.0
40575,11.0
40576,11.0
40577,11.0
40578,11.0
40579,11.0
40580,11.0
40581,11.0
40582,11.0
40583,11.0
40584,11.0
40585,11.0
40586,11.0
40587,11.0
40588,11.0
40589,11.0
40590,11.0
40591,11.0
40592,11.0
40593,11.0
40594,11.0
40595,11.0
40596,11.0
40597,11.0
40598,11.0
40599,11.0
40600,11.0
40601,11.0
40602,11.0
40603,11.0
40604,11.0
40605,11.0
40606,11.0
40607,11.0
40608,11.0
40609,11.0
40610,11.0
40611,11.0
40612,11.0
40613,11.0
40614,11.0
40615,11.0
40616,11.0
40617,11.0
40618,11.0
40619,11.0
40620,11.0
40621,11.0
40622,11.0
40623,11.0
40624,11.0
40625,11.0
40626,11.0
40627,11.0
40628,11.0
40629,11.0
40630,11.0
40631,11.0
40632,11.0
40633,11.0
40634,11.0
40635,11.0
40636,11.0
40637,11.0
40638,11.0
40639,11.0
40640,11.0
40641,11.0
40642,11.0
40643,11.0
40644,11.0
40645,11.0
40646,11.0
40647,11.0
40648,11.0
40649,11.0
40650,11.0
40651,11.0
40652,11.0
40653,11.0
40654,11.0
40655,11.0
40656,11.0
40657,11.0
40658,11.0
40659,11.0
40660,11.0
40661,11.0
40662,11.0
40663,11.0
40664,11.0
40665,11.0
40666,11.0
40667,11.0
40668,11.0
40669,11.0
40670,11.0
40671,11.0
40672,11.0
40673,11.0
40674,11.0
40675,11.0
40676,11.0
40677,11.0
40678,11.0
40679,11.0
40680,11.0
40681,11.0
40682,11.0
40683,11.0
40684,11.0
40685,11.0
40686,11.0
40687,11.0
40688,11.0
40689,11.0
40690,11.0
40691,11.0
40692,11.0
40693,11.0
40694,11.0
40695,11.0
40696,11.0
40697,11.0
40698,11.0
40699,11.0
40700,11.0
40701,11.0
40702,11.0
40703,11.0
40704,11.0
40705,11.0
40706,11.0
40707,11.0
40708,11.0
40709,11.0
40710,11.0
40711,11.0
40712,11.0
40713,11.0
40714,11.0
40715,11.0
40716,11.0
40717,11.0
40718,11.0
40719,11.0
40720,11.0
40721,11.0
40722,11.0
40723,11.0
40724,11.0
40725,11.0
40726,11.0
40727,11.0
40728,11.0
40729,11.0
40730,11.0
40731,11.0
40732,11.0
40733,11.0
40734,11.0
40735,11.0
40736,11.0
40737,11.0
40738,11.0
40739,11.0
40740,11.0
40741,11.0
40742,11.0
40743,11.0
40744,11.0
40745,11.0
40746,11.0
40747,11.0
40748,11.0
40749,11.0
40750,11.0
40751,11.0
40752,11.0
40753,11.0
40754,11.0
40755,11.0
40756,11.0
40757,11.0
40758,11.0
40759,11.0
40760,11.0
40761,11.0
40762,11.0
40763,11.0
40764,11.0
40765,11.0
40766,11.0
40767,11.0
40768,11.0
40769,11.0
40770,11.0
40771,11.0
40772,11.0
40773,11.0
40774,11.0
40775,11.0
40776,11.0
40777,11.0
40778,11.0
40779,11.0
40780,11.0
40781,11.0
40782,11.0
40783,11.0
40784,11.0
40785,11.0
40786,11.0
40787,11.0
40788,11.0
40789,11.0
40790,11.0
40791,11.0
40792,11.0
40793,11.0
40794,11.0
40795,11.0
40796,11.0
40797,11.0
40798,11.0
40799,11.0
40800,11.0
40801,11.0
40802,11.0
40803,11.0
40804,11.0
40805,11.0
40806,11.0
40807,11.0
40808,11.0
40809,11.0
40810,11.0
40811,11.0
40812,11.0
40813,11.0
40814,11.0
40815,11.0
40816,11.0
40817,11.0
40818,11.0
40819,11.0
40820,11.0
40821,11.0
40822,11.0
40823,11.0
40824,11.0
40825,11.0
40826,11.0
40827,11.0
40828,11.0
40829,11.0
40830,11.0
40831,11.0
40832,11.0
40833,11.0
40834,11.0
40835,11.0
40836,11.0
40837,11.0
40838,11.0
40839,11.0
40840,11.0
40841,11.0
40842,11.0
40843,11.0
40844,11.0
40845,11.0
40846,11.0
40847,11.0
40848,11.0
40849,11.0
40850,11.0
40851,11.0
40852,11.0
40853,11.0
40854,11.0
40855,11.0
40856,11.0
40857,11.0
40858,11.0
40859,11.0
40860,11.0
40861,11.0
40862,11.0
40863,11.0
40864,11.0
40865,11.0
40866,11.0
40867,11.0
40868,11.0
40869,11.0
40870,11.0
40871,11.0
40872,11.0
40873,11.0
40874,11.0
40875,11.0
40876,11.0
40877,11.0
40878,11.0
40879,11.0
40880,11.0
40881,11.0
40882,11.0
40883,11.0
40884,11.0
40885,11.0
40886,11.0
40887,11.0
40888,11.0
40889,11.0
40890,11.0
40891,11.0
40892,11.0
40893,11.0
40894,11.0
40895,11.0
40896,11.0
40897,11.0
40898,11.0
40899,11.0
40900,11.0
40901,11.0
40902,11.0
40903,11.0
40904,11.0
40905,11.0
40906,11.0
40907,11.0
40908,11.0
40909,11.0
40910,11.0
40911,11.0
40912,11.0
40913,11.0
40914,11.0
40915,11.0
40916,11.0
40917,11.0
40918,11.0
40919,11.0
40920,11.0
40921,11.0
40922,11.0
40923,11.0
40924,11.0
40925,11.0
40926,11.0
40927,11.0
40928,11.0
40929,11.0
40930,11.0
40931,11.0
40932,11.0
40933,11.0
40934,11.0
40935,11.0
40936,11.0
40937,11.0
40938,11.0
40939,11.0
40940,11.0
40941,11.0
40942,11.0
40943,11.0
40944,11.0
40945,11.0
40946,11.0
40947,11.0
40948,11.0
40949,11.0
40950,11.0
40951,11.0
40952,11.0
40953,11.0
40954,11.0
40955,11.0
40956,11.0
40957,11.0
40958,11.0
40959,11.0
40960,11.0
40961,11.0
40962,11.0
40963,11.0
40964,11.0
40965,11.0
40966,11.0
40967,11.0
40968,11.0
40969,11.0
40970,11.0
40971,11.0
40972,11.0
40973,11.0
40974,11.0
40975,10.0
40976,10.0
40977,10.0
40978,10.0
40979,10.0
40980,10.0
40981,10.0
40982,10.0
40983,10.0
40984,10.0
40985,10.0
40986,10.0
40987,10.0
40988,10.0
40989,10.0
40990,10.0
40991,10.0
40992,10.0
40993,10.0
40994,10.0
40995,10.0
40996,10.0
40997,10.0
40998,10.0
40999,10.0
41000,10.0
41001,10.0
41002,10.0
41003,10.0
41004,10.0
41005,10.0
41006,10.0
41007,10.0
41008,10.0
41009,10.0
41010,10.0
41011,10.0
41012,10.0
41013,10.0
41014,10.0
41015,10.0
41016,10.0
41017,10.0
41018,10.0
41019,10.0
41020,10.0
41021,10.0
41022,10.0
41023,10.0
41024,10.0
41025,10.0
41026,10.0
41027,10.0
41028,10.0
41029,10.0
41030,10.0
41031,10.0
41032,10.0
41033,10.0
41034,10.0
41035,10.0
41036,10.0
41037,10.0
41038,10.0
41039,10.0
41040,10.0
41041,10.0
41042,10.0
41043,10.0
41044,10.0
41045,10.0
41046,10.0
41047,10.0
41048,10.0
41049,10.0
41050,10.0
41051,10.0
41052,10.0
41053,10.0
41054,10.0
41055,10.0
41056,10.0
41057,10.0
41058,10.0
41059,10.0
41060,10.0
41061,10.0
41062,10.0
41063,10.0
41064,10.0
41065,10.0
41066,10.0
41067,10.0
41068,10.0
41069,10.0
41070,10.0
41071,10.0
41072,10.0
41073,10.0
41074,10.0
41075,10.0
41076,10.0
41077,10.0
41078,10.0
41079,10.0
41080,10.0
41081,10.0
41082,10.0
41083,10.0
41084,10.0
41085,10.0
41086,10.0
41087,10.0
41088,10.0
41089,10.0
41090,10.0
41091,10.0
41092,10.0
41093,10.0
41094,10.0
41095,10.0
41096,10.0
41097,10.0
41098,10.0
41099,10.0
41100,10.0
41101,10.0
41102,10.0
41103,10.0
41104,10.0
41105,10.0
41106,10.0
41107,10.0
41108,10.0
41109,10.0
41110,10.0
41111,10.0
41112,10.0
41113,10.0
41114,10.0
41115,10.0
41116,10.0
41117,10.0
41118,10.0
41119,10.0
41120,10.0
41121,10.0
41122,10.0
41123,10.0
41124,10.0
41125,10.0
41126,10.0
41127,10.0
41128,10.0
41129,10.0
41130,10.0
41131,10.0
41132,10.0
41133,10.0
41134,10.0
41135,10.0
41136,10.0
41137,10.0
41138,10.0
41139,10.0
41140,10.0
41141,10.0
41142,10.0
41143,10.0
41144,10.0
41145,10.0
41146,10.0
41147,10.0
41148,10.0
41149,10.0
41150,10.0
41151,10.0
41152,10.0
41153,10.0
41154,10.0
41155,10.0
41156,10.0
41157,10.0
41158,10.0
41159,10.0
41160,10.0
41161,10.0
41162,10.0
41163,10.0
41164,10.0
41165,10.0
41166,10.0
41167,10.0
41168,10.0
41169,10.0
41170,10.0
41171,10.0
41172,10.0
41173,10.0
41174,10.0
41175,10.0
41176,10.0
41177,10.0
41178,10.0
41179,10.0
41180,10.0
41181,10.0
41182,10.0
41183,10.0
41184,10.0
41185,11.0
41186,11.0
41187,11.0
41188,11.0
41189,11.0
41190,11.0
41191,11.0
41192,11.0
41193,11.0
41194,11.0
41195,11.0
41196,11.0
41197,11.0
41198,10.0
41199,10.0
41200,10.0
41201,10.0
41202,10.0
41203,10.0
41204,10.0
41205,10.0
41206,10.0
41207,10.0
41208,10.0
41209,10.0
41210,10.0
41211,11.0
41212,11.0
41213,11.0
41214,11.0
41215,11.0
41216,11.0
41217,11.0
41218,11.0
41219,11.0
41220,11.0
41221,11.0
41222,11.0
41223,11.0
41224,11.0
41225,11.0
41226,11.0
41227,11.0
41228,11.0
41229,11.0
41230,11.0
41231,11.0
41232,11.0
41233,11.0
41234,11.0
41235,11.0
41236,11.0
41237,11.0
41238,11.0
41239,11.0
41240,11.0
41241,11.0
41242,11.0
41243,11.0
41244,11.0
41245,11.0
41246,11.0
41247,11.0
41248,11.0
41249,11.0
41250,11.0
41251,11.0
41252,11.0
41253,11.0
41254,11.0
41255,11.0
41256,11.0
41257,11.0
41258,11.0
41259,11.0
41260,11.0
41261,11.0
41262,11.0
41263,11.0
41264,11.0
41265,11.0
41266,11.0
41267,11.0
41268,11.0
41269,11.0
41270,11.0
41271,11.0
41272,11.0
41273,11.0
41274,11.0
41275,11.0
41276,11.0
41277,11.0
41278,11.0
41279,11.0
41280,11.0
41281,11.0
41282,11.0
41283,11.0
41284,11.0
41285,11.0
41286,11.0
41287,11.0
41288,11.0
41289,11.0
41290,11.0
41291,11.0
41292,11.0
41293,11.0
41294,11.0
41295,11.0
41296,11.0
41297,11.0
41298,11.0
41299,11.0
41300,11.0
41301,11.0
41302,11.0
41303,11.0
41304,11.0
41305,11.0
41306,11.0
41307,11.0
41308,11.0
41309,11.0
41310,11.0
41311,11.0
41312,11.0
41313,11.0
41314,11.0
41315,11.0
41316,11.0
41317,11.0
41318,11.0
41319,11.0
41320,11.0
41321,11.0
41322,11.0
41323,11.0
41324,11.0
41325,11.0
41326,11.0
41327,11.0
41328,11.0
41329,11.0
41330,11.0
41331,11.0
41332,11.0
41333,11.0
41334,11.0
41335,11.0
41336,11.0
41337,11.0
41338,11.0
41339,11.0
41340,11.0
41341,11.0
41342,11.0
41343,11.0
41344,11.0
41345,11.0
41346,11.0
41347,11.0
41348,11.0
41349,11.0
41350,11.0
41351,11.0
41352,11.0
41353,11.0
41354,11.0
41355,11.0
41356,11.0
41357,11.0
41358,11.0
41359,11.0
41360,11.0
41361,11.0
41362,11.0
41363,11.0
41364,11.0
41365,11.0
41366,11.0
41367,11.0
41368,11.0
41369,11.0
41370,11.0
41371,11.0
41372,11.0
41373,11.0
41374,11.0
41375,11.0
41376,11.0
41377,11.0
41378,11.0
41379,11.0
41380,11.0
41381,11.0
41382,11.0
41383,11.0
41384,11.0
41385,11.0
41386,11.0
41387,11.0
41388,11.0
41389,11.0
41390,11.0
41391,11.0
41392,11.0
41393,11.0
41394,11.0
41395,11.0
41396,11.0
41397,11.0
41398,11.0
41399,11.0
41400,11.0
41401,11.0
41402,11.0
41403,11.0
41404,11.0
41405,11.0
41406,11.0
41407,11.0
41408,12.0
41409,12.0
41410,12.0
41411,12.0
41412,12.0
41413,12.0
41414,12.0
41415,12.0
41416,12.0
41417,12.0
41418,12.0
41419,12.0
41420,12.0
41421,12.0
41422,12.0
41423,12.0
41424,12.0
41425,12.0
41426,12.0
41427,12.0
41428,12.0
41429,12.0
41430,12.0
41431,12.0
41432,12.0
41433,12.0
41434,12.0
41435,12.0
41436,12.0
41437,12.0
41438,12.0
41439,12.0
41440,12.0
41441,12.0
41442,12.0
41443,12.0
41444,12.0
41445,12.0
41446,12.0
41447,12.0
41448,12.0
41449,12.0
41450,12.0
41451,12.0
41452,12.0
41453,12.0
41454,12.0
41455,12.0
41456,12.0
41457,12.0
41458,12.0
41459,12.0
41460,12.0
41461,12.0
41462,12.0
41463,12.0
41464,12.0
41465,12.0
41466,12.0
41467,12.0
41468,12.0
41469,12.0
41470,12.0
41471,12.0
41472,12.0
41473,12.0
41474,12.0
41475,12.0
41476,12.0
41477,12.0
41478,12.0
41479,12.0
41480,12.0
41481,12.0
41482,12.0
41483,12.0
41484,12.0
41485,12.0
41486,12.0
41487,12.0
41488,12.0
41489,12.0
41490,12.0
41491,12.0
41492,12.0
41493,12.0
41494,12.0
41495,12.0
41496,12.0
41497,12.0
41498,12.0
41499,12.0
41500,12.0
41501,12.0
41502,12.0
41503,12.0
41504,12.0
41505,12.0
41506,12.0
41507,12.0
41508,12.0
41509,12.0
41510,12.0
41511,12.0
41512,12.0
41513,12.0
41514,12.0
41515,12.0
41516,12.0
41517,12.0
41518,12.0
41519,12.0
41520,12.0
41521,12.0
41522,12.0
41523,12.0
41524,12.0
41525,12.0
41526,12.0
41527,12.0
41528,12.0
41529,12.0
41530,12.0
41531,12.0
41532,12.0
41533,12.0
41534,12.0
41535,12.0
41536,12.0
41537,12.0
41538,12.0
41539,12.0
41540,12.0
41541,12.0
41542,12.0
41543,12.0
41544,12.0
41545,12.0
41546,12.0
41547,12.0
41548,12.0
41549,12.0
41550,12.0
41551,12.0
41552,12.0
41553,12.0
41554,12.0
41555,12.0
41556,12.0
41557,12.0
41558,12.0
41559,12.0
41560,12.0
41561,12.0
41562,12.0
41563,12.0
41564,12.0
41565,12.0
41566,12.0
41567,12.0
41568,12.0
41569,12.0
41570,12.0
41571,12.0
41572,12.0
41573,12.0
41574,12.0
41575,12.0
41576,12.0
41577,12.0
41578,12.0
41579,12.0
41580,12.0
41581,12.0
41582,12.0
41583,12.0
41584,12.0
41585,12.0
41586,12.0
41587,12.0
41588,12.0
41589,12.0
41590,12.0
41591,12.0
41592,12.0
41593,12.0
41594,12.0
41595,12.0
41596,12.0
41597,12.0
41598,12.0
41599,12.0
41600,12.0
41601,12.0
41602,12.0
41603,12.0
41604,12.0
41605,12.0
41606,12.0
41607,12.0
41608,12.0
41609,12.0
41610,12.0
41611,12.0
41612,12.0
41613,12.0
41614,12.0
41615,12.0
41616,12.0
41617,12.0
41618,12.0
41619,12.0
41620,12.0
41621,12.0
41622,12.0
41623,12.0
41624,12.0
41625,12.0
41626,12.0
41627,12.0
41628,12.0
41629,12.0
41630,12.0
41631,12.0
41632,12.0
41633,12.0
41634,12.0
41635,12.0
41636,12.0
41637,12.0
41638,12.0
41639,12.0
41640,12.0
41641,12.0
41642,12.0
41643,12.0
41644,12.0
41645,12.0
41646,12.0
41647,12.0
41648,12.0
41649,12.0
41650,12.0
41651,12.0
41652,12.0
41653,12.0
41654,12.0
41655,12.0
41656,12.0
41657,12.0
41658,12.0
41659,12.0
41660,12.0
41661,12.0
41662,12.0
41663,12.0
41664,12.0
41665,12.0
41666,12.0
41667,12.0
41668,12.0
41669,12.0
41670,12.0
41671,12.0
41672,12.0
41673,12.0
41674,12.0
41675,12.0
41676,12.0
41677,12.0
41678,12.0
41679,12.0
41680,12.0
41681,12.0
41682,12.0
41683,12.0
41684,12.0
41685,12.0
41686,12.0
41687,12.0
41688,12.0
41689,12.0
41690,12.0
41691,12.0
41692,12.0
41693,12.0
41694,12.0
41695,12.0
41696,12.0
41697,12.0
41698,12.0
41699,12.0
41700,12.0
41701,12.0
41702,12.0
41703,12.0
41704,12.0
41705,12.0
41706,12.0
41707,12.0
41708,12.0
41709,12.0
41710,12.0
41711,12.0
41712,12.0
41713,12.0
41714,12.0
41715,12.0
41716,12.0
41717,12.0
41718,12.0
41719,12.0
41720,12.0
41721,12.0
41722,12.0
41723,12.0
41724,12.0
41725,12.0
41726,12.0
41727,12.0
41728,12.0
41729,12.0
41730,12.0
41731,12.0
41732,12.0
41733,12.0
41734,12.0
41735,12.0
41736,12.0
41737,12.0
41738,12.0
41739,12.0
41740,12.0
41741,12.0
41742,12.0
41743,12.0
41744,12.0
41745,12.0
41746,12.0
41747,12.0
41748,12.0
41749,12.0
41750,12.0
41751,12.0
41752,12.0
41753,12.0
41754,12.0
41755,12.0
41756,12.0
41757,12.0
41758,12.0
41759,12.0
41760,12.0
41761,12.0
41762,12.0
41763,12.0
41764,12.0
41765,12.0
41766,12.0
41767,12.0
41768,12.0
41769,12.0
41770,12.0
41771,12.0
41772,12.0
41773,12.0
41774,12.0
41775,12.0
41776,12.0
41777,12.0
41778,12.0
41779,12.0
41780,12.0
41781,12.0
41782,12.0
41783,12.0
41784,12.0
41785,12.0
41786,12.0
41787,12.0
41788,12.0
41789,12.0
41790,12.0
41791,12.0
41792,12.0
41793,12.0
41794,12.0
41795,12.0
41796,12.0
41797,12.0
41798,12.0
41799,12.0
41800,12.0
41801,12.0
41802,12.0
41803,12.0
41804,12.0
41805,12.0
41806,12.0
41807,12.0
41808,12.0
41809,12.0
41810,12.0
41811,12.0
41812,12.0
41813,12.0
41814,12.0
41815,12.0
41816,12.0
41817,12.0
41818,12.0
41819,12.0
41820,12.0
41821,12.0
41822,12.0
41823,12.0
41824,12.0
41825,12.0
41826,12.0
41827,12.0
41828,12.0
41829,12.0
41830,12.0
41831,12.0
41832,12.0
41833,12.0
41834,12.0
41835,12.0
41836,12.0
41837,12.0
41838,12.0
41839,12.0
41840,12.0
41841,12.0
41842,12.0
41843,12.0
41844,12.0
41845,12.0
41846,12.0
41847,12.0
41848,12.0
41849,12.0
41850,12.0
41851,12.0
41852,12.0
41853,12.0
41854,12.0
41855,12.0
41856,12.0
41857,12.0
41858,12.0
41859,12.0
41860,12.0
41861,12.0
41862,12.0
41863,12.0
41864,12.0
41865,12.0
41866,12.0
41867,12.0
41868,12.0
41869,12.0
41870,12.0
41871,12.0
41872,12.0
41873,12.0
41874,12.0
41875,12.0
41876,12.0
41877,12.0
41878,12.0
41879,12.0
41880,12.0
41881,12.0
41882,12.0
41883,12.0
41884,12.0
41885,12.0
41886,12.0
41887,12.0
41888,12.0
41889,12.0
41890,12.0
41891,12.0
41892,12.0
41893,12.0
41894,12.0
41895,12.0
41896,12.0
41897,12.0
41898,12.0
41899,12.0
41900,12.0
41901,12.0
41902,12.0
41903,12.0
41904,12.0
41905,12.0
41906,12.0
41907,12.0
41908,12.0
41909,12.0
41910,12.0
41911,12.0
41912,12.0
41913,12.0
41914,12.0
41915,12.0
41916,12.0
41917,12.0
41918,12.0
41919,12.0
41920,12.0
41921,12.0
41922,12.0
41923,12.0
41924,12.0
41925,12.0
41926,12.0
41927,12.0
41928,12.0
41929,12.0
41930,12.0
41931,12.0
41932,12.0
41933,12.0
41934,12.0
41935,12.0
41936,12.0
41937,12.0
41938,12.0
41939,12.0
41940,12.0
41941,12.0
41942,12.0
41943,12.0
41944,12.0
41945,12.0
41946,12.0
41947,12.0
41948,12.0
41949,12.0
41950,12.0
41951,12.0
41952,12.0
41953,12.0
41954,12.0
41955,12.0
41956,12.0
41957,12.0
41958,12.0
41959,12.0
41960,12.0
41961,12.0
41962,12.0
41963,12.0
41964,12.0
41965,12.0
41966,12.0
41967,12.0
41968,12.0
41969,12.0
41970,12.0
41971,12.0
41972,12.0
41973,12.0
41974,12.0
41975,12.0
41976,12.0
41977,12.0
41978,12.0
41979,12.0
41980,12.0
41981,12.0
41982,12.0
41983,12.0
41984,12.0
41985,12.0
41986,12.0
41987,12.0
41988,12.0
41989,12.0
41990,12.0
41991,12.0
41992,12.0
41993,12.0
41994,12.0
41995,12.0
41996,12.0
41997,12.0
41998,12.0
41999,12.0
42000,12.0
42001,12.0
42002,12.0
42003,12.0
42004,12.0
42005,12.0
42006,12.0
42007,12.0
42008,12.0
42009,12.0
42010,12.0
42011,12.0
42012,12.0
42013,12.0
42014,12.0
42015,12.0
42016,12.0
42017,12.0
42018,12.0
42019,12.0
42020,12.0
42021,12.0
42022,12.0
42023,12.0
42024,12.0
42025,12.0
42026,12.0
42027,12.0
42028,12.0
42029,12.0
42030,12.0
42031,12.0
42032,12.0
42033,12.0
42034,12.0
42035,12.0
42036,12.0
42037,12.0
42038,12.0
42039,12.0
42040,12.0
42041,12.0
42042,12.0
42043,12.0
42044,12.0
42045,12.0
42046,12.0
42047,12.0
42048,12.0
42049,12.0
42050,12.0
42051,12.0
42052,12.0
42053,12.0
42054,12.0
42055,12.0
42056,12.0
42057,12.0
42058,12.0
42059,12.0
42060,12.0
42061,12.0
42062,12.0
42063,12.0
42064,12.0
42065,12.0
42066,12.0
42067,12.0
42068,12.0
42069,12.0
42070,12.0
42071,12.0
42072,12.0
42073,12.0
42074,12.0
42075,12.0
42076,12.0
42077,12.0
42078,12.0
42079,12.0
42080,12.0
42081,12.0
42082,12.0
42083,12.0
42084,12.0
42085,12.0
42086,12.0
42087,12.0
42088,12.0
42089,12.0
42090,12.0
42091,12.0
42092,12.0
42093,12.0
42094,12.0
42095,12.0
42096,12.0
42097,12.0
42098,12.0
42099,12.0
42100,12.0
42101,12.0
42102,12.0
42103,12.0
42104,12.0
42105,12.0
42106,12.0
42107,12.0
42108,12.0
42109,12.0
42110,12.0
42111,12.0
42112,12.0
42113,12.0
42114,12.0
42115,12.0
42116,12.0
42117,12.0
42118,12.0
42119,12.0
42120,12.0
42121,12.0
42122,12.0
42123,12.0
42124,12.0
42125,12.0
42126,12.0
42127,12.0
42128,12.0
42129,12.0
42130,12.0
42131,12.0
42132,12.0
42133,12.0
42134,12.0
42135,12.0
42136,12.0
42137,12.0
42138,12.0
42139,12.0
42140,12.0
42141,12.0
42142,12.0
42143,12.0
42144,12.0
42145,12.0
42146,12.0
42147,12.0
42148,12.0
42149,12.0
42150,12.0
42151,12.0
42152,12.0
42153,12.0
42154,12.0
42155,12.0
42156,12.0
42157,12.0
42158,12.0
42159,12.0
42160,12.0
42161,12.0
42162,12.0
42163,12.0
42164,12.0
42165,12.0
42166,12.0
42167,12.0
42168,12.0
42169,12.0
42170,12.0
42171,12.0
42172,12.0
42173,12.0
42174,12.0
42175,12.0
42176,12.0
42177,12.0
42178,12.0
42179,12.0
42180,12.0
42181,12.0
42182,12.0
42183,12.0
42184,12.0
42185,12.0
42186,12.0
42187,12.0
42188,12.0
42189,12.0
42190,12.0
42191,12.0
42192,12.0
42193,12.0
42194,12.0
42195,12.0
42196,12.0
42197,12.0
42198,12.0
42199,12.0
42200,12.0
42201,12.0
42202,12.0
42203,12.0
42204,12.0
42205,12.0
42206,12.0
42207,12.0
42208,12.0
42209,12.0
42210,12.0
42211,12.0
42212,12.0
42213,12.0
42214,12.0
42215,12.0
42216,12.0
42217,12.0
42218,12.0
42219,12.0
42220,12.0
42221,12.0
42222,12.0
42223,12.0
42224,12.0
42225,12.0
42226,12.0
42227,12.0
42228,12.0
42229,12.0
42230,12.0
42231,12.0
42232,12.0
42233,12.0
42234,12.0
42235,12.0
42236,12.0
42237,12.0
42238,12.0
42239,12.0
42240,12.0
42241,12.0
42242,12.0
42243,12.0
42244,12.0
42245,12.0
42246,12.0
42247,12.0
42248,12.0
42249,12.0
42250,12.0
42251,12.0
42252,12.0
42253,12.0
42254,12.0
42255,12.0
42256,12.0
42257,12.0
42258,12.0
42259,12.0
42260,12.0
42261,12.0
42262,12.0
42263,12.0
42264,12.0
42265,12.0
42266,12.0
42267,12.0
42268,12.0
42269,12.0
42270,12.0
42271,12.0
42272,12.0
42273,12.0
42274,12.0
42275,12.0
42276,12.0
42277,12.0
42278,12.0
42279,12.0
42280,12.0
42281,12.0
42282,12.0
42283,12.0
42284,12.0
42285,12.0
42286,12.0
42287,12.0
42288,12.0
42289,12.0
42290,12.0
42291,12.0
42292,12.0
42293,12.0
42294,12.0
42295,12.0
42296,12.0
42297,12.0
42298,12.0
42299,12.0
42300,12.0
42301,12.0
42302,12.0
42303,12.0
42304,12.0
42305,12.0
42306,12.0
42307,12.0
42308,12.0
42309,12.0
42310,12.0
42311,12.0
42312,12.0
42313,12.0
42314,12.0
42315,12.0
42316,12.0
42317,12.0
42318,12.0
42319,12.0
42320,12.0
42321,12.0
42322,12.0
42323,12.0
42324,12.0
42325,12.0
42326,12.0
42327,12.0
42328,12.0
42329,12.0
42330,12.0
42331,12.0
42332,12.0
42333,12.0
42334,12.0
42335,12.0
42336,12.0
42337,12.0
42338,12.0
42339,12.0
42340,12.0
42341,12.0
42342,12.0
42343,12.0
42344,12.0
42345,12.0
42346,12.0
42347,12.0
42348,12.0
42349,12.0
42350,12.0
42351,12.0
42352,12.0
42353,12.0
42354,12.0
42355,12.0
42356,12.0
42357,12.0
42358,12.0
42359,12.0
42360,12.0
42361,12.0
42362,12.0
42363,12.0
42364,12.0
42365,12.0
42366,12.0
42367,12.0
42368,12.0
42369,12.0
42370,12.0
42371,12.0
42372,12.0
42373,12.0
42374,12.0
42375,12.0
42376,12.0
42377,12.0
42378,12.0
42379,12.0
42380,12.0
42381,12.0
42382,12.0
42383,12.0
42384,12.0
42385,12.0
42386,12.0
42387,12.0
42388,12.0
42389,12.0
42390,12.0
42391,12.0
42392,12.0
42393,12.0
42394,12.0
42395,12.0
42396,12.0
42397,12.0
42398,12.0
42399,12.0
42400,12.0
42401,12.0
42402,12.0
42403,12.0
42404,12.0
42405,12.0
42406,12.0
42407,12.0
42408,12.0
42409,12.0
42410,12.0
42411,12.0
42412,12.0
42413,12.0
42414,12.0
42415,12.0
42416,12.0
42417,12.0
42418,12.0
42419,12.0
42420,12.0
42421,12.0
42422,12.0
42423,12.0
42424,12.0
42425,12.0
42426,12.0
42427,12.0
42428,12.0
42429,12.0
42430,12.0
42431,12.0
42432,12.0
42433,12.0
42434,12.0
42435,12.0
42436,12.0
42437,12.0
42438,12.0
42439,12.0
42440,12.0
42441,12.0
42442,12.0
42443,12.0
42444,12.0
42445,12.0
42446,12.0
42447,12.0
42448,12.0
42449,12.0
42450,12.0
42451,12.0
42452,12.0
42453,12.0
42454,12.0
42455,12.0
42456,12.0
42457,12.0
42458,12.0
42459,12.0
42460,12.0
42461,12.0
42462,12.0
42463,12.0
42464,12.0
42465,12.0
42466,12.0
42467,12.0
42468,12.0
42469,12.0
42470,12.0
42471,12.0
42472,12.0
42473,12.0
42474,12.0
42475,12.0
42476,12.0
42477,12.0
42478,12.0
42479,12.0
42480,12.0
42481,12.0
42482,12.0
42483,12.0
42484,12.0
42485,12.0
42486,12.0
42487,12.0
42488,12.0
42489,12.0
42490,12.0
42491,12.0
42492,12.0
42493,12.0
42494,12.0
42495,12.0
42496,12.0
42497,12.0
42498,12.0
42499,12.0
42500,12.0
42501,12.0
42502,12.0
42503,12.0
42504,12.0
42505,12.0
42506,12.0
42507,12.0
42508,12.0
42509,12.0
42510,12.0
42511,12.0
42512,12.0
42513,12.0
42514,12.0
42515,12.0
42516,12.0
42517,12.0
42518,12.0
42519,12.0
42520,12.0
42521,12.0
42522,12.0
42523,12.0
42524,12.0
42525,12.0
42526,12.0
42527,12.0
42528,12.0
42529,12.0
42530,12.0
42531,12.0
42532,12.0
42533,12.0
42534,12.0
42535,12.0
42536,12.0
42537,12.0
42538,12.0
42539,12.0
42540,12.0
42541,12.0
42542,12.0
42543,12.0
42544,12.0
42545,12.0
42546,12.0
42547,12.0
42548,12.0
42549,12.0
42550,12.0
42551,12.0
42552,12.0
42553,12.0
42554,12.0
42555,12.0
42556,12.0
42557,12.0
42558,12.0
42559,12.0
42560,12.0
42561,12.0
42562,12.0
42563,12.0
42564,12.0
42565,12.0
42566,12.0
42567,12.0
42568,12.0
42569,12.0
42570,12.0
42571,12.0
42572,12.0
42573,12.0
42574,12.0
42575,12.0
42576,12.0
42577,12.0
42578,12.0
42579,12.0
42580,12.0
42581,12.0
42582,12.0
42583,12.0
42584,12.0
42585,12.0
42586,12.0
42587,12.0
42588,12.0
42589,12.0
42590,12.0
42591,12.0
42592,12.0
42593,12.0
42594,12.0
42595,12.0
42596,12.0
42597,12.0
42598,12.0
42599,12.0
42600,12.0
42601,12.0
42602,12.0
42603,12.0
42604,12.0
42605,12.0
42606,12.0
42607,12.0
42608,12.0
42609,12.0
42610,12.0
42611,12.0
42612,12.0
42613,12.0
42614,12.0
42615,12.0
42616,12.0
42617,12.0
42618,12.0
42619,12.0
42620,12.0
42621,12.0
42622,12.0
42623,12.0
42624,12.0
42625,12.0
42626,12.0
42627,12.0
42628,12.0
42629,12.0
42630,12.0
42631,12.0
42632,12.0
42633,12.0
42634,12.0
42635,12.0
42636,12.0
42637,12.0
42638,12.0
42639,12.0
42640,12.0
42641,12.0
42642,12.0
42643,12.0
42644,12.0
42645,12.0
42646,12.0
42647,12.0
42648,12.0
42649,12.0
42650,12.0
42651,12.0
42652,12.0
42653,12.0
42654,12.0
42655,12.0
42656,12.0
42657,12.0
42658,12.0
42659,12.0
42660,12.0
42661,12.0
42662,12.0
42663,12.0
42664,12.0
42665,12.0
42666,12.0
42667,12.0
42668,12.0
42669,12.0
42670,12.0
42671,12.0
42672,12.0
42673,12.0
42674,12.0
42675,12.0
42676,12.0
42677,12.0
42678,12.0
42679,12.0
42680,12.0
42681,12.0
42682,12.0
42683,12.0
42684,12.0
42685,12.0
42686,12.0
42687,12.0
42688,12.0
42689,12.0
42690,12.0
42691,12.0
42692,12.0
42693,12.0
42694,12.0
42695,12.0
42696,12.0
42697,12.0
42698,12.0
42699,12.0
42700,12.0
42701,12.0
42702,12.0
42703,12.0
42704,12.0
42705,12.0
42706,12.0
42707,12.0
42708,12.0
42709,12.0
42710,12.0
42711,12.0
42712,12.0
42713,12.0
42714,12.0
42715,12.0
42716,12.0
42717,12.0
42718,12.0
42719,12.0
42720,12.0
42721,12.0
42722,12.0
42723,12.0
42724,12.0
42725,12.0
42726,12.0
42727,12.0
42728,12.0
42729,12.0
42730,12.0
42731,12.0
42732,12.0
42733,12.0
42734,12.0
42735,12.0
42736,12.0
42737,12.0
42738,12.0
42739,12.0
42740,12.0
42741,12.0
42742,12.0
42743,12.0
42744,12.0
42745,12.0
42746,12.0
42747,12.0
42748,12.0
42749,12.0
42750,12.0
42751,12.0
42752,12.0
42753,12.0
42754,12.0
42755,12.0
42756,12.0
42757,12.0
42758,12.0
42759,12.0
42760,12.0
42761,12.0
42762,12.0
42763,12.0
42764,12.0
42765,12.0
42766,12.0
42767,12.0
42768,12.0
42769,12.0
42770,12.0
42771,12.0
42772,12.0
42773,12.0
42774,12.0
42775,12.0
42776,12.0
42777,12.0
42778,12.0
42779,12.0
42780,12.0
42781,12.0
42782,12.0
42783,12.0
42784,12.0
42785,12.0
42786,12.0
42787,12.0
42788,12.0
42789,12.0
42790,12.0
42791,12.0
42792,12.0
42793,12.0
42794,12.0
42795,12.0
42796,12.0
42797,12.0
42798,12.0
42799,12.0
42800,12.0
42801,12.0
42802,12.0
42803,12.0
42804,12.0
42805,12.0
42806,12.0
42807,12.0
42808,12.0
42809,12.0
42810,12.0
42811,12.0
42812,12.0
42813,12.0
42814,12.0
42815,12.0
42816,12.0
42817,12.0
42818,12.0
42819,12.0
42820,12.0
42821,12.0
42822,12.0
42823,12.0
42824,12.0
42825,12.0
42826,12.0
42827,12.0
42828,12.0
42829,12.0
42830,12.0
42831,12.0
42832,12.0
42833,12.0
42834,12.0
42835,12.0
42836,12.0
42837,12.0
42838,12.0
42839,12.0
42840,12.0
42841,12.0
42842,12.0
42843,12.0
42844,12.0
42845,12.0
42846,12.0
42847,12.0
42848,12.0
42849,12.0
42850,12.0
42851,12.0
42852,12.0
42853,12.0
42854,12.0
42855,12.0
42856,12.0
42857,12.0
42858,12.0
42859,12.0
42860,12.0
42861,12.0
42862,12.0
42863,12.0
42864,12.0
42865,12.0
42866,12.0
42867,12.0
42868,12.0
42869,12.0
42870,12.0
42871,12.0
42872,12.0
42873,12.0
42874,12.0
42875,12.0
42876,12.0
42877,12.0
42878,12.0
42879,12.0
42880,12.0
42881,12.0
42882,12.0
42883,12.0
42884,12.0
42885,12.0
42886,12.0
42887,12.0
42888,12.0
42889,12.0
42890,12.0
42891,12.0
42892,12.0
42893,12.0
42894,12.0
42895,12.0
42896,12.0
42897,12.0
42898,12.0
42899,12.0
42900,12.0
42901,12.0
42902,12.0
42903,12.0
42904,12.0
42905,12.0
42906,12.0
42907,12.0
42908,12.0
42909,12.0
42910,12.0
42911,12.0
42912,12.0
42913,12.0
42914,12.0
42915,12.0
42916,12.0
42917,12.0
42918,12.0
42919,12.0
42920,12.0
42921,12.0
42922,12.0
42923,12.0
42924,12.0
42925,12.0
42926,12.0
42927,12.0
42928,12.0
42929,12.0
42930,12.0
42931,12.0
42932,12.0
42933,12.0
42934,12.0
42935,12.0
42936,12.0
42937,12.0
42938,12.0
42939,12.0
42940,12.0
42941,12.0
42942,12.0
42943,12.0
42944,12.0
42945,12.0
42946,12.0
42947,12.0
42948,12.0
42949,12.0
42950,12.0
42951,12.0
42952,12.0
42953,12.0
42954,12.0
42955,12.0
42956,12.0
42957,12.0
42958,12.0
42959,12.0
42960,12.0
42961,12.0
42962,12.0
42963,12.0
42964,12.0
42965,12.0
42966,12.0
42967,12.0
42968,12.0
42969,12.0
42970,12.0
42971,12.0
42972,12.0
42973,12.0
42974,12.0
42975,13.0
42976,13.0
42977,13.0
42978,13.0
42979,13.0
42980,13.0
42981,13.0
42982,13.0
42983,13.0
42984,13.0
42985,13.0
42986,13.0
42987,13.0
42988,13.0
42989,13.0
42990,13.0
42991,13.0
42992,13.0
42993,13.0
42994,13.0
42995,13.0
42996,13.0
42997,13.0
42998,13.0
42999,13.0
43000,13.0
43001,13.0
43002,13.0
43003,13.0
43004,13.0
43005,13.0
43006,13.0
43007,13.0
43008,13.0
43009,13.0
43010,13.0
43011,13.0
43012,13.0
43013,13.0
43014,13.0
43015,13.0
43016,13.0
43017,13.0
43018,13.0
43019,13.0
43020,13.0
43021,13.0
43022,13.0
43023,13.0
43024,13.0
43025,13.0
43026,13.0
43027,13.0
43028,13.0
43029,13.0
43030,13.0
43031,13.0
43032,13.0
43033,13.0
43034,13.0
43035,10.0
43036,10.0
43037,10.0
43038,10.0
43039,10.0
43040,10.0
43041,10.0
43042,10.0
43043,10.0
43044,10.0
43045,10.0
43046,10.0
43047,10.0
43048,10.0
43049,10.0
43050,10.0
43051,10.0
43052,10.0
43053,10.0
43054,10.0
43055,10.0
43056,10.0
43057,10.0
43058,10.0
43059,10.0
43060,10.0
43061,10.0
43062,10.0
43063,10.0
43064,10.0
43065,10.0
43066,10.0
43067,10.0
43068,10.0
43069,10.0
43070,10.0
43071,10.0
43072,10.0
43073,10.0
43074,10.0
43075,10.0
43076,10.0
43077,10.0
43078,10.0
43079,10.0
43080,10.0
43081,10.0
43082,10.0
43083,10.0
43084,10.0
43085,10.0
43086,10.0
43087,10.0
43088,10.0
43089,10.0
43090,10.0
43091,10.0
43092,10.0
43093,10.0
43094,10.0
43095,10.0
43096,10.0
43097,10.0
43098,10.0
43099,10.0
43100,10.0
43101,10.0
43102,10.0
43103,10.0
43104,10.0
43105,10.0
43106,10.0
43107,10.0
43108,10.0
43109,10.0
43110,10.0
43111,10.0
43112,10.0
43113,10.0
43114,10.0
43115,10.0
43116,10.0
43117,10.0
43118,10.0
43119,10.0
43120,10.0
43121,10.0
43122,10.0
43123,10.0
43124,10.0
43125,10.0
43126,10.0
43127,10.0
43128,10.0
43129,10.0
43130,10.0
43131,10.0
43132,10.0
43133,10.0
43134,10.0
43135,10.0
43136,10.0
43137,10.0
43138,10.0
43139,10.0
43140,10.0
43141,10.0
43142,10.0
43143,10.0
43144,10.0
43145,10.0
43146,10.0
43147,10.0
43148,10.0
43149,10.0
43150,10.0
43151,10.0
43152,10.0
43153,10.0
43154,10.0
43155,10.0
43156,10.0
43157,10.0
43158,10.0
43159,10.0
43160,10.0
43161,10.0
43162,10.0
43163,10.0
43164,10.0
43165,10.0
43166,10.0
43167,10.0
43168,10.0
43169,10.0
43170,10.0
43171,10.0
43172,10.0
43173,10.0
43174,10.0
43175,10.0
43176,10.0
43177,10.0
43178,10.0
43179,10.0
43180,10.0
43181,10.0
43182,10.0
43183,10.0
43184,10.0
43185,10.0
43186,10.0
43187,10.0
43188,10.0
43189,10.0
43190,10.0
43191,10.0
43192,10.0
43193,10.0
43194,10.0
43195,10.0
43196,10.0
43197,10.0
43198,10.0
43199,10.0
43200,10.0
43201,10.0
43202,10.0
43203,10.0
43204,10.0
43205,10.0
43206,10.0
43207,10.0
43208,10.0
43209,10.0
43210,10.0
43211,10.0
43212,10.0
43213,10.0
43214,10.0
43215,10.0
43216,10.0
43217,10.0
43218,10.0
43219,10.0
43220,10.0
43221,10.0
43222,10.0
43223,10.0
43224,10.0
43225,10.0
43226,10.0
43227,10.0
43228,10.0
43229,10.0
43230,10.0
43231,10.0
43232,10.0
43233,10.0
43234,10.0
43235,10.0
43236,10.0
43237,10.0
43238,10.0
43239,10.0
43240,10.0
43241,10.0
43242,10.0
43243,10.0
43244,10.0
43245,10.0
43246,10.0
43247,10.0
43248,10.0
43249,10.0
43250,10.0
43251,10.0
43252,10.0
43253,10.0
43254,10.0
43255,10.0
43256,10.0
43257,10.0
43258,10.0
43259,10.0
43260,10.0
43261,10.0
43262,10.0
43263,10.0
43264,10.0
43265,10.0
43266,10.0
43267,10.0
43268,10.0
43269,10.0
43270,10.0
43271,10.0
43272,10.0
43273,10.0
43274,10.0
43275,10.0
43276,10.0
43277,10.0
43278,10.0
43279,10.0
43280,10.0
43281,10.0
43282,10.0
43283,10.0
43284,10.0
43285,10.0
43286,10.0
43287,10.0
43288,10.0
43289,10.0
43290,10.0
43291,10.0
43292,10.0
43293,10.0
43294,10.0
43295,10.0
43296,10.0
43297,10.0
43298,10.0
43299,10.0
43300,10.0
43301,10.0
43302,10.0
43303,10.0
43304,10.0
43305,10.0
43306,10.0
43307,10.0
43308,10.0
43309,10.0
43310,10.0
43311,10.0
43312,10.0
43313,10.0
43314,10.0
43315,10.0
43316,10.0
43317,10.0
43318,10.0
43319,10.0
43320,10.0
43321,10.0
43322,10.0
43323,10.0
43324,10.0
43325,10.0
43326,10.0
43327,10.0
43328,10.0
43329,10.0
43330,10.0
43331,10.0
43332,10.0
43333,10.0
43334,10.0
43335,10.0
43336,10.0
43337,10.0
43338,10.0
43339,10.0
43340,10.0
43341,10.0
43342,10.0
43343,10.0
43344,10.0
43345,10.0
43346,10.0
43347,10.0
43348,10.0
43349,10.0
43350,10.0
43351,10.0
43352,10.0
43353,10.0
43354,10.0
43355,10.0
43356,10.0
43357,10.0
43358,10.0
43359,10.0
43360,10.0
43361,10.0
43362,10.0
43363,10.0
43364,10.0
43365,10.0
43366,10.0
43367,10.0
43368,10.0
43369,10.0
43370,10.0
43371,10.0
43372,10.0
43373,10.0
43374,10.0
43375,10.0
43376,10.0
43377,10.0
43378,10.0
43379,10.0
43380,10.0
43381,10.0
43382,10.0
43383,10.0
43384,10.0
43385,10.0
43386,10.0
43387,10.0
43388,10.0
43389,10.0
43390,10.0
43391,10.0
43392,10.0
43393,10.0
43394,10.0
43395,10.0
43396,10.0
43397,10.0
43398,10.0
43399,10.0
43400,10.0
43401,10.0
43402,10.0
43403,10.0
43404,10.0
43405,10.0
43406,10.0
43407,10.0
43408,10.0
43409,10.0
43410,10.0
43411,10.0
43412,10.0
43413,10.0
43414,10.0
43415,10.0
43416,10.0
43417,10.0
43418,10.0
43419,10.0
43420,10.0
43421,10.0
43422,10.0
43423,10.0
43424,10.0
43425,10.0
43426,10.0
43427,10.0
43428,10.0
43429,10.0
43430,10.0
43431,10.0
43432,10.0
43433,10.0
43434,10.0
43435,10.0
43436,10.0
43437,10.0
43438,10.0
43439,10.0
43440,10.0
43441,10.0
43442,10.0
43443,10.0
43444,10.0
43445,10.0
43446,10.0
43447,10.0
43448,10.0
43449,10.0
43450,10.0
43451,10.0
43452,10.0
43453,10.0
43454,10.0
43455,10.0
43456,10.0
43457,10.0
43458,10.0
43459,10.0
43460,10.0
43461,10.0
43462,10.0
43463,10.0
43464,10.0
43465,10.0
43466,10.0
43467,10.0
43468,10.0
43469,10.0
43470,10.0
43471,10.0
43472,10.0
43473,10.0
43474,10.0
43475,10.0
43476,10.0
43477,10.0
43478,10.0
43479,10.0
43480,10.0
43481,10.0
43482,10.0
43483,10.0
43484,10.0
43485,10.0
43486,10.0
43487,10.0
43488,10.0
43489,10.0
43490,10.0
43491,10.0
43492,10.0
43493,10.0
43494,10.0
43495,10.0
43496,10.0
43497,10.0
43498,10.0
43499,10.0
43500,10.0
43501,10.0
43502,10.0
43503,10.0
43504,10.0
43505,10.0
43506,10.0
43507,10.0
43508,10.0
43509,10.0
43510,10.0
43511,10.0
43512,10.0
43513,10.0
43514,10.0
43515,10.0
43516,10.0
43517,10.0
43518,10.0
43519,10.0
43520,10.0
43521,10.0
43522,10.0
43523,10.0
43524,10.0
43525,10.0
43526,10.0
43527,10.0
43528,10.0
43529,10.0
43530,10.0
43531,10.0
43532,10.0
43533,10.0
43534,10.0
43535,10.0
43536,10.0
43537,10.0
43538,10.0
43539,10.0
43540,10.0
43541,10.0
43542,10.0
43543,10.0
43544,10.0
43545,10.0
43546,10.0
43547,10.0
43548,10.0
43549,10.0
43550,10.0
43551,10.0
43552,10.0
43553,10.0
43554,10.0
43555,10.0
43556,10.0
43557,10.0
43558,10.0
43559,10.0
43560,10.0
43561,10.0
43562,10.0
43563,10.0
43564,10.0
43565,10.0
43566,10.0
43567,10.0
43568,10.0
43569,10.0
43570,10.0
43571,10.0
43572,10.0
43573,10.0
43574,10.0
43575,10.0
43576,10.0
43577,10.0
43578,10.0
43579,10.0
43580,10.0
43581,10.0
43582,10.0
43583,10.0
43584,10.0
43585,10.0
43586,10.0
43587,10.0
43588,10.0
43589,10.0
43590,10.0
43591,10.0
43592,10.0
43593,10.0
43594,10.0
43595,10.0
43596,10.0
43597,10.0
43598,10.0
43599,10.0
43600,10.0
43601,10.0
43602,10.0
43603,10.0
43604,10.0
43605,11.0
43606,11.0
43607,11.0
43608,11.0
43609,11.0
43610,11.0
43611,11.0
43612,11.0
43613,11.0
43614,11.0
43615,11.0
43616,11.0
43617,11.0
43618,11.0
43619,11.0
43620,11.0
43621,11.0
43622,11.0
43623,11.0
43624,11.0
43625,11.0
43626,11.0
43627,11.0
43628,11.0
43629,11.0
43630,11.0
43631,11.0
43632,11.0
43633,11.0
43634,11.0
43635,11.0
43636,11.0
43637,11.0
43638,11.0
43639,11.0
43640,11.0
43641,11.0
43642,11.0
43643,11.0
43644,11.0
43645,11.0
43646,11.0
43647,11.0
43648,11.0
43649,11.0
43650,11.0
43651,11.0
43652,11.0
43653,11.0
43654,11.0
43655,11.0
43656,11.0
43657,11.0
43658,11.0
43659,11.0
43660,11.0
43661,11.0
43662,11.0
43663,11.0
43664,11.0
43665,11.0
43666,11.0
43667,11.0
43668,11.0
43669,11.0
43670,11.0
43671,11.0
43672,11.0
43673,11.0
43674,11.0
43675,11.0
43676,11.0
43677,11.0
43678,11.0
43679,11.0
43680,11.0
43681,11.0
43682,11.0
43683,11.0
43684,11.0
43685,11.0
43686,11.0
43687,11.0
43688,11.0
43689,11.0
43690,11.0
43691,11.0
43692,11.0
43693,11.0
43694,11.0
43695,11.0
43696,11.0
43697,11.0
43698,11.0
43699,11.0
43700,11.0
43701,11.0
43702,11.0
43703,11.0
43704,11.0
43705,11.0
43706,11.0
43707,11.0
43708,11.0
43709,11.0
43710,11.0
43711,11.0
43712,11.0
43713,11.0
43714,11.0
43715,11.0
43716,11.0
43717,11.0
43718,11.0
43719,11.0
43720,11.0
43721,11.0
43722,11.0
43723,11.0
43724,11.0
43725,11.0
43726,11.0
43727,11.0
43728,11.0
43729,11.0
43730,11.0
43731,11.0
43732,11.0
43733,11.0
43734,11.0
43735,11.0
43736,11.0
43737,11.0
43738,11.0
43739,11.0
43740,11.0
43741,11.0
43742,11.0
43743,11.0
43744,11.0
43745,11.0
43746,11.0
43747,11.0
43748,11.0
43749,11.0
43750,11.0
43751,11.0
43752,11.0
43753,11.0
43754,11.0
43755,11.0
43756,11.0
43757,11.0
43758,11.0
43759,11.0
43760,11.0
43761,11.0
43762,11.0
43763,11.0
43764,11.0
43765,11.0
43766,11.0
43767,11.0
43768,11.0
43769,11.0
43770,11.0
43771,11.0
43772,11.0
43773,11.0
43774,11.0
43775,11.0
43776,11.0
43777,11.0
43778,11.0
43779,11.0
43780,11.0
43781,11.0
43782,11.0
43783,11.0
43784,11.0
43785,11.0
43786,11.0
43787,11.0
43788,11.0
43789,11.0
43790,11.0
43791,11.0
43792,11.0
43793,11.0
43794,11.0
43795,11.0
43796,11.0
43797,11.0
43798,11.0
43799,11.0
43800,11.0
43801,11.0
43802,11.0
43803,11.0
43804,11.0
43805,11.0
43806,11.0
43807,11.0
43808,11.0
43809,11.0
43810,11.0
43811,11.0
43812,11.0
43813,11.0
43814,11.0
43815,11.0
43816,11.0
43817,11.0
43818,11.0
43819,11.0
43820,11.0
43821,11.0
43822,11.0
43823,11.0
43824,11.0
43825,11.0
43826,11.0
43827,11.0
43828,11.0
43829,11.0
43830,11.0
43831,11.0
43832,11.0
43833,11.0
43834,11.0
43835,11.0
43836,11.0
43837,11.0
43838,11.0
43839,11.0
43840,11.0
43841,11.0
43842,11.0
43843,11.0
43844,11.0
43845,11.0
43846,11.0
43847,11.0
43848,11.0
43849,11.0
43850,11.0
43851,11.0
43852,11.0
43853,11.0
43854,11.0
43855,11.0
43856,11.0
43857,11.0
43858,11.0
43859,11.0
43860,11.0
43861,11.0
43862,11.0
43863,11.0
43864,11.0
43865,11.0
43866,11.0
43867,11.0
43868,11.0
43869,11.0
43870,11.0
43871,11.0
43872,11.0
43873,11.0
43874,11.0
43875,11.0
43876,11.0
43877,11.0
43878,11.0
43879,11.0
43880,11.0
43881,11.0
43882,11.0
43883,11.0
43884,11.0
43885,11.0
43886,11.0
43887,11.0
43888,11.0
43889,11.0
43890,11.0
43891,11.0
43892,11.0
43893,11.0
43894,11.0
43895,11.0
43896,11.0
43897,11.0
43898,11.0
43899,11.0
43900,11.0
43901,11.0
43902,11.0
43903,11.0
43904,11.0
43905,11.0
43906,11.0
43907,11.0
43908,11.0
43909,11.0
43910,11.0
43911,11.0
43912,11.0
43913,11.0
43914,11.0
43915,11.0
43916,11.0
43917,11.0
43918,11.0
43919,11.0
43920,11.0
43921,11.0
43922,11.0
43923,11.0
43924,11.0
43925,11.0
43926,11.0
43927,11.0
43928,11.0
43929,11.0
43930,12.0
43931,12.0
43932,12.0
43933,12.0
43934,12.0
43935,12.0
43936,12.0
43937,12.0
43938,12.0
43939,12.0
43940,12.0
43941,12.0
43942,12.0
43943,12.0
43944,12.0
43945,12.0
43946,12.0
43947,12.0
43948,9.0
43949,9.0
43950,9.0
43951,9.0
43952,9.0
43953,9.0
43954,9.0
43955,9.0
43956,9.0
43957,9.0
43958,9.0
43959,9.0
43960,9.0
43961,9.0
43962,9.0
43963,9.0
43964,9.0
43965,9.0
43966,9.0
43967,9.0
43968,9.0
43969,9.0
43970,9.0
43971,9.0
43972,9.0
43973,9.0
43974,9.0
43975,9.0
43976,9.0
43977,9.0
43978,9.0
43979,9.0
43980,9.0
43981,9.0
43982,9.0
43983,9.0
43984,9.0
43985,9.0
43986,9.0
43987,9.0
43988,9.0
43989,9.0
43990,9.0
43991,9.0
43992,9.0
43993,9.0
43994,9.0
43995,9.0
43996,9.0
43997,9.0
43998,9.0
43999,9.0
44000,9.0
44001,9.0
44002,9.0
44003,9.0
44004,9.0
44005,9.0
44006,9.0
44007,9.0
44008,9.0
44009,9.0
44010,9.0
44011,9.0
44012,9.0
44013,9.0
44014,9.0
44015,9.0
44016,9.0
44017,9.0
44018,9.0
44019,9.0
44020,9.0
44021,9.0
44022,9.0
44023,9.0
44024,9.0
44025,9.0
44026,9.0
44027,9.0
44028,9.0
44029,9.0
44030,9.0
44031,9.0
44032,9.0
44033,9.0
44034,9.0
44035,9.0
44036,9.0
44037,9.0
44038,9.0
44039,9.0
44040,9.0
44041,9.0
44042,9.0
44043,9.0
44044,9.0
44045,9.0
44046,9.0
44047,9.0
44048,9.0
44049,9.0
44050,9.0
44051,9.0
44052,9.0
44053,9.0
44054,9.0
44055,9.0
44056,9.0
44057,9.0
44058,9.0
44059,9.0
44060,9.0
44061,9.0
44062,9.0
44063,9.0
44064,9.0
44065,9.0
44066,9.0
44067,9.0
44068,9.0
44069,9.0
44070,9.0
44071,9.0
44072,9.0
44073,9.0
44074,9.0
44075,9.0
44076,9.0
44077,9.0
44078,9.0
44079,9.0
44080,9.0
44081,9.0
44082,9.0
44083,9.0
44084,9.0
44085,9.0
44086,9.0
44087,9.0
44088,9.0
44089,9.0
44090,9.0
44091,9.0
44092,9.0
44093,9.0
44094,9.0
44095,9.0
44096,9.0
44097,9.0
44098,9.0
44099,9.0
44100,9.0
44101,9.0
44102,9.0
44103,9.0
44104,9.0
44105,9.0
44106,9.0
44107,9.0
44108,9.0
44109,9.0
44110,9.0
44111,9.0
44112,9.0
44113,9.0
44114,9.0
44115,9.0
44116,9.0
44117,9.0
44118,9.0
44119,9.0
44120,9.0
44121,9.0
44122,9.0
44123,9.0
44124,9.0
44125,9.0
44126,9.0
44127,9.0
44128,9.0
44129,9.0
44130,9.0
44131,9.0
44132,9.0
44133,9.0
44134,9.0
44135,9.0
44136,9.0
44137,9.0
44138,9.0
44139,9.0
44140,9.0
44141,9.0
44142,9.0
44143,9.0
44144,9.0
44145,9.0
44146,9.0
44147,9.0
44148,9.0
44149,9.0
44150,9.0
44151,9.0
44152,9.0
44153,9.0
44154,9.0
44155,9.0
44156,9.0
44157,9.0
44158,9.0
44159,9.0
44160,9.0
44161,9.0
44162,9.0
44163,9.0
44164,9.0
44165,9.0
44166,9.0
44167,9.0
44168,9.0
44169,9.0
44170,9.0
44171,9.0
44172,9.0
44173,9.0
44174,9.0
44175,9.0
44176,9.0
44177,9.0
44178,9.0
44179,9.0
44180,9.0
44181,9.0
44182,9.0
44183,9.0
44184,9.0
44185,9.0
44186,9.0
44187,9.0
44188,9.0
44189,9.0
44190,9.0
44191,9.0
44192,9.0
44193,9.0
44194,9.0
44195,9.0
44196,9.0
44197,9.0
44198,9.0
44199,9.0
44200,9.0
44201,9.0
44202,9.0
44203,9.0
44204,9.0
44205,9.0
44206,9.0
44207,9.0
44208,9.0
44209,9.0
44210,9.0
44211,9.0
44212,9.0
44213,9.0
44214,9.0
44215,9.0
44216,9.0
44217,9.0
44218,9.0
44219,9.0
44220,9.0
44221,9.0
44222,9.0
44223,9.0
44224,9.0
44225,9.0
44226,9.0
44227,9.0
44228,9.0
44229,9.0
44230,9.0
44231,9.0
44232,9.0
44233,9.0
44234,9.0
44235,9.0
44236,9.0
44237,9.0
44238,9.0
44239,9.0
44240,9.0
44241,9.0
44242,9.0
44243,9.0
44244,9.0
44245,9.0
44246,9.0
44247,9.0
44248,9.0
44249,9.0
44250,9.0
44251,9.0
44252,9.0
44253,9.0
44254,9.0
44255,9.0
44256,9.0
44257,9.0
44258,9.0
44259,9.0
44260,9.0
44261,9.0
44262,9.0
44263,9.0
44264,9.0
44265,9.0
44266,9.0
44267,9.0
44268,9.0
44269,9.0
44270,9.0
44271,9.0
44272,9.0
44273,9.0
44274,9.0
44275,9.0
44276,9.0
44277,9.0
44278,9.0
44279,9.0
44280,9.0
44281,9.0
44282,9.0
44283,9.0
44284,9.0
44285,9.0
44286,9.0
44287,9.0
44288,9.0
44289,9.0
44290,9.0
44291,9.0
44292,9.0
44293,9.0
44294,9.0
44295,9.0
44296,9.0
44297,9.0
44298,9.0
44299,9.0
44300,9.0
44301,9.0
44302,9.0
44303,9.0
44304,9.0
44305,9.0
44306,9.0
44307,9.0
44308,9.0
44309,9.0
44310,9.0
44311,9.0
44312,9.0
44313,9.0
44314,9.0
44315,9.0
44316,9.0
44317,9.0
44318,9.0
44319,9.0
44320,9.0
44321,9.0
44322,9.0
44323,9.0
44324,9.0
44325,9.0
44326,9.0
44327,9.0
44328,9.0
44329,9.0
44330,9.0
44331,9.0
44332,9.0
44333,9.0
44334,9.0
44335,9.0
44336,9.0
44337,9.0
44338,9.0
44339,9.0
44340,9.0
44341,9.0
44342,9.0
44343,9.0
44344,9.0
44345,9.0
44346,9.0
44347,9.0
44348,9.0
44349,9.0
44350,9.0
44351,9.0
44352,9.0
44353,9.0
44354,9.0
44355,9.0
44356,9.0
44357,9.0
44358,9.0
44359,9.0
44360,9.0
44361,9.0
44362,9.0
44363,9.0
44364,9.0
44365,9.0
44366,9.0
44367,9.0
44368,9.0
44369,9.0
44370,9.0
44371,9.0
44372,9.0
44373,9.0
44374,10.0
44375,10.0
44376,10.0
44377,10.0
44378,10.0
44379,10.0
44380,10.0
44381,10.0
44382,10.0
44383,10.0
44384,10.0
44385,10.0
44386,10.0
44387,10.0
44388,10.0
44389,10.0
44390,10.0
44391,10.0
44392,10.0
44393,10.0
44394,10.0
44395,10.0
44396,10.0
44397,10.0
44398,10.0
44399,10.0
44400,10.0
44401,10.0
44402,10.0
44403,10.0
44404,10.0
44405,10.0
44406,10.0
44407,10.0
44408,10.0
44409,10.0
44410,10.0
44411,10.0
44412,10.0
44413,10.0
44414,10.0
44415,10.0
44416,10.0
44417,10.0
44418,10.0
44419,10.0
44420,10.0
44421,10.0
44422,10.0
44423,10.0
44424,10.0
44425,10.0
44426,10.0
44427,10.0
44428,10.0
44429,10.0
44430,10.0
44431,10.0
44432,10.0
44433,10.0
44434,10.0
44435,10.0
44436,10.0
44437,10.0
44438,10.0
44439,10.0
44440,10.0
44441,10.0
44442,10.0
44443,10.0
44444,10.0
44445,10.0
44446,10.0
44447,10.0
44448,10.0
44449,10.0
44450,10.0
44451,10.0
44452,10.0
44453,10.0
44454,10.0
44455,10.0
44456,10.0
44457,10.0
44458,10.0
44459,10.0
44460,10.0
44461,10.0
44462,10.0
44463,10.0
44464,10.0
44465,10.0
44466,10.0
44467,10.0
44468,10.0
44469,10.0
44470,10.0
44471,10.0
44472,10.0
44473,10.0
44474,10.0
44475,10.0
44476,10.0
44477,10.0
44478,10.0
44479,10.0
44480,10.0
44481,10.0
44482,10.0
44483,10.0
44484,10.0
44485,10.0
44486,10.0
44487,10.0
44488,10.0
44489,10.0
44490,10.0
44491,10.0
44492,10.0
44493,10.0
44494,10.0
44495,10.0
44496,10.0
44497,10.0
44498,10.0
44499,10.0
44500,10.0
44501,10.0
44502,10.0
44503,10.0
44504,10.0
44505,10.0
44506,10.0
44507,10.0
44508,10.0
44509,10.0
44510,10.0
44511,10.0
44512,10.0
44513,10.0
44514,10.0
44515,10.0
44516,10.0
44517,10.0
44518,10.0
44519,10.0
44520,10.0
44521,10.0
44522,10.0
44523,10.0
44524,10.0
44525,10.0
44526,10.0
44527,10.0
44528,10.0
44529,10.0
44530,10.0
44531,10.0
44532,10.0
44533,10.0
44534,10.0
44535,10.0
44536,10.0
44537,10.0
44538,10.0
44539,10.0
44540,10.0
44541,10.0
44542,10.0
44543,10.0
44544,10.0
44545,10.0
44546,10.0
44547,10.0
44548,10.0
44549,10.0
44550,10.0
44551,10.0
44552,10.0
44553,10.0
44554,10.0
44555,10.0
44556,10.0
44557,10.0
44558,10.0
44559,10.0
44560,10.0
44561,10.0
44562,10.0
44563,10.0
44564,10.0
44565,10.0
44566,10.0
44567,10.0
44568,10.0
44569,10.0
44570,10.0
44571,10.0
44572,10.0
44573,10.0
44574,10.0
44575,10.0
44576,10.0
44577,10.0
44578,10.0
44579,10.0
44580,10.0
44581,10.0
44582,10.0
44583,10.0
44584,10.0
44585,10.0
44586,10.0
44587,10.0
44588,10.0
44589,10.0
44590,10.0
44591,10.0
44592,10.0
44593,10.0
44594,10.0
44595,10.0
44596,10.0
44597,10.0
44598,10.0
44599,10.0
44600,10.0
44601,10.0
44602,10.0
44603,10.0
44604,10.0
44605,10.0
44606,10.0
44607,10.0
44608,10.0
44609,10.0
44610,10.0
44611,10.0
44612,10.0
44613,10.0
44614,10.0
44615,10.0
44616,10.0
44617,10.0
44618,10.0
44619,10.0
44620,10.0
44621,10.0
44622,10.0
44623,10.0
44624,10.0
44625,10.0
44626,10.0
44627,10.0
44628,10.0
44629,10.0
44630,10.0
44631,10.0
44632,10.0
44633,10.0
44634,10.0
44635,10.0
44636,10.0
44637,10.0
44638,10.0
44639,10.0
44640,10.0
44641,10.0
44642,10.0
44643,10.0
44644,10.0
44645,10.0
44646,10.0
44647,10.0
44648,10.0
44649,10.0
44650,10.0
44651,10.0
44652,10.0
44653,10.0
44654,10.0
44655,10.0
44656,10.0
44657,10.0
44658,10.0
44659,10.0
44660,10.0
44661,10.0
44662,10.0
44663,10.0
44664,10.0
44665,10.0
44666,10.0
44667,10.0
44668,10.0
44669,10.0
44670,10.0
44671,10.0
44672,10.0
44673,10.0
44674,10.0
44675,10.0
44676,10.0
44677,10.0
44678,10.0
44679,10.0
44680,10.0
44681,10.0
44682,10.0
44683,10.0
44684,10.0
44685,10.0
44686,10.0
44687,10.0
44688,10.0
44689,10.0
44690,10.0
44691,10.0
44692,10.0
44693,10.0
44694,10.0
44695,10.0
44696,10.0
44697,10.0
44698,10.0
44699,10.0
44700,10.0
44701,10.0
44702,10.0
44703,10.0
44704,10.0
44705,10.0
44706,10.0
44707,10.0
44708,10.0
44709,10.0
44710,10.0
44711,10.0
44712,10.0
44713,10.0
44714,10.0
44715,10.0
44716,10.0
44717,10.0
44718,10.0
44719,10.0
44720,10.0
44721,10.0
44722,10.0
44723,10.0
44724,10.0
44725,10.0
44726,10.0
44727,10.0
44728,10.0
44729,10.0
44730,10.0
44731,10.0
44732,10.0
44733,10.0
44734,10.0
44735,10.0
44736,10.0
44737,10.0
44738,10.0
44739,10.0
44740,10.0
44741,10.0
44742,10.0
44743,9.0
44744,9.0
44745,9.0
44746,9.0
44747,9.0
44748,9.0
44749,9.0
44750,9.0
44751,9.0
44752,9.0
44753,9.0
44754,9.0
44755,9.0
44756,9.0
44757,9.0
44758,9.0
44759,9.0
44760,9.0
44761,9.0
44762,9.0
44763,9.0
44764,9.0
44765,9.0
44766,9.0
44767,9.0
44768,9.0
44769,9.0
44770,9.0
44771,9.0
44772,9.0
44773,9.0
44774,9.0
44775,9.0
44776,9.0
44777,9.0
44778,9.0
44779,9.0
44780,9.0
44781,9.0
44782,9.0
44783,9.0
44784,9.0
44785,9.0
44786,9.0
44787,9.0
44788,9.0
44789,9.0
44790,9.0
44791,9.0
44792,9.0
44793,9.0
44794,9.0
44795,9.0
44796,9.0
44797,9.0
44798,9.0
44799,9.0
44800,9.0
44801,9.0
44802,9.0
44803,9.0
44804,9.0
44805,9.0
44806,9.0
44807,9.0
44808,9.0
44809,9.0
44810,9.0
44811,9.0
44812,9.0
44813,9.0
44814,9.0
44815,9.0
44816,9.0
44817,9.0
44818,9.0
44819,9.0
44820,9.0
44821,9.0
44822,9.0
44823,9.0
44824,9.0
44825,9.0
44826,9.0
44827,9.0
44828,9.0
44829,9.0
44830,9.0
44831,9.0
44832,9.0
44833,9.0
44834,9.0
44835,9.0
44836,9.0
44837,9.0
44838,9.0
44839,9.0
44840,9.0
44841,9.0
44842,9.0
44843,9.0
44844,9.0
44845,9.0
44846,9.0
44847,9.0
44848,9.0
44849,9.0
44850,9.0
44851,9.0
44852,9.0
44853,9.0
44854,9.0
44855,9.0
44856,9.0
44857,9.0
44858,9.0
44859,9.0
44860,9.0
44861,9.0
44862,9.0
44863,9.0
44864,9.0
44865,9.0
44866,9.0
44867,9.0
44868,9.0
44869,9.0
44870,9.0
44871,9.0
44872,9.0
44873,9.0
44874,9.0
44875,9.0
44876,9.0
44877,9.0
44878,9.0
44879,9.0
44880,9.0
44881,9.0
44882,9.0
44883,9.0
44884,9.0
44885,9.0
44886,9.0
44887,9.0
44888,9.0
44889,9.0
44890,9.0
44891,9.0
44892,9.0
44893,9.0
44894,9.0
44895,9.0
44896,9.0
44897,9.0
44898,9.0
44899,9.0
44900,9.0
44901,9.0
44902,9.0
44903,9.0
44904,9.0
44905,9.0
44906,9.0
44907,9.0
44908,9.0
44909,9.0
44910,9.0
44911,9.0
44912,9.0
44913,9.0
44914,9.0
44915,9.0
44916,9.0
44917,9.0
44918,9.0
44919,9.0
44920,9.0
44921,9.0
44922,9.0
44923,9.0
44924,9.0
44925,9.0
44926,9.0
44927,9.0
44928,9.0
44929,9.0
44930,9.0
44931,9.0
44932,9.0
44933,9.0
44934,9.0
44935,9.0
44936,9.0
44937,9.0
44938,9.0
44939,9.0
44940,9.0
44941,9.0
44942,9.0
44943,9.0
44944,9.0
44945,9.0
44946,9.0
44947,9.0
44948,9.0
44949,9.0
44950,9.0
44951,9.0
44952,9.0
44953,9.0
44954,9.0
44955,9.0
44956,9.0
44957,9.0
44958,9.0
44959,9.0
44960,9.0
44961,9.0
44962,9.0
44963,9.0
44964,9.0
44965,9.0
44966,9.0
44967,9.0
44968,9.0
44969,9.0
44970,9.0
44971,9.0
44972,9.0
44973,9.0
44974,9.0
44975,9.0
44976,9.0
44977,9.0
44978,9.0
44979,9.0
44980,9.0
44981,9.0
44982,9.0
44983,9.0
44984,9.0
44985,9.0
44986,9.0
44987,9.0
44988,9.0
44989,9.0
44990,9.0
44991,9.0
44992,9.0
44993,9.0
44994,9.0
44995,9.0
44996,9.0
44997,9.0
44998,9.0
44999,9.0
45000,9.0
45001,9.0
45002,9.0
45003,9.0
45004,9.0
45005,9.0
45006,9.0
45007,9.0
45008,9.0
45009,9.0
45010,9.0
45011,9.0
45012,9.0
45013,9.0
45014,9.0
45015,9.0
45016,9.0
45017,9.0
45018,9.0
45019,9.0
45020,9.0
45021,9.0
45022,9.0
45023,9.0
45024,9.0
45025,9.0
45026,9.0
45027,9.0
45028,9.0
45029,9.0
45030,9.0
45031,9.0
45032,9.0
45033,9.0
45034,9.0
45035,9.0
45036,9.0
45037,9.0
45038,9.0
45039,9.0
45040,9.0
45041,9.0
45042,9.0
45043,9.0
45044,9.0
45045,9.0
45046,9.0
45047,9.0
45048,9.0
45049,9.0
45050,9.0
45051,9.0
45052,9.0
45053,9.0
45054,9.0
45055,9.0
45056,9.0
45057,9.0
45058,9.0
45059,9.0
45060,9.0
45061,9.0
45062,9.0
45063,9.0
45064,9.0
45065,9.0
45066,9.0
45067,9.0
45068,9.0
45069,9.0
45070,9.0
45071,9.0
45072,9.0
45073,9.0
45074,9.0
45075,9.0
45076,9.0
45077,9.0
45078,9.0
45079,9.0
45080,9.0
45081,9.0
45082,9.0
45083,9.0
45084,9.0
45085,9.0
45086,9.0
45087,9.0
45088,9.0
45089,9.0
45090,9.0
45091,9.0
45092,9.0
45093,9.0
45094,9.0
45095,9.0
45096,9.0
45097,10.0
45098,10.0
45099,10.0
45100,10.0
45101,10.0
45102,10.0
45103,10.0
45104,10.0
45105,10.0
45106,10.0
45107,10.0
45108,10.0
45109,10.0
45110,10.0
45111,10.0
45112,10.0
45113,10.0
45114,10.0
45115,10.0
45116,10.0
45117,10.0
45118,10.0
45119,10.0
45120,10.0
45121,10.0
45122,10.0
45123,10.0
45124,10.0
45125,10.0
45126,10.0
45127,10.0
45128,10.0
45129,10.0
45130,10.0
45131,10.0
45132,10.0
45133,10.0
45134,10.0
45135,10.0
45136,10.0
45137,10.0
45138,10.0
45139,10.0
45140,10.0
45141,10.0
45142,10.0
45143,10.0
45144,10.0
45145,10.0
45146,10.0
45147,10.0
45148,10.0
45149,10.0
45150,10.0
45151,10.0
45152,10.0
45153,10.0
45154,10.0
45155,10.0
45156,10.0
45157,10.0
45158,10.0
45159,10.0
45160,10.0
45161,10.0
45162,10.0
45163,10.0
45164,10.0
45165,10.0
45166,10.0
45167,10.0
45168,10.0
45169,10.0
45170,10.0
45171,10.0
45172,10.0
45173,10.0
45174,10.0
45175,10.0
45176,10.0
45177,10.0
45178,10.0
45179,10.0
45180,10.0
45181,10.0
45182,10.0
45183,10.0
45184,10.0
45185,10.0
45186,10.0
45187,10.0
45188,10.0
45189,10.0
45190,10.0
45191,10.0
45192,10.0
45193,10.0
45194,10.0
45195,10.0
45196,10.0
45197,10.0
45198,10.0
45199,10.0
45200,10.0
45201,10.0
45202,10.0
45203,10.0
45204,10.0
45205,10.0
45206,10.0
45207,10.0
45208,10.0
45209,10.0
45210,10.0
45211,10.0
45212,10.0
45213,10.0
45214,10.0
45215,10.0
45216,10.0
45217,10.0
45218,10.0
45219,10.0
45220,10.0
45221,10.0
45222,10.0
45223,10.0
45224,10.0
45225,10.0
45226,10.0
45227,10.0
45228,10.0
45229,10.0
45230,10.0
45231,10.0
45232,10.0
45233,10.0
45234,10.0
45235,10.0
45236,10.0
45237,10.0
45238,10.0
45239,10.0
45240,10.0
45241,10.0
45242,10.0
45243,10.0
45244,10.0
45245,10.0
45246,10.0
45247,10.0
45248,10.0
45249,10.0
45250,10.0
45251,10.0
45252,10.0
45253,10.0
45254,10.0
45255,10.0
45256,10.0
45257,10.0
45258,10.0
45259,10.0
45260,10.0
45261,10.0
45262,10.0
45263,10.0
45264,10.0
45265,10.0
45266,10.0
45267,10.0
45268,10.0
45269,10.0
45270,10.0
45271,10.0
45272,10.0
45273,10.0
45274,10.0
45275,10.0
45276,10.0
45277,10.0
45278,10.0
45279,10.0
45280,10.0
45281,10.0
45282,10.0
45283,10.0
45284,10.0
45285,10.0
45286,10.0
45287,10.0
45288,10.0
45289,10.0
45290,10.0
45291,10.0
45292,10.0
45293,10.0
45294,10.0
45295,10.0
45296,10.0
45297,10.0
45298,10.0
45299,10.0
45300,10.0
45301,10.0
45302,10.0
45303,10.0
45304,10.0
45305,10.0
45306,10.0
45307,10.0
45308,10.0
45309,10.0
45310,10.0
45311,10.0
45312,10.0
45313,10.0
45314,10.0
45315,10.0
45316,10.0
45317,10.0
45318,10.0
45319,10.0
45320,10.0
45321,10.0
45322,10.0
45323,10.0
45324,10.0
45325,10.0
45326,10.0
45327,10.0
45328,10.0
45329,10.0
45330,10.0
45331,10.0
45332,10.0
45333,10.0
45334,10.0
45335,10.0
45336,10.0
45337,10.0
45338,10.0
45339,10.0
45340,10.0
45341,10.0
45342,10.0
45343,10.0
45344,10.0
45345,10.0
45346,10.0
45347,10.0
45348,10.0
45349,10.0
45350,10.0
45351,10.0
45352,10.0
45353,10.0
45354,10.0
45355,10.0
45356,10.0
45357,10.0
45358,10.0
45359,10.0
45360,10.0
45361,10.0
45362,10.0
45363,10.0
45364,10.0
45365,10.0
45366,10.0
45367,9.0
45368,9.0
45369,9.0
45370,9.0
45371,9.0
45372,9.0
45373,10.0
45374,10.0
45375,10.0
45376,10.0
45377,10.0
45378,10.0
45379,10.0
45380,10.0
45381,10.0
45382,10.0
45383,10.0
45384,10.0
45385,10.0
45386,10.0
45387,10.0
45388,10.0
45389,10.0
45390,10.0
45391,10.0
45392,10.0
45393,10.0
45394,10.0
45395,10.0
45396,10.0
45397,10.0
45398,10.0
45399,10.0
45400,10.0
45401,10.0
45402,10.0
45403,10.0
45404,10.0
45405,10.0
45406,10.0
45407,10.0
45408,10.0
45409,10.0
45410,10.0
45411,10.0
45412,10.0
45413,10.0
45414,10.0
45415,10.0
45416,10.0
45417,10.0
45418,10.0
45419,10.0
45420,10.0
45421,10.0
45422,10.0
45423,10.0
45424,10.0
45425,10.0
45426,10.0
45427,10.0
45428,10.0
45429,10.0
45430,10.0
45431,10.0
45432,10.0
45433,10.0
45434,10.0
45435,10.0
45436,10.0
45437,10.0
45438,10.0
45439,10.0
45440,10.0
45441,10.0
45442,10.0
45443,10.0
45444,10.0
45445,10.0
45446,10.0
45447,10.0
45448,10.0
45449,10.0
45450,10.0
45451,10.0
45452,10.0
45453,10.0
45454,10.0
45455,10.0
45456,10.0
45457,10.0
45458,10.0
45459,10.0
45460,10.0
45461,10.0
45462,10.0
45463,10.0
45464,10.0
45465,10.0
45466,10.0
45467,10.0
45468,10.0
45469,10.0
45470,10.0
45471,10.0
45472,10.0
45473,10.0
45474,10.0
45475,10.0
45476,10.0
45477,10.0
45478,10.0
45479,10.0
45480,10.0
45481,10.0
45482,10.0
45483,10.0
45484,10.0
45485,10.0
45486,10.0
45487,10.0
45488,10.0
45489,10.0
45490,10.0
45491,10.0
45492,10.0
45493,10.0
45494,10.0
45495,10.0
45496,10.0
45497,10.0
45498,10.0
45499,10.0
45500,10.0
45501,10.0
45502,10.0
45503,10.0
45504,10.0
45505,10.0
45506,10.0
45507,10.0
45508,10.0
45509,10.0
45510,10.0
45511,10.0
45512,10.0
45513,10.0
45514,10.0
45515,10.0
45516,10.0
45517,10.0
45518,10.0
45519,10.0
45520,10.0
45521,10.0
45522,10.0
45523,10.0
45524,10.0
45525,10.0
45526,10.0
45527,10.0
45528,10.0
45529,10.0
45530,10.0
45531,10.0
45532,10.0
45533,10.0
45534,10.0
45535,10.0
45536,10.0
45537,10.0
45538,10.0
45539,10.0
45540,10.0
45541,10.0
45542,10.0
45543,10.0
45544,10.0
45545,10.0
45546,10.0
45547,10.0
45548,10.0
45549,10.0
45550,10.0
45551,10.0
45552,10.0
45553,10.0
45554,10.0
45555,10.0
45556,10.0
45557,10.0
45558,10.0
45559,10.0
45560,10.0
45561,10.0
45562,10.0
45563,10.0
45564,10.0
45565,10.0
45566,10.0
45567,10.0
45568,10.0
45569,10.0
45570,10.0
45571,10.0
45572,10.0
45573,10.0
45574,10.0
45575,11.0
45576,11.0
45577,11.0
45578,11.0
45579,11.0
45580,11.0
45581,11.0
45582,11.0
45583,11.0
45584,11.0
45585,11.0
45586,11.0
45587,11.0
45588,11.0
45589,11.0
45590,11.0
45591,11.0
45592,11.0
45593,11.0
45594,11.0
45595,11.0
45596,11.0
45597,11.0
45598,11.0
45599,11.0
45600,11.0
45601,11.0
45602,11.0
45603,11.0
45604,11.0
45605,11.0
45606,11.0
45607,11.0
45608,11.0
45609,11.0
45610,11.0
45611,11.0
45612,11.0
45613,11.0
45614,11.0
45615,11.0
45616,11.0
45617,11.0
45618,11.0
45619,11.0
45620,11.0
45621,11.0
45622,11.0
45623,11.0
45624,11.0
45625,11.0
45626,11.0
45627,11.0
45628,11.0
45629,11.0
45630,11.0
45631,11.0
45632,11.0
45633,11.0
45634,11.0
45635,11.0
45636,11.0
45637,11.0
45638,11.0
45639,11.0
45640,11.0
45641,11.0
45642,11.0
45643,11.0
45644,11.0
45645,11.0
45646,11.0
45647,11.0
45648,11.0
45649,11.0
45650,11.0
45651,11.0
45652,11.0
45653,11.0
45654,11.0
45655,11.0
45656,11.0
45657,11.0
45658,11.0
45659,11.0
45660,11.0
45661,12.0
45662,12.0
45663,12.0
45664,12.0
45665,12.0
45666,12.0
45667,12.0
45668,12.0
45669,12.0
45670,12.0
45671,12.0
45672,12.0
45673,12.0
45674,12.0
45675,12.0
45676,12.0
45677,12.0
45678,12.0
45679,12.0
45680,12.0
45681,12.0
45682,12.0
45683,12.0
45684,12.0
45685,12.0
45686,12.0
45687,12.0
45688,12.0
45689,12.0
45690,12.0
45691,12.0
45692,12.0
45693,12.0
45694,12.0
45695,12.0
45696,12.0
45697,12.0
45698,12.0
45699,12.0
45700,12.0
45701,12.0
45702,12.0
45703,12.0
45704,12.0
45705,12.0
45706,12.0
45707,12.0
45708,12.0
45709,12.0
45710,12.0
45711,12.0
45712,12.0
45713,12.0
45714,12.0
45715,12.0
45716,12.0
45717,12.0
45718,12.0
45719,12.0
45720,12.0
45721,12.0
45722,12.0
45723,12.0
45724,12.0
45725,12.0
45726,12.0
45727,12.0
45728,12.0
45729,12.0
45730,10.0
45731,10.0
45732,10.0
45733,10.0
45734,10.0
45735,10.0
45736,10.0
45737,10.0
45738,10.0
45739,10.0
45740,10.0
45741,10.0
45742,10.0
45743,10.0
45744,10.0
45745,10.0
45746,10.0
45747,10.0
45748,10.0
45749,10.0
45750,10.0
45751,10.0
45752,10.0
45753,10.0
45754,10.0
45755,10.0
45756,10.0
45757,10.0
45758,10.0
45759,10.0
45760,10.0
45761,10.0
45762,10.0
45763,10.0
45764,10.0
45765,10.0
45766,10.0
45767,10.0
45768,10.0
45769,10.0
45770,10.0
45771,10.0
45772,10.0
45773,10.0
45774,10.0
45775,10.0
45776,10.0
45777,10.0
45778,10.0
45779,10.0
45780,10.0
45781,10.0
45782,10.0
45783,10.0
45784,10.0
45785,10.0
45786,10.0
45787,10.0
45788,10.0
45789,10.0
45790,10.0
45791,10.0
45792,10.0
45793,10.0
45794,10.0
45795,10.0
45796,10.0
45797,10.0
45798,10.0
45799,10.0
45800,10.0
45801,10.0
45802,10.0
45803,10.0
45804,10.0
45805,10.0
45806,10.0
45807,10.0
45808,10.0
45809,10.0
45810,10.0
45811,10.0
45812,10.0
45813,10.0
45814,10.0
45815,10.0
45816,10.0
45817,10.0
45818,10.0
45819,10.0
45820,10.0
45821,10.0
45822,10.0
45823,10.0
45824,10.0
45825,10.0
45826,10.0
45827,10.0
45828,10.0
45829,10.0
45830,10.0
45831,10.0
45832,10.0
45833,10.0
45834,10.0
45835,10.0
45836,10.0
45837,10.0
45838,10.0
45839,10.0
45840,10.0
45841,10.0
45842,10.0
45843,10.0
45844,10.0
45845,10.0
45846,10.0
45847,10.0
45848,10.0
45849,10.0
45850,10.0
45851,10.0
45852,10.0
45853,10.0
45854,10.0
45855,10.0
45856,10.0
45857,10.0
45858,10.0
45859,10.0
45860,10.0
45861,10.0
45862,10.0
45863,10.0
45864,10.0
45865,10.0
45866,10.0
45867,10.0
45868,10.0
45869,10.0
45870,10.0
45871,10.0
45872,10.0
45873,10.0
45874,10.0
45875,10.0
45876,10.0
45877,10.0
45878,10.0
45879,10.0
45880,10.0
45881,10.0
45882,10.0
45883,10.0
45884,10.0
45885,10.0
45886,10.0
45887,10.0
45888,10.0
45889,10.0
45890,10.0
45891,10.0
45892,10.0
45893,10.0
45894,10.0
45895,10.0
45896,10.0
45897,10.0
45898,10.0
45899,10.0
45900,10.0
45901,10.0
45902,10.0
45903,10.0
45904,10.0
45905,10.0
45906,10.0
45907,10.0
45908,10.0
45909,10.0
45910,10.0
45911,10.0
45912,10.0
45913,11.0
45914,11.0
45915,11.0
45916,11.0
45917,11.0
45918,11.0
45919,11.0
45920,11.0
45921,11.0
45922,11.0
45923,11.0
45924,11.0
45925,11.0
45926,11.0
45927,11.0
45928,11.0
45929,11.0
45930,11.0
45931,11.0
45932,11.0
45933,11.0
45934,11.0
45935,11.0
45936,11.0
45937,11.0
45938,11.0
45939,11.0
45940,11.0
45941,11.0
45942,11.0
45943,11.0
45944,11.0
45945,11.0
45946,11.0
45947,11.0
45948,11.0
45949,11.0
45950,11.0
45951,11.0
45952,11.0
45953,11.0
45954,11.0
45955,11.0
45956,11.0
45957,11.0
45958,11.0
45959,11.0
45960,11.0
45961,11.0
45962,11.0
45963,11.0
45964,11.0
45965,11.0
45966,11.0
45967,11.0
45968,11.0
45969,11.0
45970,11.0
45971,11.0
45972,11.0
45973,11.0
45974,11.0
45975,11.0
45976,11.0
45977,11.0
45978,11.0
45979,11.0
45980,11.0
45981,11.0
45982,11.0
45983,11.0
45984,11.0
45985,9.0
45986,9.0
45987,9.0
45988,9.0
45989,9.0
45990,9.0
45991,9.0
45992,9.0
45993,9.0
45994,9.0
45995,9.0
45996,9.0
45997,9.0
45998,9.0
45999,9.0
46000,9.0
46001,9.0
46002,9.0
46003,9.0
46004,9.0
46005,9.0
46006,9.0
46007,9.0
46008,9.0
46009,9.0
46010,9.0
46011,9.0
46012,9.0
46013,9.0
46014,9.0
46015,9.0
46016,9.0
46017,9.0
46018,9.0
46019,9.0
46020,9.0
46021,9.0
46022,9.0
46023,9.0
46024,9.0
46025,9.0
46026,9.0
46027,9.0
46028,9.0
46029,9.0
46030,9.0
46031,9.0
46032,9.0
46033,9.0
46034,9.0
46035,9.0
46036,9.0
46037,9.0
46038,9.0
46039,9.0
46040,9.0
46041,9.0
46042,9.0
46043,9.0
46044,9.0
46045,9.0
46046,9.0
46047,9.0
46048,9.0
46049,9.0
46050,9.0
46051,9.0
46052,9.0
46053,9.0
46054,9.0
46055,9.0
46056,9.0
46057,9.0
46058,9.0
46059,9.0
46060,9.0
46061,9.0
46062,9.0
46063,9.0
46064,9.0
46065,9.0
46066,9.0
46067,9.0
46068,9.0
46069,9.0
46070,9.0
46071,9.0
46072,9.0
46073,9.0
46074,9.0
46075,9.0
46076,9.0
46077,9.0
46078,9.0
46079,9.0
46080,9.0
46081,9.0
46082,9.0
46083,9.0
46084,9.0
46085,9.0
46086,9.0
46087,9.0
46088,9.0
46089,9.0
46090,9.0
46091,9.0
46092,9.0
46093,9.0
46094,9.0
46095,9.0
46096,9.0
46097,9.0
46098,9.0
46099,9.0
46100,9.0
46101,9.0
46102,9.0
46103,9.0
46104,9.0
46105,9.0
46106,9.0
46107,9.0
46108,9.0
46109,9.0
46110,9.0
46111,9.0
46112,9.0
46113,9.0
46114,9.0
46115,9.0
46116,9.0
46117,9.0
46118,9.0
46119,9.0
46120,9.0
46121,9.0
46122,9.0
46123,9.0
46124,9.0
46125,9.0
46126,9.0
46127,9.0
46128,9.0
46129,9.0
46130,9.0
46131,9.0
46132,9.0
46133,9.0
46134,9.0
46135,9.0
46136,9.0
46137,9.0
46138,9.0
46139,9.0
46140,9.0
46141,9.0
46142,9.0
46143,9.0
46144,9.0
46145,9.0
46146,9.0
46147,9.0
46148,9.0
46149,9.0
46150,9.0
46151,9.0
46152,9.0
46153,9.0
46154,9.0
46155,9.0
46156,9.0
46157,9.0
46158,9.0
46159,9.0
46160,9.0
46161,9.0
46162,9.0
46163,9.0
46164,9.0
46165,9.0
46166,9.0
46167,9.0
46168,9.0
46169,9.0
46170,9.0
46171,9.0
46172,9.0
46173,9.0
46174,9.0
46175,9.0
46176,9.0
46177,9.0
46178,9.0
46179,9.0
46180,9.0
46181,9.0
46182,9.0
46183,9.0
46184,9.0
46185,9.0
46186,9.0
46187,9.0
46188,9.0
46189,9.0
46190,9.0
46191,9.0
46192,9.0
46193,9.0
46194,9.0
46195,8.0
46196,8.0
46197,8.0
46198,8.0
46199,8.0
46200,8.0
46201,8.0
46202,8.0
46203,8.0
46204,8.0
46205,8.0
46206,8.0
46207,8.0
46208,8.0
46209,8.0
46210,8.0
46211,8.0
46212,8.0
46213,8.0
46214,8.0
46215,8.0
46216,8.0
46217,8.0
46218,8.0
46219,8.0
46220,8.0
46221,8.0
46222,8.0
46223,8.0
46224,8.0
46225,8.0
46226,8.0
46227,8.0
46228,8.0
46229,8.0
46230,8.0
46231,8.0
46232,8.0
46233,8.0
46234,8.0
46235,8.0
46236,8.0
46237,8.0
46238,8.0
46239,8.0
46240,8.0
46241,8.0
46242,8.0
46243,8.0
46244,8.0
46245,8.0
46246,8.0
46247,8.0
46248,8.0
46249,8.0
46250,8.0
46251,8.0
46252,8.0
46253,8.0
46254,8.0
46255,8.0
46256,8.0
46257,8.0
46258,8.0
46259,8.0
46260,8.0
46261,8.0
46262,8.0
46263,8.0
46264,8.0
46265,8.0
46266,8.0
46267,8.0
46268,8.0
46269,8.0
46270,8.0
46271,8.0
46272,8.0
46273,8.0
46274,8.0
46275,8.0
46276,8.0
46277,8.0
46278,8.0
46279,8.0
46280,8.0
46281,8.0
46282,8.0
46283,8.0
46284,8.0
46285,8.0
46286,8.0
46287,8.0
46288,8.0
46289,8.0
46290,8.0
46291,8.0
46292,8.0
46293,8.0
46294,8.0
46295,8.0
46296,8.0
46297,8.0
46298,8.0
46299,8.0
46300,8.0
46301,8.0
46302,8.0
46303,8.0
46304,8.0
46305,8.0
46306,8.0
46307,8.0
46308,8.0
46309,8.0
46310,8.0
46311,8.0
46312,8.0
46313,8.0
46314,8.0
46315,8.0
46316,8.0
46317,8.0
46318,8.0
46319,8.0
46320,8.0
46321,8.0
46322,8.0
46323,8.0
46324,8.0
46325,8.0
46326,8.0
46327,8.0
46328,8.0
46329,8.0
46330,8.0
46331,8.0
46332,8.0
46333,8.0
46334,8.0
46335,8.0
46336,8.0
46337,8.0
46338,8.0
46339,8.0
46340,8.0
46341,8.0
46342,8.0
46343,8.0
46344,8.0
46345,8.0
46346,8.0
46347,8.0
46348,8.0
46349,8.0
46350,8.0
46351,8.0
46352,8.0
46353,8.0
46354,8.0
46355,8.0
46356,8.0
46357,8.0
46358,8.0
46359,8.0
46360,8.0
46361,8.0
46362,8.0
46363,8.0
46364,8.0
46365,8.0
46366,8.0
46367,8.0
46368,8.0
46369,8.0
46370,8.0
46371,8.0
46372,8.0
46373,8.0
46374,8.0
46375,8.0
46376,8.0
46377,8.0
46378,8.0
46379,8.0
46380,8.0
46381,8.0
46382,8.0
46383,8.0
46384,8.0
46385,8.0
46386,8.0
46387,8.0
46388,8.0
46389,8.0
46390,8.0
46391,8.0
46392,8.0
46393,8.0
46394,8.0
46395,8.0
46396,8.0
46397,8.0
46398,8.0
46399,8.0
46400,8.0
46401,8.0
46402,8.0
46403,8.0
46404,8.0
46405,8.0
46406,8.0
46407,8.0
46408,8.0
46409,8.0
46410,8.0
46411,8.0
46412,8.0
46413,8.0
46414,8.0
46415,8.0
46416,8.0
46417,8.0
46418,8.0
46419,8.0
46420,8.0
46421,8.0
46422,7.0
46423,7.0
46424,7.0
46425,7.0
46426,7.0
46427,7.0
46428,7.0
46429,7.0
46430,7.0
46431,7.0
46432,7.0
46433,7.0
46434,7.0
46435,7.0
46436,7.0
46437,7.0
46438,7.0
46439,7.0
46440,7.0
46441,7.0
46442,7.0
46443,7.0
46444,7.0
46445,7.0
46446,7.0
46447,7.0
46448,7.0
46449,7.0
46450,7.0
46451,7.0
46452,7.0
46453,7.0
46454,7.0
46455,7.0
46456,7.0
46457,7.0
46458,7.0
46459,7.0
46460,7.0
46461,7.0
46462,7.0
46463,7.0
46464,7.0
46465,7.0
46466,7.0
46467,7.0
46468,7.0
46469,7.0
46470,7.0
46471,7.0
46472,7.0
46473,7.0
46474,7.0
46475,7.0
46476,7.0
46477,7.0
46478,7.0
46479,7.0
46480,7.0
46481,7.0
46482,7.0
46483,7.0
46484,7.0
46485,7.0
46486,7.0
46487,7.0
46488,7.0
46489,7.0
46490,7.0
46491,7.0
46492,7.0
46493,7.0
46494,7.0
46495,7.0
46496,7.0
46497,7.0
46498,7.0
46499,7.0
46500,7.0
46501,7.0
46502,7.0
46503,7.0
46504,7.0
46505,7.0
46506,7.0
46507,7.0
46508,7.0
46509,7.0
46510,7.0
46511,7.0
46512,7.0
46513,7.0
46514,7.0
46515,7.0
46516,7.0
46517,7.0
46518,7.0
46519,7.0
46520,7.0
46521,7.0
46522,7.0
46523,7.0
46524,7.0
46525,7.0
46526,7.0
46527,7.0
46528,7.0
46529,7.0
46530,7.0
46531,7.0
46532,7.0
46533,7.0
46534,7.0
46535,7.0
46536,7.0
46537,7.0
46538,7.0
46539,7.0
46540,7.0
46541,7.0
46542,7.0
46543,7.0
46544,7.0
46545,7.0
46546,7.0
46547,7.0
46548,7.0
46549,7.0
46550,7.0
46551,7.0
46552,7.0
46553,7.0
46554,7.0
46555,7.0
46556,7.0
46557,7.0
46558,7.0
46559,7.0
46560,7.0
46561,7.0
46562,7.0
46563,7.0
46564,7.0
46565,7.0
46566,7.0
46567,7.0
46568,7.0
46569,7.0
46570,7.0
46571,7.0
46572,7.0
46573,7.0
46574,7.0
46575,7.0
46576,7.0
46577,7.0
46578,7.0
46579,7.0
46580,7.0
46581,7.0
46582,7.0
46583,7.0
46584,7.0
46585,7.0
46586,7.0
46587,7.0
46588,7.0
46589,7.0
46590,7.0
46591,7.0
46592,7.0
46593,7.0
46594,7.0
46595,7.0
46596,7.0
46597,7.0
46598,7.0
46599,7.0
46600,7.0
46601,7.0
46602,7.0
46603,7.0
46604,7.0
46605,7.0
46606,7.0
46607,7.0
46608,7.0
46609,7.0
46610,7.0
46611,7.0
46612,7.0
46613,7.0
46614,7.0
46615,7.0
46616,7.0
46617,7.0
46618,7.0
46619,7.0
46620,7.0
46621,7.0
46622,7.0
46623,7.0
46624,7.0
46625,7.0
46626,7.0
46627,7.0
46628,7.0
46629,7.0
46630,7.0
46631,7.0
46632,7.0
46633,7.0
46634,7.0
46635,7.0
46636,7.0
46637,7.0
46638,7.0
46639,7.0
46640,7.0
46641,7.0
46642,7.0
46643,7.0
46644,7.0
46645,7.0
46646,7.0
46647,7.0
46648,7.0
46649,7.0
46650,7.0
46651,7.0
46652,7.0
46653,7.0
46654,7.0
46655,7.0
46656,7.0
46657,7.0
46658,7.0
46659,7.0
46660,7.0
46661,7.0
46662,7.0
46663,7.0
46664,7.0
46665,7.0
46666,7.0
46667,7.0
46668,7.0
46669,7.0
46670,7.0
46671,7.0
46672,7.0
46673,7.0
46674,7.0
46675,7.0
46676,7.0
46677,7.0
46678,7.0
46679,7.0
46680,7.0
46681,7.0
46682,7.0
46683,7.0
46684,7.0
46685,7.0
46686,7.0
46687,7.0
46688,7.0
46689,7.0
46690,7.0
46691,7.0
46692,7.0
46693,7.0
46694,7.0
46695,7.0
46696,7.0
46697,7.0
46698,7.0
46699,7.0
46700,7.0
46701,7.0
46702,7.0
46703,7.0
46704,7.0
46705,7.0
46706,7.0
46707,7.0
46708,7.0
46709,7.0
46710,7.0
46711,7.0
46712,7.0
46713,7.0
46714,7.0
46715,7.0
46716,7.0
46717,7.0
46718,7.0
46719,7.0
46720,7.0
46721,7.0
46722,7.0
46723,7.0
46724,7.0
46725,7.0
46726,7.0
46727,7.0
46728,7.0
46729,7.0
46730,7.0
46731,7.0
46732,7.0
46733,7.0
46734,7.0
46735,7.0
46736,7.0
46737,7.0
46738,7.0
46739,7.0
46740,7.0
46741,7.0
46742,7.0
46743,7.0
46744,7.0
46745,7.0
46746,7.0
46747,7.0
46748,7.0
46749,7.0
46750,7.0
46751,7.0
46752,7.0
46753,7.0
46754,7.0
46755,7.0
46756,7.0
46757,7.0
46758,7.0
46759,7.0
46760,7.0
46761,7.0
46762,7.0
46763,7.0
46764,7.0
46765,7.0
46766,7.0
46767,7.0
46768,7.0
46769,7.0
46770,7.0
46771,7.0
46772,7.0
46773,7.0
46774,7.0
46775,7.0
46776,7.0
46777,7.0
46778,7.0
46779,7.0
46780,7.0
46781,7.0
46782,7.0
46783,7.0
46784,7.0
46785,7.0
46786,7.0
46787,7.0
46788,7.0
46789,7.0
46790,7.0
46791,7.0
46792,7.0
46793,7.0
46794,7.0
46795,7.0
46796,7.0
46797,7.0
46798,7.0
46799,7.0
46800,7.0
46801,7.0
46802,7.0
46803,7.0
46804,7.0
46805,7.0
46806,7.0
46807,7.0
46808,7.0
46809,7.0
46810,7.0
46811,7.0
46812,7.0
46813,7.0
46814,7.0
46815,7.0
46816,7.0
46817,7.0
46818,7.0
46819,7.0
46820,7.0
46821,7.0
46822,7.0
46823,7.0
46824,7.0
46825,7.0
46826,7.0
46827,7.0
46828,7.0
46829,7.0
46830,7.0
46831,7.0
46832,7.0
46833,7.0
46834,7.0
46835,7.0
46836,7.0
46837,7.0
46838,7.0
46839,7.0
46840,7.0
46841,7.0
46842,7.0
46843,7.0
46844,7.0
46845,7.0
46846,7.0
46847,7.0
46848,7.0
46849,7.0
46850,7.0
46851,7.0
46852,7.0
46853,7.0
46854,7.0
46855,7.0
46856,7.0
46857,7.0
46858,7.0
46859,7.0
46860,7.0
46861,7.0
46862,7.0
46863,7.0
46864,7.0
46865,7.0
46866,7.0
46867,7.0
46868,7.0
46869,7.0
46870,7.0
46871,7.0
46872,7.0
46873,7.0
46874,7.0
46875,7.0
46876,7.0
46877,7.0
46878,7.0
46879,7.0
46880,7.0
46881,7.0
46882,7.0
46883,7.0
46884,7.0
46885,7.0
46886,7.0
46887,7.0
46888,7.0
46889,7.0
46890,7.0
46891,7.0
46892,7.0
46893,7.0
46894,7.0
46895,7.0
46896,7.0
46897,7.0
46898,7.0
46899,7.0
46900,7.0
46901,7.0
46902,7.0
46903,7.0
46904,7.0
46905,7.0
46906,7.0
46907,7.0
46908,7.0
46909,7.0
46910,7.0
46911,7.0
46912,7.0
46913,7.0
46914,7.0
46915,7.0
46916,7.0
46917,7.0
46918,7.0
46919,7.0
46920,7.0
46921,7.0
46922,7.0
46923,7.0
46924,7.0
46925,7.0
46926,7.0
46927,7.0
46928,7.0
46929,7.0
46930,7.0
46931,7.0
46932,7.0
46933,7.0
46934,7.0
46935,7.0
46936,7.0
46937,7.0
46938,7.0
46939,7.0
46940,7.0
46941,7.0
46942,7.0
46943,7.0
46944,7.0
46945,7.0
46946,7.0
46947,7.0
46948,7.0
46949,7.0
46950,7.0
46951,7.0
46952,7.0
46953,7.0
46954,7.0
46955,7.0
46956,7.0
46957,7.0
46958,7.0
46959,7.0
46960,7.0
46961,7.0
46962,7.0
46963,7.0
46964,7.0
46965,7.0
46966,7.0
46967,7.0
46968,7.0
46969,7.0
46970,7.0
46971,7.0
46972,7.0
46973,7.0
46974,7.0
46975,7.0
46976,7.0
46977,7.0
46978,7.0
46979,7.0
46980,7.0
46981,7.0
46982,7.0
46983,7.0
46984,7.0
46985,7.0
46986,7.0
46987,7.0
46988,7.0
46989,7.0
46990,7.0
46991,7.0
46992,7.0
46993,7.0
46994,7.0
46995,7.0
46996,7.0
46997,7.0
46998,7.0
46999,7.0
47000,7.0
47001,7.0
47002,7.0
47003,7.0
47004,7.0
47005,7.0
47006,7.0
47007,7.0
47008,7.0
47009,7.0
47010,7.0
47011,7.0
47012,7.0
47013,7.0
47014,7.0
47015,7.0
47016,7.0
47017,7.0
47018,7.0
47019,7.0
47020,7.0
47021,7.0
47022,7.0
47023,7.0
47024,7.0
47025,7.0
47026,7.0
47027,7.0
47028,7.0
47029,7.0
47030,7.0
47031,7.0
47032,7.0
47033,7.0
47034,7.0
47035,7.0
47036,7.0
47037,7.0
47038,7.0
47039,7.0
47040,7.0
47041,7.0
47042,7.0
47043,7.0
47044,7.0
47045,7.0
47046,7.0
47047,7.0
47048,7.0
47049,7.0
47050,7.0
47051,7.0
47052,7.0
47053,7.0
47054,7.0
47055,7.0
47056,7.0
47057,8.0
47058,8.0
47059,8.0
47060,8.0
47061,8.0
47062,8.0
47063,8.0
47064,8.0
47065,8.0
47066,8.0
47067,8.0
47068,8.0
47069,8.0
47070,8.0
47071,8.0
47072,8.0
47073,8.0
47074,8.0
47075,8.0
47076,8.0
47077,8.0
47078,8.0
47079,8.0
47080,8.0
47081,8.0
47082,8.0
47083,8.0
47084,8.0
47085,8.0
47086,8.0
47087,8.0
47088,8.0
47089,8.0
47090,8.0
47091,8.0
47092,8.0
47093,8.0
47094,8.0
47095,8.0
47096,8.0
47097,8.0
47098,8.0
47099,8.0
47100,8.0
47101,8.0
47102,8.0
47103,8.0
47104,8.0
47105,8.0
47106,8.0
47107,8.0
47108,8.0
47109,8.0
47110,8.0
47111,8.0
47112,8.0
47113,8.0
47114,8.0
47115,8.0
47116,8.0
47117,8.0
47118,8.0
47119,8.0
47120,8.0
47121,8.0
47122,8.0
47123,8.0
47124,8.0
47125,8.0
47126,8.0
47127,8.0
47128,8.0
47129,8.0
47130,8.0
47131,8.0
47132,8.0
47133,8.0
47134,8.0
47135,8.0
47136,8.0
47137,8.0
47138,8.0
47139,8.0
47140,8.0
47141,8.0
47142,8.0
47143,8.0
47144,8.0
47145,8.0
47146,8.0
47147,8.0
47148,8.0
47149,8.0
47150,8.0
47151,8.0
47152,8.0
47153,8.0
47154,8.0
47155,8.0
47156,8.0
47157,8.0
47158,8.0
47159,8.0
47160,8.0
47161,8.0
47162,8.0
47163,8.0
47164,8.0
47165,8.0
47166,8.0
47167,8.0
47168,8.0
47169,8.0
47170,8.0
47171,8.0
47172,8.0
47173,8.0
47174,8.0
47175,8.0
47176,8.0
47177,8.0
47178,8.0
47179,8.0
47180,8.0
47181,8.0
47182,8.0
47183,8.0
47184,8.0
47185,8.0
47186,8.0
47187,8.0
47188,8.0
47189,8.0
47190,8.0
47191,8.0
47192,8.0
47193,8.0
47194,8.0
47195,8.0
47196,8.0
47197,8.0
47198,8.0
47199,8.0
47200,8.0
47201,8.0
47202,8.0
47203,8.0
47204,8.0
47205,8.0
47206,8.0
47207,8.0
47208,8.0
47209,8.0
47210,8.0
47211,8.0
47212,8.0
47213,8.0
47214,8.0
47215,8.0
47216,8.0
47217,8.0
47218,8.0
47219,8.0
47220,8.0
47221,8.0
47222,8.0
47223,8.0
47224,8.0
47225,8.0
47226,8.0
47227,8.0
47228,8.0
47229,8.0
47230,8.0
47231,8.0
47232,8.0
47233,8.0
47234,8.0
47235,8.0
47236,8.0
47237,8.0
47238,8.0
47239,8.0
47240,8.0
47241,8.0
47242,8.0
47243,8.0
47244,8.0
47245,8.0
47246,8.0
47247,8.0
47248,8.0
47249,8.0
47250,8.0
47251,8.0
47252,8.0
47253,8.0
47254,8.0
47255,8.0
47256,8.0
47257,8.0
47258,8.0
47259,8.0
47260,8.0
47261,8.0
47262,8.0
47263,8.0
47264,8.0
47265,8.0
47266,8.0
47267,8.0
47268,8.0
47269,8.0
47270,8.0
47271,8.0
47272,8.0
47273,8.0
47274,8.0
47275,8.0
47276,8.0
47277,8.0
47278,8.0
47279,8.0
47280,8.0
47281,8.0
47282,8.0
47283,8.0
47284,8.0
47285,8.0
47286,8.0
47287,8.0
47288,8.0
47289,8.0
47290,8.0
47291,8.0
47292,8.0
47293,8.0
47294,8.0
47295,8.0
47296,8.0
47297,8.0
47298,8.0
47299,8.0
47300,8.0
47301,8.0
47302,8.0
47303,8.0
47304,8.0
47305,8.0
47306,8.0
47307,8.0
47308,8.0
47309,8.0
47310,8.0
47311,8.0
47312,8.0
47313,8.0
47314,8.0
47315,8.0
47316,8.0
47317,8.0
47318,8.0
47319,8.0
47320,8.0
47321,8.0
47322,8.0
47323,8.0
47324,8.0
47325,8.0
47326,8.0
47327,8.0
47328,8.0
47329,8.0
47330,8.0
47331,8.0
47332,8.0
47333,8.0
47334,8.0
47335,8.0
47336,8.0
47337,8.0
47338,8.0
47339,8.0
47340,8.0
47341,8.0
47342,8.0
47343,8.0
47344,8.0
47345,8.0
47346,8.0
47347,8.0
47348,8.0
47349,8.0
47350,8.0
47351,8.0
47352,8.0
47353,8.0
47354,8.0
47355,8.0
47356,8.0
47357,8.0
47358,8.0
47359,8.0
47360,8.0
47361,8.0
47362,8.0
47363,8.0
47364,8.0
47365,8.0
47366,8.0
47367,8.0
47368,8.0
47369,8.0
47370,8.0
47371,8.0
47372,8.0
47373,8.0
47374,8.0
47375,8.0
47376,8.0
47377,8.0
47378,8.0
47379,8.0
47380,8.0
47381,8.0
47382,8.0
47383,8.0
47384,8.0
47385,8.0
47386,8.0
47387,8.0
47388,8.0
47389,8.0
47390,8.0
47391,8.0
47392,8.0
47393,8.0
47394,8.0
47395,8.0
47396,8.0
47397,8.0
47398,8.0
47399,8.0
47400,8.0
47401,8.0
47402,8.0
47403,8.0
47404,8.0
47405,8.0
47406,8.0
47407,8.0
47408,8.0
47409,8.0
47410,8.0
47411,8.0
47412,8.0
47413,8.0
47414,8.0
47415,8.0
47416,8.0
47417,8.0
47418,8.0
47419,8.0
47420,8.0
47421,8.0
47422,8.0
47423,8.0
47424,8.0
47425,8.0
47426,8.0
47427,8.0
47428,8.0
47429,8.0
47430,8.0
47431,8.0
47432,8.0
47433,8.0
47434,8.0
47435,8.0
47436,8.0
47437,8.0
47438,8.0
47439,8.0
47440,8.0
47441,8.0
47442,8.0
47443,8.0
47444,8.0
47445,8.0
47446,8.0
47447,8.0
47448,8.0
47449,8.0
47450,8.0
47451,8.0
47452,8.0
47453,8.0
47454,8.0
47455,8.0
47456,8.0
47457,8.0
47458,8.0
47459,8.0
47460,8.0
47461,8.0
47462,8.0
47463,8.0
47464,8.0
47465,8.0
47466,8.0
47467,8.0
47468,8.0
47469,8.0
47470,8.0
47471,8.0
47472,8.0
47473,8.0
47474,8.0
47475,8.0
47476,8.0
47477,8.0
47478,8.0
47479,8.0
47480,8.0
47481,8.0
47482,8.0
47483,8.0
47484,8.0
47485,8.0
47486,8.0
47487,8.0
47488,8.0
47489,8.0
47490,8.0
47491,8.0
47492,8.0
47493,8.0
47494,8.0
47495,8.0
47496,8.0
47497,8.0
47498,8.0
47499,8.0
47500,8.0
47501,8.0
47502,8.0
47503,8.0
47504,8.0
47505,8.0
47506,8.0
47507,8.0
47508,8.0
47509,8.0
47510,8.0
47511,8.0
47512,8.0
47513,8.0
47514,8.0
47515,8.0
47516,8.0
47517,8.0
47518,8.0
47519,8.0
47520,8.0
47521,8.0
47522,8.0
47523,8.0
47524,8.0
47525,8.0
47526,8.0
47527,8.0
47528,8.0
47529,8.0
47530,8.0
47531,8.0
47532,8.0
47533,8.0
47534,8.0
47535,8.0
47536,8.0
47537,8.0
47538,8.0
47539,8.0
47540,8.0
47541,8.0
47542,8.0
47543,8.0
47544,8.0
47545,8.0
47546,8.0
47547,8.0
47548,8.0
47549,8.0
47550,8.0
47551,8.0
47552,8.0
47553,8.0
47554,8.0
47555,8.0
47556,8.0
47557,8.0
47558,8.0
47559,8.0
47560,8.0
47561,8.0
47562,8.0
47563,8.0
47564,8.0
47565,8.0
47566,8.0
47567,8.0
47568,8.0
47569,8.0
47570,8.0
47571,8.0
47572,8.0
47573,8.0
47574,8.0
47575,8.0
47576,8.0
47577,8.0
47578,8.0
47579,8.0
47580,8.0
47581,8.0
47582,8.0
47583,8.0
47584,8.0
47585,8.0
47586,8.0
47587,8.0
47588,8.0
47589,8.0
47590,8.0
47591,8.0
47592,8.0
47593,8.0
47594,8.0
47595,8.0
47596,8.0
47597,8.0
47598,8.0
47599,8.0
47600,8.0
47601,8.0
47602,8.0
47603,8.0
47604,8.0
47605,8.0
47606,8.0
47607,8.0
47608,8.0
47609,8.0
47610,8.0
47611,8.0
47612,8.0
47613,8.0
47614,8.0
47615,8.0
47616,8.0
47617,8.0
47618,8.0
47619,8.0
47620,8.0
47621,8.0
47622,8.0
47623,8.0
47624,8.0
47625,8.0
47626,8.0
47627,8.0
47628,8.0
47629,8.0
47630,8.0
47631,8.0
47632,8.0
47633,8.0
47634,8.0
47635,8.0
47636,8.0
47637,8.0
47638,8.0
47639,8.0
47640,8.0
47641,8.0
47642,8.0
47643,8.0
47644,8.0
47645,8.0
47646,8.0
47647,8.0
47648,8.0
47649,8.0
47650,8.0
47651,8.0
47652,8.0
47653,8.0
47654,8.0
47655,8.0
47656,8.0
47657,8.0
47658,8.0
47659,8.0
47660,8.0
47661,8.0
47662,8.0
47663,8.0
47664,8.0
47665,8.0
47666,8.0
47667,8.0
47668,8.0
47669,8.0
47670,8.0
47671,8.0
47672,8.0
47673,8.0
47674,8.0
47675,8.0
47676,8.0
47677,8.0
47678,8.0
47679,8.0
47680,8.0
47681,8.0
47682,8.0
47683,8.0
47684,8.0
47685,8.0
47686,8.0
47687,8.0
47688,8.0
47689,8.0
47690,8.0
47691,8.0
47692,8.0
47693,8.0
47694,8.0
47695,8.0
47696,8.0
47697,8.0
47698,8.0
47699,8.0
47700,8.0
47701,8.0
47702,8.0
47703,8.0
47704,8.0
47705,8.0
47706,8.0
47707,8.0
47708,8.0
47709,8.0
47710,8.0
47711,8.0
47712,8.0
47713,8.0
47714,8.0
47715,8.0
47716,8.0
47717,8.0
47718,8.0
47719,8.0
47720,8.0
47721,8.0
47722,8.0
47723,8.0
47724,8.0
47725,8.0
47726,8.0
47727,8.0
47728,8.0
47729,8.0
47730,8.0
47731,8.0
47732,8.0
47733,8.0
47734,8.0
47735,8.0
47736,8.0
47737,8.0
47738,8.0
47739,8.0
47740,8.0
47741,8.0
47742,8.0
47743,8.0
47744,8.0
47745,8.0
47746,8.0
47747,8.0
47748,8.0
47749,8.0
47750,8.0
47751,8.0
47752,8.0
47753,8.0
47754,8.0
47755,8.0
47756,8.0
47757,8.0
47758,8.0
47759,8.0
47760,8.0
47761,8.0
47762,8.0
47763,8.0
47764,8.0
47765,8.0
47766,8.0
47767,8.0
47768,8.0
47769,8.0
47770,8.0
47771,8.0
47772,8.0
47773,8.0
47774,8.0
47775,8.0
47776,8.0
47777,8.0
47778,8.0
47779,8.0
47780,8.0
47781,8.0
47782,8.0
47783,8.0
47784,8.0
47785,8.0
47786,8.0
47787,8.0
47788,8.0
47789,8.0
47790,8.0
47791,8.0
47792,8.0
47793,8.0
47794,8.0
47795,8.0
47796,8.0
47797,8.0
47798,8.0
47799,8.0
47800,8.0
47801,8.0
47802,8.0
47803,8.0
47804,8.0
47805,8.0
47806,8.0
47807,8.0
47808,8.0
47809,8.0
47810,8.0
47811,8.0
47812,8.0
47813,8.0
47814,8.0
47815,8.0
47816,8.0
47817,8.0
47818,8.0
47819,8.0
47820,8.0
47821,8.0
47822,8.0
47823,8.0
47824,8.0
47825,8.0
47826,8.0
47827,8.0
47828,8.0
47829,8.0
47830,8.0
47831,8.0
47832,8.0
47833,8.0
47834,8.0
47835,8.0
47836,8.0
47837,8.0
47838,8.0
47839,8.0
47840,8.0
47841,8.0
47842,8.0
47843,8.0
47844,8.0
47845,8.0
47846,8.0
47847,8.0
47848,8.0
47849,8.0
47850,8.0
47851,8.0
47852,8.0
47853,8.0
47854,8.0
47855,8.0
47856,8.0
47857,8.0
47858,8.0
47859,8.0
47860,8.0
47861,8.0
47862,8.0
47863,8.0
47864,8.0
47865,8.0
47866,8.0
47867,8.0
47868,8.0
47869,8.0
47870,8.0
47871,8.0
47872,8.0
47873,8.0
47874,8.0
47875,8.0
47876,8.0
47877,8.0
47878,8.0
47879,8.0
47880,8.0
47881,8.0
47882,8.0
47883,8.0
47884,8.0
47885,8.0
47886,8.0
47887,8.0
47888,8.0
47889,8.0
47890,8.0
47891,8.0
47892,8.0
47893,8.0
47894,8.0
47895,8.0
47896,8.0
47897,8.0
47898,8.0
47899,8.0
47900,8.0
47901,8.0
47902,8.0
47903,8.0
47904,8.0
47905,8.0
47906,8.0
47907,8.0
47908,8.0
47909,8.0
47910,8.0
47911,8.0
47912,8.0
47913,8.0
47914,8.0
47915,8.0
47916,8.0
47917,8.0
47918,8.0
47919,8.0
47920,8.0
47921,8.0
47922,8.0
47923,8.0
47924,8.0
47925,8.0
47926,8.0
47927,8.0
47928,8.0
47929,8.0
47930,8.0
47931,8.0
47932,8.0
47933,8.0
47934,8.0
47935,8.0
47936,8.0
47937,8.0
47938,8.0
47939,8.0
47940,8.0
47941,8.0
47942,8.0
47943,8.0
47944,8.0
47945,8.0
47946,8.0
47947,8.0
47948,8.0
47949,8.0
47950,8.0
47951,8.0
47952,8.0
47953,8.0
47954,8.0
47955,8.0
47956,8.0
47957,8.0
47958,8.0
47959,8.0
47960,8.0
47961,8.0
47962,8.0
47963,8.0
47964,8.0
47965,8.0
47966,8.0
47967,8.0
47968,8.0
47969,8.0
47970,8.0
47971,8.0
47972,8.0
47973,8.0
47974,8.0
47975,8.0
47976,8.0
47977,8.0
47978,8.0
47979,8.0
47980,8.0
47981,8.0
47982,8.0
47983,8.0
47984,8.0
47985,8.0
47986,8.0
47987,8.0
47988,8.0
47989,8.0
47990,8.0
47991,8.0
47992,8.0
47993,8.0
47994,8.0
47995,8.0
47996,8.0
47997,8.0
47998,8.0
47999,8.0
48000,8.0
48001,8.0
48002,8.0
48003,8.0
48004,8.0
48005,8.0
48006,8.0
48007,8.0
48008,8.0
48009,8.0
48010,8.0
48011,8.0
48012,8.0
48013,8.0
48014,8.0
48015,8.0
48016,8.0
48017,8.0
48018,8.0
48019,8.0
48020,8.0
48021,8.0
48022,8.0
48023,8.0
48024,8.0
48025,8.0
48026,8.0
48027,8.0
48028,8.0
48029,8.0
48030,8.0
48031,8.0
48032,8.0
48033,8.0
48034,8.0
48035,8.0
48036,8.0
48037,8.0
48038,8.0
48039,8.0
48040,8.0
48041,8.0
48042,8.0
48043,8.0
48044,8.0
48045,8.0
48046,8.0
48047,8.0
48048,8.0
48049,8.0
48050,8.0
48051,8.0
48052,8.0
48053,8.0
48054,8.0
48055,8.0
48056,8.0
48057,8.0
48058,8.0
48059,8.0
48060,8.0
48061,8.0
48062,8.0
48063,8.0
48064,8.0
48065,8.0
48066,8.0
48067,8.0
48068,8.0
48069,8.0
48070,8.0
48071,8.0
48072,8.0
48073,8.0
48074,8.0
48075,8.0
48076,8.0
48077,8.0
48078,8.0
48079,8.0
48080,8.0
48081,8.0
48082,8.0
48083,8.0
48084,8.0
48085,8.0
48086,8.0
48087,8.0
48088,8.0
48089,8.0
48090,8.0
48091,8.0
48092,8.0
48093,8.0
48094,8.0
48095,8.0
48096,8.0
48097,8.0
48098,8.0
48099,8.0
48100,8.0
48101,8.0
48102,8.0
48103,8.0
48104,8.0
48105,8.0
48106,8.0
48107,8.0
48108,8.0
48109,8.0
48110,8.0
48111,8.0
48112,8.0
48113,8.0
48114,8.0
48115,8.0
48116,8.0
48117,8.0
48118,8.0
48119,8.0
48120,8.0
48121,8.0
48122,8.0
48123,8.0
48124,8.0
48125,8.0
48126,8.0
48127,8.0
48128,8.0
48129,8.0
48130,8.0
48131,8.0
48132,8.0
48133,8.0
48134,8.0
48135,8.0
48136,8.0
48137,8.0
48138,8.0
48139,8.0
48140,8.0
48141,8.0
48142,8.0
48143,8.0
48144,8.0
48145,8.0
48146,8.0
48147,8.0
48148,8.0
48149,8.0
48150,8.0
48151,8.0
48152,8.0
48153,8.0
48154,8.0
48155,8.0
48156,8.0
48157,8.0
48158,8.0
48159,8.0
48160,8.0
48161,8.0
48162,8.0
48163,8.0
48164,8.0
48165,8.0
48166,8.0
48167,8.0
48168,8.0
48169,8.0
48170,8.0
48171,8.0
48172,8.0
48173,8.0
48174,8.0
48175,8.0
48176,8.0
48177,8.0
48178,8.0
48179,8.0
48180,8.0
48181,8.0
48182,8.0
48183,8.0
48184,8.0
48185,8.0
48186,8.0
48187,8.0
48188,8.0
48189,8.0
48190,8.0
48191,8.0
48192,8.0
48193,8.0
48194,8.0
48195,8.0
48196,8.0
48197,8.0
48198,8.0
48199,8.0
48200,8.0
48201,8.0
48202,8.0
48203,8.0
48204,8.0
48205,8.0
48206,8.0
48207,8.0
48208,8.0
48209,8.0
48210,8.0
48211,8.0
48212,8.0
48213,8.0
48214,8.0
48215,8.0
48216,8.0
48217,8.0
48218,8.0
48219,8.0
48220,8.0
48221,8.0
48222,8.0
48223,8.0
48224,8.0
48225,8.0
48226,8.0
48227,8.0
48228,8.0
48229,8.0
48230,8.0
48231,8.0
48232,8.0
48233,8.0
48234,8.0
48235,8.0
48236,8.0
48237,8.0
48238,8.0
48239,8.0
48240,8.0
48241,8.0
48242,8.0
48243,8.0
48244,8.0
48245,8.0
48246,8.0
48247,8.0
48248,8.0
48249,8.0
48250,8.0
48251,8.0
48252,8.0
48253,8.0
48254,8.0
48255,8.0
48256,8.0
48257,8.0
48258,8.0
48259,8.0
48260,8.0
48261,8.0
48262,8.0
48263,8.0
48264,8.0
48265,8.0
48266,8.0
48267,8.0
48268,8.0
48269,8.0
48270,8.0
48271,8.0
48272,8.0
48273,8.0
48274,8.0
48275,8.0
48276,8.0
48277,8.0
48278,8.0
48279,8.0
48280,8.0
48281,8.0
48282,8.0
48283,8.0
48284,8.0
48285,8.0
48286,8.0
48287,8.0
48288,8.0
48289,8.0
48290,8.0
48291,8.0
48292,8.0
48293,8.0
48294,8.0
48295,8.0
48296,8.0
48297,8.0
48298,8.0
48299,8.0
48300,8.0
48301,8.0
48302,8.0
48303,8.0
48304,8.0
48305,8.0
48306,8.0
48307,8.0
48308,8.0
48309,8.0
48310,8.0
48311,8.0
48312,8.0
48313,8.0
48314,8.0
48315,8.0
48316,8.0
48317,8.0
48318,8.0
48319,8.0
48320,8.0
48321,8.0
48322,8.0
48323,8.0
48324,8.0
48325,8.0
48326,8.0
48327,8.0
48328,8.0
48329,8.0
48330,8.0
48331,8.0
48332,8.0
48333,8.0
48334,8.0
48335,8.0
48336,8.0
48337,8.0
48338,8.0
48339,8.0
48340,8.0
48341,8.0
48342,8.0
48343,8.0
48344,8.0
48345,8.0
48346,8.0
48347,8.0
48348,8.0
48349,8.0
48350,8.0
48351,8.0
48352,8.0
48353,8.0
48354,8.0
48355,8.0
48356,8.0
48357,8.0
48358,8.0
48359,8.0
48360,8.0
48361,8.0
48362,8.0
48363,8.0
48364,8.0
48365,8.0
48366,8.0
48367,8.0
48368,8.0
48369,8.0
48370,8.0
48371,8.0
48372,8.0
48373,8.0
48374,9.0
48375,9.0
48376,9.0
48377,9.0
48378,9.0
48379,9.0
48380,9.0
48381,9.0
48382,9.0
48383,9.0
48384,9.0
48385,9.0
48386,9.0
48387,9.0
48388,9.0
48389,9.0
48390,9.0
48391,9.0
48392,9.0
48393,9.0
48394,9.0
48395,9.0
48396,9.0
48397,9.0
48398,9.0
48399,9.0
48400,9.0
48401,9.0
48402,9.0
48403,9.0
48404,9.0
48405,9.0
48406,9.0
48407,9.0
48408,9.0
48409,9.0
48410,9.0
48411,9.0
48412,9.0
48413,9.0
48414,9.0
48415,9.0
48416,9.0
48417,9.0
48418,9.0
48419,9.0
48420,9.0
48421,9.0
48422,9.0
48423,9.0
48424,9.0
48425,9.0
48426,9.0
48427,9.0
48428,9.0
48429,9.0
48430,9.0
48431,9.0
48432,9.0
48433,9.0
48434,9.0
48435,9.0
48436,9.0
48437,9.0
48438,9.0
48439,9.0
48440,9.0
48441,9.0
48442,9.0
48443,9.0
48444,9.0
48445,9.0
48446,9.0
48447,9.0
48448,9.0
48449,9.0
48450,9.0
48451,9.0
48452,9.0
48453,9.0
48454,9.0
48455,9.0
48456,9.0
48457,9.0
48458,9.0
48459,9.0
48460,9.0
48461,9.0
48462,9.0
48463,9.0
48464,9.0
48465,9.0
48466,9.0
48467,9.0
48468,9.0
48469,9.0
48470,9.0
48471,9.0
48472,9.0
48473,9.0
48474,9.0
48475,9.0
48476,9.0
48477,9.0
48478,9.0
48479,9.0
48480,9.0
48481,9.0
48482,9.0
48483,9.0
48484,9.0
48485,9.0
48486,9.0
48487,9.0
48488,9.0
48489,9.0
48490,9.0
48491,9.0
48492,9.0
48493,9.0
48494,9.0
48495,9.0
48496,9.0
48497,9.0
48498,9.0
48499,9.0
48500,9.0
48501,9.0
48502,9.0
48503,9.0
48504,9.0
48505,9.0
48506,9.0
48507,9.0
48508,9.0
48509,9.0
48510,9.0
48511,9.0
48512,9.0
48513,9.0
48514,9.0
48515,9.0
48516,9.0
48517,9.0
48518,9.0
48519,9.0
48520,9.0
48521,9.0
48522,9.0
48523,9.0
48524,9.0
48525,9.0
48526,9.0
48527,9.0
48528,9.0
48529,9.0
48530,9.0
48531,9.0
48532,9.0
48533,9.0
48534,9.0
48535,9.0
48536,9.0
48537,9.0
48538,9.0
48539,9.0
48540,9.0
48541,9.0
48542,9.0
48543,9.0
48544,9.0
48545,9.0
48546,9.0
48547,9.0
48548,9.0
48549,9.0
48550,9.0
48551,9.0
48552,9.0
48553,9.0
48554,9.0
48555,9.0
48556,9.0
48557,9.0
48558,9.0
48559,9.0
48560,9.0
48561,9.0
48562,9.0
48563,9.0
48564,9.0
48565,9.0
48566,9.0
48567,9.0
48568,10.0
48569,10.0
48570,10.0
48571,10.0
48572,10.0
48573,10.0
48574,10.0
48575,10.0
48576,10.0
48577,10.0
48578,10.0
48579,10.0
48580,10.0
48581,10.0
48582,10.0
48583,10.0
48584,10.0
48585,10.0
48586,10.0
48587,10.0
48588,10.0
48589,10.0
48590,10.0
48591,10.0
48592,10.0
48593,10.0
48594,10.0
48595,10.0
48596,10.0
48597,10.0
48598,10.0
48599,10.0
48600,10.0
48601,10.0
48602,10.0
48603,10.0
48604,10.0
48605,10.0
48606,10.0
48607,10.0
48608,10.0
48609,10.0
48610,10.0
48611,10.0
48612,10.0
48613,10.0
48614,10.0
48615,10.0
48616,10.0
48617,10.0
48618,10.0
48619,10.0
48620,10.0
48621,10.0
48622,10.0
48623,10.0
48624,10.0
48625,10.0
48626,10.0
48627,10.0
48628,10.0
48629,10.0
48630,10.0
48631,10.0
48632,10.0
48633,10.0
48634,10.0
48635,10.0
48636,10.0
48637,10.0
48638,11.0
48639,11.0
48640,11.0
48641,11.0
48642,11.0
48643,11.0
48644,11.0
48645,11.0
48646,11.0
48647,11.0
48648,11.0
48649,11.0
48650,11.0
48651,11.0
48652,11.0
48653,11.0
48654,11.0
48655,11.0
48656,11.0
48657,11.0
48658,11.0
48659,11.0
48660,11.0
48661,11.0
48662,11.0
48663,11.0
48664,11.0
48665,11.0
48666,11.0
48667,11.0
48668,11.0
48669,11.0
48670,11.0
48671,11.0
48672,11.0
48673,11.0
48674,11.0
48675,11.0
48676,11.0
48677,11.0
48678,11.0
48679,11.0
48680,11.0
48681,11.0
48682,11.0
48683,11.0
48684,11.0
48685,11.0
48686,11.0
48687,11.0
48688,11.0
48689,11.0
48690,11.0
48691,11.0
48692,11.0
48693,11.0
48694,11.0
48695,11.0
48696,11.0
48697,11.0
48698,11.0
48699,11.0
48700,11.0
48701,11.0
48702,11.0
48703,11.0
48704,11.0
48705,11.0
48706,11.0
48707,11.0
48708,11.0
48709,11.0
48710,11.0
48711,11.0
48712,11.0
48713,11.0
48714,11.0
48715,11.0
48716,11.0
48717,11.0
48718,11.0
48719,11.0
48720,11.0
48721,11.0
48722,11.0
48723,11.0
48724,11.0
48725,11.0
48726,11.0
48727,11.0
48728,11.0
48729,11.0
48730,11.0
48731,11.0
48732,11.0
48733,11.0
48734,11.0
48735,11.0
48736,11.0
48737,11.0
48738,11.0
48739,11.0
48740,11.0
48741,11.0
48742,11.0
48743,11.0
48744,11.0
48745,11.0
48746,11.0
48747,11.0
48748,11.0
48749,11.0
48750,11.0
48751,11.0
48752,11.0
48753,11.0
48754,11.0
48755,11.0
48756,11.0
48757,11.0
48758,11.0
48759,11.0
48760,11.0
48761,11.0
48762,11.0
48763,11.0
48764,11.0
48765,11.0
48766,11.0
48767,11.0
48768,11.0
48769,11.0
48770,11.0
48771,11.0
48772,11.0
48773,11.0
48774,11.0
48775,11.0
48776,11.0
48777,11.0
48778,11.0
48779,11.0
48780,11.0
48781,11.0
48782,11.0
48783,11.0
48784,11.0
48785,11.0
48786,11.0
48787,11.0
48788,11.0
48789,11.0
48790,11.0
48791,11.0
48792,11.0
48793,11.0
48794,11.0
48795,11.0
