Time (s),Number of Solutions
0,7.0
1,5.0
2,5.0
3,5.0
4,5.0
5,5.0
6,5.0
7,5.0
8,5.0
9,5.0
10,5.0
11,5.0
12,5.0
13,5.0
14,6.0
15,6.0
16,6.0
17,6.0
18,6.0
19,6.0
20,6.0
21,6.0
22,6.0
23,6.0
24,6.0
25,6.0
26,6.0
27,6.0
28,6.0
29,6.0
30,6.0
31,6.0
32,6.0
33,6.0
34,6.0
35,6.0
36,6.0
37,6.0
38,6.0
39,6.0
40,6.0
41,6.0
42,6.0
43,6.0
44,6.0
45,6.0
46,6.0
47,6.0
48,6.0
49,6.0
50,6.0
51,6.0
52,6.0
53,6.0
54,6.0
55,6.0
56,6.0
57,6.0
58,6.0
59,6.0
60,6.0
61,6.0
62,6.0
63,6.0
64,6.0
65,6.0
66,6.0
67,6.0
68,6.0
69,6.0
70,6.0
71,6.0
72,6.0
73,6.0
74,6.0
75,6.0
76,6.0
77,6.0
78,6.0
79,6.0
80,6.0
81,6.0
82,6.0
83,6.0
84,6.0
85,6.0
86,6.0
87,6.0
88,6.0
89,6.0
90,6.0
91,6.0
92,6.0
93,6.0
94,6.0
95,6.0
96,6.0
97,6.0
98,6.0
99,6.0
100,6.0
101,6.0
102,6.0
103,6.0
104,6.0
105,6.0
106,6.0
107,6.0
108,6.0
109,6.0
110,6.0
111,6.0
112,6.0
113,6.0
114,6.0
115,6.0
116,6.0
117,6.0
118,6.0
119,6.0
120,6.0
121,6.0
122,6.0
123,6.0
124,6.0
125,6.0
126,6.0
127,6.0
128,6.0
129,6.0
130,6.0
131,6.0
132,6.0
133,6.0
134,6.0
135,6.0
136,6.0
137,6.0
138,6.0
139,6.0
140,6.0
141,6.0
142,6.0
143,6.0
144,6.0
145,6.0
146,6.0
147,6.0
148,6.0
149,6.0
150,6.0
151,6.0
152,6.0
153,6.0
154,6.0
155,6.0
156,6.0
157,6.0
158,6.0
159,6.0
160,6.0
161,6.0
162,6.0
163,6.0
164,6.0
165,6.0
166,6.0
167,6.0
168,6.0
169,6.0
170,6.0
171,6.0
172,6.0
173,6.0
174,6.0
175,6.0
176,6.0
177,6.0
178,6.0
179,6.0
180,6.0
181,6.0
182,6.0
183,6.0
184,6.0
185,6.0
186,6.0
187,6.0
188,6.0
189,6.0
190,6.0
191,6.0
192,6.0
193,6.0
194,6.0
195,6.0
196,6.0
197,6.0
198,6.0
199,6.0
200,6.0
201,6.0
202,6.0
203,6.0
204,6.0
205,6.0
206,6.0
207,6.0
208,6.0
209,6.0
210,6.0
211,6.0
212,6.0
213,6.0
214,6.0
215,6.0
216,6.0
217,6.0
218,6.0
219,6.0
220,6.0
221,6.0
222,6.0
223,6.0
224,6.0
225,6.0
226,6.0
227,6.0
228,6.0
229,6.0
230,6.0
231,6.0
232,6.0
233,6.0
234,6.0
235,6.0
236,6.0
237,6.0
238,6.0
239,6.0
240,6.0
241,6.0
242,6.0
243,6.0
244,6.0
245,6.0
246,6.0
247,6.0
248,6.0
249,6.0
250,6.0
251,6.0
252,6.0
253,6.0
254,6.0
255,6.0
256,6.0
257,6.0
258,6.0
259,6.0
260,6.0
261,6.0
262,6.0
263,6.0
264,6.0
265,6.0
266,6.0
267,6.0
268,6.0
269,6.0
270,6.0
271,6.0
272,6.0
273,6.0
274,6.0
275,6.0
276,6.0
277,6.0
278,6.0
279,6.0
280,6.0
281,6.0
282,6.0
283,6.0
284,6.0
285,6.0
286,6.0
287,6.0
288,6.0
289,6.0
290,6.0
291,6.0
292,6.0
293,6.0
294,6.0
295,6.0
296,6.0
297,6.0
298,6.0
299,6.0
300,6.0
301,6.0
302,6.0
303,6.0
304,6.0
305,6.0
306,6.0
307,6.0
308,6.0
309,6.0
310,6.0
311,6.0
312,6.0
313,6.0
314,6.0
315,6.0
316,6.0
317,6.0
318,6.0
319,6.0
320,6.0
321,6.0
322,6.0
323,6.0
324,6.0
325,6.0
326,6.0
327,6.0
328,6.0
329,6.0
330,6.0
331,6.0
332,6.0
333,6.0
334,6.0
335,6.0
336,6.0
337,6.0
338,6.0
339,6.0
340,6.0
341,6.0
342,6.0
343,6.0
344,6.0
345,6.0
346,6.0
347,6.0
348,6.0
349,6.0
350,6.0
351,6.0
352,6.0
353,6.0
354,6.0
355,6.0
356,6.0
357,6.0
358,6.0
359,6.0
360,6.0
361,6.0
362,6.0
363,6.0
364,6.0
365,6.0
366,6.0
367,6.0
368,6.0
369,6.0
370,6.0
371,6.0
372,6.0
373,6.0
374,6.0
375,6.0
376,6.0
377,6.0
378,6.0
379,6.0
380,6.0
381,6.0
382,6.0
383,6.0
384,6.0
385,6.0
386,6.0
387,6.0
388,6.0
389,6.0
390,6.0
391,6.0
392,6.0
393,6.0
394,6.0
395,6.0
396,6.0
397,6.0
398,6.0
399,6.0
400,6.0
401,6.0
402,6.0
403,6.0
404,6.0
405,6.0
406,6.0
407,6.0
408,6.0
409,6.0
410,6.0
411,6.0
412,6.0
413,6.0
414,6.0
415,6.0
416,6.0
417,6.0
418,6.0
419,6.0
420,6.0
421,6.0
422,6.0
423,6.0
424,6.0
425,6.0
426,6.0
427,6.0
428,6.0
429,6.0
430,6.0
431,6.0
432,6.0
433,6.0
434,6.0
435,6.0
436,6.0
437,6.0
438,6.0
439,6.0
440,6.0
441,6.0
442,6.0
443,6.0
444,6.0
445,6.0
446,6.0
447,6.0
448,6.0
449,6.0
450,6.0
451,6.0
452,6.0
453,6.0
454,6.0
455,6.0
456,6.0
457,6.0
458,6.0
459,6.0
460,6.0
461,6.0
462,6.0
463,6.0
464,6.0
465,6.0
466,6.0
467,6.0
468,6.0
469,6.0
470,6.0
471,6.0
472,6.0
473,6.0
474,6.0
475,6.0
476,6.0
477,6.0
478,6.0
479,6.0
480,6.0
481,6.0
482,6.0
483,6.0
484,6.0
485,6.0
486,6.0
487,6.0
488,6.0
489,6.0
490,6.0
491,6.0
492,6.0
493,6.0
494,6.0
495,6.0
496,6.0
497,6.0
498,6.0
499,6.0
500,6.0
501,6.0
502,6.0
503,6.0
504,6.0
505,6.0
506,6.0
507,6.0
508,6.0
509,6.0
510,6.0
511,6.0
512,6.0
513,6.0
514,6.0
515,6.0
516,6.0
517,6.0
518,6.0
519,6.0
520,6.0
521,6.0
522,6.0
523,6.0
524,6.0
525,6.0
526,6.0
527,6.0
528,6.0
529,6.0
530,6.0
531,6.0
532,6.0
533,6.0
534,6.0
535,6.0
536,6.0
537,6.0
538,6.0
539,6.0
540,6.0
541,7.0
542,7.0
543,7.0
544,7.0
545,7.0
546,8.0
547,8.0
548,8.0
549,8.0
550,8.0
551,8.0
552,8.0
553,8.0
554,8.0
555,8.0
556,7.0
557,7.0
558,7.0
559,7.0
560,7.0
561,7.0
562,7.0
563,8.0
564,8.0
565,8.0
566,8.0
567,8.0
568,8.0
569,8.0
570,8.0
571,8.0
572,8.0
573,8.0
574,8.0
575,8.0
576,8.0
577,8.0
578,8.0
579,8.0
580,8.0
581,8.0
582,8.0
583,8.0
584,8.0
585,8.0
586,8.0
587,8.0
588,8.0
589,8.0
590,8.0
591,8.0
592,8.0
593,8.0
594,8.0
595,8.0
596,8.0
597,8.0
598,8.0
599,8.0
600,8.0
601,8.0
602,8.0
603,8.0
604,8.0
605,8.0
606,8.0
607,8.0
608,8.0
609,8.0
610,8.0
611,8.0
612,8.0
613,8.0
614,8.0
615,8.0
616,8.0
617,8.0
618,8.0
619,8.0
620,8.0
621,8.0
622,8.0
623,8.0
624,8.0
625,8.0
626,8.0
627,8.0
628,8.0
629,8.0
630,8.0
631,8.0
632,8.0
633,8.0
634,8.0
635,8.0
636,8.0
637,8.0
638,8.0
639,8.0
640,8.0
641,8.0
642,8.0
643,8.0
644,8.0
645,8.0
646,8.0
647,8.0
648,8.0
649,8.0
650,8.0
651,8.0
652,8.0
653,8.0
654,8.0
655,8.0
656,8.0
657,8.0
658,8.0
659,8.0
660,8.0
661,8.0
662,8.0
663,8.0
664,8.0
665,8.0
666,8.0
667,8.0
668,8.0
669,8.0
670,8.0
671,8.0
672,8.0
673,8.0
674,8.0
675,8.0
676,8.0
677,8.0
678,8.0
679,8.0
680,8.0
681,8.0
682,8.0
683,8.0
684,8.0
685,8.0
686,8.0
687,8.0
688,8.0
689,8.0
690,8.0
691,8.0
692,8.0
693,8.0
694,8.0
695,8.0
696,8.0
697,8.0
698,8.0
699,8.0
700,8.0
701,8.0
702,8.0
703,8.0
704,8.0
705,8.0
706,8.0
707,8.0
708,8.0
709,8.0
710,8.0
711,8.0
712,8.0
713,8.0
714,8.0
715,8.0
716,8.0
717,8.0
718,8.0
719,8.0
720,8.0
721,8.0
722,8.0
723,8.0
724,8.0
725,8.0
726,8.0
727,8.0
728,8.0
729,8.0
730,8.0
731,8.0
732,8.0
733,8.0
734,8.0
735,8.0
736,8.0
737,8.0
738,8.0
739,8.0
740,8.0
741,8.0
742,8.0
743,8.0
744,8.0
745,8.0
746,8.0
747,8.0
748,8.0
749,8.0
750,8.0
751,8.0
752,8.0
753,8.0
754,8.0
755,8.0
756,8.0
757,8.0
758,8.0
759,8.0
760,8.0
761,8.0
762,8.0
763,8.0
764,8.0
765,8.0
766,8.0
767,8.0
768,8.0
769,8.0
770,8.0
771,8.0
772,8.0
773,8.0
774,8.0
775,8.0
776,8.0
777,8.0
778,8.0
779,8.0
780,8.0
781,8.0
782,8.0
783,8.0
784,8.0
785,8.0
786,8.0
787,8.0
788,8.0
789,8.0
790,8.0
791,8.0
792,8.0
793,8.0
794,8.0
795,8.0
796,8.0
797,8.0
798,8.0
799,8.0
800,8.0
801,8.0
802,8.0
803,8.0
804,8.0
805,8.0
806,8.0
807,8.0
808,8.0
809,8.0
810,8.0
811,8.0
812,8.0
813,8.0
814,8.0
815,8.0
816,8.0
817,8.0
818,8.0
819,8.0
820,8.0
821,8.0
822,8.0
823,8.0
824,8.0
825,8.0
826,8.0
827,8.0
828,8.0
829,8.0
830,8.0
831,8.0
832,8.0
833,8.0
834,8.0
835,8.0
836,8.0
837,8.0
838,8.0
839,8.0
840,8.0
841,8.0
842,8.0
843,8.0
844,8.0
845,8.0
846,8.0
847,8.0
848,8.0
849,8.0
850,8.0
851,8.0
852,8.0
853,8.0
854,8.0
855,8.0
856,8.0
857,8.0
858,8.0
859,8.0
860,8.0
861,8.0
862,8.0
863,8.0
864,8.0
865,8.0
866,8.0
867,8.0
868,8.0
869,8.0
870,8.0
871,8.0
872,8.0
873,8.0
874,8.0
875,8.0
876,8.0
877,8.0
878,8.0
879,8.0
880,8.0
881,8.0
882,8.0
883,8.0
884,8.0
885,8.0
886,8.0
887,8.0
888,8.0
889,8.0
890,8.0
891,8.0
892,8.0
893,8.0
894,8.0
895,8.0
896,8.0
897,8.0
898,8.0
899,8.0
900,8.0
901,8.0
902,8.0
903,8.0
904,8.0
905,8.0
906,8.0
907,8.0
908,8.0
909,8.0
910,8.0
911,8.0
912,8.0
913,8.0
914,8.0
915,8.0
916,8.0
917,8.0
918,8.0
919,8.0
920,8.0
921,8.0
922,8.0
923,8.0
924,8.0
925,8.0
926,8.0
927,8.0
928,8.0
929,8.0
930,8.0
931,8.0
932,8.0
933,8.0
934,8.0
935,8.0
936,8.0
937,8.0
938,8.0
939,8.0
940,8.0
941,8.0
942,8.0
943,8.0
944,8.0
945,8.0
946,8.0
947,8.0
948,8.0
949,8.0
950,8.0
951,8.0
952,8.0
953,8.0
954,8.0
955,8.0
956,8.0
957,8.0
958,8.0
959,8.0
960,8.0
961,8.0
962,8.0
963,8.0
964,8.0
965,8.0
966,8.0
967,8.0
968,8.0
969,8.0
970,8.0
971,8.0
972,8.0
973,8.0
974,8.0
975,8.0
976,8.0
977,8.0
978,8.0
979,8.0
980,8.0
981,8.0
982,8.0
983,8.0
984,8.0
985,8.0
986,8.0
987,8.0
988,8.0
989,8.0
990,8.0
991,8.0
992,8.0
993,8.0
994,8.0
995,8.0
996,8.0
997,8.0
998,8.0
999,8.0
1000,8.0
1001,8.0
1002,8.0
1003,8.0
1004,8.0
1005,8.0
1006,8.0
1007,8.0
1008,8.0
1009,8.0
1010,8.0
1011,8.0
1012,8.0
1013,8.0
1014,8.0
1015,8.0
1016,8.0
1017,8.0
1018,8.0
1019,8.0
1020,8.0
1021,8.0
1022,8.0
1023,8.0
1024,8.0
1025,8.0
1026,8.0
1027,8.0
1028,8.0
1029,8.0
1030,8.0
1031,8.0
1032,8.0
1033,8.0
1034,8.0
1035,8.0
1036,8.0
1037,8.0
1038,8.0
1039,8.0
1040,8.0
1041,8.0
1042,8.0
1043,8.0
1044,8.0
1045,8.0
1046,8.0
1047,8.0
1048,8.0
1049,8.0
1050,8.0
1051,8.0
1052,8.0
1053,8.0
1054,8.0
1055,8.0
1056,8.0
1057,8.0
1058,8.0
1059,8.0
1060,8.0
1061,8.0
1062,8.0
1063,8.0
1064,8.0
1065,8.0
1066,8.0
1067,8.0
1068,8.0
1069,8.0
1070,8.0
1071,8.0
1072,8.0
1073,8.0
1074,8.0
1075,8.0
1076,8.0
1077,8.0
1078,8.0
1079,8.0
1080,8.0
1081,8.0
1082,8.0
1083,8.0
1084,8.0
1085,8.0
1086,8.0
1087,8.0
1088,8.0
1089,8.0
1090,8.0
1091,8.0
1092,8.0
1093,8.0
1094,8.0
1095,8.0
1096,8.0
1097,8.0
1098,8.0
1099,8.0
1100,8.0
1101,8.0
1102,8.0
1103,8.0
1104,8.0
1105,8.0
1106,8.0
1107,8.0
1108,8.0
1109,8.0
1110,8.0
1111,8.0
1112,8.0
1113,8.0
1114,8.0
1115,8.0
1116,8.0
1117,8.0
1118,8.0
1119,8.0
1120,8.0
1121,8.0
1122,8.0
1123,8.0
1124,8.0
1125,8.0
1126,8.0
1127,8.0
1128,8.0
1129,8.0
1130,8.0
1131,8.0
1132,8.0
1133,8.0
1134,8.0
1135,8.0
1136,8.0
1137,8.0
1138,8.0
1139,8.0
1140,8.0
1141,8.0
1142,8.0
1143,8.0
1144,8.0
1145,8.0
1146,8.0
1147,8.0
1148,8.0
1149,8.0
1150,8.0
1151,8.0
1152,8.0
1153,8.0
1154,8.0
1155,8.0
1156,8.0
1157,8.0
1158,8.0
1159,8.0
1160,8.0
1161,8.0
1162,8.0
1163,8.0
1164,8.0
1165,8.0
1166,8.0
1167,8.0
1168,8.0
1169,8.0
1170,8.0
1171,8.0
1172,8.0
1173,8.0
1174,8.0
1175,8.0
1176,8.0
1177,8.0
1178,8.0
1179,8.0
1180,8.0
1181,8.0
1182,8.0
1183,8.0
1184,8.0
1185,8.0
1186,8.0
1187,8.0
1188,8.0
1189,8.0
1190,8.0
1191,8.0
1192,8.0
1193,8.0
1194,8.0
1195,8.0
1196,8.0
1197,8.0
1198,8.0
1199,8.0
1200,8.0
1201,8.0
1202,8.0
1203,8.0
1204,8.0
1205,8.0
1206,8.0
1207,8.0
1208,8.0
1209,8.0
1210,8.0
1211,8.0
1212,8.0
1213,8.0
1214,8.0
1215,8.0
1216,8.0
1217,8.0
1218,8.0
1219,8.0
1220,8.0
1221,8.0
1222,8.0
1223,8.0
1224,8.0
1225,8.0
1226,8.0
1227,8.0
1228,8.0
1229,8.0
1230,8.0
1231,8.0
1232,8.0
1233,8.0
1234,8.0
1235,8.0
1236,8.0
1237,8.0
1238,8.0
1239,8.0
1240,8.0
1241,8.0
1242,8.0
1243,8.0
1244,8.0
1245,8.0
1246,8.0
1247,8.0
1248,8.0
1249,8.0
1250,8.0
1251,8.0
1252,8.0
1253,8.0
1254,8.0
1255,8.0
1256,8.0
1257,8.0
1258,8.0
1259,8.0
1260,8.0
1261,8.0
1262,8.0
1263,8.0
1264,8.0
1265,8.0
1266,8.0
1267,8.0
1268,8.0
1269,8.0
1270,8.0
1271,8.0
1272,8.0
1273,8.0
1274,8.0
1275,8.0
1276,8.0
1277,8.0
1278,8.0
1279,8.0
1280,8.0
1281,8.0
1282,8.0
1283,8.0
1284,8.0
1285,8.0
1286,8.0
1287,8.0
1288,8.0
1289,8.0
1290,8.0
1291,8.0
1292,8.0
1293,8.0
1294,8.0
1295,8.0
1296,8.0
1297,8.0
1298,8.0
1299,8.0
1300,8.0
1301,8.0
1302,8.0
1303,8.0
1304,8.0
1305,8.0
1306,8.0
1307,8.0
1308,8.0
1309,8.0
1310,8.0
1311,8.0
1312,8.0
1313,8.0
1314,8.0
1315,8.0
1316,8.0
1317,8.0
1318,8.0
1319,8.0
1320,8.0
1321,8.0
1322,8.0
1323,8.0
1324,8.0
1325,8.0
1326,8.0
1327,8.0
1328,8.0
1329,8.0
1330,8.0
1331,8.0
1332,8.0
1333,8.0
1334,8.0
1335,8.0
1336,8.0
1337,8.0
1338,8.0
1339,8.0
1340,8.0
1341,8.0
1342,8.0
1343,8.0
1344,8.0
1345,8.0
1346,8.0
1347,8.0
1348,8.0
1349,8.0
1350,8.0
1351,8.0
1352,8.0
1353,8.0
1354,8.0
1355,8.0
1356,8.0
1357,8.0
1358,8.0
1359,8.0
1360,8.0
1361,8.0
1362,8.0
1363,8.0
1364,8.0
1365,8.0
1366,8.0
1367,8.0
1368,8.0
1369,8.0
1370,8.0
1371,8.0
1372,8.0
1373,8.0
1374,8.0
1375,8.0
1376,8.0
1377,8.0
1378,8.0
1379,8.0
1380,8.0
1381,8.0
1382,8.0
1383,8.0
1384,8.0
1385,8.0
1386,8.0
1387,8.0
1388,8.0
1389,8.0
1390,8.0
1391,8.0
1392,8.0
1393,8.0
1394,8.0
1395,8.0
1396,8.0
1397,8.0
1398,8.0
1399,8.0
1400,8.0
1401,8.0
1402,8.0
1403,8.0
1404,8.0
1405,8.0
1406,8.0
1407,8.0
1408,8.0
1409,8.0
1410,8.0
1411,8.0
1412,8.0
1413,8.0
1414,8.0
1415,8.0
1416,8.0
1417,8.0
1418,8.0
1419,8.0
1420,8.0
1421,8.0
1422,8.0
1423,8.0
1424,8.0
1425,8.0
1426,8.0
1427,8.0
1428,8.0
1429,8.0
1430,8.0
1431,8.0
1432,8.0
1433,8.0
1434,8.0
1435,8.0
1436,8.0
1437,8.0
1438,8.0
1439,8.0
1440,8.0
1441,8.0
1442,8.0
1443,8.0
1444,8.0
1445,8.0
1446,8.0
1447,8.0
1448,8.0
1449,8.0
1450,8.0
1451,8.0
1452,8.0
1453,8.0
1454,8.0
1455,8.0
1456,8.0
1457,8.0
1458,8.0
1459,8.0
1460,8.0
1461,8.0
1462,8.0
1463,8.0
1464,8.0
1465,8.0
1466,8.0
1467,8.0
1468,8.0
1469,8.0
1470,8.0
1471,8.0
1472,8.0
1473,8.0
1474,8.0
1475,8.0
1476,8.0
1477,8.0
1478,8.0
1479,8.0
1480,8.0
1481,8.0
1482,8.0
1483,8.0
1484,8.0
1485,8.0
1486,8.0
1487,8.0
1488,8.0
1489,8.0
1490,8.0
1491,8.0
1492,8.0
1493,8.0
1494,8.0
1495,8.0
1496,8.0
1497,8.0
1498,8.0
1499,8.0
1500,8.0
1501,8.0
1502,8.0
1503,8.0
1504,8.0
1505,8.0
1506,8.0
1507,8.0
1508,8.0
1509,8.0
1510,8.0
1511,8.0
1512,8.0
1513,8.0
1514,8.0
1515,8.0
1516,8.0
1517,8.0
1518,8.0
1519,8.0
1520,8.0
1521,8.0
1522,8.0
1523,8.0
1524,8.0
1525,8.0
1526,8.0
1527,8.0
1528,8.0
1529,8.0
1530,8.0
1531,8.0
1532,8.0
1533,8.0
1534,8.0
1535,8.0
1536,8.0
1537,8.0
1538,8.0
1539,8.0
1540,8.0
1541,8.0
1542,8.0
1543,8.0
1544,8.0
1545,8.0
1546,8.0
1547,8.0
1548,8.0
1549,8.0
1550,8.0
1551,8.0
1552,8.0
1553,8.0
1554,8.0
1555,8.0
1556,8.0
1557,8.0
1558,8.0
1559,8.0
1560,8.0
1561,8.0
1562,8.0
1563,8.0
1564,8.0
1565,8.0
1566,8.0
1567,8.0
1568,8.0
1569,8.0
1570,8.0
1571,8.0
1572,8.0
1573,8.0
1574,8.0
1575,8.0
1576,8.0
1577,8.0
1578,8.0
1579,8.0
1580,8.0
1581,8.0
1582,8.0
1583,8.0
1584,8.0
1585,8.0
1586,8.0
1587,8.0
1588,8.0
1589,8.0
1590,8.0
1591,8.0
1592,8.0
1593,8.0
1594,8.0
1595,8.0
1596,8.0
1597,8.0
1598,8.0
1599,8.0
1600,8.0
1601,8.0
1602,8.0
1603,8.0
1604,8.0
1605,8.0
1606,8.0
1607,8.0
1608,8.0
1609,8.0
1610,8.0
1611,8.0
1612,8.0
1613,8.0
1614,8.0
1615,8.0
1616,8.0
1617,8.0
1618,8.0
1619,8.0
1620,8.0
1621,8.0
1622,8.0
1623,8.0
1624,8.0
1625,8.0
1626,8.0
1627,8.0
1628,8.0
1629,8.0
1630,8.0
1631,8.0
1632,8.0
1633,8.0
1634,8.0
1635,8.0
1636,8.0
1637,8.0
1638,8.0
1639,8.0
1640,8.0
1641,8.0
1642,8.0
1643,8.0
1644,8.0
1645,8.0
1646,8.0
1647,8.0
1648,8.0
1649,8.0
1650,8.0
1651,8.0
1652,8.0
1653,8.0
1654,8.0
1655,8.0
1656,8.0
1657,8.0
1658,8.0
1659,8.0
1660,8.0
1661,8.0
1662,8.0
1663,8.0
1664,8.0
1665,8.0
1666,8.0
1667,8.0
1668,8.0
1669,8.0
1670,8.0
1671,8.0
1672,8.0
1673,8.0
1674,8.0
1675,8.0
1676,8.0
1677,8.0
1678,8.0
1679,8.0
1680,8.0
1681,8.0
1682,8.0
1683,8.0
1684,8.0
1685,8.0
1686,8.0
1687,8.0
1688,8.0
1689,8.0
1690,8.0
1691,8.0
1692,8.0
1693,8.0
1694,8.0
1695,8.0
1696,8.0
1697,8.0
1698,8.0
1699,8.0
1700,8.0
1701,8.0
1702,8.0
1703,8.0
1704,8.0
1705,8.0
1706,8.0
1707,8.0
1708,8.0
1709,8.0
1710,8.0
1711,8.0
1712,8.0
1713,8.0
1714,8.0
1715,8.0
1716,8.0
1717,8.0
1718,8.0
1719,8.0
1720,8.0
1721,8.0
1722,8.0
1723,8.0
1724,8.0
1725,8.0
1726,8.0
1727,8.0
1728,8.0
1729,8.0
1730,8.0
1731,8.0
1732,8.0
1733,8.0
1734,8.0
1735,8.0
1736,8.0
1737,8.0
1738,8.0
1739,8.0
1740,8.0
1741,8.0
1742,8.0
1743,8.0
1744,8.0
1745,8.0
1746,8.0
1747,8.0
1748,8.0
1749,8.0
1750,8.0
1751,8.0
1752,8.0
1753,8.0
1754,8.0
1755,8.0
1756,8.0
1757,8.0
1758,8.0
1759,8.0
1760,8.0
1761,8.0
1762,8.0
1763,8.0
1764,8.0
1765,8.0
1766,8.0
1767,8.0
1768,8.0
1769,8.0
1770,8.0
1771,8.0
1772,8.0
1773,8.0
1774,8.0
1775,8.0
1776,8.0
1777,8.0
1778,8.0
1779,8.0
1780,8.0
1781,8.0
1782,8.0
1783,8.0
1784,8.0
1785,8.0
1786,8.0
1787,8.0
1788,8.0
1789,8.0
1790,8.0
1791,8.0
1792,8.0
1793,8.0
1794,8.0
1795,8.0
1796,8.0
1797,8.0
1798,8.0
1799,8.0
1800,8.0
1801,8.0
1802,8.0
1803,8.0
1804,8.0
1805,8.0
1806,8.0
1807,8.0
1808,8.0
1809,8.0
1810,8.0
1811,8.0
1812,8.0
1813,8.0
1814,8.0
1815,8.0
1816,8.0
1817,8.0
1818,8.0
1819,8.0
1820,8.0
1821,8.0
1822,8.0
1823,8.0
1824,8.0
1825,8.0
1826,8.0
1827,8.0
1828,8.0
1829,8.0
1830,8.0
1831,8.0
1832,8.0
1833,8.0
1834,8.0
1835,8.0
1836,8.0
1837,8.0
1838,8.0
1839,8.0
1840,8.0
1841,8.0
1842,8.0
1843,8.0
1844,8.0
1845,8.0
1846,8.0
1847,8.0
1848,8.0
1849,8.0
1850,8.0
1851,8.0
1852,8.0
1853,8.0
1854,8.0
1855,8.0
1856,8.0
1857,8.0
1858,8.0
1859,8.0
1860,8.0
1861,8.0
1862,8.0
1863,8.0
1864,8.0
1865,8.0
1866,8.0
1867,8.0
1868,8.0
1869,8.0
1870,8.0
1871,8.0
1872,8.0
1873,8.0
1874,8.0
1875,8.0
1876,8.0
1877,8.0
1878,8.0
1879,8.0
1880,8.0
1881,8.0
1882,8.0
1883,8.0
1884,8.0
1885,8.0
1886,8.0
1887,8.0
1888,8.0
1889,8.0
1890,8.0
1891,8.0
1892,8.0
1893,8.0
1894,8.0
1895,8.0
1896,8.0
1897,8.0
1898,8.0
1899,8.0
1900,8.0
1901,8.0
1902,8.0
1903,8.0
1904,8.0
1905,8.0
1906,8.0
1907,8.0
1908,8.0
1909,8.0
1910,8.0
1911,8.0
1912,8.0
1913,8.0
1914,8.0
1915,8.0
1916,8.0
1917,8.0
1918,8.0
1919,8.0
1920,8.0
1921,8.0
1922,8.0
1923,8.0
1924,8.0
1925,8.0
1926,8.0
1927,8.0
1928,8.0
1929,8.0
1930,8.0
1931,8.0
1932,8.0
1933,8.0
1934,8.0
1935,8.0
1936,8.0
1937,8.0
1938,8.0
1939,8.0
1940,8.0
1941,8.0
1942,8.0
1943,8.0
1944,8.0
1945,8.0
1946,8.0
1947,8.0
1948,8.0
1949,8.0
1950,8.0
1951,8.0
1952,8.0
1953,8.0
1954,8.0
1955,8.0
1956,8.0
1957,8.0
1958,8.0
1959,8.0
1960,8.0
1961,8.0
1962,8.0
1963,8.0
1964,8.0
1965,8.0
1966,8.0
1967,8.0
1968,8.0
1969,8.0
1970,8.0
1971,8.0
1972,8.0
1973,8.0
1974,8.0
1975,8.0
1976,8.0
1977,8.0
1978,8.0
1979,8.0
1980,8.0
1981,8.0
1982,8.0
1983,8.0
1984,8.0
1985,8.0
1986,8.0
1987,8.0
1988,8.0
1989,8.0
1990,8.0
1991,8.0
1992,8.0
1993,8.0
1994,8.0
1995,8.0
1996,8.0
1997,8.0
1998,8.0
1999,8.0
2000,8.0
2001,8.0
2002,8.0
2003,8.0
2004,8.0
2005,8.0
2006,8.0
2007,8.0
2008,8.0
2009,8.0
2010,8.0
2011,8.0
2012,8.0
2013,8.0
2014,8.0
2015,8.0
2016,8.0
2017,8.0
2018,8.0
2019,8.0
2020,8.0
2021,8.0
2022,8.0
2023,8.0
2024,8.0
2025,8.0
2026,8.0
2027,8.0
2028,8.0
2029,8.0
2030,8.0
2031,8.0
2032,8.0
2033,8.0
2034,8.0
2035,8.0
2036,8.0
2037,8.0
2038,8.0
2039,8.0
2040,8.0
2041,8.0
2042,8.0
2043,8.0
2044,8.0
2045,8.0
2046,8.0
2047,8.0
2048,8.0
2049,8.0
2050,8.0
2051,8.0
2052,8.0
2053,8.0
2054,8.0
2055,8.0
2056,8.0
2057,8.0
2058,8.0
2059,8.0
2060,8.0
2061,8.0
2062,8.0
2063,8.0
2064,8.0
2065,8.0
2066,8.0
2067,8.0
2068,8.0
2069,8.0
2070,8.0
2071,8.0
2072,8.0
2073,8.0
2074,8.0
2075,8.0
2076,8.0
2077,8.0
2078,8.0
2079,8.0
2080,8.0
2081,8.0
2082,8.0
2083,8.0
2084,8.0
2085,8.0
2086,8.0
2087,8.0
2088,8.0
2089,8.0
2090,8.0
2091,8.0
2092,8.0
2093,8.0
2094,8.0
2095,8.0
2096,8.0
2097,8.0
2098,8.0
2099,8.0
2100,8.0
2101,8.0
2102,8.0
2103,8.0
2104,8.0
2105,8.0
2106,8.0
2107,8.0
2108,8.0
2109,8.0
2110,8.0
2111,8.0
2112,8.0
2113,8.0
2114,8.0
2115,8.0
2116,8.0
2117,8.0
2118,8.0
2119,8.0
2120,8.0
2121,8.0
2122,8.0
2123,8.0
2124,8.0
2125,8.0
2126,8.0
2127,8.0
2128,8.0
2129,8.0
2130,8.0
2131,8.0
2132,8.0
2133,8.0
2134,8.0
2135,8.0
2136,8.0
2137,8.0
2138,8.0
2139,8.0
2140,8.0
2141,8.0
2142,8.0
2143,8.0
2144,8.0
2145,8.0
2146,8.0
2147,8.0
2148,8.0
2149,8.0
2150,8.0
2151,8.0
2152,8.0
2153,8.0
2154,8.0
2155,8.0
2156,8.0
2157,8.0
2158,8.0
2159,8.0
2160,8.0
2161,8.0
2162,8.0
2163,8.0
2164,8.0
2165,8.0
2166,8.0
2167,8.0
2168,8.0
2169,8.0
2170,8.0
2171,8.0
2172,8.0
2173,8.0
2174,8.0
2175,8.0
2176,8.0
2177,8.0
2178,8.0
2179,8.0
2180,8.0
2181,8.0
2182,8.0
2183,8.0
2184,8.0
2185,8.0
2186,8.0
2187,8.0
2188,8.0
2189,8.0
2190,8.0
2191,8.0
2192,8.0
2193,8.0
2194,8.0
2195,8.0
2196,8.0
2197,8.0
2198,8.0
2199,8.0
2200,8.0
2201,8.0
2202,8.0
2203,8.0
2204,8.0
2205,8.0
2206,8.0
2207,8.0
2208,8.0
2209,8.0
2210,8.0
2211,8.0
2212,8.0
2213,8.0
2214,8.0
2215,8.0
2216,8.0
2217,8.0
2218,8.0
2219,8.0
2220,8.0
2221,8.0
2222,8.0
2223,8.0
2224,8.0
2225,8.0
2226,8.0
2227,8.0
2228,8.0
2229,8.0
2230,8.0
2231,8.0
2232,8.0
2233,8.0
2234,8.0
2235,8.0
2236,8.0
2237,8.0
2238,8.0
2239,8.0
2240,8.0
2241,8.0
2242,8.0
2243,8.0
2244,8.0
2245,8.0
2246,8.0
2247,8.0
2248,8.0
2249,8.0
2250,8.0
2251,8.0
2252,8.0
2253,8.0
2254,8.0
2255,8.0
2256,8.0
2257,8.0
2258,8.0
2259,8.0
2260,8.0
2261,8.0
2262,8.0
2263,8.0
2264,8.0
2265,8.0
2266,8.0
2267,8.0
2268,8.0
2269,8.0
2270,8.0
2271,8.0
2272,8.0
2273,8.0
2274,8.0
2275,8.0
2276,8.0
2277,8.0
2278,8.0
2279,8.0
2280,8.0
2281,8.0
2282,8.0
2283,8.0
2284,8.0
2285,8.0
2286,8.0
2287,8.0
2288,8.0
2289,8.0
2290,8.0
2291,8.0
2292,8.0
2293,8.0
2294,8.0
2295,8.0
2296,8.0
2297,8.0
2298,8.0
2299,8.0
2300,8.0
2301,8.0
2302,8.0
2303,8.0
2304,8.0
2305,8.0
2306,8.0
2307,8.0
2308,8.0
2309,8.0
2310,8.0
2311,8.0
2312,8.0
2313,8.0
2314,8.0
2315,8.0
2316,8.0
2317,8.0
2318,8.0
2319,8.0
2320,8.0
2321,8.0
2322,8.0
2323,8.0
2324,8.0
2325,8.0
2326,8.0
2327,8.0
2328,8.0
2329,8.0
2330,8.0
2331,8.0
2332,8.0
2333,8.0
2334,8.0
2335,8.0
2336,8.0
2337,8.0
2338,8.0
2339,8.0
2340,8.0
2341,8.0
2342,8.0
2343,8.0
2344,8.0
2345,8.0
2346,8.0
2347,8.0
2348,8.0
2349,8.0
2350,8.0
2351,8.0
2352,8.0
2353,8.0
2354,8.0
2355,8.0
2356,8.0
2357,8.0
2358,8.0
2359,8.0
2360,8.0
2361,8.0
2362,8.0
2363,8.0
2364,8.0
2365,8.0
2366,8.0
2367,8.0
2368,8.0
2369,8.0
2370,8.0
2371,8.0
2372,8.0
2373,8.0
2374,8.0
2375,8.0
2376,8.0
2377,8.0
2378,8.0
2379,8.0
2380,8.0
2381,8.0
2382,8.0
2383,8.0
2384,8.0
2385,8.0
2386,8.0
2387,8.0
2388,8.0
2389,8.0
2390,8.0
2391,8.0
2392,8.0
2393,8.0
2394,8.0
2395,8.0
2396,8.0
2397,8.0
2398,8.0
2399,8.0
2400,8.0
2401,8.0
2402,8.0
2403,8.0
2404,8.0
2405,8.0
2406,8.0
2407,8.0
2408,8.0
2409,8.0
2410,8.0
2411,8.0
2412,8.0
2413,8.0
2414,8.0
2415,8.0
2416,8.0
2417,8.0
2418,8.0
2419,8.0
2420,8.0
2421,8.0
2422,8.0
2423,8.0
2424,8.0
2425,8.0
2426,8.0
2427,8.0
2428,8.0
2429,8.0
2430,8.0
2431,8.0
2432,8.0
2433,8.0
2434,8.0
2435,8.0
2436,8.0
2437,8.0
2438,8.0
2439,8.0
2440,8.0
2441,8.0
2442,8.0
2443,8.0
2444,8.0
2445,8.0
2446,8.0
2447,8.0
2448,8.0
2449,8.0
2450,8.0
2451,8.0
2452,8.0
2453,8.0
2454,8.0
2455,8.0
2456,8.0
2457,8.0
2458,8.0
2459,8.0
2460,8.0
2461,8.0
2462,8.0
2463,8.0
2464,8.0
2465,8.0
2466,8.0
2467,8.0
2468,8.0
2469,8.0
2470,8.0
2471,8.0
2472,8.0
2473,8.0
2474,8.0
2475,8.0
2476,8.0
2477,8.0
2478,8.0
2479,8.0
2480,8.0
2481,8.0
2482,8.0
2483,8.0
2484,8.0
2485,8.0
2486,8.0
2487,8.0
2488,8.0
2489,8.0
2490,8.0
2491,8.0
2492,8.0
2493,8.0
2494,8.0
2495,8.0
2496,8.0
2497,8.0
2498,8.0
2499,8.0
2500,8.0
2501,8.0
2502,8.0
2503,8.0
2504,8.0
2505,8.0
2506,8.0
2507,8.0
2508,8.0
2509,8.0
2510,8.0
2511,8.0
2512,8.0
2513,8.0
2514,8.0
2515,8.0
2516,8.0
2517,8.0
2518,8.0
2519,8.0
2520,8.0
2521,8.0
2522,8.0
2523,8.0
2524,8.0
2525,8.0
2526,8.0
2527,8.0
2528,8.0
2529,8.0
2530,8.0
2531,8.0
2532,8.0
2533,8.0
2534,8.0
2535,8.0
2536,8.0
2537,8.0
2538,8.0
2539,8.0
2540,8.0
2541,8.0
2542,8.0
2543,8.0
2544,8.0
2545,8.0
2546,8.0
2547,8.0
2548,8.0
2549,8.0
2550,8.0
2551,8.0
2552,8.0
2553,8.0
2554,8.0
2555,8.0
2556,8.0
2557,8.0
2558,8.0
2559,8.0
2560,8.0
2561,8.0
2562,8.0
2563,8.0
2564,8.0
2565,8.0
2566,8.0
2567,8.0
2568,8.0
2569,8.0
2570,8.0
2571,8.0
2572,8.0
2573,8.0
2574,8.0
2575,8.0
2576,8.0
2577,8.0
2578,8.0
2579,8.0
2580,8.0
2581,8.0
2582,8.0
2583,8.0
2584,8.0
2585,8.0
2586,8.0
2587,8.0
2588,8.0
2589,8.0
2590,8.0
2591,8.0
2592,8.0
2593,8.0
2594,8.0
2595,8.0
2596,8.0
2597,8.0
2598,8.0
2599,8.0
2600,8.0
2601,8.0
2602,8.0
2603,8.0
2604,8.0
2605,8.0
2606,8.0
2607,8.0
2608,8.0
2609,8.0
2610,8.0
2611,8.0
2612,8.0
2613,8.0
2614,8.0
2615,8.0
2616,8.0
2617,8.0
2618,8.0
2619,8.0
2620,8.0
2621,8.0
2622,8.0
2623,8.0
2624,8.0
2625,8.0
2626,8.0
2627,8.0
2628,8.0
2629,8.0
2630,8.0
2631,8.0
2632,8.0
2633,8.0
2634,8.0
2635,8.0
2636,8.0
2637,8.0
2638,8.0
2639,8.0
2640,8.0
2641,8.0
2642,8.0
2643,8.0
2644,8.0
2645,8.0
2646,8.0
2647,8.0
2648,8.0
2649,8.0
2650,8.0
2651,8.0
2652,8.0
2653,8.0
2654,8.0
2655,8.0
2656,8.0
2657,8.0
2658,8.0
2659,8.0
2660,8.0
2661,8.0
2662,8.0
2663,8.0
2664,8.0
2665,8.0
2666,8.0
2667,8.0
2668,8.0
2669,8.0
2670,8.0
2671,8.0
2672,8.0
2673,8.0
2674,8.0
2675,8.0
2676,8.0
2677,8.0
2678,8.0
2679,8.0
2680,8.0
2681,8.0
2682,8.0
2683,8.0
2684,8.0
2685,8.0
2686,8.0
2687,8.0
2688,8.0
2689,8.0
2690,8.0
2691,8.0
2692,8.0
2693,8.0
2694,8.0
2695,8.0
2696,8.0
2697,8.0
2698,8.0
2699,8.0
2700,8.0
2701,8.0
2702,8.0
2703,8.0
2704,8.0
2705,8.0
2706,8.0
2707,8.0
2708,8.0
2709,8.0
2710,8.0
2711,8.0
2712,8.0
2713,8.0
2714,8.0
2715,8.0
2716,8.0
2717,8.0
2718,8.0
2719,8.0
2720,8.0
2721,8.0
2722,8.0
2723,8.0
2724,8.0
2725,8.0
2726,8.0
2727,8.0
2728,8.0
2729,8.0
2730,8.0
2731,8.0
2732,8.0
2733,8.0
2734,8.0
2735,8.0
2736,8.0
2737,8.0
2738,8.0
2739,8.0
2740,8.0
2741,8.0
2742,8.0
2743,8.0
2744,8.0
2745,8.0
2746,8.0
2747,8.0
2748,8.0
2749,8.0
2750,8.0
2751,8.0
2752,8.0
2753,8.0
2754,8.0
2755,8.0
2756,8.0
2757,8.0
2758,8.0
2759,8.0
2760,8.0
2761,8.0
2762,8.0
2763,8.0
2764,8.0
2765,8.0
2766,8.0
2767,8.0
2768,8.0
2769,8.0
2770,8.0
2771,8.0
2772,8.0
2773,8.0
2774,8.0
2775,8.0
2776,8.0
2777,8.0
2778,8.0
2779,8.0
2780,8.0
2781,8.0
2782,8.0
2783,8.0
2784,8.0
2785,8.0
2786,8.0
2787,8.0
2788,8.0
2789,8.0
2790,8.0
2791,8.0
2792,8.0
2793,8.0
2794,8.0
2795,8.0
2796,8.0
2797,8.0
2798,8.0
2799,8.0
2800,8.0
2801,8.0
2802,8.0
2803,8.0
2804,8.0
2805,8.0
2806,8.0
2807,8.0
2808,8.0
2809,8.0
2810,8.0
2811,8.0
2812,8.0
2813,9.0
2814,9.0
2815,9.0
2816,9.0
2817,9.0
2818,9.0
2819,9.0
2820,9.0
2821,9.0
2822,9.0
2823,9.0
2824,9.0
2825,9.0
2826,9.0
2827,9.0
2828,9.0
2829,9.0
2830,9.0
2831,9.0
2832,9.0
2833,9.0
2834,9.0
2835,9.0
2836,9.0
2837,9.0
2838,10.0
2839,10.0
2840,10.0
2841,10.0
2842,10.0
2843,10.0
2844,10.0
2845,10.0
2846,10.0
2847,10.0
2848,9.0
2849,9.0
2850,9.0
2851,9.0
2852,9.0
2853,9.0
2854,9.0
2855,9.0
2856,9.0
2857,9.0
2858,9.0
2859,9.0
2860,9.0
2861,9.0
2862,9.0
2863,9.0
2864,9.0
2865,9.0
2866,9.0
2867,9.0
2868,9.0
2869,9.0
2870,9.0
2871,9.0
2872,9.0
2873,9.0
2874,9.0
2875,9.0
2876,9.0
2877,9.0
2878,9.0
2879,9.0
2880,10.0
2881,10.0
2882,10.0
2883,10.0
2884,10.0
2885,10.0
2886,10.0
2887,10.0
2888,10.0
2889,10.0
2890,10.0
2891,10.0
2892,10.0
2893,10.0
2894,10.0
2895,10.0
2896,10.0
2897,10.0
2898,10.0
2899,10.0
2900,10.0
2901,10.0
2902,10.0
2903,10.0
2904,10.0
2905,10.0
2906,10.0
2907,10.0
2908,10.0
2909,10.0
2910,10.0
2911,10.0
2912,10.0
2913,10.0
2914,10.0
2915,10.0
2916,10.0
2917,10.0
2918,10.0
2919,10.0
2920,10.0
2921,10.0
2922,10.0
2923,10.0
2924,10.0
2925,10.0
2926,10.0
2927,10.0
2928,10.0
2929,10.0
2930,10.0
2931,10.0
2932,10.0
2933,10.0
2934,10.0
2935,10.0
2936,10.0
2937,10.0
2938,10.0
2939,10.0
2940,10.0
2941,10.0
2942,10.0
2943,10.0
2944,10.0
2945,10.0
2946,10.0
2947,10.0
2948,10.0
2949,10.0
2950,10.0
2951,10.0
2952,10.0
2953,10.0
2954,10.0
2955,10.0
2956,10.0
2957,10.0
2958,10.0
2959,10.0
2960,10.0
2961,10.0
2962,10.0
2963,10.0
2964,10.0
2965,10.0
2966,10.0
2967,10.0
2968,10.0
2969,10.0
2970,10.0
2971,10.0
2972,10.0
2973,10.0
2974,10.0
2975,10.0
2976,10.0
2977,10.0
2978,10.0
2979,10.0
2980,10.0
2981,10.0
2982,10.0
2983,10.0
2984,10.0
2985,10.0
2986,10.0
2987,10.0
2988,10.0
2989,10.0
2990,10.0
2991,10.0
2992,10.0
2993,10.0
2994,10.0
2995,10.0
2996,10.0
2997,10.0
2998,10.0
2999,10.0
3000,10.0
3001,10.0
3002,10.0
3003,10.0
3004,10.0
3005,10.0
3006,10.0
3007,10.0
3008,10.0
3009,10.0
3010,10.0
3011,10.0
3012,10.0
3013,10.0
3014,10.0
3015,10.0
3016,10.0
3017,10.0
3018,10.0
3019,10.0
3020,10.0
3021,10.0
3022,10.0
3023,10.0
3024,10.0
3025,10.0
3026,10.0
3027,10.0
3028,10.0
3029,10.0
3030,10.0
3031,10.0
3032,10.0
3033,10.0
3034,10.0
3035,10.0
3036,10.0
3037,10.0
3038,10.0
3039,10.0
3040,10.0
3041,10.0
3042,10.0
3043,10.0
3044,10.0
3045,10.0
3046,10.0
3047,10.0
3048,10.0
3049,10.0
3050,10.0
3051,10.0
3052,10.0
3053,10.0
3054,10.0
3055,10.0
3056,10.0
3057,10.0
3058,10.0
3059,10.0
3060,10.0
3061,10.0
3062,10.0
3063,10.0
3064,10.0
3065,10.0
3066,10.0
3067,10.0
3068,10.0
3069,10.0
3070,10.0
3071,10.0
3072,10.0
3073,10.0
3074,10.0
3075,10.0
3076,10.0
3077,10.0
3078,10.0
3079,10.0
3080,10.0
3081,10.0
3082,10.0
3083,10.0
3084,10.0
3085,10.0
3086,10.0
3087,10.0
3088,10.0
3089,10.0
3090,10.0
3091,10.0
3092,10.0
3093,10.0
3094,10.0
3095,10.0
3096,10.0
3097,10.0
3098,10.0
3099,10.0
3100,10.0
3101,10.0
3102,10.0
3103,10.0
3104,10.0
3105,10.0
3106,10.0
3107,10.0
3108,10.0
3109,10.0
3110,10.0
3111,10.0
3112,10.0
3113,10.0
3114,10.0
3115,10.0
3116,10.0
3117,10.0
3118,10.0
3119,10.0
3120,10.0
3121,10.0
3122,10.0
3123,10.0
3124,10.0
3125,10.0
3126,10.0
3127,10.0
3128,10.0
3129,10.0
3130,10.0
3131,10.0
3132,10.0
3133,10.0
3134,10.0
3135,10.0
3136,10.0
3137,10.0
3138,10.0
3139,10.0
3140,10.0
3141,10.0
3142,10.0
3143,10.0
3144,10.0
3145,10.0
3146,10.0
3147,10.0
3148,10.0
3149,10.0
3150,10.0
3151,10.0
3152,10.0
3153,10.0
3154,10.0
3155,10.0
3156,10.0
3157,10.0
3158,10.0
3159,10.0
3160,10.0
3161,10.0
3162,10.0
3163,10.0
3164,10.0
3165,10.0
3166,10.0
3167,10.0
3168,10.0
3169,10.0
3170,10.0
3171,10.0
3172,10.0
3173,10.0
3174,10.0
3175,10.0
3176,10.0
3177,10.0
3178,10.0
3179,10.0
3180,10.0
3181,10.0
3182,10.0
3183,10.0
3184,10.0
3185,10.0
3186,10.0
3187,10.0
3188,10.0
3189,10.0
3190,10.0
3191,10.0
3192,10.0
3193,10.0
3194,10.0
3195,10.0
3196,10.0
3197,10.0
3198,10.0
3199,10.0
3200,10.0
3201,10.0
3202,10.0
3203,10.0
3204,10.0
3205,10.0
3206,10.0
3207,10.0
3208,10.0
3209,10.0
3210,10.0
3211,10.0
3212,10.0
3213,10.0
3214,10.0
3215,10.0
3216,10.0
3217,10.0
3218,10.0
3219,10.0
3220,10.0
3221,10.0
3222,10.0
3223,10.0
3224,10.0
3225,10.0
3226,10.0
3227,10.0
3228,10.0
3229,10.0
3230,10.0
3231,10.0
3232,10.0
3233,10.0
3234,10.0
3235,10.0
3236,10.0
3237,10.0
3238,10.0
3239,10.0
3240,10.0
3241,10.0
3242,10.0
3243,10.0
3244,10.0
3245,10.0
3246,10.0
3247,10.0
3248,10.0
3249,10.0
3250,10.0
3251,10.0
3252,10.0
3253,10.0
3254,10.0
3255,10.0
3256,10.0
3257,10.0
3258,10.0
3259,10.0
3260,10.0
3261,10.0
3262,10.0
3263,10.0
3264,10.0
3265,10.0
3266,10.0
3267,10.0
3268,10.0
3269,10.0
3270,10.0
3271,10.0
3272,10.0
3273,10.0
3274,10.0
3275,10.0
3276,10.0
3277,10.0
3278,10.0
3279,10.0
3280,10.0
3281,10.0
3282,10.0
3283,10.0
3284,10.0
3285,10.0
3286,10.0
3287,10.0
3288,10.0
3289,10.0
3290,10.0
3291,10.0
3292,10.0
3293,10.0
3294,10.0
3295,10.0
3296,10.0
3297,10.0
3298,10.0
3299,10.0
3300,10.0
3301,10.0
3302,10.0
3303,10.0
3304,10.0
3305,10.0
3306,10.0
3307,10.0
3308,10.0
3309,10.0
3310,10.0
3311,10.0
3312,10.0
3313,10.0
3314,10.0
3315,10.0
3316,10.0
3317,10.0
3318,10.0
3319,10.0
3320,10.0
3321,10.0
3322,10.0
3323,10.0
3324,10.0
3325,10.0
3326,10.0
3327,10.0
3328,10.0
3329,10.0
3330,10.0
3331,10.0
3332,10.0
3333,10.0
3334,10.0
3335,10.0
3336,10.0
3337,10.0
3338,10.0
3339,10.0
3340,10.0
3341,10.0
3342,10.0
3343,10.0
3344,10.0
3345,10.0
3346,10.0
3347,10.0
3348,10.0
3349,10.0
3350,10.0
3351,10.0
3352,10.0
3353,10.0
3354,10.0
3355,10.0
3356,10.0
3357,10.0
3358,10.0
3359,10.0
3360,10.0
3361,10.0
3362,10.0
3363,10.0
3364,10.0
3365,10.0
3366,10.0
3367,10.0
3368,10.0
3369,10.0
3370,10.0
3371,10.0
3372,10.0
3373,10.0
3374,10.0
3375,10.0
3376,10.0
3377,10.0
3378,10.0
3379,10.0
3380,10.0
3381,10.0
3382,10.0
3383,10.0
3384,10.0
3385,10.0
3386,10.0
3387,10.0
3388,10.0
3389,10.0
3390,10.0
3391,10.0
3392,10.0
3393,10.0
3394,10.0
3395,10.0
3396,10.0
3397,10.0
3398,10.0
3399,10.0
3400,10.0
3401,10.0
3402,10.0
3403,10.0
3404,10.0
3405,10.0
3406,10.0
3407,10.0
3408,10.0
3409,10.0
3410,10.0
3411,10.0
3412,10.0
3413,10.0
3414,10.0
3415,10.0
3416,10.0
3417,10.0
3418,10.0
3419,10.0
3420,10.0
3421,10.0
3422,10.0
3423,10.0
3424,10.0
3425,10.0
3426,10.0
3427,10.0
3428,10.0
3429,10.0
3430,10.0
3431,10.0
3432,10.0
3433,10.0
3434,10.0
3435,10.0
3436,10.0
3437,10.0
3438,10.0
3439,10.0
3440,10.0
3441,10.0
3442,10.0
3443,10.0
3444,10.0
3445,10.0
3446,10.0
3447,10.0
3448,10.0
3449,10.0
3450,10.0
3451,10.0
3452,10.0
3453,10.0
3454,10.0
3455,10.0
3456,10.0
3457,10.0
3458,10.0
3459,10.0
3460,10.0
3461,10.0
3462,10.0
3463,10.0
3464,10.0
3465,10.0
3466,10.0
3467,10.0
3468,10.0
3469,10.0
3470,10.0
3471,10.0
3472,10.0
3473,10.0
3474,10.0
3475,10.0
3476,10.0
3477,10.0
3478,10.0
3479,10.0
3480,10.0
3481,10.0
3482,10.0
3483,10.0
3484,10.0
3485,10.0
3486,10.0
3487,10.0
3488,10.0
3489,10.0
3490,10.0
3491,10.0
3492,10.0
3493,10.0
3494,10.0
3495,10.0
3496,10.0
3497,10.0
3498,10.0
3499,10.0
3500,10.0
3501,10.0
3502,10.0
3503,10.0
3504,10.0
3505,10.0
3506,10.0
3507,10.0
3508,10.0
3509,10.0
3510,10.0
3511,10.0
3512,10.0
3513,10.0
3514,10.0
3515,10.0
3516,10.0
3517,10.0
3518,10.0
3519,10.0
3520,10.0
3521,10.0
3522,10.0
3523,10.0
3524,10.0
3525,10.0
3526,10.0
3527,10.0
3528,10.0
3529,10.0
3530,10.0
3531,10.0
3532,10.0
3533,10.0
3534,10.0
3535,10.0
3536,10.0
3537,10.0
3538,10.0
3539,10.0
3540,10.0
3541,10.0
3542,10.0
3543,10.0
3544,10.0
3545,10.0
3546,10.0
3547,10.0
3548,10.0
3549,10.0
3550,10.0
3551,10.0
3552,10.0
3553,10.0
3554,10.0
3555,10.0
3556,10.0
3557,10.0
3558,10.0
3559,10.0
3560,10.0
3561,10.0
3562,10.0
3563,10.0
3564,10.0
3565,10.0
3566,10.0
3567,10.0
3568,10.0
3569,10.0
3570,10.0
3571,10.0
3572,10.0
3573,10.0
3574,10.0
3575,10.0
3576,10.0
3577,10.0
3578,10.0
3579,10.0
3580,10.0
3581,10.0
3582,10.0
3583,10.0
3584,10.0
3585,10.0
3586,10.0
3587,10.0
3588,10.0
3589,10.0
3590,10.0
3591,10.0
3592,10.0
3593,10.0
3594,10.0
3595,10.0
3596,10.0
3597,10.0
3598,10.0
3599,10.0
3600,10.0
3601,10.0
3602,10.0
3603,10.0
3604,10.0
3605,10.0
3606,10.0
3607,10.0
3608,10.0
3609,10.0
3610,10.0
3611,10.0
3612,10.0
3613,10.0
3614,10.0
3615,10.0
3616,10.0
3617,10.0
3618,10.0
3619,10.0
3620,10.0
3621,10.0
3622,10.0
3623,10.0
3624,10.0
3625,10.0
3626,10.0
3627,10.0
3628,10.0
3629,10.0
3630,10.0
3631,10.0
3632,10.0
3633,10.0
3634,10.0
3635,10.0
3636,10.0
3637,10.0
3638,10.0
3639,10.0
3640,10.0
3641,10.0
3642,10.0
3643,10.0
3644,10.0
3645,10.0
3646,10.0
3647,10.0
3648,10.0
3649,10.0
3650,10.0
3651,10.0
3652,10.0
3653,10.0
3654,10.0
3655,10.0
3656,10.0
3657,10.0
3658,10.0
3659,10.0
3660,10.0
3661,10.0
3662,10.0
3663,10.0
3664,10.0
3665,10.0
3666,10.0
3667,10.0
3668,10.0
3669,10.0
3670,10.0
3671,10.0
3672,10.0
3673,10.0
3674,10.0
3675,10.0
3676,10.0
3677,10.0
3678,10.0
3679,10.0
3680,10.0
3681,10.0
3682,10.0
3683,10.0
3684,10.0
3685,10.0
3686,10.0
3687,10.0
3688,10.0
3689,10.0
3690,10.0
3691,10.0
3692,10.0
3693,10.0
3694,10.0
3695,10.0
3696,10.0
3697,10.0
3698,10.0
3699,10.0
3700,10.0
3701,10.0
3702,10.0
3703,10.0
3704,10.0
3705,10.0
3706,10.0
3707,10.0
3708,10.0
3709,10.0
3710,10.0
3711,10.0
3712,10.0
3713,10.0
3714,10.0
3715,10.0
3716,10.0
3717,10.0
3718,10.0
3719,10.0
3720,10.0
3721,10.0
3722,10.0
3723,10.0
3724,10.0
3725,10.0
3726,10.0
3727,10.0
3728,10.0
3729,10.0
3730,10.0
3731,10.0
3732,10.0
3733,10.0
3734,10.0
3735,10.0
3736,10.0
3737,10.0
3738,10.0
3739,10.0
3740,10.0
3741,10.0
3742,10.0
3743,10.0
3744,10.0
3745,10.0
3746,10.0
3747,10.0
3748,10.0
3749,10.0
3750,10.0
3751,10.0
3752,10.0
3753,10.0
3754,10.0
3755,10.0
3756,10.0
3757,10.0
3758,10.0
3759,10.0
3760,10.0
3761,10.0
3762,10.0
3763,10.0
3764,10.0
3765,10.0
3766,10.0
3767,10.0
3768,10.0
3769,10.0
3770,10.0
3771,10.0
3772,10.0
3773,10.0
3774,10.0
3775,10.0
3776,10.0
3777,10.0
3778,10.0
3779,10.0
3780,10.0
3781,10.0
3782,10.0
3783,10.0
3784,10.0
3785,10.0
3786,10.0
3787,10.0
3788,10.0
3789,10.0
3790,10.0
3791,10.0
3792,10.0
3793,10.0
3794,10.0
3795,10.0
3796,10.0
3797,10.0
3798,10.0
3799,10.0
3800,10.0
3801,10.0
3802,10.0
3803,10.0
3804,10.0
3805,10.0
3806,10.0
3807,10.0
3808,10.0
3809,10.0
3810,10.0
3811,10.0
3812,10.0
3813,10.0
3814,10.0
3815,10.0
3816,10.0
3817,10.0
3818,10.0
3819,10.0
3820,10.0
3821,10.0
3822,10.0
3823,10.0
3824,10.0
3825,10.0
3826,10.0
3827,10.0
3828,10.0
3829,10.0
3830,10.0
3831,10.0
3832,10.0
3833,10.0
3834,10.0
3835,10.0
3836,10.0
3837,10.0
3838,10.0
3839,10.0
3840,10.0
3841,10.0
3842,10.0
3843,10.0
3844,10.0
3845,10.0
3846,10.0
3847,10.0
3848,10.0
3849,10.0
3850,10.0
3851,10.0
3852,10.0
3853,10.0
3854,10.0
3855,10.0
3856,10.0
3857,10.0
3858,10.0
3859,10.0
3860,10.0
3861,10.0
3862,10.0
3863,10.0
3864,10.0
3865,10.0
3866,10.0
3867,10.0
3868,10.0
3869,10.0
3870,10.0
3871,10.0
3872,10.0
3873,10.0
3874,10.0
3875,10.0
3876,10.0
3877,10.0
3878,10.0
3879,10.0
3880,10.0
3881,10.0
3882,10.0
3883,10.0
3884,10.0
3885,10.0
3886,10.0
3887,10.0
3888,10.0
3889,10.0
3890,10.0
3891,10.0
3892,10.0
3893,10.0
3894,10.0
3895,10.0
3896,10.0
3897,10.0
3898,10.0
3899,10.0
3900,10.0
3901,10.0
3902,10.0
3903,10.0
3904,10.0
3905,10.0
3906,10.0
3907,10.0
3908,10.0
3909,10.0
3910,10.0
3911,10.0
3912,10.0
3913,10.0
3914,10.0
3915,10.0
3916,10.0
3917,10.0
3918,10.0
3919,10.0
3920,10.0
3921,10.0
3922,10.0
3923,10.0
3924,10.0
3925,10.0
3926,10.0
3927,10.0
3928,10.0
3929,10.0
3930,10.0
3931,10.0
3932,10.0
3933,10.0
3934,10.0
3935,10.0
3936,10.0
3937,10.0
3938,10.0
3939,10.0
3940,10.0
3941,10.0
3942,10.0
3943,10.0
3944,10.0
3945,10.0
3946,10.0
3947,10.0
3948,10.0
3949,10.0
3950,10.0
3951,10.0
3952,10.0
3953,10.0
3954,10.0
3955,10.0
3956,10.0
3957,10.0
3958,10.0
3959,10.0
3960,10.0
3961,10.0
3962,10.0
3963,10.0
3964,10.0
3965,10.0
3966,10.0
3967,10.0
3968,10.0
3969,10.0
3970,10.0
3971,10.0
3972,10.0
3973,10.0
3974,10.0
3975,10.0
3976,10.0
3977,10.0
3978,10.0
3979,10.0
3980,10.0
3981,10.0
3982,10.0
3983,10.0
3984,10.0
3985,10.0
3986,10.0
3987,10.0
3988,10.0
3989,10.0
3990,10.0
3991,10.0
3992,10.0
3993,10.0
3994,10.0
3995,10.0
3996,10.0
3997,10.0
3998,10.0
3999,10.0
4000,10.0
4001,10.0
4002,10.0
4003,10.0
4004,10.0
4005,10.0
4006,10.0
4007,10.0
4008,10.0
4009,10.0
4010,10.0
4011,10.0
4012,10.0
4013,10.0
4014,10.0
4015,10.0
4016,10.0
4017,10.0
4018,10.0
4019,10.0
4020,10.0
4021,10.0
4022,10.0
4023,10.0
4024,10.0
4025,10.0
4026,10.0
4027,10.0
4028,10.0
4029,10.0
4030,10.0
4031,10.0
4032,10.0
4033,10.0
4034,10.0
4035,10.0
4036,10.0
4037,10.0
4038,10.0
4039,10.0
4040,10.0
4041,10.0
4042,10.0
4043,10.0
4044,10.0
4045,10.0
4046,10.0
4047,10.0
4048,10.0
4049,10.0
4050,10.0
4051,10.0
4052,10.0
4053,10.0
4054,10.0
4055,10.0
4056,10.0
4057,10.0
4058,10.0
4059,10.0
4060,10.0
4061,10.0
4062,10.0
4063,10.0
4064,10.0
4065,10.0
4066,10.0
4067,10.0
4068,10.0
4069,10.0
4070,10.0
4071,10.0
4072,10.0
4073,10.0
4074,10.0
4075,10.0
4076,10.0
4077,10.0
4078,10.0
4079,10.0
4080,10.0
4081,10.0
4082,10.0
4083,10.0
4084,10.0
4085,10.0
4086,10.0
4087,10.0
4088,10.0
4089,10.0
4090,10.0
4091,10.0
4092,10.0
4093,10.0
4094,10.0
4095,10.0
4096,10.0
4097,10.0
4098,10.0
4099,10.0
4100,10.0
4101,10.0
4102,10.0
4103,10.0
4104,10.0
4105,10.0
4106,10.0
4107,10.0
4108,10.0
4109,10.0
4110,10.0
4111,10.0
4112,10.0
4113,10.0
4114,10.0
4115,10.0
4116,10.0
4117,10.0
4118,10.0
4119,10.0
4120,10.0
4121,10.0
4122,10.0
4123,10.0
4124,10.0
4125,10.0
4126,10.0
4127,10.0
4128,10.0
4129,10.0
4130,10.0
4131,10.0
4132,10.0
4133,10.0
4134,10.0
4135,10.0
4136,10.0
4137,10.0
4138,10.0
4139,10.0
4140,10.0
4141,10.0
4142,10.0
4143,10.0
4144,10.0
4145,10.0
4146,10.0
4147,10.0
4148,10.0
4149,10.0
4150,10.0
4151,10.0
4152,10.0
4153,10.0
4154,10.0
4155,10.0
4156,10.0
4157,10.0
4158,10.0
4159,10.0
4160,10.0
4161,10.0
4162,10.0
4163,10.0
4164,10.0
4165,10.0
4166,10.0
4167,10.0
4168,10.0
4169,10.0
4170,10.0
4171,10.0
4172,10.0
4173,10.0
4174,10.0
4175,10.0
4176,10.0
4177,10.0
4178,10.0
4179,10.0
4180,10.0
4181,10.0
4182,10.0
4183,10.0
4184,10.0
4185,10.0
4186,10.0
4187,10.0
4188,10.0
4189,10.0
4190,10.0
4191,10.0
4192,10.0
4193,10.0
4194,10.0
4195,10.0
4196,10.0
4197,10.0
4198,10.0
4199,10.0
4200,10.0
4201,10.0
4202,10.0
4203,10.0
4204,10.0
4205,10.0
4206,10.0
4207,10.0
4208,10.0
4209,10.0
4210,10.0
4211,10.0
4212,10.0
4213,10.0
4214,10.0
4215,10.0
4216,10.0
4217,10.0
4218,10.0
4219,10.0
4220,10.0
4221,10.0
4222,10.0
4223,10.0
4224,10.0
4225,10.0
4226,10.0
4227,10.0
4228,10.0
4229,10.0
4230,10.0
4231,10.0
4232,10.0
4233,10.0
4234,10.0
4235,10.0
4236,10.0
4237,10.0
4238,10.0
4239,10.0
4240,10.0
4241,10.0
4242,10.0
4243,10.0
4244,10.0
4245,10.0
4246,10.0
4247,10.0
4248,10.0
4249,10.0
4250,10.0
4251,10.0
4252,10.0
4253,10.0
4254,10.0
4255,10.0
4256,10.0
4257,10.0
4258,10.0
4259,10.0
4260,10.0
4261,10.0
4262,10.0
4263,10.0
4264,10.0
4265,10.0
4266,10.0
4267,10.0
4268,10.0
4269,10.0
4270,10.0
4271,10.0
4272,10.0
4273,10.0
4274,10.0
4275,10.0
4276,10.0
4277,10.0
4278,10.0
4279,10.0
4280,10.0
4281,10.0
4282,10.0
4283,10.0
4284,10.0
4285,10.0
4286,10.0
4287,10.0
4288,10.0
4289,10.0
4290,10.0
4291,10.0
4292,10.0
4293,10.0
4294,10.0
4295,10.0
4296,10.0
4297,10.0
4298,10.0
4299,10.0
4300,10.0
4301,10.0
4302,10.0
4303,10.0
4304,10.0
4305,10.0
4306,10.0
4307,10.0
4308,10.0
4309,10.0
4310,10.0
4311,10.0
4312,10.0
4313,10.0
4314,10.0
4315,10.0
4316,10.0
4317,10.0
4318,10.0
4319,10.0
4320,10.0
4321,10.0
4322,10.0
4323,10.0
4324,10.0
4325,10.0
4326,10.0
4327,10.0
4328,10.0
4329,10.0
4330,10.0
4331,10.0
4332,10.0
4333,10.0
4334,10.0
4335,10.0
4336,10.0
4337,10.0
4338,10.0
4339,10.0
4340,10.0
4341,10.0
4342,10.0
4343,10.0
4344,10.0
4345,10.0
4346,10.0
4347,10.0
4348,10.0
4349,10.0
4350,10.0
4351,10.0
4352,10.0
4353,10.0
4354,10.0
4355,10.0
4356,10.0
4357,10.0
4358,10.0
4359,10.0
4360,10.0
4361,10.0
4362,10.0
4363,10.0
4364,10.0
4365,10.0
4366,10.0
4367,10.0
4368,10.0
4369,10.0
4370,10.0
4371,10.0
4372,10.0
4373,10.0
4374,10.0
4375,10.0
4376,10.0
4377,10.0
4378,10.0
4379,10.0
4380,10.0
4381,10.0
4382,10.0
4383,10.0
4384,10.0
4385,10.0
4386,10.0
4387,10.0
4388,10.0
4389,10.0
4390,10.0
4391,10.0
4392,10.0
4393,10.0
4394,10.0
4395,10.0
4396,10.0
4397,10.0
4398,10.0
4399,10.0
4400,10.0
4401,10.0
4402,10.0
4403,10.0
4404,10.0
4405,10.0
4406,10.0
4407,10.0
4408,10.0
4409,10.0
4410,10.0
4411,10.0
4412,10.0
4413,10.0
4414,10.0
4415,10.0
4416,10.0
4417,10.0
4418,10.0
4419,10.0
4420,10.0
4421,10.0
4422,10.0
4423,10.0
4424,10.0
4425,10.0
4426,10.0
4427,10.0
4428,10.0
4429,10.0
4430,10.0
4431,10.0
4432,10.0
4433,10.0
4434,10.0
4435,10.0
4436,10.0
4437,10.0
4438,10.0
4439,10.0
4440,10.0
4441,10.0
4442,10.0
4443,10.0
4444,10.0
4445,10.0
4446,10.0
4447,10.0
4448,10.0
4449,10.0
4450,10.0
4451,10.0
4452,10.0
4453,10.0
4454,10.0
4455,10.0
4456,10.0
4457,10.0
4458,10.0
4459,10.0
4460,10.0
4461,10.0
4462,10.0
4463,10.0
4464,10.0
4465,10.0
4466,10.0
4467,10.0
4468,10.0
4469,10.0
4470,10.0
4471,10.0
4472,10.0
4473,10.0
4474,10.0
4475,10.0
4476,10.0
4477,10.0
4478,10.0
4479,10.0
4480,10.0
4481,10.0
4482,10.0
4483,10.0
4484,10.0
4485,10.0
4486,10.0
4487,10.0
4488,10.0
4489,10.0
4490,10.0
4491,10.0
4492,10.0
4493,10.0
4494,10.0
4495,10.0
4496,10.0
4497,10.0
4498,10.0
4499,10.0
4500,10.0
4501,10.0
4502,10.0
4503,10.0
4504,10.0
4505,10.0
4506,10.0
4507,10.0
4508,10.0
4509,10.0
4510,10.0
4511,10.0
4512,10.0
4513,10.0
4514,10.0
4515,10.0
4516,10.0
4517,10.0
4518,10.0
4519,10.0
4520,10.0
4521,10.0
4522,10.0
4523,10.0
4524,10.0
4525,10.0
4526,10.0
4527,10.0
4528,10.0
4529,10.0
4530,10.0
4531,10.0
4532,10.0
4533,10.0
4534,10.0
4535,10.0
4536,10.0
4537,10.0
4538,10.0
4539,10.0
4540,10.0
4541,10.0
4542,10.0
4543,10.0
4544,10.0
4545,10.0
4546,10.0
4547,10.0
4548,10.0
4549,10.0
4550,10.0
4551,10.0
4552,10.0
4553,10.0
4554,10.0
4555,10.0
4556,10.0
4557,10.0
4558,10.0
4559,10.0
4560,10.0
4561,10.0
4562,10.0
4563,10.0
4564,10.0
4565,10.0
4566,10.0
4567,10.0
4568,10.0
4569,10.0
4570,10.0
4571,10.0
4572,10.0
4573,10.0
4574,10.0
4575,10.0
4576,10.0
4577,10.0
4578,10.0
4579,10.0
4580,10.0
4581,10.0
4582,10.0
4583,10.0
4584,10.0
4585,10.0
4586,10.0
4587,10.0
4588,10.0
4589,10.0
4590,10.0
4591,10.0
4592,10.0
4593,10.0
4594,10.0
4595,10.0
4596,10.0
4597,10.0
4598,10.0
4599,10.0
4600,10.0
4601,10.0
4602,10.0
4603,10.0
4604,10.0
4605,10.0
4606,10.0
4607,10.0
4608,10.0
4609,10.0
4610,10.0
4611,10.0
4612,10.0
4613,10.0
4614,10.0
4615,10.0
4616,10.0
4617,10.0
4618,10.0
4619,10.0
4620,10.0
4621,10.0
4622,10.0
4623,10.0
4624,10.0
4625,10.0
4626,10.0
4627,10.0
4628,10.0
4629,10.0
4630,10.0
4631,10.0
4632,10.0
4633,10.0
4634,10.0
4635,10.0
4636,10.0
4637,10.0
4638,10.0
4639,10.0
4640,10.0
4641,10.0
4642,10.0
4643,10.0
4644,10.0
4645,10.0
4646,10.0
4647,10.0
4648,10.0
4649,10.0
4650,10.0
4651,10.0
4652,10.0
4653,10.0
4654,10.0
4655,10.0
4656,10.0
4657,10.0
4658,10.0
4659,10.0
4660,10.0
4661,10.0
4662,10.0
4663,10.0
4664,10.0
4665,10.0
4666,10.0
4667,10.0
4668,10.0
4669,10.0
4670,10.0
4671,10.0
4672,10.0
4673,10.0
4674,10.0
4675,10.0
4676,10.0
4677,10.0
4678,10.0
4679,10.0
4680,10.0
4681,10.0
4682,10.0
4683,10.0
4684,10.0
4685,10.0
4686,10.0
4687,10.0
4688,10.0
4689,10.0
4690,10.0
4691,10.0
4692,10.0
4693,10.0
4694,10.0
4695,10.0
4696,10.0
4697,10.0
4698,10.0
4699,10.0
4700,10.0
4701,10.0
4702,10.0
4703,10.0
4704,10.0
4705,10.0
4706,10.0
4707,10.0
4708,10.0
4709,10.0
4710,10.0
4711,10.0
4712,10.0
4713,10.0
4714,10.0
4715,10.0
4716,10.0
4717,10.0
4718,10.0
4719,10.0
4720,10.0
4721,10.0
4722,10.0
4723,10.0
4724,10.0
4725,10.0
4726,10.0
4727,10.0
4728,10.0
4729,10.0
4730,10.0
4731,10.0
4732,10.0
4733,10.0
4734,10.0
4735,10.0
4736,10.0
4737,10.0
4738,10.0
4739,10.0
4740,10.0
4741,10.0
4742,10.0
4743,10.0
4744,10.0
4745,10.0
4746,10.0
4747,10.0
4748,10.0
4749,10.0
4750,10.0
4751,10.0
4752,10.0
4753,10.0
4754,10.0
4755,10.0
4756,10.0
4757,10.0
4758,10.0
4759,10.0
4760,10.0
4761,10.0
4762,10.0
4763,10.0
4764,10.0
4765,10.0
4766,10.0
4767,10.0
4768,10.0
4769,10.0
4770,10.0
4771,10.0
4772,10.0
4773,10.0
4774,10.0
4775,10.0
4776,10.0
4777,10.0
4778,10.0
4779,10.0
4780,10.0
4781,10.0
4782,10.0
4783,10.0
4784,10.0
4785,10.0
4786,10.0
4787,10.0
4788,10.0
4789,10.0
4790,10.0
4791,10.0
4792,10.0
4793,10.0
4794,10.0
4795,10.0
4796,10.0
4797,10.0
4798,10.0
4799,10.0
4800,10.0
4801,10.0
4802,10.0
4803,10.0
4804,10.0
4805,10.0
4806,10.0
4807,10.0
4808,10.0
4809,10.0
4810,10.0
4811,10.0
4812,10.0
4813,10.0
4814,10.0
4815,10.0
4816,10.0
4817,10.0
4818,10.0
4819,10.0
4820,10.0
4821,10.0
4822,10.0
4823,10.0
4824,10.0
4825,10.0
4826,10.0
4827,10.0
4828,10.0
4829,10.0
4830,10.0
4831,10.0
4832,10.0
4833,10.0
4834,10.0
4835,10.0
4836,10.0
4837,10.0
4838,10.0
4839,10.0
4840,10.0
4841,10.0
4842,10.0
4843,10.0
4844,10.0
4845,10.0
4846,10.0
4847,10.0
4848,10.0
4849,10.0
4850,10.0
4851,10.0
4852,10.0
4853,10.0
4854,10.0
4855,10.0
4856,10.0
4857,10.0
4858,10.0
4859,10.0
4860,10.0
4861,10.0
4862,10.0
4863,10.0
4864,10.0
4865,10.0
4866,10.0
4867,10.0
4868,10.0
4869,10.0
4870,10.0
4871,10.0
4872,10.0
4873,10.0
4874,10.0
4875,10.0
4876,10.0
4877,10.0
4878,10.0
4879,10.0
4880,10.0
4881,10.0
4882,10.0
4883,10.0
4884,10.0
4885,10.0
4886,10.0
4887,10.0
4888,10.0
4889,10.0
4890,10.0
4891,10.0
4892,10.0
4893,10.0
4894,10.0
4895,10.0
4896,10.0
4897,10.0
4898,10.0
4899,10.0
4900,10.0
4901,10.0
4902,10.0
4903,10.0
4904,10.0
4905,10.0
4906,10.0
4907,10.0
4908,10.0
4909,10.0
4910,10.0
4911,10.0
4912,10.0
4913,10.0
4914,10.0
4915,10.0
4916,10.0
4917,10.0
4918,10.0
4919,10.0
4920,10.0
4921,10.0
4922,10.0
4923,10.0
4924,10.0
4925,10.0
4926,10.0
4927,10.0
4928,10.0
4929,10.0
4930,10.0
4931,10.0
4932,10.0
4933,10.0
4934,10.0
4935,10.0
4936,10.0
4937,10.0
4938,10.0
4939,10.0
4940,10.0
4941,10.0
4942,10.0
4943,10.0
4944,10.0
4945,10.0
4946,10.0
4947,10.0
4948,10.0
4949,10.0
4950,10.0
4951,10.0
4952,10.0
4953,10.0
4954,10.0
4955,10.0
4956,10.0
4957,10.0
4958,10.0
4959,10.0
4960,10.0
4961,10.0
4962,10.0
4963,10.0
4964,10.0
4965,10.0
4966,10.0
4967,10.0
4968,10.0
4969,10.0
4970,10.0
4971,10.0
4972,10.0
4973,10.0
4974,10.0
4975,10.0
4976,10.0
4977,10.0
4978,10.0
4979,10.0
4980,10.0
4981,10.0
4982,10.0
4983,10.0
4984,10.0
4985,10.0
4986,10.0
4987,10.0
4988,10.0
4989,10.0
4990,10.0
4991,10.0
4992,10.0
4993,10.0
4994,10.0
4995,10.0
4996,10.0
4997,10.0
4998,10.0
4999,10.0
5000,10.0
5001,10.0
5002,10.0
5003,10.0
5004,10.0
5005,10.0
5006,10.0
5007,10.0
5008,10.0
5009,10.0
5010,10.0
5011,10.0
5012,10.0
5013,10.0
5014,10.0
5015,10.0
5016,10.0
5017,10.0
5018,10.0
5019,10.0
5020,10.0
5021,10.0
5022,10.0
5023,10.0
5024,10.0
5025,10.0
5026,10.0
5027,10.0
5028,10.0
5029,10.0
5030,10.0
5031,10.0
5032,10.0
5033,10.0
5034,10.0
5035,10.0
5036,10.0
5037,10.0
5038,10.0
5039,10.0
5040,10.0
5041,10.0
5042,10.0
5043,10.0
5044,10.0
5045,10.0
5046,10.0
5047,10.0
5048,10.0
5049,10.0
5050,10.0
5051,10.0
5052,10.0
5053,10.0
5054,10.0
5055,10.0
5056,10.0
5057,10.0
5058,10.0
5059,10.0
5060,10.0
5061,10.0
5062,10.0
5063,10.0
5064,10.0
5065,10.0
5066,10.0
5067,10.0
5068,10.0
5069,10.0
5070,10.0
5071,10.0
5072,10.0
5073,10.0
5074,10.0
5075,10.0
5076,10.0
5077,10.0
5078,10.0
5079,10.0
5080,10.0
5081,10.0
5082,10.0
5083,10.0
5084,10.0
5085,10.0
5086,10.0
5087,10.0
5088,10.0
5089,10.0
5090,10.0
5091,10.0
5092,10.0
5093,10.0
5094,10.0
5095,10.0
5096,10.0
5097,10.0
5098,10.0
5099,10.0
5100,10.0
5101,10.0
5102,10.0
5103,10.0
5104,10.0
5105,10.0
5106,10.0
5107,10.0
5108,10.0
5109,10.0
5110,10.0
5111,10.0
5112,10.0
5113,10.0
5114,10.0
5115,10.0
5116,10.0
5117,10.0
5118,10.0
5119,10.0
5120,10.0
5121,10.0
5122,10.0
5123,10.0
5124,10.0
5125,10.0
5126,10.0
5127,10.0
5128,10.0
5129,10.0
5130,10.0
5131,10.0
5132,10.0
5133,10.0
5134,10.0
5135,10.0
5136,10.0
5137,10.0
5138,10.0
5139,10.0
5140,10.0
5141,10.0
5142,10.0
5143,10.0
5144,10.0
5145,10.0
5146,10.0
5147,10.0
5148,10.0
5149,10.0
5150,10.0
5151,10.0
5152,10.0
5153,10.0
5154,10.0
5155,10.0
5156,10.0
5157,10.0
5158,10.0
5159,10.0
5160,10.0
5161,10.0
5162,10.0
5163,10.0
5164,10.0
5165,10.0
5166,10.0
5167,10.0
5168,10.0
5169,10.0
5170,10.0
5171,10.0
5172,10.0
5173,10.0
5174,10.0
5175,10.0
5176,10.0
5177,10.0
5178,10.0
5179,10.0
5180,10.0
5181,10.0
5182,10.0
5183,10.0
5184,10.0
5185,10.0
5186,10.0
5187,10.0
5188,10.0
5189,10.0
5190,10.0
5191,10.0
5192,10.0
5193,10.0
5194,10.0
5195,10.0
5196,10.0
5197,10.0
5198,10.0
5199,10.0
5200,10.0
5201,10.0
5202,10.0
5203,10.0
5204,10.0
5205,10.0
5206,10.0
5207,10.0
5208,10.0
5209,10.0
5210,10.0
5211,10.0
5212,10.0
5213,10.0
5214,10.0
5215,10.0
5216,10.0
5217,10.0
5218,10.0
5219,10.0
5220,10.0
5221,10.0
5222,10.0
5223,10.0
5224,10.0
5225,10.0
5226,10.0
5227,10.0
5228,10.0
5229,10.0
5230,10.0
5231,10.0
5232,10.0
5233,10.0
5234,10.0
5235,10.0
5236,10.0
5237,10.0
5238,10.0
5239,10.0
5240,10.0
5241,10.0
5242,10.0
5243,10.0
5244,10.0
5245,10.0
5246,10.0
5247,10.0
5248,10.0
5249,10.0
5250,10.0
5251,10.0
5252,10.0
5253,10.0
5254,10.0
5255,10.0
5256,10.0
5257,10.0
5258,10.0
5259,10.0
5260,10.0
5261,10.0
5262,10.0
5263,10.0
5264,10.0
5265,10.0
5266,10.0
5267,10.0
5268,10.0
5269,10.0
5270,10.0
5271,10.0
5272,10.0
5273,10.0
5274,10.0
5275,10.0
5276,10.0
5277,10.0
5278,10.0
5279,10.0
5280,10.0
5281,10.0
5282,10.0
5283,10.0
5284,10.0
5285,10.0
5286,10.0
5287,10.0
5288,10.0
5289,10.0
5290,10.0
5291,10.0
5292,10.0
5293,10.0
5294,10.0
5295,10.0
5296,10.0
5297,10.0
5298,10.0
5299,10.0
5300,10.0
5301,10.0
5302,10.0
5303,10.0
5304,10.0
5305,10.0
5306,10.0
5307,10.0
5308,10.0
5309,10.0
5310,10.0
5311,10.0
5312,10.0
5313,10.0
5314,10.0
5315,10.0
5316,10.0
5317,10.0
5318,10.0
5319,10.0
5320,10.0
5321,10.0
5322,10.0
5323,10.0
5324,10.0
5325,10.0
5326,10.0
5327,10.0
5328,10.0
5329,10.0
5330,10.0
5331,10.0
5332,10.0
5333,10.0
5334,10.0
5335,10.0
5336,10.0
5337,10.0
5338,10.0
5339,10.0
5340,10.0
5341,10.0
5342,10.0
5343,10.0
5344,10.0
5345,10.0
5346,10.0
5347,10.0
5348,10.0
5349,10.0
5350,10.0
5351,10.0
5352,10.0
5353,10.0
5354,10.0
5355,10.0
5356,10.0
5357,10.0
5358,10.0
5359,10.0
5360,10.0
5361,10.0
5362,10.0
5363,10.0
5364,10.0
5365,10.0
5366,10.0
5367,10.0
5368,10.0
5369,10.0
5370,10.0
5371,10.0
5372,10.0
5373,10.0
5374,10.0
5375,10.0
5376,10.0
5377,10.0
5378,10.0
5379,10.0
5380,10.0
5381,10.0
5382,10.0
5383,10.0
5384,10.0
5385,10.0
5386,10.0
5387,10.0
5388,10.0
5389,10.0
5390,10.0
5391,10.0
5392,10.0
5393,10.0
5394,10.0
5395,10.0
5396,10.0
5397,10.0
5398,10.0
5399,10.0
5400,10.0
5401,10.0
5402,10.0
5403,10.0
5404,10.0
5405,10.0
5406,10.0
5407,10.0
5408,10.0
5409,10.0
5410,10.0
5411,10.0
5412,10.0
5413,10.0
5414,10.0
5415,10.0
5416,10.0
5417,10.0
5418,10.0
5419,10.0
5420,10.0
5421,10.0
5422,10.0
5423,10.0
5424,10.0
5425,10.0
5426,10.0
5427,10.0
5428,10.0
5429,10.0
5430,10.0
5431,10.0
5432,10.0
5433,10.0
5434,10.0
5435,10.0
5436,10.0
5437,10.0
5438,10.0
5439,10.0
5440,10.0
5441,10.0
5442,10.0
5443,10.0
5444,10.0
5445,10.0
5446,10.0
5447,10.0
5448,10.0
5449,10.0
5450,10.0
5451,10.0
5452,10.0
5453,10.0
5454,10.0
5455,10.0
5456,10.0
5457,10.0
5458,10.0
5459,10.0
5460,10.0
5461,10.0
5462,10.0
5463,10.0
5464,10.0
5465,10.0
5466,10.0
5467,10.0
5468,10.0
5469,10.0
5470,10.0
5471,10.0
5472,10.0
5473,10.0
5474,10.0
5475,10.0
5476,10.0
5477,10.0
5478,10.0
5479,10.0
5480,10.0
5481,10.0
5482,10.0
5483,10.0
5484,10.0
5485,10.0
5486,10.0
5487,10.0
5488,10.0
5489,10.0
5490,10.0
5491,10.0
5492,10.0
5493,10.0
5494,10.0
5495,10.0
5496,10.0
5497,10.0
5498,10.0
5499,10.0
5500,10.0
5501,10.0
5502,10.0
5503,10.0
5504,10.0
5505,10.0
5506,10.0
5507,10.0
5508,10.0
5509,10.0
5510,10.0
5511,10.0
5512,10.0
5513,10.0
5514,10.0
5515,10.0
5516,10.0
5517,10.0
5518,10.0
5519,10.0
5520,10.0
5521,10.0
5522,10.0
5523,10.0
5524,10.0
5525,10.0
5526,10.0
5527,10.0
5528,10.0
5529,10.0
5530,10.0
5531,10.0
5532,10.0
5533,10.0
5534,10.0
5535,10.0
5536,10.0
5537,10.0
5538,10.0
5539,10.0
5540,10.0
5541,10.0
5542,10.0
5543,10.0
5544,10.0
5545,10.0
5546,10.0
5547,10.0
5548,10.0
5549,10.0
5550,10.0
5551,10.0
5552,10.0
5553,10.0
5554,10.0
5555,10.0
5556,10.0
5557,10.0
5558,10.0
5559,10.0
5560,10.0
5561,10.0
5562,10.0
5563,10.0
5564,10.0
5565,10.0
5566,10.0
5567,10.0
5568,10.0
5569,10.0
5570,10.0
5571,10.0
5572,10.0
5573,10.0
5574,10.0
5575,10.0
5576,10.0
5577,10.0
5578,10.0
5579,10.0
5580,10.0
5581,10.0
5582,10.0
5583,10.0
5584,10.0
5585,10.0
5586,10.0
5587,10.0
5588,10.0
5589,10.0
5590,10.0
5591,10.0
5592,10.0
5593,10.0
5594,10.0
5595,10.0
5596,10.0
5597,10.0
5598,10.0
5599,10.0
5600,10.0
5601,10.0
5602,10.0
5603,10.0
5604,10.0
5605,10.0
5606,10.0
5607,10.0
5608,10.0
5609,10.0
5610,10.0
5611,10.0
5612,10.0
5613,10.0
5614,10.0
5615,10.0
5616,10.0
5617,10.0
5618,10.0
5619,10.0
5620,10.0
5621,10.0
5622,10.0
5623,10.0
5624,10.0
5625,10.0
5626,10.0
5627,10.0
5628,10.0
5629,10.0
5630,10.0
5631,10.0
5632,10.0
5633,10.0
5634,10.0
5635,10.0
5636,10.0
5637,10.0
5638,10.0
5639,10.0
5640,10.0
5641,10.0
5642,10.0
5643,10.0
5644,10.0
5645,10.0
5646,10.0
5647,10.0
5648,10.0
5649,10.0
5650,10.0
5651,10.0
5652,10.0
5653,10.0
5654,10.0
5655,10.0
5656,10.0
5657,10.0
5658,10.0
5659,10.0
5660,10.0
5661,10.0
5662,10.0
5663,10.0
5664,10.0
5665,10.0
5666,10.0
5667,10.0
5668,10.0
5669,10.0
5670,10.0
5671,10.0
5672,10.0
5673,10.0
5674,10.0
5675,10.0
5676,10.0
5677,10.0
5678,10.0
5679,10.0
5680,10.0
5681,10.0
5682,10.0
5683,10.0
5684,10.0
5685,10.0
5686,10.0
5687,10.0
5688,10.0
5689,10.0
5690,10.0
5691,10.0
5692,10.0
5693,10.0
5694,10.0
5695,10.0
5696,10.0
5697,10.0
5698,10.0
5699,10.0
5700,10.0
5701,10.0
5702,10.0
5703,10.0
5704,10.0
5705,10.0
5706,10.0
5707,10.0
5708,10.0
5709,10.0
5710,10.0
5711,10.0
5712,10.0
5713,10.0
5714,10.0
5715,10.0
5716,10.0
5717,10.0
5718,10.0
5719,10.0
5720,10.0
5721,10.0
5722,10.0
5723,10.0
5724,10.0
5725,10.0
5726,10.0
5727,10.0
5728,10.0
5729,10.0
5730,10.0
5731,10.0
5732,10.0
5733,10.0
5734,10.0
5735,10.0
5736,10.0
5737,10.0
5738,10.0
5739,10.0
5740,10.0
5741,10.0
5742,10.0
5743,10.0
5744,10.0
5745,10.0
5746,10.0
5747,10.0
5748,10.0
5749,10.0
5750,10.0
5751,10.0
5752,10.0
5753,10.0
5754,10.0
5755,10.0
5756,10.0
5757,10.0
5758,10.0
5759,10.0
5760,10.0
5761,10.0
5762,10.0
5763,10.0
5764,10.0
5765,10.0
5766,10.0
5767,10.0
5768,10.0
5769,10.0
5770,10.0
5771,10.0
5772,10.0
5773,10.0
5774,10.0
5775,10.0
5776,10.0
5777,10.0
5778,10.0
5779,10.0
5780,10.0
5781,10.0
5782,10.0
5783,10.0
5784,10.0
5785,10.0
5786,10.0
5787,10.0
5788,10.0
5789,10.0
5790,10.0
5791,10.0
5792,10.0
5793,10.0
5794,10.0
5795,10.0
5796,10.0
5797,10.0
5798,10.0
5799,10.0
5800,10.0
5801,10.0
5802,10.0
5803,10.0
5804,10.0
5805,10.0
5806,10.0
5807,10.0
5808,10.0
5809,10.0
5810,10.0
5811,10.0
5812,10.0
5813,10.0
5814,10.0
5815,10.0
5816,10.0
5817,10.0
5818,10.0
5819,10.0
5820,10.0
5821,10.0
5822,10.0
5823,10.0
5824,10.0
5825,10.0
5826,10.0
5827,10.0
5828,10.0
5829,10.0
5830,10.0
5831,10.0
5832,10.0
5833,10.0
5834,10.0
5835,10.0
5836,10.0
5837,10.0
5838,10.0
5839,10.0
5840,10.0
5841,10.0
5842,10.0
5843,10.0
5844,10.0
5845,10.0
5846,10.0
5847,10.0
5848,10.0
5849,10.0
5850,10.0
5851,10.0
5852,10.0
5853,10.0
5854,10.0
5855,10.0
5856,10.0
5857,10.0
5858,10.0
5859,10.0
5860,10.0
5861,10.0
5862,10.0
5863,10.0
5864,10.0
5865,10.0
5866,10.0
5867,10.0
5868,10.0
5869,10.0
5870,10.0
5871,10.0
5872,10.0
5873,10.0
5874,10.0
5875,10.0
5876,10.0
5877,10.0
5878,10.0
5879,10.0
5880,10.0
5881,10.0
5882,10.0
5883,10.0
5884,10.0
5885,10.0
5886,10.0
5887,10.0
5888,10.0
5889,10.0
5890,10.0
5891,10.0
5892,10.0
5893,10.0
5894,10.0
5895,10.0
5896,10.0
5897,10.0
5898,10.0
5899,10.0
5900,10.0
5901,10.0
5902,10.0
5903,10.0
5904,10.0
5905,10.0
5906,10.0
5907,10.0
5908,10.0
5909,10.0
5910,10.0
5911,10.0
5912,10.0
5913,10.0
5914,10.0
5915,10.0
5916,10.0
5917,10.0
5918,10.0
5919,10.0
5920,10.0
5921,10.0
5922,10.0
5923,10.0
5924,10.0
5925,10.0
5926,10.0
5927,10.0
5928,10.0
5929,10.0
5930,10.0
5931,10.0
5932,10.0
5933,10.0
5934,10.0
5935,10.0
5936,10.0
5937,10.0
5938,10.0
5939,10.0
5940,10.0
5941,10.0
5942,10.0
5943,10.0
5944,10.0
5945,10.0
5946,10.0
5947,10.0
5948,10.0
5949,10.0
5950,10.0
5951,10.0
5952,10.0
5953,10.0
5954,10.0
5955,10.0
5956,10.0
5957,10.0
5958,10.0
5959,10.0
5960,10.0
5961,10.0
5962,10.0
5963,10.0
5964,10.0
5965,10.0
5966,10.0
5967,10.0
5968,10.0
5969,10.0
5970,10.0
5971,10.0
5972,10.0
5973,10.0
5974,10.0
5975,10.0
5976,10.0
5977,10.0
5978,10.0
5979,10.0
5980,10.0
5981,10.0
5982,10.0
5983,10.0
5984,10.0
5985,10.0
5986,10.0
5987,10.0
5988,10.0
5989,10.0
5990,10.0
5991,10.0
5992,10.0
5993,10.0
5994,10.0
5995,10.0
5996,10.0
5997,10.0
5998,10.0
5999,10.0
6000,10.0
6001,10.0
6002,10.0
6003,10.0
6004,10.0
6005,10.0
6006,10.0
6007,10.0
6008,10.0
6009,10.0
6010,10.0
6011,10.0
6012,10.0
6013,10.0
6014,10.0
6015,10.0
6016,10.0
6017,10.0
6018,10.0
6019,10.0
6020,10.0
6021,10.0
6022,10.0
6023,10.0
6024,10.0
6025,10.0
6026,10.0
6027,10.0
6028,10.0
6029,10.0
6030,10.0
6031,10.0
6032,10.0
6033,10.0
6034,10.0
6035,10.0
6036,10.0
6037,10.0
6038,10.0
6039,10.0
6040,10.0
6041,10.0
6042,10.0
6043,10.0
6044,10.0
6045,10.0
6046,10.0
6047,10.0
6048,10.0
6049,10.0
6050,10.0
6051,10.0
6052,10.0
6053,10.0
6054,10.0
6055,10.0
6056,10.0
6057,10.0
6058,10.0
6059,10.0
6060,10.0
6061,10.0
6062,10.0
6063,10.0
6064,10.0
6065,10.0
6066,10.0
6067,10.0
6068,10.0
6069,10.0
6070,10.0
6071,10.0
6072,10.0
6073,10.0
6074,10.0
6075,10.0
6076,10.0
6077,10.0
6078,10.0
6079,10.0
6080,10.0
6081,10.0
6082,10.0
6083,10.0
6084,10.0
6085,10.0
6086,10.0
6087,10.0
6088,10.0
6089,10.0
6090,10.0
6091,10.0
6092,10.0
6093,10.0
6094,10.0
6095,10.0
6096,10.0
6097,10.0
6098,10.0
6099,10.0
6100,10.0
6101,10.0
6102,10.0
6103,10.0
6104,10.0
6105,10.0
6106,10.0
6107,10.0
6108,10.0
6109,10.0
6110,10.0
6111,10.0
6112,10.0
6113,10.0
6114,10.0
6115,10.0
6116,10.0
6117,10.0
6118,10.0
6119,10.0
6120,10.0
6121,10.0
6122,10.0
6123,10.0
6124,10.0
6125,10.0
6126,10.0
6127,10.0
6128,10.0
6129,10.0
6130,10.0
6131,10.0
6132,10.0
6133,10.0
6134,10.0
6135,10.0
6136,10.0
6137,10.0
6138,10.0
6139,10.0
6140,10.0
6141,10.0
6142,10.0
6143,10.0
6144,10.0
6145,10.0
6146,10.0
6147,10.0
6148,10.0
6149,10.0
6150,10.0
6151,10.0
6152,10.0
6153,10.0
6154,10.0
6155,10.0
6156,10.0
6157,10.0
6158,10.0
6159,10.0
6160,10.0
6161,10.0
6162,10.0
6163,10.0
6164,10.0
6165,10.0
6166,10.0
6167,10.0
6168,10.0
6169,10.0
6170,10.0
6171,10.0
6172,10.0
6173,10.0
6174,10.0
6175,10.0
6176,10.0
6177,10.0
6178,10.0
6179,10.0
6180,10.0
6181,10.0
6182,10.0
6183,10.0
6184,10.0
6185,10.0
6186,10.0
6187,10.0
6188,10.0
6189,10.0
6190,10.0
6191,10.0
6192,10.0
6193,10.0
6194,10.0
6195,10.0
6196,10.0
6197,10.0
6198,10.0
6199,10.0
6200,10.0
6201,10.0
6202,10.0
6203,10.0
6204,10.0
6205,10.0
6206,10.0
6207,10.0
6208,10.0
6209,10.0
6210,10.0
6211,10.0
6212,10.0
6213,10.0
6214,10.0
6215,10.0
6216,10.0
6217,10.0
6218,10.0
6219,10.0
6220,10.0
6221,10.0
6222,10.0
6223,10.0
6224,10.0
6225,10.0
6226,10.0
6227,10.0
6228,10.0
6229,10.0
6230,10.0
6231,10.0
6232,10.0
6233,10.0
6234,10.0
6235,10.0
6236,10.0
6237,10.0
6238,10.0
6239,10.0
6240,10.0
6241,10.0
6242,10.0
6243,10.0
6244,10.0
6245,10.0
6246,10.0
6247,10.0
6248,10.0
6249,10.0
6250,10.0
6251,10.0
6252,10.0
6253,10.0
6254,10.0
6255,10.0
6256,10.0
6257,10.0
6258,10.0
6259,10.0
6260,10.0
6261,10.0
6262,10.0
6263,10.0
6264,10.0
6265,10.0
6266,10.0
6267,10.0
6268,10.0
6269,10.0
6270,10.0
6271,10.0
6272,10.0
6273,10.0
6274,10.0
6275,10.0
6276,10.0
6277,10.0
6278,10.0
6279,10.0
6280,10.0
6281,10.0
6282,10.0
6283,10.0
6284,10.0
6285,10.0
6286,10.0
6287,10.0
6288,10.0
6289,10.0
6290,10.0
6291,10.0
6292,10.0
6293,10.0
6294,10.0
6295,10.0
6296,10.0
6297,10.0
6298,10.0
6299,10.0
6300,10.0
6301,10.0
6302,10.0
6303,10.0
6304,10.0
6305,10.0
6306,10.0
6307,10.0
6308,10.0
6309,10.0
6310,10.0
6311,10.0
6312,10.0
6313,10.0
6314,10.0
6315,10.0
6316,10.0
6317,10.0
6318,10.0
6319,10.0
6320,10.0
6321,10.0
6322,10.0
6323,10.0
6324,10.0
6325,10.0
6326,10.0
6327,10.0
6328,10.0
6329,10.0
6330,10.0
6331,10.0
6332,10.0
6333,10.0
6334,10.0
6335,10.0
6336,10.0
6337,10.0
6338,10.0
6339,10.0
6340,10.0
6341,10.0
6342,10.0
6343,10.0
6344,10.0
6345,10.0
6346,10.0
6347,10.0
6348,10.0
6349,10.0
6350,10.0
6351,10.0
6352,10.0
6353,10.0
6354,10.0
6355,10.0
6356,10.0
6357,10.0
6358,10.0
6359,10.0
6360,10.0
6361,10.0
6362,10.0
6363,10.0
6364,10.0
6365,10.0
6366,10.0
6367,10.0
6368,10.0
6369,10.0
6370,10.0
6371,10.0
6372,10.0
6373,10.0
6374,10.0
6375,10.0
6376,10.0
6377,10.0
6378,10.0
6379,10.0
6380,10.0
6381,10.0
6382,10.0
6383,10.0
6384,10.0
6385,10.0
6386,10.0
6387,10.0
6388,10.0
6389,10.0
6390,10.0
6391,10.0
6392,10.0
6393,10.0
6394,10.0
6395,10.0
6396,10.0
6397,10.0
6398,10.0
6399,10.0
6400,10.0
6401,10.0
6402,10.0
6403,10.0
6404,10.0
6405,10.0
6406,10.0
6407,10.0
6408,10.0
6409,10.0
6410,10.0
6411,10.0
6412,10.0
6413,10.0
6414,10.0
6415,10.0
6416,10.0
6417,10.0
6418,10.0
6419,10.0
6420,10.0
6421,10.0
6422,10.0
6423,10.0
6424,10.0
6425,10.0
6426,10.0
6427,10.0
6428,10.0
6429,10.0
6430,10.0
6431,10.0
6432,10.0
6433,10.0
6434,10.0
6435,10.0
6436,10.0
6437,10.0
6438,10.0
6439,10.0
6440,10.0
6441,10.0
6442,10.0
6443,10.0
6444,10.0
6445,10.0
6446,10.0
6447,10.0
6448,10.0
6449,10.0
6450,10.0
6451,10.0
6452,10.0
6453,10.0
6454,10.0
6455,10.0
6456,10.0
6457,10.0
6458,10.0
6459,10.0
6460,10.0
6461,10.0
6462,10.0
6463,10.0
6464,10.0
6465,10.0
6466,10.0
6467,10.0
6468,10.0
6469,10.0
6470,10.0
6471,10.0
6472,10.0
6473,10.0
6474,10.0
6475,10.0
6476,10.0
6477,10.0
6478,10.0
6479,10.0
6480,10.0
6481,10.0
6482,10.0
6483,10.0
6484,10.0
6485,10.0
6486,10.0
6487,10.0
6488,10.0
6489,10.0
6490,10.0
6491,10.0
6492,10.0
6493,10.0
6494,10.0
6495,10.0
6496,10.0
6497,10.0
6498,10.0
6499,10.0
6500,10.0
6501,10.0
6502,10.0
6503,10.0
6504,10.0
6505,10.0
6506,10.0
6507,10.0
6508,10.0
6509,10.0
6510,10.0
6511,10.0
6512,10.0
6513,10.0
6514,10.0
6515,10.0
6516,10.0
6517,10.0
6518,10.0
6519,10.0
6520,10.0
6521,10.0
6522,10.0
6523,10.0
6524,10.0
6525,10.0
6526,10.0
6527,10.0
6528,10.0
6529,10.0
6530,10.0
6531,10.0
6532,10.0
6533,10.0
6534,10.0
6535,10.0
6536,10.0
6537,10.0
6538,10.0
6539,10.0
6540,10.0
6541,10.0
6542,10.0
6543,10.0
6544,10.0
6545,10.0
6546,10.0
6547,10.0
6548,10.0
6549,10.0
6550,10.0
6551,10.0
6552,10.0
6553,10.0
6554,10.0
6555,10.0
6556,10.0
6557,10.0
6558,10.0
6559,10.0
6560,10.0
6561,10.0
6562,10.0
6563,10.0
6564,10.0
6565,10.0
6566,10.0
6567,10.0
6568,10.0
6569,10.0
6570,10.0
6571,10.0
6572,10.0
6573,10.0
6574,10.0
6575,10.0
6576,10.0
6577,10.0
6578,10.0
6579,10.0
6580,10.0
6581,10.0
6582,10.0
6583,10.0
6584,10.0
6585,10.0
6586,10.0
6587,10.0
6588,10.0
6589,10.0
6590,10.0
6591,10.0
6592,10.0
6593,10.0
6594,10.0
6595,10.0
6596,10.0
6597,10.0
6598,10.0
6599,10.0
6600,10.0
6601,10.0
6602,10.0
6603,10.0
6604,10.0
6605,10.0
6606,10.0
6607,10.0
6608,10.0
6609,10.0
6610,10.0
6611,10.0
6612,10.0
6613,10.0
6614,10.0
6615,10.0
6616,10.0
6617,10.0
6618,10.0
6619,10.0
6620,10.0
6621,10.0
6622,10.0
6623,10.0
6624,10.0
6625,10.0
6626,10.0
6627,10.0
6628,10.0
6629,10.0
6630,10.0
6631,10.0
6632,10.0
6633,10.0
6634,10.0
6635,10.0
6636,10.0
6637,10.0
6638,10.0
6639,10.0
6640,10.0
6641,10.0
6642,10.0
6643,10.0
6644,10.0
6645,10.0
6646,10.0
6647,10.0
6648,10.0
6649,10.0
6650,10.0
6651,10.0
6652,10.0
6653,10.0
6654,10.0
6655,10.0
6656,10.0
6657,10.0
6658,10.0
6659,10.0
6660,10.0
6661,10.0
6662,10.0
6663,10.0
6664,10.0
6665,10.0
6666,10.0
6667,10.0
6668,10.0
6669,10.0
6670,10.0
6671,10.0
6672,10.0
6673,10.0
6674,10.0
6675,10.0
6676,10.0
6677,10.0
6678,10.0
6679,10.0
6680,10.0
6681,10.0
6682,10.0
6683,10.0
6684,10.0
6685,10.0
6686,10.0
6687,10.0
6688,10.0
6689,10.0
6690,10.0
6691,10.0
6692,10.0
6693,10.0
6694,10.0
6695,10.0
6696,10.0
6697,10.0
6698,10.0
6699,10.0
6700,10.0
6701,10.0
6702,10.0
6703,10.0
6704,10.0
6705,10.0
6706,10.0
6707,10.0
6708,10.0
6709,10.0
6710,10.0
6711,10.0
6712,10.0
6713,10.0
6714,10.0
6715,10.0
6716,10.0
6717,10.0
6718,10.0
6719,10.0
6720,10.0
6721,10.0
6722,10.0
6723,10.0
6724,10.0
6725,10.0
6726,10.0
6727,10.0
6728,10.0
6729,10.0
6730,10.0
6731,10.0
6732,10.0
6733,10.0
6734,10.0
6735,10.0
6736,10.0
6737,10.0
6738,10.0
6739,10.0
6740,10.0
6741,10.0
6742,10.0
6743,10.0
6744,10.0
6745,10.0
6746,10.0
6747,10.0
6748,10.0
6749,10.0
6750,10.0
6751,10.0
6752,10.0
6753,10.0
6754,10.0
6755,10.0
6756,10.0
6757,10.0
6758,10.0
6759,10.0
6760,10.0
6761,10.0
6762,10.0
6763,10.0
6764,10.0
6765,10.0
6766,10.0
6767,10.0
6768,10.0
6769,10.0
6770,10.0
6771,10.0
6772,10.0
6773,10.0
6774,10.0
6775,10.0
6776,10.0
6777,10.0
6778,10.0
6779,10.0
6780,10.0
6781,10.0
6782,10.0
6783,10.0
6784,10.0
6785,10.0
6786,10.0
6787,10.0
6788,10.0
6789,10.0
6790,10.0
6791,10.0
6792,10.0
6793,10.0
6794,10.0
6795,10.0
6796,10.0
6797,10.0
6798,10.0
6799,10.0
6800,10.0
6801,10.0
6802,10.0
6803,10.0
6804,10.0
6805,10.0
6806,10.0
6807,10.0
6808,10.0
6809,10.0
6810,10.0
6811,10.0
6812,10.0
6813,10.0
6814,10.0
6815,10.0
6816,10.0
6817,10.0
6818,10.0
6819,10.0
6820,10.0
6821,10.0
6822,10.0
6823,10.0
6824,10.0
6825,10.0
6826,10.0
6827,10.0
6828,10.0
6829,10.0
6830,10.0
6831,10.0
6832,10.0
6833,10.0
6834,10.0
6835,10.0
6836,10.0
6837,10.0
6838,10.0
6839,10.0
6840,10.0
6841,10.0
6842,10.0
6843,10.0
6844,10.0
6845,10.0
6846,10.0
6847,10.0
6848,10.0
6849,10.0
6850,10.0
6851,10.0
6852,10.0
6853,10.0
6854,10.0
6855,10.0
6856,10.0
6857,10.0
6858,10.0
6859,10.0
6860,10.0
6861,10.0
6862,10.0
6863,10.0
6864,10.0
6865,10.0
6866,10.0
6867,10.0
6868,10.0
6869,10.0
6870,10.0
6871,10.0
6872,10.0
6873,10.0
6874,10.0
6875,10.0
6876,10.0
6877,10.0
6878,10.0
6879,10.0
6880,10.0
6881,10.0
6882,10.0
6883,10.0
6884,10.0
6885,10.0
6886,10.0
6887,10.0
6888,10.0
6889,10.0
6890,10.0
6891,10.0
6892,10.0
6893,10.0
6894,10.0
6895,10.0
6896,10.0
6897,10.0
6898,10.0
6899,10.0
6900,10.0
6901,10.0
6902,10.0
6903,10.0
6904,10.0
6905,10.0
6906,10.0
6907,10.0
6908,10.0
6909,10.0
6910,10.0
6911,10.0
6912,10.0
6913,10.0
6914,10.0
6915,10.0
6916,10.0
6917,10.0
6918,10.0
6919,10.0
6920,10.0
6921,10.0
6922,10.0
6923,10.0
6924,10.0
6925,10.0
6926,10.0
6927,10.0
6928,10.0
6929,10.0
6930,10.0
6931,10.0
6932,10.0
6933,10.0
6934,10.0
6935,10.0
6936,10.0
6937,10.0
6938,10.0
6939,10.0
6940,10.0
6941,10.0
6942,10.0
6943,10.0
6944,10.0
6945,10.0
6946,10.0
6947,10.0
6948,10.0
6949,10.0
6950,10.0
6951,10.0
6952,10.0
6953,10.0
6954,10.0
6955,10.0
6956,10.0
6957,10.0
6958,10.0
6959,10.0
6960,10.0
6961,10.0
6962,10.0
6963,10.0
6964,10.0
6965,10.0
6966,10.0
6967,10.0
6968,10.0
6969,10.0
6970,10.0
6971,10.0
6972,10.0
6973,10.0
6974,10.0
6975,10.0
6976,10.0
6977,10.0
6978,10.0
6979,10.0
6980,10.0
6981,10.0
6982,10.0
6983,10.0
6984,10.0
6985,10.0
6986,10.0
6987,10.0
6988,10.0
6989,10.0
6990,10.0
6991,10.0
6992,10.0
6993,10.0
6994,10.0
6995,10.0
6996,10.0
6997,10.0
6998,10.0
6999,10.0
7000,10.0
7001,10.0
7002,10.0
7003,10.0
7004,10.0
7005,10.0
7006,10.0
7007,10.0
7008,10.0
7009,10.0
7010,10.0
7011,10.0
7012,10.0
7013,10.0
7014,10.0
7015,10.0
7016,10.0
7017,10.0
7018,10.0
7019,10.0
7020,10.0
7021,10.0
7022,10.0
7023,10.0
7024,10.0
7025,10.0
7026,10.0
7027,10.0
7028,10.0
7029,10.0
7030,10.0
7031,10.0
7032,10.0
7033,10.0
7034,10.0
7035,10.0
7036,10.0
7037,10.0
7038,10.0
7039,10.0
7040,10.0
7041,10.0
7042,10.0
7043,10.0
7044,10.0
7045,10.0
7046,10.0
7047,10.0
7048,10.0
7049,10.0
7050,10.0
7051,10.0
7052,10.0
7053,10.0
7054,10.0
7055,10.0
7056,10.0
7057,10.0
7058,10.0
7059,10.0
7060,10.0
7061,10.0
7062,10.0
7063,10.0
7064,10.0
7065,10.0
7066,10.0
7067,10.0
7068,10.0
7069,10.0
7070,10.0
7071,10.0
7072,10.0
7073,10.0
7074,10.0
7075,10.0
7076,10.0
7077,10.0
7078,10.0
7079,10.0
7080,10.0
7081,10.0
7082,10.0
7083,10.0
7084,10.0
7085,10.0
7086,10.0
7087,10.0
7088,10.0
7089,10.0
7090,10.0
7091,10.0
7092,10.0
7093,10.0
7094,10.0
7095,10.0
7096,10.0
7097,10.0
7098,10.0
7099,10.0
7100,10.0
7101,10.0
7102,10.0
7103,10.0
7104,10.0
7105,10.0
7106,10.0
7107,10.0
7108,10.0
7109,10.0
7110,10.0
7111,10.0
7112,10.0
7113,10.0
7114,10.0
7115,10.0
7116,10.0
7117,10.0
7118,10.0
7119,10.0
7120,10.0
7121,10.0
7122,10.0
7123,10.0
7124,10.0
7125,10.0
7126,10.0
7127,10.0
7128,10.0
7129,10.0
7130,10.0
7131,10.0
7132,10.0
7133,10.0
7134,10.0
7135,10.0
7136,10.0
7137,10.0
7138,10.0
7139,10.0
7140,10.0
7141,10.0
7142,10.0
7143,10.0
7144,10.0
7145,10.0
7146,10.0
7147,10.0
7148,10.0
7149,10.0
7150,10.0
7151,10.0
7152,10.0
7153,10.0
7154,10.0
7155,10.0
7156,10.0
7157,10.0
7158,10.0
7159,10.0
7160,10.0
7161,10.0
7162,10.0
7163,10.0
7164,10.0
7165,10.0
7166,10.0
7167,10.0
7168,10.0
7169,10.0
7170,10.0
7171,10.0
7172,10.0
7173,10.0
7174,10.0
7175,10.0
7176,10.0
7177,10.0
7178,10.0
7179,10.0
7180,10.0
7181,10.0
7182,10.0
7183,10.0
7184,10.0
7185,10.0
7186,10.0
7187,10.0
7188,10.0
7189,10.0
7190,10.0
7191,10.0
7192,10.0
7193,10.0
7194,10.0
7195,10.0
7196,10.0
7197,10.0
7198,10.0
7199,10.0
7200,10.0
7201,10.0
7202,10.0
7203,10.0
7204,10.0
7205,10.0
7206,10.0
7207,10.0
7208,10.0
7209,10.0
7210,10.0
7211,10.0
7212,10.0
7213,10.0
7214,10.0
7215,10.0
7216,10.0
7217,10.0
7218,10.0
7219,10.0
7220,10.0
7221,10.0
7222,10.0
7223,10.0
7224,10.0
7225,10.0
7226,10.0
7227,10.0
7228,10.0
7229,10.0
7230,10.0
7231,10.0
7232,10.0
7233,10.0
7234,10.0
7235,10.0
7236,10.0
7237,10.0
7238,10.0
7239,10.0
7240,10.0
7241,10.0
7242,10.0
7243,10.0
7244,10.0
7245,10.0
7246,10.0
7247,10.0
7248,10.0
7249,10.0
7250,10.0
7251,10.0
7252,10.0
7253,10.0
7254,10.0
7255,10.0
7256,10.0
7257,10.0
7258,10.0
7259,10.0
7260,10.0
7261,10.0
7262,10.0
7263,10.0
7264,10.0
7265,10.0
7266,10.0
7267,10.0
7268,10.0
7269,10.0
7270,10.0
7271,10.0
7272,10.0
7273,10.0
7274,10.0
7275,10.0
7276,10.0
7277,10.0
7278,10.0
7279,10.0
7280,10.0
7281,10.0
7282,10.0
7283,10.0
7284,10.0
7285,10.0
7286,10.0
7287,10.0
7288,10.0
7289,10.0
7290,10.0
7291,10.0
7292,10.0
7293,10.0
7294,10.0
7295,10.0
7296,10.0
7297,10.0
7298,10.0
7299,10.0
7300,10.0
7301,10.0
7302,10.0
7303,10.0
7304,10.0
7305,10.0
7306,10.0
7307,10.0
7308,10.0
7309,10.0
7310,10.0
7311,10.0
7312,10.0
7313,10.0
7314,10.0
7315,10.0
7316,10.0
7317,10.0
7318,10.0
7319,10.0
7320,10.0
7321,10.0
7322,10.0
7323,10.0
7324,10.0
7325,10.0
7326,10.0
7327,10.0
7328,10.0
7329,10.0
7330,10.0
7331,10.0
7332,10.0
7333,10.0
7334,10.0
7335,10.0
7336,10.0
7337,10.0
7338,10.0
7339,10.0
7340,10.0
7341,10.0
7342,10.0
7343,10.0
7344,10.0
7345,10.0
7346,10.0
7347,10.0
7348,10.0
7349,10.0
7350,10.0
7351,10.0
7352,10.0
7353,10.0
7354,10.0
7355,10.0
7356,10.0
7357,10.0
7358,10.0
7359,10.0
7360,10.0
7361,10.0
7362,10.0
7363,10.0
7364,10.0
7365,10.0
7366,10.0
7367,10.0
7368,10.0
7369,10.0
7370,10.0
7371,10.0
7372,10.0
7373,10.0
7374,10.0
7375,10.0
7376,10.0
7377,10.0
7378,10.0
7379,10.0
7380,10.0
7381,10.0
7382,10.0
7383,10.0
7384,10.0
7385,10.0
7386,10.0
7387,10.0
7388,10.0
7389,10.0
7390,10.0
7391,10.0
7392,10.0
7393,10.0
7394,10.0
7395,10.0
7396,10.0
7397,10.0
7398,10.0
7399,10.0
7400,10.0
7401,10.0
7402,10.0
7403,10.0
7404,10.0
7405,10.0
7406,10.0
7407,10.0
7408,10.0
7409,10.0
7410,10.0
7411,10.0
7412,10.0
7413,10.0
7414,10.0
7415,10.0
7416,10.0
7417,10.0
7418,10.0
7419,10.0
7420,10.0
7421,10.0
7422,10.0
7423,10.0
7424,10.0
7425,11.0
7426,11.0
7427,11.0
7428,11.0
7429,11.0
7430,11.0
7431,11.0
7432,11.0
7433,11.0
7434,11.0
7435,11.0
7436,11.0
7437,11.0
7438,11.0
7439,11.0
7440,11.0
7441,11.0
7442,11.0
7443,11.0
7444,11.0
7445,11.0
7446,11.0
7447,11.0
7448,11.0
7449,11.0
7450,12.0
7451,12.0
7452,12.0
7453,12.0
7454,12.0
7455,12.0
7456,12.0
7457,12.0
7458,12.0
7459,12.0
7460,12.0
7461,12.0
7462,12.0
7463,12.0
7464,12.0
7465,12.0
7466,12.0
7467,12.0
7468,12.0
7469,12.0
7470,12.0
7471,12.0
7472,12.0
7473,12.0
7474,12.0
7475,12.0
7476,12.0
7477,12.0
7478,12.0
7479,12.0
7480,12.0
7481,12.0
7482,12.0
7483,11.0
7484,11.0
7485,11.0
7486,11.0
7487,11.0
7488,11.0
7489,11.0
7490,11.0
7491,11.0
7492,11.0
7493,11.0
7494,11.0
7495,11.0
7496,11.0
7497,11.0
7498,11.0
7499,12.0
7500,12.0
7501,12.0
7502,12.0
7503,12.0
7504,12.0
7505,12.0
7506,12.0
7507,12.0
7508,11.0
7509,11.0
7510,11.0
7511,11.0
7512,11.0
7513,11.0
7514,11.0
7515,11.0
7516,12.0
7517,12.0
7518,11.0
7519,11.0
7520,11.0
7521,11.0
7522,11.0
7523,11.0
7524,11.0
7525,11.0
7526,11.0
7527,11.0
7528,11.0
7529,11.0
7530,11.0
7531,11.0
7532,11.0
7533,11.0
7534,11.0
7535,11.0
7536,11.0
7537,11.0
7538,11.0
7539,11.0
7540,11.0
7541,11.0
7542,11.0
7543,11.0
7544,11.0
7545,11.0
7546,11.0
7547,11.0
7548,11.0
7549,11.0
7550,11.0
7551,11.0
7552,11.0
7553,11.0
7554,11.0
7555,11.0
7556,11.0
7557,11.0
7558,11.0
7559,11.0
7560,11.0
7561,11.0
7562,11.0
7563,11.0
7564,11.0
7565,11.0
7566,11.0
7567,11.0
7568,11.0
7569,11.0
7570,11.0
7571,11.0
7572,11.0
7573,11.0
7574,11.0
7575,11.0
7576,11.0
7577,11.0
7578,11.0
7579,11.0
7580,11.0
7581,11.0
7582,11.0
7583,11.0
7584,11.0
7585,11.0
7586,11.0
7587,11.0
7588,11.0
7589,11.0
7590,11.0
7591,11.0
7592,11.0
7593,11.0
7594,11.0
7595,11.0
7596,11.0
7597,11.0
7598,11.0
7599,11.0
7600,11.0
7601,11.0
7602,11.0
7603,11.0
7604,11.0
7605,11.0
7606,11.0
7607,11.0
7608,11.0
7609,11.0
7610,11.0
7611,11.0
7612,11.0
7613,11.0
7614,11.0
7615,11.0
7616,11.0
7617,11.0
7618,11.0
7619,11.0
7620,11.0
7621,11.0
7622,11.0
7623,11.0
7624,11.0
7625,11.0
7626,11.0
7627,11.0
7628,11.0
7629,11.0
7630,11.0
7631,11.0
7632,11.0
7633,11.0
7634,11.0
7635,11.0
7636,11.0
7637,11.0
7638,11.0
7639,11.0
7640,11.0
7641,11.0
7642,11.0
7643,11.0
7644,11.0
7645,11.0
7646,11.0
7647,11.0
7648,11.0
7649,11.0
7650,11.0
7651,11.0
7652,11.0
7653,11.0
7654,11.0
7655,11.0
7656,11.0
7657,11.0
7658,11.0
7659,11.0
7660,11.0
7661,11.0
7662,11.0
7663,11.0
7664,11.0
7665,11.0
7666,11.0
7667,11.0
7668,11.0
7669,11.0
7670,11.0
7671,11.0
7672,11.0
7673,11.0
7674,11.0
7675,11.0
7676,11.0
7677,11.0
7678,11.0
7679,11.0
7680,11.0
7681,11.0
7682,11.0
7683,11.0
7684,11.0
7685,11.0
7686,11.0
7687,11.0
7688,11.0
7689,11.0
7690,11.0
7691,11.0
7692,11.0
7693,11.0
7694,11.0
7695,11.0
7696,11.0
7697,11.0
7698,11.0
7699,11.0
7700,11.0
7701,11.0
7702,11.0
7703,11.0
7704,11.0
7705,11.0
7706,11.0
7707,11.0
7708,11.0
7709,11.0
7710,11.0
7711,11.0
7712,11.0
7713,11.0
7714,11.0
7715,11.0
7716,11.0
7717,11.0
7718,11.0
7719,11.0
7720,11.0
7721,11.0
7722,11.0
7723,11.0
7724,11.0
7725,11.0
7726,11.0
7727,11.0
7728,11.0
7729,11.0
7730,11.0
7731,11.0
7732,11.0
7733,11.0
7734,11.0
7735,11.0
7736,11.0
7737,11.0
7738,11.0
7739,11.0
7740,11.0
7741,11.0
7742,11.0
7743,11.0
7744,11.0
7745,11.0
7746,11.0
7747,11.0
7748,11.0
7749,11.0
7750,11.0
7751,11.0
7752,11.0
7753,11.0
7754,11.0
7755,11.0
7756,11.0
7757,11.0
7758,11.0
7759,11.0
7760,11.0
7761,11.0
7762,11.0
7763,11.0
7764,11.0
7765,11.0
7766,11.0
7767,11.0
7768,11.0
7769,11.0
7770,11.0
7771,11.0
7772,11.0
7773,11.0
7774,11.0
7775,11.0
7776,11.0
7777,11.0
7778,11.0
7779,11.0
7780,11.0
7781,11.0
7782,11.0
7783,11.0
7784,11.0
7785,11.0
7786,11.0
7787,11.0
7788,11.0
7789,11.0
7790,11.0
7791,11.0
7792,11.0
7793,11.0
7794,11.0
7795,11.0
7796,11.0
7797,11.0
7798,11.0
7799,11.0
7800,11.0
7801,11.0
7802,11.0
7803,11.0
7804,11.0
7805,11.0
7806,11.0
7807,11.0
7808,11.0
7809,11.0
7810,11.0
7811,12.0
7812,12.0
7813,12.0
7814,12.0
7815,12.0
7816,12.0
7817,12.0
7818,12.0
7819,12.0
7820,12.0
7821,12.0
7822,12.0
7823,12.0
7824,12.0
7825,12.0
7826,12.0
7827,12.0
7828,12.0
7829,12.0
7830,12.0
7831,12.0
7832,12.0
7833,12.0
7834,12.0
7835,12.0
7836,12.0
7837,12.0
7838,12.0
7839,12.0
7840,12.0
7841,12.0
7842,12.0
7843,12.0
7844,12.0
7845,12.0
7846,12.0
7847,12.0
7848,12.0
7849,12.0
7850,12.0
7851,12.0
7852,12.0
7853,12.0
7854,12.0
7855,12.0
7856,12.0
7857,12.0
7858,12.0
7859,12.0
7860,12.0
7861,12.0
7862,12.0
7863,12.0
7864,12.0
7865,12.0
7866,12.0
7867,12.0
7868,12.0
7869,12.0
7870,12.0
7871,12.0
7872,12.0
7873,12.0
7874,12.0
7875,12.0
7876,12.0
7877,12.0
7878,12.0
7879,12.0
7880,12.0
7881,12.0
7882,12.0
7883,12.0
7884,12.0
7885,12.0
7886,12.0
7887,12.0
7888,12.0
7889,12.0
7890,12.0
7891,12.0
7892,12.0
7893,12.0
7894,12.0
7895,12.0
7896,12.0
7897,12.0
7898,12.0
7899,12.0
7900,12.0
7901,12.0
7902,12.0
7903,12.0
7904,12.0
7905,12.0
7906,12.0
7907,12.0
7908,12.0
7909,12.0
7910,12.0
7911,12.0
7912,12.0
7913,12.0
7914,12.0
7915,12.0
7916,12.0
7917,12.0
7918,12.0
7919,12.0
7920,12.0
7921,12.0
7922,12.0
7923,12.0
7924,12.0
7925,12.0
7926,12.0
7927,12.0
7928,12.0
7929,12.0
7930,12.0
7931,12.0
7932,12.0
7933,12.0
7934,12.0
7935,12.0
7936,12.0
7937,12.0
7938,12.0
7939,12.0
7940,12.0
7941,12.0
7942,12.0
7943,12.0
7944,12.0
7945,12.0
7946,12.0
7947,12.0
7948,12.0
7949,12.0
7950,12.0
7951,12.0
7952,12.0
7953,12.0
7954,12.0
7955,12.0
7956,12.0
7957,12.0
7958,13.0
7959,13.0
7960,13.0
7961,13.0
7962,13.0
7963,13.0
7964,13.0
7965,13.0
7966,13.0
7967,13.0
7968,13.0
7969,13.0
7970,13.0
7971,13.0
7972,13.0
7973,13.0
7974,13.0
7975,13.0
7976,13.0
7977,13.0
7978,13.0
7979,13.0
7980,13.0
7981,13.0
7982,13.0
7983,13.0
7984,13.0
7985,13.0
7986,13.0
7987,13.0
7988,13.0
7989,13.0
7990,13.0
7991,13.0
7992,13.0
7993,13.0
7994,13.0
7995,13.0
7996,13.0
7997,13.0
7998,13.0
7999,13.0
8000,13.0
8001,13.0
8002,13.0
8003,13.0
8004,13.0
8005,13.0
8006,13.0
8007,13.0
8008,13.0
8009,13.0
8010,13.0
8011,13.0
8012,13.0
8013,13.0
8014,13.0
8015,13.0
8016,13.0
8017,13.0
8018,13.0
8019,13.0
8020,13.0
8021,13.0
8022,13.0
8023,13.0
8024,13.0
8025,13.0
8026,13.0
8027,13.0
8028,13.0
8029,13.0
8030,13.0
8031,13.0
8032,13.0
8033,13.0
8034,13.0
8035,13.0
8036,13.0
8037,13.0
8038,13.0
8039,13.0
8040,13.0
8041,13.0
8042,13.0
8043,13.0
8044,13.0
8045,13.0
8046,13.0
8047,13.0
8048,13.0
8049,13.0
8050,13.0
8051,13.0
8052,13.0
8053,13.0
8054,13.0
8055,13.0
8056,13.0
8057,13.0
8058,13.0
8059,13.0
8060,13.0
8061,13.0
8062,13.0
8063,13.0
8064,13.0
8065,13.0
8066,13.0
8067,13.0
8068,13.0
8069,13.0
8070,13.0
8071,13.0
8072,13.0
8073,13.0
8074,13.0
8075,13.0
8076,13.0
8077,13.0
8078,13.0
8079,13.0
8080,13.0
8081,13.0
8082,13.0
8083,13.0
8084,13.0
8085,13.0
8086,13.0
8087,13.0
8088,13.0
8089,13.0
8090,13.0
8091,13.0
8092,13.0
8093,13.0
8094,13.0
8095,13.0
8096,13.0
8097,13.0
8098,13.0
8099,13.0
8100,13.0
8101,13.0
8102,13.0
8103,13.0
8104,13.0
8105,13.0
8106,13.0
8107,13.0
8108,13.0
8109,13.0
8110,13.0
8111,13.0
8112,13.0
8113,13.0
8114,13.0
8115,13.0
8116,13.0
8117,13.0
8118,13.0
8119,13.0
8120,13.0
8121,13.0
8122,13.0
8123,13.0
8124,13.0
8125,13.0
8126,13.0
8127,13.0
8128,13.0
8129,13.0
8130,13.0
8131,13.0
8132,13.0
8133,13.0
8134,13.0
8135,13.0
8136,13.0
8137,13.0
8138,13.0
8139,13.0
8140,13.0
8141,13.0
8142,13.0
8143,13.0
8144,13.0
8145,13.0
8146,13.0
8147,13.0
8148,13.0
8149,13.0
8150,13.0
8151,13.0
8152,13.0
8153,13.0
8154,13.0
8155,13.0
8156,13.0
8157,13.0
8158,13.0
8159,13.0
8160,13.0
8161,13.0
8162,13.0
8163,13.0
8164,13.0
8165,13.0
8166,13.0
8167,13.0
8168,13.0
8169,13.0
8170,13.0
8171,13.0
8172,13.0
8173,13.0
8174,13.0
8175,13.0
8176,13.0
8177,13.0
8178,13.0
8179,13.0
8180,13.0
8181,13.0
8182,13.0
8183,13.0
8184,13.0
8185,13.0
8186,13.0
8187,13.0
8188,13.0
8189,13.0
8190,13.0
8191,13.0
8192,13.0
8193,13.0
8194,13.0
8195,13.0
8196,13.0
8197,13.0
8198,13.0
8199,13.0
8200,13.0
8201,13.0
8202,13.0
8203,13.0
8204,13.0
8205,13.0
8206,13.0
8207,13.0
8208,13.0
8209,13.0
8210,13.0
8211,13.0
8212,13.0
8213,13.0
8214,13.0
8215,13.0
8216,13.0
8217,13.0
8218,13.0
8219,13.0
8220,13.0
8221,13.0
8222,13.0
8223,13.0
8224,13.0
8225,13.0
8226,13.0
8227,13.0
8228,13.0
8229,13.0
8230,13.0
8231,13.0
8232,13.0
8233,13.0
8234,13.0
8235,13.0
8236,13.0
8237,13.0
8238,13.0
8239,13.0
8240,13.0
8241,13.0
8242,13.0
8243,13.0
8244,13.0
8245,13.0
8246,13.0
8247,13.0
8248,13.0
8249,13.0
8250,13.0
8251,13.0
8252,13.0
8253,13.0
8254,13.0
8255,13.0
8256,13.0
8257,13.0
8258,13.0
8259,13.0
8260,13.0
8261,13.0
8262,13.0
8263,13.0
8264,13.0
8265,13.0
8266,13.0
8267,13.0
8268,13.0
8269,13.0
8270,13.0
8271,13.0
8272,13.0
8273,13.0
8274,13.0
8275,13.0
8276,13.0
8277,13.0
8278,13.0
8279,13.0
8280,13.0
8281,13.0
8282,13.0
8283,13.0
8284,13.0
8285,13.0
8286,13.0
8287,13.0
8288,13.0
8289,13.0
8290,13.0
8291,13.0
8292,13.0
8293,13.0
8294,13.0
8295,13.0
8296,13.0
8297,13.0
8298,13.0
8299,13.0
8300,13.0
8301,13.0
8302,13.0
8303,13.0
8304,13.0
8305,13.0
8306,13.0
8307,13.0
8308,13.0
8309,13.0
8310,13.0
8311,13.0
8312,13.0
8313,13.0
8314,13.0
8315,13.0
8316,13.0
8317,13.0
8318,13.0
8319,13.0
8320,13.0
8321,13.0
8322,13.0
8323,13.0
8324,13.0
8325,13.0
8326,13.0
8327,13.0
8328,13.0
8329,13.0
8330,13.0
8331,13.0
8332,13.0
8333,13.0
8334,13.0
8335,13.0
8336,13.0
8337,13.0
8338,13.0
8339,13.0
8340,13.0
8341,13.0
8342,13.0
8343,13.0
8344,13.0
8345,13.0
8346,13.0
8347,13.0
8348,13.0
8349,13.0
8350,13.0
8351,13.0
8352,13.0
8353,13.0
8354,13.0
8355,13.0
8356,13.0
8357,13.0
8358,13.0
8359,13.0
8360,13.0
8361,13.0
8362,13.0
8363,13.0
8364,13.0
8365,13.0
8366,13.0
8367,13.0
8368,13.0
8369,13.0
8370,13.0
8371,13.0
8372,13.0
8373,13.0
8374,13.0
8375,13.0
8376,13.0
8377,13.0
8378,13.0
8379,13.0
8380,13.0
8381,13.0
8382,13.0
8383,13.0
8384,13.0
8385,13.0
8386,14.0
8387,14.0
8388,14.0
8389,14.0
8390,14.0
8391,14.0
8392,14.0
8393,13.0
8394,13.0
8395,13.0
8396,13.0
8397,13.0
8398,13.0
8399,13.0
8400,13.0
8401,13.0
8402,13.0
8403,13.0
8404,13.0
8405,13.0
8406,13.0
8407,13.0
8408,13.0
8409,13.0
8410,13.0
8411,13.0
8412,13.0
8413,13.0
8414,13.0
8415,13.0
8416,13.0
8417,13.0
8418,13.0
8419,13.0
8420,13.0
8421,13.0
8422,13.0
8423,13.0
8424,13.0
8425,13.0
8426,13.0
8427,13.0
8428,13.0
8429,13.0
8430,13.0
8431,13.0
8432,13.0
8433,13.0
8434,13.0
8435,13.0
8436,13.0
8437,13.0
8438,13.0
8439,13.0
8440,13.0
8441,13.0
8442,13.0
8443,13.0
8444,13.0
8445,13.0
8446,13.0
8447,13.0
8448,13.0
8449,13.0
8450,13.0
8451,13.0
8452,13.0
8453,13.0
8454,13.0
8455,13.0
8456,13.0
8457,13.0
8458,13.0
8459,13.0
8460,13.0
8461,13.0
8462,13.0
8463,13.0
8464,13.0
8465,13.0
8466,13.0
8467,13.0
8468,13.0
8469,13.0
8470,13.0
8471,13.0
8472,13.0
8473,13.0
8474,13.0
8475,13.0
8476,13.0
8477,13.0
8478,13.0
8479,13.0
8480,13.0
8481,13.0
8482,13.0
8483,13.0
8484,13.0
8485,13.0
8486,13.0
8487,13.0
8488,13.0
8489,13.0
8490,13.0
8491,13.0
8492,13.0
8493,13.0
8494,13.0
8495,13.0
8496,13.0
8497,13.0
8498,13.0
8499,13.0
8500,13.0
8501,13.0
8502,13.0
8503,13.0
8504,13.0
8505,13.0
8506,13.0
8507,13.0
8508,13.0
8509,13.0
8510,13.0
8511,13.0
8512,13.0
8513,13.0
8514,13.0
8515,13.0
8516,13.0
8517,13.0
8518,13.0
8519,13.0
8520,13.0
8521,13.0
8522,13.0
8523,13.0
8524,13.0
8525,13.0
8526,13.0
8527,13.0
8528,13.0
8529,13.0
8530,13.0
8531,13.0
8532,13.0
8533,13.0
8534,13.0
8535,13.0
8536,13.0
8537,13.0
8538,13.0
8539,13.0
8540,13.0
8541,13.0
8542,13.0
8543,13.0
8544,13.0
8545,13.0
8546,13.0
8547,13.0
8548,13.0
8549,13.0
8550,13.0
8551,13.0
8552,13.0
8553,13.0
8554,13.0
8555,13.0
8556,13.0
8557,13.0
8558,13.0
8559,13.0
8560,13.0
8561,13.0
8562,13.0
8563,13.0
8564,13.0
8565,13.0
8566,13.0
8567,13.0
8568,13.0
8569,13.0
8570,13.0
8571,13.0
8572,13.0
8573,13.0
8574,13.0
8575,13.0
8576,13.0
8577,13.0
8578,13.0
8579,13.0
8580,13.0
8581,13.0
8582,13.0
8583,13.0
8584,13.0
8585,13.0
8586,13.0
8587,13.0
8588,13.0
8589,13.0
8590,13.0
8591,13.0
8592,13.0
8593,13.0
8594,13.0
8595,13.0
8596,13.0
8597,13.0
8598,13.0
8599,13.0
8600,13.0
8601,13.0
8602,13.0
8603,13.0
8604,13.0
8605,13.0
8606,13.0
8607,13.0
8608,13.0
8609,13.0
8610,13.0
8611,13.0
8612,13.0
8613,13.0
8614,13.0
8615,13.0
8616,13.0
8617,13.0
8618,13.0
8619,13.0
8620,13.0
8621,13.0
8622,13.0
8623,13.0
8624,13.0
8625,13.0
8626,13.0
8627,13.0
8628,13.0
8629,13.0
8630,13.0
8631,13.0
8632,13.0
8633,13.0
8634,13.0
8635,13.0
8636,13.0
8637,13.0
8638,13.0
8639,13.0
8640,13.0
8641,13.0
8642,13.0
8643,13.0
8644,13.0
8645,13.0
8646,13.0
8647,13.0
8648,13.0
8649,13.0
8650,13.0
8651,13.0
8652,13.0
8653,13.0
8654,13.0
8655,13.0
8656,13.0
8657,13.0
8658,13.0
8659,13.0
8660,13.0
8661,13.0
8662,13.0
8663,13.0
8664,13.0
8665,13.0
8666,13.0
8667,13.0
8668,13.0
8669,13.0
8670,13.0
8671,13.0
8672,13.0
8673,13.0
8674,13.0
8675,13.0
8676,13.0
8677,13.0
8678,13.0
8679,13.0
8680,13.0
8681,13.0
8682,13.0
8683,13.0
8684,13.0
8685,13.0
8686,13.0
8687,13.0
8688,13.0
8689,13.0
8690,13.0
8691,13.0
8692,13.0
8693,13.0
8694,13.0
8695,13.0
8696,13.0
8697,13.0
8698,13.0
8699,13.0
8700,13.0
8701,13.0
8702,13.0
8703,13.0
8704,13.0
8705,13.0
8706,13.0
8707,13.0
8708,13.0
8709,13.0
8710,13.0
8711,13.0
8712,13.0
8713,13.0
8714,13.0
8715,13.0
8716,13.0
8717,13.0
8718,13.0
8719,13.0
8720,13.0
8721,13.0
8722,13.0
8723,13.0
8724,13.0
8725,13.0
8726,13.0
8727,13.0
8728,13.0
8729,13.0
8730,13.0
8731,13.0
8732,13.0
8733,13.0
8734,13.0
8735,13.0
8736,13.0
8737,13.0
8738,13.0
8739,13.0
8740,13.0
8741,13.0
8742,13.0
8743,13.0
8744,13.0
8745,13.0
8746,13.0
8747,13.0
8748,13.0
8749,13.0
8750,13.0
8751,13.0
8752,13.0
8753,13.0
8754,13.0
8755,13.0
8756,13.0
8757,13.0
8758,13.0
8759,13.0
8760,13.0
8761,13.0
8762,13.0
8763,13.0
8764,13.0
8765,13.0
8766,13.0
8767,13.0
8768,13.0
8769,13.0
8770,13.0
8771,13.0
8772,13.0
8773,13.0
8774,13.0
8775,13.0
8776,13.0
8777,13.0
8778,13.0
8779,13.0
8780,13.0
8781,13.0
8782,13.0
8783,13.0
8784,13.0
8785,13.0
8786,13.0
8787,13.0
8788,13.0
8789,13.0
8790,13.0
8791,13.0
8792,13.0
8793,13.0
8794,13.0
8795,13.0
8796,13.0
8797,13.0
8798,13.0
8799,13.0
8800,13.0
8801,13.0
8802,13.0
8803,13.0
8804,13.0
8805,13.0
8806,13.0
8807,13.0
8808,13.0
8809,13.0
8810,13.0
8811,13.0
8812,13.0
8813,13.0
8814,13.0
8815,13.0
8816,13.0
8817,13.0
8818,13.0
8819,13.0
8820,13.0
8821,13.0
8822,13.0
8823,13.0
8824,13.0
8825,13.0
8826,13.0
8827,13.0
8828,13.0
8829,13.0
8830,13.0
8831,13.0
8832,13.0
8833,13.0
8834,13.0
8835,13.0
8836,13.0
8837,13.0
8838,13.0
8839,13.0
8840,13.0
8841,13.0
8842,13.0
8843,13.0
8844,13.0
8845,13.0
8846,13.0
8847,13.0
8848,13.0
8849,13.0
8850,13.0
8851,13.0
8852,13.0
8853,13.0
8854,13.0
8855,13.0
8856,13.0
8857,13.0
8858,13.0
8859,13.0
8860,13.0
8861,13.0
8862,13.0
8863,13.0
8864,13.0
8865,13.0
8866,13.0
8867,13.0
8868,13.0
8869,13.0
8870,13.0
8871,13.0
8872,13.0
8873,13.0
8874,13.0
8875,13.0
8876,13.0
8877,13.0
8878,13.0
8879,13.0
8880,13.0
8881,13.0
8882,13.0
8883,13.0
8884,13.0
8885,13.0
8886,13.0
8887,13.0
8888,13.0
8889,13.0
8890,13.0
8891,13.0
8892,13.0
8893,13.0
8894,13.0
8895,13.0
8896,13.0
8897,13.0
8898,13.0
8899,13.0
8900,13.0
8901,13.0
8902,13.0
8903,13.0
8904,13.0
8905,13.0
8906,13.0
8907,13.0
8908,13.0
8909,13.0
8910,13.0
8911,13.0
8912,13.0
8913,13.0
8914,13.0
8915,13.0
8916,13.0
8917,13.0
8918,13.0
8919,13.0
8920,13.0
8921,13.0
8922,13.0
8923,13.0
8924,13.0
8925,13.0
8926,13.0
8927,13.0
8928,13.0
8929,13.0
8930,13.0
8931,13.0
8932,13.0
8933,13.0
8934,13.0
8935,13.0
8936,13.0
8937,13.0
8938,13.0
8939,13.0
8940,13.0
8941,13.0
8942,13.0
8943,13.0
8944,13.0
8945,13.0
8946,13.0
8947,13.0
8948,13.0
8949,13.0
8950,13.0
8951,13.0
8952,13.0
8953,13.0
8954,13.0
8955,13.0
8956,13.0
8957,13.0
8958,13.0
8959,13.0
8960,13.0
8961,13.0
8962,13.0
8963,13.0
8964,13.0
8965,13.0
8966,13.0
8967,13.0
8968,13.0
8969,13.0
8970,13.0
8971,13.0
8972,13.0
8973,13.0
8974,13.0
8975,13.0
8976,13.0
8977,13.0
8978,13.0
8979,13.0
8980,13.0
8981,13.0
8982,13.0
8983,13.0
8984,13.0
8985,13.0
8986,13.0
8987,13.0
8988,13.0
8989,13.0
8990,13.0
8991,13.0
8992,13.0
8993,13.0
8994,13.0
8995,13.0
8996,13.0
8997,13.0
8998,13.0
8999,13.0
9000,13.0
9001,13.0
9002,13.0
9003,13.0
9004,13.0
9005,13.0
9006,13.0
9007,13.0
9008,13.0
9009,13.0
9010,13.0
9011,13.0
9012,13.0
9013,13.0
9014,13.0
9015,13.0
9016,13.0
9017,13.0
9018,13.0
9019,13.0
9020,13.0
9021,13.0
9022,13.0
9023,13.0
9024,13.0
9025,13.0
9026,13.0
9027,13.0
9028,13.0
9029,13.0
9030,13.0
9031,13.0
9032,13.0
9033,13.0
9034,13.0
9035,13.0
9036,13.0
9037,13.0
9038,13.0
9039,13.0
9040,13.0
9041,13.0
9042,13.0
9043,13.0
9044,13.0
9045,13.0
9046,13.0
9047,13.0
9048,13.0
9049,13.0
9050,13.0
9051,13.0
9052,13.0
9053,13.0
9054,13.0
9055,13.0
9056,13.0
9057,13.0
9058,13.0
9059,13.0
9060,13.0
9061,13.0
9062,13.0
9063,13.0
9064,13.0
9065,13.0
9066,13.0
9067,13.0
9068,13.0
9069,13.0
9070,13.0
9071,13.0
9072,13.0
9073,13.0
9074,13.0
9075,13.0
9076,13.0
9077,13.0
9078,13.0
9079,13.0
9080,13.0
9081,13.0
9082,13.0
9083,13.0
9084,13.0
9085,13.0
9086,13.0
9087,13.0
9088,13.0
9089,13.0
9090,13.0
9091,13.0
9092,13.0
9093,13.0
9094,13.0
9095,13.0
9096,13.0
9097,13.0
9098,13.0
9099,13.0
9100,13.0
9101,13.0
9102,13.0
9103,13.0
9104,13.0
9105,13.0
9106,13.0
9107,13.0
9108,13.0
9109,13.0
9110,13.0
9111,13.0
9112,13.0
9113,13.0
9114,13.0
9115,13.0
9116,13.0
9117,13.0
9118,13.0
9119,13.0
9120,13.0
9121,13.0
9122,13.0
9123,13.0
9124,13.0
9125,13.0
9126,13.0
9127,13.0
9128,13.0
9129,13.0
9130,13.0
9131,13.0
9132,13.0
9133,13.0
9134,13.0
9135,13.0
9136,13.0
9137,13.0
9138,13.0
9139,13.0
9140,13.0
9141,13.0
9142,13.0
9143,13.0
9144,13.0
9145,13.0
9146,13.0
9147,13.0
9148,13.0
9149,13.0
9150,13.0
9151,13.0
9152,13.0
9153,13.0
9154,13.0
9155,13.0
9156,13.0
9157,13.0
9158,13.0
9159,13.0
9160,13.0
9161,13.0
9162,13.0
9163,13.0
9164,13.0
9165,13.0
9166,13.0
9167,13.0
9168,13.0
9169,13.0
9170,13.0
9171,13.0
9172,13.0
9173,13.0
9174,13.0
9175,13.0
9176,13.0
9177,13.0
9178,13.0
9179,13.0
9180,13.0
9181,13.0
9182,13.0
9183,13.0
9184,13.0
9185,13.0
9186,13.0
9187,13.0
9188,13.0
9189,13.0
9190,13.0
9191,13.0
9192,13.0
9193,13.0
9194,13.0
9195,13.0
9196,13.0
9197,13.0
9198,13.0
9199,13.0
9200,13.0
9201,13.0
9202,13.0
9203,13.0
9204,13.0
9205,13.0
9206,13.0
9207,13.0
9208,13.0
9209,13.0
9210,13.0
9211,13.0
9212,13.0
9213,13.0
9214,13.0
9215,13.0
9216,13.0
9217,13.0
9218,13.0
9219,13.0
9220,13.0
9221,13.0
9222,13.0
9223,13.0
9224,13.0
9225,13.0
9226,13.0
9227,13.0
9228,13.0
9229,13.0
9230,13.0
9231,13.0
9232,13.0
9233,13.0
9234,13.0
9235,13.0
9236,13.0
9237,13.0
9238,13.0
9239,13.0
9240,13.0
9241,13.0
9242,13.0
9243,13.0
9244,13.0
9245,13.0
9246,13.0
9247,13.0
9248,13.0
9249,13.0
9250,13.0
9251,13.0
9252,13.0
9253,13.0
9254,13.0
9255,13.0
9256,13.0
9257,13.0
9258,13.0
9259,13.0
9260,13.0
9261,13.0
9262,13.0
9263,13.0
9264,13.0
9265,13.0
9266,13.0
9267,13.0
9268,13.0
9269,13.0
9270,13.0
9271,13.0
9272,13.0
9273,13.0
9274,13.0
9275,13.0
9276,13.0
9277,13.0
9278,13.0
9279,13.0
9280,13.0
9281,13.0
9282,13.0
9283,13.0
9284,13.0
9285,13.0
9286,13.0
9287,13.0
9288,13.0
9289,13.0
9290,13.0
9291,13.0
9292,13.0
9293,13.0
9294,13.0
9295,13.0
9296,13.0
9297,13.0
9298,13.0
9299,13.0
9300,13.0
9301,13.0
9302,13.0
9303,13.0
9304,13.0
9305,13.0
9306,13.0
9307,13.0
9308,13.0
9309,13.0
9310,13.0
9311,13.0
9312,13.0
9313,13.0
9314,13.0
9315,13.0
9316,13.0
9317,13.0
9318,13.0
9319,13.0
9320,13.0
9321,13.0
9322,13.0
9323,13.0
9324,13.0
9325,13.0
9326,13.0
9327,13.0
9328,13.0
9329,13.0
9330,13.0
9331,13.0
9332,13.0
9333,13.0
9334,13.0
9335,13.0
9336,13.0
9337,13.0
9338,13.0
9339,13.0
9340,13.0
9341,13.0
9342,13.0
9343,13.0
9344,13.0
9345,13.0
9346,13.0
9347,13.0
9348,13.0
9349,14.0
9350,14.0
9351,14.0
9352,14.0
9353,14.0
9354,14.0
9355,14.0
9356,14.0
9357,14.0
9358,14.0
9359,14.0
9360,14.0
9361,14.0
9362,14.0
9363,14.0
9364,14.0
9365,14.0
9366,14.0
9367,14.0
9368,14.0
9369,14.0
9370,14.0
9371,14.0
9372,14.0
9373,14.0
9374,14.0
9375,14.0
9376,14.0
9377,14.0
9378,14.0
9379,14.0
9380,14.0
9381,14.0
9382,14.0
9383,14.0
9384,14.0
9385,14.0
9386,14.0
9387,14.0
9388,14.0
9389,14.0
9390,14.0
9391,14.0
9392,14.0
9393,14.0
9394,14.0
9395,14.0
9396,14.0
9397,14.0
9398,14.0
9399,14.0
9400,14.0
9401,14.0
9402,14.0
9403,14.0
9404,14.0
9405,14.0
9406,14.0
9407,14.0
9408,14.0
9409,14.0
9410,14.0
9411,14.0
9412,14.0
9413,14.0
9414,14.0
9415,14.0
9416,14.0
9417,14.0
9418,14.0
9419,14.0
9420,14.0
9421,14.0
9422,14.0
9423,14.0
9424,14.0
9425,14.0
9426,14.0
9427,14.0
9428,14.0
9429,14.0
9430,14.0
9431,14.0
9432,14.0
9433,14.0
9434,14.0
9435,14.0
9436,14.0
9437,14.0
9438,14.0
9439,14.0
9440,14.0
9441,14.0
9442,14.0
9443,14.0
9444,14.0
9445,14.0
9446,14.0
9447,14.0
9448,14.0
9449,14.0
9450,14.0
9451,14.0
9452,14.0
9453,14.0
9454,14.0
9455,14.0
9456,14.0
9457,14.0
9458,14.0
9459,14.0
9460,14.0
9461,14.0
9462,14.0
9463,14.0
9464,14.0
9465,14.0
9466,14.0
9467,14.0
9468,14.0
9469,14.0
9470,14.0
9471,14.0
9472,14.0
9473,14.0
9474,14.0
9475,14.0
9476,15.0
9477,15.0
9478,15.0
9479,15.0
9480,15.0
9481,15.0
9482,15.0
9483,15.0
9484,15.0
9485,15.0
9486,15.0
9487,15.0
9488,15.0
9489,15.0
9490,15.0
9491,15.0
9492,15.0
9493,15.0
9494,15.0
9495,15.0
9496,15.0
9497,15.0
9498,15.0
9499,15.0
9500,15.0
9501,15.0
9502,15.0
9503,15.0
9504,15.0
9505,15.0
9506,15.0
9507,15.0
9508,15.0
9509,15.0
9510,15.0
9511,15.0
9512,15.0
9513,15.0
9514,15.0
9515,15.0
9516,15.0
9517,15.0
9518,15.0
9519,15.0
9520,15.0
9521,15.0
9522,15.0
9523,15.0
9524,15.0
9525,15.0
9526,15.0
9527,15.0
9528,15.0
9529,15.0
9530,15.0
9531,15.0
9532,15.0
9533,15.0
9534,15.0
9535,15.0
9536,15.0
9537,15.0
9538,15.0
9539,16.0
9540,16.0
9541,16.0
9542,16.0
9543,16.0
9544,16.0
9545,16.0
9546,16.0
9547,16.0
9548,16.0
9549,16.0
9550,16.0
9551,16.0
9552,16.0
9553,16.0
9554,16.0
9555,16.0
9556,16.0
9557,16.0
9558,16.0
9559,16.0
9560,16.0
9561,16.0
9562,16.0
9563,16.0
9564,16.0
9565,16.0
9566,16.0
9567,16.0
9568,16.0
9569,16.0
9570,16.0
9571,16.0
9572,16.0
9573,16.0
9574,16.0
9575,16.0
9576,16.0
9577,16.0
9578,16.0
9579,16.0
9580,16.0
9581,16.0
9582,15.0
9583,15.0
9584,15.0
9585,14.0
9586,14.0
9587,14.0
9588,14.0
9589,14.0
9590,14.0
9591,14.0
9592,14.0
9593,14.0
9594,14.0
9595,14.0
9596,14.0
9597,14.0
9598,14.0
9599,14.0
9600,14.0
9601,14.0
9602,14.0
9603,14.0
9604,14.0
9605,14.0
9606,14.0
9607,14.0
9608,14.0
9609,14.0
9610,14.0
9611,14.0
9612,14.0
9613,14.0
9614,15.0
9615,15.0
9616,15.0
9617,15.0
9618,15.0
9619,15.0
9620,15.0
9621,15.0
9622,15.0
9623,15.0
9624,15.0
9625,15.0
9626,15.0
9627,15.0
9628,15.0
9629,15.0
9630,15.0
9631,15.0
9632,15.0
9633,15.0
9634,15.0
9635,15.0
9636,15.0
9637,15.0
9638,15.0
9639,15.0
9640,15.0
9641,15.0
9642,15.0
9643,15.0
9644,15.0
9645,15.0
9646,15.0
9647,15.0
9648,15.0
9649,15.0
9650,15.0
9651,15.0
9652,15.0
9653,15.0
9654,15.0
9655,15.0
9656,15.0
9657,15.0
9658,15.0
9659,15.0
9660,15.0
9661,15.0
9662,15.0
9663,15.0
9664,15.0
9665,15.0
9666,15.0
9667,15.0
9668,15.0
9669,15.0
9670,15.0
9671,15.0
9672,15.0
9673,15.0
9674,15.0
9675,15.0
9676,15.0
9677,15.0
9678,15.0
9679,15.0
9680,15.0
9681,15.0
9682,15.0
9683,15.0
9684,15.0
9685,15.0
9686,15.0
9687,15.0
9688,15.0
9689,15.0
9690,15.0
9691,15.0
9692,15.0
9693,15.0
9694,15.0
9695,15.0
9696,15.0
9697,15.0
9698,15.0
9699,15.0
9700,15.0
9701,15.0
9702,15.0
9703,15.0
9704,15.0
9705,15.0
9706,15.0
9707,15.0
9708,15.0
9709,15.0
9710,15.0
9711,15.0
9712,15.0
9713,15.0
9714,16.0
9715,16.0
9716,16.0
9717,16.0
9718,16.0
9719,16.0
9720,16.0
9721,16.0
9722,16.0
9723,16.0
9724,16.0
9725,13.0
9726,13.0
9727,13.0
9728,13.0
9729,13.0
9730,13.0
9731,13.0
9732,13.0
9733,13.0
9734,13.0
9735,13.0
9736,13.0
9737,13.0
9738,13.0
9739,13.0
9740,13.0
9741,13.0
9742,13.0
9743,13.0
9744,13.0
9745,13.0
9746,13.0
9747,13.0
9748,13.0
9749,13.0
9750,13.0
9751,13.0
9752,13.0
9753,13.0
9754,13.0
9755,13.0
9756,13.0
9757,13.0
9758,13.0
9759,13.0
9760,13.0
9761,13.0
9762,13.0
9763,13.0
9764,13.0
9765,12.0
9766,12.0
9767,12.0
9768,12.0
9769,12.0
9770,12.0
9771,12.0
9772,12.0
9773,12.0
9774,12.0
9775,12.0
9776,12.0
9777,12.0
9778,12.0
9779,12.0
9780,12.0
9781,12.0
9782,12.0
9783,12.0
9784,12.0
9785,12.0
9786,12.0
9787,12.0
9788,12.0
9789,12.0
9790,12.0
9791,12.0
9792,12.0
9793,12.0
9794,12.0
9795,12.0
9796,12.0
9797,12.0
9798,12.0
9799,12.0
9800,12.0
9801,12.0
9802,12.0
9803,12.0
9804,11.0
9805,10.0
9806,10.0
9807,10.0
9808,10.0
9809,10.0
9810,10.0
9811,10.0
9812,10.0
9813,10.0
9814,10.0
9815,10.0
9816,10.0
9817,10.0
9818,10.0
9819,10.0
9820,10.0
9821,10.0
9822,10.0
9823,10.0
9824,10.0
9825,10.0
9826,10.0
9827,10.0
9828,10.0
9829,10.0
9830,10.0
9831,10.0
9832,10.0
9833,10.0
9834,10.0
9835,10.0
9836,10.0
9837,10.0
9838,10.0
9839,10.0
9840,10.0
9841,10.0
9842,10.0
9843,10.0
9844,10.0
9845,10.0
9846,10.0
9847,10.0
9848,10.0
9849,10.0
9850,10.0
9851,10.0
9852,10.0
9853,10.0
9854,10.0
9855,10.0
9856,10.0
9857,10.0
9858,10.0
9859,10.0
9860,10.0
9861,10.0
9862,10.0
9863,10.0
9864,10.0
9865,10.0
9866,10.0
9867,10.0
9868,10.0
9869,10.0
9870,10.0
9871,10.0
9872,10.0
9873,10.0
9874,10.0
9875,10.0
9876,10.0
9877,10.0
9878,10.0
9879,10.0
9880,10.0
9881,10.0
9882,10.0
9883,10.0
9884,10.0
9885,10.0
9886,10.0
9887,10.0
9888,10.0
9889,10.0
9890,10.0
9891,10.0
9892,10.0
9893,10.0
9894,10.0
9895,10.0
9896,10.0
9897,10.0
9898,10.0
9899,10.0
9900,10.0
9901,10.0
9902,10.0
9903,10.0
9904,10.0
9905,10.0
9906,10.0
9907,10.0
9908,10.0
9909,10.0
9910,10.0
9911,10.0
9912,10.0
9913,10.0
9914,10.0
9915,10.0
9916,10.0
9917,10.0
9918,10.0
9919,10.0
9920,10.0
9921,10.0
9922,10.0
9923,10.0
9924,10.0
9925,10.0
9926,10.0
9927,10.0
9928,10.0
9929,10.0
9930,10.0
9931,10.0
9932,10.0
9933,10.0
9934,10.0
9935,10.0
9936,10.0
9937,10.0
9938,10.0
9939,10.0
9940,10.0
9941,10.0
9942,10.0
9943,10.0
9944,10.0
9945,10.0
9946,10.0
9947,10.0
9948,10.0
9949,10.0
9950,10.0
9951,10.0
9952,10.0
9953,10.0
9954,10.0
9955,10.0
9956,10.0
9957,10.0
9958,10.0
9959,10.0
9960,10.0
9961,10.0
9962,10.0
9963,10.0
9964,10.0
9965,10.0
9966,10.0
9967,10.0
9968,10.0
9969,10.0
9970,10.0
9971,10.0
9972,10.0
9973,10.0
9974,10.0
9975,10.0
9976,10.0
9977,10.0
9978,10.0
9979,10.0
9980,10.0
9981,10.0
9982,10.0
9983,10.0
9984,10.0
9985,10.0
9986,10.0
9987,10.0
9988,10.0
9989,10.0
9990,10.0
9991,10.0
9992,10.0
9993,10.0
9994,10.0
9995,10.0
9996,10.0
9997,10.0
9998,10.0
9999,10.0
10000,10.0
10001,10.0
10002,10.0
10003,10.0
10004,10.0
10005,10.0
10006,10.0
10007,10.0
10008,10.0
10009,10.0
10010,10.0
10011,10.0
10012,10.0
10013,10.0
10014,10.0
10015,10.0
10016,10.0
10017,10.0
10018,10.0
10019,10.0
10020,10.0
10021,10.0
10022,10.0
10023,10.0
10024,10.0
10025,10.0
10026,10.0
10027,10.0
10028,10.0
10029,10.0
10030,10.0
10031,10.0
10032,10.0
10033,10.0
10034,10.0
10035,10.0
10036,10.0
10037,10.0
10038,10.0
10039,10.0
10040,10.0
10041,10.0
10042,10.0
10043,10.0
10044,10.0
10045,10.0
10046,10.0
10047,10.0
10048,10.0
10049,10.0
10050,10.0
10051,10.0
10052,10.0
10053,10.0
10054,10.0
10055,10.0
10056,10.0
10057,10.0
10058,10.0
10059,10.0
10060,10.0
10061,10.0
10062,10.0
10063,10.0
10064,10.0
10065,10.0
10066,10.0
10067,10.0
10068,10.0
10069,10.0
10070,10.0
10071,10.0
10072,10.0
10073,10.0
10074,10.0
10075,10.0
10076,10.0
10077,10.0
10078,10.0
10079,10.0
10080,10.0
10081,10.0
10082,10.0
10083,10.0
10084,10.0
10085,10.0
10086,10.0
10087,10.0
10088,10.0
10089,10.0
10090,10.0
10091,10.0
10092,10.0
10093,10.0
10094,10.0
10095,10.0
10096,10.0
10097,10.0
10098,10.0
10099,10.0
10100,10.0
10101,10.0
10102,10.0
10103,10.0
10104,10.0
10105,10.0
10106,10.0
10107,10.0
10108,10.0
10109,10.0
10110,10.0
10111,10.0
10112,10.0
10113,10.0
10114,10.0
10115,10.0
10116,10.0
10117,10.0
10118,10.0
10119,10.0
10120,10.0
10121,10.0
10122,10.0
10123,10.0
10124,10.0
10125,10.0
10126,10.0
10127,10.0
10128,10.0
10129,10.0
10130,10.0
10131,10.0
10132,10.0
10133,10.0
10134,10.0
10135,10.0
10136,10.0
10137,10.0
10138,10.0
10139,10.0
10140,10.0
10141,10.0
10142,10.0
10143,10.0
10144,10.0
10145,10.0
10146,10.0
10147,10.0
10148,10.0
10149,10.0
10150,10.0
10151,10.0
10152,10.0
10153,10.0
10154,10.0
10155,10.0
10156,10.0
10157,10.0
10158,10.0
10159,10.0
10160,10.0
10161,10.0
10162,10.0
10163,10.0
10164,10.0
10165,10.0
10166,10.0
10167,10.0
10168,10.0
10169,10.0
10170,10.0
10171,10.0
10172,10.0
10173,10.0
10174,10.0
10175,10.0
10176,10.0
10177,10.0
10178,10.0
10179,10.0
10180,10.0
10181,10.0
10182,10.0
10183,10.0
10184,10.0
10185,10.0
10186,10.0
10187,10.0
10188,10.0
10189,10.0
10190,10.0
10191,10.0
10192,10.0
10193,11.0
10194,11.0
10195,11.0
10196,11.0
10197,11.0
10198,11.0
10199,11.0
10200,11.0
10201,11.0
10202,11.0
10203,11.0
10204,11.0
10205,11.0
10206,11.0
10207,11.0
10208,11.0
10209,11.0
10210,11.0
10211,11.0
10212,11.0
10213,11.0
10214,11.0
10215,11.0
10216,11.0
10217,11.0
10218,11.0
10219,11.0
10220,11.0
10221,11.0
10222,11.0
10223,11.0
10224,11.0
10225,11.0
10226,11.0
10227,11.0
10228,11.0
10229,11.0
10230,11.0
10231,11.0
10232,11.0
10233,11.0
10234,11.0
10235,11.0
10236,10.0
10237,11.0
10238,11.0
10239,11.0
10240,11.0
10241,9.0
10242,9.0
10243,9.0
10244,9.0
10245,9.0
10246,9.0
10247,9.0
10248,9.0
10249,9.0
10250,9.0
10251,9.0
10252,9.0
10253,9.0
10254,9.0
10255,9.0
10256,9.0
10257,9.0
10258,10.0
10259,10.0
10260,10.0
10261,10.0
10262,10.0
10263,10.0
10264,10.0
10265,10.0
10266,10.0
10267,10.0
10268,10.0
10269,10.0
10270,10.0
10271,10.0
10272,10.0
10273,10.0
10274,10.0
10275,10.0
10276,10.0
10277,10.0
10278,10.0
10279,10.0
10280,10.0
10281,10.0
10282,10.0
10283,10.0
10284,10.0
10285,10.0
10286,10.0
10287,10.0
10288,10.0
10289,10.0
10290,10.0
10291,10.0
10292,10.0
10293,10.0
10294,10.0
10295,10.0
10296,10.0
10297,10.0
10298,10.0
10299,10.0
10300,10.0
10301,10.0
10302,10.0
10303,10.0
10304,10.0
10305,10.0
10306,10.0
10307,10.0
10308,10.0
10309,10.0
10310,10.0
10311,10.0
10312,10.0
10313,10.0
10314,10.0
10315,10.0
10316,10.0
10317,10.0
10318,10.0
10319,10.0
10320,10.0
10321,10.0
10322,10.0
10323,10.0
10324,10.0
10325,10.0
10326,10.0
10327,10.0
10328,10.0
10329,10.0
10330,10.0
10331,10.0
10332,10.0
10333,10.0
10334,10.0
10335,10.0
10336,10.0
10337,10.0
10338,10.0
10339,11.0
10340,11.0
10341,11.0
10342,12.0
10343,12.0
10344,12.0
10345,12.0
10346,12.0
10347,12.0
10348,11.0
10349,11.0
10350,11.0
10351,11.0
10352,11.0
10353,11.0
10354,11.0
10355,11.0
10356,11.0
10357,11.0
10358,11.0
10359,11.0
10360,11.0
10361,11.0
10362,11.0
10363,11.0
10364,11.0
10365,11.0
10366,11.0
10367,11.0
10368,11.0
10369,11.0
10370,11.0
10371,11.0
10372,11.0
10373,11.0
10374,11.0
10375,11.0
10376,9.0
10377,9.0
10378,9.0
10379,9.0
10380,9.0
10381,9.0
10382,9.0
10383,9.0
10384,9.0
10385,9.0
10386,9.0
10387,9.0
10388,9.0
10389,9.0
10390,9.0
10391,9.0
10392,9.0
10393,9.0
10394,9.0
10395,9.0
10396,9.0
10397,9.0
10398,9.0
10399,9.0
10400,9.0
10401,9.0
10402,9.0
10403,9.0
10404,9.0
10405,9.0
10406,9.0
10407,9.0
10408,9.0
10409,9.0
10410,9.0
10411,9.0
10412,10.0
10413,10.0
10414,10.0
10415,10.0
10416,10.0
10417,10.0
10418,10.0
10419,10.0
10420,10.0
10421,10.0
10422,10.0
10423,10.0
10424,10.0
10425,10.0
10426,10.0
10427,10.0
10428,10.0
10429,9.0
10430,9.0
10431,9.0
10432,9.0
10433,9.0
10434,10.0
10435,10.0
10436,10.0
10437,10.0
10438,10.0
10439,10.0
10440,10.0
10441,10.0
10442,10.0
10443,10.0
10444,10.0
10445,10.0
10446,10.0
10447,10.0
10448,10.0
10449,10.0
10450,10.0
10451,10.0
10452,10.0
10453,10.0
10454,11.0
10455,11.0
10456,11.0
10457,11.0
10458,11.0
10459,11.0
10460,11.0
10461,11.0
10462,11.0
10463,11.0
10464,11.0
10465,11.0
10466,11.0
10467,11.0
10468,11.0
10469,11.0
10470,11.0
10471,11.0
10472,11.0
10473,11.0
10474,11.0
10475,11.0
10476,11.0
10477,11.0
10478,11.0
10479,11.0
10480,11.0
10481,11.0
10482,11.0
10483,11.0
10484,11.0
10485,11.0
10486,11.0
10487,11.0
10488,11.0
10489,10.0
10490,10.0
10491,10.0
10492,10.0
10493,10.0
10494,10.0
10495,10.0
10496,10.0
10497,10.0
10498,10.0
10499,10.0
10500,10.0
10501,10.0
10502,10.0
10503,10.0
10504,10.0
10505,10.0
10506,10.0
10507,10.0
10508,10.0
10509,10.0
10510,10.0
10511,10.0
10512,10.0
10513,10.0
10514,10.0
10515,10.0
10516,10.0
10517,10.0
10518,10.0
10519,10.0
10520,10.0
10521,10.0
10522,10.0
10523,10.0
10524,10.0
10525,10.0
10526,10.0
10527,10.0
10528,10.0
10529,10.0
10530,10.0
10531,10.0
10532,10.0
10533,10.0
10534,10.0
10535,10.0
10536,10.0
10537,10.0
10538,10.0
10539,10.0
10540,10.0
10541,10.0
10542,10.0
10543,10.0
10544,10.0
10545,10.0
10546,10.0
10547,10.0
10548,10.0
10549,10.0
10550,10.0
10551,10.0
10552,10.0
10553,10.0
10554,10.0
10555,10.0
10556,10.0
10557,10.0
10558,10.0
10559,10.0
10560,10.0
10561,10.0
10562,10.0
10563,10.0
10564,10.0
10565,10.0
10566,10.0
10567,10.0
10568,10.0
10569,10.0
10570,10.0
10571,10.0
10572,10.0
10573,10.0
10574,10.0
10575,10.0
10576,10.0
10577,10.0
10578,10.0
10579,10.0
10580,10.0
10581,10.0
10582,10.0
10583,10.0
10584,10.0
10585,10.0
10586,10.0
10587,10.0
10588,10.0
10589,10.0
10590,10.0
10591,10.0
10592,10.0
10593,10.0
10594,10.0
10595,10.0
10596,10.0
10597,10.0
10598,10.0
10599,10.0
10600,10.0
10601,10.0
10602,10.0
10603,10.0
10604,10.0
10605,10.0
10606,10.0
10607,10.0
10608,10.0
10609,10.0
10610,10.0
10611,10.0
10612,10.0
10613,10.0
10614,10.0
10615,10.0
10616,10.0
10617,10.0
10618,10.0
10619,10.0
10620,10.0
10621,10.0
10622,10.0
10623,10.0
10624,10.0
10625,10.0
10626,10.0
10627,10.0
10628,10.0
10629,10.0
10630,10.0
10631,10.0
10632,10.0
10633,10.0
10634,10.0
10635,10.0
10636,10.0
10637,10.0
10638,10.0
10639,10.0
10640,10.0
10641,10.0
10642,10.0
10643,10.0
10644,10.0
10645,10.0
10646,10.0
10647,10.0
10648,10.0
10649,10.0
10650,11.0
10651,11.0
10652,11.0
10653,11.0
10654,11.0
10655,11.0
10656,11.0
10657,11.0
10658,11.0
10659,11.0
10660,11.0
10661,11.0
10662,11.0
10663,11.0
10664,11.0
10665,11.0
10666,11.0
10667,11.0
10668,11.0
10669,11.0
10670,11.0
10671,11.0
10672,11.0
10673,11.0
10674,11.0
10675,11.0
10676,11.0
10677,11.0
10678,11.0
10679,11.0
10680,11.0
10681,11.0
10682,11.0
10683,11.0
10684,11.0
10685,11.0
10686,11.0
10687,11.0
10688,11.0
10689,11.0
10690,11.0
10691,11.0
10692,11.0
10693,11.0
10694,11.0
10695,11.0
10696,11.0
10697,11.0
10698,11.0
10699,11.0
10700,11.0
10701,11.0
10702,11.0
10703,11.0
10704,11.0
10705,11.0
10706,11.0
10707,11.0
10708,11.0
10709,11.0
10710,11.0
10711,11.0
10712,11.0
10713,11.0
10714,11.0
10715,11.0
10716,11.0
10717,11.0
10718,11.0
10719,11.0
10720,11.0
10721,11.0
10722,11.0
10723,11.0
10724,11.0
10725,11.0
10726,11.0
10727,11.0
10728,11.0
10729,11.0
10730,11.0
10731,11.0
10732,11.0
10733,11.0
10734,11.0
10735,11.0
10736,11.0
10737,11.0
10738,11.0
10739,11.0
10740,11.0
10741,11.0
10742,11.0
10743,11.0
10744,11.0
10745,11.0
10746,11.0
10747,11.0
10748,11.0
10749,11.0
10750,11.0
10751,11.0
10752,11.0
10753,11.0
10754,11.0
10755,11.0
10756,11.0
10757,11.0
10758,11.0
10759,11.0
10760,11.0
10761,11.0
10762,11.0
10763,11.0
10764,11.0
10765,11.0
10766,11.0
10767,11.0
10768,11.0
10769,11.0
10770,11.0
10771,11.0
10772,11.0
10773,11.0
10774,11.0
10775,11.0
10776,11.0
10777,11.0
10778,11.0
10779,11.0
10780,11.0
10781,11.0
10782,11.0
10783,11.0
10784,11.0
10785,11.0
10786,11.0
10787,11.0
10788,11.0
10789,11.0
10790,11.0
10791,11.0
10792,11.0
10793,11.0
10794,11.0
10795,11.0
10796,11.0
10797,11.0
10798,11.0
10799,11.0
10800,11.0
10801,11.0
10802,11.0
10803,11.0
10804,11.0
10805,11.0
10806,11.0
10807,11.0
10808,11.0
10809,11.0
10810,11.0
10811,11.0
10812,11.0
10813,11.0
10814,11.0
10815,11.0
10816,11.0
10817,11.0
10818,11.0
10819,11.0
10820,11.0
10821,11.0
10822,11.0
10823,11.0
10824,11.0
10825,11.0
10826,11.0
10827,11.0
10828,11.0
10829,11.0
10830,11.0
10831,11.0
10832,11.0
10833,11.0
10834,11.0
10835,11.0
10836,11.0
10837,11.0
10838,11.0
10839,11.0
10840,11.0
10841,11.0
10842,11.0
10843,11.0
10844,11.0
10845,11.0
10846,11.0
10847,11.0
10848,11.0
10849,11.0
10850,11.0
10851,11.0
10852,11.0
10853,11.0
10854,11.0
10855,11.0
10856,11.0
10857,11.0
10858,11.0
10859,11.0
10860,11.0
10861,11.0
10862,11.0
10863,11.0
10864,11.0
10865,11.0
10866,11.0
10867,11.0
10868,11.0
10869,11.0
10870,11.0
10871,11.0
10872,11.0
10873,11.0
10874,11.0
10875,11.0
10876,11.0
10877,11.0
10878,11.0
10879,11.0
10880,11.0
10881,11.0
10882,11.0
10883,11.0
10884,11.0
10885,11.0
10886,11.0
10887,11.0
10888,11.0
10889,11.0
10890,11.0
10891,11.0
10892,11.0
10893,11.0
10894,11.0
10895,11.0
10896,11.0
10897,11.0
10898,11.0
10899,11.0
10900,11.0
10901,11.0
10902,11.0
10903,11.0
10904,11.0
10905,11.0
10906,11.0
10907,11.0
10908,11.0
10909,11.0
10910,11.0
10911,11.0
10912,11.0
10913,11.0
10914,11.0
10915,11.0
10916,11.0
10917,11.0
10918,11.0
10919,11.0
10920,11.0
10921,11.0
10922,11.0
10923,11.0
10924,11.0
10925,11.0
10926,11.0
10927,11.0
10928,11.0
10929,11.0
10930,11.0
10931,11.0
10932,11.0
10933,11.0
10934,11.0
10935,11.0
10936,11.0
10937,11.0
10938,11.0
10939,11.0
10940,11.0
10941,11.0
10942,11.0
10943,11.0
10944,11.0
10945,11.0
10946,11.0
10947,11.0
10948,11.0
10949,11.0
10950,11.0
10951,11.0
10952,11.0
10953,11.0
10954,11.0
10955,11.0
10956,11.0
10957,11.0
10958,11.0
10959,11.0
10960,11.0
10961,11.0
10962,11.0
10963,11.0
10964,11.0
10965,11.0
10966,11.0
10967,11.0
10968,11.0
10969,11.0
10970,11.0
10971,11.0
10972,11.0
10973,11.0
10974,11.0
10975,11.0
10976,11.0
10977,11.0
10978,11.0
10979,11.0
10980,11.0
10981,11.0
10982,11.0
10983,11.0
10984,11.0
10985,11.0
10986,11.0
10987,11.0
10988,10.0
10989,10.0
10990,10.0
10991,10.0
10992,10.0
10993,10.0
10994,10.0
10995,10.0
10996,10.0
10997,10.0
10998,10.0
10999,10.0
11000,10.0
11001,10.0
11002,10.0
11003,10.0
11004,10.0
11005,10.0
11006,10.0
11007,10.0
11008,10.0
11009,10.0
11010,10.0
11011,10.0
11012,10.0
11013,10.0
11014,10.0
11015,10.0
11016,10.0
11017,10.0
11018,10.0
11019,10.0
11020,10.0
11021,10.0
11022,10.0
11023,10.0
11024,10.0
11025,10.0
11026,10.0
11027,10.0
11028,10.0
11029,10.0
11030,10.0
11031,10.0
11032,10.0
11033,10.0
11034,10.0
11035,10.0
11036,10.0
11037,10.0
11038,10.0
11039,10.0
11040,10.0
11041,10.0
11042,10.0
11043,10.0
11044,10.0
11045,11.0
11046,11.0
11047,11.0
11048,11.0
11049,11.0
11050,11.0
11051,11.0
11052,11.0
11053,11.0
11054,11.0
11055,11.0
11056,11.0
11057,11.0
11058,11.0
11059,11.0
11060,11.0
11061,11.0
11062,11.0
11063,11.0
11064,11.0
11065,10.0
11066,10.0
11067,10.0
11068,10.0
11069,10.0
11070,10.0
11071,10.0
11072,10.0
11073,10.0
11074,10.0
11075,10.0
11076,10.0
11077,10.0
11078,10.0
11079,10.0
11080,10.0
11081,10.0
11082,10.0
11083,9.0
11084,9.0
11085,9.0
11086,9.0
11087,9.0
11088,9.0
11089,9.0
11090,9.0
11091,9.0
11092,9.0
11093,8.0
11094,8.0
11095,8.0
11096,8.0
11097,8.0
11098,7.0
11099,7.0
11100,7.0
11101,7.0
11102,7.0
11103,7.0
11104,7.0
11105,7.0
11106,7.0
11107,7.0
11108,7.0
11109,7.0
11110,7.0
11111,7.0
11112,8.0
11113,8.0
11114,8.0
11115,8.0
11116,8.0
11117,8.0
11118,8.0
11119,8.0
11120,8.0
11121,8.0
11122,8.0
11123,8.0
11124,8.0
11125,8.0
11126,8.0
11127,8.0
11128,8.0
11129,8.0
11130,8.0
11131,8.0
11132,8.0
11133,8.0
11134,8.0
11135,8.0
11136,8.0
11137,8.0
11138,8.0
11139,8.0
11140,8.0
11141,8.0
11142,8.0
11143,8.0
11144,8.0
11145,8.0
11146,8.0
11147,8.0
11148,8.0
11149,8.0
11150,8.0
11151,8.0
11152,8.0
11153,8.0
11154,8.0
11155,8.0
11156,7.0
11157,7.0
11158,7.0
11159,7.0
11160,7.0
11161,7.0
11162,7.0
11163,7.0
11164,7.0
11165,7.0
11166,7.0
11167,7.0
11168,7.0
11169,7.0
11170,7.0
11171,7.0
11172,7.0
11173,7.0
11174,7.0
11175,7.0
11176,7.0
11177,7.0
11178,7.0
11179,7.0
11180,7.0
11181,7.0
11182,7.0
11183,7.0
11184,7.0
11185,7.0
11186,7.0
11187,7.0
11188,7.0
11189,7.0
11190,7.0
11191,7.0
11192,7.0
11193,7.0
11194,7.0
11195,7.0
11196,7.0
11197,7.0
11198,7.0
11199,7.0
11200,7.0
11201,7.0
11202,7.0
11203,7.0
11204,7.0
11205,7.0
11206,7.0
11207,7.0
11208,7.0
11209,7.0
11210,7.0
11211,7.0
11212,7.0
11213,7.0
11214,7.0
11215,7.0
11216,7.0
11217,7.0
11218,7.0
11219,7.0
11220,7.0
11221,7.0
11222,7.0
11223,7.0
11224,7.0
11225,7.0
11226,7.0
11227,7.0
11228,7.0
11229,7.0
11230,7.0
11231,7.0
11232,7.0
11233,7.0
11234,7.0
11235,7.0
11236,7.0
11237,7.0
11238,7.0
11239,7.0
11240,7.0
11241,7.0
11242,7.0
11243,7.0
11244,7.0
11245,7.0
11246,7.0
11247,7.0
11248,7.0
11249,7.0
11250,7.0
11251,7.0
11252,7.0
11253,7.0
11254,7.0
11255,7.0
11256,7.0
11257,7.0
11258,7.0
11259,7.0
11260,7.0
11261,7.0
11262,7.0
11263,7.0
11264,7.0
11265,7.0
11266,7.0
11267,7.0
11268,7.0
11269,7.0
11270,7.0
11271,7.0
11272,7.0
11273,7.0
11274,7.0
11275,7.0
11276,7.0
11277,7.0
11278,7.0
11279,7.0
11280,7.0
11281,7.0
11282,7.0
11283,7.0
11284,7.0
11285,7.0
11286,7.0
11287,7.0
11288,7.0
11289,7.0
11290,7.0
11291,7.0
11292,7.0
11293,7.0
11294,7.0
11295,7.0
11296,7.0
11297,7.0
11298,7.0
11299,7.0
11300,7.0
11301,7.0
11302,7.0
11303,7.0
11304,7.0
11305,7.0
11306,7.0
11307,7.0
11308,7.0
11309,7.0
11310,7.0
11311,8.0
11312,8.0
11313,8.0
11314,8.0
11315,8.0
11316,8.0
11317,8.0
11318,8.0
11319,8.0
11320,8.0
11321,9.0
11322,9.0
11323,9.0
11324,9.0
11325,9.0
11326,9.0
11327,9.0
11328,9.0
11329,9.0
11330,9.0
11331,9.0
11332,9.0
11333,9.0
11334,9.0
11335,9.0
11336,9.0
11337,9.0
11338,9.0
11339,9.0
11340,9.0
11341,9.0
11342,9.0
11343,9.0
11344,9.0
11345,9.0
11346,9.0
11347,9.0
11348,9.0
11349,9.0
11350,9.0
11351,9.0
11352,9.0
11353,9.0
11354,9.0
11355,9.0
11356,9.0
11357,9.0
11358,9.0
11359,9.0
11360,9.0
11361,9.0
11362,9.0
11363,9.0
11364,9.0
11365,9.0
11366,9.0
11367,9.0
11368,9.0
11369,9.0
11370,9.0
11371,9.0
11372,9.0
11373,9.0
11374,9.0
11375,9.0
11376,9.0
11377,9.0
11378,9.0
11379,9.0
11380,9.0
11381,9.0
11382,8.0
11383,8.0
11384,8.0
11385,8.0
11386,8.0
11387,8.0
11388,8.0
11389,8.0
11390,8.0
11391,8.0
11392,8.0
11393,8.0
11394,8.0
11395,8.0
11396,8.0
11397,8.0
11398,8.0
11399,8.0
11400,8.0
11401,8.0
11402,8.0
11403,8.0
11404,8.0
11405,8.0
11406,8.0
11407,8.0
11408,8.0
11409,8.0
11410,8.0
11411,8.0
11412,8.0
11413,8.0
11414,8.0
11415,8.0
11416,8.0
11417,8.0
11418,8.0
11419,8.0
11420,8.0
11421,8.0
11422,8.0
11423,8.0
11424,8.0
11425,8.0
11426,8.0
11427,8.0
11428,8.0
11429,8.0
11430,8.0
11431,8.0
11432,8.0
11433,8.0
11434,8.0
11435,8.0
11436,8.0
11437,8.0
11438,8.0
11439,8.0
11440,8.0
11441,8.0
11442,8.0
11443,8.0
11444,8.0
11445,8.0
11446,8.0
11447,8.0
11448,8.0
11449,8.0
11450,8.0
11451,8.0
11452,8.0
11453,8.0
11454,8.0
11455,8.0
11456,8.0
11457,8.0
11458,8.0
11459,8.0
11460,8.0
11461,8.0
11462,8.0
11463,8.0
11464,8.0
11465,8.0
11466,9.0
11467,9.0
11468,9.0
11469,9.0
11470,9.0
11471,9.0
11472,9.0
11473,9.0
11474,9.0
11475,9.0
11476,9.0
11477,9.0
11478,9.0
11479,9.0
11480,9.0
11481,9.0
11482,9.0
11483,9.0
11484,9.0
11485,9.0
11486,9.0
11487,9.0
11488,9.0
11489,9.0
11490,9.0
11491,9.0
11492,9.0
11493,9.0
11494,9.0
11495,9.0
11496,9.0
11497,9.0
11498,9.0
11499,9.0
11500,9.0
11501,9.0
11502,9.0
11503,9.0
11504,9.0
11505,9.0
11506,9.0
11507,9.0
11508,9.0
11509,9.0
11510,9.0
11511,9.0
11512,9.0
11513,9.0
11514,9.0
11515,9.0
11516,9.0
11517,9.0
11518,9.0
11519,9.0
11520,9.0
11521,9.0
11522,9.0
11523,9.0
11524,9.0
11525,9.0
11526,9.0
11527,9.0
11528,9.0
11529,9.0
11530,9.0
11531,9.0
11532,9.0
11533,9.0
11534,9.0
11535,9.0
11536,9.0
11537,9.0
11538,9.0
11539,9.0
11540,9.0
11541,9.0
11542,9.0
11543,9.0
11544,9.0
11545,9.0
11546,9.0
11547,9.0
11548,9.0
11549,9.0
11550,9.0
11551,9.0
11552,9.0
11553,9.0
11554,9.0
11555,9.0
11556,9.0
11557,9.0
11558,9.0
11559,9.0
11560,9.0
11561,9.0
11562,9.0
11563,9.0
11564,9.0
11565,9.0
11566,9.0
11567,9.0
11568,9.0
11569,9.0
11570,9.0
11571,9.0
11572,9.0
11573,9.0
11574,9.0
11575,9.0
11576,9.0
11577,9.0
11578,9.0
11579,9.0
11580,9.0
11581,9.0
11582,9.0
11583,9.0
11584,9.0
11585,9.0
11586,9.0
11587,9.0
11588,9.0
11589,9.0
11590,9.0
11591,9.0
11592,9.0
11593,9.0
11594,9.0
11595,9.0
11596,9.0
11597,9.0
11598,9.0
11599,9.0
11600,9.0
11601,9.0
11602,9.0
11603,9.0
11604,9.0
11605,9.0
11606,9.0
11607,9.0
11608,9.0
11609,9.0
11610,9.0
11611,9.0
11612,9.0
11613,9.0
11614,9.0
11615,9.0
11616,9.0
11617,9.0
11618,9.0
11619,9.0
11620,9.0
11621,9.0
11622,9.0
11623,9.0
11624,9.0
11625,9.0
11626,9.0
11627,9.0
11628,9.0
11629,9.0
11630,9.0
11631,9.0
11632,9.0
11633,9.0
11634,9.0
11635,9.0
11636,9.0
11637,9.0
11638,9.0
11639,9.0
11640,9.0
11641,9.0
11642,9.0
11643,9.0
11644,9.0
11645,9.0
11646,9.0
11647,9.0
11648,9.0
11649,9.0
11650,9.0
11651,9.0
11652,9.0
11653,9.0
11654,9.0
11655,9.0
11656,9.0
11657,9.0
11658,9.0
11659,9.0
11660,9.0
11661,9.0
11662,9.0
11663,9.0
11664,9.0
11665,9.0
11666,9.0
11667,9.0
11668,9.0
11669,9.0
11670,9.0
11671,9.0
11672,9.0
11673,9.0
11674,9.0
11675,9.0
11676,9.0
11677,9.0
11678,9.0
11679,9.0
11680,9.0
11681,9.0
11682,9.0
11683,9.0
11684,9.0
11685,9.0
11686,9.0
11687,9.0
11688,9.0
11689,9.0
11690,9.0
11691,9.0
11692,9.0
11693,9.0
11694,9.0
11695,9.0
11696,9.0
11697,9.0
11698,9.0
11699,9.0
11700,9.0
11701,9.0
11702,9.0
11703,9.0
11704,9.0
11705,9.0
11706,9.0
11707,9.0
11708,9.0
11709,9.0
11710,9.0
11711,9.0
11712,9.0
11713,9.0
11714,9.0
11715,9.0
11716,9.0
11717,9.0
11718,9.0
11719,9.0
11720,9.0
11721,9.0
11722,9.0
11723,9.0
11724,9.0
11725,9.0
11726,9.0
11727,9.0
11728,9.0
11729,9.0
11730,9.0
11731,9.0
11732,9.0
11733,9.0
11734,9.0
11735,9.0
11736,9.0
11737,9.0
11738,9.0
11739,9.0
11740,9.0
11741,9.0
11742,9.0
11743,9.0
11744,9.0
11745,9.0
11746,9.0
11747,9.0
11748,9.0
11749,9.0
11750,9.0
11751,9.0
11752,9.0
11753,9.0
11754,9.0
11755,9.0
11756,9.0
11757,9.0
11758,9.0
11759,9.0
11760,9.0
11761,9.0
11762,9.0
11763,9.0
11764,9.0
11765,9.0
11766,9.0
11767,9.0
11768,9.0
11769,9.0
11770,9.0
11771,9.0
11772,9.0
11773,9.0
11774,9.0
11775,9.0
11776,9.0
11777,10.0
11778,10.0
11779,10.0
11780,10.0
11781,10.0
11782,10.0
11783,10.0
11784,10.0
11785,10.0
11786,10.0
11787,10.0
11788,10.0
11789,10.0
11790,10.0
11791,10.0
11792,10.0
11793,9.0
11794,9.0
11795,9.0
11796,9.0
11797,9.0
11798,9.0
11799,9.0
11800,9.0
11801,9.0
11802,9.0
11803,9.0
11804,9.0
11805,9.0
11806,9.0
11807,9.0
11808,9.0
11809,9.0
11810,9.0
11811,9.0
11812,9.0
11813,9.0
11814,9.0
11815,9.0
11816,9.0
11817,9.0
11818,9.0
11819,9.0
11820,9.0
11821,9.0
11822,9.0
11823,9.0
11824,9.0
11825,9.0
11826,9.0
11827,9.0
11828,9.0
11829,9.0
11830,9.0
11831,9.0
11832,9.0
11833,9.0
11834,9.0
11835,9.0
11836,9.0
11837,9.0
11838,9.0
11839,9.0
11840,9.0
11841,9.0
11842,9.0
11843,9.0
11844,9.0
11845,9.0
11846,9.0
11847,9.0
11848,9.0
11849,9.0
11850,9.0
11851,9.0
11852,9.0
11853,9.0
11854,9.0
11855,9.0
11856,9.0
11857,9.0
11858,9.0
11859,9.0
11860,9.0
11861,9.0
11862,9.0
11863,9.0
11864,9.0
11865,9.0
11866,9.0
11867,9.0
11868,9.0
11869,9.0
11870,9.0
11871,9.0
11872,9.0
11873,9.0
11874,9.0
11875,9.0
11876,9.0
11877,9.0
11878,9.0
11879,9.0
11880,9.0
11881,9.0
11882,9.0
11883,9.0
11884,9.0
11885,9.0
11886,9.0
11887,9.0
11888,9.0
11889,9.0
11890,9.0
11891,9.0
11892,9.0
11893,9.0
11894,9.0
11895,9.0
11896,9.0
11897,9.0
11898,9.0
11899,9.0
11900,9.0
11901,9.0
11902,9.0
11903,9.0
11904,9.0
11905,9.0
11906,9.0
11907,9.0
11908,9.0
11909,9.0
11910,9.0
11911,9.0
11912,9.0
11913,9.0
11914,9.0
11915,9.0
11916,9.0
11917,9.0
11918,10.0
11919,10.0
11920,10.0
11921,10.0
11922,10.0
11923,10.0
11924,10.0
11925,10.0
11926,10.0
11927,10.0
11928,10.0
11929,10.0
11930,10.0
11931,10.0
11932,10.0
11933,10.0
11934,10.0
11935,10.0
11936,10.0
11937,10.0
11938,10.0
11939,10.0
11940,10.0
11941,10.0
11942,10.0
11943,10.0
11944,10.0
11945,10.0
11946,10.0
11947,10.0
11948,10.0
11949,10.0
11950,10.0
11951,10.0
11952,10.0
11953,10.0
11954,10.0
11955,10.0
11956,10.0
11957,10.0
11958,10.0
11959,10.0
11960,10.0
11961,10.0
11962,10.0
11963,10.0
11964,10.0
11965,10.0
11966,11.0
11967,11.0
11968,11.0
11969,11.0
11970,10.0
11971,10.0
11972,10.0
11973,10.0
11974,10.0
11975,10.0
11976,10.0
11977,10.0
11978,10.0
11979,10.0
11980,10.0
11981,10.0
11982,10.0
11983,10.0
11984,10.0
11985,10.0
11986,10.0
11987,10.0
11988,10.0
11989,10.0
11990,10.0
11991,10.0
11992,10.0
11993,10.0
11994,10.0
11995,10.0
11996,10.0
11997,10.0
11998,10.0
11999,10.0
12000,10.0
12001,10.0
12002,10.0
12003,10.0
12004,10.0
12005,10.0
12006,10.0
12007,10.0
12008,10.0
12009,10.0
12010,10.0
12011,10.0
12012,10.0
12013,10.0
12014,11.0
12015,11.0
12016,11.0
12017,10.0
12018,10.0
12019,10.0
12020,10.0
12021,10.0
12022,10.0
12023,10.0
12024,10.0
12025,10.0
12026,10.0
12027,10.0
12028,10.0
12029,10.0
12030,10.0
12031,10.0
12032,10.0
12033,10.0
12034,10.0
12035,10.0
12036,10.0
12037,10.0
12038,10.0
12039,10.0
12040,10.0
12041,11.0
12042,11.0
12043,11.0
12044,11.0
12045,11.0
12046,11.0
12047,11.0
12048,11.0
12049,11.0
12050,11.0
12051,11.0
12052,11.0
12053,11.0
12054,11.0
12055,11.0
12056,11.0
12057,11.0
12058,11.0
12059,11.0
12060,11.0
12061,11.0
12062,11.0
12063,11.0
12064,11.0
12065,11.0
12066,11.0
12067,11.0
12068,11.0
12069,11.0
12070,11.0
12071,11.0
12072,11.0
12073,11.0
12074,11.0
12075,11.0
12076,11.0
12077,11.0
12078,11.0
12079,11.0
12080,11.0
12081,11.0
12082,11.0
12083,11.0
12084,11.0
12085,11.0
12086,11.0
12087,11.0
12088,11.0
12089,11.0
12090,11.0
12091,11.0
12092,11.0
12093,11.0
12094,11.0
12095,11.0
12096,11.0
12097,11.0
12098,11.0
12099,11.0
12100,11.0
12101,11.0
12102,11.0
12103,11.0
12104,11.0
12105,11.0
12106,11.0
12107,11.0
12108,11.0
12109,11.0
12110,11.0
12111,11.0
12112,11.0
12113,11.0
12114,11.0
12115,11.0
12116,11.0
12117,11.0
12118,11.0
12119,11.0
12120,11.0
12121,11.0
12122,11.0
12123,11.0
12124,11.0
12125,11.0
12126,11.0
12127,11.0
12128,11.0
12129,11.0
12130,11.0
12131,11.0
12132,11.0
12133,11.0
12134,11.0
12135,11.0
12136,11.0
12137,11.0
12138,11.0
12139,11.0
12140,11.0
12141,11.0
12142,11.0
12143,11.0
12144,11.0
12145,11.0
12146,11.0
12147,11.0
12148,11.0
12149,11.0
12150,11.0
12151,11.0
12152,11.0
12153,11.0
12154,11.0
12155,11.0
12156,11.0
12157,11.0
12158,11.0
12159,11.0
12160,11.0
12161,11.0
12162,11.0
12163,11.0
12164,11.0
12165,11.0
12166,11.0
12167,11.0
12168,11.0
12169,11.0
12170,11.0
12171,11.0
12172,11.0
12173,11.0
12174,11.0
12175,11.0
12176,11.0
12177,11.0
12178,11.0
12179,11.0
12180,11.0
12181,11.0
12182,11.0
12183,11.0
12184,11.0
12185,11.0
12186,12.0
12187,12.0
12188,12.0
12189,12.0
12190,12.0
12191,12.0
12192,12.0
12193,12.0
12194,12.0
12195,12.0
12196,12.0
12197,12.0
12198,12.0
12199,12.0
12200,12.0
12201,12.0
12202,12.0
12203,12.0
12204,12.0
12205,12.0
12206,11.0
12207,11.0
12208,11.0
12209,11.0
12210,11.0
12211,11.0
12212,11.0
12213,11.0
12214,11.0
12215,11.0
12216,11.0
12217,11.0
12218,11.0
12219,11.0
12220,11.0
12221,11.0
12222,11.0
12223,11.0
12224,11.0
12225,11.0
12226,11.0
12227,11.0
12228,11.0
12229,11.0
12230,11.0
12231,11.0
12232,11.0
12233,11.0
12234,11.0
12235,11.0
12236,11.0
12237,11.0
12238,11.0
12239,11.0
12240,11.0
12241,11.0
12242,11.0
12243,11.0
12244,11.0
12245,11.0
12246,11.0
12247,11.0
12248,11.0
12249,11.0
12250,11.0
12251,11.0
12252,11.0
12253,11.0
12254,11.0
12255,11.0
12256,11.0
12257,11.0
12258,11.0
12259,11.0
12260,11.0
12261,11.0
12262,11.0
12263,11.0
12264,11.0
12265,11.0
12266,11.0
12267,11.0
12268,11.0
12269,11.0
12270,11.0
12271,11.0
12272,11.0
12273,10.0
12274,10.0
12275,10.0
12276,9.0
12277,9.0
12278,9.0
12279,9.0
12280,9.0
12281,9.0
12282,9.0
12283,9.0
12284,10.0
12285,10.0
12286,10.0
12287,10.0
12288,10.0
12289,10.0
12290,10.0
12291,10.0
12292,10.0
12293,10.0
12294,10.0
12295,10.0
12296,10.0
12297,10.0
12298,10.0
12299,10.0
12300,10.0
12301,10.0
12302,10.0
12303,10.0
12304,10.0
12305,10.0
12306,10.0
12307,10.0
12308,10.0
12309,10.0
12310,10.0
12311,10.0
12312,10.0
12313,10.0
12314,10.0
12315,10.0
12316,10.0
12317,10.0
12318,10.0
12319,10.0
12320,10.0
12321,10.0
12322,10.0
12323,10.0
12324,10.0
12325,10.0
12326,10.0
12327,10.0
12328,10.0
12329,10.0
12330,10.0
12331,10.0
12332,10.0
12333,11.0
12334,11.0
12335,11.0
12336,11.0
12337,11.0
12338,11.0
12339,11.0
12340,11.0
12341,11.0
12342,11.0
12343,11.0
12344,11.0
12345,11.0
12346,11.0
12347,11.0
12348,11.0
12349,10.0
12350,9.0
12351,9.0
12352,9.0
12353,9.0
12354,9.0
12355,9.0
12356,9.0
12357,9.0
12358,9.0
12359,9.0
12360,9.0
12361,9.0
12362,9.0
12363,9.0
12364,9.0
12365,9.0
12366,9.0
12367,9.0
12368,9.0
12369,9.0
12370,9.0
12371,9.0
12372,9.0
12373,9.0
12374,9.0
12375,9.0
12376,9.0
12377,9.0
12378,9.0
12379,9.0
12380,9.0
12381,9.0
12382,9.0
12383,9.0
12384,9.0
12385,9.0
12386,9.0
12387,9.0
12388,9.0
12389,9.0
12390,9.0
12391,9.0
12392,9.0
12393,9.0
12394,9.0
12395,9.0
12396,9.0
12397,9.0
12398,9.0
12399,9.0
12400,9.0
12401,9.0
12402,9.0
12403,9.0
12404,9.0
12405,9.0
12406,9.0
12407,9.0
12408,9.0
12409,9.0
12410,9.0
12411,9.0
12412,9.0
12413,9.0
12414,9.0
12415,9.0
12416,9.0
12417,9.0
12418,9.0
12419,9.0
12420,9.0
12421,9.0
12422,9.0
12423,9.0
12424,9.0
12425,9.0
12426,9.0
12427,9.0
12428,9.0
12429,9.0
12430,9.0
12431,9.0
12432,9.0
12433,9.0
12434,9.0
12435,9.0
12436,9.0
12437,9.0
12438,9.0
12439,9.0
12440,9.0
12441,9.0
12442,9.0
12443,9.0
12444,9.0
12445,9.0
12446,9.0
12447,9.0
12448,9.0
12449,9.0
12450,9.0
12451,9.0
12452,9.0
12453,9.0
12454,9.0
12455,9.0
12456,9.0
12457,9.0
12458,9.0
12459,9.0
12460,9.0
12461,9.0
12462,9.0
12463,9.0
12464,9.0
12465,9.0
12466,9.0
12467,9.0
12468,9.0
12469,9.0
12470,9.0
12471,9.0
12472,9.0
12473,9.0
12474,9.0
12475,9.0
12476,9.0
12477,9.0
12478,9.0
12479,9.0
12480,9.0
12481,9.0
12482,9.0
12483,9.0
12484,9.0
12485,9.0
12486,9.0
12487,9.0
12488,9.0
12489,9.0
12490,9.0
12491,9.0
12492,9.0
12493,9.0
12494,9.0
12495,9.0
12496,9.0
12497,9.0
12498,9.0
12499,9.0
12500,9.0
12501,9.0
12502,9.0
12503,9.0
12504,9.0
12505,9.0
12506,9.0
12507,9.0
12508,9.0
12509,9.0
12510,9.0
12511,9.0
12512,9.0
12513,9.0
12514,9.0
12515,9.0
12516,9.0
12517,9.0
12518,9.0
12519,9.0
12520,9.0
12521,9.0
12522,9.0
12523,9.0
12524,9.0
12525,9.0
12526,9.0
12527,9.0
12528,9.0
12529,9.0
12530,9.0
12531,9.0
12532,9.0
12533,9.0
12534,9.0
12535,9.0
12536,9.0
12537,9.0
12538,9.0
12539,9.0
12540,9.0
12541,9.0
12542,9.0
12543,9.0
12544,9.0
12545,9.0
12546,9.0
12547,9.0
12548,9.0
12549,9.0
12550,9.0
12551,9.0
12552,9.0
12553,9.0
12554,9.0
12555,9.0
12556,9.0
12557,9.0
12558,9.0
12559,9.0
12560,9.0
12561,9.0
12562,9.0
12563,9.0
12564,9.0
12565,9.0
12566,9.0
12567,9.0
12568,9.0
12569,9.0
12570,9.0
12571,9.0
12572,9.0
12573,9.0
12574,9.0
12575,9.0
12576,9.0
12577,9.0
12578,9.0
12579,9.0
12580,9.0
12581,9.0
12582,9.0
12583,9.0
12584,9.0
12585,9.0
12586,9.0
12587,9.0
12588,9.0
12589,9.0
12590,9.0
12591,9.0
12592,9.0
12593,9.0
12594,9.0
12595,9.0
12596,9.0
12597,9.0
12598,9.0
12599,9.0
12600,9.0
12601,9.0
12602,9.0
12603,9.0
12604,9.0
12605,9.0
12606,9.0
12607,9.0
12608,9.0
12609,9.0
12610,9.0
12611,9.0
12612,9.0
12613,9.0
12614,9.0
12615,9.0
12616,9.0
12617,9.0
12618,9.0
12619,9.0
12620,9.0
12621,9.0
12622,9.0
12623,9.0
12624,9.0
12625,9.0
12626,9.0
12627,9.0
12628,9.0
12629,9.0
12630,9.0
12631,9.0
12632,9.0
12633,9.0
12634,9.0
12635,9.0
12636,9.0
12637,9.0
12638,9.0
12639,9.0
12640,9.0
12641,9.0
12642,9.0
12643,9.0
12644,9.0
12645,9.0
12646,9.0
12647,9.0
12648,9.0
12649,9.0
12650,9.0
12651,9.0
12652,9.0
12653,9.0
12654,9.0
12655,9.0
12656,9.0
12657,9.0
12658,9.0
12659,9.0
12660,9.0
12661,9.0
12662,9.0
12663,9.0
12664,9.0
12665,9.0
12666,9.0
12667,9.0
12668,9.0
12669,9.0
12670,9.0
12671,9.0
12672,9.0
12673,9.0
12674,9.0
12675,9.0
12676,9.0
12677,9.0
12678,9.0
12679,9.0
12680,9.0
12681,9.0
12682,9.0
12683,9.0
12684,9.0
12685,9.0
12686,9.0
12687,9.0
12688,9.0
12689,9.0
12690,9.0
12691,9.0
12692,9.0
12693,9.0
12694,9.0
12695,9.0
12696,9.0
12697,9.0
12698,9.0
12699,9.0
12700,9.0
12701,9.0
12702,9.0
12703,9.0
12704,9.0
12705,9.0
12706,9.0
12707,9.0
12708,9.0
12709,9.0
12710,9.0
12711,9.0
12712,9.0
12713,9.0
12714,9.0
12715,9.0
12716,9.0
12717,9.0
12718,9.0
12719,9.0
12720,9.0
12721,9.0
12722,9.0
12723,9.0
12724,9.0
12725,9.0
12726,9.0
12727,9.0
12728,9.0
12729,9.0
12730,9.0
12731,9.0
12732,9.0
12733,9.0
12734,9.0
12735,9.0
12736,9.0
12737,9.0
12738,9.0
12739,9.0
12740,9.0
12741,9.0
12742,9.0
12743,9.0
12744,9.0
12745,9.0
12746,9.0
12747,9.0
12748,9.0
12749,9.0
12750,9.0
12751,9.0
12752,9.0
12753,9.0
12754,9.0
12755,9.0
12756,9.0
12757,9.0
12758,9.0
12759,9.0
12760,9.0
12761,9.0
12762,9.0
12763,9.0
12764,9.0
12765,9.0
12766,9.0
12767,9.0
12768,9.0
12769,9.0
12770,9.0
12771,9.0
12772,9.0
12773,9.0
12774,9.0
12775,9.0
12776,9.0
12777,9.0
12778,9.0
12779,9.0
12780,9.0
12781,9.0
12782,9.0
12783,9.0
12784,9.0
12785,9.0
12786,9.0
12787,9.0
12788,9.0
12789,9.0
12790,9.0
12791,9.0
12792,9.0
12793,9.0
12794,9.0
12795,9.0
12796,9.0
12797,9.0
12798,9.0
12799,9.0
12800,9.0
12801,9.0
12802,9.0
12803,9.0
12804,9.0
12805,9.0
12806,9.0
12807,9.0
12808,9.0
12809,9.0
12810,9.0
12811,9.0
12812,9.0
12813,9.0
12814,9.0
12815,9.0
12816,9.0
12817,9.0
12818,9.0
12819,9.0
12820,9.0
12821,9.0
12822,9.0
12823,9.0
12824,9.0
12825,9.0
12826,9.0
12827,9.0
12828,9.0
12829,9.0
12830,9.0
12831,9.0
12832,9.0
12833,9.0
12834,9.0
12835,9.0
12836,9.0
12837,9.0
12838,9.0
12839,9.0
12840,9.0
12841,9.0
12842,9.0
12843,9.0
12844,9.0
12845,9.0
12846,9.0
12847,9.0
12848,9.0
12849,9.0
12850,9.0
12851,9.0
12852,9.0
12853,9.0
12854,9.0
12855,9.0
12856,9.0
12857,9.0
12858,9.0
12859,9.0
12860,9.0
12861,9.0
12862,9.0
12863,9.0
12864,9.0
12865,9.0
12866,9.0
12867,9.0
12868,9.0
12869,9.0
12870,9.0
12871,9.0
12872,9.0
12873,9.0
12874,9.0
12875,9.0
12876,9.0
12877,9.0
12878,9.0
12879,9.0
12880,9.0
12881,9.0
12882,9.0
12883,9.0
12884,9.0
12885,9.0
12886,9.0
12887,9.0
12888,9.0
12889,9.0
12890,9.0
12891,9.0
12892,9.0
12893,9.0
12894,9.0
12895,9.0
12896,9.0
12897,9.0
12898,9.0
12899,9.0
12900,9.0
12901,9.0
12902,9.0
12903,9.0
12904,9.0
12905,9.0
12906,9.0
12907,9.0
12908,9.0
12909,9.0
12910,9.0
12911,9.0
12912,9.0
12913,9.0
12914,9.0
12915,9.0
12916,9.0
12917,9.0
12918,9.0
12919,9.0
12920,9.0
12921,9.0
12922,9.0
12923,9.0
12924,9.0
12925,9.0
12926,9.0
12927,9.0
12928,9.0
12929,9.0
12930,9.0
12931,9.0
12932,9.0
12933,9.0
12934,9.0
12935,9.0
12936,9.0
12937,9.0
12938,9.0
12939,8.0
12940,8.0
12941,8.0
12942,8.0
12943,8.0
12944,8.0
12945,8.0
12946,8.0
12947,8.0
12948,8.0
12949,8.0
12950,8.0
12951,8.0
12952,9.0
12953,9.0
12954,9.0
12955,9.0
12956,9.0
12957,9.0
12958,9.0
12959,9.0
12960,9.0
12961,9.0
12962,8.0
12963,8.0
12964,8.0
12965,8.0
12966,8.0
12967,8.0
12968,8.0
12969,8.0
12970,8.0
12971,8.0
12972,8.0
12973,8.0
12974,8.0
12975,8.0
12976,8.0
12977,8.0
12978,8.0
12979,8.0
12980,8.0
12981,8.0
12982,8.0
12983,8.0
12984,8.0
12985,8.0
12986,8.0
12987,8.0
12988,8.0
12989,8.0
12990,8.0
12991,8.0
12992,8.0
12993,8.0
12994,8.0
12995,8.0
12996,8.0
12997,8.0
12998,8.0
12999,8.0
13000,8.0
13001,8.0
13002,8.0
13003,8.0
13004,8.0
13005,8.0
13006,8.0
13007,8.0
13008,8.0
13009,8.0
13010,8.0
13011,8.0
13012,8.0
13013,8.0
13014,8.0
13015,8.0
13016,8.0
13017,8.0
13018,8.0
13019,8.0
13020,8.0
13021,8.0
13022,8.0
13023,8.0
13024,8.0
13025,8.0
13026,8.0
13027,8.0
13028,8.0
13029,8.0
13030,8.0
13031,8.0
13032,8.0
13033,8.0
13034,8.0
13035,8.0
13036,8.0
13037,8.0
13038,8.0
13039,8.0
13040,8.0
13041,8.0
13042,8.0
13043,8.0
13044,9.0
13045,9.0
13046,9.0
13047,9.0
13048,9.0
13049,9.0
13050,9.0
13051,9.0
13052,9.0
13053,9.0
13054,9.0
13055,9.0
13056,9.0
13057,9.0
13058,9.0
13059,9.0
13060,9.0
13061,9.0
13062,9.0
13063,9.0
13064,9.0
13065,9.0
13066,9.0
13067,9.0
13068,9.0
13069,9.0
13070,9.0
13071,9.0
13072,9.0
13073,9.0
13074,9.0
13075,9.0
13076,9.0
13077,9.0
13078,9.0
13079,9.0
13080,9.0
13081,9.0
13082,9.0
13083,9.0
13084,9.0
13085,9.0
13086,9.0
13087,9.0
13088,9.0
13089,9.0
13090,9.0
13091,9.0
13092,9.0
13093,9.0
13094,9.0
13095,9.0
13096,9.0
13097,9.0
13098,9.0
13099,9.0
13100,9.0
13101,9.0
13102,9.0
13103,9.0
13104,9.0
13105,9.0
13106,9.0
13107,9.0
13108,9.0
13109,9.0
13110,9.0
13111,9.0
13112,9.0
13113,9.0
13114,9.0
13115,10.0
13116,10.0
13117,10.0
13118,10.0
13119,10.0
13120,9.0
13121,10.0
13122,10.0
13123,10.0
13124,10.0
13125,10.0
13126,10.0
13127,10.0
13128,10.0
13129,10.0
13130,10.0
13131,10.0
13132,10.0
13133,10.0
13134,10.0
13135,10.0
13136,10.0
13137,10.0
13138,10.0
13139,10.0
13140,10.0
13141,10.0
13142,10.0
13143,10.0
13144,10.0
13145,10.0
13146,10.0
13147,10.0
13148,10.0
13149,10.0
13150,10.0
13151,10.0
13152,10.0
13153,10.0
13154,10.0
13155,10.0
13156,10.0
13157,10.0
13158,9.0
13159,9.0
13160,9.0
13161,9.0
13162,9.0
13163,9.0
13164,9.0
13165,9.0
13166,9.0
13167,9.0
13168,9.0
13169,9.0
13170,9.0
13171,9.0
13172,9.0
13173,9.0
13174,9.0
13175,9.0
13176,9.0
13177,9.0
13178,9.0
13179,9.0
13180,9.0
13181,9.0
13182,9.0
13183,9.0
13184,9.0
13185,9.0
13186,9.0
13187,9.0
13188,9.0
13189,9.0
13190,9.0
13191,9.0
13192,9.0
13193,9.0
13194,9.0
13195,9.0
13196,9.0
13197,9.0
13198,9.0
13199,9.0
13200,9.0
13201,9.0
13202,9.0
13203,9.0
13204,9.0
13205,9.0
13206,9.0
13207,9.0
13208,9.0
13209,9.0
13210,9.0
13211,9.0
13212,9.0
13213,9.0
13214,9.0
13215,9.0
13216,9.0
13217,9.0
13218,9.0
13219,9.0
13220,9.0
13221,9.0
13222,9.0
13223,9.0
13224,9.0
13225,9.0
13226,9.0
13227,9.0
13228,9.0
13229,9.0
13230,9.0
13231,9.0
13232,9.0
13233,9.0
13234,9.0
13235,9.0
13236,9.0
13237,9.0
13238,9.0
13239,9.0
13240,9.0
13241,9.0
13242,9.0
13243,9.0
13244,9.0
13245,9.0
13246,9.0
13247,9.0
13248,9.0
13249,9.0
13250,9.0
13251,9.0
13252,9.0
13253,9.0
13254,9.0
13255,9.0
13256,9.0
13257,9.0
13258,9.0
13259,9.0
13260,9.0
13261,9.0
13262,9.0
13263,9.0
13264,9.0
13265,9.0
13266,9.0
13267,9.0
13268,9.0
13269,9.0
13270,9.0
13271,9.0
13272,9.0
13273,9.0
13274,9.0
13275,9.0
13276,9.0
13277,9.0
13278,9.0
13279,9.0
13280,9.0
13281,9.0
13282,9.0
13283,9.0
13284,9.0
13285,9.0
13286,9.0
13287,9.0
13288,9.0
13289,9.0
13290,9.0
13291,9.0
13292,9.0
13293,9.0
13294,9.0
13295,9.0
13296,9.0
13297,9.0
13298,9.0
13299,9.0
13300,9.0
13301,9.0
13302,9.0
13303,9.0
13304,9.0
13305,9.0
13306,9.0
13307,9.0
13308,9.0
13309,9.0
13310,9.0
13311,9.0
13312,9.0
13313,9.0
13314,9.0
13315,9.0
13316,9.0
13317,9.0
13318,9.0
13319,9.0
13320,9.0
13321,9.0
13322,9.0
13323,9.0
13324,9.0
13325,9.0
13326,9.0
13327,9.0
13328,9.0
13329,9.0
13330,9.0
13331,9.0
13332,9.0
13333,9.0
13334,9.0
13335,9.0
13336,9.0
13337,9.0
13338,9.0
13339,9.0
13340,9.0
13341,9.0
13342,9.0
13343,9.0
13344,9.0
13345,9.0
13346,9.0
13347,9.0
13348,9.0
13349,9.0
13350,9.0
13351,9.0
13352,9.0
13353,9.0
13354,9.0
13355,9.0
13356,9.0
13357,9.0
13358,9.0
13359,9.0
13360,9.0
13361,9.0
13362,9.0
13363,9.0
13364,9.0
13365,9.0
13366,9.0
13367,9.0
13368,9.0
13369,9.0
13370,9.0
13371,9.0
13372,9.0
13373,9.0
13374,9.0
13375,9.0
13376,9.0
13377,9.0
13378,9.0
13379,9.0
13380,9.0
13381,9.0
13382,9.0
13383,9.0
13384,9.0
13385,9.0
13386,9.0
13387,9.0
13388,9.0
13389,9.0
13390,9.0
13391,9.0
13392,9.0
13393,9.0
13394,9.0
13395,9.0
13396,9.0
13397,9.0
13398,9.0
13399,9.0
13400,9.0
13401,9.0
13402,9.0
13403,9.0
13404,9.0
13405,9.0
13406,9.0
13407,9.0
13408,9.0
13409,9.0
13410,9.0
13411,9.0
13412,9.0
13413,9.0
13414,9.0
13415,9.0
13416,9.0
13417,9.0
13418,9.0
13419,9.0
13420,9.0
13421,9.0
13422,9.0
13423,9.0
13424,9.0
13425,9.0
13426,9.0
13427,9.0
13428,9.0
13429,9.0
13430,9.0
13431,9.0
13432,9.0
13433,9.0
13434,9.0
13435,9.0
13436,9.0
13437,9.0
13438,9.0
13439,9.0
13440,9.0
13441,9.0
13442,9.0
13443,9.0
13444,9.0
13445,9.0
13446,9.0
13447,9.0
13448,9.0
13449,9.0
13450,9.0
13451,9.0
13452,9.0
13453,9.0
13454,9.0
13455,9.0
13456,9.0
13457,9.0
13458,9.0
13459,9.0
13460,9.0
13461,9.0
13462,9.0
13463,9.0
13464,9.0
13465,9.0
13466,9.0
13467,9.0
13468,9.0
13469,9.0
13470,9.0
13471,9.0
13472,9.0
13473,9.0
13474,9.0
13475,9.0
13476,9.0
13477,9.0
13478,9.0
13479,9.0
13480,9.0
13481,9.0
13482,9.0
13483,9.0
13484,9.0
13485,9.0
13486,9.0
13487,9.0
13488,9.0
13489,9.0
13490,9.0
13491,9.0
13492,9.0
13493,9.0
13494,9.0
13495,9.0
13496,9.0
13497,9.0
13498,9.0
13499,9.0
13500,9.0
13501,9.0
13502,9.0
13503,9.0
13504,9.0
13505,9.0
13506,9.0
13507,9.0
13508,9.0
13509,9.0
13510,9.0
13511,9.0
13512,9.0
13513,9.0
13514,9.0
13515,9.0
13516,9.0
13517,9.0
13518,9.0
13519,9.0
13520,9.0
13521,9.0
13522,9.0
13523,9.0
13524,9.0
13525,9.0
13526,9.0
13527,9.0
13528,9.0
13529,9.0
13530,9.0
13531,9.0
13532,9.0
13533,9.0
13534,9.0
13535,9.0
13536,9.0
13537,9.0
13538,9.0
13539,9.0
13540,9.0
13541,9.0
13542,9.0
13543,9.0
13544,9.0
13545,9.0
13546,9.0
13547,9.0
13548,9.0
13549,9.0
13550,9.0
13551,9.0
13552,9.0
13553,9.0
13554,9.0
13555,9.0
13556,9.0
13557,9.0
13558,9.0
13559,9.0
13560,9.0
13561,9.0
13562,9.0
13563,9.0
13564,9.0
13565,9.0
13566,9.0
13567,9.0
13568,9.0
13569,9.0
13570,9.0
13571,9.0
13572,9.0
13573,9.0
13574,9.0
13575,9.0
13576,9.0
13577,9.0
13578,9.0
13579,9.0
13580,9.0
13581,9.0
13582,9.0
13583,9.0
13584,9.0
13585,9.0
13586,9.0
13587,9.0
13588,9.0
13589,9.0
13590,9.0
13591,9.0
13592,9.0
13593,9.0
13594,9.0
13595,9.0
13596,9.0
13597,9.0
13598,9.0
13599,9.0
13600,9.0
13601,9.0
13602,9.0
13603,9.0
13604,9.0
13605,9.0
13606,9.0
13607,9.0
13608,9.0
13609,9.0
13610,9.0
13611,9.0
13612,9.0
13613,9.0
13614,9.0
13615,9.0
13616,9.0
13617,9.0
13618,9.0
13619,9.0
13620,9.0
13621,9.0
13622,9.0
13623,9.0
13624,9.0
13625,9.0
13626,9.0
13627,9.0
13628,9.0
13629,9.0
13630,9.0
13631,9.0
13632,10.0
13633,10.0
13634,10.0
13635,10.0
13636,10.0
13637,10.0
13638,10.0
13639,10.0
13640,10.0
13641,10.0
13642,10.0
13643,10.0
13644,10.0
13645,10.0
13646,10.0
13647,10.0
13648,10.0
13649,10.0
13650,10.0
13651,10.0
13652,10.0
13653,10.0
13654,10.0
13655,10.0
13656,10.0
13657,10.0
13658,10.0
13659,10.0
13660,10.0
13661,10.0
13662,10.0
13663,10.0
13664,10.0
13665,10.0
13666,10.0
13667,10.0
13668,10.0
13669,10.0
13670,10.0
13671,10.0
13672,10.0
13673,10.0
13674,10.0
13675,10.0
13676,10.0
13677,10.0
13678,10.0
13679,10.0
13680,10.0
13681,10.0
13682,10.0
13683,10.0
13684,10.0
13685,10.0
13686,10.0
13687,10.0
13688,10.0
13689,10.0
13690,10.0
13691,10.0
13692,10.0
13693,10.0
13694,10.0
13695,10.0
13696,10.0
13697,10.0
13698,10.0
13699,10.0
13700,11.0
13701,11.0
13702,11.0
13703,11.0
13704,11.0
13705,11.0
13706,11.0
13707,11.0
13708,11.0
13709,11.0
13710,11.0
13711,11.0
13712,11.0
13713,11.0
13714,11.0
13715,11.0
13716,11.0
13717,11.0
13718,11.0
13719,11.0
13720,11.0
13721,11.0
13722,11.0
13723,11.0
13724,11.0
13725,11.0
13726,11.0
13727,11.0
13728,11.0
13729,11.0
13730,11.0
13731,11.0
13732,11.0
13733,11.0
13734,11.0
13735,11.0
13736,11.0
13737,11.0
13738,11.0
13739,11.0
13740,11.0
13741,11.0
13742,11.0
13743,11.0
13744,11.0
13745,11.0
13746,11.0
13747,11.0
13748,11.0
13749,11.0
13750,11.0
13751,11.0
13752,11.0
13753,11.0
13754,11.0
13755,11.0
13756,11.0
13757,11.0
13758,11.0
13759,11.0
13760,11.0
13761,11.0
13762,11.0
13763,11.0
13764,11.0
13765,11.0
13766,11.0
13767,11.0
13768,11.0
13769,11.0
13770,11.0
13771,11.0
13772,11.0
13773,11.0
13774,11.0
13775,11.0
13776,11.0
13777,11.0
13778,11.0
13779,11.0
13780,11.0
13781,11.0
13782,11.0
13783,11.0
13784,11.0
13785,11.0
13786,11.0
13787,11.0
13788,11.0
13789,11.0
13790,11.0
13791,11.0
13792,11.0
13793,11.0
13794,11.0
13795,11.0
13796,11.0
13797,11.0
13798,11.0
13799,11.0
13800,11.0
13801,11.0
13802,11.0
13803,11.0
13804,11.0
13805,11.0
13806,11.0
13807,11.0
13808,11.0
13809,11.0
13810,11.0
13811,11.0
13812,11.0
13813,11.0
13814,11.0
13815,11.0
13816,11.0
13817,11.0
13818,11.0
13819,11.0
13820,11.0
13821,11.0
13822,11.0
13823,11.0
13824,11.0
13825,11.0
13826,11.0
13827,11.0
13828,11.0
13829,11.0
13830,11.0
13831,11.0
13832,11.0
13833,11.0
13834,11.0
13835,11.0
13836,11.0
13837,11.0
13838,11.0
13839,11.0
13840,11.0
13841,11.0
13842,11.0
13843,11.0
13844,11.0
13845,11.0
13846,11.0
13847,11.0
13848,11.0
13849,11.0
13850,11.0
13851,11.0
13852,11.0
13853,11.0
13854,11.0
13855,11.0
13856,11.0
13857,11.0
13858,11.0
13859,11.0
13860,11.0
13861,11.0
13862,11.0
13863,11.0
13864,11.0
13865,11.0
13866,11.0
13867,11.0
13868,11.0
13869,11.0
13870,11.0
13871,11.0
13872,11.0
13873,11.0
13874,11.0
13875,11.0
13876,11.0
13877,11.0
13878,11.0
13879,11.0
13880,11.0
13881,11.0
13882,11.0
13883,11.0
13884,11.0
13885,11.0
13886,11.0
13887,11.0
13888,11.0
13889,11.0
13890,11.0
13891,11.0
13892,11.0
13893,11.0
13894,11.0
13895,11.0
13896,11.0
13897,11.0
13898,11.0
13899,11.0
13900,11.0
13901,12.0
13902,12.0
13903,12.0
13904,12.0
13905,12.0
13906,12.0
13907,12.0
13908,12.0
13909,12.0
13910,12.0
13911,12.0
13912,12.0
13913,12.0
13914,12.0
13915,12.0
13916,12.0
13917,12.0
13918,12.0
13919,12.0
13920,12.0
13921,12.0
13922,12.0
13923,12.0
13924,12.0
13925,12.0
13926,12.0
13927,12.0
13928,12.0
13929,12.0
13930,12.0
13931,11.0
13932,11.0
13933,11.0
13934,11.0
13935,11.0
13936,11.0
13937,11.0
13938,11.0
13939,11.0
13940,11.0
13941,11.0
13942,11.0
13943,11.0
13944,11.0
13945,11.0
13946,11.0
13947,11.0
13948,11.0
13949,11.0
13950,11.0
13951,11.0
13952,11.0
13953,11.0
13954,11.0
13955,11.0
13956,10.0
13957,10.0
13958,10.0
13959,10.0
13960,9.0
13961,9.0
13962,9.0
13963,9.0
13964,9.0
13965,9.0
13966,9.0
13967,9.0
13968,9.0
13969,9.0
13970,9.0
13971,9.0
13972,9.0
13973,8.0
13974,8.0
13975,8.0
13976,8.0
13977,8.0
13978,8.0
13979,8.0
13980,8.0
13981,8.0
13982,8.0
13983,8.0
13984,8.0
13985,8.0
13986,8.0
13987,8.0
13988,8.0
13989,8.0
13990,7.0
13991,7.0
13992,7.0
13993,7.0
13994,7.0
13995,7.0
13996,7.0
13997,7.0
13998,7.0
13999,7.0
14000,7.0
14001,7.0
14002,7.0
14003,7.0
14004,7.0
14005,7.0
14006,7.0
14007,7.0
14008,7.0
14009,7.0
14010,7.0
14011,7.0
14012,7.0
14013,7.0
14014,7.0
14015,7.0
14016,7.0
14017,7.0
14018,7.0
14019,7.0
14020,7.0
14021,7.0
14022,7.0
14023,7.0
14024,7.0
14025,7.0
14026,7.0
14027,7.0
14028,7.0
14029,7.0
14030,7.0
14031,7.0
14032,7.0
14033,8.0
14034,8.0
14035,8.0
14036,8.0
14037,8.0
14038,8.0
14039,8.0
14040,8.0
14041,8.0
14042,8.0
14043,8.0
14044,8.0
14045,8.0
14046,8.0
14047,8.0
14048,8.0
14049,8.0
14050,8.0
14051,8.0
14052,8.0
14053,8.0
14054,8.0
14055,8.0
14056,8.0
14057,8.0
14058,8.0
14059,8.0
14060,7.0
14061,7.0
14062,7.0
14063,7.0
14064,7.0
14065,7.0
14066,7.0
14067,7.0
14068,7.0
14069,7.0
14070,7.0
14071,7.0
14072,7.0
14073,7.0
14074,7.0
14075,7.0
14076,7.0
14077,7.0
14078,7.0
14079,7.0
14080,7.0
14081,7.0
14082,7.0
14083,7.0
14084,7.0
14085,7.0
14086,7.0
14087,7.0
14088,7.0
14089,7.0
14090,7.0
14091,7.0
14092,7.0
14093,7.0
14094,7.0
14095,7.0
14096,7.0
14097,7.0
14098,7.0
14099,7.0
14100,7.0
14101,7.0
14102,7.0
14103,7.0
14104,7.0
14105,7.0
14106,7.0
14107,7.0
14108,7.0
14109,7.0
14110,7.0
14111,7.0
14112,7.0
14113,7.0
14114,7.0
14115,7.0
14116,7.0
14117,7.0
14118,7.0
14119,7.0
14120,7.0
14121,7.0
14122,7.0
14123,7.0
14124,7.0
14125,7.0
14126,7.0
14127,7.0
14128,7.0
14129,7.0
14130,7.0
14131,7.0
14132,7.0
14133,7.0
14134,7.0
14135,7.0
14136,7.0
14137,7.0
14138,7.0
14139,7.0
14140,7.0
14141,7.0
14142,7.0
14143,8.0
14144,8.0
14145,8.0
14146,8.0
14147,8.0
14148,8.0
14149,8.0
14150,8.0
14151,8.0
14152,8.0
14153,8.0
14154,8.0
14155,8.0
14156,8.0
14157,8.0
14158,8.0
14159,8.0
14160,8.0
14161,8.0
14162,8.0
14163,8.0
14164,8.0
14165,8.0
14166,8.0
14167,8.0
14168,8.0
14169,8.0
14170,8.0
14171,8.0
14172,8.0
14173,8.0
14174,8.0
14175,8.0
14176,8.0
14177,8.0
14178,8.0
14179,8.0
14180,8.0
14181,8.0
14182,8.0
14183,8.0
14184,8.0
14185,8.0
14186,8.0
14187,8.0
14188,8.0
14189,8.0
14190,8.0
14191,8.0
14192,8.0
14193,8.0
14194,8.0
14195,8.0
14196,8.0
14197,8.0
14198,8.0
14199,8.0
14200,8.0
14201,8.0
14202,8.0
14203,8.0
14204,8.0
14205,8.0
14206,8.0
14207,8.0
14208,8.0
14209,8.0
14210,8.0
14211,8.0
14212,8.0
14213,8.0
14214,8.0
14215,8.0
14216,8.0
14217,8.0
14218,8.0
14219,8.0
14220,8.0
14221,8.0
14222,8.0
14223,8.0
14224,8.0
14225,8.0
14226,8.0
14227,8.0
14228,8.0
14229,8.0
14230,8.0
14231,8.0
14232,8.0
14233,8.0
14234,8.0
14235,8.0
14236,8.0
14237,8.0
14238,8.0
14239,8.0
14240,8.0
14241,8.0
14242,8.0
14243,8.0
14244,8.0
14245,8.0
14246,8.0
14247,8.0
14248,8.0
14249,8.0
14250,8.0
14251,8.0
14252,8.0
14253,8.0
14254,8.0
14255,8.0
14256,8.0
14257,8.0
14258,8.0
14259,8.0
14260,8.0
14261,8.0
14262,8.0
14263,8.0
14264,8.0
14265,8.0
14266,8.0
14267,8.0
14268,8.0
14269,8.0
14270,8.0
14271,8.0
14272,8.0
14273,8.0
14274,8.0
14275,8.0
14276,8.0
14277,8.0
14278,8.0
14279,8.0
14280,8.0
14281,8.0
14282,8.0
14283,8.0
14284,8.0
14285,8.0
14286,8.0
14287,8.0
14288,8.0
14289,8.0
14290,8.0
14291,8.0
14292,8.0
14293,8.0
14294,8.0
14295,8.0
14296,8.0
14297,8.0
14298,8.0
14299,8.0
14300,8.0
14301,8.0
14302,8.0
14303,8.0
14304,8.0
14305,8.0
14306,8.0
14307,8.0
14308,8.0
14309,8.0
14310,8.0
14311,8.0
14312,8.0
14313,8.0
14314,8.0
14315,8.0
14316,8.0
14317,8.0
14318,8.0
14319,8.0
14320,8.0
14321,8.0
14322,8.0
14323,8.0
14324,8.0
14325,8.0
14326,8.0
14327,8.0
14328,8.0
14329,8.0
14330,8.0
14331,8.0
14332,8.0
14333,8.0
14334,8.0
14335,8.0
14336,8.0
14337,8.0
14338,8.0
14339,8.0
14340,8.0
14341,8.0
14342,8.0
14343,8.0
14344,8.0
14345,8.0
14346,8.0
14347,8.0
14348,8.0
14349,8.0
14350,8.0
14351,8.0
14352,8.0
14353,8.0
14354,8.0
14355,8.0
14356,8.0
14357,8.0
14358,8.0
14359,8.0
14360,8.0
14361,8.0
14362,8.0
14363,8.0
14364,8.0
14365,8.0
14366,8.0
14367,8.0
14368,8.0
14369,8.0
14370,8.0
14371,8.0
14372,8.0
14373,8.0
14374,8.0
14375,8.0
14376,8.0
14377,8.0
14378,8.0
14379,8.0
14380,8.0
14381,8.0
14382,8.0
14383,8.0
14384,8.0
14385,8.0
14386,8.0
14387,8.0
14388,8.0
14389,8.0
14390,8.0
14391,8.0
14392,8.0
14393,8.0
14394,8.0
14395,8.0
14396,9.0
14397,10.0
14398,10.0
14399,10.0
14400,10.0
14401,10.0
14402,10.0
14403,10.0
14404,10.0
14405,10.0
14406,10.0
14407,10.0
14408,10.0
14409,10.0
14410,10.0
14411,10.0
14412,10.0
14413,10.0
14414,10.0
14415,10.0
14416,10.0
14417,10.0
14418,10.0
14419,10.0
14420,10.0
14421,10.0
14422,10.0
14423,10.0
14424,10.0
14425,10.0
14426,10.0
14427,10.0
14428,10.0
14429,10.0
14430,10.0
14431,10.0
14432,10.0
14433,10.0
14434,10.0
14435,10.0
14436,10.0
14437,10.0
14438,9.0
14439,9.0
14440,9.0
14441,9.0
14442,9.0
14443,9.0
14444,9.0
14445,9.0
14446,9.0
14447,9.0
14448,9.0
14449,9.0
14450,9.0
14451,9.0
14452,9.0
14453,9.0
14454,9.0
14455,9.0
14456,9.0
14457,9.0
14458,9.0
14459,9.0
14460,9.0
14461,9.0
14462,9.0
14463,9.0
14464,9.0
14465,9.0
14466,9.0
14467,9.0
14468,9.0
14469,9.0
14470,9.0
14471,9.0
14472,9.0
14473,9.0
14474,9.0
14475,9.0
14476,9.0
14477,9.0
14478,9.0
14479,9.0
14480,9.0
14481,9.0
14482,9.0
14483,9.0
14484,9.0
14485,9.0
14486,9.0
14487,9.0
14488,9.0
14489,9.0
14490,9.0
14491,9.0
14492,9.0
14493,9.0
14494,9.0
14495,9.0
14496,9.0
14497,9.0
14498,9.0
14499,9.0
14500,9.0
14501,9.0
14502,9.0
14503,9.0
14504,9.0
14505,9.0
14506,9.0
14507,9.0
14508,9.0
14509,9.0
14510,9.0
14511,9.0
14512,9.0
14513,9.0
14514,9.0
14515,9.0
14516,9.0
14517,9.0
14518,9.0
14519,9.0
14520,9.0
14521,9.0
14522,9.0
14523,9.0
14524,9.0
14525,9.0
14526,9.0
14527,9.0
14528,9.0
14529,9.0
14530,9.0
14531,9.0
14532,9.0
14533,9.0
14534,9.0
14535,9.0
14536,9.0
14537,9.0
14538,9.0
14539,9.0
14540,9.0
14541,9.0
14542,9.0
14543,9.0
14544,9.0
14545,9.0
14546,9.0
14547,9.0
14548,9.0
14549,9.0
14550,9.0
14551,9.0
14552,9.0
14553,9.0
14554,9.0
14555,9.0
14556,9.0
14557,9.0
14558,9.0
14559,9.0
14560,9.0
14561,9.0
14562,9.0
14563,9.0
14564,9.0
14565,9.0
14566,9.0
14567,9.0
14568,9.0
14569,9.0
14570,9.0
14571,9.0
14572,9.0
14573,9.0
14574,9.0
14575,9.0
14576,9.0
14577,10.0
14578,10.0
14579,10.0
14580,10.0
14581,10.0
14582,10.0
14583,10.0
14584,10.0
14585,10.0
14586,10.0
14587,10.0
14588,10.0
14589,10.0
14590,10.0
14591,10.0
14592,11.0
14593,11.0
14594,11.0
14595,11.0
14596,11.0
14597,11.0
14598,11.0
14599,11.0
14600,11.0
14601,11.0
14602,11.0
14603,11.0
14604,11.0
14605,11.0
14606,11.0
14607,11.0
14608,11.0
14609,11.0
14610,11.0
14611,11.0
14612,11.0
14613,11.0
14614,11.0
14615,11.0
14616,11.0
14617,11.0
14618,11.0
14619,11.0
14620,11.0
14621,11.0
14622,11.0
14623,11.0
14624,11.0
14625,11.0
14626,11.0
14627,11.0
14628,11.0
14629,11.0
14630,11.0
14631,11.0
14632,11.0
14633,11.0
14634,11.0
14635,11.0
14636,11.0
14637,11.0
14638,11.0
14639,11.0
14640,11.0
14641,11.0
14642,11.0
14643,11.0
14644,11.0
14645,11.0
14646,11.0
14647,11.0
14648,11.0
14649,11.0
14650,11.0
14651,11.0
14652,11.0
14653,11.0
14654,11.0
14655,11.0
14656,11.0
14657,11.0
14658,11.0
14659,11.0
14660,11.0
14661,11.0
14662,11.0
14663,11.0
14664,11.0
14665,11.0
14666,11.0
14667,11.0
14668,11.0
14669,11.0
14670,11.0
14671,11.0
14672,11.0
14673,11.0
14674,11.0
14675,11.0
14676,11.0
14677,11.0
14678,11.0
14679,11.0
14680,11.0
14681,11.0
14682,11.0
14683,11.0
14684,11.0
14685,11.0
14686,11.0
14687,11.0
14688,11.0
14689,11.0
14690,11.0
14691,11.0
14692,11.0
14693,11.0
14694,11.0
14695,11.0
14696,11.0
14697,11.0
14698,11.0
14699,11.0
14700,11.0
14701,11.0
14702,11.0
14703,11.0
14704,11.0
14705,11.0
14706,11.0
14707,11.0
14708,11.0
14709,11.0
14710,11.0
14711,11.0
14712,11.0
14713,11.0
14714,11.0
14715,11.0
14716,11.0
14717,11.0
14718,11.0
14719,12.0
14720,12.0
14721,12.0
14722,12.0
14723,12.0
14724,12.0
14725,12.0
14726,12.0
14727,12.0
14728,12.0
14729,12.0
14730,12.0
14731,12.0
14732,12.0
14733,12.0
14734,12.0
14735,12.0
14736,12.0
14737,12.0
14738,12.0
14739,12.0
14740,12.0
14741,12.0
14742,12.0
14743,12.0
14744,12.0
14745,12.0
14746,12.0
14747,12.0
14748,12.0
14749,12.0
14750,12.0
14751,12.0
14752,12.0
14753,12.0
14754,12.0
14755,12.0
14756,13.0
14757,13.0
14758,13.0
14759,13.0
14760,13.0
14761,13.0
14762,13.0
14763,13.0
14764,13.0
14765,13.0
14766,13.0
14767,13.0
14768,13.0
14769,13.0
14770,13.0
14771,13.0
14772,13.0
14773,13.0
14774,13.0
14775,13.0
14776,13.0
14777,13.0
14778,13.0
14779,13.0
14780,13.0
14781,13.0
14782,13.0
14783,13.0
14784,13.0
14785,13.0
14786,13.0
14787,13.0
14788,13.0
14789,13.0
14790,13.0
14791,13.0
14792,13.0
14793,13.0
14794,13.0
14795,13.0
14796,13.0
14797,13.0
14798,13.0
14799,13.0
14800,13.0
14801,13.0
14802,13.0
14803,13.0
14804,13.0
14805,13.0
14806,13.0
14807,13.0
14808,13.0
14809,13.0
14810,13.0
14811,13.0
14812,13.0
14813,13.0
14814,13.0
14815,13.0
14816,13.0
14817,13.0
14818,13.0
14819,13.0
14820,13.0
14821,13.0
14822,13.0
14823,13.0
14824,13.0
14825,13.0
14826,13.0
14827,13.0
14828,13.0
14829,13.0
14830,13.0
14831,13.0
14832,13.0
14833,13.0
14834,13.0
14835,13.0
14836,13.0
14837,13.0
14838,13.0
14839,13.0
14840,13.0
14841,13.0
14842,13.0
14843,13.0
14844,13.0
14845,13.0
14846,13.0
14847,13.0
14848,13.0
14849,13.0
14850,13.0
14851,13.0
14852,13.0
14853,13.0
14854,13.0
14855,13.0
14856,13.0
14857,13.0
14858,13.0
14859,13.0
14860,13.0
14861,13.0
14862,13.0
14863,13.0
14864,13.0
14865,13.0
14866,13.0
14867,13.0
14868,13.0
14869,13.0
14870,13.0
14871,13.0
14872,13.0
14873,13.0
14874,13.0
14875,13.0
14876,13.0
14877,13.0
14878,13.0
14879,13.0
14880,13.0
14881,13.0
14882,13.0
14883,13.0
14884,13.0
14885,13.0
14886,13.0
14887,13.0
14888,13.0
14889,13.0
14890,13.0
14891,13.0
14892,13.0
14893,13.0
14894,13.0
14895,13.0
14896,13.0
14897,13.0
14898,13.0
14899,13.0
14900,13.0
14901,13.0
14902,13.0
14903,13.0
14904,13.0
14905,13.0
14906,13.0
14907,13.0
14908,13.0
14909,13.0
14910,13.0
14911,13.0
14912,13.0
14913,13.0
14914,13.0
14915,13.0
14916,13.0
14917,13.0
14918,13.0
14919,13.0
14920,13.0
14921,13.0
14922,13.0
14923,13.0
14924,13.0
14925,13.0
14926,13.0
14927,13.0
14928,13.0
14929,13.0
14930,13.0
14931,13.0
14932,13.0
14933,13.0
14934,13.0
14935,13.0
14936,13.0
14937,13.0
14938,13.0
14939,13.0
14940,13.0
14941,13.0
14942,13.0
14943,13.0
14944,13.0
14945,13.0
14946,13.0
14947,13.0
14948,13.0
14949,13.0
14950,13.0
14951,13.0
14952,13.0
14953,13.0
14954,13.0
14955,13.0
14956,13.0
14957,13.0
14958,13.0
14959,13.0
14960,13.0
14961,13.0
14962,13.0
14963,13.0
14964,13.0
14965,13.0
14966,13.0
14967,13.0
14968,13.0
14969,13.0
14970,13.0
14971,13.0
14972,13.0
14973,13.0
14974,13.0
14975,13.0
14976,13.0
14977,13.0
14978,13.0
14979,13.0
14980,13.0
14981,13.0
14982,13.0
14983,13.0
14984,13.0
14985,13.0
14986,13.0
14987,13.0
14988,13.0
14989,13.0
14990,13.0
14991,13.0
14992,13.0
14993,13.0
14994,13.0
14995,13.0
14996,13.0
14997,13.0
14998,13.0
14999,13.0
15000,13.0
15001,13.0
15002,13.0
15003,13.0
15004,13.0
15005,13.0
15006,13.0
15007,13.0
15008,13.0
15009,13.0
15010,13.0
15011,13.0
15012,13.0
15013,13.0
15014,13.0
15015,13.0
15016,13.0
15017,13.0
15018,13.0
15019,13.0
15020,13.0
15021,13.0
15022,13.0
15023,13.0
15024,13.0
15025,13.0
15026,13.0
15027,13.0
15028,13.0
15029,13.0
15030,13.0
15031,13.0
15032,13.0
15033,13.0
15034,13.0
15035,13.0
15036,13.0
15037,13.0
15038,13.0
15039,13.0
15040,13.0
15041,13.0
15042,13.0
15043,13.0
15044,13.0
15045,13.0
15046,13.0
15047,13.0
15048,13.0
15049,13.0
15050,13.0
15051,13.0
15052,13.0
15053,13.0
15054,13.0
15055,13.0
15056,13.0
15057,13.0
15058,13.0
15059,13.0
15060,13.0
15061,13.0
15062,13.0
15063,13.0
15064,13.0
15065,13.0
15066,13.0
15067,13.0
15068,13.0
15069,13.0
15070,13.0
15071,13.0
15072,13.0
15073,13.0
15074,13.0
15075,13.0
15076,13.0
15077,13.0
15078,13.0
15079,13.0
15080,13.0
15081,13.0
15082,13.0
15083,13.0
15084,13.0
15085,13.0
15086,13.0
15087,13.0
15088,13.0
15089,13.0
15090,13.0
15091,13.0
15092,13.0
15093,13.0
15094,13.0
15095,13.0
15096,13.0
15097,13.0
15098,13.0
15099,13.0
15100,13.0
15101,13.0
15102,13.0
15103,13.0
15104,13.0
15105,13.0
15106,13.0
15107,13.0
15108,13.0
15109,13.0
15110,13.0
15111,13.0
15112,13.0
15113,13.0
15114,13.0
15115,13.0
15116,13.0
15117,13.0
15118,13.0
15119,13.0
15120,13.0
15121,13.0
15122,13.0
15123,13.0
15124,13.0
15125,13.0
15126,13.0
15127,13.0
15128,13.0
15129,13.0
15130,13.0
15131,13.0
15132,13.0
15133,13.0
15134,13.0
15135,13.0
15136,13.0
15137,13.0
15138,13.0
15139,13.0
15140,13.0
15141,13.0
15142,13.0
15143,13.0
15144,13.0
15145,13.0
15146,13.0
15147,13.0
15148,13.0
15149,13.0
15150,13.0
15151,13.0
15152,13.0
15153,13.0
15154,13.0
15155,13.0
15156,13.0
15157,13.0
15158,13.0
15159,13.0
15160,13.0
15161,13.0
15162,13.0
15163,13.0
15164,13.0
15165,13.0
15166,13.0
15167,13.0
15168,13.0
15169,13.0
15170,13.0
15171,13.0
15172,13.0
15173,13.0
15174,13.0
15175,13.0
15176,13.0
15177,13.0
15178,13.0
15179,13.0
15180,13.0
15181,13.0
15182,13.0
15183,13.0
15184,13.0
15185,13.0
15186,13.0
15187,13.0
15188,13.0
15189,13.0
15190,13.0
15191,13.0
15192,13.0
15193,13.0
15194,13.0
15195,13.0
15196,13.0
15197,13.0
15198,13.0
15199,13.0
15200,13.0
15201,13.0
15202,13.0
15203,13.0
15204,13.0
15205,13.0
15206,13.0
15207,13.0
15208,13.0
15209,13.0
15210,13.0
15211,13.0
15212,13.0
15213,13.0
15214,13.0
15215,13.0
15216,13.0
15217,13.0
15218,13.0
15219,13.0
15220,13.0
15221,13.0
15222,13.0
15223,13.0
15224,13.0
15225,13.0
15226,13.0
15227,13.0
15228,13.0
15229,13.0
15230,13.0
15231,13.0
15232,13.0
15233,13.0
15234,13.0
15235,13.0
15236,13.0
15237,13.0
15238,13.0
15239,13.0
15240,13.0
15241,13.0
15242,13.0
15243,13.0
15244,13.0
15245,13.0
15246,13.0
15247,13.0
15248,13.0
15249,13.0
15250,13.0
15251,13.0
15252,13.0
15253,13.0
15254,13.0
15255,13.0
15256,13.0
15257,13.0
15258,13.0
15259,13.0
15260,13.0
15261,13.0
15262,13.0
15263,13.0
15264,13.0
15265,13.0
15266,13.0
15267,13.0
15268,13.0
15269,13.0
15270,13.0
15271,13.0
15272,13.0
15273,13.0
15274,13.0
15275,13.0
15276,13.0
15277,13.0
15278,13.0
15279,13.0
15280,13.0
15281,13.0
15282,13.0
15283,13.0
15284,13.0
15285,13.0
15286,13.0
15287,13.0
15288,13.0
15289,13.0
15290,13.0
15291,13.0
15292,13.0
15293,13.0
15294,13.0
15295,13.0
15296,13.0
15297,13.0
15298,13.0
15299,13.0
15300,13.0
15301,13.0
15302,13.0
15303,13.0
15304,13.0
15305,13.0
15306,13.0
15307,13.0
15308,13.0
15309,13.0
15310,13.0
15311,13.0
15312,13.0
15313,13.0
15314,13.0
15315,13.0
15316,13.0
15317,13.0
15318,13.0
15319,13.0
15320,13.0
15321,13.0
15322,13.0
15323,13.0
15324,13.0
15325,13.0
15326,13.0
15327,13.0
15328,13.0
15329,13.0
15330,13.0
15331,13.0
15332,13.0
15333,13.0
15334,13.0
15335,13.0
15336,13.0
15337,13.0
15338,13.0
15339,13.0
15340,13.0
15341,13.0
15342,13.0
15343,13.0
15344,13.0
15345,13.0
15346,13.0
15347,13.0
15348,13.0
15349,13.0
15350,13.0
15351,13.0
15352,13.0
15353,13.0
15354,13.0
15355,13.0
15356,13.0
15357,13.0
15358,13.0
15359,13.0
15360,13.0
15361,13.0
15362,13.0
15363,13.0
15364,13.0
15365,13.0
15366,13.0
15367,13.0
15368,13.0
15369,13.0
15370,13.0
15371,13.0
15372,13.0
15373,13.0
15374,13.0
15375,13.0
15376,13.0
15377,13.0
15378,13.0
15379,13.0
15380,13.0
15381,13.0
15382,13.0
15383,13.0
15384,13.0
15385,13.0
15386,13.0
15387,13.0
15388,13.0
15389,13.0
15390,13.0
15391,13.0
15392,13.0
15393,13.0
15394,13.0
15395,13.0
15396,13.0
15397,13.0
15398,13.0
15399,13.0
15400,13.0
15401,13.0
15402,13.0
15403,13.0
15404,13.0
15405,13.0
15406,13.0
15407,13.0
15408,13.0
15409,13.0
15410,13.0
15411,13.0
15412,13.0
15413,13.0
15414,13.0
15415,13.0
15416,13.0
15417,13.0
15418,13.0
15419,13.0
15420,13.0
15421,13.0
15422,13.0
15423,13.0
15424,13.0
15425,13.0
15426,13.0
15427,13.0
15428,13.0
15429,13.0
15430,13.0
15431,13.0
15432,13.0
15433,13.0
15434,13.0
15435,13.0
15436,13.0
15437,13.0
15438,13.0
15439,13.0
15440,13.0
15441,13.0
15442,13.0
15443,13.0
15444,13.0
15445,13.0
15446,13.0
15447,13.0
15448,13.0
15449,13.0
15450,13.0
15451,13.0
15452,13.0
15453,13.0
15454,13.0
15455,13.0
15456,13.0
15457,13.0
15458,13.0
15459,13.0
15460,13.0
15461,13.0
15462,13.0
15463,13.0
15464,13.0
15465,13.0
15466,13.0
15467,13.0
15468,13.0
15469,13.0
15470,13.0
15471,13.0
15472,13.0
15473,13.0
15474,13.0
15475,13.0
15476,13.0
15477,13.0
15478,13.0
15479,13.0
15480,13.0
15481,13.0
15482,13.0
15483,13.0
15484,13.0
15485,13.0
15486,13.0
15487,13.0
15488,13.0
15489,13.0
15490,13.0
15491,13.0
15492,13.0
15493,13.0
15494,13.0
15495,13.0
15496,13.0
15497,13.0
15498,13.0
15499,13.0
15500,13.0
15501,13.0
15502,13.0
15503,13.0
15504,13.0
15505,13.0
15506,13.0
15507,13.0
15508,13.0
15509,13.0
15510,13.0
15511,13.0
15512,13.0
15513,13.0
15514,13.0
15515,13.0
15516,13.0
15517,13.0
15518,13.0
15519,13.0
15520,13.0
15521,13.0
15522,13.0
15523,13.0
15524,13.0
15525,13.0
15526,13.0
15527,13.0
15528,13.0
15529,13.0
15530,13.0
15531,13.0
15532,13.0
15533,13.0
15534,13.0
15535,13.0
15536,13.0
15537,13.0
15538,13.0
15539,13.0
15540,13.0
15541,13.0
15542,13.0
15543,13.0
15544,13.0
15545,13.0
15546,13.0
15547,13.0
15548,13.0
15549,13.0
15550,13.0
15551,13.0
15552,13.0
15553,13.0
15554,13.0
15555,13.0
15556,13.0
15557,13.0
15558,13.0
15559,13.0
15560,13.0
15561,13.0
15562,13.0
15563,13.0
15564,13.0
15565,13.0
15566,13.0
15567,13.0
15568,13.0
15569,13.0
15570,13.0
15571,13.0
15572,13.0
15573,13.0
15574,13.0
15575,13.0
15576,13.0
15577,13.0
15578,13.0
15579,13.0
15580,13.0
15581,13.0
15582,13.0
15583,13.0
15584,13.0
15585,13.0
15586,14.0
15587,14.0
15588,14.0
15589,14.0
15590,14.0
15591,14.0
15592,14.0
15593,13.0
15594,13.0
15595,13.0
15596,13.0
15597,13.0
15598,13.0
15599,13.0
15600,13.0
15601,13.0
15602,13.0
15603,13.0
15604,13.0
15605,13.0
15606,13.0
15607,13.0
15608,13.0
15609,13.0
15610,13.0
15611,13.0
15612,13.0
15613,13.0
15614,13.0
15615,13.0
15616,13.0
15617,13.0
15618,13.0
15619,13.0
15620,13.0
15621,13.0
15622,13.0
15623,13.0
15624,13.0
15625,13.0
15626,13.0
15627,13.0
15628,13.0
15629,13.0
15630,13.0
15631,13.0
15632,13.0
15633,13.0
15634,13.0
15635,13.0
15636,13.0
15637,13.0
15638,13.0
15639,13.0
15640,13.0
15641,13.0
15642,13.0
15643,13.0
15644,13.0
15645,13.0
15646,13.0
15647,13.0
15648,13.0
15649,13.0
15650,13.0
15651,13.0
15652,13.0
15653,13.0
15654,13.0
15655,13.0
15656,13.0
15657,13.0
15658,13.0
15659,13.0
15660,13.0
15661,13.0
15662,13.0
15663,13.0
15664,13.0
15665,13.0
15666,13.0
15667,13.0
15668,13.0
15669,13.0
15670,13.0
15671,13.0
15672,13.0
15673,13.0
15674,13.0
15675,13.0
15676,13.0
15677,13.0
15678,13.0
15679,14.0
15680,14.0
15681,14.0
15682,14.0
15683,14.0
15684,14.0
15685,14.0
15686,14.0
15687,14.0
15688,14.0
15689,14.0
15690,14.0
15691,14.0
15692,14.0
15693,14.0
15694,14.0
15695,14.0
15696,14.0
15697,14.0
15698,14.0
15699,14.0
15700,14.0
15701,14.0
15702,14.0
15703,14.0
15704,14.0
15705,14.0
15706,14.0
15707,14.0
15708,13.0
15709,13.0
15710,13.0
15711,13.0
15712,13.0
15713,13.0
15714,13.0
15715,13.0
15716,13.0
15717,13.0
15718,13.0
15719,13.0
15720,13.0
15721,13.0
15722,13.0
15723,13.0
15724,13.0
15725,13.0
15726,13.0
15727,13.0
15728,13.0
15729,13.0
15730,13.0
15731,13.0
15732,13.0
15733,13.0
15734,13.0
15735,13.0
15736,13.0
15737,13.0
15738,13.0
15739,13.0
15740,13.0
15741,13.0
15742,13.0
15743,13.0
15744,13.0
15745,13.0
15746,13.0
15747,13.0
15748,13.0
15749,13.0
15750,13.0
15751,13.0
15752,13.0
15753,13.0
15754,13.0
15755,13.0
15756,13.0
15757,13.0
15758,13.0
15759,13.0
15760,13.0
15761,13.0
15762,13.0
15763,13.0
15764,13.0
15765,13.0
15766,13.0
15767,13.0
15768,13.0
15769,13.0
15770,13.0
15771,13.0
15772,13.0
15773,13.0
15774,13.0
15775,13.0
15776,13.0
15777,13.0
15778,13.0
15779,13.0
15780,13.0
15781,13.0
15782,13.0
15783,13.0
15784,13.0
15785,13.0
15786,13.0
15787,13.0
15788,13.0
15789,13.0
15790,13.0
15791,13.0
15792,12.0
15793,12.0
15794,12.0
15795,12.0
15796,12.0
15797,12.0
15798,12.0
15799,12.0
15800,12.0
15801,12.0
15802,12.0
15803,12.0
15804,12.0
15805,12.0
15806,12.0
15807,12.0
15808,12.0
15809,12.0
15810,12.0
15811,12.0
15812,12.0
15813,12.0
15814,12.0
15815,12.0
15816,12.0
15817,12.0
15818,12.0
15819,12.0
15820,12.0
15821,12.0
15822,12.0
15823,12.0
15824,12.0
15825,12.0
15826,12.0
15827,12.0
15828,12.0
15829,12.0
15830,12.0
15831,12.0
15832,12.0
15833,12.0
15834,12.0
15835,12.0
15836,12.0
15837,12.0
15838,13.0
15839,13.0
15840,13.0
15841,13.0
15842,13.0
15843,13.0
15844,13.0
15845,13.0
15846,13.0
15847,13.0
15848,12.0
15849,12.0
15850,12.0
15851,12.0
15852,12.0
15853,12.0
15854,12.0
15855,12.0
15856,12.0
15857,11.0
15858,11.0
15859,11.0
15860,11.0
15861,10.0
15862,10.0
15863,10.0
15864,10.0
15865,10.0
15866,10.0
15867,10.0
15868,10.0
15869,10.0
15870,10.0
15871,10.0
15872,10.0
15873,10.0
15874,10.0
15875,10.0
15876,10.0
15877,10.0
15878,10.0
15879,10.0
15880,10.0
15881,10.0
15882,10.0
15883,10.0
15884,10.0
15885,10.0
15886,10.0
15887,10.0
15888,10.0
15889,10.0
15890,10.0
15891,10.0
15892,10.0
15893,10.0
15894,10.0
15895,10.0
15896,10.0
15897,10.0
15898,10.0
15899,10.0
15900,10.0
15901,10.0
15902,10.0
15903,10.0
15904,10.0
15905,10.0
15906,10.0
15907,10.0
15908,10.0
15909,10.0
15910,10.0
15911,10.0
15912,10.0
15913,10.0
15914,10.0
15915,10.0
15916,10.0
15917,10.0
15918,10.0
15919,10.0
15920,10.0
15921,10.0
15922,10.0
15923,10.0
15924,10.0
15925,10.0
15926,10.0
15927,10.0
15928,10.0
15929,10.0
15930,10.0
15931,10.0
15932,10.0
15933,10.0
15934,10.0
15935,10.0
15936,10.0
15937,10.0
15938,10.0
15939,10.0
15940,10.0
15941,10.0
15942,10.0
15943,10.0
15944,10.0
15945,10.0
15946,10.0
15947,10.0
15948,10.0
15949,10.0
15950,10.0
15951,10.0
15952,11.0
15953,11.0
15954,10.0
15955,10.0
15956,10.0
15957,10.0
15958,10.0
15959,10.0
15960,10.0
15961,10.0
15962,10.0
15963,10.0
15964,10.0
15965,10.0
15966,10.0
15967,10.0
15968,10.0
15969,10.0
15970,10.0
15971,10.0
15972,10.0
15973,10.0
15974,10.0
15975,9.0
15976,9.0
15977,9.0
15978,9.0
15979,9.0
15980,9.0
15981,9.0
15982,9.0
15983,8.0
15984,8.0
15985,8.0
15986,8.0
15987,8.0
15988,8.0
15989,8.0
15990,8.0
15991,8.0
15992,8.0
15993,8.0
15994,8.0
15995,8.0
15996,8.0
15997,8.0
15998,8.0
15999,8.0
16000,8.0
16001,8.0
16002,8.0
16003,8.0
16004,8.0
16005,8.0
16006,8.0
16007,8.0
16008,8.0
16009,8.0
16010,8.0
16011,8.0
16012,8.0
16013,8.0
16014,8.0
16015,8.0
16016,8.0
16017,8.0
16018,8.0
16019,8.0
16020,8.0
16021,8.0
16022,8.0
16023,8.0
16024,8.0
16025,8.0
16026,8.0
16027,8.0
16028,8.0
16029,8.0
16030,8.0
16031,8.0
16032,8.0
16033,8.0
16034,8.0
16035,8.0
16036,8.0
16037,8.0
16038,8.0
16039,8.0
16040,8.0
16041,8.0
16042,8.0
16043,8.0
16044,8.0
16045,8.0
16046,8.0
16047,8.0
16048,8.0
16049,8.0
16050,8.0
16051,8.0
16052,8.0
16053,8.0
16054,8.0
16055,8.0
16056,8.0
16057,8.0
16058,8.0
16059,8.0
16060,8.0
16061,8.0
16062,8.0
16063,8.0
16064,8.0
16065,8.0
16066,8.0
16067,8.0
16068,8.0
16069,8.0
16070,8.0
16071,8.0
16072,8.0
16073,8.0
16074,8.0
16075,8.0
16076,8.0
16077,8.0
16078,8.0
16079,8.0
16080,8.0
16081,8.0
16082,8.0
16083,8.0
16084,8.0
16085,8.0
16086,8.0
16087,8.0
16088,8.0
16089,8.0
16090,7.0
16091,7.0
16092,7.0
16093,8.0
16094,8.0
16095,8.0
16096,8.0
16097,8.0
16098,8.0
16099,8.0
16100,8.0
16101,8.0
16102,8.0
16103,8.0
16104,8.0
16105,8.0
16106,8.0
16107,8.0
16108,8.0
16109,8.0
16110,8.0
16111,8.0
16112,8.0
16113,8.0
16114,8.0
16115,8.0
16116,8.0
16117,8.0
16118,8.0
16119,8.0
16120,8.0
16121,8.0
16122,8.0
16123,9.0
16124,8.0
16125,8.0
16126,8.0
16127,8.0
16128,8.0
16129,8.0
16130,8.0
16131,8.0
16132,8.0
16133,8.0
16134,7.0
16135,7.0
16136,7.0
16137,7.0
16138,7.0
16139,5.0
16140,5.0
16141,5.0
16142,5.0
16143,5.0
16144,5.0
16145,5.0
16146,5.0
16147,5.0
16148,5.0
16149,5.0
16150,5.0
16151,5.0
16152,5.0
16153,5.0
16154,5.0
16155,5.0
16156,5.0
16157,5.0
16158,5.0
16159,5.0
16160,5.0
16161,5.0
16162,5.0
16163,5.0
16164,5.0
16165,6.0
16166,6.0
16167,6.0
16168,6.0
16169,6.0
16170,6.0
16171,6.0
16172,6.0
16173,6.0
16174,6.0
16175,6.0
16176,6.0
16177,6.0
16178,6.0
16179,6.0
16180,6.0
16181,6.0
16182,6.0
16183,6.0
16184,6.0
16185,6.0
16186,6.0
16187,6.0
16188,6.0
16189,6.0
16190,6.0
16191,6.0
16192,6.0
16193,6.0
16194,6.0
16195,6.0
16196,6.0
16197,6.0
16198,6.0
16199,6.0
16200,6.0
16201,6.0
16202,6.0
16203,6.0
16204,6.0
16205,6.0
16206,6.0
16207,6.0
16208,6.0
16209,6.0
16210,6.0
16211,6.0
16212,6.0
16213,6.0
16214,6.0
16215,6.0
16216,6.0
16217,6.0
16218,6.0
16219,6.0
16220,6.0
16221,6.0
16222,6.0
16223,6.0
16224,6.0
16225,6.0
16226,6.0
16227,6.0
16228,6.0
16229,6.0
16230,6.0
16231,6.0
16232,6.0
16233,6.0
16234,6.0
16235,6.0
16236,6.0
16237,6.0
16238,6.0
16239,6.0
16240,6.0
16241,6.0
16242,6.0
16243,6.0
16244,6.0
16245,6.0
16246,6.0
16247,6.0
16248,6.0
16249,6.0
16250,6.0
16251,6.0
16252,6.0
16253,6.0
16254,6.0
16255,6.0
16256,6.0
16257,6.0
16258,6.0
16259,6.0
16260,6.0
16261,6.0
16262,6.0
16263,6.0
16264,6.0
16265,6.0
16266,6.0
16267,6.0
16268,6.0
16269,6.0
16270,6.0
16271,6.0
16272,6.0
16273,6.0
16274,6.0
16275,6.0
16276,6.0
16277,6.0
16278,6.0
16279,6.0
16280,6.0
16281,6.0
16282,6.0
16283,6.0
16284,6.0
16285,6.0
16286,6.0
16287,6.0
16288,6.0
16289,6.0
16290,6.0
16291,6.0
16292,6.0
16293,6.0
16294,6.0
16295,6.0
16296,6.0
16297,6.0
16298,6.0
16299,6.0
16300,6.0
16301,6.0
16302,6.0
16303,6.0
16304,6.0
16305,6.0
16306,6.0
16307,6.0
16308,6.0
16309,6.0
16310,6.0
16311,6.0
16312,6.0
16313,6.0
16314,6.0
16315,6.0
16316,6.0
16317,6.0
16318,6.0
16319,6.0
16320,6.0
16321,6.0
16322,6.0
16323,6.0
16324,6.0
16325,6.0
16326,6.0
16327,6.0
16328,6.0
16329,6.0
16330,6.0
16331,6.0
16332,6.0
16333,6.0
16334,6.0
16335,6.0
16336,6.0
16337,6.0
16338,6.0
16339,6.0
16340,6.0
16341,6.0
16342,6.0
16343,6.0
16344,6.0
16345,6.0
16346,6.0
16347,6.0
16348,6.0
16349,6.0
16350,6.0
16351,6.0
16352,6.0
16353,6.0
16354,6.0
16355,6.0
16356,6.0
16357,6.0
16358,6.0
16359,6.0
16360,6.0
16361,6.0
16362,6.0
16363,6.0
16364,6.0
16365,6.0
16366,6.0
16367,6.0
16368,6.0
16369,6.0
16370,6.0
16371,6.0
16372,6.0
16373,6.0
16374,6.0
16375,6.0
16376,6.0
16377,6.0
16378,6.0
16379,6.0
16380,6.0
16381,6.0
16382,6.0
16383,6.0
16384,6.0
16385,6.0
16386,6.0
16387,6.0
16388,6.0
16389,6.0
16390,6.0
16391,6.0
16392,6.0
16393,6.0
16394,6.0
16395,6.0
16396,6.0
16397,6.0
16398,6.0
16399,6.0
16400,6.0
16401,6.0
16402,6.0
16403,6.0
16404,6.0
16405,6.0
16406,6.0
16407,6.0
16408,6.0
16409,6.0
16410,6.0
16411,6.0
16412,6.0
16413,6.0
16414,6.0
16415,6.0
16416,6.0
16417,6.0
16418,6.0
16419,6.0
16420,6.0
16421,6.0
16422,6.0
16423,6.0
16424,6.0
16425,6.0
16426,6.0
16427,6.0
16428,6.0
16429,6.0
16430,6.0
16431,6.0
16432,6.0
16433,6.0
16434,6.0
16435,6.0
16436,6.0
16437,6.0
16438,7.0
16439,7.0
16440,7.0
16441,7.0
16442,7.0
16443,7.0
16444,7.0
16445,7.0
16446,7.0
16447,7.0
16448,7.0
16449,7.0
16450,7.0
16451,7.0
16452,7.0
16453,7.0
16454,7.0
16455,7.0
16456,7.0
16457,7.0
16458,7.0
16459,7.0
16460,7.0
16461,7.0
16462,7.0
16463,7.0
16464,7.0
16465,7.0
16466,7.0
16467,7.0
16468,7.0
16469,7.0
16470,7.0
16471,7.0
16472,7.0
16473,7.0
16474,7.0
16475,8.0
16476,8.0
16477,8.0
16478,8.0
16479,8.0
16480,8.0
16481,8.0
16482,8.0
16483,8.0
16484,8.0
16485,8.0
16486,8.0
16487,8.0
16488,8.0
16489,8.0
16490,8.0
16491,8.0
16492,8.0
16493,8.0
16494,8.0
16495,8.0
16496,8.0
16497,8.0
16498,8.0
16499,8.0
16500,8.0
16501,8.0
16502,8.0
16503,8.0
16504,8.0
16505,8.0
16506,8.0
16507,8.0
16508,8.0
16509,8.0
16510,8.0
16511,8.0
16512,8.0
16513,8.0
16514,8.0
16515,8.0
16516,8.0
16517,8.0
16518,8.0
16519,8.0
16520,8.0
16521,8.0
16522,8.0
16523,8.0
16524,8.0
16525,8.0
16526,8.0
16527,8.0
16528,8.0
16529,8.0
16530,8.0
16531,8.0
16532,8.0
16533,8.0
16534,8.0
16535,8.0
16536,8.0
16537,8.0
16538,8.0
16539,8.0
16540,8.0
16541,8.0
16542,8.0
16543,8.0
16544,9.0
16545,9.0
16546,9.0
16547,9.0
16548,9.0
16549,9.0
16550,9.0
16551,9.0
16552,9.0
16553,9.0
16554,9.0
16555,9.0
16556,9.0
16557,9.0
16558,9.0
16559,9.0
16560,9.0
16561,9.0
16562,9.0
16563,9.0
16564,9.0
16565,9.0
16566,9.0
16567,9.0
16568,9.0
16569,9.0
16570,9.0
16571,9.0
16572,9.0
16573,9.0
16574,9.0
16575,9.0
16576,9.0
16577,9.0
16578,9.0
16579,9.0
16580,9.0
16581,9.0
16582,9.0
16583,9.0
16584,9.0
16585,9.0
16586,9.0
16587,9.0
16588,9.0
16589,9.0
16590,9.0
16591,9.0
16592,9.0
16593,9.0
16594,9.0
16595,9.0
16596,9.0
16597,9.0
16598,9.0
16599,9.0
16600,9.0
16601,9.0
16602,9.0
16603,9.0
16604,9.0
16605,9.0
16606,9.0
16607,9.0
16608,9.0
16609,9.0
16610,9.0
16611,9.0
16612,9.0
16613,9.0
16614,9.0
16615,9.0
16616,9.0
16617,9.0
16618,9.0
16619,9.0
16620,6.0
16621,6.0
16622,6.0
16623,6.0
16624,6.0
16625,6.0
16626,6.0
16627,6.0
16628,6.0
16629,5.0
16630,5.0
16631,5.0
16632,5.0
16633,5.0
16634,5.0
16635,5.0
16636,5.0
16637,5.0
16638,5.0
16639,5.0
16640,5.0
16641,5.0
16642,5.0
16643,5.0
16644,5.0
16645,5.0
16646,5.0
16647,5.0
16648,6.0
16649,6.0
16650,6.0
16651,6.0
16652,6.0
16653,6.0
16654,6.0
16655,6.0
16656,6.0
16657,6.0
16658,6.0
16659,6.0
16660,6.0
16661,6.0
16662,6.0
16663,6.0
16664,6.0
16665,6.0
16666,6.0
16667,6.0
16668,6.0
16669,6.0
16670,6.0
16671,6.0
16672,6.0
16673,6.0
16674,6.0
16675,6.0
16676,6.0
16677,6.0
16678,6.0
16679,6.0
16680,6.0
16681,6.0
16682,6.0
16683,6.0
16684,6.0
16685,6.0
16686,6.0
16687,6.0
16688,6.0
16689,6.0
16690,6.0
16691,6.0
16692,6.0
16693,6.0
16694,6.0
16695,6.0
16696,6.0
16697,6.0
16698,6.0
16699,6.0
16700,6.0
16701,6.0
16702,6.0
16703,6.0
16704,6.0
16705,6.0
16706,6.0
16707,6.0
16708,6.0
16709,6.0
16710,6.0
16711,6.0
16712,6.0
16713,6.0
16714,6.0
16715,6.0
16716,6.0
16717,6.0
16718,6.0
16719,6.0
16720,6.0
16721,6.0
16722,6.0
16723,6.0
16724,6.0
16725,6.0
16726,6.0
16727,6.0
16728,6.0
16729,6.0
16730,6.0
16731,6.0
16732,6.0
16733,6.0
16734,6.0
16735,6.0
16736,6.0
16737,6.0
16738,6.0
16739,6.0
16740,6.0
16741,6.0
16742,7.0
16743,7.0
16744,7.0
16745,7.0
16746,7.0
16747,7.0
16748,7.0
16749,7.0
16750,7.0
16751,7.0
16752,7.0
16753,7.0
16754,7.0
16755,7.0
16756,7.0
16757,7.0
16758,7.0
16759,7.0
16760,7.0
16761,7.0
16762,7.0
16763,7.0
16764,7.0
16765,7.0
16766,7.0
16767,7.0
16768,7.0
16769,7.0
16770,7.0
16771,7.0
16772,8.0
16773,8.0
16774,8.0
16775,8.0
16776,8.0
16777,8.0
16778,8.0
16779,8.0
16780,8.0
16781,8.0
16782,8.0
16783,8.0
16784,8.0
16785,8.0
16786,8.0
16787,8.0
16788,8.0
16789,8.0
16790,8.0
16791,8.0
16792,8.0
16793,8.0
16794,8.0
16795,8.0
16796,8.0
16797,8.0
16798,8.0
16799,8.0
16800,8.0
16801,8.0
16802,8.0
16803,8.0
16804,8.0
16805,8.0
16806,8.0
16807,8.0
16808,8.0
16809,8.0
16810,8.0
16811,8.0
16812,8.0
16813,8.0
16814,8.0
16815,8.0
16816,8.0
16817,8.0
16818,8.0
16819,8.0
16820,8.0
16821,8.0
16822,8.0
16823,8.0
16824,8.0
16825,8.0
16826,8.0
16827,8.0
16828,8.0
16829,8.0
16830,8.0
16831,8.0
16832,8.0
16833,8.0
16834,8.0
16835,8.0
16836,8.0
16837,8.0
16838,8.0
16839,8.0
16840,8.0
16841,8.0
16842,8.0
16843,8.0
16844,8.0
16845,8.0
16846,8.0
16847,8.0
16848,8.0
16849,9.0
16850,9.0
16851,9.0
16852,9.0
16853,9.0
16854,9.0
16855,9.0
16856,9.0
16857,9.0
16858,9.0
16859,9.0
16860,9.0
16861,9.0
16862,9.0
16863,9.0
16864,9.0
16865,9.0
16866,9.0
16867,9.0
16868,9.0
16869,9.0
16870,9.0
16871,9.0
16872,9.0
16873,9.0
16874,9.0
16875,9.0
16876,9.0
16877,9.0
16878,9.0
16879,9.0
16880,9.0
16881,9.0
16882,9.0
16883,9.0
16884,9.0
16885,9.0
16886,9.0
16887,9.0
16888,9.0
16889,9.0
16890,9.0
16891,9.0
16892,9.0
16893,9.0
16894,9.0
16895,9.0
16896,9.0
16897,9.0
16898,9.0
16899,9.0
16900,9.0
16901,9.0
16902,9.0
16903,9.0
16904,9.0
16905,9.0
16906,9.0
16907,9.0
16908,9.0
16909,9.0
16910,9.0
16911,9.0
16912,9.0
16913,9.0
16914,9.0
16915,9.0
16916,9.0
16917,9.0
16918,9.0
16919,9.0
16920,9.0
16921,9.0
16922,9.0
16923,9.0
16924,9.0
16925,9.0
16926,9.0
16927,9.0
16928,9.0
16929,9.0
16930,9.0
16931,9.0
16932,9.0
16933,9.0
16934,9.0
16935,9.0
16936,9.0
16937,9.0
16938,9.0
16939,9.0
16940,9.0
16941,9.0
16942,9.0
16943,9.0
16944,9.0
16945,9.0
16946,9.0
16947,9.0
16948,9.0
16949,9.0
16950,9.0
16951,9.0
16952,9.0
16953,9.0
16954,9.0
16955,9.0
16956,9.0
16957,9.0
16958,9.0
16959,9.0
16960,9.0
16961,9.0
16962,9.0
16963,9.0
16964,9.0
16965,9.0
16966,9.0
16967,9.0
16968,9.0
16969,9.0
16970,9.0
16971,9.0
16972,9.0
16973,9.0
16974,9.0
16975,9.0
16976,9.0
16977,9.0
16978,9.0
16979,9.0
16980,9.0
16981,9.0
16982,9.0
16983,9.0
16984,9.0
16985,9.0
16986,9.0
16987,9.0
16988,9.0
16989,9.0
16990,9.0
16991,9.0
16992,9.0
16993,9.0
16994,9.0
16995,9.0
16996,9.0
16997,9.0
16998,9.0
16999,9.0
17000,9.0
17001,9.0
17002,9.0
17003,9.0
17004,9.0
17005,9.0
17006,9.0
17007,9.0
17008,9.0
17009,9.0
17010,9.0
17011,9.0
17012,9.0
17013,9.0
17014,9.0
17015,9.0
17016,9.0
17017,9.0
17018,9.0
17019,9.0
17020,9.0
17021,9.0
17022,9.0
17023,9.0
17024,9.0
17025,9.0
17026,9.0
17027,9.0
17028,9.0
17029,9.0
17030,9.0
17031,9.0
17032,9.0
17033,9.0
17034,9.0
17035,8.0
17036,8.0
17037,8.0
17038,8.0
17039,8.0
17040,8.0
17041,8.0
17042,8.0
17043,8.0
17044,8.0
17045,8.0
17046,8.0
17047,8.0
17048,8.0
17049,8.0
17050,8.0
17051,8.0
17052,8.0
17053,8.0
17054,8.0
17055,8.0
17056,8.0
17057,8.0
17058,8.0
17059,8.0
17060,8.0
17061,8.0
17062,8.0
17063,8.0
17064,8.0
17065,8.0
17066,8.0
17067,8.0
17068,8.0
17069,8.0
17070,8.0
17071,8.0
17072,8.0
17073,8.0
17074,8.0
17075,8.0
17076,8.0
17077,8.0
17078,8.0
17079,8.0
17080,8.0
17081,8.0
17082,8.0
17083,8.0
17084,8.0
17085,8.0
17086,8.0
17087,8.0
17088,8.0
17089,8.0
17090,8.0
17091,8.0
17092,8.0
17093,8.0
17094,8.0
17095,8.0
17096,8.0
17097,8.0
17098,8.0
17099,8.0
17100,8.0
17101,8.0
17102,8.0
17103,8.0
17104,8.0
17105,8.0
17106,8.0
17107,8.0
17108,8.0
17109,8.0
17110,8.0
17111,8.0
17112,8.0
17113,8.0
17114,8.0
17115,8.0
17116,8.0
17117,8.0
17118,8.0
17119,8.0
17120,8.0
17121,8.0
17122,8.0
17123,8.0
17124,8.0
17125,8.0
17126,8.0
17127,8.0
17128,8.0
17129,8.0
17130,7.0
17131,7.0
17132,7.0
17133,7.0
17134,7.0
17135,7.0
17136,7.0
17137,7.0
17138,7.0
17139,7.0
17140,7.0
17141,7.0
17142,7.0
17143,7.0
17144,7.0
17145,7.0
17146,7.0
17147,7.0
17148,7.0
17149,7.0
17150,7.0
17151,7.0
17152,7.0
17153,7.0
17154,7.0
17155,7.0
17156,7.0
17157,7.0
17158,7.0
17159,7.0
17160,7.0
17161,7.0
17162,8.0
17163,8.0
17164,8.0
17165,8.0
17166,8.0
17167,8.0
17168,8.0
17169,8.0
17170,8.0
17171,8.0
17172,8.0
17173,8.0
17174,8.0
17175,8.0
17176,8.0
17177,8.0
17178,8.0
17179,8.0
17180,8.0
17181,8.0
17182,8.0
17183,8.0
17184,8.0
17185,8.0
17186,8.0
17187,8.0
17188,8.0
17189,8.0
17190,8.0
17191,8.0
17192,8.0
17193,8.0
17194,8.0
17195,8.0
17196,8.0
17197,8.0
17198,8.0
17199,8.0
17200,8.0
17201,8.0
17202,8.0
17203,8.0
17204,8.0
17205,8.0
17206,8.0
17207,8.0
17208,8.0
17209,8.0
17210,8.0
17211,8.0
17212,8.0
17213,8.0
17214,8.0
17215,8.0
17216,8.0
17217,8.0
17218,8.0
17219,8.0
17220,8.0
17221,8.0
17222,8.0
17223,8.0
17224,8.0
17225,8.0
17226,8.0
17227,8.0
17228,8.0
17229,8.0
17230,8.0
17231,8.0
17232,8.0
17233,8.0
17234,8.0
17235,8.0
17236,8.0
17237,8.0
17238,8.0
17239,8.0
17240,8.0
17241,8.0
17242,8.0
17243,8.0
17244,8.0
17245,8.0
17246,8.0
17247,8.0
17248,8.0
17249,8.0
17250,8.0
17251,8.0
17252,8.0
17253,8.0
17254,8.0
17255,8.0
17256,8.0
17257,8.0
17258,8.0
17259,8.0
17260,8.0
17261,8.0
17262,8.0
17263,8.0
17264,8.0
17265,8.0
17266,8.0
17267,8.0
17268,8.0
17269,8.0
17270,8.0
17271,8.0
17272,8.0
17273,8.0
17274,8.0
17275,8.0
17276,8.0
17277,8.0
17278,8.0
17279,8.0
17280,8.0
17281,8.0
17282,8.0
17283,8.0
17284,8.0
17285,8.0
17286,8.0
17287,8.0
17288,8.0
17289,8.0
17290,8.0
17291,8.0
17292,8.0
17293,8.0
17294,8.0
17295,8.0
17296,8.0
17297,8.0
17298,8.0
17299,8.0
17300,8.0
17301,8.0
17302,8.0
17303,8.0
17304,8.0
17305,8.0
17306,8.0
17307,8.0
17308,8.0
17309,8.0
17310,8.0
17311,8.0
17312,8.0
17313,8.0
17314,8.0
17315,8.0
17316,8.0
17317,8.0
17318,8.0
17319,8.0
17320,8.0
17321,8.0
17322,8.0
17323,8.0
17324,8.0
17325,8.0
17326,8.0
17327,8.0
17328,8.0
17329,8.0
17330,8.0
17331,8.0
17332,8.0
17333,8.0
17334,8.0
17335,8.0
17336,8.0
17337,8.0
17338,8.0
17339,8.0
17340,8.0
17341,8.0
17342,8.0
17343,8.0
17344,8.0
17345,8.0
17346,8.0
17347,8.0
17348,8.0
17349,8.0
17350,8.0
17351,8.0
17352,8.0
17353,8.0
17354,8.0
17355,8.0
17356,8.0
17357,8.0
17358,8.0
17359,8.0
17360,8.0
17361,8.0
17362,8.0
17363,8.0
17364,8.0
17365,8.0
17366,8.0
17367,8.0
17368,8.0
17369,8.0
17370,8.0
17371,8.0
17372,8.0
17373,8.0
17374,8.0
17375,8.0
17376,8.0
17377,8.0
17378,8.0
17379,8.0
17380,8.0
17381,8.0
17382,8.0
17383,8.0
17384,8.0
17385,8.0
17386,8.0
17387,8.0
17388,8.0
17389,8.0
17390,8.0
17391,8.0
17392,8.0
17393,8.0
17394,8.0
17395,8.0
17396,8.0
17397,8.0
17398,8.0
17399,8.0
17400,8.0
17401,8.0
17402,8.0
17403,8.0
17404,8.0
17405,8.0
17406,8.0
17407,8.0
17408,8.0
17409,8.0
17410,8.0
17411,8.0
17412,8.0
17413,8.0
17414,8.0
17415,8.0
17416,8.0
17417,8.0
17418,8.0
17419,8.0
17420,8.0
17421,8.0
17422,8.0
17423,8.0
17424,8.0
17425,8.0
17426,8.0
17427,8.0
17428,8.0
17429,8.0
17430,8.0
17431,8.0
17432,8.0
17433,8.0
17434,8.0
17435,8.0
17436,8.0
17437,8.0
17438,8.0
17439,8.0
17440,8.0
17441,8.0
17442,8.0
17443,8.0
17444,8.0
17445,8.0
17446,8.0
17447,8.0
17448,8.0
17449,8.0
17450,8.0
17451,8.0
17452,8.0
17453,8.0
17454,8.0
17455,8.0
17456,8.0
17457,8.0
17458,8.0
17459,8.0
17460,8.0
17461,8.0
17462,8.0
17463,8.0
17464,8.0
17465,8.0
17466,8.0
17467,8.0
17468,8.0
17469,8.0
17470,8.0
17471,8.0
17472,8.0
17473,8.0
17474,8.0
17475,8.0
17476,8.0
17477,8.0
17478,8.0
17479,8.0
17480,8.0
17481,8.0
17482,8.0
17483,8.0
17484,8.0
17485,8.0
17486,8.0
17487,8.0
17488,8.0
17489,8.0
17490,8.0
17491,8.0
17492,8.0
17493,8.0
17494,8.0
17495,8.0
17496,8.0
17497,8.0
17498,8.0
17499,8.0
17500,8.0
17501,8.0
17502,8.0
17503,8.0
17504,8.0
17505,8.0
17506,8.0
17507,8.0
17508,8.0
17509,8.0
17510,8.0
17511,8.0
17512,8.0
17513,8.0
17514,8.0
17515,8.0
17516,8.0
17517,8.0
17518,8.0
17519,8.0
17520,8.0
17521,8.0
17522,8.0
17523,8.0
17524,8.0
17525,8.0
17526,8.0
17527,8.0
17528,8.0
17529,8.0
17530,8.0
17531,8.0
17532,8.0
17533,8.0
17534,8.0
17535,8.0
17536,8.0
17537,8.0
17538,8.0
17539,8.0
17540,8.0
17541,8.0
17542,8.0
17543,8.0
17544,8.0
17545,8.0
17546,8.0
17547,8.0
17548,8.0
17549,8.0
17550,8.0
17551,8.0
17552,8.0
17553,8.0
17554,8.0
17555,8.0
17556,8.0
17557,8.0
17558,8.0
17559,8.0
17560,8.0
17561,8.0
17562,8.0
17563,8.0
17564,8.0
17565,8.0
17566,8.0
17567,8.0
17568,8.0
17569,8.0
17570,8.0
17571,8.0
17572,8.0
17573,8.0
17574,8.0
17575,8.0
17576,8.0
17577,8.0
17578,8.0
17579,8.0
17580,8.0
17581,8.0
17582,8.0
17583,8.0
17584,8.0
17585,8.0
17586,8.0
17587,8.0
17588,8.0
17589,8.0
17590,8.0
17591,8.0
17592,8.0
17593,8.0
17594,8.0
17595,8.0
17596,8.0
17597,8.0
17598,8.0
17599,8.0
17600,8.0
17601,8.0
17602,8.0
17603,8.0
17604,8.0
17605,8.0
17606,8.0
17607,8.0
17608,8.0
17609,8.0
17610,8.0
17611,8.0
17612,8.0
17613,8.0
17614,8.0
17615,8.0
17616,8.0
17617,8.0
17618,8.0
17619,8.0
17620,7.0
17621,7.0
17622,7.0
17623,7.0
17624,7.0
17625,7.0
17626,7.0
17627,6.0
17628,6.0
17629,6.0
17630,6.0
17631,6.0
17632,6.0
17633,6.0
17634,6.0
17635,6.0
17636,6.0
17637,6.0
17638,6.0
17639,6.0
17640,6.0
17641,6.0
17642,5.0
17643,5.0
17644,5.0
17645,5.0
17646,5.0
17647,5.0
17648,5.0
17649,5.0
17650,5.0
17651,5.0
17652,5.0
17653,5.0
17654,5.0
17655,5.0
17656,5.0
17657,5.0
17658,6.0
17659,6.0
17660,6.0
17661,6.0
17662,6.0
17663,6.0
17664,6.0
17665,6.0
17666,5.0
17667,5.0
17668,5.0
17669,5.0
17670,5.0
17671,5.0
17672,5.0
17673,5.0
17674,5.0
17675,5.0
17676,5.0
17677,5.0
17678,5.0
17679,5.0
17680,5.0
17681,5.0
17682,5.0
17683,5.0
17684,5.0
17685,5.0
17686,5.0
17687,5.0
17688,5.0
17689,5.0
17690,5.0
17691,5.0
17692,5.0
17693,5.0
17694,5.0
17695,5.0
17696,5.0
17697,5.0
17698,5.0
17699,5.0
17700,5.0
17701,5.0
17702,5.0
17703,5.0
17704,5.0
17705,5.0
17706,5.0
17707,5.0
17708,5.0
17709,5.0
17710,5.0
17711,5.0
17712,5.0
17713,5.0
17714,5.0
17715,5.0
17716,5.0
17717,5.0
17718,5.0
17719,5.0
17720,5.0
17721,5.0
17722,5.0
17723,5.0
17724,5.0
17725,5.0
17726,5.0
17727,5.0
17728,5.0
17729,5.0
17730,5.0
17731,5.0
17732,5.0
17733,5.0
17734,5.0
17735,5.0
17736,5.0
17737,5.0
17738,5.0
17739,5.0
17740,5.0
17741,5.0
17742,5.0
17743,5.0
17744,5.0
17745,5.0
17746,5.0
17747,5.0
17748,5.0
17749,5.0
17750,5.0
17751,5.0
17752,5.0
17753,5.0
17754,5.0
17755,5.0
17756,5.0
17757,5.0
17758,6.0
17759,6.0
17760,6.0
17761,6.0
17762,6.0
17763,6.0
17764,6.0
17765,6.0
17766,6.0
17767,6.0
17768,6.0
17769,6.0
17770,6.0
17771,6.0
17772,6.0
17773,6.0
17774,6.0
17775,6.0
17776,6.0
17777,6.0
17778,7.0
17779,7.0
17780,7.0
17781,7.0
17782,7.0
17783,7.0
17784,7.0
17785,7.0
17786,7.0
17787,7.0
17788,7.0
17789,7.0
17790,7.0
17791,7.0
17792,7.0
17793,7.0
17794,7.0
17795,7.0
17796,7.0
17797,7.0
17798,7.0
17799,7.0
17800,7.0
17801,7.0
17802,7.0
17803,7.0
17804,7.0
17805,7.0
17806,7.0
17807,7.0
17808,7.0
17809,7.0
17810,7.0
17811,7.0
17812,7.0
17813,7.0
17814,7.0
17815,7.0
17816,7.0
17817,7.0
17818,7.0
17819,7.0
17820,7.0
17821,7.0
17822,7.0
17823,7.0
17824,7.0
17825,7.0
17826,7.0
17827,7.0
17828,7.0
17829,7.0
17830,7.0
17831,7.0
17832,7.0
17833,7.0
17834,7.0
17835,7.0
17836,7.0
17837,7.0
17838,7.0
17839,7.0
17840,7.0
17841,7.0
17842,7.0
17843,7.0
17844,7.0
17845,7.0
17846,7.0
17847,7.0
17848,7.0
17849,7.0
17850,7.0
17851,7.0
17852,7.0
17853,7.0
17854,7.0
17855,7.0
17856,8.0
17857,8.0
17858,8.0
17859,8.0
17860,8.0
17861,8.0
17862,8.0
17863,8.0
17864,8.0
17865,8.0
17866,8.0
17867,8.0
17868,8.0
17869,8.0
17870,8.0
17871,8.0
17872,8.0
17873,8.0
17874,8.0
17875,8.0
17876,8.0
17877,8.0
17878,8.0
17879,8.0
17880,8.0
17881,8.0
17882,8.0
17883,8.0
17884,7.0
17885,7.0
17886,7.0
17887,7.0
17888,7.0
17889,7.0
17890,7.0
17891,7.0
17892,7.0
17893,7.0
17894,7.0
17895,8.0
17896,8.0
17897,8.0
17898,8.0
17899,8.0
17900,8.0
17901,8.0
17902,8.0
17903,8.0
17904,8.0
17905,8.0
17906,8.0
17907,8.0
17908,8.0
17909,7.0
17910,7.0
17911,7.0
17912,7.0
17913,7.0
17914,7.0
17915,7.0
17916,7.0
17917,7.0
17918,7.0
17919,7.0
17920,7.0
17921,7.0
17922,7.0
17923,6.0
17924,6.0
17925,6.0
17926,6.0
17927,6.0
17928,6.0
17929,6.0
17930,6.0
17931,6.0
17932,6.0
17933,6.0
17934,6.0
17935,6.0
17936,6.0
17937,5.0
17938,5.0
17939,5.0
17940,5.0
17941,5.0
17942,5.0
17943,5.0
17944,5.0
17945,5.0
17946,5.0
17947,5.0
17948,5.0
17949,5.0
17950,5.0
17951,5.0
17952,5.0
17953,5.0
17954,5.0
17955,5.0
17956,5.0
17957,5.0
17958,5.0
17959,5.0
17960,5.0
17961,5.0
17962,5.0
17963,5.0
17964,5.0
17965,5.0
17966,5.0
17967,5.0
17968,5.0
17969,5.0
17970,5.0
17971,5.0
17972,5.0
17973,5.0
17974,5.0
17975,5.0
17976,5.0
17977,5.0
17978,5.0
17979,5.0
17980,5.0
17981,5.0
17982,5.0
17983,5.0
17984,5.0
17985,5.0
17986,5.0
17987,5.0
17988,5.0
17989,5.0
17990,5.0
17991,5.0
17992,5.0
17993,5.0
17994,5.0
17995,5.0
17996,5.0
17997,5.0
17998,5.0
17999,5.0
18000,5.0
18001,5.0
18002,5.0
18003,5.0
18004,5.0
18005,5.0
18006,5.0
18007,5.0
18008,5.0
18009,5.0
18010,5.0
18011,5.0
18012,5.0
18013,5.0
18014,5.0
18015,5.0
18016,5.0
18017,5.0
18018,5.0
18019,5.0
18020,5.0
18021,5.0
18022,5.0
18023,5.0
18024,5.0
18025,5.0
18026,5.0
18027,5.0
18028,5.0
18029,5.0
18030,5.0
18031,5.0
18032,5.0
18033,5.0
18034,5.0
18035,5.0
18036,5.0
18037,5.0
18038,5.0
18039,5.0
18040,5.0
18041,5.0
18042,5.0
18043,5.0
18044,5.0
18045,5.0
18046,5.0
18047,5.0
18048,5.0
18049,5.0
18050,5.0
18051,5.0
18052,5.0
18053,5.0
18054,5.0
18055,5.0
18056,5.0
18057,5.0
18058,5.0
18059,5.0
18060,5.0
18061,5.0
18062,5.0
18063,5.0
18064,5.0
18065,5.0
18066,5.0
18067,5.0
18068,5.0
18069,5.0
18070,5.0
18071,5.0
18072,5.0
18073,5.0
18074,5.0
18075,5.0
18076,5.0
18077,5.0
18078,5.0
18079,5.0
18080,5.0
18081,5.0
18082,5.0
18083,5.0
18084,5.0
18085,5.0
18086,5.0
18087,5.0
18088,5.0
18089,5.0
18090,5.0
18091,5.0
18092,5.0
18093,5.0
18094,5.0
18095,5.0
18096,5.0
18097,5.0
18098,5.0
18099,5.0
18100,5.0
18101,5.0
18102,5.0
18103,5.0
18104,5.0
18105,5.0
18106,5.0
18107,5.0
18108,5.0
18109,5.0
18110,5.0
18111,5.0
18112,5.0
18113,5.0
18114,5.0
18115,5.0
18116,5.0
18117,5.0
18118,5.0
18119,5.0
18120,5.0
18121,5.0
18122,5.0
18123,5.0
18124,5.0
18125,5.0
18126,5.0
18127,5.0
18128,5.0
18129,5.0
18130,5.0
18131,5.0
18132,5.0
18133,5.0
18134,5.0
18135,5.0
18136,5.0
18137,5.0
18138,5.0
18139,6.0
18140,6.0
18141,7.0
18142,7.0
18143,7.0
18144,7.0
18145,7.0
18146,7.0
18147,7.0
18148,7.0
18149,7.0
18150,7.0
18151,7.0
18152,7.0
18153,7.0
18154,7.0
18155,7.0
18156,7.0
18157,7.0
18158,7.0
18159,7.0
18160,7.0
18161,7.0
18162,7.0
18163,7.0
18164,7.0
18165,7.0
18166,7.0
18167,7.0
18168,7.0
18169,7.0
18170,7.0
18171,7.0
18172,7.0
18173,7.0
18174,7.0
18175,7.0
18176,7.0
18177,7.0
18178,7.0
18179,7.0
18180,7.0
18181,7.0
18182,7.0
18183,7.0
18184,7.0
18185,7.0
18186,7.0
18187,7.0
18188,7.0
18189,7.0
18190,7.0
18191,7.0
18192,7.0
18193,7.0
18194,7.0
18195,7.0
18196,7.0
18197,7.0
18198,7.0
18199,7.0
18200,7.0
18201,7.0
18202,7.0
18203,7.0
18204,7.0
18205,7.0
18206,7.0
18207,7.0
18208,7.0
18209,7.0
18210,7.0
18211,7.0
18212,7.0
18213,7.0
18214,7.0
18215,7.0
18216,7.0
18217,7.0
18218,7.0
18219,7.0
18220,7.0
18221,7.0
18222,7.0
18223,7.0
18224,7.0
18225,7.0
18226,7.0
18227,7.0
18228,7.0
18229,7.0
18230,7.0
18231,7.0
18232,7.0
18233,7.0
18234,7.0
18235,7.0
18236,7.0
18237,7.0
18238,7.0
18239,7.0
18240,7.0
18241,7.0
18242,7.0
18243,7.0
18244,7.0
18245,7.0
18246,7.0
18247,7.0
18248,7.0
18249,7.0
18250,7.0
18251,7.0
18252,7.0
18253,7.0
18254,7.0
18255,7.0
18256,7.0
18257,7.0
18258,7.0
18259,7.0
18260,7.0
18261,7.0
18262,7.0
18263,7.0
18264,7.0
18265,7.0
18266,7.0
18267,7.0
18268,7.0
18269,7.0
18270,7.0
18271,7.0
18272,7.0
18273,7.0
18274,7.0
18275,7.0
18276,7.0
18277,7.0
18278,7.0
18279,7.0
18280,7.0
18281,7.0
18282,7.0
18283,7.0
18284,7.0
18285,7.0
18286,8.0
18287,8.0
18288,8.0
18289,8.0
18290,8.0
18291,8.0
18292,8.0
18293,8.0
18294,8.0
18295,8.0
18296,8.0
18297,8.0
18298,8.0
18299,8.0
18300,8.0
18301,8.0
18302,8.0
18303,8.0
18304,8.0
18305,8.0
18306,8.0
18307,8.0
18308,8.0
18309,8.0
18310,8.0
18311,8.0
18312,8.0
18313,8.0
18314,8.0
18315,8.0
18316,7.0
18317,7.0
18318,7.0
18319,7.0
18320,7.0
18321,7.0
18322,7.0
18323,7.0
18324,7.0
18325,7.0
18326,7.0
18327,7.0
18328,7.0
18329,7.0
18330,7.0
18331,7.0
18332,7.0
18333,7.0
18334,7.0
18335,7.0
18336,7.0
18337,7.0
18338,7.0
18339,7.0
18340,7.0
18341,7.0
18342,7.0
18343,8.0
18344,8.0
18345,8.0
18346,8.0
18347,8.0
18348,8.0
18349,8.0
18350,8.0
18351,8.0
18352,8.0
18353,8.0
18354,8.0
18355,8.0
18356,8.0
18357,8.0
18358,8.0
18359,8.0
18360,8.0
18361,8.0
18362,8.0
18363,8.0
18364,8.0
18365,8.0
18366,8.0
18367,8.0
18368,8.0
18369,8.0
18370,8.0
18371,8.0
18372,8.0
18373,8.0
18374,8.0
18375,8.0
18376,8.0
18377,8.0
18378,8.0
18379,8.0
18380,8.0
18381,8.0
18382,7.0
18383,7.0
18384,7.0
18385,7.0
18386,7.0
18387,7.0
18388,7.0
18389,7.0
18390,7.0
18391,7.0
18392,7.0
18393,7.0
18394,7.0
18395,7.0
18396,7.0
18397,7.0
18398,7.0
18399,7.0
18400,7.0
18401,7.0
18402,7.0
18403,7.0
18404,7.0
18405,7.0
18406,7.0
18407,7.0
18408,7.0
18409,7.0
18410,7.0
18411,7.0
18412,6.0
18413,6.0
18414,6.0
18415,6.0
18416,6.0
18417,6.0
18418,6.0
18419,6.0
18420,6.0
18421,6.0
18422,6.0
18423,6.0
18424,6.0
18425,6.0
18426,6.0
18427,6.0
18428,6.0
18429,6.0
18430,6.0
18431,6.0
18432,6.0
18433,6.0
18434,6.0
18435,6.0
18436,6.0
18437,6.0
18438,6.0
18439,6.0
18440,6.0
18441,6.0
18442,6.0
18443,6.0
18444,6.0
18445,6.0
18446,6.0
18447,7.0
18448,7.0
18449,7.0
18450,7.0
18451,7.0
18452,7.0
18453,7.0
18454,7.0
18455,7.0
18456,7.0
18457,7.0
18458,7.0
18459,7.0
18460,7.0
18461,7.0
18462,7.0
18463,7.0
18464,7.0
18465,7.0
18466,7.0
18467,7.0
18468,7.0
18469,7.0
18470,7.0
18471,7.0
18472,7.0
18473,7.0
18474,7.0
18475,7.0
18476,7.0
18477,7.0
18478,7.0
18479,7.0
18480,7.0
18481,7.0
18482,7.0
18483,7.0
18484,7.0
18485,7.0
18486,7.0
18487,7.0
18488,7.0
18489,7.0
18490,7.0
18491,7.0
18492,7.0
18493,7.0
18494,7.0
18495,7.0
18496,7.0
18497,7.0
18498,7.0
18499,7.0
18500,7.0
18501,7.0
18502,7.0
18503,7.0
18504,7.0
18505,7.0
18506,7.0
18507,7.0
18508,7.0
18509,7.0
18510,7.0
18511,7.0
18512,7.0
18513,7.0
18514,7.0
18515,7.0
18516,7.0
18517,7.0
18518,7.0
18519,7.0
18520,7.0
18521,7.0
18522,7.0
18523,7.0
18524,7.0
18525,7.0
18526,7.0
18527,7.0
18528,7.0
18529,7.0
18530,7.0
18531,7.0
18532,7.0
18533,7.0
18534,7.0
18535,7.0
18536,7.0
18537,7.0
18538,7.0
18539,7.0
18540,7.0
18541,7.0
18542,7.0
18543,7.0
18544,7.0
18545,7.0
18546,7.0
18547,7.0
18548,7.0
18549,7.0
18550,7.0
18551,7.0
18552,7.0
18553,7.0
18554,7.0
18555,7.0
18556,7.0
18557,7.0
18558,7.0
18559,7.0
18560,7.0
18561,7.0
18562,7.0
18563,7.0
18564,7.0
18565,7.0
18566,7.0
18567,7.0
18568,7.0
18569,7.0
18570,7.0
18571,7.0
18572,7.0
18573,7.0
18574,7.0
18575,7.0
18576,7.0
18577,7.0
18578,7.0
18579,7.0
18580,7.0
18581,7.0
18582,7.0
18583,7.0
18584,7.0
18585,7.0
18586,7.0
18587,7.0
18588,7.0
18589,7.0
18590,7.0
18591,7.0
18592,6.0
18593,6.0
18594,6.0
18595,6.0
18596,6.0
18597,6.0
18598,6.0
18599,6.0
18600,6.0
18601,6.0
18602,6.0
18603,6.0
18604,6.0
18605,6.0
18606,6.0
18607,6.0
18608,6.0
18609,6.0
18610,6.0
18611,6.0
18612,6.0
18613,6.0
18614,6.0
18615,6.0
18616,6.0
18617,6.0
18618,6.0
18619,6.0
18620,6.0
18621,6.0
18622,6.0
18623,6.0
18624,6.0
18625,6.0
18626,6.0
18627,6.0
18628,6.0
18629,6.0
18630,6.0
18631,6.0
18632,6.0
18633,6.0
18634,6.0
18635,6.0
18636,6.0
18637,6.0
18638,6.0
18639,6.0
18640,6.0
18641,6.0
18642,6.0
18643,6.0
18644,6.0
18645,6.0
18646,6.0
18647,6.0
18648,6.0
18649,6.0
18650,6.0
18651,6.0
18652,6.0
18653,6.0
18654,6.0
18655,6.0
18656,6.0
18657,6.0
18658,6.0
18659,6.0
18660,6.0
18661,6.0
18662,6.0
18663,6.0
18664,6.0
18665,6.0
18666,6.0
18667,6.0
18668,6.0
18669,6.0
18670,6.0
18671,7.0
18672,7.0
18673,7.0
18674,7.0
18675,7.0
18676,7.0
18677,7.0
18678,7.0
18679,7.0
18680,7.0
18681,7.0
18682,7.0
18683,7.0
18684,7.0
18685,7.0
18686,7.0
18687,7.0
18688,7.0
18689,7.0
18690,7.0
18691,7.0
18692,7.0
18693,7.0
18694,6.0
18695,6.0
18696,6.0
18697,6.0
18698,6.0
18699,6.0
18700,6.0
18701,6.0
18702,6.0
18703,6.0
18704,6.0
18705,6.0
18706,6.0
18707,6.0
18708,6.0
18709,6.0
18710,6.0
18711,6.0
18712,6.0
18713,6.0
18714,6.0
18715,6.0
18716,6.0
18717,6.0
18718,6.0
18719,6.0
18720,7.0
18721,7.0
18722,7.0
18723,7.0
18724,7.0
18725,7.0
18726,7.0
18727,7.0
18728,7.0
18729,7.0
18730,7.0
18731,7.0
18732,7.0
18733,7.0
18734,7.0
18735,7.0
18736,5.0
18737,5.0
18738,5.0
18739,6.0
18740,6.0
18741,6.0
18742,6.0
18743,6.0
18744,6.0
18745,6.0
18746,6.0
18747,6.0
18748,6.0
18749,6.0
18750,6.0
18751,6.0
18752,6.0
18753,6.0
18754,6.0
18755,6.0
18756,6.0
18757,6.0
18758,6.0
18759,6.0
18760,6.0
18761,6.0
18762,6.0
18763,6.0
18764,6.0
18765,6.0
18766,6.0
18767,6.0
18768,6.0
18769,6.0
18770,6.0
18771,6.0
18772,6.0
18773,6.0
18774,6.0
18775,6.0
18776,6.0
18777,6.0
18778,6.0
18779,6.0
18780,6.0
18781,6.0
18782,6.0
18783,6.0
18784,6.0
18785,6.0
18786,6.0
18787,6.0
18788,6.0
18789,6.0
18790,6.0
18791,6.0
18792,6.0
18793,6.0
18794,6.0
18795,6.0
18796,6.0
18797,6.0
18798,6.0
18799,6.0
18800,6.0
18801,6.0
18802,6.0
18803,6.0
18804,6.0
18805,6.0
18806,6.0
18807,6.0
18808,6.0
18809,6.0
18810,6.0
18811,6.0
18812,6.0
18813,6.0
18814,6.0
18815,6.0
18816,6.0
18817,6.0
18818,6.0
18819,6.0
18820,6.0
18821,6.0
18822,6.0
18823,6.0
18824,6.0
18825,6.0
18826,6.0
18827,6.0
18828,6.0
18829,6.0
18830,6.0
18831,6.0
18832,6.0
18833,6.0
18834,6.0
18835,6.0
18836,6.0
18837,6.0
18838,6.0
18839,6.0
18840,6.0
18841,6.0
18842,6.0
18843,6.0
18844,6.0
18845,6.0
18846,6.0
18847,6.0
18848,6.0
18849,6.0
18850,6.0
18851,6.0
18852,6.0
18853,6.0
18854,6.0
18855,6.0
18856,6.0
18857,6.0
18858,6.0
18859,6.0
18860,6.0
18861,6.0
18862,6.0
18863,6.0
18864,6.0
18865,6.0
18866,6.0
18867,6.0
18868,6.0
18869,6.0
18870,6.0
18871,6.0
18872,6.0
18873,6.0
18874,6.0
18875,6.0
18876,6.0
18877,6.0
18878,6.0
18879,6.0
18880,6.0
18881,6.0
18882,6.0
18883,6.0
18884,6.0
18885,6.0
18886,6.0
18887,6.0
18888,6.0
18889,6.0
18890,6.0
18891,6.0
18892,6.0
18893,6.0
18894,6.0
18895,6.0
18896,6.0
18897,6.0
18898,6.0
18899,6.0
18900,6.0
18901,6.0
18902,6.0
18903,6.0
18904,6.0
18905,6.0
18906,6.0
18907,6.0
18908,6.0
18909,6.0
18910,6.0
18911,6.0
18912,6.0
18913,6.0
18914,6.0
18915,6.0
18916,6.0
18917,6.0
18918,6.0
18919,6.0
18920,6.0
18921,6.0
18922,6.0
18923,6.0
18924,6.0
18925,6.0
18926,6.0
18927,6.0
18928,6.0
18929,6.0
18930,6.0
18931,6.0
18932,6.0
18933,6.0
18934,6.0
18935,6.0
18936,6.0
18937,6.0
18938,6.0
18939,6.0
18940,6.0
18941,6.0
18942,6.0
18943,6.0
18944,6.0
18945,6.0
18946,6.0
18947,6.0
18948,6.0
18949,6.0
18950,6.0
18951,6.0
18952,6.0
18953,6.0
18954,6.0
18955,6.0
18956,6.0
18957,6.0
18958,6.0
18959,6.0
18960,6.0
18961,6.0
18962,6.0
18963,6.0
18964,6.0
18965,6.0
18966,6.0
18967,6.0
18968,6.0
18969,6.0
18970,6.0
18971,6.0
18972,6.0
18973,6.0
18974,6.0
18975,6.0
18976,6.0
18977,6.0
18978,6.0
18979,6.0
18980,6.0
18981,6.0
18982,6.0
18983,6.0
18984,6.0
18985,6.0
18986,6.0
18987,6.0
18988,6.0
18989,6.0
18990,7.0
18991,7.0
18992,7.0
18993,7.0
18994,7.0
18995,7.0
18996,7.0
18997,7.0
18998,7.0
18999,7.0
19000,7.0
19001,7.0
19002,7.0
19003,7.0
19004,7.0
19005,7.0
19006,7.0
19007,7.0
19008,7.0
19009,7.0
19010,7.0
19011,7.0
19012,7.0
19013,7.0
19014,7.0
19015,7.0
19016,7.0
19017,7.0
19018,7.0
19019,7.0
19020,7.0
19021,7.0
19022,7.0
19023,7.0
19024,7.0
19025,7.0
19026,7.0
19027,7.0
19028,7.0
19029,7.0
19030,7.0
19031,7.0
19032,7.0
19033,7.0
19034,7.0
19035,7.0
19036,7.0
19037,7.0
19038,7.0
19039,7.0
19040,7.0
19041,7.0
19042,7.0
19043,7.0
19044,7.0
19045,7.0
19046,7.0
19047,7.0
19048,7.0
19049,7.0
19050,7.0
19051,7.0
19052,7.0
19053,7.0
19054,7.0
19055,7.0
19056,7.0
19057,7.0
19058,7.0
19059,7.0
19060,7.0
19061,7.0
19062,7.0
19063,7.0
19064,7.0
19065,7.0
19066,7.0
19067,7.0
19068,7.0
19069,7.0
19070,7.0
19071,7.0
19072,7.0
19073,7.0
19074,7.0
19075,7.0
19076,7.0
19077,7.0
19078,7.0
19079,7.0
19080,7.0
19081,7.0
19082,7.0
19083,7.0
19084,7.0
19085,7.0
19086,7.0
19087,7.0
19088,7.0
19089,7.0
19090,7.0
19091,7.0
19092,7.0
19093,7.0
19094,7.0
19095,7.0
19096,7.0
19097,7.0
19098,7.0
19099,7.0
19100,7.0
19101,7.0
19102,7.0
19103,6.0
19104,6.0
19105,6.0
19106,6.0
19107,6.0
19108,6.0
19109,6.0
19110,6.0
19111,6.0
19112,6.0
19113,6.0
19114,6.0
19115,6.0
19116,6.0
19117,6.0
19118,6.0
19119,6.0
19120,6.0
19121,6.0
19122,6.0
19123,6.0
19124,6.0
19125,6.0
19126,6.0
19127,6.0
19128,6.0
19129,6.0
19130,6.0
19131,6.0
19132,6.0
19133,6.0
19134,6.0
19135,6.0
19136,6.0
19137,6.0
19138,6.0
19139,6.0
19140,6.0
19141,6.0
19142,6.0
19143,6.0
19144,6.0
19145,6.0
19146,6.0
19147,6.0
19148,6.0
19149,6.0
19150,6.0
19151,6.0
19152,6.0
19153,6.0
19154,6.0
19155,6.0
19156,6.0
19157,6.0
19158,6.0
19159,6.0
19160,6.0
19161,6.0
19162,6.0
19163,6.0
19164,6.0
19165,6.0
19166,6.0
19167,6.0
19168,6.0
19169,6.0
19170,6.0
19171,6.0
19172,6.0
19173,6.0
19174,6.0
19175,6.0
19176,6.0
19177,6.0
19178,6.0
19179,6.0
19180,6.0
19181,6.0
19182,6.0
19183,6.0
19184,6.0
19185,6.0
19186,6.0
19187,6.0
19188,6.0
19189,6.0
19190,6.0
19191,6.0
19192,6.0
19193,6.0
19194,6.0
19195,6.0
19196,6.0
19197,6.0
19198,6.0
19199,6.0
19200,6.0
19201,6.0
19202,6.0
19203,6.0
19204,6.0
19205,6.0
19206,6.0
19207,6.0
19208,6.0
19209,6.0
19210,6.0
19211,6.0
19212,6.0
19213,6.0
19214,6.0
19215,6.0
19216,6.0
19217,6.0
19218,6.0
19219,6.0
19220,6.0
19221,6.0
19222,6.0
19223,6.0
19224,6.0
19225,6.0
19226,6.0
19227,6.0
19228,6.0
19229,6.0
19230,6.0
19231,6.0
19232,6.0
19233,6.0
19234,6.0
19235,6.0
19236,6.0
19237,6.0
19238,6.0
19239,7.0
19240,7.0
19241,7.0
19242,8.0
19243,8.0
19244,8.0
19245,8.0
19246,8.0
19247,8.0
19248,8.0
19249,8.0
19250,8.0
19251,8.0
19252,8.0
19253,8.0
19254,8.0
19255,8.0
19256,8.0
19257,6.0
19258,6.0
19259,6.0
19260,6.0
19261,6.0
19262,6.0
19263,6.0
19264,5.0
19265,5.0
19266,5.0
19267,5.0
19268,5.0
19269,5.0
19270,5.0
19271,5.0
19272,5.0
19273,5.0
19274,5.0
19275,5.0
19276,5.0
19277,5.0
19278,5.0
19279,5.0
19280,5.0
19281,5.0
19282,5.0
19283,5.0
19284,5.0
19285,5.0
19286,5.0
19287,5.0
19288,5.0
19289,5.0
19290,5.0
19291,5.0
19292,5.0
19293,5.0
19294,5.0
19295,5.0
19296,5.0
19297,5.0
19298,5.0
19299,5.0
19300,5.0
19301,5.0
19302,5.0
19303,5.0
19304,5.0
19305,5.0
19306,5.0
19307,5.0
19308,5.0
19309,5.0
19310,5.0
19311,5.0
19312,5.0
19313,5.0
19314,5.0
19315,5.0
19316,5.0
19317,5.0
19318,5.0
19319,5.0
19320,5.0
19321,5.0
19322,5.0
19323,5.0
19324,5.0
19325,5.0
19326,5.0
19327,5.0
19328,5.0
19329,5.0
19330,5.0
19331,5.0
19332,5.0
19333,5.0
19334,5.0
19335,5.0
19336,5.0
19337,5.0
19338,5.0
19339,5.0
19340,5.0
19341,5.0
19342,5.0
19343,5.0
19344,5.0
19345,5.0
19346,5.0
19347,5.0
19348,5.0
19349,5.0
19350,5.0
19351,5.0
19352,5.0
19353,5.0
19354,5.0
19355,5.0
19356,5.0
19357,5.0
19358,5.0
19359,5.0
19360,5.0
19361,5.0
19362,5.0
19363,5.0
19364,5.0
19365,5.0
19366,5.0
19367,5.0
19368,5.0
19369,5.0
19370,5.0
19371,5.0
19372,5.0
19373,5.0
19374,5.0
19375,5.0
19376,5.0
19377,5.0
19378,5.0
19379,5.0
19380,5.0
19381,5.0
19382,5.0
19383,5.0
19384,5.0
19385,5.0
19386,5.0
19387,5.0
19388,5.0
19389,5.0
19390,5.0
19391,6.0
19392,6.0
19393,6.0
19394,6.0
19395,6.0
19396,6.0
19397,6.0
19398,6.0
19399,6.0
19400,6.0
19401,6.0
19402,6.0
19403,6.0
19404,6.0
19405,6.0
19406,6.0
19407,6.0
19408,6.0
19409,6.0
19410,6.0
19411,6.0
19412,6.0
19413,6.0
19414,6.0
19415,6.0
19416,6.0
19417,6.0
19418,6.0
19419,6.0
19420,6.0
19421,6.0
19422,6.0
19423,6.0
19424,6.0
19425,6.0
19426,6.0
19427,6.0
19428,6.0
19429,6.0
19430,6.0
19431,6.0
19432,6.0
19433,6.0
19434,6.0
19435,6.0
19436,6.0
19437,6.0
19438,6.0
19439,6.0
19440,6.0
19441,6.0
19442,6.0
19443,6.0
19444,6.0
19445,6.0
19446,6.0
19447,6.0
19448,6.0
19449,6.0
19450,6.0
19451,6.0
19452,6.0
19453,6.0
19454,6.0
19455,6.0
19456,7.0
19457,7.0
19458,7.0
19459,7.0
19460,7.0
19461,7.0
19462,7.0
19463,7.0
19464,7.0
19465,7.0
19466,7.0
19467,7.0
19468,7.0
19469,7.0
19470,7.0
19471,7.0
19472,7.0
19473,7.0
19474,7.0
19475,7.0
19476,7.0
19477,7.0
19478,7.0
19479,7.0
19480,7.0
19481,7.0
19482,7.0
19483,7.0
19484,7.0
19485,7.0
19486,7.0
19487,7.0
19488,7.0
19489,7.0
19490,7.0
19491,7.0
19492,7.0
19493,7.0
19494,7.0
19495,7.0
19496,7.0
19497,7.0
19498,7.0
19499,7.0
19500,7.0
19501,7.0
19502,7.0
19503,7.0
19504,7.0
19505,7.0
19506,7.0
19507,7.0
19508,7.0
19509,7.0
19510,7.0
19511,7.0
19512,7.0
19513,7.0
19514,7.0
19515,7.0
19516,7.0
19517,7.0
19518,7.0
19519,7.0
19520,7.0
19521,7.0
19522,7.0
19523,7.0
19524,7.0
19525,7.0
19526,7.0
19527,7.0
19528,7.0
19529,7.0
19530,7.0
19531,7.0
19532,7.0
19533,7.0
19534,7.0
19535,7.0
19536,7.0
19537,7.0
19538,7.0
19539,7.0
19540,7.0
19541,7.0
19542,7.0
19543,7.0
19544,7.0
19545,7.0
19546,7.0
19547,8.0
19548,8.0
19549,8.0
19550,8.0
19551,8.0
19552,8.0
19553,8.0
19554,8.0
19555,8.0
19556,8.0
19557,8.0
19558,8.0
19559,8.0
19560,8.0
19561,8.0
19562,8.0
19563,8.0
19564,8.0
19565,8.0
19566,8.0
19567,8.0
19568,8.0
19569,8.0
19570,8.0
19571,8.0
19572,8.0
19573,8.0
19574,8.0
19575,8.0
19576,8.0
19577,8.0
19578,8.0
19579,8.0
19580,8.0
19581,8.0
19582,8.0
19583,8.0
19584,8.0
19585,8.0
19586,8.0
19587,8.0
19588,8.0
19589,8.0
19590,8.0
19591,8.0
19592,8.0
19593,8.0
19594,8.0
19595,8.0
19596,8.0
19597,8.0
19598,8.0
19599,8.0
19600,8.0
19601,8.0
19602,8.0
19603,8.0
19604,8.0
19605,8.0
19606,8.0
19607,8.0
19608,8.0
19609,8.0
19610,8.0
19611,8.0
19612,8.0
19613,8.0
19614,8.0
19615,8.0
19616,8.0
19617,8.0
19618,8.0
19619,8.0
19620,8.0
19621,8.0
19622,8.0
19623,8.0
19624,8.0
19625,8.0
19626,8.0
19627,8.0
19628,8.0
19629,8.0
19630,8.0
19631,8.0
19632,8.0
19633,8.0
19634,8.0
19635,8.0
19636,8.0
19637,8.0
19638,8.0
19639,8.0
19640,8.0
19641,8.0
19642,8.0
19643,8.0
19644,8.0
19645,8.0
19646,8.0
19647,8.0
19648,8.0
19649,8.0
19650,8.0
19651,8.0
19652,8.0
19653,8.0
19654,8.0
19655,8.0
19656,8.0
19657,8.0
19658,8.0
19659,8.0
19660,8.0
19661,8.0
19662,8.0
19663,8.0
19664,8.0
19665,8.0
19666,8.0
19667,8.0
19668,8.0
19669,8.0
19670,8.0
19671,8.0
19672,8.0
19673,8.0
19674,8.0
19675,8.0
19676,8.0
19677,8.0
19678,8.0
19679,8.0
19680,8.0
19681,8.0
19682,8.0
19683,8.0
19684,8.0
19685,8.0
19686,9.0
19687,9.0
19688,9.0
19689,9.0
19690,9.0
19691,9.0
19692,9.0
19693,9.0
19694,9.0
19695,9.0
19696,9.0
19697,9.0
19698,9.0
19699,9.0
19700,9.0
19701,9.0
19702,9.0
19703,9.0
19704,9.0
19705,9.0
19706,9.0
19707,9.0
19708,9.0
19709,9.0
19710,9.0
19711,9.0
19712,9.0
19713,9.0
19714,9.0
19715,9.0
19716,9.0
19717,9.0
19718,9.0
19719,9.0
19720,9.0
19721,9.0
19722,9.0
19723,9.0
19724,9.0
19725,9.0
19726,9.0
19727,9.0
19728,9.0
19729,9.0
19730,9.0
19731,9.0
19732,9.0
19733,9.0
19734,9.0
19735,9.0
19736,9.0
19737,9.0
19738,9.0
19739,9.0
19740,9.0
19741,9.0
19742,9.0
19743,9.0
19744,9.0
19745,9.0
19746,9.0
19747,9.0
19748,9.0
19749,9.0
19750,9.0
19751,9.0
19752,9.0
19753,9.0
19754,9.0
19755,9.0
19756,9.0
19757,9.0
19758,9.0
19759,9.0
19760,9.0
19761,9.0
19762,9.0
19763,9.0
19764,9.0
19765,9.0
19766,9.0
19767,9.0
19768,9.0
19769,9.0
19770,9.0
19771,9.0
19772,9.0
19773,9.0
19774,9.0
19775,9.0
19776,9.0
19777,9.0
19778,9.0
19779,9.0
19780,9.0
19781,9.0
19782,9.0
19783,9.0
19784,9.0
19785,9.0
19786,9.0
19787,9.0
19788,9.0
19789,9.0
19790,9.0
19791,9.0
19792,9.0
19793,9.0
19794,9.0
19795,9.0
19796,9.0
19797,9.0
19798,9.0
19799,9.0
19800,9.0
19801,9.0
19802,9.0
19803,9.0
19804,9.0
19805,9.0
19806,9.0
19807,9.0
19808,9.0
19809,9.0
19810,9.0
19811,9.0
19812,9.0
19813,9.0
19814,9.0
19815,9.0
19816,9.0
19817,8.0
19818,8.0
19819,8.0
19820,8.0
19821,8.0
19822,8.0
19823,8.0
19824,8.0
19825,8.0
19826,8.0
19827,8.0
19828,9.0
19829,9.0
19830,9.0
19831,9.0
19832,9.0
19833,9.0
19834,9.0
19835,9.0
19836,9.0
19837,9.0
19838,9.0
19839,9.0
19840,9.0
19841,9.0
19842,9.0
19843,9.0
19844,9.0
19845,9.0
19846,9.0
19847,9.0
19848,9.0
19849,9.0
19850,9.0
19851,9.0
19852,9.0
19853,9.0
19854,9.0
19855,9.0
19856,9.0
19857,9.0
19858,9.0
19859,9.0
19860,9.0
19861,9.0
19862,9.0
19863,9.0
19864,9.0
19865,9.0
19866,9.0
19867,9.0
19868,9.0
19869,9.0
19870,9.0
19871,9.0
19872,9.0
19873,9.0
19874,9.0
19875,9.0
19876,9.0
19877,9.0
19878,9.0
19879,9.0
19880,9.0
19881,8.0
19882,8.0
19883,8.0
19884,8.0
19885,8.0
19886,8.0
19887,8.0
19888,8.0
19889,8.0
19890,8.0
19891,8.0
19892,8.0
19893,8.0
19894,8.0
19895,8.0
19896,8.0
19897,8.0
19898,8.0
19899,8.0
19900,8.0
19901,8.0
19902,8.0
19903,8.0
19904,8.0
19905,8.0
19906,8.0
19907,8.0
19908,8.0
19909,8.0
19910,8.0
19911,8.0
19912,8.0
19913,8.0
19914,8.0
19915,8.0
19916,8.0
19917,8.0
19918,8.0
19919,8.0
19920,8.0
19921,8.0
19922,8.0
19923,8.0
19924,8.0
19925,8.0
19926,8.0
19927,8.0
19928,8.0
19929,8.0
19930,8.0
19931,8.0
19932,8.0
19933,8.0
19934,8.0
19935,8.0
19936,8.0
19937,8.0
19938,8.0
19939,8.0
19940,8.0
19941,8.0
19942,9.0
19943,9.0
19944,9.0
19945,9.0
19946,9.0
19947,8.0
19948,8.0
19949,8.0
19950,8.0
19951,8.0
19952,8.0
19953,8.0
19954,8.0
19955,8.0
19956,8.0
19957,7.0
19958,7.0
19959,7.0
19960,7.0
19961,7.0
19962,7.0
19963,7.0
19964,7.0
19965,7.0
19966,7.0
19967,7.0
19968,7.0
19969,7.0
19970,7.0
19971,7.0
19972,7.0
19973,7.0
19974,7.0
19975,7.0
19976,7.0
19977,7.0
19978,7.0
19979,7.0
19980,7.0
19981,7.0
19982,7.0
19983,7.0
19984,7.0
19985,7.0
19986,7.0
19987,7.0
19988,7.0
19989,7.0
19990,7.0
19991,7.0
19992,7.0
19993,7.0
19994,7.0
19995,7.0
19996,7.0
19997,7.0
19998,7.0
19999,7.0
20000,7.0
20001,7.0
20002,7.0
20003,7.0
20004,7.0
20005,7.0
20006,7.0
20007,7.0
20008,7.0
20009,7.0
20010,7.0
20011,7.0
20012,7.0
20013,7.0
20014,7.0
20015,7.0
20016,7.0
20017,7.0
20018,7.0
20019,7.0
20020,7.0
20021,7.0
20022,7.0
20023,7.0
20024,7.0
20025,7.0
20026,7.0
20027,7.0
20028,7.0
20029,7.0
20030,7.0
20031,7.0
20032,7.0
20033,7.0
20034,7.0
20035,7.0
20036,7.0
20037,7.0
20038,7.0
20039,7.0
20040,7.0
20041,7.0
20042,7.0
20043,7.0
20044,7.0
20045,7.0
20046,7.0
20047,7.0
20048,7.0
20049,6.0
20050,6.0
20051,6.0
20052,6.0
20053,6.0
20054,6.0
20055,6.0
20056,6.0
20057,6.0
20058,6.0
20059,7.0
20060,7.0
20061,7.0
20062,7.0
20063,7.0
20064,7.0
20065,7.0
20066,7.0
20067,7.0
20068,7.0
20069,7.0
20070,7.0
20071,7.0
20072,7.0
20073,7.0
20074,7.0
20075,7.0
20076,7.0
20077,7.0
20078,7.0
20079,7.0
20080,7.0
20081,7.0
20082,7.0
20083,7.0
20084,7.0
20085,7.0
20086,7.0
20087,7.0
20088,7.0
20089,7.0
20090,7.0
20091,7.0
20092,7.0
20093,7.0
20094,7.0
20095,7.0
20096,7.0
20097,7.0
20098,7.0
20099,7.0
20100,8.0
20101,8.0
20102,8.0
20103,8.0
20104,8.0
20105,8.0
20106,8.0
20107,8.0
20108,8.0
20109,8.0
20110,8.0
20111,8.0
20112,8.0
20113,8.0
20114,8.0
20115,8.0
20116,8.0
20117,8.0
20118,8.0
20119,8.0
20120,8.0
20121,8.0
20122,8.0
20123,8.0
20124,8.0
20125,8.0
20126,8.0
20127,8.0
20128,8.0
20129,8.0
20130,8.0
20131,8.0
20132,8.0
20133,8.0
20134,8.0
20135,8.0
20136,8.0
20137,8.0
20138,8.0
20139,8.0
20140,8.0
20141,8.0
20142,8.0
20143,8.0
20144,8.0
20145,8.0
20146,8.0
20147,8.0
20148,8.0
20149,8.0
20150,8.0
20151,8.0
20152,8.0
20153,8.0
20154,8.0
20155,8.0
20156,8.0
20157,8.0
20158,8.0
20159,8.0
20160,8.0
20161,8.0
20162,8.0
20163,8.0
20164,8.0
20165,8.0
20166,8.0
20167,8.0
20168,8.0
20169,8.0
20170,8.0
20171,8.0
20172,8.0
20173,8.0
20174,8.0
20175,8.0
20176,8.0
20177,8.0
20178,8.0
20179,8.0
20180,8.0
20181,8.0
20182,8.0
20183,8.0
20184,8.0
20185,8.0
20186,8.0
20187,8.0
20188,8.0
20189,8.0
20190,8.0
20191,8.0
20192,8.0
20193,8.0
20194,8.0
20195,8.0
20196,8.0
20197,8.0
20198,8.0
20199,8.0
20200,8.0
20201,8.0
20202,8.0
20203,8.0
20204,8.0
20205,8.0
20206,8.0
20207,8.0
20208,8.0
20209,8.0
20210,8.0
20211,8.0
20212,8.0
20213,8.0
20214,8.0
20215,8.0
20216,8.0
20217,8.0
20218,8.0
20219,8.0
20220,8.0
20221,8.0
20222,8.0
20223,8.0
20224,8.0
20225,8.0
20226,8.0
20227,8.0
20228,8.0
20229,8.0
20230,8.0
20231,8.0
20232,8.0
20233,8.0
20234,8.0
20235,8.0
20236,8.0
20237,8.0
20238,8.0
20239,8.0
20240,8.0
20241,8.0
20242,8.0
20243,8.0
20244,8.0
20245,8.0
20246,8.0
20247,8.0
20248,8.0
20249,8.0
20250,8.0
20251,8.0
20252,8.0
20253,8.0
20254,8.0
20255,8.0
20256,8.0
20257,8.0
20258,8.0
20259,8.0
20260,8.0
20261,8.0
20262,8.0
20263,8.0
20264,8.0
20265,8.0
20266,8.0
20267,8.0
20268,8.0
20269,8.0
20270,8.0
20271,8.0
20272,8.0
20273,8.0
20274,8.0
20275,8.0
20276,8.0
20277,8.0
20278,8.0
20279,8.0
20280,8.0
20281,8.0
20282,8.0
20283,8.0
20284,8.0
20285,8.0
20286,8.0
20287,8.0
20288,8.0
20289,8.0
20290,8.0
20291,8.0
20292,8.0
20293,8.0
20294,8.0
20295,8.0
20296,8.0
20297,8.0
20298,8.0
20299,8.0
20300,8.0
20301,8.0
20302,8.0
20303,8.0
20304,8.0
20305,8.0
20306,8.0
20307,8.0
20308,8.0
20309,8.0
20310,8.0
20311,8.0
20312,8.0
20313,8.0
20314,8.0
20315,8.0
20316,8.0
20317,8.0
20318,8.0
20319,8.0
20320,8.0
20321,8.0
20322,8.0
20323,8.0
20324,8.0
20325,8.0
20326,8.0
20327,8.0
20328,8.0
20329,8.0
20330,8.0
20331,8.0
20332,8.0
20333,8.0
20334,8.0
20335,8.0
20336,8.0
20337,8.0
20338,8.0
20339,8.0
20340,8.0
20341,8.0
20342,8.0
20343,8.0
20344,8.0
20345,8.0
20346,8.0
20347,8.0
20348,8.0
20349,8.0
20350,8.0
20351,8.0
20352,8.0
20353,8.0
20354,8.0
20355,8.0
20356,8.0
20357,8.0
20358,8.0
20359,8.0
20360,8.0
20361,8.0
20362,8.0
20363,8.0
20364,8.0
20365,8.0
20366,8.0
20367,8.0
20368,8.0
20369,8.0
20370,8.0
20371,8.0
20372,8.0
20373,8.0
20374,8.0
20375,8.0
20376,8.0
20377,8.0
20378,8.0
20379,8.0
20380,8.0
20381,8.0
20382,8.0
20383,8.0
20384,8.0
20385,8.0
20386,8.0
20387,8.0
20388,8.0
20389,8.0
20390,8.0
20391,8.0
20392,8.0
20393,8.0
20394,8.0
20395,8.0
20396,8.0
20397,8.0
20398,8.0
20399,8.0
20400,8.0
20401,8.0
20402,8.0
20403,8.0
20404,8.0
20405,8.0
20406,8.0
20407,8.0
20408,8.0
20409,8.0
20410,7.0
20411,7.0
20412,7.0
20413,7.0
20414,7.0
20415,7.0
20416,7.0
20417,7.0
20418,7.0
20419,7.0
20420,7.0
20421,7.0
20422,7.0
20423,7.0
20424,7.0
20425,7.0
20426,7.0
20427,7.0
20428,7.0
20429,7.0
20430,7.0
20431,7.0
20432,7.0
20433,7.0
20434,7.0
20435,7.0
20436,7.0
20437,7.0
20438,7.0
20439,7.0
20440,7.0
20441,7.0
20442,7.0
20443,7.0
20444,7.0
20445,7.0
20446,7.0
20447,7.0
20448,7.0
20449,7.0
20450,7.0
20451,7.0
20452,7.0
20453,7.0
20454,7.0
20455,7.0
20456,7.0
20457,7.0
20458,7.0
20459,7.0
20460,7.0
20461,7.0
20462,7.0
20463,7.0
20464,7.0
20465,7.0
20466,7.0
20467,7.0
20468,7.0
20469,7.0
20470,7.0
20471,7.0
20472,7.0
20473,7.0
20474,7.0
20475,7.0
20476,7.0
20477,7.0
20478,7.0
20479,7.0
20480,7.0
20481,7.0
20482,7.0
20483,7.0
20484,7.0
20485,7.0
20486,7.0
20487,7.0
20488,7.0
20489,7.0
20490,7.0
20491,7.0
20492,7.0
20493,7.0
20494,7.0
20495,7.0
20496,7.0
20497,7.0
20498,7.0
20499,7.0
20500,7.0
20501,7.0
20502,7.0
20503,7.0
20504,7.0
20505,7.0
20506,7.0
20507,7.0
20508,7.0
20509,7.0
20510,7.0
20511,7.0
20512,7.0
20513,7.0
20514,7.0
20515,7.0
20516,7.0
20517,7.0
20518,7.0
20519,7.0
20520,7.0
20521,7.0
20522,7.0
20523,7.0
20524,7.0
20525,7.0
20526,7.0
20527,7.0
20528,7.0
20529,7.0
20530,7.0
20531,7.0
20532,7.0
20533,7.0
20534,7.0
20535,7.0
20536,7.0
20537,7.0
20538,7.0
20539,7.0
20540,7.0
20541,7.0
20542,7.0
20543,7.0
20544,7.0
20545,7.0
20546,7.0
20547,7.0
20548,7.0
20549,7.0
20550,7.0
20551,7.0
20552,7.0
20553,7.0
20554,7.0
20555,7.0
20556,7.0
20557,7.0
20558,7.0
20559,7.0
20560,7.0
20561,7.0
20562,7.0
20563,7.0
20564,7.0
20565,7.0
20566,7.0
20567,7.0
20568,7.0
20569,7.0
20570,7.0
20571,7.0
20572,7.0
20573,7.0
20574,7.0
20575,7.0
20576,7.0
20577,7.0
20578,7.0
20579,7.0
20580,7.0
20581,7.0
20582,7.0
20583,7.0
20584,7.0
20585,7.0
20586,7.0
20587,7.0
20588,7.0
20589,6.0
20590,6.0
20591,6.0
20592,6.0
20593,6.0
20594,6.0
20595,6.0
20596,6.0
20597,6.0
20598,6.0
20599,6.0
20600,6.0
20601,6.0
20602,6.0
20603,6.0
20604,6.0
20605,6.0
20606,6.0
20607,6.0
20608,6.0
20609,6.0
20610,6.0
20611,6.0
20612,6.0
20613,6.0
20614,6.0
20615,6.0
20616,6.0
20617,6.0
20618,6.0
20619,6.0
20620,6.0
20621,6.0
20622,6.0
20623,6.0
20624,6.0
20625,6.0
20626,6.0
20627,6.0
20628,6.0
20629,6.0
20630,6.0
20631,6.0
20632,6.0
20633,6.0
20634,6.0
20635,6.0
20636,6.0
20637,6.0
20638,6.0
20639,6.0
20640,6.0
20641,6.0
20642,6.0
20643,6.0
20644,6.0
20645,6.0
20646,6.0
20647,6.0
20648,6.0
20649,6.0
20650,6.0
20651,6.0
20652,6.0
20653,6.0
20654,6.0
20655,6.0
20656,6.0
20657,6.0
20658,6.0
20659,6.0
20660,6.0
20661,7.0
20662,7.0
20663,7.0
20664,7.0
20665,7.0
20666,7.0
20667,7.0
20668,7.0
20669,7.0
20670,7.0
20671,7.0
20672,7.0
20673,7.0
20674,7.0
20675,7.0
20676,7.0
20677,7.0
20678,7.0
20679,7.0
20680,7.0
20681,7.0
20682,7.0
20683,7.0
20684,7.0
20685,7.0
20686,7.0
20687,7.0
20688,6.0
20689,6.0
20690,6.0
20691,6.0
20692,6.0
20693,6.0
20694,6.0
20695,6.0
20696,6.0
20697,5.0
20698,5.0
20699,6.0
20700,6.0
20701,6.0
20702,6.0
20703,6.0
20704,6.0
20705,6.0
20706,6.0
20707,6.0
20708,6.0
20709,6.0
20710,6.0
20711,6.0
20712,6.0
20713,6.0
20714,6.0
20715,6.0
20716,6.0
20717,7.0
20718,7.0
20719,7.0
20720,7.0
20721,7.0
20722,7.0
20723,7.0
20724,7.0
20725,7.0
20726,7.0
20727,7.0
20728,7.0
20729,7.0
20730,7.0
20731,7.0
20732,7.0
20733,7.0
20734,7.0
20735,7.0
20736,7.0
20737,7.0
20738,7.0
20739,7.0
20740,7.0
20741,7.0
20742,7.0
20743,7.0
20744,7.0
20745,7.0
20746,7.0
20747,7.0
20748,7.0
20749,7.0
20750,7.0
20751,7.0
20752,5.0
20753,5.0
20754,5.0
20755,5.0
20756,5.0
20757,5.0
20758,5.0
20759,5.0
20760,5.0
20761,5.0
20762,5.0
20763,5.0
20764,5.0
20765,5.0
20766,5.0
20767,5.0
20768,5.0
20769,5.0
20770,5.0
20771,5.0
20772,6.0
20773,6.0
20774,6.0
20775,6.0
20776,6.0
20777,6.0
20778,6.0
20779,6.0
20780,6.0
20781,6.0
20782,6.0
20783,6.0
20784,6.0
20785,6.0
20786,7.0
20787,7.0
20788,7.0
20789,7.0
20790,7.0
20791,7.0
20792,7.0
20793,7.0
20794,7.0
20795,7.0
20796,7.0
20797,7.0
20798,7.0
20799,7.0
20800,7.0
20801,7.0
20802,7.0
20803,7.0
20804,7.0
20805,7.0
20806,7.0
20807,7.0
20808,7.0
20809,7.0
20810,7.0
20811,7.0
20812,7.0
20813,7.0
20814,7.0
20815,7.0
20816,7.0
20817,7.0
20818,7.0
20819,7.0
20820,7.0
20821,7.0
20822,7.0
20823,7.0
20824,7.0
20825,7.0
20826,7.0
20827,7.0
20828,7.0
20829,7.0
20830,7.0
20831,7.0
20832,7.0
20833,7.0
20834,7.0
20835,7.0
20836,7.0
20837,7.0
20838,7.0
20839,7.0
20840,7.0
20841,7.0
20842,7.0
20843,7.0
20844,7.0
20845,7.0
20846,7.0
20847,7.0
20848,7.0
20849,7.0
20850,7.0
20851,7.0
20852,7.0
20853,7.0
20854,7.0
20855,7.0
20856,7.0
20857,7.0
20858,7.0
20859,7.0
20860,5.0
20861,5.0
20862,5.0
20863,5.0
20864,5.0
20865,5.0
20866,5.0
20867,5.0
20868,5.0
20869,5.0
20870,5.0
20871,5.0
20872,6.0
20873,6.0
20874,6.0
20875,6.0
20876,6.0
20877,6.0
20878,6.0
20879,6.0
20880,6.0
20881,6.0
20882,6.0
20883,6.0
20884,6.0
20885,6.0
20886,6.0
20887,6.0
20888,6.0
20889,6.0
20890,6.0
20891,6.0
20892,5.0
20893,5.0
20894,5.0
20895,5.0
20896,5.0
20897,5.0
20898,5.0
20899,5.0
20900,5.0
20901,5.0
20902,5.0
20903,5.0
20904,5.0
20905,5.0
20906,5.0
20907,5.0
20908,5.0
20909,5.0
20910,5.0
20911,5.0
20912,5.0
20913,5.0
20914,5.0
20915,5.0
20916,5.0
20917,5.0
20918,5.0
20919,5.0
20920,5.0
20921,5.0
20922,6.0
20923,6.0
20924,6.0
20925,6.0
20926,7.0
20927,7.0
20928,7.0
20929,7.0
20930,7.0
20931,7.0
20932,7.0
20933,7.0
20934,7.0
20935,7.0
20936,7.0
20937,7.0
20938,7.0
20939,7.0
20940,7.0
20941,7.0
20942,7.0
20943,7.0
20944,7.0
20945,7.0
20946,7.0
20947,7.0
20948,7.0
20949,7.0
20950,7.0
20951,7.0
20952,7.0
20953,7.0
20954,7.0
20955,7.0
20956,7.0
20957,7.0
20958,7.0
20959,7.0
20960,7.0
20961,7.0
20962,7.0
20963,7.0
20964,7.0
20965,7.0
20966,7.0
20967,7.0
20968,7.0
20969,7.0
20970,7.0
20971,7.0
20972,7.0
20973,7.0
20974,7.0
20975,7.0
20976,7.0
20977,7.0
20978,7.0
20979,7.0
20980,7.0
20981,7.0
20982,7.0
20983,7.0
20984,7.0
20985,7.0
20986,7.0
20987,7.0
20988,7.0
20989,7.0
20990,7.0
20991,7.0
20992,7.0
20993,7.0
20994,7.0
20995,7.0
20996,7.0
20997,7.0
20998,7.0
20999,7.0
21000,7.0
21001,7.0
21002,7.0
21003,7.0
21004,7.0
21005,7.0
21006,7.0
21007,7.0
21008,7.0
21009,7.0
21010,7.0
21011,7.0
21012,7.0
21013,7.0
21014,7.0
21015,7.0
21016,7.0
21017,7.0
21018,7.0
21019,7.0
21020,7.0
21021,7.0
21022,7.0
21023,7.0
21024,7.0
21025,7.0
21026,7.0
21027,7.0
21028,7.0
21029,7.0
21030,7.0
21031,7.0
21032,7.0
21033,7.0
21034,7.0
21035,7.0
21036,7.0
21037,7.0
21038,7.0
21039,7.0
21040,7.0
21041,7.0
21042,7.0
21043,7.0
21044,7.0
21045,7.0
21046,7.0
21047,7.0
21048,7.0
21049,7.0
21050,7.0
21051,7.0
21052,7.0
21053,7.0
21054,7.0
21055,7.0
21056,7.0
21057,7.0
21058,7.0
21059,7.0
21060,7.0
21061,7.0
21062,7.0
21063,7.0
21064,7.0
21065,7.0
21066,7.0
21067,7.0
21068,7.0
21069,7.0
21070,7.0
21071,7.0
21072,7.0
21073,7.0
21074,7.0
21075,7.0
21076,7.0
21077,7.0
21078,7.0
21079,7.0
21080,7.0
21081,7.0
21082,7.0
21083,7.0
21084,7.0
21085,7.0
21086,7.0
21087,7.0
21088,7.0
21089,7.0
21090,7.0
21091,7.0
21092,7.0
21093,7.0
21094,7.0
21095,7.0
21096,7.0
21097,7.0
21098,7.0
21099,7.0
21100,7.0
21101,7.0
21102,7.0
21103,8.0
21104,8.0
21105,8.0
21106,8.0
21107,8.0
21108,8.0
21109,8.0
21110,8.0
21111,8.0
21112,8.0
21113,8.0
21114,8.0
21115,8.0
21116,8.0
21117,8.0
21118,8.0
21119,8.0
21120,8.0
21121,8.0
21122,8.0
21123,9.0
21124,9.0
21125,9.0
21126,9.0
21127,9.0
21128,9.0
21129,9.0
21130,9.0
21131,9.0
21132,9.0
21133,9.0
21134,9.0
21135,9.0
21136,9.0
21137,9.0
21138,9.0
21139,9.0
21140,9.0
21141,9.0
21142,9.0
21143,9.0
21144,9.0
21145,9.0
21146,9.0
21147,9.0
21148,9.0
21149,9.0
21150,9.0
21151,9.0
21152,9.0
21153,9.0
21154,9.0
21155,9.0
21156,9.0
21157,9.0
21158,9.0
21159,9.0
21160,9.0
21161,9.0
21162,9.0
21163,9.0
21164,9.0
21165,9.0
21166,9.0
21167,9.0
21168,9.0
21169,9.0
21170,9.0
21171,9.0
21172,9.0
21173,9.0
21174,9.0
21175,9.0
21176,9.0
21177,9.0
21178,9.0
21179,9.0
21180,9.0
21181,9.0
21182,9.0
21183,9.0
21184,9.0
21185,9.0
21186,9.0
21187,9.0
21188,9.0
21189,9.0
21190,9.0
21191,9.0
21192,9.0
21193,9.0
21194,9.0
21195,9.0
21196,9.0
21197,9.0
21198,9.0
21199,9.0
21200,9.0
21201,9.0
21202,9.0
21203,9.0
21204,9.0
21205,10.0
21206,10.0
21207,10.0
21208,10.0
21209,10.0
21210,10.0
21211,10.0
21212,10.0
21213,10.0
21214,10.0
21215,10.0
21216,10.0
21217,10.0
21218,10.0
21219,10.0
21220,10.0
21221,10.0
21222,10.0
21223,10.0
21224,10.0
21225,10.0
21226,10.0
21227,10.0
21228,10.0
21229,10.0
21230,10.0
21231,10.0
21232,10.0
21233,10.0
21234,10.0
21235,10.0
21236,10.0
21237,10.0
21238,10.0
21239,10.0
21240,10.0
21241,10.0
21242,10.0
21243,10.0
21244,10.0
21245,10.0
21246,10.0
21247,10.0
21248,10.0
21249,10.0
21250,10.0
21251,10.0
21252,10.0
21253,10.0
21254,10.0
21255,10.0
21256,10.0
21257,10.0
21258,10.0
21259,10.0
21260,10.0
21261,10.0
21262,10.0
21263,10.0
21264,10.0
21265,10.0
21266,10.0
21267,10.0
21268,10.0
21269,10.0
21270,10.0
21271,10.0
21272,10.0
21273,10.0
21274,10.0
21275,10.0
21276,10.0
21277,10.0
21278,10.0
21279,10.0
21280,10.0
21281,10.0
21282,10.0
21283,10.0
21284,10.0
21285,10.0
21286,10.0
21287,10.0
21288,10.0
21289,10.0
21290,10.0
21291,10.0
21292,10.0
21293,10.0
21294,10.0
21295,10.0
21296,10.0
21297,10.0
21298,10.0
21299,10.0
21300,10.0
21301,10.0
21302,9.0
21303,9.0
21304,9.0
21305,9.0
21306,9.0
21307,8.0
21308,8.0
21309,8.0
21310,8.0
21311,8.0
21312,8.0
21313,9.0
21314,9.0
21315,9.0
21316,9.0
21317,9.0
21318,9.0
21319,9.0
21320,9.0
21321,9.0
21322,9.0
21323,9.0
21324,9.0
21325,9.0
21326,9.0
21327,9.0
21328,9.0
21329,9.0
21330,9.0
21331,9.0
21332,9.0
21333,9.0
21334,9.0
21335,9.0
21336,9.0
21337,9.0
21338,9.0
21339,9.0
21340,9.0
21341,9.0
21342,9.0
21343,9.0
21344,9.0
21345,9.0
21346,9.0
21347,9.0
21348,9.0
21349,9.0
21350,9.0
21351,9.0
21352,9.0
21353,9.0
21354,9.0
21355,9.0
21356,9.0
21357,9.0
21358,9.0
21359,9.0
21360,9.0
21361,9.0
21362,9.0
21363,9.0
21364,9.0
21365,9.0
21366,9.0
21367,9.0
21368,9.0
21369,9.0
21370,9.0
21371,9.0
21372,9.0
21373,9.0
21374,9.0
21375,9.0
21376,9.0
21377,9.0
21378,9.0
21379,9.0
21380,9.0
21381,9.0
21382,9.0
21383,9.0
21384,9.0
21385,9.0
21386,9.0
21387,9.0
21388,9.0
21389,9.0
21390,9.0
21391,9.0
21392,9.0
21393,9.0
21394,9.0
21395,9.0
21396,9.0
21397,9.0
21398,9.0
21399,9.0
21400,9.0
21401,9.0
21402,9.0
21403,9.0
21404,9.0
21405,9.0
21406,9.0
21407,9.0
21408,9.0
21409,9.0
21410,9.0
21411,9.0
21412,9.0
21413,9.0
21414,9.0
21415,9.0
21416,9.0
21417,9.0
21418,9.0
21419,9.0
21420,9.0
21421,9.0
21422,9.0
21423,9.0
21424,9.0
21425,9.0
21426,9.0
21427,9.0
21428,9.0
21429,9.0
21430,9.0
21431,9.0
21432,9.0
21433,9.0
21434,9.0
21435,9.0
21436,9.0
21437,9.0
21438,9.0
21439,9.0
21440,9.0
21441,9.0
21442,9.0
21443,9.0
21444,9.0
21445,9.0
21446,9.0
21447,9.0
21448,9.0
21449,9.0
21450,9.0
21451,9.0
21452,9.0
21453,9.0
21454,9.0
21455,9.0
21456,9.0
21457,9.0
21458,9.0
21459,9.0
21460,9.0
21461,9.0
21462,9.0
21463,9.0
21464,9.0
21465,9.0
21466,9.0
21467,9.0
21468,9.0
21469,9.0
21470,9.0
21471,9.0
21472,9.0
21473,9.0
21474,9.0
21475,9.0
21476,9.0
21477,9.0
21478,9.0
21479,9.0
21480,9.0
21481,9.0
21482,9.0
21483,9.0
21484,9.0
21485,9.0
21486,9.0
21487,9.0
21488,9.0
21489,9.0
21490,9.0
21491,9.0
21492,9.0
21493,9.0
21494,9.0
21495,9.0
21496,9.0
21497,9.0
21498,9.0
21499,8.0
21500,8.0
21501,8.0
21502,8.0
21503,8.0
21504,8.0
21505,8.0
21506,8.0
21507,8.0
21508,8.0
21509,7.0
21510,6.0
21511,6.0
21512,6.0
21513,6.0
21514,6.0
21515,6.0
21516,6.0
21517,6.0
21518,6.0
21519,6.0
21520,6.0
21521,6.0
21522,6.0
21523,6.0
21524,6.0
21525,6.0
21526,6.0
21527,6.0
21528,6.0
21529,6.0
21530,6.0
21531,6.0
21532,6.0
21533,6.0
21534,6.0
21535,6.0
21536,6.0
21537,6.0
21538,6.0
21539,6.0
21540,6.0
21541,6.0
21542,6.0
21543,6.0
21544,6.0
21545,6.0
21546,6.0
21547,6.0
21548,6.0
21549,7.0
21550,7.0
21551,7.0
21552,7.0
21553,7.0
21554,7.0
21555,7.0
21556,7.0
21557,7.0
21558,7.0
21559,7.0
21560,7.0
21561,7.0
21562,7.0
21563,7.0
21564,7.0
21565,7.0
21566,7.0
21567,7.0
21568,7.0
21569,5.0
21570,5.0
21571,5.0
21572,5.0
21573,5.0
21574,6.0
21575,6.0
21576,6.0
21577,6.0
21578,6.0
21579,6.0
21580,6.0
21581,6.0
21582,6.0
21583,6.0
21584,6.0
21585,6.0
21586,6.0
21587,6.0
21588,6.0
21589,6.0
21590,6.0
21591,6.0
21592,6.0
21593,6.0
21594,6.0
21595,6.0
21596,6.0
21597,6.0
21598,6.0
21599,6.0
21600,6.0
21601,5.0
21602,5.0
21603,5.0
21604,5.0
21605,5.0
21606,5.0
21607,5.0
21608,5.0
21609,5.0
21610,5.0
21611,5.0
21612,5.0
21613,5.0
21614,5.0
21615,5.0
21616,5.0
21617,5.0
21618,5.0
21619,5.0
21620,6.0
21621,6.0
21622,6.0
21623,6.0
21624,6.0
21625,6.0
21626,6.0
21627,6.0
21628,6.0
21629,6.0
21630,6.0
21631,6.0
21632,6.0
21633,6.0
21634,6.0
21635,6.0
21636,6.0
21637,6.0
21638,6.0
21639,6.0
21640,6.0
21641,6.0
21642,6.0
21643,6.0
21644,5.0
21645,5.0
21646,5.0
21647,5.0
21648,5.0
21649,5.0
21650,5.0
21651,5.0
21652,5.0
21653,5.0
21654,5.0
21655,5.0
21656,5.0
21657,5.0
21658,5.0
21659,5.0
21660,5.0
21661,5.0
21662,5.0
21663,5.0
21664,5.0
21665,5.0
21666,5.0
21667,5.0
21668,5.0
21669,5.0
21670,5.0
21671,5.0
21672,5.0
21673,5.0
21674,5.0
21675,5.0
21676,5.0
21677,5.0
21678,5.0
21679,6.0
21680,6.0
21681,6.0
21682,6.0
21683,6.0
21684,6.0
21685,6.0
21686,6.0
21687,6.0
21688,6.0
21689,6.0
21690,6.0
21691,6.0
21692,6.0
21693,6.0
21694,6.0
21695,6.0
21696,6.0
21697,5.0
21698,5.0
21699,5.0
21700,5.0
21701,5.0
21702,5.0
21703,5.0
21704,5.0
21705,5.0
21706,5.0
21707,5.0
21708,5.0
21709,5.0
21710,5.0
21711,5.0
21712,5.0
21713,5.0
21714,5.0
21715,5.0
21716,5.0
21717,5.0
21718,5.0
21719,5.0
21720,5.0
21721,5.0
21722,5.0
21723,5.0
21724,5.0
21725,6.0
21726,6.0
21727,6.0
21728,6.0
21729,6.0
21730,6.0
21731,6.0
21732,6.0
21733,6.0
21734,6.0
21735,6.0
21736,6.0
21737,6.0
21738,6.0
21739,6.0
21740,6.0
21741,6.0
21742,6.0
21743,6.0
21744,7.0
21745,7.0
21746,7.0
21747,7.0
21748,7.0
21749,7.0
21750,7.0
21751,7.0
21752,7.0
21753,7.0
21754,7.0
21755,7.0
21756,7.0
21757,7.0
21758,7.0
21759,7.0
21760,7.0
21761,7.0
21762,7.0
21763,6.0
21764,6.0
21765,6.0
21766,6.0
21767,6.0
21768,6.0
21769,6.0
21770,6.0
21771,6.0
21772,6.0
21773,6.0
21774,6.0
21775,6.0
21776,6.0
21777,6.0
21778,6.0
21779,6.0
21780,6.0
21781,6.0
21782,5.0
21783,5.0
21784,5.0
21785,5.0
21786,5.0
21787,5.0
21788,5.0
21789,5.0
21790,5.0
21791,5.0
21792,5.0
21793,5.0
21794,5.0
21795,5.0
21796,5.0
21797,5.0
21798,5.0
21799,5.0
21800,5.0
21801,5.0
21802,5.0
21803,5.0
21804,5.0
21805,5.0
21806,5.0
21807,5.0
21808,5.0
21809,5.0
21810,5.0
21811,5.0
21812,5.0
21813,5.0
21814,5.0
21815,5.0
21816,5.0
21817,5.0
21818,5.0
21819,5.0
21820,5.0
21821,5.0
21822,5.0
21823,5.0
21824,5.0
21825,5.0
21826,5.0
21827,5.0
21828,5.0
21829,5.0
21830,5.0
21831,5.0
21832,5.0
21833,5.0
21834,5.0
21835,5.0
21836,5.0
21837,5.0
21838,5.0
21839,5.0
21840,5.0
21841,5.0
21842,5.0
21843,5.0
21844,5.0
21845,5.0
21846,5.0
21847,5.0
21848,5.0
21849,5.0
21850,5.0
21851,5.0
21852,5.0
21853,5.0
21854,5.0
21855,5.0
21856,5.0
21857,5.0
21858,5.0
21859,5.0
21860,5.0
21861,5.0
21862,5.0
21863,5.0
21864,5.0
21865,5.0
21866,5.0
21867,5.0
21868,5.0
21869,5.0
21870,5.0
21871,5.0
21872,5.0
21873,5.0
21874,5.0
21875,5.0
21876,5.0
21877,5.0
21878,5.0
21879,5.0
21880,5.0
21881,5.0
21882,5.0
21883,5.0
21884,5.0
21885,5.0
21886,5.0
21887,5.0
21888,5.0
21889,5.0
21890,5.0
21891,5.0
21892,5.0
21893,5.0
21894,5.0
21895,5.0
21896,5.0
21897,5.0
21898,5.0
21899,5.0
21900,5.0
21901,5.0
21902,5.0
21903,5.0
21904,5.0
21905,5.0
21906,5.0
21907,5.0
21908,5.0
21909,5.0
21910,5.0
21911,5.0
21912,5.0
21913,5.0
21914,5.0
21915,5.0
21916,5.0
21917,5.0
21918,5.0
21919,5.0
21920,5.0
21921,5.0
21922,5.0
21923,5.0
21924,5.0
21925,5.0
21926,5.0
21927,5.0
21928,5.0
21929,5.0
21930,5.0
21931,5.0
21932,5.0
21933,5.0
21934,5.0
21935,5.0
21936,5.0
21937,5.0
21938,5.0
21939,5.0
21940,5.0
21941,5.0
21942,5.0
21943,5.0
21944,5.0
21945,5.0
21946,5.0
21947,5.0
21948,5.0
21949,5.0
21950,5.0
21951,5.0
21952,5.0
21953,5.0
21954,5.0
21955,5.0
21956,5.0
21957,5.0
21958,5.0
21959,5.0
21960,5.0
21961,5.0
21962,5.0
21963,5.0
21964,5.0
21965,5.0
21966,5.0
21967,5.0
21968,5.0
21969,5.0
21970,5.0
21971,5.0
21972,5.0
21973,5.0
21974,5.0
21975,5.0
21976,5.0
21977,6.0
21978,6.0
21979,6.0
21980,6.0
21981,6.0
21982,5.0
21983,5.0
21984,5.0
21985,5.0
21986,5.0
21987,5.0
21988,5.0
21989,5.0
21990,5.0
21991,5.0
21992,5.0
21993,5.0
21994,5.0
21995,5.0
21996,5.0
21997,5.0
21998,5.0
21999,5.0
22000,5.0
22001,5.0
22002,5.0
22003,5.0
22004,5.0
22005,5.0
22006,5.0
22007,5.0
22008,5.0
22009,5.0
22010,5.0
22011,5.0
22012,5.0
22013,5.0
22014,5.0
22015,5.0
22016,5.0
22017,5.0
22018,5.0
22019,5.0
22020,5.0
22021,5.0
22022,5.0
22023,5.0
22024,5.0
22025,5.0
22026,5.0
22027,5.0
22028,5.0
22029,5.0
22030,5.0
22031,5.0
22032,5.0
22033,5.0
22034,5.0
22035,5.0
22036,6.0
22037,6.0
22038,6.0
22039,6.0
22040,6.0
22041,6.0
22042,6.0
22043,6.0
22044,6.0
22045,6.0
22046,6.0
22047,6.0
22048,6.0
22049,6.0
22050,6.0
22051,6.0
22052,6.0
22053,6.0
22054,6.0
22055,6.0
22056,6.0
22057,6.0
22058,6.0
22059,7.0
22060,7.0
22061,7.0
22062,7.0
22063,7.0
22064,7.0
22065,7.0
22066,7.0
22067,7.0
22068,7.0
22069,7.0
22070,7.0
22071,7.0
22072,7.0
22073,7.0
22074,8.0
22075,8.0
22076,8.0
22077,8.0
22078,8.0
22079,8.0
22080,8.0
22081,8.0
22082,8.0
22083,8.0
22084,8.0
22085,8.0
22086,8.0
22087,8.0
22088,8.0
22089,8.0
22090,8.0
22091,8.0
22092,8.0
22093,8.0
22094,8.0
22095,8.0
22096,8.0
22097,8.0
22098,8.0
22099,8.0
22100,8.0
22101,8.0
22102,8.0
22103,8.0
22104,8.0
22105,8.0
22106,8.0
22107,8.0
22108,8.0
22109,8.0
22110,8.0
22111,8.0
22112,8.0
22113,8.0
22114,8.0
22115,8.0
22116,8.0
22117,8.0
22118,8.0
22119,8.0
22120,8.0
22121,8.0
22122,9.0
22123,9.0
22124,9.0
22125,9.0
22126,9.0
22127,9.0
22128,9.0
22129,9.0
22130,9.0
22131,9.0
22132,9.0
22133,9.0
22134,9.0
22135,9.0
22136,9.0
22137,9.0
22138,9.0
22139,9.0
22140,9.0
22141,9.0
22142,9.0
22143,9.0
22144,9.0
22145,9.0
22146,9.0
22147,9.0
22148,9.0
22149,9.0
22150,9.0
22151,9.0
22152,9.0
22153,9.0
22154,9.0
22155,9.0
22156,9.0
22157,9.0
22158,9.0
22159,9.0
22160,9.0
22161,9.0
22162,9.0
22163,9.0
22164,9.0
22165,9.0
22166,10.0
22167,10.0
22168,10.0
22169,10.0
22170,10.0
22171,10.0
22172,10.0
22173,10.0
22174,10.0
22175,10.0
22176,10.0
22177,10.0
22178,10.0
22179,10.0
22180,10.0
22181,10.0
22182,10.0
22183,10.0
22184,10.0
22185,10.0
22186,11.0
22187,11.0
22188,11.0
22189,11.0
22190,10.0
22191,10.0
22192,10.0
22193,10.0
22194,10.0
22195,10.0
22196,10.0
22197,10.0
22198,10.0
22199,10.0
22200,10.0
22201,10.0
22202,10.0
22203,10.0
22204,10.0
22205,10.0
22206,10.0
22207,10.0
22208,10.0
22209,10.0
22210,10.0
22211,10.0
22212,10.0
22213,10.0
22214,10.0
22215,10.0
22216,9.0
22217,9.0
22218,9.0
22219,9.0
22220,9.0
22221,9.0
22222,9.0
22223,9.0
22224,9.0
22225,9.0
22226,9.0
22227,9.0
22228,9.0
22229,9.0
22230,9.0
22231,9.0
22232,9.0
22233,9.0
22234,9.0
22235,9.0
22236,9.0
22237,9.0
22238,9.0
22239,9.0
22240,9.0
22241,9.0
22242,9.0
22243,9.0
22244,9.0
22245,9.0
22246,9.0
22247,9.0
22248,9.0
22249,9.0
22250,9.0
22251,9.0
22252,9.0
22253,9.0
22254,9.0
22255,9.0
22256,9.0
22257,9.0
22258,9.0
22259,9.0
22260,8.0
22261,8.0
22262,8.0
22263,7.0
22264,7.0
22265,7.0
22266,7.0
22267,7.0
22268,7.0
22269,7.0
22270,7.0
22271,7.0
22272,7.0
22273,7.0
22274,7.0
22275,7.0
22276,7.0
22277,7.0
22278,7.0
22279,7.0
22280,7.0
22281,7.0
22282,7.0
22283,7.0
22284,7.0
22285,7.0
22286,7.0
22287,7.0
22288,7.0
22289,7.0
22290,7.0
22291,7.0
22292,7.0
22293,7.0
22294,7.0
22295,7.0
22296,7.0
22297,7.0
22298,7.0
22299,7.0
22300,7.0
22301,7.0
22302,7.0
22303,7.0
22304,7.0
22305,7.0
22306,7.0
22307,7.0
22308,7.0
22309,7.0
22310,7.0
22311,7.0
22312,7.0
22313,7.0
22314,7.0
22315,6.0
22316,6.0
22317,6.0
22318,6.0
22319,6.0
22320,6.0
22321,6.0
22322,6.0
22323,6.0
22324,6.0
22325,6.0
22326,7.0
22327,7.0
22328,7.0
22329,7.0
22330,7.0
22331,7.0
22332,7.0
22333,7.0
22334,7.0
22335,7.0
22336,7.0
22337,7.0
22338,7.0
22339,7.0
22340,7.0
22341,7.0
22342,7.0
22343,7.0
22344,7.0
22345,7.0
22346,7.0
22347,7.0
22348,7.0
22349,7.0
22350,7.0
22351,7.0
22352,7.0
22353,7.0
22354,7.0
22355,7.0
22356,7.0
22357,7.0
22358,7.0
22359,7.0
22360,7.0
22361,7.0
22362,7.0
22363,7.0
22364,7.0
22365,8.0
22366,8.0
22367,8.0
22368,8.0
22369,8.0
22370,8.0
22371,8.0
22372,8.0
22373,8.0
22374,8.0
22375,8.0
22376,8.0
22377,8.0
22378,8.0
22379,8.0
22380,8.0
22381,8.0
22382,8.0
22383,8.0
22384,8.0
22385,8.0
22386,8.0
22387,8.0
22388,8.0
22389,8.0
22390,8.0
22391,8.0
22392,8.0
22393,8.0
22394,8.0
22395,8.0
22396,8.0
22397,8.0
22398,8.0
22399,8.0
22400,8.0
22401,8.0
22402,8.0
22403,8.0
22404,8.0
22405,8.0
22406,8.0
22407,8.0
22408,8.0
22409,8.0
22410,8.0
22411,8.0
22412,8.0
22413,8.0
22414,8.0
22415,8.0
22416,8.0
22417,8.0
22418,8.0
22419,8.0
22420,8.0
22421,8.0
22422,8.0
22423,8.0
22424,8.0
22425,8.0
22426,8.0
22427,8.0
22428,8.0
22429,8.0
22430,8.0
22431,8.0
22432,8.0
22433,8.0
22434,8.0
22435,8.0
22436,8.0
22437,8.0
22438,8.0
22439,8.0
22440,8.0
22441,8.0
22442,8.0
22443,8.0
22444,8.0
22445,8.0
22446,8.0
22447,8.0
22448,8.0
22449,8.0
22450,8.0
22451,8.0
22452,8.0
22453,8.0
22454,8.0
22455,8.0
22456,8.0
22457,8.0
22458,8.0
22459,8.0
22460,8.0
22461,8.0
22462,8.0
22463,8.0
22464,8.0
22465,8.0
22466,8.0
22467,8.0
22468,8.0
22469,8.0
22470,8.0
22471,8.0
22472,8.0
22473,8.0
22474,8.0
22475,8.0
22476,8.0
22477,8.0
22478,8.0
22479,8.0
22480,8.0
22481,8.0
22482,8.0
22483,7.0
22484,7.0
22485,7.0
22486,7.0
22487,7.0
22488,7.0
22489,7.0
22490,7.0
22491,6.0
22492,6.0
22493,6.0
22494,6.0
22495,6.0
22496,6.0
22497,6.0
22498,6.0
22499,6.0
22500,6.0
22501,6.0
22502,6.0
22503,6.0
22504,6.0
22505,6.0
22506,6.0
22507,6.0
22508,6.0
22509,6.0
22510,6.0
22511,6.0
22512,6.0
22513,6.0
22514,6.0
22515,6.0
22516,6.0
22517,6.0
22518,6.0
22519,6.0
22520,6.0
22521,6.0
22522,6.0
22523,6.0
22524,6.0
22525,6.0
22526,6.0
22527,6.0
22528,6.0
22529,6.0
22530,6.0
22531,6.0
22532,6.0
22533,6.0
22534,6.0
22535,6.0
22536,6.0
22537,6.0
22538,6.0
22539,6.0
22540,6.0
22541,6.0
22542,6.0
22543,6.0
22544,6.0
22545,6.0
22546,6.0
22547,6.0
22548,6.0
22549,6.0
22550,6.0
22551,6.0
22552,6.0
22553,6.0
22554,6.0
22555,6.0
22556,6.0
22557,6.0
22558,6.0
22559,6.0
22560,6.0
22561,6.0
22562,6.0
22563,6.0
22564,6.0
22565,6.0
22566,6.0
22567,6.0
22568,6.0
22569,6.0
22570,6.0
22571,6.0
22572,6.0
22573,6.0
22574,6.0
22575,6.0
22576,6.0
22577,6.0
22578,6.0
22579,6.0
22580,6.0
22581,6.0
22582,6.0
22583,6.0
22584,6.0
22585,6.0
22586,6.0
22587,6.0
22588,6.0
22589,6.0
22590,6.0
22591,6.0
22592,6.0
22593,6.0
22594,6.0
22595,6.0
22596,6.0
22597,6.0
22598,6.0
22599,6.0
22600,6.0
22601,6.0
22602,6.0
22603,6.0
22604,6.0
22605,6.0
22606,6.0
22607,6.0
22608,6.0
22609,6.0
22610,6.0
22611,6.0
22612,6.0
22613,6.0
22614,6.0
22615,6.0
22616,6.0
22617,6.0
22618,6.0
22619,6.0
22620,6.0
22621,6.0
22622,6.0
22623,6.0
22624,6.0
22625,6.0
22626,6.0
22627,6.0
22628,6.0
22629,6.0
22630,6.0
22631,6.0
22632,6.0
22633,6.0
22634,6.0
22635,6.0
22636,6.0
22637,6.0
22638,6.0
22639,6.0
22640,6.0
22641,6.0
22642,6.0
22643,6.0
22644,6.0
22645,6.0
22646,6.0
22647,6.0
22648,6.0
22649,6.0
22650,6.0
22651,6.0
22652,6.0
22653,6.0
22654,6.0
22655,6.0
22656,6.0
22657,6.0
22658,6.0
22659,6.0
22660,6.0
22661,6.0
22662,6.0
22663,6.0
22664,6.0
22665,6.0
22666,6.0
22667,6.0
22668,6.0
22669,6.0
22670,6.0
22671,6.0
22672,6.0
22673,6.0
22674,6.0
22675,6.0
22676,6.0
22677,7.0
22678,7.0
22679,7.0
22680,7.0
22681,7.0
22682,7.0
22683,7.0
22684,7.0
22685,8.0
22686,8.0
22687,8.0
22688,8.0
22689,8.0
22690,8.0
22691,8.0
22692,8.0
22693,8.0
22694,8.0
22695,8.0
22696,8.0
22697,8.0
22698,8.0
22699,8.0
22700,8.0
22701,8.0
22702,8.0
22703,8.0
22704,8.0
22705,8.0
22706,8.0
22707,8.0
22708,8.0
22709,8.0
22710,8.0
22711,8.0
22712,8.0
22713,8.0
22714,8.0
22715,8.0
22716,8.0
22717,8.0
22718,8.0
22719,8.0
22720,8.0
22721,8.0
22722,8.0
22723,8.0
22724,8.0
22725,8.0
22726,8.0
22727,8.0
22728,8.0
22729,8.0
22730,8.0
22731,8.0
22732,8.0
22733,8.0
22734,8.0
22735,8.0
22736,8.0
22737,8.0
22738,8.0
22739,8.0
22740,8.0
22741,8.0
22742,8.0
22743,8.0
22744,8.0
22745,8.0
22746,8.0
22747,8.0
22748,8.0
22749,8.0
22750,8.0
22751,8.0
22752,8.0
22753,8.0
22754,8.0
22755,8.0
22756,8.0
22757,8.0
22758,8.0
22759,8.0
22760,8.0
22761,8.0
22762,8.0
22763,8.0
22764,8.0
22765,8.0
22766,8.0
22767,8.0
22768,8.0
22769,8.0
22770,8.0
22771,8.0
22772,9.0
22773,9.0
22774,9.0
22775,8.0
22776,8.0
22777,7.0
22778,7.0
22779,7.0
22780,7.0
22781,7.0
22782,7.0
22783,7.0
22784,7.0
22785,7.0
22786,7.0
22787,7.0
22788,7.0
22789,7.0
22790,7.0
22791,7.0
22792,7.0
22793,7.0
22794,7.0
22795,7.0
22796,7.0
22797,7.0
22798,7.0
22799,7.0
22800,7.0
22801,7.0
22802,7.0
22803,7.0
22804,7.0
22805,7.0
22806,7.0
22807,7.0
22808,7.0
22809,7.0
22810,7.0
22811,7.0
22812,7.0
22813,7.0
22814,7.0
22815,7.0
22816,7.0
22817,7.0
22818,7.0
22819,7.0
22820,7.0
22821,7.0
22822,7.0
22823,7.0
22824,7.0
22825,7.0
22826,7.0
22827,7.0
22828,8.0
22829,8.0
22830,8.0
22831,8.0
22832,8.0
22833,8.0
22834,8.0
22835,8.0
22836,8.0
22837,8.0
22838,8.0
22839,8.0
22840,8.0
22841,8.0
22842,8.0
22843,8.0
22844,7.0
22845,7.0
22846,7.0
22847,7.0
22848,7.0
22849,7.0
22850,7.0
22851,7.0
22852,7.0
22853,7.0
22854,7.0
22855,7.0
22856,7.0
22857,7.0
22858,8.0
22859,8.0
22860,8.0
22861,8.0
22862,8.0
22863,8.0
22864,9.0
22865,9.0
22866,9.0
22867,9.0
22868,8.0
22869,6.0
22870,6.0
22871,6.0
22872,6.0
22873,6.0
22874,6.0
22875,6.0
22876,6.0
22877,6.0
22878,6.0
22879,6.0
22880,6.0
22881,6.0
22882,6.0
22883,6.0
22884,6.0
22885,6.0
22886,6.0
22887,6.0
22888,6.0
22889,6.0
22890,6.0
22891,6.0
22892,6.0
22893,6.0
22894,6.0
22895,6.0
22896,6.0
22897,6.0
22898,6.0
22899,6.0
22900,6.0
22901,6.0
22902,6.0
22903,6.0
22904,6.0
22905,6.0
22906,6.0
22907,6.0
22908,6.0
22909,6.0
22910,6.0
22911,6.0
22912,6.0
22913,6.0
22914,6.0
22915,6.0
22916,6.0
22917,6.0
22918,6.0
22919,6.0
22920,6.0
22921,6.0
22922,6.0
22923,6.0
22924,6.0
22925,6.0
22926,6.0
22927,6.0
22928,6.0
22929,6.0
22930,6.0
22931,6.0
22932,6.0
22933,6.0
22934,6.0
22935,6.0
22936,6.0
22937,6.0
22938,6.0
22939,6.0
22940,6.0
22941,6.0
22942,6.0
22943,6.0
22944,6.0
22945,6.0
22946,6.0
22947,6.0
22948,6.0
22949,6.0
22950,6.0
22951,6.0
22952,6.0
22953,6.0
22954,6.0
22955,6.0
22956,6.0
22957,6.0
22958,6.0
22959,6.0
22960,6.0
22961,6.0
22962,6.0
22963,6.0
22964,6.0
22965,6.0
22966,6.0
22967,6.0
22968,6.0
22969,6.0
22970,6.0
22971,6.0
22972,6.0
22973,6.0
22974,6.0
22975,6.0
22976,6.0
22977,6.0
22978,6.0
22979,6.0
22980,6.0
22981,6.0
22982,6.0
22983,6.0
22984,6.0
22985,6.0
22986,6.0
22987,6.0
22988,6.0
22989,6.0
22990,6.0
22991,6.0
22992,6.0
22993,6.0
22994,6.0
22995,6.0
22996,6.0
22997,6.0
22998,6.0
22999,6.0
23000,6.0
23001,6.0
23002,6.0
23003,6.0
23004,6.0
23005,6.0
23006,6.0
23007,6.0
23008,6.0
23009,6.0
23010,6.0
23011,6.0
23012,6.0
23013,6.0
23014,6.0
23015,6.0
23016,6.0
23017,6.0
23018,6.0
23019,6.0
23020,6.0
23021,6.0
23022,6.0
23023,6.0
23024,6.0
23025,6.0
23026,6.0
23027,6.0
23028,6.0
23029,6.0
23030,6.0
23031,6.0
23032,6.0
23033,6.0
23034,6.0
23035,6.0
23036,6.0
23037,6.0
23038,6.0
23039,6.0
23040,6.0
23041,6.0
23042,6.0
23043,6.0
23044,6.0
23045,6.0
23046,6.0
23047,6.0
23048,6.0
23049,6.0
23050,6.0
23051,6.0
23052,6.0
23053,6.0
23054,6.0
23055,6.0
23056,6.0
23057,6.0
23058,6.0
23059,6.0
23060,6.0
23061,6.0
23062,6.0
23063,6.0
23064,6.0
23065,6.0
23066,6.0
23067,6.0
23068,7.0
23069,7.0
23070,7.0
23071,7.0
23072,7.0
23073,7.0
23074,7.0
23075,7.0
23076,7.0
23077,7.0
23078,7.0
23079,7.0
23080,7.0
23081,7.0
23082,7.0
23083,7.0
23084,7.0
23085,7.0
23086,7.0
23087,7.0
23088,7.0
23089,7.0
23090,7.0
23091,7.0
23092,7.0
23093,7.0
23094,7.0
23095,7.0
23096,7.0
23097,7.0
23098,7.0
23099,7.0
23100,7.0
23101,7.0
23102,7.0
23103,7.0
23104,7.0
23105,7.0
23106,7.0
23107,7.0
23108,7.0
23109,7.0
23110,7.0
23111,7.0
23112,7.0
23113,7.0
23114,7.0
23115,7.0
23116,7.0
23117,7.0
23118,7.0
23119,7.0
23120,7.0
23121,7.0
23122,7.0
23123,7.0
23124,7.0
23125,7.0
23126,7.0
23127,7.0
23128,7.0
23129,7.0
23130,7.0
23131,7.0
23132,7.0
23133,7.0
23134,7.0
23135,7.0
23136,7.0
23137,7.0
23138,7.0
23139,7.0
23140,7.0
23141,7.0
23142,7.0
23143,7.0
23144,7.0
23145,7.0
23146,7.0
23147,7.0
23148,7.0
23149,7.0
23150,7.0
23151,7.0
23152,7.0
23153,7.0
23154,7.0
23155,7.0
23156,7.0
23157,7.0
23158,7.0
23159,7.0
23160,6.0
23161,6.0
23162,6.0
23163,6.0
23164,6.0
23165,6.0
23166,6.0
23167,6.0
23168,6.0
23169,6.0
23170,6.0
23171,6.0
23172,6.0
23173,6.0
23174,6.0
23175,6.0
23176,6.0
23177,6.0
23178,6.0
23179,6.0
23180,6.0
23181,6.0
23182,6.0
23183,6.0
23184,6.0
23185,6.0
23186,6.0
23187,6.0
23188,6.0
23189,6.0
23190,6.0
23191,6.0
23192,6.0
23193,6.0
23194,6.0
23195,6.0
23196,6.0
23197,6.0
23198,6.0
23199,6.0
23200,6.0
23201,6.0
23202,6.0
23203,6.0
23204,6.0
23205,6.0
23206,6.0
23207,6.0
23208,6.0
23209,6.0
23210,6.0
23211,6.0
23212,6.0
23213,6.0
23214,6.0
23215,6.0
23216,6.0
23217,6.0
23218,6.0
23219,6.0
23220,6.0
23221,6.0
23222,6.0
23223,6.0
23224,6.0
23225,6.0
23226,6.0
23227,6.0
23228,6.0
23229,6.0
23230,6.0
23231,6.0
23232,6.0
23233,6.0
23234,6.0
23235,6.0
23236,6.0
23237,6.0
23238,6.0
23239,6.0
23240,6.0
23241,6.0
23242,6.0
23243,6.0
23244,6.0
23245,6.0
23246,6.0
23247,6.0
23248,6.0
23249,6.0
23250,6.0
23251,6.0
23252,6.0
23253,6.0
23254,6.0
23255,6.0
23256,6.0
23257,6.0
23258,6.0
23259,6.0
23260,6.0
23261,6.0
23262,6.0
23263,6.0
23264,6.0
23265,6.0
23266,6.0
23267,6.0
23268,6.0
23269,6.0
23270,6.0
23271,6.0
23272,6.0
23273,6.0
23274,6.0
23275,6.0
23276,6.0
23277,6.0
23278,6.0
23279,6.0
23280,6.0
23281,6.0
23282,6.0
23283,6.0
23284,6.0
23285,6.0
23286,6.0
23287,6.0
23288,6.0
23289,6.0
23290,6.0
23291,6.0
23292,6.0
23293,6.0
23294,6.0
23295,6.0
23296,6.0
23297,6.0
23298,6.0
23299,6.0
23300,6.0
23301,6.0
23302,6.0
23303,6.0
23304,6.0
23305,6.0
23306,6.0
23307,6.0
23308,6.0
23309,6.0
23310,6.0
23311,6.0
23312,6.0
23313,6.0
23314,6.0
23315,6.0
23316,6.0
23317,6.0
23318,6.0
23319,6.0
23320,6.0
23321,6.0
23322,6.0
23323,6.0
23324,6.0
23325,6.0
23326,6.0
23327,6.0
23328,6.0
23329,6.0
23330,6.0
23331,6.0
23332,6.0
23333,6.0
23334,6.0
23335,6.0
23336,6.0
23337,6.0
23338,6.0
23339,6.0
23340,6.0
23341,6.0
23342,6.0
23343,6.0
23344,6.0
23345,6.0
23346,6.0
23347,6.0
23348,6.0
23349,6.0
23350,6.0
23351,6.0
23352,6.0
23353,6.0
23354,6.0
23355,6.0
23356,6.0
23357,6.0
23358,6.0
23359,6.0
23360,6.0
23361,6.0
23362,6.0
23363,6.0
23364,6.0
23365,6.0
23366,6.0
23367,6.0
23368,6.0
23369,6.0
23370,6.0
23371,6.0
23372,6.0
23373,6.0
23374,6.0
23375,6.0
23376,6.0
23377,6.0
23378,6.0
23379,6.0
23380,6.0
23381,6.0
23382,6.0
23383,6.0
23384,6.0
23385,6.0
23386,6.0
23387,6.0
23388,6.0
23389,6.0
23390,7.0
23391,7.0
23392,7.0
23393,7.0
23394,7.0
23395,7.0
23396,7.0
23397,7.0
23398,7.0
23399,7.0
23400,7.0
23401,7.0
23402,7.0
23403,7.0
23404,7.0
23405,7.0
23406,7.0
23407,7.0
23408,7.0
23409,7.0
23410,7.0
23411,7.0
23412,7.0
23413,7.0
23414,7.0
23415,7.0
23416,7.0
23417,7.0
23418,7.0
23419,7.0
23420,7.0
23421,7.0
23422,7.0
23423,7.0
23424,7.0
23425,7.0
23426,7.0
23427,7.0
23428,7.0
23429,7.0
23430,7.0
23431,7.0
23432,7.0
23433,7.0
23434,7.0
23435,7.0
23436,7.0
23437,7.0
23438,7.0
23439,7.0
23440,7.0
23441,7.0
23442,7.0
23443,7.0
23444,7.0
23445,7.0
23446,7.0
23447,7.0
23448,7.0
23449,7.0
23450,7.0
23451,7.0
23452,7.0
23453,7.0
23454,7.0
23455,7.0
23456,7.0
23457,7.0
23458,7.0
23459,7.0
23460,7.0
23461,7.0
23462,7.0
23463,7.0
23464,7.0
23465,7.0
23466,7.0
23467,7.0
23468,7.0
23469,7.0
23470,7.0
23471,7.0
23472,7.0
23473,7.0
23474,7.0
23475,7.0
23476,7.0
23477,7.0
23478,7.0
23479,7.0
23480,7.0
23481,7.0
23482,7.0
23483,7.0
23484,7.0
23485,7.0
23486,7.0
23487,7.0
23488,7.0
23489,7.0
23490,7.0
23491,7.0
23492,7.0
23493,8.0
23494,8.0
23495,8.0
23496,8.0
23497,8.0
23498,8.0
23499,8.0
23500,8.0
23501,8.0
23502,8.0
23503,8.0
23504,8.0
23505,8.0
23506,8.0
23507,8.0
23508,8.0
23509,8.0
23510,8.0
23511,8.0
23512,8.0
23513,8.0
23514,8.0
23515,8.0
23516,8.0
23517,8.0
23518,8.0
23519,8.0
23520,8.0
23521,8.0
23522,8.0
23523,8.0
23524,8.0
23525,8.0
23526,8.0
23527,8.0
23528,8.0
23529,8.0
23530,8.0
23531,8.0
23532,8.0
23533,8.0
23534,9.0
23535,9.0
23536,9.0
23537,9.0
23538,9.0
23539,9.0
23540,9.0
23541,9.0
23542,7.0
23543,7.0
23544,7.0
23545,7.0
23546,7.0
23547,7.0
23548,7.0
23549,7.0
23550,7.0
23551,7.0
23552,7.0
23553,7.0
23554,7.0
23555,7.0
23556,6.0
23557,6.0
23558,6.0
23559,6.0
23560,6.0
23561,6.0
23562,6.0
23563,6.0
23564,6.0
23565,6.0
23566,6.0
23567,6.0
23568,6.0
23569,6.0
23570,6.0
23571,6.0
23572,6.0
23573,6.0
23574,6.0
23575,6.0
23576,6.0
23577,6.0
23578,6.0
23579,6.0
23580,7.0
23581,7.0
23582,7.0
23583,7.0
23584,7.0
23585,7.0
23586,7.0
23587,7.0
23588,7.0
23589,7.0
23590,7.0
23591,7.0
23592,7.0
23593,7.0
23594,7.0
23595,7.0
23596,7.0
23597,7.0
23598,7.0
23599,7.0
23600,7.0
23601,7.0
23602,7.0
23603,7.0
23604,7.0
23605,7.0
23606,7.0
23607,7.0
23608,7.0
23609,7.0
23610,7.0
23611,7.0
23612,6.0
23613,6.0
23614,6.0
23615,5.0
23616,5.0
23617,5.0
23618,5.0
23619,5.0
23620,5.0
23621,5.0
23622,5.0
23623,5.0
23624,5.0
23625,5.0
23626,5.0
23627,5.0
23628,5.0
23629,5.0
23630,5.0
23631,5.0
23632,5.0
23633,5.0
23634,5.0
23635,5.0
23636,5.0
23637,5.0
23638,5.0
23639,5.0
23640,5.0
23641,5.0
23642,5.0
23643,5.0
23644,5.0
23645,5.0
23646,6.0
23647,6.0
23648,6.0
23649,6.0
23650,6.0
23651,6.0
23652,6.0
23653,6.0
23654,6.0
23655,6.0
23656,6.0
23657,6.0
23658,6.0
23659,6.0
23660,6.0
23661,6.0
23662,6.0
23663,6.0
23664,6.0
23665,6.0
23666,6.0
23667,6.0
23668,6.0
23669,6.0
23670,6.0
23671,6.0
23672,6.0
23673,6.0
23674,6.0
23675,6.0
23676,6.0
23677,6.0
23678,6.0
23679,6.0
23680,6.0
23681,6.0
23682,6.0
23683,6.0
23684,6.0
23685,6.0
23686,6.0
23687,6.0
23688,6.0
23689,6.0
23690,6.0
23691,6.0
23692,6.0
23693,6.0
23694,6.0
23695,6.0
23696,6.0
23697,5.0
23698,5.0
23699,5.0
23700,5.0
23701,5.0
23702,5.0
23703,5.0
23704,5.0
23705,5.0
23706,5.0
23707,5.0
23708,5.0
23709,5.0
23710,5.0
23711,5.0
23712,5.0
23713,5.0
23714,5.0
23715,5.0
23716,5.0
23717,5.0
23718,5.0
23719,5.0
23720,5.0
23721,5.0
23722,6.0
23723,6.0
23724,6.0
23725,6.0
23726,6.0
23727,6.0
23728,6.0
23729,6.0
23730,6.0
23731,6.0
23732,6.0
23733,6.0
23734,6.0
23735,6.0
23736,6.0
23737,6.0
23738,6.0
23739,6.0
23740,6.0
23741,6.0
23742,6.0
23743,6.0
23744,6.0
23745,7.0
23746,7.0
23747,7.0
23748,7.0
23749,7.0
23750,7.0
23751,7.0
23752,7.0
23753,7.0
23754,7.0
23755,7.0
23756,7.0
23757,7.0
23758,7.0
23759,7.0
23760,7.0
23761,7.0
23762,7.0
23763,7.0
23764,7.0
23765,7.0
23766,7.0
23767,7.0
23768,7.0
23769,7.0
23770,7.0
23771,7.0
23772,7.0
23773,7.0
23774,7.0
23775,7.0
23776,7.0
23777,7.0
23778,7.0
23779,7.0
23780,7.0
23781,7.0
23782,7.0
23783,7.0
23784,7.0
23785,7.0
23786,7.0
23787,7.0
23788,7.0
23789,7.0
23790,7.0
23791,7.0
23792,7.0
23793,7.0
23794,7.0
23795,7.0
23796,7.0
23797,7.0
23798,7.0
23799,7.0
23800,7.0
23801,7.0
23802,7.0
23803,7.0
23804,7.0
23805,7.0
23806,7.0
23807,7.0
23808,7.0
23809,7.0
23810,7.0
23811,7.0
23812,7.0
23813,7.0
23814,7.0
23815,7.0
23816,7.0
23817,7.0
23818,7.0
23819,7.0
23820,7.0
23821,7.0
23822,7.0
23823,7.0
23824,7.0
23825,7.0
23826,7.0
23827,7.0
23828,7.0
23829,7.0
23830,6.0
23831,6.0
23832,6.0
23833,6.0
23834,6.0
23835,6.0
23836,6.0
23837,6.0
23838,6.0
23839,6.0
23840,6.0
23841,6.0
23842,6.0
23843,5.0
23844,5.0
23845,5.0
23846,5.0
23847,5.0
23848,5.0
23849,5.0
23850,5.0
23851,5.0
23852,5.0
23853,5.0
23854,5.0
23855,5.0
23856,5.0
23857,5.0
23858,5.0
23859,5.0
23860,5.0
23861,5.0
23862,5.0
23863,5.0
23864,5.0
23865,5.0
23866,5.0
23867,5.0
23868,5.0
23869,5.0
23870,5.0
23871,5.0
23872,5.0
23873,5.0
23874,5.0
23875,5.0
23876,5.0
23877,5.0
23878,5.0
23879,5.0
23880,5.0
23881,5.0
23882,5.0
23883,5.0
23884,5.0
23885,5.0
23886,5.0
23887,6.0
23888,6.0
23889,6.0
23890,6.0
23891,6.0
23892,6.0
23893,6.0
23894,6.0
23895,6.0
23896,6.0
23897,6.0
23898,6.0
23899,6.0
23900,6.0
23901,6.0
23902,6.0
23903,6.0
23904,6.0
23905,6.0
23906,6.0
23907,6.0
23908,6.0
23909,6.0
23910,6.0
23911,6.0
23912,6.0
23913,6.0
23914,6.0
23915,6.0
23916,6.0
23917,6.0
23918,6.0
23919,6.0
23920,6.0
23921,6.0
23922,6.0
23923,6.0
23924,6.0
23925,6.0
23926,6.0
23927,6.0
23928,6.0
23929,6.0
23930,6.0
23931,6.0
23932,6.0
23933,6.0
23934,6.0
23935,6.0
23936,6.0
23937,6.0
23938,6.0
23939,6.0
23940,6.0
23941,6.0
23942,6.0
23943,6.0
23944,6.0
23945,6.0
23946,6.0
23947,6.0
23948,6.0
23949,6.0
23950,6.0
23951,6.0
23952,6.0
23953,6.0
23954,7.0
23955,7.0
23956,7.0
23957,7.0
23958,7.0
23959,7.0
23960,7.0
23961,7.0
23962,7.0
23963,7.0
23964,7.0
23965,7.0
23966,7.0
23967,7.0
23968,7.0
23969,7.0
23970,7.0
23971,7.0
23972,7.0
23973,7.0
23974,7.0
23975,7.0
23976,7.0
23977,7.0
23978,7.0
23979,7.0
23980,7.0
23981,7.0
23982,7.0
23983,7.0
23984,7.0
23985,7.0
23986,7.0
23987,7.0
23988,7.0
23989,7.0
23990,7.0
23991,7.0
23992,7.0
23993,7.0
23994,7.0
23995,7.0
23996,7.0
23997,7.0
23998,7.0
23999,8.0
24000,8.0
24001,8.0
24002,8.0
24003,8.0
24004,8.0
24005,8.0
24006,8.0
24007,8.0
24008,8.0
24009,8.0
24010,8.0
24011,8.0
24012,8.0
24013,8.0
24014,8.0
24015,8.0
24016,8.0
24017,8.0
24018,8.0
24019,8.0
24020,8.0
24021,8.0
24022,8.0
24023,8.0
24024,8.0
24025,8.0
24026,8.0
24027,8.0
24028,8.0
24029,8.0
24030,8.0
24031,8.0
24032,8.0
24033,8.0
24034,8.0
24035,8.0
24036,8.0
24037,8.0
24038,8.0
24039,8.0
24040,8.0
24041,8.0
24042,8.0
24043,8.0
24044,8.0
24045,8.0
24046,8.0
24047,8.0
24048,8.0
24049,8.0
24050,8.0
24051,8.0
24052,8.0
24053,8.0
24054,8.0
24055,8.0
24056,8.0
24057,8.0
24058,8.0
24059,8.0
24060,8.0
24061,8.0
24062,8.0
24063,8.0
24064,8.0
24065,8.0
24066,8.0
24067,8.0
24068,8.0
24069,8.0
24070,8.0
24071,8.0
24072,8.0
24073,8.0
24074,8.0
24075,8.0
24076,8.0
24077,8.0
24078,8.0
24079,8.0
24080,8.0
24081,8.0
24082,8.0
24083,8.0
24084,8.0
24085,8.0
24086,8.0
24087,8.0
24088,8.0
24089,8.0
24090,8.0
24091,8.0
24092,8.0
24093,8.0
24094,8.0
24095,8.0
24096,8.0
24097,8.0
24098,8.0
24099,8.0
24100,8.0
24101,8.0
24102,8.0
24103,8.0
24104,8.0
24105,8.0
24106,8.0
24107,8.0
24108,8.0
24109,8.0
24110,8.0
24111,8.0
24112,8.0
24113,8.0
24114,8.0
24115,8.0
24116,8.0
24117,8.0
24118,8.0
24119,8.0
24120,8.0
24121,8.0
24122,8.0
24123,8.0
24124,8.0
24125,8.0
24126,8.0
24127,8.0
24128,6.0
24129,6.0
24130,6.0
24131,6.0
24132,6.0
24133,6.0
24134,6.0
24135,6.0
24136,6.0
24137,6.0
24138,6.0
24139,6.0
24140,6.0
24141,6.0
24142,6.0
24143,6.0
24144,6.0
24145,6.0
24146,6.0
24147,6.0
24148,6.0
24149,6.0
24150,6.0
24151,6.0
24152,6.0
24153,6.0
24154,6.0
24155,6.0
24156,6.0
24157,6.0
24158,6.0
24159,6.0
24160,6.0
24161,6.0
24162,6.0
24163,6.0
24164,6.0
24165,6.0
24166,6.0
24167,6.0
24168,6.0
24169,6.0
24170,6.0
24171,6.0
24172,6.0
24173,6.0
24174,6.0
24175,6.0
24176,6.0
24177,6.0
24178,6.0
24179,6.0
24180,6.0
24181,6.0
24182,6.0
24183,6.0
24184,6.0
24185,6.0
24186,6.0
24187,6.0
24188,6.0
24189,6.0
24190,6.0
24191,6.0
24192,6.0
24193,6.0
24194,6.0
24195,6.0
24196,6.0
24197,6.0
24198,6.0
24199,6.0
24200,6.0
24201,6.0
24202,6.0
24203,6.0
24204,6.0
24205,6.0
24206,6.0
24207,6.0
24208,6.0
24209,6.0
24210,6.0
24211,6.0
24212,6.0
24213,6.0
24214,6.0
24215,6.0
24216,6.0
24217,6.0
24218,6.0
24219,6.0
24220,6.0
24221,6.0
24222,6.0
24223,6.0
24224,6.0
24225,6.0
24226,6.0
24227,6.0
24228,6.0
24229,6.0
24230,6.0
24231,6.0
24232,6.0
24233,6.0
24234,6.0
24235,6.0
24236,6.0
24237,6.0
24238,6.0
24239,6.0
24240,6.0
24241,6.0
24242,6.0
24243,6.0
24244,6.0
24245,6.0
24246,6.0
24247,6.0
24248,6.0
24249,6.0
24250,6.0
24251,6.0
24252,6.0
24253,6.0
24254,6.0
24255,6.0
24256,6.0
24257,6.0
24258,6.0
24259,6.0
24260,6.0
24261,6.0
24262,6.0
24263,6.0
24264,6.0
24265,6.0
24266,6.0
24267,6.0
24268,6.0
24269,6.0
24270,6.0
24271,6.0
24272,6.0
24273,6.0
24274,6.0
24275,6.0
24276,6.0
24277,6.0
24278,6.0
24279,6.0
24280,6.0
24281,6.0
24282,6.0
24283,6.0
24284,6.0
24285,6.0
24286,6.0
24287,6.0
24288,6.0
24289,6.0
24290,6.0
24291,6.0
24292,6.0
24293,6.0
24294,6.0
24295,6.0
24296,6.0
24297,6.0
24298,6.0
24299,6.0
24300,6.0
24301,7.0
24302,7.0
24303,7.0
24304,7.0
24305,7.0
24306,7.0
24307,7.0
24308,7.0
24309,7.0
24310,7.0
24311,7.0
24312,7.0
24313,7.0
24314,7.0
24315,7.0
24316,7.0
24317,7.0
24318,7.0
24319,7.0
24320,7.0
24321,7.0
24322,7.0
24323,7.0
24324,7.0
24325,7.0
24326,7.0
24327,7.0
24328,7.0
24329,7.0
24330,7.0
24331,7.0
24332,7.0
24333,7.0
24334,7.0
24335,7.0
24336,7.0
24337,7.0
24338,7.0
24339,7.0
24340,7.0
24341,7.0
24342,7.0
24343,7.0
24344,7.0
24345,7.0
24346,7.0
24347,7.0
24348,7.0
24349,7.0
24350,7.0
24351,7.0
24352,7.0
24353,7.0
24354,7.0
24355,7.0
24356,7.0
24357,7.0
24358,7.0
24359,7.0
24360,7.0
24361,7.0
24362,7.0
24363,7.0
24364,7.0
24365,7.0
24366,7.0
24367,7.0
24368,7.0
24369,7.0
24370,7.0
24371,7.0
24372,7.0
24373,7.0
24374,7.0
24375,7.0
24376,7.0
24377,7.0
24378,7.0
24379,7.0
24380,7.0
24381,7.0
24382,7.0
24383,7.0
24384,7.0
24385,7.0
24386,7.0
24387,7.0
24388,7.0
24389,7.0
24390,7.0
24391,7.0
24392,7.0
24393,7.0
24394,7.0
24395,7.0
24396,7.0
24397,7.0
24398,7.0
24399,7.0
24400,7.0
24401,7.0
24402,7.0
24403,7.0
24404,7.0
24405,7.0
24406,7.0
24407,7.0
24408,7.0
24409,7.0
24410,7.0
24411,7.0
24412,8.0
24413,8.0
24414,8.0
24415,8.0
24416,8.0
24417,8.0
24418,8.0
24419,8.0
24420,8.0
24421,8.0
24422,8.0
24423,8.0
24424,8.0
24425,8.0
24426,8.0
24427,8.0
24428,8.0
24429,8.0
24430,8.0
24431,8.0
24432,8.0
24433,8.0
24434,8.0
24435,8.0
24436,8.0
24437,8.0
24438,8.0
24439,8.0
24440,8.0
24441,8.0
24442,8.0
24443,8.0
24444,8.0
24445,8.0
24446,8.0
24447,7.0
24448,7.0
24449,7.0
24450,7.0
24451,7.0
24452,7.0
24453,7.0
24454,7.0
24455,7.0
24456,7.0
24457,7.0
24458,7.0
24459,7.0
24460,7.0
24461,7.0
24462,7.0
24463,7.0
24464,7.0
24465,7.0
24466,7.0
24467,7.0
24468,7.0
24469,7.0
24470,7.0
24471,7.0
24472,7.0
24473,7.0
24474,7.0
24475,7.0
24476,7.0
24477,7.0
24478,5.0
24479,5.0
24480,5.0
24481,5.0
24482,5.0
24483,5.0
24484,5.0
24485,6.0
24486,6.0
24487,6.0
24488,6.0
24489,6.0
24490,6.0
24491,6.0
24492,6.0
24493,6.0
24494,6.0
24495,6.0
24496,6.0
24497,6.0
24498,6.0
24499,6.0
24500,6.0
24501,6.0
24502,6.0
24503,6.0
24504,6.0
24505,6.0
24506,6.0
24507,6.0
24508,6.0
24509,6.0
24510,6.0
24511,6.0
24512,7.0
24513,7.0
24514,7.0
24515,7.0
24516,7.0
24517,7.0
24518,7.0
24519,7.0
24520,7.0
24521,7.0
24522,7.0
24523,7.0
24524,7.0
24525,7.0
24526,7.0
24527,7.0
24528,7.0
24529,7.0
24530,7.0
24531,7.0
24532,7.0
24533,7.0
24534,7.0
24535,7.0
24536,7.0
24537,7.0
24538,7.0
24539,7.0
24540,7.0
24541,7.0
24542,7.0
24543,7.0
24544,7.0
24545,7.0
24546,7.0
24547,7.0
24548,7.0
24549,7.0
24550,7.0
24551,7.0
24552,7.0
24553,7.0
24554,7.0
24555,7.0
24556,7.0
24557,7.0
24558,7.0
24559,7.0
24560,7.0
24561,7.0
24562,7.0
24563,7.0
24564,7.0
24565,7.0
24566,7.0
24567,7.0
24568,7.0
24569,7.0
24570,7.0
24571,7.0
24572,7.0
24573,7.0
24574,7.0
24575,7.0
24576,7.0
24577,7.0
24578,7.0
24579,7.0
24580,7.0
24581,7.0
24582,7.0
24583,7.0
24584,7.0
24585,7.0
24586,7.0
24587,7.0
24588,7.0
24589,7.0
24590,7.0
24591,7.0
24592,7.0
24593,7.0
24594,7.0
24595,7.0
24596,7.0
24597,7.0
24598,7.0
24599,7.0
24600,7.0
24601,7.0
24602,7.0
24603,7.0
24604,7.0
24605,7.0
24606,7.0
24607,7.0
24608,7.0
24609,7.0
24610,7.0
24611,7.0
24612,7.0
24613,7.0
24614,7.0
24615,7.0
24616,7.0
24617,7.0
24618,7.0
24619,7.0
24620,7.0
24621,7.0
24622,7.0
24623,7.0
24624,7.0
24625,7.0
24626,7.0
24627,7.0
24628,7.0
24629,7.0
24630,7.0
24631,7.0
24632,7.0
24633,7.0
24634,7.0
24635,7.0
24636,7.0
24637,7.0
24638,7.0
24639,7.0
24640,7.0
24641,7.0
24642,7.0
24643,7.0
24644,7.0
24645,7.0
24646,7.0
24647,7.0
24648,7.0
24649,7.0
24650,7.0
24651,7.0
24652,7.0
24653,7.0
24654,7.0
24655,7.0
24656,7.0
24657,7.0
24658,7.0
24659,7.0
24660,7.0
24661,7.0
24662,7.0
24663,7.0
24664,7.0
24665,7.0
24666,7.0
24667,7.0
24668,7.0
24669,7.0
24670,7.0
24671,7.0
24672,7.0
24673,7.0
24674,7.0
24675,7.0
24676,7.0
24677,7.0
24678,7.0
24679,7.0
24680,7.0
24681,7.0
24682,7.0
24683,7.0
24684,7.0
24685,7.0
24686,7.0
24687,7.0
24688,7.0
24689,7.0
24690,7.0
24691,7.0
24692,7.0
24693,7.0
24694,7.0
24695,7.0
24696,7.0
24697,7.0
24698,7.0
24699,7.0
24700,7.0
24701,7.0
24702,7.0
24703,7.0
24704,7.0
24705,7.0
24706,7.0
24707,7.0
24708,7.0
24709,7.0
24710,7.0
24711,7.0
24712,7.0
24713,7.0
24714,7.0
24715,7.0
24716,7.0
24717,7.0
24718,7.0
24719,7.0
24720,7.0
24721,7.0
24722,7.0
24723,7.0
24724,7.0
24725,7.0
24726,7.0
24727,7.0
24728,7.0
24729,7.0
24730,7.0
24731,7.0
24732,7.0
24733,7.0
24734,7.0
24735,7.0
24736,7.0
24737,7.0
24738,7.0
24739,7.0
24740,7.0
24741,7.0
24742,7.0
24743,7.0
24744,7.0
24745,7.0
24746,7.0
24747,7.0
24748,7.0
24749,7.0
24750,7.0
24751,7.0
24752,7.0
24753,7.0
24754,7.0
24755,7.0
24756,7.0
24757,7.0
24758,7.0
24759,7.0
24760,7.0
24761,7.0
24762,7.0
24763,7.0
24764,7.0
24765,7.0
24766,7.0
24767,7.0
24768,7.0
24769,7.0
24770,7.0
24771,7.0
24772,7.0
24773,7.0
24774,7.0
24775,7.0
24776,7.0
24777,7.0
24778,7.0
24779,7.0
24780,7.0
24781,7.0
24782,7.0
24783,7.0
24784,7.0
24785,7.0
24786,7.0
24787,7.0
24788,7.0
24789,7.0
24790,7.0
24791,7.0
24792,7.0
24793,7.0
24794,7.0
24795,7.0
24796,7.0
24797,7.0
24798,7.0
24799,7.0
24800,7.0
24801,7.0
24802,7.0
24803,7.0
24804,7.0
24805,7.0
24806,7.0
24807,7.0
24808,7.0
24809,7.0
24810,7.0
24811,7.0
24812,7.0
24813,7.0
24814,7.0
24815,7.0
24816,7.0
24817,7.0
24818,7.0
24819,7.0
24820,7.0
24821,7.0
24822,7.0
24823,7.0
24824,7.0
24825,7.0
24826,7.0
24827,7.0
24828,7.0
24829,7.0
24830,7.0
24831,7.0
24832,7.0
24833,7.0
24834,7.0
24835,7.0
24836,7.0
24837,7.0
24838,7.0
24839,7.0
24840,7.0
24841,7.0
24842,7.0
24843,7.0
24844,7.0
24845,7.0
24846,7.0
24847,7.0
24848,7.0
24849,7.0
24850,7.0
24851,7.0
24852,7.0
24853,7.0
24854,6.0
24855,6.0
24856,6.0
24857,6.0
24858,6.0
24859,6.0
24860,6.0
24861,6.0
24862,6.0
24863,6.0
24864,6.0
24865,6.0
24866,6.0
24867,6.0
24868,6.0
24869,6.0
24870,6.0
24871,6.0
24872,6.0
24873,6.0
24874,6.0
24875,6.0
24876,6.0
24877,6.0
24878,6.0
24879,6.0
24880,6.0
24881,6.0
24882,6.0
24883,6.0
24884,6.0
24885,6.0
24886,6.0
24887,6.0
24888,6.0
24889,6.0
24890,6.0
24891,6.0
24892,6.0
24893,6.0
24894,6.0
24895,6.0
24896,6.0
24897,7.0
24898,7.0
24899,7.0
24900,7.0
24901,7.0
24902,7.0
24903,7.0
24904,7.0
24905,7.0
24906,7.0
24907,7.0
24908,7.0
24909,7.0
24910,7.0
24911,7.0
24912,7.0
24913,7.0
24914,7.0
24915,7.0
24916,7.0
24917,7.0
24918,7.0
24919,7.0
24920,7.0
24921,7.0
24922,8.0
24923,8.0
24924,8.0
24925,8.0
24926,8.0
24927,9.0
24928,9.0
24929,9.0
24930,9.0
24931,9.0
24932,9.0
24933,9.0
24934,9.0
24935,9.0
24936,9.0
24937,10.0
24938,10.0
24939,10.0
24940,10.0
24941,10.0
24942,10.0
24943,10.0
24944,10.0
24945,10.0
24946,10.0
24947,10.0
24948,10.0
24949,10.0
24950,10.0
24951,10.0
24952,10.0
24953,10.0
24954,10.0
24955,10.0
24956,10.0
24957,10.0
24958,10.0
24959,10.0
24960,10.0
24961,10.0
24962,10.0
24963,10.0
24964,9.0
24965,9.0
24966,9.0
24967,9.0
24968,9.0
24969,9.0
24970,9.0
24971,9.0
24972,9.0
24973,9.0
24974,9.0
24975,9.0
24976,9.0
24977,9.0
24978,9.0
24979,9.0
24980,9.0
24981,9.0
24982,9.0
24983,9.0
24984,9.0
24985,9.0
24986,9.0
24987,9.0
24988,9.0
24989,9.0
24990,9.0
24991,9.0
24992,9.0
24993,9.0
24994,9.0
24995,9.0
24996,9.0
24997,9.0
24998,9.0
24999,9.0
25000,9.0
25001,9.0
25002,9.0
25003,9.0
25004,9.0
25005,9.0
25006,9.0
25007,9.0
25008,9.0
25009,9.0
25010,9.0
25011,9.0
25012,9.0
25013,9.0
25014,9.0
25015,9.0
25016,9.0
25017,9.0
25018,9.0
25019,9.0
25020,9.0
25021,9.0
25022,9.0
25023,9.0
25024,9.0
25025,9.0
25026,9.0
25027,9.0
25028,9.0
25029,9.0
25030,9.0
25031,9.0
25032,9.0
25033,9.0
25034,9.0
25035,9.0
25036,9.0
25037,9.0
25038,9.0
25039,9.0
25040,9.0
25041,9.0
25042,9.0
25043,9.0
25044,9.0
25045,9.0
25046,9.0
25047,9.0
25048,9.0
25049,9.0
25050,9.0
25051,9.0
25052,9.0
25053,9.0
25054,9.0
25055,9.0
25056,9.0
25057,9.0
25058,8.0
25059,8.0
25060,8.0
25061,8.0
25062,8.0
25063,8.0
25064,8.0
25065,8.0
25066,8.0
25067,8.0
25068,8.0
25069,8.0
25070,8.0
25071,8.0
25072,8.0
25073,8.0
25074,8.0
25075,8.0
25076,8.0
25077,8.0
25078,8.0
25079,8.0
25080,8.0
25081,8.0
25082,8.0
25083,8.0
25084,8.0
25085,8.0
25086,8.0
25087,8.0
25088,8.0
25089,8.0
25090,8.0
25091,8.0
25092,8.0
25093,8.0
25094,8.0
25095,8.0
25096,8.0
25097,8.0
25098,8.0
25099,8.0
25100,8.0
25101,8.0
25102,8.0
25103,8.0
25104,8.0
25105,8.0
25106,8.0
25107,8.0
25108,8.0
25109,8.0
25110,8.0
25111,8.0
25112,8.0
25113,8.0
25114,8.0
25115,8.0
25116,8.0
25117,8.0
25118,8.0
25119,8.0
25120,8.0
25121,8.0
25122,8.0
25123,8.0
25124,8.0
25125,8.0
25126,8.0
25127,7.0
25128,7.0
25129,7.0
25130,7.0
25131,7.0
25132,7.0
25133,7.0
25134,7.0
25135,7.0
25136,7.0
25137,7.0
25138,7.0
25139,7.0
25140,7.0
25141,6.0
25142,6.0
25143,6.0
25144,6.0
25145,6.0
25146,6.0
25147,6.0
25148,6.0
25149,6.0
25150,5.0
25151,5.0
25152,5.0
25153,5.0
25154,5.0
25155,5.0
25156,5.0
25157,5.0
25158,5.0
25159,5.0
25160,5.0
25161,5.0
25162,5.0
25163,5.0
25164,5.0
25165,5.0
25166,5.0
25167,6.0
25168,6.0
25169,6.0
25170,6.0
25171,6.0
25172,6.0
25173,6.0
25174,6.0
25175,6.0
25176,6.0
25177,6.0
25178,6.0
25179,6.0
25180,6.0
25181,6.0
25182,6.0
25183,6.0
25184,6.0
25185,6.0
25186,6.0
25187,6.0
25188,6.0
25189,6.0
25190,6.0
25191,6.0
25192,6.0
25193,6.0
25194,6.0
25195,6.0
25196,6.0
25197,6.0
25198,6.0
25199,6.0
25200,6.0
25201,6.0
25202,6.0
25203,6.0
25204,6.0
25205,6.0
25206,6.0
25207,6.0
25208,6.0
25209,6.0
25210,6.0
25211,6.0
25212,6.0
25213,6.0
25214,6.0
25215,6.0
25216,6.0
25217,6.0
25218,6.0
25219,6.0
25220,6.0
25221,6.0
25222,6.0
25223,6.0
25224,6.0
25225,6.0
25226,6.0
25227,6.0
25228,6.0
25229,6.0
25230,6.0
25231,6.0
25232,6.0
25233,6.0
25234,6.0
25235,6.0
25236,6.0
25237,6.0
25238,6.0
25239,6.0
25240,6.0
25241,6.0
25242,7.0
25243,7.0
25244,7.0
25245,7.0
25246,6.0
25247,6.0
25248,6.0
25249,6.0
25250,6.0
25251,6.0
25252,6.0
25253,6.0
25254,6.0
25255,6.0
25256,6.0
25257,6.0
25258,6.0
25259,6.0
25260,6.0
25261,6.0
25262,6.0
25263,6.0
25264,6.0
25265,6.0
25266,6.0
25267,6.0
25268,6.0
25269,6.0
25270,6.0
25271,6.0
25272,6.0
25273,6.0
25274,6.0
25275,6.0
25276,6.0
25277,6.0
25278,6.0
25279,6.0
25280,6.0
25281,5.0
25282,5.0
25283,5.0
25284,5.0
25285,5.0
25286,5.0
25287,5.0
25288,5.0
25289,5.0
25290,5.0
25291,5.0
25292,5.0
25293,5.0
25294,5.0
25295,5.0
25296,5.0
25297,5.0
25298,6.0
25299,6.0
25300,6.0
25301,6.0
25302,6.0
25303,6.0
25304,6.0
25305,6.0
25306,6.0
25307,6.0
25308,6.0
25309,6.0
25310,6.0
25311,6.0
25312,6.0
25313,6.0
25314,6.0
25315,6.0
25316,6.0
25317,6.0
25318,6.0
25319,6.0
25320,6.0
25321,6.0
25322,6.0
25323,6.0
25324,6.0
25325,6.0
25326,6.0
25327,6.0
25328,6.0
25329,6.0
25330,6.0
25331,6.0
25332,6.0
25333,6.0
25334,6.0
25335,6.0
25336,6.0
25337,6.0
25338,6.0
25339,6.0
25340,6.0
25341,6.0
25342,6.0
25343,6.0
25344,6.0
25345,6.0
25346,6.0
25347,6.0
25348,6.0
25349,6.0
25350,6.0
25351,6.0
25352,6.0
25353,6.0
25354,6.0
25355,6.0
25356,6.0
25357,6.0
25358,6.0
25359,6.0
25360,6.0
25361,6.0
25362,6.0
25363,6.0
25364,6.0
25365,6.0
25366,6.0
25367,6.0
25368,6.0
25369,6.0
25370,6.0
25371,6.0
25372,6.0
25373,6.0
25374,6.0
25375,6.0
25376,6.0
25377,6.0
25378,6.0
25379,6.0
25380,6.0
25381,6.0
25382,6.0
25383,6.0
25384,6.0
25385,6.0
25386,6.0
25387,6.0
25388,6.0
25389,6.0
25390,6.0
25391,6.0
25392,6.0
25393,6.0
25394,6.0
25395,6.0
25396,6.0
25397,6.0
25398,6.0
25399,6.0
25400,6.0
25401,6.0
25402,6.0
25403,6.0
25404,6.0
25405,6.0
25406,6.0
25407,6.0
25408,6.0
25409,6.0
25410,6.0
25411,6.0
25412,6.0
25413,6.0
25414,6.0
25415,6.0
25416,6.0
25417,6.0
25418,6.0
25419,6.0
25420,6.0
25421,6.0
25422,6.0
25423,6.0
25424,6.0
25425,6.0
25426,6.0
25427,6.0
25428,6.0
25429,6.0
25430,6.0
25431,6.0
25432,6.0
25433,6.0
25434,6.0
25435,6.0
25436,6.0
25437,6.0
25438,6.0
25439,6.0
25440,6.0
25441,6.0
25442,6.0
25443,6.0
25444,6.0
25445,6.0
25446,6.0
25447,6.0
25448,6.0
25449,6.0
25450,6.0
25451,6.0
25452,6.0
25453,6.0
25454,6.0
25455,6.0
25456,6.0
25457,6.0
25458,6.0
25459,6.0
25460,6.0
25461,6.0
25462,6.0
25463,6.0
25464,6.0
25465,6.0
25466,6.0
25467,6.0
25468,6.0
25469,6.0
25470,6.0
25471,6.0
25472,6.0
25473,6.0
25474,6.0
25475,6.0
25476,6.0
25477,6.0
25478,6.0
25479,6.0
25480,6.0
25481,6.0
25482,6.0
25483,6.0
25484,6.0
25485,6.0
25486,6.0
25487,6.0
25488,6.0
25489,6.0
25490,6.0
25491,6.0
25492,6.0
25493,6.0
25494,6.0
25495,6.0
25496,6.0
25497,6.0
25498,6.0
25499,6.0
25500,6.0
25501,6.0
25502,6.0
25503,6.0
25504,6.0
25505,6.0
25506,6.0
25507,6.0
25508,6.0
25509,6.0
25510,6.0
25511,6.0
25512,6.0
25513,6.0
25514,6.0
25515,6.0
25516,5.0
25517,5.0
25518,5.0
25519,5.0
25520,5.0
25521,5.0
25522,5.0
25523,5.0
25524,5.0
25525,5.0
25526,5.0
25527,5.0
25528,5.0
25529,5.0
25530,5.0
25531,5.0
25532,5.0
25533,5.0
25534,5.0
25535,5.0
25536,5.0
25537,5.0
25538,5.0
25539,5.0
25540,5.0
25541,5.0
25542,5.0
25543,5.0
25544,5.0
25545,5.0
25546,5.0
25547,5.0
25548,5.0
25549,5.0
25550,5.0
25551,5.0
25552,5.0
25553,5.0
25554,5.0
25555,5.0
25556,5.0
25557,5.0
25558,5.0
25559,5.0
25560,5.0
25561,5.0
25562,5.0
25563,5.0
25564,5.0
25565,5.0
25566,5.0
25567,5.0
25568,5.0
25569,5.0
25570,5.0
25571,5.0
25572,5.0
25573,5.0
25574,5.0
25575,5.0
25576,5.0
25577,5.0
25578,5.0
25579,5.0
25580,5.0
25581,5.0
25582,5.0
25583,5.0
25584,5.0
25585,5.0
25586,5.0
25587,5.0
25588,5.0
25589,5.0
25590,5.0
25591,5.0
25592,5.0
25593,5.0
25594,5.0
25595,5.0
25596,5.0
25597,5.0
25598,5.0
25599,5.0
25600,5.0
25601,5.0
25602,5.0
25603,5.0
25604,5.0
25605,5.0
25606,5.0
25607,5.0
25608,5.0
25609,5.0
25610,5.0
25611,5.0
25612,5.0
25613,5.0
25614,5.0
25615,5.0
25616,5.0
25617,5.0
25618,5.0
25619,5.0
25620,5.0
25621,5.0
25622,5.0
25623,5.0
25624,5.0
25625,5.0
25626,5.0
25627,5.0
25628,5.0
25629,5.0
25630,5.0
25631,5.0
25632,5.0
25633,6.0
25634,6.0
25635,6.0
25636,6.0
25637,6.0
25638,6.0
25639,6.0
25640,6.0
25641,6.0
25642,6.0
25643,6.0
25644,6.0
25645,6.0
25646,6.0
25647,6.0
25648,6.0
25649,6.0
25650,6.0
25651,6.0
25652,6.0
25653,6.0
25654,6.0
25655,6.0
25656,6.0
25657,6.0
25658,6.0
25659,6.0
25660,6.0
25661,6.0
25662,6.0
25663,6.0
25664,6.0
25665,6.0
25666,6.0
25667,6.0
25668,6.0
25669,6.0
25670,6.0
25671,6.0
25672,6.0
25673,6.0
25674,6.0
25675,6.0
25676,6.0
25677,6.0
25678,6.0
25679,6.0
25680,6.0
25681,6.0
25682,6.0
25683,6.0
25684,6.0
25685,6.0
25686,6.0
25687,6.0
25688,6.0
25689,6.0
25690,6.0
25691,6.0
25692,6.0
25693,6.0
25694,6.0
25695,6.0
25696,6.0
25697,6.0
25698,6.0
25699,6.0
25700,6.0
25701,6.0
25702,6.0
25703,6.0
25704,6.0
25705,6.0
25706,6.0
25707,6.0
25708,6.0
25709,6.0
25710,6.0
25711,6.0
25712,6.0
25713,6.0
25714,6.0
25715,6.0
25716,6.0
25717,6.0
25718,6.0
25719,6.0
25720,6.0
25721,6.0
25722,6.0
25723,6.0
25724,6.0
25725,6.0
25726,6.0
25727,6.0
25728,6.0
25729,6.0
25730,6.0
25731,6.0
25732,6.0
25733,6.0
25734,6.0
25735,6.0
25736,6.0
25737,6.0
25738,6.0
25739,6.0
25740,6.0
25741,6.0
25742,6.0
25743,6.0
25744,6.0
25745,6.0
25746,6.0
25747,6.0
25748,6.0
25749,6.0
25750,6.0
25751,6.0
25752,6.0
25753,6.0
25754,6.0
25755,6.0
25756,6.0
25757,6.0
25758,6.0
25759,6.0
25760,6.0
25761,6.0
25762,6.0
25763,6.0
25764,6.0
25765,6.0
25766,6.0
25767,6.0
25768,6.0
25769,6.0
25770,6.0
25771,6.0
25772,6.0
25773,6.0
25774,6.0
25775,6.0
25776,6.0
25777,6.0
25778,6.0
25779,6.0
25780,6.0
25781,6.0
25782,6.0
25783,6.0
25784,6.0
25785,6.0
25786,6.0
25787,6.0
25788,6.0
25789,6.0
25790,6.0
25791,6.0
25792,6.0
25793,6.0
25794,6.0
25795,6.0
25796,6.0
25797,6.0
25798,6.0
25799,6.0
25800,7.0
25801,7.0
25802,7.0
25803,7.0
25804,8.0
25805,8.0
25806,8.0
25807,9.0
25808,9.0
25809,9.0
25810,9.0
25811,9.0
25812,9.0
25813,9.0
25814,9.0
25815,9.0
25816,9.0
25817,9.0
25818,9.0
25819,9.0
25820,9.0
25821,9.0
25822,9.0
25823,9.0
25824,9.0
25825,9.0
25826,9.0
25827,9.0
25828,9.0
25829,9.0
25830,9.0
25831,9.0
25832,9.0
25833,9.0
25834,9.0
25835,9.0
25836,9.0
25837,9.0
25838,9.0
25839,9.0
25840,9.0
25841,9.0
25842,9.0
25843,9.0
25844,9.0
25845,9.0
25846,9.0
25847,9.0
25848,9.0
25849,9.0
25850,9.0
25851,9.0
25852,9.0
25853,9.0
25854,9.0
25855,9.0
25856,9.0
25857,9.0
25858,9.0
25859,9.0
25860,9.0
25861,9.0
25862,9.0
25863,9.0
25864,9.0
25865,9.0
25866,8.0
25867,8.0
25868,8.0
25869,8.0
25870,8.0
25871,8.0
25872,8.0
25873,8.0
25874,8.0
25875,8.0
25876,8.0
25877,8.0
25878,8.0
25879,8.0
25880,8.0
25881,8.0
25882,7.0
25883,7.0
25884,7.0
25885,7.0
25886,7.0
25887,7.0
25888,7.0
25889,7.0
25890,7.0
25891,7.0
25892,7.0
25893,7.0
25894,7.0
25895,7.0
25896,7.0
25897,7.0
25898,7.0
25899,7.0
25900,7.0
25901,7.0
25902,7.0
25903,7.0
25904,7.0
25905,7.0
25906,7.0
25907,7.0
25908,7.0
25909,7.0
25910,7.0
25911,7.0
25912,7.0
25913,7.0
25914,7.0
25915,7.0
25916,7.0
25917,7.0
25918,7.0
25919,7.0
25920,7.0
25921,7.0
25922,7.0
25923,7.0
25924,7.0
25925,7.0
25926,7.0
25927,7.0
25928,7.0
25929,7.0
25930,7.0
25931,7.0
25932,7.0
25933,7.0
25934,7.0
25935,7.0
25936,7.0
25937,7.0
25938,7.0
25939,7.0
25940,7.0
25941,7.0
25942,7.0
25943,7.0
25944,7.0
25945,7.0
25946,7.0
25947,7.0
25948,7.0
25949,7.0
25950,7.0
25951,7.0
25952,7.0
25953,7.0
25954,7.0
25955,7.0
25956,7.0
25957,7.0
25958,7.0
25959,7.0
25960,7.0
25961,7.0
25962,7.0
25963,7.0
25964,7.0
25965,7.0
25966,7.0
25967,7.0
25968,7.0
25969,7.0
25970,7.0
25971,7.0
25972,7.0
25973,7.0
25974,7.0
25975,7.0
25976,7.0
25977,7.0
25978,7.0
25979,7.0
25980,7.0
25981,7.0
25982,7.0
25983,7.0
25984,7.0
25985,7.0
25986,7.0
25987,7.0
25988,7.0
25989,7.0
25990,7.0
25991,7.0
25992,7.0
25993,7.0
25994,7.0
25995,7.0
25996,7.0
25997,7.0
25998,7.0
25999,7.0
26000,7.0
26001,7.0
26002,7.0
26003,7.0
26004,7.0
26005,8.0
26006,8.0
26007,8.0
26008,8.0
26009,8.0
26010,8.0
26011,8.0
26012,8.0
26013,8.0
26014,8.0
26015,8.0
26016,8.0
26017,8.0
26018,8.0
26019,8.0
26020,8.0
26021,8.0
26022,8.0
26023,8.0
26024,8.0
26025,8.0
26026,8.0
26027,8.0
26028,8.0
26029,8.0
26030,8.0
26031,8.0
26032,8.0
26033,8.0
26034,8.0
26035,8.0
26036,8.0
26037,8.0
26038,8.0
26039,8.0
26040,8.0
26041,8.0
26042,8.0
26043,8.0
26044,8.0
26045,8.0
26046,8.0
26047,8.0
26048,8.0
26049,8.0
26050,8.0
26051,8.0
26052,8.0
26053,8.0
26054,8.0
26055,8.0
26056,8.0
26057,8.0
26058,8.0
26059,8.0
26060,8.0
26061,8.0
26062,8.0
26063,8.0
26064,8.0
26065,8.0
26066,8.0
26067,8.0
26068,8.0
26069,9.0
26070,9.0
26071,9.0
26072,9.0
26073,9.0
26074,9.0
26075,9.0
26076,10.0
26077,10.0
26078,10.0
26079,10.0
26080,9.0
26081,9.0
26082,9.0
26083,9.0
26084,9.0
26085,9.0
26086,9.0
26087,9.0
26088,9.0
26089,9.0
26090,9.0
26091,9.0
26092,9.0
26093,9.0
26094,9.0
26095,9.0
26096,9.0
26097,9.0
26098,9.0
26099,9.0
26100,9.0
26101,9.0
26102,9.0
26103,9.0
26104,9.0
26105,9.0
26106,9.0
26107,9.0
26108,9.0
26109,9.0
26110,9.0
26111,9.0
26112,9.0
26113,9.0
26114,9.0
26115,9.0
26116,9.0
26117,9.0
26118,9.0
26119,9.0
26120,9.0
26121,9.0
26122,9.0
26123,9.0
26124,9.0
26125,9.0
26126,9.0
26127,9.0
26128,9.0
26129,9.0
26130,9.0
26131,9.0
26132,9.0
26133,9.0
26134,9.0
26135,9.0
26136,9.0
26137,9.0
26138,9.0
26139,9.0
26140,9.0
26141,9.0
26142,9.0
26143,9.0
26144,9.0
26145,9.0
26146,9.0
26147,9.0
26148,9.0
26149,9.0
26150,9.0
26151,9.0
26152,9.0
26153,9.0
26154,9.0
26155,9.0
26156,9.0
26157,9.0
26158,9.0
26159,9.0
26160,9.0
26161,9.0
26162,9.0
26163,9.0
26164,9.0
26165,9.0
26166,9.0
26167,9.0
26168,9.0
26169,9.0
26170,9.0
26171,9.0
26172,9.0
26173,9.0
26174,9.0
26175,9.0
26176,9.0
26177,9.0
26178,9.0
26179,9.0
26180,9.0
26181,9.0
26182,7.0
26183,7.0
26184,7.0
26185,7.0
26186,7.0
26187,7.0
26188,7.0
26189,7.0
26190,7.0
26191,7.0
26192,7.0
26193,7.0
26194,7.0
26195,7.0
26196,7.0
26197,7.0
26198,7.0
26199,7.0
26200,7.0
26201,7.0
26202,7.0
26203,7.0
26204,7.0
26205,7.0
26206,7.0
26207,7.0
26208,7.0
26209,7.0
26210,7.0
26211,7.0
26212,7.0
26213,7.0
26214,7.0
26215,7.0
26216,7.0
26217,7.0
26218,7.0
26219,7.0
26220,7.0
26221,7.0
26222,7.0
26223,6.0
26224,6.0
26225,6.0
26226,6.0
26227,6.0
26228,6.0
26229,6.0
26230,6.0
26231,6.0
26232,6.0
26233,6.0
26234,6.0
26235,6.0
26236,6.0
26237,6.0
26238,6.0
26239,6.0
26240,6.0
26241,6.0
26242,6.0
26243,6.0
26244,6.0
26245,6.0
26246,6.0
26247,6.0
26248,6.0
26249,6.0
26250,6.0
26251,6.0
26252,6.0
26253,6.0
26254,6.0
26255,6.0
26256,6.0
26257,6.0
26258,6.0
26259,6.0
26260,6.0
26261,6.0
26262,6.0
26263,6.0
26264,6.0
26265,6.0
26266,6.0
26267,6.0
26268,6.0
26269,6.0
26270,6.0
26271,6.0
26272,6.0
26273,6.0
26274,6.0
26275,7.0
26276,7.0
26277,7.0
26278,7.0
26279,7.0
26280,7.0
26281,7.0
26282,7.0
26283,7.0
26284,7.0
26285,7.0
26286,7.0
26287,7.0
26288,7.0
26289,7.0
26290,7.0
26291,7.0
26292,7.0
26293,8.0
26294,8.0
26295,8.0
26296,8.0
26297,8.0
26298,8.0
26299,8.0
26300,8.0
26301,8.0
26302,8.0
26303,8.0
26304,8.0
26305,8.0
26306,8.0
26307,8.0
26308,8.0
26309,8.0
26310,8.0
26311,8.0
26312,8.0
26313,8.0
26314,8.0
26315,8.0
26316,8.0
26317,8.0
26318,8.0
26319,8.0
26320,8.0
26321,8.0
26322,5.0
26323,5.0
26324,5.0
26325,5.0
26326,5.0
26327,5.0
26328,5.0
26329,5.0
26330,5.0
26331,5.0
26332,5.0
26333,5.0
26334,5.0
26335,5.0
26336,5.0
26337,5.0
26338,5.0
26339,5.0
26340,5.0
26341,5.0
26342,5.0
26343,5.0
26344,5.0
26345,5.0
26346,6.0
26347,6.0
26348,6.0
26349,6.0
26350,6.0
26351,6.0
26352,6.0
26353,6.0
26354,6.0
26355,6.0
26356,6.0
26357,6.0
26358,6.0
26359,6.0
26360,6.0
26361,6.0
26362,6.0
26363,6.0
26364,6.0
26365,6.0
26366,6.0
26367,6.0
26368,6.0
26369,6.0
26370,6.0
26371,6.0
26372,6.0
26373,6.0
26374,6.0
26375,6.0
26376,6.0
26377,6.0
26378,6.0
26379,6.0
26380,5.0
26381,5.0
26382,5.0
26383,5.0
26384,5.0
26385,5.0
26386,5.0
26387,5.0
26388,5.0
26389,5.0
26390,5.0
26391,5.0
26392,5.0
26393,5.0
26394,5.0
26395,5.0
26396,5.0
26397,5.0
26398,5.0
26399,5.0
26400,5.0
26401,5.0
26402,5.0
26403,5.0
26404,5.0
26405,5.0
26406,5.0
26407,5.0
26408,5.0
26409,5.0
26410,5.0
26411,5.0
26412,5.0
26413,5.0
26414,5.0
26415,5.0
26416,5.0
26417,5.0
26418,5.0
26419,5.0
26420,5.0
26421,5.0
26422,5.0
26423,5.0
26424,5.0
26425,5.0
26426,5.0
26427,5.0
26428,5.0
26429,5.0
26430,5.0
26431,5.0
26432,5.0
26433,6.0
26434,6.0
26435,6.0
26436,6.0
26437,6.0
26438,6.0
26439,6.0
26440,6.0
26441,6.0
26442,6.0
26443,6.0
26444,6.0
26445,6.0
26446,6.0
26447,6.0
26448,6.0
26449,6.0
26450,6.0
26451,6.0
26452,6.0
26453,6.0
26454,6.0
26455,6.0
26456,6.0
26457,6.0
26458,6.0
26459,6.0
26460,6.0
26461,6.0
26462,6.0
26463,6.0
26464,7.0
26465,7.0
26466,7.0
26467,7.0
26468,7.0
26469,7.0
26470,7.0
26471,7.0
26472,6.0
26473,6.0
26474,6.0
26475,6.0
26476,6.0
26477,6.0
26478,6.0
26479,6.0
26480,6.0
26481,6.0
26482,6.0
26483,6.0
26484,6.0
26485,6.0
26486,6.0
26487,6.0
26488,6.0
26489,6.0
26490,6.0
26491,6.0
26492,6.0
26493,6.0
26494,6.0
26495,6.0
26496,6.0
26497,6.0
26498,6.0
26499,6.0
26500,6.0
26501,6.0
26502,6.0
26503,6.0
26504,6.0
26505,6.0
26506,6.0
26507,6.0
26508,6.0
26509,6.0
26510,6.0
26511,6.0
26512,6.0
26513,6.0
26514,6.0
26515,6.0
26516,6.0
26517,6.0
26518,6.0
26519,6.0
26520,6.0
26521,6.0
26522,6.0
26523,6.0
26524,6.0
26525,6.0
26526,6.0
26527,6.0
26528,6.0
26529,6.0
26530,6.0
26531,6.0
26532,6.0
26533,6.0
26534,6.0
26535,6.0
26536,6.0
26537,6.0
26538,6.0
26539,6.0
26540,6.0
26541,6.0
26542,6.0
26543,6.0
26544,6.0
26545,6.0
26546,6.0
26547,6.0
26548,6.0
26549,6.0
26550,6.0
26551,6.0
26552,6.0
26553,6.0
26554,6.0
26555,6.0
26556,6.0
26557,6.0
26558,6.0
26559,6.0
26560,6.0
26561,6.0
26562,6.0
26563,6.0
26564,6.0
26565,6.0
26566,6.0
26567,6.0
26568,6.0
26569,6.0
26570,6.0
26571,6.0
26572,6.0
26573,6.0
26574,6.0
26575,6.0
26576,6.0
26577,6.0
26578,6.0
26579,6.0
26580,6.0
26581,6.0
26582,6.0
26583,6.0
26584,6.0
26585,6.0
26586,6.0
26587,6.0
26588,6.0
26589,6.0
26590,6.0
26591,6.0
26592,6.0
26593,6.0
26594,6.0
26595,6.0
26596,6.0
26597,6.0
26598,6.0
26599,6.0
26600,6.0
26601,6.0
26602,6.0
26603,6.0
26604,6.0
26605,6.0
26606,6.0
26607,6.0
26608,6.0
26609,6.0
26610,6.0
26611,6.0
26612,6.0
26613,6.0
26614,6.0
26615,6.0
26616,6.0
26617,6.0
26618,6.0
26619,6.0
26620,6.0
26621,6.0
26622,6.0
26623,6.0
26624,6.0
26625,6.0
26626,6.0
26627,6.0
26628,6.0
26629,6.0
26630,6.0
26631,6.0
26632,6.0
26633,6.0
26634,6.0
26635,6.0
26636,6.0
26637,6.0
26638,6.0
26639,6.0
26640,6.0
26641,6.0
26642,6.0
26643,6.0
26644,6.0
26645,6.0
26646,6.0
26647,6.0
26648,6.0
26649,6.0
26650,6.0
26651,6.0
26652,6.0
26653,6.0
26654,6.0
26655,6.0
26656,6.0
26657,6.0
26658,6.0
26659,6.0
26660,6.0
26661,6.0
26662,6.0
26663,6.0
26664,6.0
26665,6.0
26666,6.0
26667,6.0
26668,6.0
26669,6.0
26670,6.0
26671,6.0
26672,6.0
26673,6.0
26674,6.0
26675,6.0
26676,6.0
26677,6.0
26678,6.0
26679,6.0
26680,6.0
26681,6.0
26682,6.0
26683,6.0
26684,6.0
26685,6.0
26686,6.0
26687,6.0
26688,7.0
26689,7.0
26690,7.0
26691,7.0
26692,7.0
26693,7.0
26694,7.0
26695,7.0
26696,7.0
26697,7.0
26698,7.0
26699,7.0
26700,7.0
26701,7.0
26702,7.0
26703,7.0
26704,7.0
26705,7.0
26706,7.0
26707,7.0
26708,7.0
26709,7.0
26710,7.0
26711,7.0
26712,7.0
26713,7.0
26714,7.0
26715,7.0
26716,7.0
26717,7.0
26718,7.0
26719,7.0
26720,7.0
26721,7.0
26722,7.0
26723,7.0
26724,7.0
26725,7.0
26726,7.0
26727,7.0
26728,7.0
26729,7.0
26730,7.0
26731,7.0
26732,7.0
26733,7.0
26734,7.0
26735,7.0
26736,7.0
26737,7.0
26738,7.0
26739,7.0
26740,7.0
26741,7.0
26742,7.0
26743,7.0
26744,7.0
26745,7.0
26746,7.0
26747,7.0
26748,7.0
26749,6.0
26750,6.0
26751,6.0
26752,6.0
26753,6.0
26754,6.0
26755,6.0
26756,6.0
26757,6.0
26758,6.0
26759,6.0
26760,6.0
26761,6.0
26762,6.0
26763,6.0
26764,6.0
26765,6.0
26766,6.0
26767,6.0
26768,6.0
26769,6.0
26770,6.0
26771,6.0
26772,6.0
26773,6.0
26774,6.0
26775,6.0
26776,6.0
26777,6.0
26778,6.0
26779,6.0
26780,6.0
26781,6.0
26782,6.0
26783,6.0
26784,6.0
26785,6.0
26786,6.0
26787,6.0
26788,6.0
26789,6.0
26790,6.0
26791,6.0
26792,6.0
26793,6.0
26794,6.0
26795,6.0
26796,6.0
26797,6.0
26798,6.0
26799,6.0
26800,6.0
26801,6.0
26802,6.0
26803,6.0
26804,6.0
26805,6.0
26806,6.0
26807,6.0
26808,6.0
26809,6.0
26810,6.0
26811,6.0
26812,6.0
26813,6.0
26814,6.0
26815,6.0
26816,6.0
26817,6.0
26818,6.0
26819,6.0
26820,6.0
26821,6.0
26822,6.0
26823,6.0
26824,6.0
26825,6.0
26826,6.0
26827,6.0
26828,6.0
26829,6.0
26830,6.0
26831,6.0
26832,6.0
26833,6.0
26834,6.0
26835,6.0
26836,6.0
26837,6.0
26838,6.0
26839,6.0
26840,6.0
26841,6.0
26842,6.0
26843,6.0
26844,6.0
26845,6.0
26846,6.0
26847,6.0
26848,6.0
26849,6.0
26850,6.0
26851,6.0
26852,6.0
26853,6.0
26854,6.0
26855,6.0
26856,6.0
26857,6.0
26858,6.0
26859,6.0
26860,6.0
26861,6.0
26862,6.0
26863,6.0
26864,6.0
26865,6.0
26866,6.0
26867,6.0
26868,6.0
26869,6.0
26870,6.0
26871,6.0
26872,6.0
26873,6.0
26874,6.0
26875,6.0
26876,6.0
26877,6.0
26878,7.0
26879,7.0
26880,7.0
26881,7.0
26882,7.0
26883,7.0
26884,7.0
26885,7.0
26886,7.0
26887,7.0
26888,7.0
26889,8.0
26890,8.0
26891,8.0
26892,8.0
26893,8.0
26894,8.0
26895,8.0
26896,8.0
26897,8.0
26898,8.0
26899,8.0
26900,8.0
26901,8.0
26902,7.0
26903,7.0
26904,7.0
26905,7.0
26906,7.0
26907,7.0
26908,7.0
26909,7.0
26910,6.0
26911,6.0
26912,6.0
26913,6.0
26914,6.0
26915,6.0
26916,6.0
26917,6.0
26918,6.0
26919,6.0
26920,6.0
26921,6.0
26922,6.0
26923,6.0
26924,6.0
26925,6.0
26926,6.0
26927,6.0
26928,6.0
26929,6.0
26930,6.0
26931,6.0
26932,6.0
26933,6.0
26934,6.0
26935,6.0
26936,6.0
26937,6.0
26938,6.0
26939,6.0
26940,6.0
26941,6.0
26942,6.0
26943,6.0
26944,6.0
26945,6.0
26946,6.0
26947,6.0
26948,6.0
26949,6.0
26950,6.0
26951,6.0
26952,6.0
26953,6.0
26954,6.0
26955,6.0
26956,6.0
26957,6.0
26958,6.0
26959,6.0
26960,6.0
26961,6.0
26962,6.0
26963,6.0
26964,6.0
26965,6.0
26966,6.0
26967,6.0
26968,6.0
26969,6.0
26970,6.0
26971,6.0
26972,6.0
26973,6.0
26974,6.0
26975,6.0
26976,6.0
26977,6.0
26978,6.0
26979,6.0
26980,6.0
26981,6.0
26982,6.0
26983,6.0
26984,6.0
26985,6.0
26986,6.0
26987,6.0
26988,6.0
26989,6.0
26990,6.0
26991,6.0
26992,6.0
26993,6.0
26994,6.0
26995,6.0
26996,6.0
26997,6.0
26998,6.0
26999,6.0
27000,6.0
27001,6.0
27002,6.0
27003,6.0
27004,6.0
27005,6.0
27006,6.0
27007,6.0
27008,6.0
27009,6.0
27010,6.0
27011,6.0
27012,6.0
27013,6.0
27014,6.0
27015,6.0
27016,6.0
27017,6.0
27018,6.0
27019,6.0
27020,6.0
27021,6.0
27022,6.0
27023,6.0
27024,6.0
27025,6.0
27026,6.0
27027,6.0
27028,6.0
27029,6.0
27030,6.0
27031,6.0
27032,6.0
27033,6.0
27034,6.0
27035,6.0
27036,6.0
27037,6.0
27038,6.0
27039,6.0
27040,6.0
27041,6.0
27042,6.0
27043,6.0
27044,6.0
27045,6.0
27046,6.0
27047,6.0
27048,6.0
27049,6.0
27050,6.0
27051,6.0
27052,6.0
27053,6.0
27054,6.0
27055,6.0
27056,6.0
27057,6.0
27058,6.0
27059,6.0
27060,5.0
27061,5.0
27062,5.0
27063,5.0
27064,5.0
27065,5.0
27066,5.0
27067,5.0
27068,5.0
27069,5.0
27070,5.0
27071,5.0
27072,5.0
27073,5.0
27074,5.0
27075,5.0
27076,5.0
27077,5.0
27078,5.0
27079,5.0
27080,5.0
27081,5.0
27082,5.0
27083,5.0
27084,5.0
27085,5.0
27086,5.0
27087,5.0
27088,5.0
27089,5.0
27090,5.0
27091,5.0
27092,5.0
27093,5.0
27094,5.0
27095,5.0
27096,5.0
27097,5.0
27098,5.0
27099,5.0
27100,5.0
27101,5.0
27102,5.0
27103,5.0
27104,5.0
27105,5.0
27106,5.0
27107,5.0
27108,5.0
27109,5.0
27110,5.0
27111,5.0
27112,5.0
27113,5.0
27114,5.0
27115,5.0
27116,5.0
27117,5.0
27118,5.0
27119,5.0
27120,5.0
27121,5.0
27122,5.0
27123,5.0
27124,5.0
27125,5.0
27126,5.0
27127,5.0
27128,5.0
27129,5.0
27130,5.0
27131,5.0
27132,5.0
27133,5.0
27134,5.0
27135,5.0
27136,5.0
27137,5.0
27138,5.0
27139,5.0
27140,5.0
27141,5.0
27142,5.0
27143,5.0
27144,5.0
27145,5.0
27146,5.0
27147,5.0
27148,5.0
27149,5.0
27150,5.0
27151,5.0
27152,5.0
27153,5.0
27154,5.0
27155,5.0
27156,5.0
27157,5.0
27158,5.0
27159,5.0
27160,5.0
27161,5.0
27162,5.0
27163,5.0
27164,5.0
27165,5.0
27166,5.0
27167,5.0
27168,5.0
27169,5.0
27170,5.0
27171,5.0
27172,5.0
27173,5.0
27174,5.0
27175,5.0
27176,5.0
27177,5.0
27178,5.0
27179,5.0
27180,5.0
27181,5.0
27182,5.0
27183,5.0
27184,5.0
27185,5.0
27186,5.0
27187,5.0
27188,5.0
27189,5.0
27190,5.0
27191,5.0
27192,5.0
27193,5.0
27194,5.0
27195,5.0
27196,5.0
27197,5.0
27198,5.0
27199,5.0
27200,5.0
27201,5.0
27202,5.0
27203,5.0
27204,5.0
27205,5.0
27206,5.0
27207,5.0
27208,5.0
27209,5.0
27210,5.0
27211,5.0
27212,5.0
27213,5.0
27214,5.0
27215,5.0
27216,5.0
27217,5.0
27218,5.0
27219,5.0
27220,5.0
27221,5.0
27222,5.0
27223,5.0
27224,5.0
27225,5.0
27226,5.0
27227,5.0
27228,5.0
27229,5.0
27230,5.0
27231,5.0
27232,5.0
27233,5.0
27234,5.0
27235,5.0
27236,5.0
27237,5.0
27238,5.0
27239,5.0
27240,5.0
27241,5.0
27242,5.0
27243,5.0
27244,5.0
27245,5.0
27246,5.0
27247,5.0
27248,5.0
27249,5.0
27250,5.0
27251,5.0
27252,5.0
27253,5.0
27254,5.0
27255,5.0
27256,5.0
27257,5.0
27258,5.0
27259,5.0
27260,5.0
27261,5.0
27262,5.0
27263,5.0
27264,5.0
27265,5.0
27266,5.0
27267,5.0
27268,5.0
27269,5.0
27270,5.0
27271,5.0
27272,5.0
27273,5.0
27274,5.0
27275,5.0
27276,5.0
27277,5.0
27278,5.0
27279,5.0
27280,5.0
27281,5.0
27282,5.0
27283,5.0
27284,5.0
27285,5.0
27286,5.0
27287,5.0
27288,5.0
27289,5.0
27290,5.0
27291,5.0
27292,5.0
27293,5.0
27294,5.0
27295,5.0
27296,5.0
27297,5.0
27298,5.0
27299,5.0
27300,5.0
27301,5.0
27302,5.0
27303,5.0
27304,5.0
27305,5.0
27306,5.0
27307,5.0
27308,5.0
27309,5.0
27310,5.0
27311,5.0
27312,5.0
27313,5.0
27314,5.0
27315,5.0
27316,5.0
27317,5.0
27318,5.0
27319,5.0
27320,5.0
27321,5.0
27322,5.0
27323,5.0
27324,5.0
27325,5.0
27326,5.0
27327,5.0
27328,5.0
27329,5.0
27330,5.0
27331,5.0
27332,5.0
27333,5.0
27334,5.0
27335,5.0
27336,5.0
27337,5.0
27338,5.0
27339,6.0
27340,6.0
27341,6.0
27342,6.0
27343,6.0
27344,6.0
27345,6.0
27346,6.0
27347,6.0
27348,6.0
27349,6.0
27350,6.0
27351,6.0
27352,6.0
27353,6.0
27354,6.0
27355,6.0
27356,6.0
27357,6.0
27358,6.0
27359,6.0
27360,6.0
27361,6.0
27362,6.0
27363,6.0
27364,6.0
27365,6.0
27366,6.0
27367,6.0
27368,6.0
27369,6.0
27370,6.0
27371,6.0
27372,6.0
27373,6.0
27374,6.0
27375,6.0
27376,6.0
27377,6.0
27378,6.0
27379,6.0
27380,6.0
27381,6.0
27382,6.0
27383,6.0
27384,6.0
27385,6.0
27386,6.0
27387,6.0
27388,6.0
27389,6.0
27390,6.0
27391,6.0
27392,6.0
27393,6.0
27394,6.0
27395,6.0
27396,6.0
27397,6.0
27398,6.0
27399,6.0
27400,6.0
27401,6.0
27402,6.0
27403,6.0
27404,6.0
27405,6.0
27406,6.0
27407,6.0
27408,6.0
27409,6.0
27410,6.0
27411,6.0
27412,6.0
27413,6.0
27414,6.0
27415,6.0
27416,6.0
27417,6.0
27418,6.0
27419,6.0
27420,6.0
27421,6.0
27422,6.0
27423,6.0
27424,6.0
27425,6.0
27426,6.0
27427,6.0
27428,6.0
27429,6.0
27430,6.0
27431,6.0
27432,6.0
27433,6.0
27434,6.0
27435,6.0
27436,6.0
27437,6.0
27438,6.0
27439,6.0
27440,6.0
27441,6.0
27442,6.0
27443,6.0
27444,6.0
27445,6.0
27446,6.0
27447,6.0
27448,6.0
27449,6.0
27450,6.0
27451,6.0
27452,6.0
27453,6.0
27454,6.0
27455,6.0
27456,6.0
27457,6.0
27458,6.0
27459,6.0
27460,6.0
27461,6.0
27462,6.0
27463,6.0
27464,6.0
27465,6.0
27466,6.0
27467,6.0
27468,6.0
27469,6.0
27470,6.0
27471,6.0
27472,6.0
27473,6.0
27474,6.0
27475,6.0
27476,6.0
27477,6.0
27478,6.0
27479,6.0
27480,6.0
27481,6.0
27482,6.0
27483,6.0
27484,5.0
27485,5.0
27486,5.0
27487,5.0
27488,5.0
27489,5.0
27490,5.0
27491,5.0
27492,5.0
27493,5.0
27494,5.0
27495,5.0
27496,5.0
27497,5.0
27498,5.0
27499,5.0
27500,5.0
27501,5.0
27502,5.0
27503,5.0
27504,5.0
27505,5.0
27506,5.0
27507,5.0
27508,5.0
27509,5.0
27510,5.0
27511,5.0
27512,5.0
27513,5.0
27514,5.0
27515,5.0
27516,5.0
27517,5.0
27518,5.0
27519,5.0
27520,5.0
27521,5.0
27522,5.0
27523,5.0
27524,5.0
27525,5.0
27526,5.0
27527,5.0
27528,5.0
27529,5.0
27530,5.0
27531,5.0
27532,5.0
27533,5.0
27534,5.0
27535,5.0
27536,5.0
27537,5.0
27538,5.0
27539,5.0
27540,5.0
27541,5.0
27542,5.0
27543,5.0
27544,5.0
27545,5.0
27546,5.0
27547,5.0
27548,5.0
27549,5.0
27550,5.0
27551,5.0
27552,5.0
27553,5.0
27554,5.0
27555,5.0
27556,5.0
27557,5.0
27558,5.0
27559,5.0
27560,5.0
27561,5.0
27562,5.0
27563,5.0
27564,5.0
27565,5.0
27566,5.0
27567,5.0
27568,5.0
27569,5.0
27570,5.0
27571,5.0
27572,5.0
27573,5.0
27574,5.0
27575,5.0
27576,5.0
27577,5.0
27578,5.0
27579,5.0
27580,5.0
27581,5.0
27582,5.0
27583,5.0
27584,5.0
27585,5.0
27586,5.0
27587,5.0
27588,5.0
27589,5.0
27590,5.0
27591,5.0
27592,5.0
27593,5.0
27594,5.0
27595,5.0
27596,6.0
27597,6.0
27598,6.0
27599,6.0
27600,6.0
27601,7.0
27602,7.0
27603,7.0
27604,7.0
27605,7.0
27606,7.0
27607,7.0
27608,7.0
27609,7.0
27610,7.0
27611,7.0
27612,7.0
27613,7.0
27614,7.0
27615,7.0
27616,7.0
27617,7.0
27618,7.0
27619,7.0
27620,7.0
27621,7.0
27622,7.0
27623,7.0
27624,7.0
27625,7.0
27626,7.0
27627,7.0
27628,7.0
27629,7.0
27630,7.0
27631,7.0
27632,7.0
27633,7.0
27634,7.0
27635,7.0
27636,7.0
27637,7.0
27638,7.0
27639,7.0
27640,7.0
27641,7.0
27642,7.0
27643,7.0
27644,7.0
27645,7.0
27646,7.0
27647,7.0
27648,7.0
27649,7.0
27650,7.0
27651,7.0
27652,7.0
27653,7.0
27654,7.0
27655,7.0
27656,7.0
27657,7.0
27658,7.0
27659,7.0
27660,7.0
27661,7.0
27662,7.0
27663,7.0
27664,7.0
27665,7.0
27666,7.0
27667,7.0
27668,7.0
27669,7.0
27670,7.0
27671,7.0
27672,7.0
27673,7.0
27674,7.0
27675,7.0
27676,7.0
27677,7.0
27678,7.0
27679,7.0
27680,7.0
27681,7.0
27682,7.0
27683,7.0
27684,7.0
27685,7.0
27686,7.0
27687,7.0
27688,7.0
27689,7.0
27690,7.0
27691,7.0
27692,7.0
27693,8.0
27694,8.0
27695,8.0
27696,8.0
27697,8.0
27698,8.0
27699,8.0
27700,8.0
27701,8.0
27702,8.0
27703,8.0
27704,8.0
27705,8.0
27706,8.0
27707,8.0
27708,8.0
27709,8.0
27710,8.0
27711,8.0
27712,8.0
27713,8.0
27714,8.0
27715,8.0
27716,8.0
27717,8.0
27718,8.0
27719,8.0
27720,8.0
27721,8.0
27722,8.0
27723,8.0
27724,8.0
27725,8.0
27726,8.0
27727,8.0
27728,8.0
27729,8.0
27730,8.0
27731,8.0
27732,8.0
27733,8.0
27734,8.0
27735,8.0
27736,8.0
27737,8.0
27738,8.0
27739,8.0
27740,8.0
27741,8.0
27742,8.0
27743,8.0
27744,8.0
27745,8.0
27746,8.0
27747,8.0
27748,8.0
27749,8.0
27750,8.0
27751,8.0
27752,8.0
27753,7.0
27754,7.0
27755,7.0
27756,7.0
27757,7.0
27758,7.0
27759,7.0
27760,7.0
27761,7.0
27762,7.0
27763,7.0
27764,5.0
27765,5.0
27766,5.0
27767,5.0
27768,5.0
27769,5.0
27770,5.0
27771,5.0
27772,5.0
27773,5.0
27774,5.0
27775,5.0
27776,5.0
27777,5.0
27778,5.0
27779,5.0
27780,5.0
27781,5.0
27782,5.0
27783,5.0
27784,5.0
27785,5.0
27786,5.0
27787,5.0
27788,5.0
27789,5.0
27790,5.0
27791,5.0
27792,5.0
27793,5.0
27794,5.0
27795,5.0
27796,5.0
27797,5.0
27798,5.0
27799,5.0
27800,5.0
27801,5.0
27802,5.0
27803,5.0
27804,5.0
27805,5.0
27806,5.0
27807,6.0
27808,6.0
27809,6.0
27810,6.0
27811,6.0
27812,6.0
27813,6.0
27814,6.0
27815,6.0
27816,6.0
27817,6.0
27818,6.0
27819,6.0
27820,6.0
27821,6.0
27822,6.0
27823,6.0
27824,6.0
27825,6.0
27826,6.0
27827,6.0
27828,6.0
27829,6.0
27830,6.0
27831,6.0
27832,6.0
27833,6.0
27834,6.0
27835,6.0
27836,6.0
27837,6.0
27838,6.0
27839,6.0
27840,6.0
27841,6.0
27842,6.0
27843,6.0
27844,6.0
27845,6.0
27846,6.0
27847,6.0
27848,6.0
27849,6.0
27850,6.0
27851,6.0
27852,6.0
27853,6.0
27854,6.0
27855,6.0
27856,6.0
27857,6.0
27858,6.0
27859,6.0
27860,6.0
27861,6.0
27862,6.0
27863,6.0
27864,6.0
27865,6.0
27866,6.0
27867,6.0
27868,6.0
27869,6.0
27870,6.0
27871,6.0
27872,6.0
27873,6.0
27874,6.0
27875,6.0
27876,6.0
27877,6.0
27878,6.0
27879,6.0
27880,6.0
27881,6.0
27882,6.0
27883,6.0
27884,6.0
27885,6.0
27886,6.0
27887,6.0
27888,6.0
27889,6.0
27890,6.0
27891,6.0
27892,6.0
27893,6.0
27894,6.0
27895,6.0
27896,6.0
27897,6.0
27898,6.0
27899,6.0
27900,6.0
27901,6.0
27902,6.0
27903,6.0
27904,6.0
27905,6.0
27906,6.0
27907,6.0
27908,6.0
27909,6.0
27910,6.0
27911,6.0
27912,6.0
27913,6.0
27914,6.0
27915,6.0
27916,6.0
27917,6.0
27918,6.0
27919,6.0
27920,6.0
27921,6.0
27922,6.0
27923,6.0
27924,6.0
27925,6.0
27926,6.0
27927,6.0
27928,6.0
27929,6.0
27930,6.0
27931,6.0
27932,6.0
27933,6.0
27934,6.0
27935,6.0
27936,6.0
27937,6.0
27938,6.0
27939,6.0
27940,6.0
27941,6.0
27942,6.0
27943,6.0
27944,6.0
27945,6.0
27946,6.0
27947,6.0
27948,6.0
27949,6.0
27950,6.0
27951,6.0
27952,6.0
27953,6.0
27954,6.0
27955,6.0
27956,6.0
27957,6.0
27958,6.0
27959,6.0
27960,6.0
27961,6.0
27962,6.0
27963,6.0
27964,6.0
27965,6.0
27966,6.0
27967,6.0
27968,6.0
27969,6.0
27970,6.0
27971,6.0
27972,6.0
27973,6.0
27974,6.0
27975,6.0
27976,6.0
27977,6.0
27978,6.0
27979,6.0
27980,6.0
27981,6.0
27982,6.0
27983,6.0
27984,6.0
27985,6.0
27986,6.0
27987,6.0
27988,6.0
27989,6.0
27990,6.0
27991,6.0
27992,6.0
27993,6.0
27994,6.0
27995,6.0
27996,6.0
27997,6.0
27998,6.0
27999,6.0
28000,6.0
28001,6.0
28002,6.0
28003,6.0
28004,6.0
28005,6.0
28006,6.0
28007,6.0
28008,6.0
28009,6.0
28010,6.0
28011,6.0
28012,6.0
28013,6.0
28014,6.0
28015,6.0
28016,6.0
28017,6.0
28018,6.0
28019,6.0
28020,6.0
28021,6.0
28022,6.0
28023,6.0
28024,6.0
28025,6.0
28026,6.0
28027,6.0
28028,6.0
28029,6.0
28030,6.0
28031,6.0
28032,6.0
28033,6.0
28034,6.0
28035,6.0
28036,6.0
28037,6.0
28038,6.0
28039,6.0
28040,6.0
28041,6.0
28042,6.0
28043,6.0
28044,6.0
28045,6.0
28046,6.0
28047,6.0
28048,6.0
28049,6.0
28050,6.0
28051,6.0
28052,6.0
28053,6.0
28054,6.0
28055,6.0
28056,6.0
28057,6.0
28058,6.0
28059,6.0
28060,6.0
28061,6.0
28062,6.0
28063,6.0
28064,6.0
28065,6.0
28066,6.0
28067,6.0
28068,6.0
28069,6.0
28070,6.0
28071,6.0
28072,6.0
28073,6.0
28074,6.0
28075,6.0
28076,6.0
28077,6.0
28078,6.0
28079,6.0
28080,6.0
28081,6.0
28082,6.0
28083,6.0
28084,6.0
28085,6.0
28086,6.0
28087,6.0
28088,6.0
28089,6.0
28090,6.0
28091,6.0
28092,6.0
28093,6.0
28094,6.0
28095,6.0
28096,6.0
28097,6.0
28098,6.0
28099,6.0
28100,6.0
28101,6.0
28102,6.0
28103,6.0
28104,6.0
28105,6.0
28106,6.0
28107,6.0
28108,6.0
28109,6.0
28110,6.0
28111,6.0
28112,6.0
28113,6.0
28114,6.0
28115,6.0
28116,6.0
28117,6.0
28118,6.0
28119,6.0
28120,6.0
28121,6.0
28122,6.0
28123,6.0
28124,6.0
28125,6.0
28126,6.0
28127,6.0
28128,6.0
28129,6.0
28130,6.0
28131,6.0
28132,6.0
28133,6.0
28134,6.0
28135,6.0
28136,6.0
28137,6.0
28138,6.0
28139,6.0
28140,6.0
28141,6.0
28142,6.0
28143,6.0
28144,6.0
28145,6.0
28146,6.0
28147,6.0
28148,6.0
28149,6.0
28150,6.0
28151,6.0
28152,6.0
28153,6.0
28154,6.0
28155,6.0
28156,6.0
28157,6.0
28158,6.0
28159,6.0
28160,6.0
28161,6.0
28162,6.0
28163,6.0
28164,6.0
28165,6.0
28166,6.0
28167,6.0
28168,6.0
28169,6.0
28170,6.0
28171,6.0
28172,6.0
28173,6.0
28174,6.0
28175,6.0
28176,6.0
28177,6.0
28178,6.0
28179,6.0
28180,6.0
28181,6.0
28182,6.0
28183,6.0
28184,6.0
28185,6.0
28186,6.0
28187,6.0
28188,6.0
28189,6.0
28190,6.0
28191,6.0
28192,6.0
28193,6.0
28194,6.0
28195,6.0
28196,6.0
28197,6.0
28198,6.0
28199,6.0
28200,6.0
28201,6.0
28202,6.0
28203,6.0
28204,6.0
28205,6.0
28206,6.0
28207,6.0
28208,6.0
28209,6.0
28210,6.0
28211,6.0
28212,6.0
28213,6.0
28214,6.0
28215,6.0
28216,6.0
28217,6.0
28218,6.0
28219,6.0
28220,6.0
28221,6.0
28222,6.0
28223,6.0
28224,6.0
28225,6.0
28226,6.0
28227,6.0
28228,6.0
28229,6.0
28230,6.0
28231,6.0
28232,6.0
28233,6.0
28234,6.0
28235,6.0
28236,6.0
28237,6.0
28238,6.0
28239,6.0
28240,6.0
28241,6.0
28242,6.0
28243,6.0
28244,6.0
28245,6.0
28246,6.0
28247,6.0
28248,6.0
28249,6.0
28250,6.0
28251,6.0
28252,6.0
28253,6.0
28254,6.0
28255,6.0
28256,6.0
28257,6.0
28258,6.0
28259,6.0
28260,6.0
28261,6.0
28262,6.0
28263,6.0
28264,6.0
28265,6.0
28266,6.0
28267,6.0
28268,6.0
28269,6.0
28270,6.0
28271,6.0
28272,6.0
28273,6.0
28274,6.0
28275,6.0
28276,6.0
28277,6.0
28278,6.0
28279,6.0
28280,6.0
28281,6.0
28282,6.0
28283,6.0
28284,6.0
28285,6.0
28286,6.0
28287,6.0
28288,6.0
28289,6.0
28290,6.0
28291,6.0
28292,6.0
28293,6.0
28294,6.0
28295,6.0
28296,6.0
28297,6.0
28298,6.0
28299,6.0
28300,6.0
28301,6.0
28302,6.0
28303,6.0
28304,6.0
28305,6.0
28306,6.0
28307,6.0
28308,6.0
28309,6.0
28310,6.0
28311,6.0
28312,6.0
28313,6.0
28314,6.0
28315,6.0
28316,6.0
28317,6.0
28318,6.0
28319,6.0
28320,6.0
28321,6.0
28322,6.0
28323,6.0
28324,6.0
28325,6.0
28326,6.0
28327,6.0
28328,6.0
28329,6.0
28330,6.0
28331,6.0
28332,6.0
28333,6.0
28334,6.0
28335,6.0
28336,6.0
28337,6.0
28338,6.0
28339,6.0
28340,6.0
28341,6.0
28342,6.0
28343,6.0
28344,6.0
28345,6.0
28346,6.0
28347,6.0
28348,6.0
28349,6.0
28350,6.0
28351,6.0
28352,6.0
28353,6.0
28354,6.0
28355,6.0
28356,6.0
28357,6.0
28358,6.0
28359,6.0
28360,6.0
28361,6.0
28362,6.0
28363,6.0
28364,6.0
28365,6.0
28366,6.0
28367,6.0
28368,6.0
28369,6.0
28370,6.0
28371,5.0
28372,5.0
28373,5.0
28374,5.0
28375,5.0
28376,5.0
28377,5.0
28378,5.0
28379,5.0
28380,5.0
28381,5.0
28382,5.0
28383,5.0
28384,5.0
28385,5.0
28386,5.0
28387,5.0
28388,5.0
28389,5.0
28390,5.0
28391,5.0
28392,5.0
28393,5.0
28394,5.0
28395,5.0
28396,6.0
28397,6.0
28398,6.0
28399,6.0
28400,6.0
28401,6.0
28402,6.0
28403,6.0
28404,6.0
28405,6.0
28406,6.0
28407,6.0
28408,6.0
28409,6.0
28410,6.0
28411,6.0
28412,6.0
28413,6.0
28414,6.0
28415,6.0
28416,6.0
28417,6.0
28418,6.0
28419,6.0
28420,6.0
28421,6.0
28422,6.0
28423,6.0
28424,6.0
28425,6.0
28426,6.0
28427,6.0
28428,6.0
28429,6.0
28430,6.0
28431,6.0
28432,6.0
28433,6.0
28434,6.0
28435,6.0
28436,6.0
28437,6.0
28438,6.0
28439,6.0
28440,6.0
28441,6.0
28442,6.0
28443,6.0
28444,6.0
28445,6.0
28446,6.0
28447,6.0
28448,6.0
28449,6.0
28450,6.0
28451,6.0
28452,6.0
28453,6.0
28454,6.0
28455,6.0
28456,6.0
28457,6.0
28458,6.0
28459,6.0
28460,6.0
28461,5.0
28462,5.0
28463,5.0
28464,5.0
28465,5.0
28466,5.0
28467,5.0
28468,5.0
28469,5.0
28470,5.0
28471,5.0
28472,5.0
28473,5.0
28474,5.0
28475,5.0
28476,5.0
28477,5.0
28478,5.0
28479,5.0
28480,5.0
28481,5.0
28482,5.0
28483,5.0
28484,5.0
28485,5.0
28486,5.0
28487,5.0
28488,5.0
28489,5.0
28490,5.0
28491,5.0
28492,5.0
28493,5.0
28494,5.0
28495,5.0
28496,5.0
28497,5.0
28498,5.0
28499,5.0
28500,5.0
28501,5.0
28502,5.0
28503,5.0
28504,5.0
28505,5.0
28506,5.0
28507,5.0
28508,5.0
28509,5.0
28510,5.0
28511,5.0
28512,5.0
28513,5.0
28514,5.0
28515,5.0
28516,5.0
28517,5.0
28518,5.0
28519,5.0
28520,5.0
28521,5.0
28522,5.0
28523,5.0
28524,5.0
28525,5.0
28526,5.0
28527,5.0
28528,5.0
28529,5.0
28530,5.0
28531,5.0
28532,5.0
28533,5.0
28534,5.0
28535,5.0
28536,5.0
28537,5.0
28538,5.0
28539,5.0
28540,5.0
28541,5.0
28542,5.0
28543,5.0
28544,5.0
28545,5.0
28546,5.0
28547,5.0
28548,5.0
28549,5.0
28550,5.0
28551,5.0
28552,5.0
28553,5.0
28554,5.0
28555,5.0
28556,5.0
28557,5.0
28558,5.0
28559,5.0
28560,5.0
28561,5.0
28562,5.0
28563,5.0
28564,5.0
28565,5.0
28566,5.0
28567,5.0
28568,5.0
28569,5.0
28570,5.0
28571,5.0
28572,5.0
28573,5.0
28574,5.0
28575,5.0
28576,5.0
28577,5.0
28578,5.0
28579,5.0
28580,5.0
28581,5.0
28582,5.0
28583,5.0
28584,5.0
28585,5.0
28586,5.0
28587,5.0
28588,5.0
28589,5.0
28590,5.0
28591,5.0
28592,5.0
28593,5.0
28594,5.0
28595,5.0
28596,5.0
28597,5.0
28598,5.0
28599,5.0
28600,5.0
28601,5.0
28602,5.0
28603,5.0
28604,5.0
28605,5.0
28606,5.0
28607,5.0
28608,5.0
28609,5.0
28610,5.0
28611,5.0
28612,5.0
28613,5.0
28614,5.0
28615,5.0
28616,5.0
28617,5.0
28618,5.0
28619,5.0
28620,5.0
28621,5.0
28622,5.0
28623,5.0
28624,5.0
28625,6.0
28626,6.0
28627,6.0
28628,6.0
28629,6.0
28630,6.0
28631,6.0
28632,6.0
28633,6.0
28634,6.0
28635,6.0
28636,6.0
28637,6.0
28638,6.0
28639,6.0
28640,6.0
28641,6.0
28642,6.0
28643,6.0
28644,6.0
28645,6.0
28646,6.0
28647,6.0
28648,6.0
28649,6.0
28650,6.0
28651,6.0
28652,6.0
28653,6.0
28654,6.0
28655,6.0
28656,6.0
28657,6.0
28658,6.0
28659,6.0
28660,6.0
28661,6.0
28662,6.0
28663,6.0
28664,6.0
28665,6.0
28666,6.0
28667,6.0
28668,6.0
28669,6.0
28670,6.0
28671,6.0
28672,6.0
28673,6.0
28674,6.0
28675,6.0
28676,6.0
28677,6.0
28678,6.0
28679,6.0
28680,6.0
28681,6.0
28682,6.0
28683,6.0
28684,6.0
28685,6.0
28686,6.0
28687,6.0
28688,6.0
28689,6.0
28690,6.0
28691,6.0
28692,6.0
28693,6.0
28694,6.0
28695,6.0
28696,6.0
28697,6.0
28698,6.0
28699,6.0
28700,6.0
28701,6.0
28702,6.0
28703,6.0
28704,6.0
28705,6.0
28706,6.0
28707,6.0
28708,6.0
28709,6.0
28710,6.0
28711,6.0
28712,6.0
28713,6.0
28714,6.0
28715,6.0
28716,6.0
28717,6.0
28718,6.0
28719,6.0
28720,6.0
28721,6.0
28722,6.0
28723,6.0
28724,6.0
28725,6.0
28726,6.0
28727,6.0
28728,6.0
28729,6.0
28730,6.0
28731,6.0
28732,6.0
28733,6.0
28734,6.0
28735,6.0
28736,6.0
28737,6.0
28738,6.0
28739,6.0
28740,6.0
28741,6.0
28742,6.0
28743,6.0
28744,6.0
28745,6.0
28746,6.0
28747,6.0
28748,6.0
28749,6.0
28750,6.0
28751,6.0
28752,6.0
28753,6.0
28754,6.0
28755,6.0
28756,6.0
28757,6.0
28758,6.0
28759,6.0
28760,6.0
28761,6.0
28762,6.0
28763,6.0
28764,6.0
28765,5.0
28766,5.0
28767,5.0
28768,5.0
28769,5.0
28770,5.0
28771,5.0
28772,5.0
28773,5.0
28774,5.0
28775,5.0
28776,5.0
28777,5.0
28778,5.0
28779,5.0
28780,5.0
28781,5.0
28782,5.0
28783,5.0
28784,5.0
28785,5.0
28786,5.0
28787,5.0
28788,5.0
28789,5.0
28790,5.0
28791,5.0
28792,5.0
28793,5.0
28794,5.0
28795,5.0
28796,5.0
28797,5.0
28798,5.0
28799,5.0
28800,5.0
28801,5.0
28802,5.0
28803,5.0
28804,5.0
28805,5.0
28806,5.0
28807,5.0
28808,5.0
28809,5.0
28810,5.0
28811,5.0
28812,5.0
28813,5.0
28814,5.0
28815,5.0
28816,5.0
28817,5.0
28818,5.0
28819,5.0
28820,5.0
28821,5.0
28822,5.0
28823,5.0
28824,5.0
28825,5.0
28826,5.0
28827,5.0
28828,5.0
28829,5.0
28830,5.0
28831,5.0
28832,5.0
28833,5.0
28834,5.0
28835,5.0
28836,5.0
28837,5.0
28838,5.0
28839,5.0
28840,5.0
28841,5.0
28842,5.0
28843,5.0
28844,5.0
28845,5.0
28846,5.0
28847,5.0
28848,5.0
28849,5.0
28850,5.0
28851,5.0
28852,5.0
28853,5.0
28854,5.0
28855,5.0
28856,5.0
28857,5.0
28858,5.0
28859,5.0
28860,5.0
28861,5.0
28862,5.0
28863,5.0
28864,5.0
28865,5.0
28866,5.0
28867,5.0
28868,5.0
28869,5.0
28870,5.0
28871,5.0
28872,5.0
28873,5.0
28874,5.0
28875,5.0
28876,5.0
28877,5.0
28878,5.0
28879,5.0
28880,5.0
28881,5.0
28882,5.0
28883,5.0
28884,5.0
28885,5.0
28886,5.0
28887,5.0
28888,5.0
28889,5.0
28890,5.0
28891,5.0
28892,5.0
28893,5.0
28894,5.0
28895,5.0
28896,5.0
28897,5.0
28898,5.0
28899,5.0
28900,5.0
28901,5.0
28902,5.0
28903,5.0
28904,5.0
28905,5.0
28906,5.0
28907,5.0
28908,5.0
28909,5.0
28910,5.0
28911,5.0
28912,5.0
28913,5.0
28914,5.0
28915,5.0
28916,5.0
28917,5.0
28918,5.0
28919,5.0
28920,5.0
28921,5.0
28922,5.0
28923,5.0
28924,5.0
28925,5.0
28926,5.0
28927,5.0
28928,5.0
28929,5.0
28930,5.0
28931,5.0
28932,5.0
28933,5.0
28934,5.0
28935,5.0
28936,5.0
28937,5.0
28938,5.0
28939,5.0
28940,5.0
28941,5.0
28942,5.0
28943,5.0
28944,5.0
28945,5.0
28946,5.0
28947,5.0
28948,5.0
28949,5.0
28950,5.0
28951,5.0
28952,5.0
28953,5.0
28954,5.0
28955,5.0
28956,5.0
28957,5.0
28958,5.0
28959,5.0
28960,5.0
28961,5.0
28962,5.0
28963,5.0
28964,5.0
28965,5.0
28966,5.0
28967,5.0
28968,5.0
28969,5.0
28970,5.0
28971,6.0
28972,6.0
28973,6.0
28974,6.0
28975,6.0
28976,6.0
28977,6.0
28978,6.0
28979,6.0
28980,6.0
28981,6.0
28982,6.0
28983,6.0
28984,6.0
28985,6.0
28986,6.0
28987,6.0
28988,6.0
28989,6.0
28990,6.0
28991,6.0
28992,6.0
28993,6.0
28994,6.0
28995,6.0
28996,6.0
28997,6.0
28998,6.0
28999,6.0
29000,6.0
29001,6.0
29002,6.0
29003,6.0
29004,6.0
29005,6.0
29006,6.0
29007,6.0
29008,6.0
29009,6.0
29010,6.0
29011,6.0
29012,6.0
29013,6.0
29014,6.0
29015,6.0
29016,6.0
29017,6.0
29018,6.0
29019,6.0
29020,6.0
29021,6.0
29022,6.0
29023,7.0
29024,7.0
29025,7.0
29026,7.0
29027,7.0
29028,7.0
29029,7.0
29030,7.0
29031,7.0
29032,7.0
29033,7.0
29034,7.0
29035,7.0
29036,7.0
29037,7.0
29038,7.0
29039,7.0
29040,7.0
29041,7.0
29042,7.0
29043,7.0
29044,7.0
29045,7.0
29046,7.0
29047,7.0
29048,7.0
29049,7.0
29050,7.0
29051,7.0
29052,7.0
29053,7.0
29054,7.0
29055,7.0
29056,7.0
29057,7.0
29058,7.0
29059,7.0
29060,7.0
29061,7.0
29062,7.0
29063,7.0
29064,7.0
29065,7.0
29066,7.0
29067,7.0
29068,7.0
29069,7.0
29070,7.0
29071,7.0
29072,7.0
29073,7.0
29074,7.0
29075,7.0
29076,7.0
29077,7.0
29078,7.0
29079,7.0
29080,7.0
29081,7.0
29082,7.0
29083,7.0
29084,7.0
29085,7.0
29086,7.0
29087,7.0
29088,7.0
29089,7.0
29090,7.0
29091,7.0
29092,7.0
29093,7.0
29094,7.0
29095,7.0
29096,7.0
29097,7.0
29098,7.0
29099,7.0
29100,7.0
29101,7.0
29102,7.0
29103,7.0
29104,7.0
29105,7.0
29106,7.0
29107,7.0
29108,7.0
29109,7.0
29110,7.0
29111,7.0
29112,7.0
29113,7.0
29114,7.0
29115,7.0
29116,7.0
29117,7.0
29118,7.0
29119,7.0
29120,7.0
29121,7.0
29122,7.0
29123,7.0
29124,7.0
29125,7.0
29126,7.0
29127,7.0
29128,7.0
29129,7.0
29130,7.0
29131,7.0
29132,7.0
29133,7.0
29134,7.0
29135,7.0
29136,7.0
29137,7.0
29138,7.0
29139,7.0
29140,7.0
29141,7.0
29142,7.0
29143,7.0
29144,7.0
29145,7.0
29146,7.0
29147,7.0
29148,7.0
29149,7.0
29150,7.0
29151,7.0
29152,7.0
29153,7.0
29154,7.0
29155,7.0
29156,7.0
29157,7.0
29158,6.0
29159,6.0
29160,6.0
29161,6.0
29162,6.0
29163,6.0
29164,6.0
29165,6.0
29166,6.0
29167,6.0
29168,6.0
29169,6.0
29170,6.0
29171,6.0
29172,7.0
29173,7.0
29174,8.0
29175,8.0
29176,8.0
29177,8.0
29178,8.0
29179,8.0
29180,8.0
29181,8.0
29182,8.0
29183,8.0
29184,8.0
29185,8.0
29186,8.0
29187,8.0
29188,8.0
29189,8.0
29190,8.0
29191,8.0
29192,8.0
29193,8.0
29194,8.0
29195,8.0
29196,8.0
29197,8.0
29198,8.0
29199,8.0
29200,8.0
29201,8.0
29202,8.0
29203,8.0
29204,8.0
29205,8.0
29206,8.0
29207,8.0
29208,8.0
29209,8.0
29210,8.0
29211,8.0
29212,8.0
29213,8.0
29214,8.0
29215,8.0
29216,8.0
29217,8.0
29218,8.0
29219,8.0
29220,8.0
29221,8.0
29222,8.0
29223,8.0
29224,8.0
29225,8.0
29226,8.0
29227,8.0
29228,8.0
29229,8.0
29230,8.0
29231,8.0
29232,8.0
29233,8.0
29234,8.0
29235,8.0
29236,8.0
29237,8.0
29238,8.0
29239,8.0
29240,8.0
29241,8.0
29242,8.0
29243,8.0
29244,8.0
29245,8.0
29246,8.0
29247,8.0
29248,8.0
29249,8.0
29250,8.0
29251,8.0
29252,8.0
29253,8.0
29254,8.0
29255,8.0
29256,8.0
29257,8.0
29258,8.0
29259,8.0
29260,8.0
29261,8.0
29262,8.0
29263,8.0
29264,8.0
29265,8.0
29266,8.0
29267,8.0
29268,9.0
29269,9.0
29270,9.0
29271,9.0
29272,9.0
29273,9.0
29274,9.0
29275,9.0
29276,9.0
29277,9.0
29278,9.0
29279,9.0
29280,9.0
29281,9.0
29282,9.0
29283,9.0
29284,9.0
29285,9.0
29286,9.0
29287,9.0
29288,9.0
29289,9.0
29290,9.0
29291,9.0
29292,9.0
29293,9.0
29294,9.0
29295,9.0
29296,9.0
29297,9.0
29298,9.0
29299,9.0
29300,9.0
29301,9.0
29302,9.0
29303,9.0
29304,9.0
29305,9.0
29306,9.0
29307,9.0
29308,9.0
29309,9.0
29310,9.0
29311,9.0
29312,9.0
29313,9.0
29314,9.0
29315,9.0
29316,9.0
29317,9.0
29318,9.0
29319,9.0
29320,9.0
29321,9.0
29322,9.0
29323,9.0
29324,9.0
29325,9.0
29326,9.0
29327,9.0
29328,9.0
29329,9.0
29330,9.0
29331,9.0
29332,9.0
29333,9.0
29334,9.0
29335,9.0
29336,9.0
29337,9.0
29338,9.0
29339,8.0
29340,8.0
29341,8.0
29342,8.0
29343,8.0
29344,8.0
29345,7.0
29346,7.0
29347,7.0
29348,7.0
29349,7.0
29350,7.0
29351,7.0
29352,7.0
29353,7.0
29354,7.0
29355,7.0
29356,7.0
29357,7.0
29358,7.0
29359,7.0
29360,7.0
29361,7.0
29362,7.0
29363,7.0
29364,7.0
29365,7.0
29366,7.0
29367,7.0
29368,7.0
29369,7.0
29370,7.0
29371,7.0
29372,7.0
29373,7.0
29374,7.0
29375,7.0
29376,7.0
29377,7.0
29378,7.0
29379,7.0
29380,7.0
29381,7.0
29382,7.0
29383,7.0
29384,7.0
29385,7.0
29386,7.0
29387,7.0
29388,7.0
29389,7.0
29390,7.0
29391,7.0
29392,7.0
29393,7.0
29394,7.0
29395,7.0
29396,7.0
29397,7.0
29398,7.0
29399,7.0
29400,7.0
29401,7.0
29402,7.0
29403,7.0
29404,7.0
29405,7.0
29406,7.0
29407,7.0
29408,7.0
29409,7.0
29410,7.0
29411,7.0
29412,7.0
29413,7.0
29414,7.0
29415,7.0
29416,7.0
29417,7.0
29418,7.0
29419,7.0
29420,7.0
29421,7.0
29422,7.0
29423,7.0
29424,7.0
29425,7.0
29426,7.0
29427,7.0
29428,6.0
29429,6.0
29430,6.0
29431,6.0
29432,7.0
29433,7.0
29434,7.0
29435,7.0
29436,7.0
29437,7.0
29438,7.0
29439,7.0
29440,7.0
29441,7.0
29442,7.0
29443,7.0
29444,8.0
29445,8.0
29446,8.0
29447,8.0
29448,8.0
29449,8.0
29450,8.0
29451,8.0
29452,8.0
29453,8.0
29454,8.0
29455,8.0
29456,8.0
29457,8.0
29458,8.0
29459,8.0
29460,8.0
29461,8.0
29462,8.0
29463,8.0
29464,8.0
29465,8.0
29466,8.0
29467,8.0
29468,8.0
29469,8.0
29470,8.0
29471,8.0
29472,8.0
29473,8.0
29474,8.0
29475,8.0
29476,8.0
29477,8.0
29478,8.0
29479,8.0
29480,8.0
29481,8.0
29482,8.0
29483,8.0
29484,8.0
29485,8.0
29486,8.0
29487,8.0
29488,8.0
29489,8.0
29490,8.0
29491,8.0
29492,8.0
29493,8.0
29494,8.0
29495,8.0
29496,8.0
29497,8.0
29498,8.0
29499,8.0
29500,8.0
29501,8.0
29502,8.0
29503,8.0
29504,8.0
29505,8.0
29506,8.0
29507,8.0
29508,8.0
29509,8.0
29510,8.0
29511,8.0
29512,8.0
29513,8.0
29514,8.0
29515,8.0
29516,8.0
29517,8.0
29518,8.0
29519,8.0
29520,8.0
29521,8.0
29522,8.0
29523,8.0
29524,8.0
29525,8.0
29526,8.0
29527,8.0
29528,8.0
29529,8.0
29530,8.0
29531,8.0
29532,8.0
29533,8.0
29534,8.0
29535,8.0
29536,8.0
29537,8.0
29538,8.0
29539,8.0
29540,8.0
29541,8.0
29542,8.0
29543,8.0
29544,8.0
29545,8.0
29546,8.0
29547,8.0
29548,8.0
29549,8.0
29550,8.0
29551,8.0
29552,8.0
29553,8.0
29554,8.0
29555,8.0
29556,8.0
29557,8.0
29558,8.0
29559,8.0
29560,8.0
29561,8.0
29562,8.0
29563,8.0
29564,8.0
29565,8.0
29566,8.0
29567,8.0
29568,8.0
29569,8.0
29570,8.0
29571,8.0
29572,8.0
29573,8.0
29574,8.0
29575,7.0
29576,7.0
29577,7.0
29578,7.0
29579,7.0
29580,7.0
29581,7.0
29582,7.0
29583,7.0
29584,7.0
29585,7.0
29586,7.0
29587,7.0
29588,7.0
29589,7.0
29590,7.0
29591,7.0
29592,7.0
29593,7.0
29594,7.0
29595,7.0
29596,7.0
29597,7.0
29598,7.0
29599,7.0
29600,7.0
29601,7.0
29602,7.0
29603,7.0
29604,7.0
29605,7.0
29606,7.0
29607,7.0
29608,7.0
29609,7.0
29610,7.0
29611,7.0
29612,7.0
29613,7.0
29614,7.0
29615,7.0
29616,7.0
29617,7.0
29618,7.0
29619,7.0
29620,7.0
29621,7.0
29622,7.0
29623,7.0
29624,7.0
29625,7.0
29626,7.0
29627,7.0
29628,7.0
29629,8.0
29630,8.0
29631,8.0
29632,8.0
29633,8.0
29634,8.0
29635,8.0
29636,8.0
29637,8.0
29638,8.0
29639,8.0
29640,8.0
29641,8.0
29642,8.0
29643,8.0
29644,8.0
29645,8.0
29646,8.0
29647,8.0
29648,8.0
29649,8.0
29650,8.0
29651,8.0
29652,8.0
29653,8.0
29654,8.0
29655,8.0
29656,8.0
29657,8.0
29658,8.0
29659,8.0
29660,8.0
29661,8.0
29662,8.0
29663,8.0
29664,8.0
29665,8.0
29666,8.0
29667,8.0
29668,8.0
29669,8.0
29670,8.0
29671,8.0
29672,8.0
29673,8.0
29674,8.0
29675,8.0
29676,8.0
29677,8.0
29678,8.0
29679,8.0
29680,8.0
29681,8.0
29682,8.0
29683,8.0
29684,8.0
29685,8.0
29686,8.0
29687,8.0
29688,8.0
29689,8.0
29690,8.0
29691,8.0
29692,8.0
29693,8.0
29694,8.0
29695,8.0
29696,8.0
29697,8.0
29698,8.0
29699,8.0
29700,8.0
29701,8.0
29702,8.0
29703,8.0
29704,8.0
29705,8.0
29706,8.0
29707,8.0
29708,8.0
29709,8.0
29710,8.0
29711,8.0
29712,8.0
29713,8.0
29714,8.0
29715,8.0
29716,8.0
29717,8.0
29718,8.0
29719,8.0
29720,8.0
29721,8.0
29722,8.0
29723,8.0
29724,8.0
29725,8.0
29726,8.0
29727,8.0
29728,8.0
29729,8.0
29730,8.0
29731,8.0
29732,8.0
29733,8.0
29734,8.0
29735,8.0
29736,8.0
29737,8.0
29738,8.0
29739,8.0
29740,8.0
29741,8.0
29742,8.0
29743,8.0
29744,8.0
29745,8.0
29746,8.0
29747,8.0
29748,8.0
29749,8.0
29750,8.0
29751,8.0
29752,8.0
29753,8.0
29754,8.0
29755,8.0
29756,8.0
29757,8.0
29758,8.0
29759,8.0
29760,8.0
29761,8.0
29762,8.0
29763,8.0
29764,8.0
29765,8.0
29766,8.0
29767,8.0
29768,8.0
29769,8.0
29770,8.0
29771,8.0
29772,8.0
29773,8.0
29774,8.0
29775,8.0
29776,8.0
29777,8.0
29778,8.0
29779,8.0
29780,8.0
29781,8.0
29782,8.0
29783,8.0
29784,8.0
29785,8.0
29786,8.0
29787,8.0
29788,8.0
29789,8.0
29790,8.0
29791,8.0
29792,8.0
29793,8.0
29794,8.0
29795,8.0
29796,8.0
29797,8.0
29798,8.0
29799,8.0
29800,8.0
29801,8.0
29802,8.0
29803,8.0
29804,8.0
29805,8.0
29806,8.0
29807,8.0
29808,8.0
29809,8.0
29810,8.0
29811,8.0
29812,8.0
29813,8.0
29814,8.0
29815,8.0
29816,8.0
29817,8.0
29818,8.0
29819,8.0
29820,8.0
29821,8.0
29822,8.0
29823,8.0
29824,8.0
29825,8.0
29826,8.0
29827,8.0
29828,8.0
29829,8.0
29830,8.0
29831,8.0
29832,8.0
29833,7.0
29834,7.0
29835,7.0
29836,7.0
29837,7.0
29838,7.0
29839,7.0
29840,7.0
29841,7.0
29842,7.0
29843,7.0
29844,7.0
29845,7.0
29846,7.0
29847,7.0
29848,7.0
29849,7.0
29850,7.0
29851,7.0
29852,7.0
29853,7.0
29854,7.0
29855,7.0
29856,7.0
29857,7.0
29858,7.0
29859,7.0
29860,7.0
29861,7.0
29862,7.0
29863,7.0
29864,7.0
29865,7.0
29866,7.0
29867,7.0
29868,7.0
29869,7.0
29870,7.0
29871,7.0
29872,7.0
29873,7.0
29874,7.0
29875,7.0
29876,7.0
29877,7.0
29878,7.0
29879,7.0
29880,7.0
29881,7.0
29882,7.0
29883,7.0
29884,7.0
29885,7.0
29886,7.0
29887,7.0
29888,7.0
29889,7.0
29890,7.0
29891,7.0
29892,7.0
29893,7.0
29894,7.0
29895,7.0
29896,7.0
29897,7.0
29898,7.0
29899,7.0
29900,7.0
29901,7.0
29902,7.0
29903,7.0
29904,7.0
29905,7.0
29906,7.0
29907,7.0
29908,7.0
29909,7.0
29910,7.0
29911,7.0
29912,7.0
29913,7.0
29914,7.0
29915,7.0
29916,7.0
29917,7.0
29918,7.0
29919,7.0
29920,7.0
29921,7.0
29922,7.0
29923,7.0
29924,7.0
29925,7.0
29926,7.0
29927,7.0
29928,7.0
29929,7.0
29930,7.0
29931,7.0
29932,7.0
29933,7.0
29934,7.0
29935,7.0
29936,7.0
29937,7.0
29938,7.0
29939,7.0
29940,7.0
29941,7.0
29942,7.0
29943,7.0
29944,7.0
29945,7.0
29946,7.0
29947,7.0
29948,7.0
29949,7.0
29950,7.0
29951,7.0
29952,7.0
29953,7.0
29954,7.0
29955,7.0
29956,7.0
29957,7.0
29958,7.0
29959,7.0
29960,7.0
29961,7.0
29962,7.0
29963,7.0
29964,7.0
29965,7.0
29966,7.0
29967,7.0
29968,7.0
29969,7.0
29970,7.0
29971,7.0
29972,7.0
29973,7.0
29974,7.0
29975,7.0
29976,7.0
29977,7.0
29978,7.0
29979,7.0
29980,7.0
29981,7.0
29982,7.0
29983,7.0
29984,7.0
29985,7.0
29986,7.0
29987,7.0
29988,7.0
29989,7.0
29990,7.0
29991,7.0
29992,7.0
29993,7.0
29994,7.0
29995,7.0
29996,7.0
29997,7.0
29998,7.0
29999,7.0
30000,7.0
30001,7.0
30002,7.0
30003,7.0
30004,7.0
30005,7.0
30006,7.0
30007,7.0
30008,7.0
30009,7.0
30010,7.0
30011,7.0
30012,7.0
30013,7.0
30014,7.0
30015,7.0
30016,7.0
30017,7.0
30018,7.0
30019,7.0
30020,7.0
30021,7.0
30022,7.0
30023,7.0
30024,7.0
30025,7.0
30026,7.0
30027,7.0
30028,7.0
30029,7.0
30030,7.0
30031,7.0
30032,7.0
30033,7.0
30034,7.0
30035,7.0
30036,7.0
30037,7.0
30038,7.0
30039,7.0
30040,7.0
30041,7.0
30042,7.0
30043,7.0
30044,7.0
30045,7.0
30046,7.0
30047,7.0
30048,7.0
30049,7.0
30050,7.0
30051,7.0
30052,7.0
30053,7.0
30054,7.0
30055,7.0
30056,7.0
30057,7.0
30058,7.0
30059,7.0
30060,7.0
30061,7.0
30062,7.0
30063,7.0
30064,7.0
30065,7.0
30066,7.0
30067,7.0
30068,7.0
30069,7.0
30070,7.0
30071,7.0
30072,7.0
30073,7.0
30074,7.0
30075,7.0
30076,7.0
30077,7.0
30078,7.0
30079,7.0
30080,7.0
30081,7.0
30082,7.0
30083,7.0
30084,7.0
30085,7.0
30086,7.0
30087,7.0
30088,7.0
30089,7.0
30090,7.0
30091,7.0
30092,7.0
30093,7.0
30094,7.0
30095,7.0
30096,6.0
30097,6.0
30098,6.0
30099,6.0
30100,6.0
30101,6.0
30102,6.0
30103,6.0
30104,6.0
30105,6.0
30106,6.0
30107,6.0
30108,6.0
30109,6.0
30110,6.0
30111,6.0
30112,6.0
30113,6.0
30114,6.0
30115,6.0
30116,6.0
30117,6.0
30118,6.0
30119,6.0
30120,6.0
30121,6.0
30122,6.0
30123,6.0
30124,6.0
30125,6.0
30126,6.0
30127,6.0
30128,6.0
30129,6.0
30130,6.0
30131,6.0
30132,6.0
30133,6.0
30134,6.0
30135,6.0
30136,6.0
30137,6.0
30138,6.0
30139,6.0
30140,6.0
30141,6.0
30142,6.0
30143,6.0
30144,6.0
30145,6.0
30146,6.0
30147,6.0
30148,6.0
30149,6.0
30150,6.0
30151,6.0
30152,6.0
30153,6.0
30154,6.0
30155,6.0
30156,6.0
30157,6.0
30158,6.0
30159,6.0
30160,6.0
30161,6.0
30162,6.0
30163,6.0
30164,6.0
30165,6.0
30166,6.0
30167,6.0
30168,6.0
30169,6.0
30170,6.0
30171,6.0
30172,6.0
30173,6.0
30174,6.0
30175,6.0
30176,6.0
30177,6.0
30178,6.0
30179,6.0
30180,6.0
30181,6.0
30182,6.0
30183,6.0
30184,6.0
30185,6.0
30186,6.0
30187,6.0
30188,6.0
30189,6.0
30190,6.0
30191,6.0
30192,6.0
30193,6.0
30194,6.0
30195,6.0
30196,6.0
30197,6.0
30198,6.0
30199,6.0
30200,6.0
30201,6.0
30202,6.0
30203,6.0
30204,6.0
30205,6.0
30206,6.0
30207,6.0
30208,6.0
30209,6.0
30210,6.0
30211,6.0
30212,6.0
30213,6.0
30214,6.0
30215,6.0
30216,6.0
30217,6.0
30218,6.0
30219,6.0
30220,6.0
30221,6.0
30222,6.0
30223,6.0
30224,6.0
30225,6.0
30226,6.0
30227,6.0
30228,6.0
30229,6.0
30230,6.0
30231,6.0
30232,6.0
30233,6.0
30234,6.0
30235,6.0
30236,6.0
30237,6.0
30238,6.0
30239,6.0
30240,6.0
30241,6.0
30242,6.0
30243,6.0
30244,6.0
30245,6.0
30246,6.0
30247,6.0
30248,6.0
30249,6.0
30250,6.0
30251,6.0
30252,6.0
30253,6.0
30254,6.0
30255,6.0
30256,6.0
30257,6.0
30258,6.0
30259,6.0
30260,6.0
30261,6.0
30262,6.0
30263,6.0
30264,6.0
30265,6.0
30266,6.0
30267,6.0
30268,6.0
30269,6.0
30270,6.0
30271,6.0
30272,6.0
30273,6.0
30274,6.0
30275,6.0
30276,6.0
30277,6.0
30278,6.0
30279,6.0
30280,6.0
30281,6.0
30282,6.0
30283,6.0
30284,6.0
30285,6.0
30286,6.0
30287,6.0
30288,6.0
30289,6.0
30290,6.0
30291,6.0
30292,6.0
30293,6.0
30294,6.0
30295,6.0
30296,6.0
30297,6.0
30298,6.0
30299,6.0
30300,6.0
30301,6.0
30302,6.0
30303,6.0
30304,6.0
30305,6.0
30306,6.0
30307,6.0
30308,6.0
30309,6.0
30310,6.0
30311,6.0
30312,6.0
30313,6.0
30314,6.0
30315,6.0
30316,6.0
30317,6.0
30318,6.0
30319,6.0
30320,6.0
30321,6.0
30322,6.0
30323,6.0
30324,6.0
30325,6.0
30326,6.0
30327,6.0
30328,6.0
30329,6.0
30330,6.0
30331,6.0
30332,6.0
30333,6.0
30334,6.0
30335,6.0
30336,6.0
30337,6.0
30338,6.0
30339,6.0
30340,6.0
30341,6.0
30342,6.0
30343,6.0
30344,6.0
30345,6.0
30346,6.0
30347,6.0
30348,6.0
30349,6.0
30350,6.0
30351,6.0
30352,6.0
30353,6.0
30354,6.0
30355,6.0
30356,6.0
30357,6.0
30358,6.0
30359,6.0
30360,6.0
30361,6.0
30362,6.0
30363,6.0
30364,6.0
30365,6.0
30366,6.0
30367,6.0
30368,6.0
30369,6.0
30370,6.0
30371,6.0
30372,6.0
30373,6.0
30374,6.0
30375,6.0
30376,6.0
30377,6.0
30378,6.0
30379,6.0
30380,6.0
30381,6.0
30382,6.0
30383,6.0
30384,6.0
30385,6.0
30386,6.0
30387,6.0
30388,6.0
30389,6.0
30390,6.0
30391,6.0
30392,6.0
30393,6.0
30394,6.0
30395,6.0
30396,6.0
30397,6.0
30398,6.0
30399,6.0
30400,6.0
30401,6.0
30402,6.0
30403,6.0
30404,6.0
30405,6.0
30406,6.0
30407,6.0
30408,6.0
30409,6.0
30410,6.0
30411,6.0
30412,6.0
30413,6.0
30414,6.0
30415,6.0
30416,6.0
30417,6.0
30418,6.0
30419,6.0
30420,6.0
30421,6.0
30422,6.0
30423,6.0
30424,6.0
30425,6.0
30426,6.0
30427,6.0
30428,6.0
30429,6.0
30430,6.0
30431,6.0
30432,6.0
30433,6.0
30434,6.0
30435,6.0
30436,6.0
30437,6.0
30438,6.0
30439,6.0
30440,6.0
30441,6.0
30442,6.0
30443,6.0
30444,6.0
30445,6.0
30446,6.0
30447,6.0
30448,6.0
30449,5.0
30450,5.0
30451,5.0
30452,5.0
30453,5.0
30454,5.0
30455,5.0
30456,5.0
30457,5.0
30458,5.0
30459,5.0
30460,5.0
30461,5.0
30462,5.0
30463,5.0
30464,5.0
30465,5.0
30466,5.0
30467,5.0
30468,5.0
30469,5.0
30470,5.0
30471,5.0
30472,5.0
30473,5.0
30474,5.0
30475,5.0
30476,5.0
30477,5.0
30478,5.0
30479,5.0
30480,5.0
30481,5.0
30482,5.0
30483,6.0
30484,7.0
30485,7.0
30486,7.0
30487,7.0
30488,7.0
30489,7.0
30490,7.0
30491,7.0
30492,7.0
30493,7.0
30494,7.0
30495,7.0
30496,7.0
30497,7.0
30498,7.0
30499,7.0
30500,7.0
30501,7.0
30502,7.0
30503,7.0
30504,7.0
30505,7.0
30506,7.0
30507,7.0
30508,7.0
30509,7.0
30510,7.0
30511,7.0
30512,7.0
30513,7.0
30514,7.0
30515,7.0
30516,7.0
30517,7.0
30518,7.0
30519,7.0
30520,7.0
30521,7.0
30522,7.0
30523,7.0
30524,7.0
30525,7.0
30526,7.0
30527,7.0
30528,7.0
30529,7.0
30530,7.0
30531,7.0
30532,7.0
30533,7.0
30534,7.0
30535,7.0
30536,7.0
30537,7.0
30538,7.0
30539,7.0
30540,7.0
30541,7.0
30542,7.0
30543,7.0
30544,7.0
30545,7.0
30546,7.0
30547,7.0
30548,7.0
30549,7.0
30550,7.0
30551,7.0
30552,7.0
30553,7.0
30554,7.0
30555,7.0
30556,7.0
30557,7.0
30558,7.0
30559,7.0
30560,7.0
30561,7.0
30562,7.0
30563,7.0
30564,7.0
30565,7.0
30566,7.0
30567,7.0
30568,7.0
30569,7.0
30570,7.0
30571,7.0
30572,7.0
30573,7.0
30574,7.0
30575,8.0
30576,8.0
30577,9.0
30578,9.0
30579,10.0
30580,10.0
30581,10.0
30582,10.0
30583,10.0
30584,10.0
30585,10.0
30586,10.0
30587,10.0
30588,10.0
30589,10.0
30590,10.0
30591,10.0
30592,10.0
30593,10.0
30594,10.0
30595,10.0
30596,10.0
30597,10.0
30598,10.0
30599,10.0
30600,10.0
30601,10.0
30602,10.0
30603,10.0
30604,10.0
30605,10.0
30606,10.0
30607,10.0
30608,10.0
30609,10.0
30610,10.0
30611,10.0
30612,10.0
30613,10.0
30614,10.0
30615,10.0
30616,10.0
30617,10.0
30618,10.0
30619,10.0
30620,10.0
30621,10.0
30622,10.0
30623,10.0
30624,10.0
30625,10.0
30626,10.0
30627,10.0
30628,10.0
30629,10.0
30630,10.0
30631,10.0
30632,10.0
30633,10.0
30634,10.0
30635,10.0
30636,10.0
30637,10.0
30638,10.0
30639,10.0
30640,10.0
30641,10.0
30642,10.0
30643,10.0
30644,10.0
30645,10.0
30646,10.0
30647,10.0
30648,10.0
30649,10.0
30650,10.0
30651,10.0
30652,10.0
30653,10.0
30654,10.0
30655,10.0
30656,10.0
30657,10.0
30658,10.0
30659,10.0
30660,10.0
30661,10.0
30662,10.0
30663,10.0
30664,10.0
30665,10.0
30666,10.0
30667,10.0
30668,10.0
30669,10.0
30670,10.0
30671,10.0
30672,10.0
30673,10.0
30674,10.0
30675,10.0
30676,10.0
30677,10.0
30678,10.0
30679,10.0
30680,10.0
30681,10.0
30682,10.0
30683,10.0
30684,10.0
30685,10.0
30686,10.0
30687,10.0
30688,10.0
30689,10.0
30690,10.0
30691,10.0
30692,10.0
30693,10.0
30694,10.0
30695,10.0
30696,10.0
30697,10.0
30698,10.0
30699,10.0
30700,10.0
30701,10.0
30702,10.0
30703,10.0
30704,10.0
30705,10.0
30706,10.0
30707,10.0
30708,10.0
30709,10.0
30710,10.0
30711,10.0
30712,10.0
30713,10.0
30714,11.0
30715,11.0
30716,11.0
30717,11.0
30718,11.0
30719,11.0
30720,11.0
30721,11.0
30722,11.0
30723,11.0
30724,11.0
30725,11.0
30726,11.0
30727,11.0
30728,11.0
30729,11.0
30730,11.0
30731,11.0
30732,11.0
30733,11.0
30734,11.0
30735,11.0
30736,11.0
30737,11.0
30738,11.0
30739,11.0
30740,11.0
30741,11.0
30742,11.0
30743,11.0
30744,11.0
30745,11.0
30746,11.0
30747,11.0
30748,11.0
30749,11.0
30750,11.0
30751,11.0
30752,11.0
30753,11.0
30754,11.0
30755,11.0
30756,11.0
30757,11.0
30758,11.0
30759,11.0
30760,11.0
30761,11.0
30762,11.0
30763,11.0
30764,11.0
30765,11.0
30766,11.0
30767,11.0
30768,11.0
30769,11.0
30770,11.0
30771,11.0
30772,11.0
30773,11.0
30774,11.0
30775,11.0
30776,11.0
30777,11.0
30778,11.0
30779,11.0
30780,11.0
30781,11.0
30782,11.0
30783,11.0
30784,11.0
30785,11.0
30786,11.0
30787,11.0
30788,11.0
30789,11.0
30790,11.0
30791,11.0
30792,11.0
30793,11.0
30794,11.0
30795,12.0
30796,12.0
30797,12.0
30798,12.0
30799,12.0
30800,12.0
30801,12.0
30802,12.0
30803,12.0
30804,12.0
30805,12.0
30806,12.0
30807,12.0
30808,12.0
30809,12.0
30810,12.0
30811,12.0
30812,12.0
30813,12.0
30814,12.0
30815,12.0
30816,12.0
30817,12.0
30818,12.0
30819,12.0
30820,12.0
30821,12.0
30822,12.0
30823,12.0
30824,12.0
30825,12.0
30826,12.0
30827,12.0
30828,12.0
30829,12.0
30830,12.0
30831,12.0
30832,12.0
30833,12.0
30834,12.0
30835,12.0
30836,12.0
30837,12.0
30838,12.0
30839,12.0
30840,12.0
30841,12.0
30842,12.0
30843,12.0
30844,12.0
30845,12.0
30846,12.0
30847,12.0
30848,12.0
30849,12.0
30850,12.0
30851,12.0
30852,12.0
30853,12.0
30854,12.0
30855,12.0
30856,12.0
30857,12.0
30858,12.0
30859,12.0
30860,12.0
30861,12.0
30862,12.0
30863,12.0
30864,12.0
30865,12.0
30866,12.0
30867,12.0
30868,9.0
30869,9.0
30870,9.0
30871,9.0
30872,9.0
30873,9.0
30874,9.0
30875,9.0
30876,9.0
30877,9.0
30878,9.0
30879,9.0
30880,9.0
30881,9.0
30882,9.0
30883,9.0
30884,9.0
30885,9.0
30886,9.0
30887,9.0
30888,9.0
30889,9.0
30890,9.0
30891,9.0
30892,9.0
30893,9.0
30894,9.0
30895,9.0
30896,9.0
30897,9.0
30898,9.0
30899,9.0
30900,9.0
30901,9.0
30902,9.0
30903,9.0
30904,7.0
30905,7.0
30906,7.0
30907,7.0
30908,7.0
30909,7.0
30910,7.0
30911,7.0
30912,7.0
30913,7.0
30914,7.0
30915,7.0
30916,7.0
30917,7.0
30918,7.0
30919,7.0
30920,7.0
30921,7.0
30922,7.0
30923,7.0
30924,7.0
30925,7.0
30926,7.0
30927,7.0
30928,7.0
30929,7.0
30930,7.0
30931,7.0
30932,7.0
30933,7.0
30934,7.0
30935,7.0
30936,7.0
30937,7.0
30938,7.0
30939,7.0
30940,7.0
30941,7.0
30942,7.0
30943,7.0
30944,7.0
30945,7.0
30946,7.0
30947,7.0
30948,7.0
30949,7.0
30950,7.0
30951,7.0
30952,7.0
30953,7.0
30954,7.0
30955,7.0
30956,7.0
30957,7.0
30958,7.0
30959,7.0
30960,7.0
30961,7.0
30962,7.0
30963,7.0
30964,7.0
30965,7.0
30966,7.0
30967,7.0
30968,7.0
30969,6.0
30970,6.0
30971,6.0
30972,6.0
30973,6.0
30974,6.0
30975,6.0
30976,6.0
30977,6.0
30978,6.0
30979,6.0
30980,6.0
30981,6.0
30982,6.0
30983,6.0
30984,6.0
30985,6.0
30986,6.0
30987,6.0
30988,6.0
30989,6.0
30990,6.0
30991,6.0
30992,6.0
30993,6.0
30994,6.0
30995,6.0
30996,6.0
30997,6.0
30998,6.0
30999,6.0
31000,6.0
31001,6.0
31002,6.0
31003,6.0
31004,6.0
31005,6.0
31006,6.0
31007,6.0
31008,6.0
31009,6.0
31010,6.0
31011,6.0
31012,6.0
31013,6.0
31014,6.0
31015,6.0
31016,6.0
31017,6.0
31018,6.0
31019,6.0
31020,6.0
31021,6.0
31022,6.0
31023,6.0
31024,6.0
31025,6.0
31026,6.0
31027,6.0
31028,6.0
31029,6.0
31030,6.0
31031,6.0
31032,6.0
31033,6.0
31034,6.0
31035,6.0
31036,6.0
31037,6.0
31038,6.0
31039,6.0
31040,6.0
31041,6.0
31042,6.0
31043,6.0
31044,6.0
31045,6.0
31046,6.0
31047,6.0
31048,6.0
31049,6.0
31050,6.0
31051,6.0
31052,6.0
31053,6.0
31054,6.0
31055,6.0
31056,6.0
31057,6.0
31058,6.0
31059,6.0
31060,6.0
31061,6.0
31062,6.0
31063,6.0
31064,6.0
31065,6.0
31066,6.0
31067,6.0
31068,6.0
31069,6.0
31070,6.0
31071,6.0
31072,6.0
31073,6.0
31074,6.0
31075,6.0
31076,6.0
31077,6.0
31078,6.0
31079,6.0
31080,6.0
31081,6.0
31082,6.0
31083,6.0
31084,6.0
31085,6.0
31086,6.0
31087,6.0
31088,6.0
31089,6.0
31090,6.0
31091,6.0
31092,6.0
31093,6.0
31094,6.0
31095,6.0
31096,6.0
31097,6.0
31098,6.0
31099,6.0
31100,6.0
31101,6.0
31102,6.0
31103,6.0
31104,6.0
31105,6.0
31106,6.0
31107,6.0
31108,6.0
31109,6.0
31110,6.0
31111,6.0
31112,6.0
31113,6.0
31114,6.0
31115,6.0
31116,5.0
31117,5.0
31118,5.0
31119,5.0
31120,5.0
31121,5.0
31122,5.0
31123,5.0
31124,5.0
31125,5.0
31126,5.0
31127,5.0
31128,5.0
31129,5.0
31130,5.0
31131,5.0
31132,5.0
31133,5.0
31134,5.0
31135,5.0
31136,5.0
31137,5.0
31138,5.0
31139,5.0
31140,5.0
31141,5.0
31142,5.0
31143,5.0
31144,5.0
31145,5.0
31146,5.0
31147,5.0
31148,5.0
31149,5.0
31150,5.0
31151,5.0
31152,5.0
31153,5.0
31154,5.0
31155,5.0
31156,5.0
31157,5.0
31158,5.0
31159,5.0
31160,5.0
31161,5.0
31162,5.0
31163,5.0
31164,5.0
31165,5.0
31166,5.0
31167,5.0
31168,5.0
31169,5.0
31170,5.0
31171,5.0
31172,5.0
31173,5.0
31174,5.0
31175,5.0
31176,5.0
31177,5.0
31178,5.0
31179,5.0
31180,5.0
31181,5.0
31182,5.0
31183,5.0
31184,5.0
31185,5.0
31186,5.0
31187,5.0
31188,5.0
31189,5.0
31190,5.0
31191,5.0
31192,5.0
31193,5.0
31194,5.0
31195,5.0
31196,5.0
31197,6.0
31198,6.0
31199,6.0
31200,6.0
31201,6.0
31202,6.0
31203,6.0
31204,6.0
31205,6.0
31206,6.0
31207,6.0
31208,6.0
31209,6.0
31210,6.0
31211,6.0
31212,5.0
31213,5.0
31214,5.0
31215,5.0
31216,5.0
31217,5.0
31218,5.0
31219,6.0
31220,6.0
31221,6.0
31222,6.0
31223,6.0
31224,6.0
31225,6.0
31226,6.0
31227,7.0
31228,7.0
31229,7.0
31230,7.0
31231,7.0
31232,7.0
31233,7.0
31234,7.0
31235,7.0
31236,7.0
31237,7.0
31238,7.0
31239,7.0
31240,7.0
31241,7.0
31242,7.0
31243,7.0
31244,7.0
31245,7.0
31246,7.0
31247,7.0
31248,7.0
31249,7.0
31250,7.0
31251,7.0
31252,7.0
31253,7.0
31254,7.0
31255,7.0
31256,7.0
31257,7.0
31258,7.0
31259,7.0
31260,7.0
31261,7.0
31262,7.0
31263,7.0
31264,7.0
31265,7.0
31266,7.0
31267,7.0
31268,7.0
31269,7.0
31270,7.0
31271,7.0
31272,7.0
31273,7.0
31274,7.0
31275,7.0
31276,7.0
31277,7.0
31278,7.0
31279,7.0
31280,7.0
31281,7.0
31282,7.0
31283,7.0
31284,7.0
31285,7.0
31286,7.0
31287,7.0
31288,7.0
31289,7.0
31290,7.0
31291,7.0
31292,7.0
31293,7.0
31294,7.0
31295,7.0
31296,7.0
31297,7.0
31298,7.0
31299,7.0
31300,7.0
31301,7.0
31302,7.0
31303,7.0
31304,7.0
31305,7.0
31306,7.0
31307,7.0
31308,7.0
31309,6.0
31310,6.0
31311,6.0
31312,6.0
31313,6.0
31314,6.0
31315,6.0
31316,6.0
31317,6.0
31318,6.0
31319,6.0
31320,6.0
31321,6.0
31322,6.0
31323,5.0
31324,5.0
31325,5.0
31326,5.0
31327,5.0
31328,5.0
31329,5.0
31330,5.0
31331,5.0
31332,5.0
31333,5.0
31334,5.0
31335,5.0
31336,5.0
31337,5.0
31338,5.0
31339,5.0
31340,5.0
31341,5.0
31342,5.0
31343,5.0
31344,5.0
31345,5.0
31346,5.0
31347,5.0
31348,5.0
31349,5.0
31350,5.0
31351,5.0
31352,5.0
31353,5.0
31354,5.0
31355,5.0
31356,5.0
31357,5.0
31358,5.0
31359,5.0
31360,5.0
31361,5.0
31362,5.0
31363,5.0
31364,5.0
31365,5.0
31366,5.0
31367,5.0
31368,5.0
31369,5.0
31370,5.0
31371,5.0
31372,5.0
31373,5.0
31374,5.0
31375,5.0
31376,5.0
31377,5.0
31378,5.0
31379,5.0
31380,5.0
31381,5.0
31382,5.0
31383,5.0
31384,5.0
31385,5.0
31386,5.0
31387,5.0
31388,5.0
31389,5.0
31390,5.0
31391,5.0
31392,5.0
31393,5.0
31394,5.0
31395,5.0
31396,5.0
31397,5.0
31398,5.0
31399,5.0
31400,5.0
31401,5.0
31402,5.0
31403,5.0
31404,5.0
31405,5.0
31406,5.0
31407,5.0
31408,5.0
31409,5.0
31410,5.0
31411,5.0
31412,5.0
31413,5.0
31414,5.0
31415,5.0
31416,5.0
31417,5.0
31418,5.0
31419,5.0
31420,5.0
31421,5.0
31422,5.0
31423,5.0
31424,5.0
31425,5.0
31426,5.0
31427,5.0
31428,5.0
31429,5.0
31430,5.0
31431,5.0
31432,5.0
31433,5.0
31434,5.0
31435,5.0
31436,5.0
31437,5.0
31438,5.0
31439,5.0
31440,5.0
31441,5.0
31442,5.0
31443,5.0
31444,5.0
31445,5.0
31446,5.0
31447,5.0
31448,5.0
31449,5.0
31450,5.0
31451,5.0
31452,5.0
31453,5.0
31454,5.0
31455,5.0
31456,5.0
31457,5.0
31458,5.0
31459,5.0
31460,5.0
31461,5.0
31462,5.0
31463,5.0
31464,5.0
31465,5.0
31466,5.0
31467,5.0
31468,5.0
31469,5.0
31470,5.0
31471,5.0
31472,5.0
31473,5.0
31474,5.0
31475,5.0
31476,5.0
31477,5.0
31478,5.0
31479,5.0
31480,5.0
31481,5.0
31482,5.0
31483,5.0
31484,5.0
31485,5.0
31486,5.0
31487,5.0
31488,5.0
31489,5.0
31490,5.0
31491,5.0
31492,5.0
31493,5.0
31494,5.0
31495,5.0
31496,5.0
31497,5.0
31498,5.0
31499,5.0
31500,5.0
31501,5.0
31502,5.0
31503,5.0
31504,5.0
31505,5.0
31506,5.0
31507,5.0
31508,5.0
31509,5.0
31510,5.0
31511,6.0
31512,6.0
31513,6.0
31514,6.0
31515,6.0
31516,6.0
31517,6.0
31518,6.0
31519,6.0
31520,6.0
31521,6.0
31522,6.0
31523,6.0
31524,6.0
31525,6.0
31526,6.0
31527,6.0
31528,6.0
31529,6.0
31530,6.0
31531,6.0
31532,6.0
31533,6.0
31534,6.0
31535,6.0
31536,6.0
31537,6.0
31538,6.0
31539,6.0
31540,6.0
31541,6.0
31542,6.0
31543,6.0
31544,6.0
31545,6.0
31546,6.0
31547,6.0
31548,6.0
31549,6.0
31550,6.0
31551,6.0
31552,6.0
31553,6.0
31554,6.0
31555,6.0
31556,6.0
31557,6.0
31558,6.0
31559,6.0
31560,6.0
31561,6.0
31562,6.0
31563,6.0
31564,6.0
31565,6.0
31566,6.0
31567,6.0
31568,6.0
31569,6.0
31570,6.0
31571,6.0
31572,6.0
31573,6.0
31574,6.0
31575,6.0
31576,6.0
31577,6.0
31578,6.0
31579,6.0
31580,6.0
31581,6.0
31582,6.0
31583,6.0
31584,6.0
31585,6.0
31586,6.0
31587,6.0
31588,6.0
31589,6.0
31590,6.0
31591,6.0
31592,6.0
31593,6.0
31594,6.0
31595,6.0
31596,6.0
31597,7.0
31598,7.0
31599,7.0
31600,7.0
31601,7.0
31602,7.0
31603,7.0
31604,7.0
31605,7.0
31606,7.0
31607,7.0
31608,7.0
31609,7.0
31610,7.0
31611,7.0
31612,7.0
31613,7.0
31614,7.0
31615,7.0
31616,7.0
31617,7.0
31618,7.0
31619,7.0
31620,7.0
31621,7.0
31622,7.0
31623,7.0
31624,7.0
31625,7.0
31626,7.0
31627,7.0
31628,7.0
31629,7.0
31630,7.0
31631,7.0
31632,7.0
31633,7.0
31634,7.0
31635,7.0
31636,7.0
31637,7.0
31638,7.0
31639,7.0
31640,7.0
31641,7.0
31642,7.0
31643,7.0
31644,7.0
31645,7.0
31646,7.0
31647,7.0
31648,7.0
31649,7.0
31650,7.0
31651,7.0
31652,7.0
31653,7.0
31654,7.0
31655,7.0
31656,7.0
31657,7.0
31658,7.0
31659,7.0
31660,7.0
31661,7.0
31662,7.0
31663,7.0
31664,7.0
31665,7.0
31666,7.0
31667,7.0
31668,7.0
31669,7.0
31670,7.0
31671,7.0
31672,7.0
31673,7.0
31674,7.0
31675,7.0
31676,6.0
31677,6.0
31678,6.0
31679,6.0
31680,6.0
31681,6.0
31682,6.0
31683,6.0
31684,6.0
31685,6.0
31686,6.0
31687,6.0
31688,6.0
31689,6.0
31690,6.0
31691,6.0
31692,6.0
31693,6.0
31694,6.0
31695,6.0
31696,6.0
31697,6.0
31698,6.0
31699,6.0
31700,6.0
31701,6.0
31702,6.0
31703,6.0
31704,6.0
31705,6.0
31706,6.0
31707,6.0
31708,6.0
31709,6.0
31710,6.0
31711,6.0
31712,6.0
31713,6.0
31714,6.0
31715,6.0
31716,6.0
31717,6.0
31718,6.0
31719,6.0
31720,6.0
31721,6.0
31722,6.0
31723,6.0
31724,6.0
31725,6.0
31726,6.0
31727,6.0
31728,6.0
31729,6.0
31730,6.0
31731,6.0
31732,6.0
31733,6.0
31734,6.0
31735,6.0
31736,6.0
31737,6.0
31738,6.0
31739,6.0
31740,6.0
31741,6.0
31742,6.0
31743,6.0
31744,6.0
31745,6.0
31746,6.0
31747,6.0
31748,6.0
31749,6.0
31750,6.0
31751,6.0
31752,6.0
31753,6.0
31754,6.0
31755,6.0
31756,6.0
31757,6.0
31758,6.0
31759,6.0
31760,6.0
31761,6.0
31762,5.0
31763,5.0
31764,5.0
31765,5.0
31766,5.0
31767,5.0
31768,5.0
31769,5.0
31770,5.0
31771,5.0
31772,5.0
31773,5.0
31774,5.0
31775,5.0
31776,5.0
31777,5.0
31778,5.0
31779,5.0
31780,5.0
31781,5.0
31782,5.0
31783,5.0
31784,5.0
31785,5.0
31786,5.0
31787,5.0
31788,5.0
31789,5.0
31790,5.0
31791,5.0
31792,5.0
31793,5.0
31794,5.0
31795,5.0
31796,5.0
31797,5.0
31798,5.0
31799,5.0
31800,5.0
31801,5.0
31802,5.0
31803,5.0
31804,5.0
31805,5.0
31806,5.0
31807,5.0
31808,5.0
31809,5.0
31810,5.0
31811,6.0
31812,6.0
31813,6.0
31814,6.0
31815,6.0
31816,6.0
31817,6.0
31818,6.0
31819,6.0
31820,6.0
31821,6.0
31822,6.0
31823,6.0
31824,6.0
31825,6.0
31826,6.0
31827,6.0
31828,6.0
31829,6.0
31830,6.0
31831,6.0
31832,6.0
31833,6.0
31834,6.0
31835,6.0
31836,6.0
31837,6.0
31838,6.0
31839,6.0
31840,6.0
31841,6.0
31842,6.0
31843,6.0
31844,6.0
31845,6.0
31846,6.0
31847,6.0
31848,6.0
31849,6.0
31850,6.0
31851,5.0
31852,5.0
31853,5.0
31854,5.0
31855,5.0
31856,5.0
31857,5.0
31858,5.0
31859,5.0
31860,5.0
31861,5.0
31862,5.0
31863,5.0
31864,5.0
31865,5.0
31866,6.0
31867,6.0
31868,6.0
31869,6.0
31870,6.0
31871,6.0
31872,6.0
31873,6.0
31874,6.0
31875,6.0
31876,6.0
31877,6.0
31878,6.0
31879,6.0
31880,6.0
31881,6.0
31882,6.0
31883,6.0
31884,6.0
31885,6.0
31886,6.0
31887,6.0
31888,6.0
31889,6.0
31890,6.0
31891,6.0
31892,6.0
31893,6.0
31894,6.0
31895,6.0
31896,6.0
31897,6.0
31898,6.0
31899,6.0
31900,6.0
31901,6.0
31902,6.0
31903,6.0
31904,6.0
31905,6.0
31906,6.0
31907,6.0
31908,6.0
31909,6.0
31910,6.0
31911,6.0
31912,6.0
31913,6.0
31914,6.0
31915,6.0
31916,6.0
31917,6.0
31918,6.0
31919,6.0
31920,6.0
31921,6.0
31922,6.0
31923,6.0
31924,6.0
31925,6.0
31926,6.0
31927,6.0
31928,6.0
31929,6.0
31930,6.0
31931,6.0
31932,6.0
31933,6.0
31934,6.0
31935,6.0
31936,6.0
31937,6.0
31938,6.0
31939,6.0
31940,6.0
31941,6.0
31942,6.0
31943,6.0
31944,6.0
31945,6.0
31946,6.0
31947,6.0
31948,6.0
31949,6.0
31950,6.0
31951,6.0
31952,6.0
31953,6.0
31954,6.0
31955,6.0
31956,6.0
31957,6.0
31958,6.0
31959,6.0
31960,6.0
31961,6.0
31962,6.0
31963,6.0
31964,6.0
31965,6.0
31966,6.0
31967,6.0
31968,6.0
31969,6.0
31970,5.0
31971,5.0
31972,5.0
31973,5.0
31974,5.0
31975,5.0
31976,5.0
31977,5.0
31978,5.0
31979,5.0
31980,5.0
31981,5.0
31982,5.0
31983,5.0
31984,5.0
31985,5.0
31986,5.0
31987,5.0
31988,5.0
31989,5.0
31990,5.0
31991,5.0
31992,5.0
31993,5.0
31994,5.0
31995,5.0
31996,5.0
31997,5.0
31998,5.0
31999,5.0
32000,5.0
32001,5.0
32002,5.0
32003,5.0
32004,5.0
32005,5.0
32006,5.0
32007,5.0
32008,5.0
32009,5.0
32010,5.0
32011,5.0
32012,5.0
32013,5.0
32014,5.0
32015,5.0
32016,5.0
32017,5.0
32018,5.0
32019,5.0
32020,5.0
32021,5.0
32022,5.0
32023,5.0
32024,5.0
32025,5.0
32026,5.0
32027,5.0
32028,5.0
32029,5.0
32030,5.0
32031,5.0
32032,5.0
32033,5.0
32034,5.0
32035,5.0
32036,5.0
32037,5.0
32038,5.0
32039,5.0
32040,5.0
32041,5.0
32042,5.0
32043,5.0
32044,5.0
32045,5.0
32046,5.0
32047,5.0
32048,5.0
32049,5.0
32050,5.0
32051,5.0
32052,5.0
32053,5.0
32054,5.0
32055,5.0
32056,5.0
32057,5.0
32058,5.0
32059,5.0
32060,5.0
32061,5.0
32062,5.0
32063,5.0
32064,5.0
32065,5.0
32066,5.0
32067,5.0
32068,5.0
32069,5.0
32070,5.0
32071,5.0
32072,5.0
32073,5.0
32074,5.0
32075,5.0
32076,5.0
32077,5.0
32078,5.0
32079,5.0
32080,5.0
32081,5.0
32082,5.0
32083,5.0
32084,5.0
32085,5.0
32086,5.0
32087,5.0
32088,5.0
32089,5.0
32090,5.0
32091,5.0
32092,5.0
32093,5.0
32094,5.0
32095,5.0
32096,5.0
32097,5.0
32098,5.0
32099,5.0
32100,5.0
32101,5.0
32102,5.0
32103,5.0
32104,5.0
32105,5.0
32106,5.0
32107,5.0
32108,5.0
32109,5.0
32110,5.0
32111,5.0
32112,5.0
32113,5.0
32114,5.0
32115,5.0
32116,5.0
32117,6.0
32118,6.0
32119,6.0
32120,6.0
32121,6.0
32122,6.0
32123,6.0
32124,6.0
32125,6.0
32126,6.0
32127,6.0
32128,6.0
32129,6.0
32130,6.0
32131,6.0
32132,6.0
32133,6.0
32134,6.0
32135,6.0
32136,6.0
32137,6.0
32138,6.0
32139,6.0
32140,6.0
32141,6.0
32142,6.0
32143,6.0
32144,6.0
32145,6.0
32146,6.0
32147,6.0
32148,6.0
32149,6.0
32150,6.0
32151,6.0
32152,6.0
32153,6.0
32154,6.0
32155,6.0
32156,6.0
32157,6.0
32158,6.0
32159,6.0
32160,6.0
32161,6.0
32162,6.0
32163,6.0
32164,6.0
32165,6.0
32166,6.0
32167,6.0
32168,6.0
32169,6.0
32170,6.0
32171,6.0
32172,6.0
32173,6.0
32174,6.0
32175,6.0
32176,6.0
32177,6.0
32178,6.0
32179,6.0
32180,6.0
32181,6.0
32182,6.0
32183,6.0
32184,6.0
32185,6.0
32186,6.0
32187,6.0
32188,6.0
32189,6.0
32190,6.0
32191,6.0
32192,6.0
32193,6.0
32194,6.0
32195,6.0
32196,6.0
32197,6.0
32198,6.0
32199,6.0
32200,6.0
32201,6.0
32202,6.0
32203,6.0
32204,6.0
32205,6.0
32206,6.0
32207,6.0
32208,6.0
32209,6.0
32210,6.0
32211,6.0
32212,6.0
32213,6.0
32214,6.0
32215,6.0
32216,6.0
32217,6.0
32218,6.0
32219,6.0
32220,6.0
32221,6.0
32222,6.0
32223,6.0
32224,6.0
32225,6.0
32226,6.0
32227,6.0
32228,6.0
32229,6.0
32230,6.0
32231,6.0
32232,6.0
32233,6.0
32234,6.0
32235,6.0
32236,6.0
32237,6.0
32238,6.0
32239,6.0
32240,6.0
32241,6.0
32242,6.0
32243,6.0
32244,6.0
32245,6.0
32246,6.0
32247,6.0
32248,6.0
32249,6.0
32250,6.0
32251,6.0
32252,6.0
32253,6.0
32254,6.0
32255,6.0
32256,6.0
32257,6.0
32258,6.0
32259,6.0
32260,6.0
32261,6.0
32262,6.0
32263,6.0
32264,6.0
32265,6.0
32266,6.0
32267,6.0
32268,6.0
32269,6.0
32270,6.0
32271,6.0
32272,6.0
32273,6.0
32274,6.0
32275,6.0
32276,6.0
32277,6.0
32278,6.0
32279,6.0
32280,6.0
32281,6.0
32282,7.0
32283,7.0
32284,7.0
32285,7.0
32286,7.0
32287,7.0
32288,7.0
32289,7.0
32290,7.0
32291,7.0
32292,7.0
32293,7.0
32294,7.0
32295,7.0
32296,7.0
32297,7.0
32298,7.0
32299,7.0
32300,7.0
32301,7.0
32302,7.0
32303,7.0
32304,7.0
32305,6.0
32306,6.0
32307,6.0
32308,6.0
32309,6.0
32310,6.0
32311,6.0
32312,6.0
32313,6.0
32314,6.0
32315,6.0
32316,6.0
32317,6.0
32318,6.0
32319,6.0
32320,6.0
32321,6.0
32322,6.0
32323,6.0
32324,6.0
32325,6.0
32326,6.0
32327,6.0
32328,6.0
32329,6.0
32330,6.0
32331,6.0
32332,6.0
32333,6.0
32334,6.0
32335,6.0
32336,6.0
32337,6.0
32338,6.0
32339,6.0
32340,6.0
32341,6.0
32342,6.0
32343,6.0
32344,6.0
32345,6.0
32346,6.0
32347,6.0
32348,6.0
32349,6.0
32350,6.0
32351,6.0
32352,6.0
32353,6.0
32354,6.0
32355,6.0
32356,6.0
32357,6.0
32358,6.0
32359,6.0
32360,6.0
32361,6.0
32362,6.0
32363,6.0
32364,6.0
32365,6.0
32366,6.0
32367,6.0
32368,6.0
32369,6.0
32370,6.0
32371,6.0
32372,6.0
32373,6.0
32374,6.0
32375,6.0
32376,6.0
32377,6.0
32378,6.0
32379,6.0
32380,6.0
32381,6.0
32382,6.0
32383,6.0
32384,6.0
32385,6.0
32386,6.0
32387,6.0
32388,6.0
32389,6.0
32390,6.0
32391,6.0
32392,6.0
32393,6.0
32394,6.0
32395,6.0
32396,6.0
32397,6.0
32398,6.0
32399,6.0
32400,6.0
32401,7.0
32402,7.0
32403,7.0
32404,7.0
32405,7.0
32406,7.0
32407,8.0
32408,8.0
32409,8.0
32410,8.0
32411,8.0
32412,8.0
32413,8.0
32414,8.0
32415,8.0
32416,8.0
32417,8.0
32418,8.0
32419,8.0
32420,8.0
32421,8.0
32422,8.0
32423,8.0
32424,8.0
32425,8.0
32426,8.0
32427,8.0
32428,8.0
32429,8.0
32430,8.0
32431,8.0
32432,8.0
32433,8.0
32434,8.0
32435,8.0
32436,8.0
32437,8.0
32438,8.0
32439,8.0
32440,8.0
32441,8.0
32442,8.0
32443,8.0
32444,8.0
32445,8.0
32446,8.0
32447,8.0
32448,8.0
32449,8.0
32450,8.0
32451,8.0
32452,8.0
32453,8.0
32454,8.0
32455,8.0
32456,8.0
32457,8.0
32458,8.0
32459,8.0
32460,8.0
32461,8.0
32462,8.0
32463,8.0
32464,8.0
32465,8.0
32466,8.0
32467,8.0
32468,8.0
32469,8.0
32470,8.0
32471,8.0
32472,6.0
32473,6.0
32474,6.0
32475,6.0
32476,6.0
32477,6.0
32478,6.0
32479,6.0
32480,6.0
32481,6.0
32482,6.0
32483,6.0
32484,6.0
32485,6.0
32486,6.0
32487,6.0
32488,6.0
32489,6.0
32490,6.0
32491,6.0
32492,6.0
32493,6.0
32494,6.0
32495,6.0
32496,6.0
32497,6.0
32498,6.0
32499,6.0
32500,6.0
32501,6.0
32502,6.0
32503,6.0
32504,6.0
32505,6.0
32506,6.0
32507,6.0
32508,6.0
32509,6.0
32510,6.0
32511,6.0
32512,6.0
32513,6.0
32514,6.0
32515,6.0
32516,6.0
32517,6.0
32518,6.0
32519,6.0
32520,6.0
32521,6.0
32522,6.0
32523,6.0
32524,6.0
32525,6.0
32526,6.0
32527,6.0
32528,6.0
32529,6.0
32530,6.0
32531,6.0
32532,6.0
32533,6.0
32534,6.0
32535,6.0
32536,6.0
32537,6.0
32538,6.0
32539,6.0
32540,6.0
32541,6.0
32542,6.0
32543,6.0
32544,6.0
32545,6.0
32546,6.0
32547,6.0
32548,6.0
32549,6.0
32550,6.0
32551,6.0
32552,6.0
32553,6.0
32554,6.0
32555,6.0
32556,6.0
32557,6.0
32558,6.0
32559,6.0
32560,6.0
32561,6.0
32562,6.0
32563,6.0
32564,6.0
32565,6.0
32566,6.0
32567,6.0
32568,6.0
32569,6.0
32570,6.0
32571,6.0
32572,6.0
32573,6.0
32574,6.0
32575,6.0
32576,6.0
32577,6.0
32578,6.0
32579,6.0
32580,6.0
32581,6.0
32582,6.0
32583,6.0
32584,6.0
32585,6.0
32586,6.0
32587,6.0
32588,6.0
32589,6.0
32590,5.0
32591,5.0
32592,5.0
32593,5.0
32594,5.0
32595,5.0
32596,5.0
32597,5.0
32598,5.0
32599,5.0
32600,5.0
32601,5.0
32602,6.0
32603,6.0
32604,6.0
32605,6.0
32606,6.0
32607,6.0
32608,6.0
32609,6.0
32610,6.0
32611,6.0
32612,6.0
32613,6.0
32614,6.0
32615,6.0
32616,6.0
32617,6.0
32618,6.0
32619,6.0
32620,6.0
32621,6.0
32622,6.0
32623,6.0
32624,6.0
32625,6.0
32626,6.0
32627,6.0
32628,6.0
32629,6.0
32630,6.0
32631,6.0
32632,6.0
32633,6.0
32634,6.0
32635,6.0
32636,6.0
32637,6.0
32638,6.0
32639,6.0
32640,6.0
32641,6.0
32642,6.0
32643,7.0
32644,7.0
32645,7.0
32646,7.0
32647,7.0
32648,8.0
32649,8.0
32650,8.0
32651,8.0
32652,8.0
32653,8.0
32654,8.0
32655,8.0
32656,8.0
32657,8.0
32658,8.0
32659,8.0
32660,8.0
32661,8.0
32662,8.0
32663,8.0
32664,8.0
32665,8.0
32666,8.0
32667,8.0
32668,8.0
32669,8.0
32670,8.0
32671,8.0
32672,8.0
32673,8.0
32674,8.0
32675,8.0
32676,8.0
32677,8.0
32678,8.0
32679,8.0
32680,8.0
32681,8.0
32682,8.0
32683,8.0
32684,8.0
32685,8.0
32686,8.0
32687,8.0
32688,8.0
32689,8.0
32690,8.0
32691,8.0
32692,8.0
32693,8.0
32694,8.0
32695,8.0
32696,8.0
32697,8.0
32698,8.0
32699,8.0
32700,8.0
32701,8.0
32702,8.0
32703,8.0
32704,8.0
32705,8.0
32706,8.0
32707,8.0
32708,8.0
32709,8.0
32710,8.0
32711,8.0
32712,8.0
32713,8.0
32714,8.0
32715,8.0
32716,8.0
32717,8.0
32718,8.0
32719,8.0
32720,8.0
32721,8.0
32722,8.0
32723,8.0
32724,8.0
32725,8.0
32726,8.0
32727,8.0
32728,8.0
32729,8.0
32730,8.0
32731,8.0
32732,8.0
32733,7.0
32734,7.0
32735,7.0
32736,7.0
32737,7.0
32738,7.0
32739,7.0
32740,7.0
32741,7.0
32742,7.0
32743,7.0
32744,7.0
32745,7.0
32746,7.0
32747,7.0
32748,7.0
32749,7.0
32750,7.0
32751,7.0
32752,7.0
32753,7.0
32754,7.0
32755,7.0
32756,7.0
32757,7.0
32758,7.0
32759,7.0
32760,7.0
32761,7.0
32762,7.0
32763,7.0
32764,7.0
32765,7.0
32766,7.0
32767,7.0
32768,7.0
32769,7.0
32770,7.0
32771,7.0
32772,7.0
32773,7.0
32774,7.0
32775,7.0
32776,7.0
32777,7.0
32778,7.0
32779,7.0
32780,7.0
32781,7.0
32782,7.0
32783,7.0
32784,7.0
32785,7.0
32786,7.0
32787,7.0
32788,7.0
32789,7.0
32790,7.0
32791,7.0
32792,7.0
32793,7.0
32794,7.0
32795,7.0
32796,7.0
32797,7.0
32798,7.0
32799,7.0
32800,7.0
32801,7.0
32802,7.0
32803,7.0
32804,7.0
32805,7.0
32806,7.0
32807,7.0
32808,7.0
32809,7.0
32810,7.0
32811,7.0
32812,7.0
32813,7.0
32814,7.0
32815,7.0
32816,7.0
32817,7.0
32818,7.0
32819,7.0
32820,7.0
32821,7.0
32822,7.0
32823,7.0
32824,7.0
32825,7.0
32826,7.0
32827,7.0
32828,7.0
32829,7.0
32830,7.0
32831,7.0
32832,7.0
32833,7.0
32834,7.0
32835,7.0
32836,7.0
32837,7.0
32838,7.0
32839,7.0
32840,7.0
32841,7.0
32842,7.0
32843,7.0
32844,7.0
32845,7.0
32846,7.0
32847,7.0
32848,7.0
32849,7.0
32850,7.0
32851,7.0
32852,7.0
32853,7.0
32854,7.0
32855,7.0
32856,7.0
32857,7.0
32858,7.0
32859,7.0
32860,7.0
32861,7.0
32862,7.0
32863,7.0
32864,7.0
32865,7.0
32866,7.0
32867,7.0
32868,7.0
32869,7.0
32870,7.0
32871,7.0
32872,7.0
32873,7.0
32874,7.0
32875,7.0
32876,7.0
32877,7.0
32878,7.0
32879,7.0
32880,7.0
32881,7.0
32882,7.0
32883,7.0
32884,7.0
32885,7.0
32886,7.0
32887,7.0
32888,7.0
32889,7.0
32890,7.0
32891,7.0
32892,7.0
32893,7.0
32894,7.0
32895,7.0
32896,7.0
32897,7.0
32898,7.0
32899,7.0
32900,7.0
32901,7.0
32902,7.0
32903,7.0
32904,7.0
32905,7.0
32906,7.0
32907,7.0
32908,7.0
32909,7.0
32910,7.0
32911,7.0
32912,7.0
32913,7.0
32914,7.0
32915,7.0
32916,7.0
32917,7.0
32918,7.0
32919,7.0
32920,7.0
32921,7.0
32922,7.0
32923,7.0
32924,7.0
32925,7.0
32926,7.0
32927,7.0
32928,7.0
32929,7.0
32930,7.0
32931,7.0
32932,7.0
32933,7.0
32934,7.0
32935,7.0
32936,7.0
32937,7.0
32938,7.0
32939,7.0
32940,7.0
32941,7.0
32942,7.0
32943,5.0
32944,5.0
32945,5.0
32946,5.0
32947,5.0
32948,5.0
32949,5.0
32950,5.0
32951,5.0
32952,5.0
32953,5.0
32954,5.0
32955,5.0
32956,5.0
32957,5.0
32958,5.0
32959,5.0
32960,5.0
32961,5.0
32962,5.0
32963,5.0
32964,5.0
32965,5.0
32966,5.0
32967,5.0
32968,5.0
32969,5.0
32970,5.0
32971,5.0
32972,5.0
32973,6.0
32974,6.0
32975,6.0
32976,6.0
32977,6.0
32978,6.0
32979,6.0
32980,6.0
32981,6.0
32982,6.0
32983,6.0
32984,6.0
32985,6.0
32986,6.0
32987,6.0
32988,6.0
32989,6.0
32990,6.0
32991,6.0
32992,6.0
32993,6.0
32994,6.0
32995,6.0
32996,6.0
32997,6.0
32998,6.0
32999,6.0
33000,6.0
33001,6.0
33002,6.0
33003,6.0
33004,6.0
33005,6.0
33006,6.0
33007,6.0
33008,6.0
33009,6.0
33010,6.0
33011,6.0
33012,6.0
33013,6.0
33014,6.0
33015,6.0
33016,6.0
33017,6.0
33018,6.0
33019,6.0
33020,6.0
33021,6.0
33022,6.0
33023,6.0
33024,6.0
33025,6.0
33026,6.0
33027,6.0
33028,6.0
33029,6.0
33030,6.0
33031,6.0
33032,6.0
33033,6.0
33034,6.0
33035,6.0
33036,6.0
33037,6.0
33038,6.0
33039,6.0
33040,6.0
33041,6.0
33042,6.0
33043,6.0
33044,6.0
33045,6.0
33046,6.0
33047,6.0
33048,6.0
33049,6.0
33050,6.0
33051,6.0
33052,6.0
33053,6.0
33054,6.0
33055,6.0
33056,6.0
33057,6.0
33058,6.0
33059,6.0
33060,6.0
33061,6.0
33062,6.0
33063,6.0
33064,6.0
33065,6.0
33066,6.0
33067,6.0
33068,6.0
33069,6.0
33070,6.0
33071,6.0
33072,6.0
33073,6.0
33074,6.0
33075,6.0
33076,6.0
33077,6.0
33078,6.0
33079,6.0
33080,6.0
33081,6.0
33082,6.0
33083,6.0
33084,6.0
33085,6.0
33086,7.0
33087,7.0
33088,7.0
33089,7.0
33090,7.0
33091,7.0
33092,7.0
33093,7.0
33094,7.0
33095,7.0
33096,7.0
33097,7.0
33098,7.0
33099,7.0
33100,7.0
33101,7.0
33102,7.0
33103,7.0
33104,7.0
33105,7.0
33106,7.0
33107,7.0
33108,7.0
33109,7.0
33110,7.0
33111,7.0
33112,7.0
33113,7.0
33114,7.0
33115,7.0
33116,7.0
33117,7.0
33118,7.0
33119,7.0
33120,7.0
33121,7.0
33122,7.0
33123,7.0
33124,7.0
33125,7.0
33126,7.0
33127,7.0
33128,7.0
33129,7.0
33130,7.0
33131,7.0
33132,7.0
33133,7.0
33134,7.0
33135,7.0
33136,7.0
33137,7.0
33138,7.0
33139,7.0
33140,7.0
33141,7.0
33142,7.0
33143,7.0
33144,7.0
33145,7.0
33146,7.0
33147,7.0
33148,7.0
33149,7.0
33150,7.0
33151,7.0
33152,7.0
33153,7.0
33154,7.0
33155,7.0
33156,7.0
33157,7.0
33158,7.0
33159,7.0
33160,7.0
33161,7.0
33162,7.0
33163,7.0
33164,7.0
33165,7.0
33166,7.0
33167,7.0
33168,7.0
33169,7.0
33170,7.0
33171,7.0
33172,7.0
33173,7.0
33174,7.0
33175,7.0
33176,7.0
33177,7.0
33178,7.0
33179,7.0
33180,7.0
33181,7.0
33182,7.0
33183,7.0
33184,7.0
33185,7.0
33186,7.0
33187,7.0
33188,7.0
33189,7.0
33190,7.0
33191,7.0
33192,7.0
33193,7.0
33194,7.0
33195,7.0
33196,7.0
33197,7.0
33198,7.0
33199,7.0
33200,7.0
33201,7.0
33202,7.0
33203,7.0
33204,7.0
33205,7.0
33206,7.0
33207,7.0
33208,7.0
33209,7.0
33210,7.0
33211,7.0
33212,7.0
33213,7.0
33214,7.0
33215,7.0
33216,7.0
33217,7.0
33218,7.0
33219,7.0
33220,7.0
33221,7.0
33222,7.0
33223,7.0
33224,7.0
33225,7.0
33226,7.0
33227,7.0
33228,7.0
33229,7.0
33230,7.0
33231,7.0
33232,7.0
33233,7.0
33234,7.0
33235,7.0
33236,7.0
33237,7.0
33238,7.0
33239,7.0
33240,7.0
33241,7.0
33242,7.0
33243,7.0
33244,7.0
33245,7.0
33246,7.0
33247,7.0
33248,7.0
33249,7.0
33250,7.0
33251,7.0
33252,7.0
33253,7.0
33254,7.0
33255,7.0
33256,7.0
33257,7.0
33258,7.0
33259,7.0
33260,7.0
33261,7.0
33262,7.0
33263,7.0
33264,7.0
33265,7.0
33266,7.0
33267,7.0
33268,7.0
33269,7.0
33270,7.0
33271,7.0
33272,7.0
33273,7.0
33274,7.0
33275,7.0
33276,7.0
33277,7.0
33278,7.0
33279,7.0
33280,7.0
33281,7.0
33282,7.0
33283,7.0
33284,7.0
33285,7.0
33286,7.0
33287,7.0
33288,7.0
33289,7.0
33290,7.0
33291,7.0
33292,7.0
33293,7.0
33294,7.0
33295,7.0
33296,7.0
33297,7.0
33298,7.0
33299,7.0
33300,7.0
33301,7.0
33302,7.0
33303,7.0
33304,7.0
33305,7.0
33306,7.0
33307,7.0
33308,7.0
33309,7.0
33310,7.0
33311,7.0
33312,7.0
33313,7.0
33314,7.0
33315,7.0
33316,7.0
33317,7.0
33318,7.0
33319,7.0
33320,7.0
33321,7.0
33322,7.0
33323,7.0
33324,7.0
33325,7.0
33326,7.0
33327,7.0
33328,7.0
33329,7.0
33330,7.0
33331,7.0
33332,7.0
33333,7.0
33334,7.0
33335,7.0
33336,7.0
33337,7.0
33338,7.0
33339,7.0
33340,7.0
33341,7.0
33342,7.0
33343,7.0
33344,7.0
33345,7.0
33346,7.0
33347,7.0
33348,7.0
33349,7.0
33350,7.0
33351,7.0
33352,7.0
33353,7.0
33354,7.0
33355,7.0
33356,7.0
33357,7.0
33358,7.0
33359,7.0
33360,7.0
33361,7.0
33362,7.0
33363,7.0
33364,7.0
33365,7.0
33366,7.0
33367,7.0
33368,7.0
33369,6.0
33370,6.0
33371,6.0
33372,6.0
33373,6.0
33374,6.0
33375,6.0
33376,6.0
33377,6.0
33378,6.0
33379,6.0
33380,6.0
33381,6.0
33382,6.0
33383,6.0
33384,6.0
33385,6.0
33386,6.0
33387,6.0
33388,6.0
33389,6.0
33390,6.0
33391,6.0
33392,6.0
33393,6.0
33394,6.0
33395,6.0
33396,6.0
33397,6.0
33398,6.0
33399,6.0
33400,6.0
33401,6.0
33402,6.0
33403,6.0
33404,6.0
33405,6.0
33406,6.0
33407,6.0
33408,6.0
33409,6.0
33410,6.0
33411,6.0
33412,6.0
33413,6.0
33414,6.0
33415,6.0
33416,6.0
33417,6.0
33418,6.0
33419,6.0
33420,6.0
33421,6.0
33422,6.0
33423,6.0
33424,6.0
33425,6.0
33426,7.0
33427,7.0
33428,7.0
33429,7.0
33430,7.0
33431,7.0
33432,7.0
33433,7.0
33434,7.0
33435,7.0
33436,7.0
33437,7.0
33438,7.0
33439,7.0
33440,7.0
33441,7.0
33442,7.0
33443,7.0
33444,7.0
33445,7.0
33446,7.0
33447,7.0
33448,7.0
33449,7.0
33450,7.0
33451,7.0
33452,7.0
33453,7.0
33454,7.0
33455,7.0
33456,7.0
33457,7.0
33458,7.0
33459,7.0
33460,7.0
33461,7.0
33462,7.0
33463,7.0
33464,7.0
33465,7.0
33466,7.0
33467,7.0
33468,7.0
33469,7.0
33470,7.0
33471,7.0
33472,7.0
33473,7.0
33474,7.0
33475,7.0
33476,7.0
33477,7.0
33478,7.0
33479,7.0
33480,7.0
33481,7.0
33482,7.0
33483,7.0
33484,7.0
33485,7.0
33486,7.0
33487,7.0
33488,7.0
33489,7.0
33490,7.0
33491,7.0
33492,7.0
33493,7.0
33494,7.0
33495,7.0
33496,7.0
33497,7.0
33498,7.0
33499,7.0
33500,7.0
33501,7.0
33502,7.0
33503,7.0
33504,7.0
33505,7.0
33506,7.0
33507,7.0
33508,7.0
33509,7.0
33510,7.0
33511,7.0
33512,7.0
33513,7.0
33514,7.0
33515,7.0
33516,7.0
33517,7.0
33518,7.0
33519,7.0
33520,7.0
33521,7.0
33522,7.0
33523,7.0
33524,7.0
33525,7.0
33526,7.0
33527,7.0
33528,7.0
33529,7.0
33530,7.0
33531,7.0
33532,7.0
33533,7.0
33534,7.0
33535,7.0
33536,7.0
33537,7.0
33538,7.0
33539,7.0
33540,7.0
33541,7.0
33542,7.0
33543,7.0
33544,7.0
33545,7.0
33546,7.0
33547,7.0
33548,7.0
33549,7.0
33550,7.0
33551,7.0
33552,7.0
33553,7.0
33554,7.0
33555,7.0
33556,7.0
33557,7.0
33558,7.0
33559,7.0
33560,7.0
33561,7.0
33562,7.0
33563,7.0
33564,7.0
33565,7.0
33566,7.0
33567,7.0
33568,7.0
33569,7.0
33570,7.0
33571,7.0
33572,7.0
33573,7.0
33574,7.0
33575,7.0
33576,7.0
33577,7.0
33578,7.0
33579,7.0
33580,7.0
33581,7.0
33582,7.0
33583,7.0
33584,7.0
33585,7.0
33586,7.0
33587,7.0
33588,7.0
33589,7.0
33590,7.0
33591,7.0
33592,7.0
33593,7.0
33594,7.0
33595,7.0
33596,7.0
33597,7.0
33598,7.0
33599,7.0
33600,7.0
33601,7.0
33602,7.0
33603,7.0
33604,7.0
33605,7.0
33606,7.0
33607,7.0
33608,7.0
33609,7.0
33610,7.0
33611,7.0
33612,7.0
33613,7.0
33614,7.0
33615,7.0
33616,7.0
33617,7.0
33618,7.0
33619,7.0
33620,7.0
33621,7.0
33622,7.0
33623,7.0
33624,7.0
33625,7.0
33626,7.0
33627,7.0
33628,7.0
33629,7.0
33630,7.0
33631,7.0
33632,7.0
33633,7.0
33634,7.0
33635,7.0
33636,7.0
33637,7.0
33638,7.0
33639,7.0
33640,7.0
33641,7.0
33642,7.0
33643,7.0
33644,7.0
33645,7.0
33646,7.0
33647,7.0
33648,7.0
33649,7.0
33650,7.0
33651,7.0
33652,7.0
33653,7.0
33654,7.0
33655,7.0
33656,7.0
33657,7.0
33658,7.0
33659,7.0
33660,7.0
33661,7.0
33662,7.0
33663,7.0
33664,7.0
33665,7.0
33666,7.0
33667,7.0
33668,7.0
33669,7.0
33670,7.0
33671,7.0
33672,7.0
33673,7.0
33674,7.0
33675,7.0
33676,7.0
33677,7.0
33678,7.0
33679,7.0
33680,7.0
33681,7.0
33682,7.0
33683,7.0
33684,7.0
33685,7.0
33686,7.0
33687,7.0
33688,7.0
33689,7.0
33690,7.0
33691,7.0
33692,7.0
33693,7.0
33694,7.0
33695,7.0
33696,7.0
33697,7.0
33698,7.0
33699,7.0
33700,7.0
33701,7.0
33702,7.0
33703,7.0
33704,7.0
33705,7.0
33706,7.0
33707,7.0
33708,7.0
33709,7.0
33710,7.0
33711,7.0
33712,7.0
33713,7.0
33714,7.0
33715,7.0
33716,7.0
33717,7.0
33718,7.0
33719,7.0
33720,7.0
33721,7.0
33722,7.0
33723,7.0
33724,7.0
33725,7.0
33726,7.0
33727,7.0
33728,7.0
33729,7.0
33730,7.0
33731,7.0
33732,7.0
33733,7.0
33734,7.0
33735,7.0
33736,7.0
33737,7.0
33738,7.0
33739,7.0
33740,7.0
33741,7.0
33742,7.0
33743,7.0
33744,7.0
33745,6.0
33746,6.0
33747,6.0
33748,6.0
33749,6.0
33750,6.0
33751,6.0
33752,6.0
33753,6.0
33754,6.0
33755,6.0
33756,6.0
33757,6.0
33758,6.0
33759,6.0
33760,6.0
33761,6.0
33762,6.0
33763,6.0
33764,6.0
33765,6.0
33766,6.0
33767,6.0
33768,6.0
33769,6.0
33770,6.0
33771,6.0
33772,6.0
33773,6.0
33774,6.0
33775,6.0
33776,6.0
33777,6.0
33778,6.0
33779,6.0
33780,6.0
33781,6.0
33782,6.0
33783,6.0
33784,6.0
33785,6.0
33786,6.0
33787,6.0
33788,6.0
33789,6.0
33790,6.0
33791,6.0
33792,6.0
33793,6.0
33794,6.0
33795,6.0
33796,6.0
33797,6.0
33798,6.0
33799,6.0
33800,6.0
33801,6.0
33802,6.0
33803,6.0
33804,6.0
33805,6.0
33806,6.0
33807,6.0
33808,6.0
33809,6.0
33810,6.0
33811,6.0
33812,6.0
33813,6.0
33814,6.0
33815,6.0
33816,6.0
33817,6.0
33818,6.0
33819,6.0
33820,6.0
33821,6.0
33822,6.0
33823,6.0
33824,6.0
33825,6.0
33826,6.0
33827,6.0
33828,6.0
33829,6.0
33830,6.0
33831,6.0
33832,6.0
33833,6.0
33834,6.0
33835,6.0
33836,6.0
33837,6.0
33838,6.0
33839,6.0
33840,6.0
33841,6.0
33842,6.0
33843,6.0
33844,6.0
33845,6.0
33846,6.0
33847,6.0
33848,6.0
33849,6.0
33850,6.0
33851,6.0
33852,6.0
33853,6.0
33854,6.0
33855,6.0
33856,6.0
33857,6.0
33858,6.0
33859,6.0
33860,6.0
33861,6.0
33862,6.0
33863,6.0
33864,6.0
33865,6.0
33866,6.0
33867,6.0
33868,6.0
33869,6.0
33870,6.0
33871,6.0
33872,6.0
33873,6.0
33874,6.0
33875,6.0
33876,6.0
33877,6.0
33878,6.0
33879,6.0
33880,6.0
33881,6.0
33882,6.0
33883,6.0
33884,6.0
33885,6.0
33886,6.0
33887,6.0
33888,6.0
33889,6.0
33890,6.0
33891,6.0
33892,6.0
33893,6.0
33894,6.0
33895,6.0
33896,6.0
33897,6.0
33898,6.0
33899,6.0
33900,6.0
33901,6.0
33902,6.0
33903,6.0
33904,6.0
33905,6.0
33906,6.0
33907,6.0
33908,6.0
33909,6.0
33910,6.0
33911,6.0
33912,6.0
33913,6.0
33914,6.0
33915,6.0
33916,6.0
33917,5.0
33918,5.0
33919,5.0
33920,5.0
33921,5.0
33922,5.0
33923,5.0
33924,5.0
33925,5.0
33926,5.0
33927,5.0
33928,5.0
33929,5.0
33930,5.0
33931,5.0
33932,5.0
33933,5.0
33934,5.0
33935,5.0
33936,5.0
33937,5.0
33938,5.0
33939,5.0
33940,5.0
33941,5.0
33942,5.0
33943,5.0
33944,5.0
33945,5.0
33946,5.0
33947,5.0
33948,5.0
33949,5.0
33950,5.0
33951,5.0
33952,5.0
33953,5.0
33954,5.0
33955,5.0
33956,5.0
33957,5.0
33958,5.0
33959,5.0
33960,5.0
33961,5.0
33962,5.0
33963,5.0
33964,5.0
33965,5.0
33966,5.0
33967,5.0
33968,5.0
33969,5.0
33970,5.0
33971,5.0
33972,5.0
33973,5.0
33974,5.0
33975,5.0
33976,5.0
33977,5.0
33978,5.0
33979,5.0
33980,5.0
33981,5.0
33982,5.0
33983,5.0
33984,5.0
33985,5.0
33986,5.0
33987,5.0
33988,5.0
33989,5.0
33990,5.0
33991,5.0
33992,5.0
33993,5.0
33994,5.0
33995,5.0
33996,5.0
33997,5.0
33998,5.0
33999,5.0
34000,5.0
34001,5.0
34002,5.0
34003,5.0
34004,5.0
34005,5.0
34006,5.0
34007,5.0
34008,5.0
34009,5.0
34010,5.0
34011,5.0
34012,5.0
34013,5.0
34014,5.0
34015,5.0
34016,5.0
34017,5.0
34018,5.0
34019,5.0
34020,5.0
34021,5.0
34022,5.0
34023,5.0
34024,5.0
34025,5.0
34026,5.0
34027,5.0
34028,5.0
34029,5.0
34030,5.0
34031,5.0
34032,5.0
34033,5.0
34034,5.0
34035,5.0
34036,5.0
34037,5.0
34038,5.0
34039,5.0
34040,5.0
34041,5.0
34042,5.0
34043,5.0
34044,5.0
34045,5.0
34046,5.0
34047,5.0
34048,5.0
34049,5.0
34050,5.0
34051,5.0
34052,5.0
34053,5.0
34054,5.0
34055,5.0
34056,5.0
34057,5.0
34058,6.0
34059,6.0
34060,6.0
34061,6.0
34062,6.0
34063,6.0
34064,6.0
34065,6.0
34066,6.0
34067,7.0
34068,7.0
34069,7.0
34070,7.0
34071,7.0
34072,7.0
34073,7.0
34074,7.0
34075,7.0
34076,7.0
34077,7.0
34078,7.0
34079,7.0
34080,7.0
34081,7.0
34082,7.0
34083,7.0
34084,7.0
34085,7.0
34086,7.0
34087,7.0
34088,7.0
34089,7.0
34090,7.0
34091,7.0
34092,7.0
34093,7.0
34094,7.0
34095,7.0
34096,7.0
34097,7.0
34098,7.0
34099,7.0
34100,7.0
34101,7.0
34102,7.0
34103,7.0
34104,7.0
34105,7.0
34106,7.0
34107,7.0
34108,7.0
34109,7.0
34110,7.0
34111,7.0
34112,7.0
34113,7.0
34114,7.0
34115,7.0
34116,7.0
34117,7.0
34118,7.0
34119,7.0
34120,7.0
34121,7.0
34122,7.0
34123,7.0
34124,7.0
34125,7.0
34126,7.0
34127,7.0
34128,7.0
34129,7.0
34130,7.0
34131,7.0
34132,7.0
34133,7.0
34134,7.0
34135,7.0
34136,7.0
34137,7.0
34138,7.0
34139,7.0
34140,7.0
34141,7.0
34142,7.0
34143,7.0
34144,7.0
34145,7.0
34146,7.0
34147,7.0
34148,7.0
34149,7.0
34150,7.0
34151,7.0
34152,7.0
34153,7.0
34154,7.0
34155,7.0
34156,7.0
34157,7.0
34158,7.0
34159,7.0
34160,7.0
34161,7.0
34162,7.0
34163,7.0
34164,7.0
34165,7.0
34166,7.0
34167,7.0
34168,7.0
34169,7.0
34170,7.0
34171,7.0
34172,7.0
34173,7.0
34174,7.0
34175,7.0
34176,7.0
34177,7.0
34178,7.0
34179,7.0
34180,7.0
34181,7.0
34182,7.0
34183,7.0
34184,7.0
34185,7.0
34186,7.0
34187,7.0
34188,7.0
34189,7.0
34190,7.0
34191,7.0
34192,7.0
34193,7.0
34194,7.0
34195,7.0
34196,7.0
34197,7.0
34198,7.0
34199,7.0
34200,7.0
34201,7.0
34202,7.0
34203,7.0
34204,7.0
34205,7.0
34206,7.0
34207,7.0
34208,7.0
34209,7.0
34210,7.0
34211,7.0
34212,7.0
34213,7.0
34214,7.0
34215,7.0
34216,7.0
34217,7.0
34218,7.0
34219,7.0
34220,7.0
34221,7.0
34222,7.0
34223,7.0
34224,7.0
34225,7.0
34226,7.0
34227,7.0
34228,7.0
34229,7.0
34230,7.0
34231,7.0
34232,7.0
34233,7.0
34234,7.0
34235,7.0
34236,7.0
34237,7.0
34238,7.0
34239,7.0
34240,7.0
34241,7.0
34242,7.0
34243,7.0
34244,7.0
34245,7.0
34246,7.0
34247,7.0
34248,7.0
34249,7.0
34250,7.0
34251,7.0
34252,7.0
34253,7.0
34254,7.0
34255,7.0
34256,7.0
34257,7.0
34258,7.0
34259,7.0
34260,7.0
34261,7.0
34262,7.0
34263,7.0
34264,7.0
34265,7.0
34266,7.0
34267,7.0
34268,7.0
34269,7.0
34270,7.0
34271,7.0
34272,7.0
34273,7.0
34274,7.0
34275,7.0
34276,7.0
34277,7.0
34278,7.0
34279,7.0
34280,7.0
34281,7.0
34282,7.0
34283,7.0
34284,7.0
34285,7.0
34286,7.0
34287,7.0
34288,7.0
34289,7.0
34290,7.0
34291,7.0
34292,7.0
34293,7.0
34294,7.0
34295,7.0
34296,7.0
34297,7.0
34298,7.0
34299,7.0
34300,7.0
34301,7.0
34302,7.0
34303,7.0
34304,7.0
34305,7.0
34306,7.0
34307,7.0
34308,7.0
34309,7.0
34310,7.0
34311,7.0
34312,7.0
34313,7.0
34314,7.0
34315,7.0
34316,7.0
34317,7.0
34318,7.0
34319,7.0
34320,7.0
34321,7.0
34322,6.0
34323,6.0
34324,6.0
34325,6.0
34326,6.0
34327,6.0
34328,6.0
34329,6.0
34330,6.0
34331,6.0
34332,6.0
34333,6.0
34334,6.0
34335,6.0
34336,6.0
34337,6.0
34338,6.0
34339,6.0
34340,6.0
34341,6.0
34342,6.0
34343,6.0
34344,6.0
34345,6.0
34346,6.0
34347,6.0
34348,6.0
34349,6.0
34350,6.0
34351,6.0
34352,6.0
34353,6.0
34354,6.0
34355,6.0
34356,6.0
34357,6.0
34358,6.0
34359,6.0
34360,6.0
34361,6.0
34362,6.0
34363,6.0
34364,6.0
34365,6.0
34366,6.0
34367,6.0
34368,6.0
34369,6.0
34370,6.0
34371,6.0
34372,6.0
34373,6.0
34374,6.0
34375,6.0
34376,6.0
34377,6.0
34378,6.0
34379,6.0
34380,6.0
34381,6.0
34382,6.0
34383,6.0
34384,6.0
34385,6.0
34386,6.0
34387,6.0
34388,6.0
34389,6.0
34390,6.0
34391,6.0
34392,6.0
34393,6.0
34394,6.0
34395,6.0
34396,6.0
34397,6.0
34398,6.0
34399,6.0
34400,6.0
34401,6.0
34402,5.0
34403,5.0
34404,5.0
34405,5.0
34406,5.0
34407,5.0
34408,5.0
34409,5.0
34410,5.0
34411,5.0
34412,5.0
34413,5.0
34414,5.0
34415,5.0
34416,5.0
34417,5.0
34418,5.0
34419,5.0
34420,5.0
34421,5.0
34422,5.0
34423,5.0
34424,5.0
34425,5.0
34426,5.0
34427,5.0
34428,5.0
34429,5.0
34430,5.0
34431,6.0
34432,6.0
34433,6.0
34434,6.0
34435,6.0
34436,6.0
34437,6.0
34438,6.0
34439,6.0
34440,6.0
34441,6.0
34442,6.0
34443,6.0
34444,6.0
34445,6.0
34446,6.0
34447,6.0
34448,6.0
34449,6.0
34450,6.0
34451,6.0
34452,6.0
34453,6.0
34454,6.0
34455,6.0
34456,6.0
34457,6.0
34458,6.0
34459,6.0
34460,6.0
34461,6.0
34462,6.0
34463,6.0
34464,6.0
34465,6.0
34466,6.0
34467,6.0
34468,6.0
34469,6.0
34470,6.0
34471,6.0
34472,6.0
34473,6.0
34474,6.0
34475,6.0
34476,6.0
34477,6.0
34478,6.0
34479,6.0
34480,6.0
34481,6.0
34482,6.0
34483,6.0
34484,6.0
34485,6.0
34486,6.0
34487,6.0
34488,6.0
34489,6.0
34490,6.0
34491,6.0
34492,6.0
34493,6.0
34494,6.0
34495,6.0
34496,6.0
34497,6.0
34498,6.0
34499,6.0
34500,6.0
34501,6.0
34502,6.0
34503,6.0
34504,6.0
34505,6.0
34506,6.0
34507,6.0
34508,6.0
34509,6.0
34510,6.0
34511,6.0
34512,6.0
34513,6.0
34514,6.0
34515,6.0
34516,6.0
34517,6.0
34518,6.0
34519,6.0
34520,6.0
34521,6.0
34522,6.0
34523,6.0
34524,6.0
34525,6.0
34526,6.0
34527,6.0
34528,6.0
34529,6.0
34530,6.0
34531,6.0
34532,6.0
34533,6.0
34534,6.0
34535,6.0
34536,6.0
34537,6.0
34538,6.0
34539,6.0
34540,6.0
34541,6.0
34542,6.0
34543,6.0
34544,6.0
34545,6.0
34546,6.0
34547,6.0
34548,6.0
34549,6.0
34550,6.0
34551,6.0
34552,6.0
34553,6.0
34554,6.0
34555,6.0
34556,6.0
34557,6.0
34558,6.0
34559,6.0
34560,6.0
34561,6.0
34562,6.0
34563,6.0
34564,6.0
34565,6.0
34566,6.0
34567,6.0
34568,6.0
34569,6.0
34570,6.0
34571,6.0
34572,6.0
34573,6.0
34574,6.0
34575,6.0
34576,6.0
34577,6.0
34578,6.0
34579,6.0
34580,6.0
34581,6.0
34582,6.0
34583,6.0
34584,6.0
34585,6.0
34586,6.0
34587,6.0
34588,6.0
34589,6.0
34590,6.0
34591,6.0
34592,6.0
34593,6.0
34594,6.0
34595,6.0
34596,6.0
34597,6.0
34598,6.0
34599,6.0
34600,6.0
34601,5.0
34602,5.0
34603,5.0
34604,6.0
34605,6.0
34606,6.0
34607,6.0
34608,6.0
34609,6.0
34610,6.0
34611,6.0
34612,6.0
34613,6.0
34614,6.0
34615,6.0
34616,6.0
34617,6.0
34618,6.0
34619,6.0
34620,6.0
34621,6.0
34622,6.0
34623,6.0
34624,6.0
34625,6.0
34626,6.0
34627,6.0
34628,6.0
34629,6.0
34630,6.0
34631,6.0
34632,6.0
34633,6.0
34634,6.0
34635,6.0
34636,6.0
34637,6.0
34638,6.0
34639,6.0
34640,6.0
34641,6.0
34642,6.0
34643,6.0
34644,6.0
34645,6.0
34646,6.0
34647,6.0
34648,6.0
34649,6.0
34650,6.0
34651,6.0
34652,6.0
34653,6.0
34654,6.0
34655,6.0
34656,6.0
34657,6.0
34658,6.0
34659,6.0
34660,6.0
34661,6.0
34662,6.0
34663,6.0
34664,6.0
34665,6.0
34666,6.0
34667,6.0
34668,6.0
34669,6.0
34670,6.0
34671,6.0
34672,7.0
34673,7.0
34674,7.0
34675,7.0
34676,7.0
34677,7.0
34678,7.0
34679,7.0
34680,7.0
34681,7.0
34682,7.0
34683,7.0
34684,7.0
34685,7.0
34686,7.0
34687,7.0
34688,7.0
34689,7.0
34690,7.0
34691,7.0
34692,7.0
34693,7.0
34694,7.0
34695,7.0
34696,7.0
34697,7.0
34698,7.0
34699,7.0
34700,7.0
34701,7.0
34702,7.0
34703,7.0
34704,7.0
34705,7.0
34706,7.0
34707,7.0
34708,7.0
34709,7.0
34710,7.0
34711,7.0
34712,7.0
34713,7.0
34714,7.0
34715,7.0
34716,7.0
34717,7.0
34718,7.0
34719,7.0
34720,7.0
34721,7.0
34722,7.0
34723,7.0
34724,7.0
34725,7.0
34726,7.0
34727,7.0
34728,7.0
34729,7.0
34730,7.0
34731,7.0
34732,7.0
34733,7.0
34734,7.0
34735,7.0
34736,7.0
34737,7.0
34738,7.0
34739,7.0
34740,7.0
34741,7.0
34742,7.0
34743,7.0
34744,7.0
34745,7.0
34746,7.0
34747,7.0
34748,7.0
34749,7.0
34750,7.0
34751,7.0
34752,7.0
34753,7.0
34754,7.0
34755,7.0
34756,7.0
34757,7.0
34758,7.0
34759,7.0
34760,7.0
34761,7.0
34762,7.0
34763,7.0
34764,7.0
34765,7.0
34766,7.0
34767,7.0
34768,7.0
34769,7.0
34770,7.0
34771,7.0
34772,7.0
34773,7.0
34774,7.0
34775,7.0
34776,7.0
34777,7.0
34778,7.0
34779,7.0
34780,7.0
34781,7.0
34782,7.0
34783,7.0
34784,7.0
34785,7.0
34786,7.0
34787,7.0
34788,7.0
34789,7.0
34790,8.0
34791,8.0
34792,8.0
34793,8.0
34794,8.0
34795,8.0
34796,8.0
34797,8.0
34798,6.0
34799,6.0
34800,6.0
34801,6.0
34802,6.0
34803,6.0
34804,6.0
34805,6.0
34806,6.0
34807,6.0
34808,6.0
34809,6.0
34810,6.0
34811,6.0
34812,6.0
34813,6.0
34814,6.0
34815,6.0
34816,6.0
34817,6.0
34818,6.0
34819,6.0
34820,6.0
34821,6.0
34822,6.0
34823,6.0
34824,6.0
34825,6.0
34826,6.0
34827,6.0
34828,6.0
34829,6.0
34830,6.0
34831,6.0
34832,6.0
34833,6.0
34834,6.0
34835,6.0
34836,6.0
34837,6.0
34838,6.0
34839,6.0
34840,6.0
34841,6.0
34842,6.0
34843,6.0
34844,6.0
34845,6.0
34846,6.0
34847,6.0
34848,6.0
34849,6.0
34850,6.0
34851,6.0
34852,6.0
34853,6.0
34854,6.0
34855,6.0
34856,6.0
34857,6.0
34858,6.0
34859,6.0
34860,6.0
34861,6.0
34862,6.0
34863,6.0
34864,6.0
34865,6.0
34866,6.0
34867,6.0
34868,6.0
34869,6.0
34870,6.0
34871,6.0
34872,6.0
34873,6.0
34874,6.0
34875,6.0
34876,6.0
34877,6.0
34878,6.0
34879,6.0
34880,6.0
34881,6.0
34882,6.0
34883,6.0
34884,6.0
34885,6.0
34886,6.0
34887,6.0
34888,6.0
34889,6.0
34890,7.0
34891,7.0
34892,7.0
34893,7.0
34894,7.0
34895,7.0
34896,7.0
34897,7.0
34898,7.0
34899,7.0
34900,7.0
34901,7.0
34902,7.0
34903,7.0
34904,7.0
34905,7.0
34906,7.0
34907,7.0
34908,7.0
34909,7.0
34910,7.0
34911,7.0
34912,7.0
34913,7.0
34914,7.0
34915,7.0
34916,7.0
34917,7.0
34918,7.0
34919,7.0
34920,7.0
34921,7.0
34922,7.0
34923,7.0
34924,7.0
34925,7.0
34926,7.0
34927,7.0
34928,7.0
34929,7.0
34930,7.0
34931,7.0
34932,7.0
34933,7.0
34934,7.0
34935,7.0
34936,7.0
34937,7.0
34938,7.0
34939,7.0
34940,7.0
34941,8.0
34942,8.0
34943,8.0
34944,8.0
34945,8.0
34946,8.0
34947,8.0
34948,8.0
34949,8.0
34950,8.0
34951,8.0
34952,8.0
34953,8.0
34954,8.0
34955,8.0
34956,8.0
34957,8.0
34958,8.0
34959,8.0
34960,8.0
34961,8.0
34962,8.0
34963,8.0
34964,8.0
34965,8.0
34966,8.0
34967,8.0
34968,8.0
34969,8.0
34970,8.0
34971,8.0
34972,8.0
34973,8.0
34974,8.0
34975,8.0
34976,8.0
34977,8.0
34978,8.0
34979,8.0
34980,8.0
34981,8.0
34982,8.0
34983,8.0
34984,8.0
34985,8.0
34986,8.0
34987,8.0
34988,8.0
34989,8.0
34990,8.0
34991,8.0
34992,8.0
34993,8.0
34994,8.0
34995,8.0
34996,8.0
34997,8.0
34998,8.0
34999,8.0
35000,8.0
35001,8.0
35002,8.0
35003,8.0
35004,8.0
35005,8.0
35006,8.0
35007,8.0
35008,8.0
35009,8.0
35010,8.0
35011,8.0
35012,8.0
35013,8.0
35014,8.0
35015,8.0
35016,8.0
35017,8.0
35018,8.0
35019,8.0
35020,8.0
35021,8.0
35022,8.0
35023,8.0
35024,8.0
35025,8.0
35026,8.0
35027,8.0
35028,8.0
35029,8.0
35030,8.0
35031,8.0
35032,8.0
35033,8.0
35034,8.0
35035,8.0
35036,8.0
35037,8.0
35038,8.0
35039,8.0
35040,8.0
35041,8.0
35042,8.0
35043,8.0
35044,8.0
35045,8.0
35046,8.0
35047,8.0
35048,8.0
35049,8.0
35050,8.0
35051,8.0
35052,8.0
35053,8.0
35054,8.0
35055,8.0
35056,8.0
35057,8.0
35058,8.0
35059,8.0
35060,8.0
35061,8.0
35062,8.0
35063,8.0
35064,8.0
35065,8.0
35066,8.0
35067,8.0
35068,8.0
35069,8.0
35070,8.0
35071,8.0
35072,8.0
35073,8.0
35074,8.0
35075,8.0
35076,8.0
35077,8.0
35078,8.0
35079,8.0
35080,8.0
35081,8.0
35082,8.0
35083,8.0
35084,8.0
35085,8.0
35086,8.0
35087,8.0
35088,8.0
35089,8.0
35090,8.0
35091,8.0
35092,8.0
35093,8.0
35094,8.0
35095,8.0
35096,8.0
35097,8.0
35098,8.0
35099,8.0
35100,8.0
35101,8.0
35102,8.0
35103,8.0
35104,8.0
35105,8.0
35106,8.0
35107,8.0
35108,8.0
35109,8.0
35110,8.0
35111,8.0
35112,8.0
35113,8.0
35114,8.0
35115,8.0
35116,8.0
35117,8.0
35118,7.0
35119,7.0
35120,7.0
35121,7.0
35122,7.0
35123,7.0
35124,7.0
35125,7.0
35126,7.0
35127,7.0
35128,7.0
35129,7.0
35130,7.0
35131,7.0
35132,7.0
35133,7.0
35134,7.0
35135,8.0
35136,8.0
35137,8.0
35138,8.0
35139,8.0
35140,8.0
35141,8.0
35142,8.0
35143,8.0
35144,8.0
35145,8.0
35146,8.0
35147,8.0
35148,8.0
35149,8.0
35150,8.0
35151,8.0
35152,8.0
35153,8.0
35154,8.0
35155,8.0
35156,8.0
35157,8.0
35158,8.0
35159,8.0
35160,8.0
35161,8.0
35162,8.0
35163,8.0
35164,8.0
35165,8.0
35166,8.0
35167,8.0
35168,8.0
35169,8.0
35170,8.0
35171,8.0
35172,8.0
35173,8.0
35174,8.0
35175,8.0
35176,8.0
35177,8.0
35178,8.0
35179,8.0
35180,8.0
35181,8.0
35182,8.0
35183,8.0
35184,8.0
35185,8.0
35186,8.0
35187,8.0
35188,8.0
35189,8.0
35190,8.0
35191,8.0
35192,8.0
35193,8.0
35194,8.0
35195,8.0
35196,8.0
35197,8.0
35198,8.0
35199,8.0
35200,8.0
35201,6.0
35202,6.0
35203,6.0
35204,6.0
35205,6.0
35206,6.0
35207,6.0
35208,6.0
35209,6.0
35210,6.0
35211,6.0
35212,6.0
35213,6.0
35214,6.0
35215,6.0
35216,6.0
35217,6.0
35218,6.0
35219,6.0
35220,6.0
35221,6.0
35222,6.0
35223,6.0
35224,6.0
35225,6.0
35226,6.0
35227,6.0
35228,6.0
35229,6.0
35230,6.0
35231,6.0
35232,6.0
35233,6.0
35234,6.0
35235,6.0
35236,6.0
35237,6.0
35238,6.0
35239,6.0
35240,6.0
35241,6.0
35242,6.0
35243,6.0
35244,6.0
35245,6.0
35246,6.0
35247,6.0
35248,6.0
35249,6.0
35250,6.0
35251,6.0
35252,6.0
35253,6.0
35254,6.0
35255,6.0
35256,6.0
35257,6.0
35258,6.0
35259,6.0
35260,6.0
35261,6.0
35262,6.0
35263,6.0
35264,6.0
35265,6.0
35266,6.0
35267,6.0
35268,6.0
35269,6.0
35270,6.0
35271,6.0
35272,6.0
35273,6.0
35274,6.0
35275,6.0
35276,6.0
35277,6.0
35278,6.0
35279,6.0
35280,6.0
35281,6.0
35282,6.0
35283,6.0
35284,6.0
35285,6.0
35286,6.0
35287,6.0
35288,6.0
35289,6.0
35290,6.0
35291,6.0
35292,6.0
35293,6.0
35294,6.0
35295,6.0
35296,6.0
35297,6.0
35298,6.0
35299,6.0
35300,6.0
35301,6.0
35302,6.0
35303,6.0
35304,6.0
35305,6.0
35306,6.0
35307,6.0
35308,6.0
35309,6.0
35310,6.0
35311,6.0
35312,6.0
35313,6.0
35314,6.0
35315,6.0
35316,6.0
35317,6.0
35318,6.0
35319,6.0
35320,6.0
35321,6.0
35322,6.0
35323,6.0
35324,6.0
35325,6.0
35326,6.0
35327,6.0
35328,6.0
35329,6.0
35330,6.0
35331,6.0
35332,6.0
35333,6.0
35334,6.0
35335,6.0
35336,6.0
35337,6.0
35338,6.0
35339,6.0
35340,6.0
35341,6.0
35342,6.0
35343,6.0
35344,6.0
35345,6.0
35346,6.0
35347,6.0
35348,6.0
35349,6.0
35350,6.0
35351,6.0
35352,6.0
35353,6.0
35354,6.0
35355,6.0
35356,6.0
35357,6.0
35358,6.0
35359,6.0
35360,6.0
35361,6.0
35362,6.0
35363,6.0
35364,6.0
35365,6.0
35366,6.0
35367,6.0
35368,6.0
35369,6.0
35370,6.0
35371,6.0
35372,6.0
35373,6.0
35374,6.0
35375,6.0
35376,6.0
35377,6.0
35378,6.0
35379,6.0
35380,6.0
35381,6.0
35382,6.0
35383,6.0
35384,6.0
35385,6.0
35386,6.0
35387,6.0
35388,6.0
35389,6.0
35390,6.0
35391,6.0
35392,6.0
35393,6.0
35394,6.0
35395,6.0
35396,6.0
35397,6.0
35398,6.0
35399,6.0
35400,6.0
35401,6.0
35402,6.0
35403,6.0
35404,6.0
35405,6.0
35406,6.0
35407,6.0
35408,6.0
35409,6.0
35410,6.0
35411,6.0
35412,6.0
35413,6.0
35414,6.0
35415,6.0
35416,6.0
35417,6.0
35418,6.0
35419,6.0
35420,6.0
35421,6.0
35422,6.0
35423,6.0
35424,6.0
35425,6.0
35426,6.0
35427,6.0
35428,6.0
35429,6.0
35430,6.0
35431,6.0
35432,6.0
35433,6.0
35434,6.0
35435,6.0
35436,6.0
35437,6.0
35438,6.0
35439,6.0
35440,6.0
35441,6.0
35442,6.0
35443,6.0
35444,6.0
35445,6.0
35446,6.0
35447,6.0
35448,6.0
35449,6.0
35450,6.0
35451,6.0
35452,6.0
35453,6.0
35454,6.0
35455,6.0
35456,6.0
35457,6.0
35458,6.0
35459,6.0
35460,6.0
35461,6.0
35462,6.0
35463,6.0
35464,6.0
35465,6.0
35466,6.0
35467,6.0
35468,6.0
35469,6.0
35470,6.0
35471,6.0
35472,6.0
35473,6.0
35474,6.0
35475,6.0
35476,6.0
35477,6.0
35478,6.0
35479,6.0
35480,6.0
35481,6.0
35482,6.0
35483,6.0
35484,6.0
35485,6.0
35486,6.0
35487,6.0
35488,6.0
35489,6.0
35490,6.0
35491,6.0
35492,6.0
35493,6.0
35494,6.0
35495,6.0
35496,6.0
35497,6.0
35498,6.0
35499,6.0
35500,6.0
35501,6.0
35502,6.0
35503,6.0
35504,6.0
35505,6.0
35506,6.0
35507,6.0
35508,6.0
35509,6.0
35510,6.0
35511,6.0
35512,6.0
35513,6.0
35514,6.0
35515,6.0
35516,6.0
35517,6.0
35518,6.0
35519,6.0
35520,6.0
35521,6.0
35522,6.0
35523,6.0
35524,6.0
35525,6.0
35526,6.0
35527,6.0
35528,6.0
35529,6.0
35530,6.0
35531,6.0
35532,6.0
35533,6.0
35534,6.0
35535,6.0
35536,6.0
35537,6.0
35538,6.0
35539,6.0
35540,6.0
35541,6.0
35542,6.0
35543,6.0
35544,6.0
35545,6.0
35546,6.0
35547,6.0
35548,6.0
35549,6.0
35550,6.0
35551,6.0
35552,6.0
35553,6.0
35554,6.0
35555,6.0
35556,6.0
35557,6.0
35558,6.0
35559,6.0
35560,6.0
35561,6.0
35562,6.0
35563,6.0
35564,6.0
35565,6.0
35566,6.0
35567,6.0
35568,6.0
35569,6.0
35570,6.0
35571,6.0
35572,6.0
35573,6.0
35574,7.0
35575,7.0
35576,7.0
35577,7.0
35578,7.0
35579,7.0
35580,7.0
35581,7.0
35582,7.0
35583,7.0
35584,7.0
35585,7.0
35586,7.0
35587,7.0
35588,7.0
35589,7.0
35590,7.0
35591,7.0
35592,7.0
35593,7.0
35594,7.0
35595,7.0
35596,7.0
35597,7.0
35598,7.0
35599,7.0
35600,7.0
35601,7.0
35602,7.0
35603,7.0
35604,7.0
35605,7.0
35606,7.0
35607,7.0
35608,7.0
35609,7.0
35610,7.0
35611,7.0
35612,7.0
35613,7.0
35614,7.0
35615,7.0
35616,7.0
35617,7.0
35618,7.0
35619,7.0
35620,7.0
35621,7.0
35622,7.0
35623,7.0
35624,7.0
35625,7.0
35626,7.0
35627,7.0
35628,7.0
35629,7.0
35630,7.0
35631,7.0
35632,7.0
35633,7.0
35634,7.0
35635,7.0
35636,7.0
35637,7.0
35638,7.0
35639,7.0
35640,7.0
35641,7.0
35642,7.0
35643,7.0
35644,7.0
35645,7.0
35646,7.0
35647,7.0
35648,7.0
35649,7.0
35650,7.0
35651,7.0
35652,7.0
35653,7.0
35654,7.0
35655,7.0
35656,7.0
35657,7.0
35658,7.0
35659,7.0
35660,7.0
35661,7.0
35662,7.0
35663,7.0
35664,7.0
35665,7.0
35666,7.0
35667,7.0
35668,7.0
35669,7.0
35670,7.0
35671,7.0
35672,7.0
35673,7.0
35674,7.0
35675,7.0
35676,7.0
35677,7.0
35678,7.0
35679,7.0
35680,7.0
35681,7.0
35682,7.0
35683,7.0
35684,7.0
35685,7.0
35686,7.0
35687,7.0
35688,7.0
35689,7.0
35690,7.0
35691,7.0
35692,7.0
35693,7.0
35694,7.0
35695,7.0
35696,7.0
35697,7.0
35698,7.0
35699,7.0
35700,7.0
35701,7.0
35702,7.0
35703,7.0
35704,7.0
35705,7.0
35706,7.0
35707,7.0
35708,7.0
35709,7.0
35710,7.0
35711,7.0
35712,7.0
35713,7.0
35714,7.0
35715,7.0
35716,7.0
35717,7.0
35718,7.0
35719,7.0
35720,7.0
35721,7.0
35722,7.0
35723,7.0
35724,7.0
35725,7.0
35726,8.0
35727,8.0
35728,8.0
35729,8.0
35730,8.0
35731,8.0
35732,8.0
35733,8.0
35734,8.0
35735,8.0
35736,8.0
35737,8.0
35738,8.0
35739,8.0
35740,8.0
35741,8.0
35742,8.0
35743,8.0
35744,8.0
35745,8.0
35746,8.0
35747,8.0
35748,8.0
35749,8.0
35750,8.0
35751,8.0
35752,8.0
35753,8.0
35754,8.0
35755,8.0
35756,8.0
35757,8.0
35758,8.0
35759,8.0
35760,8.0
35761,8.0
35762,8.0
35763,8.0
35764,8.0
35765,8.0
35766,8.0
35767,8.0
35768,8.0
35769,8.0
35770,8.0
35771,8.0
35772,8.0
35773,8.0
35774,8.0
35775,8.0
35776,8.0
35777,8.0
35778,8.0
35779,8.0
35780,8.0
35781,8.0
35782,8.0
35783,8.0
35784,8.0
35785,8.0
35786,8.0
35787,8.0
35788,8.0
35789,8.0
35790,8.0
35791,8.0
35792,8.0
35793,8.0
35794,8.0
35795,8.0
35796,8.0
35797,8.0
35798,8.0
35799,8.0
35800,8.0
35801,8.0
35802,8.0
35803,8.0
35804,8.0
35805,8.0
35806,8.0
35807,8.0
35808,8.0
35809,8.0
35810,8.0
35811,8.0
35812,8.0
35813,8.0
35814,8.0
35815,8.0
35816,8.0
35817,8.0
35818,8.0
35819,7.0
35820,7.0
35821,7.0
35822,7.0
35823,7.0
35824,7.0
35825,7.0
35826,7.0
35827,7.0
35828,7.0
35829,7.0
35830,7.0
35831,7.0
35832,7.0
35833,7.0
35834,7.0
35835,7.0
35836,7.0
35837,7.0
35838,7.0
35839,7.0
35840,7.0
35841,7.0
35842,7.0
35843,7.0
35844,7.0
35845,7.0
35846,7.0
35847,7.0
35848,7.0
35849,7.0
35850,7.0
35851,7.0
35852,7.0
35853,7.0
35854,7.0
35855,7.0
35856,7.0
35857,7.0
35858,7.0
35859,7.0
35860,7.0
35861,7.0
35862,7.0
35863,7.0
35864,7.0
35865,7.0
35866,7.0
35867,7.0
35868,7.0
35869,7.0
35870,7.0
35871,7.0
35872,7.0
35873,6.0
35874,6.0
35875,6.0
35876,6.0
35877,6.0
35878,6.0
35879,6.0
35880,6.0
35881,6.0
35882,6.0
35883,6.0
35884,6.0
35885,6.0
35886,6.0
35887,6.0
35888,6.0
35889,6.0
35890,6.0
35891,6.0
35892,6.0
35893,6.0
35894,6.0
35895,6.0
35896,6.0
35897,6.0
35898,6.0
35899,6.0
35900,6.0
35901,6.0
35902,6.0
35903,6.0
35904,6.0
35905,6.0
35906,6.0
35907,6.0
35908,6.0
35909,6.0
35910,6.0
35911,6.0
35912,6.0
35913,6.0
35914,6.0
35915,6.0
35916,6.0
35917,6.0
35918,7.0
35919,7.0
35920,7.0
35921,7.0
35922,7.0
35923,7.0
35924,7.0
35925,7.0
35926,7.0
35927,7.0
35928,7.0
35929,7.0
35930,7.0
35931,7.0
35932,7.0
35933,7.0
35934,7.0
35935,6.0
35936,6.0
35937,6.0
35938,6.0
35939,6.0
35940,6.0
35941,6.0
35942,6.0
35943,6.0
35944,6.0
35945,6.0
35946,6.0
35947,6.0
35948,6.0
35949,6.0
35950,6.0
35951,6.0
35952,6.0
35953,6.0
35954,6.0
35955,6.0
35956,6.0
35957,6.0
35958,6.0
35959,6.0
35960,6.0
35961,6.0
35962,6.0
35963,6.0
35964,6.0
35965,6.0
35966,6.0
35967,6.0
35968,6.0
35969,6.0
35970,6.0
35971,6.0
35972,6.0
35973,6.0
35974,6.0
35975,6.0
35976,6.0
35977,6.0
35978,6.0
35979,6.0
35980,6.0
35981,6.0
35982,6.0
35983,6.0
35984,6.0
35985,6.0
35986,6.0
35987,6.0
35988,6.0
35989,6.0
35990,6.0
35991,6.0
35992,6.0
35993,6.0
35994,6.0
35995,6.0
35996,6.0
35997,6.0
35998,6.0
35999,6.0
36000,6.0
36001,6.0
36002,6.0
36003,6.0
36004,6.0
36005,6.0
36006,6.0
36007,6.0
36008,6.0
36009,6.0
36010,6.0
36011,6.0
36012,6.0
36013,6.0
36014,6.0
36015,6.0
36016,6.0
36017,6.0
36018,6.0
36019,6.0
36020,6.0
36021,6.0
36022,6.0
36023,6.0
36024,6.0
36025,6.0
36026,6.0
36027,6.0
36028,6.0
36029,6.0
36030,6.0
36031,6.0
36032,6.0
36033,6.0
36034,6.0
36035,6.0
36036,6.0
36037,6.0
36038,6.0
36039,6.0
36040,6.0
36041,6.0
36042,6.0
36043,6.0
36044,6.0
36045,6.0
36046,6.0
36047,6.0
36048,6.0
36049,6.0
36050,6.0
36051,6.0
36052,6.0
36053,6.0
36054,6.0
36055,6.0
36056,6.0
36057,6.0
36058,6.0
36059,6.0
36060,6.0
36061,6.0
36062,6.0
36063,6.0
36064,6.0
36065,6.0
36066,6.0
36067,6.0
36068,6.0
36069,6.0
36070,6.0
36071,6.0
36072,6.0
36073,6.0
36074,6.0
36075,6.0
36076,6.0
36077,6.0
36078,6.0
36079,6.0
36080,6.0
36081,6.0
36082,6.0
36083,6.0
36084,6.0
36085,6.0
36086,6.0
36087,6.0
36088,6.0
36089,6.0
36090,6.0
36091,6.0
36092,6.0
36093,6.0
36094,6.0
36095,6.0
36096,6.0
36097,6.0
36098,6.0
36099,6.0
36100,6.0
36101,6.0
36102,6.0
36103,6.0
36104,6.0
36105,6.0
36106,6.0
36107,6.0
36108,6.0
36109,6.0
36110,6.0
36111,6.0
36112,6.0
36113,6.0
36114,6.0
36115,6.0
36116,6.0
36117,6.0
36118,6.0
36119,7.0
36120,7.0
36121,7.0
36122,7.0
36123,7.0
36124,7.0
36125,7.0
36126,7.0
36127,7.0
36128,7.0
36129,7.0
36130,7.0
36131,7.0
36132,7.0
36133,7.0
36134,7.0
36135,7.0
36136,7.0
36137,7.0
36138,7.0
36139,7.0
36140,7.0
36141,7.0
36142,7.0
36143,7.0
36144,7.0
36145,7.0
36146,7.0
36147,7.0
36148,7.0
36149,7.0
36150,7.0
36151,7.0
36152,7.0
36153,7.0
36154,7.0
36155,7.0
36156,7.0
36157,7.0
36158,7.0
36159,7.0
36160,7.0
36161,7.0
36162,7.0
36163,6.0
36164,6.0
36165,6.0
36166,6.0
36167,6.0
36168,6.0
36169,6.0
36170,6.0
36171,6.0
36172,6.0
36173,6.0
36174,6.0
36175,6.0
36176,6.0
36177,5.0
36178,5.0
36179,5.0
36180,5.0
36181,5.0
36182,5.0
36183,5.0
36184,5.0
36185,5.0
36186,5.0
36187,5.0
36188,5.0
36189,5.0
36190,5.0
36191,5.0
36192,5.0
36193,5.0
36194,5.0
36195,5.0
36196,5.0
36197,5.0
36198,5.0
36199,5.0
36200,5.0
36201,5.0
36202,5.0
36203,5.0
36204,5.0
36205,5.0
36206,5.0
36207,5.0
36208,5.0
36209,5.0
36210,5.0
36211,5.0
36212,5.0
36213,5.0
36214,5.0
36215,5.0
36216,5.0
36217,5.0
36218,5.0
36219,5.0
36220,5.0
36221,5.0
36222,5.0
36223,5.0
36224,5.0
36225,5.0
36226,5.0
36227,5.0
36228,5.0
36229,5.0
36230,5.0
36231,5.0
36232,5.0
36233,5.0
36234,5.0
36235,5.0
36236,5.0
36237,5.0
36238,5.0
36239,5.0
36240,5.0
36241,5.0
36242,5.0
36243,5.0
36244,5.0
36245,5.0
36246,5.0
36247,5.0
36248,5.0
36249,5.0
36250,5.0
36251,5.0
36252,5.0
36253,5.0
36254,5.0
36255,5.0
36256,5.0
36257,5.0
36258,5.0
36259,5.0
36260,5.0
36261,5.0
36262,5.0
36263,5.0
36264,5.0
36265,5.0
36266,5.0
36267,5.0
36268,5.0
36269,5.0
36270,5.0
36271,5.0
36272,5.0
36273,5.0
36274,5.0
36275,5.0
36276,5.0
36277,5.0
36278,5.0
36279,5.0
36280,5.0
36281,5.0
36282,5.0
36283,5.0
36284,5.0
36285,5.0
36286,5.0
36287,5.0
36288,5.0
36289,5.0
36290,5.0
36291,5.0
36292,5.0
36293,5.0
36294,5.0
36295,5.0
36296,5.0
36297,5.0
36298,5.0
36299,5.0
36300,5.0
36301,5.0
36302,5.0
36303,5.0
36304,5.0
36305,5.0
36306,5.0
36307,5.0
36308,5.0
36309,5.0
36310,5.0
36311,5.0
36312,5.0
36313,5.0
36314,5.0
36315,5.0
36316,5.0
36317,5.0
36318,5.0
36319,5.0
36320,5.0
36321,5.0
36322,5.0
36323,5.0
36324,5.0
36325,5.0
36326,5.0
36327,5.0
36328,5.0
36329,5.0
36330,5.0
36331,5.0
36332,5.0
36333,5.0
36334,5.0
36335,5.0
36336,5.0
36337,5.0
36338,5.0
36339,5.0
36340,5.0
36341,5.0
36342,5.0
36343,5.0
36344,5.0
36345,5.0
36346,5.0
36347,5.0
36348,5.0
36349,5.0
36350,5.0
36351,5.0
36352,5.0
36353,5.0
36354,5.0
36355,5.0
36356,5.0
36357,5.0
36358,5.0
36359,5.0
36360,5.0
36361,5.0
36362,5.0
36363,5.0
36364,5.0
36365,5.0
36366,5.0
36367,5.0
36368,5.0
36369,5.0
36370,5.0
36371,5.0
36372,5.0
36373,6.0
36374,6.0
36375,6.0
36376,6.0
36377,6.0
36378,6.0
36379,6.0
36380,6.0
36381,6.0
36382,6.0
36383,6.0
36384,6.0
36385,6.0
36386,6.0
36387,6.0
36388,6.0
36389,6.0
36390,6.0
36391,6.0
36392,6.0
36393,6.0
36394,6.0
36395,6.0
36396,6.0
36397,6.0
36398,6.0
36399,6.0
36400,6.0
36401,6.0
36402,6.0
36403,6.0
36404,6.0
36405,6.0
36406,6.0
36407,6.0
36408,5.0
36409,5.0
36410,5.0
36411,5.0
36412,5.0
36413,5.0
36414,5.0
36415,5.0
36416,5.0
36417,5.0
36418,5.0
36419,5.0
36420,5.0
36421,5.0
36422,5.0
36423,5.0
36424,5.0
36425,5.0
36426,5.0
36427,5.0
36428,5.0
36429,5.0
36430,5.0
36431,5.0
36432,5.0
36433,5.0
36434,5.0
36435,5.0
36436,5.0
36437,5.0
36438,5.0
36439,5.0
36440,5.0
36441,5.0
36442,5.0
36443,5.0
36444,5.0
36445,5.0
36446,5.0
36447,5.0
36448,5.0
36449,5.0
36450,5.0
36451,5.0
36452,5.0
36453,5.0
36454,5.0
36455,5.0
36456,5.0
36457,5.0
36458,5.0
36459,5.0
36460,5.0
36461,5.0
36462,5.0
36463,5.0
36464,5.0
36465,5.0
36466,5.0
36467,5.0
36468,5.0
36469,5.0
36470,5.0
36471,5.0
36472,5.0
36473,5.0
36474,5.0
36475,5.0
36476,5.0
36477,5.0
36478,5.0
36479,5.0
36480,5.0
36481,5.0
36482,5.0
36483,5.0
36484,5.0
36485,5.0
36486,5.0
36487,5.0
36488,5.0
36489,5.0
36490,5.0
36491,5.0
36492,5.0
36493,5.0
36494,5.0
36495,5.0
36496,5.0
36497,5.0
36498,5.0
36499,5.0
36500,5.0
36501,5.0
36502,5.0
36503,5.0
36504,5.0
36505,5.0
36506,5.0
36507,5.0
36508,5.0
36509,5.0
36510,5.0
36511,5.0
36512,5.0
36513,5.0
36514,5.0
36515,5.0
36516,5.0
36517,5.0
36518,5.0
36519,5.0
36520,5.0
36521,5.0
36522,5.0
36523,5.0
36524,5.0
36525,5.0
36526,5.0
36527,5.0
36528,5.0
36529,5.0
36530,5.0
36531,5.0
36532,5.0
36533,5.0
36534,5.0
36535,5.0
36536,5.0
36537,5.0
36538,5.0
36539,5.0
36540,5.0
36541,5.0
36542,5.0
36543,5.0
36544,5.0
36545,5.0
36546,5.0
36547,5.0
36548,6.0
36549,6.0
36550,6.0
36551,6.0
36552,6.0
36553,6.0
36554,6.0
36555,6.0
36556,6.0
36557,6.0
36558,6.0
36559,6.0
36560,6.0
36561,6.0
36562,6.0
36563,6.0
36564,6.0
36565,6.0
36566,6.0
36567,6.0
36568,6.0
36569,6.0
36570,6.0
36571,6.0
36572,6.0
36573,6.0
36574,6.0
36575,6.0
36576,6.0
36577,6.0
36578,6.0
36579,6.0
36580,6.0
36581,6.0
36582,6.0
36583,6.0
36584,6.0
36585,6.0
36586,6.0
36587,6.0
36588,6.0
36589,6.0
36590,6.0
36591,6.0
36592,6.0
36593,6.0
36594,6.0
36595,6.0
36596,6.0
36597,6.0
36598,6.0
36599,6.0
36600,6.0
36601,6.0
36602,6.0
36603,6.0
36604,6.0
36605,6.0
36606,6.0
36607,6.0
36608,6.0
36609,6.0
36610,6.0
36611,6.0
36612,6.0
36613,6.0
36614,6.0
36615,6.0
36616,6.0
36617,6.0
36618,6.0
36619,6.0
36620,6.0
36621,6.0
36622,6.0
36623,6.0
36624,6.0
36625,6.0
36626,6.0
36627,6.0
36628,6.0
36629,6.0
36630,6.0
36631,6.0
36632,6.0
36633,6.0
36634,6.0
36635,6.0
36636,6.0
36637,6.0
36638,6.0
36639,6.0
36640,6.0
36641,6.0
36642,6.0
36643,6.0
36644,6.0
36645,6.0
36646,6.0
36647,6.0
36648,6.0
36649,6.0
36650,6.0
36651,6.0
36652,6.0
36653,6.0
36654,6.0
36655,6.0
36656,6.0
36657,6.0
36658,6.0
36659,6.0
36660,6.0
36661,6.0
36662,6.0
36663,6.0
36664,6.0
36665,6.0
36666,6.0
36667,6.0
36668,6.0
36669,6.0
36670,6.0
36671,6.0
36672,6.0
36673,6.0
36674,7.0
36675,7.0
36676,7.0
36677,7.0
36678,7.0
36679,7.0
36680,7.0
36681,7.0
36682,7.0
36683,7.0
36684,7.0
36685,7.0
36686,7.0
36687,7.0
36688,7.0
36689,7.0
36690,7.0
36691,7.0
36692,7.0
36693,7.0
36694,7.0
36695,7.0
36696,7.0
36697,7.0
36698,7.0
36699,7.0
36700,7.0
36701,7.0
36702,7.0
36703,7.0
36704,7.0
36705,7.0
36706,7.0
36707,7.0
36708,7.0
36709,7.0
36710,7.0
36711,7.0
36712,7.0
36713,7.0
36714,7.0
36715,7.0
36716,7.0
36717,7.0
36718,7.0
36719,7.0
36720,7.0
36721,7.0
36722,7.0
36723,7.0
36724,7.0
36725,7.0
36726,7.0
36727,7.0
36728,7.0
36729,7.0
36730,7.0
36731,7.0
36732,7.0
36733,7.0
36734,7.0
36735,7.0
36736,7.0
36737,7.0
36738,7.0
36739,7.0
36740,7.0
36741,7.0
36742,7.0
36743,7.0
36744,7.0
36745,7.0
36746,7.0
36747,7.0
36748,7.0
36749,7.0
36750,7.0
36751,7.0
36752,7.0
36753,7.0
36754,7.0
36755,7.0
36756,7.0
36757,7.0
36758,7.0
36759,7.0
36760,7.0
36761,7.0
36762,7.0
36763,7.0
36764,7.0
36765,7.0
36766,7.0
36767,7.0
36768,7.0
36769,7.0
36770,7.0
36771,7.0
36772,7.0
36773,7.0
36774,6.0
36775,6.0
36776,6.0
36777,6.0
36778,6.0
36779,6.0
36780,6.0
36781,6.0
36782,6.0
36783,6.0
36784,6.0
36785,6.0
36786,6.0
36787,6.0
36788,6.0
36789,6.0
36790,6.0
36791,6.0
36792,6.0
36793,6.0
36794,6.0
36795,6.0
36796,6.0
36797,6.0
36798,6.0
36799,6.0
36800,6.0
36801,6.0
36802,6.0
36803,6.0
36804,6.0
36805,6.0
36806,6.0
36807,7.0
36808,7.0
36809,7.0
36810,7.0
36811,7.0
36812,7.0
36813,7.0
36814,7.0
36815,7.0
36816,7.0
36817,7.0
36818,7.0
36819,7.0
36820,7.0
36821,7.0
36822,7.0
36823,7.0
36824,7.0
36825,7.0
36826,7.0
36827,7.0
36828,7.0
36829,7.0
36830,7.0
36831,7.0
36832,7.0
36833,7.0
36834,7.0
36835,7.0
36836,7.0
36837,7.0
36838,7.0
36839,7.0
36840,7.0
36841,7.0
36842,7.0
36843,7.0
36844,7.0
36845,7.0
36846,7.0
36847,7.0
36848,7.0
36849,7.0
36850,7.0
36851,7.0
36852,7.0
36853,7.0
36854,7.0
36855,7.0
36856,7.0
36857,7.0
36858,7.0
36859,7.0
36860,7.0
36861,7.0
36862,7.0
36863,7.0
36864,7.0
36865,7.0
36866,7.0
36867,7.0
36868,7.0
36869,7.0
36870,7.0
36871,7.0
36872,7.0
36873,7.0
36874,7.0
36875,7.0
36876,7.0
36877,7.0
36878,7.0
36879,7.0
36880,7.0
36881,7.0
36882,7.0
36883,7.0
36884,7.0
36885,7.0
36886,7.0
36887,7.0
36888,7.0
36889,7.0
36890,7.0
36891,7.0
36892,7.0
36893,7.0
36894,7.0
36895,7.0
36896,7.0
36897,7.0
36898,7.0
36899,7.0
36900,7.0
36901,7.0
36902,7.0
36903,7.0
36904,7.0
36905,7.0
36906,7.0
36907,7.0
36908,7.0
36909,7.0
36910,7.0
36911,7.0
36912,7.0
36913,7.0
36914,7.0
36915,7.0
36916,7.0
36917,7.0
36918,7.0
36919,7.0
36920,7.0
36921,7.0
36922,7.0
36923,7.0
36924,7.0
36925,7.0
36926,7.0
36927,7.0
36928,7.0
36929,7.0
36930,7.0
36931,7.0
36932,7.0
36933,7.0
36934,7.0
36935,7.0
36936,7.0
36937,7.0
36938,7.0
36939,7.0
36940,7.0
36941,7.0
36942,7.0
36943,7.0
36944,7.0
36945,7.0
36946,7.0
36947,7.0
36948,7.0
36949,7.0
36950,7.0
36951,7.0
36952,7.0
36953,7.0
36954,7.0
36955,7.0
36956,7.0
36957,7.0
36958,7.0
36959,7.0
36960,7.0
36961,7.0
36962,7.0
36963,7.0
36964,7.0
36965,7.0
36966,7.0
36967,7.0
36968,7.0
36969,7.0
36970,7.0
36971,7.0
36972,7.0
36973,7.0
36974,7.0
36975,7.0
36976,7.0
36977,7.0
36978,7.0
36979,7.0
36980,7.0
36981,7.0
36982,7.0
36983,7.0
36984,7.0
36985,7.0
36986,7.0
36987,7.0
36988,7.0
36989,7.0
36990,7.0
36991,7.0
36992,7.0
36993,7.0
36994,7.0
36995,7.0
36996,7.0
36997,7.0
36998,7.0
36999,7.0
37000,7.0
37001,7.0
37002,7.0
37003,7.0
37004,7.0
37005,7.0
37006,7.0
37007,7.0
37008,7.0
37009,7.0
37010,7.0
37011,7.0
37012,7.0
37013,7.0
37014,7.0
37015,7.0
37016,7.0
37017,7.0
37018,7.0
37019,7.0
37020,7.0
37021,7.0
37022,7.0
37023,7.0
37024,7.0
37025,7.0
37026,7.0
37027,7.0
37028,7.0
37029,7.0
37030,7.0
37031,7.0
37032,7.0
37033,7.0
37034,7.0
37035,7.0
37036,7.0
37037,7.0
37038,7.0
37039,7.0
37040,7.0
37041,7.0
37042,7.0
37043,7.0
37044,7.0
37045,7.0
37046,7.0
37047,7.0
37048,7.0
37049,7.0
37050,7.0
37051,7.0
37052,7.0
37053,7.0
37054,7.0
37055,7.0
37056,7.0
37057,7.0
37058,7.0
37059,7.0
37060,7.0
37061,7.0
37062,7.0
37063,7.0
37064,7.0
37065,7.0
37066,7.0
37067,7.0
37068,7.0
37069,7.0
37070,7.0
37071,7.0
37072,7.0
37073,7.0
37074,7.0
37075,7.0
37076,7.0
37077,7.0
37078,7.0
37079,7.0
37080,7.0
37081,7.0
37082,7.0
37083,7.0
37084,7.0
37085,7.0
37086,7.0
37087,7.0
37088,7.0
37089,7.0
37090,7.0
37091,7.0
37092,7.0
37093,7.0
37094,7.0
37095,7.0
37096,7.0
37097,7.0
37098,7.0
37099,7.0
37100,7.0
37101,7.0
37102,7.0
37103,7.0
37104,7.0
37105,7.0
37106,7.0
37107,7.0
37108,7.0
37109,7.0
37110,7.0
37111,7.0
37112,7.0
37113,7.0
37114,7.0
37115,7.0
37116,7.0
37117,7.0
37118,7.0
37119,7.0
37120,7.0
37121,7.0
37122,7.0
37123,7.0
37124,7.0
37125,7.0
37126,7.0
37127,7.0
37128,6.0
37129,6.0
37130,6.0
37131,6.0
37132,6.0
37133,6.0
37134,6.0
37135,6.0
37136,6.0
37137,6.0
37138,6.0
37139,6.0
37140,6.0
37141,6.0
37142,6.0
37143,6.0
37144,6.0
37145,6.0
37146,6.0
37147,6.0
37148,6.0
37149,6.0
37150,6.0
37151,6.0
37152,6.0
37153,6.0
37154,6.0
37155,6.0
37156,6.0
37157,6.0
37158,6.0
37159,6.0
37160,6.0
37161,6.0
37162,6.0
37163,6.0
37164,6.0
37165,6.0
37166,6.0
37167,6.0
37168,6.0
37169,6.0
37170,6.0
37171,6.0
37172,6.0
37173,6.0
37174,6.0
37175,6.0
37176,6.0
37177,6.0
37178,6.0
37179,6.0
37180,6.0
37181,6.0
37182,6.0
37183,6.0
37184,6.0
37185,6.0
37186,6.0
37187,6.0
37188,6.0
37189,6.0
37190,6.0
37191,6.0
37192,6.0
37193,6.0
37194,6.0
37195,6.0
37196,6.0
37197,6.0
37198,6.0
37199,6.0
37200,6.0
37201,6.0
37202,6.0
37203,6.0
37204,6.0
37205,6.0
37206,6.0
37207,6.0
37208,6.0
37209,6.0
37210,6.0
37211,6.0
37212,6.0
37213,6.0
37214,6.0
37215,6.0
37216,6.0
37217,7.0
37218,7.0
37219,7.0
37220,7.0
37221,7.0
37222,7.0
37223,7.0
37224,7.0
37225,7.0
37226,7.0
37227,7.0
37228,7.0
37229,7.0
37230,7.0
37231,7.0
37232,7.0
37233,7.0
37234,7.0
37235,7.0
37236,7.0
37237,7.0
37238,7.0
37239,7.0
37240,7.0
37241,7.0
37242,7.0
37243,7.0
37244,7.0
37245,7.0
37246,7.0
37247,7.0
37248,7.0
37249,7.0
37250,7.0
37251,7.0
37252,7.0
37253,7.0
37254,7.0
37255,7.0
37256,7.0
37257,7.0
37258,7.0
37259,7.0
37260,7.0
37261,7.0
37262,7.0
37263,7.0
37264,7.0
37265,7.0
37266,7.0
37267,7.0
37268,7.0
37269,7.0
37270,7.0
37271,7.0
37272,7.0
37273,7.0
37274,7.0
37275,7.0
37276,7.0
37277,7.0
37278,7.0
37279,7.0
37280,7.0
37281,7.0
37282,7.0
37283,7.0
37284,7.0
37285,7.0
37286,7.0
37287,7.0
37288,7.0
37289,7.0
37290,7.0
37291,7.0
37292,7.0
37293,7.0
37294,7.0
37295,7.0
37296,7.0
37297,7.0
37298,7.0
37299,7.0
37300,7.0
37301,7.0
37302,7.0
37303,7.0
37304,7.0
37305,7.0
37306,7.0
37307,7.0
37308,7.0
37309,7.0
37310,7.0
37311,7.0
37312,7.0
37313,7.0
37314,7.0
37315,7.0
37316,7.0
37317,7.0
37318,7.0
37319,7.0
37320,7.0
37321,7.0
37322,7.0
37323,7.0
37324,7.0
37325,7.0
37326,7.0
37327,7.0
37328,7.0
37329,7.0
37330,7.0
37331,7.0
37332,7.0
37333,7.0
37334,7.0
37335,7.0
37336,7.0
37337,7.0
37338,7.0
37339,7.0
37340,7.0
37341,7.0
37342,7.0
37343,7.0
37344,7.0
37345,7.0
37346,7.0
37347,7.0
37348,7.0
37349,7.0
37350,7.0
37351,7.0
37352,7.0
37353,7.0
37354,7.0
37355,7.0
37356,7.0
37357,7.0
37358,7.0
37359,7.0
37360,7.0
37361,7.0
37362,7.0
37363,7.0
37364,7.0
37365,7.0
37366,7.0
37367,7.0
37368,7.0
37369,7.0
37370,7.0
37371,7.0
37372,7.0
37373,7.0
37374,7.0
37375,7.0
37376,7.0
37377,7.0
37378,7.0
37379,7.0
37380,7.0
37381,7.0
37382,7.0
37383,7.0
37384,7.0
37385,7.0
37386,7.0
37387,7.0
37388,7.0
37389,7.0
37390,7.0
37391,7.0
37392,7.0
37393,7.0
37394,7.0
37395,8.0
37396,8.0
37397,8.0
37398,8.0
37399,8.0
37400,8.0
37401,8.0
37402,8.0
37403,8.0
37404,8.0
37405,8.0
37406,8.0
37407,8.0
37408,8.0
37409,8.0
37410,8.0
37411,8.0
37412,8.0
37413,8.0
37414,8.0
37415,8.0
37416,8.0
37417,8.0
37418,8.0
37419,8.0
37420,8.0
37421,8.0
37422,8.0
37423,8.0
37424,8.0
37425,8.0
37426,8.0
37427,8.0
37428,8.0
37429,8.0
37430,8.0
37431,8.0
37432,8.0
37433,8.0
37434,8.0
37435,8.0
37436,8.0
37437,8.0
37438,8.0
37439,8.0
37440,8.0
37441,8.0
37442,8.0
37443,8.0
37444,8.0
37445,8.0
37446,8.0
37447,8.0
37448,8.0
37449,8.0
37450,8.0
37451,8.0
37452,8.0
37453,8.0
37454,8.0
37455,8.0
37456,8.0
37457,8.0
37458,8.0
37459,8.0
37460,8.0
37461,8.0
37462,8.0
37463,8.0
37464,8.0
37465,8.0
37466,8.0
37467,8.0
37468,8.0
37469,8.0
37470,8.0
37471,8.0
37472,8.0
37473,8.0
37474,8.0
37475,8.0
37476,8.0
37477,8.0
37478,8.0
37479,8.0
37480,8.0
37481,8.0
37482,8.0
37483,8.0
37484,8.0
37485,8.0
37486,8.0
37487,8.0
37488,8.0
37489,8.0
37490,8.0
37491,8.0
37492,8.0
37493,8.0
37494,8.0
37495,8.0
37496,8.0
37497,8.0
37498,8.0
37499,8.0
37500,8.0
37501,8.0
37502,8.0
37503,8.0
37504,8.0
37505,8.0
37506,8.0
37507,8.0
37508,8.0
37509,8.0
37510,8.0
37511,8.0
37512,8.0
37513,8.0
37514,8.0
37515,8.0
37516,8.0
37517,8.0
37518,8.0
37519,8.0
37520,8.0
37521,8.0
37522,8.0
37523,8.0
37524,8.0
37525,8.0
37526,8.0
37527,8.0
37528,8.0
37529,8.0
37530,8.0
37531,8.0
37532,8.0
37533,8.0
37534,8.0
37535,8.0
37536,8.0
37537,8.0
37538,7.0
37539,7.0
37540,7.0
37541,7.0
37542,7.0
37543,7.0
37544,7.0
37545,7.0
37546,7.0
37547,7.0
37548,7.0
37549,7.0
37550,7.0
37551,7.0
37552,7.0
37553,7.0
37554,7.0
37555,7.0
37556,7.0
37557,7.0
37558,7.0
37559,7.0
37560,7.0
37561,7.0
37562,7.0
37563,7.0
37564,7.0
37565,7.0
37566,7.0
37567,7.0
37568,7.0
37569,7.0
37570,7.0
37571,7.0
37572,7.0
37573,7.0
37574,7.0
37575,7.0
37576,7.0
37577,7.0
37578,7.0
37579,7.0
37580,7.0
37581,7.0
37582,7.0
37583,7.0
37584,7.0
37585,7.0
37586,7.0
37587,7.0
37588,7.0
37589,7.0
37590,7.0
37591,7.0
37592,7.0
37593,7.0
37594,7.0
37595,7.0
37596,7.0
37597,7.0
37598,7.0
37599,7.0
37600,7.0
37601,7.0
37602,7.0
37603,7.0
37604,7.0
37605,7.0
37606,7.0
37607,7.0
37608,7.0
37609,6.0
37610,7.0
37611,7.0
37612,7.0
37613,7.0
37614,7.0
37615,7.0
37616,7.0
37617,7.0
37618,7.0
37619,7.0
37620,7.0
37621,7.0
37622,7.0
37623,7.0
37624,7.0
37625,7.0
37626,7.0
37627,7.0
37628,7.0
37629,7.0
37630,7.0
37631,7.0
37632,7.0
37633,7.0
37634,7.0
37635,7.0
37636,7.0
37637,7.0
37638,7.0
37639,7.0
37640,7.0
37641,7.0
37642,7.0
37643,7.0
37644,7.0
37645,7.0
37646,7.0
37647,7.0
37648,7.0
37649,7.0
37650,7.0
37651,7.0
37652,7.0
37653,7.0
37654,7.0
37655,7.0
37656,7.0
37657,7.0
37658,7.0
37659,7.0
37660,7.0
37661,7.0
37662,7.0
37663,7.0
37664,7.0
37665,7.0
37666,7.0
37667,7.0
37668,7.0
37669,7.0
37670,7.0
37671,7.0
37672,7.0
37673,7.0
37674,7.0
37675,7.0
37676,7.0
37677,7.0
37678,7.0
37679,7.0
37680,7.0
37681,7.0
37682,7.0
37683,7.0
37684,7.0
37685,7.0
37686,7.0
37687,7.0
37688,7.0
37689,7.0
37690,7.0
37691,7.0
37692,7.0
37693,7.0
37694,7.0
37695,7.0
37696,7.0
37697,7.0
37698,7.0
37699,7.0
37700,7.0
37701,7.0
37702,7.0
37703,7.0
37704,7.0
37705,7.0
37706,7.0
37707,7.0
37708,7.0
37709,7.0
37710,7.0
37711,7.0
37712,7.0
37713,7.0
37714,7.0
37715,7.0
37716,7.0
37717,7.0
37718,7.0
37719,7.0
37720,7.0
37721,7.0
37722,7.0
37723,7.0
37724,7.0
37725,7.0
37726,7.0
37727,7.0
37728,7.0
37729,7.0
37730,7.0
37731,7.0
37732,7.0
37733,7.0
37734,7.0
37735,7.0
37736,7.0
37737,7.0
37738,7.0
37739,7.0
37740,7.0
37741,7.0
37742,7.0
37743,7.0
37744,7.0
37745,7.0
37746,7.0
37747,7.0
37748,7.0
37749,7.0
37750,7.0
37751,7.0
37752,7.0
37753,7.0
37754,7.0
37755,7.0
37756,7.0
37757,7.0
37758,7.0
37759,7.0
37760,7.0
37761,7.0
37762,7.0
37763,7.0
37764,7.0
37765,7.0
37766,7.0
37767,7.0
37768,7.0
37769,7.0
37770,7.0
37771,7.0
37772,7.0
37773,7.0
37774,7.0
37775,7.0
37776,6.0
37777,6.0
37778,6.0
37779,6.0
37780,6.0
37781,6.0
37782,6.0
37783,6.0
37784,6.0
37785,6.0
37786,6.0
37787,6.0
37788,6.0
37789,6.0
37790,6.0
37791,6.0
37792,6.0
37793,6.0
37794,6.0
37795,6.0
37796,6.0
37797,6.0
37798,6.0
37799,6.0
37800,6.0
37801,6.0
37802,6.0
37803,6.0
37804,6.0
37805,6.0
37806,6.0
37807,6.0
37808,6.0
37809,6.0
37810,6.0
37811,6.0
37812,6.0
37813,6.0
37814,6.0
37815,6.0
37816,6.0
37817,6.0
37818,6.0
37819,6.0
37820,6.0
37821,6.0
37822,6.0
37823,6.0
37824,6.0
37825,6.0
37826,6.0
37827,6.0
37828,6.0
37829,6.0
37830,6.0
37831,6.0
37832,6.0
37833,6.0
37834,6.0
37835,6.0
37836,6.0
37837,6.0
37838,6.0
37839,6.0
37840,6.0
37841,6.0
37842,6.0
37843,6.0
37844,6.0
37845,6.0
37846,6.0
37847,6.0
37848,6.0
37849,6.0
37850,6.0
37851,6.0
37852,6.0
37853,6.0
37854,6.0
37855,6.0
37856,6.0
37857,6.0
37858,6.0
37859,6.0
37860,6.0
37861,6.0
37862,6.0
37863,6.0
37864,6.0
37865,6.0
37866,6.0
37867,6.0
37868,6.0
37869,6.0
37870,6.0
37871,6.0
37872,6.0
37873,6.0
37874,6.0
37875,6.0
37876,6.0
37877,6.0
37878,6.0
37879,6.0
37880,6.0
37881,6.0
37882,6.0
37883,6.0
37884,6.0
37885,6.0
37886,6.0
37887,6.0
37888,6.0
37889,6.0
37890,6.0
37891,6.0
37892,6.0
37893,6.0
37894,6.0
37895,6.0
37896,6.0
37897,6.0
37898,6.0
37899,6.0
37900,6.0
37901,5.0
37902,5.0
37903,5.0
37904,5.0
37905,5.0
37906,5.0
37907,5.0
37908,5.0
37909,5.0
37910,5.0
37911,5.0
37912,5.0
37913,5.0
37914,5.0
37915,5.0
37916,5.0
37917,5.0
37918,5.0
37919,5.0
37920,5.0
37921,5.0
37922,5.0
37923,5.0
37924,5.0
37925,5.0
37926,5.0
37927,5.0
37928,5.0
37929,5.0
37930,5.0
37931,5.0
37932,5.0
37933,5.0
37934,5.0
37935,5.0
37936,5.0
37937,5.0
37938,5.0
37939,5.0
37940,5.0
37941,5.0
37942,5.0
37943,5.0
37944,5.0
37945,5.0
37946,5.0
37947,5.0
37948,5.0
37949,5.0
37950,5.0
37951,5.0
37952,5.0
37953,5.0
37954,5.0
37955,5.0
37956,5.0
37957,5.0
37958,5.0
37959,5.0
37960,5.0
37961,5.0
37962,5.0
37963,5.0
37964,5.0
37965,5.0
37966,5.0
37967,5.0
37968,5.0
37969,5.0
37970,5.0
37971,5.0
37972,5.0
37973,5.0
37974,5.0
37975,5.0
37976,5.0
37977,5.0
37978,5.0
37979,5.0
37980,5.0
37981,5.0
37982,5.0
37983,6.0
37984,6.0
37985,6.0
37986,6.0
37987,6.0
37988,6.0
37989,6.0
37990,6.0
37991,6.0
37992,6.0
37993,6.0
37994,6.0
37995,6.0
37996,6.0
37997,6.0
37998,6.0
37999,6.0
38000,6.0
38001,6.0
38002,6.0
38003,6.0
38004,6.0
38005,6.0
38006,6.0
38007,6.0
38008,6.0
38009,6.0
38010,6.0
38011,6.0
38012,6.0
38013,6.0
38014,6.0
38015,6.0
38016,6.0
38017,6.0
38018,6.0
38019,6.0
38020,6.0
38021,6.0
38022,6.0
38023,6.0
38024,6.0
38025,6.0
38026,6.0
38027,6.0
38028,6.0
38029,6.0
38030,6.0
38031,6.0
38032,6.0
38033,6.0
38034,6.0
38035,6.0
38036,6.0
38037,6.0
38038,6.0
38039,6.0
38040,6.0
38041,6.0
38042,6.0
38043,6.0
38044,6.0
38045,6.0
38046,6.0
38047,6.0
38048,6.0
38049,6.0
38050,6.0
38051,6.0
38052,6.0
38053,6.0
38054,6.0
38055,6.0
38056,6.0
38057,6.0
38058,6.0
38059,6.0
38060,6.0
38061,6.0
38062,6.0
38063,6.0
38064,6.0
38065,6.0
38066,6.0
38067,6.0
38068,6.0
38069,6.0
38070,6.0
38071,6.0
38072,6.0
38073,6.0
38074,6.0
38075,6.0
38076,6.0
38077,6.0
38078,6.0
38079,6.0
38080,6.0
38081,6.0
38082,6.0
38083,6.0
38084,6.0
38085,6.0
38086,6.0
38087,6.0
38088,6.0
38089,6.0
38090,6.0
38091,6.0
38092,6.0
38093,6.0
38094,6.0
38095,6.0
38096,6.0
38097,6.0
38098,6.0
38099,6.0
38100,6.0
38101,6.0
38102,6.0
38103,6.0
38104,6.0
38105,6.0
38106,6.0
38107,6.0
38108,6.0
38109,6.0
38110,6.0
38111,6.0
38112,6.0
38113,6.0
38114,6.0
38115,6.0
38116,6.0
38117,6.0
38118,6.0
38119,6.0
38120,6.0
38121,6.0
38122,6.0
38123,6.0
38124,7.0
38125,7.0
38126,7.0
38127,7.0
38128,7.0
38129,7.0
38130,7.0
38131,7.0
38132,7.0
38133,7.0
38134,7.0
38135,7.0
38136,7.0
38137,7.0
38138,7.0
38139,7.0
38140,7.0
38141,7.0
38142,7.0
38143,7.0
38144,7.0
38145,7.0
38146,7.0
38147,7.0
38148,7.0
38149,7.0
38150,7.0
38151,7.0
38152,7.0
38153,7.0
38154,7.0
38155,7.0
38156,7.0
38157,7.0
38158,7.0
38159,7.0
38160,7.0
38161,7.0
38162,7.0
38163,7.0
38164,7.0
38165,7.0
38166,7.0
38167,7.0
38168,7.0
38169,7.0
38170,7.0
38171,7.0
38172,7.0
38173,7.0
38174,7.0
38175,7.0
38176,7.0
38177,7.0
38178,7.0
38179,7.0
38180,7.0
38181,7.0
38182,7.0
38183,7.0
38184,7.0
38185,7.0
38186,7.0
38187,7.0
38188,7.0
38189,7.0
38190,7.0
38191,7.0
38192,7.0
38193,7.0
38194,7.0
38195,7.0
38196,7.0
38197,7.0
38198,7.0
38199,7.0
38200,7.0
38201,7.0
38202,7.0
38203,7.0
38204,7.0
38205,7.0
38206,7.0
38207,7.0
38208,7.0
38209,7.0
38210,7.0
38211,7.0
38212,7.0
38213,7.0
38214,7.0
38215,7.0
38216,7.0
38217,7.0
38218,8.0
38219,8.0
38220,8.0
38221,8.0
38222,8.0
38223,8.0
38224,8.0
38225,8.0
38226,8.0
38227,8.0
38228,8.0
38229,8.0
38230,8.0
38231,8.0
38232,8.0
38233,8.0
38234,8.0
38235,8.0
38236,8.0
38237,8.0
38238,8.0
38239,8.0
38240,8.0
38241,8.0
38242,8.0
38243,8.0
38244,8.0
38245,8.0
38246,8.0
38247,8.0
38248,8.0
38249,8.0
38250,8.0
38251,8.0
38252,8.0
38253,8.0
38254,8.0
38255,8.0
38256,8.0
38257,8.0
38258,8.0
38259,8.0
38260,8.0
38261,8.0
38262,8.0
38263,8.0
38264,8.0
38265,8.0
38266,8.0
38267,8.0
38268,8.0
38269,8.0
38270,8.0
38271,8.0
38272,8.0
38273,8.0
38274,8.0
38275,8.0
38276,8.0
38277,8.0
38278,8.0
38279,8.0
38280,8.0
38281,8.0
38282,8.0
38283,8.0
38284,8.0
38285,8.0
38286,8.0
38287,8.0
38288,8.0
38289,8.0
38290,8.0
38291,8.0
38292,8.0
38293,8.0
38294,8.0
38295,8.0
38296,8.0
38297,8.0
38298,8.0
38299,8.0
38300,8.0
38301,8.0
38302,8.0
38303,8.0
38304,8.0
38305,8.0
38306,8.0
38307,8.0
38308,8.0
38309,8.0
38310,8.0
38311,8.0
38312,8.0
38313,8.0
38314,8.0
38315,8.0
38316,8.0
38317,8.0
38318,8.0
38319,8.0
38320,8.0
38321,8.0
38322,8.0
38323,8.0
38324,8.0
38325,8.0
38326,8.0
38327,8.0
38328,8.0
38329,8.0
38330,8.0
38331,8.0
38332,8.0
38333,8.0
38334,8.0
38335,8.0
38336,8.0
38337,8.0
38338,8.0
38339,8.0
38340,8.0
38341,8.0
38342,8.0
38343,8.0
38344,8.0
38345,8.0
38346,8.0
38347,8.0
38348,8.0
38349,8.0
38350,8.0
38351,8.0
38352,8.0
38353,8.0
38354,8.0
38355,8.0
38356,8.0
38357,8.0
38358,8.0
38359,8.0
38360,8.0
38361,8.0
38362,8.0
38363,8.0
38364,8.0
38365,8.0
38366,8.0
38367,8.0
38368,8.0
38369,8.0
38370,8.0
38371,8.0
38372,8.0
38373,8.0
38374,8.0
38375,8.0
38376,8.0
38377,8.0
38378,8.0
38379,8.0
38380,8.0
38381,8.0
38382,8.0
38383,8.0
38384,8.0
38385,8.0
38386,8.0
38387,8.0
38388,8.0
38389,8.0
38390,8.0
38391,8.0
38392,8.0
38393,8.0
38394,8.0
38395,8.0
38396,8.0
38397,8.0
38398,8.0
38399,8.0
38400,8.0
38401,8.0
38402,8.0
38403,8.0
38404,8.0
38405,8.0
38406,8.0
38407,8.0
38408,8.0
38409,8.0
38410,8.0
38411,8.0
38412,8.0
38413,8.0
38414,8.0
38415,8.0
38416,8.0
38417,8.0
38418,8.0
38419,8.0
38420,8.0
38421,8.0
38422,8.0
38423,8.0
38424,8.0
38425,8.0
38426,8.0
38427,8.0
38428,8.0
38429,8.0
38430,8.0
38431,8.0
38432,8.0
38433,8.0
38434,8.0
38435,8.0
38436,8.0
38437,8.0
38438,8.0
38439,8.0
38440,8.0
38441,8.0
38442,8.0
38443,8.0
38444,8.0
38445,8.0
38446,8.0
38447,8.0
38448,8.0
38449,8.0
38450,8.0
38451,8.0
38452,8.0
38453,8.0
38454,8.0
38455,8.0
38456,8.0
38457,8.0
38458,8.0
38459,8.0
38460,8.0
38461,8.0
38462,8.0
38463,8.0
38464,8.0
38465,8.0
38466,8.0
38467,8.0
38468,8.0
38469,8.0
38470,8.0
38471,8.0
38472,8.0
38473,8.0
38474,8.0
38475,8.0
38476,7.0
38477,7.0
38478,7.0
38479,7.0
38480,7.0
38481,7.0
38482,7.0
38483,7.0
38484,7.0
38485,7.0
38486,7.0
38487,7.0
38488,7.0
38489,7.0
38490,7.0
38491,7.0
38492,7.0
38493,7.0
38494,7.0
38495,7.0
38496,7.0
38497,7.0
38498,7.0
38499,7.0
38500,7.0
38501,7.0
38502,7.0
38503,7.0
38504,7.0
38505,7.0
38506,7.0
38507,7.0
38508,7.0
38509,7.0
38510,7.0
38511,7.0
38512,7.0
38513,7.0
38514,7.0
38515,7.0
38516,7.0
38517,7.0
38518,7.0
38519,7.0
38520,7.0
38521,7.0
38522,7.0
38523,7.0
38524,7.0
38525,7.0
38526,7.0
38527,7.0
38528,7.0
38529,7.0
38530,7.0
38531,7.0
38532,7.0
38533,7.0
38534,7.0
38535,7.0
38536,7.0
38537,7.0
38538,7.0
38539,7.0
38540,7.0
38541,7.0
38542,7.0
38543,7.0
38544,7.0
38545,7.0
38546,7.0
38547,7.0
38548,7.0
38549,7.0
38550,7.0
38551,7.0
38552,7.0
38553,7.0
38554,7.0
38555,7.0
38556,7.0
38557,7.0
38558,7.0
38559,7.0
38560,7.0
38561,7.0
38562,7.0
38563,7.0
38564,7.0
38565,7.0
38566,7.0
38567,7.0
38568,7.0
38569,7.0
38570,7.0
38571,7.0
38572,7.0
38573,7.0
38574,7.0
38575,7.0
38576,7.0
38577,7.0
38578,7.0
38579,7.0
38580,7.0
38581,7.0
38582,7.0
38583,7.0
38584,7.0
38585,7.0
38586,7.0
38587,7.0
38588,7.0
38589,7.0
38590,7.0
38591,7.0
38592,7.0
38593,7.0
38594,7.0
38595,7.0
38596,7.0
38597,7.0
38598,7.0
38599,7.0
38600,7.0
38601,7.0
38602,7.0
38603,7.0
38604,7.0
38605,7.0
38606,7.0
38607,7.0
38608,7.0
38609,7.0
38610,7.0
38611,7.0
38612,7.0
38613,7.0
38614,7.0
38615,7.0
38616,7.0
38617,7.0
38618,7.0
38619,7.0
38620,7.0
38621,7.0
38622,7.0
38623,7.0
38624,7.0
38625,7.0
38626,7.0
38627,7.0
38628,7.0
38629,7.0
38630,7.0
38631,7.0
38632,7.0
38633,7.0
38634,7.0
38635,7.0
38636,7.0
38637,7.0
38638,7.0
38639,7.0
38640,7.0
38641,7.0
38642,7.0
38643,7.0
38644,7.0
38645,7.0
38646,7.0
38647,7.0
38648,7.0
38649,7.0
38650,7.0
38651,7.0
38652,7.0
38653,7.0
38654,7.0
38655,7.0
38656,7.0
38657,7.0
38658,7.0
38659,7.0
38660,7.0
38661,7.0
38662,7.0
38663,7.0
38664,7.0
38665,7.0
38666,7.0
38667,7.0
38668,7.0
38669,7.0
38670,7.0
38671,7.0
38672,7.0
38673,7.0
38674,7.0
38675,7.0
38676,7.0
38677,7.0
38678,7.0
38679,7.0
38680,7.0
38681,7.0
38682,7.0
38683,7.0
38684,7.0
38685,7.0
38686,7.0
38687,7.0
38688,7.0
38689,7.0
38690,7.0
38691,7.0
38692,7.0
38693,7.0
38694,7.0
38695,7.0
38696,7.0
38697,7.0
38698,7.0
38699,7.0
38700,7.0
38701,7.0
38702,7.0
38703,7.0
38704,7.0
38705,7.0
38706,7.0
38707,7.0
38708,7.0
38709,7.0
38710,7.0
38711,7.0
38712,7.0
38713,7.0
38714,7.0
38715,7.0
38716,7.0
38717,7.0
38718,7.0
38719,7.0
38720,7.0
38721,7.0
38722,7.0
38723,7.0
38724,7.0
38725,7.0
38726,7.0
38727,7.0
38728,7.0
38729,7.0
38730,7.0
38731,7.0
38732,7.0
38733,7.0
38734,7.0
38735,7.0
38736,7.0
38737,7.0
38738,7.0
38739,7.0
38740,7.0
38741,7.0
38742,7.0
38743,7.0
38744,7.0
38745,7.0
38746,7.0
38747,7.0
38748,7.0
38749,7.0
38750,7.0
38751,7.0
38752,7.0
38753,7.0
38754,7.0
38755,7.0
38756,7.0
38757,7.0
38758,7.0
38759,7.0
38760,7.0
38761,7.0
38762,7.0
38763,7.0
38764,7.0
38765,7.0
38766,7.0
38767,7.0
38768,7.0
38769,7.0
38770,7.0
38771,7.0
38772,7.0
38773,7.0
38774,7.0
38775,7.0
38776,7.0
38777,7.0
38778,7.0
38779,7.0
38780,7.0
38781,7.0
38782,7.0
38783,7.0
38784,7.0
38785,7.0
38786,7.0
38787,7.0
38788,7.0
38789,7.0
38790,7.0
38791,7.0
38792,7.0
38793,7.0
38794,7.0
38795,7.0
38796,7.0
38797,7.0
38798,7.0
38799,7.0
38800,7.0
38801,7.0
38802,7.0
38803,7.0
38804,7.0
38805,7.0
38806,7.0
38807,7.0
38808,7.0
38809,7.0
38810,7.0
38811,7.0
38812,7.0
38813,7.0
38814,7.0
38815,7.0
38816,7.0
38817,7.0
38818,7.0
38819,7.0
38820,7.0
38821,7.0
38822,7.0
38823,7.0
38824,7.0
38825,6.0
38826,6.0
38827,6.0
38828,6.0
38829,6.0
38830,6.0
38831,6.0
38832,6.0
38833,6.0
38834,6.0
38835,6.0
38836,6.0
38837,6.0
38838,6.0
38839,6.0
38840,6.0
38841,6.0
38842,6.0
38843,6.0
38844,6.0
38845,6.0
38846,6.0
38847,6.0
38848,6.0
38849,6.0
38850,6.0
38851,6.0
38852,6.0
38853,6.0
38854,6.0
38855,6.0
38856,6.0
38857,6.0
38858,6.0
38859,6.0
38860,6.0
38861,6.0
38862,6.0
38863,6.0
38864,6.0
38865,6.0
38866,6.0
38867,6.0
38868,6.0
38869,6.0
38870,6.0
38871,6.0
38872,6.0
38873,6.0
38874,6.0
38875,6.0
38876,6.0
38877,6.0
38878,6.0
38879,6.0
38880,6.0
38881,6.0
38882,6.0
38883,6.0
38884,6.0
38885,6.0
38886,6.0
38887,6.0
38888,6.0
38889,6.0
38890,6.0
38891,6.0
38892,6.0
38893,6.0
38894,6.0
38895,6.0
38896,6.0
38897,6.0
38898,6.0
38899,6.0
38900,6.0
38901,6.0
38902,6.0
38903,6.0
38904,6.0
38905,6.0
38906,6.0
38907,6.0
38908,6.0
38909,6.0
38910,6.0
38911,6.0
38912,6.0
38913,6.0
38914,6.0
38915,6.0
38916,6.0
38917,6.0
38918,6.0
38919,6.0
38920,6.0
38921,6.0
38922,6.0
38923,6.0
38924,6.0
38925,6.0
38926,6.0
38927,6.0
38928,6.0
38929,6.0
38930,6.0
38931,6.0
38932,6.0
38933,6.0
38934,6.0
38935,6.0
38936,6.0
38937,5.0
38938,5.0
38939,5.0
38940,5.0
38941,5.0
38942,5.0
38943,5.0
38944,5.0
38945,5.0
38946,5.0
38947,5.0
38948,5.0
38949,5.0
38950,5.0
38951,5.0
38952,5.0
38953,5.0
38954,5.0
38955,5.0
38956,5.0
38957,5.0
38958,5.0
38959,5.0
38960,5.0
38961,5.0
38962,5.0
38963,5.0
38964,5.0
38965,5.0
38966,5.0
38967,5.0
38968,5.0
38969,5.0
38970,5.0
38971,5.0
38972,5.0
38973,5.0
38974,5.0
38975,5.0
38976,5.0
38977,5.0
38978,5.0
38979,5.0
38980,5.0
38981,5.0
38982,5.0
38983,5.0
38984,5.0
38985,5.0
38986,5.0
38987,5.0
38988,5.0
38989,5.0
38990,5.0
38991,5.0
38992,5.0
38993,5.0
38994,5.0
38995,5.0
38996,5.0
38997,5.0
38998,5.0
38999,5.0
39000,5.0
39001,5.0
39002,5.0
39003,5.0
39004,5.0
39005,5.0
39006,5.0
39007,5.0
39008,5.0
39009,5.0
39010,5.0
39011,5.0
39012,5.0
39013,5.0
39014,5.0
39015,5.0
39016,5.0
39017,5.0
39018,5.0
39019,5.0
39020,5.0
39021,5.0
39022,5.0
39023,5.0
39024,5.0
39025,5.0
39026,5.0
39027,5.0
39028,5.0
39029,5.0
39030,5.0
39031,5.0
39032,5.0
39033,5.0
39034,5.0
39035,5.0
39036,5.0
39037,5.0
39038,5.0
39039,5.0
39040,5.0
39041,5.0
39042,5.0
39043,5.0
39044,5.0
39045,5.0
39046,5.0
39047,5.0
39048,5.0
39049,5.0
39050,5.0
39051,5.0
39052,5.0
39053,5.0
39054,5.0
39055,5.0
39056,5.0
39057,5.0
39058,5.0
39059,5.0
39060,5.0
39061,5.0
39062,5.0
39063,5.0
39064,5.0
39065,5.0
39066,5.0
39067,5.0
39068,5.0
39069,5.0
39070,5.0
39071,5.0
39072,5.0
39073,5.0
39074,5.0
39075,5.0
39076,5.0
39077,5.0
39078,5.0
39079,5.0
39080,5.0
39081,5.0
39082,5.0
39083,5.0
39084,5.0
39085,5.0
39086,5.0
39087,5.0
39088,5.0
39089,5.0
39090,5.0
39091,5.0
39092,5.0
39093,5.0
39094,5.0
39095,5.0
39096,5.0
39097,5.0
39098,5.0
39099,5.0
39100,5.0
39101,5.0
39102,5.0
39103,5.0
39104,5.0
39105,5.0
39106,5.0
39107,5.0
39108,5.0
39109,5.0
39110,5.0
39111,5.0
39112,5.0
39113,5.0
39114,5.0
39115,5.0
39116,5.0
39117,5.0
39118,5.0
39119,5.0
39120,5.0
39121,5.0
39122,5.0
39123,5.0
39124,5.0
39125,5.0
39126,5.0
39127,5.0
39128,5.0
39129,5.0
39130,5.0
39131,5.0
39132,5.0
39133,5.0
39134,5.0
39135,5.0
39136,5.0
39137,5.0
39138,5.0
39139,5.0
39140,5.0
39141,5.0
39142,5.0
39143,5.0
39144,5.0
39145,5.0
39146,5.0
39147,5.0
39148,5.0
39149,5.0
39150,5.0
39151,5.0
39152,5.0
39153,5.0
39154,5.0
39155,5.0
39156,5.0
39157,5.0
39158,5.0
39159,5.0
39160,5.0
39161,5.0
39162,5.0
39163,5.0
39164,5.0
39165,5.0
39166,5.0
39167,5.0
39168,5.0
39169,5.0
39170,5.0
39171,5.0
39172,5.0
39173,5.0
39174,5.0
39175,5.0
39176,5.0
39177,5.0
39178,5.0
39179,5.0
39180,5.0
39181,5.0
39182,5.0
39183,5.0
39184,5.0
39185,5.0
39186,5.0
39187,5.0
39188,5.0
39189,5.0
39190,5.0
39191,5.0
39192,5.0
39193,5.0
39194,5.0
39195,5.0
39196,5.0
39197,5.0
39198,5.0
39199,5.0
39200,5.0
39201,5.0
39202,5.0
39203,5.0
39204,5.0
39205,6.0
39206,6.0
39207,6.0
39208,6.0
39209,6.0
39210,6.0
39211,6.0
39212,6.0
39213,6.0
39214,6.0
39215,6.0
39216,6.0
39217,6.0
39218,6.0
39219,6.0
39220,6.0
39221,6.0
39222,6.0
39223,6.0
39224,6.0
39225,6.0
39226,6.0
39227,6.0
39228,6.0
39229,6.0
39230,6.0
39231,6.0
39232,6.0
39233,6.0
39234,6.0
39235,6.0
39236,6.0
39237,6.0
39238,6.0
39239,6.0
39240,6.0
39241,6.0
39242,6.0
39243,6.0
39244,6.0
39245,6.0
39246,6.0
39247,6.0
39248,6.0
39249,6.0
39250,6.0
39251,6.0
39252,6.0
39253,6.0
39254,6.0
39255,6.0
39256,6.0
39257,6.0
39258,6.0
39259,6.0
39260,6.0
39261,6.0
39262,6.0
39263,6.0
39264,6.0
39265,6.0
39266,6.0
39267,6.0
39268,6.0
39269,6.0
39270,6.0
39271,6.0
39272,6.0
39273,6.0
39274,6.0
39275,6.0
39276,6.0
39277,6.0
39278,6.0
39279,6.0
39280,6.0
39281,6.0
39282,6.0
39283,6.0
39284,6.0
39285,6.0
39286,6.0
39287,6.0
39288,6.0
39289,6.0
39290,6.0
39291,6.0
39292,6.0
39293,6.0
39294,6.0
39295,6.0
39296,6.0
39297,6.0
39298,6.0
39299,6.0
39300,6.0
39301,6.0
39302,6.0
39303,6.0
39304,6.0
39305,6.0
39306,6.0
39307,6.0
39308,6.0
39309,6.0
39310,6.0
39311,6.0
39312,6.0
39313,6.0
39314,5.0
39315,5.0
39316,5.0
39317,5.0
39318,5.0
39319,5.0
39320,5.0
39321,5.0
39322,5.0
39323,5.0
39324,5.0
39325,5.0
39326,5.0
39327,5.0
39328,5.0
39329,5.0
39330,5.0
39331,5.0
39332,5.0
39333,5.0
39334,5.0
39335,5.0
39336,5.0
39337,5.0
39338,5.0
39339,5.0
39340,5.0
39341,5.0
39342,5.0
39343,5.0
39344,5.0
39345,5.0
39346,5.0
39347,5.0
39348,5.0
39349,5.0
39350,5.0
39351,5.0
39352,5.0
39353,5.0
39354,5.0
39355,5.0
39356,5.0
39357,5.0
39358,5.0
39359,5.0
39360,5.0
39361,5.0
39362,5.0
39363,5.0
39364,5.0
39365,5.0
39366,5.0
39367,5.0
39368,5.0
39369,5.0
39370,5.0
39371,5.0
39372,5.0
39373,5.0
39374,5.0
39375,5.0
39376,5.0
39377,5.0
39378,5.0
39379,5.0
39380,5.0
39381,5.0
39382,5.0
39383,5.0
39384,5.0
39385,5.0
39386,5.0
39387,5.0
39388,5.0
39389,5.0
39390,5.0
39391,5.0
39392,5.0
39393,5.0
39394,5.0
39395,5.0
39396,5.0
39397,5.0
39398,5.0
39399,5.0
39400,5.0
39401,5.0
39402,5.0
39403,5.0
39404,5.0
39405,5.0
39406,5.0
39407,5.0
39408,5.0
39409,5.0
39410,5.0
39411,5.0
39412,5.0
39413,5.0
39414,5.0
39415,5.0
39416,5.0
39417,5.0
39418,5.0
39419,5.0
39420,5.0
39421,5.0
39422,5.0
39423,5.0
39424,5.0
39425,5.0
39426,5.0
39427,5.0
39428,5.0
39429,5.0
39430,5.0
39431,5.0
39432,5.0
39433,5.0
39434,5.0
39435,5.0
39436,5.0
39437,5.0
39438,5.0
39439,5.0
39440,5.0
39441,5.0
39442,5.0
39443,5.0
39444,5.0
39445,5.0
39446,5.0
39447,5.0
39448,5.0
39449,5.0
39450,5.0
39451,5.0
39452,5.0
39453,5.0
39454,5.0
39455,5.0
39456,5.0
39457,5.0
39458,5.0
39459,5.0
39460,5.0
39461,5.0
39462,5.0
39463,5.0
39464,5.0
39465,5.0
39466,5.0
39467,5.0
39468,5.0
39469,5.0
39470,5.0
39471,5.0
39472,5.0
39473,5.0
39474,5.0
39475,5.0
39476,5.0
39477,5.0
39478,5.0
39479,5.0
39480,5.0
39481,5.0
39482,5.0
39483,5.0
39484,5.0
39485,5.0
39486,5.0
39487,5.0
39488,5.0
39489,5.0
39490,5.0
39491,5.0
39492,5.0
39493,5.0
39494,5.0
39495,5.0
39496,5.0
39497,5.0
39498,5.0
39499,5.0
39500,5.0
39501,5.0
39502,5.0
39503,5.0
39504,5.0
39505,5.0
39506,5.0
39507,5.0
39508,5.0
39509,5.0
39510,5.0
39511,5.0
39512,5.0
39513,5.0
39514,6.0
39515,6.0
39516,6.0
39517,6.0
39518,6.0
39519,6.0
39520,6.0
39521,6.0
39522,6.0
39523,6.0
39524,6.0
39525,6.0
39526,6.0
39527,6.0
39528,6.0
39529,6.0
39530,6.0
39531,6.0
39532,6.0
39533,6.0
39534,6.0
39535,6.0
39536,6.0
39537,6.0
39538,6.0
39539,6.0
39540,6.0
39541,6.0
39542,6.0
39543,6.0
39544,6.0
39545,6.0
39546,6.0
39547,6.0
39548,6.0
39549,6.0
39550,6.0
39551,6.0
39552,6.0
39553,6.0
39554,6.0
39555,6.0
39556,6.0
39557,6.0
39558,6.0
39559,6.0
39560,5.0
39561,5.0
39562,5.0
39563,5.0
39564,5.0
39565,5.0
39566,5.0
39567,5.0
39568,5.0
39569,5.0
39570,5.0
39571,5.0
39572,5.0
39573,5.0
39574,5.0
39575,5.0
39576,5.0
39577,5.0
39578,5.0
39579,5.0
39580,5.0
39581,5.0
39582,5.0
39583,5.0
39584,5.0
39585,5.0
39586,5.0
39587,5.0
39588,5.0
39589,5.0
39590,5.0
39591,5.0
39592,5.0
39593,5.0
39594,5.0
39595,5.0
39596,5.0
39597,5.0
39598,5.0
39599,5.0
39600,5.0
39601,5.0
39602,5.0
39603,5.0
39604,5.0
39605,5.0
39606,5.0
39607,5.0
39608,5.0
39609,5.0
39610,5.0
39611,5.0
39612,5.0
39613,6.0
39614,6.0
39615,6.0
39616,6.0
39617,6.0
39618,6.0
39619,6.0
39620,6.0
39621,6.0
39622,6.0
39623,6.0
39624,6.0
39625,6.0
39626,6.0
39627,6.0
39628,6.0
39629,6.0
39630,6.0
39631,6.0
39632,6.0
39633,6.0
39634,6.0
39635,6.0
39636,6.0
39637,6.0
39638,6.0
39639,6.0
39640,6.0
39641,6.0
39642,6.0
39643,6.0
39644,6.0
39645,6.0
39646,6.0
39647,6.0
39648,6.0
39649,6.0
39650,6.0
39651,6.0
39652,6.0
39653,6.0
39654,6.0
39655,6.0
39656,6.0
39657,6.0
39658,6.0
39659,6.0
39660,6.0
39661,6.0
39662,6.0
39663,6.0
39664,6.0
39665,6.0
39666,6.0
39667,6.0
39668,6.0
39669,6.0
39670,6.0
39671,6.0
39672,6.0
39673,6.0
39674,6.0
39675,6.0
39676,6.0
39677,6.0
39678,6.0
39679,6.0
39680,6.0
39681,6.0
39682,6.0
39683,6.0
39684,6.0
39685,6.0
39686,6.0
39687,6.0
39688,6.0
39689,6.0
39690,6.0
39691,6.0
39692,6.0
39693,6.0
39694,6.0
39695,6.0
39696,6.0
39697,6.0
39698,6.0
39699,6.0
39700,6.0
39701,6.0
39702,6.0
39703,6.0
39704,6.0
39705,6.0
39706,6.0
39707,6.0
39708,6.0
39709,6.0
39710,6.0
39711,6.0
39712,6.0
39713,6.0
39714,6.0
39715,6.0
39716,6.0
39717,6.0
39718,6.0
39719,6.0
39720,6.0
39721,6.0
39722,6.0
39723,6.0
39724,6.0
39725,6.0
39726,6.0
39727,6.0
39728,6.0
39729,6.0
39730,6.0
39731,6.0
39732,6.0
39733,6.0
39734,6.0
39735,6.0
39736,6.0
39737,6.0
39738,6.0
39739,6.0
39740,6.0
39741,6.0
39742,6.0
39743,6.0
39744,6.0
39745,6.0
39746,6.0
39747,6.0
39748,6.0
39749,6.0
39750,6.0
39751,6.0
39752,6.0
39753,6.0
39754,6.0
39755,6.0
39756,6.0
39757,6.0
39758,6.0
39759,6.0
39760,6.0
39761,6.0
39762,6.0
39763,6.0
39764,6.0
39765,6.0
39766,6.0
39767,6.0
39768,6.0
39769,6.0
39770,6.0
39771,6.0
39772,6.0
39773,6.0
39774,6.0
39775,6.0
39776,6.0
39777,6.0
39778,6.0
39779,6.0
39780,6.0
39781,6.0
39782,6.0
39783,6.0
39784,6.0
39785,6.0
39786,6.0
39787,6.0
39788,6.0
39789,6.0
39790,6.0
39791,6.0
39792,6.0
39793,6.0
39794,6.0
39795,6.0
39796,6.0
39797,6.0
39798,6.0
39799,6.0
39800,6.0
39801,6.0
39802,6.0
39803,6.0
39804,6.0
39805,6.0
39806,6.0
39807,7.0
39808,7.0
39809,7.0
39810,7.0
39811,7.0
39812,7.0
39813,7.0
39814,7.0
39815,7.0
39816,7.0
39817,7.0
39818,7.0
39819,7.0
39820,7.0
39821,7.0
39822,7.0
39823,7.0
39824,7.0
39825,7.0
39826,7.0
39827,7.0
39828,7.0
39829,7.0
39830,7.0
39831,7.0
39832,7.0
39833,7.0
39834,7.0
39835,7.0
39836,7.0
39837,7.0
39838,7.0
39839,7.0
39840,7.0
39841,7.0
39842,7.0
39843,7.0
39844,7.0
39845,7.0
39846,7.0
39847,7.0
39848,7.0
39849,7.0
39850,7.0
39851,7.0
39852,7.0
39853,7.0
39854,7.0
39855,7.0
39856,7.0
39857,7.0
39858,7.0
39859,7.0
39860,7.0
39861,7.0
39862,7.0
39863,7.0
39864,7.0
39865,7.0
39866,7.0
39867,7.0
39868,7.0
39869,7.0
39870,7.0
39871,7.0
39872,7.0
39873,7.0
39874,7.0
39875,7.0
39876,7.0
39877,7.0
39878,7.0
39879,6.0
39880,6.0
39881,6.0
39882,6.0
39883,6.0
39884,6.0
39885,6.0
39886,6.0
39887,6.0
39888,6.0
39889,6.0
39890,6.0
39891,6.0
39892,6.0
39893,6.0
39894,6.0
39895,6.0
39896,6.0
39897,6.0
39898,6.0
39899,6.0
39900,6.0
39901,6.0
39902,6.0
39903,6.0
39904,6.0
39905,6.0
39906,6.0
39907,6.0
39908,6.0
39909,6.0
39910,6.0
39911,6.0
39912,6.0
39913,6.0
39914,6.0
39915,6.0
39916,6.0
39917,6.0
39918,6.0
39919,6.0
39920,6.0
39921,6.0
39922,6.0
39923,6.0
39924,6.0
39925,6.0
39926,6.0
39927,6.0
39928,6.0
39929,6.0
39930,6.0
39931,6.0
39932,6.0
39933,6.0
39934,6.0
39935,6.0
39936,6.0
39937,6.0
39938,6.0
39939,6.0
39940,6.0
39941,6.0
39942,6.0
39943,6.0
39944,6.0
39945,6.0
39946,6.0
39947,6.0
39948,6.0
39949,6.0
39950,6.0
39951,6.0
39952,6.0
39953,6.0
39954,6.0
39955,6.0
39956,6.0
39957,6.0
39958,6.0
39959,6.0
39960,6.0
39961,6.0
39962,6.0
39963,6.0
39964,6.0
39965,6.0
39966,6.0
39967,6.0
39968,6.0
39969,6.0
39970,6.0
39971,6.0
39972,6.0
39973,6.0
39974,6.0
39975,6.0
39976,6.0
39977,6.0
39978,6.0
39979,6.0
39980,6.0
39981,6.0
39982,6.0
39983,6.0
39984,6.0
39985,6.0
39986,6.0
39987,6.0
39988,6.0
39989,6.0
39990,6.0
39991,6.0
39992,6.0
39993,6.0
39994,6.0
39995,6.0
39996,6.0
39997,6.0
39998,6.0
39999,6.0
40000,6.0
40001,6.0
40002,6.0
40003,6.0
40004,6.0
40005,6.0
40006,6.0
40007,6.0
40008,6.0
40009,6.0
40010,6.0
40011,6.0
40012,6.0
40013,6.0
40014,6.0
40015,6.0
40016,6.0
40017,6.0
40018,6.0
40019,6.0
40020,6.0
40021,6.0
40022,6.0
40023,6.0
40024,6.0
40025,6.0
40026,6.0
40027,6.0
40028,6.0
40029,6.0
40030,6.0
40031,6.0
40032,6.0
40033,6.0
40034,6.0
40035,6.0
40036,6.0
40037,6.0
40038,6.0
40039,6.0
40040,6.0
40041,6.0
40042,6.0
40043,6.0
40044,6.0
40045,6.0
40046,6.0
40047,6.0
40048,6.0
40049,6.0
40050,6.0
40051,6.0
40052,6.0
40053,6.0
40054,6.0
40055,6.0
40056,6.0
40057,6.0
40058,6.0
40059,6.0
40060,6.0
40061,6.0
40062,6.0
40063,6.0
40064,6.0
40065,6.0
40066,6.0
40067,6.0
40068,6.0
40069,6.0
40070,6.0
40071,6.0
40072,6.0
40073,6.0
40074,6.0
40075,6.0
40076,6.0
40077,6.0
40078,6.0
40079,6.0
40080,6.0
40081,6.0
40082,6.0
40083,6.0
40084,6.0
40085,6.0
40086,6.0
40087,6.0
40088,6.0
40089,6.0
40090,6.0
40091,6.0
40092,6.0
40093,6.0
40094,6.0
40095,6.0
40096,6.0
40097,6.0
40098,6.0
40099,6.0
40100,6.0
40101,6.0
40102,6.0
40103,6.0
40104,6.0
40105,6.0
40106,6.0
40107,6.0
40108,6.0
40109,6.0
40110,6.0
40111,6.0
40112,6.0
40113,6.0
40114,6.0
40115,6.0
40116,6.0
40117,6.0
40118,6.0
40119,6.0
40120,6.0
40121,6.0
40122,6.0
40123,6.0
40124,6.0
40125,6.0
40126,6.0
40127,6.0
40128,6.0
40129,6.0
40130,6.0
40131,6.0
40132,6.0
40133,6.0
40134,6.0
40135,6.0
40136,6.0
40137,6.0
40138,6.0
40139,6.0
40140,6.0
40141,6.0
40142,6.0
40143,6.0
40144,6.0
40145,6.0
40146,6.0
40147,6.0
40148,6.0
40149,6.0
40150,6.0
40151,6.0
40152,6.0
40153,6.0
40154,6.0
40155,6.0
40156,6.0
40157,6.0
40158,6.0
40159,6.0
40160,6.0
40161,6.0
40162,6.0
40163,6.0
40164,6.0
40165,6.0
40166,6.0
40167,6.0
40168,6.0
40169,6.0
40170,6.0
40171,6.0
40172,6.0
40173,6.0
40174,6.0
40175,6.0
40176,6.0
40177,6.0
40178,6.0
40179,6.0
40180,6.0
40181,6.0
40182,6.0
40183,6.0
40184,6.0
40185,6.0
40186,6.0
40187,6.0
40188,6.0
40189,6.0
40190,6.0
40191,6.0
40192,6.0
40193,6.0
40194,6.0
40195,6.0
40196,6.0
40197,6.0
40198,6.0
40199,6.0
40200,6.0
40201,6.0
40202,6.0
40203,6.0
40204,6.0
40205,6.0
40206,6.0
40207,6.0
40208,6.0
40209,6.0
40210,6.0
40211,6.0
40212,6.0
40213,6.0
40214,6.0
40215,6.0
40216,6.0
40217,6.0
40218,6.0
40219,6.0
40220,6.0
40221,6.0
40222,6.0
40223,6.0
40224,6.0
40225,6.0
40226,6.0
40227,6.0
40228,6.0
40229,6.0
40230,6.0
40231,6.0
40232,6.0
40233,6.0
40234,6.0
40235,6.0
40236,6.0
40237,6.0
40238,6.0
40239,6.0
40240,6.0
40241,6.0
40242,6.0
40243,6.0
40244,6.0
40245,6.0
40246,6.0
40247,6.0
40248,6.0
40249,6.0
40250,6.0
40251,6.0
40252,6.0
40253,6.0
40254,6.0
40255,6.0
40256,6.0
40257,6.0
40258,6.0
40259,6.0
40260,6.0
40261,6.0
40262,6.0
40263,6.0
40264,6.0
40265,6.0
40266,6.0
40267,6.0
40268,6.0
40269,6.0
40270,6.0
40271,6.0
40272,6.0
40273,6.0
40274,6.0
40275,6.0
40276,6.0
40277,6.0
40278,6.0
40279,6.0
40280,6.0
40281,6.0
40282,6.0
40283,6.0
40284,6.0
40285,6.0
40286,6.0
40287,6.0
40288,6.0
40289,6.0
40290,6.0
40291,6.0
40292,6.0
40293,6.0
40294,6.0
40295,6.0
40296,6.0
40297,6.0
40298,6.0
40299,6.0
40300,6.0
40301,6.0
40302,6.0
40303,6.0
40304,6.0
40305,6.0
40306,6.0
40307,6.0
40308,6.0
40309,6.0
40310,6.0
40311,6.0
40312,6.0
40313,6.0
40314,6.0
40315,6.0
40316,6.0
40317,6.0
40318,6.0
40319,6.0
40320,6.0
40321,6.0
40322,6.0
40323,6.0
40324,6.0
40325,6.0
40326,6.0
40327,6.0
40328,6.0
40329,6.0
40330,6.0
40331,6.0
40332,6.0
40333,6.0
40334,6.0
40335,6.0
40336,6.0
40337,6.0
40338,6.0
40339,6.0
40340,6.0
40341,6.0
40342,6.0
40343,6.0
40344,6.0
40345,6.0
40346,6.0
40347,6.0
40348,6.0
40349,6.0
40350,6.0
40351,6.0
40352,6.0
40353,6.0
40354,6.0
40355,6.0
40356,6.0
40357,6.0
40358,6.0
40359,6.0
40360,6.0
40361,6.0
40362,6.0
40363,6.0
40364,6.0
40365,6.0
40366,6.0
40367,6.0
40368,6.0
40369,6.0
40370,6.0
40371,6.0
40372,6.0
40373,6.0
40374,6.0
40375,6.0
40376,6.0
40377,6.0
40378,6.0
40379,6.0
40380,6.0
40381,6.0
40382,6.0
40383,6.0
40384,6.0
40385,6.0
40386,6.0
40387,6.0
40388,6.0
40389,6.0
40390,6.0
40391,6.0
40392,6.0
40393,6.0
40394,6.0
40395,6.0
40396,6.0
40397,6.0
40398,6.0
40399,6.0
40400,6.0
40401,6.0
40402,6.0
40403,6.0
40404,6.0
40405,6.0
40406,6.0
40407,6.0
40408,6.0
40409,6.0
40410,6.0
40411,6.0
40412,6.0
40413,6.0
40414,6.0
40415,6.0
40416,6.0
40417,6.0
40418,6.0
40419,6.0
40420,6.0
40421,6.0
40422,6.0
40423,6.0
40424,6.0
40425,6.0
40426,6.0
40427,6.0
40428,6.0
40429,6.0
40430,6.0
40431,6.0
40432,6.0
40433,6.0
40434,6.0
40435,6.0
40436,6.0
40437,6.0
40438,6.0
40439,6.0
40440,6.0
40441,6.0
40442,6.0
40443,6.0
40444,6.0
40445,6.0
40446,6.0
40447,6.0
40448,6.0
40449,6.0
40450,6.0
40451,6.0
40452,6.0
40453,6.0
40454,6.0
40455,6.0
40456,6.0
40457,6.0
40458,6.0
40459,6.0
40460,6.0
40461,6.0
40462,6.0
40463,6.0
40464,6.0
40465,6.0
40466,6.0
40467,6.0
40468,6.0
40469,6.0
40470,6.0
40471,6.0
40472,6.0
40473,6.0
40474,6.0
40475,6.0
40476,6.0
40477,6.0
40478,6.0
40479,6.0
40480,6.0
40481,6.0
40482,6.0
40483,6.0
40484,6.0
40485,6.0
40486,6.0
40487,6.0
40488,6.0
40489,6.0
40490,6.0
40491,6.0
40492,6.0
40493,6.0
40494,6.0
40495,6.0
40496,6.0
40497,6.0
40498,6.0
40499,6.0
40500,6.0
40501,6.0
40502,6.0
40503,6.0
40504,6.0
40505,6.0
40506,6.0
40507,6.0
40508,6.0
40509,6.0
40510,6.0
40511,6.0
40512,6.0
40513,6.0
40514,6.0
40515,6.0
40516,6.0
40517,6.0
40518,6.0
40519,6.0
40520,6.0
40521,6.0
40522,6.0
40523,6.0
40524,6.0
40525,6.0
40526,6.0
40527,6.0
40528,6.0
40529,6.0
40530,6.0
40531,6.0
40532,6.0
40533,6.0
40534,6.0
40535,6.0
40536,6.0
40537,6.0
40538,6.0
40539,6.0
40540,6.0
40541,6.0
40542,6.0
40543,6.0
40544,6.0
40545,6.0
40546,6.0
40547,6.0
40548,6.0
40549,6.0
40550,6.0
40551,6.0
40552,6.0
40553,6.0
40554,6.0
40555,6.0
40556,6.0
40557,6.0
40558,6.0
40559,6.0
40560,6.0
40561,6.0
40562,6.0
40563,6.0
40564,6.0
40565,6.0
40566,6.0
40567,6.0
40568,6.0
40569,6.0
40570,6.0
40571,6.0
40572,6.0
40573,6.0
40574,6.0
40575,6.0
40576,6.0
40577,6.0
40578,6.0
40579,6.0
40580,6.0
40581,6.0
40582,6.0
40583,6.0
40584,6.0
40585,6.0
40586,6.0
40587,6.0
40588,6.0
40589,6.0
40590,6.0
40591,6.0
40592,6.0
40593,6.0
40594,6.0
40595,6.0
40596,6.0
40597,6.0
40598,6.0
40599,6.0
40600,6.0
40601,6.0
40602,6.0
40603,6.0
40604,6.0
40605,6.0
40606,6.0
40607,6.0
40608,6.0
40609,6.0
40610,6.0
40611,6.0
40612,6.0
40613,6.0
40614,6.0
40615,6.0
40616,6.0
40617,6.0
40618,6.0
40619,6.0
40620,6.0
40621,6.0
40622,6.0
40623,6.0
40624,6.0
40625,6.0
40626,6.0
40627,6.0
40628,6.0
40629,6.0
40630,6.0
40631,6.0
40632,6.0
40633,6.0
40634,6.0
40635,6.0
40636,6.0
40637,6.0
40638,6.0
40639,6.0
40640,6.0
40641,6.0
40642,6.0
40643,6.0
40644,6.0
40645,6.0
40646,6.0
40647,6.0
40648,6.0
40649,6.0
40650,6.0
40651,6.0
40652,6.0
40653,6.0
40654,6.0
40655,6.0
40656,6.0
40657,6.0
40658,6.0
40659,6.0
40660,6.0
40661,6.0
40662,6.0
40663,6.0
40664,6.0
40665,6.0
40666,6.0
40667,6.0
40668,6.0
40669,6.0
40670,6.0
40671,6.0
40672,6.0
40673,6.0
40674,6.0
40675,6.0
40676,6.0
40677,6.0
40678,6.0
40679,6.0
40680,6.0
40681,6.0
40682,6.0
40683,6.0
40684,6.0
40685,6.0
40686,6.0
40687,6.0
40688,6.0
40689,6.0
40690,6.0
40691,6.0
40692,6.0
40693,6.0
40694,6.0
40695,6.0
40696,6.0
40697,6.0
40698,6.0
40699,6.0
40700,6.0
40701,6.0
40702,6.0
40703,6.0
40704,6.0
40705,6.0
40706,6.0
40707,6.0
40708,6.0
40709,6.0
40710,6.0
40711,6.0
40712,6.0
40713,6.0
40714,6.0
40715,6.0
40716,6.0
40717,6.0
40718,6.0
40719,6.0
40720,6.0
40721,6.0
40722,6.0
40723,6.0
40724,6.0
40725,6.0
40726,6.0
40727,6.0
40728,6.0
40729,6.0
40730,6.0
40731,6.0
40732,6.0
40733,6.0
40734,6.0
40735,6.0
40736,6.0
40737,6.0
40738,6.0
40739,6.0
40740,6.0
40741,6.0
40742,6.0
40743,6.0
40744,6.0
40745,6.0
40746,6.0
40747,6.0
40748,6.0
40749,6.0
40750,6.0
40751,6.0
40752,6.0
40753,6.0
40754,6.0
40755,6.0
40756,6.0
40757,6.0
40758,6.0
40759,6.0
40760,6.0
40761,6.0
40762,6.0
40763,6.0
40764,6.0
40765,6.0
40766,6.0
40767,6.0
40768,6.0
40769,6.0
40770,6.0
40771,6.0
40772,6.0
40773,6.0
40774,6.0
40775,6.0
40776,6.0
40777,6.0
40778,6.0
40779,6.0
40780,6.0
40781,6.0
40782,6.0
40783,6.0
40784,6.0
40785,6.0
40786,6.0
40787,6.0
40788,6.0
40789,6.0
40790,6.0
40791,6.0
40792,6.0
40793,6.0
40794,6.0
40795,6.0
40796,6.0
40797,6.0
40798,6.0
40799,6.0
40800,6.0
40801,6.0
40802,6.0
40803,6.0
40804,6.0
40805,6.0
40806,6.0
40807,6.0
40808,6.0
40809,6.0
40810,6.0
40811,6.0
40812,6.0
40813,6.0
40814,6.0
40815,6.0
40816,6.0
40817,6.0
40818,6.0
40819,6.0
40820,6.0
40821,6.0
40822,6.0
40823,6.0
40824,6.0
40825,6.0
40826,6.0
40827,6.0
40828,6.0
40829,6.0
40830,6.0
40831,6.0
40832,6.0
40833,6.0
40834,6.0
40835,6.0
40836,6.0
40837,6.0
40838,6.0
40839,6.0
40840,6.0
40841,6.0
40842,6.0
40843,6.0
40844,6.0
40845,6.0
40846,6.0
40847,6.0
40848,6.0
40849,6.0
40850,6.0
40851,6.0
40852,6.0
40853,6.0
40854,6.0
40855,6.0
40856,6.0
40857,6.0
40858,6.0
40859,6.0
40860,6.0
40861,6.0
40862,6.0
40863,6.0
40864,6.0
40865,6.0
40866,6.0
40867,6.0
40868,6.0
40869,6.0
40870,6.0
40871,6.0
40872,6.0
40873,6.0
40874,6.0
40875,6.0
40876,6.0
40877,6.0
40878,6.0
40879,6.0
40880,6.0
40881,6.0
40882,6.0
40883,6.0
40884,6.0
40885,6.0
40886,6.0
40887,6.0
40888,6.0
40889,6.0
40890,6.0
40891,6.0
40892,6.0
40893,6.0
40894,6.0
40895,6.0
40896,6.0
40897,6.0
40898,6.0
40899,6.0
40900,6.0
40901,6.0
40902,6.0
40903,6.0
40904,6.0
40905,6.0
40906,6.0
40907,6.0
40908,6.0
40909,6.0
40910,6.0
40911,6.0
40912,6.0
40913,6.0
40914,6.0
40915,6.0
40916,6.0
40917,6.0
40918,6.0
40919,6.0
40920,6.0
40921,6.0
40922,6.0
40923,6.0
40924,6.0
40925,6.0
40926,6.0
40927,6.0
40928,6.0
40929,6.0
40930,6.0
40931,6.0
40932,6.0
40933,6.0
40934,6.0
40935,6.0
40936,6.0
40937,6.0
40938,6.0
40939,6.0
40940,6.0
40941,6.0
40942,6.0
40943,6.0
40944,6.0
40945,6.0
40946,6.0
40947,6.0
40948,6.0
40949,6.0
40950,6.0
40951,6.0
40952,6.0
40953,6.0
40954,6.0
40955,6.0
40956,6.0
40957,6.0
40958,6.0
40959,6.0
40960,6.0
40961,6.0
40962,6.0
40963,6.0
40964,6.0
40965,6.0
40966,6.0
40967,6.0
40968,6.0
40969,6.0
40970,6.0
40971,6.0
40972,6.0
40973,6.0
40974,6.0
40975,6.0
40976,6.0
40977,6.0
40978,6.0
40979,6.0
40980,6.0
40981,6.0
40982,6.0
40983,6.0
40984,6.0
40985,6.0
40986,6.0
40987,6.0
40988,6.0
40989,6.0
40990,6.0
40991,6.0
40992,6.0
40993,6.0
40994,6.0
40995,6.0
40996,6.0
40997,6.0
40998,6.0
40999,6.0
41000,6.0
41001,6.0
41002,6.0
41003,6.0
41004,6.0
41005,6.0
41006,6.0
41007,6.0
41008,6.0
41009,6.0
41010,6.0
41011,6.0
41012,6.0
41013,6.0
41014,6.0
41015,6.0
41016,6.0
41017,6.0
41018,6.0
41019,6.0
41020,6.0
41021,6.0
41022,6.0
41023,6.0
41024,6.0
41025,6.0
41026,6.0
41027,6.0
41028,6.0
41029,6.0
41030,6.0
41031,6.0
41032,6.0
41033,6.0
41034,6.0
41035,6.0
41036,6.0
41037,6.0
41038,6.0
41039,6.0
41040,6.0
41041,6.0
41042,6.0
41043,6.0
41044,6.0
41045,6.0
41046,6.0
41047,6.0
41048,6.0
41049,6.0
41050,6.0
41051,6.0
41052,6.0
41053,6.0
41054,6.0
41055,6.0
41056,6.0
41057,6.0
41058,6.0
41059,6.0
41060,6.0
41061,6.0
41062,6.0
41063,6.0
41064,6.0
41065,6.0
41066,6.0
41067,6.0
41068,6.0
41069,6.0
41070,6.0
41071,6.0
41072,6.0
41073,6.0
41074,6.0
41075,6.0
41076,6.0
41077,6.0
41078,6.0
41079,6.0
41080,6.0
41081,6.0
41082,6.0
41083,6.0
41084,6.0
41085,6.0
41086,6.0
41087,6.0
41088,6.0
41089,6.0
41090,6.0
41091,6.0
41092,6.0
41093,6.0
41094,6.0
41095,6.0
41096,6.0
41097,6.0
41098,6.0
41099,6.0
41100,6.0
41101,6.0
41102,6.0
41103,6.0
41104,6.0
41105,6.0
41106,6.0
41107,6.0
41108,6.0
41109,6.0
41110,6.0
41111,6.0
41112,6.0
41113,6.0
41114,6.0
41115,6.0
41116,6.0
41117,6.0
41118,6.0
41119,6.0
41120,6.0
41121,6.0
41122,6.0
41123,6.0
41124,6.0
41125,6.0
41126,6.0
41127,6.0
41128,6.0
41129,6.0
41130,6.0
41131,6.0
41132,6.0
41133,6.0
41134,6.0
41135,6.0
41136,6.0
41137,6.0
41138,6.0
41139,6.0
41140,6.0
41141,6.0
41142,6.0
41143,6.0
41144,6.0
41145,6.0
41146,6.0
41147,6.0
41148,6.0
41149,6.0
41150,6.0
41151,6.0
41152,6.0
41153,6.0
41154,6.0
41155,6.0
41156,6.0
41157,6.0
41158,6.0
41159,6.0
41160,6.0
41161,6.0
41162,6.0
41163,6.0
41164,6.0
41165,6.0
41166,6.0
41167,6.0
41168,6.0
41169,6.0
41170,6.0
41171,6.0
41172,6.0
41173,6.0
41174,6.0
41175,6.0
41176,6.0
41177,6.0
41178,6.0
41179,6.0
41180,6.0
41181,6.0
41182,6.0
41183,6.0
41184,6.0
41185,6.0
41186,6.0
41187,6.0
41188,6.0
41189,6.0
41190,6.0
41191,6.0
41192,6.0
41193,6.0
41194,6.0
41195,6.0
41196,6.0
41197,6.0
41198,6.0
41199,6.0
41200,6.0
41201,6.0
41202,6.0
41203,6.0
41204,6.0
41205,6.0
41206,6.0
41207,6.0
41208,6.0
41209,6.0
41210,6.0
41211,6.0
41212,6.0
41213,6.0
41214,6.0
41215,6.0
41216,6.0
41217,6.0
41218,6.0
41219,6.0
41220,6.0
41221,6.0
41222,6.0
41223,6.0
41224,6.0
41225,6.0
41226,6.0
41227,6.0
41228,6.0
41229,6.0
41230,6.0
41231,6.0
41232,6.0
41233,6.0
41234,6.0
41235,6.0
41236,6.0
41237,6.0
41238,6.0
41239,6.0
41240,6.0
41241,6.0
41242,6.0
41243,6.0
41244,6.0
41245,6.0
41246,6.0
41247,6.0
41248,6.0
41249,6.0
41250,6.0
41251,6.0
41252,6.0
41253,6.0
41254,6.0
41255,6.0
41256,6.0
41257,6.0
41258,6.0
41259,6.0
41260,6.0
41261,6.0
41262,6.0
41263,6.0
41264,6.0
41265,6.0
41266,6.0
41267,6.0
41268,6.0
41269,6.0
41270,6.0
41271,6.0
41272,6.0
41273,6.0
41274,6.0
41275,6.0
41276,6.0
41277,6.0
41278,6.0
41279,6.0
41280,6.0
41281,6.0
41282,6.0
41283,6.0
41284,6.0
41285,6.0
41286,6.0
41287,6.0
41288,6.0
41289,6.0
41290,6.0
41291,6.0
41292,6.0
41293,6.0
41294,6.0
41295,6.0
41296,6.0
41297,6.0
41298,6.0
41299,6.0
41300,6.0
41301,6.0
41302,6.0
41303,6.0
41304,6.0
41305,6.0
41306,6.0
41307,6.0
41308,6.0
41309,6.0
41310,6.0
41311,6.0
41312,6.0
41313,6.0
41314,6.0
41315,6.0
41316,6.0
41317,6.0
41318,6.0
41319,6.0
41320,6.0
41321,6.0
41322,6.0
41323,6.0
41324,6.0
41325,6.0
41326,6.0
41327,6.0
41328,6.0
41329,6.0
41330,6.0
41331,6.0
41332,6.0
41333,6.0
41334,6.0
41335,6.0
41336,6.0
41337,6.0
41338,6.0
41339,6.0
41340,6.0
41341,6.0
41342,6.0
41343,6.0
41344,6.0
41345,6.0
41346,6.0
41347,6.0
41348,6.0
41349,6.0
41350,6.0
41351,6.0
41352,6.0
41353,6.0
41354,6.0
41355,6.0
41356,6.0
41357,6.0
41358,6.0
41359,6.0
41360,6.0
41361,6.0
41362,6.0
41363,6.0
41364,6.0
41365,6.0
41366,6.0
41367,6.0
41368,6.0
41369,6.0
41370,6.0
41371,6.0
41372,6.0
41373,6.0
41374,6.0
41375,6.0
41376,6.0
41377,6.0
41378,6.0
41379,6.0
41380,6.0
41381,6.0
41382,6.0
41383,6.0
41384,6.0
41385,6.0
41386,6.0
41387,6.0
41388,6.0
41389,6.0
41390,6.0
41391,6.0
41392,6.0
41393,6.0
41394,6.0
41395,6.0
41396,6.0
41397,6.0
41398,6.0
41399,6.0
41400,6.0
41401,6.0
41402,6.0
41403,6.0
41404,6.0
41405,6.0
41406,6.0
41407,6.0
41408,6.0
41409,6.0
41410,6.0
41411,6.0
41412,6.0
41413,6.0
41414,6.0
41415,6.0
41416,6.0
41417,6.0
41418,6.0
41419,6.0
41420,6.0
41421,6.0
41422,6.0
41423,6.0
41424,6.0
41425,6.0
41426,6.0
41427,6.0
41428,6.0
41429,6.0
41430,6.0
41431,6.0
41432,6.0
41433,6.0
41434,6.0
41435,6.0
41436,6.0
41437,6.0
41438,6.0
41439,6.0
41440,6.0
41441,6.0
41442,6.0
41443,6.0
41444,6.0
41445,6.0
41446,6.0
41447,6.0
41448,6.0
41449,6.0
41450,6.0
41451,6.0
41452,6.0
41453,6.0
41454,6.0
41455,6.0
41456,6.0
41457,6.0
41458,6.0
41459,6.0
41460,6.0
41461,6.0
41462,6.0
41463,6.0
41464,6.0
41465,6.0
41466,6.0
41467,6.0
41468,6.0
41469,6.0
41470,6.0
41471,6.0
41472,6.0
41473,6.0
41474,6.0
41475,6.0
41476,6.0
41477,6.0
41478,6.0
41479,6.0
41480,6.0
41481,6.0
41482,6.0
41483,6.0
41484,6.0
41485,6.0
41486,6.0
41487,6.0
41488,6.0
41489,6.0
41490,6.0
41491,6.0
41492,6.0
41493,6.0
41494,6.0
41495,6.0
41496,6.0
41497,6.0
41498,6.0
41499,6.0
41500,6.0
41501,6.0
41502,6.0
41503,6.0
41504,6.0
41505,6.0
41506,6.0
41507,6.0
41508,6.0
41509,6.0
41510,6.0
41511,6.0
41512,6.0
41513,6.0
41514,6.0
41515,6.0
41516,6.0
41517,6.0
41518,6.0
41519,6.0
41520,6.0
41521,6.0
41522,6.0
41523,6.0
41524,6.0
41525,6.0
41526,6.0
41527,6.0
41528,6.0
41529,6.0
41530,6.0
41531,6.0
41532,6.0
41533,6.0
41534,6.0
41535,6.0
41536,6.0
41537,6.0
41538,6.0
41539,6.0
41540,6.0
41541,6.0
41542,6.0
41543,6.0
41544,6.0
41545,6.0
41546,6.0
41547,6.0
41548,6.0
41549,6.0
41550,6.0
41551,6.0
41552,6.0
41553,6.0
41554,6.0
41555,6.0
41556,6.0
41557,6.0
41558,6.0
41559,6.0
41560,6.0
41561,6.0
41562,6.0
41563,6.0
41564,6.0
41565,6.0
41566,6.0
41567,6.0
41568,6.0
41569,6.0
41570,6.0
41571,6.0
41572,6.0
41573,6.0
41574,6.0
41575,6.0
41576,6.0
41577,6.0
41578,6.0
41579,6.0
41580,6.0
41581,6.0
41582,6.0
41583,6.0
41584,6.0
41585,6.0
41586,6.0
41587,6.0
41588,6.0
41589,6.0
41590,6.0
41591,6.0
41592,6.0
41593,6.0
41594,6.0
41595,6.0
41596,6.0
41597,6.0
41598,6.0
41599,6.0
41600,6.0
41601,6.0
41602,6.0
41603,6.0
41604,6.0
41605,6.0
41606,6.0
41607,6.0
41608,6.0
41609,6.0
41610,6.0
41611,6.0
41612,6.0
41613,6.0
41614,6.0
41615,6.0
41616,6.0
41617,6.0
41618,6.0
41619,6.0
41620,6.0
41621,6.0
41622,6.0
41623,6.0
41624,6.0
41625,6.0
41626,6.0
41627,6.0
41628,6.0
41629,6.0
41630,6.0
41631,6.0
41632,6.0
41633,6.0
41634,6.0
41635,6.0
41636,6.0
41637,6.0
41638,6.0
41639,6.0
41640,6.0
41641,6.0
41642,6.0
41643,6.0
41644,6.0
41645,6.0
41646,6.0
41647,6.0
41648,6.0
41649,6.0
41650,6.0
41651,6.0
41652,6.0
41653,6.0
41654,6.0
41655,6.0
41656,6.0
41657,6.0
41658,6.0
41659,6.0
41660,6.0
41661,6.0
41662,6.0
41663,6.0
41664,6.0
41665,6.0
41666,6.0
41667,6.0
41668,6.0
41669,6.0
41670,6.0
41671,6.0
41672,6.0
41673,6.0
41674,6.0
41675,6.0
41676,6.0
41677,6.0
41678,6.0
41679,6.0
41680,6.0
41681,6.0
41682,6.0
41683,6.0
41684,6.0
41685,6.0
41686,6.0
41687,6.0
41688,6.0
41689,6.0
41690,6.0
41691,6.0
41692,6.0
41693,6.0
41694,6.0
41695,6.0
41696,6.0
41697,6.0
41698,6.0
41699,6.0
41700,6.0
41701,6.0
41702,6.0
41703,6.0
41704,6.0
41705,6.0
41706,6.0
41707,6.0
41708,6.0
41709,6.0
41710,6.0
41711,6.0
41712,6.0
41713,6.0
41714,6.0
41715,6.0
41716,6.0
41717,6.0
41718,6.0
41719,6.0
41720,6.0
41721,6.0
41722,6.0
41723,6.0
41724,6.0
41725,6.0
41726,6.0
41727,6.0
41728,6.0
41729,6.0
41730,6.0
41731,6.0
41732,6.0
41733,6.0
41734,6.0
41735,6.0
41736,6.0
41737,6.0
41738,6.0
41739,6.0
41740,6.0
41741,6.0
41742,6.0
41743,6.0
41744,6.0
41745,6.0
41746,6.0
41747,6.0
41748,6.0
41749,6.0
41750,6.0
41751,6.0
41752,6.0
41753,6.0
41754,6.0
41755,6.0
41756,6.0
41757,6.0
41758,6.0
41759,6.0
41760,6.0
41761,6.0
41762,6.0
41763,6.0
41764,6.0
41765,6.0
41766,6.0
41767,6.0
41768,6.0
41769,6.0
41770,6.0
41771,6.0
41772,6.0
41773,6.0
41774,6.0
41775,6.0
41776,6.0
41777,6.0
41778,6.0
41779,6.0
41780,6.0
41781,6.0
41782,6.0
41783,6.0
41784,6.0
41785,6.0
41786,6.0
41787,6.0
41788,6.0
41789,6.0
41790,6.0
41791,6.0
41792,6.0
41793,6.0
41794,6.0
41795,6.0
41796,6.0
41797,6.0
41798,6.0
41799,6.0
41800,6.0
41801,6.0
41802,6.0
41803,6.0
41804,6.0
41805,6.0
41806,6.0
41807,6.0
41808,6.0
41809,6.0
41810,6.0
41811,6.0
41812,6.0
41813,6.0
41814,6.0
41815,6.0
41816,6.0
41817,6.0
41818,6.0
41819,6.0
41820,6.0
41821,6.0
41822,6.0
41823,6.0
41824,6.0
41825,6.0
41826,6.0
41827,6.0
41828,6.0
41829,6.0
41830,6.0
41831,6.0
41832,6.0
41833,6.0
41834,6.0
41835,6.0
41836,6.0
41837,6.0
41838,6.0
41839,6.0
41840,6.0
41841,6.0
41842,6.0
41843,6.0
41844,6.0
41845,6.0
41846,6.0
41847,6.0
41848,6.0
41849,6.0
41850,6.0
41851,6.0
41852,6.0
41853,6.0
41854,6.0
41855,6.0
41856,6.0
41857,6.0
41858,6.0
41859,6.0
41860,6.0
41861,6.0
41862,6.0
41863,6.0
41864,6.0
41865,6.0
41866,6.0
41867,6.0
41868,6.0
41869,6.0
41870,6.0
41871,6.0
41872,6.0
41873,6.0
41874,6.0
41875,6.0
41876,6.0
41877,6.0
41878,6.0
41879,6.0
41880,6.0
41881,6.0
41882,6.0
41883,6.0
41884,6.0
41885,6.0
41886,6.0
41887,6.0
41888,6.0
41889,6.0
41890,6.0
41891,6.0
41892,6.0
41893,6.0
41894,6.0
41895,6.0
41896,6.0
41897,6.0
41898,6.0
41899,6.0
41900,6.0
41901,6.0
41902,6.0
41903,6.0
41904,6.0
41905,6.0
41906,6.0
41907,6.0
41908,6.0
41909,6.0
41910,6.0
41911,6.0
41912,6.0
41913,6.0
41914,6.0
41915,6.0
41916,6.0
41917,6.0
41918,6.0
41919,6.0
41920,6.0
41921,6.0
41922,6.0
41923,6.0
41924,6.0
41925,6.0
41926,6.0
41927,6.0
41928,6.0
41929,6.0
41930,6.0
41931,6.0
41932,6.0
41933,6.0
41934,6.0
41935,6.0
41936,6.0
41937,6.0
41938,6.0
41939,6.0
41940,6.0
41941,6.0
41942,6.0
41943,6.0
41944,6.0
41945,6.0
41946,6.0
41947,6.0
41948,6.0
41949,6.0
41950,6.0
41951,6.0
41952,6.0
41953,6.0
41954,6.0
41955,6.0
41956,6.0
41957,6.0
41958,6.0
41959,6.0
41960,6.0
41961,6.0
41962,6.0
41963,6.0
41964,6.0
41965,6.0
41966,6.0
41967,6.0
41968,6.0
41969,6.0
41970,6.0
41971,6.0
41972,6.0
41973,6.0
41974,6.0
41975,6.0
41976,6.0
41977,6.0
41978,6.0
41979,6.0
41980,6.0
41981,6.0
41982,6.0
41983,6.0
41984,6.0
41985,6.0
41986,6.0
41987,6.0
41988,6.0
41989,6.0
41990,6.0
41991,6.0
41992,6.0
41993,6.0
41994,6.0
41995,6.0
41996,6.0
41997,6.0
41998,6.0
41999,6.0
42000,6.0
42001,6.0
42002,6.0
42003,6.0
42004,6.0
42005,6.0
42006,6.0
42007,6.0
42008,6.0
42009,6.0
42010,6.0
42011,6.0
42012,6.0
42013,6.0
42014,6.0
42015,6.0
42016,6.0
42017,6.0
42018,6.0
42019,6.0
42020,6.0
42021,6.0
42022,6.0
42023,6.0
42024,6.0
42025,6.0
42026,6.0
42027,6.0
42028,6.0
42029,6.0
42030,6.0
42031,6.0
42032,6.0
42033,6.0
42034,6.0
42035,6.0
42036,6.0
42037,6.0
42038,6.0
42039,6.0
42040,6.0
42041,6.0
42042,6.0
42043,6.0
42044,6.0
42045,6.0
42046,6.0
42047,6.0
42048,6.0
42049,6.0
42050,6.0
42051,6.0
42052,6.0
42053,6.0
42054,6.0
42055,6.0
42056,6.0
42057,6.0
42058,6.0
42059,6.0
42060,6.0
42061,6.0
42062,6.0
42063,6.0
42064,6.0
42065,6.0
42066,6.0
42067,6.0
42068,6.0
42069,6.0
42070,6.0
42071,6.0
42072,6.0
42073,6.0
42074,6.0
42075,6.0
42076,6.0
42077,6.0
42078,6.0
42079,6.0
42080,6.0
42081,6.0
42082,6.0
42083,6.0
42084,6.0
42085,6.0
42086,6.0
42087,6.0
42088,6.0
42089,6.0
42090,6.0
42091,6.0
42092,6.0
42093,6.0
42094,6.0
42095,6.0
42096,6.0
42097,6.0
42098,6.0
42099,6.0
42100,6.0
42101,6.0
42102,6.0
42103,6.0
42104,6.0
42105,6.0
42106,6.0
42107,6.0
42108,6.0
42109,6.0
42110,6.0
42111,6.0
42112,6.0
42113,6.0
42114,6.0
42115,6.0
42116,6.0
42117,6.0
42118,6.0
42119,6.0
42120,6.0
42121,6.0
42122,6.0
42123,6.0
42124,6.0
42125,6.0
42126,6.0
42127,6.0
42128,6.0
42129,6.0
42130,6.0
42131,6.0
42132,6.0
42133,6.0
42134,6.0
42135,6.0
42136,6.0
42137,6.0
42138,6.0
42139,6.0
42140,6.0
42141,6.0
42142,6.0
42143,6.0
42144,6.0
42145,6.0
42146,6.0
42147,6.0
42148,6.0
42149,6.0
42150,6.0
42151,6.0
42152,6.0
42153,6.0
42154,6.0
42155,6.0
42156,6.0
42157,6.0
42158,6.0
42159,6.0
42160,6.0
42161,6.0
42162,6.0
42163,6.0
42164,6.0
42165,6.0
42166,6.0
42167,6.0
42168,6.0
42169,6.0
42170,6.0
42171,6.0
42172,6.0
42173,6.0
42174,6.0
42175,6.0
42176,6.0
42177,6.0
42178,6.0
42179,6.0
42180,6.0
42181,6.0
42182,6.0
42183,6.0
42184,6.0
42185,6.0
42186,6.0
42187,6.0
42188,6.0
42189,6.0
42190,6.0
42191,6.0
42192,6.0
42193,6.0
42194,6.0
42195,6.0
42196,6.0
42197,6.0
42198,6.0
42199,6.0
42200,6.0
42201,6.0
42202,6.0
42203,6.0
42204,6.0
42205,6.0
42206,6.0
42207,6.0
42208,6.0
42209,6.0
42210,6.0
42211,6.0
42212,6.0
42213,6.0
42214,6.0
42215,6.0
42216,6.0
42217,6.0
42218,6.0
42219,6.0
42220,6.0
42221,6.0
42222,6.0
42223,6.0
42224,6.0
42225,6.0
42226,6.0
42227,6.0
42228,6.0
42229,6.0
42230,6.0
42231,6.0
42232,6.0
42233,6.0
42234,6.0
42235,6.0
42236,6.0
42237,6.0
42238,6.0
42239,6.0
42240,6.0
42241,6.0
42242,6.0
42243,6.0
42244,6.0
42245,6.0
42246,6.0
42247,6.0
42248,6.0
42249,6.0
42250,6.0
42251,6.0
42252,6.0
42253,6.0
42254,6.0
42255,6.0
42256,6.0
42257,6.0
42258,6.0
42259,6.0
42260,6.0
42261,6.0
42262,6.0
42263,6.0
42264,6.0
42265,6.0
42266,6.0
42267,6.0
42268,6.0
42269,6.0
42270,6.0
42271,6.0
42272,6.0
42273,6.0
42274,6.0
42275,6.0
42276,6.0
42277,6.0
42278,6.0
42279,6.0
42280,6.0
42281,6.0
42282,6.0
42283,6.0
42284,6.0
42285,6.0
42286,6.0
42287,6.0
42288,6.0
42289,6.0
42290,6.0
42291,6.0
42292,6.0
42293,6.0
42294,6.0
42295,6.0
42296,6.0
42297,6.0
42298,6.0
42299,6.0
42300,6.0
42301,6.0
42302,6.0
42303,6.0
42304,6.0
42305,6.0
42306,6.0
42307,6.0
42308,6.0
42309,6.0
42310,6.0
42311,6.0
42312,6.0
42313,6.0
42314,6.0
42315,6.0
42316,6.0
42317,6.0
42318,6.0
42319,6.0
42320,6.0
42321,6.0
42322,6.0
42323,6.0
42324,6.0
42325,6.0
42326,6.0
42327,6.0
42328,6.0
42329,6.0
42330,6.0
42331,6.0
42332,6.0
42333,6.0
42334,6.0
42335,6.0
42336,6.0
42337,6.0
42338,6.0
42339,6.0
42340,6.0
42341,6.0
42342,6.0
42343,6.0
42344,6.0
42345,6.0
42346,6.0
42347,6.0
42348,6.0
42349,6.0
42350,6.0
42351,7.0
42352,7.0
42353,7.0
42354,7.0
42355,7.0
42356,7.0
42357,7.0
42358,7.0
42359,7.0
42360,7.0
42361,7.0
42362,7.0
42363,7.0
42364,7.0
42365,7.0
42366,7.0
42367,7.0
42368,7.0
42369,7.0
42370,7.0
42371,7.0
42372,7.0
42373,7.0
42374,7.0
42375,7.0
42376,7.0
42377,7.0
42378,6.0
42379,6.0
42380,6.0
42381,6.0
42382,6.0
42383,6.0
42384,6.0
42385,6.0
42386,6.0
42387,6.0
42388,6.0
42389,6.0
42390,6.0
42391,6.0
42392,6.0
42393,6.0
42394,6.0
42395,6.0
42396,6.0
42397,6.0
42398,6.0
42399,6.0
42400,6.0
42401,6.0
42402,6.0
42403,6.0
42404,6.0
42405,6.0
42406,6.0
42407,6.0
42408,6.0
42409,6.0
42410,6.0
42411,6.0
42412,6.0
42413,6.0
42414,6.0
42415,6.0
42416,6.0
42417,6.0
42418,6.0
42419,6.0
42420,6.0
42421,6.0
42422,6.0
42423,6.0
42424,6.0
42425,6.0
42426,6.0
42427,6.0
42428,6.0
42429,6.0
42430,6.0
42431,6.0
42432,6.0
42433,6.0
42434,6.0
42435,6.0
42436,6.0
42437,6.0
42438,6.0
42439,6.0
42440,6.0
42441,6.0
42442,6.0
42443,6.0
42444,6.0
42445,6.0
42446,6.0
42447,6.0
42448,6.0
42449,6.0
42450,6.0
42451,6.0
42452,6.0
42453,6.0
42454,6.0
42455,6.0
42456,6.0
42457,6.0
42458,6.0
42459,6.0
42460,6.0
42461,6.0
42462,6.0
42463,6.0
42464,6.0
42465,6.0
42466,6.0
42467,6.0
42468,6.0
42469,6.0
42470,6.0
42471,6.0
42472,6.0
42473,6.0
42474,6.0
42475,6.0
42476,6.0
42477,6.0
42478,6.0
42479,6.0
42480,6.0
42481,6.0
42482,6.0
42483,6.0
42484,6.0
42485,6.0
42486,6.0
42487,6.0
42488,6.0
42489,6.0
42490,6.0
42491,6.0
42492,6.0
42493,6.0
42494,6.0
42495,6.0
42496,6.0
42497,6.0
42498,6.0
42499,6.0
42500,6.0
42501,6.0
42502,6.0
42503,6.0
42504,6.0
42505,6.0
42506,6.0
42507,6.0
42508,6.0
42509,6.0
42510,6.0
42511,6.0
42512,6.0
42513,6.0
42514,6.0
42515,6.0
42516,6.0
42517,6.0
42518,6.0
42519,6.0
42520,6.0
42521,6.0
42522,6.0
42523,6.0
42524,6.0
42525,6.0
42526,6.0
42527,6.0
42528,6.0
42529,6.0
42530,6.0
42531,6.0
42532,6.0
42533,6.0
42534,6.0
42535,6.0
42536,6.0
42537,6.0
42538,6.0
42539,6.0
42540,6.0
42541,6.0
42542,6.0
42543,6.0
42544,6.0
42545,6.0
42546,6.0
42547,6.0
42548,6.0
42549,6.0
42550,6.0
42551,6.0
42552,6.0
42553,6.0
42554,6.0
42555,6.0
42556,6.0
42557,6.0
42558,6.0
42559,6.0
42560,6.0
42561,6.0
42562,6.0
42563,6.0
42564,6.0
42565,6.0
42566,6.0
42567,6.0
42568,6.0
42569,6.0
42570,6.0
42571,6.0
42572,6.0
42573,6.0
42574,6.0
42575,6.0
42576,6.0
42577,6.0
42578,6.0
42579,6.0
42580,6.0
42581,6.0
42582,6.0
42583,6.0
42584,6.0
42585,6.0
42586,6.0
42587,6.0
42588,6.0
42589,6.0
42590,6.0
42591,6.0
42592,6.0
42593,6.0
42594,6.0
42595,6.0
42596,6.0
42597,6.0
42598,6.0
42599,6.0
42600,6.0
42601,6.0
42602,6.0
42603,6.0
42604,6.0
42605,6.0
42606,6.0
42607,6.0
42608,6.0
42609,6.0
42610,6.0
42611,6.0
42612,6.0
42613,6.0
42614,6.0
42615,6.0
42616,6.0
42617,6.0
42618,6.0
42619,6.0
42620,6.0
42621,6.0
42622,6.0
42623,6.0
42624,6.0
42625,6.0
42626,6.0
42627,6.0
42628,6.0
42629,6.0
42630,6.0
42631,6.0
42632,6.0
42633,6.0
42634,6.0
42635,6.0
42636,6.0
42637,6.0
42638,6.0
42639,6.0
42640,6.0
42641,6.0
42642,6.0
42643,6.0
42644,6.0
42645,6.0
42646,6.0
42647,6.0
42648,6.0
42649,6.0
42650,6.0
42651,6.0
42652,6.0
42653,6.0
42654,6.0
42655,6.0
42656,6.0
42657,6.0
42658,6.0
42659,6.0
42660,6.0
42661,6.0
42662,6.0
42663,6.0
42664,6.0
42665,6.0
42666,6.0
42667,6.0
42668,6.0
42669,6.0
42670,6.0
42671,6.0
42672,6.0
42673,6.0
42674,6.0
42675,6.0
42676,6.0
42677,6.0
42678,6.0
42679,6.0
42680,6.0
42681,6.0
42682,6.0
42683,6.0
42684,6.0
42685,6.0
42686,6.0
42687,6.0
42688,6.0
42689,6.0
42690,6.0
42691,6.0
42692,6.0
42693,6.0
42694,6.0
42695,6.0
42696,6.0
42697,6.0
42698,6.0
42699,6.0
42700,6.0
42701,6.0
42702,6.0
42703,6.0
42704,6.0
42705,6.0
42706,6.0
42707,6.0
42708,6.0
42709,6.0
42710,6.0
42711,6.0
42712,6.0
42713,6.0
42714,6.0
42715,6.0
42716,6.0
42717,6.0
42718,6.0
42719,6.0
42720,6.0
42721,6.0
42722,6.0
42723,6.0
42724,6.0
42725,6.0
42726,6.0
42727,6.0
42728,6.0
42729,6.0
42730,6.0
42731,6.0
42732,6.0
42733,6.0
42734,6.0
42735,6.0
42736,6.0
42737,6.0
42738,6.0
42739,6.0
42740,6.0
42741,6.0
42742,6.0
42743,6.0
42744,6.0
42745,6.0
42746,6.0
42747,6.0
42748,6.0
42749,6.0
42750,6.0
42751,6.0
42752,6.0
42753,6.0
42754,6.0
42755,6.0
42756,6.0
42757,6.0
42758,6.0
42759,6.0
42760,6.0
42761,6.0
42762,6.0
42763,6.0
42764,6.0
42765,6.0
42766,6.0
42767,6.0
42768,6.0
42769,6.0
42770,6.0
42771,6.0
42772,7.0
42773,7.0
42774,7.0
42775,7.0
42776,7.0
42777,7.0
42778,7.0
42779,7.0
42780,7.0
42781,7.0
42782,7.0
42783,7.0
42784,7.0
42785,7.0
42786,7.0
42787,7.0
42788,7.0
42789,7.0
42790,7.0
42791,7.0
42792,7.0
42793,7.0
42794,7.0
42795,7.0
42796,7.0
42797,7.0
42798,7.0
42799,7.0
42800,7.0
42801,7.0
42802,7.0
42803,7.0
42804,7.0
42805,7.0
42806,7.0
42807,7.0
42808,7.0
42809,7.0
42810,7.0
42811,7.0
42812,7.0
42813,7.0
42814,7.0
42815,7.0
42816,7.0
42817,7.0
42818,7.0
42819,7.0
42820,7.0
42821,7.0
42822,7.0
42823,7.0
42824,7.0
42825,7.0
42826,7.0
42827,7.0
42828,7.0
42829,7.0
42830,7.0
42831,7.0
42832,7.0
42833,7.0
42834,7.0
42835,7.0
42836,7.0
42837,7.0
42838,7.0
42839,7.0
42840,7.0
42841,7.0
42842,7.0
42843,7.0
42844,7.0
42845,7.0
42846,7.0
42847,7.0
42848,7.0
42849,7.0
42850,7.0
42851,7.0
42852,7.0
42853,7.0
42854,7.0
42855,7.0
42856,7.0
42857,7.0
42858,7.0
42859,7.0
42860,7.0
42861,7.0
42862,7.0
42863,7.0
42864,7.0
42865,7.0
42866,7.0
42867,7.0
42868,7.0
42869,7.0
42870,7.0
42871,7.0
42872,7.0
42873,7.0
42874,7.0
42875,7.0
42876,7.0
42877,7.0
42878,7.0
42879,7.0
42880,7.0
42881,7.0
42882,7.0
42883,7.0
42884,7.0
42885,7.0
42886,7.0
42887,7.0
42888,7.0
42889,7.0
42890,7.0
42891,7.0
42892,7.0
42893,7.0
42894,7.0
42895,7.0
42896,7.0
42897,7.0
42898,7.0
42899,7.0
42900,7.0
42901,7.0
42902,7.0
42903,7.0
42904,7.0
42905,7.0
42906,7.0
42907,7.0
42908,7.0
42909,7.0
42910,7.0
42911,7.0
42912,7.0
42913,7.0
42914,7.0
42915,7.0
42916,7.0
42917,7.0
42918,7.0
42919,7.0
42920,7.0
42921,7.0
42922,7.0
42923,7.0
42924,7.0
42925,7.0
42926,7.0
42927,7.0
42928,7.0
42929,7.0
42930,7.0
42931,7.0
42932,7.0
42933,7.0
42934,7.0
42935,7.0
42936,7.0
42937,7.0
42938,7.0
42939,7.0
42940,7.0
42941,7.0
42942,7.0
42943,7.0
42944,7.0
42945,7.0
42946,7.0
42947,7.0
42948,7.0
42949,7.0
42950,7.0
42951,7.0
42952,7.0
42953,7.0
42954,7.0
42955,7.0
42956,7.0
42957,7.0
42958,7.0
42959,7.0
42960,7.0
42961,7.0
42962,7.0
42963,7.0
42964,7.0
42965,7.0
42966,7.0
42967,7.0
42968,7.0
42969,7.0
42970,7.0
42971,7.0
42972,7.0
42973,7.0
42974,7.0
42975,7.0
42976,7.0
42977,7.0
42978,7.0
42979,7.0
42980,7.0
42981,7.0
42982,7.0
42983,7.0
42984,7.0
42985,7.0
42986,7.0
42987,7.0
42988,7.0
42989,7.0
42990,7.0
42991,7.0
42992,7.0
42993,7.0
42994,7.0
42995,7.0
42996,7.0
42997,7.0
42998,7.0
42999,7.0
43000,7.0
43001,7.0
43002,7.0
43003,7.0
43004,7.0
43005,7.0
43006,7.0
43007,7.0
43008,7.0
43009,7.0
43010,7.0
43011,7.0
43012,7.0
43013,7.0
43014,7.0
43015,7.0
43016,7.0
43017,7.0
43018,7.0
43019,7.0
43020,7.0
43021,7.0
43022,7.0
43023,7.0
43024,7.0
43025,7.0
43026,7.0
43027,7.0
43028,7.0
43029,7.0
43030,7.0
43031,7.0
43032,7.0
43033,7.0
43034,7.0
43035,7.0
43036,7.0
43037,7.0
43038,7.0
43039,7.0
43040,7.0
43041,7.0
43042,7.0
43043,7.0
43044,7.0
43045,7.0
43046,7.0
43047,7.0
43048,7.0
43049,7.0
43050,7.0
43051,7.0
43052,7.0
43053,7.0
43054,7.0
43055,7.0
43056,7.0
43057,7.0
43058,7.0
43059,7.0
43060,7.0
43061,7.0
43062,7.0
43063,7.0
43064,7.0
43065,7.0
43066,7.0
43067,7.0
43068,7.0
43069,7.0
43070,7.0
43071,7.0
43072,7.0
43073,7.0
43074,7.0
43075,7.0
43076,7.0
43077,7.0
43078,7.0
43079,7.0
43080,7.0
43081,7.0
43082,7.0
43083,7.0
43084,7.0
43085,7.0
43086,7.0
43087,7.0
43088,7.0
43089,7.0
43090,7.0
43091,7.0
43092,7.0
43093,7.0
43094,7.0
43095,7.0
43096,7.0
43097,7.0
43098,7.0
43099,7.0
43100,7.0
43101,7.0
43102,7.0
43103,7.0
43104,7.0
43105,7.0
43106,7.0
43107,7.0
43108,7.0
43109,7.0
43110,7.0
43111,7.0
43112,7.0
43113,7.0
43114,7.0
43115,7.0
43116,7.0
43117,7.0
43118,7.0
43119,7.0
43120,7.0
43121,7.0
43122,7.0
43123,7.0
43124,7.0
43125,7.0
43126,7.0
43127,7.0
43128,7.0
43129,7.0
43130,7.0
43131,7.0
43132,7.0
43133,7.0
43134,7.0
43135,7.0
43136,7.0
43137,7.0
43138,8.0
43139,8.0
43140,8.0
43141,8.0
43142,8.0
43143,8.0
43144,8.0
43145,8.0
43146,8.0
43147,8.0
43148,8.0
43149,8.0
43150,8.0
43151,8.0
43152,8.0
43153,8.0
43154,8.0
43155,8.0
43156,8.0
43157,8.0
43158,8.0
43159,8.0
43160,8.0
43161,8.0
43162,8.0
43163,8.0
43164,8.0
43165,8.0
43166,8.0
43167,8.0
43168,8.0
43169,8.0
43170,8.0
43171,8.0
43172,8.0
43173,8.0
43174,8.0
43175,8.0
43176,8.0
43177,8.0
43178,8.0
43179,8.0
43180,8.0
43181,8.0
43182,8.0
43183,8.0
43184,8.0
43185,8.0
43186,8.0
43187,8.0
43188,8.0
43189,8.0
43190,8.0
43191,8.0
43192,8.0
43193,8.0
43194,8.0
43195,8.0
43196,8.0
43197,8.0
43198,8.0
43199,8.0
43200,8.0
43201,8.0
43202,8.0
43203,8.0
43204,8.0
43205,8.0
43206,8.0
43207,8.0
43208,8.0
43209,8.0
43210,8.0
43211,8.0
43212,8.0
43213,8.0
43214,8.0
43215,8.0
43216,8.0
43217,8.0
43218,8.0
43219,8.0
43220,8.0
43221,8.0
43222,8.0
43223,8.0
43224,8.0
43225,8.0
43226,5.0
43227,5.0
43228,5.0
43229,5.0
43230,5.0
43231,5.0
43232,5.0
43233,5.0
43234,5.0
43235,5.0
43236,5.0
43237,5.0
43238,5.0
43239,5.0
43240,5.0
43241,5.0
43242,5.0
43243,5.0
43244,5.0
43245,5.0
43246,5.0
43247,5.0
43248,5.0
43249,5.0
43250,5.0
43251,5.0
43252,5.0
43253,5.0
43254,5.0
43255,5.0
43256,5.0
43257,5.0
43258,5.0
43259,5.0
43260,5.0
43261,5.0
43262,5.0
43263,5.0
43264,5.0
43265,5.0
43266,5.0
43267,5.0
43268,5.0
43269,5.0
43270,5.0
43271,5.0
43272,5.0
43273,5.0
43274,5.0
43275,5.0
43276,5.0
43277,5.0
43278,5.0
43279,5.0
43280,5.0
43281,5.0
43282,5.0
43283,5.0
43284,5.0
43285,5.0
43286,5.0
43287,5.0
43288,5.0
43289,5.0
43290,5.0
43291,5.0
43292,5.0
43293,5.0
43294,5.0
43295,5.0
43296,5.0
43297,6.0
43298,6.0
43299,6.0
43300,6.0
43301,6.0
43302,6.0
43303,6.0
43304,6.0
43305,6.0
43306,6.0
43307,6.0
43308,6.0
43309,6.0
43310,6.0
43311,6.0
43312,6.0
43313,6.0
43314,6.0
43315,6.0
43316,6.0
43317,6.0
43318,6.0
43319,6.0
43320,6.0
43321,6.0
43322,6.0
43323,6.0
43324,6.0
43325,6.0
43326,6.0
43327,6.0
43328,6.0
43329,6.0
43330,6.0
43331,6.0
43332,6.0
43333,6.0
43334,6.0
43335,6.0
43336,6.0
43337,6.0
43338,6.0
43339,6.0
43340,6.0
43341,6.0
43342,6.0
43343,6.0
43344,6.0
43345,6.0
43346,6.0
43347,6.0
43348,6.0
43349,6.0
43350,6.0
43351,6.0
43352,6.0
43353,6.0
43354,6.0
43355,6.0
43356,6.0
43357,7.0
43358,7.0
43359,7.0
43360,7.0
43361,7.0
43362,7.0
43363,7.0
43364,7.0
43365,7.0
43366,7.0
43367,7.0
43368,7.0
43369,7.0
43370,7.0
43371,7.0
43372,7.0
43373,7.0
43374,7.0
43375,7.0
43376,7.0
43377,7.0
43378,7.0
43379,7.0
43380,7.0
43381,7.0
43382,7.0
43383,7.0
43384,7.0
43385,7.0
43386,7.0
43387,7.0
43388,7.0
43389,7.0
43390,7.0
43391,7.0
43392,7.0
43393,7.0
43394,7.0
43395,7.0
43396,7.0
43397,7.0
43398,7.0
43399,7.0
43400,7.0
43401,7.0
43402,7.0
43403,7.0
43404,7.0
43405,7.0
43406,7.0
43407,7.0
43408,7.0
43409,7.0
43410,7.0
43411,7.0
43412,7.0
43413,7.0
43414,7.0
43415,7.0
43416,7.0
43417,7.0
43418,7.0
43419,7.0
43420,7.0
43421,7.0
43422,7.0
43423,7.0
43424,7.0
43425,7.0
43426,7.0
43427,7.0
43428,7.0
43429,7.0
43430,7.0
43431,7.0
43432,7.0
43433,7.0
43434,7.0
43435,7.0
43436,7.0
43437,7.0
43438,7.0
43439,7.0
43440,7.0
43441,7.0
43442,7.0
43443,7.0
43444,7.0
43445,7.0
43446,7.0
43447,7.0
43448,7.0
43449,7.0
43450,7.0
43451,7.0
43452,7.0
43453,7.0
43454,7.0
43455,7.0
43456,7.0
43457,7.0
43458,7.0
43459,7.0
43460,7.0
43461,7.0
43462,7.0
43463,7.0
43464,7.0
43465,7.0
43466,7.0
43467,7.0
43468,7.0
43469,7.0
43470,7.0
43471,7.0
43472,7.0
43473,7.0
43474,7.0
43475,7.0
43476,7.0
43477,7.0
43478,7.0
43479,7.0
43480,7.0
43481,7.0
43482,7.0
43483,7.0
43484,7.0
43485,7.0
43486,7.0
43487,7.0
43488,7.0
43489,7.0
43490,7.0
43491,7.0
43492,7.0
43493,7.0
43494,7.0
43495,7.0
43496,7.0
43497,7.0
43498,7.0
43499,7.0
43500,7.0
43501,7.0
43502,7.0
43503,7.0
43504,7.0
43505,7.0
43506,7.0
43507,7.0
43508,7.0
43509,7.0
43510,7.0
43511,7.0
43512,7.0
43513,7.0
43514,7.0
43515,7.0
43516,7.0
43517,7.0
43518,7.0
43519,7.0
43520,7.0
43521,7.0
43522,7.0
43523,7.0
43524,7.0
43525,7.0
43526,7.0
43527,7.0
43528,7.0
43529,7.0
43530,7.0
43531,7.0
43532,7.0
43533,7.0
43534,7.0
43535,7.0
43536,7.0
43537,7.0
43538,7.0
43539,7.0
43540,7.0
43541,7.0
43542,7.0
43543,7.0
43544,7.0
43545,7.0
43546,7.0
43547,7.0
43548,7.0
43549,7.0
43550,7.0
43551,7.0
43552,7.0
43553,7.0
43554,7.0
43555,7.0
43556,7.0
43557,7.0
43558,7.0
43559,7.0
43560,7.0
43561,7.0
43562,7.0
43563,7.0
43564,7.0
43565,7.0
43566,7.0
43567,7.0
43568,7.0
43569,7.0
43570,7.0
43571,7.0
43572,7.0
43573,7.0
43574,7.0
43575,7.0
43576,7.0
43577,7.0
43578,7.0
43579,7.0
43580,7.0
43581,7.0
43582,7.0
43583,7.0
43584,7.0
43585,7.0
43586,7.0
43587,7.0
43588,7.0
43589,7.0
43590,7.0
43591,7.0
43592,7.0
43593,7.0
43594,7.0
43595,7.0
43596,7.0
43597,7.0
43598,7.0
43599,7.0
43600,7.0
43601,7.0
43602,7.0
43603,7.0
43604,7.0
43605,7.0
43606,7.0
43607,7.0
43608,7.0
43609,7.0
43610,7.0
43611,7.0
43612,7.0
43613,7.0
43614,7.0
43615,7.0
43616,7.0
43617,7.0
43618,7.0
43619,7.0
43620,7.0
43621,7.0
43622,7.0
43623,7.0
43624,7.0
43625,7.0
43626,7.0
43627,7.0
43628,7.0
43629,7.0
43630,7.0
43631,7.0
43632,7.0
43633,7.0
43634,7.0
43635,7.0
43636,7.0
43637,7.0
43638,7.0
43639,7.0
43640,7.0
43641,7.0
43642,7.0
43643,7.0
43644,7.0
43645,7.0
43646,7.0
43647,7.0
43648,7.0
43649,7.0
43650,7.0
43651,7.0
43652,7.0
43653,7.0
43654,7.0
43655,7.0
43656,7.0
43657,7.0
43658,7.0
43659,7.0
43660,7.0
43661,7.0
43662,7.0
43663,7.0
43664,7.0
43665,7.0
43666,7.0
43667,7.0
43668,7.0
43669,7.0
43670,7.0
43671,7.0
43672,7.0
43673,7.0
43674,7.0
43675,7.0
43676,7.0
43677,7.0
43678,7.0
43679,7.0
43680,6.0
43681,6.0
43682,6.0
43683,6.0
43684,6.0
43685,6.0
43686,6.0
43687,6.0
43688,6.0
43689,6.0
43690,6.0
43691,6.0
43692,6.0
43693,6.0
43694,6.0
43695,6.0
43696,6.0
43697,6.0
43698,6.0
43699,6.0
43700,6.0
43701,6.0
43702,6.0
43703,6.0
43704,6.0
43705,6.0
43706,6.0
43707,6.0
43708,6.0
43709,6.0
43710,6.0
43711,6.0
43712,6.0
43713,6.0
43714,6.0
43715,6.0
43716,6.0
43717,6.0
43718,6.0
43719,6.0
43720,6.0
43721,6.0
43722,6.0
43723,6.0
43724,6.0
43725,6.0
43726,6.0
43727,6.0
43728,6.0
43729,6.0
43730,6.0
43731,6.0
43732,6.0
43733,6.0
43734,6.0
43735,6.0
43736,6.0
43737,6.0
43738,6.0
43739,6.0
43740,6.0
43741,6.0
43742,6.0
43743,6.0
43744,6.0
43745,6.0
43746,6.0
43747,6.0
43748,6.0
43749,6.0
43750,6.0
43751,6.0
43752,6.0
43753,6.0
43754,6.0
43755,6.0
43756,6.0
43757,6.0
43758,6.0
43759,6.0
43760,6.0
43761,6.0
43762,6.0
43763,6.0
43764,6.0
43765,6.0
43766,6.0
43767,6.0
43768,6.0
43769,6.0
43770,6.0
43771,6.0
43772,6.0
43773,6.0
43774,6.0
43775,6.0
43776,6.0
43777,6.0
43778,6.0
43779,6.0
43780,6.0
43781,6.0
43782,6.0
43783,6.0
43784,6.0
43785,6.0
43786,6.0
43787,6.0
43788,6.0
43789,6.0
43790,6.0
43791,6.0
43792,6.0
43793,6.0
43794,6.0
43795,6.0
43796,6.0
43797,6.0
43798,6.0
43799,6.0
43800,6.0
43801,6.0
43802,6.0
43803,6.0
43804,6.0
43805,6.0
43806,6.0
43807,6.0
43808,6.0
43809,6.0
43810,6.0
43811,6.0
43812,6.0
43813,6.0
43814,6.0
43815,6.0
43816,6.0
43817,6.0
43818,6.0
43819,6.0
43820,6.0
43821,6.0
43822,6.0
43823,6.0
43824,6.0
43825,6.0
43826,6.0
43827,6.0
43828,6.0
43829,6.0
43830,6.0
43831,6.0
43832,6.0
43833,6.0
43834,6.0
43835,6.0
43836,6.0
43837,6.0
43838,6.0
43839,6.0
43840,6.0
43841,6.0
43842,6.0
43843,6.0
43844,6.0
43845,6.0
43846,6.0
43847,6.0
43848,6.0
43849,6.0
43850,6.0
43851,6.0
43852,6.0
43853,6.0
43854,6.0
43855,6.0
43856,6.0
43857,6.0
43858,6.0
43859,6.0
43860,6.0
43861,6.0
43862,6.0
43863,6.0
43864,6.0
43865,6.0
43866,6.0
43867,6.0
43868,6.0
43869,6.0
43870,6.0
43871,6.0
43872,6.0
43873,6.0
43874,6.0
43875,6.0
43876,6.0
43877,6.0
43878,6.0
43879,6.0
43880,6.0
43881,6.0
43882,6.0
43883,6.0
43884,6.0
43885,6.0
43886,6.0
43887,6.0
43888,6.0
43889,6.0
43890,6.0
43891,6.0
43892,6.0
43893,6.0
43894,6.0
43895,6.0
43896,6.0
43897,6.0
43898,6.0
43899,6.0
43900,6.0
43901,6.0
43902,6.0
43903,6.0
43904,6.0
43905,6.0
43906,6.0
43907,6.0
43908,6.0
43909,6.0
43910,6.0
43911,6.0
43912,6.0
43913,6.0
43914,6.0
43915,6.0
43916,6.0
43917,6.0
43918,6.0
43919,6.0
43920,6.0
43921,6.0
43922,6.0
43923,6.0
43924,6.0
43925,6.0
43926,6.0
43927,6.0
43928,6.0
43929,6.0
43930,6.0
43931,6.0
43932,6.0
43933,6.0
43934,6.0
43935,6.0
43936,6.0
43937,6.0
43938,6.0
43939,6.0
43940,6.0
43941,6.0
43942,6.0
43943,6.0
43944,6.0
43945,6.0
43946,6.0
43947,6.0
43948,6.0
43949,6.0
43950,6.0
43951,6.0
43952,6.0
43953,6.0
43954,6.0
43955,6.0
43956,6.0
43957,6.0
43958,6.0
43959,6.0
43960,6.0
43961,6.0
43962,6.0
43963,6.0
43964,6.0
43965,6.0
43966,6.0
43967,6.0
43968,6.0
43969,6.0
43970,6.0
43971,6.0
43972,6.0
43973,6.0
43974,6.0
43975,6.0
43976,6.0
43977,6.0
43978,6.0
43979,6.0
43980,6.0
43981,6.0
43982,6.0
43983,6.0
43984,6.0
43985,6.0
43986,6.0
43987,6.0
43988,6.0
43989,6.0
43990,6.0
43991,6.0
43992,6.0
43993,6.0
43994,6.0
43995,6.0
43996,6.0
43997,6.0
43998,6.0
43999,6.0
44000,6.0
44001,6.0
44002,6.0
44003,6.0
44004,6.0
44005,6.0
44006,6.0
44007,6.0
44008,6.0
44009,6.0
44010,6.0
44011,6.0
44012,6.0
44013,6.0
44014,6.0
44015,6.0
44016,6.0
44017,6.0
44018,6.0
44019,6.0
44020,6.0
44021,6.0
44022,6.0
44023,6.0
44024,6.0
44025,6.0
44026,5.0
44027,5.0
44028,5.0
44029,5.0
44030,5.0
44031,5.0
44032,5.0
44033,5.0
44034,5.0
44035,5.0
44036,5.0
44037,5.0
44038,5.0
44039,5.0
44040,5.0
44041,5.0
44042,5.0
44043,5.0
44044,5.0
44045,5.0
44046,5.0
44047,5.0
44048,5.0
44049,5.0
44050,5.0
44051,5.0
44052,5.0
44053,5.0
44054,5.0
44055,5.0
44056,5.0
44057,5.0
44058,5.0
44059,5.0
44060,5.0
44061,5.0
44062,5.0
44063,5.0
44064,5.0
44065,5.0
44066,5.0
44067,5.0
44068,5.0
44069,5.0
44070,5.0
44071,5.0
44072,5.0
44073,5.0
44074,5.0
44075,5.0
44076,5.0
44077,5.0
44078,5.0
44079,5.0
44080,5.0
44081,5.0
44082,5.0
44083,5.0
44084,5.0
44085,5.0
44086,5.0
44087,5.0
44088,5.0
44089,5.0
44090,5.0
44091,5.0
44092,5.0
44093,5.0
44094,5.0
44095,5.0
44096,5.0
44097,5.0
44098,5.0
44099,5.0
44100,5.0
44101,5.0
44102,5.0
44103,5.0
44104,5.0
44105,5.0
44106,5.0
44107,5.0
44108,5.0
44109,5.0
44110,5.0
44111,5.0
44112,5.0
44113,5.0
44114,5.0
44115,5.0
44116,5.0
44117,5.0
44118,5.0
44119,5.0
44120,5.0
44121,5.0
44122,5.0
44123,5.0
44124,5.0
44125,5.0
44126,5.0
44127,5.0
44128,5.0
44129,5.0
44130,5.0
44131,5.0
44132,5.0
44133,5.0
44134,5.0
44135,5.0
44136,5.0
44137,5.0
44138,5.0
44139,5.0
44140,5.0
44141,5.0
44142,5.0
44143,5.0
44144,5.0
44145,5.0
44146,5.0
44147,5.0
44148,5.0
44149,5.0
44150,5.0
44151,5.0
44152,5.0
44153,5.0
44154,5.0
44155,5.0
44156,5.0
44157,5.0
44158,5.0
44159,5.0
44160,5.0
44161,5.0
44162,5.0
44163,5.0
44164,5.0
44165,5.0
44166,5.0
44167,5.0
44168,5.0
44169,5.0
44170,5.0
44171,5.0
44172,5.0
44173,5.0
44174,5.0
44175,5.0
44176,5.0
44177,5.0
44178,5.0
44179,5.0
44180,5.0
44181,5.0
44182,5.0
44183,5.0
44184,5.0
44185,5.0
44186,5.0
44187,5.0
44188,5.0
44189,5.0
44190,5.0
44191,5.0
44192,5.0
44193,5.0
44194,5.0
44195,5.0
44196,5.0
44197,5.0
44198,5.0
44199,5.0
44200,5.0
44201,5.0
44202,5.0
44203,5.0
44204,5.0
44205,5.0
44206,5.0
44207,5.0
44208,5.0
44209,5.0
44210,5.0
44211,5.0
44212,5.0
44213,5.0
44214,5.0
44215,5.0
44216,5.0
44217,5.0
44218,5.0
44219,5.0
44220,5.0
44221,5.0
44222,5.0
44223,5.0
44224,5.0
44225,5.0
44226,5.0
44227,5.0
44228,5.0
44229,5.0
44230,5.0
44231,5.0
44232,5.0
44233,5.0
44234,5.0
44235,5.0
44236,5.0
44237,5.0
44238,5.0
44239,5.0
44240,5.0
44241,5.0
44242,5.0
44243,5.0
44244,5.0
44245,5.0
44246,5.0
44247,5.0
44248,5.0
44249,5.0
44250,5.0
44251,5.0
44252,5.0
44253,5.0
44254,5.0
44255,5.0
44256,5.0
44257,5.0
44258,5.0
44259,5.0
44260,5.0
44261,5.0
44262,5.0
44263,5.0
44264,5.0
44265,5.0
44266,5.0
44267,5.0
44268,5.0
44269,5.0
44270,5.0
44271,5.0
44272,5.0
44273,5.0
44274,5.0
44275,5.0
44276,5.0
44277,5.0
44278,5.0
44279,5.0
44280,5.0
44281,5.0
44282,5.0
44283,5.0
44284,5.0
44285,5.0
44286,5.0
44287,5.0
44288,5.0
44289,5.0
44290,5.0
44291,5.0
44292,5.0
44293,5.0
44294,5.0
44295,5.0
44296,5.0
44297,5.0
44298,5.0
44299,5.0
44300,5.0
44301,5.0
44302,5.0
44303,5.0
44304,5.0
44305,5.0
44306,5.0
44307,5.0
44308,5.0
44309,5.0
44310,5.0
44311,5.0
44312,5.0
44313,5.0
44314,5.0
44315,5.0
44316,5.0
44317,5.0
44318,5.0
44319,5.0
44320,5.0
44321,5.0
44322,5.0
44323,5.0
44324,5.0
44325,5.0
44326,5.0
44327,5.0
44328,5.0
44329,5.0
44330,5.0
44331,5.0
44332,5.0
44333,5.0
44334,5.0
44335,5.0
44336,5.0
44337,5.0
44338,5.0
44339,5.0
44340,5.0
44341,5.0
44342,5.0
44343,5.0
44344,6.0
44345,6.0
44346,6.0
44347,6.0
44348,6.0
44349,6.0
44350,6.0
44351,6.0
44352,6.0
44353,6.0
44354,6.0
44355,6.0
44356,6.0
44357,6.0
44358,6.0
44359,5.0
44360,5.0
44361,5.0
44362,5.0
44363,5.0
44364,5.0
44365,5.0
44366,5.0
44367,5.0
44368,5.0
44369,5.0
44370,5.0
44371,5.0
44372,5.0
44373,5.0
44374,5.0
44375,5.0
44376,5.0
44377,5.0
44378,5.0
44379,5.0
44380,5.0
44381,5.0
44382,5.0
44383,5.0
44384,5.0
44385,5.0
44386,5.0
44387,5.0
44388,5.0
44389,5.0
44390,5.0
44391,5.0
44392,5.0
44393,5.0
44394,5.0
44395,5.0
44396,5.0
44397,5.0
44398,5.0
44399,5.0
44400,5.0
44401,5.0
44402,5.0
44403,5.0
44404,5.0
44405,5.0
44406,5.0
44407,5.0
44408,5.0
44409,5.0
44410,5.0
44411,5.0
44412,5.0
44413,5.0
44414,5.0
44415,5.0
44416,5.0
44417,5.0
44418,5.0
44419,5.0
44420,5.0
44421,5.0
44422,5.0
44423,5.0
44424,5.0
44425,5.0
44426,5.0
44427,5.0
44428,5.0
44429,5.0
44430,5.0
44431,5.0
44432,5.0
44433,5.0
44434,5.0
44435,5.0
44436,5.0
44437,5.0
44438,5.0
44439,5.0
44440,5.0
44441,5.0
44442,5.0
44443,5.0
44444,5.0
44445,5.0
44446,5.0
44447,5.0
44448,5.0
44449,5.0
44450,5.0
44451,5.0
44452,5.0
44453,5.0
44454,5.0
44455,5.0
44456,5.0
44457,5.0
44458,5.0
44459,5.0
44460,5.0
44461,5.0
44462,5.0
44463,5.0
44464,5.0
44465,5.0
44466,5.0
44467,5.0
44468,5.0
44469,5.0
44470,5.0
44471,5.0
44472,5.0
44473,5.0
44474,5.0
44475,5.0
44476,5.0
44477,5.0
44478,5.0
44479,5.0
44480,5.0
44481,5.0
44482,5.0
44483,5.0
44484,5.0
44485,5.0
44486,5.0
44487,5.0
44488,5.0
44489,5.0
44490,5.0
44491,5.0
44492,5.0
44493,5.0
44494,5.0
44495,5.0
44496,5.0
44497,5.0
44498,5.0
44499,5.0
44500,5.0
44501,5.0
44502,5.0
44503,5.0
44504,5.0
44505,5.0
44506,5.0
44507,5.0
44508,5.0
44509,5.0
44510,5.0
44511,5.0
44512,5.0
44513,5.0
44514,5.0
44515,5.0
44516,5.0
44517,5.0
44518,5.0
44519,5.0
44520,5.0
44521,5.0
44522,5.0
44523,5.0
44524,5.0
44525,5.0
44526,5.0
44527,5.0
44528,5.0
44529,5.0
44530,5.0
44531,5.0
44532,5.0
44533,5.0
44534,6.0
44535,6.0
44536,6.0
44537,6.0
44538,6.0
44539,6.0
44540,6.0
44541,6.0
44542,6.0
44543,6.0
44544,6.0
44545,6.0
44546,6.0
44547,6.0
44548,6.0
44549,6.0
44550,6.0
44551,6.0
44552,6.0
44553,6.0
44554,6.0
44555,6.0
44556,6.0
44557,6.0
44558,6.0
44559,6.0
44560,6.0
44561,6.0
44562,6.0
44563,6.0
44564,6.0
44565,6.0
44566,6.0
44567,6.0
44568,6.0
44569,6.0
44570,6.0
44571,6.0
44572,6.0
44573,7.0
44574,7.0
44575,7.0
44576,7.0
44577,7.0
44578,7.0
44579,7.0
44580,7.0
44581,7.0
44582,7.0
44583,7.0
44584,7.0
44585,7.0
44586,7.0
44587,7.0
44588,7.0
44589,7.0
44590,7.0
44591,7.0
44592,7.0
44593,7.0
44594,7.0
44595,7.0
44596,7.0
44597,7.0
44598,7.0
44599,7.0
44600,7.0
44601,7.0
44602,7.0
44603,7.0
44604,7.0
44605,7.0
44606,7.0
44607,7.0
44608,7.0
44609,7.0
44610,7.0
44611,7.0
44612,7.0
44613,7.0
44614,7.0
44615,7.0
44616,7.0
44617,7.0
44618,7.0
44619,7.0
44620,7.0
44621,7.0
44622,7.0
44623,7.0
44624,7.0
44625,7.0
44626,7.0
44627,7.0
44628,7.0
44629,7.0
44630,7.0
44631,7.0
44632,7.0
44633,7.0
44634,7.0
44635,7.0
44636,7.0
44637,7.0
44638,7.0
44639,7.0
44640,7.0
44641,7.0
44642,7.0
44643,7.0
44644,7.0
44645,7.0
44646,7.0
44647,7.0
44648,7.0
44649,7.0
44650,7.0
44651,7.0
44652,7.0
44653,7.0
44654,7.0
44655,7.0
44656,7.0
44657,7.0
44658,7.0
44659,7.0
44660,7.0
44661,7.0
44662,7.0
44663,7.0
44664,7.0
44665,7.0
44666,7.0
44667,7.0
44668,7.0
44669,7.0
44670,7.0
44671,7.0
44672,7.0
44673,7.0
44674,7.0
44675,7.0
44676,7.0
44677,7.0
44678,7.0
44679,7.0
44680,7.0
44681,7.0
44682,7.0
44683,7.0
44684,7.0
44685,7.0
44686,7.0
44687,7.0
44688,7.0
44689,7.0
44690,7.0
44691,7.0
44692,7.0
44693,7.0
44694,7.0
44695,7.0
44696,7.0
44697,7.0
44698,7.0
44699,7.0
44700,7.0
44701,7.0
44702,7.0
44703,7.0
44704,7.0
44705,7.0
44706,7.0
44707,7.0
44708,7.0
44709,7.0
44710,7.0
44711,7.0
44712,7.0
44713,7.0
44714,7.0
44715,7.0
44716,7.0
44717,7.0
44718,7.0
44719,7.0
44720,7.0
44721,7.0
44722,7.0
44723,7.0
44724,7.0
44725,7.0
44726,7.0
44727,7.0
44728,7.0
44729,7.0
44730,7.0
44731,7.0
44732,7.0
44733,7.0
44734,7.0
44735,7.0
44736,7.0
44737,7.0
44738,7.0
44739,7.0
44740,7.0
44741,7.0
44742,7.0
44743,7.0
44744,7.0
44745,7.0
44746,7.0
44747,7.0
44748,7.0
44749,7.0
44750,7.0
44751,7.0
44752,7.0
44753,7.0
44754,7.0
44755,7.0
44756,7.0
44757,7.0
44758,7.0
44759,7.0
44760,7.0
44761,7.0
44762,7.0
44763,7.0
44764,7.0
44765,7.0
44766,7.0
44767,7.0
44768,7.0
44769,5.0
44770,5.0
44771,5.0
44772,5.0
44773,5.0
44774,5.0
44775,5.0
44776,5.0
44777,5.0
44778,5.0
44779,5.0
44780,5.0
44781,5.0
44782,5.0
44783,5.0
44784,5.0
44785,5.0
44786,5.0
44787,5.0
44788,5.0
44789,5.0
44790,5.0
44791,5.0
44792,5.0
44793,5.0
44794,5.0
44795,5.0
44796,5.0
44797,5.0
44798,5.0
44799,5.0
44800,5.0
44801,5.0
44802,5.0
44803,5.0
44804,5.0
44805,5.0
44806,5.0
44807,5.0
44808,5.0
44809,5.0
44810,5.0
44811,5.0
44812,5.0
44813,5.0
44814,5.0
44815,5.0
44816,5.0
44817,5.0
44818,5.0
44819,5.0
44820,5.0
44821,5.0
44822,5.0
44823,5.0
44824,5.0
44825,5.0
44826,5.0
44827,5.0
44828,5.0
44829,5.0
44830,5.0
44831,5.0
44832,5.0
44833,5.0
44834,5.0
44835,5.0
44836,5.0
44837,5.0
44838,5.0
44839,5.0
44840,5.0
44841,5.0
44842,5.0
44843,5.0
44844,5.0
44845,5.0
44846,5.0
44847,5.0
44848,5.0
44849,5.0
44850,5.0
44851,5.0
44852,5.0
44853,5.0
44854,5.0
44855,5.0
44856,5.0
44857,5.0
44858,5.0
44859,5.0
44860,5.0
44861,5.0
44862,5.0
44863,5.0
44864,5.0
44865,5.0
44866,5.0
44867,5.0
44868,5.0
44869,5.0
44870,5.0
44871,5.0
44872,5.0
44873,5.0
44874,5.0
44875,5.0
44876,6.0
44877,6.0
44878,6.0
44879,6.0
44880,6.0
44881,6.0
44882,6.0
44883,6.0
44884,6.0
44885,6.0
44886,6.0
44887,6.0
44888,5.0
44889,5.0
44890,5.0
44891,5.0
44892,5.0
44893,5.0
44894,5.0
44895,5.0
44896,5.0
44897,5.0
44898,5.0
44899,5.0
44900,5.0
44901,5.0
44902,5.0
44903,5.0
44904,5.0
44905,5.0
44906,5.0
44907,5.0
44908,5.0
44909,5.0
44910,5.0
44911,5.0
44912,5.0
44913,5.0
44914,5.0
44915,5.0
44916,5.0
44917,5.0
44918,5.0
44919,5.0
44920,5.0
44921,5.0
44922,5.0
44923,5.0
44924,5.0
44925,5.0
44926,5.0
44927,5.0
44928,5.0
44929,5.0
44930,5.0
44931,5.0
44932,5.0
44933,5.0
44934,5.0
44935,5.0
44936,5.0
44937,5.0
44938,5.0
44939,5.0
44940,5.0
44941,5.0
44942,5.0
44943,5.0
44944,5.0
44945,5.0
44946,5.0
44947,5.0
44948,5.0
44949,5.0
44950,5.0
44951,5.0
44952,5.0
44953,5.0
44954,5.0
44955,5.0
44956,5.0
44957,5.0
44958,5.0
44959,5.0
44960,5.0
44961,5.0
44962,5.0
44963,5.0
44964,5.0
44965,5.0
44966,5.0
44967,5.0
44968,5.0
44969,5.0
44970,5.0
44971,5.0
44972,5.0
44973,5.0
44974,5.0
44975,5.0
44976,5.0
44977,5.0
44978,5.0
44979,5.0
44980,5.0
44981,5.0
44982,5.0
44983,5.0
44984,5.0
44985,5.0
44986,5.0
44987,5.0
44988,5.0
44989,5.0
44990,5.0
44991,5.0
44992,5.0
44993,5.0
44994,5.0
44995,5.0
44996,5.0
44997,5.0
44998,5.0
44999,5.0
45000,5.0
45001,5.0
45002,5.0
45003,5.0
45004,5.0
45005,5.0
45006,5.0
45007,5.0
45008,5.0
45009,5.0
45010,5.0
45011,5.0
45012,5.0
45013,5.0
45014,5.0
45015,5.0
45016,5.0
45017,5.0
45018,5.0
45019,5.0
45020,5.0
45021,5.0
45022,5.0
45023,5.0
45024,5.0
45025,5.0
45026,5.0
45027,5.0
45028,5.0
45029,5.0
45030,5.0
45031,5.0
45032,5.0
45033,5.0
45034,5.0
45035,5.0
45036,5.0
45037,5.0
45038,5.0
45039,5.0
45040,5.0
45041,5.0
45042,5.0
45043,5.0
45044,5.0
45045,5.0
45046,5.0
45047,5.0
45048,5.0
45049,5.0
45050,5.0
45051,5.0
45052,5.0
45053,5.0
45054,5.0
45055,5.0
45056,5.0
45057,5.0
45058,5.0
45059,5.0
45060,5.0
45061,5.0
45062,5.0
45063,5.0
45064,5.0
45065,5.0
45066,5.0
45067,5.0
45068,5.0
45069,5.0
45070,5.0
45071,5.0
45072,5.0
45073,5.0
45074,5.0
45075,5.0
45076,5.0
45077,5.0
45078,5.0
45079,5.0
45080,5.0
45081,5.0
45082,5.0
45083,5.0
45084,5.0
45085,5.0
45086,5.0
45087,5.0
45088,5.0
45089,5.0
45090,5.0
45091,5.0
45092,5.0
45093,5.0
45094,5.0
45095,5.0
45096,5.0
45097,5.0
45098,5.0
45099,5.0
45100,5.0
45101,5.0
45102,5.0
45103,5.0
45104,5.0
45105,5.0
45106,5.0
45107,5.0
45108,5.0
45109,5.0
45110,5.0
45111,5.0
45112,5.0
45113,5.0
45114,5.0
45115,5.0
45116,5.0
45117,5.0
45118,5.0
45119,5.0
45120,5.0
45121,5.0
45122,5.0
45123,5.0
45124,5.0
45125,5.0
45126,5.0
45127,5.0
45128,5.0
45129,5.0
45130,5.0
45131,5.0
45132,5.0
45133,5.0
45134,5.0
45135,5.0
45136,5.0
45137,5.0
45138,5.0
45139,5.0
45140,5.0
45141,5.0
45142,5.0
45143,5.0
45144,5.0
45145,5.0
45146,5.0
45147,5.0
45148,5.0
45149,5.0
45150,5.0
45151,5.0
45152,5.0
45153,5.0
45154,5.0
45155,5.0
45156,5.0
45157,5.0
45158,5.0
45159,5.0
45160,5.0
45161,5.0
45162,5.0
45163,5.0
45164,5.0
45165,5.0
45166,5.0
45167,5.0
45168,5.0
45169,5.0
45170,5.0
45171,5.0
45172,5.0
45173,5.0
45174,5.0
45175,5.0
45176,5.0
45177,5.0
45178,5.0
45179,5.0
45180,5.0
45181,5.0
45182,5.0
45183,5.0
45184,5.0
45185,5.0
45186,5.0
45187,5.0
45188,5.0
45189,5.0
45190,5.0
45191,5.0
45192,5.0
45193,5.0
45194,5.0
45195,5.0
45196,5.0
45197,5.0
45198,5.0
45199,5.0
45200,5.0
45201,5.0
45202,5.0
45203,5.0
45204,5.0
45205,5.0
45206,5.0
45207,5.0
45208,5.0
45209,5.0
45210,5.0
45211,5.0
45212,5.0
45213,5.0
45214,5.0
45215,5.0
45216,5.0
45217,5.0
45218,5.0
45219,5.0
45220,5.0
45221,5.0
45222,5.0
45223,5.0
45224,5.0
45225,5.0
45226,5.0
45227,5.0
45228,5.0
45229,5.0
45230,5.0
45231,5.0
45232,5.0
45233,5.0
45234,5.0
45235,5.0
45236,5.0
45237,5.0
45238,5.0
45239,5.0
45240,5.0
45241,5.0
45242,5.0
45243,5.0
45244,5.0
45245,5.0
45246,5.0
45247,5.0
45248,5.0
45249,5.0
45250,5.0
45251,5.0
45252,5.0
45253,5.0
45254,5.0
45255,5.0
45256,5.0
45257,5.0
45258,5.0
45259,5.0
45260,5.0
45261,5.0
45262,5.0
45263,5.0
45264,5.0
45265,5.0
45266,5.0
45267,5.0
45268,5.0
45269,5.0
45270,5.0
45271,5.0
45272,5.0
45273,5.0
45274,5.0
45275,5.0
45276,5.0
45277,5.0
45278,5.0
45279,5.0
45280,5.0
45281,5.0
45282,5.0
45283,5.0
45284,5.0
45285,5.0
45286,5.0
45287,5.0
45288,5.0
45289,5.0
45290,5.0
45291,5.0
45292,5.0
45293,5.0
45294,5.0
45295,5.0
45296,5.0
45297,5.0
45298,5.0
45299,5.0
45300,5.0
45301,5.0
45302,5.0
45303,5.0
45304,5.0
45305,5.0
45306,5.0
45307,5.0
45308,5.0
45309,5.0
45310,5.0
45311,5.0
45312,5.0
45313,5.0
45314,5.0
45315,5.0
45316,5.0
45317,6.0
45318,6.0
45319,6.0
45320,6.0
45321,6.0
45322,6.0
45323,6.0
45324,6.0
45325,6.0
45326,6.0
45327,6.0
45328,6.0
45329,6.0
45330,6.0
45331,6.0
45332,6.0
45333,6.0
45334,6.0
45335,6.0
45336,6.0
45337,6.0
45338,6.0
45339,6.0
45340,6.0
45341,6.0
45342,6.0
45343,6.0
45344,6.0
45345,6.0
45346,6.0
45347,6.0
45348,6.0
45349,6.0
45350,6.0
45351,6.0
45352,6.0
45353,6.0
45354,6.0
45355,6.0
45356,6.0
45357,6.0
45358,6.0
45359,6.0
45360,6.0
45361,6.0
45362,6.0
45363,6.0
45364,6.0
45365,6.0
45366,6.0
45367,6.0
45368,6.0
45369,6.0
45370,6.0
45371,6.0
45372,6.0
45373,6.0
45374,6.0
45375,6.0
45376,6.0
45377,6.0
45378,6.0
45379,6.0
45380,6.0
45381,6.0
45382,6.0
45383,6.0
45384,6.0
45385,6.0
45386,6.0
45387,6.0
45388,6.0
45389,6.0
45390,6.0
45391,6.0
45392,6.0
45393,6.0
45394,6.0
45395,6.0
45396,6.0
45397,6.0
45398,6.0
45399,6.0
45400,6.0
45401,6.0
45402,6.0
45403,6.0
45404,6.0
45405,6.0
45406,6.0
45407,6.0
45408,6.0
45409,6.0
45410,6.0
45411,6.0
45412,6.0
45413,6.0
45414,6.0
45415,6.0
45416,6.0
45417,6.0
45418,6.0
45419,6.0
45420,6.0
45421,6.0
45422,6.0
45423,6.0
45424,6.0
45425,6.0
45426,6.0
45427,6.0
45428,6.0
45429,6.0
45430,6.0
45431,6.0
45432,6.0
45433,6.0
45434,6.0
45435,6.0
45436,6.0
45437,6.0
45438,6.0
45439,6.0
45440,6.0
45441,6.0
45442,6.0
45443,6.0
45444,6.0
45445,6.0
45446,6.0
45447,6.0
45448,6.0
45449,6.0
45450,6.0
45451,6.0
45452,6.0
45453,6.0
45454,6.0
45455,6.0
45456,6.0
45457,6.0
45458,6.0
45459,6.0
45460,6.0
45461,6.0
45462,6.0
45463,6.0
45464,6.0
45465,6.0
45466,6.0
45467,6.0
45468,6.0
45469,6.0
45470,6.0
45471,6.0
45472,6.0
45473,6.0
45474,6.0
45475,6.0
45476,6.0
45477,6.0
45478,6.0
45479,6.0
45480,6.0
45481,6.0
45482,6.0
45483,6.0
45484,6.0
45485,6.0
45486,6.0
45487,6.0
45488,6.0
45489,6.0
45490,6.0
45491,6.0
45492,6.0
45493,6.0
45494,6.0
45495,6.0
45496,6.0
45497,6.0
45498,6.0
45499,6.0
45500,6.0
45501,6.0
45502,6.0
45503,6.0
45504,6.0
45505,6.0
45506,6.0
45507,6.0
45508,6.0
45509,6.0
45510,6.0
45511,6.0
45512,6.0
45513,6.0
45514,6.0
45515,6.0
45516,6.0
45517,6.0
45518,6.0
45519,6.0
45520,6.0
45521,6.0
45522,6.0
45523,6.0
45524,6.0
45525,6.0
45526,6.0
45527,6.0
45528,6.0
45529,6.0
45530,6.0
45531,6.0
45532,6.0
45533,6.0
45534,6.0
45535,6.0
45536,6.0
45537,6.0
45538,6.0
45539,6.0
45540,6.0
45541,6.0
45542,6.0
45543,6.0
45544,6.0
45545,6.0
45546,6.0
45547,6.0
45548,6.0
45549,6.0
45550,6.0
45551,6.0
45552,6.0
45553,6.0
45554,6.0
45555,6.0
45556,6.0
45557,6.0
45558,6.0
45559,6.0
45560,6.0
45561,6.0
45562,6.0
45563,6.0
45564,6.0
45565,6.0
45566,6.0
45567,6.0
45568,6.0
45569,6.0
45570,6.0
45571,6.0
45572,6.0
45573,6.0
45574,6.0
45575,6.0
45576,6.0
45577,6.0
45578,6.0
45579,6.0
45580,6.0
45581,6.0
45582,6.0
45583,6.0
45584,6.0
45585,6.0
45586,6.0
45587,6.0
45588,6.0
45589,6.0
45590,6.0
45591,6.0
45592,6.0
45593,6.0
45594,6.0
45595,6.0
45596,6.0
45597,6.0
45598,6.0
45599,6.0
45600,6.0
45601,6.0
45602,6.0
45603,6.0
45604,6.0
45605,6.0
45606,6.0
45607,6.0
45608,6.0
45609,6.0
45610,6.0
45611,6.0
45612,6.0
45613,6.0
45614,6.0
45615,6.0
45616,6.0
45617,6.0
45618,6.0
45619,6.0
45620,6.0
45621,6.0
45622,6.0
45623,6.0
45624,6.0
45625,6.0
45626,6.0
45627,6.0
45628,6.0
45629,6.0
45630,6.0
45631,6.0
45632,6.0
45633,6.0
45634,6.0
45635,6.0
45636,6.0
45637,6.0
45638,6.0
45639,6.0
45640,6.0
45641,6.0
45642,6.0
45643,6.0
45644,6.0
45645,6.0
45646,6.0
45647,6.0
45648,6.0
45649,6.0
45650,6.0
45651,6.0
45652,6.0
45653,6.0
45654,6.0
45655,6.0
45656,6.0
45657,6.0
45658,6.0
45659,6.0
45660,6.0
45661,6.0
45662,6.0
45663,6.0
45664,6.0
45665,6.0
45666,6.0
45667,6.0
45668,6.0
45669,6.0
45670,6.0
45671,6.0
45672,6.0
45673,6.0
45674,6.0
45675,6.0
45676,6.0
45677,6.0
45678,6.0
45679,6.0
45680,6.0
45681,6.0
45682,6.0
45683,6.0
45684,6.0
45685,6.0
45686,6.0
45687,6.0
45688,6.0
45689,6.0
45690,6.0
45691,6.0
45692,6.0
45693,6.0
45694,6.0
45695,6.0
45696,6.0
45697,6.0
45698,6.0
45699,6.0
45700,6.0
45701,6.0
45702,6.0
45703,6.0
45704,6.0
45705,6.0
45706,6.0
45707,6.0
45708,6.0
45709,6.0
45710,6.0
45711,6.0
45712,6.0
45713,6.0
45714,6.0
45715,6.0
45716,6.0
45717,6.0
45718,6.0
45719,6.0
45720,6.0
45721,6.0
45722,6.0
45723,6.0
45724,6.0
45725,6.0
45726,6.0
45727,6.0
45728,6.0
45729,6.0
45730,6.0
45731,6.0
45732,6.0
45733,5.0
45734,5.0
45735,5.0
45736,5.0
45737,5.0
45738,5.0
45739,5.0
45740,5.0
45741,5.0
45742,5.0
45743,5.0
45744,5.0
45745,5.0
45746,5.0
45747,5.0
45748,5.0
45749,5.0
45750,5.0
45751,5.0
45752,5.0
45753,5.0
45754,5.0
45755,5.0
45756,5.0
45757,5.0
45758,5.0
45759,5.0
45760,5.0
45761,5.0
45762,5.0
45763,5.0
45764,5.0
45765,5.0
45766,5.0
45767,5.0
45768,5.0
45769,5.0
45770,5.0
45771,5.0
45772,5.0
45773,5.0
45774,5.0
45775,5.0
45776,5.0
45777,5.0
45778,5.0
45779,5.0
45780,5.0
45781,5.0
45782,5.0
45783,5.0
45784,5.0
45785,5.0
45786,5.0
45787,5.0
45788,5.0
45789,5.0
45790,5.0
45791,5.0
45792,5.0
45793,5.0
45794,5.0
45795,5.0
45796,5.0
45797,5.0
45798,5.0
45799,5.0
45800,5.0
45801,5.0
45802,5.0
45803,5.0
45804,5.0
45805,5.0
45806,5.0
45807,5.0
45808,5.0
45809,5.0
45810,5.0
45811,5.0
45812,5.0
45813,5.0
45814,5.0
45815,5.0
45816,5.0
45817,5.0
45818,5.0
45819,5.0
45820,5.0
45821,5.0
45822,5.0
45823,5.0
45824,5.0
45825,5.0
45826,6.0
45827,6.0
45828,6.0
45829,6.0
45830,6.0
45831,6.0
45832,6.0
45833,6.0
45834,6.0
45835,6.0
45836,6.0
45837,6.0
45838,6.0
45839,6.0
45840,6.0
45841,6.0
45842,6.0
45843,6.0
45844,6.0
45845,6.0
45846,6.0
45847,6.0
45848,6.0
45849,6.0
45850,6.0
45851,6.0
45852,6.0
45853,6.0
45854,6.0
45855,6.0
45856,6.0
45857,6.0
45858,6.0
45859,6.0
45860,6.0
45861,6.0
45862,6.0
45863,6.0
45864,6.0
45865,6.0
45866,6.0
45867,6.0
45868,6.0
45869,6.0
45870,6.0
45871,6.0
45872,6.0
45873,6.0
45874,6.0
45875,6.0
45876,6.0
45877,6.0
45878,6.0
45879,6.0
45880,6.0
45881,6.0
45882,6.0
45883,6.0
45884,6.0
45885,6.0
45886,6.0
45887,6.0
45888,6.0
45889,6.0
45890,6.0
45891,6.0
45892,6.0
45893,6.0
45894,6.0
45895,6.0
45896,6.0
45897,6.0
45898,6.0
45899,6.0
45900,6.0
45901,6.0
45902,6.0
45903,6.0
45904,6.0
45905,6.0
45906,6.0
45907,6.0
45908,6.0
45909,6.0
45910,6.0
45911,7.0
45912,7.0
45913,7.0
45914,7.0
45915,7.0
45916,7.0
45917,7.0
45918,7.0
45919,7.0
45920,7.0
45921,7.0
45922,7.0
45923,7.0
45924,7.0
45925,7.0
45926,7.0
45927,7.0
45928,7.0
45929,7.0
45930,7.0
45931,7.0
45932,7.0
45933,7.0
45934,7.0
45935,7.0
45936,7.0
45937,7.0
45938,7.0
45939,7.0
45940,7.0
45941,7.0
45942,7.0
45943,7.0
45944,7.0
45945,7.0
45946,7.0
45947,7.0
45948,7.0
45949,7.0
45950,7.0
45951,7.0
45952,7.0
45953,7.0
45954,7.0
45955,7.0
45956,7.0
45957,7.0
45958,7.0
45959,7.0
45960,7.0
45961,7.0
45962,7.0
45963,7.0
45964,7.0
45965,7.0
45966,7.0
45967,7.0
45968,7.0
45969,7.0
45970,7.0
45971,7.0
45972,7.0
45973,7.0
45974,7.0
45975,7.0
45976,7.0
45977,7.0
45978,7.0
45979,7.0
45980,7.0
45981,7.0
45982,7.0
45983,7.0
45984,7.0
45985,7.0
45986,7.0
45987,7.0
45988,7.0
45989,7.0
45990,7.0
45991,7.0
45992,7.0
45993,7.0
45994,7.0
45995,7.0
45996,7.0
45997,7.0
45998,7.0
45999,7.0
46000,7.0
46001,7.0
46002,7.0
46003,7.0
46004,7.0
46005,7.0
46006,7.0
46007,7.0
46008,7.0
46009,7.0
46010,7.0
46011,7.0
46012,7.0
46013,7.0
46014,7.0
46015,7.0
46016,7.0
46017,7.0
46018,7.0
46019,7.0
46020,7.0
46021,7.0
46022,7.0
46023,7.0
46024,7.0
46025,7.0
46026,7.0
46027,7.0
46028,7.0
46029,7.0
46030,7.0
46031,7.0
46032,7.0
46033,7.0
46034,7.0
46035,7.0
46036,7.0
46037,7.0
46038,7.0
46039,7.0
46040,7.0
46041,7.0
46042,7.0
46043,7.0
46044,7.0
46045,7.0
46046,7.0
46047,7.0
46048,7.0
46049,7.0
46050,7.0
46051,7.0
46052,7.0
46053,7.0
46054,7.0
46055,7.0
46056,7.0
46057,7.0
46058,7.0
46059,7.0
46060,7.0
46061,7.0
46062,7.0
46063,7.0
46064,7.0
46065,7.0
46066,7.0
46067,7.0
46068,7.0
46069,7.0
46070,7.0
46071,7.0
46072,7.0
46073,7.0
46074,7.0
46075,7.0
46076,7.0
46077,7.0
46078,7.0
46079,7.0
46080,7.0
46081,7.0
46082,7.0
46083,7.0
46084,7.0
46085,7.0
46086,7.0
46087,7.0
46088,7.0
46089,7.0
46090,7.0
46091,7.0
46092,7.0
46093,7.0
46094,7.0
46095,7.0
46096,7.0
46097,7.0
46098,7.0
46099,7.0
46100,7.0
46101,7.0
46102,7.0
46103,7.0
46104,7.0
46105,7.0
46106,7.0
46107,7.0
46108,7.0
46109,7.0
46110,7.0
46111,7.0
46112,7.0
46113,7.0
46114,7.0
46115,7.0
46116,7.0
46117,7.0
46118,7.0
46119,7.0
46120,7.0
46121,7.0
46122,7.0
46123,7.0
46124,7.0
46125,7.0
46126,7.0
46127,7.0
46128,7.0
46129,7.0
46130,7.0
46131,7.0
46132,7.0
46133,7.0
46134,7.0
46135,7.0
46136,7.0
46137,7.0
46138,7.0
46139,7.0
46140,7.0
46141,7.0
46142,7.0
46143,7.0
46144,7.0
46145,7.0
46146,7.0
46147,7.0
46148,7.0
46149,7.0
46150,7.0
46151,7.0
46152,7.0
46153,7.0
46154,7.0
46155,7.0
46156,7.0
46157,7.0
46158,7.0
46159,7.0
46160,7.0
46161,7.0
46162,7.0
46163,7.0
46164,7.0
46165,7.0
46166,7.0
46167,7.0
46168,7.0
46169,7.0
46170,7.0
46171,7.0
46172,7.0
46173,7.0
46174,7.0
46175,7.0
46176,7.0
46177,7.0
46178,7.0
46179,7.0
46180,7.0
46181,7.0
46182,7.0
46183,7.0
46184,7.0
46185,7.0
46186,7.0
46187,7.0
46188,7.0
46189,7.0
46190,7.0
46191,7.0
46192,7.0
46193,7.0
46194,7.0
46195,7.0
46196,7.0
46197,7.0
46198,7.0
46199,7.0
46200,7.0
46201,7.0
46202,7.0
46203,7.0
46204,7.0
46205,7.0
46206,7.0
46207,7.0
46208,7.0
46209,7.0
46210,7.0
46211,7.0
46212,7.0
46213,7.0
46214,7.0
46215,7.0
46216,7.0
46217,7.0
46218,7.0
46219,7.0
46220,7.0
46221,7.0
46222,7.0
46223,7.0
46224,7.0
46225,8.0
46226,8.0
46227,8.0
46228,8.0
46229,8.0
46230,8.0
46231,8.0
46232,8.0
46233,8.0
46234,8.0
46235,8.0
46236,8.0
46237,8.0
46238,8.0
46239,8.0
46240,8.0
46241,8.0
46242,8.0
46243,8.0
46244,8.0
46245,8.0
46246,8.0
46247,8.0
46248,8.0
46249,8.0
46250,8.0
46251,8.0
46252,8.0
46253,8.0
46254,8.0
46255,8.0
46256,8.0
46257,8.0
46258,8.0
46259,8.0
46260,8.0
46261,8.0
46262,8.0
46263,8.0
46264,8.0
46265,8.0
46266,8.0
46267,8.0
46268,8.0
46269,8.0
46270,8.0
46271,8.0
46272,8.0
46273,8.0
46274,8.0
46275,8.0
46276,8.0
46277,8.0
46278,8.0
46279,8.0
46280,8.0
46281,8.0
46282,8.0
46283,8.0
46284,8.0
46285,8.0
46286,8.0
46287,8.0
46288,8.0
46289,8.0
46290,8.0
46291,8.0
46292,8.0
46293,8.0
46294,8.0
46295,8.0
46296,8.0
46297,8.0
46298,8.0
46299,8.0
46300,8.0
46301,8.0
46302,8.0
46303,8.0
46304,8.0
46305,8.0
46306,8.0
46307,8.0
46308,8.0
46309,8.0
46310,8.0
46311,8.0
46312,8.0
46313,8.0
46314,8.0
46315,8.0
46316,8.0
46317,8.0
46318,8.0
46319,8.0
46320,8.0
46321,8.0
46322,8.0
46323,8.0
46324,8.0
46325,8.0
46326,8.0
46327,8.0
46328,8.0
46329,8.0
46330,8.0
46331,8.0
46332,8.0
46333,8.0
46334,8.0
46335,8.0
46336,8.0
46337,8.0
46338,8.0
46339,8.0
46340,8.0
46341,8.0
46342,8.0
46343,8.0
46344,8.0
46345,8.0
46346,8.0
46347,8.0
46348,8.0
46349,8.0
46350,8.0
46351,8.0
46352,8.0
46353,8.0
46354,8.0
46355,8.0
46356,8.0
46357,8.0
46358,8.0
46359,8.0
46360,8.0
46361,8.0
46362,8.0
46363,8.0
46364,8.0
46365,8.0
46366,8.0
46367,8.0
46368,8.0
46369,8.0
46370,8.0
46371,8.0
46372,8.0
46373,8.0
46374,8.0
46375,8.0
46376,8.0
46377,8.0
46378,8.0
46379,8.0
46380,8.0
46381,8.0
46382,8.0
46383,8.0
46384,8.0
46385,8.0
46386,8.0
46387,8.0
46388,8.0
46389,8.0
46390,8.0
46391,8.0
46392,8.0
46393,8.0
46394,8.0
46395,8.0
46396,8.0
46397,8.0
46398,8.0
46399,8.0
46400,8.0
46401,8.0
46402,8.0
46403,8.0
46404,8.0
46405,8.0
46406,8.0
46407,8.0
46408,8.0
46409,8.0
46410,8.0
46411,8.0
46412,8.0
46413,8.0
46414,8.0
46415,8.0
46416,8.0
46417,8.0
46418,8.0
46419,8.0
46420,8.0
46421,8.0
46422,8.0
46423,8.0
46424,8.0
46425,8.0
46426,8.0
46427,8.0
46428,8.0
46429,8.0
46430,8.0
46431,8.0
46432,8.0
46433,8.0
46434,8.0
46435,8.0
46436,8.0
46437,8.0
46438,8.0
46439,8.0
46440,8.0
46441,8.0
46442,8.0
46443,8.0
46444,8.0
46445,8.0
46446,8.0
46447,8.0
46448,8.0
46449,8.0
46450,8.0
46451,8.0
46452,8.0
46453,8.0
46454,8.0
46455,8.0
46456,8.0
46457,8.0
46458,8.0
46459,8.0
46460,8.0
46461,8.0
46462,8.0
46463,8.0
46464,8.0
46465,8.0
46466,8.0
46467,8.0
46468,8.0
46469,8.0
46470,8.0
46471,8.0
46472,8.0
46473,8.0
46474,8.0
46475,8.0
46476,8.0
46477,8.0
46478,8.0
46479,8.0
46480,8.0
46481,8.0
46482,8.0
46483,8.0
46484,8.0
46485,8.0
46486,8.0
46487,8.0
46488,8.0
46489,8.0
46490,8.0
46491,8.0
46492,8.0
46493,8.0
46494,8.0
46495,8.0
46496,8.0
46497,8.0
46498,8.0
46499,8.0
46500,8.0
46501,8.0
46502,8.0
46503,8.0
46504,8.0
46505,8.0
46506,8.0
46507,8.0
46508,8.0
46509,8.0
46510,8.0
46511,8.0
46512,8.0
46513,8.0
46514,8.0
46515,8.0
46516,8.0
46517,8.0
46518,8.0
46519,8.0
46520,8.0
46521,8.0
46522,8.0
46523,8.0
46524,8.0
46525,8.0
46526,8.0
46527,8.0
46528,8.0
46529,8.0
46530,8.0
46531,8.0
46532,8.0
46533,8.0
46534,8.0
46535,8.0
46536,8.0
46537,8.0
46538,8.0
46539,8.0
46540,8.0
46541,8.0
46542,8.0
46543,8.0
46544,8.0
46545,8.0
46546,8.0
46547,8.0
46548,8.0
46549,8.0
46550,8.0
46551,8.0
46552,8.0
46553,8.0
46554,8.0
46555,8.0
46556,8.0
46557,8.0
46558,8.0
46559,8.0
46560,8.0
46561,8.0
46562,8.0
46563,8.0
46564,8.0
46565,8.0
46566,8.0
46567,8.0
46568,8.0
46569,8.0
46570,8.0
46571,8.0
46572,8.0
46573,8.0
46574,8.0
46575,8.0
46576,8.0
46577,8.0
46578,8.0
46579,8.0
46580,8.0
46581,8.0
46582,8.0
46583,8.0
46584,8.0
46585,8.0
46586,8.0
46587,8.0
46588,8.0
46589,8.0
46590,8.0
46591,8.0
46592,8.0
46593,8.0
46594,8.0
46595,8.0
46596,8.0
46597,8.0
46598,8.0
46599,8.0
46600,8.0
46601,8.0
46602,8.0
46603,8.0
46604,8.0
46605,8.0
46606,8.0
46607,8.0
46608,8.0
46609,8.0
46610,8.0
46611,8.0
46612,8.0
46613,8.0
46614,8.0
46615,8.0
46616,8.0
46617,8.0
46618,8.0
46619,8.0
46620,8.0
46621,8.0
46622,8.0
46623,8.0
46624,8.0
46625,8.0
46626,8.0
46627,8.0
46628,8.0
46629,8.0
46630,8.0
46631,8.0
46632,8.0
46633,8.0
46634,8.0
46635,8.0
46636,8.0
46637,8.0
46638,8.0
46639,8.0
46640,8.0
46641,8.0
46642,8.0
46643,8.0
46644,8.0
46645,8.0
46646,8.0
46647,8.0
46648,8.0
46649,8.0
46650,8.0
46651,8.0
46652,8.0
46653,8.0
46654,8.0
46655,8.0
46656,8.0
46657,8.0
46658,8.0
46659,8.0
46660,8.0
46661,8.0
46662,8.0
46663,8.0
46664,8.0
46665,8.0
46666,8.0
46667,8.0
46668,8.0
46669,8.0
46670,8.0
46671,8.0
46672,8.0
46673,8.0
46674,8.0
46675,8.0
46676,8.0
46677,8.0
46678,8.0
46679,8.0
46680,8.0
46681,8.0
46682,8.0
46683,8.0
46684,8.0
46685,8.0
46686,8.0
46687,8.0
46688,8.0
46689,8.0
46690,8.0
46691,8.0
46692,8.0
46693,8.0
46694,8.0
46695,8.0
46696,8.0
46697,8.0
46698,8.0
46699,8.0
46700,8.0
46701,8.0
46702,8.0
46703,8.0
46704,8.0
46705,8.0
46706,8.0
46707,8.0
46708,8.0
46709,8.0
46710,8.0
46711,8.0
46712,8.0
46713,8.0
46714,8.0
46715,8.0
46716,8.0
46717,8.0
46718,8.0
46719,8.0
46720,8.0
46721,8.0
46722,8.0
46723,8.0
46724,8.0
46725,8.0
46726,8.0
46727,8.0
46728,8.0
46729,8.0
46730,8.0
46731,8.0
46732,8.0
46733,8.0
46734,8.0
46735,8.0
46736,8.0
46737,8.0
46738,8.0
46739,8.0
46740,8.0
46741,8.0
46742,8.0
46743,8.0
46744,8.0
46745,8.0
46746,8.0
46747,8.0
46748,8.0
46749,8.0
46750,8.0
46751,8.0
46752,8.0
46753,8.0
46754,8.0
46755,8.0
46756,8.0
46757,8.0
46758,8.0
46759,8.0
46760,8.0
46761,8.0
46762,8.0
46763,8.0
46764,8.0
46765,8.0
46766,8.0
46767,8.0
46768,8.0
46769,8.0
46770,8.0
46771,8.0
46772,8.0
46773,8.0
46774,8.0
46775,8.0
46776,8.0
46777,8.0
46778,8.0
46779,8.0
46780,8.0
46781,8.0
46782,8.0
46783,8.0
46784,8.0
46785,8.0
46786,8.0
46787,8.0
46788,8.0
46789,8.0
46790,8.0
46791,8.0
46792,8.0
46793,8.0
46794,8.0
46795,8.0
46796,8.0
46797,8.0
46798,8.0
46799,8.0
46800,8.0
46801,8.0
46802,8.0
46803,8.0
46804,8.0
46805,8.0
46806,8.0
46807,8.0
46808,8.0
46809,8.0
46810,8.0
46811,8.0
46812,8.0
46813,8.0
46814,8.0
46815,8.0
46816,8.0
46817,8.0
46818,8.0
46819,8.0
46820,8.0
46821,8.0
46822,8.0
46823,8.0
46824,8.0
46825,8.0
46826,8.0
46827,8.0
46828,8.0
46829,8.0
46830,8.0
46831,8.0
46832,8.0
46833,8.0
46834,8.0
46835,8.0
46836,8.0
46837,8.0
46838,8.0
46839,8.0
46840,8.0
46841,8.0
46842,8.0
46843,8.0
46844,8.0
46845,8.0
46846,8.0
46847,8.0
46848,8.0
46849,8.0
46850,8.0
46851,8.0
46852,8.0
46853,8.0
46854,8.0
46855,8.0
46856,8.0
46857,8.0
46858,8.0
46859,8.0
46860,8.0
46861,8.0
46862,8.0
46863,8.0
46864,8.0
46865,8.0
46866,8.0
46867,8.0
46868,8.0
46869,8.0
46870,8.0
46871,8.0
46872,8.0
46873,8.0
46874,8.0
46875,8.0
46876,8.0
46877,8.0
46878,8.0
46879,8.0
46880,8.0
46881,8.0
46882,8.0
46883,8.0
46884,8.0
46885,8.0
46886,8.0
46887,8.0
46888,8.0
46889,8.0
46890,8.0
46891,8.0
46892,8.0
46893,8.0
46894,8.0
46895,8.0
46896,8.0
46897,8.0
46898,8.0
46899,8.0
46900,8.0
46901,8.0
46902,8.0
46903,8.0
46904,8.0
46905,8.0
46906,8.0
46907,8.0
46908,8.0
46909,8.0
46910,8.0
46911,8.0
46912,8.0
46913,8.0
46914,8.0
46915,8.0
46916,8.0
46917,8.0
46918,8.0
46919,8.0
46920,8.0
46921,8.0
46922,8.0
46923,8.0
46924,8.0
46925,8.0
46926,8.0
46927,8.0
46928,8.0
46929,8.0
46930,8.0
46931,8.0
46932,8.0
46933,8.0
46934,8.0
46935,8.0
46936,8.0
46937,8.0
46938,8.0
46939,8.0
46940,8.0
46941,8.0
46942,8.0
46943,8.0
46944,8.0
46945,8.0
46946,8.0
46947,8.0
46948,8.0
46949,8.0
46950,8.0
46951,8.0
46952,8.0
46953,8.0
46954,8.0
46955,8.0
46956,8.0
46957,8.0
46958,8.0
46959,8.0
46960,8.0
46961,8.0
46962,8.0
46963,8.0
46964,8.0
46965,8.0
46966,8.0
46967,8.0
46968,8.0
46969,8.0
46970,8.0
46971,8.0
46972,8.0
46973,8.0
46974,8.0
46975,8.0
46976,8.0
46977,8.0
46978,8.0
46979,8.0
46980,8.0
46981,8.0
46982,8.0
46983,8.0
46984,8.0
46985,8.0
46986,8.0
46987,8.0
46988,8.0
46989,8.0
46990,8.0
46991,8.0
46992,8.0
46993,8.0
46994,8.0
46995,8.0
46996,8.0
46997,8.0
46998,8.0
46999,8.0
47000,8.0
47001,8.0
47002,8.0
47003,8.0
47004,8.0
47005,8.0
47006,8.0
47007,8.0
47008,8.0
47009,8.0
47010,8.0
47011,8.0
47012,8.0
47013,8.0
47014,8.0
47015,8.0
47016,8.0
47017,8.0
47018,8.0
47019,8.0
47020,8.0
47021,8.0
47022,8.0
47023,8.0
47024,8.0
47025,8.0
47026,8.0
47027,8.0
47028,8.0
47029,8.0
47030,8.0
47031,8.0
47032,8.0
47033,8.0
47034,8.0
47035,8.0
47036,8.0
47037,8.0
47038,8.0
47039,8.0
47040,8.0
47041,8.0
47042,8.0
47043,8.0
47044,8.0
47045,8.0
47046,8.0
47047,8.0
47048,8.0
47049,8.0
47050,8.0
47051,8.0
47052,8.0
47053,8.0
47054,8.0
47055,8.0
47056,8.0
47057,8.0
47058,8.0
47059,8.0
47060,8.0
47061,8.0
47062,8.0
47063,8.0
47064,8.0
47065,8.0
47066,8.0
47067,8.0
47068,8.0
47069,8.0
47070,8.0
47071,8.0
47072,8.0
47073,8.0
47074,8.0
47075,8.0
47076,8.0
47077,8.0
47078,8.0
47079,8.0
47080,8.0
47081,8.0
47082,8.0
47083,8.0
47084,8.0
47085,8.0
47086,8.0
47087,8.0
47088,8.0
47089,8.0
47090,8.0
47091,8.0
47092,8.0
47093,8.0
47094,8.0
47095,8.0
47096,8.0
47097,8.0
47098,8.0
47099,8.0
47100,8.0
47101,8.0
47102,8.0
47103,8.0
47104,8.0
47105,8.0
47106,8.0
47107,8.0
47108,8.0
47109,8.0
47110,8.0
47111,8.0
47112,8.0
47113,8.0
47114,8.0
47115,8.0
47116,8.0
47117,8.0
47118,8.0
47119,8.0
47120,8.0
47121,8.0
47122,8.0
47123,8.0
47124,8.0
47125,8.0
47126,8.0
47127,8.0
47128,8.0
47129,8.0
47130,8.0
47131,8.0
47132,8.0
47133,8.0
47134,8.0
47135,8.0
47136,8.0
47137,8.0
47138,8.0
47139,8.0
47140,8.0
47141,8.0
47142,8.0
47143,8.0
47144,8.0
47145,8.0
47146,8.0
47147,8.0
47148,8.0
47149,8.0
47150,8.0
47151,8.0
47152,8.0
47153,7.0
47154,7.0
47155,7.0
47156,7.0
47157,7.0
47158,7.0
47159,7.0
47160,7.0
47161,7.0
47162,7.0
47163,7.0
47164,7.0
47165,7.0
47166,7.0
47167,7.0
47168,7.0
47169,7.0
47170,7.0
47171,7.0
47172,7.0
47173,7.0
47174,7.0
47175,7.0
47176,7.0
47177,7.0
47178,7.0
47179,7.0
47180,7.0
47181,7.0
47182,7.0
47183,7.0
47184,7.0
47185,7.0
47186,7.0
47187,7.0
47188,7.0
47189,7.0
47190,7.0
47191,7.0
47192,7.0
47193,7.0
47194,7.0
47195,7.0
47196,7.0
47197,7.0
47198,7.0
47199,7.0
47200,7.0
47201,7.0
47202,7.0
47203,7.0
47204,7.0
47205,7.0
47206,7.0
47207,7.0
47208,7.0
47209,7.0
47210,7.0
47211,7.0
47212,7.0
47213,7.0
47214,7.0
47215,7.0
47216,7.0
47217,7.0
47218,7.0
47219,7.0
47220,7.0
47221,7.0
47222,7.0
47223,7.0
47224,7.0
47225,7.0
47226,7.0
47227,7.0
47228,7.0
47229,7.0
47230,7.0
47231,7.0
47232,7.0
47233,7.0
47234,7.0
47235,7.0
47236,7.0
47237,7.0
47238,7.0
47239,7.0
47240,7.0
47241,7.0
47242,7.0
47243,7.0
47244,7.0
47245,7.0
47246,7.0
47247,7.0
47248,7.0
47249,7.0
47250,7.0
47251,7.0
47252,7.0
47253,7.0
47254,7.0
47255,7.0
47256,7.0
47257,7.0
47258,7.0
47259,7.0
47260,7.0
47261,7.0
47262,7.0
47263,7.0
47264,7.0
47265,7.0
47266,7.0
47267,7.0
47268,7.0
47269,7.0
47270,7.0
47271,7.0
47272,7.0
47273,7.0
47274,7.0
47275,7.0
47276,7.0
47277,7.0
47278,7.0
47279,7.0
47280,7.0
47281,7.0
47282,7.0
47283,7.0
47284,7.0
47285,7.0
47286,7.0
47287,7.0
47288,7.0
47289,7.0
47290,7.0
47291,7.0
47292,7.0
47293,7.0
47294,7.0
47295,7.0
47296,7.0
47297,7.0
47298,7.0
47299,7.0
47300,7.0
47301,7.0
47302,7.0
47303,7.0
47304,7.0
47305,7.0
47306,7.0
47307,7.0
47308,7.0
47309,7.0
47310,7.0
47311,7.0
47312,7.0
47313,7.0
47314,7.0
47315,7.0
47316,7.0
47317,7.0
47318,7.0
47319,7.0
47320,7.0
47321,7.0
47322,7.0
47323,7.0
47324,7.0
47325,7.0
47326,7.0
47327,7.0
47328,7.0
47329,7.0
47330,7.0
47331,7.0
47332,7.0
47333,7.0
47334,7.0
47335,7.0
47336,7.0
47337,7.0
47338,7.0
47339,7.0
47340,7.0
47341,7.0
47342,7.0
47343,7.0
47344,7.0
47345,7.0
47346,7.0
47347,7.0
47348,7.0
47349,7.0
47350,7.0
47351,7.0
47352,7.0
47353,7.0
47354,7.0
47355,7.0
47356,7.0
47357,7.0
47358,7.0
47359,7.0
47360,7.0
47361,7.0
47362,7.0
47363,7.0
47364,7.0
47365,7.0
47366,7.0
47367,7.0
47368,7.0
47369,7.0
47370,7.0
47371,7.0
47372,7.0
47373,7.0
47374,7.0
47375,7.0
47376,7.0
47377,7.0
47378,7.0
47379,7.0
47380,7.0
47381,7.0
47382,7.0
47383,7.0
47384,7.0
47385,7.0
47386,7.0
47387,7.0
47388,7.0
47389,7.0
47390,7.0
47391,7.0
47392,7.0
47393,7.0
47394,7.0
47395,7.0
47396,7.0
47397,7.0
47398,7.0
47399,7.0
47400,7.0
47401,7.0
47402,7.0
47403,7.0
47404,7.0
47405,7.0
47406,7.0
47407,7.0
47408,7.0
47409,7.0
47410,7.0
47411,7.0
47412,7.0
47413,7.0
47414,7.0
47415,7.0
47416,7.0
47417,7.0
47418,7.0
47419,7.0
47420,7.0
47421,7.0
47422,7.0
47423,7.0
47424,5.0
47425,5.0
47426,5.0
47427,5.0
47428,5.0
47429,5.0
47430,5.0
47431,5.0
47432,5.0
47433,5.0
47434,5.0
47435,5.0
47436,5.0
47437,5.0
47438,5.0
47439,5.0
47440,5.0
47441,5.0
47442,5.0
47443,5.0
47444,5.0
47445,5.0
47446,5.0
47447,5.0
47448,5.0
47449,5.0
47450,5.0
47451,5.0
47452,5.0
47453,5.0
47454,5.0
47455,5.0
47456,5.0
47457,5.0
47458,5.0
47459,5.0
47460,5.0
47461,5.0
47462,5.0
47463,5.0
47464,5.0
47465,5.0
47466,5.0
47467,5.0
47468,5.0
47469,5.0
47470,5.0
47471,5.0
47472,5.0
47473,5.0
47474,5.0
47475,5.0
47476,5.0
47477,5.0
47478,5.0
47479,5.0
47480,5.0
47481,5.0
47482,5.0
47483,5.0
47484,5.0
47485,5.0
47486,5.0
47487,5.0
47488,5.0
47489,5.0
47490,5.0
47491,5.0
47492,5.0
47493,5.0
47494,5.0
47495,5.0
47496,5.0
47497,5.0
47498,5.0
47499,5.0
47500,5.0
47501,5.0
47502,5.0
47503,5.0
47504,5.0
47505,5.0
47506,5.0
47507,5.0
47508,5.0
47509,5.0
47510,5.0
47511,5.0
47512,5.0
47513,5.0
47514,5.0
47515,5.0
47516,5.0
47517,5.0
47518,5.0
47519,5.0
47520,5.0
47521,5.0
47522,5.0
47523,5.0
47524,5.0
47525,5.0
47526,5.0
47527,5.0
47528,5.0
47529,5.0
47530,5.0
47531,5.0
47532,5.0
47533,5.0
47534,5.0
47535,5.0
47536,5.0
47537,5.0
47538,5.0
47539,5.0
47540,5.0
47541,5.0
47542,5.0
47543,5.0
47544,5.0
47545,5.0
47546,5.0
47547,5.0
47548,5.0
47549,5.0
47550,5.0
47551,5.0
47552,5.0
47553,5.0
47554,5.0
47555,5.0
47556,5.0
47557,5.0
47558,5.0
47559,5.0
47560,5.0
47561,5.0
47562,5.0
47563,5.0
47564,5.0
47565,5.0
47566,5.0
47567,5.0
47568,5.0
47569,5.0
47570,5.0
47571,5.0
47572,5.0
47573,5.0
47574,5.0
47575,5.0
47576,5.0
47577,5.0
47578,5.0
47579,5.0
47580,5.0
47581,5.0
47582,5.0
47583,5.0
47584,5.0
47585,5.0
47586,5.0
47587,5.0
47588,5.0
47589,5.0
47590,5.0
47591,5.0
47592,5.0
47593,5.0
47594,5.0
47595,5.0
47596,5.0
47597,5.0
47598,5.0
47599,5.0
47600,5.0
47601,5.0
47602,5.0
47603,5.0
47604,5.0
47605,5.0
47606,5.0
47607,5.0
47608,5.0
47609,5.0
47610,5.0
47611,5.0
47612,5.0
47613,5.0
47614,5.0
47615,5.0
47616,5.0
47617,5.0
47618,5.0
47619,5.0
47620,5.0
47621,5.0
47622,5.0
47623,5.0
47624,5.0
47625,5.0
47626,5.0
47627,5.0
47628,5.0
47629,5.0
47630,5.0
47631,5.0
47632,5.0
47633,5.0
47634,5.0
47635,5.0
47636,5.0
47637,5.0
47638,5.0
47639,5.0
47640,5.0
47641,5.0
47642,5.0
47643,5.0
47644,5.0
47645,5.0
47646,5.0
47647,5.0
47648,5.0
47649,5.0
47650,5.0
47651,5.0
47652,5.0
47653,5.0
47654,5.0
47655,5.0
47656,5.0
47657,5.0
47658,5.0
47659,5.0
47660,5.0
47661,5.0
47662,5.0
47663,5.0
47664,5.0
47665,5.0
47666,5.0
47667,5.0
47668,5.0
47669,5.0
47670,5.0
47671,5.0
47672,5.0
47673,5.0
47674,5.0
47675,5.0
47676,5.0
47677,5.0
47678,5.0
47679,5.0
47680,5.0
47681,5.0
47682,5.0
47683,5.0
47684,5.0
47685,5.0
47686,5.0
47687,5.0
47688,5.0
47689,5.0
47690,5.0
47691,5.0
47692,5.0
47693,5.0
47694,5.0
47695,5.0
47696,5.0
47697,5.0
47698,5.0
47699,5.0
47700,5.0
47701,5.0
47702,5.0
47703,5.0
47704,5.0
47705,5.0
47706,5.0
47707,5.0
47708,5.0
47709,5.0
47710,5.0
47711,5.0
47712,5.0
47713,5.0
47714,5.0
47715,5.0
47716,5.0
47717,5.0
47718,5.0
47719,5.0
47720,5.0
47721,5.0
47722,5.0
47723,5.0
47724,5.0
47725,5.0
47726,5.0
47727,5.0
47728,5.0
47729,5.0
47730,5.0
47731,5.0
47732,5.0
47733,5.0
47734,5.0
47735,5.0
47736,5.0
47737,5.0
47738,5.0
47739,5.0
47740,5.0
47741,5.0
47742,5.0
47743,5.0
47744,5.0
47745,5.0
47746,5.0
47747,5.0
47748,5.0
47749,5.0
47750,5.0
47751,5.0
47752,5.0
47753,5.0
47754,5.0
47755,5.0
47756,5.0
47757,5.0
47758,5.0
47759,5.0
47760,5.0
47761,5.0
47762,5.0
47763,5.0
47764,5.0
47765,5.0
47766,5.0
47767,5.0
47768,5.0
47769,5.0
47770,5.0
47771,5.0
47772,5.0
47773,5.0
47774,5.0
47775,5.0
47776,5.0
47777,5.0
47778,5.0
47779,5.0
47780,5.0
47781,5.0
47782,5.0
47783,5.0
47784,5.0
47785,5.0
47786,5.0
47787,5.0
47788,5.0
47789,5.0
47790,5.0
47791,5.0
47792,5.0
47793,5.0
47794,5.0
47795,5.0
47796,5.0
47797,5.0
47798,5.0
47799,5.0
47800,5.0
47801,5.0
47802,5.0
47803,6.0
47804,6.0
47805,6.0
47806,6.0
47807,6.0
47808,6.0
47809,6.0
47810,6.0
47811,6.0
47812,6.0
47813,6.0
47814,6.0
47815,6.0
47816,6.0
47817,6.0
47818,6.0
47819,6.0
47820,6.0
47821,6.0
47822,6.0
47823,6.0
47824,6.0
47825,6.0
47826,6.0
47827,6.0
47828,6.0
47829,6.0
47830,6.0
47831,6.0
47832,6.0
47833,6.0
47834,6.0
47835,6.0
47836,6.0
47837,6.0
47838,6.0
47839,6.0
47840,6.0
47841,6.0
47842,6.0
47843,6.0
47844,6.0
47845,6.0
47846,6.0
47847,6.0
47848,6.0
47849,6.0
47850,6.0
47851,6.0
47852,6.0
47853,6.0
47854,6.0
47855,6.0
47856,6.0
47857,6.0
47858,6.0
47859,6.0
47860,6.0
47861,6.0
47862,6.0
47863,6.0
47864,6.0
47865,6.0
47866,6.0
47867,6.0
47868,6.0
47869,6.0
47870,6.0
47871,6.0
47872,6.0
47873,6.0
47874,6.0
47875,6.0
47876,6.0
47877,6.0
47878,6.0
47879,6.0
47880,6.0
47881,7.0
47882,7.0
47883,7.0
47884,7.0
47885,7.0
47886,7.0
47887,7.0
47888,7.0
47889,7.0
47890,7.0
47891,7.0
47892,7.0
47893,7.0
47894,7.0
47895,7.0
47896,7.0
47897,7.0
47898,7.0
47899,7.0
47900,7.0
47901,7.0
47902,7.0
47903,7.0
47904,7.0
47905,7.0
47906,7.0
47907,7.0
47908,7.0
47909,7.0
47910,7.0
47911,7.0
47912,7.0
47913,7.0
47914,7.0
47915,7.0
47916,7.0
47917,7.0
47918,7.0
47919,7.0
47920,7.0
47921,7.0
47922,7.0
47923,7.0
47924,7.0
47925,7.0
47926,7.0
47927,7.0
47928,7.0
47929,7.0
47930,7.0
47931,7.0
47932,7.0
47933,7.0
47934,7.0
47935,7.0
47936,7.0
47937,7.0
47938,7.0
47939,7.0
47940,7.0
47941,7.0
47942,7.0
47943,7.0
47944,7.0
47945,7.0
47946,7.0
47947,7.0
47948,7.0
47949,7.0
47950,7.0
47951,7.0
47952,7.0
47953,7.0
47954,7.0
47955,7.0
47956,7.0
47957,7.0
47958,7.0
47959,7.0
47960,7.0
47961,7.0
47962,7.0
47963,7.0
47964,7.0
47965,7.0
47966,7.0
47967,7.0
47968,7.0
47969,7.0
47970,7.0
47971,7.0
47972,7.0
47973,7.0
47974,7.0
47975,7.0
47976,7.0
47977,7.0
47978,7.0
47979,7.0
47980,7.0
47981,7.0
47982,7.0
47983,7.0
47984,7.0
47985,7.0
47986,7.0
47987,7.0
47988,7.0
47989,7.0
47990,7.0
47991,7.0
47992,7.0
47993,7.0
47994,7.0
47995,7.0
47996,7.0
47997,7.0
47998,7.0
47999,7.0
48000,7.0
48001,7.0
48002,7.0
48003,7.0
48004,7.0
48005,7.0
48006,7.0
48007,7.0
48008,7.0
48009,7.0
48010,7.0
48011,7.0
48012,7.0
48013,7.0
48014,7.0
48015,7.0
48016,7.0
48017,7.0
48018,7.0
48019,7.0
48020,7.0
48021,7.0
48022,7.0
48023,7.0
48024,7.0
48025,7.0
48026,7.0
48027,7.0
48028,7.0
48029,7.0
48030,7.0
48031,7.0
48032,7.0
48033,7.0
48034,7.0
48035,7.0
48036,7.0
48037,7.0
48038,7.0
48039,7.0
48040,7.0
48041,7.0
48042,7.0
48043,7.0
48044,7.0
48045,7.0
48046,7.0
48047,7.0
48048,7.0
48049,7.0
48050,7.0
48051,7.0
48052,7.0
48053,7.0
48054,7.0
48055,7.0
48056,7.0
48057,7.0
48058,7.0
48059,7.0
48060,7.0
48061,7.0
48062,7.0
48063,7.0
48064,7.0
48065,7.0
48066,7.0
48067,7.0
48068,7.0
48069,7.0
48070,7.0
48071,7.0
48072,7.0
48073,7.0
48074,7.0
48075,7.0
48076,7.0
48077,7.0
48078,7.0
48079,7.0
48080,7.0
48081,7.0
48082,7.0
48083,7.0
48084,7.0
48085,7.0
48086,7.0
48087,7.0
48088,7.0
48089,7.0
48090,7.0
48091,7.0
48092,7.0
48093,7.0
48094,7.0
48095,7.0
48096,7.0
48097,7.0
48098,7.0
48099,7.0
48100,7.0
48101,7.0
48102,7.0
48103,7.0
48104,7.0
48105,7.0
48106,7.0
48107,7.0
48108,7.0
48109,7.0
48110,7.0
48111,7.0
48112,7.0
48113,7.0
48114,7.0
48115,7.0
48116,7.0
48117,7.0
48118,7.0
48119,7.0
48120,7.0
48121,7.0
48122,7.0
48123,7.0
48124,7.0
48125,7.0
48126,7.0
48127,7.0
48128,7.0
48129,7.0
48130,7.0
48131,7.0
48132,7.0
48133,7.0
48134,7.0
48135,7.0
48136,7.0
48137,7.0
48138,7.0
48139,7.0
48140,7.0
48141,7.0
48142,7.0
48143,7.0
48144,7.0
48145,7.0
48146,7.0
48147,7.0
48148,7.0
48149,7.0
48150,7.0
48151,7.0
48152,7.0
48153,7.0
48154,7.0
48155,7.0
48156,7.0
48157,7.0
48158,7.0
48159,7.0
48160,7.0
48161,7.0
48162,7.0
48163,7.0
48164,7.0
48165,7.0
48166,7.0
48167,7.0
48168,7.0
48169,7.0
48170,7.0
48171,7.0
48172,7.0
48173,7.0
48174,7.0
48175,7.0
48176,7.0
48177,7.0
48178,7.0
48179,7.0
48180,7.0
48181,7.0
48182,7.0
48183,7.0
48184,7.0
48185,7.0
48186,7.0
48187,7.0
48188,7.0
48189,7.0
48190,7.0
48191,7.0
48192,7.0
48193,7.0
48194,7.0
48195,7.0
48196,7.0
48197,7.0
48198,7.0
48199,7.0
48200,7.0
48201,7.0
48202,7.0
48203,7.0
48204,7.0
48205,7.0
48206,7.0
48207,7.0
48208,7.0
48209,7.0
48210,7.0
48211,7.0
48212,7.0
48213,7.0
48214,7.0
48215,7.0
48216,7.0
48217,7.0
48218,7.0
48219,7.0
48220,7.0
48221,7.0
48222,7.0
48223,7.0
48224,7.0
48225,7.0
48226,7.0
48227,7.0
48228,7.0
48229,7.0
48230,7.0
48231,7.0
48232,7.0
48233,7.0
48234,7.0
48235,7.0
48236,7.0
48237,7.0
48238,7.0
48239,7.0
48240,7.0
48241,7.0
48242,7.0
48243,7.0
48244,7.0
48245,7.0
48246,7.0
48247,7.0
48248,7.0
48249,7.0
48250,7.0
48251,7.0
48252,7.0
48253,7.0
48254,7.0
48255,7.0
48256,7.0
48257,7.0
48258,7.0
48259,7.0
48260,7.0
48261,7.0
48262,7.0
48263,7.0
48264,7.0
48265,7.0
48266,7.0
48267,7.0
48268,7.0
48269,7.0
48270,7.0
48271,7.0
48272,7.0
48273,7.0
48274,7.0
48275,7.0
48276,7.0
48277,7.0
48278,7.0
48279,7.0
48280,7.0
48281,7.0
48282,7.0
48283,7.0
48284,7.0
48285,7.0
48286,7.0
48287,7.0
48288,7.0
48289,7.0
48290,7.0
48291,7.0
48292,7.0
48293,7.0
48294,7.0
48295,7.0
48296,7.0
48297,7.0
48298,7.0
48299,7.0
48300,7.0
48301,7.0
48302,7.0
48303,7.0
48304,7.0
48305,7.0
48306,7.0
48307,7.0
48308,7.0
48309,7.0
48310,7.0
48311,7.0
48312,7.0
48313,7.0
48314,7.0
48315,7.0
48316,7.0
48317,7.0
48318,7.0
48319,7.0
48320,7.0
48321,7.0
48322,7.0
48323,7.0
48324,7.0
48325,7.0
48326,7.0
48327,7.0
48328,7.0
48329,7.0
48330,7.0
48331,7.0
48332,7.0
48333,7.0
48334,7.0
48335,7.0
48336,7.0
48337,7.0
48338,7.0
48339,7.0
48340,7.0
48341,7.0
48342,7.0
48343,7.0
48344,7.0
48345,7.0
48346,7.0
48347,7.0
48348,7.0
48349,7.0
48350,7.0
48351,7.0
48352,7.0
48353,7.0
48354,7.0
48355,7.0
48356,7.0
48357,7.0
48358,7.0
48359,7.0
48360,7.0
48361,7.0
48362,7.0
48363,7.0
48364,7.0
48365,7.0
48366,7.0
48367,7.0
48368,7.0
48369,7.0
48370,7.0
48371,7.0
48372,7.0
48373,7.0
48374,7.0
48375,7.0
48376,7.0
48377,7.0
48378,7.0
48379,7.0
48380,7.0
48381,7.0
48382,7.0
48383,7.0
48384,7.0
48385,7.0
48386,7.0
48387,7.0
48388,7.0
48389,7.0
48390,7.0
48391,7.0
48392,7.0
48393,7.0
48394,7.0
48395,7.0
48396,7.0
48397,7.0
48398,7.0
48399,7.0
48400,7.0
48401,7.0
48402,7.0
48403,7.0
48404,7.0
48405,7.0
48406,7.0
48407,7.0
48408,7.0
48409,7.0
48410,7.0
48411,7.0
48412,7.0
48413,7.0
48414,7.0
48415,7.0
48416,7.0
48417,7.0
48418,7.0
48419,7.0
48420,7.0
48421,7.0
48422,7.0
48423,7.0
48424,7.0
48425,7.0
48426,7.0
48427,7.0
48428,7.0
48429,7.0
48430,7.0
48431,7.0
48432,7.0
48433,7.0
48434,7.0
48435,7.0
48436,7.0
48437,7.0
48438,7.0
48439,7.0
48440,7.0
48441,7.0
48442,7.0
48443,7.0
48444,7.0
48445,7.0
48446,7.0
48447,7.0
48448,7.0
48449,7.0
48450,7.0
48451,7.0
48452,7.0
48453,7.0
48454,7.0
48455,7.0
48456,7.0
48457,7.0
48458,7.0
48459,7.0
48460,7.0
48461,7.0
48462,7.0
48463,7.0
48464,7.0
48465,7.0
48466,7.0
48467,7.0
48468,7.0
48469,7.0
48470,7.0
48471,7.0
48472,7.0
48473,7.0
48474,7.0
48475,7.0
48476,7.0
48477,7.0
48478,7.0
48479,7.0
48480,7.0
48481,7.0
48482,7.0
48483,7.0
48484,7.0
48485,7.0
48486,7.0
48487,7.0
48488,7.0
48489,7.0
48490,7.0
48491,7.0
48492,7.0
48493,7.0
48494,7.0
48495,7.0
48496,7.0
48497,7.0
48498,7.0
48499,7.0
48500,7.0
48501,7.0
48502,7.0
48503,7.0
48504,7.0
48505,7.0
48506,7.0
48507,7.0
48508,7.0
48509,7.0
48510,7.0
48511,7.0
48512,7.0
48513,7.0
48514,7.0
48515,7.0
48516,7.0
48517,7.0
48518,7.0
48519,7.0
48520,7.0
48521,7.0
48522,7.0
48523,7.0
48524,7.0
48525,7.0
48526,7.0
48527,7.0
48528,7.0
48529,7.0
48530,7.0
48531,7.0
48532,7.0
48533,7.0
48534,7.0
48535,7.0
48536,7.0
48537,7.0
48538,7.0
48539,7.0
48540,7.0
48541,7.0
48542,7.0
48543,7.0
48544,7.0
48545,7.0
48546,7.0
48547,7.0
48548,7.0
48549,7.0
48550,7.0
48551,7.0
48552,7.0
48553,7.0
48554,7.0
48555,7.0
48556,7.0
48557,7.0
48558,7.0
48559,7.0
48560,7.0
48561,7.0
48562,7.0
48563,7.0
48564,7.0
48565,7.0
48566,7.0
48567,7.0
48568,7.0
48569,7.0
48570,7.0
48571,7.0
48572,7.0
48573,7.0
48574,7.0
48575,7.0
48576,7.0
48577,7.0
48578,7.0
48579,7.0
48580,7.0
48581,7.0
48582,7.0
48583,7.0
48584,7.0
48585,7.0
48586,7.0
48587,7.0
48588,7.0
48589,7.0
48590,7.0
48591,7.0
48592,7.0
48593,7.0
48594,7.0
48595,7.0
48596,7.0
48597,7.0
48598,7.0
48599,7.0
48600,7.0
48601,7.0
48602,7.0
48603,7.0
48604,7.0
48605,7.0
48606,7.0
48607,7.0
48608,7.0
48609,7.0
48610,7.0
48611,7.0
48612,7.0
48613,7.0
48614,7.0
48615,7.0
48616,7.0
48617,7.0
48618,7.0
48619,7.0
48620,7.0
48621,7.0
48622,7.0
48623,7.0
48624,7.0
48625,7.0
48626,7.0
48627,7.0
48628,7.0
48629,7.0
48630,7.0
48631,7.0
48632,7.0
48633,7.0
48634,7.0
48635,7.0
48636,7.0
48637,7.0
48638,7.0
48639,7.0
48640,7.0
48641,7.0
48642,7.0
48643,7.0
48644,7.0
48645,7.0
48646,7.0
48647,7.0
48648,7.0
48649,7.0
48650,7.0
48651,7.0
48652,7.0
48653,7.0
48654,7.0
48655,7.0
48656,7.0
48657,7.0
48658,7.0
48659,7.0
48660,7.0
48661,7.0
48662,7.0
48663,7.0
48664,7.0
48665,7.0
48666,7.0
48667,7.0
48668,7.0
48669,7.0
48670,7.0
48671,7.0
48672,7.0
48673,7.0
48674,7.0
48675,7.0
48676,7.0
48677,7.0
48678,7.0
48679,7.0
48680,7.0
48681,7.0
48682,7.0
48683,7.0
48684,7.0
48685,7.0
48686,7.0
48687,7.0
48688,7.0
48689,7.0
48690,7.0
48691,7.0
48692,7.0
48693,7.0
48694,7.0
48695,7.0
48696,7.0
48697,7.0
48698,7.0
48699,7.0
48700,7.0
48701,7.0
48702,7.0
48703,7.0
48704,7.0
48705,7.0
48706,7.0
48707,7.0
48708,7.0
48709,7.0
48710,7.0
48711,7.0
48712,7.0
48713,7.0
48714,7.0
48715,7.0
48716,7.0
48717,7.0
48718,7.0
48719,7.0
48720,7.0
48721,7.0
48722,7.0
48723,7.0
48724,7.0
48725,7.0
48726,7.0
48727,7.0
48728,7.0
48729,7.0
48730,7.0
48731,7.0
48732,7.0
48733,7.0
48734,7.0
48735,7.0
48736,7.0
48737,7.0
48738,7.0
48739,7.0
48740,7.0
48741,7.0
48742,7.0
48743,7.0
48744,7.0
48745,7.0
48746,7.0
48747,7.0
48748,7.0
48749,7.0
48750,7.0
48751,7.0
48752,7.0
48753,7.0
48754,7.0
48755,7.0
48756,7.0
48757,7.0
48758,7.0
48759,7.0
48760,7.0
48761,7.0
48762,7.0
48763,7.0
48764,7.0
48765,7.0
48766,7.0
48767,7.0
48768,7.0
48769,7.0
48770,7.0
48771,7.0
48772,7.0
48773,7.0
48774,7.0
48775,7.0
48776,7.0
48777,7.0
48778,7.0
48779,7.0
48780,7.0
48781,7.0
48782,7.0
48783,7.0
48784,7.0
48785,7.0
48786,7.0
48787,7.0
48788,7.0
48789,7.0
48790,7.0
48791,7.0
48792,7.0
48793,7.0
48794,7.0
48795,7.0
