Time (s),Number of Solutions
0,7.0
1,7.0
2,6.0
3,6.0
4,6.0
5,6.0
6,6.0
7,7.0
8,7.0
9,7.0
10,7.0
11,8.0
12,8.0
13,9.0
14,9.0
15,9.0
16,9.0
17,9.0
18,9.0
19,9.0
20,9.0
21,9.0
22,9.0
23,9.0
24,9.0
25,9.0
26,9.0
27,9.0
28,9.0
29,9.0
30,9.0
31,9.0
32,9.0
33,9.0
34,9.0
35,9.0
36,9.0
37,9.0
38,9.0
39,9.0
40,9.0
41,9.0
42,9.0
43,9.0
44,9.0
45,9.0
46,9.0
47,9.0
48,9.0
49,9.0
50,9.0
51,9.0
52,9.0
53,9.0
54,9.0
55,9.0
56,9.0
57,9.0
58,9.0
59,9.0
60,9.0
61,9.0
62,9.0
63,9.0
64,9.0
65,9.0
66,9.0
67,9.0
68,9.0
69,9.0
70,9.0
71,9.0
72,9.0
73,9.0
74,9.0
75,9.0
76,9.0
77,9.0
78,9.0
79,9.0
80,9.0
81,9.0
82,9.0
83,9.0
84,9.0
85,9.0
86,9.0
87,9.0
88,9.0
89,9.0
90,9.0
91,9.0
92,9.0
93,9.0
94,9.0
95,9.0
96,9.0
97,9.0
98,9.0
99,9.0
100,9.0
101,9.0
102,9.0
103,9.0
104,9.0
105,9.0
106,9.0
107,9.0
108,9.0
109,9.0
110,9.0
111,9.0
112,9.0
113,9.0
114,9.0
115,9.0
116,9.0
117,9.0
118,9.0
119,9.0
120,9.0
121,9.0
122,9.0
123,9.0
124,9.0
125,9.0
126,9.0
127,9.0
128,9.0
129,9.0
130,9.0
131,9.0
132,9.0
133,9.0
134,9.0
135,9.0
136,9.0
137,9.0
138,9.0
139,9.0
140,9.0
141,9.0
142,9.0
143,9.0
144,9.0
145,9.0
146,9.0
147,9.0
148,9.0
149,9.0
150,9.0
151,9.0
152,9.0
153,9.0
154,9.0
155,9.0
156,9.0
157,9.0
158,9.0
159,9.0
160,9.0
161,9.0
162,9.0
163,9.0
164,9.0
165,9.0
166,9.0
167,9.0
168,9.0
169,9.0
170,9.0
171,9.0
172,9.0
173,9.0
174,9.0
175,9.0
176,9.0
177,9.0
178,9.0
179,9.0
180,9.0
181,9.0
182,9.0
183,9.0
184,9.0
185,9.0
186,9.0
187,9.0
188,9.0
189,9.0
190,9.0
191,9.0
192,9.0
193,9.0
194,9.0
195,9.0
196,9.0
197,9.0
198,9.0
199,9.0
200,9.0
201,9.0
202,9.0
203,9.0
204,9.0
205,9.0
206,9.0
207,9.0
208,9.0
209,9.0
210,9.0
211,9.0
212,9.0
213,9.0
214,9.0
215,9.0
216,9.0
217,9.0
218,9.0
219,9.0
220,9.0
221,9.0
222,9.0
223,9.0
224,9.0
225,9.0
226,9.0
227,9.0
228,9.0
229,9.0
230,9.0
231,9.0
232,9.0
233,9.0
234,9.0
235,9.0
236,9.0
237,9.0
238,9.0
239,9.0
240,9.0
241,9.0
242,9.0
243,9.0
244,9.0
245,9.0
246,9.0
247,9.0
248,9.0
249,9.0
250,9.0
251,9.0
252,9.0
253,9.0
254,9.0
255,9.0
256,9.0
257,9.0
258,9.0
259,9.0
260,9.0
261,9.0
262,9.0
263,9.0
264,9.0
265,9.0
266,9.0
267,9.0
268,9.0
269,9.0
270,9.0
271,9.0
272,9.0
273,9.0
274,9.0
275,9.0
276,9.0
277,9.0
278,9.0
279,9.0
280,9.0
281,9.0
282,9.0
283,9.0
284,9.0
285,9.0
286,9.0
287,9.0
288,9.0
289,9.0
290,9.0
291,9.0
292,9.0
293,9.0
294,9.0
295,9.0
296,9.0
297,9.0
298,9.0
299,9.0
300,9.0
301,9.0
302,9.0
303,9.0
304,9.0
305,9.0
306,9.0
307,9.0
308,9.0
309,9.0
310,9.0
311,9.0
312,9.0
313,9.0
314,9.0
315,9.0
316,9.0
317,9.0
318,9.0
319,9.0
320,9.0
321,9.0
322,9.0
323,9.0
324,9.0
325,9.0
326,9.0
327,9.0
328,9.0
329,9.0
330,9.0
331,9.0
332,9.0
333,9.0
334,9.0
335,9.0
336,9.0
337,9.0
338,9.0
339,9.0
340,9.0
341,9.0
342,9.0
343,9.0
344,9.0
345,9.0
346,9.0
347,9.0
348,9.0
349,9.0
350,9.0
351,9.0
352,9.0
353,9.0
354,9.0
355,9.0
356,9.0
357,9.0
358,9.0
359,9.0
360,9.0
361,9.0
362,9.0
363,9.0
364,9.0
365,9.0
366,9.0
367,9.0
368,9.0
369,9.0
370,9.0
371,9.0
372,9.0
373,9.0
374,9.0
375,9.0
376,9.0
377,9.0
378,9.0
379,9.0
380,9.0
381,9.0
382,9.0
383,9.0
384,9.0
385,9.0
386,9.0
387,9.0
388,9.0
389,9.0
390,9.0
391,9.0
392,9.0
393,9.0
394,9.0
395,9.0
396,9.0
397,9.0
398,9.0
399,9.0
400,9.0
401,9.0
402,9.0
403,9.0
404,9.0
405,9.0
406,9.0
407,9.0
408,9.0
409,9.0
410,9.0
411,9.0
412,9.0
413,9.0
414,9.0
415,9.0
416,9.0
417,9.0
418,9.0
419,9.0
420,9.0
421,9.0
422,9.0
423,9.0
424,9.0
425,9.0
426,9.0
427,9.0
428,9.0
429,9.0
430,9.0
431,9.0
432,9.0
433,9.0
434,9.0
435,9.0
436,9.0
437,9.0
438,9.0
439,9.0
440,9.0
441,9.0
442,9.0
443,9.0
444,9.0
445,9.0
446,9.0
447,9.0
448,9.0
449,9.0
450,9.0
451,9.0
452,9.0
453,9.0
454,9.0
455,9.0
456,9.0
457,9.0
458,9.0
459,9.0
460,9.0
461,9.0
462,9.0
463,9.0
464,9.0
465,9.0
466,9.0
467,9.0
468,9.0
469,9.0
470,9.0
471,9.0
472,9.0
473,9.0
474,9.0
475,9.0
476,9.0
477,9.0
478,9.0
479,9.0
480,9.0
481,9.0
482,9.0
483,9.0
484,9.0
485,9.0
486,9.0
487,9.0
488,9.0
489,9.0
490,9.0
491,9.0
492,9.0
493,9.0
494,9.0
495,9.0
496,9.0
497,9.0
498,9.0
499,9.0
500,9.0
501,9.0
502,9.0
503,9.0
504,9.0
505,9.0
506,9.0
507,9.0
508,9.0
509,9.0
510,9.0
511,9.0
512,9.0
513,9.0
514,9.0
515,9.0
516,9.0
517,9.0
518,9.0
519,9.0
520,9.0
521,9.0
522,9.0
523,9.0
524,9.0
525,9.0
526,9.0
527,9.0
528,9.0
529,9.0
530,9.0
531,9.0
532,9.0
533,9.0
534,9.0
535,9.0
536,9.0
537,9.0
538,9.0
539,9.0
540,9.0
541,9.0
542,9.0
543,9.0
544,9.0
545,9.0
546,9.0
547,9.0
548,9.0
549,9.0
550,9.0
551,9.0
552,9.0
553,9.0
554,9.0
555,9.0
556,9.0
557,9.0
558,9.0
559,9.0
560,9.0
561,9.0
562,9.0
563,9.0
564,9.0
565,9.0
566,9.0
567,9.0
568,9.0
569,9.0
570,9.0
571,9.0
572,9.0
573,9.0
574,9.0
575,9.0
576,9.0
577,9.0
578,9.0
579,9.0
580,9.0
581,9.0
582,9.0
583,9.0
584,9.0
585,9.0
586,9.0
587,9.0
588,9.0
589,9.0
590,9.0
591,9.0
592,9.0
593,9.0
594,9.0
595,9.0
596,9.0
597,9.0
598,9.0
599,9.0
600,9.0
601,9.0
602,9.0
603,9.0
604,9.0
605,9.0
606,9.0
607,9.0
608,9.0
609,9.0
610,9.0
611,9.0
612,9.0
613,9.0
614,9.0
615,9.0
616,9.0
617,9.0
618,9.0
619,9.0
620,9.0
621,9.0
622,9.0
623,9.0
624,9.0
625,9.0
626,9.0
627,9.0
628,9.0
629,9.0
630,9.0
631,9.0
632,9.0
633,9.0
634,9.0
635,9.0
636,9.0
637,9.0
638,9.0
639,9.0
640,9.0
641,9.0
642,9.0
643,9.0
644,9.0
645,9.0
646,9.0
647,9.0
648,9.0
649,9.0
650,9.0
651,9.0
652,9.0
653,9.0
654,9.0
655,9.0
656,9.0
657,9.0
658,9.0
659,9.0
660,9.0
661,9.0
662,9.0
663,9.0
664,9.0
665,9.0
666,9.0
667,9.0
668,9.0
669,9.0
670,9.0
671,9.0
672,9.0
673,9.0
674,9.0
675,9.0
676,9.0
677,9.0
678,9.0
679,9.0
680,9.0
681,9.0
682,9.0
683,9.0
684,9.0
685,9.0
686,9.0
687,9.0
688,9.0
689,9.0
690,9.0
691,9.0
692,9.0
693,9.0
694,9.0
695,9.0
696,9.0
697,9.0
698,9.0
699,9.0
700,9.0
701,9.0
702,9.0
703,9.0
704,9.0
705,9.0
706,9.0
707,9.0
708,9.0
709,9.0
710,9.0
711,9.0
712,9.0
713,9.0
714,9.0
715,9.0
716,9.0
717,9.0
718,9.0
719,9.0
720,9.0
721,9.0
722,9.0
723,9.0
724,9.0
725,9.0
726,9.0
727,9.0
728,9.0
729,9.0
730,9.0
731,9.0
732,9.0
733,9.0
734,9.0
735,9.0
736,9.0
737,9.0
738,9.0
739,9.0
740,9.0
741,9.0
742,9.0
743,9.0
744,9.0
745,9.0
746,9.0
747,9.0
748,9.0
749,9.0
750,9.0
751,9.0
752,9.0
753,9.0
754,9.0
755,9.0
756,9.0
757,9.0
758,9.0
759,9.0
760,9.0
761,9.0
762,9.0
763,9.0
764,9.0
765,9.0
766,9.0
767,9.0
768,9.0
769,9.0
770,9.0
771,9.0
772,9.0
773,9.0
774,9.0
775,9.0
776,9.0
777,9.0
778,9.0
779,9.0
780,9.0
781,9.0
782,9.0
783,9.0
784,9.0
785,9.0
786,9.0
787,9.0
788,9.0
789,9.0
790,9.0
791,9.0
792,9.0
793,9.0
794,9.0
795,9.0
796,9.0
797,9.0
798,9.0
799,9.0
800,9.0
801,9.0
802,9.0
803,9.0
804,9.0
805,9.0
806,9.0
807,9.0
808,9.0
809,9.0
810,9.0
811,9.0
812,9.0
813,9.0
814,9.0
815,9.0
816,9.0
817,9.0
818,9.0
819,9.0
820,9.0
821,9.0
822,9.0
823,9.0
824,9.0
825,9.0
826,9.0
827,9.0
828,9.0
829,9.0
830,9.0
831,9.0
832,9.0
833,9.0
834,9.0
835,9.0
836,9.0
837,9.0
838,9.0
839,9.0
840,9.0
841,9.0
842,9.0
843,9.0
844,9.0
845,9.0
846,9.0
847,9.0
848,9.0
849,9.0
850,9.0
851,9.0
852,9.0
853,9.0
854,9.0
855,9.0
856,9.0
857,9.0
858,9.0
859,9.0
860,9.0
861,9.0
862,9.0
863,9.0
864,9.0
865,9.0
866,9.0
867,9.0
868,9.0
869,9.0
870,9.0
871,9.0
872,9.0
873,9.0
874,9.0
875,9.0
876,9.0
877,9.0
878,9.0
879,9.0
880,9.0
881,9.0
882,9.0
883,9.0
884,9.0
885,9.0
886,9.0
887,9.0
888,9.0
889,9.0
890,9.0
891,9.0
892,9.0
893,9.0
894,9.0
895,9.0
896,9.0
897,9.0
898,9.0
899,9.0
900,9.0
901,9.0
902,9.0
903,9.0
904,9.0
905,9.0
906,9.0
907,9.0
908,9.0
909,9.0
910,9.0
911,9.0
912,9.0
913,9.0
914,9.0
915,9.0
916,9.0
917,9.0
918,9.0
919,9.0
920,9.0
921,9.0
922,9.0
923,9.0
924,9.0
925,9.0
926,9.0
927,9.0
928,9.0
929,9.0
930,9.0
931,9.0
932,9.0
933,9.0
934,9.0
935,9.0
936,9.0
937,9.0
938,9.0
939,9.0
940,9.0
941,9.0
942,9.0
943,9.0
944,9.0
945,9.0
946,9.0
947,9.0
948,9.0
949,9.0
950,9.0
951,9.0
952,9.0
953,9.0
954,9.0
955,9.0
956,9.0
957,9.0
958,9.0
959,9.0
960,9.0
961,9.0
962,9.0
963,9.0
964,9.0
965,9.0
966,9.0
967,9.0
968,9.0
969,9.0
970,9.0
971,9.0
972,9.0
973,9.0
974,9.0
975,9.0
976,9.0
977,9.0
978,9.0
979,9.0
980,9.0
981,9.0
982,9.0
983,9.0
984,9.0
985,9.0
986,9.0
987,9.0
988,9.0
989,9.0
990,9.0
991,9.0
992,9.0
993,9.0
994,9.0
995,9.0
996,9.0
997,9.0
998,9.0
999,9.0
1000,9.0
1001,9.0
1002,9.0
1003,9.0
1004,9.0
1005,9.0
1006,9.0
1007,9.0
1008,9.0
1009,9.0
1010,9.0
1011,9.0
1012,9.0
1013,9.0
1014,9.0
1015,9.0
1016,9.0
1017,9.0
1018,9.0
1019,9.0
1020,9.0
1021,9.0
1022,9.0
1023,9.0
1024,9.0
1025,9.0
1026,9.0
1027,9.0
1028,9.0
1029,9.0
1030,9.0
1031,9.0
1032,9.0
1033,9.0
1034,9.0
1035,9.0
1036,9.0
1037,9.0
1038,9.0
1039,9.0
1040,9.0
1041,9.0
1042,9.0
1043,9.0
1044,9.0
1045,9.0
1046,9.0
1047,9.0
1048,9.0
1049,9.0
1050,9.0
1051,9.0
1052,9.0
1053,9.0
1054,9.0
1055,9.0
1056,9.0
1057,9.0
1058,9.0
1059,9.0
1060,9.0
1061,9.0
1062,9.0
1063,9.0
1064,9.0
1065,9.0
1066,9.0
1067,9.0
1068,9.0
1069,9.0
1070,9.0
1071,9.0
1072,9.0
1073,9.0
1074,9.0
1075,9.0
1076,9.0
1077,9.0
1078,9.0
1079,9.0
1080,9.0
1081,9.0
1082,9.0
1083,9.0
1084,9.0
1085,9.0
1086,9.0
1087,9.0
1088,9.0
1089,9.0
1090,9.0
1091,9.0
1092,9.0
1093,9.0
1094,9.0
1095,9.0
1096,9.0
1097,9.0
1098,9.0
1099,9.0
1100,9.0
1101,9.0
1102,9.0
1103,9.0
1104,9.0
1105,9.0
1106,9.0
1107,9.0
1108,9.0
1109,9.0
1110,9.0
1111,9.0
1112,9.0
1113,9.0
1114,9.0
1115,9.0
1116,9.0
1117,9.0
1118,9.0
1119,9.0
1120,9.0
1121,9.0
1122,9.0
1123,9.0
1124,9.0
1125,9.0
1126,9.0
1127,9.0
1128,9.0
1129,9.0
1130,9.0
1131,9.0
1132,9.0
1133,9.0
1134,9.0
1135,9.0
1136,9.0
1137,9.0
1138,9.0
1139,9.0
1140,9.0
1141,9.0
1142,9.0
1143,9.0
1144,9.0
1145,9.0
1146,9.0
1147,9.0
1148,9.0
1149,9.0
1150,9.0
1151,9.0
1152,9.0
1153,9.0
1154,9.0
1155,9.0
1156,9.0
1157,9.0
1158,9.0
1159,9.0
1160,9.0
1161,9.0
1162,9.0
1163,9.0
1164,9.0
1165,9.0
1166,9.0
1167,9.0
1168,9.0
1169,9.0
1170,9.0
1171,9.0
1172,9.0
1173,9.0
1174,9.0
1175,9.0
1176,9.0
1177,9.0
1178,9.0
1179,9.0
1180,9.0
1181,9.0
1182,9.0
1183,9.0
1184,9.0
1185,9.0
1186,9.0
1187,9.0
1188,9.0
1189,9.0
1190,9.0
1191,9.0
1192,9.0
1193,9.0
1194,9.0
1195,9.0
1196,9.0
1197,9.0
1198,9.0
1199,9.0
1200,9.0
1201,9.0
1202,9.0
1203,9.0
1204,9.0
1205,9.0
1206,9.0
1207,9.0
1208,9.0
1209,9.0
1210,9.0
1211,9.0
1212,9.0
1213,9.0
1214,9.0
1215,9.0
1216,9.0
1217,9.0
1218,9.0
1219,9.0
1220,9.0
1221,9.0
1222,9.0
1223,9.0
1224,9.0
1225,9.0
1226,9.0
1227,9.0
1228,9.0
1229,9.0
1230,9.0
1231,9.0
1232,9.0
1233,9.0
1234,9.0
1235,9.0
1236,9.0
1237,9.0
1238,9.0
1239,9.0
1240,9.0
1241,9.0
1242,9.0
1243,9.0
1244,9.0
1245,9.0
1246,9.0
1247,9.0
1248,9.0
1249,9.0
1250,9.0
1251,9.0
1252,9.0
1253,9.0
1254,9.0
1255,9.0
1256,9.0
1257,9.0
1258,9.0
1259,9.0
1260,9.0
1261,9.0
1262,9.0
1263,9.0
1264,9.0
1265,9.0
1266,9.0
1267,9.0
1268,9.0
1269,9.0
1270,9.0
1271,9.0
1272,9.0
1273,9.0
1274,9.0
1275,9.0
1276,9.0
1277,9.0
1278,9.0
1279,9.0
1280,9.0
1281,9.0
1282,9.0
1283,9.0
1284,9.0
1285,9.0
1286,9.0
1287,9.0
1288,9.0
1289,9.0
1290,9.0
1291,9.0
1292,9.0
1293,9.0
1294,9.0
1295,9.0
1296,9.0
1297,9.0
1298,9.0
1299,9.0
1300,9.0
1301,9.0
1302,9.0
1303,9.0
1304,9.0
1305,9.0
1306,9.0
1307,9.0
1308,9.0
1309,9.0
1310,9.0
1311,9.0
1312,9.0
1313,9.0
1314,9.0
1315,9.0
1316,9.0
1317,9.0
1318,9.0
1319,9.0
1320,9.0
1321,9.0
1322,9.0
1323,9.0
1324,9.0
1325,9.0
1326,9.0
1327,9.0
1328,9.0
1329,9.0
1330,9.0
1331,9.0
1332,9.0
1333,9.0
1334,9.0
1335,9.0
1336,9.0
1337,9.0
1338,9.0
1339,9.0
1340,9.0
1341,9.0
1342,9.0
1343,9.0
1344,9.0
1345,9.0
1346,9.0
1347,9.0
1348,9.0
1349,9.0
1350,9.0
1351,9.0
1352,9.0
1353,9.0
1354,9.0
1355,9.0
1356,9.0
1357,9.0
1358,9.0
1359,9.0
1360,9.0
1361,9.0
1362,9.0
1363,9.0
1364,9.0
1365,9.0
1366,9.0
1367,9.0
1368,9.0
1369,9.0
1370,9.0
1371,9.0
1372,9.0
1373,9.0
1374,9.0
1375,9.0
1376,9.0
1377,9.0
1378,9.0
1379,9.0
1380,9.0
1381,9.0
1382,9.0
1383,9.0
1384,9.0
1385,9.0
1386,9.0
1387,9.0
1388,9.0
1389,9.0
1390,9.0
1391,9.0
1392,9.0
1393,9.0
1394,9.0
1395,9.0
1396,9.0
1397,9.0
1398,9.0
1399,9.0
1400,9.0
1401,9.0
1402,9.0
1403,9.0
1404,9.0
1405,9.0
1406,9.0
1407,9.0
1408,9.0
1409,9.0
1410,9.0
1411,9.0
1412,9.0
1413,9.0
1414,9.0
1415,9.0
1416,9.0
1417,9.0
1418,9.0
1419,9.0
1420,9.0
1421,9.0
1422,9.0
1423,9.0
1424,9.0
1425,9.0
1426,9.0
1427,9.0
1428,9.0
1429,9.0
1430,9.0
1431,9.0
1432,9.0
1433,9.0
1434,9.0
1435,9.0
1436,9.0
1437,9.0
1438,9.0
1439,9.0
1440,9.0
1441,9.0
1442,9.0
1443,9.0
1444,9.0
1445,9.0
1446,9.0
1447,9.0
1448,9.0
1449,9.0
1450,9.0
1451,9.0
1452,9.0
1453,9.0
1454,9.0
1455,9.0
1456,9.0
1457,9.0
1458,9.0
1459,9.0
1460,9.0
1461,9.0
1462,9.0
1463,9.0
1464,9.0
1465,9.0
1466,9.0
1467,9.0
1468,9.0
1469,9.0
1470,9.0
1471,9.0
1472,9.0
1473,9.0
1474,9.0
1475,9.0
1476,9.0
1477,9.0
1478,9.0
1479,9.0
1480,9.0
1481,9.0
1482,9.0
1483,9.0
1484,9.0
1485,9.0
1486,9.0
1487,9.0
1488,9.0
1489,9.0
1490,9.0
1491,9.0
1492,9.0
1493,9.0
1494,9.0
1495,9.0
1496,9.0
1497,9.0
1498,9.0
1499,9.0
1500,9.0
1501,9.0
1502,9.0
1503,9.0
1504,9.0
1505,9.0
1506,9.0
1507,9.0
1508,9.0
1509,9.0
1510,9.0
1511,9.0
1512,9.0
1513,9.0
1514,9.0
1515,9.0
1516,9.0
1517,9.0
1518,9.0
1519,9.0
1520,9.0
1521,9.0
1522,9.0
1523,9.0
1524,9.0
1525,9.0
1526,9.0
1527,9.0
1528,9.0
1529,9.0
1530,9.0
1531,9.0
1532,9.0
1533,9.0
1534,9.0
1535,9.0
1536,9.0
1537,9.0
1538,9.0
1539,9.0
1540,9.0
1541,9.0
1542,9.0
1543,9.0
1544,9.0
1545,9.0
1546,9.0
1547,9.0
1548,9.0
1549,9.0
1550,9.0
1551,9.0
1552,9.0
1553,9.0
1554,9.0
1555,9.0
1556,9.0
1557,9.0
1558,9.0
1559,9.0
1560,9.0
1561,9.0
1562,9.0
1563,9.0
1564,9.0
1565,9.0
1566,9.0
1567,9.0
1568,9.0
1569,9.0
1570,9.0
1571,9.0
1572,9.0
1573,9.0
1574,9.0
1575,9.0
1576,9.0
1577,9.0
1578,9.0
1579,9.0
1580,9.0
1581,9.0
1582,9.0
1583,9.0
1584,9.0
1585,9.0
1586,9.0
1587,9.0
1588,9.0
1589,9.0
1590,9.0
1591,9.0
1592,9.0
1593,9.0
1594,9.0
1595,9.0
1596,9.0
1597,9.0
1598,9.0
1599,9.0
1600,9.0
1601,9.0
1602,9.0
1603,9.0
1604,9.0
1605,9.0
1606,9.0
1607,9.0
1608,9.0
1609,9.0
1610,9.0
1611,9.0
1612,9.0
1613,9.0
1614,9.0
1615,9.0
1616,9.0
1617,9.0
1618,9.0
1619,9.0
1620,9.0
1621,9.0
1622,9.0
1623,9.0
1624,9.0
1625,9.0
1626,9.0
1627,9.0
1628,9.0
1629,9.0
1630,9.0
1631,9.0
1632,9.0
1633,9.0
1634,9.0
1635,9.0
1636,9.0
1637,9.0
1638,9.0
1639,9.0
1640,9.0
1641,9.0
1642,9.0
1643,9.0
1644,9.0
1645,9.0
1646,9.0
1647,9.0
1648,9.0
1649,9.0
1650,9.0
1651,9.0
1652,9.0
1653,9.0
1654,9.0
1655,9.0
1656,9.0
1657,9.0
1658,9.0
1659,9.0
1660,9.0
1661,9.0
1662,9.0
1663,9.0
1664,9.0
1665,9.0
1666,9.0
1667,9.0
1668,9.0
1669,9.0
1670,9.0
1671,9.0
1672,9.0
1673,9.0
1674,9.0
1675,9.0
1676,9.0
1677,9.0
1678,9.0
1679,9.0
1680,9.0
1681,9.0
1682,9.0
1683,9.0
1684,9.0
1685,9.0
1686,9.0
1687,9.0
1688,9.0
1689,9.0
1690,9.0
1691,9.0
1692,9.0
1693,9.0
1694,9.0
1695,9.0
1696,9.0
1697,9.0
1698,9.0
1699,9.0
1700,9.0
1701,9.0
1702,9.0
1703,9.0
1704,9.0
1705,9.0
1706,9.0
1707,9.0
1708,9.0
1709,9.0
1710,9.0
1711,9.0
1712,9.0
1713,9.0
1714,9.0
1715,9.0
1716,9.0
1717,9.0
1718,9.0
1719,9.0
1720,9.0
1721,9.0
1722,9.0
1723,9.0
1724,9.0
1725,9.0
1726,9.0
1727,9.0
1728,9.0
1729,9.0
1730,9.0
1731,9.0
1732,9.0
1733,9.0
1734,9.0
1735,9.0
1736,9.0
1737,9.0
1738,9.0
1739,9.0
1740,9.0
1741,9.0
1742,9.0
1743,9.0
1744,9.0
1745,9.0
1746,9.0
1747,9.0
1748,9.0
1749,9.0
1750,9.0
1751,9.0
1752,9.0
1753,9.0
1754,9.0
1755,9.0
1756,9.0
1757,9.0
1758,9.0
1759,9.0
1760,9.0
1761,9.0
1762,9.0
1763,9.0
1764,9.0
1765,9.0
1766,9.0
1767,9.0
1768,9.0
1769,9.0
1770,9.0
1771,9.0
1772,9.0
1773,9.0
1774,9.0
1775,9.0
1776,9.0
1777,9.0
1778,9.0
1779,9.0
1780,9.0
1781,9.0
1782,9.0
1783,9.0
1784,9.0
1785,9.0
1786,9.0
1787,9.0
1788,9.0
1789,9.0
1790,9.0
1791,9.0
1792,9.0
1793,9.0
1794,9.0
1795,9.0
1796,9.0
1797,9.0
1798,9.0
1799,9.0
1800,9.0
1801,9.0
1802,9.0
1803,9.0
1804,9.0
1805,9.0
1806,9.0
1807,9.0
1808,9.0
1809,9.0
1810,9.0
1811,9.0
1812,9.0
1813,9.0
1814,9.0
1815,9.0
1816,9.0
1817,9.0
1818,9.0
1819,9.0
1820,9.0
1821,9.0
1822,9.0
1823,9.0
1824,9.0
1825,9.0
1826,9.0
1827,9.0
1828,9.0
1829,9.0
1830,9.0
1831,9.0
1832,9.0
1833,9.0
1834,9.0
1835,9.0
1836,9.0
1837,9.0
1838,9.0
1839,9.0
1840,9.0
1841,9.0
1842,9.0
1843,9.0
1844,9.0
1845,9.0
1846,9.0
1847,9.0
1848,9.0
1849,9.0
1850,9.0
1851,9.0
1852,9.0
1853,9.0
1854,9.0
1855,9.0
1856,9.0
1857,9.0
1858,9.0
1859,9.0
1860,9.0
1861,9.0
1862,9.0
1863,9.0
1864,9.0
1865,9.0
1866,9.0
1867,9.0
1868,9.0
1869,9.0
1870,9.0
1871,9.0
1872,9.0
1873,9.0
1874,9.0
1875,9.0
1876,9.0
1877,9.0
1878,9.0
1879,9.0
1880,9.0
1881,9.0
1882,9.0
1883,9.0
1884,9.0
1885,9.0
1886,9.0
1887,9.0
1888,9.0
1889,9.0
1890,9.0
1891,9.0
1892,9.0
1893,9.0
1894,9.0
1895,9.0
1896,9.0
1897,9.0
1898,9.0
1899,9.0
1900,9.0
1901,9.0
1902,9.0
1903,9.0
1904,9.0
1905,9.0
1906,9.0
1907,9.0
1908,9.0
1909,9.0
1910,9.0
1911,9.0
1912,9.0
1913,9.0
1914,9.0
1915,9.0
1916,9.0
1917,9.0
1918,9.0
1919,9.0
1920,9.0
1921,9.0
1922,9.0
1923,9.0
1924,9.0
1925,9.0
1926,9.0
1927,9.0
1928,9.0
1929,9.0
1930,9.0
1931,9.0
1932,9.0
1933,9.0
1934,9.0
1935,9.0
1936,9.0
1937,9.0
1938,9.0
1939,9.0
1940,9.0
1941,9.0
1942,9.0
1943,9.0
1944,9.0
1945,9.0
1946,9.0
1947,9.0
1948,9.0
1949,9.0
1950,9.0
1951,9.0
1952,9.0
1953,9.0
1954,9.0
1955,9.0
1956,9.0
1957,9.0
1958,9.0
1959,9.0
1960,9.0
1961,9.0
1962,9.0
1963,9.0
1964,9.0
1965,9.0
1966,9.0
1967,9.0
1968,9.0
1969,9.0
1970,9.0
1971,9.0
1972,9.0
1973,9.0
1974,9.0
1975,9.0
1976,9.0
1977,9.0
1978,9.0
1979,9.0
1980,9.0
1981,9.0
1982,9.0
1983,9.0
1984,9.0
1985,9.0
1986,9.0
1987,9.0
1988,9.0
1989,9.0
1990,9.0
1991,9.0
1992,9.0
1993,9.0
1994,9.0
1995,9.0
1996,9.0
1997,9.0
1998,9.0
1999,9.0
2000,9.0
2001,9.0
2002,9.0
2003,9.0
2004,9.0
2005,9.0
2006,9.0
2007,9.0
2008,9.0
2009,9.0
2010,9.0
2011,9.0
2012,9.0
2013,9.0
2014,9.0
2015,9.0
2016,9.0
2017,9.0
2018,9.0
2019,9.0
2020,9.0
2021,9.0
2022,9.0
2023,9.0
2024,9.0
2025,9.0
2026,9.0
2027,9.0
2028,9.0
2029,9.0
2030,9.0
2031,9.0
2032,9.0
2033,9.0
2034,9.0
2035,9.0
2036,9.0
2037,9.0
2038,9.0
2039,9.0
2040,9.0
2041,9.0
2042,9.0
2043,9.0
2044,9.0
2045,9.0
2046,9.0
2047,9.0
2048,9.0
2049,9.0
2050,9.0
2051,9.0
2052,9.0
2053,9.0
2054,9.0
2055,9.0
2056,9.0
2057,9.0
2058,9.0
2059,9.0
2060,9.0
2061,9.0
2062,9.0
2063,9.0
2064,9.0
2065,9.0
2066,9.0
2067,9.0
2068,9.0
2069,9.0
2070,9.0
2071,9.0
2072,9.0
2073,9.0
2074,9.0
2075,9.0
2076,9.0
2077,9.0
2078,9.0
2079,9.0
2080,9.0
2081,9.0
2082,9.0
2083,9.0
2084,9.0
2085,9.0
2086,9.0
2087,9.0
2088,9.0
2089,9.0
2090,9.0
2091,9.0
2092,9.0
2093,9.0
2094,9.0
2095,9.0
2096,9.0
2097,9.0
2098,9.0
2099,9.0
2100,9.0
2101,9.0
2102,9.0
2103,9.0
2104,9.0
2105,9.0
2106,9.0
2107,9.0
2108,9.0
2109,9.0
2110,9.0
2111,9.0
2112,9.0
2113,9.0
2114,9.0
2115,9.0
2116,9.0
2117,9.0
2118,9.0
2119,9.0
2120,9.0
2121,9.0
2122,9.0
2123,9.0
2124,9.0
2125,9.0
2126,9.0
2127,9.0
2128,9.0
2129,9.0
2130,9.0
2131,9.0
2132,9.0
2133,9.0
2134,9.0
2135,9.0
2136,9.0
2137,9.0
2138,9.0
2139,9.0
2140,9.0
2141,9.0
2142,9.0
2143,9.0
2144,9.0
2145,9.0
2146,9.0
2147,9.0
2148,9.0
2149,9.0
2150,9.0
2151,9.0
2152,9.0
2153,9.0
2154,9.0
2155,9.0
2156,9.0
2157,9.0
2158,9.0
2159,9.0
2160,9.0
2161,9.0
2162,9.0
2163,9.0
2164,9.0
2165,9.0
2166,9.0
2167,9.0
2168,9.0
2169,9.0
2170,9.0
2171,9.0
2172,9.0
2173,9.0
2174,9.0
2175,9.0
2176,9.0
2177,9.0
2178,9.0
2179,9.0
2180,9.0
2181,9.0
2182,9.0
2183,9.0
2184,9.0
2185,9.0
2186,9.0
2187,9.0
2188,9.0
2189,9.0
2190,9.0
2191,9.0
2192,9.0
2193,9.0
2194,9.0
2195,9.0
2196,9.0
2197,9.0
2198,9.0
2199,9.0
2200,9.0
2201,9.0
2202,9.0
2203,9.0
2204,9.0
2205,9.0
2206,9.0
2207,9.0
2208,9.0
2209,9.0
2210,9.0
2211,9.0
2212,9.0
2213,9.0
2214,9.0
2215,9.0
2216,9.0
2217,9.0
2218,9.0
2219,9.0
2220,9.0
2221,9.0
2222,9.0
2223,9.0
2224,9.0
2225,9.0
2226,9.0
2227,9.0
2228,9.0
2229,9.0
2230,9.0
2231,9.0
2232,9.0
2233,9.0
2234,9.0
2235,9.0
2236,9.0
2237,9.0
2238,9.0
2239,9.0
2240,9.0
2241,9.0
2242,9.0
2243,9.0
2244,9.0
2245,9.0
2246,9.0
2247,9.0
2248,9.0
2249,9.0
2250,9.0
2251,9.0
2252,9.0
2253,9.0
2254,9.0
2255,9.0
2256,9.0
2257,9.0
2258,9.0
2259,9.0
2260,9.0
2261,9.0
2262,9.0
2263,9.0
2264,9.0
2265,9.0
2266,9.0
2267,9.0
2268,9.0
2269,9.0
2270,9.0
2271,9.0
2272,9.0
2273,9.0
2274,9.0
2275,9.0
2276,9.0
2277,9.0
2278,9.0
2279,9.0
2280,9.0
2281,9.0
2282,9.0
2283,9.0
2284,9.0
2285,9.0
2286,9.0
2287,9.0
2288,9.0
2289,9.0
2290,9.0
2291,9.0
2292,9.0
2293,9.0
2294,9.0
2295,9.0
2296,9.0
2297,9.0
2298,9.0
2299,9.0
2300,9.0
2301,9.0
2302,9.0
2303,9.0
2304,9.0
2305,9.0
2306,9.0
2307,9.0
2308,9.0
2309,9.0
2310,9.0
2311,9.0
2312,9.0
2313,9.0
2314,9.0
2315,9.0
2316,9.0
2317,9.0
2318,9.0
2319,9.0
2320,9.0
2321,9.0
2322,9.0
2323,9.0
2324,9.0
2325,9.0
2326,9.0
2327,9.0
2328,9.0
2329,9.0
2330,9.0
2331,9.0
2332,9.0
2333,9.0
2334,9.0
2335,9.0
2336,9.0
2337,9.0
2338,9.0
2339,9.0
2340,9.0
2341,9.0
2342,9.0
2343,9.0
2344,9.0
2345,9.0
2346,9.0
2347,9.0
2348,9.0
2349,9.0
2350,9.0
2351,9.0
2352,9.0
2353,9.0
2354,9.0
2355,9.0
2356,9.0
2357,9.0
2358,9.0
2359,9.0
2360,9.0
2361,9.0
2362,9.0
2363,9.0
2364,9.0
2365,9.0
2366,9.0
2367,9.0
2368,9.0
2369,9.0
2370,9.0
2371,9.0
2372,9.0
2373,9.0
2374,9.0
2375,9.0
2376,9.0
2377,9.0
2378,9.0
2379,9.0
2380,9.0
2381,9.0
2382,9.0
2383,9.0
2384,9.0
2385,9.0
2386,9.0
2387,9.0
2388,9.0
2389,9.0
2390,9.0
2391,9.0
2392,9.0
2393,9.0
2394,9.0
2395,9.0
2396,9.0
2397,9.0
2398,9.0
2399,9.0
2400,9.0
2401,9.0
2402,9.0
2403,9.0
2404,9.0
2405,9.0
2406,9.0
2407,9.0
2408,9.0
2409,9.0
2410,9.0
2411,9.0
2412,9.0
2413,9.0
2414,9.0
2415,9.0
2416,9.0
2417,9.0
2418,9.0
2419,9.0
2420,9.0
2421,9.0
2422,9.0
2423,9.0
2424,9.0
2425,9.0
2426,9.0
2427,9.0
2428,9.0
2429,9.0
2430,9.0
2431,9.0
2432,9.0
2433,9.0
2434,9.0
2435,9.0
2436,9.0
2437,9.0
2438,9.0
2439,9.0
2440,9.0
2441,9.0
2442,9.0
2443,9.0
2444,9.0
2445,9.0
2446,9.0
2447,9.0
2448,9.0
2449,9.0
2450,9.0
2451,9.0
2452,9.0
2453,9.0
2454,9.0
2455,9.0
2456,9.0
2457,9.0
2458,9.0
2459,9.0
2460,9.0
2461,9.0
2462,9.0
2463,9.0
2464,9.0
2465,9.0
2466,9.0
2467,9.0
2468,9.0
2469,9.0
2470,9.0
2471,9.0
2472,9.0
2473,9.0
2474,9.0
2475,9.0
2476,9.0
2477,9.0
2478,9.0
2479,9.0
2480,9.0
2481,9.0
2482,9.0
2483,9.0
2484,9.0
2485,9.0
2486,9.0
2487,9.0
2488,9.0
2489,9.0
2490,9.0
2491,9.0
2492,9.0
2493,9.0
2494,9.0
2495,9.0
2496,9.0
2497,9.0
2498,9.0
2499,9.0
2500,9.0
2501,9.0
2502,9.0
2503,9.0
2504,9.0
2505,9.0
2506,9.0
2507,9.0
2508,9.0
2509,9.0
2510,9.0
2511,9.0
2512,9.0
2513,9.0
2514,9.0
2515,9.0
2516,9.0
2517,9.0
2518,9.0
2519,9.0
2520,9.0
2521,9.0
2522,9.0
2523,9.0
2524,9.0
2525,9.0
2526,9.0
2527,9.0
2528,9.0
2529,9.0
2530,9.0
2531,9.0
2532,9.0
2533,9.0
2534,9.0
2535,9.0
2536,9.0
2537,9.0
2538,9.0
2539,9.0
2540,9.0
2541,9.0
2542,9.0
2543,9.0
2544,9.0
2545,9.0
2546,9.0
2547,9.0
2548,9.0
2549,9.0
2550,9.0
2551,9.0
2552,9.0
2553,9.0
2554,9.0
2555,9.0
2556,9.0
2557,9.0
2558,9.0
2559,9.0
2560,9.0
2561,9.0
2562,9.0
2563,9.0
2564,9.0
2565,9.0
2566,9.0
2567,9.0
2568,9.0
2569,9.0
2570,9.0
2571,9.0
2572,9.0
2573,9.0
2574,9.0
2575,9.0
2576,9.0
2577,9.0
2578,9.0
2579,9.0
2580,9.0
2581,9.0
2582,9.0
2583,9.0
2584,9.0
2585,9.0
2586,9.0
2587,9.0
2588,9.0
2589,9.0
2590,9.0
2591,9.0
2592,9.0
2593,9.0
2594,9.0
2595,9.0
2596,9.0
2597,9.0
2598,9.0
2599,9.0
2600,9.0
2601,9.0
2602,9.0
2603,9.0
2604,9.0
2605,9.0
2606,9.0
2607,9.0
2608,9.0
2609,9.0
2610,9.0
2611,9.0
2612,9.0
2613,9.0
2614,9.0
2615,9.0
2616,9.0
2617,9.0
2618,9.0
2619,9.0
2620,9.0
2621,9.0
2622,9.0
2623,9.0
2624,9.0
2625,9.0
2626,9.0
2627,9.0
2628,9.0
2629,9.0
2630,9.0
2631,9.0
2632,9.0
2633,9.0
2634,9.0
2635,9.0
2636,9.0
2637,9.0
2638,9.0
2639,9.0
2640,9.0
2641,9.0
2642,9.0
2643,9.0
2644,9.0
2645,9.0
2646,9.0
2647,9.0
2648,9.0
2649,9.0
2650,9.0
2651,9.0
2652,9.0
2653,9.0
2654,9.0
2655,9.0
2656,9.0
2657,9.0
2658,9.0
2659,9.0
2660,9.0
2661,9.0
2662,9.0
2663,9.0
2664,9.0
2665,9.0
2666,9.0
2667,9.0
2668,9.0
2669,9.0
2670,9.0
2671,9.0
2672,9.0
2673,9.0
2674,9.0
2675,9.0
2676,9.0
2677,9.0
2678,9.0
2679,9.0
2680,9.0
2681,9.0
2682,9.0
2683,9.0
2684,9.0
2685,9.0
2686,9.0
2687,9.0
2688,9.0
2689,9.0
2690,9.0
2691,9.0
2692,9.0
2693,9.0
2694,9.0
2695,9.0
2696,9.0
2697,9.0
2698,9.0
2699,9.0
2700,9.0
2701,9.0
2702,9.0
2703,9.0
2704,9.0
2705,9.0
2706,9.0
2707,9.0
2708,9.0
2709,9.0
2710,9.0
2711,9.0
2712,9.0
2713,9.0
2714,9.0
2715,9.0
2716,9.0
2717,9.0
2718,9.0
2719,9.0
2720,9.0
2721,9.0
2722,9.0
2723,9.0
2724,9.0
2725,9.0
2726,9.0
2727,9.0
2728,9.0
2729,9.0
2730,9.0
2731,9.0
2732,9.0
2733,9.0
2734,9.0
2735,9.0
2736,9.0
2737,9.0
2738,9.0
2739,9.0
2740,9.0
2741,9.0
2742,9.0
2743,9.0
2744,9.0
2745,9.0
2746,9.0
2747,9.0
2748,9.0
2749,9.0
2750,9.0
2751,9.0
2752,9.0
2753,9.0
2754,9.0
2755,9.0
2756,9.0
2757,9.0
2758,9.0
2759,9.0
2760,9.0
2761,9.0
2762,9.0
2763,9.0
2764,9.0
2765,9.0
2766,9.0
2767,9.0
2768,9.0
2769,9.0
2770,9.0
2771,9.0
2772,9.0
2773,9.0
2774,9.0
2775,9.0
2776,9.0
2777,9.0
2778,9.0
2779,9.0
2780,9.0
2781,9.0
2782,9.0
2783,9.0
2784,9.0
2785,9.0
2786,9.0
2787,9.0
2788,9.0
2789,9.0
2790,9.0
2791,9.0
2792,9.0
2793,9.0
2794,9.0
2795,9.0
2796,9.0
2797,9.0
2798,9.0
2799,9.0
2800,9.0
2801,9.0
2802,9.0
2803,9.0
2804,9.0
2805,9.0
2806,9.0
2807,9.0
2808,9.0
2809,9.0
2810,9.0
2811,9.0
2812,9.0
2813,9.0
2814,9.0
2815,9.0
2816,9.0
2817,9.0
2818,9.0
2819,9.0
2820,9.0
2821,9.0
2822,9.0
2823,9.0
2824,9.0
2825,9.0
2826,9.0
2827,9.0
2828,9.0
2829,9.0
2830,9.0
2831,9.0
2832,9.0
2833,9.0
2834,9.0
2835,9.0
2836,9.0
2837,9.0
2838,9.0
2839,9.0
2840,9.0
2841,9.0
2842,9.0
2843,9.0
2844,9.0
2845,9.0
2846,9.0
2847,9.0
2848,9.0
2849,9.0
2850,9.0
2851,9.0
2852,9.0
2853,9.0
2854,9.0
2855,9.0
2856,9.0
2857,9.0
2858,9.0
2859,9.0
2860,9.0
2861,9.0
2862,9.0
2863,9.0
2864,9.0
2865,9.0
2866,9.0
2867,9.0
2868,9.0
2869,9.0
2870,9.0
2871,9.0
2872,9.0
2873,9.0
2874,9.0
2875,9.0
2876,9.0
2877,9.0
2878,9.0
2879,9.0
2880,9.0
2881,9.0
2882,9.0
2883,9.0
2884,9.0
2885,9.0
2886,9.0
2887,9.0
2888,9.0
2889,9.0
2890,9.0
2891,9.0
2892,9.0
2893,9.0
2894,9.0
2895,9.0
2896,9.0
2897,9.0
2898,9.0
2899,9.0
2900,9.0
2901,9.0
2902,9.0
2903,9.0
2904,9.0
2905,9.0
2906,9.0
2907,9.0
2908,9.0
2909,9.0
2910,9.0
2911,9.0
2912,9.0
2913,9.0
2914,9.0
2915,9.0
2916,9.0
2917,9.0
2918,9.0
2919,9.0
2920,9.0
2921,9.0
2922,9.0
2923,9.0
2924,9.0
2925,9.0
2926,9.0
2927,9.0
2928,9.0
2929,9.0
2930,9.0
2931,9.0
2932,9.0
2933,9.0
2934,9.0
2935,9.0
2936,9.0
2937,9.0
2938,9.0
2939,9.0
2940,9.0
2941,9.0
2942,9.0
2943,9.0
2944,9.0
2945,9.0
2946,9.0
2947,9.0
2948,9.0
2949,9.0
2950,9.0
2951,9.0
2952,9.0
2953,9.0
2954,9.0
2955,9.0
2956,9.0
2957,9.0
2958,9.0
2959,9.0
2960,9.0
2961,9.0
2962,9.0
2963,9.0
2964,9.0
2965,9.0
2966,9.0
2967,9.0
2968,9.0
2969,9.0
2970,9.0
2971,9.0
2972,9.0
2973,9.0
2974,9.0
2975,9.0
2976,9.0
2977,9.0
2978,9.0
2979,9.0
2980,9.0
2981,9.0
2982,9.0
2983,9.0
2984,9.0
2985,9.0
2986,9.0
2987,9.0
2988,9.0
2989,9.0
2990,9.0
2991,9.0
2992,9.0
2993,9.0
2994,9.0
2995,9.0
2996,9.0
2997,9.0
2998,9.0
2999,9.0
3000,9.0
3001,9.0
3002,9.0
3003,9.0
3004,9.0
3005,9.0
3006,9.0
3007,9.0
3008,9.0
3009,9.0
3010,9.0
3011,9.0
3012,9.0
3013,9.0
3014,9.0
3015,9.0
3016,9.0
3017,9.0
3018,9.0
3019,9.0
3020,9.0
3021,9.0
3022,9.0
3023,9.0
3024,9.0
3025,9.0
3026,9.0
3027,9.0
3028,9.0
3029,9.0
3030,9.0
3031,9.0
3032,9.0
3033,9.0
3034,9.0
3035,9.0
3036,9.0
3037,9.0
3038,9.0
3039,9.0
3040,9.0
3041,9.0
3042,9.0
3043,9.0
3044,9.0
3045,9.0
3046,9.0
3047,9.0
3048,9.0
3049,9.0
3050,9.0
3051,9.0
3052,9.0
3053,9.0
3054,9.0
3055,9.0
3056,9.0
3057,9.0
3058,9.0
3059,9.0
3060,9.0
3061,9.0
3062,9.0
3063,9.0
3064,9.0
3065,9.0
3066,9.0
3067,9.0
3068,9.0
3069,9.0
3070,9.0
3071,9.0
3072,9.0
3073,9.0
3074,9.0
3075,9.0
3076,9.0
3077,9.0
3078,9.0
3079,9.0
3080,9.0
3081,9.0
3082,9.0
3083,9.0
3084,9.0
3085,9.0
3086,9.0
3087,9.0
3088,9.0
3089,9.0
3090,9.0
3091,9.0
3092,9.0
3093,9.0
3094,9.0
3095,9.0
3096,9.0
3097,9.0
3098,9.0
3099,9.0
3100,9.0
3101,9.0
3102,9.0
3103,9.0
3104,9.0
3105,9.0
3106,9.0
3107,9.0
3108,9.0
3109,9.0
3110,9.0
3111,9.0
3112,9.0
3113,9.0
3114,9.0
3115,9.0
3116,9.0
3117,9.0
3118,9.0
3119,9.0
3120,9.0
3121,9.0
3122,9.0
3123,9.0
3124,9.0
3125,9.0
3126,9.0
3127,9.0
3128,9.0
3129,9.0
3130,9.0
3131,9.0
3132,9.0
3133,9.0
3134,9.0
3135,9.0
3136,9.0
3137,9.0
3138,9.0
3139,9.0
3140,9.0
3141,9.0
3142,9.0
3143,9.0
3144,9.0
3145,9.0
3146,9.0
3147,9.0
3148,9.0
3149,9.0
3150,9.0
3151,9.0
3152,9.0
3153,9.0
3154,9.0
3155,9.0
3156,9.0
3157,9.0
3158,9.0
3159,9.0
3160,9.0
3161,9.0
3162,9.0
3163,9.0
3164,9.0
3165,9.0
3166,9.0
3167,9.0
3168,9.0
3169,9.0
3170,9.0
3171,9.0
3172,9.0
3173,9.0
3174,9.0
3175,9.0
3176,9.0
3177,9.0
3178,9.0
3179,9.0
3180,9.0
3181,9.0
3182,9.0
3183,9.0
3184,9.0
3185,9.0
3186,9.0
3187,9.0
3188,9.0
3189,9.0
3190,9.0
3191,9.0
3192,9.0
3193,9.0
3194,9.0
3195,9.0
3196,9.0
3197,9.0
3198,9.0
3199,9.0
3200,9.0
3201,9.0
3202,9.0
3203,9.0
3204,9.0
3205,9.0
3206,9.0
3207,9.0
3208,9.0
3209,9.0
3210,9.0
3211,9.0
3212,9.0
3213,9.0
3214,9.0
3215,9.0
3216,9.0
3217,9.0
3218,9.0
3219,9.0
3220,9.0
3221,9.0
3222,9.0
3223,9.0
3224,9.0
3225,9.0
3226,9.0
3227,9.0
3228,9.0
3229,9.0
3230,9.0
3231,9.0
3232,9.0
3233,9.0
3234,9.0
3235,9.0
3236,9.0
3237,9.0
3238,9.0
3239,9.0
3240,9.0
3241,9.0
3242,9.0
3243,9.0
3244,9.0
3245,9.0
3246,9.0
3247,9.0
3248,9.0
3249,9.0
3250,9.0
3251,9.0
3252,9.0
3253,9.0
3254,9.0
3255,9.0
3256,9.0
3257,9.0
3258,9.0
3259,9.0
3260,9.0
3261,9.0
3262,9.0
3263,9.0
3264,9.0
3265,9.0
3266,9.0
3267,9.0
3268,9.0
3269,9.0
3270,9.0
3271,9.0
3272,9.0
3273,9.0
3274,9.0
3275,9.0
3276,9.0
3277,9.0
3278,9.0
3279,9.0
3280,9.0
3281,9.0
3282,9.0
3283,9.0
3284,9.0
3285,9.0
3286,9.0
3287,9.0
3288,9.0
3289,9.0
3290,9.0
3291,9.0
3292,9.0
3293,9.0
3294,9.0
3295,9.0
3296,9.0
3297,9.0
3298,9.0
3299,9.0
3300,9.0
3301,9.0
3302,9.0
3303,9.0
3304,9.0
3305,9.0
3306,9.0
3307,9.0
3308,9.0
3309,9.0
3310,9.0
3311,9.0
3312,9.0
3313,9.0
3314,9.0
3315,9.0
3316,9.0
3317,9.0
3318,9.0
3319,9.0
3320,9.0
3321,9.0
3322,9.0
3323,9.0
3324,9.0
3325,9.0
3326,9.0
3327,9.0
3328,9.0
3329,9.0
3330,9.0
3331,9.0
3332,9.0
3333,9.0
3334,9.0
3335,9.0
3336,9.0
3337,9.0
3338,9.0
3339,9.0
3340,9.0
3341,9.0
3342,9.0
3343,9.0
3344,9.0
3345,9.0
3346,9.0
3347,9.0
3348,9.0
3349,9.0
3350,9.0
3351,9.0
3352,9.0
3353,9.0
3354,9.0
3355,9.0
3356,9.0
3357,9.0
3358,9.0
3359,9.0
3360,9.0
3361,9.0
3362,9.0
3363,9.0
3364,9.0
3365,9.0
3366,9.0
3367,9.0
3368,9.0
3369,9.0
3370,9.0
3371,9.0
3372,9.0
3373,9.0
3374,9.0
3375,9.0
3376,9.0
3377,9.0
3378,9.0
3379,9.0
3380,9.0
3381,9.0
3382,9.0
3383,9.0
3384,9.0
3385,9.0
3386,9.0
3387,9.0
3388,9.0
3389,9.0
3390,9.0
3391,9.0
3392,9.0
3393,9.0
3394,9.0
3395,9.0
3396,9.0
3397,9.0
3398,9.0
3399,9.0
3400,9.0
3401,9.0
3402,9.0
3403,9.0
3404,9.0
3405,9.0
3406,9.0
3407,9.0
3408,9.0
3409,9.0
3410,9.0
3411,9.0
3412,9.0
3413,9.0
3414,9.0
3415,9.0
3416,9.0
3417,9.0
3418,9.0
3419,9.0
3420,9.0
3421,9.0
3422,9.0
3423,9.0
3424,9.0
3425,9.0
3426,9.0
3427,9.0
3428,9.0
3429,9.0
3430,9.0
3431,9.0
3432,9.0
3433,9.0
3434,9.0
3435,9.0
3436,9.0
3437,9.0
3438,9.0
3439,9.0
3440,9.0
3441,9.0
3442,9.0
3443,9.0
3444,9.0
3445,9.0
3446,9.0
3447,9.0
3448,9.0
3449,9.0
3450,9.0
3451,9.0
3452,9.0
3453,9.0
3454,9.0
3455,9.0
3456,9.0
3457,9.0
3458,9.0
3459,9.0
3460,9.0
3461,9.0
3462,9.0
3463,9.0
3464,9.0
3465,9.0
3466,9.0
3467,9.0
3468,9.0
3469,9.0
3470,9.0
3471,9.0
3472,9.0
3473,9.0
3474,9.0
3475,9.0
3476,9.0
3477,9.0
3478,9.0
3479,9.0
3480,9.0
3481,9.0
3482,9.0
3483,9.0
3484,9.0
3485,9.0
3486,9.0
3487,9.0
3488,9.0
3489,9.0
3490,9.0
3491,9.0
3492,9.0
3493,9.0
3494,9.0
3495,9.0
3496,9.0
3497,9.0
3498,9.0
3499,9.0
3500,9.0
3501,9.0
3502,9.0
3503,9.0
3504,9.0
3505,9.0
3506,9.0
3507,9.0
3508,9.0
3509,9.0
3510,9.0
3511,9.0
3512,9.0
3513,9.0
3514,9.0
3515,9.0
3516,9.0
3517,9.0
3518,9.0
3519,9.0
3520,9.0
3521,9.0
3522,9.0
3523,9.0
3524,9.0
3525,9.0
3526,9.0
3527,9.0
3528,9.0
3529,9.0
3530,9.0
3531,9.0
3532,9.0
3533,9.0
3534,9.0
3535,9.0
3536,9.0
3537,9.0
3538,9.0
3539,9.0
3540,9.0
3541,9.0
3542,9.0
3543,9.0
3544,9.0
3545,9.0
3546,9.0
3547,9.0
3548,9.0
3549,9.0
3550,9.0
3551,9.0
3552,9.0
3553,9.0
3554,9.0
3555,9.0
3556,9.0
3557,9.0
3558,9.0
3559,9.0
3560,9.0
3561,9.0
3562,9.0
3563,9.0
3564,9.0
3565,9.0
3566,9.0
3567,9.0
3568,9.0
3569,9.0
3570,9.0
3571,9.0
3572,9.0
3573,9.0
3574,9.0
3575,9.0
3576,9.0
3577,9.0
3578,9.0
3579,9.0
3580,9.0
3581,9.0
3582,9.0
3583,9.0
3584,9.0
3585,9.0
3586,9.0
3587,9.0
3588,9.0
3589,9.0
3590,9.0
3591,9.0
3592,9.0
3593,9.0
3594,9.0
3595,9.0
3596,9.0
3597,9.0
3598,9.0
3599,9.0
3600,9.0
3601,9.0
3602,9.0
3603,9.0
3604,9.0
3605,9.0
3606,9.0
3607,9.0
3608,9.0
3609,9.0
3610,9.0
3611,9.0
3612,9.0
3613,9.0
3614,9.0
3615,9.0
3616,9.0
3617,9.0
3618,9.0
3619,9.0
3620,9.0
3621,9.0
3622,9.0
3623,9.0
3624,9.0
3625,9.0
3626,9.0
3627,9.0
3628,9.0
3629,9.0
3630,9.0
3631,9.0
3632,9.0
3633,9.0
3634,9.0
3635,9.0
3636,9.0
3637,9.0
3638,9.0
3639,9.0
3640,9.0
3641,9.0
3642,9.0
3643,9.0
3644,9.0
3645,9.0
3646,9.0
3647,9.0
3648,9.0
3649,9.0
3650,9.0
3651,9.0
3652,9.0
3653,9.0
3654,9.0
3655,9.0
3656,9.0
3657,9.0
3658,9.0
3659,9.0
3660,9.0
3661,9.0
3662,9.0
3663,9.0
3664,9.0
3665,9.0
3666,9.0
3667,9.0
3668,9.0
3669,9.0
3670,9.0
3671,9.0
3672,9.0
3673,9.0
3674,9.0
3675,9.0
3676,9.0
3677,9.0
3678,9.0
3679,9.0
3680,9.0
3681,9.0
3682,9.0
3683,9.0
3684,9.0
3685,9.0
3686,9.0
3687,9.0
3688,9.0
3689,9.0
3690,9.0
3691,9.0
3692,9.0
3693,9.0
3694,9.0
3695,9.0
3696,9.0
3697,9.0
3698,9.0
3699,9.0
3700,9.0
3701,9.0
3702,9.0
3703,9.0
3704,9.0
3705,9.0
3706,9.0
3707,9.0
3708,9.0
3709,9.0
3710,9.0
3711,9.0
3712,9.0
3713,9.0
3714,9.0
3715,9.0
3716,9.0
3717,9.0
3718,9.0
3719,9.0
3720,9.0
3721,9.0
3722,9.0
3723,9.0
3724,9.0
3725,9.0
3726,9.0
3727,9.0
3728,9.0
3729,9.0
3730,9.0
3731,9.0
3732,9.0
3733,9.0
3734,9.0
3735,9.0
3736,9.0
3737,9.0
3738,9.0
3739,9.0
3740,9.0
3741,9.0
3742,9.0
3743,9.0
3744,9.0
3745,9.0
3746,9.0
3747,9.0
3748,9.0
3749,9.0
3750,9.0
3751,9.0
3752,9.0
3753,9.0
3754,9.0
3755,9.0
3756,9.0
3757,9.0
3758,9.0
3759,9.0
3760,9.0
3761,9.0
3762,9.0
3763,9.0
3764,9.0
3765,9.0
3766,9.0
3767,9.0
3768,9.0
3769,9.0
3770,9.0
3771,9.0
3772,9.0
3773,9.0
3774,9.0
3775,9.0
3776,9.0
3777,9.0
3778,9.0
3779,9.0
3780,9.0
3781,9.0
3782,9.0
3783,9.0
3784,9.0
3785,9.0
3786,9.0
3787,9.0
3788,9.0
3789,9.0
3790,9.0
3791,9.0
3792,9.0
3793,9.0
3794,9.0
3795,9.0
3796,9.0
3797,9.0
3798,9.0
3799,9.0
3800,9.0
3801,9.0
3802,9.0
3803,9.0
3804,9.0
3805,9.0
3806,9.0
3807,9.0
3808,9.0
3809,9.0
3810,9.0
3811,9.0
3812,9.0
3813,9.0
3814,9.0
3815,9.0
3816,9.0
3817,9.0
3818,9.0
3819,9.0
3820,9.0
3821,9.0
3822,9.0
3823,9.0
3824,9.0
3825,9.0
3826,9.0
3827,9.0
3828,9.0
3829,9.0
3830,9.0
3831,9.0
3832,9.0
3833,9.0
3834,9.0
3835,9.0
3836,9.0
3837,9.0
3838,9.0
3839,9.0
3840,9.0
3841,9.0
3842,9.0
3843,9.0
3844,9.0
3845,9.0
3846,9.0
3847,9.0
3848,9.0
3849,9.0
3850,9.0
3851,9.0
3852,9.0
3853,9.0
3854,9.0
3855,9.0
3856,9.0
3857,9.0
3858,9.0
3859,9.0
3860,9.0
3861,9.0
3862,9.0
3863,9.0
3864,9.0
3865,9.0
3866,9.0
3867,9.0
3868,9.0
3869,9.0
3870,9.0
3871,9.0
3872,9.0
3873,9.0
3874,9.0
3875,9.0
3876,9.0
3877,9.0
3878,9.0
3879,9.0
3880,9.0
3881,9.0
3882,9.0
3883,9.0
3884,9.0
3885,9.0
3886,9.0
3887,9.0
3888,9.0
3889,9.0
3890,9.0
3891,9.0
3892,9.0
3893,9.0
3894,9.0
3895,9.0
3896,9.0
3897,9.0
3898,9.0
3899,9.0
3900,9.0
3901,9.0
3902,9.0
3903,9.0
3904,9.0
3905,9.0
3906,9.0
3907,9.0
3908,9.0
3909,9.0
3910,9.0
3911,9.0
3912,9.0
3913,9.0
3914,9.0
3915,9.0
3916,9.0
3917,9.0
3918,9.0
3919,9.0
3920,9.0
3921,9.0
3922,9.0
3923,9.0
3924,9.0
3925,9.0
3926,9.0
3927,9.0
3928,9.0
3929,9.0
3930,9.0
3931,9.0
3932,9.0
3933,9.0
3934,9.0
3935,9.0
3936,9.0
3937,9.0
3938,9.0
3939,9.0
3940,9.0
3941,9.0
3942,9.0
3943,9.0
3944,9.0
3945,9.0
3946,9.0
3947,9.0
3948,9.0
3949,9.0
3950,9.0
3951,9.0
3952,9.0
3953,9.0
3954,9.0
3955,9.0
3956,9.0
3957,9.0
3958,9.0
3959,9.0
3960,9.0
3961,9.0
3962,9.0
3963,9.0
3964,9.0
3965,9.0
3966,9.0
3967,9.0
3968,9.0
3969,9.0
3970,9.0
3971,9.0
3972,9.0
3973,9.0
3974,9.0
3975,9.0
3976,9.0
3977,9.0
3978,9.0
3979,9.0
3980,9.0
3981,9.0
3982,9.0
3983,9.0
3984,9.0
3985,9.0
3986,9.0
3987,9.0
3988,9.0
3989,9.0
3990,9.0
3991,9.0
3992,9.0
3993,9.0
3994,9.0
3995,9.0
3996,9.0
3997,9.0
3998,9.0
3999,9.0
4000,9.0
4001,9.0
4002,9.0
4003,9.0
4004,9.0
4005,9.0
4006,9.0
4007,9.0
4008,9.0
4009,9.0
4010,9.0
4011,9.0
4012,9.0
4013,9.0
4014,9.0
4015,9.0
4016,9.0
4017,9.0
4018,9.0
4019,9.0
4020,9.0
4021,9.0
4022,9.0
4023,9.0
4024,9.0
4025,9.0
4026,9.0
4027,9.0
4028,9.0
4029,9.0
4030,9.0
4031,9.0
4032,9.0
4033,9.0
4034,9.0
4035,9.0
4036,9.0
4037,9.0
4038,9.0
4039,9.0
4040,9.0
4041,9.0
4042,9.0
4043,9.0
4044,9.0
4045,9.0
4046,9.0
4047,9.0
4048,9.0
4049,9.0
4050,9.0
4051,9.0
4052,9.0
4053,9.0
4054,9.0
4055,9.0
4056,9.0
4057,9.0
4058,9.0
4059,9.0
4060,9.0
4061,9.0
4062,9.0
4063,9.0
4064,9.0
4065,9.0
4066,9.0
4067,9.0
4068,9.0
4069,9.0
4070,9.0
4071,9.0
4072,9.0
4073,9.0
4074,9.0
4075,9.0
4076,9.0
4077,9.0
4078,9.0
4079,9.0
4080,9.0
4081,9.0
4082,9.0
4083,9.0
4084,9.0
4085,9.0
4086,9.0
4087,9.0
4088,9.0
4089,9.0
4090,9.0
4091,9.0
4092,9.0
4093,9.0
4094,9.0
4095,9.0
4096,9.0
4097,9.0
4098,9.0
4099,9.0
4100,9.0
4101,9.0
4102,9.0
4103,9.0
4104,9.0
4105,9.0
4106,9.0
4107,9.0
4108,9.0
4109,9.0
4110,9.0
4111,9.0
4112,9.0
4113,9.0
4114,9.0
4115,9.0
4116,9.0
4117,9.0
4118,9.0
4119,9.0
4120,9.0
4121,9.0
4122,9.0
4123,9.0
4124,9.0
4125,9.0
4126,9.0
4127,9.0
4128,9.0
4129,9.0
4130,9.0
4131,9.0
4132,9.0
4133,9.0
4134,9.0
4135,9.0
4136,9.0
4137,9.0
4138,9.0
4139,9.0
4140,9.0
4141,9.0
4142,9.0
4143,9.0
4144,9.0
4145,9.0
4146,9.0
4147,9.0
4148,9.0
4149,9.0
4150,9.0
4151,9.0
4152,9.0
4153,9.0
4154,9.0
4155,9.0
4156,9.0
4157,9.0
4158,9.0
4159,9.0
4160,9.0
4161,9.0
4162,9.0
4163,9.0
4164,9.0
4165,9.0
4166,9.0
4167,9.0
4168,9.0
4169,9.0
4170,9.0
4171,9.0
4172,9.0
4173,9.0
4174,9.0
4175,9.0
4176,9.0
4177,9.0
4178,9.0
4179,9.0
4180,9.0
4181,9.0
4182,9.0
4183,9.0
4184,9.0
4185,9.0
4186,9.0
4187,9.0
4188,9.0
4189,9.0
4190,9.0
4191,9.0
4192,9.0
4193,9.0
4194,9.0
4195,9.0
4196,9.0
4197,9.0
4198,9.0
4199,9.0
4200,9.0
4201,9.0
4202,9.0
4203,9.0
4204,9.0
4205,9.0
4206,9.0
4207,9.0
4208,9.0
4209,9.0
4210,9.0
4211,9.0
4212,9.0
4213,9.0
4214,9.0
4215,9.0
4216,9.0
4217,9.0
4218,9.0
4219,9.0
4220,9.0
4221,9.0
4222,9.0
4223,9.0
4224,9.0
4225,9.0
4226,9.0
4227,9.0
4228,9.0
4229,9.0
4230,9.0
4231,9.0
4232,9.0
4233,9.0
4234,9.0
4235,9.0
4236,9.0
4237,9.0
4238,9.0
4239,9.0
4240,9.0
4241,9.0
4242,9.0
4243,9.0
4244,9.0
4245,9.0
4246,9.0
4247,9.0
4248,9.0
4249,9.0
4250,9.0
4251,9.0
4252,9.0
4253,9.0
4254,9.0
4255,9.0
4256,9.0
4257,9.0
4258,9.0
4259,9.0
4260,9.0
4261,9.0
4262,9.0
4263,9.0
4264,9.0
4265,9.0
4266,9.0
4267,9.0
4268,9.0
4269,9.0
4270,9.0
4271,9.0
4272,9.0
4273,9.0
4274,9.0
4275,9.0
4276,9.0
4277,9.0
4278,9.0
4279,9.0
4280,9.0
4281,9.0
4282,9.0
4283,9.0
4284,9.0
4285,9.0
4286,9.0
4287,9.0
4288,9.0
4289,9.0
4290,9.0
4291,9.0
4292,9.0
4293,9.0
4294,9.0
4295,9.0
4296,9.0
4297,9.0
4298,9.0
4299,9.0
4300,9.0
4301,9.0
4302,9.0
4303,9.0
4304,9.0
4305,9.0
4306,9.0
4307,9.0
4308,9.0
4309,9.0
4310,9.0
4311,9.0
4312,9.0
4313,9.0
4314,9.0
4315,9.0
4316,9.0
4317,9.0
4318,9.0
4319,9.0
4320,9.0
4321,9.0
4322,9.0
4323,9.0
4324,9.0
4325,9.0
4326,9.0
4327,9.0
4328,9.0
4329,9.0
4330,9.0
4331,9.0
4332,9.0
4333,9.0
4334,9.0
4335,9.0
4336,9.0
4337,9.0
4338,9.0
4339,9.0
4340,9.0
4341,9.0
4342,9.0
4343,9.0
4344,9.0
4345,9.0
4346,9.0
4347,9.0
4348,9.0
4349,9.0
4350,9.0
4351,9.0
4352,9.0
4353,9.0
4354,9.0
4355,9.0
4356,9.0
4357,9.0
4358,9.0
4359,9.0
4360,9.0
4361,9.0
4362,9.0
4363,9.0
4364,9.0
4365,9.0
4366,9.0
4367,9.0
4368,9.0
4369,9.0
4370,9.0
4371,9.0
4372,9.0
4373,9.0
4374,9.0
4375,9.0
4376,9.0
4377,9.0
4378,9.0
4379,9.0
4380,9.0
4381,9.0
4382,9.0
4383,9.0
4384,9.0
4385,9.0
4386,9.0
4387,9.0
4388,9.0
4389,9.0
4390,9.0
4391,9.0
4392,9.0
4393,9.0
4394,9.0
4395,9.0
4396,9.0
4397,9.0
4398,9.0
4399,9.0
4400,9.0
4401,9.0
4402,9.0
4403,9.0
4404,9.0
4405,9.0
4406,9.0
4407,9.0
4408,9.0
4409,9.0
4410,9.0
4411,9.0
4412,9.0
4413,9.0
4414,9.0
4415,9.0
4416,9.0
4417,9.0
4418,9.0
4419,9.0
4420,9.0
4421,9.0
4422,9.0
4423,9.0
4424,9.0
4425,9.0
4426,9.0
4427,9.0
4428,9.0
4429,9.0
4430,9.0
4431,9.0
4432,9.0
4433,9.0
4434,9.0
4435,9.0
4436,9.0
4437,9.0
4438,9.0
4439,9.0
4440,9.0
4441,9.0
4442,9.0
4443,9.0
4444,9.0
4445,9.0
4446,9.0
4447,9.0
4448,9.0
4449,9.0
4450,9.0
4451,9.0
4452,9.0
4453,9.0
4454,9.0
4455,9.0
4456,9.0
4457,9.0
4458,9.0
4459,9.0
4460,9.0
4461,9.0
4462,9.0
4463,9.0
4464,9.0
4465,9.0
4466,9.0
4467,9.0
4468,9.0
4469,9.0
4470,9.0
4471,9.0
4472,9.0
4473,9.0
4474,9.0
4475,9.0
4476,9.0
4477,9.0
4478,9.0
4479,9.0
4480,9.0
4481,9.0
4482,9.0
4483,9.0
4484,9.0
4485,9.0
4486,9.0
4487,9.0
4488,9.0
4489,9.0
4490,9.0
4491,9.0
4492,9.0
4493,9.0
4494,9.0
4495,9.0
4496,9.0
4497,9.0
4498,9.0
4499,9.0
4500,9.0
4501,9.0
4502,9.0
4503,9.0
4504,9.0
4505,9.0
4506,9.0
4507,9.0
4508,9.0
4509,9.0
4510,9.0
4511,9.0
4512,9.0
4513,9.0
4514,9.0
4515,9.0
4516,9.0
4517,9.0
4518,9.0
4519,9.0
4520,9.0
4521,9.0
4522,9.0
4523,9.0
4524,9.0
4525,9.0
4526,9.0
4527,9.0
4528,9.0
4529,9.0
4530,9.0
4531,9.0
4532,9.0
4533,9.0
4534,9.0
4535,9.0
4536,9.0
4537,9.0
4538,9.0
4539,9.0
4540,9.0
4541,9.0
4542,9.0
4543,9.0
4544,9.0
4545,9.0
4546,9.0
4547,9.0
4548,9.0
4549,9.0
4550,9.0
4551,9.0
4552,9.0
4553,9.0
4554,9.0
4555,9.0
4556,9.0
4557,9.0
4558,9.0
4559,9.0
4560,9.0
4561,9.0
4562,9.0
4563,9.0
4564,9.0
4565,9.0
4566,9.0
4567,9.0
4568,9.0
4569,9.0
4570,9.0
4571,9.0
4572,9.0
4573,9.0
4574,9.0
4575,9.0
4576,9.0
4577,9.0
4578,9.0
4579,9.0
4580,9.0
4581,9.0
4582,9.0
4583,9.0
4584,9.0
4585,9.0
4586,9.0
4587,9.0
4588,9.0
4589,9.0
4590,9.0
4591,9.0
4592,9.0
4593,9.0
4594,9.0
4595,9.0
4596,9.0
4597,9.0
4598,9.0
4599,9.0
4600,9.0
4601,9.0
4602,9.0
4603,9.0
4604,9.0
4605,9.0
4606,9.0
4607,9.0
4608,9.0
4609,9.0
4610,9.0
4611,9.0
4612,9.0
4613,9.0
4614,9.0
4615,9.0
4616,9.0
4617,9.0
4618,9.0
4619,9.0
4620,9.0
4621,9.0
4622,9.0
4623,9.0
4624,9.0
4625,9.0
4626,9.0
4627,9.0
4628,9.0
4629,9.0
4630,9.0
4631,9.0
4632,9.0
4633,9.0
4634,9.0
4635,9.0
4636,9.0
4637,9.0
4638,9.0
4639,9.0
4640,9.0
4641,9.0
4642,9.0
4643,9.0
4644,9.0
4645,9.0
4646,9.0
4647,9.0
4648,9.0
4649,9.0
4650,9.0
4651,9.0
4652,9.0
4653,9.0
4654,9.0
4655,9.0
4656,9.0
4657,9.0
4658,9.0
4659,9.0
4660,9.0
4661,9.0
4662,9.0
4663,9.0
4664,9.0
4665,9.0
4666,9.0
4667,9.0
4668,9.0
4669,9.0
4670,9.0
4671,9.0
4672,9.0
4673,9.0
4674,9.0
4675,9.0
4676,9.0
4677,9.0
4678,9.0
4679,9.0
4680,9.0
4681,9.0
4682,9.0
4683,9.0
4684,9.0
4685,9.0
4686,9.0
4687,9.0
4688,9.0
4689,9.0
4690,9.0
4691,9.0
4692,9.0
4693,9.0
4694,9.0
4695,9.0
4696,9.0
4697,9.0
4698,9.0
4699,9.0
4700,9.0
4701,9.0
4702,9.0
4703,9.0
4704,9.0
4705,9.0
4706,9.0
4707,9.0
4708,9.0
4709,9.0
4710,9.0
4711,9.0
4712,9.0
4713,9.0
4714,9.0
4715,9.0
4716,9.0
4717,9.0
4718,9.0
4719,9.0
4720,9.0
4721,9.0
4722,9.0
4723,9.0
4724,9.0
4725,9.0
4726,9.0
4727,9.0
4728,9.0
4729,9.0
4730,9.0
4731,9.0
4732,9.0
4733,9.0
4734,9.0
4735,9.0
4736,9.0
4737,9.0
4738,9.0
4739,9.0
4740,9.0
4741,9.0
4742,9.0
4743,9.0
4744,9.0
4745,9.0
4746,9.0
4747,9.0
4748,9.0
4749,9.0
4750,9.0
4751,9.0
4752,9.0
4753,9.0
4754,9.0
4755,9.0
4756,9.0
4757,9.0
4758,9.0
4759,9.0
4760,9.0
4761,9.0
4762,9.0
4763,9.0
4764,9.0
4765,9.0
4766,9.0
4767,9.0
4768,9.0
4769,9.0
4770,9.0
4771,9.0
4772,9.0
4773,9.0
4774,9.0
4775,9.0
4776,9.0
4777,9.0
4778,9.0
4779,9.0
4780,9.0
4781,9.0
4782,9.0
4783,9.0
4784,9.0
4785,9.0
4786,9.0
4787,9.0
4788,9.0
4789,9.0
4790,9.0
4791,9.0
4792,9.0
4793,9.0
4794,9.0
4795,9.0
4796,9.0
4797,9.0
4798,9.0
4799,9.0
4800,9.0
4801,9.0
4802,9.0
4803,9.0
4804,9.0
4805,9.0
4806,9.0
4807,9.0
4808,9.0
4809,9.0
4810,9.0
4811,9.0
4812,9.0
4813,9.0
4814,9.0
4815,9.0
4816,9.0
4817,9.0
4818,9.0
4819,9.0
4820,9.0
4821,9.0
4822,9.0
4823,9.0
4824,9.0
4825,9.0
4826,9.0
4827,9.0
4828,9.0
4829,9.0
4830,9.0
4831,9.0
4832,9.0
4833,9.0
4834,9.0
4835,9.0
4836,9.0
4837,9.0
4838,9.0
4839,9.0
4840,9.0
4841,9.0
4842,9.0
4843,9.0
4844,9.0
4845,9.0
4846,9.0
4847,9.0
4848,9.0
4849,9.0
4850,9.0
4851,9.0
4852,9.0
4853,9.0
4854,9.0
4855,9.0
4856,9.0
4857,9.0
4858,9.0
4859,9.0
4860,9.0
4861,9.0
4862,9.0
4863,9.0
4864,9.0
4865,9.0
4866,9.0
4867,9.0
4868,9.0
4869,9.0
4870,9.0
4871,9.0
4872,9.0
4873,9.0
4874,9.0
4875,9.0
4876,9.0
4877,9.0
4878,9.0
4879,9.0
4880,9.0
4881,9.0
4882,9.0
4883,9.0
4884,9.0
4885,9.0
4886,9.0
4887,9.0
4888,9.0
4889,9.0
4890,9.0
4891,9.0
4892,9.0
4893,9.0
4894,9.0
4895,9.0
4896,9.0
4897,9.0
4898,9.0
4899,9.0
4900,9.0
4901,9.0
4902,9.0
4903,9.0
4904,9.0
4905,9.0
4906,9.0
4907,9.0
4908,9.0
4909,9.0
4910,9.0
4911,9.0
4912,9.0
4913,9.0
4914,9.0
4915,9.0
4916,9.0
4917,9.0
4918,9.0
4919,9.0
4920,9.0
4921,9.0
4922,9.0
4923,9.0
4924,9.0
4925,9.0
4926,9.0
4927,9.0
4928,9.0
4929,9.0
4930,9.0
4931,9.0
4932,9.0
4933,9.0
4934,9.0
4935,9.0
4936,9.0
4937,9.0
4938,9.0
4939,9.0
4940,9.0
4941,9.0
4942,9.0
4943,9.0
4944,9.0
4945,9.0
4946,9.0
4947,9.0
4948,9.0
4949,9.0
4950,9.0
4951,9.0
4952,9.0
4953,9.0
4954,9.0
4955,9.0
4956,9.0
4957,9.0
4958,9.0
4959,9.0
4960,9.0
4961,9.0
4962,9.0
4963,9.0
4964,9.0
4965,9.0
4966,9.0
4967,9.0
4968,9.0
4969,9.0
4970,9.0
4971,9.0
4972,9.0
4973,9.0
4974,9.0
4975,9.0
4976,9.0
4977,9.0
4978,9.0
4979,9.0
4980,9.0
4981,9.0
4982,9.0
4983,9.0
4984,9.0
4985,9.0
4986,9.0
4987,9.0
4988,9.0
4989,9.0
4990,9.0
4991,9.0
4992,9.0
4993,9.0
4994,9.0
4995,9.0
4996,9.0
4997,9.0
4998,9.0
4999,9.0
5000,9.0
5001,9.0
5002,9.0
5003,9.0
5004,9.0
5005,9.0
5006,9.0
5007,9.0
5008,9.0
5009,9.0
5010,9.0
5011,9.0
5012,9.0
5013,9.0
5014,9.0
5015,9.0
5016,9.0
5017,9.0
5018,9.0
5019,9.0
5020,9.0
5021,9.0
5022,9.0
5023,9.0
5024,9.0
5025,9.0
5026,9.0
5027,9.0
5028,9.0
5029,9.0
5030,9.0
5031,9.0
5032,9.0
5033,9.0
5034,9.0
5035,9.0
5036,9.0
5037,9.0
5038,9.0
5039,9.0
5040,9.0
5041,9.0
5042,9.0
5043,9.0
5044,9.0
5045,9.0
5046,9.0
5047,9.0
5048,9.0
5049,9.0
5050,9.0
5051,9.0
5052,9.0
5053,9.0
5054,9.0
5055,9.0
5056,9.0
5057,9.0
5058,9.0
5059,9.0
5060,9.0
5061,9.0
5062,9.0
5063,9.0
5064,9.0
5065,9.0
5066,9.0
5067,9.0
5068,9.0
5069,9.0
5070,9.0
5071,9.0
5072,9.0
5073,9.0
5074,9.0
5075,9.0
5076,9.0
5077,9.0
5078,9.0
5079,9.0
5080,9.0
5081,9.0
5082,9.0
5083,9.0
5084,9.0
5085,9.0
5086,9.0
5087,9.0
5088,9.0
5089,9.0
5090,9.0
5091,9.0
5092,9.0
5093,9.0
5094,9.0
5095,9.0
5096,9.0
5097,9.0
5098,9.0
5099,9.0
5100,9.0
5101,9.0
5102,9.0
5103,9.0
5104,9.0
5105,9.0
5106,9.0
5107,9.0
5108,9.0
5109,9.0
5110,9.0
5111,9.0
5112,9.0
5113,9.0
5114,9.0
5115,9.0
5116,9.0
5117,9.0
5118,9.0
5119,9.0
5120,9.0
5121,9.0
5122,9.0
5123,9.0
5124,9.0
5125,9.0
5126,9.0
5127,9.0
5128,9.0
5129,9.0
5130,9.0
5131,9.0
5132,9.0
5133,9.0
5134,9.0
5135,9.0
5136,9.0
5137,9.0
5138,9.0
5139,9.0
5140,9.0
5141,9.0
5142,9.0
5143,9.0
5144,9.0
5145,9.0
5146,9.0
5147,9.0
5148,9.0
5149,9.0
5150,9.0
5151,9.0
5152,9.0
5153,9.0
5154,9.0
5155,9.0
5156,9.0
5157,9.0
5158,9.0
5159,9.0
5160,9.0
5161,9.0
5162,9.0
5163,9.0
5164,9.0
5165,9.0
5166,9.0
5167,9.0
5168,9.0
5169,9.0
5170,9.0
5171,9.0
5172,9.0
5173,9.0
5174,9.0
5175,9.0
5176,9.0
5177,9.0
5178,9.0
5179,9.0
5180,9.0
5181,9.0
5182,9.0
5183,9.0
5184,9.0
5185,9.0
5186,9.0
5187,9.0
5188,9.0
5189,9.0
5190,9.0
5191,9.0
5192,9.0
5193,9.0
5194,9.0
5195,9.0
5196,9.0
5197,9.0
5198,9.0
5199,9.0
5200,9.0
5201,9.0
5202,9.0
5203,9.0
5204,9.0
5205,9.0
5206,9.0
5207,9.0
5208,9.0
5209,9.0
5210,9.0
5211,9.0
5212,9.0
5213,9.0
5214,9.0
5215,9.0
5216,9.0
5217,9.0
5218,9.0
5219,9.0
5220,9.0
5221,9.0
5222,9.0
5223,9.0
5224,9.0
5225,9.0
5226,9.0
5227,9.0
5228,9.0
5229,9.0
5230,9.0
5231,9.0
5232,9.0
5233,9.0
5234,9.0
5235,9.0
5236,9.0
5237,9.0
5238,9.0
5239,9.0
5240,9.0
5241,9.0
5242,9.0
5243,9.0
5244,9.0
5245,9.0
5246,9.0
5247,9.0
5248,9.0
5249,9.0
5250,9.0
5251,9.0
5252,9.0
5253,9.0
5254,9.0
5255,9.0
5256,9.0
5257,9.0
5258,9.0
5259,9.0
5260,9.0
5261,9.0
5262,9.0
5263,9.0
5264,9.0
5265,9.0
5266,9.0
5267,9.0
5268,9.0
5269,9.0
5270,9.0
5271,9.0
5272,9.0
5273,9.0
5274,9.0
5275,9.0
5276,9.0
5277,9.0
5278,9.0
5279,9.0
5280,9.0
5281,9.0
5282,9.0
5283,9.0
5284,9.0
5285,9.0
5286,9.0
5287,9.0
5288,9.0
5289,9.0
5290,9.0
5291,9.0
5292,9.0
5293,9.0
5294,9.0
5295,9.0
5296,9.0
5297,9.0
5298,9.0
5299,9.0
5300,9.0
5301,9.0
5302,9.0
5303,9.0
5304,9.0
5305,9.0
5306,9.0
5307,9.0
5308,9.0
5309,9.0
5310,9.0
5311,9.0
5312,9.0
5313,9.0
5314,9.0
5315,9.0
5316,9.0
5317,9.0
5318,9.0
5319,9.0
5320,9.0
5321,9.0
5322,9.0
5323,9.0
5324,9.0
5325,9.0
5326,9.0
5327,9.0
5328,9.0
5329,9.0
5330,9.0
5331,9.0
5332,9.0
5333,9.0
5334,9.0
5335,9.0
5336,9.0
5337,9.0
5338,9.0
5339,9.0
5340,9.0
5341,9.0
5342,9.0
5343,9.0
5344,9.0
5345,9.0
5346,9.0
5347,9.0
5348,9.0
5349,9.0
5350,9.0
5351,9.0
5352,9.0
5353,9.0
5354,9.0
5355,9.0
5356,9.0
5357,9.0
5358,9.0
5359,9.0
5360,9.0
5361,9.0
5362,9.0
5363,9.0
5364,9.0
5365,9.0
5366,9.0
5367,9.0
5368,9.0
5369,9.0
5370,9.0
5371,9.0
5372,9.0
5373,9.0
5374,9.0
5375,9.0
5376,9.0
5377,9.0
5378,9.0
5379,9.0
5380,9.0
5381,9.0
5382,9.0
5383,9.0
5384,9.0
5385,9.0
5386,9.0
5387,9.0
5388,9.0
5389,9.0
5390,9.0
5391,9.0
5392,9.0
5393,9.0
5394,9.0
5395,9.0
5396,9.0
5397,9.0
5398,9.0
5399,9.0
5400,9.0
5401,9.0
5402,9.0
5403,9.0
5404,9.0
5405,9.0
5406,9.0
5407,9.0
5408,9.0
5409,9.0
5410,9.0
5411,9.0
5412,9.0
5413,9.0
5414,9.0
5415,9.0
5416,9.0
5417,9.0
5418,9.0
5419,9.0
5420,9.0
5421,9.0
5422,9.0
5423,9.0
5424,9.0
5425,9.0
5426,9.0
5427,9.0
5428,9.0
5429,9.0
5430,9.0
5431,9.0
5432,9.0
5433,9.0
5434,9.0
5435,9.0
5436,9.0
5437,9.0
5438,9.0
5439,9.0
5440,9.0
5441,9.0
5442,9.0
5443,9.0
5444,9.0
5445,9.0
5446,9.0
5447,9.0
5448,9.0
5449,9.0
5450,9.0
5451,9.0
5452,9.0
5453,9.0
5454,9.0
5455,9.0
5456,9.0
5457,9.0
5458,9.0
5459,9.0
5460,9.0
5461,9.0
5462,9.0
5463,9.0
5464,9.0
5465,9.0
5466,9.0
5467,9.0
5468,9.0
5469,9.0
5470,9.0
5471,9.0
5472,9.0
5473,9.0
5474,9.0
5475,9.0
5476,9.0
5477,9.0
5478,9.0
5479,9.0
5480,9.0
5481,9.0
5482,9.0
5483,9.0
5484,9.0
5485,9.0
5486,9.0
5487,9.0
5488,9.0
5489,9.0
5490,9.0
5491,9.0
5492,9.0
5493,9.0
5494,9.0
5495,9.0
5496,9.0
5497,9.0
5498,9.0
5499,9.0
5500,9.0
5501,9.0
5502,9.0
5503,9.0
5504,9.0
5505,9.0
5506,9.0
5507,9.0
5508,9.0
5509,9.0
5510,9.0
5511,9.0
5512,9.0
5513,9.0
5514,9.0
5515,9.0
5516,9.0
5517,9.0
5518,9.0
5519,9.0
5520,9.0
5521,9.0
5522,9.0
5523,9.0
5524,9.0
5525,9.0
5526,9.0
5527,9.0
5528,9.0
5529,9.0
5530,9.0
5531,9.0
5532,9.0
5533,9.0
5534,9.0
5535,9.0
5536,9.0
5537,9.0
5538,9.0
5539,9.0
5540,9.0
5541,9.0
5542,9.0
5543,9.0
5544,9.0
5545,9.0
5546,9.0
5547,9.0
5548,9.0
5549,9.0
5550,9.0
5551,9.0
5552,9.0
5553,9.0
5554,9.0
5555,9.0
5556,9.0
5557,9.0
5558,9.0
5559,9.0
5560,9.0
5561,9.0
5562,9.0
5563,9.0
5564,9.0
5565,9.0
5566,9.0
5567,9.0
5568,9.0
5569,9.0
5570,9.0
5571,9.0
5572,9.0
5573,9.0
5574,9.0
5575,9.0
5576,9.0
5577,9.0
5578,9.0
5579,9.0
5580,9.0
5581,9.0
5582,9.0
5583,9.0
5584,9.0
5585,9.0
5586,9.0
5587,9.0
5588,9.0
5589,9.0
5590,9.0
5591,9.0
5592,9.0
5593,9.0
5594,9.0
5595,9.0
5596,9.0
5597,9.0
5598,9.0
5599,9.0
5600,9.0
5601,9.0
5602,9.0
5603,9.0
5604,9.0
5605,9.0
5606,9.0
5607,9.0
5608,9.0
5609,9.0
5610,9.0
5611,9.0
5612,9.0
5613,9.0
5614,9.0
5615,9.0
5616,9.0
5617,9.0
5618,9.0
5619,9.0
5620,9.0
5621,9.0
5622,9.0
5623,9.0
5624,9.0
5625,9.0
5626,9.0
5627,9.0
5628,9.0
5629,9.0
5630,9.0
5631,9.0
5632,9.0
5633,9.0
5634,9.0
5635,9.0
5636,9.0
5637,9.0
5638,9.0
5639,9.0
5640,9.0
5641,9.0
5642,9.0
5643,9.0
5644,9.0
5645,9.0
5646,9.0
5647,9.0
5648,9.0
5649,9.0
5650,9.0
5651,9.0
5652,9.0
5653,9.0
5654,9.0
5655,9.0
5656,9.0
5657,9.0
5658,9.0
5659,9.0
5660,9.0
5661,9.0
5662,9.0
5663,9.0
5664,9.0
5665,9.0
5666,9.0
5667,9.0
5668,9.0
5669,9.0
5670,9.0
5671,9.0
5672,9.0
5673,9.0
5674,9.0
5675,9.0
5676,9.0
5677,9.0
5678,9.0
5679,9.0
5680,9.0
5681,9.0
5682,9.0
5683,9.0
5684,9.0
5685,9.0
5686,9.0
5687,9.0
5688,9.0
5689,9.0
5690,9.0
5691,9.0
5692,9.0
5693,9.0
5694,9.0
5695,9.0
5696,9.0
5697,9.0
5698,9.0
5699,9.0
5700,9.0
5701,9.0
5702,9.0
5703,9.0
5704,9.0
5705,9.0
5706,9.0
5707,9.0
5708,9.0
5709,9.0
5710,9.0
5711,9.0
5712,9.0
5713,9.0
5714,9.0
5715,9.0
5716,9.0
5717,9.0
5718,9.0
5719,9.0
5720,9.0
5721,9.0
5722,9.0
5723,9.0
5724,9.0
5725,9.0
5726,9.0
5727,9.0
5728,9.0
5729,9.0
5730,9.0
5731,9.0
5732,9.0
5733,9.0
5734,9.0
5735,9.0
5736,9.0
5737,9.0
5738,9.0
5739,9.0
5740,9.0
5741,9.0
5742,9.0
5743,9.0
5744,9.0
5745,9.0
5746,9.0
5747,9.0
5748,9.0
5749,9.0
5750,9.0
5751,9.0
5752,9.0
5753,9.0
5754,9.0
5755,9.0
5756,9.0
5757,9.0
5758,9.0
5759,9.0
5760,9.0
5761,9.0
5762,9.0
5763,9.0
5764,9.0
5765,9.0
5766,9.0
5767,9.0
5768,9.0
5769,9.0
5770,9.0
5771,9.0
5772,9.0
5773,9.0
5774,9.0
5775,9.0
5776,9.0
5777,9.0
5778,9.0
5779,9.0
5780,9.0
5781,9.0
5782,9.0
5783,9.0
5784,9.0
5785,9.0
5786,9.0
5787,9.0
5788,9.0
5789,9.0
5790,9.0
5791,9.0
5792,9.0
5793,9.0
5794,9.0
5795,9.0
5796,9.0
5797,9.0
5798,9.0
5799,9.0
5800,9.0
5801,9.0
5802,9.0
5803,9.0
5804,9.0
5805,9.0
5806,9.0
5807,9.0
5808,9.0
5809,9.0
5810,9.0
5811,9.0
5812,9.0
5813,9.0
5814,9.0
5815,9.0
5816,9.0
5817,9.0
5818,9.0
5819,9.0
5820,9.0
5821,9.0
5822,9.0
5823,9.0
5824,9.0
5825,9.0
5826,9.0
5827,9.0
5828,9.0
5829,9.0
5830,9.0
5831,9.0
5832,9.0
5833,9.0
5834,9.0
5835,9.0
5836,9.0
5837,9.0
5838,9.0
5839,9.0
5840,9.0
5841,9.0
5842,9.0
5843,9.0
5844,9.0
5845,9.0
5846,9.0
5847,9.0
5848,9.0
5849,9.0
5850,9.0
5851,9.0
5852,9.0
5853,9.0
5854,9.0
5855,9.0
5856,9.0
5857,9.0
5858,9.0
5859,9.0
5860,9.0
5861,9.0
5862,9.0
5863,9.0
5864,9.0
5865,9.0
5866,9.0
5867,9.0
5868,9.0
5869,9.0
5870,9.0
5871,9.0
5872,9.0
5873,9.0
5874,9.0
5875,9.0
5876,9.0
5877,9.0
5878,9.0
5879,9.0
5880,9.0
5881,9.0
5882,9.0
5883,9.0
5884,9.0
5885,9.0
5886,9.0
5887,9.0
5888,9.0
5889,9.0
5890,9.0
5891,9.0
5892,9.0
5893,9.0
5894,9.0
5895,9.0
5896,9.0
5897,9.0
5898,9.0
5899,9.0
5900,9.0
5901,9.0
5902,9.0
5903,9.0
5904,9.0
5905,9.0
5906,9.0
5907,9.0
5908,9.0
5909,9.0
5910,9.0
5911,9.0
5912,9.0
5913,9.0
5914,9.0
5915,9.0
5916,9.0
5917,9.0
5918,9.0
5919,9.0
5920,9.0
5921,9.0
5922,9.0
5923,9.0
5924,9.0
5925,9.0
5926,9.0
5927,9.0
5928,9.0
5929,9.0
5930,9.0
5931,9.0
5932,9.0
5933,9.0
5934,9.0
5935,9.0
5936,9.0
5937,9.0
5938,9.0
5939,9.0
5940,9.0
5941,9.0
5942,9.0
5943,9.0
5944,9.0
5945,9.0
5946,9.0
5947,9.0
5948,9.0
5949,9.0
5950,9.0
5951,9.0
5952,9.0
5953,9.0
5954,9.0
5955,9.0
5956,9.0
5957,9.0
5958,9.0
5959,9.0
5960,9.0
5961,9.0
5962,9.0
5963,9.0
5964,9.0
5965,9.0
5966,9.0
5967,9.0
5968,9.0
5969,9.0
5970,9.0
5971,9.0
5972,9.0
5973,9.0
5974,9.0
5975,9.0
5976,9.0
5977,9.0
5978,9.0
5979,9.0
5980,9.0
5981,9.0
5982,9.0
5983,9.0
5984,9.0
5985,9.0
5986,9.0
5987,9.0
5988,9.0
5989,9.0
5990,9.0
5991,9.0
5992,9.0
5993,9.0
5994,9.0
5995,9.0
5996,9.0
5997,9.0
5998,9.0
5999,9.0
6000,9.0
6001,9.0
6002,9.0
6003,9.0
6004,9.0
6005,9.0
6006,9.0
6007,9.0
6008,9.0
6009,9.0
6010,9.0
6011,9.0
6012,9.0
6013,9.0
6014,9.0
6015,9.0
6016,9.0
6017,9.0
6018,9.0
6019,9.0
6020,9.0
6021,9.0
6022,9.0
6023,9.0
6024,9.0
6025,9.0
6026,9.0
6027,9.0
6028,9.0
6029,9.0
6030,9.0
6031,9.0
6032,9.0
6033,9.0
6034,9.0
6035,9.0
6036,9.0
6037,9.0
6038,9.0
6039,9.0
6040,9.0
6041,9.0
6042,9.0
6043,9.0
6044,9.0
6045,9.0
6046,9.0
6047,9.0
6048,9.0
6049,9.0
6050,9.0
6051,9.0
6052,9.0
6053,9.0
6054,9.0
6055,9.0
6056,9.0
6057,9.0
6058,9.0
6059,9.0
6060,9.0
6061,9.0
6062,9.0
6063,9.0
6064,9.0
6065,9.0
6066,9.0
6067,9.0
6068,9.0
6069,9.0
6070,9.0
6071,9.0
6072,9.0
6073,9.0
6074,9.0
6075,9.0
6076,9.0
6077,9.0
6078,9.0
6079,9.0
6080,9.0
6081,9.0
6082,9.0
6083,9.0
6084,9.0
6085,9.0
6086,9.0
6087,9.0
6088,9.0
6089,9.0
6090,9.0
6091,9.0
6092,9.0
6093,9.0
6094,9.0
6095,9.0
6096,9.0
6097,9.0
6098,9.0
6099,9.0
6100,9.0
6101,9.0
6102,9.0
6103,9.0
6104,9.0
6105,9.0
6106,9.0
6107,9.0
6108,9.0
6109,9.0
6110,9.0
6111,9.0
6112,9.0
6113,9.0
6114,9.0
6115,9.0
6116,9.0
6117,9.0
6118,9.0
6119,9.0
6120,9.0
6121,9.0
6122,9.0
6123,9.0
6124,9.0
6125,9.0
6126,9.0
6127,9.0
6128,9.0
6129,9.0
6130,9.0
6131,9.0
6132,9.0
6133,9.0
6134,9.0
6135,9.0
6136,9.0
6137,9.0
6138,9.0
6139,9.0
6140,9.0
6141,9.0
6142,9.0
6143,9.0
6144,9.0
6145,9.0
6146,9.0
6147,9.0
6148,9.0
6149,9.0
6150,9.0
6151,9.0
6152,9.0
6153,9.0
6154,9.0
6155,9.0
6156,9.0
6157,9.0
6158,9.0
6159,9.0
6160,9.0
6161,9.0
6162,9.0
6163,9.0
6164,9.0
6165,9.0
6166,9.0
6167,9.0
6168,9.0
6169,9.0
6170,9.0
6171,9.0
6172,9.0
6173,9.0
6174,9.0
6175,9.0
6176,9.0
6177,9.0
6178,9.0
6179,9.0
6180,9.0
6181,9.0
6182,9.0
6183,9.0
6184,9.0
6185,9.0
6186,9.0
6187,9.0
6188,9.0
6189,9.0
6190,9.0
6191,9.0
6192,9.0
6193,9.0
6194,9.0
6195,9.0
6196,9.0
6197,9.0
6198,9.0
6199,9.0
6200,9.0
6201,9.0
6202,9.0
6203,9.0
6204,9.0
6205,9.0
6206,9.0
6207,9.0
6208,9.0
6209,9.0
6210,9.0
6211,9.0
6212,9.0
6213,9.0
6214,9.0
6215,9.0
6216,9.0
6217,9.0
6218,9.0
6219,9.0
6220,9.0
6221,9.0
6222,9.0
6223,9.0
6224,9.0
6225,9.0
6226,9.0
6227,9.0
6228,9.0
6229,9.0
6230,9.0
6231,9.0
6232,9.0
6233,9.0
6234,9.0
6235,9.0
6236,9.0
6237,9.0
6238,9.0
6239,9.0
6240,9.0
6241,9.0
6242,9.0
6243,9.0
6244,9.0
6245,9.0
6246,9.0
6247,9.0
6248,9.0
6249,9.0
6250,9.0
6251,9.0
6252,9.0
6253,9.0
6254,9.0
6255,9.0
6256,9.0
6257,9.0
6258,9.0
6259,9.0
6260,9.0
6261,9.0
6262,9.0
6263,9.0
6264,9.0
6265,9.0
6266,9.0
6267,9.0
6268,9.0
6269,9.0
6270,9.0
6271,9.0
6272,9.0
6273,9.0
6274,9.0
6275,9.0
6276,9.0
6277,9.0
6278,9.0
6279,9.0
6280,9.0
6281,9.0
6282,9.0
6283,9.0
6284,9.0
6285,9.0
6286,9.0
6287,9.0
6288,9.0
6289,9.0
6290,9.0
6291,9.0
6292,9.0
6293,9.0
6294,9.0
6295,9.0
6296,9.0
6297,9.0
6298,9.0
6299,9.0
6300,9.0
6301,9.0
6302,9.0
6303,9.0
6304,9.0
6305,9.0
6306,9.0
6307,9.0
6308,9.0
6309,9.0
6310,9.0
6311,9.0
6312,9.0
6313,9.0
6314,9.0
6315,9.0
6316,9.0
6317,9.0
6318,9.0
6319,9.0
6320,9.0
6321,9.0
6322,9.0
6323,9.0
6324,9.0
6325,9.0
6326,9.0
6327,9.0
6328,9.0
6329,9.0
6330,9.0
6331,9.0
6332,9.0
6333,9.0
6334,9.0
6335,9.0
6336,9.0
6337,9.0
6338,9.0
6339,9.0
6340,9.0
6341,9.0
6342,9.0
6343,9.0
6344,9.0
6345,9.0
6346,9.0
6347,9.0
6348,9.0
6349,9.0
6350,9.0
6351,9.0
6352,9.0
6353,9.0
6354,9.0
6355,9.0
6356,9.0
6357,9.0
6358,9.0
6359,9.0
6360,9.0
6361,9.0
6362,9.0
6363,9.0
6364,9.0
6365,9.0
6366,9.0
6367,9.0
6368,9.0
6369,9.0
6370,9.0
6371,9.0
6372,9.0
6373,9.0
6374,9.0
6375,9.0
6376,9.0
6377,9.0
6378,9.0
6379,9.0
6380,9.0
6381,9.0
6382,9.0
6383,9.0
6384,9.0
6385,9.0
6386,9.0
6387,9.0
6388,9.0
6389,9.0
6390,9.0
6391,9.0
6392,9.0
6393,9.0
6394,9.0
6395,9.0
6396,9.0
6397,9.0
6398,9.0
6399,9.0
6400,9.0
6401,9.0
6402,9.0
6403,9.0
6404,9.0
6405,9.0
6406,9.0
6407,9.0
6408,9.0
6409,9.0
6410,9.0
6411,9.0
6412,9.0
6413,9.0
6414,9.0
6415,9.0
6416,9.0
6417,9.0
6418,9.0
6419,9.0
6420,9.0
6421,9.0
6422,9.0
6423,9.0
6424,9.0
6425,9.0
6426,9.0
6427,9.0
6428,9.0
6429,9.0
6430,9.0
6431,9.0
6432,9.0
6433,9.0
6434,9.0
6435,9.0
6436,9.0
6437,9.0
6438,9.0
6439,9.0
6440,9.0
6441,9.0
6442,9.0
6443,9.0
6444,9.0
6445,9.0
6446,9.0
6447,9.0
6448,9.0
6449,9.0
6450,9.0
6451,9.0
6452,9.0
6453,9.0
6454,9.0
6455,9.0
6456,9.0
6457,9.0
6458,9.0
6459,9.0
6460,9.0
6461,9.0
6462,9.0
6463,9.0
6464,9.0
6465,9.0
6466,9.0
6467,9.0
6468,9.0
6469,9.0
6470,9.0
6471,9.0
6472,9.0
6473,9.0
6474,9.0
6475,9.0
6476,9.0
6477,9.0
6478,9.0
6479,9.0
6480,9.0
6481,9.0
6482,9.0
6483,9.0
6484,9.0
6485,9.0
6486,9.0
6487,9.0
6488,9.0
6489,9.0
6490,9.0
6491,9.0
6492,9.0
6493,9.0
6494,9.0
6495,9.0
6496,9.0
6497,9.0
6498,9.0
6499,9.0
6500,9.0
6501,9.0
6502,9.0
6503,9.0
6504,9.0
6505,9.0
6506,9.0
6507,9.0
6508,9.0
6509,9.0
6510,9.0
6511,9.0
6512,9.0
6513,9.0
6514,9.0
6515,9.0
6516,9.0
6517,9.0
6518,9.0
6519,9.0
6520,9.0
6521,9.0
6522,9.0
6523,9.0
6524,9.0
6525,9.0
6526,9.0
6527,9.0
6528,9.0
6529,9.0
6530,9.0
6531,9.0
6532,9.0
6533,9.0
6534,9.0
6535,9.0
6536,9.0
6537,9.0
6538,9.0
6539,9.0
6540,9.0
6541,9.0
6542,9.0
6543,9.0
6544,9.0
6545,9.0
6546,9.0
6547,9.0
6548,9.0
6549,9.0
6550,9.0
6551,9.0
6552,9.0
6553,9.0
6554,9.0
6555,9.0
6556,9.0
6557,9.0
6558,9.0
6559,9.0
6560,9.0
6561,9.0
6562,9.0
6563,9.0
6564,9.0
6565,9.0
6566,9.0
6567,9.0
6568,9.0
6569,9.0
6570,9.0
6571,9.0
6572,9.0
6573,9.0
6574,9.0
6575,9.0
6576,9.0
6577,9.0
6578,9.0
6579,9.0
6580,9.0
6581,9.0
6582,9.0
6583,9.0
6584,9.0
6585,9.0
6586,9.0
6587,9.0
6588,9.0
6589,9.0
6590,9.0
6591,9.0
6592,9.0
6593,9.0
6594,9.0
6595,9.0
6596,9.0
6597,9.0
6598,9.0
6599,9.0
6600,9.0
6601,9.0
6602,9.0
6603,9.0
6604,9.0
6605,9.0
6606,9.0
6607,9.0
6608,9.0
6609,9.0
6610,9.0
6611,9.0
6612,9.0
6613,9.0
6614,9.0
6615,9.0
6616,9.0
6617,9.0
6618,9.0
6619,9.0
6620,9.0
6621,9.0
6622,9.0
6623,9.0
6624,9.0
6625,9.0
6626,9.0
6627,9.0
6628,9.0
6629,9.0
6630,9.0
6631,9.0
6632,9.0
6633,9.0
6634,9.0
6635,9.0
6636,9.0
6637,9.0
6638,9.0
6639,9.0
6640,9.0
6641,9.0
6642,9.0
6643,9.0
6644,9.0
6645,9.0
6646,9.0
6647,9.0
6648,9.0
6649,9.0
6650,9.0
6651,9.0
6652,9.0
6653,9.0
6654,9.0
6655,9.0
6656,9.0
6657,9.0
6658,9.0
6659,9.0
6660,9.0
6661,9.0
6662,9.0
6663,9.0
6664,9.0
6665,9.0
6666,9.0
6667,9.0
6668,9.0
6669,9.0
6670,9.0
6671,9.0
6672,9.0
6673,9.0
6674,9.0
6675,9.0
6676,9.0
6677,9.0
6678,9.0
6679,9.0
6680,9.0
6681,9.0
6682,9.0
6683,9.0
6684,9.0
6685,9.0
6686,9.0
6687,9.0
6688,9.0
6689,9.0
6690,9.0
6691,9.0
6692,9.0
6693,9.0
6694,9.0
6695,9.0
6696,9.0
6697,9.0
6698,9.0
6699,9.0
6700,9.0
6701,9.0
6702,9.0
6703,9.0
6704,9.0
6705,9.0
6706,9.0
6707,9.0
6708,9.0
6709,9.0
6710,9.0
6711,9.0
6712,9.0
6713,9.0
6714,9.0
6715,9.0
6716,9.0
6717,9.0
6718,9.0
6719,9.0
6720,9.0
6721,9.0
6722,9.0
6723,9.0
6724,9.0
6725,9.0
6726,9.0
6727,9.0
6728,9.0
6729,9.0
6730,9.0
6731,9.0
6732,9.0
6733,9.0
6734,9.0
6735,9.0
6736,9.0
6737,9.0
6738,9.0
6739,9.0
6740,9.0
6741,9.0
6742,9.0
6743,9.0
6744,9.0
6745,9.0
6746,9.0
6747,9.0
6748,9.0
6749,9.0
6750,9.0
6751,9.0
6752,9.0
6753,9.0
6754,9.0
6755,9.0
6756,9.0
6757,9.0
6758,9.0
6759,9.0
6760,9.0
6761,9.0
6762,9.0
6763,9.0
6764,9.0
6765,9.0
6766,9.0
6767,9.0
6768,9.0
6769,9.0
6770,9.0
6771,9.0
6772,9.0
6773,9.0
6774,9.0
6775,9.0
6776,9.0
6777,9.0
6778,9.0
6779,9.0
6780,9.0
6781,9.0
6782,9.0
6783,9.0
6784,9.0
6785,9.0
6786,9.0
6787,9.0
6788,9.0
6789,9.0
6790,9.0
6791,9.0
6792,9.0
6793,9.0
6794,9.0
6795,9.0
6796,9.0
6797,9.0
6798,9.0
6799,9.0
6800,9.0
6801,9.0
6802,9.0
6803,9.0
6804,9.0
6805,9.0
6806,9.0
6807,9.0
6808,9.0
6809,9.0
6810,9.0
6811,9.0
6812,9.0
6813,9.0
6814,9.0
6815,9.0
6816,9.0
6817,9.0
6818,9.0
6819,9.0
6820,9.0
6821,9.0
6822,9.0
6823,9.0
6824,9.0
6825,9.0
6826,9.0
6827,9.0
6828,9.0
6829,9.0
6830,9.0
6831,9.0
6832,9.0
6833,9.0
6834,9.0
6835,9.0
6836,9.0
6837,9.0
6838,9.0
6839,9.0
6840,9.0
6841,9.0
6842,9.0
6843,9.0
6844,9.0
6845,9.0
6846,9.0
6847,9.0
6848,9.0
6849,9.0
6850,9.0
6851,9.0
6852,9.0
6853,9.0
6854,9.0
6855,9.0
6856,9.0
6857,9.0
6858,9.0
6859,9.0
6860,9.0
6861,9.0
6862,9.0
6863,9.0
6864,9.0
6865,9.0
6866,9.0
6867,9.0
6868,9.0
6869,9.0
6870,9.0
6871,9.0
6872,9.0
6873,9.0
6874,9.0
6875,9.0
6876,9.0
6877,9.0
6878,9.0
6879,9.0
6880,9.0
6881,9.0
6882,9.0
6883,9.0
6884,9.0
6885,9.0
6886,9.0
6887,9.0
6888,9.0
6889,9.0
6890,9.0
6891,9.0
6892,9.0
6893,9.0
6894,9.0
6895,9.0
6896,9.0
6897,9.0
6898,9.0
6899,9.0
6900,9.0
6901,9.0
6902,9.0
6903,9.0
6904,9.0
6905,9.0
6906,9.0
6907,9.0
6908,9.0
6909,9.0
6910,9.0
6911,9.0
6912,9.0
6913,9.0
6914,9.0
6915,9.0
6916,9.0
6917,9.0
6918,9.0
6919,9.0
6920,9.0
6921,9.0
6922,9.0
6923,9.0
6924,9.0
6925,9.0
6926,9.0
6927,9.0
6928,9.0
6929,9.0
6930,9.0
6931,9.0
6932,9.0
6933,9.0
6934,9.0
6935,9.0
6936,9.0
6937,9.0
6938,9.0
6939,9.0
6940,9.0
6941,9.0
6942,9.0
6943,9.0
6944,9.0
6945,9.0
6946,9.0
6947,9.0
6948,9.0
6949,9.0
6950,9.0
6951,9.0
6952,9.0
6953,9.0
6954,9.0
6955,9.0
6956,9.0
6957,9.0
6958,9.0
6959,9.0
6960,9.0
6961,9.0
6962,9.0
6963,9.0
6964,9.0
6965,9.0
6966,9.0
6967,9.0
6968,9.0
6969,9.0
6970,9.0
6971,9.0
6972,9.0
6973,9.0
6974,9.0
6975,9.0
6976,9.0
6977,9.0
6978,9.0
6979,9.0
6980,9.0
6981,9.0
6982,9.0
6983,9.0
6984,9.0
6985,9.0
6986,9.0
6987,9.0
6988,9.0
6989,9.0
6990,9.0
6991,9.0
6992,9.0
6993,9.0
6994,9.0
6995,9.0
6996,9.0
6997,9.0
6998,9.0
6999,9.0
7000,9.0
7001,9.0
7002,9.0
7003,9.0
7004,9.0
7005,9.0
7006,9.0
7007,9.0
7008,9.0
7009,9.0
7010,9.0
7011,9.0
7012,9.0
7013,9.0
7014,9.0
7015,9.0
7016,9.0
7017,9.0
7018,9.0
7019,9.0
7020,9.0
7021,9.0
7022,9.0
7023,9.0
7024,9.0
7025,9.0
7026,9.0
7027,9.0
7028,9.0
7029,9.0
7030,9.0
7031,9.0
7032,9.0
7033,9.0
7034,9.0
7035,9.0
7036,9.0
7037,9.0
7038,9.0
7039,9.0
7040,9.0
7041,9.0
7042,9.0
7043,9.0
7044,9.0
7045,9.0
7046,9.0
7047,9.0
7048,9.0
7049,9.0
7050,9.0
7051,9.0
7052,9.0
7053,9.0
7054,9.0
7055,9.0
7056,9.0
7057,9.0
7058,9.0
7059,9.0
7060,9.0
7061,9.0
7062,9.0
7063,9.0
7064,9.0
7065,9.0
7066,9.0
7067,9.0
7068,9.0
7069,9.0
7070,9.0
7071,9.0
7072,9.0
7073,9.0
7074,9.0
7075,9.0
7076,9.0
7077,9.0
7078,9.0
7079,9.0
7080,9.0
7081,9.0
7082,9.0
7083,9.0
7084,9.0
7085,9.0
7086,9.0
7087,9.0
7088,9.0
7089,9.0
7090,9.0
7091,9.0
7092,9.0
7093,9.0
7094,9.0
7095,9.0
7096,9.0
7097,9.0
7098,9.0
7099,9.0
7100,9.0
7101,9.0
7102,9.0
7103,9.0
7104,9.0
7105,9.0
7106,9.0
7107,9.0
7108,9.0
7109,9.0
7110,9.0
7111,9.0
7112,9.0
7113,9.0
7114,9.0
7115,9.0
7116,9.0
7117,9.0
7118,9.0
7119,9.0
7120,9.0
7121,9.0
7122,9.0
7123,9.0
7124,9.0
7125,9.0
7126,9.0
7127,9.0
7128,9.0
7129,9.0
7130,9.0
7131,9.0
7132,9.0
7133,9.0
7134,9.0
7135,9.0
7136,9.0
7137,9.0
7138,9.0
7139,9.0
7140,9.0
7141,9.0
7142,9.0
7143,9.0
7144,9.0
7145,9.0
7146,9.0
7147,9.0
7148,9.0
7149,9.0
7150,9.0
7151,9.0
7152,9.0
7153,9.0
7154,9.0
7155,9.0
7156,9.0
7157,9.0
7158,9.0
7159,9.0
7160,9.0
7161,9.0
7162,9.0
7163,9.0
7164,9.0
7165,9.0
7166,9.0
7167,9.0
7168,9.0
7169,9.0
7170,9.0
7171,9.0
7172,9.0
7173,9.0
7174,9.0
7175,9.0
7176,9.0
7177,9.0
7178,9.0
7179,9.0
7180,9.0
7181,9.0
7182,9.0
7183,9.0
7184,9.0
7185,9.0
7186,9.0
7187,9.0
7188,9.0
7189,9.0
7190,9.0
7191,9.0
7192,9.0
7193,9.0
7194,9.0
7195,9.0
7196,9.0
7197,9.0
7198,9.0
7199,9.0
7200,10.0
7201,10.0
7202,10.0
7203,10.0
7204,10.0
7205,10.0
7206,10.0
7207,10.0
7208,10.0
7209,10.0
7210,10.0
7211,11.0
7212,11.0
7213,11.0
7214,11.0
7215,11.0
7216,11.0
7217,11.0
7218,11.0
7219,11.0
7220,11.0
7221,11.0
7222,11.0
7223,11.0
7224,11.0
7225,11.0
7226,11.0
7227,11.0
7228,11.0
7229,11.0
7230,11.0
7231,11.0
7232,11.0
7233,11.0
7234,11.0
7235,12.0
7236,12.0
7237,12.0
7238,12.0
7239,13.0
7240,12.0
7241,12.0
7242,12.0
7243,12.0
7244,12.0
7245,12.0
7246,12.0
7247,13.0
7248,14.0
7249,14.0
7250,14.0
7251,14.0
7252,14.0
7253,14.0
7254,14.0
7255,14.0
7256,14.0
7257,14.0
7258,14.0
7259,14.0
7260,14.0
7261,14.0
7262,14.0
7263,15.0
7264,15.0
7265,15.0
7266,15.0
7267,15.0
7268,15.0
7269,15.0
7270,15.0
7271,15.0
7272,15.0
7273,15.0
7274,15.0
7275,15.0
7276,15.0
7277,15.0
7278,15.0
7279,15.0
7280,15.0
7281,15.0
7282,15.0
7283,15.0
7284,15.0
7285,15.0
7286,15.0
7287,15.0
7288,15.0
7289,15.0
7290,15.0
7291,15.0
7292,16.0
7293,16.0
7294,16.0
7295,16.0
7296,16.0
7297,17.0
7298,17.0
7299,17.0
7300,17.0
7301,17.0
7302,17.0
7303,17.0
7304,17.0
7305,17.0
7306,18.0
7307,18.0
7308,18.0
7309,18.0
7310,18.0
7311,18.0
7312,18.0
7313,18.0
7314,18.0
7315,18.0
7316,18.0
7317,18.0
7318,18.0
7319,18.0
7320,18.0
7321,18.0
7322,18.0
7323,18.0
7324,19.0
7325,19.0
7326,19.0
7327,19.0
7328,19.0
7329,19.0
7330,19.0
7331,20.0
7332,20.0
7333,20.0
7334,20.0
7335,20.0
7336,20.0
7337,18.0
7338,18.0
7339,18.0
7340,18.0
7341,18.0
7342,18.0
7343,18.0
7344,18.0
7345,18.0
7346,18.0
7347,18.0
7348,18.0
7349,18.0
7350,18.0
7351,18.0
7352,18.0
7353,18.0
7354,18.0
7355,18.0
7356,18.0
7357,19.0
7358,19.0
7359,19.0
7360,15.0
7361,15.0
7362,15.0
7363,15.0
7364,15.0
7365,16.0
7366,16.0
7367,16.0
7368,16.0
7369,16.0
7370,16.0
7371,16.0
7372,16.0
7373,16.0
7374,16.0
7375,17.0
7376,17.0
7377,15.0
7378,15.0
7379,15.0
7380,15.0
7381,15.0
7382,15.0
7383,16.0
7384,15.0
7385,15.0
7386,15.0
7387,16.0
7388,16.0
7389,13.0
7390,12.0
7391,12.0
7392,12.0
7393,12.0
7394,12.0
7395,12.0
7396,12.0
7397,12.0
7398,12.0
7399,12.0
7400,12.0
7401,12.0
7402,12.0
7403,12.0
7404,12.0
7405,12.0
7406,12.0
7407,12.0
7408,12.0
7409,12.0
7410,12.0
7411,12.0
7412,12.0
7413,12.0
7414,12.0
7415,12.0
7416,13.0
7417,13.0
7418,13.0
7419,12.0
7420,12.0
7421,12.0
7422,12.0
7423,10.0
7424,10.0
7425,10.0
7426,10.0
7427,11.0
7428,11.0
7429,11.0
7430,11.0
7431,11.0
7432,12.0
7433,12.0
7434,12.0
7435,12.0
7436,12.0
7437,12.0
7438,12.0
7439,12.0
7440,13.0
7441,13.0
7442,13.0
7443,13.0
7444,13.0
7445,13.0
7446,13.0
7447,13.0
7448,13.0
7449,14.0
7450,14.0
7451,15.0
7452,15.0
7453,15.0
7454,15.0
7455,15.0
7456,15.0
7457,15.0
7458,15.0
7459,15.0
7460,15.0
7461,15.0
7462,15.0
7463,15.0
7464,15.0
7465,15.0
7466,15.0
7467,15.0
7468,15.0
7469,15.0
7470,15.0
7471,15.0
7472,15.0
7473,15.0
7474,15.0
7475,15.0
7476,15.0
7477,15.0
7478,15.0
7479,15.0
7480,15.0
7481,15.0
7482,15.0
7483,15.0
7484,15.0
7485,15.0
7486,15.0
7487,15.0
7488,15.0
7489,15.0
7490,15.0
7491,15.0
7492,15.0
7493,16.0
7494,16.0
7495,16.0
7496,16.0
7497,16.0
7498,17.0
7499,17.0
7500,17.0
7501,17.0
7502,17.0
7503,17.0
7504,17.0
7505,17.0
7506,17.0
7507,17.0
7508,17.0
7509,17.0
7510,17.0
7511,17.0
7512,17.0
7513,17.0
7514,17.0
7515,17.0
7516,17.0
7517,17.0
7518,17.0
7519,17.0
7520,17.0
7521,17.0
7522,17.0
7523,18.0
7524,18.0
7525,18.0
7526,18.0
7527,18.0
7528,19.0
7529,19.0
7530,19.0
7531,19.0
7532,19.0
7533,19.0
7534,19.0
7535,20.0
7536,20.0
7537,20.0
7538,20.0
7539,20.0
7540,20.0
7541,20.0
7542,20.0
7543,20.0
7544,20.0
7545,20.0
7546,20.0
7547,20.0
7548,20.0
7549,20.0
7550,20.0
7551,20.0
7552,20.0
7553,20.0
7554,18.0
7555,18.0
7556,18.0
7557,18.0
7558,18.0
7559,18.0
7560,18.0
7561,19.0
7562,19.0
7563,19.0
7564,20.0
7565,19.0
7566,19.0
7567,19.0
7568,19.0
7569,20.0
7570,20.0
7571,20.0
7572,20.0
7573,20.0
7574,20.0
7575,20.0
7576,20.0
7577,20.0
7578,20.0
7579,20.0
7580,20.0
7581,20.0
7582,20.0
7583,20.0
7584,20.0
7585,20.0
7586,20.0
7587,20.0
7588,20.0
7589,20.0
7590,20.0
7591,21.0
7592,21.0
7593,20.0
7594,20.0
7595,20.0
7596,20.0
7597,17.0
7598,17.0
7599,17.0
7600,17.0
7601,17.0
7602,17.0
7603,17.0
7604,17.0
7605,17.0
7606,17.0
7607,17.0
7608,17.0
7609,17.0
7610,17.0
7611,17.0
7612,18.0
7613,16.0
7614,16.0
7615,16.0
7616,16.0
7617,16.0
7618,16.0
7619,17.0
7620,17.0
7621,17.0
7622,17.0
7623,17.0
7624,17.0
7625,17.0
7626,17.0
7627,17.0
7628,18.0
7629,18.0
7630,18.0
7631,18.0
7632,18.0
7633,18.0
7634,18.0
7635,18.0
7636,18.0
7637,18.0
7638,18.0
7639,18.0
7640,18.0
7641,18.0
7642,18.0
7643,18.0
7644,18.0
7645,18.0
7646,18.0
7647,18.0
7648,18.0
7649,18.0
7650,18.0
7651,18.0
7652,18.0
7653,18.0
7654,18.0
7655,18.0
7656,18.0
7657,18.0
7658,18.0
7659,18.0
7660,18.0
7661,18.0
7662,18.0
7663,18.0
7664,18.0
7665,18.0
7666,18.0
7667,18.0
7668,18.0
7669,18.0
7670,18.0
7671,18.0
7672,18.0
7673,18.0
7674,18.0
7675,18.0
7676,18.0
7677,18.0
7678,18.0
7679,18.0
7680,18.0
7681,18.0
7682,18.0
7683,19.0
7684,19.0
7685,19.0
7686,19.0
7687,19.0
7688,19.0
7689,19.0
7690,19.0
7691,20.0
7692,20.0
7693,20.0
7694,19.0
7695,19.0
7696,19.0
7697,19.0
7698,19.0
7699,20.0
7700,20.0
7701,20.0
7702,20.0
7703,20.0
7704,20.0
7705,21.0
7706,21.0
7707,21.0
7708,22.0
7709,22.0
7710,22.0
7711,22.0
7712,22.0
7713,22.0
7714,22.0
7715,22.0
7716,22.0
7717,22.0
7718,22.0
7719,22.0
7720,22.0
7721,22.0
7722,22.0
7723,22.0
7724,22.0
7725,22.0
7726,22.0
7727,22.0
7728,22.0
7729,22.0
7730,22.0
7731,22.0
7732,22.0
7733,22.0
7734,22.0
7735,22.0
7736,22.0
7737,22.0
7738,22.0
7739,22.0
7740,22.0
7741,22.0
7742,22.0
7743,22.0
7744,22.0
7745,22.0
7746,22.0
7747,22.0
7748,22.0
7749,22.0
7750,22.0
7751,22.0
7752,22.0
7753,22.0
7754,22.0
7755,22.0
7756,22.0
7757,22.0
7758,22.0
7759,22.0
7760,22.0
7761,22.0
7762,22.0
7763,22.0
7764,22.0
7765,22.0
7766,22.0
7767,22.0
7768,23.0
7769,23.0
7770,23.0
7771,23.0
7772,23.0
7773,23.0
7774,23.0
7775,23.0
7776,23.0
7777,23.0
7778,23.0
7779,23.0
7780,23.0
7781,23.0
7782,23.0
7783,23.0
7784,23.0
7785,23.0
7786,23.0
7787,23.0
7788,23.0
7789,23.0
7790,23.0
7791,23.0
7792,23.0
7793,23.0
7794,23.0
7795,23.0
7796,23.0
7797,23.0
7798,23.0
7799,23.0
7800,23.0
7801,23.0
7802,23.0
7803,23.0
7804,23.0
7805,23.0
7806,23.0
7807,23.0
7808,23.0
7809,23.0
7810,23.0
7811,23.0
7812,23.0
7813,23.0
7814,23.0
7815,23.0
7816,23.0
7817,23.0
7818,23.0
7819,23.0
7820,23.0
7821,23.0
7822,23.0
7823,23.0
7824,23.0
7825,23.0
7826,23.0
7827,23.0
7828,23.0
7829,23.0
7830,23.0
7831,23.0
7832,23.0
7833,23.0
7834,23.0
7835,23.0
7836,23.0
7837,23.0
7838,23.0
7839,23.0
7840,23.0
7841,23.0
7842,23.0
7843,23.0
7844,23.0
7845,23.0
7846,23.0
7847,23.0
7848,23.0
7849,23.0
7850,23.0
7851,23.0
7852,23.0
7853,23.0
7854,23.0
7855,23.0
7856,23.0
7857,23.0
7858,23.0
7859,23.0
7860,23.0
7861,23.0
7862,23.0
7863,23.0
7864,23.0
7865,23.0
7866,23.0
7867,23.0
7868,23.0
7869,23.0
7870,23.0
7871,23.0
7872,23.0
7873,23.0
7874,23.0
7875,23.0
7876,23.0
7877,23.0
7878,23.0
7879,23.0
7880,23.0
7881,23.0
7882,23.0
7883,23.0
7884,23.0
7885,23.0
7886,23.0
7887,23.0
7888,23.0
7889,23.0
7890,23.0
7891,23.0
7892,23.0
7893,23.0
7894,23.0
7895,23.0
7896,23.0
7897,23.0
7898,23.0
7899,23.0
7900,23.0
7901,23.0
7902,23.0
7903,23.0
7904,23.0
7905,23.0
7906,23.0
7907,23.0
7908,23.0
7909,23.0
7910,23.0
7911,23.0
7912,23.0
7913,23.0
7914,23.0
7915,23.0
7916,23.0
7917,23.0
7918,23.0
7919,23.0
7920,23.0
7921,23.0
7922,23.0
7923,23.0
7924,23.0
7925,23.0
7926,23.0
7927,23.0
7928,23.0
7929,23.0
7930,23.0
7931,23.0
7932,23.0
7933,23.0
7934,23.0
7935,23.0
7936,23.0
7937,23.0
7938,23.0
7939,23.0
7940,23.0
7941,23.0
7942,23.0
7943,23.0
7944,23.0
7945,23.0
7946,23.0
7947,23.0
7948,23.0
7949,23.0
7950,23.0
7951,23.0
7952,23.0
7953,23.0
7954,23.0
7955,23.0
7956,23.0
7957,23.0
7958,23.0
7959,23.0
7960,23.0
7961,23.0
7962,23.0
7963,23.0
7964,23.0
7965,23.0
7966,23.0
7967,23.0
7968,23.0
7969,23.0
7970,23.0
7971,23.0
7972,23.0
7973,23.0
7974,23.0
7975,23.0
7976,23.0
7977,23.0
7978,23.0
7979,23.0
7980,23.0
7981,23.0
7982,23.0
7983,23.0
7984,23.0
7985,23.0
7986,23.0
7987,23.0
7988,23.0
7989,23.0
7990,23.0
7991,23.0
7992,23.0
7993,23.0
7994,23.0
7995,23.0
7996,23.0
7997,23.0
7998,23.0
7999,23.0
8000,23.0
8001,23.0
8002,23.0
8003,23.0
8004,23.0
8005,23.0
8006,23.0
8007,23.0
8008,23.0
8009,23.0
8010,23.0
8011,23.0
8012,23.0
8013,23.0
8014,23.0
8015,23.0
8016,23.0
8017,23.0
8018,23.0
8019,23.0
8020,23.0
8021,23.0
8022,23.0
8023,23.0
8024,23.0
8025,23.0
8026,23.0
8027,23.0
8028,23.0
8029,23.0
8030,23.0
8031,23.0
8032,23.0
8033,23.0
8034,23.0
8035,23.0
8036,23.0
8037,23.0
8038,23.0
8039,23.0
8040,23.0
8041,23.0
8042,23.0
8043,23.0
8044,23.0
8045,23.0
8046,23.0
8047,23.0
8048,23.0
8049,23.0
8050,23.0
8051,23.0
8052,23.0
8053,23.0
8054,23.0
8055,23.0
8056,23.0
8057,23.0
8058,23.0
8059,23.0
8060,23.0
8061,23.0
8062,23.0
8063,23.0
8064,23.0
8065,23.0
8066,23.0
8067,23.0
8068,23.0
8069,23.0
8070,23.0
8071,23.0
8072,23.0
8073,24.0
8074,24.0
8075,24.0
8076,24.0
8077,24.0
8078,25.0
8079,24.0
8080,24.0
8081,24.0
8082,24.0
8083,24.0
8084,24.0
8085,24.0
8086,25.0
8087,25.0
8088,25.0
8089,25.0
8090,25.0
8091,25.0
8092,25.0
8093,25.0
8094,25.0
8095,25.0
8096,25.0
8097,25.0
8098,25.0
8099,25.0
8100,25.0
8101,25.0
8102,25.0
8103,25.0
8104,25.0
8105,25.0
8106,25.0
8107,25.0
8108,25.0
8109,25.0
8110,25.0
8111,25.0
8112,25.0
8113,25.0
8114,25.0
8115,25.0
8116,25.0
8117,25.0
8118,25.0
8119,25.0
8120,25.0
8121,25.0
8122,25.0
8123,26.0
8124,26.0
8125,26.0
8126,26.0
8127,26.0
8128,26.0
8129,26.0
8130,26.0
8131,26.0
8132,26.0
8133,26.0
8134,26.0
8135,26.0
8136,26.0
8137,26.0
8138,26.0
8139,26.0
8140,26.0
8141,26.0
8142,26.0
8143,26.0
8144,26.0
8145,26.0
8146,26.0
8147,26.0
8148,26.0
8149,26.0
8150,26.0
8151,26.0
8152,26.0
8153,26.0
8154,26.0
8155,26.0
8156,26.0
8157,26.0
8158,26.0
8159,26.0
8160,26.0
8161,26.0
8162,27.0
8163,27.0
8164,27.0
8165,27.0
8166,27.0
8167,27.0
8168,27.0
8169,27.0
8170,27.0
8171,27.0
8172,28.0
8173,28.0
8174,28.0
8175,28.0
8176,28.0
8177,28.0
8178,28.0
8179,28.0
8180,28.0
8181,28.0
8182,28.0
8183,28.0
8184,28.0
8185,28.0
8186,28.0
8187,28.0
8188,28.0
8189,28.0
8190,28.0
8191,28.0
8192,28.0
8193,28.0
8194,28.0
8195,29.0
8196,29.0
8197,29.0
8198,29.0
8199,29.0
8200,29.0
8201,29.0
8202,29.0
8203,29.0
8204,29.0
8205,29.0
8206,29.0
8207,29.0
8208,30.0
8209,30.0
8210,30.0
8211,30.0
8212,30.0
8213,30.0
8214,30.0
8215,30.0
8216,31.0
8217,31.0
8218,31.0
8219,31.0
8220,32.0
8221,32.0
8222,29.0
8223,29.0
8224,29.0
8225,27.0
8226,27.0
8227,27.0
8228,26.0
8229,26.0
8230,26.0
8231,26.0
8232,26.0
8233,26.0
8234,27.0
8235,27.0
8236,27.0
8237,27.0
8238,28.0
8239,28.0
8240,29.0
8241,29.0
8242,29.0
8243,29.0
8244,29.0
8245,29.0
8246,29.0
8247,29.0
8248,29.0
8249,29.0
8250,29.0
8251,29.0
8252,30.0
8253,30.0
8254,30.0
8255,30.0
8256,30.0
8257,30.0
8258,30.0
8259,30.0
8260,30.0
8261,30.0
8262,30.0
8263,30.0
8264,30.0
8265,30.0
8266,31.0
8267,31.0
8268,31.0
8269,32.0
8270,32.0
8271,30.0
8272,31.0
8273,28.0
8274,26.0
8275,26.0
8276,26.0
8277,26.0
8278,26.0
8279,26.0
8280,26.0
8281,26.0
8282,26.0
8283,26.0
8284,26.0
8285,26.0
8286,26.0
8287,26.0
8288,26.0
8289,26.0
8290,26.0
8291,26.0
8292,26.0
8293,27.0
8294,27.0
8295,26.0
8296,26.0
8297,26.0
8298,26.0
8299,25.0
8300,25.0
8301,24.0
8302,24.0
8303,24.0
8304,24.0
8305,24.0
8306,24.0
8307,24.0
8308,23.0
8309,23.0
8310,23.0
8311,23.0
8312,23.0
8313,23.0
8314,22.0
8315,23.0
8316,23.0
8317,23.0
8318,23.0
8319,23.0
8320,23.0
8321,23.0
8322,23.0
8323,23.0
8324,23.0
8325,23.0
8326,23.0
8327,23.0
8328,23.0
8329,23.0
8330,24.0
8331,24.0
8332,24.0
8333,24.0
8334,25.0
8335,25.0
8336,25.0
8337,25.0
8338,25.0
8339,25.0
8340,26.0
8341,26.0
8342,27.0
8343,27.0
8344,27.0
8345,27.0
8346,27.0
8347,27.0
8348,27.0
8349,27.0
8350,27.0
8351,27.0
8352,27.0
8353,27.0
8354,27.0
8355,28.0
8356,28.0
8357,28.0
8358,28.0
8359,28.0
8360,28.0
8361,28.0
8362,28.0
8363,26.0
8364,26.0
8365,26.0
8366,26.0
8367,26.0
8368,26.0
8369,26.0
8370,26.0
8371,26.0
8372,26.0
8373,26.0
8374,26.0
8375,26.0
8376,26.0
8377,26.0
8378,26.0
8379,26.0
8380,27.0
8381,27.0
8382,27.0
8383,28.0
8384,28.0
8385,28.0
8386,28.0
8387,28.0
8388,28.0
8389,28.0
8390,29.0
8391,29.0
8392,29.0
8393,29.0
8394,29.0
8395,29.0
8396,29.0
8397,29.0
8398,29.0
8399,29.0
8400,29.0
8401,29.0
8402,29.0
8403,29.0
8404,29.0
8405,29.0
8406,29.0
8407,30.0
8408,30.0
8409,30.0
8410,30.0
8411,30.0
8412,30.0
8413,30.0
8414,29.0
8415,28.0
8416,28.0
8417,24.0
8418,24.0
8419,24.0
8420,24.0
8421,24.0
8422,24.0
8423,24.0
8424,24.0
8425,24.0
8426,24.0
8427,23.0
8428,23.0
8429,23.0
8430,23.0
8431,23.0
8432,23.0
8433,23.0
8434,23.0
8435,23.0
8436,24.0
8437,23.0
8438,23.0
8439,22.0
8440,23.0
8441,22.0
8442,22.0
8443,23.0
8444,23.0
8445,23.0
8446,24.0
8447,24.0
8448,24.0
8449,24.0
8450,24.0
8451,24.0
8452,24.0
8453,24.0
8454,24.0
8455,24.0
8456,24.0
8457,24.0
8458,24.0
8459,24.0
8460,24.0
8461,24.0
8462,24.0
8463,24.0
8464,24.0
8465,24.0
8466,24.0
8467,24.0
8468,25.0
8469,25.0
8470,25.0
8471,25.0
8472,25.0
8473,25.0
8474,25.0
8475,25.0
8476,25.0
8477,25.0
8478,25.0
8479,25.0
8480,25.0
8481,25.0
8482,25.0
8483,25.0
8484,25.0
8485,25.0
8486,25.0
8487,25.0
8488,25.0
8489,25.0
8490,25.0
8491,25.0
8492,25.0
8493,25.0
8494,25.0
8495,25.0
8496,25.0
8497,25.0
8498,25.0
8499,25.0
8500,25.0
8501,25.0
8502,25.0
8503,25.0
8504,25.0
8505,25.0
8506,25.0
8507,25.0
8508,25.0
8509,25.0
8510,25.0
8511,25.0
8512,25.0
8513,25.0
8514,25.0
8515,25.0
8516,25.0
8517,25.0
8518,25.0
8519,25.0
8520,25.0
8521,25.0
8522,25.0
8523,26.0
8524,26.0
8525,26.0
8526,26.0
8527,26.0
8528,26.0
8529,27.0
8530,27.0
8531,27.0
8532,27.0
8533,27.0
8534,27.0
8535,27.0
8536,27.0
8537,28.0
8538,28.0
8539,28.0
8540,28.0
8541,28.0
8542,28.0
8543,28.0
8544,28.0
8545,28.0
8546,29.0
8547,29.0
8548,29.0
8549,29.0
8550,29.0
8551,29.0
8552,29.0
8553,29.0
8554,29.0
8555,29.0
8556,29.0
8557,30.0
8558,30.0
8559,30.0
8560,30.0
8561,30.0
8562,31.0
8563,31.0
8564,31.0
8565,31.0
8566,31.0
8567,31.0
8568,31.0
8569,32.0
8570,32.0
8571,32.0
8572,32.0
8573,32.0
8574,32.0
8575,33.0
8576,33.0
8577,33.0
8578,33.0
8579,33.0
8580,33.0
8581,33.0
8582,33.0
8583,34.0
8584,34.0
8585,34.0
8586,34.0
8587,34.0
8588,34.0
8589,34.0
8590,34.0
8591,34.0
8592,34.0
8593,34.0
8594,34.0
8595,34.0
8596,34.0
8597,34.0
8598,34.0
8599,34.0
8600,34.0
8601,34.0
8602,34.0
8603,34.0
8604,34.0
8605,34.0
8606,34.0
8607,34.0
8608,34.0
8609,34.0
8610,34.0
8611,34.0
8612,34.0
8613,35.0
8614,35.0
8615,35.0
8616,35.0
8617,35.0
8618,35.0
8619,36.0
8620,34.0
8621,34.0
8622,34.0
8623,34.0
8624,32.0
8625,32.0
8626,32.0
8627,32.0
8628,32.0
8629,32.0
8630,32.0
8631,33.0
8632,33.0
8633,32.0
8634,32.0
8635,33.0
8636,33.0
8637,33.0
8638,33.0
8639,33.0
8640,33.0
8641,34.0
8642,34.0
8643,34.0
8644,34.0
8645,35.0
8646,35.0
8647,35.0
8648,35.0
8649,35.0
8650,35.0
8651,36.0
8652,36.0
8653,36.0
8654,36.0
8655,36.0
8656,36.0
8657,35.0
8658,35.0
8659,35.0
8660,35.0
8661,35.0
8662,35.0
8663,35.0
8664,35.0
8665,35.0
8666,35.0
8667,35.0
8668,35.0
8669,35.0
8670,35.0
8671,35.0
8672,35.0
8673,35.0
8674,35.0
8675,35.0
8676,35.0
8677,35.0
8678,35.0
8679,36.0
8680,36.0
8681,36.0
8682,36.0
8683,36.0
8684,36.0
8685,36.0
8686,37.0
8687,37.0
8688,37.0
8689,37.0
8690,37.0
8691,37.0
8692,37.0
8693,38.0
8694,38.0
8695,38.0
8696,38.0
8697,38.0
8698,39.0
8699,39.0
8700,39.0
8701,39.0
8702,39.0
8703,39.0
8704,39.0
8705,39.0
8706,39.0
8707,39.0
8708,39.0
8709,39.0
8710,39.0
8711,39.0
8712,39.0
8713,39.0
8714,39.0
8715,39.0
8716,39.0
8717,39.0
8718,39.0
8719,39.0
8720,39.0
8721,39.0
8722,39.0
8723,39.0
8724,39.0
8725,39.0
8726,39.0
8727,39.0
8728,39.0
8729,39.0
8730,39.0
8731,39.0
8732,39.0
8733,39.0
8734,39.0
8735,39.0
8736,39.0
8737,39.0
8738,39.0
8739,39.0
8740,39.0
8741,39.0
8742,40.0
8743,40.0
8744,40.0
8745,40.0
8746,40.0
8747,40.0
8748,40.0
8749,40.0
8750,40.0
8751,40.0
8752,40.0
8753,40.0
8754,40.0
8755,40.0
8756,40.0
8757,40.0
8758,40.0
8759,40.0
8760,40.0
8761,40.0
8762,40.0
8763,40.0
8764,40.0
8765,40.0
8766,40.0
8767,40.0
8768,40.0
8769,40.0
8770,40.0
8771,40.0
8772,40.0
8773,40.0
8774,40.0
8775,40.0
8776,40.0
8777,40.0
8778,40.0
8779,40.0
8780,40.0
8781,40.0
8782,40.0
8783,40.0
8784,40.0
8785,40.0
8786,40.0
8787,40.0
8788,40.0
8789,40.0
8790,40.0
8791,40.0
8792,40.0
8793,40.0
8794,40.0
8795,40.0
8796,40.0
8797,40.0
8798,40.0
8799,40.0
8800,40.0
8801,40.0
8802,40.0
8803,40.0
8804,40.0
8805,40.0
8806,40.0
8807,40.0
8808,40.0
8809,40.0
8810,40.0
8811,40.0
8812,40.0
8813,40.0
8814,40.0
8815,40.0
8816,40.0
8817,40.0
8818,40.0
8819,40.0
8820,40.0
8821,40.0
8822,40.0
8823,40.0
8824,40.0
8825,40.0
8826,40.0
8827,40.0
8828,40.0
8829,40.0
8830,40.0
8831,40.0
8832,40.0
8833,40.0
8834,40.0
8835,40.0
8836,40.0
8837,40.0
8838,40.0
8839,40.0
8840,40.0
8841,40.0
8842,40.0
8843,40.0
8844,40.0
8845,40.0
8846,40.0
8847,40.0
8848,40.0
8849,40.0
8850,40.0
8851,40.0
8852,40.0
8853,40.0
8854,40.0
8855,40.0
8856,40.0
8857,40.0
8858,40.0
8859,40.0
8860,40.0
8861,40.0
8862,40.0
8863,40.0
8864,40.0
8865,40.0
8866,40.0
8867,40.0
8868,40.0
8869,40.0
8870,40.0
8871,40.0
8872,40.0
8873,40.0
8874,40.0
8875,40.0
8876,40.0
8877,40.0
8878,40.0
8879,40.0
8880,40.0
8881,40.0
8882,40.0
8883,40.0
8884,40.0
8885,40.0
8886,40.0
8887,40.0
8888,40.0
8889,40.0
8890,40.0
8891,40.0
8892,40.0
8893,40.0
8894,40.0
8895,40.0
8896,40.0
8897,40.0
8898,40.0
8899,40.0
8900,40.0
8901,40.0
8902,40.0
8903,40.0
8904,40.0
8905,40.0
8906,40.0
8907,40.0
8908,40.0
8909,40.0
8910,40.0
8911,40.0
8912,40.0
8913,40.0
8914,40.0
8915,40.0
8916,40.0
8917,40.0
8918,40.0
8919,40.0
8920,40.0
8921,40.0
8922,40.0
8923,40.0
8924,40.0
8925,40.0
8926,40.0
8927,40.0
8928,40.0
8929,40.0
8930,40.0
8931,40.0
8932,40.0
8933,40.0
8934,40.0
8935,40.0
8936,40.0
8937,40.0
8938,40.0
8939,40.0
8940,40.0
8941,40.0
8942,40.0
8943,40.0
8944,40.0
8945,40.0
8946,40.0
8947,40.0
8948,40.0
8949,40.0
8950,40.0
8951,40.0
8952,40.0
8953,40.0
8954,40.0
8955,40.0
8956,40.0
8957,40.0
8958,40.0
8959,40.0
8960,40.0
8961,40.0
8962,40.0
8963,40.0
8964,40.0
8965,40.0
8966,40.0
8967,40.0
8968,40.0
8969,40.0
8970,40.0
8971,40.0
8972,40.0
8973,40.0
8974,40.0
8975,40.0
8976,40.0
8977,40.0
8978,40.0
8979,40.0
8980,40.0
8981,40.0
8982,40.0
8983,40.0
8984,40.0
8985,40.0
8986,40.0
8987,40.0
8988,40.0
8989,40.0
8990,40.0
8991,40.0
8992,40.0
8993,40.0
8994,40.0
8995,40.0
8996,40.0
8997,40.0
8998,40.0
8999,40.0
9000,40.0
9001,40.0
9002,40.0
9003,40.0
9004,40.0
9005,40.0
9006,40.0
9007,40.0
9008,40.0
9009,40.0
9010,40.0
9011,40.0
9012,40.0
9013,40.0
9014,40.0
9015,40.0
9016,40.0
9017,40.0
9018,40.0
9019,40.0
9020,40.0
9021,40.0
9022,40.0
9023,40.0
9024,40.0
9025,40.0
9026,40.0
9027,40.0
9028,40.0
9029,40.0
9030,40.0
9031,40.0
9032,40.0
9033,40.0
9034,40.0
9035,40.0
9036,40.0
9037,40.0
9038,40.0
9039,40.0
9040,40.0
9041,40.0
9042,40.0
9043,40.0
9044,40.0
9045,40.0
9046,40.0
9047,40.0
9048,40.0
9049,40.0
9050,40.0
9051,40.0
9052,40.0
9053,40.0
9054,40.0
9055,40.0
9056,40.0
9057,40.0
9058,40.0
9059,40.0
9060,40.0
9061,40.0
9062,40.0
9063,40.0
9064,40.0
9065,40.0
9066,40.0
9067,40.0
9068,40.0
9069,40.0
9070,40.0
9071,40.0
9072,40.0
9073,40.0
9074,40.0
9075,40.0
9076,40.0
9077,40.0
9078,40.0
9079,40.0
9080,40.0
9081,40.0
9082,40.0
9083,40.0
9084,40.0
9085,40.0
9086,40.0
9087,40.0
9088,40.0
9089,40.0
9090,40.0
9091,40.0
9092,40.0
9093,40.0
9094,40.0
9095,40.0
9096,40.0
9097,40.0
9098,40.0
9099,40.0
9100,40.0
9101,40.0
9102,40.0
9103,40.0
9104,40.0
9105,40.0
9106,40.0
9107,40.0
9108,40.0
9109,40.0
9110,40.0
9111,40.0
9112,40.0
9113,40.0
9114,40.0
9115,40.0
9116,40.0
9117,40.0
9118,40.0
9119,40.0
9120,40.0
9121,40.0
9122,40.0
9123,40.0
9124,40.0
9125,40.0
9126,40.0
9127,40.0
9128,40.0
9129,40.0
9130,40.0
9131,40.0
9132,40.0
9133,40.0
9134,40.0
9135,40.0
9136,40.0
9137,40.0
9138,40.0
9139,40.0
9140,40.0
9141,40.0
9142,40.0
9143,40.0
9144,40.0
9145,40.0
9146,40.0
9147,40.0
9148,40.0
9149,40.0
9150,40.0
9151,40.0
9152,40.0
9153,40.0
9154,40.0
9155,40.0
9156,40.0
9157,40.0
9158,40.0
9159,40.0
9160,40.0
9161,40.0
9162,40.0
9163,40.0
9164,40.0
9165,40.0
9166,40.0
9167,40.0
9168,40.0
9169,40.0
9170,40.0
9171,40.0
9172,40.0
9173,40.0
9174,40.0
9175,40.0
9176,40.0
9177,40.0
9178,40.0
9179,40.0
9180,40.0
9181,40.0
9182,40.0
9183,40.0
9184,40.0
9185,40.0
9186,40.0
9187,40.0
9188,40.0
9189,40.0
9190,40.0
9191,40.0
9192,40.0
9193,40.0
9194,40.0
9195,40.0
9196,40.0
9197,40.0
9198,40.0
9199,40.0
9200,40.0
9201,40.0
9202,40.0
9203,40.0
9204,40.0
9205,40.0
9206,40.0
9207,40.0
9208,40.0
9209,40.0
9210,40.0
9211,40.0
9212,40.0
9213,40.0
9214,40.0
9215,40.0
9216,40.0
9217,40.0
9218,40.0
9219,40.0
9220,40.0
9221,40.0
9222,40.0
9223,40.0
9224,40.0
9225,40.0
9226,40.0
9227,40.0
9228,40.0
9229,40.0
9230,40.0
9231,40.0
9232,40.0
9233,40.0
9234,40.0
9235,40.0
9236,40.0
9237,40.0
9238,40.0
9239,40.0
9240,40.0
9241,40.0
9242,40.0
9243,40.0
9244,40.0
9245,40.0
9246,40.0
9247,40.0
9248,40.0
9249,40.0
9250,40.0
9251,40.0
9252,40.0
9253,40.0
9254,40.0
9255,40.0
9256,40.0
9257,40.0
9258,40.0
9259,40.0
9260,40.0
9261,40.0
9262,40.0
9263,40.0
9264,40.0
9265,40.0
9266,40.0
9267,40.0
9268,40.0
9269,40.0
9270,40.0
9271,40.0
9272,40.0
9273,40.0
9274,40.0
9275,40.0
9276,40.0
9277,40.0
9278,40.0
9279,40.0
9280,40.0
9281,40.0
9282,40.0
9283,40.0
9284,40.0
9285,40.0
9286,40.0
9287,40.0
9288,40.0
9289,40.0
9290,40.0
9291,40.0
9292,40.0
9293,40.0
9294,40.0
9295,40.0
9296,40.0
9297,40.0
9298,40.0
9299,40.0
9300,40.0
9301,40.0
9302,40.0
9303,40.0
9304,40.0
9305,40.0
9306,40.0
9307,40.0
9308,40.0
9309,40.0
9310,40.0
9311,40.0
9312,40.0
9313,40.0
9314,40.0
9315,40.0
9316,40.0
9317,40.0
9318,40.0
9319,40.0
9320,40.0
9321,40.0
9322,40.0
9323,40.0
9324,40.0
9325,40.0
9326,40.0
9327,41.0
9328,41.0
9329,41.0
9330,41.0
9331,41.0
9332,41.0
9333,41.0
9334,41.0
9335,41.0
9336,41.0
9337,41.0
9338,41.0
9339,41.0
9340,41.0
9341,41.0
9342,41.0
9343,41.0
9344,41.0
9345,41.0
9346,41.0
9347,41.0
9348,41.0
9349,41.0
9350,41.0
9351,41.0
9352,41.0
9353,41.0
9354,41.0
9355,41.0
9356,41.0
9357,41.0
9358,41.0
9359,41.0
9360,41.0
9361,41.0
9362,41.0
9363,41.0
9364,41.0
9365,41.0
9366,41.0
9367,41.0
9368,42.0
9369,42.0
9370,42.0
9371,43.0
9372,43.0
9373,43.0
9374,43.0
9375,43.0
9376,43.0
9377,43.0
9378,43.0
9379,43.0
9380,43.0
9381,43.0
9382,43.0
9383,43.0
9384,43.0
9385,43.0
9386,44.0
9387,44.0
9388,44.0
9389,44.0
9390,44.0
9391,44.0
9392,44.0
9393,44.0
9394,45.0
9395,45.0
9396,45.0
9397,45.0
9398,46.0
9399,46.0
9400,46.0
9401,46.0
9402,46.0
9403,46.0
9404,46.0
9405,46.0
9406,46.0
9407,46.0
9408,46.0
9409,46.0
9410,46.0
9411,46.0
9412,46.0
9413,46.0
9414,46.0
9415,46.0
9416,46.0
9417,46.0
9418,46.0
9419,46.0
9420,46.0
9421,46.0
9422,46.0
9423,46.0
9424,46.0
9425,46.0
9426,46.0
9427,45.0
9428,45.0
9429,45.0
9430,45.0
9431,45.0
9432,46.0
9433,46.0
9434,46.0
9435,46.0
9436,46.0
9437,46.0
9438,46.0
9439,46.0
9440,46.0
9441,46.0
9442,46.0
9443,46.0
9444,46.0
9445,46.0
9446,46.0
9447,46.0
9448,46.0
9449,46.0
9450,46.0
9451,46.0
9452,46.0
9453,46.0
9454,46.0
9455,46.0
9456,46.0
9457,46.0
9458,46.0
9459,46.0
9460,46.0
9461,46.0
9462,46.0
9463,46.0
9464,46.0
9465,46.0
9466,46.0
9467,46.0
9468,46.0
9469,46.0
9470,46.0
9471,46.0
9472,46.0
9473,46.0
9474,46.0
9475,46.0
9476,46.0
9477,47.0
9478,47.0
9479,47.0
9480,47.0
9481,47.0
9482,47.0
9483,47.0
9484,47.0
9485,47.0
9486,47.0
9487,47.0
9488,47.0
9489,48.0
9490,48.0
9491,48.0
9492,48.0
9493,48.0
9494,48.0
9495,48.0
9496,48.0
9497,48.0
9498,48.0
9499,48.0
9500,48.0
9501,48.0
9502,48.0
9503,48.0
9504,48.0
9505,48.0
9506,47.0
9507,47.0
9508,47.0
9509,47.0
9510,47.0
9511,47.0
9512,47.0
9513,47.0
9514,48.0
9515,48.0
9516,48.0
9517,48.0
9518,48.0
9519,48.0
9520,48.0
9521,48.0
9522,48.0
9523,48.0
9524,48.0
9525,48.0
9526,48.0
9527,48.0
9528,48.0
9529,48.0
9530,48.0
9531,48.0
9532,48.0
9533,48.0
9534,48.0
9535,49.0
9536,49.0
9537,49.0
9538,49.0
9539,49.0
9540,46.0
9541,45.0
9542,45.0
9543,44.0
9544,44.0
9545,44.0
9546,44.0
9547,44.0
9548,44.0
9549,44.0
9550,44.0
9551,44.0
9552,44.0
9553,44.0
9554,44.0
9555,44.0
9556,45.0
9557,45.0
9558,45.0
9559,45.0
9560,45.0
9561,46.0
9562,46.0
9563,47.0
9564,47.0
9565,47.0
9566,47.0
9567,48.0
9568,48.0
9569,48.0
9570,48.0
9571,48.0
9572,48.0
9573,48.0
9574,48.0
9575,48.0
9576,48.0
9577,48.0
9578,48.0
9579,48.0
9580,48.0
9581,48.0
9582,48.0
9583,48.0
9584,48.0
9585,48.0
9586,48.0
9587,48.0
9588,48.0
9589,48.0
9590,48.0
9591,48.0
9592,48.0
9593,48.0
9594,48.0
9595,48.0
9596,48.0
9597,48.0
9598,48.0
9599,48.0
9600,48.0
9601,48.0
9602,48.0
9603,48.0
9604,48.0
9605,48.0
9606,48.0
9607,48.0
9608,48.0
9609,48.0
9610,48.0
9611,48.0
9612,48.0
9613,48.0
9614,48.0
9615,48.0
9616,48.0
9617,48.0
9618,48.0
9619,48.0
9620,48.0
9621,48.0
9622,48.0
9623,48.0
9624,48.0
9625,48.0
9626,48.0
9627,48.0
9628,48.0
9629,48.0
9630,48.0
9631,48.0
9632,48.0
9633,48.0
9634,48.0
9635,48.0
9636,48.0
9637,48.0
9638,48.0
9639,48.0
9640,48.0
9641,48.0
9642,48.0
9643,48.0
9644,48.0
9645,48.0
9646,48.0
9647,48.0
9648,48.0
9649,48.0
9650,48.0
9651,48.0
9652,48.0
9653,48.0
9654,48.0
9655,48.0
9656,48.0
9657,48.0
9658,49.0
9659,49.0
9660,49.0
9661,49.0
9662,49.0
9663,49.0
9664,49.0
9665,50.0
9666,50.0
9667,50.0
9668,50.0
9669,50.0
9670,50.0
9671,50.0
9672,50.0
9673,50.0
9674,50.0
9675,50.0
9676,51.0
9677,51.0
9678,51.0
9679,52.0
9680,52.0
9681,52.0
9682,52.0
9683,52.0
9684,53.0
9685,53.0
9686,53.0
9687,53.0
9688,52.0
9689,52.0
9690,52.0
9691,52.0
9692,51.0
9693,51.0
9694,51.0
9695,51.0
9696,51.0
9697,51.0
9698,51.0
9699,52.0
9700,52.0
9701,52.0
9702,52.0
9703,52.0
9704,52.0
9705,52.0
9706,52.0
9707,52.0
9708,52.0
9709,52.0
9710,53.0
9711,53.0
9712,53.0
9713,53.0
9714,53.0
9715,53.0
9716,53.0
9717,53.0
9718,53.0
9719,53.0
9720,54.0
9721,54.0
9722,54.0
9723,54.0
9724,54.0
9725,54.0
9726,54.0
9727,55.0
9728,55.0
9729,55.0
9730,55.0
9731,55.0
9732,55.0
9733,55.0
9734,55.0
9735,55.0
9736,55.0
9737,55.0
9738,55.0
9739,56.0
9740,56.0
9741,57.0
9742,57.0
9743,57.0
9744,57.0
9745,57.0
9746,57.0
9747,57.0
9748,56.0
9749,56.0
9750,57.0
9751,57.0
9752,57.0
9753,57.0
9754,57.0
9755,57.0
9756,57.0
9757,57.0
9758,57.0
9759,58.0
9760,58.0
9761,58.0
9762,59.0
9763,59.0
9764,59.0
9765,60.0
9766,60.0
9767,60.0
9768,60.0
9769,60.0
9770,60.0
9771,61.0
9772,61.0
9773,61.0
9774,61.0
9775,61.0
9776,62.0
9777,62.0
9778,62.0
9779,62.0
9780,62.0
9781,63.0
9782,63.0
9783,63.0
9784,64.0
9785,64.0
9786,64.0
9787,64.0
9788,64.0
9789,63.0
9790,63.0
9791,63.0
9792,63.0
9793,63.0
9794,63.0
9795,63.0
9796,63.0
9797,63.0
9798,63.0
9799,63.0
9800,63.0
9801,63.0
9802,63.0
9803,63.0
9804,63.0
9805,63.0
9806,63.0
9807,63.0
9808,63.0
9809,63.0
9810,63.0
9811,63.0
9812,63.0
9813,63.0
9814,63.0
9815,63.0
9816,63.0
9817,63.0
9818,63.0
9819,63.0
9820,63.0
9821,63.0
9822,64.0
9823,64.0
9824,65.0
9825,65.0
9826,65.0
9827,65.0
9828,65.0
9829,65.0
9830,65.0
9831,65.0
9832,65.0
9833,65.0
9834,65.0
9835,65.0
9836,65.0
9837,65.0
9838,65.0
9839,65.0
9840,65.0
9841,65.0
9842,65.0
9843,66.0
9844,66.0
9845,66.0
9846,66.0
9847,66.0
9848,66.0
9849,66.0
9850,66.0
9851,66.0
9852,66.0
9853,66.0
9854,66.0
9855,66.0
9856,66.0
9857,66.0
9858,66.0
9859,67.0
9860,67.0
9861,67.0
9862,67.0
9863,67.0
9864,67.0
9865,67.0
9866,67.0
9867,67.0
9868,67.0
9869,67.0
9870,67.0
9871,68.0
9872,67.0
9873,67.0
9874,67.0
9875,67.0
9876,68.0
9877,68.0
9878,68.0
9879,68.0
9880,69.0
9881,69.0
9882,69.0
9883,69.0
9884,69.0
9885,69.0
9886,69.0
9887,69.0
9888,69.0
9889,69.0
9890,69.0
9891,69.0
9892,69.0
9893,69.0
9894,69.0
9895,69.0
9896,69.0
9897,69.0
9898,69.0
9899,69.0
9900,69.0
9901,68.0
9902,68.0
9903,67.0
9904,67.0
9905,67.0
9906,66.0
9907,66.0
9908,66.0
9909,66.0
9910,67.0
9911,67.0
9912,67.0
9913,67.0
9914,67.0
9915,67.0
9916,67.0
9917,67.0
9918,67.0
9919,67.0
9920,67.0
9921,67.0
9922,67.0
9923,67.0
9924,67.0
9925,67.0
9926,67.0
9927,67.0
9928,67.0
9929,67.0
9930,67.0
9931,67.0
9932,67.0
9933,67.0
9934,67.0
9935,67.0
9936,67.0
9937,67.0
9938,67.0
9939,67.0
9940,67.0
9941,67.0
9942,67.0
9943,67.0
9944,67.0
9945,67.0
9946,67.0
9947,67.0
9948,67.0
9949,67.0
9950,67.0
9951,67.0
9952,67.0
9953,67.0
9954,67.0
9955,67.0
9956,67.0
9957,67.0
9958,67.0
9959,67.0
9960,67.0
9961,67.0
9962,67.0
9963,67.0
9964,67.0
9965,67.0
9966,67.0
9967,67.0
9968,67.0
9969,67.0
9970,67.0
9971,67.0
9972,67.0
9973,67.0
9974,67.0
9975,67.0
9976,67.0
9977,68.0
9978,68.0
9979,68.0
9980,68.0
9981,68.0
9982,68.0
9983,68.0
9984,68.0
9985,68.0
9986,68.0
9987,68.0
9988,68.0
9989,68.0
9990,68.0
9991,69.0
9992,69.0
9993,69.0
9994,69.0
9995,69.0
9996,69.0
9997,69.0
9998,69.0
9999,69.0
10000,69.0
10001,69.0
10002,69.0
10003,69.0
10004,69.0
10005,69.0
10006,69.0
10007,69.0
10008,69.0
10009,69.0
10010,69.0
10011,69.0
10012,69.0
10013,69.0
10014,69.0
10015,69.0
10016,69.0
10017,69.0
10018,69.0
10019,69.0
10020,69.0
10021,69.0
10022,69.0
10023,69.0
10024,69.0
10025,69.0
10026,69.0
10027,69.0
10028,69.0
10029,69.0
10030,69.0
10031,69.0
10032,70.0
10033,70.0
10034,70.0
10035,70.0
10036,70.0
10037,70.0
10038,70.0
10039,70.0
10040,71.0
10041,71.0
10042,71.0
10043,71.0
10044,71.0
10045,71.0
10046,71.0
10047,72.0
10048,72.0
10049,72.0
10050,72.0
10051,72.0
10052,72.0
10053,72.0
10054,72.0
10055,72.0
10056,72.0
10057,72.0
10058,72.0
10059,72.0
10060,72.0
10061,72.0
10062,72.0
10063,72.0
10064,72.0
10065,72.0
10066,72.0
10067,72.0
10068,72.0
10069,72.0
10070,72.0
10071,72.0
10072,73.0
10073,73.0
10074,73.0
10075,73.0
10076,73.0
10077,73.0
10078,73.0
10079,73.0
10080,73.0
10081,73.0
10082,73.0
10083,73.0
10084,73.0
10085,73.0
10086,74.0
10087,74.0
10088,74.0
10089,74.0
10090,74.0
10091,74.0
10092,74.0
10093,74.0
10094,74.0
10095,74.0
10096,74.0
10097,74.0
10098,74.0
10099,74.0
10100,74.0
10101,74.0
10102,74.0
10103,74.0
10104,75.0
10105,75.0
10106,75.0
10107,75.0
10108,75.0
10109,75.0
10110,75.0
10111,75.0
10112,75.0
10113,75.0
10114,75.0
10115,75.0
10116,75.0
10117,75.0
10118,75.0
10119,75.0
10120,75.0
10121,75.0
10122,75.0
10123,75.0
10124,75.0
10125,75.0
10126,75.0
10127,75.0
10128,76.0
10129,76.0
10130,76.0
10131,76.0
10132,76.0
10133,76.0
10134,76.0
10135,76.0
10136,77.0
10137,77.0
10138,77.0
10139,77.0
10140,77.0
10141,77.0
10142,77.0
10143,77.0
10144,77.0
10145,77.0
10146,77.0
10147,77.0
10148,77.0
10149,77.0
10150,77.0
10151,77.0
10152,77.0
10153,77.0
10154,77.0
10155,77.0
10156,77.0
10157,77.0
10158,77.0
10159,77.0
10160,77.0
10161,77.0
10162,77.0
10163,77.0
10164,77.0
10165,77.0
10166,77.0
10167,77.0
10168,77.0
10169,77.0
10170,77.0
10171,77.0
10172,77.0
10173,77.0
10174,77.0
10175,77.0
10176,77.0
10177,77.0
10178,77.0
10179,77.0
10180,77.0
10181,77.0
10182,77.0
10183,77.0
10184,77.0
10185,77.0
10186,77.0
10187,77.0
10188,77.0
10189,77.0
10190,77.0
10191,77.0
10192,77.0
10193,77.0
10194,77.0
10195,77.0
10196,77.0
10197,77.0
10198,77.0
10199,77.0
10200,77.0
10201,78.0
10202,78.0
10203,78.0
10204,78.0
10205,78.0
10206,78.0
10207,78.0
10208,78.0
10209,79.0
10210,79.0
10211,79.0
10212,80.0
10213,80.0
10214,80.0
10215,78.0
10216,78.0
10217,78.0
10218,78.0
10219,78.0
10220,78.0
10221,78.0
10222,78.0
10223,78.0
10224,78.0
10225,78.0
10226,78.0
10227,78.0
10228,78.0
10229,78.0
10230,78.0
10231,78.0
10232,78.0
10233,78.0
10234,78.0
10235,78.0
10236,78.0
10237,78.0
10238,78.0
10239,78.0
10240,78.0
10241,78.0
10242,78.0
10243,78.0
10244,78.0
10245,78.0
10246,78.0
10247,78.0
10248,78.0
10249,78.0
10250,78.0
10251,78.0
10252,78.0
10253,78.0
10254,78.0
10255,78.0
10256,78.0
10257,78.0
10258,78.0
10259,78.0
10260,78.0
10261,78.0
10262,78.0
10263,78.0
10264,78.0
10265,78.0
10266,78.0
10267,78.0
10268,78.0
10269,78.0
10270,78.0
10271,78.0
10272,78.0
10273,78.0
10274,78.0
10275,78.0
10276,78.0
10277,78.0
10278,78.0
10279,78.0
10280,78.0
10281,78.0
10282,78.0
10283,78.0
10284,78.0
10285,78.0
10286,78.0
10287,78.0
10288,78.0
10289,78.0
10290,78.0
10291,78.0
10292,78.0
10293,78.0
10294,78.0
10295,78.0
10296,78.0
10297,78.0
10298,78.0
10299,78.0
10300,78.0
10301,78.0
10302,78.0
10303,78.0
10304,78.0
10305,78.0
10306,78.0
10307,78.0
10308,78.0
10309,78.0
10310,78.0
10311,78.0
10312,78.0
10313,78.0
10314,78.0
10315,78.0
10316,78.0
10317,78.0
10318,78.0
10319,78.0
10320,78.0
10321,78.0
10322,78.0
10323,78.0
10324,78.0
10325,78.0
10326,78.0
10327,78.0
10328,78.0
10329,78.0
10330,78.0
10331,78.0
10332,78.0
10333,78.0
10334,78.0
10335,78.0
10336,78.0
10337,78.0
10338,78.0
10339,78.0
10340,78.0
10341,78.0
10342,78.0
10343,78.0
10344,78.0
10345,78.0
10346,78.0
10347,78.0
10348,78.0
10349,78.0
10350,78.0
10351,78.0
10352,78.0
10353,78.0
10354,78.0
10355,78.0
10356,78.0
10357,78.0
10358,78.0
10359,79.0
10360,79.0
10361,79.0
10362,79.0
10363,79.0
10364,79.0
10365,79.0
10366,79.0
10367,79.0
10368,79.0
10369,79.0
10370,79.0
10371,80.0
10372,80.0
10373,80.0
10374,80.0
10375,80.0
10376,80.0
10377,80.0
10378,81.0
10379,81.0
10380,81.0
10381,81.0
10382,81.0
10383,81.0
10384,81.0
10385,81.0
10386,82.0
10387,82.0
10388,81.0
10389,81.0
10390,81.0
10391,81.0
10392,81.0
10393,81.0
10394,81.0
10395,81.0
10396,81.0
10397,82.0
10398,82.0
10399,82.0
10400,83.0
10401,83.0
10402,83.0
10403,82.0
10404,82.0
10405,82.0
10406,82.0
10407,82.0
10408,82.0
10409,82.0
10410,82.0
10411,82.0
10412,82.0
10413,82.0
10414,82.0
10415,82.0
10416,82.0
10417,82.0
10418,82.0
10419,82.0
10420,81.0
10421,81.0
10422,81.0
10423,81.0
10424,82.0
10425,82.0
10426,82.0
10427,82.0
10428,82.0
10429,81.0
10430,81.0
10431,81.0
10432,81.0
10433,81.0
10434,81.0
10435,81.0
10436,82.0
10437,82.0
10438,81.0
10439,81.0
10440,81.0
10441,81.0
10442,82.0
10443,82.0
10444,82.0
10445,82.0
10446,82.0
10447,82.0
10448,82.0
10449,82.0
10450,82.0
10451,82.0
10452,83.0
10453,83.0
10454,83.0
10455,80.0
10456,80.0
10457,80.0
10458,80.0
10459,80.0
10460,80.0
10461,80.0
10462,80.0
10463,80.0
10464,80.0
10465,80.0
10466,80.0
10467,80.0
10468,80.0
10469,80.0
10470,80.0
10471,80.0
10472,80.0
10473,80.0
10474,80.0
10475,81.0
10476,81.0
10477,81.0
10478,81.0
10479,81.0
10480,81.0
10481,81.0
10482,81.0
10483,81.0
10484,81.0
10485,81.0
10486,81.0
10487,81.0
10488,81.0
10489,81.0
10490,81.0
10491,81.0
10492,81.0
10493,81.0
10494,81.0
10495,81.0
10496,81.0
10497,81.0
10498,81.0
10499,81.0
10500,81.0
10501,81.0
10502,81.0
10503,81.0
10504,81.0
10505,81.0
10506,81.0
10507,81.0
10508,81.0
10509,81.0
10510,81.0
10511,81.0
10512,81.0
10513,81.0
10514,81.0
10515,81.0
10516,81.0
10517,81.0
10518,81.0
10519,81.0
10520,82.0
10521,82.0
10522,82.0
10523,82.0
10524,82.0
10525,82.0
10526,82.0
10527,82.0
10528,82.0
10529,82.0
10530,82.0
10531,82.0
10532,82.0
10533,82.0
10534,82.0
10535,82.0
10536,82.0
10537,82.0
10538,82.0
10539,82.0
10540,82.0
10541,82.0
10542,82.0
10543,83.0
10544,83.0
10545,83.0
10546,83.0
10547,83.0
10548,83.0
10549,83.0
10550,83.0
10551,83.0
10552,83.0
10553,83.0
10554,83.0
10555,83.0
10556,83.0
10557,83.0
10558,83.0
10559,83.0
10560,83.0
10561,84.0
10562,84.0
10563,84.0
10564,84.0
10565,84.0
10566,84.0
10567,84.0
10568,84.0
10569,84.0
10570,84.0
10571,84.0
10572,84.0
10573,84.0
10574,84.0
10575,84.0
10576,85.0
10577,85.0
10578,86.0
10579,86.0
10580,86.0
10581,84.0
10582,84.0
10583,84.0
10584,84.0
10585,85.0
10586,84.0
10587,83.0
10588,81.0
10589,81.0
10590,81.0
10591,81.0
10592,81.0
10593,81.0
10594,81.0
10595,81.0
10596,81.0
10597,82.0
10598,82.0
10599,82.0
10600,83.0
10601,83.0
10602,83.0
10603,83.0
10604,83.0
10605,83.0
10606,83.0
10607,84.0
10608,84.0
10609,84.0
10610,84.0
10611,84.0
10612,84.0
10613,84.0
10614,84.0
10615,85.0
10616,84.0
10617,84.0
10618,82.0
10619,82.0
10620,82.0
10621,82.0
10622,82.0
10623,82.0
10624,82.0
10625,82.0
10626,82.0
10627,82.0
10628,82.0
10629,82.0
10630,82.0
10631,82.0
10632,82.0
10633,82.0
10634,82.0
10635,82.0
10636,82.0
10637,82.0
10638,82.0
10639,82.0
10640,82.0
10641,82.0
10642,82.0
10643,82.0
10644,82.0
10645,82.0
10646,83.0
10647,83.0
10648,83.0
10649,83.0
10650,83.0
10651,83.0
10652,81.0
10653,81.0
10654,81.0
10655,81.0
10656,81.0
10657,81.0
10658,82.0
10659,82.0
10660,82.0
10661,82.0
10662,82.0
10663,82.0
10664,82.0
10665,82.0
10666,82.0
10667,82.0
10668,82.0
10669,82.0
10670,82.0
10671,83.0
10672,84.0
10673,84.0
10674,85.0
10675,85.0
10676,85.0
10677,85.0
10678,85.0
10679,85.0
10680,85.0
10681,86.0
10682,85.0
10683,85.0
10684,85.0
10685,85.0
10686,85.0
10687,85.0
10688,85.0
10689,85.0
10690,85.0
10691,85.0
10692,85.0
10693,85.0
10694,85.0
10695,85.0
10696,85.0
10697,85.0
10698,85.0
10699,85.0
10700,86.0
10701,87.0
10702,87.0
10703,87.0
10704,87.0
10705,87.0
10706,87.0
10707,87.0
10708,87.0
10709,87.0
10710,87.0
10711,87.0
10712,87.0
10713,87.0
10714,87.0
10715,87.0
10716,87.0
10717,87.0
10718,87.0
10719,87.0
10720,87.0
10721,87.0
10722,87.0
10723,87.0
10724,87.0
10725,87.0
10726,87.0
10727,87.0
10728,87.0
10729,87.0
10730,87.0
10731,88.0
10732,88.0
10733,88.0
10734,88.0
10735,88.0
10736,88.0
10737,88.0
10738,88.0
10739,89.0
10740,89.0
10741,89.0
10742,89.0
10743,88.0
10744,88.0
10745,88.0
10746,88.0
10747,88.0
10748,88.0
10749,88.0
10750,89.0
10751,89.0
10752,90.0
10753,90.0
10754,90.0
10755,90.0
10756,90.0
10757,90.0
10758,90.0
10759,90.0
10760,91.0
10761,91.0
10762,91.0
10763,91.0
10764,91.0
10765,91.0
10766,91.0
10767,91.0
10768,91.0
10769,91.0
10770,91.0
10771,91.0
10772,91.0
10773,91.0
10774,91.0
10775,91.0
10776,91.0
10777,91.0
10778,91.0
10779,91.0
10780,91.0
10781,91.0
10782,91.0
10783,91.0
10784,91.0
10785,91.0
10786,91.0
10787,91.0
10788,91.0
10789,91.0
10790,91.0
10791,91.0
10792,91.0
10793,91.0
10794,91.0
10795,91.0
10796,91.0
10797,91.0
10798,91.0
10799,91.0
10800,91.0
10801,91.0
10802,91.0
10803,91.0
10804,91.0
10805,91.0
10806,91.0
10807,91.0
10808,91.0
10809,91.0
10810,91.0
10811,91.0
10812,91.0
10813,91.0
10814,91.0
10815,91.0
10816,91.0
10817,91.0
10818,91.0
10819,91.0
10820,91.0
10821,91.0
10822,91.0
10823,91.0
10824,91.0
10825,91.0
10826,91.0
10827,91.0
10828,91.0
10829,91.0
10830,91.0
10831,91.0
10832,91.0
10833,91.0
10834,91.0
10835,91.0
10836,91.0
10837,91.0
10838,91.0
10839,91.0
10840,91.0
10841,91.0
10842,91.0
10843,91.0
10844,91.0
10845,91.0
10846,91.0
10847,91.0
10848,91.0
10849,91.0
10850,91.0
10851,91.0
10852,91.0
10853,91.0
10854,91.0
10855,91.0
10856,91.0
10857,91.0
10858,91.0
10859,91.0
10860,91.0
10861,91.0
10862,91.0
10863,91.0
10864,91.0
10865,91.0
10866,91.0
10867,91.0
10868,91.0
10869,91.0
10870,91.0
10871,91.0
10872,91.0
10873,91.0
10874,91.0
10875,91.0
10876,91.0
10877,91.0
10878,91.0
10879,91.0
10880,91.0
10881,91.0
10882,91.0
10883,91.0
10884,91.0
10885,91.0
10886,91.0
10887,91.0
10888,91.0
10889,91.0
10890,91.0
10891,91.0
10892,91.0
10893,91.0
10894,91.0
10895,91.0
10896,91.0
10897,91.0
10898,91.0
10899,91.0
10900,91.0
10901,91.0
10902,91.0
10903,91.0
10904,91.0
10905,91.0
10906,91.0
10907,91.0
10908,91.0
10909,91.0
10910,92.0
10911,92.0
10912,92.0
10913,92.0
10914,92.0
10915,92.0
10916,92.0
10917,92.0
10918,93.0
10919,93.0
10920,92.0
10921,92.0
10922,92.0
10923,92.0
10924,92.0
10925,92.0
10926,92.0
10927,92.0
10928,93.0
10929,93.0
10930,93.0
10931,90.0
10932,90.0
10933,90.0
10934,90.0
10935,90.0
10936,89.0
10937,89.0
10938,89.0
10939,89.0
10940,89.0
10941,87.0
10942,87.0
10943,88.0
10944,88.0
10945,89.0
10946,89.0
10947,89.0
10948,90.0
10949,89.0
10950,89.0
10951,85.0
10952,85.0
10953,85.0
10954,85.0
10955,85.0
10956,85.0
10957,85.0
10958,85.0
10959,85.0
10960,85.0
10961,85.0
10962,85.0
10963,85.0
10964,85.0
10965,85.0
10966,85.0
10967,85.0
10968,85.0
10969,85.0
10970,85.0
10971,85.0
10972,85.0
10973,85.0
10974,85.0
10975,85.0
10976,85.0
10977,85.0
10978,85.0
10979,85.0
10980,85.0
10981,86.0
10982,86.0
10983,86.0
10984,86.0
10985,86.0
10986,86.0
10987,86.0
10988,86.0
10989,86.0
10990,86.0
10991,86.0
10992,86.0
10993,86.0
10994,87.0
10995,87.0
10996,88.0
10997,88.0
10998,88.0
10999,88.0
11000,89.0
11001,89.0
11002,89.0
11003,89.0
11004,89.0
11005,89.0
11006,89.0
11007,89.0
11008,89.0
11009,89.0
11010,89.0
11011,89.0
11012,89.0
11013,89.0
11014,89.0
11015,89.0
11016,89.0
11017,89.0
11018,89.0
11019,89.0
11020,89.0
11021,89.0
11022,89.0
11023,89.0
11024,89.0
11025,89.0
11026,89.0
11027,89.0
11028,89.0
11029,89.0
11030,89.0
11031,89.0
11032,89.0
11033,89.0
11034,89.0
11035,89.0
11036,89.0
11037,89.0
11038,89.0
11039,89.0
11040,89.0
11041,89.0
11042,89.0
11043,89.0
11044,89.0
11045,89.0
11046,89.0
11047,89.0
11048,89.0
11049,89.0
11050,89.0
11051,89.0
11052,89.0
11053,89.0
11054,89.0
11055,89.0
11056,89.0
11057,89.0
11058,89.0
11059,89.0
11060,89.0
11061,89.0
11062,89.0
11063,89.0
11064,89.0
11065,89.0
11066,89.0
11067,89.0
11068,89.0
11069,89.0
11070,89.0
11071,89.0
11072,89.0
11073,89.0
11074,89.0
11075,89.0
11076,89.0
11077,89.0
11078,89.0
11079,89.0
11080,89.0
11081,89.0
11082,89.0
11083,89.0
11084,89.0
11085,89.0
11086,89.0
11087,89.0
11088,90.0
11089,90.0
11090,90.0
11091,91.0
11092,91.0
11093,91.0
11094,91.0
11095,91.0
11096,90.0
11097,90.0
11098,90.0
11099,90.0
11100,90.0
11101,90.0
11102,90.0
11103,91.0
11104,91.0
11105,92.0
11106,92.0
11107,92.0
11108,92.0
11109,92.0
11110,92.0
11111,92.0
11112,93.0
11113,93.0
11114,93.0
11115,94.0
11116,94.0
11117,94.0
11118,95.0
11119,94.0
11120,94.0
11121,92.0
11122,92.0
11123,92.0
11124,92.0
11125,92.0
11126,92.0
11127,92.0
11128,92.0
11129,92.0
11130,92.0
11131,92.0
11132,92.0
11133,93.0
11134,92.0
11135,92.0
11136,92.0
11137,91.0
11138,91.0
11139,91.0
11140,92.0
11141,92.0
11142,92.0
11143,92.0
11144,92.0
11145,89.0
11146,89.0
11147,89.0
11148,89.0
11149,89.0
11150,89.0
11151,89.0
11152,89.0
11153,89.0
11154,89.0
11155,90.0
11156,90.0
11157,90.0
11158,90.0
11159,90.0
11160,90.0
11161,90.0
11162,90.0
11163,90.0
11164,88.0
11165,88.0
11166,88.0
11167,88.0
11168,89.0
11169,89.0
11170,89.0
11171,89.0
11172,89.0
11173,89.0
11174,89.0
11175,89.0
11176,90.0
11177,90.0
11178,90.0
11179,89.0
11180,89.0
11181,89.0
11182,89.0
11183,90.0
11184,90.0
11185,90.0
11186,90.0
11187,90.0
11188,90.0
11189,90.0
11190,90.0
11191,90.0
11192,90.0
11193,91.0
11194,91.0
11195,91.0
11196,91.0
11197,91.0
11198,91.0
11199,91.0
11200,91.0
11201,91.0
11202,91.0
11203,91.0
11204,91.0
11205,91.0
11206,91.0
11207,91.0
11208,91.0
11209,91.0
11210,91.0
11211,91.0
11212,91.0
11213,91.0
11214,91.0
11215,92.0
11216,92.0
11217,92.0
11218,92.0
11219,92.0
11220,92.0
11221,92.0
11222,92.0
11223,92.0
11224,92.0
11225,92.0
11226,92.0
11227,92.0
11228,92.0
11229,92.0
11230,93.0
11231,93.0
11232,93.0
11233,93.0
11234,93.0
11235,93.0
11236,93.0
11237,93.0
11238,93.0
11239,93.0
11240,93.0
11241,93.0
11242,93.0
11243,93.0
11244,93.0
11245,93.0
11246,93.0
11247,94.0
11248,94.0
11249,94.0
11250,94.0
11251,94.0
11252,94.0
11253,94.0
11254,93.0
11255,93.0
11256,93.0
11257,93.0
11258,93.0
11259,93.0
11260,93.0
11261,93.0
11262,93.0
11263,93.0
11264,93.0
11265,93.0
11266,93.0
11267,93.0
11268,93.0
11269,93.0
11270,93.0
11271,93.0
11272,93.0
11273,93.0
11274,93.0
11275,93.0
11276,93.0
11277,93.0
11278,93.0
11279,94.0
11280,94.0
11281,94.0
11282,94.0
11283,94.0
11284,95.0
11285,95.0
11286,95.0
11287,95.0
11288,92.0
11289,92.0
11290,92.0
11291,92.0
11292,91.0
11293,91.0
11294,91.0
11295,91.0
11296,91.0
11297,91.0
11298,91.0
11299,89.0
11300,89.0
11301,90.0
11302,90.0
11303,90.0
11304,90.0
11305,90.0
11306,90.0
11307,90.0
11308,90.0
11309,90.0
11310,90.0
11311,90.0
11312,90.0
11313,90.0
11314,90.0
11315,90.0
11316,90.0
11317,90.0
11318,90.0
11319,90.0
11320,90.0
11321,90.0
11322,90.0
11323,90.0
11324,89.0
11325,89.0
11326,89.0
11327,89.0
11328,89.0
11329,89.0
11330,90.0
11331,90.0
11332,90.0
11333,89.0
11334,89.0
11335,89.0
11336,89.0
11337,87.0
11338,87.0
11339,87.0
11340,87.0
11341,87.0
11342,87.0
11343,87.0
11344,88.0
11345,88.0
11346,88.0
11347,88.0
11348,89.0
11349,88.0
11350,88.0
11351,88.0
11352,89.0
11353,89.0
11354,89.0
11355,88.0
11356,88.0
11357,88.0
11358,88.0
11359,88.0
11360,86.0
11361,86.0
11362,86.0
11363,86.0
11364,86.0
11365,86.0
11366,86.0
11367,86.0
11368,86.0
11369,85.0
11370,83.0
11371,83.0
11372,83.0
11373,82.0
11374,79.0
11375,79.0
11376,79.0
11377,79.0
11378,79.0
11379,79.0
11380,79.0
11381,80.0
11382,80.0
11383,80.0
11384,80.0
11385,80.0
11386,80.0
11387,80.0
11388,80.0
11389,80.0
11390,81.0
11391,81.0
11392,81.0
11393,81.0
11394,81.0
11395,81.0
11396,81.0
11397,81.0
11398,81.0
11399,81.0
11400,81.0
11401,81.0
11402,81.0
11403,81.0
11404,81.0
11405,81.0
11406,81.0
11407,81.0
11408,81.0
11409,81.0
11410,81.0
11411,81.0
11412,81.0
11413,81.0
11414,81.0
11415,81.0
11416,81.0
11417,81.0
11418,81.0
11419,81.0
11420,81.0
11421,81.0
11422,81.0
11423,81.0
11424,81.0
11425,81.0
11426,81.0
11427,81.0
11428,80.0
11429,80.0
11430,81.0
11431,81.0
11432,79.0
11433,79.0
11434,79.0
11435,79.0
11436,79.0
11437,80.0
11438,80.0
11439,80.0
11440,80.0
11441,80.0
11442,79.0
11443,79.0
11444,78.0
11445,78.0
11446,78.0
11447,78.0
11448,79.0
11449,79.0
11450,79.0
11451,80.0
11452,75.0
11453,75.0
11454,75.0
11455,75.0
11456,75.0
11457,75.0
11458,75.0
11459,75.0
11460,75.0
11461,75.0
11462,76.0
11463,76.0
11464,76.0
11465,76.0
11466,76.0
11467,76.0
11468,69.0
11469,69.0
11470,68.0
11471,68.0
11472,68.0
11473,68.0
11474,63.0
11475,63.0
11476,63.0
11477,63.0
11478,64.0
11479,64.0
11480,64.0
11481,64.0
11482,64.0
11483,64.0
11484,65.0
11485,66.0
11486,65.0
11487,65.0
11488,65.0
11489,65.0
11490,65.0
11491,65.0
11492,65.0
11493,65.0
11494,65.0
11495,65.0
11496,65.0
11497,65.0
11498,65.0
11499,65.0
11500,65.0
11501,65.0
11502,65.0
11503,65.0
11504,65.0
11505,60.0
11506,60.0
11507,60.0
11508,57.0
11509,57.0
11510,57.0
11511,57.0
11512,57.0
11513,57.0
11514,57.0
11515,57.0
11516,57.0
11517,57.0
11518,57.0
11519,57.0
11520,57.0
11521,57.0
11522,57.0
11523,57.0
11524,57.0
11525,57.0
11526,57.0
11527,57.0
11528,57.0
11529,57.0
11530,57.0
11531,57.0
11532,57.0
11533,57.0
11534,57.0
11535,57.0
11536,57.0
11537,57.0
11538,57.0
11539,58.0
11540,58.0
11541,58.0
11542,58.0
11543,58.0
11544,58.0
11545,58.0
11546,58.0
11547,58.0
11548,58.0
11549,57.0
11550,57.0
11551,57.0
11552,54.0
11553,54.0
11554,54.0
11555,54.0
11556,54.0
11557,54.0
11558,54.0
11559,54.0
11560,54.0
11561,54.0
11562,54.0
11563,54.0
11564,54.0
11565,53.0
11566,50.0
11567,50.0
11568,50.0
11569,50.0
11570,51.0
11571,51.0
11572,51.0
11573,51.0
11574,51.0
11575,51.0
11576,51.0
11577,51.0
11578,51.0
11579,51.0
11580,51.0
11581,51.0
11582,51.0
11583,52.0
11584,52.0
11585,52.0
11586,52.0
11587,52.0
11588,52.0
11589,52.0
11590,52.0
11591,52.0
11592,52.0
11593,52.0
11594,52.0
11595,52.0
11596,52.0
11597,52.0
11598,52.0
11599,52.0
11600,52.0
11601,52.0
11602,52.0
11603,52.0
11604,52.0
11605,52.0
11606,52.0
11607,52.0
11608,52.0
11609,53.0
11610,53.0
11611,54.0
11612,54.0
11613,54.0
11614,54.0
11615,54.0
11616,54.0
11617,55.0
11618,55.0
11619,55.0
11620,55.0
11621,55.0
11622,55.0
11623,55.0
11624,55.0
11625,55.0
11626,55.0
11627,55.0
11628,56.0
11629,56.0
11630,56.0
11631,56.0
11632,56.0
11633,56.0
11634,56.0
11635,56.0
11636,56.0
11637,56.0
11638,56.0
11639,56.0
11640,56.0
11641,56.0
11642,56.0
11643,56.0
11644,56.0
11645,56.0
11646,56.0
11647,57.0
11648,57.0
11649,57.0
11650,57.0
11651,57.0
11652,57.0
11653,57.0
11654,57.0
11655,57.0
11656,58.0
11657,53.0
11658,53.0
11659,53.0
11660,53.0
11661,53.0
11662,53.0
11663,53.0
11664,52.0
11665,52.0
11666,52.0
11667,52.0
11668,52.0
11669,52.0
11670,52.0
11671,52.0
11672,52.0
11673,52.0
11674,52.0
11675,52.0
11676,52.0
11677,52.0
11678,52.0
11679,52.0
11680,52.0
11681,52.0
11682,53.0
11683,53.0
11684,53.0
11685,52.0
11686,52.0
11687,51.0
11688,51.0
11689,51.0
11690,51.0
11691,50.0
11692,50.0
11693,50.0
11694,51.0
11695,51.0
11696,49.0
11697,49.0
11698,49.0
11699,49.0
11700,49.0
11701,49.0
11702,50.0
11703,50.0
11704,50.0
11705,50.0
11706,50.0
11707,50.0
11708,50.0
11709,50.0
11710,50.0
11711,50.0
11712,50.0
11713,50.0
11714,50.0
11715,50.0
11716,50.0
11717,51.0
11718,51.0
11719,51.0
11720,51.0
11721,51.0
11722,51.0
11723,51.0
11724,52.0
11725,52.0
11726,52.0
11727,52.0
11728,52.0
11729,52.0
11730,52.0
11731,52.0
11732,52.0
11733,52.0
11734,52.0
11735,52.0
11736,52.0
11737,52.0
11738,52.0
11739,52.0
11740,52.0
11741,52.0
11742,52.0
11743,52.0
11744,52.0
11745,52.0
11746,52.0
11747,53.0
11748,53.0
11749,52.0
11750,52.0
11751,52.0
11752,52.0
11753,52.0
11754,52.0
11755,52.0
11756,53.0
11757,53.0
11758,53.0
11759,53.0
11760,53.0
11761,53.0
11762,53.0
11763,53.0
11764,53.0
11765,53.0
11766,53.0
11767,53.0
11768,53.0
11769,53.0
11770,53.0
11771,53.0
11772,53.0
11773,53.0
11774,53.0
11775,53.0
11776,53.0
11777,53.0
11778,53.0
11779,53.0
11780,53.0
11781,53.0
11782,53.0
11783,53.0
11784,53.0
11785,53.0
11786,53.0
11787,53.0
11788,53.0
11789,53.0
11790,53.0
11791,53.0
11792,53.0
11793,53.0
11794,53.0
11795,54.0
11796,54.0
11797,53.0
11798,53.0
11799,53.0
11800,53.0
11801,53.0
11802,53.0
11803,53.0
11804,53.0
11805,53.0
11806,53.0
11807,53.0
11808,53.0
11809,53.0
11810,53.0
11811,53.0
11812,53.0
11813,53.0
11814,53.0
11815,53.0
11816,53.0
11817,53.0
11818,53.0
11819,53.0
11820,53.0
11821,53.0
11822,53.0
11823,53.0
11824,53.0
11825,53.0
11826,53.0
11827,53.0
11828,53.0
11829,53.0
11830,53.0
11831,53.0
11832,53.0
11833,53.0
11834,53.0
11835,53.0
11836,53.0
11837,53.0
11838,53.0
11839,53.0
11840,53.0
11841,53.0
11842,53.0
11843,53.0
11844,54.0
11845,54.0
11846,54.0
11847,54.0
11848,54.0
11849,54.0
11850,54.0
11851,55.0
11852,55.0
11853,55.0
11854,55.0
11855,55.0
11856,55.0
11857,55.0
11858,55.0
11859,55.0
11860,56.0
11861,56.0
11862,56.0
11863,56.0
11864,56.0
11865,56.0
11866,56.0
11867,56.0
11868,56.0
11869,56.0
11870,54.0
11871,54.0
11872,54.0
11873,55.0
11874,54.0
11875,54.0
11876,54.0
11877,54.0
11878,53.0
11879,53.0
11880,53.0
11881,53.0
11882,53.0
11883,53.0
11884,53.0
11885,53.0
11886,53.0
11887,53.0
11888,53.0
11889,53.0
11890,52.0
11891,52.0
11892,52.0
11893,52.0
11894,51.0
11895,51.0
11896,52.0
11897,50.0
11898,50.0
11899,50.0
11900,50.0
11901,50.0
11902,50.0
11903,50.0
11904,50.0
11905,50.0
11906,50.0
11907,50.0
11908,50.0
11909,50.0
11910,50.0
11911,50.0
11912,50.0
11913,50.0
11914,50.0
11915,50.0
11916,50.0
11917,50.0
11918,50.0
11919,50.0
11920,50.0
11921,50.0
11922,50.0
11923,50.0
11924,50.0
11925,50.0
11926,51.0
11927,51.0
11928,50.0
11929,50.0
11930,49.0
11931,49.0
11932,48.0
11933,48.0
11934,48.0
11935,47.0
11936,47.0
11937,43.0
11938,43.0
11939,43.0
11940,43.0
11941,43.0
11942,43.0
11943,44.0
11944,44.0
11945,44.0
11946,44.0
11947,43.0
11948,43.0
11949,43.0
11950,43.0
11951,43.0
11952,43.0
11953,43.0
11954,43.0
11955,43.0
11956,43.0
11957,43.0
11958,43.0
11959,44.0
11960,44.0
11961,45.0
11962,45.0
11963,44.0
11964,44.0
11965,44.0
11966,45.0
11967,44.0
11968,44.0
11969,44.0
11970,44.0
11971,44.0
11972,44.0
11973,42.0
11974,42.0
11975,42.0
11976,42.0
11977,43.0
11978,43.0
11979,43.0
11980,43.0
11981,43.0
11982,43.0
11983,43.0
11984,43.0
11985,43.0
11986,43.0
11987,43.0
11988,43.0
11989,43.0
11990,43.0
11991,43.0
11992,43.0
11993,43.0
11994,41.0
11995,41.0
11996,41.0
11997,41.0
11998,41.0
11999,42.0
12000,42.0
12001,42.0
12002,43.0
12003,43.0
12004,43.0
12005,43.0
12006,43.0
12007,43.0
12008,44.0
12009,44.0
12010,44.0
12011,44.0
12012,41.0
12013,41.0
12014,41.0
12015,41.0
12016,41.0
12017,42.0
12018,42.0
12019,42.0
12020,42.0
12021,42.0
12022,42.0
12023,42.0
12024,42.0
12025,42.0
12026,42.0
12027,42.0
12028,42.0
12029,42.0
12030,42.0
12031,42.0
12032,42.0
12033,42.0
12034,42.0
12035,42.0
12036,42.0
12037,42.0
12038,42.0
12039,42.0
12040,42.0
12041,42.0
12042,42.0
12043,42.0
12044,42.0
12045,43.0
12046,43.0
12047,43.0
12048,43.0
12049,43.0
12050,43.0
12051,43.0
12052,43.0
12053,43.0
12054,44.0
12055,44.0
12056,44.0
12057,44.0
12058,44.0
12059,44.0
12060,45.0
12061,45.0
12062,45.0
12063,45.0
12064,46.0
12065,46.0
12066,43.0
12067,43.0
12068,43.0
12069,43.0
12070,43.0
12071,43.0
12072,43.0
12073,43.0
12074,43.0
12075,43.0
12076,43.0
12077,43.0
12078,43.0
12079,43.0
12080,43.0
12081,43.0
12082,43.0
12083,43.0
12084,43.0
12085,43.0
12086,43.0
12087,43.0
12088,43.0
12089,43.0
12090,43.0
12091,43.0
12092,43.0
12093,43.0
12094,43.0
12095,44.0
12096,44.0
12097,44.0
12098,44.0
12099,44.0
12100,44.0
12101,44.0
12102,44.0
12103,44.0
12104,44.0
12105,44.0
12106,44.0
12107,44.0
12108,44.0
12109,44.0
12110,44.0
12111,44.0
12112,44.0
12113,44.0
12114,44.0
12115,44.0
12116,44.0
12117,44.0
12118,44.0
12119,45.0
12120,45.0
12121,46.0
12122,46.0
12123,46.0
12124,46.0
12125,47.0
12126,47.0
12127,47.0
12128,47.0
12129,47.0
12130,47.0
12131,47.0
12132,47.0
12133,47.0
12134,47.0
12135,47.0
12136,47.0
12137,48.0
12138,48.0
12139,47.0
12140,47.0
12141,47.0
12142,48.0
12143,48.0
12144,48.0
12145,48.0
12146,48.0
12147,48.0
12148,48.0
12149,49.0
12150,49.0
12151,49.0
12152,49.0
12153,49.0
12154,49.0
12155,49.0
12156,49.0
12157,49.0
12158,49.0
12159,50.0
12160,50.0
12161,50.0
12162,50.0
12163,50.0
12164,50.0
12165,50.0
12166,50.0
12167,50.0
12168,50.0
12169,50.0
12170,50.0
12171,50.0
12172,50.0
12173,50.0
12174,50.0
12175,50.0
12176,50.0
12177,50.0
12178,50.0
12179,50.0
12180,50.0
12181,50.0
12182,50.0
12183,50.0
12184,50.0
12185,50.0
12186,50.0
12187,50.0
12188,50.0
12189,50.0
12190,50.0
12191,50.0
12192,50.0
12193,51.0
12194,51.0
12195,51.0
12196,51.0
12197,51.0
12198,51.0
12199,51.0
12200,51.0
12201,51.0
12202,51.0
12203,51.0
12204,51.0
12205,51.0
12206,51.0
12207,51.0
12208,51.0
12209,51.0
12210,51.0
12211,51.0
12212,51.0
12213,50.0
12214,50.0
12215,47.0
12216,47.0
12217,46.0
12218,46.0
12219,46.0
12220,46.0
12221,46.0
12222,46.0
12223,46.0
12224,46.0
12225,46.0
12226,44.0
12227,44.0
12228,44.0
12229,44.0
12230,44.0
12231,44.0
12232,44.0
12233,44.0
12234,44.0
12235,44.0
12236,44.0
12237,44.0
12238,44.0
12239,44.0
12240,44.0
12241,44.0
12242,44.0
12243,44.0
12244,45.0
12245,45.0
12246,45.0
12247,45.0
12248,45.0
12249,45.0
12250,45.0
12251,45.0
12252,45.0
12253,46.0
12254,46.0
12255,46.0
12256,46.0
12257,46.0
12258,46.0
12259,46.0
12260,46.0
12261,46.0
12262,46.0
12263,44.0
12264,44.0
12265,44.0
12266,44.0
12267,44.0
12268,44.0
12269,44.0
12270,44.0
12271,44.0
12272,44.0
12273,44.0
12274,44.0
12275,45.0
12276,45.0
12277,45.0
12278,45.0
12279,45.0
12280,45.0
12281,45.0
12282,45.0
12283,45.0
12284,45.0
12285,45.0
12286,45.0
12287,45.0
12288,45.0
12289,45.0
12290,45.0
12291,45.0
12292,45.0
12293,45.0
12294,45.0
12295,45.0
12296,45.0
12297,45.0
12298,45.0
12299,45.0
12300,45.0
12301,45.0
12302,45.0
12303,45.0
12304,45.0
12305,45.0
12306,45.0
12307,45.0
12308,44.0
12309,44.0
12310,45.0
12311,45.0
12312,45.0
12313,45.0
12314,45.0
12315,46.0
12316,46.0
12317,46.0
12318,46.0
12319,46.0
12320,46.0
12321,46.0
12322,46.0
12323,46.0
12324,46.0
12325,46.0
12326,46.0
12327,45.0
12328,45.0
12329,45.0
12330,45.0
12331,44.0
12332,40.0
12333,40.0
12334,40.0
12335,40.0
12336,40.0
12337,40.0
12338,40.0
12339,40.0
12340,40.0
12341,40.0
12342,40.0
12343,40.0
12344,40.0
12345,40.0
12346,40.0
12347,40.0
12348,40.0
12349,38.0
12350,38.0
12351,38.0
12352,38.0
12353,38.0
12354,38.0
12355,38.0
12356,38.0
12357,38.0
12358,38.0
12359,38.0
12360,38.0
12361,38.0
12362,38.0
12363,38.0
12364,38.0
12365,39.0
12366,39.0
12367,39.0
12368,39.0
12369,39.0
12370,39.0
12371,39.0
12372,39.0
12373,39.0
12374,39.0
12375,39.0
12376,40.0
12377,40.0
12378,40.0
12379,40.0
12380,40.0
12381,40.0
12382,40.0
12383,40.0
12384,40.0
12385,40.0
12386,40.0
12387,41.0
12388,41.0
12389,41.0
12390,41.0
12391,41.0
12392,41.0
12393,41.0
12394,41.0
12395,41.0
12396,41.0
12397,42.0
12398,42.0
12399,42.0
12400,42.0
12401,42.0
12402,42.0
12403,42.0
12404,42.0
12405,42.0
12406,40.0
12407,40.0
12408,40.0
12409,40.0
12410,40.0
12411,40.0
12412,40.0
12413,41.0
12414,41.0
12415,41.0
12416,41.0
12417,41.0
12418,41.0
12419,42.0
12420,42.0
12421,42.0
12422,42.0
12423,43.0
12424,43.0
12425,43.0
12426,43.0
12427,43.0
12428,43.0
12429,43.0
12430,43.0
12431,43.0
12432,43.0
12433,43.0
12434,43.0
12435,43.0
12436,43.0
12437,43.0
12438,43.0
12439,43.0
12440,43.0
12441,43.0
12442,43.0
12443,43.0
12444,43.0
12445,43.0
12446,43.0
12447,43.0
12448,43.0
12449,43.0
12450,43.0
12451,43.0
12452,43.0
12453,43.0
12454,43.0
12455,43.0
12456,43.0
12457,43.0
12458,44.0
12459,44.0
12460,44.0
12461,44.0
12462,44.0
12463,44.0
12464,44.0
12465,44.0
12466,44.0
12467,43.0
12468,43.0
12469,43.0
12470,43.0
12471,43.0
12472,43.0
12473,43.0
12474,43.0
12475,43.0
12476,43.0
12477,43.0
12478,43.0
12479,43.0
12480,44.0
12481,44.0
12482,44.0
12483,44.0
12484,40.0
12485,40.0
12486,40.0
12487,40.0
12488,40.0
12489,40.0
12490,40.0
12491,40.0
12492,40.0
12493,40.0
12494,40.0
12495,40.0
12496,40.0
12497,40.0
12498,40.0
12499,40.0
12500,40.0
12501,40.0
12502,40.0
12503,40.0
12504,40.0
12505,40.0
12506,40.0
12507,40.0
12508,40.0
12509,40.0
12510,40.0
12511,40.0
12512,40.0
12513,40.0
12514,40.0
12515,40.0
12516,40.0
12517,40.0
12518,40.0
12519,40.0
12520,40.0
12521,40.0
12522,40.0
12523,40.0
12524,40.0
12525,40.0
12526,40.0
12527,40.0
12528,40.0
12529,40.0
12530,40.0
12531,40.0
12532,40.0
12533,40.0
12534,40.0
12535,40.0
12536,40.0
12537,40.0
12538,40.0
12539,40.0
12540,40.0
12541,40.0
12542,40.0
12543,40.0
12544,40.0
12545,40.0
12546,40.0
12547,40.0
12548,40.0
12549,40.0
12550,40.0
12551,40.0
12552,40.0
12553,40.0
12554,40.0
12555,40.0
12556,40.0
12557,40.0
12558,40.0
12559,40.0
12560,40.0
12561,40.0
12562,40.0
12563,40.0
12564,40.0
12565,40.0
12566,40.0
12567,40.0
12568,40.0
12569,40.0
12570,40.0
12571,40.0
12572,40.0
12573,40.0
12574,40.0
12575,40.0
12576,40.0
12577,40.0
12578,40.0
12579,40.0
12580,40.0
12581,40.0
12582,40.0
12583,40.0
12584,40.0
12585,40.0
12586,40.0
12587,40.0
12588,40.0
12589,40.0
12590,40.0
12591,40.0
12592,40.0
12593,40.0
12594,40.0
12595,40.0
12596,40.0
12597,40.0
12598,40.0
12599,40.0
12600,40.0
12601,40.0
12602,40.0
12603,40.0
12604,40.0
12605,40.0
12606,40.0
12607,40.0
12608,40.0
12609,40.0
12610,40.0
12611,40.0
12612,40.0
12613,40.0
12614,40.0
12615,40.0
12616,40.0
12617,40.0
12618,40.0
12619,40.0
12620,40.0
12621,40.0
12622,40.0
12623,40.0
12624,40.0
12625,40.0
12626,40.0
12627,40.0
12628,40.0
12629,40.0
12630,40.0
12631,40.0
12632,40.0
12633,40.0
12634,40.0
12635,40.0
12636,40.0
12637,40.0
12638,40.0
12639,40.0
12640,40.0
12641,40.0
12642,40.0
12643,40.0
12644,40.0
12645,40.0
12646,40.0
12647,40.0
12648,40.0
12649,40.0
12650,40.0
12651,40.0
12652,40.0
12653,40.0
12654,40.0
12655,40.0
12656,40.0
12657,40.0
12658,40.0
12659,40.0
12660,40.0
12661,40.0
12662,40.0
12663,40.0
12664,40.0
12665,40.0
12666,40.0
12667,40.0
12668,40.0
12669,40.0
12670,40.0
12671,40.0
12672,40.0
12673,40.0
12674,40.0
12675,40.0
12676,40.0
12677,40.0
12678,40.0
12679,40.0
12680,40.0
12681,40.0
12682,40.0
12683,40.0
12684,40.0
12685,40.0
12686,40.0
12687,40.0
12688,40.0
12689,40.0
12690,40.0
12691,40.0
12692,40.0
12693,40.0
12694,40.0
12695,40.0
12696,40.0
12697,40.0
12698,40.0
12699,40.0
12700,40.0
12701,40.0
12702,40.0
12703,40.0
12704,40.0
12705,40.0
12706,40.0
12707,40.0
12708,40.0
12709,40.0
12710,40.0
12711,40.0
12712,40.0
12713,40.0
12714,40.0
12715,40.0
12716,40.0
12717,40.0
12718,40.0
12719,40.0
12720,40.0
12721,40.0
12722,40.0
12723,40.0
12724,40.0
12725,40.0
12726,40.0
12727,40.0
12728,40.0
12729,41.0
12730,41.0
12731,41.0
12732,41.0
12733,41.0
12734,41.0
12735,41.0
12736,41.0
12737,41.0
12738,41.0
12739,41.0
12740,41.0
12741,41.0
12742,41.0
12743,41.0
12744,41.0
12745,41.0
12746,41.0
12747,41.0
12748,39.0
12749,39.0
12750,39.0
12751,39.0
12752,39.0
12753,39.0
12754,40.0
12755,40.0
12756,40.0
12757,39.0
12758,39.0
12759,39.0
12760,39.0
12761,39.0
12762,39.0
12763,39.0
12764,39.0
12765,40.0
12766,39.0
12767,39.0
12768,39.0
12769,39.0
12770,39.0
12771,39.0
12772,39.0
12773,39.0
12774,39.0
12775,39.0
12776,39.0
12777,39.0
12778,39.0
12779,39.0
12780,39.0
12781,39.0
12782,39.0
12783,39.0
12784,39.0
12785,40.0
12786,40.0
12787,40.0
12788,40.0
12789,41.0
12790,41.0
12791,41.0
12792,41.0
12793,41.0
12794,41.0
12795,42.0
12796,42.0
12797,42.0
12798,42.0
12799,42.0
12800,42.0
12801,42.0
12802,42.0
12803,43.0
12804,40.0
12805,40.0
12806,40.0
12807,40.0
12808,40.0
12809,40.0
12810,40.0
12811,40.0
12812,40.0
12813,40.0
12814,40.0
12815,40.0
12816,40.0
12817,41.0
12818,41.0
12819,41.0
12820,41.0
12821,41.0
12822,41.0
12823,41.0
12824,42.0
12825,42.0
12826,43.0
12827,43.0
12828,43.0
12829,43.0
12830,43.0
12831,43.0
12832,43.0
12833,43.0
12834,43.0
12835,43.0
12836,43.0
12837,43.0
12838,43.0
12839,43.0
12840,43.0
12841,43.0
12842,43.0
12843,43.0
12844,41.0
12845,41.0
12846,41.0
12847,41.0
12848,41.0
12849,41.0
12850,41.0
12851,42.0
12852,42.0
12853,42.0
12854,42.0
12855,42.0
12856,42.0
12857,42.0
12858,43.0
12859,42.0
12860,42.0
12861,42.0
12862,42.0
12863,42.0
12864,42.0
12865,42.0
12866,42.0
12867,42.0
12868,42.0
12869,42.0
12870,42.0
12871,42.0
12872,43.0
12873,43.0
12874,43.0
12875,43.0
12876,43.0
12877,43.0
12878,43.0
12879,43.0
12880,43.0
12881,43.0
12882,43.0
12883,43.0
12884,43.0
12885,43.0
12886,43.0
12887,43.0
12888,43.0
12889,43.0
12890,43.0
12891,43.0
12892,39.0
12893,39.0
12894,39.0
12895,39.0
12896,39.0
12897,39.0
12898,40.0
12899,40.0
12900,40.0
12901,40.0
12902,40.0
12903,40.0
12904,40.0
12905,40.0
12906,40.0
12907,40.0
12908,40.0
12909,40.0
12910,40.0
12911,40.0
12912,40.0
12913,40.0
12914,40.0
12915,40.0
12916,41.0
12917,41.0
12918,41.0
12919,41.0
12920,41.0
12921,41.0
12922,41.0
12923,41.0
12924,41.0
12925,41.0
12926,41.0
12927,41.0
12928,41.0
12929,41.0
12930,41.0
12931,41.0
12932,41.0
12933,41.0
12934,41.0
12935,41.0
12936,41.0
12937,39.0
12938,39.0
12939,39.0
12940,39.0
12941,39.0
12942,40.0
12943,40.0
12944,40.0
12945,40.0
12946,39.0
12947,39.0
12948,39.0
12949,39.0
12950,39.0
12951,39.0
12952,39.0
12953,39.0
12954,39.0
12955,39.0
12956,39.0
12957,39.0
12958,39.0
12959,39.0
12960,39.0
12961,39.0
12962,39.0
12963,39.0
12964,39.0
12965,39.0
12966,39.0
12967,39.0
12968,39.0
12969,39.0
12970,39.0
12971,39.0
12972,39.0
12973,39.0
12974,39.0
12975,39.0
12976,39.0
12977,39.0
12978,40.0
12979,37.0
12980,37.0
12981,37.0
12982,37.0
12983,37.0
12984,35.0
12985,35.0
12986,35.0
12987,35.0
12988,35.0
12989,35.0
12990,36.0
12991,36.0
12992,36.0
12993,36.0
12994,36.0
12995,37.0
12996,37.0
12997,37.0
12998,37.0
12999,37.0
13000,37.0
13001,38.0
13002,38.0
13003,38.0
13004,38.0
13005,38.0
13006,38.0
13007,38.0
13008,38.0
13009,38.0
13010,37.0
13011,37.0
13012,37.0
13013,37.0
13014,37.0
13015,37.0
13016,37.0
13017,38.0
13018,38.0
13019,36.0
13020,33.0
13021,33.0
13022,30.0
13023,28.0
13024,28.0
13025,28.0
13026,28.0
13027,26.0
13028,26.0
13029,26.0
13030,26.0
13031,26.0
13032,26.0
13033,26.0
13034,26.0
13035,26.0
13036,26.0
13037,26.0
13038,26.0
13039,25.0
13040,25.0
13041,25.0
13042,25.0
13043,24.0
13044,24.0
13045,24.0
13046,24.0
13047,24.0
13048,24.0
13049,24.0
13050,25.0
13051,25.0
13052,25.0
13053,25.0
13054,25.0
13055,25.0
13056,25.0
13057,25.0
13058,25.0
13059,25.0
13060,25.0
13061,25.0
13062,25.0
13063,25.0
13064,25.0
13065,25.0
13066,25.0
13067,25.0
13068,25.0
13069,25.0
13070,25.0
13071,25.0
13072,25.0
13073,25.0
13074,25.0
13075,25.0
13076,25.0
13077,22.0
13078,22.0
13079,23.0
13080,23.0
13081,23.0
13082,23.0
13083,24.0
13084,24.0
13085,24.0
13086,24.0
13087,25.0
13088,25.0
13089,24.0
13090,24.0
13091,24.0
13092,24.0
13093,24.0
13094,24.0
13095,24.0
13096,24.0
13097,23.0
13098,23.0
13099,23.0
13100,20.0
13101,20.0
13102,20.0
13103,20.0
13104,20.0
13105,20.0
13106,20.0
13107,20.0
13108,20.0
13109,20.0
13110,20.0
13111,20.0
13112,20.0
13113,20.0
13114,21.0
13115,22.0
13116,22.0
13117,22.0
13118,22.0
13119,22.0
13120,22.0
13121,22.0
13122,23.0
13123,23.0
13124,23.0
13125,23.0
13126,23.0
13127,23.0
13128,23.0
13129,23.0
13130,24.0
13131,24.0
13132,24.0
13133,24.0
13134,24.0
13135,25.0
13136,25.0
13137,25.0
13138,25.0
13139,25.0
13140,25.0
13141,25.0
13142,25.0
13143,26.0
13144,26.0
13145,26.0
13146,26.0
13147,26.0
13148,27.0
13149,26.0
13150,26.0
13151,26.0
13152,26.0
13153,26.0
13154,26.0
13155,26.0
13156,26.0
13157,26.0
13158,26.0
13159,26.0
13160,26.0
13161,26.0
13162,26.0
13163,26.0
13164,26.0
13165,26.0
13166,26.0
13167,26.0
13168,27.0
13169,27.0
13170,27.0
13171,25.0
13172,25.0
13173,25.0
13174,25.0
13175,25.0
13176,25.0
13177,25.0
13178,25.0
13179,24.0
13180,24.0
13181,24.0
13182,24.0
13183,24.0
13184,24.0
13185,24.0
13186,25.0
13187,25.0
13188,25.0
13189,25.0
13190,25.0
13191,25.0
13192,25.0
13193,25.0
13194,25.0
13195,25.0
13196,25.0
13197,25.0
13198,26.0
13199,26.0
13200,26.0
13201,26.0
13202,26.0
13203,27.0
13204,27.0
13205,27.0
13206,27.0
13207,27.0
13208,27.0
13209,27.0
13210,27.0
13211,27.0
13212,27.0
13213,22.0
13214,22.0
13215,21.0
13216,21.0
13217,21.0
13218,21.0
13219,21.0
13220,21.0
13221,21.0
13222,21.0
13223,21.0
13224,21.0
13225,21.0
13226,21.0
13227,22.0
13228,22.0
13229,22.0
13230,23.0
13231,23.0
13232,23.0
13233,23.0
13234,23.0
13235,23.0
13236,23.0
13237,22.0
13238,22.0
13239,22.0
13240,23.0
13241,24.0
13242,24.0
13243,24.0
13244,24.0
13245,24.0
13246,24.0
13247,24.0
13248,24.0
13249,24.0
13250,24.0
13251,24.0
13252,24.0
13253,24.0
13254,24.0
13255,24.0
13256,24.0
13257,24.0
13258,24.0
13259,24.0
13260,24.0
13261,24.0
13262,24.0
13263,24.0
13264,24.0
13265,24.0
13266,24.0
13267,24.0
13268,24.0
13269,24.0
13270,24.0
13271,24.0
13272,24.0
13273,24.0
13274,25.0
13275,25.0
13276,25.0
13277,25.0
13278,25.0
13279,25.0
13280,25.0
13281,25.0
13282,25.0
13283,25.0
13284,25.0
13285,25.0
13286,25.0
13287,25.0
13288,25.0
13289,25.0
13290,25.0
13291,25.0
13292,25.0
13293,25.0
13294,25.0
13295,25.0
13296,25.0
13297,25.0
13298,25.0
13299,25.0
13300,25.0
13301,25.0
13302,25.0
13303,25.0
13304,25.0
13305,25.0
13306,25.0
13307,25.0
13308,25.0
13309,25.0
13310,26.0
13311,26.0
13312,26.0
13313,26.0
13314,26.0
13315,26.0
13316,26.0
13317,26.0
13318,26.0
13319,26.0
13320,26.0
13321,26.0
13322,26.0
13323,26.0
13324,26.0
13325,26.0
13326,26.0
13327,26.0
13328,26.0
13329,26.0
13330,26.0
13331,26.0
13332,26.0
13333,26.0
13334,26.0
13335,26.0
13336,26.0
13337,26.0
13338,26.0
13339,26.0
13340,26.0
13341,26.0
13342,26.0
13343,26.0
13344,26.0
13345,26.0
13346,26.0
13347,26.0
13348,26.0
13349,26.0
13350,26.0
13351,26.0
13352,26.0
13353,26.0
13354,26.0
13355,26.0
13356,26.0
13357,26.0
13358,26.0
13359,26.0
13360,26.0
13361,26.0
13362,26.0
13363,26.0
13364,26.0
13365,26.0
13366,26.0
13367,26.0
13368,26.0
13369,27.0
13370,27.0
13371,27.0
13372,27.0
13373,27.0
13374,27.0
13375,27.0
13376,27.0
13377,27.0
13378,27.0
13379,27.0
13380,27.0
13381,27.0
13382,27.0
13383,27.0
13384,27.0
13385,27.0
13386,27.0
13387,27.0
13388,27.0
13389,27.0
13390,27.0
13391,27.0
13392,27.0
13393,27.0
13394,27.0
13395,27.0
13396,27.0
13397,28.0
13398,28.0
13399,28.0
13400,28.0
13401,29.0
13402,29.0
13403,30.0
13404,30.0
13405,29.0
13406,29.0
13407,29.0
13408,29.0
13409,29.0
13410,29.0
13411,29.0
13412,29.0
13413,29.0
13414,29.0
13415,29.0
13416,29.0
13417,29.0
13418,29.0
13419,29.0
13420,29.0
13421,29.0
13422,29.0
13423,29.0
13424,29.0
13425,29.0
13426,29.0
13427,29.0
13428,29.0
13429,29.0
13430,29.0
13431,29.0
13432,29.0
13433,29.0
13434,30.0
13435,30.0
13436,30.0
13437,30.0
13438,30.0
13439,30.0
13440,30.0
13441,30.0
13442,30.0
13443,30.0
13444,30.0
13445,30.0
13446,30.0
13447,30.0
13448,30.0
13449,30.0
13450,30.0
13451,30.0
13452,30.0
13453,28.0
13454,28.0
13455,29.0
13456,29.0
13457,29.0
13458,29.0
13459,28.0
13460,28.0
13461,29.0
13462,29.0
13463,29.0
13464,29.0
13465,29.0
13466,29.0
13467,29.0
13468,29.0
13469,29.0
13470,30.0
13471,30.0
13472,30.0
13473,30.0
13474,30.0
13475,30.0
13476,30.0
13477,30.0
13478,30.0
13479,30.0
13480,30.0
13481,30.0
13482,31.0
13483,31.0
13484,31.0
13485,31.0
13486,31.0
13487,31.0
13488,31.0
13489,31.0
13490,31.0
13491,32.0
13492,31.0
13493,31.0
13494,31.0
13495,31.0
13496,31.0
13497,31.0
13498,31.0
13499,31.0
13500,31.0
13501,31.0
13502,31.0
13503,31.0
13504,31.0
13505,31.0
13506,31.0
13507,31.0
13508,31.0
13509,31.0
13510,31.0
13511,31.0
13512,31.0
13513,31.0
13514,31.0
13515,31.0
13516,31.0
13517,31.0
13518,31.0
13519,31.0
13520,31.0
13521,31.0
13522,31.0
13523,31.0
13524,31.0
13525,31.0
13526,31.0
13527,31.0
13528,31.0
13529,31.0
13530,31.0
13531,31.0
13532,31.0
13533,32.0
13534,32.0
13535,32.0
13536,32.0
13537,32.0
13538,32.0
13539,32.0
13540,33.0
13541,33.0
13542,33.0
13543,33.0
13544,33.0
13545,33.0
13546,32.0
13547,32.0
13548,32.0
13549,32.0
13550,32.0
13551,32.0
13552,32.0
13553,32.0
13554,32.0
13555,32.0
13556,32.0
13557,32.0
13558,32.0
13559,32.0
13560,32.0
13561,32.0
13562,32.0
13563,32.0
13564,32.0
13565,32.0
13566,32.0
13567,32.0
13568,32.0
13569,32.0
13570,32.0
13571,32.0
13572,32.0
13573,32.0
13574,32.0
13575,32.0
13576,32.0
13577,32.0
13578,32.0
13579,32.0
13580,32.0
13581,32.0
13582,32.0
13583,32.0
13584,32.0
13585,32.0
13586,32.0
13587,32.0
13588,32.0
13589,32.0
13590,32.0
13591,32.0
13592,32.0
13593,32.0
13594,32.0
13595,32.0
13596,32.0
13597,32.0
13598,32.0
13599,32.0
13600,32.0
13601,32.0
13602,32.0
13603,32.0
13604,32.0
13605,32.0
13606,32.0
13607,32.0
13608,32.0
13609,32.0
13610,33.0
13611,33.0
13612,33.0
13613,32.0
13614,33.0
13615,33.0
13616,33.0
13617,33.0
13618,33.0
13619,30.0
13620,30.0
13621,30.0
13622,29.0
13623,28.0
13624,28.0
13625,28.0
13626,28.0
13627,28.0
13628,28.0
13629,28.0
13630,28.0
13631,28.0
13632,28.0
13633,28.0
13634,28.0
13635,28.0
13636,28.0
13637,28.0
13638,28.0
13639,28.0
13640,28.0
13641,28.0
13642,28.0
13643,28.0
13644,28.0
13645,28.0
13646,28.0
13647,28.0
13648,29.0
13649,28.0
13650,28.0
13651,28.0
13652,28.0
13653,28.0
13654,29.0
13655,29.0
13656,29.0
13657,29.0
13658,29.0
13659,29.0
13660,29.0
13661,30.0
13662,30.0
13663,30.0
13664,30.0
13665,30.0
13666,30.0
13667,30.0
13668,30.0
13669,30.0
13670,31.0
13671,31.0
13672,31.0
13673,31.0
13674,31.0
13675,31.0
13676,31.0
13677,31.0
13678,31.0
13679,31.0
13680,31.0
13681,31.0
13682,31.0
13683,31.0
13684,31.0
13685,32.0
13686,32.0
13687,32.0
13688,32.0
13689,32.0
13690,32.0
13691,32.0
13692,32.0
13693,32.0
13694,32.0
13695,32.0
13696,32.0
13697,32.0
13698,32.0
13699,32.0
13700,32.0
13701,32.0
13702,32.0
13703,32.0
13704,32.0
13705,32.0
13706,32.0
13707,32.0
13708,32.0
13709,33.0
13710,33.0
13711,33.0
13712,33.0
13713,33.0
13714,33.0
13715,34.0
13716,34.0
13717,34.0
13718,34.0
13719,34.0
13720,34.0
13721,34.0
13722,34.0
13723,34.0
13724,34.0
13725,34.0
13726,34.0
13727,34.0
13728,34.0
13729,34.0
13730,34.0
13731,34.0
13732,34.0
13733,34.0
13734,34.0
13735,34.0
13736,34.0
13737,34.0
13738,34.0
13739,34.0
13740,34.0
13741,34.0
13742,34.0
13743,34.0
13744,34.0
13745,34.0
13746,34.0
13747,34.0
13748,34.0
13749,34.0
13750,34.0
13751,35.0
13752,35.0
13753,35.0
13754,35.0
13755,35.0
13756,35.0
13757,36.0
13758,36.0
13759,36.0
13760,36.0
13761,36.0
13762,36.0
13763,36.0
13764,36.0
13765,36.0
13766,36.0
13767,36.0
13768,36.0
13769,36.0
13770,36.0
13771,36.0
13772,37.0
13773,37.0
13774,37.0
13775,37.0
13776,36.0
13777,36.0
13778,36.0
13779,36.0
13780,36.0
13781,36.0
13782,36.0
13783,36.0
13784,36.0
13785,36.0
13786,36.0
13787,36.0
13788,36.0
13789,36.0
13790,36.0
13791,36.0
13792,36.0
13793,36.0
13794,36.0
13795,36.0
13796,36.0
13797,36.0
13798,36.0
13799,36.0
13800,36.0
13801,36.0
13802,36.0
13803,36.0
13804,36.0
13805,36.0
13806,36.0
13807,36.0
13808,36.0
13809,36.0
13810,36.0
13811,36.0
13812,36.0
13813,36.0
13814,36.0
13815,36.0
13816,36.0
13817,36.0
13818,36.0
13819,36.0
13820,36.0
13821,36.0
13822,36.0
13823,36.0
13824,36.0
13825,36.0
13826,36.0
13827,36.0
13828,36.0
13829,36.0
13830,36.0
13831,36.0
13832,36.0
13833,36.0
13834,36.0
13835,36.0
13836,36.0
13837,36.0
13838,36.0
13839,36.0
13840,36.0
13841,36.0
13842,36.0
13843,36.0
13844,36.0
13845,36.0
13846,36.0
13847,36.0
13848,36.0
13849,36.0
13850,37.0
13851,37.0
13852,37.0
13853,37.0
13854,37.0
13855,37.0
13856,37.0
13857,37.0
13858,37.0
13859,37.0
13860,37.0
13861,37.0
13862,37.0
13863,37.0
13864,37.0
13865,37.0
13866,37.0
13867,37.0
13868,37.0
13869,37.0
13870,38.0
13871,38.0
13872,38.0
13873,38.0
13874,38.0
13875,38.0
13876,38.0
13877,39.0
13878,39.0
13879,39.0
13880,40.0
13881,40.0
13882,40.0
13883,40.0
13884,40.0
13885,40.0
13886,40.0
13887,40.0
13888,40.0
13889,40.0
13890,40.0
13891,40.0
13892,40.0
13893,40.0
13894,40.0
13895,40.0
13896,40.0
13897,40.0
13898,40.0
13899,40.0
13900,40.0
13901,40.0
13902,40.0
13903,40.0
13904,40.0
13905,40.0
13906,40.0
13907,40.0
13908,40.0
13909,40.0
13910,40.0
13911,40.0
13912,40.0
13913,40.0
13914,40.0
13915,40.0
13916,40.0
13917,40.0
13918,40.0
13919,40.0
13920,40.0
13921,40.0
13922,40.0
13923,40.0
13924,40.0
13925,40.0
13926,40.0
13927,40.0
13928,40.0
13929,40.0
13930,39.0
13931,39.0
13932,39.0
13933,40.0
13934,40.0
13935,40.0
13936,40.0
13937,40.0
13938,40.0
13939,40.0
13940,40.0
13941,40.0
13942,40.0
13943,40.0
13944,40.0
13945,40.0
13946,40.0
13947,40.0
13948,40.0
13949,40.0
13950,40.0
13951,40.0
13952,40.0
13953,40.0
13954,40.0
13955,40.0
13956,40.0
13957,40.0
13958,40.0
13959,40.0
13960,40.0
13961,40.0
13962,40.0
13963,40.0
13964,40.0
13965,40.0
13966,40.0
13967,40.0
13968,40.0
13969,40.0
13970,40.0
13971,40.0
13972,41.0
13973,41.0
13974,41.0
13975,41.0
13976,41.0
13977,41.0
13978,42.0
13979,42.0
13980,42.0
13981,42.0
13982,42.0
13983,42.0
13984,42.0
13985,42.0
13986,43.0
13987,43.0
13988,43.0
13989,43.0
13990,43.0
13991,43.0
13992,43.0
13993,43.0
13994,43.0
13995,43.0
13996,43.0
13997,43.0
13998,43.0
13999,43.0
14000,43.0
14001,43.0
14002,43.0
14003,43.0
14004,43.0
14005,43.0
14006,43.0
14007,43.0
14008,43.0
14009,44.0
14010,44.0
14011,44.0
14012,44.0
14013,44.0
14014,44.0
14015,44.0
14016,44.0
14017,44.0
14018,44.0
14019,44.0
14020,44.0
14021,44.0
14022,44.0
14023,44.0
14024,44.0
14025,44.0
14026,44.0
14027,44.0
14028,44.0
14029,44.0
14030,44.0
14031,44.0
14032,43.0
14033,43.0
14034,43.0
14035,43.0
14036,43.0
14037,43.0
14038,43.0
14039,43.0
14040,43.0
14041,44.0
14042,44.0
14043,44.0
14044,44.0
14045,44.0
14046,44.0
14047,44.0
14048,44.0
14049,44.0
14050,44.0
14051,44.0
14052,44.0
14053,44.0
14054,44.0
14055,44.0
14056,44.0
14057,44.0
14058,44.0
14059,44.0
14060,44.0
14061,44.0
14062,44.0
14063,44.0
14064,44.0
14065,44.0
14066,44.0
14067,44.0
14068,44.0
14069,44.0
14070,44.0
14071,44.0
14072,44.0
14073,44.0
14074,44.0
14075,44.0
14076,44.0
14077,44.0
14078,44.0
14079,44.0
14080,44.0
14081,44.0
14082,44.0
14083,44.0
14084,44.0
14085,44.0
14086,44.0
14087,44.0
14088,44.0
14089,44.0
14090,44.0
14091,44.0
14092,44.0
14093,44.0
14094,44.0
14095,44.0
14096,44.0
14097,44.0
14098,44.0
14099,44.0
14100,44.0
14101,44.0
14102,44.0
14103,44.0
14104,44.0
14105,41.0
14106,41.0
14107,41.0
14108,41.0
14109,41.0
14110,41.0
14111,42.0
14112,37.0
14113,37.0
14114,38.0
14115,38.0
14116,38.0
14117,38.0
14118,38.0
14119,38.0
14120,31.0
14121,31.0
14122,31.0
14123,31.0
14124,31.0
14125,31.0
14126,31.0
14127,31.0
14128,31.0
14129,31.0
14130,31.0
14131,31.0
14132,31.0
14133,32.0
14134,32.0
14135,32.0
14136,33.0
14137,33.0
14138,33.0
14139,33.0
14140,33.0
14141,33.0
14142,33.0
14143,34.0
14144,34.0
14145,34.0
14146,34.0
14147,34.0
14148,34.0
14149,34.0
14150,34.0
14151,34.0
14152,34.0
14153,34.0
14154,34.0
14155,34.0
14156,34.0
14157,34.0
14158,34.0
14159,34.0
14160,34.0
14161,34.0
14162,34.0
14163,35.0
14164,35.0
14165,36.0
14166,36.0
14167,36.0
14168,36.0
14169,35.0
14170,35.0
14171,35.0
14172,35.0
14173,35.0
14174,35.0
14175,35.0
14176,35.0
14177,35.0
14178,35.0
14179,35.0
14180,35.0
14181,36.0
14182,36.0
14183,36.0
14184,36.0
14185,36.0
14186,36.0
14187,36.0
14188,37.0
14189,37.0
14190,36.0
14191,36.0
14192,36.0
14193,36.0
14194,37.0
14195,37.0
14196,37.0
14197,37.0
14198,37.0
14199,37.0
14200,38.0
14201,38.0
14202,38.0
14203,38.0
14204,38.0
14205,38.0
14206,38.0
14207,38.0
14208,39.0
14209,38.0
14210,35.0
14211,35.0
14212,35.0
14213,35.0
14214,35.0
14215,35.0
14216,35.0
14217,31.0
14218,31.0
14219,31.0
14220,31.0
14221,31.0
14222,30.0
14223,30.0
14224,31.0
14225,31.0
14226,30.0
14227,30.0
14228,30.0
14229,30.0
14230,30.0
14231,30.0
14232,30.0
14233,30.0
14234,30.0
14235,30.0
14236,30.0
14237,30.0
14238,30.0
14239,30.0
14240,30.0
14241,30.0
14242,30.0
14243,30.0
14244,30.0
14245,30.0
14246,30.0
14247,30.0
14248,30.0
14249,30.0
14250,31.0
14251,31.0
14252,31.0
14253,31.0
14254,31.0
14255,31.0
14256,31.0
14257,31.0
14258,31.0
14259,31.0
14260,31.0
14261,31.0
14262,31.0
14263,31.0
14264,31.0
14265,31.0
14266,31.0
14267,31.0
14268,31.0
14269,31.0
14270,31.0
14271,31.0
14272,31.0
14273,31.0
14274,31.0
14275,31.0
14276,31.0
14277,31.0
14278,31.0
14279,31.0
14280,31.0
14281,31.0
14282,31.0
14283,31.0
14284,31.0
14285,31.0
14286,31.0
14287,31.0
14288,31.0
14289,31.0
14290,31.0
14291,31.0
14292,31.0
14293,31.0
14294,31.0
14295,31.0
14296,31.0
14297,31.0
14298,31.0
14299,31.0
14300,32.0
14301,32.0
14302,33.0
14303,33.0
14304,33.0
14305,33.0
14306,33.0
14307,33.0
14308,33.0
14309,33.0
14310,33.0
14311,33.0
14312,33.0
14313,33.0
14314,33.0
14315,33.0
14316,33.0
14317,33.0
14318,33.0
14319,33.0
14320,33.0
14321,33.0
14322,34.0
14323,34.0
14324,34.0
14325,34.0
14326,34.0
14327,34.0
14328,34.0
14329,34.0
14330,35.0
14331,35.0
14332,35.0
14333,35.0
14334,35.0
14335,35.0
14336,35.0
14337,35.0
14338,35.0
14339,35.0
14340,35.0
14341,35.0
14342,35.0
14343,35.0
14344,34.0
14345,34.0
14346,34.0
14347,34.0
14348,34.0
14349,34.0
14350,34.0
14351,34.0
14352,34.0
14353,34.0
14354,34.0
14355,34.0
14356,34.0
14357,34.0
14358,34.0
14359,34.0
14360,34.0
14361,34.0
14362,35.0
14363,35.0
14364,35.0
14365,35.0
14366,35.0
14367,32.0
14368,32.0
14369,32.0
14370,32.0
14371,32.0
14372,32.0
14373,32.0
14374,32.0
14375,32.0
14376,32.0
14377,32.0
14378,32.0
14379,32.0
14380,32.0
14381,32.0
14382,32.0
14383,32.0
14384,32.0
14385,32.0
14386,32.0
14387,32.0
14388,32.0
14389,33.0
14390,33.0
14391,33.0
14392,32.0
14393,32.0
14394,32.0
14395,32.0
14396,32.0
14397,32.0
14398,32.0
14399,32.0
14400,32.0
14401,33.0
14402,33.0
14403,33.0
14404,33.0
14405,33.0
14406,33.0
14407,33.0
14408,33.0
14409,33.0
14410,33.0
14411,33.0
14412,33.0
14413,33.0
14414,33.0
14415,33.0
14416,33.0
14417,33.0
14418,33.0
14419,33.0
14420,33.0
14421,33.0
14422,33.0
14423,33.0
14424,33.0
14425,33.0
14426,33.0
14427,33.0
14428,33.0
14429,33.0
14430,33.0
14431,33.0
14432,33.0
14433,33.0
14434,33.0
14435,33.0
14436,33.0
14437,33.0
14438,33.0
14439,33.0
14440,33.0
14441,33.0
14442,33.0
14443,33.0
14444,33.0
14445,33.0
14446,33.0
14447,33.0
14448,33.0
14449,33.0
14450,33.0
14451,33.0
14452,33.0
14453,33.0
14454,33.0
14455,33.0
14456,33.0
14457,33.0
14458,34.0
14459,34.0
14460,34.0
14461,35.0
14462,35.0
14463,35.0
14464,35.0
14465,35.0
14466,35.0
14467,35.0
14468,35.0
14469,35.0
14470,35.0
14471,35.0
14472,35.0
14473,35.0
14474,35.0
14475,35.0
14476,35.0
14477,35.0
14478,35.0
14479,35.0
14480,35.0
14481,35.0
14482,36.0
14483,36.0
14484,36.0
14485,36.0
14486,36.0
14487,36.0
14488,36.0
14489,36.0
14490,36.0
14491,36.0
14492,36.0
14493,37.0
14494,37.0
14495,37.0
14496,36.0
14497,36.0
14498,34.0
14499,34.0
14500,34.0
14501,34.0
14502,34.0
14503,34.0
14504,34.0
14505,34.0
14506,34.0
14507,34.0
14508,34.0
14509,34.0
14510,35.0
14511,35.0
14512,35.0
14513,36.0
14514,36.0
14515,36.0
14516,36.0
14517,36.0
14518,33.0
14519,33.0
14520,33.0
14521,33.0
14522,33.0
14523,33.0
14524,33.0
14525,33.0
14526,33.0
14527,33.0
14528,33.0
14529,33.0
14530,33.0
14531,33.0
14532,33.0
14533,33.0
14534,33.0
14535,33.0
14536,33.0
14537,33.0
14538,32.0
14539,32.0
14540,32.0
14541,32.0
14542,32.0
14543,32.0
14544,32.0
14545,32.0
14546,32.0
14547,32.0
14548,32.0
14549,32.0
14550,32.0
14551,32.0
14552,32.0
14553,33.0
14554,33.0
14555,33.0
14556,33.0
14557,33.0
14558,33.0
14559,33.0
14560,33.0
14561,33.0
14562,33.0
14563,33.0
14564,33.0
14565,33.0
14566,33.0
14567,33.0
14568,33.0
14569,33.0
14570,33.0
14571,33.0
14572,33.0
14573,33.0
14574,33.0
14575,33.0
14576,33.0
14577,33.0
14578,33.0
14579,33.0
14580,33.0
14581,33.0
14582,33.0
14583,33.0
14584,33.0
14585,33.0
14586,33.0
14587,33.0
14588,33.0
14589,33.0
14590,33.0
14591,33.0
14592,33.0
14593,34.0
14594,34.0
14595,34.0
14596,34.0
14597,34.0
14598,34.0
14599,34.0
14600,34.0
14601,34.0
14602,35.0
14603,35.0
14604,35.0
14605,35.0
14606,35.0
14607,35.0
14608,35.0
14609,35.0
14610,35.0
14611,35.0
14612,35.0
14613,35.0
14614,35.0
14615,35.0
14616,36.0
14617,36.0
14618,36.0
14619,36.0
14620,36.0
14621,36.0
14622,36.0
14623,36.0
14624,36.0
14625,36.0
14626,36.0
14627,36.0
14628,36.0
14629,36.0
14630,36.0
14631,36.0
14632,36.0
14633,36.0
14634,36.0
14635,36.0
14636,35.0
14637,35.0
14638,35.0
14639,35.0
14640,36.0
14641,35.0
14642,35.0
14643,35.0
14644,35.0
14645,35.0
14646,35.0
14647,35.0
14648,35.0
14649,34.0
14650,34.0
14651,34.0
14652,34.0
14653,34.0
14654,34.0
14655,34.0
14656,34.0
14657,35.0
14658,35.0
14659,34.0
14660,34.0
14661,34.0
14662,34.0
14663,34.0
14664,34.0
14665,34.0
14666,35.0
14667,35.0
14668,35.0
14669,35.0
14670,35.0
14671,35.0
14672,35.0
14673,35.0
14674,35.0
14675,35.0
14676,35.0
14677,35.0
14678,35.0
14679,35.0
14680,35.0
14681,34.0
14682,34.0
14683,34.0
14684,33.0
14685,33.0
14686,33.0
14687,33.0
14688,33.0
14689,33.0
14690,33.0
14691,33.0
14692,33.0
14693,33.0
14694,33.0
14695,33.0
14696,33.0
14697,33.0
14698,33.0
14699,33.0
14700,33.0
14701,33.0
14702,33.0
14703,33.0
14704,33.0
14705,33.0
14706,33.0
14707,33.0
14708,33.0
14709,33.0
14710,33.0
14711,33.0
14712,33.0
14713,33.0
14714,33.0
14715,33.0
14716,33.0
14717,33.0
14718,33.0
14719,33.0
14720,33.0
14721,33.0
14722,33.0
14723,33.0
14724,33.0
14725,33.0
14726,33.0
14727,33.0
14728,33.0
14729,33.0
14730,32.0
14731,32.0
14732,32.0
14733,31.0
14734,31.0
14735,31.0
14736,31.0
14737,31.0
14738,31.0
14739,31.0
14740,31.0
14741,31.0
14742,31.0
14743,31.0
14744,31.0
14745,31.0
14746,31.0
14747,31.0
14748,31.0
14749,31.0
14750,31.0
14751,30.0
14752,30.0
14753,30.0
14754,30.0
14755,30.0
14756,30.0
14757,30.0
14758,30.0
14759,30.0
14760,30.0
14761,30.0
14762,30.0
14763,30.0
14764,30.0
14765,30.0
14766,30.0
14767,30.0
14768,30.0
14769,31.0
14770,31.0
14771,31.0
14772,31.0
14773,31.0
14774,31.0
14775,31.0
14776,31.0
14777,30.0
14778,29.0
14779,29.0
14780,29.0
14781,29.0
14782,29.0
14783,30.0
14784,30.0
14785,30.0
14786,30.0
14787,30.0
14788,30.0
14789,30.0
14790,30.0
14791,30.0
14792,30.0
14793,30.0
14794,30.0
14795,30.0
14796,30.0
14797,30.0
14798,30.0
14799,30.0
14800,30.0
14801,30.0
14802,30.0
14803,30.0
14804,30.0
14805,30.0
14806,30.0
14807,31.0
14808,31.0
14809,32.0
14810,32.0
14811,32.0
14812,33.0
14813,32.0
14814,32.0
14815,32.0
14816,32.0
14817,32.0
14818,32.0
14819,32.0
14820,32.0
14821,32.0
14822,32.0
14823,32.0
14824,32.0
14825,32.0
14826,32.0
14827,32.0
14828,32.0
14829,32.0
14830,32.0
14831,32.0
14832,32.0
14833,32.0
14834,32.0
14835,32.0
14836,32.0
14837,32.0
14838,33.0
14839,33.0
14840,33.0
14841,33.0
14842,33.0
14843,33.0
14844,33.0
14845,33.0
14846,33.0
14847,34.0
14848,34.0
14849,34.0
14850,34.0
14851,34.0
14852,34.0
14853,34.0
14854,34.0
14855,34.0
14856,34.0
14857,35.0
14858,35.0
14859,35.0
14860,35.0
14861,35.0
14862,35.0
14863,35.0
14864,35.0
14865,35.0
14866,35.0
14867,35.0
14868,35.0
14869,35.0
14870,35.0
14871,35.0
14872,35.0
14873,36.0
14874,36.0
14875,36.0
14876,36.0
14877,36.0
14878,35.0
14879,35.0
14880,35.0
14881,32.0
14882,32.0
14883,32.0
14884,32.0
14885,32.0
14886,32.0
14887,32.0
14888,32.0
14889,32.0
14890,31.0
14891,32.0
14892,32.0
14893,32.0
14894,32.0
14895,32.0
14896,32.0
14897,33.0
14898,33.0
14899,33.0
14900,33.0
14901,33.0
14902,33.0
14903,33.0
14904,33.0
14905,33.0
14906,34.0
14907,34.0
14908,34.0
14909,34.0
14910,34.0
14911,34.0
14912,34.0
14913,34.0
14914,31.0
14915,31.0
14916,31.0
14917,31.0
14918,31.0
14919,32.0
14920,32.0
14921,32.0
14922,32.0
14923,32.0
14924,32.0
14925,32.0
14926,32.0
14927,32.0
14928,32.0
14929,32.0
14930,32.0
14931,32.0
14932,32.0
14933,32.0
14934,32.0
14935,32.0
14936,32.0
14937,33.0
14938,33.0
14939,33.0
14940,33.0
14941,33.0
14942,33.0
14943,34.0
14944,34.0
14945,34.0
14946,34.0
14947,34.0
14948,34.0
14949,34.0
14950,33.0
14951,33.0
14952,33.0
14953,33.0
14954,33.0
14955,33.0
14956,33.0
14957,33.0
14958,33.0
14959,33.0
14960,33.0
14961,33.0
14962,33.0
14963,33.0
14964,33.0
14965,33.0
14966,33.0
14967,33.0
14968,33.0
14969,33.0
14970,33.0
14971,33.0
14972,33.0
14973,33.0
14974,33.0
14975,33.0
14976,33.0
14977,33.0
14978,33.0
14979,34.0
14980,34.0
14981,34.0
14982,34.0
14983,34.0
14984,34.0
14985,34.0
14986,35.0
14987,35.0
14988,35.0
14989,36.0
14990,36.0
14991,36.0
14992,36.0
14993,36.0
14994,36.0
14995,36.0
14996,36.0
14997,36.0
14998,36.0
14999,36.0
15000,37.0
15001,37.0
15002,37.0
15003,37.0
15004,37.0
15005,37.0
15006,37.0
15007,37.0
15008,37.0
15009,37.0
15010,37.0
15011,37.0
15012,37.0
15013,37.0
15014,37.0
15015,37.0
15016,37.0
15017,37.0
15018,37.0
15019,37.0
15020,37.0
15021,37.0
15022,37.0
15023,37.0
15024,36.0
15025,36.0
15026,36.0
15027,36.0
15028,36.0
15029,36.0
15030,37.0
15031,37.0
15032,37.0
15033,37.0
15034,37.0
15035,37.0
15036,37.0
15037,37.0
15038,37.0
15039,37.0
15040,36.0
15041,36.0
15042,35.0
15043,35.0
15044,35.0
15045,35.0
15046,35.0
15047,35.0
15048,35.0
15049,35.0
15050,35.0
15051,35.0
15052,35.0
15053,35.0
15054,35.0
15055,35.0
15056,35.0
15057,35.0
15058,35.0
15059,35.0
15060,35.0
15061,35.0
15062,35.0
15063,35.0
15064,35.0
15065,35.0
15066,35.0
15067,35.0
15068,35.0
15069,35.0
15070,35.0
15071,35.0
15072,35.0
15073,35.0
15074,35.0
15075,34.0
15076,33.0
15077,30.0
15078,29.0
15079,29.0
15080,29.0
15081,29.0
15082,30.0
15083,30.0
15084,30.0
15085,30.0
15086,29.0
15087,29.0
15088,29.0
15089,29.0
15090,28.0
15091,28.0
15092,28.0
15093,29.0
15094,29.0
15095,29.0
15096,29.0
15097,29.0
15098,29.0
15099,29.0
15100,29.0
15101,30.0
15102,30.0
15103,30.0
15104,30.0
15105,29.0
15106,29.0
15107,29.0
15108,29.0
15109,29.0
15110,29.0
15111,29.0
15112,29.0
15113,29.0
15114,29.0
15115,29.0
15116,29.0
15117,29.0
15118,29.0
15119,29.0
15120,30.0
15121,30.0
15122,31.0
15123,31.0
15124,31.0
15125,31.0
15126,31.0
15127,31.0
15128,31.0
15129,31.0
15130,31.0
15131,31.0
15132,31.0
15133,31.0
15134,31.0
15135,31.0
15136,31.0
15137,32.0
15138,32.0
15139,32.0
15140,32.0
15141,32.0
15142,32.0
15143,32.0
15144,32.0
15145,32.0
15146,32.0
15147,32.0
15148,32.0
15149,32.0
15150,32.0
15151,32.0
15152,32.0
15153,32.0
15154,32.0
15155,32.0
15156,32.0
15157,32.0
15158,32.0
15159,32.0
15160,32.0
15161,32.0
15162,32.0
15163,32.0
15164,32.0
15165,32.0
15166,32.0
15167,32.0
15168,32.0
15169,32.0
15170,32.0
15171,32.0
15172,32.0
15173,32.0
15174,32.0
15175,32.0
15176,32.0
15177,33.0
15178,33.0
15179,33.0
15180,33.0
15181,33.0
15182,33.0
15183,34.0
15184,34.0
15185,34.0
15186,34.0
15187,35.0
15188,35.0
15189,35.0
15190,35.0
15191,34.0
15192,34.0
15193,34.0
15194,34.0
15195,34.0
15196,34.0
15197,34.0
15198,34.0
15199,34.0
15200,34.0
15201,34.0
15202,34.0
15203,34.0
15204,34.0
15205,34.0
15206,34.0
15207,34.0
15208,34.0
15209,35.0
15210,35.0
15211,35.0
15212,35.0
15213,35.0
15214,35.0
15215,35.0
15216,35.0
15217,35.0
15218,35.0
15219,35.0
15220,35.0
15221,35.0
15222,35.0
15223,35.0
15224,35.0
15225,35.0
15226,35.0
15227,35.0
15228,35.0
15229,35.0
15230,35.0
15231,36.0
15232,36.0
15233,36.0
15234,37.0
15235,37.0
15236,37.0
15237,37.0
15238,37.0
15239,37.0
15240,37.0
15241,37.0
15242,37.0
15243,36.0
15244,36.0
15245,36.0
15246,36.0
15247,36.0
15248,36.0
15249,36.0
15250,36.0
15251,36.0
15252,36.0
15253,36.0
15254,36.0
15255,36.0
15256,37.0
15257,37.0
15258,37.0
15259,37.0
15260,37.0
15261,37.0
15262,37.0
15263,37.0
15264,37.0
15265,37.0
15266,37.0
15267,37.0
15268,37.0
15269,37.0
15270,37.0
15271,37.0
15272,37.0
15273,37.0
15274,37.0
15275,37.0
15276,37.0
15277,37.0
15278,37.0
15279,37.0
15280,37.0
15281,37.0
15282,37.0
15283,37.0
15284,37.0
15285,37.0
15286,37.0
15287,37.0
15288,37.0
15289,37.0
15290,37.0
15291,37.0
15292,37.0
15293,37.0
15294,37.0
15295,37.0
15296,37.0
15297,37.0
15298,37.0
15299,37.0
15300,37.0
15301,37.0
15302,37.0
15303,37.0
15304,37.0
15305,37.0
15306,37.0
15307,37.0
15308,37.0
15309,37.0
15310,37.0
15311,37.0
15312,37.0
15313,37.0
15314,37.0
15315,37.0
15316,37.0
15317,37.0
15318,37.0
15319,37.0
15320,37.0
15321,37.0
15322,37.0
15323,37.0
15324,37.0
15325,37.0
15326,37.0
15327,37.0
15328,37.0
15329,37.0
15330,37.0
15331,37.0
15332,37.0
15333,37.0
15334,37.0
15335,37.0
15336,37.0
15337,37.0
15338,37.0
15339,37.0
15340,37.0
15341,37.0
15342,37.0
15343,37.0
15344,37.0
15345,37.0
15346,37.0
15347,37.0
15348,37.0
15349,37.0
15350,37.0
15351,37.0
15352,37.0
15353,37.0
15354,37.0
15355,37.0
15356,37.0
15357,37.0
15358,37.0
15359,37.0
15360,37.0
15361,37.0
15362,37.0
15363,38.0
15364,38.0
15365,38.0
15366,38.0
15367,38.0
15368,38.0
15369,38.0
15370,38.0
15371,38.0
15372,38.0
15373,39.0
15374,39.0
15375,39.0
15376,39.0
15377,39.0
15378,39.0
15379,39.0
15380,39.0
15381,39.0
15382,39.0
15383,39.0
15384,39.0
15385,39.0
15386,39.0
15387,39.0
15388,39.0
15389,39.0
15390,40.0
15391,40.0
15392,40.0
15393,40.0
15394,40.0
15395,40.0
15396,40.0
15397,40.0
15398,40.0
15399,40.0
15400,40.0
15401,40.0
15402,40.0
15403,40.0
15404,40.0
15405,40.0
15406,40.0
15407,39.0
15408,39.0
15409,39.0
15410,39.0
15411,39.0
15412,39.0
15413,39.0
15414,39.0
15415,40.0
15416,40.0
15417,40.0
15418,40.0
15419,40.0
15420,40.0
15421,40.0
15422,40.0
15423,40.0
15424,40.0
15425,40.0
15426,40.0
15427,40.0
15428,40.0
15429,40.0
15430,40.0
15431,40.0
15432,41.0
15433,41.0
15434,39.0
15435,39.0
15436,39.0
15437,37.0
15438,37.0
15439,38.0
15440,38.0
15441,34.0
15442,34.0
15443,34.0
15444,34.0
15445,34.0
15446,34.0
15447,34.0
15448,30.0
15449,30.0
15450,30.0
15451,30.0
15452,30.0
15453,30.0
15454,30.0
15455,30.0
15456,30.0
15457,31.0
15458,31.0
15459,31.0
15460,31.0
15461,31.0
15462,31.0
15463,31.0
15464,31.0
15465,28.0
15466,27.0
15467,27.0
15468,27.0
15469,27.0
15470,26.0
15471,26.0
15472,26.0
15473,26.0
15474,26.0
15475,26.0
15476,26.0
15477,26.0
15478,26.0
15479,26.0
15480,26.0
15481,26.0
15482,26.0
15483,26.0
15484,26.0
15485,26.0
15486,26.0
15487,26.0
15488,26.0
15489,26.0
15490,26.0
15491,26.0
15492,26.0
15493,26.0
15494,26.0
15495,23.0
15496,23.0
15497,23.0
15498,23.0
15499,23.0
15500,23.0
15501,23.0
15502,23.0
15503,23.0
15504,23.0
15505,23.0
15506,23.0
15507,21.0
15508,21.0
15509,21.0
15510,21.0
15511,21.0
15512,21.0
15513,21.0
15514,21.0
15515,21.0
15516,21.0
15517,21.0
15518,22.0
15519,22.0
15520,22.0
15521,22.0
15522,22.0
15523,22.0
15524,22.0
15525,22.0
15526,22.0
15527,22.0
15528,22.0
15529,22.0
15530,22.0
15531,22.0
15532,22.0
15533,22.0
15534,22.0
15535,22.0
15536,22.0
15537,22.0
15538,23.0
15539,23.0
15540,24.0
15541,24.0
15542,24.0
15543,24.0
15544,24.0
15545,24.0
15546,24.0
15547,24.0
15548,25.0
15549,26.0
15550,26.0
15551,26.0
15552,26.0
15553,26.0
15554,26.0
15555,26.0
15556,26.0
15557,26.0
15558,27.0
15559,27.0
15560,27.0
15561,27.0
15562,27.0
15563,25.0
15564,25.0
15565,25.0
15566,25.0
15567,25.0
15568,25.0
15569,25.0
15570,25.0
15571,25.0
15572,25.0
15573,25.0
15574,25.0
15575,25.0
15576,25.0
15577,25.0
15578,25.0
15579,25.0
15580,25.0
15581,25.0
15582,25.0
15583,25.0
15584,25.0
15585,25.0
15586,25.0
15587,25.0
15588,25.0
15589,25.0
15590,25.0
15591,25.0
15592,25.0
15593,25.0
15594,25.0
15595,26.0
15596,26.0
15597,25.0
15598,25.0
15599,25.0
15600,25.0
15601,25.0
15602,25.0
15603,25.0
15604,25.0
15605,25.0
15606,25.0
15607,25.0
15608,25.0
15609,25.0
15610,25.0
15611,25.0
15612,26.0
15613,26.0
15614,26.0
15615,26.0
15616,26.0
15617,26.0
15618,25.0
15619,25.0
15620,25.0
15621,25.0
15622,25.0
15623,24.0
15624,24.0
15625,24.0
15626,24.0
15627,24.0
15628,24.0
15629,24.0
15630,24.0
15631,24.0
15632,24.0
15633,24.0
15634,24.0
15635,24.0
15636,24.0
15637,24.0
15638,24.0
15639,24.0
15640,24.0
15641,24.0
15642,24.0
15643,25.0
15644,25.0
15645,25.0
15646,25.0
15647,25.0
15648,23.0
15649,23.0
15650,23.0
15651,23.0
15652,23.0
15653,23.0
15654,23.0
15655,22.0
15656,22.0
15657,22.0
15658,21.0
15659,21.0
15660,21.0
15661,21.0
15662,21.0
15663,21.0
15664,21.0
15665,20.0
15666,20.0
15667,20.0
15668,20.0
15669,20.0
15670,20.0
15671,20.0
15672,19.0
15673,19.0
15674,19.0
15675,19.0
15676,19.0
15677,19.0
15678,19.0
15679,19.0
15680,19.0
15681,20.0
15682,20.0
15683,20.0
15684,20.0
15685,20.0
15686,20.0
15687,21.0
15688,21.0
15689,21.0
15690,21.0
15691,21.0
15692,21.0
15693,21.0
15694,21.0
15695,21.0
15696,20.0
15697,20.0
15698,20.0
15699,20.0
15700,20.0
15701,20.0
15702,20.0
15703,20.0
15704,20.0
15705,20.0
15706,20.0
15707,20.0
15708,20.0
15709,20.0
15710,20.0
15711,20.0
15712,20.0
15713,21.0
15714,21.0
15715,21.0
15716,21.0
15717,21.0
15718,21.0
15719,21.0
15720,21.0
15721,21.0
15722,21.0
15723,21.0
15724,21.0
15725,19.0
15726,19.0
15727,19.0
15728,19.0
15729,19.0
15730,19.0
15731,19.0
15732,19.0
15733,19.0
15734,19.0
15735,18.0
15736,18.0
15737,18.0
15738,18.0
15739,18.0
15740,18.0
15741,18.0
15742,18.0
15743,18.0
15744,18.0
15745,19.0
15746,19.0
15747,19.0
15748,19.0
15749,19.0
15750,19.0
15751,19.0
15752,19.0
15753,19.0
15754,19.0
15755,19.0
15756,19.0
15757,19.0
15758,19.0
15759,19.0
15760,19.0
15761,19.0
15762,19.0
15763,19.0
15764,19.0
15765,19.0
15766,19.0
15767,19.0
15768,19.0
15769,19.0
15770,19.0
15771,19.0
15772,19.0
15773,19.0
15774,19.0
15775,19.0
15776,18.0
15777,18.0
15778,18.0
15779,17.0
15780,17.0
15781,17.0
15782,17.0
15783,17.0
15784,15.0
15785,15.0
15786,15.0
15787,15.0
15788,15.0
15789,15.0
15790,15.0
15791,15.0
15792,15.0
15793,13.0
15794,13.0
15795,14.0
15796,13.0
15797,13.0
15798,13.0
15799,13.0
15800,13.0
15801,13.0
15802,13.0
15803,13.0
15804,13.0
15805,12.0
15806,8.0
15807,8.0
15808,8.0
15809,8.0
15810,8.0
15811,8.0
15812,8.0
15813,8.0
15814,8.0
15815,8.0
15816,8.0
15817,8.0
15818,8.0
15819,8.0
15820,8.0
15821,8.0
15822,8.0
15823,8.0
15824,8.0
15825,8.0
15826,8.0
15827,8.0
15828,8.0
15829,8.0
15830,8.0
15831,8.0
15832,8.0
15833,8.0
15834,8.0
15835,8.0
15836,8.0
15837,8.0
15838,8.0
15839,8.0
15840,9.0
15841,9.0
15842,9.0
15843,9.0
15844,9.0
15845,9.0
15846,9.0
15847,9.0
15848,9.0
15849,10.0
15850,10.0
15851,10.0
15852,10.0
15853,9.0
15854,9.0
15855,9.0
15856,9.0
15857,9.0
15858,9.0
15859,9.0
15860,10.0
15861,10.0
15862,10.0
15863,10.0
15864,10.0
15865,10.0
15866,10.0
15867,10.0
15868,10.0
15869,10.0
15870,10.0
15871,10.0
15872,11.0
15873,11.0
15874,11.0
15875,11.0
15876,11.0
15877,11.0
15878,11.0
15879,11.0
15880,9.0
15881,9.0
15882,9.0
15883,9.0
15884,9.0
15885,9.0
15886,9.0
15887,9.0
15888,9.0
15889,9.0
15890,9.0
15891,9.0
15892,9.0
15893,9.0
15894,9.0
15895,9.0
15896,10.0
15897,10.0
15898,10.0
15899,10.0
15900,10.0
15901,10.0
15902,10.0
15903,10.0
15904,10.0
15905,10.0
15906,10.0
15907,10.0
15908,10.0
15909,10.0
15910,11.0
15911,11.0
15912,11.0
15913,11.0
15914,11.0
15915,11.0
15916,11.0
15917,11.0
15918,11.0
15919,11.0
15920,11.0
15921,11.0
15922,11.0
15923,11.0
15924,11.0
15925,11.0
15926,12.0
15927,12.0
15928,11.0
15929,11.0
15930,11.0
15931,11.0
15932,11.0
15933,12.0
15934,11.0
15935,11.0
15936,11.0
15937,11.0
15938,11.0
15939,11.0
15940,11.0
15941,11.0
15942,11.0
15943,12.0
15944,12.0
15945,12.0
15946,12.0
15947,13.0
15948,13.0
15949,13.0
15950,13.0
15951,13.0
15952,13.0
15953,13.0
15954,13.0
15955,13.0
15956,13.0
15957,13.0
15958,13.0
15959,13.0
15960,13.0
15961,13.0
15962,13.0
15963,13.0
15964,13.0
15965,13.0
15966,13.0
15967,13.0
15968,13.0
15969,13.0
15970,13.0
15971,13.0
15972,13.0
15973,13.0
15974,13.0
15975,13.0
15976,13.0
15977,13.0
15978,13.0
15979,13.0
15980,13.0
15981,13.0
15982,13.0
15983,13.0
15984,13.0
15985,13.0
15986,13.0
15987,13.0
15988,13.0
15989,13.0
15990,13.0
15991,13.0
15992,13.0
15993,13.0
15994,13.0
15995,13.0
15996,13.0
15997,13.0
15998,13.0
15999,13.0
16000,13.0
16001,13.0
16002,13.0
16003,13.0
16004,13.0
16005,13.0
16006,13.0
16007,13.0
16008,13.0
16009,13.0
16010,13.0
16011,13.0
16012,13.0
16013,13.0
16014,13.0
16015,13.0
16016,14.0
16017,14.0
16018,14.0
16019,15.0
16020,15.0
16021,15.0
16022,16.0
16023,16.0
16024,16.0
16025,16.0
16026,16.0
16027,16.0
16028,16.0
16029,16.0
16030,16.0
16031,16.0
16032,16.0
16033,17.0
16034,17.0
16035,17.0
16036,17.0
16037,17.0
16038,17.0
16039,17.0
16040,17.0
16041,17.0
16042,17.0
16043,17.0
16044,17.0
16045,17.0
16046,17.0
16047,17.0
16048,17.0
16049,17.0
16050,17.0
16051,17.0
16052,18.0
16053,18.0
16054,18.0
16055,18.0
16056,19.0
16057,19.0
16058,19.0
16059,19.0
16060,19.0
16061,19.0
16062,19.0
16063,19.0
16064,19.0
16065,19.0
16066,19.0
16067,19.0
16068,20.0
16069,20.0
16070,20.0
16071,17.0
16072,17.0
16073,17.0
16074,17.0
16075,16.0
16076,16.0
16077,16.0
16078,16.0
16079,15.0
16080,15.0
16081,15.0
16082,15.0
16083,15.0
16084,13.0
16085,13.0
16086,13.0
16087,14.0
16088,14.0
16089,14.0
16090,14.0
16091,12.0
16092,12.0
16093,12.0
16094,12.0
16095,12.0
16096,12.0
16097,12.0
16098,12.0
16099,12.0
16100,12.0
16101,12.0
16102,12.0
16103,12.0
16104,12.0
16105,12.0
16106,12.0
16107,12.0
16108,12.0
16109,12.0
16110,13.0
16111,13.0
16112,13.0
16113,14.0
16114,14.0
16115,14.0
16116,14.0
16117,14.0
16118,14.0
16119,14.0
16120,14.0
16121,15.0
16122,15.0
16123,15.0
16124,15.0
16125,15.0
16126,15.0
16127,15.0
16128,15.0
16129,15.0
16130,15.0
16131,15.0
16132,15.0
16133,15.0
16134,15.0
16135,15.0
16136,15.0
16137,16.0
16138,16.0
16139,16.0
16140,16.0
16141,16.0
16142,16.0
16143,16.0
16144,16.0
16145,16.0
16146,16.0
16147,16.0
16148,16.0
16149,16.0
16150,16.0
16151,16.0
16152,16.0
16153,16.0
16154,16.0
16155,16.0
16156,16.0
16157,16.0
16158,16.0
16159,16.0
16160,17.0
16161,17.0
16162,17.0
16163,17.0
16164,17.0
16165,17.0
16166,17.0
16167,17.0
16168,17.0
16169,17.0
16170,17.0
16171,17.0
16172,18.0
16173,18.0
16174,18.0
16175,18.0
16176,18.0
16177,18.0
16178,19.0
16179,19.0
16180,19.0
16181,19.0
16182,19.0
16183,19.0
16184,19.0
16185,19.0
16186,20.0
16187,20.0
16188,20.0
16189,20.0
16190,20.0
16191,20.0
16192,20.0
16193,20.0
16194,20.0
16195,20.0
16196,20.0
16197,20.0
16198,21.0
16199,21.0
16200,21.0
16201,21.0
16202,21.0
16203,21.0
16204,21.0
16205,21.0
16206,21.0
16207,21.0
16208,22.0
16209,22.0
16210,22.0
16211,22.0
16212,22.0
16213,22.0
16214,22.0
16215,22.0
16216,22.0
16217,22.0
16218,22.0
16219,23.0
16220,23.0
16221,23.0
16222,23.0
16223,23.0
16224,23.0
16225,23.0
16226,23.0
16227,23.0
16228,23.0
16229,23.0
16230,23.0
16231,23.0
16232,23.0
16233,23.0
16234,23.0
16235,23.0
16236,23.0
16237,23.0
16238,23.0
16239,23.0
16240,24.0
16241,24.0
16242,24.0
16243,24.0
16244,24.0
16245,24.0
16246,24.0
16247,24.0
16248,24.0
16249,24.0
16250,24.0
16251,24.0
16252,24.0
16253,24.0
16254,24.0
16255,24.0
16256,24.0
16257,24.0
16258,24.0
16259,24.0
16260,24.0
16261,24.0
16262,24.0
16263,24.0
16264,24.0
16265,24.0
16266,24.0
16267,24.0
16268,24.0
16269,24.0
16270,24.0
16271,24.0
16272,24.0
16273,24.0
16274,24.0
16275,24.0
16276,24.0
16277,25.0
16278,25.0
16279,25.0
16280,25.0
16281,25.0
16282,25.0
16283,25.0
16284,25.0
16285,25.0
16286,23.0
16287,19.0
16288,19.0
16289,19.0
16290,19.0
16291,19.0
16292,19.0
16293,19.0
16294,19.0
16295,19.0
16296,20.0
16297,20.0
16298,20.0
16299,20.0
16300,20.0
16301,20.0
16302,20.0
16303,20.0
16304,20.0
16305,20.0
16306,20.0
16307,20.0
16308,20.0
16309,20.0
16310,20.0
16311,20.0
16312,20.0
16313,20.0
16314,20.0
16315,20.0
16316,20.0
16317,20.0
16318,20.0
16319,20.0
16320,20.0
16321,20.0
16322,20.0
16323,20.0
16324,21.0
16325,21.0
16326,21.0
16327,21.0
16328,21.0
16329,21.0
16330,18.0
16331,18.0
16332,18.0
16333,18.0
16334,18.0
16335,18.0
16336,18.0
16337,18.0
16338,18.0
16339,18.0
16340,18.0
16341,18.0
16342,18.0
16343,18.0
16344,18.0
16345,18.0
16346,18.0
16347,18.0
16348,18.0
16349,18.0
16350,18.0
16351,18.0
16352,18.0
16353,18.0
16354,18.0
16355,18.0
16356,18.0
16357,18.0
16358,18.0
16359,18.0
16360,18.0
16361,18.0
16362,18.0
16363,18.0
16364,18.0
16365,19.0
16366,19.0
16367,19.0
16368,19.0
16369,19.0
16370,19.0
16371,19.0
16372,19.0
16373,19.0
16374,19.0
16375,19.0
16376,19.0
16377,19.0
16378,19.0
16379,19.0
16380,19.0
16381,19.0
16382,19.0
16383,19.0
16384,19.0
16385,19.0
16386,19.0
16387,19.0
16388,19.0
16389,19.0
16390,19.0
16391,19.0
16392,19.0
16393,19.0
16394,19.0
16395,19.0
16396,19.0
16397,19.0
16398,19.0
16399,19.0
16400,19.0
16401,19.0
16402,19.0
16403,19.0
16404,19.0
16405,19.0
16406,19.0
16407,19.0
16408,19.0
16409,19.0
16410,19.0
16411,19.0
16412,19.0
16413,19.0
16414,19.0
16415,19.0
16416,19.0
16417,19.0
16418,19.0
16419,19.0
16420,19.0
16421,19.0
16422,19.0
16423,19.0
16424,19.0
16425,19.0
16426,19.0
16427,19.0
16428,19.0
16429,20.0
16430,20.0
16431,20.0
16432,20.0
16433,20.0
16434,20.0
16435,20.0
16436,20.0
16437,20.0
16438,20.0
16439,20.0
16440,20.0
16441,20.0
16442,20.0
16443,21.0
16444,21.0
16445,21.0
16446,21.0
16447,21.0
16448,21.0
16449,21.0
16450,21.0
16451,21.0
16452,21.0
16453,21.0
16454,21.0
16455,21.0
16456,21.0
16457,21.0
16458,21.0
16459,21.0
16460,21.0
16461,21.0
16462,21.0
16463,21.0
16464,21.0
16465,21.0
16466,21.0
16467,21.0
16468,21.0
16469,21.0
16470,21.0
16471,21.0
16472,21.0
16473,21.0
16474,21.0
16475,21.0
16476,21.0
16477,21.0
16478,21.0
16479,21.0
16480,21.0
16481,21.0
16482,21.0
16483,21.0
16484,21.0
16485,21.0
16486,21.0
16487,22.0
16488,22.0
16489,22.0
16490,22.0
16491,22.0
16492,23.0
16493,23.0
16494,24.0
16495,24.0
16496,24.0
16497,24.0
16498,24.0
16499,24.0
16500,24.0
16501,24.0
16502,24.0
16503,25.0
16504,25.0
16505,25.0
16506,25.0
16507,25.0
16508,25.0
16509,25.0
16510,25.0
16511,25.0
16512,25.0
16513,26.0
16514,26.0
16515,26.0
16516,26.0
16517,26.0
16518,26.0
16519,26.0
16520,26.0
16521,26.0
16522,26.0
16523,26.0
16524,26.0
16525,26.0
16526,26.0
16527,24.0
16528,24.0
16529,24.0
16530,24.0
16531,25.0
16532,25.0
16533,25.0
16534,25.0
16535,25.0
16536,25.0
16537,25.0
16538,25.0
16539,26.0
16540,26.0
16541,26.0
16542,26.0
16543,26.0
16544,26.0
16545,26.0
16546,26.0
16547,26.0
16548,26.0
16549,26.0
16550,26.0
16551,26.0
16552,26.0
16553,26.0
16554,26.0
16555,26.0
16556,26.0
16557,26.0
16558,26.0
16559,26.0
16560,26.0
16561,26.0
16562,26.0
16563,26.0
16564,26.0
16565,26.0
16566,26.0
16567,26.0
16568,26.0
16569,26.0
16570,26.0
16571,26.0
16572,26.0
16573,26.0
16574,26.0
16575,26.0
16576,26.0
16577,26.0
16578,26.0
16579,26.0
16580,26.0
16581,27.0
16582,27.0
16583,27.0
16584,27.0
16585,27.0
16586,27.0
16587,27.0
16588,27.0
16589,27.0
16590,27.0
16591,27.0
16592,28.0
16593,28.0
16594,25.0
16595,25.0
16596,24.0
16597,24.0
16598,23.0
16599,23.0
16600,23.0
16601,23.0
16602,23.0
16603,23.0
16604,23.0
16605,23.0
16606,23.0
16607,23.0
16608,23.0
16609,23.0
16610,23.0
16611,23.0
16612,23.0
16613,24.0
16614,24.0
16615,24.0
16616,21.0
16617,20.0
16618,20.0
16619,20.0
16620,20.0
16621,20.0
16622,20.0
16623,20.0
16624,20.0
16625,20.0
16626,20.0
16627,20.0
16628,20.0
16629,20.0
16630,19.0
16631,19.0
16632,19.0
16633,19.0
16634,19.0
16635,19.0
16636,20.0
16637,20.0
16638,20.0
16639,20.0
16640,20.0
16641,20.0
16642,20.0
16643,20.0
16644,20.0
16645,20.0
16646,20.0
16647,20.0
16648,20.0
16649,20.0
16650,20.0
16651,20.0
16652,20.0
16653,20.0
16654,20.0
16655,20.0
16656,21.0
16657,21.0
16658,20.0
16659,20.0
16660,20.0
16661,20.0
16662,20.0
16663,20.0
16664,20.0
16665,20.0
16666,20.0
16667,20.0
16668,20.0
16669,20.0
16670,20.0
16671,20.0
16672,20.0
16673,20.0
16674,20.0
16675,20.0
16676,20.0
16677,20.0
16678,20.0
16679,20.0
16680,20.0
16681,18.0
16682,18.0
16683,18.0
16684,18.0
16685,18.0
16686,18.0
16687,18.0
16688,18.0
16689,18.0
16690,18.0
16691,18.0
16692,18.0
16693,18.0
16694,18.0
16695,18.0
16696,18.0
16697,18.0
16698,18.0
16699,18.0
16700,18.0
16701,18.0
16702,18.0
16703,18.0
16704,18.0
16705,18.0
16706,18.0
16707,18.0
16708,18.0
16709,19.0
16710,19.0
16711,19.0
16712,19.0
16713,19.0
16714,19.0
16715,19.0
16716,19.0
16717,19.0
16718,19.0
16719,19.0
16720,19.0
16721,19.0
16722,19.0
16723,19.0
16724,19.0
16725,19.0
16726,19.0
16727,19.0
16728,19.0
16729,20.0
16730,20.0
16731,20.0
16732,20.0
16733,20.0
16734,20.0
16735,20.0
16736,20.0
16737,20.0
16738,20.0
16739,20.0
16740,20.0
16741,20.0
16742,20.0
16743,20.0
16744,20.0
16745,20.0
16746,20.0
16747,20.0
16748,20.0
16749,20.0
16750,21.0
16751,21.0
16752,21.0
16753,21.0
16754,21.0
16755,21.0
16756,21.0
16757,21.0
16758,22.0
16759,22.0
16760,22.0
16761,22.0
16762,22.0
16763,22.0
16764,22.0
16765,22.0
16766,22.0
16767,22.0
16768,22.0
16769,22.0
16770,21.0
16771,21.0
16772,20.0
16773,20.0
16774,20.0
16775,20.0
16776,20.0
16777,20.0
16778,19.0
16779,19.0
16780,19.0
16781,19.0
16782,20.0
16783,20.0
16784,20.0
16785,20.0
16786,20.0
16787,20.0
16788,20.0
16789,20.0
16790,20.0
16791,20.0
16792,20.0
16793,20.0
16794,20.0
16795,17.0
16796,15.0
16797,15.0
16798,15.0
16799,14.0
16800,14.0
16801,14.0
16802,14.0
16803,14.0
16804,14.0
16805,14.0
16806,14.0
16807,14.0
16808,14.0
16809,14.0
16810,14.0
16811,14.0
16812,14.0
16813,14.0
16814,14.0
16815,14.0
16816,14.0
16817,14.0
16818,14.0
16819,14.0
16820,14.0
16821,14.0
16822,14.0
16823,14.0
16824,14.0
16825,14.0
16826,14.0
16827,14.0
16828,14.0
16829,14.0
16830,14.0
16831,14.0
16832,14.0
16833,14.0
16834,14.0
16835,15.0
16836,15.0
16837,15.0
16838,15.0
16839,14.0
16840,14.0
16841,14.0
16842,14.0
16843,14.0
16844,14.0
16845,14.0
16846,14.0
16847,14.0
16848,14.0
16849,14.0
16850,14.0
16851,14.0
16852,15.0
16853,15.0
16854,15.0
16855,15.0
16856,15.0
16857,15.0
16858,15.0
16859,15.0
16860,15.0
16861,15.0
16862,15.0
16863,15.0
16864,15.0
16865,15.0
16866,15.0
16867,15.0
16868,16.0
16869,15.0
16870,14.0
16871,14.0
16872,14.0
16873,14.0
16874,14.0
16875,14.0
16876,14.0
16877,14.0
16878,14.0
16879,14.0
16880,14.0
16881,14.0
16882,15.0
16883,15.0
16884,15.0
16885,15.0
16886,15.0
16887,15.0
16888,15.0
16889,15.0
16890,15.0
16891,15.0
16892,15.0
16893,15.0
16894,15.0
16895,14.0
16896,13.0
16897,13.0
16898,13.0
16899,13.0
16900,13.0
16901,13.0
16902,13.0
16903,13.0
16904,13.0
16905,13.0
16906,13.0
16907,13.0
16908,10.0
16909,10.0
16910,10.0
16911,10.0
16912,10.0
16913,10.0
16914,10.0
16915,10.0
16916,10.0
16917,10.0
16918,10.0
16919,10.0
16920,8.0
16921,8.0
16922,8.0
16923,8.0
16924,8.0
16925,8.0
16926,8.0
16927,8.0
16928,8.0
16929,8.0
16930,8.0
16931,8.0
16932,8.0
16933,9.0
16934,7.0
16935,7.0
16936,7.0
16937,7.0
16938,7.0
16939,7.0
16940,7.0
16941,6.0
16942,6.0
16943,6.0
16944,6.0
16945,6.0
16946,6.0
16947,7.0
16948,7.0
16949,7.0
16950,7.0
16951,7.0
16952,7.0
16953,7.0
16954,7.0
16955,7.0
16956,7.0
16957,7.0
16958,7.0
16959,8.0
16960,8.0
16961,8.0
16962,8.0
16963,8.0
16964,8.0
16965,8.0
16966,8.0
16967,8.0
16968,8.0
16969,8.0
16970,8.0
16971,9.0
16972,9.0
16973,9.0
16974,9.0
16975,9.0
16976,9.0
16977,9.0
16978,9.0
16979,9.0
16980,9.0
16981,9.0
16982,10.0
16983,10.0
16984,10.0
16985,10.0
16986,10.0
16987,10.0
16988,10.0
16989,10.0
16990,10.0
16991,10.0
16992,10.0
16993,10.0
16994,10.0
16995,10.0
16996,10.0
16997,10.0
16998,11.0
16999,11.0
17000,11.0
17001,11.0
17002,10.0
17003,10.0
17004,10.0
17005,10.0
17006,10.0
17007,10.0
17008,10.0
17009,10.0
17010,10.0
17011,10.0
17012,10.0
17013,10.0
17014,10.0
17015,10.0
17016,10.0
17017,10.0
17018,10.0
17019,10.0
17020,10.0
17021,10.0
17022,10.0
17023,10.0
17024,10.0
17025,10.0
17026,10.0
17027,10.0
17028,10.0
17029,10.0
17030,10.0
17031,9.0
17032,9.0
17033,9.0
17034,9.0
17035,9.0
17036,9.0
17037,9.0
17038,9.0
17039,9.0
17040,9.0
17041,9.0
17042,9.0
17043,9.0
17044,9.0
17045,9.0
17046,9.0
17047,9.0
17048,7.0
17049,7.0
17050,7.0
17051,7.0
17052,7.0
17053,7.0
17054,7.0
17055,7.0
17056,7.0
17057,8.0
17058,8.0
17059,8.0
17060,8.0
17061,8.0
17062,8.0
17063,8.0
17064,8.0
17065,8.0
17066,8.0
17067,8.0
17068,8.0
17069,8.0
17070,8.0
17071,8.0
17072,8.0
17073,8.0
17074,8.0
17075,8.0
17076,8.0
17077,8.0
17078,8.0
17079,8.0
17080,8.0
17081,8.0
17082,8.0
17083,8.0
17084,8.0
17085,8.0
17086,8.0
17087,8.0
17088,9.0
17089,9.0
17090,9.0
17091,9.0
17092,9.0
17093,9.0
17094,9.0
17095,9.0
17096,9.0
17097,9.0
17098,9.0
17099,9.0
17100,9.0
17101,9.0
17102,9.0
17103,9.0
17104,9.0
17105,9.0
17106,9.0
17107,9.0
17108,9.0
17109,9.0
17110,9.0
17111,9.0
17112,9.0
17113,9.0
17114,9.0
17115,9.0
17116,9.0
17117,9.0
17118,9.0
17119,9.0
17120,9.0
17121,9.0
17122,9.0
17123,9.0
17124,9.0
17125,9.0
17126,9.0
17127,9.0
17128,9.0
17129,9.0
17130,9.0
17131,9.0
17132,10.0
17133,10.0
17134,10.0
17135,10.0
17136,10.0
17137,10.0
17138,10.0
17139,10.0
17140,10.0
17141,10.0
17142,10.0
17143,10.0
17144,10.0
17145,10.0
17146,10.0
17147,10.0
17148,10.0
17149,10.0
17150,10.0
17151,10.0
17152,10.0
17153,10.0
17154,10.0
17155,11.0
17156,11.0
17157,10.0
17158,10.0
17159,10.0
17160,10.0
17161,10.0
17162,10.0
17163,10.0
17164,10.0
17165,10.0
17166,9.0
17167,9.0
17168,9.0
17169,9.0
17170,9.0
17171,9.0
17172,10.0
17173,10.0
17174,10.0
17175,10.0
17176,10.0
17177,10.0
17178,10.0
17179,10.0
17180,10.0
17181,10.0
17182,10.0
17183,10.0
17184,10.0
17185,10.0
17186,10.0
17187,10.0
17188,10.0
17189,10.0
17190,10.0
17191,10.0
17192,10.0
17193,11.0
17194,11.0
17195,11.0
17196,11.0
17197,11.0
17198,11.0
17199,11.0
17200,11.0
17201,11.0
17202,11.0
17203,11.0
17204,11.0
17205,11.0
17206,11.0
17207,11.0
17208,11.0
17209,11.0
17210,11.0
17211,11.0
17212,11.0
17213,11.0
17214,11.0
17215,11.0
17216,11.0
17217,11.0
17218,11.0
17219,11.0
17220,11.0
17221,11.0
17222,11.0
17223,11.0
17224,11.0
17225,11.0
17226,11.0
17227,11.0
17228,11.0
17229,11.0
17230,11.0
17231,11.0
17232,11.0
17233,11.0
17234,11.0
17235,11.0
17236,11.0
17237,11.0
17238,11.0
17239,11.0
17240,11.0
17241,11.0
17242,11.0
17243,11.0
17244,11.0
17245,11.0
17246,11.0
17247,11.0
17248,11.0
17249,11.0
17250,11.0
17251,11.0
17252,11.0
17253,11.0
17254,11.0
17255,11.0
17256,11.0
17257,11.0
17258,11.0
17259,11.0
17260,11.0
17261,11.0
17262,11.0
17263,11.0
17264,12.0
17265,12.0
17266,12.0
17267,12.0
17268,12.0
17269,12.0
17270,13.0
17271,13.0
17272,13.0
17273,13.0
17274,12.0
17275,12.0
17276,12.0
17277,12.0
17278,12.0
17279,12.0
17280,12.0
17281,12.0
17282,13.0
17283,13.0
17284,13.0
17285,13.0
17286,13.0
17287,13.0
17288,13.0
17289,13.0
17290,13.0
17291,13.0
17292,13.0
17293,14.0
17294,14.0
17295,14.0
17296,14.0
17297,14.0
17298,14.0
17299,14.0
17300,14.0
17301,14.0
17302,14.0
17303,14.0
17304,14.0
17305,14.0
17306,14.0
17307,14.0
17308,14.0
17309,14.0
17310,14.0
17311,14.0
17312,14.0
17313,14.0
17314,14.0
17315,15.0
17316,15.0
17317,15.0
17318,15.0
17319,16.0
17320,16.0
17321,16.0
17322,16.0
17323,16.0
17324,16.0
17325,16.0
17326,16.0
17327,16.0
17328,16.0
17329,16.0
17330,16.0
17331,16.0
17332,16.0
17333,16.0
17334,16.0
17335,16.0
17336,16.0
17337,16.0
17338,16.0
17339,16.0
17340,16.0
17341,16.0
17342,16.0
17343,17.0
17344,17.0
17345,17.0
17346,17.0
17347,17.0
17348,17.0
17349,17.0
17350,17.0
17351,17.0
17352,17.0
17353,17.0
17354,17.0
17355,17.0
17356,17.0
17357,17.0
17358,17.0
17359,17.0
17360,17.0
17361,17.0
17362,17.0
17363,17.0
17364,17.0
17365,17.0
17366,17.0
17367,17.0
17368,17.0
17369,17.0
17370,18.0
17371,18.0
17372,18.0
17373,18.0
17374,18.0
17375,18.0
17376,18.0
17377,18.0
17378,18.0
17379,18.0
17380,18.0
17381,18.0
17382,18.0
17383,18.0
17384,18.0
17385,18.0
17386,18.0
17387,18.0
17388,18.0
17389,18.0
17390,18.0
17391,18.0
17392,18.0
17393,18.0
17394,18.0
17395,18.0
17396,18.0
17397,18.0
17398,18.0
17399,18.0
17400,18.0
17401,19.0
17402,19.0
17403,19.0
17404,19.0
17405,19.0
17406,19.0
17407,19.0
17408,19.0
17409,19.0
17410,19.0
17411,18.0
17412,18.0
17413,18.0
17414,18.0
17415,18.0
17416,18.0
17417,18.0
17418,18.0
17419,18.0
17420,18.0
17421,18.0
17422,18.0
17423,18.0
17424,18.0
17425,18.0
17426,18.0
17427,18.0
17428,18.0
17429,18.0
17430,19.0
17431,19.0
17432,19.0
17433,19.0
17434,19.0
17435,19.0
17436,19.0
17437,19.0
17438,19.0
17439,15.0
17440,15.0
17441,15.0
17442,15.0
17443,15.0
17444,15.0
17445,15.0
17446,14.0
17447,14.0
17448,14.0
17449,13.0
17450,13.0
17451,14.0
17452,14.0
17453,14.0
17454,14.0
17455,14.0
17456,14.0
17457,14.0
17458,14.0
17459,14.0
17460,15.0
17461,15.0
17462,15.0
17463,15.0
17464,15.0
17465,15.0
17466,15.0
17467,15.0
17468,15.0
17469,16.0
17470,16.0
17471,16.0
17472,16.0
17473,16.0
17474,16.0
17475,16.0
17476,16.0
17477,16.0
17478,16.0
17479,16.0
17480,16.0
17481,16.0
17482,16.0
17483,16.0
17484,16.0
17485,16.0
17486,16.0
17487,16.0
17488,16.0
17489,16.0
17490,16.0
17491,16.0
17492,16.0
17493,16.0
17494,16.0
17495,16.0
17496,16.0
17497,16.0
17498,16.0
17499,16.0
17500,16.0
17501,16.0
17502,16.0
17503,16.0
17504,16.0
17505,16.0
17506,16.0
17507,16.0
17508,16.0
17509,16.0
17510,16.0
17511,16.0
17512,16.0
17513,16.0
17514,16.0
17515,16.0
17516,16.0
17517,17.0
17518,17.0
17519,17.0
17520,17.0
17521,17.0
17522,17.0
17523,17.0
17524,17.0
17525,17.0
17526,17.0
17527,17.0
17528,17.0
17529,17.0
17530,17.0
17531,17.0
17532,17.0
17533,17.0
17534,17.0
17535,17.0
17536,17.0
17537,17.0
17538,17.0
17539,17.0
17540,17.0
17541,17.0
17542,17.0
17543,18.0
17544,18.0
17545,18.0
17546,18.0
17547,18.0
17548,18.0
17549,18.0
17550,19.0
17551,19.0
17552,19.0
17553,19.0
17554,19.0
17555,19.0
17556,19.0
17557,19.0
17558,19.0
17559,19.0
17560,19.0
17561,19.0
17562,19.0
17563,19.0
17564,19.0
17565,19.0
17566,19.0
17567,19.0
17568,19.0
17569,19.0
17570,19.0
17571,19.0
17572,19.0
17573,19.0
17574,19.0
17575,19.0
17576,19.0
17577,19.0
17578,19.0
17579,19.0
17580,19.0
17581,19.0
17582,19.0
17583,19.0
17584,19.0
17585,19.0
17586,19.0
17587,19.0
17588,19.0
17589,19.0
17590,19.0
17591,19.0
17592,19.0
17593,19.0
17594,20.0
17595,20.0
17596,20.0
17597,20.0
17598,20.0
17599,19.0
17600,19.0
17601,19.0
17602,19.0
17603,19.0
17604,19.0
17605,19.0
17606,19.0
17607,19.0
17608,19.0
17609,19.0
17610,19.0
17611,19.0
17612,19.0
17613,19.0
17614,19.0
17615,19.0
17616,19.0
17617,20.0
17618,20.0
17619,20.0
17620,21.0
17621,21.0
17622,21.0
17623,21.0
17624,21.0
17625,21.0
17626,21.0
17627,21.0
17628,21.0
17629,21.0
17630,21.0
17631,21.0
17632,21.0
17633,21.0
17634,21.0
17635,21.0
17636,21.0
17637,21.0
17638,21.0
17639,21.0
17640,21.0
17641,21.0
17642,21.0
17643,21.0
17644,21.0
17645,21.0
17646,21.0
17647,21.0
17648,21.0
17649,21.0
17650,21.0
17651,21.0
17652,21.0
17653,21.0
17654,21.0
17655,22.0
17656,22.0
17657,22.0
17658,20.0
17659,20.0
17660,16.0
17661,16.0
17662,13.0
17663,13.0
17664,11.0
17665,11.0
17666,11.0
17667,11.0
17668,11.0
17669,11.0
17670,11.0
17671,11.0
17672,11.0
17673,11.0
17674,12.0
17675,12.0
17676,12.0
17677,13.0
17678,8.0
17679,8.0
17680,8.0
17681,8.0
17682,8.0
17683,8.0
17684,8.0
17685,8.0
17686,8.0
17687,9.0
17688,9.0
17689,9.0
17690,7.0
17691,7.0
17692,7.0
17693,7.0
17694,7.0
17695,7.0
17696,7.0
17697,7.0
17698,7.0
17699,7.0
17700,7.0
17701,7.0
17702,7.0
17703,7.0
17704,7.0
17705,7.0
17706,7.0
17707,7.0
17708,7.0
17709,7.0
17710,8.0
17711,8.0
17712,8.0
17713,8.0
17714,8.0
17715,9.0
17716,8.0
17717,8.0
17718,8.0
17719,8.0
17720,8.0
17721,8.0
17722,8.0
17723,9.0
17724,9.0
17725,9.0
17726,9.0
17727,9.0
17728,9.0
17729,9.0
17730,9.0
17731,9.0
17732,9.0
17733,9.0
17734,9.0
17735,9.0
17736,9.0
17737,9.0
17738,9.0
17739,9.0
17740,9.0
17741,9.0
17742,9.0
17743,9.0
17744,9.0
17745,10.0
17746,10.0
17747,10.0
17748,11.0
17749,11.0
17750,11.0
17751,11.0
17752,11.0
17753,11.0
17754,12.0
17755,12.0
17756,13.0
17757,13.0
17758,12.0
17759,12.0
17760,12.0
17761,12.0
17762,12.0
17763,12.0
17764,12.0
17765,8.0
17766,8.0
17767,8.0
17768,8.0
17769,8.0
17770,9.0
17771,9.0
17772,9.0
17773,9.0
17774,9.0
17775,9.0
17776,8.0
17777,8.0
17778,8.0
17779,8.0
17780,8.0
17781,8.0
17782,8.0
17783,8.0
17784,8.0
17785,8.0
17786,8.0
17787,8.0
17788,8.0
17789,8.0
17790,8.0
17791,9.0
17792,9.0
17793,9.0
17794,9.0
17795,9.0
17796,9.0
17797,9.0
17798,9.0
17799,9.0
17800,9.0
17801,9.0
17802,9.0
17803,9.0
17804,9.0
17805,7.0
17806,7.0
17807,7.0
17808,7.0
17809,7.0
17810,7.0
17811,7.0
17812,7.0
17813,7.0
17814,7.0
17815,7.0
17816,7.0
17817,7.0
17818,7.0
17819,7.0
17820,7.0
17821,7.0
17822,7.0
17823,7.0
17824,7.0
17825,8.0
17826,8.0
17827,8.0
17828,8.0
17829,8.0
17830,8.0
17831,8.0
17832,8.0
17833,8.0
17834,8.0
17835,8.0
17836,8.0
17837,8.0
17838,8.0
17839,9.0
17840,9.0
17841,9.0
17842,7.0
17843,7.0
17844,7.0
17845,7.0
17846,7.0
17847,7.0
17848,7.0
17849,7.0
17850,7.0
17851,7.0
17852,7.0
17853,7.0
17854,7.0
17855,7.0
17856,7.0
17857,7.0
17858,7.0
17859,7.0
17860,7.0
17861,7.0
17862,7.0
17863,7.0
17864,7.0
17865,7.0
17866,7.0
17867,7.0
17868,8.0
17869,8.0
17870,8.0
17871,8.0
17872,8.0
17873,8.0
17874,8.0
17875,8.0
17876,8.0
17877,8.0
17878,8.0
17879,8.0
17880,8.0
17881,8.0
17882,8.0
17883,8.0
17884,8.0
17885,8.0
17886,8.0
17887,8.0
17888,8.0
17889,8.0
17890,8.0
17891,8.0
17892,8.0
17893,8.0
17894,8.0
17895,8.0
17896,8.0
17897,8.0
17898,8.0
17899,9.0
17900,9.0
17901,9.0
17902,9.0
17903,9.0
17904,9.0
17905,10.0
17906,10.0
17907,10.0
17908,10.0
17909,10.0
17910,10.0
17911,10.0
17912,10.0
17913,10.0
17914,10.0
17915,9.0
17916,9.0
17917,9.0
17918,9.0
17919,9.0
17920,9.0
17921,9.0
17922,9.0
17923,9.0
17924,9.0
17925,9.0
17926,9.0
17927,9.0
17928,10.0
17929,10.0
17930,10.0
17931,10.0
17932,10.0
17933,10.0
17934,10.0
17935,10.0
17936,10.0
17937,10.0
17938,10.0
17939,10.0
17940,10.0
17941,10.0
17942,10.0
17943,10.0
17944,10.0
17945,10.0
17946,10.0
17947,10.0
17948,10.0
17949,10.0
17950,10.0
17951,10.0
17952,10.0
17953,10.0
17954,10.0
17955,10.0
17956,11.0
17957,11.0
17958,11.0
17959,11.0
17960,11.0
17961,11.0
17962,11.0
17963,11.0
17964,11.0
17965,11.0
17966,11.0
17967,11.0
17968,11.0
17969,11.0
17970,11.0
17971,11.0
17972,11.0
17973,11.0
17974,11.0
17975,11.0
17976,11.0
17977,12.0
17978,11.0
17979,11.0
17980,11.0
17981,11.0
17982,11.0
17983,11.0
17984,11.0
17985,11.0
17986,11.0
17987,11.0
17988,11.0
17989,11.0
17990,11.0
17991,11.0
17992,11.0
17993,11.0
17994,11.0
17995,11.0
17996,11.0
17997,11.0
17998,11.0
17999,11.0
18000,11.0
18001,11.0
18002,11.0
18003,11.0
18004,11.0
18005,11.0
18006,11.0
18007,11.0
18008,11.0
18009,11.0
18010,11.0
18011,11.0
18012,11.0
18013,11.0
18014,11.0
18015,11.0
18016,11.0
18017,11.0
18018,11.0
18019,11.0
18020,11.0
18021,11.0
18022,11.0
18023,11.0
18024,11.0
18025,11.0
18026,11.0
18027,11.0
18028,11.0
18029,11.0
18030,11.0
18031,11.0
18032,11.0
18033,11.0
18034,11.0
18035,11.0
18036,11.0
18037,11.0
18038,11.0
18039,11.0
18040,11.0
18041,11.0
18042,11.0
18043,11.0
18044,11.0
18045,11.0
18046,11.0
18047,11.0
18048,11.0
18049,11.0
18050,11.0
18051,11.0
18052,11.0
18053,11.0
18054,11.0
18055,11.0
18056,11.0
18057,11.0
18058,11.0
18059,11.0
18060,11.0
18061,11.0
18062,11.0
18063,11.0
18064,11.0
18065,11.0
18066,11.0
18067,11.0
18068,11.0
18069,11.0
18070,11.0
18071,11.0
18072,11.0
18073,11.0
18074,11.0
18075,11.0
18076,11.0
18077,11.0
18078,12.0
18079,12.0
18080,12.0
18081,12.0
18082,12.0
18083,13.0
18084,13.0
18085,13.0
18086,13.0
18087,13.0
18088,13.0
18089,13.0
18090,13.0
18091,13.0
18092,14.0
18093,14.0
18094,14.0
18095,14.0
18096,14.0
18097,14.0
18098,15.0
18099,15.0
18100,15.0
18101,15.0
18102,15.0
18103,15.0
18104,15.0
18105,14.0
18106,14.0
18107,14.0
18108,14.0
18109,14.0
18110,14.0
18111,13.0
18112,13.0
18113,13.0
18114,13.0
18115,13.0
18116,13.0
18117,13.0
18118,14.0
18119,14.0
18120,14.0
18121,14.0
18122,14.0
18123,14.0
18124,14.0
18125,14.0
18126,14.0
18127,14.0
18128,14.0
18129,14.0
18130,14.0
18131,14.0
18132,14.0
18133,15.0
18134,15.0
18135,15.0
18136,15.0
18137,15.0
18138,15.0
18139,15.0
18140,15.0
18141,15.0
18142,15.0
18143,15.0
18144,16.0
18145,16.0
18146,16.0
18147,16.0
18148,16.0
18149,16.0
18150,16.0
18151,16.0
18152,16.0
18153,16.0
18154,16.0
18155,16.0
18156,16.0
18157,16.0
18158,16.0
18159,16.0
18160,16.0
18161,16.0
18162,16.0
18163,16.0
18164,16.0
18165,16.0
18166,16.0
18167,16.0
18168,16.0
18169,16.0
18170,16.0
18171,16.0
18172,16.0
18173,16.0
18174,17.0
18175,17.0
18176,17.0
18177,17.0
18178,17.0
18179,17.0
18180,17.0
18181,17.0
18182,17.0
18183,17.0
18184,17.0
18185,17.0
18186,17.0
18187,17.0
18188,17.0
18189,17.0
18190,17.0
18191,17.0
18192,17.0
18193,17.0
18194,17.0
18195,17.0
18196,17.0
18197,17.0
18198,17.0
18199,18.0
18200,18.0
18201,18.0
18202,19.0
18203,19.0
18204,19.0
18205,19.0
18206,19.0
18207,19.0
18208,19.0
18209,19.0
18210,19.0
18211,19.0
18212,19.0
18213,19.0
18214,19.0
18215,19.0
18216,19.0
18217,19.0
18218,19.0
18219,19.0
18220,19.0
18221,19.0
18222,20.0
18223,20.0
18224,20.0
18225,20.0
18226,20.0
18227,20.0
18228,20.0
18229,20.0
18230,20.0
18231,20.0
18232,20.0
18233,20.0
18234,20.0
18235,20.0
18236,20.0
18237,20.0
18238,20.0
18239,20.0
18240,20.0
18241,20.0
18242,20.0
18243,20.0
18244,20.0
18245,20.0
18246,20.0
18247,20.0
18248,20.0
18249,20.0
18250,20.0
18251,20.0
18252,20.0
18253,20.0
18254,20.0
18255,20.0
18256,20.0
18257,20.0
18258,20.0
18259,20.0
18260,20.0
18261,20.0
18262,20.0
18263,21.0
18264,21.0
18265,21.0
18266,20.0
18267,20.0
18268,20.0
18269,20.0
18270,20.0
18271,20.0
18272,21.0
18273,21.0
18274,21.0
18275,21.0
18276,21.0
18277,21.0
18278,21.0
18279,21.0
18280,19.0
18281,19.0
18282,19.0
18283,19.0
18284,19.0
18285,19.0
18286,15.0
18287,15.0
18288,15.0
18289,15.0
18290,15.0
18291,15.0
18292,15.0
18293,15.0
18294,15.0
18295,15.0
18296,15.0
18297,15.0
18298,15.0
18299,15.0
18300,15.0
18301,15.0
18302,15.0
18303,15.0
18304,15.0
18305,15.0
18306,15.0
18307,15.0
18308,15.0
18309,15.0
18310,15.0
18311,15.0
18312,15.0
18313,15.0
18314,15.0
18315,15.0
18316,15.0
18317,15.0
18318,15.0
18319,15.0
18320,16.0
18321,16.0
18322,16.0
18323,16.0
18324,16.0
18325,16.0
18326,16.0
18327,16.0
18328,16.0
18329,16.0
18330,16.0
18331,16.0
18332,16.0
18333,17.0
18334,17.0
18335,17.0
18336,17.0
18337,17.0
18338,17.0
18339,17.0
18340,17.0
18341,17.0
18342,17.0
18343,17.0
18344,17.0
18345,17.0
18346,17.0
18347,17.0
18348,17.0
18349,17.0
18350,17.0
18351,17.0
18352,17.0
18353,18.0
18354,18.0
18355,18.0
18356,18.0
18357,18.0
18358,18.0
18359,18.0
18360,18.0
18361,18.0
18362,18.0
18363,18.0
18364,18.0
18365,18.0
18366,18.0
18367,18.0
18368,18.0
18369,18.0
18370,18.0
18371,18.0
18372,18.0
18373,18.0
18374,18.0
18375,18.0
18376,18.0
18377,18.0
18378,18.0
18379,18.0
18380,18.0
18381,18.0
18382,18.0
18383,18.0
18384,18.0
18385,18.0
18386,18.0
18387,18.0
18388,18.0
18389,18.0
18390,18.0
18391,18.0
18392,18.0
18393,18.0
18394,18.0
18395,18.0
18396,18.0
18397,18.0
18398,18.0
18399,18.0
18400,18.0
18401,18.0
18402,18.0
18403,18.0
18404,18.0
18405,18.0
18406,18.0
18407,18.0
18408,18.0
18409,18.0
18410,18.0
18411,18.0
18412,18.0
18413,18.0
18414,18.0
18415,18.0
18416,18.0
18417,18.0
18418,18.0
18419,18.0
18420,18.0
18421,18.0
18422,18.0
18423,18.0
18424,18.0
18425,18.0
18426,18.0
18427,18.0
18428,18.0
18429,18.0
18430,18.0
18431,18.0
18432,18.0
18433,18.0
18434,18.0
18435,18.0
18436,18.0
18437,18.0
18438,18.0
18439,18.0
18440,18.0
18441,18.0
18442,18.0
18443,18.0
18444,18.0
18445,18.0
18446,18.0
18447,18.0
18448,18.0
18449,18.0
18450,18.0
18451,18.0
18452,18.0
18453,18.0
18454,18.0
18455,18.0
18456,18.0
18457,18.0
18458,18.0
18459,18.0
18460,18.0
18461,18.0
18462,18.0
18463,18.0
18464,18.0
18465,18.0
18466,18.0
18467,18.0
18468,18.0
18469,18.0
18470,18.0
18471,18.0
18472,18.0
18473,18.0
18474,18.0
18475,18.0
18476,18.0
18477,18.0
18478,18.0
18479,19.0
18480,19.0
18481,19.0
18482,19.0
18483,19.0
18484,19.0
18485,19.0
18486,19.0
18487,19.0
18488,19.0
18489,20.0
18490,20.0
18491,20.0
18492,20.0
18493,20.0
18494,20.0
18495,20.0
18496,20.0
18497,20.0
18498,20.0
18499,20.0
18500,20.0
18501,20.0
18502,20.0
18503,20.0
18504,20.0
18505,20.0
18506,20.0
18507,20.0
18508,20.0
18509,20.0
18510,20.0
18511,20.0
18512,20.0
18513,20.0
18514,21.0
18515,21.0
18516,21.0
18517,21.0
18518,21.0
18519,21.0
18520,21.0
18521,21.0
18522,21.0
18523,20.0
18524,20.0
18525,20.0
18526,20.0
18527,20.0
18528,20.0
18529,20.0
18530,20.0
18531,20.0
18532,21.0
18533,21.0
18534,21.0
18535,21.0
18536,21.0
18537,21.0
18538,21.0
18539,21.0
18540,21.0
18541,21.0
18542,21.0
18543,21.0
18544,22.0
18545,22.0
18546,22.0
18547,22.0
18548,22.0
18549,22.0
18550,22.0
18551,22.0
18552,22.0
18553,22.0
18554,22.0
18555,22.0
18556,23.0
18557,23.0
18558,23.0
18559,23.0
18560,23.0
18561,22.0
18562,22.0
18563,22.0
18564,22.0
18565,22.0
18566,22.0
18567,22.0
18568,23.0
18569,23.0
18570,23.0
18571,23.0
18572,23.0
18573,23.0
18574,23.0
18575,23.0
18576,23.0
18577,23.0
18578,23.0
18579,23.0
18580,21.0
18581,21.0
18582,21.0
18583,21.0
18584,21.0
18585,21.0
18586,21.0
18587,21.0
18588,21.0
18589,21.0
18590,21.0
18591,21.0
18592,21.0
18593,21.0
18594,21.0
18595,21.0
18596,21.0
18597,21.0
18598,21.0
18599,21.0
18600,21.0
18601,21.0
18602,21.0
18603,20.0
18604,20.0
18605,20.0
18606,20.0
18607,20.0
18608,20.0
18609,20.0
18610,20.0
18611,20.0
18612,20.0
18613,20.0
18614,20.0
18615,20.0
18616,20.0
18617,20.0
18618,20.0
18619,20.0
18620,20.0
18621,20.0
18622,20.0
18623,20.0
18624,20.0
18625,20.0
18626,21.0
18627,21.0
18628,21.0
18629,21.0
18630,21.0
18631,21.0
18632,21.0
18633,21.0
18634,21.0
18635,21.0
18636,21.0
18637,21.0
18638,21.0
18639,21.0
18640,21.0
18641,21.0
18642,21.0
18643,21.0
18644,21.0
18645,21.0
18646,22.0
18647,22.0
18648,22.0
18649,22.0
18650,22.0
18651,22.0
18652,22.0
18653,22.0
18654,22.0
18655,22.0
18656,22.0
18657,22.0
18658,22.0
18659,22.0
18660,22.0
18661,22.0
18662,22.0
18663,23.0
18664,23.0
18665,23.0
18666,23.0
18667,23.0
18668,23.0
18669,20.0
18670,20.0
18671,20.0
18672,20.0
18673,20.0
18674,20.0
18675,20.0
18676,20.0
18677,20.0
18678,20.0
18679,21.0
18680,21.0
18681,21.0
18682,21.0
18683,21.0
18684,21.0
18685,21.0
18686,21.0
18687,21.0
18688,22.0
18689,22.0
18690,22.0
18691,23.0
18692,23.0
18693,22.0
18694,22.0
18695,22.0
18696,22.0
18697,22.0
18698,22.0
18699,22.0
18700,22.0
18701,22.0
18702,22.0
18703,22.0
18704,22.0
18705,22.0
18706,22.0
18707,22.0
18708,22.0
18709,22.0
18710,22.0
18711,22.0
18712,22.0
18713,22.0
18714,22.0
18715,22.0
18716,22.0
18717,22.0
18718,22.0
18719,22.0
18720,22.0
18721,22.0
18722,22.0
18723,23.0
18724,23.0
18725,23.0
18726,23.0
18727,23.0
18728,23.0
18729,23.0
18730,23.0
18731,23.0
18732,23.0
18733,23.0
18734,23.0
18735,23.0
18736,23.0
18737,23.0
18738,22.0
18739,22.0
18740,22.0
18741,22.0
18742,21.0
18743,21.0
18744,21.0
18745,21.0
18746,21.0
18747,21.0
18748,21.0
18749,21.0
18750,21.0
18751,21.0
18752,21.0
18753,21.0
18754,21.0
18755,21.0
18756,21.0
18757,21.0
18758,21.0
18759,21.0
18760,21.0
18761,21.0
18762,21.0
18763,21.0
18764,21.0
18765,21.0
18766,21.0
18767,21.0
18768,21.0
18769,21.0
18770,22.0
18771,22.0
18772,22.0
18773,22.0
18774,22.0
18775,22.0
18776,22.0
18777,19.0
18778,19.0
18779,19.0
18780,19.0
18781,8.0
18782,8.0
18783,8.0
18784,8.0
18785,8.0
18786,8.0
18787,8.0
18788,8.0
18789,9.0
18790,9.0
18791,9.0
18792,10.0
18793,10.0
18794,10.0
18795,10.0
18796,10.0
18797,10.0
18798,10.0
18799,10.0
18800,10.0
18801,10.0
18802,10.0
18803,10.0
18804,10.0
18805,11.0
18806,11.0
18807,10.0
18808,10.0
18809,10.0
18810,10.0
18811,10.0
18812,10.0
18813,10.0
18814,10.0
18815,10.0
18816,10.0
18817,10.0
18818,11.0
18819,11.0
18820,11.0
18821,11.0
18822,11.0
18823,11.0
18824,11.0
18825,11.0
18826,11.0
18827,11.0
18828,11.0
18829,11.0
18830,11.0
18831,11.0
18832,12.0
18833,12.0
18834,12.0
18835,12.0
18836,11.0
18837,11.0
18838,11.0
18839,11.0
18840,11.0
18841,11.0
18842,11.0
18843,11.0
18844,11.0
18845,11.0
18846,11.0
18847,11.0
18848,11.0
18849,11.0
18850,11.0
18851,11.0
18852,11.0
18853,11.0
18854,11.0
18855,11.0
18856,12.0
18857,12.0
18858,11.0
18859,11.0
18860,11.0
18861,11.0
18862,11.0
18863,11.0
18864,11.0
18865,11.0
18866,11.0
18867,11.0
18868,11.0
18869,11.0
18870,11.0
18871,11.0
18872,11.0
18873,11.0
18874,11.0
18875,11.0
18876,11.0
18877,11.0
18878,10.0
18879,10.0
18880,10.0
18881,10.0
18882,10.0
18883,10.0
18884,10.0
18885,10.0
18886,10.0
18887,10.0
18888,10.0
18889,10.0
18890,10.0
18891,10.0
18892,10.0
18893,10.0
18894,10.0
18895,8.0
18896,8.0
18897,8.0
18898,8.0
18899,8.0
18900,8.0
18901,8.0
18902,8.0
18903,8.0
18904,8.0
18905,6.0
18906,6.0
18907,6.0
18908,6.0
18909,6.0
18910,6.0
18911,6.0
18912,6.0
18913,6.0
18914,6.0
18915,6.0
18916,6.0
18917,6.0
18918,6.0
18919,6.0
18920,6.0
18921,6.0
18922,6.0
18923,7.0
18924,7.0
18925,7.0
18926,7.0
18927,7.0
18928,7.0
18929,7.0
18930,7.0
18931,7.0
18932,7.0
18933,7.0
18934,7.0
18935,7.0
18936,7.0
18937,7.0
18938,7.0
18939,7.0
18940,7.0
18941,7.0
18942,8.0
18943,8.0
18944,8.0
18945,8.0
18946,8.0
18947,8.0
18948,8.0
18949,8.0
18950,8.0
18951,8.0
18952,6.0
18953,7.0
18954,7.0
18955,7.0
18956,6.0
18957,6.0
18958,6.0
18959,6.0
18960,6.0
18961,6.0
18962,6.0
18963,6.0
18964,7.0
18965,7.0
18966,7.0
18967,7.0
18968,6.0
18969,6.0
18970,6.0
18971,7.0
18972,7.0
18973,7.0
18974,7.0
18975,7.0
18976,7.0
18977,7.0
18978,7.0
18979,7.0
18980,7.0
18981,7.0
18982,7.0
18983,7.0
18984,7.0
18985,7.0
18986,7.0
18987,7.0
18988,7.0
18989,7.0
18990,7.0
18991,7.0
18992,7.0
18993,7.0
18994,7.0
18995,7.0
18996,7.0
18997,7.0
18998,7.0
18999,7.0
19000,7.0
19001,7.0
19002,7.0
19003,7.0
19004,7.0
19005,7.0
19006,7.0
19007,7.0
19008,7.0
19009,7.0
19010,7.0
19011,7.0
19012,7.0
19013,7.0
19014,7.0
19015,7.0
19016,8.0
19017,8.0
19018,8.0
19019,8.0
19020,8.0
19021,8.0
19022,8.0
19023,8.0
19024,8.0
19025,8.0
19026,8.0
19027,8.0
19028,8.0
19029,8.0
19030,8.0
19031,8.0
19032,8.0
19033,8.0
19034,8.0
19035,8.0
19036,9.0
19037,9.0
19038,9.0
19039,9.0
19040,9.0
19041,9.0
19042,9.0
19043,9.0
19044,9.0
19045,9.0
19046,9.0
19047,9.0
19048,9.0
19049,9.0
19050,9.0
19051,9.0
19052,9.0
19053,9.0
19054,9.0
19055,9.0
19056,9.0
19057,9.0
19058,10.0
19059,9.0
19060,9.0
19061,9.0
19062,9.0
19063,9.0
19064,9.0
19065,9.0
19066,9.0
19067,9.0
19068,9.0
19069,9.0
19070,9.0
19071,9.0
19072,9.0
19073,9.0
19074,9.0
19075,10.0
19076,10.0
19077,10.0
19078,10.0
19079,10.0
19080,10.0
19081,10.0
19082,10.0
19083,10.0
19084,10.0
19085,10.0
19086,10.0
19087,10.0
19088,10.0
19089,10.0
19090,10.0
19091,10.0
19092,10.0
19093,10.0
19094,10.0
19095,11.0
19096,11.0
19097,11.0
19098,11.0
19099,11.0
19100,11.0
19101,11.0
19102,11.0
19103,11.0
19104,11.0
19105,11.0
19106,11.0
19107,11.0
19108,11.0
19109,11.0
19110,11.0
19111,11.0
19112,11.0
19113,11.0
19114,11.0
19115,11.0
19116,12.0
19117,12.0
19118,12.0
19119,12.0
19120,12.0
19121,12.0
19122,12.0
19123,12.0
19124,12.0
19125,12.0
19126,12.0
19127,12.0
19128,12.0
19129,12.0
19130,12.0
19131,13.0
19132,13.0
19133,13.0
19134,13.0
19135,13.0
19136,13.0
19137,13.0
19138,13.0
19139,13.0
19140,13.0
19141,13.0
19142,13.0
19143,13.0
19144,13.0
19145,13.0
19146,13.0
19147,13.0
19148,13.0
19149,13.0
19150,13.0
19151,13.0
19152,13.0
19153,14.0
19154,14.0
19155,14.0
19156,14.0
19157,14.0
19158,14.0
19159,14.0
19160,14.0
19161,14.0
19162,14.0
19163,14.0
19164,14.0
19165,14.0
19166,14.0
19167,14.0
19168,14.0
19169,14.0
19170,14.0
19171,14.0
19172,14.0
19173,13.0
19174,13.0
19175,13.0
19176,13.0
19177,12.0
19178,12.0
19179,12.0
19180,12.0
19181,12.0
19182,12.0
19183,13.0
19184,12.0
19185,12.0
19186,12.0
19187,12.0
19188,12.0
19189,12.0
19190,13.0
19191,13.0
19192,13.0
19193,13.0
19194,13.0
19195,13.0
19196,13.0
19197,13.0
19198,14.0
19199,14.0
19200,14.0
19201,14.0
19202,14.0
19203,14.0
19204,14.0
19205,14.0
19206,14.0
19207,14.0
19208,14.0
19209,14.0
19210,14.0
19211,14.0
19212,13.0
19213,13.0
19214,12.0
19215,12.0
19216,12.0
19217,12.0
19218,12.0
19219,12.0
19220,12.0
19221,12.0
19222,12.0
19223,12.0
19224,12.0
19225,12.0
19226,12.0
19227,12.0
19228,12.0
19229,12.0
19230,12.0
19231,12.0
19232,12.0
19233,13.0
19234,13.0
19235,13.0
19236,13.0
19237,11.0
19238,11.0
19239,11.0
19240,11.0
19241,11.0
19242,11.0
19243,11.0
19244,11.0
19245,11.0
19246,11.0
19247,11.0
19248,11.0
19249,11.0
19250,12.0
19251,12.0
19252,12.0
19253,12.0
19254,12.0
19255,12.0
19256,12.0
19257,12.0
19258,12.0
19259,12.0
19260,12.0
19261,13.0
19262,13.0
19263,13.0
19264,13.0
19265,13.0
19266,13.0
19267,13.0
19268,13.0
19269,12.0
19270,12.0
19271,12.0
19272,12.0
19273,12.0
19274,12.0
19275,12.0
19276,12.0
19277,12.0
19278,12.0
19279,12.0
19280,12.0
19281,12.0
19282,13.0
19283,13.0
19284,13.0
19285,13.0
19286,13.0
19287,13.0
19288,13.0
19289,13.0
19290,13.0
19291,13.0
19292,13.0
19293,13.0
19294,13.0
19295,13.0
19296,13.0
19297,13.0
19298,13.0
19299,13.0
19300,13.0
19301,13.0
19302,13.0
19303,13.0
19304,13.0
19305,13.0
19306,13.0
19307,13.0
19308,13.0
19309,13.0
19310,13.0
19311,13.0
19312,13.0
19313,13.0
19314,13.0
19315,13.0
19316,13.0
19317,13.0
19318,13.0
19319,13.0
19320,13.0
19321,13.0
19322,13.0
19323,13.0
19324,13.0
19325,13.0
19326,14.0
19327,14.0
19328,15.0
19329,16.0
19330,16.0
19331,16.0
19332,16.0
19333,16.0
19334,16.0
19335,16.0
19336,16.0
19337,16.0
19338,16.0
19339,16.0
19340,16.0
19341,16.0
19342,17.0
19343,14.0
19344,14.0
19345,14.0
19346,14.0
19347,14.0
19348,14.0
19349,14.0
19350,14.0
19351,14.0
19352,14.0
19353,14.0
19354,14.0
19355,14.0
19356,14.0
19357,14.0
19358,14.0
19359,14.0
19360,14.0
19361,14.0
19362,14.0
19363,14.0
19364,14.0
19365,14.0
19366,14.0
19367,14.0
19368,14.0
19369,14.0
19370,14.0
19371,14.0
19372,14.0
19373,14.0
19374,14.0
19375,14.0
19376,14.0
19377,14.0
19378,14.0
19379,14.0
19380,14.0
19381,14.0
19382,14.0
19383,14.0
19384,14.0
19385,14.0
19386,14.0
19387,14.0
19388,14.0
19389,14.0
19390,14.0
19391,14.0
19392,14.0
19393,14.0
19394,14.0
19395,14.0
19396,14.0
19397,14.0
19398,14.0
19399,14.0
19400,14.0
19401,14.0
19402,14.0
19403,14.0
19404,14.0
19405,14.0
19406,14.0
19407,14.0
19408,14.0
19409,14.0
19410,14.0
19411,14.0
19412,14.0
19413,14.0
19414,14.0
19415,14.0
19416,14.0
19417,14.0
19418,14.0
19419,14.0
19420,14.0
19421,14.0
19422,15.0
19423,15.0
19424,15.0
19425,15.0
19426,15.0
19427,15.0
19428,15.0
19429,15.0
19430,14.0
19431,13.0
19432,12.0
19433,12.0
19434,12.0
19435,12.0
19436,12.0
19437,12.0
19438,12.0
19439,12.0
19440,12.0
19441,13.0
19442,13.0
19443,13.0
19444,13.0
19445,13.0
19446,13.0
19447,13.0
19448,13.0
19449,14.0
19450,14.0
19451,14.0
19452,14.0
19453,14.0
19454,14.0
19455,14.0
19456,14.0
19457,14.0
19458,14.0
19459,14.0
19460,15.0
19461,15.0
19462,15.0
19463,15.0
19464,15.0
19465,15.0
19466,15.0
19467,15.0
19468,15.0
19469,15.0
19470,15.0
19471,15.0
19472,15.0
19473,15.0
19474,16.0
19475,16.0
19476,16.0
19477,16.0
19478,16.0
19479,15.0
19480,15.0
19481,15.0
19482,15.0
19483,15.0
19484,15.0
19485,15.0
19486,15.0
19487,15.0
19488,15.0
19489,15.0
19490,15.0
19491,15.0
19492,15.0
19493,15.0
19494,15.0
19495,15.0
19496,15.0
19497,15.0
19498,15.0
19499,15.0
19500,15.0
19501,15.0
19502,15.0
19503,15.0
19504,15.0
19505,15.0
19506,15.0
19507,15.0
19508,15.0
19509,15.0
19510,15.0
19511,15.0
19512,15.0
19513,15.0
19514,16.0
19515,16.0
19516,16.0
19517,16.0
19518,16.0
19519,16.0
19520,16.0
19521,16.0
19522,16.0
19523,16.0
19524,16.0
19525,16.0
19526,16.0
19527,16.0
19528,16.0
19529,16.0
19530,17.0
19531,17.0
19532,17.0
19533,17.0
19534,17.0
19535,17.0
19536,17.0
19537,17.0
19538,17.0
19539,17.0
19540,17.0
19541,17.0
19542,17.0
19543,17.0
19544,17.0
19545,17.0
19546,17.0
19547,17.0
19548,17.0
19549,17.0
19550,17.0
19551,17.0
19552,17.0
19553,17.0
19554,17.0
19555,17.0
19556,17.0
19557,17.0
19558,17.0
19559,17.0
19560,17.0
19561,17.0
19562,17.0
19563,17.0
19564,17.0
19565,17.0
19566,17.0
19567,17.0
19568,17.0
19569,17.0
19570,17.0
19571,17.0
19572,17.0
19573,17.0
19574,17.0
19575,17.0
19576,17.0
19577,17.0
19578,17.0
19579,17.0
19580,17.0
19581,17.0
19582,17.0
19583,17.0
19584,17.0
19585,17.0
19586,17.0
19587,17.0
19588,17.0
19589,17.0
19590,17.0
19591,17.0
19592,17.0
19593,17.0
19594,17.0
19595,17.0
19596,17.0
19597,17.0
19598,17.0
19599,17.0
19600,17.0
19601,17.0
19602,17.0
19603,17.0
19604,17.0
19605,17.0
19606,17.0
19607,17.0
19608,17.0
19609,17.0
19610,17.0
19611,17.0
19612,17.0
19613,17.0
19614,18.0
19615,18.0
19616,18.0
19617,18.0
19618,18.0
19619,18.0
19620,18.0
19621,18.0
19622,18.0
19623,18.0
19624,19.0
19625,19.0
19626,19.0
19627,19.0
19628,19.0
19629,19.0
19630,19.0
19631,19.0
19632,19.0
19633,19.0
19634,19.0
19635,19.0
19636,19.0
19637,19.0
19638,20.0
19639,20.0
19640,20.0
19641,20.0
19642,20.0
19643,20.0
19644,20.0
19645,20.0
19646,20.0
19647,20.0
19648,20.0
19649,20.0
19650,20.0
19651,20.0
19652,20.0
19653,20.0
19654,20.0
19655,20.0
19656,20.0
19657,20.0
19658,20.0
19659,20.0
19660,20.0
19661,20.0
19662,20.0
19663,20.0
19664,20.0
19665,20.0
19666,20.0
19667,20.0
19668,20.0
19669,20.0
19670,20.0
19671,20.0
19672,20.0
19673,20.0
19674,20.0
19675,20.0
19676,20.0
19677,20.0
19678,20.0
19679,20.0
19680,20.0
19681,20.0
19682,20.0
19683,20.0
19684,20.0
19685,20.0
19686,20.0
19687,20.0
19688,20.0
19689,20.0
19690,20.0
19691,20.0
19692,20.0
19693,20.0
19694,20.0
19695,20.0
19696,20.0
19697,20.0
19698,20.0
19699,20.0
19700,20.0
19701,20.0
19702,20.0
19703,20.0
19704,20.0
19705,20.0
19706,20.0
19707,20.0
19708,20.0
19709,20.0
19710,20.0
19711,20.0
19712,20.0
19713,20.0
19714,20.0
19715,20.0
19716,20.0
19717,20.0
19718,20.0
19719,20.0
19720,20.0
19721,20.0
19722,20.0
19723,20.0
19724,20.0
19725,20.0
19726,20.0
19727,21.0
19728,21.0
19729,21.0
19730,21.0
19731,21.0
19732,21.0
19733,21.0
19734,21.0
19735,21.0
19736,21.0
19737,21.0
19738,21.0
19739,21.0
19740,21.0
19741,21.0
19742,21.0
19743,21.0
19744,21.0
19745,21.0
19746,21.0
19747,21.0
19748,21.0
19749,21.0
19750,21.0
19751,21.0
19752,21.0
19753,21.0
19754,21.0
19755,21.0
19756,21.0
19757,21.0
19758,21.0
19759,21.0
19760,21.0
19761,21.0
19762,21.0
19763,21.0
19764,21.0
19765,21.0
19766,21.0
19767,21.0
19768,21.0
19769,21.0
19770,21.0
19771,21.0
19772,21.0
19773,21.0
19774,21.0
19775,21.0
19776,21.0
19777,21.0
19778,21.0
19779,22.0
19780,22.0
19781,22.0
19782,22.0
19783,22.0
19784,22.0
19785,22.0
19786,22.0
19787,23.0
19788,23.0
19789,23.0
19790,23.0
19791,22.0
19792,22.0
19793,22.0
19794,22.0
19795,22.0
19796,22.0
19797,22.0
19798,22.0
19799,22.0
19800,22.0
19801,22.0
19802,22.0
19803,22.0
19804,22.0
19805,22.0
19806,22.0
19807,22.0
19808,22.0
19809,23.0
19810,23.0
19811,23.0
19812,23.0
19813,23.0
19814,23.0
19815,24.0
19816,24.0
19817,24.0
19818,25.0
19819,25.0
19820,25.0
19821,25.0
19822,25.0
19823,24.0
19824,24.0
19825,24.0
19826,24.0
19827,24.0
19828,24.0
19829,25.0
19830,25.0
19831,25.0
19832,25.0
19833,25.0
19834,25.0
19835,25.0
19836,25.0
19837,25.0
19838,25.0
19839,26.0
19840,26.0
19841,26.0
19842,26.0
19843,26.0
19844,26.0
19845,26.0
19846,26.0
19847,26.0
19848,26.0
19849,26.0
19850,26.0
19851,26.0
19852,26.0
19853,27.0
19854,27.0
19855,27.0
19856,27.0
19857,27.0
19858,27.0
19859,27.0
19860,27.0
19861,27.0
19862,27.0
19863,27.0
19864,27.0
19865,27.0
19866,27.0
19867,27.0
19868,27.0
19869,27.0
19870,27.0
19871,27.0
19872,28.0
19873,28.0
19874,28.0
19875,28.0
19876,28.0
19877,28.0
19878,26.0
19879,26.0
19880,26.0
19881,26.0
19882,26.0
19883,26.0
19884,26.0
19885,27.0
19886,27.0
19887,27.0
19888,28.0
19889,28.0
19890,28.0
19891,28.0
19892,28.0
19893,28.0
19894,28.0
19895,28.0
19896,29.0
19897,29.0
19898,29.0
19899,29.0
19900,29.0
19901,29.0
19902,29.0
19903,29.0
19904,29.0
19905,29.0
19906,29.0
19907,29.0
19908,29.0
19909,30.0
19910,30.0
19911,30.0
19912,30.0
19913,30.0
19914,30.0
19915,30.0
19916,30.0
19917,30.0
19918,30.0
19919,30.0
19920,30.0
19921,30.0
19922,30.0
19923,31.0
19924,31.0
19925,31.0
19926,31.0
19927,31.0
19928,30.0
19929,28.0
19930,28.0
19931,28.0
19932,28.0
19933,28.0
19934,28.0
19935,28.0
19936,28.0
19937,28.0
19938,28.0
19939,26.0
19940,26.0
19941,26.0
19942,26.0
19943,26.0
19944,26.0
19945,26.0
19946,26.0
19947,26.0
19948,26.0
19949,26.0
19950,26.0
19951,26.0
19952,26.0
19953,26.0
19954,26.0
19955,26.0
19956,26.0
19957,27.0
19958,27.0
19959,27.0
19960,27.0
19961,27.0
19962,27.0
19963,27.0
19964,27.0
19965,27.0
19966,28.0
19967,28.0
19968,28.0
19969,28.0
19970,28.0
19971,28.0
19972,28.0
19973,28.0
19974,28.0
19975,28.0
19976,28.0
19977,28.0
19978,28.0
19979,28.0
19980,28.0
19981,28.0
19982,26.0
19983,26.0
19984,26.0
19985,26.0
19986,26.0
19987,26.0
19988,26.0
19989,26.0
19990,26.0
19991,26.0
19992,26.0
19993,26.0
19994,26.0
19995,26.0
19996,26.0
19997,27.0
19998,27.0
19999,27.0
20000,27.0
20001,27.0
20002,27.0
20003,27.0
20004,27.0
20005,27.0
20006,27.0
20007,27.0
20008,27.0
20009,27.0
20010,27.0
20011,27.0
20012,27.0
20013,27.0
20014,27.0
20015,27.0
20016,27.0
20017,27.0
20018,27.0
20019,27.0
20020,27.0
20021,27.0
20022,27.0
20023,27.0
20024,27.0
20025,27.0
20026,27.0
20027,27.0
20028,27.0
20029,27.0
20030,27.0
20031,27.0
20032,27.0
20033,27.0
20034,27.0
20035,27.0
20036,27.0
20037,27.0
20038,27.0
20039,27.0
20040,27.0
20041,27.0
20042,27.0
20043,27.0
20044,27.0
20045,27.0
20046,27.0
20047,27.0
20048,27.0
20049,27.0
20050,27.0
20051,27.0
20052,27.0
20053,27.0
20054,27.0
20055,27.0
20056,27.0
20057,27.0
20058,27.0
20059,27.0
20060,27.0
20061,27.0
20062,27.0
20063,27.0
20064,27.0
20065,27.0
20066,27.0
20067,27.0
20068,27.0
20069,27.0
20070,27.0
20071,27.0
20072,27.0
20073,27.0
20074,27.0
20075,27.0
20076,28.0
20077,28.0
20078,28.0
20079,28.0
20080,28.0
20081,28.0
20082,28.0
20083,28.0
20084,28.0
20085,28.0
20086,28.0
20087,28.0
20088,28.0
20089,28.0
20090,29.0
20091,29.0
20092,29.0
20093,30.0
20094,30.0
20095,30.0
20096,30.0
20097,30.0
20098,30.0
20099,30.0
20100,30.0
20101,30.0
20102,30.0
20103,30.0
20104,30.0
20105,30.0
20106,30.0
20107,30.0
20108,30.0
20109,30.0
20110,30.0
20111,30.0
20112,30.0
20113,30.0
20114,31.0
20115,31.0
20116,31.0
20117,31.0
20118,31.0
20119,31.0
20120,31.0
20121,31.0
20122,31.0
20123,31.0
20124,31.0
20125,31.0
20126,31.0
20127,31.0
20128,31.0
20129,31.0
20130,31.0
20131,31.0
20132,31.0
20133,31.0
20134,31.0
20135,31.0
20136,31.0
20137,31.0
20138,31.0
20139,31.0
20140,31.0
20141,31.0
20142,31.0
20143,31.0
20144,31.0
20145,31.0
20146,31.0
20147,31.0
20148,31.0
20149,31.0
20150,31.0
20151,31.0
20152,31.0
20153,31.0
20154,31.0
20155,31.0
20156,31.0
20157,31.0
20158,31.0
20159,31.0
20160,31.0
20161,31.0
20162,31.0
20163,31.0
20164,31.0
20165,31.0
20166,31.0
20167,31.0
20168,31.0
20169,31.0
20170,31.0
20171,31.0
20172,32.0
20173,32.0
20174,32.0
20175,32.0
20176,32.0
20177,32.0
20178,32.0
20179,32.0
20180,32.0
20181,33.0
20182,33.0
20183,33.0
20184,33.0
20185,33.0
20186,33.0
20187,33.0
20188,33.0
20189,33.0
20190,33.0
20191,33.0
20192,33.0
20193,33.0
20194,33.0
20195,33.0
20196,34.0
20197,34.0
20198,34.0
20199,34.0
20200,34.0
20201,34.0
20202,34.0
20203,34.0
20204,34.0
20205,34.0
20206,34.0
20207,34.0
20208,34.0
20209,34.0
20210,34.0
20211,34.0
20212,34.0
20213,34.0
20214,34.0
20215,35.0
20216,35.0
20217,35.0
20218,35.0
20219,35.0
20220,35.0
20221,35.0
20222,35.0
20223,35.0
20224,35.0
20225,35.0
20226,35.0
20227,35.0
20228,35.0
20229,35.0
20230,35.0
20231,35.0
20232,35.0
20233,35.0
20234,35.0
20235,35.0
20236,35.0
20237,35.0
20238,35.0
20239,35.0
20240,35.0
20241,35.0
20242,35.0
20243,35.0
20244,35.0
20245,35.0
20246,35.0
20247,35.0
20248,35.0
20249,36.0
20250,36.0
20251,36.0
20252,36.0
20253,36.0
20254,36.0
20255,36.0
20256,36.0
20257,36.0
20258,35.0
20259,35.0
20260,35.0
20261,35.0
20262,35.0
20263,35.0
20264,35.0
20265,35.0
20266,35.0
20267,35.0
20268,35.0
20269,36.0
20270,36.0
20271,36.0
20272,36.0
20273,36.0
20274,36.0
20275,36.0
20276,36.0
20277,36.0
20278,36.0
20279,36.0
20280,36.0
20281,36.0
20282,36.0
20283,36.0
20284,36.0
20285,35.0
20286,35.0
20287,35.0
20288,35.0
20289,35.0
20290,35.0
20291,35.0
20292,35.0
20293,35.0
20294,35.0
20295,35.0
20296,35.0
20297,36.0
20298,36.0
20299,36.0
20300,36.0
20301,36.0
20302,36.0
20303,36.0
20304,37.0
20305,37.0
20306,35.0
20307,35.0
20308,35.0
20309,35.0
20310,35.0
20311,35.0
20312,35.0
20313,35.0
20314,35.0
20315,35.0
20316,35.0
20317,35.0
20318,35.0
20319,35.0
20320,35.0
20321,35.0
20322,35.0
20323,35.0
20324,35.0
20325,35.0
20326,35.0
20327,35.0
20328,35.0
20329,35.0
20330,35.0
20331,35.0
20332,35.0
20333,35.0
20334,35.0
20335,36.0
20336,36.0
20337,36.0
20338,36.0
20339,36.0
20340,36.0
20341,36.0
20342,36.0
20343,36.0
20344,36.0
20345,35.0
20346,35.0
20347,35.0
20348,35.0
20349,35.0
20350,35.0
20351,36.0
20352,36.0
20353,36.0
20354,36.0
20355,36.0
20356,37.0
20357,37.0
20358,37.0
20359,37.0
20360,37.0
20361,37.0
20362,37.0
20363,37.0
20364,37.0
20365,37.0
20366,37.0
20367,37.0
20368,37.0
20369,37.0
20370,37.0
20371,38.0
20372,38.0
20373,38.0
20374,38.0
20375,38.0
20376,38.0
20377,38.0
20378,38.0
20379,38.0
20380,38.0
20381,36.0
20382,36.0
20383,36.0
20384,36.0
20385,36.0
20386,36.0
20387,36.0
20388,36.0
20389,36.0
20390,36.0
20391,36.0
20392,36.0
20393,37.0
20394,37.0
20395,37.0
20396,37.0
20397,37.0
20398,37.0
20399,37.0
20400,37.0
20401,37.0
20402,37.0
20403,35.0
20404,35.0
20405,35.0
20406,35.0
20407,35.0
20408,35.0
20409,35.0
20410,35.0
20411,35.0
20412,35.0
20413,35.0
20414,35.0
20415,35.0
20416,35.0
20417,35.0
20418,35.0
20419,35.0
20420,35.0
20421,35.0
20422,35.0
20423,36.0
20424,36.0
20425,36.0
20426,36.0
20427,36.0
20428,36.0
20429,36.0
20430,36.0
20431,36.0
20432,32.0
20433,32.0
20434,32.0
20435,32.0
20436,32.0
20437,31.0
20438,31.0
20439,31.0
20440,31.0
20441,31.0
20442,31.0
20443,31.0
20444,31.0
20445,31.0
20446,31.0
20447,31.0
20448,31.0
20449,31.0
20450,31.0
20451,31.0
20452,32.0
20453,32.0
20454,32.0
20455,32.0
20456,32.0
20457,32.0
20458,32.0
20459,32.0
20460,32.0
20461,32.0
20462,32.0
20463,32.0
20464,32.0
20465,32.0
20466,32.0
20467,32.0
20468,32.0
20469,31.0
20470,31.0
20471,31.0
20472,31.0
20473,31.0
20474,31.0
20475,31.0
20476,31.0
20477,31.0
20478,31.0
20479,31.0
20480,31.0
20481,31.0
20482,31.0
20483,31.0
20484,30.0
20485,30.0
20486,30.0
20487,30.0
20488,30.0
20489,30.0
20490,30.0
20491,30.0
20492,30.0
20493,31.0
20494,31.0
20495,31.0
20496,29.0
20497,29.0
20498,29.0
20499,29.0
20500,29.0
20501,29.0
20502,30.0
20503,30.0
20504,30.0
20505,30.0
20506,30.0
20507,30.0
20508,30.0
20509,30.0
20510,30.0
20511,30.0
20512,30.0
20513,30.0
20514,31.0
20515,31.0
20516,31.0
20517,31.0
20518,31.0
20519,31.0
20520,31.0
20521,31.0
20522,30.0
20523,30.0
20524,30.0
20525,30.0
20526,30.0
20527,30.0
20528,30.0
20529,30.0
20530,30.0
20531,30.0
20532,30.0
20533,30.0
20534,30.0
20535,29.0
20536,29.0
20537,29.0
20538,29.0
20539,29.0
20540,29.0
20541,29.0
20542,29.0
20543,30.0
20544,30.0
20545,30.0
20546,30.0
20547,30.0
20548,30.0
20549,30.0
20550,30.0
20551,29.0
20552,29.0
20553,29.0
20554,29.0
20555,29.0
20556,29.0
20557,29.0
20558,29.0
20559,29.0
20560,29.0
20561,29.0
20562,29.0
20563,29.0
20564,29.0
20565,29.0
20566,29.0
20567,29.0
20568,29.0
20569,29.0
20570,29.0
20571,29.0
20572,29.0
20573,29.0
20574,29.0
20575,29.0
20576,29.0
20577,29.0
20578,29.0
20579,29.0
20580,29.0
20581,29.0
20582,29.0
20583,29.0
20584,29.0
20585,29.0
20586,29.0
20587,29.0
20588,29.0
20589,29.0
20590,29.0
20591,30.0
20592,30.0
20593,30.0
20594,30.0
20595,28.0
20596,28.0
20597,28.0
20598,28.0
20599,28.0
20600,28.0
20601,28.0
20602,28.0
20603,28.0
20604,28.0
20605,28.0
20606,28.0
20607,28.0
20608,28.0
20609,28.0
20610,28.0
20611,28.0
20612,28.0
20613,28.0
20614,28.0
20615,28.0
20616,28.0
20617,28.0
20618,28.0
20619,28.0
20620,28.0
20621,28.0
20622,28.0
20623,28.0
20624,28.0
20625,29.0
20626,28.0
20627,28.0
20628,28.0
20629,28.0
20630,23.0
20631,23.0
20632,23.0
20633,23.0
20634,23.0
20635,23.0
20636,23.0
20637,23.0
20638,23.0
20639,23.0
20640,23.0
20641,23.0
20642,23.0
20643,23.0
20644,19.0
20645,19.0
20646,19.0
20647,19.0
20648,19.0
20649,19.0
20650,19.0
20651,18.0
20652,18.0
20653,18.0
20654,18.0
20655,18.0
20656,18.0
20657,18.0
20658,18.0
20659,18.0
20660,18.0
20661,18.0
20662,18.0
20663,19.0
20664,19.0
20665,19.0
20666,19.0
20667,19.0
20668,19.0
20669,19.0
20670,19.0
20671,19.0
20672,19.0
20673,19.0
20674,19.0
20675,19.0
20676,19.0
20677,19.0
20678,19.0
20679,19.0
20680,19.0
20681,19.0
20682,20.0
20683,20.0
20684,20.0
20685,17.0
20686,17.0
20687,17.0
20688,17.0
20689,17.0
20690,17.0
20691,17.0
20692,17.0
20693,17.0
20694,15.0
20695,15.0
20696,15.0
20697,15.0
20698,15.0
20699,15.0
20700,15.0
20701,15.0
20702,15.0
20703,13.0
20704,13.0
20705,13.0
20706,13.0
20707,13.0
20708,13.0
20709,13.0
20710,13.0
20711,13.0
20712,13.0
20713,13.0
20714,13.0
20715,13.0
20716,13.0
20717,13.0
20718,13.0
20719,13.0
20720,13.0
20721,13.0
20722,13.0
20723,13.0
20724,13.0
20725,13.0
20726,13.0
20727,13.0
20728,14.0
20729,14.0
20730,14.0
20731,14.0
20732,14.0
20733,14.0
20734,14.0
20735,14.0
20736,14.0
20737,14.0
20738,14.0
20739,14.0
20740,14.0
20741,14.0
20742,14.0
20743,14.0
20744,14.0
20745,14.0
20746,14.0
20747,14.0
20748,14.0
20749,14.0
20750,14.0
20751,14.0
20752,14.0
20753,14.0
20754,14.0
20755,14.0
20756,14.0
20757,14.0
20758,14.0
20759,14.0
20760,14.0
20761,14.0
20762,14.0
20763,14.0
20764,14.0
20765,14.0
20766,14.0
20767,14.0
20768,14.0
20769,14.0
20770,14.0
20771,14.0
20772,14.0
20773,14.0
20774,14.0
20775,15.0
20776,15.0
20777,15.0
20778,15.0
20779,15.0
20780,15.0
20781,15.0
20782,15.0
20783,15.0
20784,15.0
20785,15.0
20786,15.0
20787,15.0
20788,15.0
20789,15.0
20790,15.0
20791,15.0
20792,15.0
20793,16.0
20794,16.0
20795,16.0
20796,16.0
20797,16.0
20798,16.0
20799,16.0
20800,16.0
20801,16.0
20802,16.0
20803,16.0
20804,16.0
20805,16.0
20806,16.0
20807,16.0
20808,16.0
20809,16.0
20810,16.0
20811,16.0
20812,16.0
20813,16.0
20814,16.0
20815,16.0
20816,16.0
20817,16.0
20818,16.0
20819,16.0
20820,16.0
20821,16.0
20822,16.0
20823,16.0
20824,16.0
20825,16.0
20826,16.0
20827,16.0
20828,17.0
20829,17.0
20830,18.0
20831,18.0
20832,18.0
20833,18.0
20834,18.0
20835,18.0
20836,19.0
20837,19.0
20838,19.0
20839,19.0
20840,19.0
20841,19.0
20842,19.0
20843,20.0
20844,20.0
20845,20.0
20846,20.0
20847,20.0
20848,20.0
20849,20.0
20850,20.0
20851,20.0
20852,20.0
20853,20.0
20854,20.0
20855,20.0
20856,20.0
20857,20.0
20858,20.0
20859,20.0
20860,21.0
20861,21.0
20862,21.0
20863,21.0
20864,21.0
20865,21.0
20866,21.0
20867,21.0
20868,21.0
20869,21.0
20870,21.0
20871,21.0
20872,21.0
20873,21.0
20874,21.0
20875,21.0
20876,21.0
20877,21.0
20878,21.0
20879,21.0
20880,21.0
20881,21.0
20882,21.0
20883,21.0
20884,21.0
20885,21.0
20886,21.0
20887,21.0
20888,22.0
20889,22.0
20890,22.0
20891,22.0
20892,17.0
20893,17.0
20894,17.0
20895,17.0
20896,17.0
20897,18.0
20898,18.0
20899,18.0
20900,18.0
20901,18.0
20902,19.0
20903,19.0
20904,19.0
20905,19.0
20906,19.0
20907,19.0
20908,19.0
20909,19.0
20910,19.0
20911,19.0
20912,19.0
20913,19.0
20914,19.0
20915,19.0
20916,19.0
20917,19.0
20918,19.0
20919,19.0
20920,19.0
20921,19.0
20922,19.0
20923,19.0
20924,19.0
20925,19.0
20926,19.0
20927,20.0
20928,20.0
20929,20.0
20930,20.0
20931,20.0
20932,21.0
20933,21.0
20934,21.0
20935,21.0
20936,21.0
20937,21.0
20938,21.0
20939,21.0
20940,20.0
20941,20.0
20942,21.0
20943,21.0
20944,21.0
20945,21.0
20946,21.0
20947,21.0
20948,21.0
20949,21.0
20950,21.0
20951,21.0
20952,21.0
20953,21.0
20954,21.0
20955,21.0
20956,22.0
20957,22.0
20958,22.0
20959,22.0
20960,22.0
20961,22.0
20962,22.0
20963,22.0
20964,22.0
20965,22.0
20966,22.0
20967,22.0
20968,22.0
20969,22.0
20970,22.0
20971,22.0
20972,22.0
20973,22.0
20974,22.0
20975,22.0
20976,22.0
20977,22.0
20978,22.0
20979,22.0
20980,22.0
20981,22.0
20982,22.0
20983,22.0
20984,22.0
20985,22.0
20986,22.0
20987,22.0
20988,22.0
20989,22.0
20990,22.0
20991,22.0
20992,22.0
20993,22.0
20994,23.0
20995,23.0
20996,23.0
20997,24.0
20998,24.0
20999,24.0
21000,24.0
21001,24.0
21002,24.0
21003,24.0
21004,24.0
21005,24.0
21006,24.0
21007,24.0
21008,24.0
21009,24.0
21010,19.0
21011,19.0
21012,14.0
21013,12.0
21014,12.0
21015,12.0
21016,12.0
21017,12.0
21018,12.0
21019,12.0
21020,12.0
21021,12.0
21022,13.0
21023,13.0
21024,13.0
21025,13.0
21026,13.0
21027,13.0
21028,13.0
21029,13.0
21030,14.0
21031,14.0
21032,14.0
21033,14.0
21034,14.0
21035,14.0
21036,14.0
21037,14.0
21038,14.0
21039,14.0
21040,14.0
21041,14.0
21042,14.0
21043,14.0
21044,14.0
21045,14.0
21046,14.0
21047,15.0
21048,15.0
21049,15.0
21050,15.0
21051,15.0
21052,15.0
21053,15.0
21054,15.0
21055,15.0
21056,15.0
21057,15.0
21058,15.0
21059,15.0
21060,16.0
21061,16.0
21062,16.0
21063,16.0
21064,16.0
21065,16.0
21066,16.0
21067,16.0
21068,16.0
21069,16.0
21070,16.0
21071,16.0
21072,16.0
21073,16.0
21074,16.0
21075,16.0
21076,16.0
21077,16.0
21078,17.0
21079,17.0
21080,17.0
21081,17.0
21082,17.0
21083,17.0
21084,17.0
21085,17.0
21086,17.0
21087,17.0
21088,17.0
21089,17.0
21090,17.0
21091,17.0
21092,17.0
21093,17.0
21094,17.0
21095,17.0
21096,17.0
21097,17.0
21098,18.0
21099,18.0
21100,18.0
21101,18.0
21102,18.0
21103,18.0
21104,18.0
21105,18.0
21106,18.0
21107,18.0
21108,18.0
21109,18.0
21110,18.0
21111,18.0
21112,18.0
21113,18.0
21114,18.0
21115,18.0
21116,18.0
21117,18.0
21118,18.0
21119,18.0
21120,18.0
21121,18.0
21122,18.0
21123,18.0
21124,18.0
21125,18.0
21126,18.0
21127,18.0
21128,19.0
21129,19.0
21130,19.0
21131,19.0
21132,19.0
21133,19.0
21134,19.0
21135,19.0
21136,19.0
21137,19.0
21138,19.0
21139,19.0
21140,20.0
21141,20.0
21142,20.0
21143,20.0
21144,20.0
21145,20.0
21146,20.0
21147,21.0
21148,21.0
21149,21.0
21150,21.0
21151,21.0
21152,21.0
21153,21.0
21154,21.0
21155,21.0
21156,21.0
21157,21.0
21158,21.0
21159,21.0
21160,21.0
21161,21.0
21162,21.0
21163,21.0
21164,21.0
21165,22.0
21166,22.0
21167,22.0
21168,22.0
21169,22.0
21170,22.0
21171,22.0
21172,22.0
21173,22.0
21174,23.0
21175,23.0
21176,23.0
21177,23.0
21178,23.0
21179,23.0
21180,24.0
21181,24.0
21182,24.0
21183,24.0
21184,24.0
21185,24.0
21186,24.0
21187,25.0
21188,25.0
21189,25.0
21190,25.0
21191,25.0
21192,25.0
21193,25.0
21194,25.0
21195,25.0
21196,25.0
21197,25.0
21198,25.0
21199,26.0
21200,26.0
21201,26.0
21202,23.0
21203,23.0
21204,23.0
21205,23.0
21206,23.0
21207,23.0
21208,23.0
21209,23.0
21210,23.0
21211,23.0
21212,23.0
21213,23.0
21214,23.0
21215,23.0
21216,23.0
21217,23.0
21218,23.0
21219,23.0
21220,23.0
21221,23.0
21222,23.0
21223,24.0
21224,24.0
21225,24.0
21226,24.0
21227,24.0
21228,24.0
21229,24.0
21230,25.0
21231,25.0
21232,25.0
21233,25.0
21234,25.0
21235,25.0
21236,25.0
21237,25.0
21238,25.0
21239,25.0
21240,25.0
21241,26.0
21242,26.0
21243,26.0
21244,26.0
21245,26.0
21246,26.0
21247,26.0
21248,26.0
21249,26.0
21250,26.0
21251,26.0
21252,26.0
21253,26.0
21254,26.0
21255,26.0
21256,26.0
21257,26.0
21258,26.0
21259,26.0
21260,26.0
21261,26.0
21262,27.0
21263,27.0
21264,27.0
21265,27.0
21266,27.0
21267,27.0
21268,27.0
21269,27.0
21270,27.0
21271,27.0
21272,27.0
21273,27.0
21274,27.0
21275,28.0
21276,28.0
21277,28.0
21278,28.0
21279,28.0
21280,28.0
21281,28.0
21282,28.0
21283,24.0
21284,24.0
21285,24.0
21286,24.0
21287,24.0
21288,24.0
21289,24.0
21290,24.0
21291,24.0
21292,24.0
21293,24.0
21294,24.0
21295,24.0
21296,24.0
21297,24.0
21298,24.0
21299,24.0
21300,25.0
21301,25.0
21302,25.0
21303,25.0
21304,25.0
21305,25.0
21306,25.0
21307,25.0
21308,25.0
21309,25.0
21310,25.0
21311,26.0
21312,26.0
21313,26.0
21314,26.0
21315,26.0
21316,26.0
21317,26.0
21318,26.0
21319,26.0
21320,26.0
21321,26.0
21322,26.0
21323,26.0
21324,26.0
21325,26.0
21326,26.0
21327,26.0
21328,26.0
21329,26.0
21330,26.0
21331,26.0
21332,26.0
21333,26.0
21334,26.0
21335,26.0
21336,26.0
21337,26.0
21338,26.0
21339,26.0
21340,26.0
21341,26.0
21342,26.0
21343,26.0
21344,26.0
21345,26.0
21346,26.0
21347,26.0
21348,26.0
21349,26.0
21350,26.0
21351,26.0
21352,22.0
21353,22.0
21354,22.0
21355,22.0
21356,22.0
21357,22.0
21358,21.0
21359,21.0
21360,21.0
21361,21.0
21362,21.0
21363,21.0
21364,21.0
21365,21.0
21366,21.0
21367,21.0
21368,21.0
21369,21.0
21370,21.0
21371,20.0
21372,20.0
21373,20.0
21374,20.0
21375,20.0
21376,20.0
21377,20.0
21378,20.0
21379,20.0
21380,19.0
21381,19.0
21382,19.0
21383,19.0
21384,19.0
21385,19.0
21386,19.0
21387,19.0
21388,19.0
21389,19.0
21390,19.0
21391,19.0
21392,19.0
21393,19.0
21394,19.0
21395,19.0
21396,19.0
21397,19.0
21398,19.0
21399,19.0
21400,19.0
21401,19.0
21402,19.0
21403,19.0
21404,19.0
21405,19.0
21406,19.0
21407,19.0
21408,19.0
21409,19.0
21410,19.0
21411,19.0
21412,19.0
21413,19.0
21414,19.0
21415,19.0
21416,19.0
21417,19.0
21418,19.0
21419,19.0
21420,19.0
21421,19.0
21422,19.0
21423,19.0
21424,19.0
21425,19.0
21426,19.0
21427,19.0
21428,19.0
21429,19.0
21430,19.0
21431,19.0
21432,19.0
21433,19.0
21434,19.0
21435,19.0
21436,19.0
21437,19.0
21438,19.0
21439,19.0
21440,19.0
21441,19.0
21442,19.0
21443,19.0
21444,19.0
21445,20.0
21446,20.0
21447,20.0
21448,20.0
21449,20.0
21450,16.0
21451,16.0
21452,16.0
21453,16.0
21454,16.0
21455,16.0
21456,16.0
21457,16.0
21458,16.0
21459,16.0
21460,16.0
21461,16.0
21462,16.0
21463,16.0
21464,16.0
21465,16.0
21466,16.0
21467,15.0
21468,15.0
21469,15.0
21470,15.0
21471,15.0
21472,15.0
21473,15.0
21474,15.0
21475,15.0
21476,15.0
21477,15.0
21478,15.0
21479,15.0
21480,15.0
21481,15.0
21482,15.0
21483,16.0
21484,16.0
21485,16.0
21486,16.0
21487,16.0
21488,16.0
21489,16.0
21490,16.0
21491,16.0
21492,17.0
21493,17.0
21494,17.0
21495,15.0
21496,15.0
21497,15.0
21498,15.0
21499,15.0
21500,15.0
21501,15.0
21502,15.0
21503,15.0
21504,16.0
21505,16.0
21506,16.0
21507,16.0
21508,14.0
21509,14.0
21510,14.0
21511,14.0
21512,14.0
21513,14.0
21514,14.0
21515,14.0
21516,14.0
21517,14.0
21518,14.0
21519,14.0
21520,14.0
21521,14.0
21522,14.0
21523,14.0
21524,14.0
21525,14.0
21526,14.0
21527,14.0
21528,14.0
21529,14.0
21530,14.0
21531,14.0
21532,14.0
21533,14.0
21534,14.0
21535,14.0
21536,14.0
21537,14.0
21538,14.0
21539,14.0
21540,14.0
21541,14.0
21542,14.0
21543,14.0
21544,14.0
21545,14.0
21546,14.0
21547,14.0
21548,14.0
21549,14.0
21550,14.0
21551,14.0
21552,14.0
21553,14.0
21554,14.0
21555,14.0
21556,14.0
21557,14.0
21558,14.0
21559,14.0
21560,14.0
21561,14.0
21562,13.0
21563,13.0
21564,13.0
21565,13.0
21566,13.0
21567,13.0
21568,13.0
21569,13.0
21570,13.0
21571,13.0
21572,13.0
21573,13.0
21574,13.0
21575,13.0
21576,13.0
21577,13.0
21578,13.0
21579,13.0
21580,13.0
21581,13.0
21582,13.0
21583,13.0
21584,9.0
21585,9.0
21586,9.0
21587,9.0
21588,9.0
21589,9.0
21590,9.0
21591,9.0
21592,9.0
21593,9.0
21594,9.0
21595,9.0
21596,9.0
21597,9.0
21598,10.0
21599,8.0
21600,8.0
21601,8.0
21602,8.0
21603,8.0
21604,8.0
21605,8.0
21606,8.0
21607,8.0
21608,8.0
21609,8.0
21610,8.0
21611,8.0
21612,8.0
21613,9.0
21614,9.0
21615,9.0
21616,9.0
21617,9.0
21618,9.0
21619,9.0
21620,10.0
21621,10.0
21622,10.0
21623,10.0
21624,10.0
21625,10.0
21626,10.0
21627,10.0
21628,10.0
21629,9.0
21630,9.0
21631,9.0
21632,9.0
21633,9.0
21634,9.0
21635,9.0
21636,10.0
21637,10.0
21638,10.0
21639,10.0
21640,10.0
21641,10.0
21642,10.0
21643,10.0
21644,10.0
21645,10.0
21646,10.0
21647,10.0
21648,8.0
21649,8.0
21650,8.0
21651,8.0
21652,8.0
21653,7.0
21654,7.0
21655,7.0
21656,7.0
21657,7.0
21658,7.0
21659,7.0
21660,7.0
21661,7.0
21662,7.0
21663,7.0
21664,7.0
21665,7.0
21666,7.0
21667,7.0
21668,7.0
21669,7.0
21670,7.0
21671,7.0
21672,7.0
21673,7.0
21674,7.0
21675,7.0
21676,7.0
21677,7.0
21678,7.0
21679,7.0
21680,7.0
21681,7.0
21682,7.0
21683,7.0
21684,7.0
21685,7.0
21686,7.0
21687,7.0
21688,7.0
21689,7.0
21690,7.0
21691,7.0
21692,7.0
21693,7.0
21694,7.0
21695,7.0
21696,7.0
21697,7.0
21698,7.0
21699,7.0
21700,7.0
21701,7.0
21702,7.0
21703,7.0
21704,7.0
21705,7.0
21706,7.0
21707,7.0
21708,7.0
21709,7.0
21710,7.0
21711,7.0
21712,7.0
21713,7.0
21714,7.0
21715,7.0
21716,7.0
21717,7.0
21718,7.0
21719,7.0
21720,7.0
21721,8.0
21722,8.0
21723,8.0
21724,8.0
21725,8.0
21726,9.0
21727,9.0
21728,9.0
21729,9.0
21730,9.0
21731,9.0
21732,9.0
21733,9.0
21734,9.0
21735,9.0
21736,9.0
21737,9.0
21738,9.0
21739,9.0
21740,9.0
21741,9.0
21742,9.0
21743,9.0
21744,7.0
21745,7.0
21746,7.0
21747,7.0
21748,7.0
21749,7.0
21750,7.0
21751,7.0
21752,7.0
21753,7.0
21754,7.0
21755,7.0
21756,7.0
21757,7.0
21758,7.0
21759,7.0
21760,7.0
21761,7.0
21762,7.0
21763,7.0
21764,7.0
21765,7.0
21766,7.0
21767,7.0
21768,7.0
21769,7.0
21770,7.0
21771,7.0
21772,7.0
21773,7.0
21774,7.0
21775,7.0
21776,7.0
21777,7.0
21778,7.0
21779,7.0
21780,7.0
21781,7.0
21782,7.0
21783,7.0
21784,7.0
21785,7.0
21786,7.0
21787,8.0
21788,8.0
21789,8.0
21790,8.0
21791,8.0
21792,8.0
21793,8.0
21794,9.0
21795,9.0
21796,9.0
21797,9.0
21798,9.0
21799,9.0
21800,9.0
21801,9.0
21802,9.0
21803,9.0
21804,9.0
21805,9.0
21806,7.0
21807,7.0
21808,7.0
21809,7.0
21810,7.0
21811,7.0
21812,7.0
21813,7.0
21814,7.0
21815,7.0
21816,7.0
21817,7.0
21818,7.0
21819,7.0
21820,7.0
21821,7.0
21822,7.0
21823,7.0
21824,7.0
21825,7.0
21826,7.0
21827,7.0
21828,7.0
21829,7.0
21830,7.0
21831,7.0
21832,7.0
21833,7.0
21834,7.0
21835,7.0
21836,7.0
21837,7.0
21838,7.0
21839,7.0
21840,7.0
21841,7.0
21842,7.0
21843,7.0
21844,7.0
21845,7.0
21846,7.0
21847,8.0
21848,8.0
21849,8.0
21850,8.0
21851,8.0
21852,8.0
21853,8.0
21854,8.0
21855,8.0
21856,8.0
21857,8.0
21858,8.0
21859,8.0
21860,8.0
21861,9.0
21862,9.0
21863,9.0
21864,9.0
21865,9.0
21866,9.0
21867,9.0
21868,9.0
21869,9.0
21870,9.0
21871,9.0
21872,9.0
21873,9.0
21874,9.0
21875,9.0
21876,9.0
21877,9.0
21878,9.0
21879,9.0
21880,10.0
21881,10.0
21882,10.0
21883,10.0
21884,10.0
21885,10.0
21886,10.0
21887,10.0
21888,10.0
21889,10.0
21890,10.0
21891,10.0
21892,10.0
21893,10.0
21894,10.0
21895,10.0
21896,10.0
21897,10.0
21898,10.0
21899,10.0
21900,10.0
21901,10.0
21902,10.0
21903,10.0
21904,10.0
21905,10.0
21906,10.0
21907,10.0
21908,10.0
21909,10.0
21910,10.0
21911,10.0
21912,10.0
21913,10.0
21914,10.0
21915,11.0
21916,11.0
21917,11.0
21918,11.0
21919,11.0
21920,11.0
21921,11.0
21922,11.0
21923,11.0
21924,11.0
21925,11.0
21926,12.0
21927,12.0
21928,12.0
21929,12.0
21930,12.0
21931,12.0
21932,12.0
21933,12.0
21934,12.0
21935,12.0
21936,12.0
21937,12.0
21938,12.0
21939,12.0
21940,12.0
21941,12.0
21942,12.0
21943,12.0
21944,12.0
21945,13.0
21946,13.0
21947,13.0
21948,13.0
21949,13.0
21950,13.0
21951,13.0
21952,13.0
21953,13.0
21954,13.0
21955,13.0
21956,13.0
21957,13.0
21958,13.0
21959,13.0
21960,13.0
21961,13.0
21962,13.0
21963,13.0
21964,13.0
21965,13.0
21966,13.0
21967,13.0
21968,13.0
21969,13.0
21970,13.0
21971,13.0
21972,13.0
21973,13.0
21974,13.0
21975,13.0
21976,14.0
21977,14.0
21978,14.0
21979,14.0
21980,14.0
21981,14.0
21982,14.0
21983,14.0
21984,14.0
21985,14.0
21986,14.0
21987,14.0
21988,14.0
21989,14.0
21990,14.0
21991,14.0
21992,14.0
21993,14.0
21994,14.0
21995,14.0
21996,14.0
21997,14.0
21998,14.0
21999,14.0
22000,14.0
22001,14.0
22002,14.0
22003,14.0
22004,14.0
22005,14.0
22006,14.0
22007,14.0
22008,14.0
22009,14.0
22010,14.0
22011,14.0
22012,14.0
22013,14.0
22014,14.0
22015,14.0
22016,14.0
22017,14.0
22018,14.0
22019,14.0
22020,14.0
22021,14.0
22022,14.0
22023,14.0
22024,14.0
22025,14.0
22026,14.0
22027,14.0
22028,14.0
22029,14.0
22030,14.0
22031,14.0
22032,14.0
22033,14.0
22034,14.0
22035,14.0
22036,14.0
22037,14.0
22038,14.0
22039,15.0
22040,15.0
22041,15.0
22042,15.0
22043,15.0
22044,15.0
22045,15.0
22046,15.0
22047,15.0
22048,15.0
22049,15.0
22050,15.0
22051,15.0
22052,15.0
22053,14.0
22054,14.0
22055,14.0
22056,14.0
22057,14.0
22058,14.0
22059,15.0
22060,15.0
22061,15.0
22062,15.0
22063,15.0
22064,15.0
22065,15.0
22066,15.0
22067,15.0
22068,14.0
22069,14.0
22070,14.0
22071,14.0
22072,14.0
22073,14.0
22074,14.0
22075,14.0
22076,14.0
22077,14.0
22078,14.0
22079,14.0
22080,14.0
22081,14.0
22082,14.0
22083,14.0
22084,14.0
22085,14.0
22086,14.0
22087,14.0
22088,14.0
22089,14.0
22090,14.0
22091,14.0
22092,14.0
22093,14.0
22094,14.0
22095,14.0
22096,14.0
22097,14.0
22098,14.0
22099,14.0
22100,14.0
22101,14.0
22102,14.0
22103,14.0
22104,14.0
22105,14.0
22106,14.0
22107,14.0
22108,15.0
22109,15.0
22110,14.0
22111,14.0
22112,14.0
22113,12.0
22114,13.0
22115,13.0
22116,13.0
22117,13.0
22118,13.0
22119,13.0
22120,14.0
22121,14.0
22122,14.0
22123,14.0
22124,14.0
22125,14.0
22126,14.0
22127,14.0
22128,14.0
22129,14.0
22130,14.0
22131,14.0
22132,14.0
22133,14.0
22134,14.0
22135,14.0
22136,14.0
22137,14.0
22138,14.0
22139,15.0
22140,15.0
22141,15.0
22142,15.0
22143,15.0
22144,15.0
22145,15.0
22146,15.0
22147,15.0
22148,15.0
22149,15.0
22150,16.0
22151,16.0
22152,16.0
22153,16.0
22154,16.0
22155,16.0
22156,16.0
22157,16.0
22158,16.0
22159,16.0
22160,16.0
22161,16.0
22162,16.0
22163,16.0
22164,16.0
22165,16.0
22166,16.0
22167,16.0
22168,16.0
22169,16.0
22170,16.0
22171,16.0
22172,16.0
22173,16.0
22174,16.0
22175,16.0
22176,16.0
22177,16.0
22178,16.0
22179,16.0
22180,16.0
22181,16.0
22182,16.0
22183,16.0
22184,16.0
22185,16.0
22186,16.0
22187,16.0
22188,16.0
22189,16.0
22190,16.0
22191,16.0
22192,16.0
22193,16.0
22194,16.0
22195,16.0
22196,16.0
22197,16.0
22198,16.0
22199,17.0
22200,17.0
22201,17.0
22202,17.0
22203,17.0
22204,17.0
22205,17.0
22206,17.0
22207,17.0
22208,17.0
22209,17.0
22210,17.0
22211,17.0
22212,18.0
22213,18.0
22214,18.0
22215,18.0
22216,18.0
22217,18.0
22218,18.0
22219,17.0
22220,17.0
22221,17.0
22222,17.0
22223,17.0
22224,17.0
22225,17.0
22226,17.0
22227,17.0
22228,17.0
22229,16.0
22230,16.0
22231,16.0
22232,16.0
22233,16.0
22234,16.0
22235,16.0
22236,16.0
22237,16.0
22238,16.0
22239,16.0
22240,16.0
22241,16.0
22242,16.0
22243,16.0
22244,16.0
22245,16.0
22246,16.0
22247,16.0
22248,16.0
22249,16.0
22250,16.0
22251,16.0
22252,17.0
22253,17.0
22254,17.0
22255,17.0
22256,17.0
22257,17.0
22258,17.0
22259,17.0
22260,17.0
22261,17.0
22262,17.0
22263,17.0
22264,17.0
22265,17.0
22266,17.0
22267,17.0
22268,17.0
22269,17.0
22270,17.0
22271,17.0
22272,17.0
22273,17.0
22274,18.0
22275,18.0
22276,18.0
22277,18.0
22278,18.0
22279,18.0
22280,18.0
22281,18.0
22282,18.0
22283,18.0
22284,18.0
22285,18.0
22286,18.0
22287,18.0
22288,18.0
22289,18.0
22290,18.0
22291,18.0
22292,18.0
22293,18.0
22294,18.0
22295,18.0
22296,18.0
22297,18.0
22298,18.0
22299,18.0
22300,18.0
22301,18.0
22302,18.0
22303,18.0
22304,18.0
22305,18.0
22306,18.0
22307,18.0
22308,18.0
22309,18.0
22310,18.0
22311,18.0
22312,18.0
22313,18.0
22314,18.0
22315,18.0
22316,18.0
22317,18.0
22318,18.0
22319,18.0
22320,18.0
22321,18.0
22322,18.0
22323,18.0
22324,18.0
22325,18.0
22326,18.0
22327,18.0
22328,18.0
22329,18.0
22330,18.0
22331,18.0
22332,18.0
22333,18.0
22334,18.0
22335,18.0
22336,18.0
22337,18.0
22338,18.0
22339,18.0
22340,18.0
22341,18.0
22342,18.0
22343,18.0
22344,18.0
22345,18.0
22346,18.0
22347,18.0
22348,18.0
22349,18.0
22350,18.0
22351,18.0
22352,18.0
22353,18.0
22354,18.0
22355,18.0
22356,18.0
22357,18.0
22358,18.0
22359,18.0
22360,18.0
22361,18.0
22362,18.0
22363,18.0
22364,18.0
22365,18.0
22366,18.0
22367,18.0
22368,19.0
22369,19.0
22370,19.0
22371,19.0
22372,19.0
22373,19.0
22374,19.0
22375,19.0
22376,19.0
22377,19.0
22378,19.0
22379,20.0
22380,20.0
22381,20.0
22382,20.0
22383,20.0
22384,20.0
22385,20.0
22386,20.0
22387,20.0
22388,20.0
22389,19.0
22390,19.0
22391,19.0
22392,19.0
22393,19.0
22394,19.0
22395,19.0
22396,19.0
22397,19.0
22398,19.0
22399,19.0
22400,19.0
22401,19.0
22402,19.0
22403,19.0
22404,19.0
22405,19.0
22406,19.0
22407,19.0
22408,19.0
22409,19.0
22410,19.0
22411,19.0
22412,19.0
22413,20.0
22414,20.0
22415,20.0
22416,20.0
22417,20.0
22418,20.0
22419,20.0
22420,20.0
22421,20.0
22422,20.0
22423,20.0
22424,20.0
22425,20.0
22426,20.0
22427,20.0
22428,21.0
22429,21.0
22430,21.0
22431,21.0
22432,21.0
22433,21.0
22434,22.0
22435,22.0
22436,22.0
22437,22.0
22438,22.0
22439,22.0
22440,22.0
22441,22.0
22442,22.0
22443,22.0
22444,22.0
22445,22.0
22446,22.0
22447,22.0
22448,22.0
22449,22.0
22450,22.0
22451,22.0
22452,22.0
22453,22.0
22454,22.0
22455,22.0
22456,22.0
22457,22.0
22458,22.0
22459,22.0
22460,22.0
22461,23.0
22462,23.0
22463,23.0
22464,23.0
22465,23.0
22466,23.0
22467,23.0
22468,23.0
22469,23.0
22470,23.0
22471,23.0
22472,23.0
22473,23.0
22474,23.0
22475,24.0
22476,24.0
22477,24.0
22478,24.0
22479,24.0
22480,24.0
22481,24.0
22482,24.0
22483,24.0
22484,24.0
22485,24.0
22486,24.0
22487,24.0
22488,24.0
22489,24.0
22490,25.0
22491,25.0
22492,25.0
22493,25.0
22494,23.0
22495,23.0
22496,23.0
22497,23.0
22498,23.0
22499,23.0
22500,23.0
22501,23.0
22502,23.0
22503,23.0
22504,23.0
22505,23.0
22506,23.0
22507,23.0
22508,23.0
22509,23.0
22510,23.0
22511,23.0
22512,23.0
22513,23.0
22514,23.0
22515,23.0
22516,24.0
22517,24.0
22518,24.0
22519,24.0
22520,24.0
22521,24.0
22522,25.0
22523,25.0
22524,25.0
22525,25.0
22526,25.0
22527,25.0
22528,25.0
22529,25.0
22530,25.0
22531,25.0
22532,25.0
22533,25.0
22534,25.0
22535,25.0
22536,25.0
22537,25.0
22538,26.0
22539,26.0
22540,26.0
22541,26.0
22542,26.0
22543,27.0
22544,27.0
22545,27.0
22546,27.0
22547,27.0
22548,27.0
22549,27.0
22550,27.0
22551,28.0
22552,28.0
22553,28.0
22554,28.0
22555,28.0
22556,28.0
22557,28.0
22558,28.0
22559,28.0
22560,28.0
22561,28.0
22562,28.0
22563,28.0
22564,28.0
22565,28.0
22566,28.0
22567,29.0
22568,29.0
22569,29.0
22570,29.0
22571,29.0
22572,29.0
22573,29.0
22574,29.0
22575,29.0
22576,29.0
22577,29.0
22578,29.0
22579,29.0
22580,29.0
22581,29.0
22582,29.0
22583,30.0
22584,30.0
22585,30.0
22586,30.0
22587,30.0
22588,30.0
22589,30.0
22590,30.0
22591,30.0
22592,30.0
22593,30.0
22594,30.0
22595,30.0
22596,30.0
22597,30.0
22598,30.0
22599,30.0
22600,30.0
22601,31.0
22602,31.0
22603,31.0
22604,31.0
22605,31.0
22606,31.0
22607,31.0
22608,31.0
22609,31.0
22610,31.0
22611,31.0
22612,31.0
22613,31.0
22614,31.0
22615,31.0
22616,31.0
22617,31.0
22618,31.0
22619,32.0
22620,32.0
22621,32.0
22622,32.0
22623,32.0
22624,32.0
22625,32.0
22626,32.0
22627,32.0
22628,32.0
22629,32.0
22630,32.0
22631,32.0
22632,32.0
22633,32.0
22634,32.0
22635,32.0
22636,32.0
22637,32.0
22638,32.0
22639,31.0
22640,31.0
22641,31.0
22642,31.0
22643,31.0
22644,31.0
22645,31.0
22646,32.0
22647,32.0
22648,32.0
22649,32.0
22650,32.0
22651,32.0
22652,32.0
22653,32.0
22654,32.0
22655,32.0
22656,33.0
22657,33.0
22658,33.0
22659,33.0
22660,33.0
22661,33.0
22662,33.0
22663,33.0
22664,33.0
22665,33.0
22666,33.0
22667,33.0
22668,33.0
22669,33.0
22670,32.0
22671,32.0
22672,32.0
22673,32.0
22674,32.0
22675,32.0
22676,32.0
22677,32.0
22678,32.0
22679,32.0
22680,32.0
22681,32.0
22682,32.0
22683,32.0
22684,32.0
22685,32.0
22686,32.0
22687,32.0
22688,32.0
22689,32.0
22690,32.0
22691,32.0
22692,32.0
22693,32.0
22694,32.0
22695,32.0
22696,32.0
22697,32.0
22698,32.0
22699,32.0
22700,32.0
22701,33.0
22702,33.0
22703,33.0
22704,33.0
22705,33.0
22706,33.0
22707,33.0
22708,30.0
22709,30.0
22710,30.0
22711,30.0
22712,30.0
22713,30.0
22714,30.0
22715,30.0
22716,30.0
22717,30.0
22718,30.0
22719,31.0
22720,31.0
22721,31.0
22722,31.0
22723,31.0
22724,31.0
22725,31.0
22726,31.0
22727,31.0
22728,31.0
22729,31.0
22730,31.0
22731,31.0
22732,31.0
22733,31.0
22734,31.0
22735,31.0
22736,31.0
22737,31.0
22738,31.0
22739,31.0
22740,31.0
22741,31.0
22742,31.0
22743,31.0
22744,31.0
22745,31.0
22746,31.0
22747,30.0
22748,30.0
22749,30.0
22750,30.0
22751,30.0
22752,30.0
22753,30.0
22754,30.0
22755,30.0
22756,30.0
22757,30.0
22758,30.0
22759,30.0
22760,30.0
22761,30.0
22762,30.0
22763,30.0
22764,30.0
22765,30.0
22766,30.0
22767,30.0
22768,30.0
22769,30.0
22770,30.0
22771,29.0
22772,29.0
22773,29.0
22774,29.0
22775,29.0
22776,29.0
22777,29.0
22778,29.0
22779,29.0
22780,29.0
22781,29.0
22782,29.0
22783,29.0
22784,29.0
22785,29.0
22786,29.0
22787,29.0
22788,29.0
22789,29.0
22790,29.0
22791,29.0
22792,29.0
22793,29.0
22794,29.0
22795,29.0
22796,29.0
22797,29.0
22798,29.0
22799,29.0
22800,29.0
22801,29.0
22802,29.0
22803,29.0
22804,29.0
22805,29.0
22806,29.0
22807,29.0
22808,29.0
22809,29.0
22810,29.0
22811,29.0
22812,29.0
22813,29.0
22814,29.0
22815,29.0
22816,29.0
22817,29.0
22818,30.0
22819,30.0
22820,30.0
22821,30.0
22822,30.0
22823,30.0
22824,30.0
22825,30.0
22826,30.0
22827,30.0
22828,30.0
22829,30.0
22830,30.0
22831,30.0
22832,30.0
22833,30.0
22834,31.0
22835,31.0
22836,31.0
22837,31.0
22838,31.0
22839,31.0
22840,31.0
22841,31.0
22842,31.0
22843,31.0
22844,31.0
22845,31.0
22846,31.0
22847,31.0
22848,31.0
22849,31.0
22850,31.0
22851,31.0
22852,31.0
22853,31.0
22854,31.0
22855,31.0
22856,31.0
22857,31.0
22858,31.0
22859,31.0
22860,31.0
22861,31.0
22862,31.0
22863,31.0
22864,31.0
22865,31.0
22866,31.0
22867,31.0
22868,31.0
22869,31.0
22870,31.0
22871,31.0
22872,31.0
22873,31.0
22874,31.0
22875,31.0
22876,31.0
22877,31.0
22878,31.0
22879,31.0
22880,31.0
22881,31.0
22882,31.0
22883,31.0
22884,31.0
22885,31.0
22886,31.0
22887,31.0
22888,31.0
22889,31.0
22890,31.0
22891,31.0
22892,31.0
22893,31.0
22894,31.0
22895,31.0
22896,31.0
22897,31.0
22898,31.0
22899,31.0
22900,30.0
22901,30.0
22902,30.0
22903,30.0
22904,30.0
22905,30.0
22906,30.0
22907,30.0
22908,30.0
22909,30.0
22910,30.0
22911,30.0
22912,30.0
22913,30.0
22914,30.0
22915,30.0
22916,30.0
22917,30.0
22918,30.0
22919,30.0
22920,30.0
22921,30.0
22922,30.0
22923,30.0
22924,30.0
22925,30.0
22926,31.0
22927,31.0
22928,31.0
22929,31.0
22930,31.0
22931,31.0
22932,31.0
22933,31.0
22934,30.0
22935,30.0
22936,30.0
22937,30.0
22938,30.0
22939,30.0
22940,30.0
22941,30.0
22942,30.0
22943,30.0
22944,30.0
22945,29.0
22946,29.0
22947,29.0
22948,29.0
22949,29.0
22950,29.0
22951,29.0
22952,29.0
22953,29.0
22954,29.0
22955,29.0
22956,29.0
22957,29.0
22958,29.0
22959,29.0
22960,29.0
22961,29.0
22962,29.0
22963,29.0
22964,30.0
22965,30.0
22966,30.0
22967,30.0
22968,30.0
22969,30.0
22970,30.0
22971,30.0
22972,30.0
22973,30.0
22974,30.0
22975,30.0
22976,30.0
22977,30.0
22978,30.0
22979,30.0
22980,30.0
22981,30.0
22982,30.0
22983,30.0
22984,30.0
22985,30.0
22986,30.0
22987,30.0
22988,30.0
22989,30.0
22990,30.0
22991,30.0
22992,30.0
22993,30.0
22994,30.0
22995,30.0
22996,30.0
22997,30.0
22998,30.0
22999,30.0
23000,30.0
23001,30.0
23002,30.0
23003,30.0
23004,30.0
23005,30.0
23006,30.0
23007,30.0
23008,30.0
23009,30.0
23010,30.0
23011,30.0
23012,30.0
23013,30.0
23014,30.0
23015,30.0
23016,30.0
23017,30.0
23018,30.0
23019,30.0
23020,30.0
23021,30.0
23022,30.0
23023,30.0
23024,30.0
23025,30.0
23026,30.0
23027,30.0
23028,30.0
23029,30.0
23030,30.0
23031,30.0
23032,30.0
23033,30.0
23034,30.0
23035,30.0
23036,30.0
23037,30.0
23038,30.0
23039,30.0
23040,30.0
23041,30.0
23042,30.0
23043,30.0
23044,30.0
23045,30.0
23046,30.0
23047,30.0
23048,30.0
23049,30.0
23050,30.0
23051,30.0
23052,30.0
23053,30.0
23054,30.0
23055,30.0
23056,30.0
23057,30.0
23058,30.0
23059,30.0
23060,30.0
23061,30.0
23062,30.0
23063,30.0
23064,30.0
23065,30.0
23066,30.0
23067,30.0
23068,30.0
23069,30.0
23070,30.0
23071,31.0
23072,31.0
23073,31.0
23074,31.0
23075,31.0
23076,31.0
23077,31.0
23078,31.0
23079,31.0
23080,31.0
23081,31.0
23082,29.0
23083,29.0
23084,28.0
23085,28.0
23086,28.0
23087,28.0
23088,28.0
23089,28.0
23090,28.0
23091,28.0
23092,28.0
23093,28.0
23094,28.0
23095,28.0
23096,28.0
23097,28.0
23098,28.0
23099,28.0
23100,28.0
23101,28.0
23102,28.0
23103,28.0
23104,28.0
23105,28.0
23106,28.0
23107,28.0
23108,28.0
23109,28.0
23110,28.0
23111,28.0
23112,28.0
23113,28.0
23114,26.0
23115,26.0
23116,26.0
23117,26.0
23118,26.0
23119,26.0
23120,26.0
23121,26.0
23122,26.0
23123,26.0
23124,26.0
23125,26.0
23126,26.0
23127,26.0
23128,26.0
23129,26.0
23130,26.0
23131,26.0
23132,26.0
23133,26.0
23134,26.0
23135,26.0
23136,26.0
23137,26.0
23138,26.0
23139,26.0
23140,26.0
23141,26.0
23142,26.0
23143,26.0
23144,26.0
23145,26.0
23146,27.0
23147,27.0
23148,27.0
23149,27.0
23150,27.0
23151,27.0
23152,27.0
23153,27.0
23154,27.0
23155,27.0
23156,27.0
23157,27.0
23158,27.0
23159,27.0
23160,27.0
23161,27.0
23162,27.0
23163,27.0
23164,27.0
23165,27.0
23166,27.0
23167,27.0
23168,27.0
23169,27.0
23170,27.0
23171,27.0
23172,27.0
23173,27.0
23174,27.0
23175,27.0
23176,27.0
23177,27.0
23178,27.0
23179,27.0
23180,27.0
23181,27.0
23182,27.0
23183,28.0
23184,28.0
23185,28.0
23186,28.0
23187,28.0
23188,28.0
23189,28.0
23190,28.0
23191,28.0
23192,28.0
23193,28.0
23194,28.0
23195,28.0
23196,28.0
23197,29.0
23198,29.0
23199,29.0
23200,29.0
23201,29.0
23202,29.0
23203,29.0
23204,29.0
23205,29.0
23206,29.0
23207,29.0
23208,29.0
23209,29.0
23210,29.0
23211,29.0
23212,29.0
23213,29.0
23214,29.0
23215,29.0
23216,29.0
23217,29.0
23218,29.0
23219,29.0
23220,29.0
23221,29.0
23222,29.0
23223,29.0
23224,29.0
23225,29.0
23226,29.0
23227,29.0
23228,29.0
23229,29.0
23230,29.0
23231,29.0
23232,29.0
23233,29.0
23234,29.0
23235,29.0
23236,29.0
23237,29.0
23238,29.0
23239,29.0
23240,29.0
23241,29.0
23242,29.0
23243,29.0
23244,29.0
23245,29.0
23246,29.0
23247,29.0
23248,29.0
23249,29.0
23250,29.0
23251,29.0
23252,29.0
23253,29.0
23254,29.0
23255,29.0
23256,29.0
23257,29.0
23258,29.0
23259,29.0
23260,29.0
23261,29.0
23262,29.0
23263,29.0
23264,29.0
23265,29.0
23266,29.0
23267,29.0
23268,29.0
23269,29.0
23270,29.0
23271,29.0
23272,29.0
23273,29.0
23274,29.0
23275,29.0
23276,29.0
23277,29.0
23278,29.0
23279,29.0
23280,29.0
23281,29.0
23282,29.0
23283,29.0
23284,29.0
23285,29.0
23286,29.0
23287,29.0
23288,29.0
23289,29.0
23290,29.0
23291,29.0
23292,29.0
23293,29.0
23294,29.0
23295,29.0
23296,29.0
23297,29.0
23298,29.0
23299,29.0
23300,29.0
23301,29.0
23302,29.0
23303,29.0
23304,29.0
23305,29.0
23306,29.0
23307,29.0
23308,29.0
23309,29.0
23310,29.0
23311,29.0
23312,29.0
23313,29.0
23314,29.0
23315,29.0
23316,29.0
23317,29.0
23318,29.0
23319,29.0
23320,29.0
23321,29.0
23322,29.0
23323,29.0
23324,29.0
23325,29.0
23326,29.0
23327,29.0
23328,29.0
23329,29.0
23330,29.0
23331,29.0
23332,29.0
23333,29.0
23334,29.0
23335,29.0
23336,29.0
23337,29.0
23338,29.0
23339,29.0
23340,29.0
23341,29.0
23342,29.0
23343,29.0
23344,29.0
23345,29.0
23346,29.0
23347,29.0
23348,29.0
23349,29.0
23350,29.0
23351,29.0
23352,29.0
23353,29.0
23354,29.0
23355,29.0
23356,29.0
23357,29.0
23358,29.0
23359,29.0
23360,29.0
23361,29.0
23362,29.0
23363,29.0
23364,29.0
23365,29.0
23366,29.0
23367,29.0
23368,29.0
23369,29.0
23370,29.0
23371,29.0
23372,29.0
23373,29.0
23374,29.0
23375,29.0
23376,29.0
23377,29.0
23378,29.0
23379,29.0
23380,29.0
23381,29.0
23382,29.0
23383,29.0
23384,29.0
23385,29.0
23386,29.0
23387,29.0
23388,29.0
23389,29.0
23390,29.0
23391,29.0
23392,29.0
23393,29.0
23394,29.0
23395,29.0
23396,29.0
23397,29.0
23398,29.0
23399,29.0
23400,29.0
23401,29.0
23402,29.0
23403,29.0
23404,29.0
23405,29.0
23406,29.0
23407,30.0
23408,30.0
23409,30.0
23410,30.0
23411,30.0
23412,30.0
23413,30.0
23414,30.0
23415,30.0
23416,30.0
23417,30.0
23418,30.0
23419,30.0
23420,30.0
23421,30.0
23422,30.0
23423,30.0
23424,30.0
23425,30.0
23426,30.0
23427,30.0
23428,30.0
23429,30.0
23430,30.0
23431,30.0
23432,30.0
23433,30.0
23434,30.0
23435,30.0
23436,30.0
23437,30.0
23438,30.0
23439,30.0
23440,30.0
23441,30.0
23442,30.0
23443,30.0
23444,30.0
23445,30.0
23446,30.0
23447,30.0
23448,30.0
23449,30.0
23450,30.0
23451,30.0
23452,30.0
23453,30.0
23454,30.0
23455,30.0
23456,30.0
23457,30.0
23458,31.0
23459,31.0
23460,31.0
23461,31.0
23462,31.0
23463,31.0
23464,31.0
23465,31.0
23466,31.0
23467,31.0
23468,31.0
23469,31.0
23470,31.0
23471,31.0
23472,31.0
23473,31.0
23474,31.0
23475,31.0
23476,31.0
23477,31.0
23478,31.0
23479,31.0
23480,31.0
23481,31.0
23482,31.0
23483,31.0
23484,31.0
23485,31.0
23486,31.0
23487,31.0
23488,31.0
23489,31.0
23490,31.0
23491,31.0
23492,31.0
23493,31.0
23494,31.0
23495,31.0
23496,31.0
23497,31.0
23498,31.0
23499,31.0
23500,31.0
23501,31.0
23502,31.0
23503,31.0
23504,31.0
23505,31.0
23506,31.0
23507,32.0
23508,32.0
23509,32.0
23510,32.0
23511,32.0
23512,32.0
23513,32.0
23514,32.0
23515,32.0
23516,32.0
23517,32.0
23518,32.0
23519,33.0
23520,33.0
23521,33.0
23522,33.0
23523,33.0
23524,33.0
23525,33.0
23526,33.0
23527,33.0
23528,33.0
23529,33.0
23530,33.0
23531,33.0
23532,33.0
23533,33.0
23534,33.0
23535,33.0
23536,33.0
23537,33.0
23538,33.0
23539,33.0
23540,33.0
23541,33.0
23542,33.0
23543,34.0
23544,34.0
23545,34.0
23546,34.0
23547,34.0
23548,32.0
23549,32.0
23550,32.0
23551,32.0
23552,32.0
23553,32.0
23554,32.0
23555,32.0
23556,32.0
23557,32.0
23558,32.0
23559,32.0
23560,32.0
23561,32.0
23562,32.0
23563,32.0
23564,30.0
23565,30.0
23566,30.0
23567,30.0
23568,30.0
23569,30.0
23570,30.0
23571,30.0
23572,30.0
23573,30.0
23574,30.0
23575,30.0
23576,30.0
23577,30.0
23578,30.0
23579,31.0
23580,31.0
23581,31.0
23582,31.0
23583,31.0
23584,31.0
23585,31.0
23586,31.0
23587,31.0
23588,31.0
23589,29.0
23590,29.0
23591,29.0
23592,29.0
23593,29.0
23594,29.0
23595,29.0
23596,29.0
23597,29.0
23598,29.0
23599,29.0
23600,30.0
23601,30.0
23602,30.0
23603,30.0
23604,30.0
23605,30.0
23606,30.0
23607,30.0
23608,30.0
23609,30.0
23610,30.0
23611,30.0
23612,30.0
23613,30.0
23614,30.0
23615,30.0
23616,30.0
23617,30.0
23618,30.0
23619,30.0
23620,30.0
23621,30.0
23622,30.0
23623,30.0
23624,30.0
23625,30.0
23626,31.0
23627,31.0
23628,31.0
23629,31.0
23630,31.0
23631,31.0
23632,32.0
23633,32.0
23634,32.0
23635,32.0
23636,32.0
23637,32.0
23638,32.0
23639,32.0
23640,32.0
23641,32.0
23642,32.0
23643,32.0
23644,32.0
23645,32.0
23646,32.0
23647,32.0
23648,32.0
23649,32.0
23650,32.0
23651,32.0
23652,32.0
23653,32.0
23654,32.0
23655,32.0
23656,32.0
23657,32.0
23658,32.0
23659,32.0
23660,33.0
23661,33.0
23662,33.0
23663,33.0
23664,33.0
23665,33.0
23666,33.0
23667,33.0
23668,33.0
23669,33.0
23670,33.0
23671,33.0
23672,33.0
23673,33.0
23674,33.0
23675,33.0
23676,31.0
23677,31.0
23678,31.0
23679,31.0
23680,31.0
23681,31.0
23682,31.0
23683,31.0
23684,31.0
23685,31.0
23686,31.0
23687,32.0
23688,32.0
23689,32.0
23690,32.0
23691,32.0
23692,32.0
23693,32.0
23694,32.0
23695,32.0
23696,32.0
23697,32.0
23698,32.0
23699,32.0
23700,32.0
23701,32.0
23702,32.0
23703,32.0
23704,32.0
23705,32.0
23706,32.0
23707,32.0
23708,32.0
23709,32.0
23710,32.0
23711,32.0
23712,32.0
23713,32.0
23714,32.0
23715,32.0
23716,32.0
23717,32.0
23718,32.0
23719,32.0
23720,32.0
23721,32.0
23722,32.0
23723,32.0
23724,32.0
23725,32.0
23726,32.0
23727,32.0
23728,33.0
23729,33.0
23730,33.0
23731,33.0
23732,33.0
23733,33.0
23734,33.0
23735,33.0
23736,33.0
23737,33.0
23738,33.0
23739,34.0
23740,34.0
23741,34.0
23742,34.0
23743,34.0
23744,33.0
23745,33.0
23746,33.0
23747,33.0
23748,33.0
23749,33.0
23750,33.0
23751,33.0
23752,33.0
23753,33.0
23754,33.0
23755,33.0
23756,33.0
23757,33.0
23758,33.0
23759,33.0
23760,33.0
23761,33.0
23762,33.0
23763,33.0
23764,33.0
23765,33.0
23766,33.0
23767,33.0
23768,33.0
23769,33.0
23770,33.0
23771,33.0
23772,33.0
23773,33.0
23774,33.0
23775,33.0
23776,33.0
23777,33.0
23778,33.0
23779,33.0
23780,33.0
23781,33.0
23782,33.0
23783,33.0
23784,33.0
23785,33.0
23786,33.0
23787,33.0
23788,33.0
23789,33.0
23790,33.0
23791,33.0
23792,33.0
23793,33.0
23794,33.0
23795,33.0
23796,33.0
23797,33.0
23798,33.0
23799,33.0
23800,33.0
23801,33.0
23802,33.0
23803,33.0
23804,33.0
23805,33.0
23806,33.0
23807,33.0
23808,33.0
23809,33.0
23810,33.0
23811,33.0
23812,33.0
23813,33.0
23814,33.0
23815,33.0
23816,33.0
23817,33.0
23818,33.0
23819,33.0
23820,33.0
23821,33.0
23822,33.0
23823,33.0
23824,33.0
23825,33.0
23826,33.0
23827,33.0
23828,33.0
23829,33.0
23830,33.0
23831,33.0
23832,33.0
23833,33.0
23834,33.0
23835,33.0
23836,33.0
23837,33.0
23838,33.0
23839,33.0
23840,33.0
23841,33.0
23842,33.0
23843,33.0
23844,33.0
23845,33.0
23846,33.0
23847,33.0
23848,33.0
23849,33.0
23850,33.0
23851,33.0
23852,33.0
23853,33.0
23854,33.0
23855,33.0
23856,33.0
23857,33.0
23858,33.0
23859,33.0
23860,33.0
23861,33.0
23862,33.0
23863,33.0
23864,33.0
23865,33.0
23866,33.0
23867,33.0
23868,33.0
23869,33.0
23870,33.0
23871,33.0
23872,33.0
23873,33.0
23874,33.0
23875,33.0
23876,33.0
23877,33.0
23878,33.0
23879,33.0
23880,33.0
23881,33.0
23882,33.0
23883,33.0
23884,34.0
23885,33.0
23886,33.0
23887,33.0
23888,33.0
23889,33.0
23890,33.0
23891,32.0
23892,32.0
23893,32.0
23894,32.0
23895,32.0
23896,32.0
23897,32.0
23898,32.0
23899,32.0
23900,32.0
23901,32.0
23902,33.0
23903,33.0
23904,33.0
23905,33.0
23906,33.0
23907,33.0
23908,32.0
23909,32.0
23910,32.0
23911,32.0
23912,32.0
23913,32.0
23914,33.0
23915,33.0
23916,33.0
23917,33.0
23918,33.0
23919,33.0
23920,33.0
23921,33.0
23922,33.0
23923,33.0
23924,32.0
23925,32.0
23926,32.0
23927,32.0
23928,32.0
23929,32.0
23930,32.0
23931,32.0
23932,32.0
23933,32.0
23934,32.0
23935,31.0
23936,31.0
23937,31.0
23938,31.0
23939,31.0
23940,31.0
23941,29.0
23942,29.0
23943,27.0
23944,27.0
23945,27.0
23946,27.0
23947,27.0
23948,27.0
23949,27.0
23950,27.0
23951,27.0
23952,27.0
23953,27.0
23954,27.0
23955,27.0
23956,27.0
23957,27.0
23958,24.0
23959,24.0
23960,24.0
23961,24.0
23962,24.0
23963,25.0
23964,25.0
23965,25.0
23966,25.0
23967,25.0
23968,25.0
23969,25.0
23970,25.0
23971,25.0
23972,25.0
23973,25.0
23974,25.0
23975,25.0
23976,25.0
23977,26.0
23978,26.0
23979,26.0
23980,26.0
23981,26.0
23982,26.0
23983,26.0
23984,26.0
23985,26.0
23986,26.0
23987,26.0
23988,26.0
23989,26.0
23990,26.0
23991,26.0
23992,26.0
23993,26.0
23994,26.0
23995,26.0
23996,26.0
23997,26.0
23998,26.0
23999,26.0
24000,26.0
24001,27.0
24002,27.0
24003,27.0
24004,27.0
24005,27.0
24006,27.0
24007,27.0
24008,27.0
24009,27.0
24010,28.0
24011,28.0
24012,28.0
24013,28.0
24014,28.0
24015,28.0
24016,28.0
24017,28.0
24018,28.0
24019,28.0
24020,28.0
24021,28.0
24022,28.0
24023,28.0
24024,28.0
24025,28.0
24026,28.0
24027,28.0
24028,28.0
24029,28.0
24030,28.0
24031,28.0
24032,28.0
24033,28.0
24034,28.0
24035,28.0
24036,28.0
24037,28.0
24038,28.0
24039,28.0
24040,28.0
24041,28.0
24042,28.0
24043,28.0
24044,28.0
24045,28.0
24046,28.0
24047,28.0
24048,28.0
24049,28.0
24050,28.0
24051,28.0
24052,28.0
24053,28.0
24054,28.0
24055,28.0
24056,28.0
24057,28.0
24058,28.0
24059,28.0
24060,28.0
24061,28.0
24062,28.0
24063,28.0
24064,29.0
24065,29.0
24066,29.0
24067,29.0
24068,29.0
24069,29.0
24070,29.0
24071,29.0
24072,29.0
24073,29.0
24074,29.0
24075,29.0
24076,29.0
24077,29.0
24078,29.0
24079,29.0
24080,29.0
24081,29.0
24082,29.0
24083,29.0
24084,29.0
24085,29.0
24086,29.0
24087,29.0
24088,29.0
24089,29.0
24090,29.0
24091,29.0
24092,29.0
24093,29.0
24094,29.0
24095,29.0
24096,29.0
24097,30.0
24098,30.0
24099,30.0
24100,30.0
24101,30.0
24102,30.0
24103,30.0
24104,30.0
24105,30.0
24106,30.0
24107,30.0
24108,31.0
24109,31.0
24110,31.0
24111,31.0
24112,31.0
24113,31.0
24114,31.0
24115,31.0
24116,29.0
24117,29.0
24118,29.0
24119,29.0
24120,29.0
24121,29.0
24122,29.0
24123,29.0
24124,29.0
24125,29.0
24126,29.0
24127,29.0
24128,29.0
24129,29.0
24130,29.0
24131,30.0
24132,30.0
24133,30.0
24134,30.0
24135,30.0
24136,30.0
24137,30.0
24138,30.0
24139,30.0
24140,30.0
24141,30.0
24142,30.0
24143,30.0
24144,30.0
24145,31.0
24146,31.0
24147,31.0
24148,31.0
24149,31.0
24150,31.0
24151,31.0
24152,31.0
24153,31.0
24154,31.0
24155,31.0
24156,31.0
24157,31.0
24158,31.0
24159,31.0
24160,31.0
24161,31.0
24162,31.0
24163,31.0
24164,31.0
24165,31.0
24166,31.0
24167,31.0
24168,31.0
24169,31.0
24170,31.0
24171,31.0
24172,31.0
24173,31.0
24174,31.0
24175,31.0
24176,31.0
24177,31.0
24178,31.0
24179,31.0
24180,31.0
24181,31.0
24182,31.0
24183,31.0
24184,31.0
24185,31.0
24186,30.0
24187,30.0
24188,30.0
24189,30.0
24190,30.0
24191,30.0
24192,29.0
24193,29.0
24194,29.0
24195,29.0
24196,29.0
24197,29.0
24198,29.0
24199,29.0
24200,29.0
24201,29.0
24202,29.0
24203,29.0
24204,29.0
24205,29.0
24206,29.0
24207,29.0
24208,27.0
24209,27.0
24210,27.0
24211,27.0
24212,25.0
24213,25.0
24214,25.0
24215,25.0
24216,25.0
24217,25.0
24218,25.0
24219,25.0
24220,25.0
24221,25.0
24222,25.0
24223,25.0
24224,25.0
24225,25.0
24226,25.0
24227,25.0
24228,25.0
24229,25.0
24230,25.0
24231,25.0
24232,25.0
24233,25.0
24234,25.0
24235,25.0
24236,25.0
24237,25.0
24238,25.0
24239,25.0
24240,25.0
24241,25.0
24242,25.0
24243,25.0
24244,25.0
24245,26.0
24246,26.0
24247,26.0
24248,26.0
24249,26.0
24250,26.0
24251,26.0
24252,26.0
24253,26.0
24254,26.0
24255,26.0
24256,26.0
24257,27.0
24258,27.0
24259,27.0
24260,27.0
24261,27.0
24262,27.0
24263,27.0
24264,27.0
24265,27.0
24266,27.0
24267,27.0
24268,27.0
24269,27.0
24270,27.0
24271,27.0
24272,27.0
24273,27.0
24274,27.0
24275,27.0
24276,27.0
24277,27.0
24278,27.0
24279,27.0
24280,27.0
24281,27.0
24282,27.0
24283,27.0
24284,27.0
24285,27.0
24286,27.0
24287,27.0
24288,27.0
24289,27.0
24290,27.0
24291,27.0
24292,27.0
24293,27.0
24294,27.0
24295,27.0
24296,26.0
24297,26.0
24298,26.0
24299,26.0
24300,26.0
24301,26.0
24302,26.0
24303,26.0
24304,26.0
24305,26.0
24306,26.0
24307,26.0
24308,26.0
24309,26.0
24310,26.0
24311,26.0
24312,26.0
24313,26.0
24314,26.0
24315,26.0
24316,26.0
24317,27.0
24318,27.0
24319,27.0
24320,27.0
24321,27.0
24322,27.0
24323,27.0
24324,27.0
24325,27.0
24326,27.0
24327,26.0
24328,25.0
24329,25.0
24330,25.0
24331,25.0
24332,25.0
24333,25.0
24334,25.0
24335,25.0
24336,25.0
24337,25.0
24338,25.0
24339,25.0
24340,25.0
24341,25.0
24342,25.0
24343,25.0
24344,25.0
24345,26.0
24346,26.0
24347,26.0
24348,26.0
24349,26.0
24350,26.0
24351,26.0
24352,26.0
24353,26.0
24354,26.0
24355,26.0
24356,26.0
24357,26.0
24358,26.0
24359,26.0
24360,26.0
24361,26.0
24362,26.0
24363,26.0
24364,26.0
24365,26.0
24366,26.0
24367,26.0
24368,26.0
24369,26.0
24370,26.0
24371,26.0
24372,26.0
24373,26.0
24374,26.0
24375,26.0
24376,26.0
24377,26.0
24378,26.0
24379,26.0
24380,26.0
24381,26.0
24382,26.0
24383,26.0
24384,26.0
24385,26.0
24386,26.0
24387,26.0
24388,26.0
24389,26.0
24390,26.0
24391,27.0
24392,27.0
24393,27.0
24394,27.0
24395,27.0
24396,27.0
24397,27.0
24398,27.0
24399,27.0
24400,27.0
24401,27.0
24402,27.0
24403,27.0
24404,27.0
24405,27.0
24406,27.0
24407,27.0
24408,27.0
24409,27.0
24410,28.0
24411,28.0
24412,28.0
24413,28.0
24414,28.0
24415,28.0
24416,28.0
24417,28.0
24418,28.0
24419,28.0
24420,28.0
24421,28.0
24422,28.0
24423,28.0
24424,28.0
24425,28.0
24426,28.0
24427,28.0
24428,28.0
24429,28.0
24430,28.0
24431,28.0
24432,28.0
24433,28.0
24434,28.0
24435,28.0
24436,28.0
24437,28.0
24438,28.0
24439,28.0
24440,28.0
24441,28.0
24442,28.0
24443,28.0
24444,28.0
24445,28.0
24446,28.0
24447,28.0
24448,28.0
24449,28.0
24450,28.0
24451,28.0
24452,28.0
24453,28.0
24454,28.0
24455,28.0
24456,28.0
24457,28.0
24458,28.0
24459,28.0
24460,28.0
24461,29.0
24462,29.0
24463,29.0
24464,29.0
24465,29.0
24466,29.0
24467,29.0
24468,29.0
24469,29.0
24470,29.0
24471,29.0
24472,29.0
24473,29.0
24474,29.0
24475,29.0
24476,29.0
24477,29.0
24478,29.0
24479,29.0
24480,29.0
24481,29.0
24482,28.0
24483,28.0
24484,28.0
24485,28.0
24486,28.0
24487,28.0
24488,28.0
24489,28.0
24490,28.0
24491,28.0
24492,28.0
24493,28.0
24494,28.0
24495,28.0
24496,28.0
24497,28.0
24498,28.0
24499,28.0
24500,28.0
24501,28.0
24502,28.0
24503,28.0
24504,27.0
24505,27.0
24506,27.0
24507,27.0
24508,27.0
24509,27.0
24510,27.0
24511,27.0
24512,27.0
24513,27.0
24514,27.0
24515,27.0
24516,27.0
24517,27.0
24518,27.0
24519,27.0
24520,27.0
24521,27.0
24522,27.0
24523,27.0
24524,27.0
24525,27.0
24526,27.0
24527,27.0
24528,27.0
24529,27.0
24530,27.0
24531,27.0
24532,27.0
24533,27.0
24534,27.0
24535,27.0
24536,27.0
24537,27.0
24538,27.0
24539,27.0
24540,27.0
24541,27.0
24542,27.0
24543,27.0
24544,27.0
24545,27.0
24546,27.0
24547,27.0
24548,27.0
24549,27.0
24550,27.0
24551,27.0
24552,27.0
24553,27.0
24554,27.0
24555,27.0
24556,27.0
24557,27.0
24558,27.0
24559,27.0
24560,27.0
24561,27.0
24562,28.0
24563,28.0
24564,28.0
24565,28.0
24566,28.0
24567,28.0
24568,28.0
24569,28.0
24570,28.0
24571,28.0
24572,28.0
24573,28.0
24574,28.0
24575,28.0
24576,28.0
24577,28.0
24578,28.0
24579,28.0
24580,28.0
24581,28.0
24582,28.0
24583,28.0
24584,29.0
24585,29.0
24586,29.0
24587,29.0
24588,29.0
24589,29.0
24590,29.0
24591,29.0
24592,29.0
24593,29.0
24594,29.0
24595,30.0
24596,30.0
24597,30.0
24598,30.0
24599,30.0
24600,30.0
24601,30.0
24602,30.0
24603,30.0
24604,30.0
24605,30.0
24606,30.0
24607,30.0
24608,30.0
24609,30.0
24610,30.0
24611,30.0
24612,30.0
24613,29.0
24614,29.0
24615,29.0
24616,29.0
24617,26.0
24618,26.0
24619,26.0
24620,26.0
24621,26.0
24622,26.0
24623,26.0
24624,26.0
24625,26.0
24626,26.0
24627,26.0
24628,26.0
24629,26.0
24630,26.0
24631,26.0
24632,26.0
24633,26.0
24634,26.0
24635,27.0
24636,27.0
24637,28.0
24638,28.0
24639,27.0
24640,27.0
24641,27.0
24642,27.0
24643,27.0
24644,28.0
24645,28.0
24646,28.0
24647,28.0
24648,28.0
24649,28.0
24650,28.0
24651,28.0
24652,28.0
24653,28.0
24654,28.0
24655,28.0
24656,28.0
24657,28.0
24658,28.0
24659,28.0
24660,28.0
24661,28.0
24662,28.0
24663,28.0
24664,28.0
24665,28.0
24666,28.0
24667,28.0
24668,28.0
24669,28.0
24670,28.0
24671,28.0
24672,28.0
24673,28.0
24674,28.0
24675,28.0
24676,28.0
24677,28.0
24678,28.0
24679,28.0
24680,28.0
24681,28.0
24682,28.0
24683,28.0
24684,28.0
24685,28.0
24686,28.0
24687,28.0
24688,28.0
24689,28.0
24690,29.0
24691,29.0
24692,29.0
24693,29.0
24694,29.0
24695,29.0
24696,29.0
24697,29.0
24698,29.0
24699,29.0
24700,29.0
24701,29.0
24702,29.0
24703,29.0
24704,29.0
24705,29.0
24706,29.0
24707,29.0
24708,29.0
24709,29.0
24710,29.0
24711,29.0
24712,30.0
24713,30.0
24714,30.0
24715,30.0
24716,30.0
24717,30.0
24718,30.0
24719,30.0
24720,30.0
24721,30.0
24722,30.0
24723,30.0
24724,30.0
24725,30.0
24726,30.0
24727,30.0
24728,30.0
24729,30.0
24730,30.0
24731,30.0
24732,30.0
24733,30.0
24734,30.0
24735,30.0
24736,30.0
24737,30.0
24738,30.0
24739,30.0
24740,30.0
24741,30.0
24742,30.0
24743,30.0
24744,30.0
24745,30.0
24746,30.0
24747,30.0
24748,30.0
24749,30.0
24750,30.0
24751,30.0
24752,30.0
24753,30.0
24754,30.0
24755,30.0
24756,30.0
24757,30.0
24758,30.0
24759,30.0
24760,30.0
24761,30.0
24762,30.0
24763,30.0
24764,30.0
24765,30.0
24766,30.0
24767,30.0
24768,30.0
24769,30.0
24770,30.0
24771,30.0
24772,30.0
24773,30.0
24774,30.0
24775,30.0
24776,30.0
24777,30.0
24778,30.0
24779,30.0
24780,30.0
24781,30.0
24782,30.0
24783,31.0
24784,31.0
24785,31.0
24786,31.0
24787,31.0
24788,31.0
24789,31.0
24790,31.0
24791,31.0
24792,31.0
24793,31.0
24794,31.0
24795,31.0
24796,31.0
24797,31.0
24798,31.0
24799,31.0
24800,31.0
24801,31.0
24802,31.0
24803,29.0
24804,29.0
24805,28.0
24806,28.0
24807,28.0
24808,28.0
24809,28.0
24810,28.0
24811,28.0
24812,26.0
24813,26.0
24814,26.0
24815,26.0
24816,26.0
24817,26.0
24818,27.0
24819,27.0
24820,27.0
24821,28.0
24822,28.0
24823,28.0
24824,28.0
24825,28.0
24826,28.0
24827,28.0
24828,29.0
24829,29.0
24830,29.0
24831,29.0
24832,28.0
24833,28.0
24834,28.0
24835,28.0
24836,28.0
24837,28.0
24838,28.0
24839,28.0
24840,28.0
24841,28.0
24842,28.0
24843,28.0
24844,28.0
24845,28.0
24846,28.0
24847,28.0
24848,28.0
24849,28.0
24850,28.0
24851,28.0
24852,28.0
24853,28.0
24854,28.0
24855,28.0
24856,28.0
24857,29.0
24858,29.0
24859,29.0
24860,29.0
24861,29.0
24862,29.0
24863,29.0
24864,29.0
24865,29.0
24866,29.0
24867,29.0
24868,29.0
24869,29.0
24870,29.0
24871,29.0
24872,29.0
24873,29.0
24874,29.0
24875,29.0
24876,29.0
24877,29.0
24878,29.0
24879,29.0
24880,29.0
24881,29.0
24882,29.0
24883,29.0
24884,29.0
24885,29.0
24886,29.0
24887,29.0
24888,29.0
24889,29.0
24890,29.0
24891,29.0
24892,29.0
24893,29.0
24894,29.0
24895,29.0
24896,29.0
24897,29.0
24898,29.0
24899,29.0
24900,29.0
24901,29.0
24902,29.0
24903,30.0
24904,30.0
24905,30.0
24906,30.0
24907,30.0
24908,30.0
24909,30.0
24910,30.0
24911,29.0
24912,29.0
24913,29.0
24914,29.0
24915,29.0
24916,29.0
24917,29.0
24918,29.0
24919,29.0
24920,29.0
24921,29.0
24922,29.0
24923,29.0
24924,29.0
24925,29.0
24926,29.0
24927,29.0
24928,29.0
24929,29.0
24930,29.0
24931,29.0
24932,29.0
24933,29.0
24934,29.0
24935,29.0
24936,29.0
24937,29.0
24938,29.0
24939,29.0
24940,29.0
24941,29.0
24942,30.0
24943,30.0
24944,30.0
24945,30.0
24946,30.0
24947,31.0
24948,31.0
24949,31.0
24950,31.0
24951,31.0
24952,31.0
24953,31.0
24954,31.0
24955,31.0
24956,31.0
24957,31.0
24958,31.0
24959,31.0
24960,31.0
24961,31.0
24962,27.0
24963,27.0
24964,27.0
24965,27.0
24966,27.0
24967,27.0
24968,26.0
24969,22.0
24970,22.0
24971,22.0
24972,22.0
24973,22.0
24974,22.0
24975,22.0
24976,22.0
24977,22.0
24978,23.0
24979,23.0
24980,23.0
24981,23.0
24982,23.0
24983,23.0
24984,19.0
24985,19.0
24986,19.0
24987,19.0
24988,19.0
24989,19.0
24990,19.0
24991,19.0
24992,19.0
24993,19.0
24994,19.0
24995,19.0
24996,19.0
24997,19.0
24998,19.0
24999,19.0
25000,15.0
25001,15.0
25002,15.0
25003,15.0
25004,15.0
25005,15.0
25006,15.0
25007,15.0
25008,15.0
25009,15.0
25010,15.0
25011,15.0
25012,15.0
25013,15.0
25014,15.0
25015,15.0
25016,15.0
25017,15.0
25018,15.0
25019,15.0
25020,15.0
25021,15.0
25022,15.0
25023,15.0
25024,15.0
25025,15.0
25026,15.0
25027,15.0
25028,15.0
25029,16.0
25030,16.0
25031,16.0
25032,16.0
25033,16.0
25034,16.0
25035,16.0
25036,16.0
25037,16.0
25038,16.0
25039,16.0
25040,16.0
25041,16.0
25042,16.0
25043,16.0
25044,16.0
25045,16.0
25046,16.0
25047,16.0
25048,16.0
25049,16.0
25050,17.0
25051,17.0
25052,17.0
25053,17.0
25054,17.0
25055,17.0
25056,17.0
25057,17.0
25058,17.0
25059,17.0
25060,17.0
25061,17.0
25062,17.0
25063,17.0
25064,17.0
25065,17.0
25066,17.0
25067,18.0
25068,18.0
25069,18.0
25070,18.0
25071,18.0
25072,18.0
25073,18.0
25074,18.0
25075,18.0
25076,18.0
25077,18.0
25078,18.0
25079,18.0
25080,18.0
25081,18.0
25082,18.0
25083,18.0
25084,18.0
25085,18.0
25086,18.0
25087,18.0
25088,18.0
25089,18.0
25090,18.0
25091,18.0
25092,18.0
25093,18.0
25094,18.0
25095,18.0
25096,18.0
25097,18.0
25098,18.0
25099,18.0
25100,18.0
25101,19.0
25102,19.0
25103,19.0
25104,19.0
25105,19.0
25106,19.0
25107,19.0
25108,19.0
25109,19.0
25110,19.0
25111,19.0
25112,19.0
25113,19.0
25114,19.0
25115,19.0
25116,19.0
25117,19.0
25118,19.0
25119,19.0
25120,19.0
25121,19.0
25122,20.0
25123,20.0
25124,20.0
25125,20.0
25126,20.0
25127,20.0
25128,20.0
25129,20.0
25130,20.0
25131,20.0
25132,20.0
25133,20.0
25134,20.0
25135,20.0
25136,20.0
25137,20.0
25138,20.0
25139,20.0
25140,20.0
25141,20.0
25142,20.0
25143,20.0
25144,20.0
25145,20.0
25146,20.0
25147,20.0
25148,20.0
25149,20.0
25150,20.0
25151,20.0
25152,20.0
25153,20.0
25154,20.0
25155,20.0
25156,20.0
25157,20.0
25158,20.0
25159,20.0
25160,20.0
25161,20.0
25162,20.0
25163,20.0
25164,20.0
25165,20.0
25166,20.0
25167,20.0
25168,20.0
25169,20.0
25170,20.0
25171,20.0
25172,20.0
25173,20.0
25174,20.0
25175,20.0
25176,20.0
25177,20.0
25178,20.0
25179,20.0
25180,20.0
25181,20.0
25182,20.0
25183,20.0
25184,20.0
25185,21.0
25186,21.0
25187,21.0
25188,21.0
25189,21.0
25190,21.0
25191,21.0
25192,21.0
25193,21.0
25194,21.0
25195,21.0
25196,21.0
25197,21.0
25198,21.0
25199,21.0
25200,21.0
25201,21.0
25202,21.0
25203,21.0
25204,21.0
25205,21.0
25206,21.0
25207,21.0
25208,21.0
25209,21.0
25210,21.0
25211,21.0
25212,21.0
25213,21.0
25214,21.0
25215,21.0
25216,21.0
25217,21.0
25218,21.0
25219,21.0
25220,21.0
25221,21.0
25222,21.0
25223,21.0
25224,21.0
25225,21.0
25226,21.0
25227,21.0
25228,21.0
25229,21.0
25230,21.0
25231,21.0
25232,21.0
25233,21.0
25234,21.0
25235,21.0
25236,21.0
25237,21.0
25238,21.0
25239,21.0
25240,22.0
25241,22.0
25242,22.0
25243,22.0
25244,22.0
25245,22.0
25246,22.0
25247,22.0
25248,22.0
25249,22.0
25250,22.0
25251,22.0
25252,22.0
25253,22.0
25254,22.0
25255,23.0
25256,23.0
25257,23.0
25258,23.0
25259,23.0
25260,23.0
25261,24.0
25262,24.0
25263,24.0
25264,24.0
25265,24.0
25266,24.0
25267,24.0
25268,24.0
25269,24.0
25270,24.0
25271,24.0
25272,24.0
25273,24.0
25274,24.0
25275,25.0
25276,25.0
25277,25.0
25278,25.0
25279,25.0
25280,25.0
25281,25.0
25282,25.0
25283,25.0
25284,25.0
25285,25.0
25286,25.0
25287,25.0
25288,25.0
25289,25.0
25290,25.0
25291,25.0
25292,23.0
25293,23.0
25294,23.0
25295,23.0
25296,22.0
25297,22.0
25298,22.0
25299,22.0
25300,22.0
25301,22.0
25302,22.0
25303,22.0
25304,22.0
25305,22.0
25306,22.0
25307,22.0
25308,22.0
25309,22.0
25310,22.0
25311,22.0
25312,22.0
25313,22.0
25314,22.0
25315,22.0
25316,22.0
25317,22.0
25318,22.0
25319,22.0
25320,22.0
25321,22.0
25322,22.0
25323,22.0
25324,22.0
25325,22.0
25326,23.0
25327,23.0
25328,23.0
25329,23.0
25330,23.0
25331,23.0
25332,23.0
25333,23.0
25334,23.0
25335,23.0
25336,23.0
25337,23.0
25338,22.0
25339,22.0
25340,22.0
25341,22.0
25342,18.0
25343,18.0
25344,18.0
25345,18.0
25346,18.0
25347,18.0
25348,17.0
25349,17.0
25350,17.0
25351,17.0
25352,18.0
25353,18.0
25354,18.0
25355,18.0
25356,16.0
25357,16.0
25358,16.0
25359,16.0
25360,16.0
25361,16.0
25362,16.0
25363,16.0
25364,16.0
25365,16.0
25366,17.0
25367,17.0
25368,17.0
25369,17.0
25370,15.0
25371,15.0
25372,15.0
25373,15.0
25374,15.0
25375,15.0
25376,15.0
25377,15.0
25378,15.0
25379,14.0
25380,14.0
25381,14.0
25382,14.0
25383,14.0
25384,14.0
25385,14.0
25386,12.0
25387,12.0
25388,12.0
25389,12.0
25390,12.0
25391,12.0
25392,12.0
25393,12.0
25394,12.0
25395,12.0
25396,11.0
25397,11.0
25398,11.0
25399,11.0
25400,11.0
25401,11.0
25402,11.0
25403,11.0
25404,11.0
25405,11.0
25406,11.0
25407,11.0
25408,11.0
25409,11.0
25410,11.0
25411,11.0
25412,11.0
25413,11.0
25414,11.0
25415,10.0
25416,10.0
25417,10.0
25418,9.0
25419,6.0
25420,6.0
25421,6.0
25422,6.0
25423,6.0
25424,6.0
25425,6.0
25426,6.0
25427,6.0
25428,6.0
25429,6.0
25430,6.0
25431,6.0
25432,6.0
25433,6.0
25434,6.0
25435,6.0
25436,6.0
25437,6.0
25438,6.0
25439,6.0
25440,6.0
25441,6.0
25442,6.0
25443,6.0
25444,6.0
25445,6.0
25446,6.0
25447,7.0
25448,7.0
25449,7.0
25450,7.0
25451,7.0
25452,7.0
25453,7.0
25454,7.0
25455,7.0
25456,7.0
25457,7.0
25458,7.0
25459,7.0
25460,7.0
25461,7.0
25462,7.0
25463,7.0
25464,7.0
25465,7.0
25466,7.0
25467,7.0
25468,7.0
25469,7.0
25470,7.0
25471,7.0
25472,6.0
25473,6.0
25474,6.0
25475,6.0
25476,6.0
25477,6.0
25478,6.0
25479,7.0
25480,7.0
25481,7.0
25482,7.0
25483,7.0
25484,7.0
25485,7.0
25486,7.0
25487,7.0
25488,7.0
25489,7.0
25490,7.0
25491,7.0
25492,7.0
25493,7.0
25494,7.0
25495,7.0
25496,7.0
25497,7.0
25498,6.0
25499,6.0
25500,6.0
25501,6.0
25502,6.0
25503,6.0
25504,6.0
25505,6.0
25506,6.0
25507,6.0
25508,6.0
25509,6.0
25510,6.0
25511,6.0
25512,6.0
25513,6.0
25514,6.0
25515,6.0
25516,6.0
25517,6.0
25518,6.0
25519,6.0
25520,6.0
25521,6.0
25522,6.0
25523,6.0
25524,6.0
25525,6.0
25526,6.0
25527,6.0
25528,6.0
25529,6.0
25530,6.0
25531,6.0
25532,6.0
25533,6.0
25534,6.0
25535,6.0
25536,6.0
25537,6.0
25538,6.0
25539,6.0
25540,6.0
25541,6.0
25542,6.0
25543,6.0
25544,6.0
25545,6.0
25546,6.0
25547,6.0
25548,6.0
25549,6.0
25550,6.0
25551,6.0
25552,6.0
25553,6.0
25554,6.0
25555,6.0
25556,6.0
25557,6.0
25558,6.0
25559,6.0
25560,6.0
25561,6.0
25562,6.0
25563,6.0
25564,6.0
25565,7.0
25566,7.0
25567,7.0
25568,7.0
25569,7.0
25570,7.0
25571,7.0
25572,7.0
25573,7.0
25574,7.0
25575,7.0
25576,7.0
25577,7.0
25578,7.0
25579,7.0
25580,7.0
25581,7.0
25582,7.0
25583,7.0
25584,7.0
25585,7.0
25586,7.0
25587,7.0
25588,7.0
25589,7.0
25590,7.0
25591,7.0
25592,7.0
25593,7.0
25594,7.0
25595,6.0
25596,6.0
25597,6.0
25598,6.0
25599,6.0
25600,6.0
25601,6.0
25602,6.0
25603,6.0
25604,6.0
25605,6.0
25606,6.0
25607,6.0
25608,6.0
25609,6.0
25610,6.0
25611,6.0
25612,7.0
25613,7.0
25614,7.0
25615,7.0
25616,7.0
25617,7.0
25618,7.0
25619,7.0
25620,7.0
25621,7.0
25622,7.0
25623,7.0
25624,7.0
25625,7.0
25626,7.0
25627,7.0
25628,7.0
25629,7.0
25630,7.0
25631,7.0
25632,7.0
25633,8.0
25634,8.0
25635,8.0
25636,8.0
25637,8.0
25638,8.0
25639,8.0
25640,8.0
25641,8.0
25642,8.0
25643,8.0
25644,8.0
25645,8.0
25646,8.0
25647,8.0
25648,8.0
25649,8.0
25650,8.0
25651,8.0
25652,8.0
25653,8.0
25654,8.0
25655,8.0
25656,8.0
25657,8.0
25658,8.0
25659,8.0
25660,8.0
25661,8.0
25662,8.0
25663,8.0
25664,9.0
25665,7.0
25666,7.0
25667,7.0
25668,7.0
25669,7.0
25670,7.0
25671,7.0
25672,7.0
25673,7.0
25674,7.0
25675,7.0
25676,7.0
25677,7.0
25678,7.0
25679,7.0
25680,7.0
25681,7.0
25682,7.0
25683,7.0
25684,7.0
25685,7.0
25686,7.0
25687,7.0
25688,7.0
25689,7.0
25690,7.0
25691,7.0
25692,7.0
25693,7.0
25694,7.0
25695,7.0
25696,7.0
25697,7.0
25698,7.0
25699,7.0
25700,7.0
25701,7.0
25702,7.0
25703,7.0
25704,7.0
25705,7.0
25706,7.0
25707,7.0
25708,7.0
25709,7.0
25710,7.0
25711,7.0
25712,7.0
25713,8.0
25714,7.0
25715,7.0
25716,7.0
25717,7.0
25718,7.0
25719,7.0
25720,7.0
25721,7.0
25722,7.0
25723,7.0
25724,7.0
25725,7.0
25726,7.0
25727,6.0
25728,6.0
25729,6.0
25730,6.0
25731,6.0
25732,6.0
25733,6.0
25734,6.0
25735,6.0
25736,6.0
25737,6.0
25738,6.0
25739,6.0
25740,6.0
25741,6.0
25742,6.0
25743,6.0
25744,6.0
25745,6.0
25746,6.0
25747,6.0
25748,6.0
25749,6.0
25750,6.0
25751,6.0
25752,6.0
25753,6.0
25754,6.0
25755,6.0
25756,6.0
25757,6.0
25758,6.0
25759,6.0
25760,6.0
25761,6.0
25762,6.0
25763,6.0
25764,6.0
25765,6.0
25766,6.0
25767,6.0
25768,6.0
25769,6.0
25770,6.0
25771,6.0
25772,6.0
25773,6.0
25774,6.0
25775,6.0
25776,6.0
25777,6.0
25778,6.0
25779,6.0
25780,6.0
25781,6.0
25782,6.0
25783,6.0
25784,7.0
25785,7.0
25786,6.0
25787,6.0
25788,6.0
25789,6.0
25790,6.0
25791,6.0
25792,6.0
25793,6.0
25794,6.0
25795,6.0
25796,6.0
25797,6.0
25798,6.0
25799,6.0
25800,6.0
25801,6.0
25802,6.0
25803,6.0
25804,6.0
25805,6.0
25806,6.0
25807,6.0
25808,6.0
25809,6.0
25810,6.0
25811,6.0
25812,6.0
25813,6.0
25814,6.0
25815,6.0
25816,6.0
25817,6.0
25818,6.0
25819,6.0
25820,6.0
25821,6.0
25822,6.0
25823,6.0
25824,6.0
25825,6.0
25826,6.0
25827,6.0
25828,6.0
25829,6.0
25830,6.0
25831,6.0
25832,6.0
25833,6.0
25834,6.0
25835,6.0
25836,6.0
25837,6.0
25838,6.0
25839,6.0
25840,6.0
25841,6.0
25842,6.0
25843,6.0
25844,6.0
25845,6.0
25846,7.0
25847,7.0
25848,7.0
25849,7.0
25850,7.0
25851,7.0
25852,7.0
25853,7.0
25854,7.0
25855,7.0
25856,6.0
25857,6.0
25858,6.0
25859,6.0
25860,6.0
25861,6.0
25862,6.0
25863,6.0
25864,6.0
25865,6.0
25866,6.0
25867,6.0
25868,6.0
25869,6.0
25870,6.0
25871,6.0
25872,6.0
25873,6.0
25874,6.0
25875,6.0
25876,6.0
25877,6.0
25878,6.0
25879,6.0
25880,6.0
25881,6.0
25882,6.0
25883,6.0
25884,6.0
25885,6.0
25886,6.0
25887,6.0
25888,6.0
25889,6.0
25890,6.0
25891,6.0
25892,6.0
25893,6.0
25894,6.0
25895,6.0
25896,6.0
25897,6.0
25898,6.0
25899,6.0
25900,6.0
25901,6.0
25902,6.0
25903,6.0
25904,6.0
25905,7.0
25906,7.0
25907,7.0
25908,7.0
25909,7.0
25910,7.0
25911,7.0
25912,7.0
25913,7.0
25914,7.0
25915,7.0
25916,7.0
25917,7.0
25918,7.0
25919,7.0
25920,7.0
25921,7.0
25922,7.0
25923,7.0
25924,7.0
25925,7.0
25926,7.0
25927,7.0
25928,7.0
25929,7.0
25930,7.0
25931,7.0
25932,7.0
25933,7.0
25934,7.0
25935,7.0
25936,7.0
25937,7.0
25938,7.0
25939,7.0
25940,7.0
25941,7.0
25942,7.0
25943,7.0
25944,7.0
25945,7.0
25946,7.0
25947,7.0
25948,7.0
25949,7.0
25950,7.0
25951,7.0
25952,7.0
25953,7.0
25954,7.0
25955,7.0
25956,7.0
25957,7.0
25958,7.0
25959,7.0
25960,7.0
25961,7.0
25962,7.0
25963,7.0
25964,7.0
25965,7.0
25966,7.0
25967,7.0
25968,7.0
25969,7.0
25970,7.0
25971,7.0
25972,7.0
25973,7.0
25974,7.0
25975,7.0
25976,7.0
25977,7.0
25978,7.0
25979,7.0
25980,7.0
25981,7.0
25982,7.0
25983,7.0
25984,7.0
25985,7.0
25986,7.0
25987,7.0
25988,7.0
25989,7.0
25990,7.0
25991,7.0
25992,7.0
25993,7.0
25994,7.0
25995,7.0
25996,7.0
25997,7.0
25998,7.0
25999,7.0
26000,7.0
26001,7.0
26002,7.0
26003,7.0
26004,7.0
26005,7.0
26006,7.0
26007,7.0
26008,7.0
26009,7.0
26010,7.0
26011,7.0
26012,7.0
26013,7.0
26014,7.0
26015,7.0
26016,7.0
26017,7.0
26018,7.0
26019,7.0
26020,7.0
26021,7.0
26022,7.0
26023,7.0
26024,7.0
26025,7.0
26026,7.0
26027,7.0
26028,7.0
26029,7.0
26030,7.0
26031,7.0
26032,7.0
26033,7.0
26034,7.0
26035,7.0
26036,7.0
26037,7.0
26038,7.0
26039,7.0
26040,7.0
26041,7.0
26042,7.0
26043,7.0
26044,7.0
26045,7.0
26046,7.0
26047,7.0
26048,7.0
26049,7.0
26050,7.0
26051,7.0
26052,7.0
26053,7.0
26054,7.0
26055,7.0
26056,7.0
26057,7.0
26058,7.0
26059,7.0
26060,7.0
26061,7.0
26062,7.0
26063,7.0
26064,7.0
26065,7.0
26066,7.0
26067,7.0
26068,7.0
26069,7.0
26070,7.0
26071,7.0
26072,7.0
26073,8.0
26074,8.0
26075,8.0
26076,8.0
26077,8.0
26078,8.0
26079,8.0
26080,8.0
26081,8.0
26082,8.0
26083,8.0
26084,8.0
26085,8.0
26086,8.0
26087,8.0
26088,8.0
26089,8.0
26090,8.0
26091,8.0
26092,8.0
26093,8.0
26094,8.0
26095,8.0
26096,8.0
26097,8.0
26098,8.0
26099,8.0
26100,8.0
26101,8.0
26102,8.0
26103,8.0
26104,8.0
26105,8.0
26106,8.0
26107,8.0
26108,8.0
26109,8.0
26110,8.0
26111,9.0
26112,9.0
26113,9.0
26114,9.0
26115,9.0
26116,9.0
26117,9.0
26118,9.0
26119,9.0
26120,9.0
26121,9.0
26122,9.0
26123,9.0
26124,9.0
26125,9.0
26126,9.0
26127,9.0
26128,9.0
26129,9.0
26130,9.0
26131,9.0
26132,9.0
26133,9.0
26134,9.0
26135,9.0
26136,9.0
26137,9.0
26138,9.0
26139,9.0
26140,9.0
26141,9.0
26142,9.0
26143,9.0
26144,9.0
26145,9.0
26146,9.0
26147,9.0
26148,9.0
26149,9.0
26150,9.0
26151,9.0
26152,9.0
26153,9.0
26154,9.0
26155,9.0
26156,9.0
26157,10.0
26158,10.0
26159,10.0
26160,10.0
26161,11.0
26162,11.0
26163,11.0
26164,11.0
26165,11.0
26166,11.0
26167,11.0
26168,11.0
26169,11.0
26170,11.0
26171,11.0
26172,11.0
26173,11.0
26174,11.0
26175,11.0
26176,11.0
26177,11.0
26178,10.0
26179,10.0
26180,10.0
26181,10.0
26182,10.0
26183,10.0
26184,10.0
26185,10.0
26186,10.0
26187,10.0
26188,10.0
26189,10.0
26190,8.0
26191,8.0
26192,8.0
26193,9.0
26194,9.0
26195,9.0
26196,9.0
26197,9.0
26198,9.0
26199,10.0
26200,10.0
26201,10.0
26202,10.0
26203,10.0
26204,10.0
26205,10.0
26206,10.0
26207,10.0
26208,10.0
26209,10.0
26210,10.0
26211,10.0
26212,10.0
26213,10.0
26214,10.0
26215,10.0
26216,10.0
26217,10.0
26218,10.0
26219,10.0
26220,10.0
26221,10.0
26222,10.0
26223,10.0
26224,10.0
26225,10.0
26226,10.0
26227,10.0
26228,10.0
26229,10.0
26230,10.0
26231,10.0
26232,10.0
26233,10.0
26234,10.0
26235,10.0
26236,10.0
26237,10.0
26238,10.0
26239,10.0
26240,10.0
26241,10.0
26242,10.0
26243,10.0
26244,10.0
26245,10.0
26246,10.0
26247,11.0
26248,11.0
26249,11.0
26250,11.0
26251,11.0
26252,11.0
26253,11.0
26254,11.0
26255,11.0
26256,11.0
26257,11.0
26258,11.0
26259,11.0
26260,11.0
26261,11.0
26262,11.0
26263,11.0
26264,11.0
26265,11.0
26266,11.0
26267,11.0
26268,11.0
26269,11.0
26270,11.0
26271,11.0
26272,11.0
26273,11.0
26274,9.0
26275,9.0
26276,9.0
26277,9.0
26278,9.0
26279,10.0
26280,10.0
26281,10.0
26282,10.0
26283,10.0
26284,10.0
26285,10.0
26286,10.0
26287,10.0
26288,10.0
26289,8.0
26290,8.0
26291,8.0
26292,8.0
26293,8.0
26294,9.0
26295,9.0
26296,8.0
26297,8.0
26298,8.0
26299,8.0
26300,8.0
26301,8.0
26302,8.0
26303,8.0
26304,8.0
26305,9.0
26306,9.0
26307,9.0
26308,9.0
26309,9.0
26310,9.0
26311,9.0
26312,9.0
26313,9.0
26314,9.0
26315,9.0
26316,9.0
26317,9.0
26318,9.0
26319,9.0
26320,9.0
26321,9.0
26322,9.0
26323,9.0
26324,9.0
26325,9.0
26326,9.0
26327,9.0
26328,9.0
26329,9.0
26330,9.0
26331,9.0
26332,10.0
26333,10.0
26334,10.0
26335,10.0
26336,10.0
26337,10.0
26338,10.0
26339,10.0
26340,10.0
26341,10.0
26342,9.0
26343,9.0
26344,9.0
26345,9.0
26346,9.0
26347,9.0
26348,9.0
26349,9.0
26350,9.0
26351,9.0
26352,9.0
26353,9.0
26354,9.0
26355,9.0
26356,9.0
26357,9.0
26358,9.0
26359,9.0
26360,9.0
26361,9.0
26362,9.0
26363,9.0
26364,9.0
26365,9.0
26366,9.0
26367,9.0
26368,9.0
26369,9.0
26370,9.0
26371,9.0
26372,9.0
26373,9.0
26374,9.0
26375,9.0
26376,9.0
26377,9.0
26378,9.0
26379,9.0
26380,9.0
26381,10.0
26382,10.0
26383,10.0
26384,10.0
26385,10.0
26386,10.0
26387,10.0
26388,10.0
26389,10.0
26390,10.0
26391,10.0
26392,10.0
26393,10.0
26394,10.0
26395,10.0
26396,10.0
26397,10.0
26398,10.0
26399,10.0
26400,10.0
26401,10.0
26402,10.0
26403,10.0
26404,10.0
26405,10.0
26406,10.0
26407,10.0
26408,10.0
26409,10.0
26410,10.0
26411,10.0
26412,10.0
26413,10.0
26414,10.0
26415,10.0
26416,10.0
26417,10.0
26418,10.0
26419,10.0
26420,10.0
26421,10.0
26422,10.0
26423,10.0
26424,10.0
26425,10.0
26426,10.0
26427,10.0
26428,10.0
26429,10.0
26430,10.0
26431,10.0
26432,10.0
26433,10.0
26434,10.0
26435,10.0
26436,10.0
26437,10.0
26438,10.0
26439,10.0
26440,10.0
26441,10.0
26442,10.0
26443,10.0
26444,10.0
26445,10.0
26446,10.0
26447,10.0
26448,10.0
26449,10.0
26450,10.0
26451,10.0
26452,10.0
26453,10.0
26454,10.0
26455,10.0
26456,10.0
26457,10.0
26458,10.0
26459,10.0
26460,10.0
26461,10.0
26462,10.0
26463,10.0
26464,10.0
26465,10.0
26466,10.0
26467,10.0
26468,10.0
26469,10.0
26470,10.0
26471,10.0
26472,10.0
26473,10.0
26474,11.0
26475,11.0
26476,11.0
26477,11.0
26478,11.0
26479,11.0
26480,11.0
26481,12.0
26482,12.0
26483,12.0
26484,12.0
26485,12.0
26486,12.0
26487,12.0
26488,12.0
26489,12.0
26490,12.0
26491,12.0
26492,12.0
26493,12.0
26494,12.0
26495,12.0
26496,12.0
26497,12.0
26498,12.0
26499,12.0
26500,12.0
26501,12.0
26502,12.0
26503,12.0
26504,12.0
26505,12.0
26506,12.0
26507,12.0
26508,12.0
26509,12.0
26510,12.0
26511,12.0
26512,12.0
26513,13.0
26514,13.0
26515,13.0
26516,13.0
26517,13.0
26518,13.0
26519,13.0
26520,13.0
26521,13.0
26522,13.0
26523,13.0
26524,13.0
26525,13.0
26526,13.0
26527,13.0
26528,13.0
26529,13.0
26530,13.0
26531,13.0
26532,13.0
26533,13.0
26534,13.0
26535,13.0
26536,13.0
26537,13.0
26538,13.0
26539,13.0
26540,13.0
26541,14.0
26542,14.0
26543,14.0
26544,14.0
26545,14.0
26546,14.0
26547,14.0
26548,14.0
26549,14.0
26550,14.0
26551,13.0
26552,13.0
26553,13.0
26554,13.0
26555,13.0
26556,13.0
26557,13.0
26558,13.0
26559,13.0
26560,13.0
26561,13.0
26562,13.0
26563,13.0
26564,13.0
26565,13.0
26566,13.0
26567,13.0
26568,11.0
26569,11.0
26570,11.0
26571,11.0
26572,11.0
26573,11.0
26574,11.0
26575,11.0
26576,11.0
26577,11.0
26578,11.0
26579,11.0
26580,11.0
26581,11.0
26582,11.0
26583,11.0
26584,11.0
26585,11.0
26586,12.0
26587,12.0
26588,12.0
26589,12.0
26590,12.0
26591,12.0
26592,12.0
26593,12.0
26594,12.0
26595,12.0
26596,12.0
26597,12.0
26598,12.0
26599,12.0
26600,12.0
26601,12.0
26602,12.0
26603,12.0
26604,12.0
26605,12.0
26606,12.0
26607,12.0
26608,12.0
26609,12.0
26610,12.0
26611,12.0
26612,13.0
26613,13.0
26614,13.0
26615,13.0
26616,13.0
26617,13.0
26618,13.0
26619,13.0
26620,13.0
26621,13.0
26622,13.0
26623,13.0
26624,13.0
26625,13.0
26626,13.0
26627,13.0
26628,13.0
26629,14.0
26630,14.0
26631,14.0
26632,14.0
26633,14.0
26634,12.0
26635,10.0
26636,10.0
26637,10.0
26638,9.0
26639,9.0
26640,9.0
26641,9.0
26642,7.0
26643,7.0
26644,7.0
26645,7.0
26646,7.0
26647,7.0
26648,7.0
26649,7.0
26650,7.0
26651,7.0
26652,7.0
26653,7.0
26654,7.0
26655,7.0
26656,7.0
26657,7.0
26658,8.0
26659,8.0
26660,8.0
26661,8.0
26662,8.0
26663,8.0
26664,8.0
26665,8.0
26666,8.0
26667,8.0
26668,8.0
26669,8.0
26670,8.0
26671,8.0
26672,8.0
26673,8.0
26674,8.0
26675,8.0
26676,8.0
26677,8.0
26678,8.0
26679,8.0
26680,8.0
26681,8.0
26682,8.0
26683,8.0
26684,8.0
26685,8.0
26686,8.0
26687,8.0
26688,8.0
26689,8.0
26690,8.0
26691,8.0
26692,8.0
26693,8.0
26694,8.0
26695,8.0
26696,8.0
26697,8.0
26698,8.0
26699,8.0
26700,8.0
26701,8.0
26702,8.0
26703,8.0
26704,8.0
26705,8.0
26706,8.0
26707,8.0
26708,9.0
26709,9.0
26710,9.0
26711,9.0
26712,9.0
26713,9.0
26714,9.0
26715,9.0
26716,9.0
26717,10.0
26718,10.0
26719,10.0
26720,10.0
26721,10.0
26722,10.0
26723,10.0
26724,10.0
26725,10.0
26726,10.0
26727,10.0
26728,11.0
26729,11.0
26730,11.0
26731,11.0
26732,11.0
26733,11.0
26734,11.0
26735,11.0
26736,11.0
26737,11.0
26738,11.0
26739,11.0
26740,11.0
26741,11.0
26742,11.0
26743,11.0
26744,11.0
26745,11.0
26746,11.0
26747,11.0
26748,11.0
26749,11.0
26750,11.0
26751,11.0
26752,11.0
26753,11.0
26754,11.0
26755,11.0
26756,11.0
26757,11.0
26758,11.0
26759,11.0
26760,11.0
26761,11.0
26762,11.0
26763,11.0
26764,11.0
26765,11.0
26766,11.0
26767,11.0
26768,11.0
26769,11.0
26770,11.0
26771,11.0
26772,11.0
26773,11.0
26774,11.0
26775,11.0
26776,11.0
26777,11.0
26778,11.0
26779,11.0
26780,12.0
26781,12.0
26782,12.0
26783,12.0
26784,12.0
26785,12.0
26786,12.0
26787,12.0
26788,12.0
26789,12.0
26790,12.0
26791,12.0
26792,12.0
26793,12.0
26794,12.0
26795,12.0
26796,12.0
26797,12.0
26798,12.0
26799,12.0
26800,12.0
26801,12.0
26802,12.0
26803,13.0
26804,13.0
26805,13.0
26806,13.0
26807,13.0
26808,13.0
26809,13.0
26810,13.0
26811,13.0
26812,13.0
26813,13.0
26814,13.0
26815,13.0
26816,13.0
26817,13.0
26818,13.0
26819,13.0
26820,13.0
26821,13.0
26822,13.0
26823,13.0
26824,13.0
26825,13.0
26826,13.0
26827,13.0
26828,13.0
26829,13.0
26830,13.0
26831,13.0
26832,13.0
26833,13.0
26834,13.0
26835,13.0
26836,13.0
26837,13.0
26838,13.0
26839,13.0
26840,13.0
26841,13.0
26842,13.0
26843,13.0
26844,13.0
26845,13.0
26846,13.0
26847,13.0
26848,13.0
26849,13.0
26850,13.0
26851,13.0
26852,13.0
26853,13.0
26854,13.0
26855,13.0
26856,13.0
26857,13.0
26858,13.0
26859,13.0
26860,13.0
26861,13.0
26862,13.0
26863,13.0
26864,13.0
26865,13.0
26866,13.0
26867,13.0
26868,13.0
26869,13.0
26870,13.0
26871,13.0
26872,13.0
26873,13.0
26874,13.0
26875,13.0
26876,13.0
26877,13.0
26878,13.0
26879,13.0
26880,13.0
26881,13.0
26882,13.0
26883,13.0
26884,13.0
26885,13.0
26886,13.0
26887,13.0
26888,13.0
26889,13.0
26890,13.0
26891,13.0
26892,13.0
26893,13.0
26894,13.0
26895,13.0
26896,13.0
26897,13.0
26898,13.0
26899,13.0
26900,13.0
26901,13.0
26902,13.0
26903,13.0
26904,13.0
26905,13.0
26906,13.0
26907,13.0
26908,13.0
26909,13.0
26910,13.0
26911,13.0
26912,13.0
26913,13.0
26914,13.0
26915,13.0
26916,13.0
26917,13.0
26918,13.0
26919,13.0
26920,13.0
26921,13.0
26922,13.0
26923,13.0
26924,13.0
26925,13.0
26926,13.0
26927,13.0
26928,13.0
26929,13.0
26930,13.0
26931,13.0
26932,13.0
26933,13.0
26934,13.0
26935,13.0
26936,13.0
26937,13.0
26938,13.0
26939,13.0
26940,13.0
26941,13.0
26942,13.0
26943,13.0
26944,13.0
26945,13.0
26946,13.0
26947,14.0
26948,14.0
26949,14.0
26950,14.0
26951,14.0
26952,14.0
26953,14.0
26954,14.0
26955,14.0
26956,14.0
26957,14.0
26958,14.0
26959,14.0
26960,14.0
26961,14.0
26962,15.0
26963,15.0
26964,16.0
26965,16.0
26966,16.0
26967,16.0
26968,16.0
26969,16.0
26970,16.0
26971,16.0
26972,16.0
26973,16.0
26974,16.0
26975,16.0
26976,16.0
26977,16.0
26978,16.0
26979,16.0
26980,16.0
26981,16.0
26982,16.0
26983,16.0
26984,16.0
26985,16.0
26986,16.0
26987,16.0
26988,16.0
26989,16.0
26990,16.0
26991,16.0
26992,16.0
26993,14.0
26994,14.0
26995,14.0
26996,14.0
26997,14.0
26998,14.0
26999,14.0
27000,14.0
27001,14.0
27002,14.0
27003,14.0
27004,14.0
27005,15.0
27006,15.0
27007,15.0
27008,15.0
27009,15.0
27010,15.0
27011,15.0
27012,15.0
27013,15.0
27014,15.0
27015,15.0
27016,15.0
27017,15.0
27018,15.0
27019,15.0
27020,15.0
27021,15.0
27022,15.0
27023,15.0
27024,15.0
27025,15.0
27026,16.0
27027,16.0
27028,16.0
27029,16.0
27030,16.0
27031,16.0
27032,16.0
27033,16.0
27034,16.0
27035,16.0
27036,16.0
27037,16.0
27038,16.0
27039,16.0
27040,16.0
27041,16.0
27042,14.0
27043,14.0
27044,14.0
27045,14.0
27046,14.0
27047,14.0
27048,14.0
27049,14.0
27050,14.0
27051,14.0
27052,14.0
27053,14.0
27054,15.0
27055,15.0
27056,15.0
27057,15.0
27058,15.0
27059,15.0
27060,15.0
27061,15.0
27062,15.0
27063,15.0
27064,15.0
27065,15.0
27066,15.0
27067,15.0
27068,15.0
27069,15.0
27070,15.0
27071,14.0
27072,14.0
27073,14.0
27074,14.0
27075,14.0
27076,14.0
27077,14.0
27078,14.0
27079,14.0
27080,14.0
27081,14.0
27082,14.0
27083,14.0
27084,14.0
27085,14.0
27086,14.0
27087,14.0
27088,14.0
27089,14.0
27090,14.0
27091,14.0
27092,14.0
27093,14.0
27094,14.0
27095,14.0
27096,14.0
27097,14.0
27098,14.0
27099,14.0
27100,14.0
27101,14.0
27102,14.0
27103,14.0
27104,14.0
27105,14.0
27106,15.0
27107,14.0
27108,14.0
27109,14.0
27110,14.0
27111,14.0
27112,14.0
27113,14.0
27114,14.0
27115,14.0
27116,14.0
27117,14.0
27118,14.0
27119,14.0
27120,14.0
27121,14.0
27122,14.0
27123,14.0
27124,14.0
27125,14.0
27126,14.0
27127,14.0
27128,14.0
27129,14.0
27130,14.0
27131,14.0
27132,14.0
27133,14.0
27134,14.0
27135,14.0
27136,14.0
27137,14.0
27138,14.0
27139,14.0
27140,14.0
27141,14.0
27142,15.0
27143,15.0
27144,15.0
27145,15.0
27146,15.0
27147,15.0
27148,15.0
27149,15.0
27150,15.0
27151,15.0
27152,15.0
27153,15.0
27154,15.0
27155,15.0
27156,15.0
27157,15.0
27158,15.0
27159,15.0
27160,15.0
27161,15.0
27162,15.0
27163,15.0
27164,15.0
27165,15.0
27166,15.0
27167,15.0
27168,15.0
27169,15.0
27170,15.0
27171,15.0
27172,15.0
27173,15.0
27174,15.0
27175,16.0
27176,16.0
27177,16.0
27178,16.0
27179,16.0
27180,16.0
27181,16.0
27182,16.0
27183,16.0
27184,16.0
27185,16.0
27186,16.0
27187,16.0
27188,16.0
27189,16.0
27190,16.0
27191,12.0
27192,12.0
27193,12.0
27194,12.0
27195,12.0
27196,12.0
27197,12.0
27198,12.0
27199,12.0
27200,12.0
27201,12.0
27202,12.0
27203,13.0
27204,13.0
27205,13.0
27206,13.0
27207,13.0
27208,13.0
27209,13.0
27210,13.0
27211,13.0
27212,13.0
27213,13.0
27214,13.0
27215,13.0
27216,13.0
27217,13.0
27218,13.0
27219,13.0
27220,13.0
27221,13.0
27222,13.0
27223,13.0
27224,13.0
27225,12.0
27226,12.0
27227,10.0
27228,10.0
27229,10.0
27230,10.0
27231,11.0
27232,11.0
27233,11.0
27234,11.0
27235,11.0
27236,11.0
27237,10.0
27238,10.0
27239,10.0
27240,10.0
27241,10.0
27242,10.0
27243,10.0
27244,10.0
27245,10.0
27246,9.0
27247,9.0
27248,9.0
27249,9.0
27250,9.0
27251,9.0
27252,9.0
27253,9.0
27254,9.0
27255,9.0
27256,10.0
27257,10.0
27258,10.0
27259,10.0
27260,9.0
27261,9.0
27262,9.0
27263,9.0
27264,9.0
27265,9.0
27266,9.0
27267,9.0
27268,9.0
27269,9.0
27270,9.0
27271,9.0
27272,10.0
27273,10.0
27274,10.0
27275,10.0
27276,10.0
27277,10.0
27278,10.0
27279,10.0
27280,10.0
27281,10.0
27282,10.0
27283,10.0
27284,10.0
27285,10.0
27286,10.0
27287,10.0
27288,10.0
27289,10.0
27290,10.0
27291,10.0
27292,10.0
27293,10.0
27294,10.0
27295,10.0
27296,10.0
27297,10.0
27298,10.0
27299,10.0
27300,10.0
27301,10.0
27302,10.0
27303,10.0
27304,10.0
27305,10.0
27306,10.0
27307,10.0
27308,10.0
27309,10.0
27310,10.0
27311,10.0
27312,10.0
27313,10.0
27314,10.0
27315,10.0
27316,10.0
27317,10.0
27318,10.0
27319,10.0
27320,10.0
27321,10.0
27322,10.0
27323,10.0
27324,10.0
27325,10.0
27326,10.0
27327,10.0
27328,10.0
27329,10.0
27330,10.0
27331,10.0
27332,11.0
27333,11.0
27334,11.0
27335,11.0
27336,11.0
27337,11.0
27338,11.0
27339,11.0
27340,11.0
27341,11.0
27342,11.0
27343,11.0
27344,11.0
27345,11.0
27346,11.0
27347,11.0
27348,11.0
27349,11.0
27350,11.0
27351,11.0
27352,11.0
27353,11.0
27354,11.0
27355,11.0
27356,11.0
27357,11.0
27358,11.0
27359,11.0
27360,11.0
27361,11.0
27362,11.0
27363,11.0
27364,11.0
27365,11.0
27366,11.0
27367,11.0
27368,11.0
27369,11.0
27370,11.0
27371,11.0
27372,11.0
27373,11.0
27374,11.0
27375,11.0
27376,11.0
27377,11.0
27378,11.0
27379,11.0
27380,11.0
27381,11.0
27382,11.0
27383,11.0
27384,11.0
27385,11.0
27386,11.0
27387,11.0
27388,11.0
27389,11.0
27390,11.0
27391,11.0
27392,11.0
27393,11.0
27394,11.0
27395,11.0
27396,11.0
27397,11.0
27398,12.0
27399,12.0
27400,12.0
27401,12.0
27402,12.0
27403,12.0
27404,12.0
27405,12.0
27406,12.0
27407,12.0
27408,12.0
27409,12.0
27410,12.0
27411,12.0
27412,12.0
27413,12.0
27414,12.0
27415,12.0
27416,12.0
27417,12.0
27418,12.0
27419,12.0
27420,12.0
27421,12.0
27422,12.0
27423,12.0
27424,12.0
27425,12.0
27426,12.0
27427,12.0
27428,12.0
27429,12.0
27430,12.0
27431,12.0
27432,12.0
27433,12.0
27434,12.0
27435,12.0
27436,12.0
27437,12.0
27438,12.0
27439,12.0
27440,12.0
27441,12.0
27442,12.0
27443,12.0
27444,12.0
27445,12.0
27446,12.0
27447,12.0
27448,12.0
27449,12.0
27450,12.0
27451,12.0
27452,12.0
27453,12.0
27454,12.0
27455,12.0
27456,12.0
27457,12.0
27458,12.0
27459,12.0
27460,12.0
27461,12.0
27462,12.0
27463,12.0
27464,12.0
27465,12.0
27466,12.0
27467,12.0
27468,12.0
27469,12.0
27470,12.0
27471,12.0
27472,12.0
27473,12.0
27474,12.0
27475,12.0
27476,12.0
27477,12.0
27478,12.0
27479,12.0
27480,12.0
27481,12.0
27482,12.0
27483,12.0
27484,12.0
27485,12.0
27486,12.0
27487,12.0
27488,12.0
27489,12.0
27490,12.0
27491,12.0
27492,12.0
27493,12.0
27494,13.0
27495,13.0
27496,13.0
27497,13.0
27498,13.0
27499,13.0
27500,13.0
27501,13.0
27502,13.0
27503,13.0
27504,13.0
27505,11.0
27506,11.0
27507,11.0
27508,11.0
27509,11.0
27510,11.0
27511,11.0
27512,11.0
27513,11.0
27514,11.0
27515,11.0
27516,12.0
27517,12.0
27518,12.0
27519,12.0
27520,12.0
27521,12.0
27522,12.0
27523,12.0
27524,12.0
27525,12.0
27526,12.0
27527,12.0
27528,12.0
27529,12.0
27530,12.0
27531,12.0
27532,12.0
27533,12.0
27534,12.0
27535,12.0
27536,12.0
27537,12.0
27538,12.0
27539,13.0
27540,13.0
27541,13.0
27542,13.0
27543,13.0
27544,13.0
27545,13.0
27546,13.0
27547,13.0
27548,13.0
27549,13.0
27550,13.0
27551,13.0
27552,13.0
27553,13.0
27554,13.0
27555,14.0
27556,14.0
27557,14.0
27558,14.0
27559,14.0
27560,14.0
27561,14.0
27562,14.0
27563,14.0
27564,14.0
27565,14.0
27566,14.0
27567,14.0
27568,14.0
27569,14.0
27570,14.0
27571,14.0
27572,14.0
27573,14.0
27574,14.0
27575,14.0
27576,14.0
27577,13.0
27578,13.0
27579,13.0
27580,13.0
27581,13.0
27582,13.0
27583,13.0
27584,13.0
27585,13.0
27586,13.0
27587,13.0
27588,13.0
27589,13.0
27590,13.0
27591,13.0
27592,13.0
27593,13.0
27594,13.0
27595,13.0
27596,13.0
27597,13.0
27598,13.0
27599,13.0
27600,13.0
27601,13.0
27602,13.0
27603,13.0
27604,13.0
27605,13.0
27606,13.0
27607,13.0
27608,13.0
27609,13.0
27610,13.0
27611,13.0
27612,13.0
27613,13.0
27614,13.0
27615,13.0
27616,13.0
27617,13.0
27618,13.0
27619,13.0
27620,13.0
27621,13.0
27622,13.0
27623,13.0
27624,13.0
27625,13.0
27626,13.0
27627,13.0
27628,13.0
27629,13.0
27630,13.0
27631,13.0
27632,13.0
27633,13.0
27634,13.0
27635,13.0
27636,13.0
27637,13.0
27638,13.0
27639,13.0
27640,13.0
27641,13.0
27642,13.0
27643,13.0
27644,13.0
27645,14.0
27646,14.0
27647,14.0
27648,14.0
27649,14.0
27650,14.0
27651,14.0
27652,14.0
27653,14.0
27654,14.0
27655,14.0
27656,14.0
27657,14.0
27658,14.0
27659,14.0
27660,14.0
27661,14.0
27662,14.0
27663,14.0
27664,14.0
27665,14.0
27666,14.0
27667,14.0
27668,14.0
27669,14.0
27670,14.0
27671,14.0
27672,14.0
27673,14.0
27674,14.0
27675,14.0
27676,14.0
27677,15.0
27678,15.0
27679,15.0
27680,15.0
27681,15.0
27682,15.0
27683,15.0
27684,15.0
27685,15.0
27686,15.0
27687,15.0
27688,15.0
27689,15.0
27690,15.0
27691,15.0
27692,15.0
27693,15.0
27694,15.0
27695,15.0
27696,15.0
27697,15.0
27698,15.0
27699,15.0
27700,15.0
27701,15.0
27702,15.0
27703,15.0
27704,15.0
27705,15.0
27706,15.0
27707,15.0
27708,15.0
27709,15.0
27710,15.0
27711,15.0
27712,15.0
27713,15.0
27714,15.0
27715,15.0
27716,15.0
27717,15.0
27718,15.0
27719,15.0
27720,15.0
27721,15.0
27722,15.0
27723,15.0
27724,15.0
27725,15.0
27726,15.0
27727,15.0
27728,15.0
27729,15.0
27730,15.0
27731,15.0
27732,15.0
27733,15.0
27734,15.0
27735,15.0
27736,15.0
27737,15.0
27738,15.0
27739,15.0
27740,15.0
27741,15.0
27742,15.0
27743,15.0
27744,15.0
27745,15.0
27746,15.0
27747,15.0
27748,15.0
27749,15.0
27750,15.0
27751,15.0
27752,15.0
27753,15.0
27754,15.0
27755,15.0
27756,15.0
27757,15.0
27758,15.0
27759,15.0
27760,15.0
27761,15.0
27762,15.0
27763,15.0
27764,15.0
27765,15.0
27766,15.0
27767,15.0
27768,15.0
27769,15.0
27770,15.0
27771,15.0
27772,15.0
27773,15.0
27774,15.0
27775,15.0
27776,15.0
27777,15.0
27778,15.0
27779,15.0
27780,15.0
27781,15.0
27782,15.0
27783,15.0
27784,15.0
27785,15.0
27786,15.0
27787,15.0
27788,15.0
27789,15.0
27790,15.0
27791,15.0
27792,15.0
27793,15.0
27794,15.0
27795,15.0
27796,15.0
27797,15.0
27798,15.0
27799,15.0
27800,16.0
27801,16.0
27802,16.0
27803,16.0
27804,16.0
27805,16.0
27806,16.0
27807,16.0
27808,16.0
27809,16.0
27810,16.0
27811,16.0
27812,16.0
27813,16.0
27814,16.0
27815,16.0
27816,16.0
27817,16.0
27818,16.0
27819,16.0
27820,16.0
27821,16.0
27822,16.0
27823,16.0
27824,16.0
27825,16.0
27826,16.0
27827,16.0
27828,16.0
27829,16.0
27830,16.0
27831,16.0
27832,16.0
27833,16.0
27834,16.0
27835,16.0
27836,16.0
27837,16.0
27838,16.0
27839,16.0
27840,16.0
27841,16.0
27842,16.0
27843,17.0
27844,17.0
27845,17.0
27846,17.0
27847,17.0
27848,17.0
27849,17.0
27850,17.0
27851,17.0
27852,17.0
27853,17.0
27854,17.0
27855,17.0
27856,17.0
27857,17.0
27858,17.0
27859,17.0
27860,18.0
27861,18.0
27862,18.0
27863,18.0
27864,18.0
27865,18.0
27866,18.0
27867,18.0
27868,18.0
27869,18.0
27870,18.0
27871,18.0
27872,18.0
27873,18.0
27874,18.0
27875,18.0
27876,18.0
27877,18.0
27878,18.0
27879,18.0
27880,18.0
27881,18.0
27882,18.0
27883,18.0
27884,18.0
27885,18.0
27886,18.0
27887,18.0
27888,19.0
27889,19.0
27890,19.0
27891,19.0
27892,19.0
27893,19.0
27894,19.0
27895,19.0
27896,19.0
27897,19.0
27898,19.0
27899,19.0
27900,19.0
27901,20.0
27902,20.0
27903,20.0
27904,20.0
27905,20.0
27906,20.0
27907,20.0
27908,20.0
27909,20.0
27910,20.0
27911,20.0
27912,20.0
27913,20.0
27914,20.0
27915,20.0
27916,20.0
27917,20.0
27918,20.0
27919,20.0
27920,20.0
27921,20.0
27922,20.0
27923,20.0
27924,20.0
27925,20.0
27926,20.0
27927,21.0
27928,21.0
27929,21.0
27930,21.0
27931,21.0
27932,21.0
27933,21.0
27934,21.0
27935,21.0
27936,21.0
27937,21.0
27938,21.0
27939,21.0
27940,21.0
27941,21.0
27942,21.0
27943,21.0
27944,21.0
27945,21.0
27946,21.0
27947,21.0
27948,20.0
27949,20.0
27950,20.0
27951,20.0
27952,20.0
27953,20.0
27954,20.0
27955,20.0
27956,20.0
27957,19.0
27958,19.0
27959,19.0
27960,19.0
27961,19.0
27962,19.0
27963,18.0
27964,18.0
27965,18.0
27966,18.0
27967,18.0
27968,18.0
27969,18.0
27970,18.0
27971,18.0
27972,18.0
27973,18.0
27974,18.0
27975,18.0
27976,18.0
27977,18.0
27978,18.0
27979,10.0
27980,10.0
27981,10.0
27982,10.0
27983,10.0
27984,10.0
27985,10.0
27986,10.0
27987,10.0
27988,10.0
27989,10.0
27990,10.0
27991,10.0
27992,10.0
27993,10.0
27994,10.0
27995,10.0
27996,10.0
27997,10.0
27998,10.0
27999,10.0
28000,10.0
28001,10.0
28002,10.0
28003,10.0
28004,10.0
28005,10.0
28006,10.0
28007,10.0
28008,10.0
28009,10.0
28010,10.0
28011,10.0
28012,10.0
28013,10.0
28014,10.0
28015,10.0
28016,10.0
28017,10.0
28018,10.0
28019,10.0
28020,10.0
28021,10.0
28022,7.0
28023,7.0
28024,6.0
28025,6.0
28026,6.0
28027,6.0
28028,6.0
28029,6.0
28030,6.0
28031,6.0
28032,6.0
28033,6.0
28034,6.0
28035,6.0
28036,6.0
28037,6.0
28038,6.0
28039,6.0
28040,6.0
28041,6.0
28042,6.0
28043,6.0
28044,6.0
28045,6.0
28046,6.0
28047,6.0
28048,6.0
28049,6.0
28050,6.0
28051,6.0
28052,6.0
28053,6.0
28054,6.0
28055,6.0
28056,6.0
28057,6.0
28058,6.0
28059,6.0
28060,6.0
28061,6.0
28062,6.0
28063,6.0
28064,6.0
28065,6.0
28066,6.0
28067,6.0
28068,6.0
28069,6.0
28070,6.0
28071,6.0
28072,6.0
28073,6.0
28074,6.0
28075,6.0
28076,6.0
28077,6.0
28078,6.0
28079,6.0
28080,6.0
28081,6.0
28082,6.0
28083,6.0
28084,6.0
28085,6.0
28086,6.0
28087,6.0
28088,6.0
28089,6.0
28090,6.0
28091,6.0
28092,6.0
28093,6.0
28094,6.0
28095,6.0
28096,6.0
28097,6.0
28098,6.0
28099,6.0
28100,6.0
28101,6.0
28102,6.0
28103,6.0
28104,6.0
28105,6.0
28106,6.0
28107,6.0
28108,6.0
28109,6.0
28110,7.0
28111,7.0
28112,7.0
28113,7.0
28114,7.0
28115,7.0
28116,7.0
28117,7.0
28118,7.0
28119,7.0
28120,7.0
28121,7.0
28122,8.0
28123,8.0
28124,8.0
28125,8.0
28126,8.0
28127,8.0
28128,8.0
28129,8.0
28130,8.0
28131,8.0
28132,8.0
28133,8.0
28134,8.0
28135,8.0
28136,8.0
28137,8.0
28138,8.0
28139,8.0
28140,8.0
28141,8.0
28142,8.0
28143,8.0
28144,8.0
28145,8.0
28146,8.0
28147,8.0
28148,8.0
28149,8.0
28150,8.0
28151,8.0
28152,8.0
28153,8.0
28154,9.0
28155,9.0
28156,8.0
28157,8.0
28158,8.0
28159,8.0
28160,8.0
28161,8.0
28162,8.0
28163,8.0
28164,8.0
28165,8.0
28166,8.0
28167,8.0
28168,8.0
28169,8.0
28170,8.0
28171,8.0
28172,8.0
28173,8.0
28174,8.0
28175,8.0
28176,8.0
28177,8.0
28178,8.0
28179,8.0
28180,8.0
28181,8.0
28182,8.0
28183,8.0
28184,8.0
28185,8.0
28186,8.0
28187,8.0
28188,8.0
28189,8.0
28190,8.0
28191,8.0
28192,8.0
28193,8.0
28194,8.0
28195,8.0
28196,8.0
28197,8.0
28198,8.0
28199,8.0
28200,8.0
28201,8.0
28202,8.0
28203,8.0
28204,9.0
28205,9.0
28206,9.0
28207,9.0
28208,9.0
28209,9.0
28210,9.0
28211,10.0
28212,10.0
28213,10.0
28214,10.0
28215,10.0
28216,10.0
28217,10.0
28218,10.0
28219,10.0
28220,10.0
28221,10.0
28222,10.0
28223,10.0
28224,10.0
28225,10.0
28226,10.0
28227,10.0
28228,10.0
28229,10.0
28230,10.0
28231,10.0
28232,10.0
28233,10.0
28234,10.0
28235,10.0
28236,11.0
28237,11.0
28238,11.0
28239,11.0
28240,11.0
28241,11.0
28242,11.0
28243,11.0
28244,11.0
28245,11.0
28246,11.0
28247,11.0
28248,11.0
28249,11.0
28250,11.0
28251,11.0
28252,11.0
28253,11.0
28254,11.0
28255,11.0
28256,11.0
28257,11.0
28258,11.0
28259,11.0
28260,11.0
28261,11.0
28262,11.0
28263,11.0
28264,11.0
28265,11.0
28266,11.0
28267,11.0
28268,11.0
28269,11.0
28270,11.0
28271,11.0
28272,11.0
28273,11.0
28274,10.0
28275,10.0
28276,10.0
28277,10.0
28278,10.0
28279,10.0
28280,10.0
28281,10.0
28282,10.0
28283,10.0
28284,10.0
28285,10.0
28286,10.0
28287,10.0
28288,10.0
28289,10.0
28290,10.0
28291,10.0
28292,10.0
28293,10.0
28294,11.0
28295,11.0
28296,11.0
28297,11.0
28298,11.0
28299,11.0
28300,11.0
28301,11.0
28302,11.0
28303,11.0
28304,11.0
28305,11.0
28306,11.0
28307,11.0
28308,11.0
28309,11.0
28310,11.0
28311,11.0
28312,11.0
28313,12.0
28314,12.0
28315,13.0
28316,13.0
28317,13.0
28318,13.0
28319,13.0
28320,13.0
28321,13.0
28322,13.0
28323,14.0
28324,14.0
28325,14.0
28326,14.0
28327,14.0
28328,14.0
28329,14.0
28330,14.0
28331,14.0
28332,14.0
28333,14.0
28334,14.0
28335,14.0
28336,14.0
28337,14.0
28338,14.0
28339,14.0
28340,14.0
28341,14.0
28342,14.0
28343,14.0
28344,14.0
28345,15.0
28346,15.0
28347,15.0
28348,15.0
28349,15.0
28350,15.0
28351,15.0
28352,15.0
28353,15.0
28354,15.0
28355,15.0
28356,15.0
28357,15.0
28358,15.0
28359,15.0
28360,15.0
28361,16.0
28362,15.0
28363,14.0
28364,14.0
28365,14.0
28366,14.0
28367,14.0
28368,14.0
28369,14.0
28370,14.0
28371,14.0
28372,14.0
28373,14.0
28374,14.0
28375,15.0
28376,15.0
28377,15.0
28378,15.0
28379,15.0
28380,15.0
28381,15.0
28382,15.0
28383,15.0
28384,15.0
28385,15.0
28386,15.0
28387,15.0
28388,15.0
28389,15.0
28390,15.0
28391,15.0
28392,15.0
28393,15.0
28394,15.0
28395,15.0
28396,16.0
28397,14.0
28398,14.0
28399,14.0
28400,14.0
28401,14.0
28402,14.0
28403,14.0
28404,14.0
28405,14.0
28406,14.0
28407,14.0
28408,14.0
28409,14.0
28410,14.0
28411,14.0
28412,14.0
28413,14.0
28414,14.0
28415,14.0
28416,14.0
28417,14.0
28418,14.0
28419,14.0
28420,14.0
28421,13.0
28422,13.0
28423,13.0
28424,13.0
28425,13.0
28426,13.0
28427,13.0
28428,13.0
28429,13.0
28430,13.0
28431,13.0
28432,13.0
28433,13.0
28434,13.0
28435,13.0
28436,13.0
28437,13.0
28438,13.0
28439,13.0
28440,13.0
28441,13.0
28442,13.0
28443,13.0
28444,13.0
28445,13.0
28446,13.0
28447,13.0
28448,13.0
28449,13.0
28450,13.0
28451,13.0
28452,13.0
28453,13.0
28454,13.0
28455,13.0
28456,13.0
28457,13.0
28458,13.0
28459,13.0
28460,13.0
28461,13.0
28462,13.0
28463,13.0
28464,13.0
28465,13.0
28466,13.0
28467,13.0
28468,13.0
28469,13.0
28470,13.0
28471,13.0
28472,13.0
28473,13.0
28474,13.0
28475,13.0
28476,13.0
28477,13.0
28478,13.0
28479,13.0
28480,13.0
28481,13.0
28482,13.0
28483,13.0
28484,13.0
28485,13.0
28486,13.0
28487,13.0
28488,13.0
28489,13.0
28490,14.0
28491,14.0
28492,14.0
28493,14.0
28494,14.0
28495,15.0
28496,15.0
28497,15.0
28498,15.0
28499,15.0
28500,15.0
28501,15.0
28502,15.0
28503,16.0
28504,16.0
28505,16.0
28506,16.0
28507,16.0
28508,16.0
28509,16.0
28510,16.0
28511,16.0
28512,16.0
28513,16.0
28514,16.0
28515,16.0
28516,16.0
28517,16.0
28518,16.0
28519,16.0
28520,16.0
28521,16.0
28522,16.0
28523,16.0
28524,16.0
28525,16.0
28526,16.0
28527,16.0
28528,16.0
28529,17.0
28530,17.0
28531,17.0
28532,17.0
28533,17.0
28534,17.0
28535,17.0
28536,17.0
28537,17.0
28538,17.0
28539,17.0
28540,17.0
28541,17.0
28542,17.0
28543,17.0
28544,17.0
28545,17.0
28546,17.0
28547,17.0
28548,17.0
28549,17.0
28550,17.0
28551,17.0
28552,17.0
28553,17.0
28554,17.0
28555,17.0
28556,17.0
28557,17.0
28558,17.0
28559,17.0
28560,17.0
28561,17.0
28562,17.0
28563,17.0
28564,17.0
28565,17.0
28566,17.0
28567,17.0
28568,17.0
28569,17.0
28570,17.0
28571,17.0
28572,17.0
28573,17.0
28574,17.0
28575,17.0
28576,17.0
28577,17.0
28578,17.0
28579,17.0
28580,17.0
28581,17.0
28582,17.0
28583,17.0
28584,17.0
28585,17.0
28586,17.0
28587,17.0
28588,17.0
28589,17.0
28590,17.0
28591,17.0
28592,17.0
28593,17.0
28594,17.0
28595,17.0
28596,17.0
28597,17.0
28598,16.0
28599,16.0
28600,16.0
28601,16.0
28602,17.0
28603,17.0
28604,17.0
28605,17.0
28606,17.0
28607,17.0
28608,17.0
28609,17.0
28610,17.0
28611,17.0
28612,17.0
28613,17.0
28614,17.0
28615,17.0
28616,17.0
28617,17.0
28618,17.0
28619,17.0
28620,17.0
28621,17.0
28622,17.0
28623,17.0
28624,17.0
28625,17.0
28626,18.0
28627,18.0
28628,18.0
28629,18.0
28630,18.0
28631,18.0
28632,18.0
28633,18.0
28634,18.0
28635,18.0
28636,18.0
28637,18.0
28638,18.0
28639,18.0
28640,18.0
28641,18.0
28642,18.0
28643,18.0
28644,18.0
28645,18.0
28646,18.0
28647,18.0
28648,18.0
28649,18.0
28650,18.0
28651,18.0
28652,18.0
28653,18.0
28654,18.0
28655,18.0
28656,18.0
28657,18.0
28658,18.0
28659,18.0
28660,18.0
28661,18.0
28662,18.0
28663,18.0
28664,18.0
28665,18.0
28666,18.0
28667,18.0
28668,18.0
28669,18.0
28670,18.0
28671,18.0
28672,18.0
28673,18.0
28674,18.0
28675,18.0
28676,17.0
28677,17.0
28678,17.0
28679,17.0
28680,17.0
28681,17.0
28682,17.0
28683,17.0
28684,17.0
28685,17.0
28686,17.0
28687,17.0
28688,17.0
28689,17.0
28690,17.0
28691,17.0
28692,17.0
28693,17.0
28694,17.0
28695,17.0
28696,17.0
28697,17.0
28698,17.0
28699,17.0
28700,17.0
28701,17.0
28702,17.0
28703,17.0
28704,17.0
28705,17.0
28706,17.0
28707,17.0
28708,17.0
28709,17.0
28710,17.0
28711,17.0
28712,17.0
28713,17.0
28714,17.0
28715,17.0
28716,17.0
28717,17.0
28718,17.0
28719,17.0
28720,17.0
28721,16.0
28722,16.0
28723,16.0
28724,13.0
28725,13.0
28726,13.0
28727,13.0
28728,13.0
28729,13.0
28730,13.0
28731,13.0
28732,13.0
28733,13.0
28734,13.0
28735,13.0
28736,13.0
28737,13.0
28738,13.0
28739,13.0
28740,13.0
28741,13.0
28742,13.0
28743,13.0
28744,13.0
28745,13.0
28746,13.0
28747,13.0
28748,13.0
28749,13.0
28750,13.0
28751,13.0
28752,13.0
28753,13.0
28754,13.0
28755,13.0
28756,13.0
28757,13.0
28758,13.0
28759,13.0
28760,13.0
28761,13.0
28762,13.0
28763,13.0
28764,13.0
28765,13.0
28766,13.0
28767,13.0
28768,13.0
28769,13.0
28770,13.0
28771,14.0
28772,14.0
28773,14.0
28774,14.0
28775,14.0
28776,14.0
28777,14.0
28778,14.0
28779,14.0
28780,14.0
28781,14.0
28782,14.0
28783,14.0
28784,14.0
28785,14.0
28786,14.0
28787,13.0
28788,13.0
28789,13.0
28790,13.0
28791,13.0
28792,13.0
28793,13.0
28794,13.0
28795,13.0
28796,13.0
28797,13.0
28798,13.0
28799,13.0
28800,13.0
28801,13.0
28802,13.0
28803,13.0
28804,13.0
28805,12.0
28806,12.0
28807,12.0
28808,12.0
28809,12.0
28810,12.0
28811,12.0
28812,12.0
28813,12.0
28814,12.0
28815,12.0
28816,12.0
28817,12.0
28818,12.0
28819,12.0
28820,12.0
28821,12.0
28822,12.0
28823,10.0
28824,10.0
28825,10.0
28826,10.0
28827,10.0
28828,10.0
28829,10.0
28830,10.0
28831,10.0
28832,10.0
28833,10.0
28834,10.0
28835,10.0
28836,10.0
28837,10.0
28838,10.0
28839,10.0
28840,10.0
28841,10.0
28842,10.0
28843,10.0
28844,10.0
28845,10.0
28846,10.0
28847,10.0
28848,10.0
28849,10.0
28850,10.0
28851,10.0
28852,10.0
28853,10.0
28854,10.0
28855,10.0
28856,10.0
28857,10.0
28858,10.0
28859,10.0
28860,10.0
28861,10.0
28862,10.0
28863,10.0
28864,10.0
28865,10.0
28866,10.0
28867,10.0
28868,10.0
28869,10.0
28870,10.0
28871,10.0
28872,10.0
28873,10.0
28874,10.0
28875,10.0
28876,10.0
28877,10.0
28878,10.0
28879,10.0
28880,10.0
28881,10.0
28882,10.0
28883,10.0
28884,10.0
28885,10.0
28886,10.0
28887,10.0
28888,10.0
28889,10.0
28890,10.0
28891,10.0
28892,11.0
28893,11.0
28894,11.0
28895,11.0
28896,11.0
28897,11.0
28898,11.0
28899,11.0
28900,11.0
28901,11.0
28902,11.0
28903,11.0
28904,11.0
28905,11.0
28906,11.0
28907,11.0
28908,11.0
28909,11.0
28910,11.0
28911,11.0
28912,11.0
28913,11.0
28914,11.0
28915,11.0
28916,11.0
28917,11.0
28918,11.0
28919,11.0
28920,11.0
28921,11.0
28922,11.0
28923,11.0
28924,11.0
28925,11.0
28926,11.0
28927,11.0
28928,11.0
28929,11.0
28930,11.0
28931,11.0
28932,11.0
28933,11.0
28934,11.0
28935,11.0
28936,11.0
28937,11.0
28938,11.0
28939,11.0
28940,11.0
28941,11.0
28942,11.0
28943,11.0
28944,11.0
28945,11.0
28946,11.0
28947,11.0
28948,11.0
28949,11.0
28950,11.0
28951,11.0
28952,11.0
28953,11.0
28954,11.0
28955,11.0
28956,11.0
28957,11.0
28958,11.0
28959,11.0
28960,11.0
28961,11.0
28962,11.0
28963,11.0
28964,11.0
28965,11.0
28966,11.0
28967,11.0
28968,11.0
28969,11.0
28970,11.0
28971,11.0
28972,11.0
28973,11.0
28974,11.0
28975,11.0
28976,11.0
28977,11.0
28978,11.0
28979,11.0
28980,11.0
28981,11.0
28982,11.0
28983,11.0
28984,11.0
28985,11.0
28986,11.0
28987,11.0
28988,11.0
28989,11.0
28990,11.0
28991,11.0
28992,11.0
28993,11.0
28994,11.0
28995,11.0
28996,11.0
28997,11.0
28998,11.0
28999,11.0
29000,11.0
29001,11.0
29002,11.0
29003,11.0
29004,11.0
29005,11.0
29006,11.0
29007,11.0
29008,11.0
29009,11.0
29010,11.0
29011,11.0
29012,11.0
29013,11.0
29014,11.0
29015,11.0
29016,11.0
29017,11.0
29018,11.0
29019,11.0
29020,11.0
29021,11.0
29022,11.0
29023,11.0
29024,11.0
29025,11.0
29026,11.0
29027,11.0
29028,11.0
29029,11.0
29030,11.0
29031,11.0
29032,11.0
29033,11.0
29034,11.0
29035,11.0
29036,11.0
29037,11.0
29038,11.0
29039,12.0
29040,12.0
29041,12.0
29042,9.0
29043,9.0
29044,9.0
29045,9.0
29046,9.0
29047,9.0
29048,9.0
29049,9.0
29050,9.0
29051,9.0
29052,9.0
29053,9.0
29054,9.0
29055,9.0
29056,9.0
29057,9.0
29058,9.0
29059,9.0
29060,9.0
29061,9.0
29062,9.0
29063,9.0
29064,9.0
29065,9.0
29066,9.0
29067,9.0
29068,9.0
29069,9.0
29070,9.0
29071,9.0
29072,9.0
29073,9.0
29074,9.0
29075,9.0
29076,9.0
29077,9.0
29078,9.0
29079,9.0
29080,9.0
29081,9.0
29082,9.0
29083,9.0
29084,9.0
29085,9.0
29086,9.0
29087,9.0
29088,9.0
29089,9.0
29090,9.0
29091,9.0
29092,9.0
29093,9.0
29094,9.0
29095,9.0
29096,9.0
29097,9.0
29098,9.0
29099,9.0
29100,9.0
29101,9.0
29102,9.0
29103,9.0
29104,9.0
29105,9.0
29106,9.0
29107,9.0
29108,9.0
29109,9.0
29110,9.0
29111,9.0
29112,9.0
29113,9.0
29114,9.0
29115,9.0
29116,9.0
29117,9.0
29118,9.0
29119,9.0
29120,9.0
29121,9.0
29122,9.0
29123,9.0
29124,9.0
29125,9.0
29126,9.0
29127,9.0
29128,9.0
29129,9.0
29130,9.0
29131,9.0
29132,9.0
29133,9.0
29134,8.0
29135,8.0
29136,8.0
29137,8.0
29138,8.0
29139,8.0
29140,8.0
29141,8.0
29142,8.0
29143,8.0
29144,8.0
29145,8.0
29146,8.0
29147,8.0
29148,8.0
29149,8.0
29150,8.0
29151,8.0
29152,8.0
29153,8.0
29154,8.0
29155,8.0
29156,8.0
29157,8.0
29158,8.0
29159,8.0
29160,8.0
29161,8.0
29162,8.0
29163,8.0
29164,8.0
29165,8.0
29166,8.0
29167,9.0
29168,9.0
29169,9.0
29170,9.0
29171,9.0
29172,9.0
29173,9.0
29174,9.0
29175,9.0
29176,9.0
29177,9.0
29178,9.0
29179,9.0
29180,9.0
29181,9.0
29182,9.0
29183,9.0
29184,9.0
29185,9.0
29186,9.0
29187,9.0
29188,9.0
29189,9.0
29190,9.0
29191,9.0
29192,9.0
29193,9.0
29194,9.0
29195,9.0
29196,9.0
29197,9.0
29198,9.0
29199,9.0
29200,9.0
29201,9.0
29202,9.0
29203,9.0
29204,9.0
29205,9.0
29206,9.0
29207,9.0
29208,9.0
29209,9.0
29210,9.0
29211,9.0
29212,10.0
29213,10.0
29214,10.0
29215,10.0
29216,10.0
29217,10.0
29218,11.0
29219,11.0
29220,11.0
29221,11.0
29222,11.0
29223,11.0
29224,11.0
29225,11.0
29226,12.0
29227,12.0
29228,12.0
29229,12.0
29230,12.0
29231,12.0
29232,12.0
29233,12.0
29234,12.0
29235,12.0
29236,12.0
29237,12.0
29238,12.0
29239,12.0
29240,12.0
29241,12.0
29242,12.0
29243,12.0
29244,12.0
29245,12.0
29246,12.0
29247,12.0
29248,12.0
29249,12.0
29250,12.0
29251,12.0
29252,12.0
29253,12.0
29254,12.0
29255,12.0
29256,12.0
29257,12.0
29258,12.0
29259,12.0
29260,12.0
29261,12.0
29262,12.0
29263,12.0
29264,12.0
29265,12.0
29266,12.0
29267,12.0
29268,12.0
29269,12.0
29270,12.0
29271,12.0
29272,12.0
29273,12.0
29274,12.0
29275,12.0
29276,12.0
29277,12.0
29278,12.0
29279,12.0
29280,12.0
29281,12.0
29282,12.0
29283,12.0
29284,12.0
29285,12.0
29286,12.0
29287,12.0
29288,12.0
29289,12.0
29290,12.0
29291,13.0
29292,13.0
29293,13.0
29294,13.0
29295,13.0
29296,13.0
29297,13.0
29298,13.0
29299,12.0
29300,12.0
29301,12.0
29302,12.0
29303,12.0
29304,12.0
29305,12.0
29306,12.0
29307,12.0
29308,12.0
29309,12.0
29310,12.0
29311,12.0
29312,12.0
29313,12.0
29314,12.0
29315,12.0
29316,12.0
29317,12.0
29318,10.0
29319,10.0
29320,10.0
29321,10.0
29322,10.0
29323,10.0
29324,10.0
29325,10.0
29326,10.0
29327,10.0
29328,10.0
29329,10.0
29330,10.0
29331,10.0
29332,10.0
29333,10.0
29334,10.0
29335,10.0
29336,10.0
29337,10.0
29338,10.0
29339,10.0
29340,10.0
29341,10.0
29342,10.0
29343,10.0
29344,10.0
29345,10.0
29346,10.0
29347,10.0
29348,10.0
29349,10.0
29350,10.0
29351,10.0
29352,10.0
29353,10.0
29354,10.0
29355,10.0
29356,10.0
29357,10.0
29358,10.0
29359,10.0
29360,10.0
29361,10.0
29362,10.0
29363,10.0
29364,10.0
29365,10.0
29366,10.0
29367,10.0
29368,10.0
29369,10.0
29370,10.0
29371,10.0
29372,10.0
29373,10.0
29374,10.0
29375,10.0
29376,10.0
29377,10.0
29378,10.0
29379,10.0
29380,10.0
29381,10.0
29382,10.0
29383,10.0
29384,10.0
29385,10.0
29386,10.0
29387,10.0
29388,10.0
29389,10.0
29390,10.0
29391,10.0
29392,10.0
29393,10.0
29394,10.0
29395,10.0
29396,10.0
29397,10.0
29398,10.0
29399,10.0
29400,10.0
29401,10.0
29402,10.0
29403,10.0
29404,10.0
29405,10.0
29406,11.0
29407,11.0
29408,11.0
29409,11.0
29410,11.0
29411,11.0
29412,11.0
29413,11.0
29414,11.0
29415,11.0
29416,11.0
29417,11.0
29418,11.0
29419,11.0
29420,11.0
29421,11.0
29422,11.0
29423,11.0
29424,11.0
29425,11.0
29426,11.0
29427,11.0
29428,11.0
29429,11.0
29430,11.0
29431,11.0
29432,11.0
29433,11.0
29434,11.0
29435,11.0
29436,11.0
29437,12.0
29438,12.0
29439,12.0
29440,12.0
29441,12.0
29442,12.0
29443,12.0
29444,12.0
29445,12.0
29446,12.0
29447,12.0
29448,12.0
29449,12.0
29450,12.0
29451,12.0
29452,12.0
29453,12.0
29454,12.0
29455,12.0
29456,12.0
29457,12.0
29458,12.0
29459,12.0
29460,12.0
29461,12.0
29462,12.0
29463,12.0
29464,12.0
29465,12.0
29466,12.0
29467,12.0
29468,12.0
29469,12.0
29470,12.0
29471,12.0
29472,12.0
29473,12.0
29474,12.0
29475,12.0
29476,12.0
29477,12.0
29478,12.0
29479,12.0
29480,12.0
29481,12.0
29482,12.0
29483,12.0
29484,12.0
29485,12.0
29486,12.0
29487,12.0
29488,12.0
29489,12.0
29490,12.0
29491,12.0
29492,12.0
29493,12.0
29494,12.0
29495,12.0
29496,12.0
29497,12.0
29498,12.0
29499,12.0
29500,12.0
29501,12.0
29502,12.0
29503,12.0
29504,12.0
29505,12.0
29506,12.0
29507,12.0
29508,12.0
29509,12.0
29510,12.0
29511,12.0
29512,12.0
29513,12.0
29514,12.0
29515,12.0
29516,12.0
29517,12.0
29518,12.0
29519,12.0
29520,12.0
29521,13.0
29522,13.0
29523,13.0
29524,13.0
29525,13.0
29526,13.0
29527,13.0
29528,13.0
29529,13.0
29530,13.0
29531,13.0
29532,13.0
29533,13.0
29534,13.0
29535,13.0
29536,13.0
29537,13.0
29538,13.0
29539,13.0
29540,13.0
29541,13.0
29542,13.0
29543,13.0
29544,13.0
29545,13.0
29546,13.0
29547,13.0
29548,13.0
29549,12.0
29550,12.0
29551,12.0
29552,12.0
29553,12.0
29554,12.0
29555,12.0
29556,12.0
29557,12.0
29558,12.0
29559,12.0
29560,12.0
29561,12.0
29562,13.0
29563,13.0
29564,13.0
29565,13.0
29566,13.0
29567,13.0
29568,13.0
29569,13.0
29570,13.0
29571,13.0
29572,13.0
29573,13.0
29574,13.0
29575,13.0
29576,13.0
29577,13.0
29578,13.0
29579,13.0
29580,13.0
29581,13.0
29582,13.0
29583,13.0
29584,13.0
29585,13.0
29586,13.0
29587,13.0
29588,13.0
29589,13.0
29590,13.0
29591,13.0
29592,13.0
29593,13.0
29594,13.0
29595,13.0
29596,13.0
29597,13.0
29598,13.0
29599,13.0
29600,13.0
29601,13.0
29602,13.0
29603,13.0
29604,11.0
29605,11.0
29606,11.0
29607,11.0
29608,11.0
29609,11.0
29610,11.0
29611,11.0
29612,11.0
29613,11.0
29614,11.0
29615,11.0
29616,11.0
29617,11.0
29618,11.0
29619,11.0
29620,11.0
29621,11.0
29622,11.0
29623,11.0
29624,11.0
29625,11.0
29626,11.0
29627,11.0
29628,11.0
29629,11.0
29630,11.0
29631,11.0
29632,11.0
29633,11.0
29634,11.0
29635,11.0
29636,11.0
29637,11.0
29638,11.0
29639,11.0
29640,11.0
29641,11.0
29642,11.0
29643,11.0
29644,11.0
29645,11.0
29646,11.0
29647,11.0
29648,11.0
29649,11.0
29650,11.0
29651,11.0
29652,11.0
29653,11.0
29654,11.0
29655,11.0
29656,11.0
29657,11.0
29658,11.0
29659,10.0
29660,10.0
29661,10.0
29662,10.0
29663,10.0
29664,10.0
29665,10.0
29666,10.0
29667,10.0
29668,10.0
29669,10.0
29670,10.0
29671,10.0
29672,10.0
29673,10.0
29674,10.0
29675,10.0
29676,10.0
29677,10.0
29678,10.0
29679,10.0
29680,10.0
29681,10.0
29682,10.0
29683,10.0
29684,10.0
29685,10.0
29686,10.0
29687,10.0
29688,10.0
29689,10.0
29690,10.0
29691,10.0
29692,10.0
29693,11.0
29694,11.0
29695,11.0
29696,11.0
29697,11.0
29698,11.0
29699,11.0
29700,11.0
29701,11.0
29702,11.0
29703,11.0
29704,11.0
29705,11.0
29706,11.0
29707,11.0
29708,11.0
29709,11.0
29710,11.0
29711,11.0
29712,11.0
29713,11.0
29714,11.0
29715,11.0
29716,11.0
29717,11.0
29718,11.0
29719,11.0
29720,11.0
29721,11.0
29722,11.0
29723,11.0
29724,11.0
29725,11.0
29726,11.0
29727,11.0
29728,11.0
29729,11.0
29730,11.0
29731,11.0
29732,11.0
29733,11.0
29734,11.0
29735,11.0
29736,11.0
29737,11.0
29738,11.0
29739,11.0
29740,11.0
29741,11.0
29742,11.0
29743,11.0
29744,11.0
29745,11.0
29746,11.0
29747,11.0
29748,11.0
29749,11.0
29750,11.0
29751,11.0
29752,11.0
29753,11.0
29754,11.0
29755,11.0
29756,11.0
29757,11.0
29758,11.0
29759,11.0
29760,11.0
29761,11.0
29762,11.0
29763,11.0
29764,11.0
29765,11.0
29766,11.0
29767,11.0
29768,11.0
29769,11.0
29770,11.0
29771,11.0
29772,11.0
29773,11.0
29774,11.0
29775,11.0
29776,11.0
29777,11.0
29778,11.0
29779,11.0
29780,11.0
29781,11.0
29782,11.0
29783,11.0
29784,11.0
29785,11.0
29786,11.0
29787,11.0
29788,11.0
29789,11.0
29790,11.0
29791,11.0
29792,11.0
29793,11.0
29794,11.0
29795,11.0
29796,11.0
29797,11.0
29798,11.0
29799,12.0
29800,12.0
29801,12.0
29802,12.0
29803,12.0
29804,12.0
29805,12.0
29806,12.0
29807,12.0
29808,12.0
29809,12.0
29810,12.0
29811,12.0
29812,12.0
29813,12.0
29814,12.0
29815,12.0
29816,12.0
29817,12.0
29818,12.0
29819,12.0
29820,12.0
29821,12.0
29822,12.0
29823,13.0
29824,13.0
29825,13.0
29826,13.0
29827,13.0
29828,13.0
29829,13.0
29830,13.0
29831,13.0
29832,13.0
29833,13.0
29834,13.0
29835,13.0
29836,14.0
29837,14.0
29838,14.0
29839,14.0
29840,14.0
29841,14.0
29842,14.0
29843,14.0
29844,14.0
29845,14.0
29846,14.0
29847,14.0
29848,14.0
29849,14.0
29850,14.0
29851,14.0
29852,14.0
29853,14.0
29854,14.0
29855,14.0
29856,14.0
29857,14.0
29858,14.0
29859,14.0
29860,14.0
29861,14.0
29862,14.0
29863,14.0
29864,14.0
29865,14.0
29866,14.0
29867,14.0
29868,14.0
29869,14.0
29870,14.0
29871,14.0
29872,14.0
29873,15.0
29874,15.0
29875,15.0
29876,15.0
29877,15.0
29878,15.0
29879,15.0
29880,15.0
29881,15.0
29882,16.0
29883,16.0
29884,16.0
29885,16.0
29886,16.0
29887,16.0
29888,16.0
29889,16.0
29890,15.0
29891,15.0
29892,15.0
29893,15.0
29894,15.0
29895,15.0
29896,15.0
29897,15.0
29898,14.0
29899,14.0
29900,14.0
29901,14.0
29902,14.0
29903,14.0
29904,14.0
29905,14.0
29906,14.0
29907,14.0
29908,14.0
29909,14.0
29910,14.0
29911,14.0
29912,14.0
29913,14.0
29914,14.0
29915,14.0
29916,14.0
29917,14.0
29918,14.0
29919,14.0
29920,14.0
29921,14.0
29922,14.0
29923,14.0
29924,15.0
29925,15.0
29926,15.0
29927,15.0
29928,15.0
29929,15.0
29930,15.0
29931,15.0
29932,15.0
29933,15.0
29934,14.0
29935,14.0
29936,14.0
29937,14.0
29938,14.0
29939,14.0
29940,14.0
29941,14.0
29942,14.0
29943,14.0
29944,14.0
29945,14.0
29946,14.0
29947,14.0
29948,14.0
29949,14.0
29950,14.0
29951,14.0
29952,14.0
29953,14.0
29954,14.0
29955,14.0
29956,14.0
29957,14.0
29958,14.0
29959,14.0
29960,14.0
29961,14.0
29962,14.0
29963,14.0
29964,14.0
29965,14.0
29966,14.0
29967,15.0
29968,15.0
29969,15.0
29970,15.0
29971,15.0
29972,15.0
29973,16.0
29974,16.0
29975,16.0
29976,16.0
29977,16.0
29978,16.0
29979,16.0
29980,16.0
29981,16.0
29982,16.0
29983,16.0
29984,16.0
29985,16.0
29986,16.0
29987,16.0
29988,16.0
29989,16.0
29990,16.0
29991,16.0
29992,16.0
29993,16.0
29994,16.0
29995,16.0
29996,16.0
29997,16.0
29998,16.0
29999,16.0
30000,16.0
30001,16.0
30002,16.0
30003,16.0
30004,16.0
30005,16.0
30006,16.0
30007,16.0
30008,16.0
30009,16.0
30010,16.0
30011,16.0
30012,16.0
30013,16.0
30014,16.0
30015,16.0
30016,16.0
30017,16.0
30018,16.0
30019,12.0
30020,12.0
30021,12.0
30022,12.0
30023,12.0
30024,12.0
30025,12.0
30026,12.0
30027,12.0
30028,12.0
30029,12.0
30030,12.0
30031,12.0
30032,12.0
30033,12.0
30034,12.0
30035,12.0
30036,12.0
30037,12.0
30038,12.0
30039,12.0
30040,12.0
30041,12.0
30042,13.0
30043,13.0
30044,13.0
30045,13.0
30046,13.0
30047,13.0
30048,13.0
30049,13.0
30050,13.0
30051,13.0
30052,14.0
30053,14.0
30054,14.0
30055,14.0
30056,14.0
30057,14.0
30058,14.0
30059,14.0
30060,14.0
30061,14.0
30062,13.0
30063,13.0
30064,13.0
30065,13.0
30066,13.0
30067,13.0
30068,13.0
30069,13.0
30070,13.0
30071,13.0
30072,13.0
30073,13.0
30074,13.0
30075,13.0
30076,13.0
30077,13.0
30078,13.0
30079,13.0
30080,13.0
30081,13.0
30082,13.0
30083,13.0
30084,13.0
30085,13.0
30086,13.0
30087,13.0
30088,13.0
30089,13.0
30090,13.0
30091,13.0
30092,13.0
30093,13.0
30094,13.0
30095,13.0
30096,13.0
30097,13.0
30098,13.0
30099,13.0
30100,13.0
30101,13.0
30102,13.0
30103,13.0
30104,13.0
30105,13.0
30106,13.0
30107,13.0
30108,13.0
30109,13.0
30110,13.0
30111,13.0
30112,13.0
30113,13.0
30114,13.0
30115,13.0
30116,13.0
30117,13.0
30118,13.0
30119,13.0
30120,13.0
30121,13.0
30122,13.0
30123,11.0
30124,11.0
30125,11.0
30126,11.0
30127,11.0
30128,11.0
30129,11.0
30130,11.0
30131,8.0
30132,8.0
30133,8.0
30134,8.0
30135,8.0
30136,8.0
30137,8.0
30138,8.0
30139,8.0
30140,8.0
30141,8.0
30142,8.0
30143,8.0
30144,8.0
30145,8.0
30146,8.0
30147,8.0
30148,8.0
30149,8.0
30150,8.0
30151,8.0
30152,8.0
30153,8.0
30154,8.0
30155,8.0
30156,8.0
30157,8.0
30158,8.0
30159,8.0
30160,8.0
30161,8.0
30162,8.0
30163,8.0
30164,8.0
30165,8.0
30166,8.0
30167,8.0
30168,8.0
30169,8.0
30170,8.0
30171,8.0
30172,8.0
30173,8.0
30174,8.0
30175,8.0
30176,8.0
30177,8.0
30178,8.0
30179,8.0
30180,8.0
30181,8.0
30182,8.0
30183,8.0
30184,8.0
30185,8.0
30186,8.0
30187,8.0
30188,7.0
30189,7.0
30190,7.0
30191,7.0
30192,8.0
30193,8.0
30194,8.0
30195,8.0
30196,7.0
30197,7.0
30198,7.0
30199,7.0
30200,7.0
30201,7.0
30202,7.0
30203,7.0
30204,7.0
30205,7.0
30206,7.0
30207,7.0
30208,7.0
30209,7.0
30210,7.0
30211,7.0
30212,7.0
30213,7.0
30214,7.0
30215,7.0
30216,7.0
30217,7.0
30218,7.0
30219,7.0
30220,7.0
30221,7.0
30222,7.0
30223,7.0
30224,7.0
30225,7.0
30226,7.0
30227,7.0
30228,7.0
30229,7.0
30230,7.0
30231,7.0
30232,7.0
30233,7.0
30234,7.0
30235,7.0
30236,7.0
30237,7.0
30238,7.0
30239,7.0
30240,7.0
30241,7.0
30242,7.0
30243,7.0
30244,7.0
30245,7.0
30246,7.0
30247,7.0
30248,7.0
30249,7.0
30250,7.0
30251,7.0
30252,7.0
30253,7.0
30254,7.0
30255,7.0
30256,7.0
30257,7.0
30258,7.0
30259,7.0
30260,7.0
30261,7.0
30262,7.0
30263,7.0
30264,7.0
30265,7.0
30266,7.0
30267,7.0
30268,7.0
30269,7.0
30270,7.0
30271,7.0
30272,7.0
30273,7.0
30274,7.0
30275,7.0
30276,7.0
30277,7.0
30278,7.0
30279,7.0
30280,7.0
30281,7.0
30282,7.0
30283,7.0
30284,7.0
30285,7.0
30286,7.0
30287,7.0
30288,7.0
30289,7.0
30290,7.0
30291,7.0
30292,7.0
30293,7.0
30294,7.0
30295,7.0
30296,7.0
30297,7.0
30298,7.0
30299,7.0
30300,7.0
30301,7.0
30302,7.0
30303,6.0
30304,6.0
30305,6.0
30306,6.0
30307,6.0
30308,6.0
30309,6.0
30310,6.0
30311,6.0
30312,6.0
30313,6.0
30314,6.0
30315,6.0
30316,6.0
30317,6.0
30318,6.0
30319,6.0
30320,6.0
30321,6.0
30322,6.0
30323,6.0
30324,6.0
30325,6.0
30326,6.0
30327,6.0
30328,6.0
30329,6.0
30330,6.0
30331,6.0
30332,6.0
30333,6.0
30334,6.0
30335,6.0
30336,6.0
30337,6.0
30338,6.0
30339,6.0
30340,6.0
30341,6.0
30342,6.0
30343,6.0
30344,6.0
30345,6.0
30346,6.0
30347,6.0
30348,6.0
30349,6.0
30350,6.0
30351,6.0
30352,6.0
30353,6.0
30354,6.0
30355,6.0
30356,6.0
30357,6.0
30358,6.0
30359,6.0
30360,6.0
30361,6.0
30362,6.0
30363,6.0
30364,6.0
30365,6.0
30366,6.0
30367,6.0
30368,6.0
30369,6.0
30370,6.0
30371,6.0
30372,6.0
30373,6.0
30374,6.0
30375,6.0
30376,6.0
30377,6.0
30378,6.0
30379,6.0
30380,6.0
30381,6.0
30382,6.0
30383,6.0
30384,6.0
30385,6.0
30386,6.0
30387,6.0
30388,6.0
30389,6.0
30390,6.0
30391,6.0
30392,6.0
30393,6.0
30394,6.0
30395,7.0
30396,7.0
30397,7.0
30398,7.0
30399,7.0
30400,7.0
30401,7.0
30402,7.0
30403,7.0
30404,7.0
30405,7.0
30406,7.0
30407,7.0
30408,7.0
30409,7.0
30410,7.0
30411,7.0
30412,7.0
30413,7.0
30414,7.0
30415,7.0
30416,7.0
30417,7.0
30418,7.0
30419,7.0
30420,7.0
30421,7.0
30422,7.0
30423,7.0
30424,7.0
30425,7.0
30426,7.0
30427,7.0
30428,7.0
30429,7.0
30430,7.0
30431,7.0
30432,7.0
30433,7.0
30434,7.0
30435,7.0
30436,7.0
30437,7.0
30438,7.0
30439,7.0
30440,7.0
30441,7.0
30442,7.0
30443,7.0
30444,7.0
30445,7.0
30446,7.0
30447,7.0
30448,7.0
30449,7.0
30450,7.0
30451,7.0
30452,7.0
30453,7.0
30454,7.0
30455,7.0
30456,7.0
30457,7.0
30458,7.0
30459,7.0
30460,7.0
30461,7.0
30462,7.0
30463,7.0
30464,7.0
30465,7.0
30466,7.0
30467,7.0
30468,7.0
30469,7.0
30470,7.0
30471,8.0
30472,8.0
30473,8.0
30474,8.0
30475,8.0
30476,8.0
30477,8.0
30478,8.0
30479,8.0
30480,8.0
30481,8.0
30482,8.0
30483,8.0
30484,8.0
30485,8.0
30486,8.0
30487,8.0
30488,8.0
30489,8.0
30490,8.0
30491,8.0
30492,8.0
30493,8.0
30494,8.0
30495,8.0
30496,8.0
30497,8.0
30498,9.0
30499,9.0
30500,9.0
30501,9.0
30502,9.0
30503,9.0
30504,9.0
30505,9.0
30506,9.0
30507,9.0
30508,9.0
30509,9.0
30510,9.0
30511,9.0
30512,9.0
30513,9.0
30514,9.0
30515,10.0
30516,10.0
30517,10.0
30518,10.0
30519,10.0
30520,10.0
30521,10.0
30522,10.0
30523,10.0
30524,10.0
30525,10.0
30526,10.0
30527,10.0
30528,10.0
30529,10.0
30530,10.0
30531,10.0
30532,10.0
30533,10.0
30534,10.0
30535,10.0
30536,10.0
30537,10.0
30538,10.0
30539,10.0
30540,10.0
30541,10.0
30542,10.0
30543,10.0
30544,10.0
30545,10.0
30546,10.0
30547,10.0
30548,10.0
30549,10.0
30550,10.0
30551,10.0
30552,10.0
30553,10.0
30554,10.0
30555,10.0
30556,10.0
30557,10.0
30558,10.0
30559,10.0
30560,10.0
30561,10.0
30562,10.0
30563,10.0
30564,10.0
30565,10.0
30566,10.0
30567,10.0
30568,10.0
30569,10.0
30570,10.0
30571,10.0
30572,10.0
30573,10.0
30574,10.0
30575,10.0
30576,10.0
30577,10.0
30578,10.0
30579,10.0
30580,10.0
30581,10.0
30582,10.0
30583,10.0
30584,10.0
30585,10.0
30586,10.0
30587,10.0
30588,10.0
30589,10.0
30590,10.0
30591,10.0
30592,10.0
30593,10.0
30594,11.0
30595,11.0
30596,11.0
30597,11.0
30598,11.0
30599,11.0
30600,11.0
30601,11.0
30602,11.0
30603,11.0
30604,11.0
30605,11.0
30606,11.0
30607,11.0
30608,11.0
30609,11.0
30610,11.0
30611,11.0
30612,11.0
30613,11.0
30614,11.0
30615,11.0
30616,11.0
30617,11.0
30618,11.0
30619,11.0
30620,11.0
30621,11.0
30622,11.0
30623,11.0
30624,11.0
30625,11.0
30626,11.0
30627,11.0
30628,11.0
30629,11.0
30630,11.0
30631,11.0
30632,11.0
30633,11.0
30634,11.0
30635,11.0
30636,11.0
30637,11.0
30638,11.0
30639,11.0
30640,11.0
30641,11.0
30642,11.0
30643,11.0
30644,11.0
30645,11.0
30646,11.0
30647,11.0
30648,11.0
30649,11.0
30650,11.0
30651,11.0
30652,11.0
30653,11.0
30654,11.0
30655,12.0
30656,12.0
30657,12.0
30658,12.0
30659,12.0
30660,12.0
30661,12.0
30662,12.0
30663,12.0
30664,12.0
30665,10.0
30666,10.0
30667,10.0
30668,10.0
30669,10.0
30670,10.0
30671,10.0
30672,10.0
30673,10.0
30674,10.0
30675,9.0
30676,9.0
30677,9.0
30678,9.0
30679,9.0
30680,9.0
30681,9.0
30682,9.0
30683,9.0
30684,9.0
30685,9.0
30686,9.0
30687,9.0
30688,9.0
30689,9.0
30690,9.0
30691,9.0
30692,9.0
30693,9.0
30694,9.0
30695,9.0
30696,9.0
30697,9.0
30698,9.0
30699,9.0
30700,9.0
30701,9.0
30702,9.0
30703,9.0
30704,9.0
30705,9.0
30706,9.0
30707,9.0
30708,9.0
30709,9.0
30710,9.0
30711,9.0
30712,9.0
30713,9.0
30714,9.0
30715,9.0
30716,9.0
30717,9.0
30718,9.0
30719,9.0
30720,9.0
30721,9.0
30722,9.0
30723,9.0
30724,9.0
30725,9.0
30726,9.0
30727,9.0
30728,9.0
30729,9.0
30730,9.0
30731,9.0
30732,9.0
30733,9.0
30734,9.0
30735,9.0
30736,9.0
30737,9.0
30738,9.0
30739,9.0
30740,9.0
30741,9.0
30742,9.0
30743,9.0
30744,9.0
30745,9.0
30746,9.0
30747,9.0
30748,9.0
30749,9.0
30750,9.0
30751,9.0
30752,9.0
30753,9.0
30754,9.0
30755,9.0
30756,9.0
30757,9.0
30758,9.0
30759,9.0
30760,9.0
30761,9.0
30762,9.0
30763,9.0
30764,8.0
30765,8.0
30766,8.0
30767,8.0
30768,8.0
30769,8.0
30770,8.0
30771,8.0
30772,8.0
30773,8.0
30774,8.0
30775,8.0
30776,8.0
30777,8.0
30778,8.0
30779,8.0
30780,8.0
30781,8.0
30782,8.0
30783,8.0
30784,8.0
30785,8.0
30786,8.0
30787,8.0
30788,8.0
30789,8.0
30790,8.0
30791,8.0
30792,8.0
30793,8.0
30794,8.0
30795,8.0
30796,8.0
30797,8.0
30798,8.0
30799,8.0
30800,8.0
30801,8.0
30802,8.0
30803,8.0
30804,8.0
30805,8.0
30806,8.0
30807,7.0
30808,7.0
30809,7.0
30810,6.0
30811,6.0
30812,6.0
30813,6.0
30814,6.0
30815,6.0
30816,6.0
30817,6.0
30818,6.0
30819,6.0
30820,6.0
30821,6.0
30822,6.0
30823,6.0
30824,6.0
30825,6.0
30826,6.0
30827,6.0
30828,6.0
30829,6.0
30830,6.0
30831,6.0
30832,6.0
30833,6.0
30834,6.0
30835,6.0
30836,6.0
30837,6.0
30838,7.0
30839,7.0
30840,7.0
30841,7.0
30842,7.0
30843,7.0
30844,7.0
30845,7.0
30846,7.0
30847,8.0
30848,8.0
30849,8.0
30850,8.0
30851,8.0
30852,8.0
30853,8.0
30854,8.0
30855,8.0
30856,8.0
30857,8.0
30858,8.0
30859,8.0
30860,8.0
30861,8.0
30862,8.0
30863,8.0
30864,8.0
30865,8.0
30866,8.0
30867,8.0
30868,8.0
30869,8.0
30870,8.0
30871,6.0
30872,6.0
30873,6.0
30874,6.0
30875,6.0
30876,6.0
30877,6.0
30878,6.0
30879,6.0
30880,6.0
30881,6.0
30882,6.0
30883,6.0
30884,6.0
30885,6.0
30886,6.0
30887,6.0
30888,6.0
30889,6.0
30890,6.0
30891,6.0
30892,6.0
30893,6.0
30894,6.0
30895,6.0
30896,6.0
30897,6.0
30898,6.0
30899,6.0
30900,6.0
30901,6.0
30902,6.0
30903,6.0
30904,6.0
30905,6.0
30906,6.0
30907,6.0
30908,6.0
30909,6.0
30910,6.0
30911,6.0
30912,7.0
30913,7.0
30914,7.0
30915,7.0
30916,7.0
30917,7.0
30918,7.0
30919,7.0
30920,7.0
30921,7.0
30922,7.0
30923,7.0
30924,7.0
30925,7.0
30926,7.0
30927,7.0
30928,7.0
30929,7.0
30930,7.0
30931,7.0
30932,7.0
30933,7.0
30934,7.0
30935,7.0
30936,7.0
30937,7.0
30938,7.0
30939,7.0
30940,7.0
30941,7.0
30942,7.0
30943,7.0
30944,7.0
30945,7.0
30946,7.0
30947,7.0
30948,7.0
30949,7.0
30950,7.0
30951,7.0
30952,7.0
30953,7.0
30954,7.0
30955,7.0
30956,7.0
30957,7.0
30958,7.0
30959,7.0
30960,7.0
30961,7.0
30962,7.0
30963,7.0
30964,7.0
30965,7.0
30966,7.0
30967,7.0
30968,7.0
30969,7.0
30970,7.0
30971,7.0
30972,7.0
30973,7.0
30974,7.0
30975,7.0
30976,7.0
30977,7.0
30978,7.0
30979,7.0
30980,7.0
30981,7.0
30982,7.0
30983,7.0
30984,7.0
30985,7.0
30986,7.0
30987,7.0
30988,7.0
30989,7.0
30990,7.0
30991,7.0
30992,7.0
30993,7.0
30994,7.0
30995,7.0
30996,7.0
30997,7.0
30998,7.0
30999,7.0
31000,7.0
31001,7.0
31002,7.0
31003,7.0
31004,7.0
31005,7.0
31006,7.0
31007,7.0
31008,7.0
31009,7.0
31010,7.0
31011,7.0
31012,7.0
31013,7.0
31014,7.0
31015,7.0
31016,7.0
31017,7.0
31018,7.0
31019,7.0
31020,7.0
31021,7.0
31022,7.0
31023,7.0
31024,7.0
31025,7.0
31026,7.0
31027,7.0
31028,7.0
31029,7.0
31030,7.0
31031,7.0
31032,7.0
31033,7.0
31034,7.0
31035,7.0
31036,7.0
31037,7.0
31038,7.0
31039,7.0
31040,7.0
31041,7.0
31042,7.0
31043,7.0
31044,7.0
31045,7.0
31046,7.0
31047,7.0
31048,8.0
31049,8.0
31050,8.0
31051,8.0
31052,8.0
31053,8.0
31054,8.0
31055,8.0
31056,8.0
31057,8.0
31058,8.0
31059,8.0
31060,8.0
31061,8.0
31062,8.0
31063,8.0
31064,8.0
31065,8.0
31066,8.0
31067,8.0
31068,8.0
31069,8.0
31070,8.0
31071,8.0
31072,8.0
31073,8.0
31074,8.0
31075,8.0
31076,8.0
31077,8.0
31078,8.0
31079,8.0
31080,8.0
31081,8.0
31082,8.0
31083,8.0
31084,8.0
31085,8.0
31086,8.0
31087,8.0
31088,8.0
31089,8.0
31090,8.0
31091,8.0
31092,9.0
31093,7.0
31094,7.0
31095,7.0
31096,7.0
31097,7.0
31098,7.0
31099,7.0
31100,7.0
31101,7.0
31102,7.0
31103,7.0
31104,7.0
31105,7.0
31106,7.0
31107,7.0
31108,7.0
31109,7.0
31110,7.0
31111,7.0
31112,7.0
31113,7.0
31114,7.0
31115,7.0
31116,7.0
31117,7.0
31118,7.0
31119,7.0
31120,7.0
31121,7.0
31122,7.0
31123,7.0
31124,7.0
31125,7.0
31126,7.0
31127,7.0
31128,7.0
31129,7.0
31130,7.0
31131,7.0
31132,7.0
31133,7.0
31134,7.0
31135,7.0
31136,7.0
31137,7.0
31138,7.0
31139,7.0
31140,7.0
31141,7.0
31142,7.0
31143,7.0
31144,7.0
31145,7.0
31146,7.0
31147,7.0
31148,7.0
31149,7.0
31150,7.0
31151,7.0
31152,7.0
31153,7.0
31154,7.0
31155,7.0
31156,7.0
31157,7.0
31158,7.0
31159,7.0
31160,7.0
31161,7.0
31162,7.0
31163,7.0
31164,7.0
31165,7.0
31166,7.0
31167,7.0
31168,7.0
31169,7.0
31170,7.0
31171,7.0
31172,7.0
31173,7.0
31174,7.0
31175,7.0
31176,7.0
31177,7.0
31178,7.0
31179,7.0
31180,7.0
31181,7.0
31182,7.0
31183,7.0
31184,7.0
31185,7.0
31186,7.0
31187,7.0
31188,7.0
31189,7.0
31190,7.0
31191,7.0
31192,7.0
31193,7.0
31194,7.0
31195,7.0
31196,7.0
31197,7.0
31198,7.0
31199,7.0
31200,7.0
31201,7.0
31202,7.0
31203,7.0
31204,7.0
31205,7.0
31206,7.0
31207,7.0
31208,7.0
31209,7.0
31210,7.0
31211,7.0
31212,7.0
31213,7.0
31214,7.0
31215,7.0
31216,7.0
31217,7.0
31218,7.0
31219,7.0
31220,7.0
31221,7.0
31222,7.0
31223,7.0
31224,7.0
31225,7.0
31226,7.0
31227,7.0
31228,7.0
31229,7.0
31230,7.0
31231,7.0
31232,7.0
31233,7.0
31234,7.0
31235,7.0
31236,7.0
31237,7.0
31238,7.0
31239,7.0
31240,7.0
31241,7.0
31242,7.0
31243,7.0
31244,7.0
31245,7.0
31246,7.0
31247,7.0
31248,7.0
31249,7.0
31250,7.0
31251,7.0
31252,7.0
31253,7.0
31254,7.0
31255,7.0
31256,7.0
31257,7.0
31258,7.0
31259,7.0
31260,7.0
31261,7.0
31262,7.0
31263,7.0
31264,7.0
31265,6.0
31266,6.0
31267,6.0
31268,6.0
31269,6.0
31270,6.0
31271,6.0
31272,6.0
31273,6.0
31274,6.0
31275,6.0
31276,6.0
31277,6.0
31278,6.0
31279,6.0
31280,6.0
31281,6.0
31282,6.0
31283,6.0
31284,6.0
31285,6.0
31286,6.0
31287,6.0
31288,6.0
31289,6.0
31290,6.0
31291,6.0
31292,6.0
31293,6.0
31294,6.0
31295,6.0
31296,6.0
31297,6.0
31298,6.0
31299,6.0
31300,6.0
31301,6.0
31302,6.0
31303,6.0
31304,6.0
31305,6.0
31306,6.0
31307,6.0
31308,6.0
31309,6.0
31310,6.0
31311,6.0
31312,6.0
31313,6.0
31314,6.0
31315,6.0
31316,6.0
31317,6.0
31318,6.0
31319,6.0
31320,6.0
31321,6.0
31322,6.0
31323,6.0
31324,6.0
31325,7.0
31326,7.0
31327,6.0
31328,6.0
31329,6.0
31330,6.0
31331,6.0
31332,6.0
31333,6.0
31334,6.0
31335,6.0
31336,6.0
31337,6.0
31338,6.0
31339,6.0
31340,6.0
31341,6.0
31342,6.0
31343,6.0
31344,6.0
31345,6.0
31346,6.0
31347,6.0
31348,6.0
31349,6.0
31350,6.0
31351,6.0
31352,6.0
31353,6.0
31354,6.0
31355,6.0
31356,6.0
31357,6.0
31358,6.0
31359,6.0
31360,6.0
31361,6.0
31362,6.0
31363,6.0
31364,6.0
31365,6.0
31366,6.0
31367,6.0
31368,6.0
31369,6.0
31370,6.0
31371,6.0
31372,6.0
31373,6.0
31374,6.0
31375,6.0
31376,6.0
31377,6.0
31378,6.0
31379,6.0
31380,6.0
31381,6.0
31382,6.0
31383,6.0
31384,6.0
31385,6.0
31386,6.0
31387,6.0
31388,6.0
31389,6.0
31390,6.0
31391,6.0
31392,6.0
31393,7.0
31394,7.0
31395,7.0
31396,7.0
31397,7.0
31398,7.0
31399,7.0
31400,7.0
31401,7.0
31402,7.0
31403,7.0
31404,7.0
31405,7.0
31406,7.0
31407,7.0
31408,7.0
31409,7.0
31410,7.0
31411,7.0
31412,6.0
31413,6.0
31414,6.0
31415,6.0
31416,6.0
31417,6.0
31418,6.0
31419,6.0
31420,6.0
31421,6.0
31422,6.0
31423,6.0
31424,6.0
31425,6.0
31426,6.0
31427,6.0
31428,6.0
31429,6.0
31430,6.0
31431,6.0
31432,6.0
31433,6.0
31434,6.0
31435,6.0
31436,6.0
31437,6.0
31438,6.0
31439,6.0
31440,6.0
31441,6.0
31442,6.0
31443,6.0
31444,6.0
31445,6.0
31446,6.0
31447,6.0
31448,6.0
31449,6.0
31450,6.0
31451,6.0
31452,6.0
31453,6.0
31454,6.0
31455,6.0
31456,6.0
31457,6.0
31458,6.0
31459,6.0
31460,6.0
31461,6.0
31462,6.0
31463,6.0
31464,6.0
31465,6.0
31466,6.0
31467,6.0
31468,6.0
31469,6.0
31470,6.0
31471,6.0
31472,6.0
31473,6.0
31474,6.0
31475,6.0
31476,6.0
31477,6.0
31478,6.0
31479,6.0
31480,6.0
31481,6.0
31482,6.0
31483,6.0
31484,7.0
31485,7.0
31486,7.0
31487,7.0
31488,7.0
31489,7.0
31490,7.0
31491,7.0
31492,7.0
31493,7.0
31494,7.0
31495,7.0
31496,7.0
31497,7.0
31498,7.0
31499,7.0
31500,7.0
31501,7.0
31502,7.0
31503,7.0
31504,7.0
31505,7.0
31506,7.0
31507,7.0
31508,7.0
31509,7.0
31510,7.0
31511,7.0
31512,7.0
31513,7.0
31514,7.0
31515,7.0
31516,7.0
31517,7.0
31518,7.0
31519,7.0
31520,8.0
31521,8.0
31522,8.0
31523,8.0
31524,8.0
31525,8.0
31526,8.0
31527,8.0
31528,8.0
31529,8.0
31530,8.0
31531,8.0
31532,8.0
31533,8.0
31534,8.0
31535,8.0
31536,8.0
31537,8.0
31538,8.0
31539,8.0
31540,8.0
31541,8.0
31542,8.0
31543,8.0
31544,8.0
31545,8.0
31546,8.0
31547,8.0
31548,8.0
31549,8.0
31550,8.0
31551,8.0
31552,8.0
31553,8.0
31554,8.0
31555,8.0
31556,8.0
31557,8.0
31558,8.0
31559,8.0
31560,8.0
31561,8.0
31562,8.0
31563,8.0
31564,8.0
31565,8.0
31566,8.0
31567,8.0
31568,8.0
31569,8.0
31570,8.0
31571,8.0
31572,8.0
31573,8.0
31574,8.0
31575,8.0
31576,8.0
31577,8.0
31578,8.0
31579,8.0
31580,8.0
31581,8.0
31582,8.0
31583,8.0
31584,8.0
31585,8.0
31586,8.0
31587,8.0
31588,8.0
31589,8.0
31590,8.0
31591,8.0
31592,8.0
31593,8.0
31594,8.0
31595,8.0
31596,8.0
31597,8.0
31598,8.0
31599,8.0
31600,8.0
31601,8.0
31602,7.0
31603,7.0
31604,7.0
31605,7.0
31606,7.0
31607,7.0
31608,7.0
31609,7.0
31610,7.0
31611,7.0
31612,7.0
31613,7.0
31614,7.0
31615,7.0
31616,7.0
31617,7.0
31618,7.0
31619,7.0
31620,7.0
31621,7.0
31622,7.0
31623,8.0
31624,8.0
31625,8.0
31626,8.0
31627,8.0
31628,7.0
31629,7.0
31630,7.0
31631,7.0
31632,7.0
31633,7.0
31634,7.0
31635,7.0
31636,7.0
31637,7.0
31638,7.0
31639,6.0
31640,6.0
31641,6.0
31642,6.0
31643,6.0
31644,6.0
31645,6.0
31646,6.0
31647,6.0
31648,6.0
31649,6.0
31650,6.0
31651,6.0
31652,6.0
31653,6.0
31654,6.0
31655,6.0
31656,6.0
31657,6.0
31658,6.0
31659,6.0
31660,6.0
31661,7.0
31662,7.0
31663,7.0
31664,7.0
31665,7.0
31666,7.0
31667,7.0
31668,7.0
31669,7.0
31670,7.0
31671,7.0
31672,7.0
31673,7.0
31674,7.0
31675,7.0
31676,7.0
31677,7.0
31678,7.0
31679,7.0
31680,7.0
31681,7.0
31682,7.0
31683,7.0
31684,7.0
31685,7.0
31686,7.0
31687,7.0
31688,7.0
31689,7.0
31690,7.0
31691,6.0
31692,6.0
31693,6.0
31694,6.0
31695,6.0
31696,6.0
31697,6.0
31698,6.0
31699,6.0
31700,6.0
31701,6.0
31702,6.0
31703,6.0
31704,6.0
31705,6.0
31706,6.0
31707,6.0
31708,6.0
31709,6.0
31710,6.0
31711,6.0
31712,6.0
31713,6.0
31714,6.0
31715,6.0
31716,6.0
31717,6.0
31718,6.0
31719,6.0
31720,6.0
31721,6.0
31722,6.0
31723,7.0
31724,7.0
31725,7.0
31726,7.0
31727,7.0
31728,7.0
31729,7.0
31730,7.0
31731,7.0
31732,7.0
31733,7.0
31734,7.0
31735,7.0
31736,7.0
31737,7.0
31738,7.0
31739,7.0
31740,7.0
31741,7.0
31742,7.0
31743,7.0
31744,7.0
31745,7.0
31746,7.0
31747,7.0
31748,7.0
31749,7.0
31750,7.0
31751,7.0
31752,7.0
31753,7.0
31754,7.0
31755,7.0
31756,7.0
31757,7.0
31758,7.0
31759,7.0
31760,7.0
31761,7.0
31762,7.0
31763,7.0
31764,7.0
31765,7.0
31766,7.0
31767,7.0
31768,7.0
31769,7.0
31770,7.0
31771,7.0
31772,7.0
31773,6.0
31774,6.0
31775,6.0
31776,6.0
31777,6.0
31778,6.0
31779,6.0
31780,6.0
31781,6.0
31782,6.0
31783,6.0
31784,6.0
31785,6.0
31786,6.0
31787,6.0
31788,6.0
31789,6.0
31790,6.0
31791,6.0
31792,6.0
31793,6.0
31794,6.0
31795,6.0
31796,7.0
31797,7.0
31798,8.0
31799,8.0
31800,8.0
31801,8.0
31802,8.0
31803,8.0
31804,8.0
31805,8.0
31806,8.0
31807,8.0
31808,8.0
31809,8.0
31810,8.0
31811,8.0
31812,8.0
31813,8.0
31814,8.0
31815,8.0
31816,8.0
31817,9.0
31818,9.0
31819,9.0
31820,8.0
31821,8.0
31822,7.0
31823,7.0
31824,7.0
31825,7.0
31826,7.0
31827,7.0
31828,7.0
31829,7.0
31830,7.0
31831,7.0
31832,7.0
31833,7.0
31834,7.0
31835,7.0
31836,7.0
31837,7.0
31838,7.0
31839,7.0
31840,7.0
31841,7.0
31842,8.0
31843,8.0
31844,8.0
31845,8.0
31846,8.0
31847,8.0
31848,8.0
31849,8.0
31850,8.0
31851,8.0
31852,8.0
31853,8.0
31854,8.0
31855,8.0
31856,8.0
31857,8.0
31858,8.0
31859,9.0
31860,9.0
31861,9.0
31862,9.0
31863,9.0
31864,9.0
31865,9.0
31866,9.0
31867,8.0
31868,8.0
31869,8.0
31870,8.0
31871,8.0
31872,8.0
31873,8.0
31874,8.0
31875,8.0
31876,8.0
31877,8.0
31878,8.0
31879,8.0
31880,8.0
31881,8.0
31882,8.0
31883,8.0
31884,8.0
31885,8.0
31886,9.0
31887,9.0
31888,7.0
31889,7.0
31890,7.0
31891,7.0
31892,7.0
31893,7.0
31894,7.0
31895,7.0
31896,7.0
31897,7.0
31898,7.0
31899,7.0
31900,7.0
31901,7.0
31902,7.0
31903,7.0
31904,7.0
31905,7.0
31906,7.0
31907,7.0
31908,6.0
31909,6.0
31910,6.0
31911,6.0
31912,6.0
31913,6.0
31914,6.0
31915,6.0
31916,6.0
31917,6.0
31918,6.0
31919,6.0
31920,6.0
31921,6.0
31922,6.0
31923,7.0
31924,7.0
31925,7.0
31926,7.0
31927,7.0
31928,7.0
31929,7.0
31930,7.0
31931,7.0
31932,7.0
31933,7.0
31934,7.0
31935,7.0
31936,7.0
31937,7.0
31938,7.0
31939,7.0
31940,7.0
31941,7.0
31942,7.0
31943,7.0
31944,7.0
31945,7.0
31946,7.0
31947,7.0
31948,7.0
31949,7.0
31950,7.0
31951,7.0
31952,7.0
31953,7.0
31954,7.0
31955,7.0
31956,7.0
31957,7.0
31958,7.0
31959,7.0
31960,7.0
31961,7.0
31962,7.0
31963,7.0
31964,7.0
31965,7.0
31966,7.0
31967,7.0
31968,8.0
31969,8.0
31970,8.0
31971,8.0
31972,8.0
31973,8.0
31974,8.0
31975,8.0
31976,8.0
31977,8.0
31978,8.0
31979,8.0
31980,8.0
31981,8.0
31982,8.0
31983,8.0
31984,8.0
31985,8.0
31986,8.0
31987,9.0
31988,9.0
31989,9.0
31990,9.0
31991,9.0
31992,9.0
31993,9.0
31994,9.0
31995,9.0
31996,9.0
31997,9.0
31998,9.0
31999,9.0
32000,9.0
32001,9.0
32002,9.0
32003,9.0
32004,9.0
32005,9.0
32006,9.0
32007,9.0
32008,9.0
32009,9.0
32010,9.0
32011,9.0
32012,9.0
32013,9.0
32014,9.0
32015,9.0
32016,9.0
32017,9.0
32018,9.0
32019,9.0
32020,9.0
32021,9.0
32022,9.0
32023,9.0
32024,9.0
32025,9.0
32026,9.0
32027,9.0
32028,9.0
32029,9.0
32030,9.0
32031,9.0
32032,10.0
32033,10.0
32034,10.0
32035,10.0
32036,10.0
32037,10.0
32038,10.0
32039,10.0
32040,10.0
32041,10.0
32042,10.0
32043,10.0
32044,10.0
32045,9.0
32046,9.0
32047,9.0
32048,9.0
32049,9.0
32050,9.0
32051,9.0
32052,9.0
32053,9.0
32054,9.0
32055,9.0
32056,9.0
32057,9.0
32058,9.0
32059,9.0
32060,9.0
32061,9.0
32062,9.0
32063,9.0
32064,9.0
32065,9.0
32066,9.0
32067,9.0
32068,9.0
32069,9.0
32070,9.0
32071,9.0
32072,9.0
32073,9.0
32074,9.0
32075,9.0
32076,9.0
32077,9.0
32078,9.0
32079,9.0
32080,9.0
32081,9.0
32082,9.0
32083,9.0
32084,9.0
32085,9.0
32086,9.0
32087,9.0
32088,9.0
32089,9.0
32090,9.0
32091,9.0
32092,9.0
32093,6.0
32094,6.0
32095,6.0
32096,6.0
32097,6.0
32098,6.0
32099,6.0
32100,6.0
32101,6.0
32102,6.0
32103,6.0
32104,6.0
32105,6.0
32106,6.0
32107,6.0
32108,6.0
32109,6.0
32110,6.0
32111,6.0
32112,6.0
32113,6.0
32114,6.0
32115,6.0
32116,6.0
32117,6.0
32118,6.0
32119,6.0
32120,6.0
32121,6.0
32122,6.0
32123,6.0
32124,6.0
32125,6.0
32126,6.0
32127,6.0
32128,6.0
32129,7.0
32130,7.0
32131,7.0
32132,7.0
32133,7.0
32134,7.0
32135,7.0
32136,7.0
32137,7.0
32138,7.0
32139,7.0
32140,7.0
32141,7.0
32142,7.0
32143,7.0
32144,7.0
32145,7.0
32146,7.0
32147,7.0
32148,7.0
32149,7.0
32150,7.0
32151,7.0
32152,7.0
32153,7.0
32154,7.0
32155,7.0
32156,7.0
32157,8.0
32158,8.0
32159,8.0
32160,8.0
32161,8.0
32162,8.0
32163,8.0
32164,8.0
32165,8.0
32166,9.0
32167,9.0
32168,9.0
32169,9.0
32170,9.0
32171,9.0
32172,9.0
32173,9.0
32174,9.0
32175,9.0
32176,9.0
32177,9.0
32178,9.0
32179,9.0
32180,9.0
32181,9.0
32182,9.0
32183,9.0
32184,9.0
32185,9.0
32186,9.0
32187,9.0
32188,9.0
32189,9.0
32190,9.0
32191,9.0
32192,9.0
32193,9.0
32194,9.0
32195,9.0
32196,9.0
32197,9.0
32198,9.0
32199,9.0
32200,9.0
32201,9.0
32202,9.0
32203,9.0
32204,9.0
32205,9.0
32206,9.0
32207,9.0
32208,9.0
32209,9.0
32210,9.0
32211,9.0
32212,9.0
32213,9.0
32214,9.0
32215,9.0
32216,9.0
32217,9.0
32218,9.0
32219,9.0
32220,9.0
32221,9.0
32222,9.0
32223,10.0
32224,10.0
32225,10.0
32226,10.0
32227,10.0
32228,10.0
32229,10.0
32230,10.0
32231,10.0
32232,10.0
32233,10.0
32234,10.0
32235,10.0
32236,11.0
32237,11.0
32238,11.0
32239,11.0
32240,11.0
32241,11.0
32242,11.0
32243,11.0
32244,11.0
32245,11.0
32246,11.0
32247,11.0
32248,11.0
32249,11.0
32250,11.0
32251,11.0
32252,11.0
32253,11.0
32254,11.0
32255,11.0
32256,11.0
32257,11.0
32258,11.0
32259,11.0
32260,11.0
32261,11.0
32262,11.0
32263,11.0
32264,11.0
32265,11.0
32266,11.0
32267,11.0
32268,11.0
32269,11.0
32270,12.0
32271,12.0
32272,12.0
32273,12.0
32274,12.0
32275,12.0
32276,12.0
32277,12.0
32278,12.0
32279,12.0
32280,12.0
32281,12.0
32282,12.0
32283,12.0
32284,12.0
32285,12.0
32286,12.0
32287,12.0
32288,12.0
32289,12.0
32290,12.0
32291,12.0
32292,12.0
32293,12.0
32294,12.0
32295,12.0
32296,12.0
32297,12.0
32298,12.0
32299,12.0
32300,12.0
32301,12.0
32302,12.0
32303,12.0
32304,12.0
32305,13.0
32306,13.0
32307,13.0
32308,13.0
32309,13.0
32310,13.0
32311,13.0
32312,13.0
32313,13.0
32314,13.0
32315,13.0
32316,13.0
32317,13.0
32318,13.0
32319,13.0
32320,13.0
32321,13.0
32322,13.0
32323,13.0
32324,13.0
32325,13.0
32326,13.0
32327,13.0
32328,13.0
32329,13.0
32330,13.0
32331,13.0
32332,13.0
32333,13.0
32334,13.0
32335,13.0
32336,13.0
32337,13.0
32338,13.0
32339,13.0
32340,13.0
32341,13.0
32342,13.0
32343,13.0
32344,13.0
32345,13.0
32346,13.0
32347,13.0
32348,13.0
32349,13.0
32350,13.0
32351,13.0
32352,13.0
32353,13.0
32354,13.0
32355,13.0
32356,13.0
32357,14.0
32358,14.0
32359,14.0
32360,14.0
32361,14.0
32362,14.0
32363,14.0
32364,14.0
32365,14.0
32366,14.0
32367,14.0
32368,14.0
32369,14.0
32370,14.0
32371,14.0
32372,13.0
32373,13.0
32374,13.0
32375,13.0
32376,13.0
32377,13.0
32378,13.0
32379,13.0
32380,13.0
32381,13.0
32382,13.0
32383,14.0
32384,14.0
32385,14.0
32386,14.0
32387,14.0
32388,14.0
32389,14.0
32390,14.0
32391,14.0
32392,11.0
32393,11.0
32394,8.0
32395,8.0
32396,8.0
32397,8.0
32398,8.0
32399,8.0
32400,9.0
32401,9.0
32402,9.0
32403,9.0
32404,9.0
32405,9.0
32406,9.0
32407,9.0
32408,9.0
32409,9.0
32410,9.0
32411,9.0
32412,9.0
32413,9.0
32414,8.0
32415,8.0
32416,8.0
32417,8.0
32418,8.0
32419,8.0
32420,8.0
32421,8.0
32422,8.0
32423,8.0
32424,8.0
32425,8.0
32426,8.0
32427,9.0
32428,9.0
32429,9.0
32430,9.0
32431,9.0
32432,9.0
32433,9.0
32434,9.0
32435,9.0
32436,9.0
32437,9.0
32438,8.0
32439,8.0
32440,8.0
32441,8.0
32442,8.0
32443,8.0
32444,8.0
32445,8.0
32446,8.0
32447,8.0
32448,8.0
32449,8.0
32450,8.0
32451,8.0
32452,8.0
32453,8.0
32454,8.0
32455,8.0
32456,8.0
32457,8.0
32458,8.0
32459,8.0
32460,8.0
32461,8.0
32462,8.0
32463,8.0
32464,8.0
32465,8.0
32466,8.0
32467,8.0
32468,8.0
32469,8.0
32470,8.0
32471,8.0
32472,8.0
32473,8.0
32474,8.0
32475,8.0
32476,8.0
32477,8.0
32478,8.0
32479,8.0
32480,8.0
32481,9.0
32482,8.0
32483,8.0
32484,8.0
32485,8.0
32486,8.0
32487,8.0
32488,8.0
32489,8.0
32490,8.0
32491,8.0
32492,8.0
32493,8.0
32494,8.0
32495,8.0
32496,8.0
32497,8.0
32498,8.0
32499,8.0
32500,8.0
32501,8.0
32502,8.0
32503,8.0
32504,8.0
32505,8.0
32506,8.0
32507,8.0
32508,8.0
32509,8.0
32510,8.0
32511,8.0
32512,8.0
32513,8.0
32514,8.0
32515,8.0
32516,8.0
32517,8.0
32518,8.0
32519,8.0
32520,8.0
32521,8.0
32522,8.0
32523,8.0
32524,8.0
32525,8.0
32526,8.0
32527,8.0
32528,8.0
32529,8.0
32530,8.0
32531,8.0
32532,8.0
32533,8.0
32534,8.0
32535,8.0
32536,8.0
32537,8.0
32538,8.0
32539,8.0
32540,8.0
32541,8.0
32542,8.0
32543,8.0
32544,8.0
32545,8.0
32546,8.0
32547,8.0
32548,8.0
32549,8.0
32550,8.0
32551,8.0
32552,8.0
32553,8.0
32554,8.0
32555,8.0
32556,8.0
32557,8.0
32558,8.0
32559,8.0
32560,8.0
32561,8.0
32562,8.0
32563,8.0
32564,8.0
32565,8.0
32566,8.0
32567,8.0
32568,8.0
32569,8.0
32570,8.0
32571,8.0
32572,8.0
32573,9.0
32574,9.0
32575,9.0
32576,9.0
32577,9.0
32578,9.0
32579,9.0
32580,9.0
32581,9.0
32582,10.0
32583,10.0
32584,10.0
32585,10.0
32586,10.0
32587,10.0
32588,10.0
32589,10.0
32590,10.0
32591,10.0
32592,10.0
32593,10.0
32594,10.0
32595,10.0
32596,10.0
32597,10.0
32598,10.0
32599,10.0
32600,10.0
32601,10.0
32602,8.0
32603,8.0
32604,8.0
32605,8.0
32606,9.0
32607,9.0
32608,9.0
32609,9.0
32610,9.0
32611,9.0
32612,9.0
32613,9.0
32614,9.0
32615,9.0
32616,9.0
32617,9.0
32618,9.0
32619,9.0
32620,9.0
32621,9.0
32622,9.0
32623,9.0
32624,9.0
32625,9.0
32626,9.0
32627,9.0
32628,9.0
32629,9.0
32630,9.0
32631,9.0
32632,9.0
32633,9.0
32634,9.0
32635,9.0
32636,9.0
32637,9.0
32638,9.0
32639,9.0
32640,9.0
32641,9.0
32642,9.0
32643,9.0
32644,9.0
32645,9.0
32646,9.0
32647,9.0
32648,9.0
32649,9.0
32650,9.0
32651,9.0
32652,9.0
32653,9.0
32654,10.0
32655,10.0
32656,10.0
32657,10.0
32658,10.0
32659,10.0
32660,10.0
32661,10.0
32662,10.0
32663,10.0
32664,10.0
32665,10.0
32666,10.0
32667,8.0
32668,8.0
32669,8.0
32670,8.0
32671,8.0
32672,8.0
32673,8.0
32674,8.0
32675,8.0
32676,8.0
32677,8.0
32678,8.0
32679,8.0
32680,8.0
32681,8.0
32682,8.0
32683,8.0
32684,8.0
32685,8.0
32686,8.0
32687,8.0
32688,8.0
32689,8.0
32690,8.0
32691,8.0
32692,8.0
32693,8.0
32694,8.0
32695,8.0
32696,8.0
32697,8.0
32698,8.0
32699,8.0
32700,8.0
32701,8.0
32702,8.0
32703,8.0
32704,8.0
32705,8.0
32706,8.0
32707,8.0
32708,8.0
32709,8.0
32710,8.0
32711,8.0
32712,8.0
32713,8.0
32714,8.0
32715,8.0
32716,8.0
32717,8.0
32718,8.0
32719,8.0
32720,8.0
32721,8.0
32722,8.0
32723,8.0
32724,8.0
32725,9.0
32726,9.0
32727,9.0
32728,9.0
32729,9.0
32730,9.0
32731,9.0
32732,9.0
32733,9.0
32734,9.0
32735,9.0
32736,9.0
32737,9.0
32738,9.0
32739,9.0
32740,9.0
32741,9.0
32742,9.0
32743,10.0
32744,10.0
32745,10.0
32746,10.0
32747,10.0
32748,10.0
32749,10.0
32750,10.0
32751,10.0
32752,10.0
32753,10.0
32754,10.0
32755,10.0
32756,10.0
32757,10.0
32758,10.0
32759,10.0
32760,10.0
32761,10.0
32762,10.0
32763,10.0
32764,11.0
32765,11.0
32766,11.0
32767,11.0
32768,11.0
32769,11.0
32770,11.0
32771,11.0
32772,11.0
32773,11.0
32774,11.0
32775,11.0
32776,11.0
32777,11.0
32778,11.0
32779,11.0
32780,11.0
32781,11.0
32782,11.0
32783,11.0
32784,11.0
32785,11.0
32786,11.0
32787,11.0
32788,11.0
32789,11.0
32790,11.0
32791,11.0
32792,11.0
32793,11.0
32794,11.0
32795,11.0
32796,11.0
32797,11.0
32798,11.0
32799,11.0
32800,11.0
32801,11.0
32802,11.0
32803,11.0
32804,11.0
32805,11.0
32806,11.0
32807,11.0
32808,11.0
32809,11.0
32810,11.0
32811,11.0
32812,11.0
32813,11.0
32814,11.0
32815,11.0
32816,11.0
32817,11.0
32818,11.0
32819,11.0
32820,11.0
32821,11.0
32822,11.0
32823,11.0
32824,11.0
32825,11.0
32826,11.0
32827,12.0
32828,12.0
32829,12.0
32830,12.0
32831,12.0
32832,12.0
32833,11.0
32834,11.0
32835,11.0
32836,11.0
32837,11.0
32838,11.0
32839,11.0
32840,11.0
32841,11.0
32842,11.0
32843,11.0
32844,11.0
32845,11.0
32846,11.0
32847,11.0
32848,11.0
32849,11.0
32850,11.0
32851,11.0
32852,11.0
32853,11.0
32854,11.0
32855,11.0
32856,11.0
32857,10.0
32858,10.0
32859,10.0
32860,9.0
32861,9.0
32862,9.0
32863,9.0
32864,9.0
32865,9.0
32866,9.0
32867,8.0
32868,8.0
32869,8.0
32870,8.0
32871,8.0
32872,8.0
32873,8.0
32874,9.0
32875,9.0
32876,9.0
32877,9.0
32878,9.0
32879,9.0
32880,9.0
32881,9.0
32882,9.0
32883,8.0
32884,8.0
32885,8.0
32886,8.0
32887,8.0
32888,8.0
32889,8.0
32890,9.0
32891,9.0
32892,9.0
32893,9.0
32894,9.0
32895,9.0
32896,9.0
32897,9.0
32898,9.0
32899,9.0
32900,9.0
32901,9.0
32902,9.0
32903,9.0
32904,9.0
32905,9.0
32906,9.0
32907,9.0
32908,9.0
32909,9.0
32910,9.0
32911,9.0
32912,9.0
32913,9.0
32914,9.0
32915,9.0
32916,9.0
32917,9.0
32918,10.0
32919,10.0
32920,10.0
32921,9.0
32922,9.0
32923,9.0
32924,9.0
32925,9.0
32926,9.0
32927,9.0
32928,9.0
32929,9.0
32930,9.0
32931,9.0
32932,10.0
32933,10.0
32934,10.0
32935,10.0
32936,10.0
32937,10.0
32938,10.0
32939,10.0
32940,10.0
32941,10.0
32942,10.0
32943,10.0
32944,10.0
32945,10.0
32946,10.0
32947,10.0
32948,10.0
32949,10.0
32950,10.0
32951,10.0
32952,10.0
32953,10.0
32954,10.0
32955,10.0
32956,10.0
32957,10.0
32958,10.0
32959,10.0
32960,10.0
32961,10.0
32962,10.0
32963,10.0
32964,10.0
32965,10.0
32966,10.0
32967,10.0
32968,10.0
32969,10.0
32970,10.0
32971,10.0
32972,10.0
32973,10.0
32974,10.0
32975,10.0
32976,10.0
32977,10.0
32978,10.0
32979,10.0
32980,10.0
32981,10.0
32982,10.0
32983,10.0
32984,10.0
32985,10.0
32986,10.0
32987,10.0
32988,10.0
32989,10.0
32990,10.0
32991,10.0
32992,10.0
32993,10.0
32994,10.0
32995,11.0
32996,11.0
32997,11.0
32998,11.0
32999,11.0
33000,11.0
33001,11.0
33002,11.0
33003,11.0
33004,11.0
33005,11.0
33006,11.0
33007,11.0
33008,11.0
33009,11.0
33010,11.0
33011,11.0
33012,11.0
33013,11.0
33014,11.0
33015,11.0
33016,11.0
33017,11.0
33018,11.0
33019,11.0
33020,11.0
33021,11.0
33022,11.0
33023,11.0
33024,11.0
33025,11.0
33026,11.0
33027,11.0
33028,11.0
33029,11.0
33030,11.0
33031,11.0
33032,11.0
33033,11.0
33034,11.0
33035,11.0
33036,11.0
33037,11.0
33038,11.0
33039,11.0
33040,11.0
33041,11.0
33042,11.0
33043,11.0
33044,11.0
33045,11.0
33046,11.0
33047,11.0
33048,11.0
33049,11.0
33050,11.0
33051,11.0
33052,11.0
33053,11.0
33054,11.0
33055,11.0
33056,8.0
33057,8.0
33058,8.0
33059,8.0
33060,8.0
33061,8.0
33062,8.0
33063,8.0
33064,8.0
33065,8.0
33066,8.0
33067,8.0
33068,8.0
33069,8.0
33070,8.0
33071,8.0
33072,8.0
33073,8.0
33074,8.0
33075,8.0
33076,8.0
33077,8.0
33078,8.0
33079,8.0
33080,8.0
33081,8.0
33082,8.0
33083,8.0
33084,8.0
33085,8.0
33086,8.0
33087,8.0
33088,8.0
33089,8.0
33090,8.0
33091,8.0
33092,8.0
33093,8.0
33094,8.0
33095,8.0
33096,8.0
33097,8.0
33098,8.0
33099,8.0
33100,8.0
33101,8.0
33102,8.0
33103,8.0
33104,8.0
33105,8.0
33106,8.0
33107,8.0
33108,8.0
33109,8.0
33110,8.0
33111,8.0
33112,8.0
33113,8.0
33114,7.0
33115,7.0
33116,7.0
33117,7.0
33118,7.0
33119,7.0
33120,7.0
33121,7.0
33122,7.0
33123,7.0
33124,7.0
33125,7.0
33126,7.0
33127,7.0
33128,7.0
33129,7.0
33130,7.0
33131,7.0
33132,7.0
33133,7.0
33134,7.0
33135,7.0
33136,7.0
33137,7.0
33138,7.0
33139,7.0
33140,8.0
33141,8.0
33142,8.0
33143,8.0
33144,8.0
33145,8.0
33146,8.0
33147,8.0
33148,8.0
33149,8.0
33150,8.0
33151,8.0
33152,8.0
33153,8.0
33154,8.0
33155,8.0
33156,8.0
33157,8.0
33158,8.0
33159,8.0
33160,8.0
33161,8.0
33162,8.0
33163,8.0
33164,8.0
33165,8.0
33166,8.0
33167,8.0
33168,8.0
33169,8.0
33170,8.0
33171,8.0
33172,8.0
33173,8.0
33174,8.0
33175,8.0
33176,8.0
33177,8.0
33178,8.0
33179,8.0
33180,8.0
33181,8.0
33182,8.0
33183,8.0
33184,8.0
33185,8.0
33186,8.0
33187,8.0
33188,8.0
33189,9.0
33190,9.0
33191,9.0
33192,9.0
33193,9.0
33194,9.0
33195,9.0
33196,9.0
33197,9.0
33198,9.0
33199,9.0
33200,9.0
33201,9.0
33202,9.0
33203,9.0
33204,9.0
33205,9.0
33206,9.0
33207,9.0
33208,9.0
33209,9.0
33210,9.0
33211,9.0
33212,9.0
33213,9.0
33214,9.0
33215,9.0
33216,9.0
33217,9.0
33218,9.0
33219,9.0
33220,9.0
33221,9.0
33222,9.0
33223,9.0
33224,9.0
33225,9.0
33226,9.0
33227,9.0
33228,9.0
33229,9.0
33230,9.0
33231,9.0
33232,9.0
33233,9.0
33234,9.0
33235,9.0
33236,9.0
33237,9.0
33238,9.0
33239,9.0
33240,9.0
33241,9.0
33242,9.0
33243,9.0
33244,9.0
33245,9.0
33246,9.0
33247,9.0
33248,9.0
33249,9.0
33250,9.0
33251,9.0
33252,9.0
33253,9.0
33254,9.0
33255,9.0
33256,9.0
33257,9.0
33258,9.0
33259,9.0
33260,9.0
33261,9.0
33262,9.0
33263,10.0
33264,10.0
33265,10.0
33266,10.0
33267,10.0
33268,10.0
33269,10.0
33270,10.0
33271,10.0
33272,10.0
33273,10.0
33274,10.0
33275,10.0
33276,10.0
33277,10.0
33278,10.0
33279,10.0
33280,10.0
33281,10.0
33282,10.0
33283,10.0
33284,10.0
33285,10.0
33286,10.0
33287,9.0
33288,9.0
33289,9.0
33290,9.0
33291,9.0
33292,9.0
33293,9.0
33294,9.0
33295,9.0
33296,9.0
33297,9.0
33298,9.0
33299,9.0
33300,9.0
33301,9.0
33302,9.0
33303,9.0
33304,9.0
33305,9.0
33306,9.0
33307,9.0
33308,9.0
33309,9.0
33310,9.0
33311,9.0
33312,9.0
33313,9.0
33314,9.0
33315,9.0
33316,9.0
33317,9.0
33318,9.0
33319,9.0
33320,9.0
33321,9.0
33322,9.0
33323,9.0
33324,9.0
33325,9.0
33326,9.0
33327,9.0
33328,9.0
33329,9.0
33330,9.0
33331,9.0
33332,9.0
33333,9.0
33334,9.0
33335,9.0
33336,9.0
33337,9.0
33338,9.0
33339,9.0
33340,9.0
33341,9.0
33342,9.0
33343,9.0
33344,9.0
33345,9.0
33346,9.0
33347,9.0
33348,9.0
33349,9.0
33350,9.0
33351,9.0
33352,9.0
33353,9.0
33354,9.0
33355,9.0
33356,9.0
33357,9.0
33358,9.0
33359,9.0
33360,9.0
33361,9.0
33362,9.0
33363,9.0
33364,9.0
33365,9.0
33366,9.0
33367,9.0
33368,9.0
33369,9.0
33370,9.0
33371,9.0
33372,9.0
33373,9.0
33374,9.0
33375,9.0
33376,9.0
33377,9.0
33378,9.0
33379,9.0
33380,9.0
33381,9.0
33382,9.0
33383,9.0
33384,9.0
33385,9.0
33386,9.0
33387,9.0
33388,9.0
33389,9.0
33390,9.0
33391,9.0
33392,9.0
33393,9.0
33394,9.0
33395,9.0
33396,9.0
33397,9.0
33398,9.0
33399,9.0
33400,9.0
33401,9.0
33402,9.0
33403,9.0
33404,9.0
33405,9.0
33406,10.0
33407,10.0
33408,10.0
33409,10.0
33410,10.0
33411,10.0
33412,10.0
33413,10.0
33414,10.0
33415,10.0
33416,10.0
33417,10.0
33418,10.0
33419,10.0
33420,10.0
33421,10.0
33422,10.0
33423,10.0
33424,10.0
33425,10.0
33426,10.0
33427,10.0
33428,10.0
33429,10.0
33430,10.0
33431,10.0
33432,10.0
33433,10.0
33434,10.0
33435,10.0
33436,10.0
33437,10.0
33438,10.0
33439,10.0
33440,10.0
33441,10.0
33442,10.0
33443,10.0
33444,10.0
33445,10.0
33446,10.0
33447,10.0
33448,10.0
33449,10.0
33450,10.0
33451,10.0
33452,10.0
33453,10.0
33454,10.0
33455,10.0
33456,10.0
33457,10.0
33458,10.0
33459,10.0
33460,10.0
33461,10.0
33462,10.0
33463,10.0
33464,10.0
33465,10.0
33466,10.0
33467,10.0
33468,10.0
33469,10.0
33470,10.0
33471,10.0
33472,11.0
33473,11.0
33474,11.0
33475,11.0
33476,11.0
33477,11.0
33478,11.0
33479,11.0
33480,11.0
33481,11.0
33482,11.0
33483,11.0
33484,11.0
33485,11.0
33486,11.0
33487,11.0
33488,11.0
33489,11.0
33490,11.0
33491,11.0
33492,11.0
33493,11.0
33494,11.0
33495,11.0
33496,11.0
33497,11.0
33498,11.0
33499,11.0
33500,11.0
33501,11.0
33502,11.0
33503,11.0
33504,11.0
33505,11.0
33506,11.0
33507,11.0
33508,11.0
33509,11.0
33510,9.0
33511,9.0
33512,10.0
33513,10.0
33514,10.0
33515,9.0
33516,9.0
33517,9.0
33518,9.0
33519,9.0
33520,9.0
33521,9.0
33522,9.0
33523,9.0
33524,9.0
33525,9.0
33526,9.0
33527,9.0
33528,9.0
33529,9.0
33530,9.0
33531,9.0
33532,9.0
33533,9.0
33534,9.0
33535,9.0
33536,9.0
33537,9.0
33538,9.0
33539,9.0
33540,9.0
33541,9.0
33542,9.0
33543,9.0
33544,9.0
33545,9.0
33546,9.0
33547,9.0
33548,9.0
33549,9.0
33550,9.0
33551,9.0
33552,9.0
33553,9.0
33554,9.0
33555,9.0
33556,9.0
33557,9.0
33558,9.0
33559,9.0
33560,9.0
33561,9.0
33562,9.0
33563,9.0
33564,9.0
33565,9.0
33566,9.0
33567,9.0
33568,9.0
33569,10.0
33570,10.0
33571,9.0
33572,9.0
33573,9.0
33574,9.0
33575,9.0
33576,9.0
33577,9.0
33578,9.0
33579,9.0
33580,9.0
33581,9.0
33582,9.0
33583,9.0
33584,9.0
33585,9.0
33586,9.0
33587,9.0
33588,9.0
33589,9.0
33590,9.0
33591,9.0
33592,9.0
33593,9.0
33594,9.0
33595,9.0
33596,9.0
33597,9.0
33598,9.0
33599,9.0
33600,9.0
33601,9.0
33602,9.0
33603,9.0
33604,9.0
33605,9.0
33606,9.0
33607,9.0
33608,9.0
33609,10.0
33610,10.0
33611,10.0
33612,10.0
33613,10.0
33614,10.0
33615,10.0
33616,10.0
33617,10.0
33618,10.0
33619,10.0
33620,10.0
33621,10.0
33622,10.0
33623,10.0
33624,10.0
33625,10.0
33626,10.0
33627,10.0
33628,10.0
33629,10.0
33630,10.0
33631,10.0
33632,10.0
33633,10.0
33634,10.0
33635,10.0
33636,10.0
33637,10.0
33638,10.0
33639,10.0
33640,10.0
33641,10.0
33642,10.0
33643,10.0
33644,10.0
33645,10.0
33646,10.0
33647,10.0
33648,10.0
33649,10.0
33650,10.0
33651,10.0
33652,10.0
33653,10.0
33654,10.0
33655,10.0
33656,10.0
33657,10.0
33658,10.0
33659,10.0
33660,10.0
33661,10.0
33662,10.0
33663,10.0
33664,10.0
33665,10.0
33666,10.0
33667,10.0
33668,10.0
33669,10.0
33670,10.0
33671,10.0
33672,10.0
33673,10.0
33674,10.0
33675,10.0
33676,10.0
33677,10.0
33678,10.0
33679,10.0
33680,10.0
33681,10.0
33682,10.0
33683,10.0
33684,10.0
33685,10.0
33686,10.0
33687,10.0
33688,10.0
33689,10.0
33690,10.0
33691,10.0
33692,10.0
33693,10.0
33694,10.0
33695,10.0
33696,10.0
33697,10.0
33698,10.0
33699,10.0
33700,10.0
33701,10.0
33702,10.0
33703,10.0
33704,10.0
33705,10.0
33706,10.0
33707,10.0
33708,10.0
33709,10.0
33710,10.0
33711,10.0
33712,10.0
33713,10.0
33714,10.0
33715,10.0
33716,11.0
33717,11.0
33718,11.0
33719,11.0
33720,11.0
33721,11.0
33722,11.0
33723,11.0
33724,11.0
33725,11.0
33726,11.0
33727,11.0
33728,11.0
33729,11.0
33730,11.0
33731,11.0
33732,11.0
33733,11.0
33734,11.0
33735,12.0
33736,9.0
33737,9.0
33738,9.0
33739,9.0
33740,9.0
33741,9.0
33742,9.0
33743,9.0
33744,9.0
33745,9.0
33746,9.0
33747,9.0
33748,9.0
33749,9.0
33750,9.0
33751,9.0
33752,9.0
33753,9.0
33754,9.0
33755,9.0
33756,9.0
33757,9.0
33758,9.0
33759,9.0
33760,9.0
33761,9.0
33762,9.0
33763,9.0
33764,9.0
33765,9.0
33766,9.0
33767,9.0
33768,10.0
33769,10.0
33770,10.0
33771,10.0
33772,10.0
33773,10.0
33774,10.0
33775,10.0
33776,10.0
33777,10.0
33778,10.0
33779,10.0
33780,10.0
33781,10.0
33782,10.0
33783,10.0
33784,10.0
33785,10.0
33786,10.0
33787,10.0
33788,10.0
33789,10.0
33790,10.0
33791,10.0
33792,10.0
33793,10.0
33794,10.0
33795,10.0
33796,10.0
33797,10.0
33798,10.0
33799,10.0
33800,10.0
33801,10.0
33802,10.0
33803,11.0
33804,11.0
33805,11.0
33806,11.0
33807,11.0
33808,11.0
33809,11.0
33810,11.0
33811,11.0
33812,11.0
33813,11.0
33814,11.0
33815,11.0
33816,11.0
33817,11.0
33818,11.0
33819,11.0
33820,11.0
33821,11.0
33822,11.0
33823,11.0
33824,11.0
33825,11.0
33826,11.0
33827,11.0
33828,12.0
33829,12.0
33830,11.0
33831,11.0
33832,11.0
33833,11.0
33834,11.0
33835,11.0
33836,11.0
33837,11.0
33838,11.0
33839,11.0
33840,11.0
33841,11.0
33842,11.0
33843,11.0
33844,11.0
33845,11.0
33846,11.0
33847,11.0
33848,11.0
33849,11.0
33850,11.0
33851,11.0
33852,11.0
33853,11.0
33854,11.0
33855,11.0
33856,11.0
33857,11.0
33858,11.0
33859,11.0
33860,11.0
33861,11.0
33862,11.0
33863,11.0
33864,11.0
33865,11.0
33866,11.0
33867,10.0
33868,10.0
33869,10.0
33870,10.0
33871,10.0
33872,10.0
33873,10.0
33874,10.0
33875,10.0
33876,10.0
33877,10.0
33878,10.0
33879,10.0
33880,10.0
33881,10.0
33882,10.0
33883,10.0
33884,10.0
33885,10.0
33886,10.0
33887,10.0
33888,10.0
33889,10.0
33890,10.0
33891,10.0
33892,10.0
33893,10.0
33894,10.0
33895,10.0
33896,10.0
33897,10.0
33898,10.0
33899,10.0
33900,10.0
33901,10.0
33902,10.0
33903,10.0
33904,10.0
33905,10.0
33906,10.0
33907,10.0
33908,10.0
33909,10.0
33910,10.0
33911,10.0
33912,10.0
33913,10.0
33914,10.0
33915,10.0
33916,10.0
33917,10.0
33918,10.0
33919,10.0
33920,10.0
33921,10.0
33922,10.0
33923,10.0
33924,10.0
33925,10.0
33926,10.0
33927,10.0
33928,10.0
33929,10.0
33930,10.0
33931,10.0
33932,10.0
33933,10.0
33934,10.0
33935,10.0
33936,10.0
33937,10.0
33938,10.0
33939,10.0
33940,10.0
33941,10.0
33942,10.0
33943,10.0
33944,10.0
33945,10.0
33946,10.0
33947,10.0
33948,10.0
33949,10.0
33950,10.0
33951,10.0
33952,10.0
33953,10.0
33954,10.0
33955,10.0
33956,10.0
33957,10.0
33958,10.0
33959,10.0
33960,10.0
33961,11.0
33962,11.0
33963,11.0
33964,11.0
33965,11.0
33966,11.0
33967,11.0
33968,10.0
33969,10.0
33970,10.0
33971,10.0
33972,10.0
33973,10.0
33974,10.0
33975,10.0
33976,10.0
33977,10.0
33978,10.0
33979,10.0
33980,10.0
33981,10.0
33982,10.0
33983,10.0
33984,10.0
33985,10.0
33986,10.0
33987,10.0
33988,10.0
33989,10.0
33990,10.0
33991,10.0
33992,10.0
33993,10.0
33994,10.0
33995,10.0
33996,10.0
33997,10.0
33998,10.0
33999,10.0
34000,10.0
34001,10.0
34002,10.0
34003,11.0
34004,11.0
34005,11.0
34006,11.0
34007,11.0
34008,11.0
34009,11.0
34010,11.0
34011,11.0
34012,11.0
34013,11.0
34014,11.0
34015,11.0
34016,11.0
34017,11.0
34018,11.0
34019,10.0
34020,10.0
34021,10.0
34022,10.0
34023,10.0
34024,10.0
34025,10.0
34026,10.0
34027,10.0
34028,10.0
34029,10.0
34030,10.0
34031,10.0
34032,10.0
34033,10.0
34034,10.0
34035,10.0
34036,10.0
34037,10.0
34038,10.0
34039,10.0
34040,10.0
34041,10.0
34042,10.0
34043,10.0
34044,10.0
34045,10.0
34046,10.0
34047,10.0
34048,10.0
34049,10.0
34050,10.0
34051,10.0
34052,10.0
34053,10.0
34054,10.0
34055,10.0
34056,10.0
34057,10.0
34058,9.0
34059,9.0
34060,9.0
34061,9.0
34062,9.0
34063,9.0
34064,9.0
34065,9.0
34066,9.0
34067,9.0
34068,9.0
34069,9.0
34070,9.0
34071,9.0
34072,9.0
34073,9.0
34074,9.0
34075,9.0
34076,9.0
34077,9.0
34078,9.0
34079,9.0
34080,9.0
34081,9.0
34082,9.0
34083,9.0
34084,9.0
34085,9.0
34086,9.0
34087,9.0
34088,9.0
34089,9.0
34090,9.0
34091,9.0
34092,9.0
34093,9.0
34094,9.0
34095,9.0
34096,9.0
34097,9.0
34098,9.0
34099,9.0
34100,9.0
34101,9.0
34102,9.0
34103,9.0
34104,9.0
34105,9.0
34106,9.0
34107,9.0
34108,9.0
34109,9.0
34110,9.0
34111,9.0
34112,9.0
34113,9.0
34114,9.0
34115,9.0
34116,9.0
34117,9.0
34118,9.0
34119,9.0
34120,9.0
34121,9.0
34122,9.0
34123,9.0
34124,9.0
34125,9.0
34126,9.0
34127,9.0
34128,9.0
34129,9.0
34130,9.0
34131,9.0
34132,10.0
34133,10.0
34134,10.0
34135,10.0
34136,10.0
34137,10.0
34138,10.0
34139,10.0
34140,10.0
34141,10.0
34142,10.0
34143,10.0
34144,10.0
34145,10.0
34146,10.0
34147,10.0
34148,10.0
34149,10.0
34150,10.0
34151,10.0
34152,10.0
34153,10.0
34154,10.0
34155,10.0
34156,10.0
34157,10.0
34158,10.0
34159,10.0
34160,10.0
34161,10.0
34162,10.0
34163,10.0
34164,10.0
34165,10.0
34166,10.0
34167,10.0
34168,10.0
34169,10.0
34170,11.0
34171,11.0
34172,11.0
34173,11.0
34174,11.0
34175,11.0
34176,11.0
34177,11.0
34178,11.0
34179,11.0
34180,11.0
34181,11.0
34182,11.0
34183,11.0
34184,11.0
34185,11.0
34186,11.0
34187,12.0
34188,12.0
34189,12.0
34190,12.0
34191,12.0
34192,12.0
34193,12.0
34194,12.0
34195,12.0
34196,12.0
34197,12.0
34198,12.0
34199,12.0
34200,12.0
34201,12.0
34202,12.0
34203,12.0
34204,12.0
34205,12.0
34206,12.0
34207,12.0
34208,12.0
34209,12.0
34210,12.0
34211,12.0
34212,12.0
34213,12.0
34214,12.0
34215,12.0
34216,12.0
34217,12.0
34218,12.0
34219,12.0
34220,12.0
34221,12.0
34222,12.0
34223,12.0
34224,12.0
34225,12.0
34226,12.0
34227,12.0
34228,12.0
34229,12.0
34230,12.0
34231,12.0
34232,12.0
34233,12.0
34234,12.0
34235,12.0
34236,12.0
34237,12.0
34238,12.0
34239,12.0
34240,12.0
34241,12.0
34242,12.0
34243,12.0
34244,12.0
34245,12.0
34246,11.0
34247,11.0
34248,11.0
34249,11.0
34250,11.0
34251,11.0
34252,11.0
34253,11.0
34254,11.0
34255,11.0
34256,11.0
34257,11.0
34258,11.0
34259,11.0
34260,11.0
34261,11.0
34262,11.0
34263,11.0
34264,11.0
34265,11.0
34266,11.0
34267,11.0
34268,11.0
34269,11.0
34270,11.0
34271,11.0
34272,11.0
34273,11.0
34274,11.0
34275,11.0
34276,11.0
34277,11.0
34278,11.0
34279,11.0
34280,11.0
34281,11.0
34282,11.0
34283,11.0
34284,11.0
34285,11.0
34286,11.0
34287,11.0
34288,11.0
34289,11.0
34290,11.0
34291,11.0
34292,11.0
34293,11.0
34294,11.0
34295,11.0
34296,11.0
34297,12.0
34298,12.0
34299,12.0
34300,12.0
34301,12.0
34302,12.0
34303,12.0
34304,12.0
34305,12.0
34306,12.0
34307,12.0
34308,12.0
34309,12.0
34310,12.0
34311,12.0
34312,12.0
34313,12.0
34314,12.0
34315,12.0
34316,12.0
34317,12.0
34318,12.0
34319,10.0
34320,10.0
34321,10.0
34322,10.0
34323,10.0
34324,10.0
34325,10.0
34326,10.0
34327,10.0
34328,10.0
34329,10.0
34330,10.0
34331,10.0
34332,10.0
34333,10.0
34334,10.0
34335,10.0
34336,10.0
34337,10.0
34338,10.0
34339,10.0
34340,10.0
34341,10.0
34342,10.0
34343,10.0
34344,10.0
34345,10.0
34346,10.0
34347,10.0
34348,10.0
34349,10.0
34350,10.0
34351,10.0
34352,10.0
34353,10.0
34354,10.0
34355,10.0
34356,10.0
34357,10.0
34358,10.0
34359,10.0
34360,10.0
34361,10.0
34362,10.0
34363,10.0
34364,11.0
34365,11.0
34366,11.0
34367,11.0
34368,11.0
34369,11.0
34370,11.0
34371,11.0
34372,10.0
34373,10.0
34374,10.0
34375,10.0
34376,10.0
34377,10.0
34378,10.0
34379,10.0
34380,10.0
34381,10.0
34382,10.0
34383,10.0
34384,10.0
34385,10.0
34386,10.0
34387,10.0
34388,10.0
34389,10.0
34390,10.0
34391,10.0
34392,10.0
34393,10.0
34394,10.0
34395,10.0
34396,10.0
34397,10.0
34398,10.0
34399,10.0
34400,10.0
34401,10.0
34402,10.0
34403,10.0
34404,10.0
34405,10.0
34406,10.0
34407,10.0
34408,10.0
34409,10.0
34410,10.0
34411,10.0
34412,10.0
34413,10.0
34414,10.0
34415,10.0
34416,10.0
34417,10.0
34418,10.0
34419,10.0
34420,10.0
34421,10.0
34422,10.0
34423,10.0
34424,10.0
34425,10.0
34426,10.0
34427,10.0
34428,10.0
34429,10.0
34430,10.0
34431,10.0
34432,10.0
34433,10.0
34434,10.0
34435,10.0
34436,10.0
34437,10.0
34438,10.0
34439,10.0
34440,9.0
34441,9.0
34442,9.0
34443,9.0
34444,9.0
34445,9.0
34446,9.0
34447,9.0
34448,9.0
34449,9.0
34450,9.0
34451,8.0
34452,8.0
34453,8.0
34454,8.0
34455,8.0
34456,8.0
34457,8.0
34458,8.0
34459,8.0
34460,8.0
34461,8.0
34462,8.0
34463,8.0
34464,8.0
34465,8.0
34466,8.0
34467,8.0
34468,8.0
34469,8.0
34470,8.0
34471,8.0
34472,8.0
34473,8.0
34474,8.0
34475,8.0
34476,8.0
34477,8.0
34478,8.0
34479,8.0
34480,8.0
34481,8.0
34482,8.0
34483,8.0
34484,8.0
34485,8.0
34486,8.0
34487,8.0
34488,8.0
34489,8.0
34490,8.0
34491,8.0
34492,8.0
34493,8.0
34494,8.0
34495,8.0
34496,8.0
34497,8.0
34498,8.0
34499,8.0
34500,8.0
34501,8.0
34502,8.0
34503,8.0
34504,8.0
34505,9.0
34506,9.0
34507,10.0
34508,10.0
34509,10.0
34510,10.0
34511,10.0
34512,10.0
34513,10.0
34514,10.0
34515,10.0
34516,10.0
34517,10.0
34518,10.0
34519,10.0
34520,10.0
34521,10.0
34522,10.0
34523,10.0
34524,10.0
34525,10.0
34526,10.0
34527,10.0
34528,10.0
34529,10.0
34530,10.0
34531,10.0
34532,10.0
34533,9.0
34534,9.0
34535,9.0
34536,9.0
34537,9.0
34538,9.0
34539,9.0
34540,9.0
34541,9.0
34542,9.0
34543,9.0
34544,9.0
34545,9.0
34546,9.0
34547,9.0
34548,9.0
34549,9.0
34550,9.0
34551,9.0
34552,9.0
34553,9.0
34554,9.0
34555,9.0
34556,9.0
34557,9.0
34558,9.0
34559,9.0
34560,9.0
34561,9.0
34562,9.0
34563,9.0
34564,9.0
34565,9.0
34566,9.0
34567,9.0
34568,9.0
34569,9.0
34570,9.0
34571,9.0
34572,9.0
34573,9.0
34574,9.0
34575,10.0
34576,10.0
34577,10.0
34578,10.0
34579,10.0
34580,10.0
34581,10.0
34582,10.0
34583,10.0
34584,10.0
34585,10.0
34586,10.0
34587,10.0
34588,10.0
34589,10.0
34590,10.0
34591,10.0
34592,10.0
34593,10.0
34594,10.0
34595,10.0
34596,10.0
34597,10.0
34598,10.0
34599,10.0
34600,10.0
34601,10.0
34602,10.0
34603,10.0
34604,10.0
34605,10.0
34606,10.0
34607,10.0
34608,11.0
34609,11.0
34610,11.0
34611,11.0
34612,11.0
34613,11.0
34614,11.0
34615,11.0
34616,11.0
34617,11.0
34618,11.0
34619,11.0
34620,11.0
34621,11.0
34622,11.0
34623,11.0
34624,11.0
34625,11.0
34626,11.0
34627,11.0
34628,11.0
34629,11.0
34630,11.0
34631,11.0
34632,11.0
34633,11.0
34634,11.0
34635,11.0
34636,11.0
34637,11.0
34638,11.0
34639,11.0
34640,11.0
34641,11.0
34642,11.0
34643,11.0
34644,11.0
34645,11.0
34646,11.0
34647,11.0
34648,11.0
34649,11.0
34650,11.0
34651,11.0
34652,11.0
34653,11.0
34654,11.0
34655,11.0
34656,11.0
34657,11.0
34658,11.0
34659,11.0
34660,11.0
34661,11.0
34662,11.0
34663,11.0
34664,11.0
34665,11.0
34666,11.0
34667,11.0
34668,11.0
34669,11.0
34670,11.0
34671,11.0
34672,11.0
34673,11.0
34674,11.0
34675,11.0
34676,11.0
34677,11.0
34678,11.0
34679,11.0
34680,11.0
34681,11.0
34682,11.0
34683,11.0
34684,11.0
34685,11.0
34686,11.0
34687,11.0
34688,11.0
34689,11.0
34690,11.0
34691,11.0
34692,11.0
34693,11.0
34694,11.0
34695,11.0
34696,11.0
34697,11.0
34698,11.0
34699,11.0
34700,11.0
34701,11.0
34702,11.0
34703,9.0
34704,9.0
34705,9.0
34706,9.0
34707,9.0
34708,9.0
34709,9.0
34710,9.0
34711,9.0
34712,9.0
34713,9.0
34714,9.0
34715,9.0
34716,9.0
34717,9.0
34718,10.0
34719,10.0
34720,9.0
34721,9.0
34722,9.0
34723,9.0
34724,9.0
34725,9.0
34726,9.0
34727,9.0
34728,9.0
34729,9.0
34730,9.0
34731,9.0
34732,9.0
34733,9.0
34734,9.0
34735,9.0
34736,9.0
34737,9.0
34738,9.0
34739,9.0
34740,9.0
34741,9.0
34742,9.0
34743,9.0
34744,9.0
34745,9.0
34746,9.0
34747,9.0
34748,9.0
34749,9.0
34750,9.0
34751,9.0
34752,9.0
34753,9.0
34754,9.0
34755,9.0
34756,9.0
34757,9.0
34758,9.0
34759,9.0
34760,9.0
34761,9.0
34762,9.0
34763,9.0
34764,9.0
34765,9.0
34766,9.0
34767,9.0
34768,9.0
34769,9.0
34770,9.0
34771,9.0
34772,9.0
34773,9.0
34774,9.0
34775,9.0
34776,9.0
34777,9.0
34778,9.0
34779,9.0
34780,9.0
34781,9.0
34782,9.0
34783,9.0
34784,10.0
34785,10.0
34786,10.0
34787,10.0
34788,11.0
34789,11.0
34790,11.0
34791,11.0
34792,11.0
34793,11.0
34794,11.0
34795,11.0
34796,11.0
34797,11.0
34798,11.0
34799,11.0
34800,11.0
34801,12.0
34802,12.0
34803,12.0
34804,12.0
34805,12.0
34806,12.0
34807,12.0
34808,12.0
34809,12.0
34810,12.0
34811,12.0
34812,12.0
34813,12.0
34814,12.0
34815,12.0
34816,12.0
34817,12.0
34818,12.0
34819,12.0
34820,12.0
34821,12.0
34822,12.0
34823,12.0
34824,12.0
34825,12.0
34826,12.0
34827,12.0
34828,12.0
34829,12.0
34830,12.0
34831,12.0
34832,12.0
34833,12.0
34834,12.0
34835,12.0
34836,12.0
34837,12.0
34838,12.0
34839,12.0
34840,12.0
34841,12.0
34842,12.0
34843,12.0
34844,12.0
34845,12.0
34846,12.0
34847,12.0
34848,12.0
34849,12.0
34850,12.0
34851,12.0
34852,11.0
34853,11.0
34854,11.0
34855,11.0
34856,11.0
34857,11.0
34858,11.0
34859,11.0
34860,11.0
34861,11.0
34862,11.0
34863,11.0
34864,11.0
34865,11.0
34866,11.0
34867,11.0
34868,11.0
34869,11.0
34870,11.0
34871,12.0
34872,12.0
34873,12.0
34874,12.0
34875,12.0
34876,12.0
34877,12.0
34878,12.0
34879,12.0
34880,12.0
34881,12.0
34882,12.0
34883,12.0
34884,12.0
34885,12.0
34886,12.0
34887,12.0
34888,12.0
34889,12.0
34890,12.0
34891,12.0
34892,12.0
34893,12.0
34894,12.0
34895,12.0
34896,12.0
34897,12.0
34898,12.0
34899,12.0
34900,12.0
34901,12.0
34902,12.0
34903,12.0
34904,12.0
34905,12.0
34906,12.0
34907,12.0
34908,12.0
34909,12.0
34910,12.0
34911,12.0
34912,12.0
34913,12.0
34914,12.0
34915,12.0
34916,12.0
34917,12.0
34918,12.0
34919,12.0
34920,12.0
34921,12.0
34922,12.0
34923,12.0
34924,12.0
34925,12.0
34926,12.0
34927,12.0
34928,12.0
34929,12.0
34930,12.0
34931,12.0
34932,12.0
34933,12.0
34934,12.0
34935,12.0
34936,12.0
34937,12.0
34938,12.0
34939,12.0
34940,12.0
34941,12.0
34942,12.0
34943,12.0
34944,12.0
34945,13.0
34946,13.0
34947,13.0
34948,13.0
34949,13.0
34950,13.0
34951,13.0
34952,13.0
34953,13.0
34954,13.0
34955,13.0
34956,13.0
34957,13.0
34958,13.0
34959,13.0
34960,13.0
34961,13.0
34962,13.0
34963,13.0
34964,13.0
34965,13.0
34966,13.0
34967,13.0
34968,13.0
34969,13.0
34970,13.0
34971,13.0
34972,13.0
34973,13.0
34974,13.0
34975,13.0
34976,13.0
34977,13.0
34978,13.0
34979,13.0
34980,13.0
34981,13.0
34982,13.0
34983,13.0
34984,13.0
34985,13.0
34986,13.0
34987,13.0
34988,13.0
34989,13.0
34990,13.0
34991,13.0
34992,13.0
34993,13.0
34994,13.0
34995,13.0
34996,13.0
34997,13.0
34998,13.0
34999,13.0
35000,13.0
35001,13.0
35002,13.0
35003,13.0
35004,13.0
35005,13.0
35006,13.0
35007,13.0
35008,13.0
35009,13.0
35010,13.0
35011,13.0
35012,13.0
35013,14.0
35014,14.0
35015,14.0
35016,14.0
35017,15.0
35018,15.0
35019,15.0
35020,15.0
35021,15.0
35022,15.0
35023,15.0
35024,15.0
35025,15.0
35026,15.0
35027,15.0
35028,15.0
35029,15.0
35030,15.0
35031,15.0
35032,15.0
35033,15.0
35034,15.0
35035,15.0
35036,15.0
35037,15.0
35038,15.0
35039,15.0
35040,15.0
35041,15.0
35042,15.0
35043,15.0
35044,15.0
35045,15.0
35046,15.0
35047,15.0
35048,15.0
35049,15.0
35050,15.0
35051,15.0
35052,15.0
35053,15.0
35054,15.0
35055,15.0
35056,15.0
35057,15.0
35058,15.0
35059,15.0
35060,15.0
35061,15.0
35062,15.0
35063,15.0
35064,15.0
35065,15.0
35066,15.0
35067,15.0
35068,15.0
35069,15.0
35070,15.0
35071,15.0
35072,15.0
35073,15.0
35074,15.0
35075,15.0
35076,15.0
35077,15.0
35078,15.0
35079,15.0
35080,15.0
35081,15.0
35082,15.0
35083,15.0
35084,15.0
35085,15.0
35086,15.0
35087,15.0
35088,15.0
35089,15.0
35090,15.0
35091,15.0
35092,15.0
35093,15.0
35094,15.0
35095,15.0
35096,15.0
35097,15.0
35098,15.0
35099,15.0
35100,15.0
35101,15.0
35102,15.0
35103,15.0
35104,15.0
35105,15.0
35106,15.0
35107,15.0
35108,15.0
35109,15.0
35110,15.0
35111,15.0
35112,15.0
35113,15.0
35114,13.0
35115,13.0
35116,13.0
35117,13.0
35118,13.0
35119,13.0
35120,13.0
35121,13.0
35122,13.0
35123,13.0
35124,13.0
35125,13.0
35126,13.0
35127,13.0
35128,13.0
35129,13.0
35130,13.0
35131,13.0
35132,13.0
35133,13.0
35134,13.0
35135,13.0
35136,13.0
35137,13.0
35138,13.0
35139,13.0
35140,13.0
35141,13.0
35142,13.0
35143,13.0
35144,13.0
35145,13.0
35146,13.0
35147,13.0
35148,13.0
35149,13.0
35150,13.0
35151,13.0
35152,13.0
35153,13.0
35154,13.0
35155,14.0
35156,14.0
35157,14.0
35158,14.0
35159,14.0
35160,14.0
35161,14.0
35162,14.0
35163,14.0
35164,14.0
35165,14.0
35166,14.0
35167,14.0
35168,14.0
35169,14.0
35170,14.0
35171,14.0
35172,14.0
35173,14.0
35174,14.0
35175,14.0
35176,14.0
35177,14.0
35178,14.0
35179,14.0
35180,14.0
35181,14.0
35182,14.0
35183,14.0
35184,14.0
35185,14.0
35186,14.0
35187,14.0
35188,14.0
35189,14.0
35190,14.0
35191,14.0
35192,14.0
35193,14.0
35194,14.0
35195,14.0
35196,14.0
35197,14.0
35198,14.0
35199,14.0
35200,14.0
35201,14.0
35202,14.0
35203,14.0
35204,14.0
35205,14.0
35206,14.0
35207,14.0
35208,13.0
35209,13.0
35210,13.0
35211,13.0
35212,13.0
35213,13.0
35214,13.0
35215,13.0
35216,13.0
35217,13.0
35218,13.0
35219,13.0
35220,13.0
35221,13.0
35222,13.0
35223,13.0
35224,13.0
35225,13.0
35226,13.0
35227,13.0
35228,13.0
35229,13.0
35230,13.0
35231,13.0
35232,13.0
35233,13.0
35234,13.0
35235,13.0
35236,13.0
35237,13.0
35238,13.0
35239,13.0
35240,13.0
35241,13.0
35242,13.0
35243,13.0
35244,13.0
35245,13.0
35246,13.0
35247,13.0
35248,13.0
35249,13.0
35250,13.0
35251,13.0
35252,13.0
35253,13.0
35254,13.0
35255,13.0
35256,13.0
35257,13.0
35258,13.0
35259,13.0
35260,13.0
35261,13.0
35262,13.0
35263,13.0
35264,13.0
35265,13.0
35266,13.0
35267,13.0
35268,13.0
35269,13.0
35270,13.0
35271,13.0
35272,13.0
35273,13.0
35274,13.0
35275,13.0
35276,13.0
35277,13.0
35278,13.0
35279,13.0
35280,13.0
35281,13.0
35282,13.0
35283,13.0
35284,13.0
35285,13.0
35286,12.0
35287,12.0
35288,12.0
35289,12.0
35290,12.0
35291,12.0
35292,12.0
35293,12.0
35294,12.0
35295,12.0
35296,12.0
35297,12.0
35298,12.0
35299,12.0
35300,12.0
35301,12.0
35302,12.0
35303,12.0
35304,12.0
35305,12.0
35306,12.0
35307,12.0
35308,12.0
35309,12.0
35310,12.0
35311,12.0
35312,12.0
35313,12.0
35314,12.0
35315,12.0
35316,12.0
35317,12.0
35318,12.0
35319,12.0
35320,12.0
35321,12.0
35322,12.0
35323,12.0
35324,12.0
35325,12.0
35326,12.0
35327,12.0
35328,12.0
35329,12.0
35330,12.0
35331,12.0
35332,12.0
35333,12.0
35334,12.0
35335,12.0
35336,12.0
35337,12.0
35338,12.0
35339,12.0
35340,12.0
35341,12.0
35342,12.0
35343,12.0
35344,12.0
35345,12.0
35346,12.0
35347,12.0
35348,12.0
35349,12.0
35350,12.0
35351,12.0
35352,12.0
35353,12.0
35354,12.0
35355,13.0
35356,13.0
35357,13.0
35358,13.0
35359,13.0
35360,13.0
35361,13.0
35362,13.0
35363,13.0
35364,13.0
35365,12.0
35366,12.0
35367,12.0
35368,12.0
35369,12.0
35370,12.0
35371,12.0
35372,12.0
35373,12.0
35374,12.0
35375,12.0
35376,12.0
35377,12.0
35378,12.0
35379,12.0
35380,13.0
35381,13.0
35382,13.0
35383,13.0
35384,13.0
35385,13.0
35386,13.0
35387,13.0
35388,11.0
35389,11.0
35390,11.0
35391,11.0
35392,11.0
35393,11.0
35394,11.0
35395,11.0
35396,8.0
35397,8.0
35398,8.0
35399,8.0
35400,8.0
35401,8.0
35402,8.0
35403,8.0
35404,8.0
35405,8.0
35406,8.0
35407,8.0
35408,8.0
35409,8.0
35410,8.0
35411,8.0
35412,8.0
35413,8.0
35414,8.0
35415,8.0
35416,9.0
35417,9.0
35418,9.0
35419,9.0
35420,9.0
35421,9.0
35422,9.0
35423,9.0
35424,9.0
35425,9.0
35426,9.0
35427,9.0
35428,9.0
35429,9.0
35430,9.0
35431,9.0
35432,9.0
35433,9.0
35434,9.0
35435,9.0
35436,9.0
35437,9.0
35438,9.0
35439,9.0
35440,9.0
35441,9.0
35442,9.0
35443,9.0
35444,9.0
35445,9.0
35446,9.0
35447,9.0
35448,9.0
35449,9.0
35450,9.0
35451,9.0
35452,9.0
35453,9.0
35454,9.0
35455,9.0
35456,9.0
35457,9.0
35458,9.0
35459,9.0
35460,9.0
35461,9.0
35462,9.0
35463,9.0
35464,9.0
35465,9.0
35466,9.0
35467,9.0
35468,9.0
35469,9.0
35470,9.0
35471,9.0
35472,9.0
35473,9.0
35474,9.0
35475,9.0
35476,10.0
35477,10.0
35478,10.0
35479,10.0
35480,10.0
35481,10.0
35482,8.0
35483,8.0
35484,8.0
35485,8.0
35486,8.0
35487,8.0
35488,8.0
35489,8.0
35490,8.0
35491,8.0
35492,8.0
35493,8.0
35494,8.0
35495,8.0
35496,8.0
35497,8.0
35498,8.0
35499,8.0
35500,8.0
35501,8.0
35502,8.0
35503,8.0
35504,8.0
35505,8.0
35506,8.0
35507,8.0
35508,8.0
35509,8.0
35510,8.0
35511,8.0
35512,8.0
35513,8.0
35514,8.0
35515,8.0
35516,8.0
35517,9.0
35518,9.0
35519,9.0
35520,9.0
35521,9.0
35522,9.0
35523,9.0
35524,9.0
35525,9.0
35526,9.0
35527,9.0
35528,9.0
35529,9.0
35530,9.0
35531,9.0
35532,9.0
35533,8.0
35534,8.0
35535,8.0
35536,8.0
35537,8.0
35538,8.0
35539,8.0
35540,8.0
35541,8.0
35542,8.0
35543,8.0
35544,8.0
35545,8.0
35546,8.0
35547,8.0
35548,8.0
35549,8.0
35550,8.0
35551,8.0
35552,8.0
35553,8.0
35554,8.0
35555,8.0
35556,8.0
35557,8.0
35558,8.0
35559,8.0
35560,8.0
35561,8.0
35562,8.0
35563,8.0
35564,8.0
35565,7.0
35566,7.0
35567,7.0
35568,7.0
35569,7.0
35570,7.0
35571,7.0
35572,7.0
35573,7.0
35574,7.0
35575,7.0
35576,7.0
35577,7.0
35578,7.0
35579,7.0
35580,7.0
35581,7.0
35582,7.0
35583,7.0
35584,7.0
35585,7.0
35586,7.0
35587,7.0
35588,7.0
35589,7.0
35590,7.0
35591,7.0
35592,7.0
35593,7.0
35594,7.0
35595,7.0
35596,7.0
35597,7.0
35598,7.0
35599,7.0
35600,7.0
35601,7.0
35602,7.0
35603,7.0
35604,7.0
35605,7.0
35606,7.0
35607,7.0
35608,7.0
35609,7.0
35610,6.0
35611,6.0
35612,6.0
35613,6.0
35614,6.0
35615,6.0
35616,6.0
35617,6.0
35618,6.0
35619,6.0
35620,6.0
35621,6.0
35622,6.0
35623,6.0
35624,6.0
35625,6.0
35626,6.0
35627,6.0
35628,6.0
35629,6.0
35630,6.0
35631,6.0
35632,6.0
35633,6.0
35634,6.0
35635,6.0
35636,6.0
35637,6.0
35638,6.0
35639,6.0
35640,6.0
35641,6.0
35642,6.0
35643,6.0
35644,6.0
35645,6.0
35646,6.0
35647,6.0
35648,6.0
35649,6.0
35650,6.0
35651,7.0
35652,7.0
35653,7.0
35654,7.0
35655,7.0
35656,7.0
35657,7.0
35658,7.0
35659,7.0
35660,7.0
35661,7.0
35662,7.0
35663,7.0
35664,7.0
35665,7.0
35666,7.0
35667,7.0
35668,7.0
35669,7.0
35670,7.0
35671,7.0
35672,7.0
35673,7.0
35674,7.0
35675,7.0
35676,7.0
35677,7.0
35678,7.0
35679,7.0
35680,7.0
35681,7.0
35682,8.0
35683,8.0
35684,8.0
35685,8.0
35686,8.0
35687,8.0
35688,8.0
35689,7.0
35690,7.0
35691,7.0
35692,7.0
35693,7.0
35694,7.0
35695,7.0
35696,7.0
35697,7.0
35698,7.0
35699,7.0
35700,7.0
35701,7.0
35702,7.0
35703,7.0
35704,7.0
35705,7.0
35706,7.0
35707,7.0
35708,7.0
35709,7.0
35710,7.0
35711,7.0
35712,7.0
35713,7.0
35714,7.0
35715,7.0
35716,7.0
35717,7.0
35718,7.0
35719,7.0
35720,7.0
35721,7.0
35722,7.0
35723,7.0
35724,7.0
35725,7.0
35726,7.0
35727,7.0
35728,7.0
35729,7.0
35730,7.0
35731,7.0
35732,7.0
35733,7.0
35734,7.0
35735,7.0
35736,7.0
35737,7.0
35738,7.0
35739,7.0
35740,7.0
35741,7.0
35742,7.0
35743,7.0
35744,7.0
35745,7.0
35746,7.0
35747,7.0
35748,7.0
35749,7.0
35750,7.0
35751,7.0
35752,7.0
35753,7.0
35754,7.0
35755,7.0
35756,7.0
35757,7.0
35758,7.0
35759,7.0
35760,7.0
35761,7.0
35762,7.0
35763,7.0
35764,7.0
35765,7.0
35766,7.0
35767,7.0
35768,7.0
35769,7.0
35770,7.0
35771,7.0
35772,7.0
35773,7.0
35774,7.0
35775,7.0
35776,7.0
35777,7.0
35778,7.0
35779,7.0
35780,7.0
35781,7.0
35782,7.0
35783,6.0
35784,6.0
35785,6.0
35786,6.0
35787,6.0
35788,6.0
35789,6.0
35790,6.0
35791,6.0
35792,6.0
35793,6.0
35794,6.0
35795,6.0
35796,6.0
35797,6.0
35798,6.0
35799,6.0
35800,6.0
35801,6.0
35802,6.0
35803,6.0
35804,6.0
35805,6.0
35806,6.0
35807,6.0
35808,6.0
35809,6.0
35810,6.0
35811,6.0
35812,6.0
35813,6.0
35814,6.0
35815,6.0
35816,6.0
35817,6.0
35818,6.0
35819,6.0
35820,6.0
35821,6.0
35822,6.0
35823,6.0
35824,6.0
35825,6.0
35826,6.0
35827,6.0
35828,6.0
35829,6.0
35830,6.0
35831,6.0
35832,6.0
35833,6.0
35834,6.0
35835,6.0
35836,7.0
35837,7.0
35838,7.0
35839,7.0
35840,7.0
35841,7.0
35842,7.0
35843,7.0
35844,7.0
35845,7.0
35846,7.0
35847,7.0
35848,7.0
35849,7.0
35850,7.0
35851,7.0
35852,7.0
35853,7.0
35854,7.0
35855,7.0
35856,7.0
35857,7.0
35858,7.0
35859,7.0
35860,7.0
35861,7.0
35862,8.0
35863,8.0
35864,8.0
35865,8.0
35866,8.0
35867,8.0
35868,8.0
35869,8.0
35870,8.0
35871,8.0
35872,8.0
35873,8.0
35874,8.0
35875,8.0
35876,8.0
35877,8.0
35878,8.0
35879,8.0
35880,8.0
35881,8.0
35882,8.0
35883,8.0
35884,8.0
35885,8.0
35886,8.0
35887,8.0
35888,8.0
35889,8.0
35890,8.0
35891,8.0
35892,8.0
35893,8.0
35894,8.0
35895,8.0
35896,7.0
35897,7.0
35898,7.0
35899,7.0
35900,7.0
35901,7.0
35902,7.0
35903,7.0
35904,7.0
35905,7.0
35906,7.0
35907,7.0
35908,7.0
35909,7.0
35910,7.0
35911,7.0
35912,7.0
35913,7.0
35914,7.0
35915,7.0
35916,7.0
35917,7.0
35918,7.0
35919,7.0
35920,7.0
35921,7.0
35922,7.0
35923,7.0
35924,7.0
35925,7.0
35926,7.0
35927,7.0
35928,7.0
35929,7.0
35930,7.0
35931,7.0
35932,7.0
35933,7.0
35934,7.0
35935,7.0
35936,7.0
35937,7.0
35938,8.0
35939,8.0
35940,8.0
35941,8.0
35942,8.0
35943,8.0
35944,8.0
35945,8.0
35946,8.0
35947,8.0
35948,8.0
35949,8.0
35950,8.0
35951,8.0
35952,8.0
35953,8.0
35954,8.0
35955,8.0
35956,8.0
35957,8.0
35958,8.0
35959,8.0
35960,8.0
35961,8.0
35962,8.0
35963,8.0
35964,8.0
35965,8.0
35966,8.0
35967,8.0
35968,8.0
35969,8.0
35970,8.0
35971,8.0
35972,8.0
35973,8.0
35974,8.0
35975,8.0
35976,8.0
35977,8.0
35978,8.0
35979,8.0
35980,8.0
35981,8.0
35982,8.0
35983,8.0
35984,8.0
35985,8.0
35986,8.0
35987,8.0
35988,8.0
35989,8.0
35990,8.0
35991,8.0
35992,8.0
35993,8.0
35994,8.0
35995,8.0
35996,8.0
35997,8.0
35998,8.0
35999,8.0
36000,8.0
36001,8.0
36002,8.0
36003,8.0
36004,8.0
36005,8.0
36006,8.0
36007,8.0
36008,8.0
36009,8.0
36010,8.0
36011,8.0
36012,8.0
36013,8.0
36014,8.0
36015,8.0
36016,8.0
36017,8.0
36018,8.0
36019,8.0
36020,7.0
36021,7.0
36022,7.0
36023,7.0
36024,7.0
36025,7.0
36026,7.0
36027,7.0
36028,7.0
36029,7.0
36030,7.0
36031,7.0
36032,7.0
36033,7.0
36034,7.0
36035,7.0
36036,7.0
36037,7.0
36038,7.0
36039,7.0
36040,7.0
36041,7.0
36042,7.0
36043,7.0
36044,7.0
36045,7.0
36046,7.0
36047,7.0
36048,7.0
36049,7.0
36050,7.0
36051,7.0
36052,7.0
36053,7.0
36054,7.0
36055,7.0
36056,7.0
36057,7.0
36058,7.0
36059,7.0
36060,7.0
36061,7.0
36062,7.0
36063,7.0
36064,7.0
36065,7.0
36066,7.0
36067,7.0
36068,7.0
36069,7.0
36070,7.0
36071,7.0
36072,7.0
36073,7.0
36074,7.0
36075,7.0
36076,7.0
36077,7.0
36078,7.0
36079,7.0
36080,7.0
36081,7.0
36082,7.0
36083,7.0
36084,7.0
36085,7.0
36086,7.0
36087,7.0
36088,7.0
36089,7.0
36090,7.0
36091,7.0
36092,7.0
36093,7.0
36094,7.0
36095,7.0
36096,7.0
36097,7.0
36098,7.0
36099,7.0
36100,7.0
36101,7.0
36102,7.0
36103,7.0
36104,7.0
36105,7.0
36106,7.0
36107,7.0
36108,7.0
36109,7.0
36110,7.0
36111,7.0
36112,7.0
36113,7.0
36114,7.0
36115,7.0
36116,7.0
36117,7.0
36118,7.0
36119,7.0
36120,7.0
36121,7.0
36122,7.0
36123,7.0
36124,7.0
36125,7.0
36126,7.0
36127,7.0
36128,7.0
36129,7.0
36130,7.0
36131,7.0
36132,6.0
36133,6.0
36134,6.0
36135,6.0
36136,6.0
36137,6.0
36138,6.0
36139,6.0
36140,6.0
36141,6.0
36142,6.0
36143,6.0
36144,6.0
36145,6.0
36146,6.0
36147,6.0
36148,6.0
36149,6.0
36150,6.0
36151,6.0
36152,6.0
36153,6.0
36154,6.0
36155,6.0
36156,6.0
36157,6.0
36158,6.0
36159,6.0
36160,6.0
36161,6.0
36162,6.0
36163,6.0
36164,6.0
36165,6.0
36166,6.0
36167,6.0
36168,6.0
36169,6.0
36170,6.0
36171,6.0
36172,6.0
36173,6.0
36174,6.0
36175,6.0
36176,6.0
36177,6.0
36178,6.0
36179,6.0
36180,6.0
36181,6.0
36182,6.0
36183,6.0
36184,6.0
36185,6.0
36186,6.0
36187,6.0
36188,6.0
36189,6.0
36190,6.0
36191,6.0
36192,6.0
36193,6.0
36194,6.0
36195,6.0
36196,6.0
36197,6.0
36198,6.0
36199,6.0
36200,6.0
36201,6.0
36202,6.0
36203,6.0
36204,6.0
36205,6.0
36206,6.0
36207,6.0
36208,6.0
36209,6.0
36210,6.0
36211,6.0
36212,6.0
36213,6.0
36214,6.0
36215,6.0
36216,6.0
36217,6.0
36218,6.0
36219,6.0
36220,6.0
36221,6.0
36222,6.0
36223,6.0
36224,6.0
36225,6.0
36226,6.0
36227,6.0
36228,6.0
36229,6.0
36230,6.0
36231,6.0
36232,6.0
36233,6.0
36234,6.0
36235,6.0
36236,6.0
36237,6.0
36238,6.0
36239,6.0
36240,6.0
36241,6.0
36242,6.0
36243,6.0
36244,7.0
36245,7.0
36246,7.0
36247,7.0
36248,7.0
36249,7.0
36250,7.0
36251,7.0
36252,7.0
36253,7.0
36254,7.0
36255,7.0
36256,7.0
36257,7.0
36258,7.0
36259,7.0
36260,7.0
36261,7.0
36262,7.0
36263,7.0
36264,7.0
36265,7.0
36266,7.0
36267,7.0
36268,7.0
36269,7.0
36270,7.0
36271,7.0
36272,7.0
36273,7.0
36274,7.0
36275,7.0
36276,7.0
36277,7.0
36278,7.0
36279,7.0
36280,8.0
36281,8.0
36282,8.0
36283,8.0
36284,8.0
36285,8.0
36286,8.0
36287,8.0
36288,8.0
36289,8.0
36290,8.0
36291,8.0
36292,8.0
36293,8.0
36294,8.0
36295,8.0
36296,8.0
36297,8.0
36298,8.0
36299,8.0
36300,8.0
36301,8.0
36302,8.0
36303,8.0
36304,8.0
36305,8.0
36306,8.0
36307,8.0
36308,8.0
36309,8.0
36310,8.0
36311,8.0
36312,8.0
36313,8.0
36314,8.0
36315,8.0
36316,8.0
36317,8.0
36318,8.0
36319,8.0
36320,8.0
36321,8.0
36322,8.0
36323,8.0
36324,8.0
36325,8.0
36326,8.0
36327,8.0
36328,8.0
36329,8.0
36330,8.0
36331,8.0
36332,8.0
36333,8.0
36334,8.0
36335,8.0
36336,8.0
36337,8.0
36338,8.0
36339,8.0
36340,6.0
36341,6.0
36342,6.0
36343,6.0
36344,6.0
36345,6.0
36346,6.0
36347,6.0
36348,6.0
36349,6.0
36350,6.0
36351,6.0
36352,6.0
36353,6.0
36354,6.0
36355,6.0
36356,6.0
36357,6.0
36358,6.0
36359,6.0
36360,6.0
36361,6.0
36362,6.0
36363,6.0
36364,6.0
36365,6.0
36366,6.0
36367,6.0
36368,6.0
36369,6.0
36370,6.0
36371,6.0
36372,6.0
36373,6.0
36374,6.0
36375,6.0
36376,6.0
36377,6.0
36378,6.0
36379,6.0
36380,6.0
36381,6.0
36382,6.0
36383,6.0
36384,6.0
36385,6.0
36386,6.0
36387,6.0
36388,6.0
36389,6.0
36390,6.0
36391,6.0
36392,6.0
36393,6.0
36394,6.0
36395,6.0
36396,7.0
36397,7.0
36398,7.0
36399,7.0
36400,7.0
36401,7.0
36402,7.0
36403,7.0
36404,7.0
36405,7.0
36406,7.0
36407,7.0
36408,7.0
36409,7.0
36410,7.0
36411,7.0
36412,7.0
36413,7.0
36414,7.0
36415,7.0
36416,7.0
36417,7.0
36418,7.0
36419,7.0
36420,7.0
36421,7.0
36422,7.0
36423,7.0
36424,7.0
36425,7.0
36426,7.0
36427,7.0
36428,7.0
36429,7.0
36430,7.0
36431,7.0
36432,7.0
36433,7.0
36434,7.0
36435,7.0
36436,7.0
36437,7.0
36438,7.0
36439,7.0
36440,7.0
36441,7.0
36442,7.0
36443,7.0
36444,7.0
36445,7.0
36446,7.0
36447,7.0
36448,7.0
36449,7.0
36450,8.0
36451,8.0
36452,8.0
36453,8.0
36454,8.0
36455,8.0
36456,8.0
36457,8.0
36458,8.0
36459,8.0
36460,8.0
36461,8.0
36462,8.0
36463,8.0
36464,8.0
36465,8.0
36466,8.0
36467,8.0
36468,8.0
36469,8.0
36470,8.0
36471,8.0
36472,8.0
36473,8.0
36474,8.0
36475,8.0
36476,8.0
36477,8.0
36478,8.0
36479,8.0
36480,8.0
36481,8.0
36482,8.0
36483,8.0
36484,8.0
36485,8.0
36486,8.0
36487,8.0
36488,8.0
36489,8.0
36490,8.0
36491,8.0
36492,8.0
36493,8.0
36494,8.0
36495,8.0
36496,8.0
36497,8.0
36498,8.0
36499,8.0
36500,8.0
36501,8.0
36502,8.0
36503,8.0
36504,8.0
36505,8.0
36506,8.0
36507,8.0
36508,8.0
36509,8.0
36510,8.0
36511,8.0
36512,8.0
36513,8.0
36514,8.0
36515,8.0
36516,8.0
36517,8.0
36518,9.0
36519,9.0
36520,9.0
36521,9.0
36522,9.0
36523,9.0
36524,9.0
36525,9.0
36526,7.0
36527,7.0
36528,7.0
36529,7.0
36530,7.0
36531,7.0
36532,7.0
36533,7.0
36534,7.0
36535,7.0
36536,7.0
36537,7.0
36538,7.0
36539,7.0
36540,7.0
36541,8.0
36542,8.0
36543,8.0
36544,8.0
36545,9.0
36546,9.0
36547,9.0
36548,9.0
36549,9.0
36550,9.0
36551,9.0
36552,9.0
36553,9.0
36554,9.0
36555,9.0
36556,9.0
36557,9.0
36558,9.0
36559,9.0
36560,9.0
36561,9.0
36562,10.0
36563,10.0
36564,10.0
36565,10.0
36566,10.0
36567,10.0
36568,10.0
36569,10.0
36570,10.0
36571,10.0
36572,10.0
36573,10.0
36574,10.0
36575,10.0
36576,10.0
36577,10.0
36578,10.0
36579,10.0
36580,10.0
36581,10.0
36582,10.0
36583,10.0
36584,10.0
36585,10.0
36586,10.0
36587,10.0
36588,10.0
36589,10.0
36590,10.0
36591,10.0
36592,10.0
36593,10.0
36594,10.0
36595,10.0
36596,10.0
36597,10.0
36598,11.0
36599,11.0
36600,11.0
36601,11.0
36602,11.0
36603,11.0
36604,11.0
36605,11.0
36606,11.0
36607,11.0
36608,11.0
36609,11.0
36610,11.0
36611,11.0
36612,11.0
36613,11.0
36614,11.0
36615,11.0
36616,11.0
36617,11.0
36618,11.0
36619,11.0
36620,11.0
36621,11.0
36622,11.0
36623,11.0
36624,11.0
36625,11.0
36626,11.0
36627,11.0
36628,11.0
36629,11.0
36630,11.0
36631,11.0
36632,11.0
36633,11.0
36634,11.0
36635,11.0
36636,11.0
36637,11.0
36638,11.0
36639,11.0
36640,11.0
36641,11.0
36642,11.0
36643,11.0
36644,11.0
36645,11.0
36646,11.0
36647,11.0
36648,11.0
36649,11.0
36650,11.0
36651,11.0
36652,11.0
36653,11.0
36654,11.0
36655,11.0
36656,11.0
36657,11.0
36658,11.0
36659,11.0
36660,11.0
36661,11.0
36662,11.0
36663,11.0
36664,11.0
36665,11.0
36666,11.0
36667,11.0
36668,11.0
36669,12.0
36670,12.0
36671,12.0
36672,12.0
36673,12.0
36674,12.0
36675,12.0
36676,12.0
36677,12.0
36678,12.0
36679,12.0
36680,12.0
36681,12.0
36682,12.0
36683,12.0
36684,12.0
36685,12.0
36686,12.0
36687,12.0
36688,12.0
36689,12.0
36690,12.0
36691,12.0
36692,12.0
36693,12.0
36694,12.0
36695,12.0
36696,12.0
36697,12.0
36698,12.0
36699,12.0
36700,12.0
36701,12.0
36702,12.0
36703,12.0
36704,12.0
36705,12.0
36706,12.0
36707,12.0
36708,12.0
36709,12.0
36710,12.0
36711,12.0
36712,12.0
36713,12.0
36714,12.0
36715,12.0
36716,12.0
36717,12.0
36718,12.0
36719,12.0
36720,12.0
36721,12.0
36722,12.0
36723,12.0
36724,12.0
36725,12.0
36726,12.0
36727,12.0
36728,12.0
36729,12.0
36730,12.0
36731,12.0
36732,12.0
36733,12.0
36734,12.0
36735,12.0
36736,12.0
36737,12.0
36738,12.0
36739,12.0
36740,12.0
36741,12.0
36742,12.0
36743,12.0
36744,12.0
36745,12.0
36746,12.0
36747,12.0
36748,12.0
36749,12.0
36750,12.0
36751,12.0
36752,12.0
36753,12.0
36754,12.0
36755,12.0
36756,11.0
36757,11.0
36758,11.0
36759,11.0
36760,11.0
36761,11.0
36762,11.0
36763,11.0
36764,11.0
36765,11.0
36766,11.0
36767,11.0
36768,11.0
36769,11.0
36770,11.0
36771,11.0
36772,11.0
36773,11.0
36774,11.0
36775,11.0
36776,11.0
36777,11.0
36778,11.0
36779,11.0
36780,11.0
36781,11.0
36782,11.0
36783,11.0
36784,11.0
36785,11.0
36786,12.0
36787,12.0
36788,12.0
36789,12.0
36790,12.0
36791,12.0
36792,12.0
36793,12.0
36794,12.0
36795,12.0
36796,12.0
36797,12.0
36798,12.0
36799,12.0
36800,12.0
36801,12.0
36802,12.0
36803,12.0
36804,12.0
36805,12.0
36806,12.0
36807,12.0
36808,12.0
36809,12.0
36810,12.0
36811,12.0
36812,12.0
36813,12.0
36814,12.0
36815,12.0
36816,12.0
36817,12.0
36818,12.0
36819,12.0
36820,12.0
36821,13.0
36822,13.0
36823,13.0
36824,13.0
36825,13.0
36826,13.0
36827,13.0
36828,13.0
36829,13.0
36830,13.0
36831,13.0
36832,13.0
36833,13.0
36834,13.0
36835,13.0
36836,13.0
36837,13.0
36838,13.0
36839,13.0
36840,13.0
36841,13.0
36842,13.0
36843,13.0
36844,13.0
36845,13.0
36846,13.0
36847,13.0
36848,13.0
36849,13.0
36850,13.0
36851,13.0
36852,13.0
36853,13.0
36854,13.0
36855,13.0
36856,13.0
36857,13.0
36858,13.0
36859,13.0
36860,13.0
36861,13.0
36862,13.0
36863,13.0
36864,13.0
36865,13.0
36866,13.0
36867,13.0
36868,13.0
36869,13.0
36870,13.0
36871,13.0
36872,13.0
36873,13.0
36874,13.0
36875,13.0
36876,11.0
36877,11.0
36878,11.0
36879,11.0
36880,11.0
36881,11.0
36882,11.0
36883,11.0
36884,11.0
36885,11.0
36886,11.0
36887,11.0
36888,11.0
36889,11.0
36890,11.0
36891,11.0
36892,11.0
36893,11.0
36894,11.0
36895,11.0
36896,11.0
36897,11.0
36898,11.0
36899,11.0
36900,11.0
36901,11.0
36902,11.0
36903,11.0
36904,11.0
36905,11.0
36906,11.0
36907,11.0
36908,11.0
36909,11.0
36910,11.0
36911,11.0
36912,11.0
36913,11.0
36914,11.0
36915,11.0
36916,11.0
36917,11.0
36918,11.0
36919,11.0
36920,11.0
36921,11.0
36922,11.0
36923,11.0
36924,11.0
36925,11.0
36926,11.0
36927,11.0
36928,12.0
36929,12.0
36930,12.0
36931,12.0
36932,12.0
36933,12.0
36934,12.0
36935,12.0
36936,12.0
36937,12.0
36938,12.0
36939,12.0
36940,12.0
36941,12.0
36942,11.0
36943,11.0
36944,11.0
36945,11.0
36946,11.0
36947,11.0
36948,11.0
36949,11.0
36950,11.0
36951,11.0
36952,11.0
36953,11.0
36954,11.0
36955,11.0
36956,11.0
36957,11.0
36958,11.0
36959,11.0
36960,11.0
36961,11.0
36962,11.0
36963,11.0
36964,11.0
36965,11.0
36966,11.0
36967,11.0
36968,11.0
36969,11.0
36970,11.0
36971,11.0
36972,11.0
36973,11.0
36974,11.0
36975,11.0
36976,11.0
36977,11.0
36978,11.0
36979,11.0
36980,11.0
36981,11.0
36982,11.0
36983,11.0
36984,11.0
36985,11.0
36986,11.0
36987,11.0
36988,11.0
36989,11.0
36990,11.0
36991,11.0
36992,11.0
36993,11.0
36994,11.0
36995,11.0
36996,11.0
36997,11.0
36998,11.0
36999,11.0
37000,11.0
37001,11.0
37002,11.0
37003,11.0
37004,11.0
37005,10.0
37006,10.0
37007,10.0
37008,10.0
37009,9.0
37010,9.0
37011,9.0
37012,9.0
37013,9.0
37014,9.0
37015,9.0
37016,9.0
37017,9.0
37018,9.0
37019,9.0
37020,9.0
37021,9.0
37022,9.0
37023,9.0
37024,10.0
37025,10.0
37026,10.0
37027,10.0
37028,10.0
37029,10.0
37030,10.0
37031,10.0
37032,10.0
37033,10.0
37034,10.0
37035,10.0
37036,10.0
37037,10.0
37038,10.0
37039,10.0
37040,10.0
37041,10.0
37042,10.0
37043,10.0
37044,10.0
37045,10.0
37046,10.0
37047,10.0
37048,10.0
37049,10.0
37050,10.0
37051,10.0
37052,10.0
37053,10.0
37054,10.0
37055,10.0
37056,10.0
37057,10.0
37058,10.0
37059,10.0
37060,10.0
37061,10.0
37062,10.0
37063,10.0
37064,10.0
37065,10.0
37066,10.0
37067,10.0
37068,10.0
37069,10.0
37070,10.0
37071,10.0
37072,10.0
37073,10.0
37074,10.0
37075,10.0
37076,10.0
37077,10.0
37078,10.0
37079,10.0
37080,10.0
37081,10.0
37082,10.0
37083,10.0
37084,10.0
37085,10.0
37086,10.0
37087,10.0
37088,10.0
37089,10.0
37090,10.0
37091,10.0
37092,10.0
37093,10.0
37094,10.0
37095,10.0
37096,10.0
37097,10.0
37098,10.0
37099,10.0
37100,10.0
37101,10.0
37102,10.0
37103,10.0
37104,10.0
37105,10.0
37106,10.0
37107,10.0
37108,10.0
37109,10.0
37110,10.0
37111,10.0
37112,10.0
37113,10.0
37114,10.0
37115,10.0
37116,10.0
37117,10.0
37118,10.0
37119,10.0
37120,10.0
37121,10.0
37122,10.0
37123,10.0
37124,10.0
37125,10.0
37126,10.0
37127,10.0
37128,10.0
37129,10.0
37130,10.0
37131,10.0
37132,10.0
37133,10.0
37134,10.0
37135,10.0
37136,10.0
37137,10.0
37138,10.0
37139,10.0
37140,10.0
37141,10.0
37142,10.0
37143,10.0
37144,10.0
37145,10.0
37146,10.0
37147,10.0
37148,10.0
37149,10.0
37150,10.0
37151,10.0
37152,10.0
37153,10.0
37154,10.0
37155,10.0
37156,10.0
37157,10.0
37158,10.0
37159,10.0
37160,10.0
37161,10.0
37162,10.0
37163,10.0
37164,10.0
37165,10.0
37166,10.0
37167,10.0
37168,10.0
37169,10.0
37170,10.0
37171,10.0
37172,10.0
37173,10.0
37174,10.0
37175,10.0
37176,10.0
37177,10.0
37178,10.0
37179,10.0
37180,10.0
37181,10.0
37182,10.0
37183,10.0
37184,10.0
37185,10.0
37186,10.0
37187,10.0
37188,10.0
37189,10.0
37190,10.0
37191,10.0
37192,10.0
37193,10.0
37194,10.0
37195,10.0
37196,10.0
37197,10.0
37198,10.0
37199,10.0
37200,10.0
37201,10.0
37202,10.0
37203,10.0
37204,10.0
37205,10.0
37206,10.0
37207,10.0
37208,10.0
37209,10.0
37210,10.0
37211,10.0
37212,10.0
37213,10.0
37214,10.0
37215,10.0
37216,10.0
37217,10.0
37218,10.0
37219,10.0
37220,10.0
37221,10.0
37222,10.0
37223,10.0
37224,10.0
37225,10.0
37226,10.0
37227,10.0
37228,10.0
37229,10.0
37230,10.0
37231,10.0
37232,10.0
37233,10.0
37234,10.0
37235,10.0
37236,10.0
37237,10.0
37238,10.0
37239,10.0
37240,10.0
37241,10.0
37242,10.0
37243,10.0
37244,10.0
37245,10.0
37246,10.0
37247,10.0
37248,10.0
37249,10.0
37250,10.0
37251,10.0
37252,10.0
37253,10.0
37254,10.0
37255,10.0
37256,11.0
37257,11.0
37258,11.0
37259,11.0
37260,11.0
37261,11.0
37262,11.0
37263,11.0
37264,11.0
37265,11.0
37266,11.0
37267,11.0
37268,11.0
37269,11.0
37270,11.0
37271,11.0
37272,11.0
37273,11.0
37274,11.0
37275,11.0
37276,11.0
37277,11.0
37278,11.0
37279,11.0
37280,11.0
37281,11.0
37282,11.0
37283,11.0
37284,11.0
37285,11.0
37286,11.0
37287,11.0
37288,11.0
37289,11.0
37290,11.0
37291,11.0
37292,11.0
37293,11.0
37294,11.0
37295,11.0
37296,11.0
37297,11.0
37298,11.0
37299,11.0
37300,11.0
37301,11.0
37302,11.0
37303,11.0
37304,11.0
37305,11.0
37306,11.0
37307,11.0
37308,12.0
37309,12.0
37310,12.0
37311,12.0
37312,12.0
37313,12.0
37314,12.0
37315,12.0
37316,12.0
37317,12.0
37318,12.0
37319,12.0
37320,12.0
37321,12.0
37322,12.0
37323,12.0
37324,12.0
37325,12.0
37326,12.0
37327,12.0
37328,12.0
37329,12.0
37330,12.0
37331,12.0
37332,12.0
37333,12.0
37334,12.0
37335,10.0
37336,10.0
37337,10.0
37338,10.0
37339,10.0
37340,10.0
37341,10.0
37342,10.0
37343,10.0
37344,10.0
37345,10.0
37346,10.0
37347,10.0
37348,10.0
37349,10.0
37350,10.0
37351,10.0
37352,10.0
37353,10.0
37354,10.0
37355,10.0
37356,10.0
37357,10.0
37358,10.0
37359,10.0
37360,10.0
37361,10.0
37362,10.0
37363,10.0
37364,10.0
37365,10.0
37366,10.0
37367,10.0
37368,10.0
37369,10.0
37370,10.0
37371,10.0
37372,10.0
37373,10.0
37374,10.0
37375,10.0
37376,10.0
37377,10.0
37378,10.0
37379,10.0
37380,10.0
37381,10.0
37382,10.0
37383,10.0
37384,10.0
37385,10.0
37386,10.0
37387,10.0
37388,10.0
37389,10.0
37390,10.0
37391,10.0
37392,10.0
37393,10.0
37394,10.0
37395,10.0
37396,10.0
37397,10.0
37398,10.0
37399,10.0
37400,10.0
37401,10.0
37402,10.0
37403,10.0
37404,10.0
37405,10.0
37406,10.0
37407,10.0
37408,10.0
37409,10.0
37410,10.0
37411,10.0
37412,10.0
37413,10.0
37414,10.0
37415,10.0
37416,10.0
37417,10.0
37418,10.0
37419,10.0
37420,10.0
37421,10.0
37422,10.0
37423,10.0
37424,10.0
37425,10.0
37426,10.0
37427,10.0
37428,10.0
37429,10.0
37430,10.0
37431,10.0
37432,10.0
37433,10.0
37434,10.0
37435,10.0
37436,10.0
37437,10.0
37438,10.0
37439,10.0
37440,10.0
37441,10.0
37442,8.0
37443,8.0
37444,8.0
37445,8.0
37446,8.0
37447,8.0
37448,8.0
37449,8.0
37450,8.0
37451,8.0
37452,8.0
37453,8.0
37454,8.0
37455,8.0
37456,8.0
37457,8.0
37458,8.0
37459,8.0
37460,8.0
37461,8.0
37462,8.0
37463,8.0
37464,8.0
37465,8.0
37466,8.0
37467,8.0
37468,8.0
37469,8.0
37470,8.0
37471,8.0
37472,8.0
37473,8.0
37474,8.0
37475,8.0
37476,8.0
37477,8.0
37478,8.0
37479,8.0
37480,8.0
37481,8.0
37482,8.0
37483,8.0
37484,8.0
37485,8.0
37486,8.0
37487,8.0
37488,8.0
37489,8.0
37490,8.0
37491,8.0
37492,8.0
37493,8.0
37494,8.0
37495,8.0
37496,7.0
37497,7.0
37498,7.0
37499,7.0
37500,7.0
37501,7.0
37502,7.0
37503,7.0
37504,7.0
37505,7.0
37506,7.0
37507,7.0
37508,7.0
37509,7.0
37510,7.0
37511,7.0
37512,7.0
37513,7.0
37514,7.0
37515,7.0
37516,7.0
37517,7.0
37518,7.0
37519,7.0
37520,7.0
37521,7.0
37522,7.0
37523,7.0
37524,7.0
37525,7.0
37526,7.0
37527,7.0
37528,7.0
37529,7.0
37530,7.0
37531,7.0
37532,7.0
37533,7.0
37534,7.0
37535,7.0
37536,7.0
37537,7.0
37538,7.0
37539,7.0
37540,7.0
37541,6.0
37542,6.0
37543,6.0
37544,6.0
37545,6.0
37546,6.0
37547,6.0
37548,6.0
37549,6.0
37550,6.0
37551,6.0
37552,6.0
37553,6.0
37554,6.0
37555,6.0
37556,6.0
37557,6.0
37558,6.0
37559,6.0
37560,6.0
37561,6.0
37562,6.0
37563,6.0
37564,6.0
37565,6.0
37566,6.0
37567,6.0
37568,6.0
37569,6.0
37570,6.0
37571,6.0
37572,6.0
37573,6.0
37574,6.0
37575,6.0
37576,6.0
37577,6.0
37578,6.0
37579,6.0
37580,6.0
37581,6.0
37582,6.0
37583,6.0
37584,6.0
37585,6.0
37586,6.0
37587,6.0
37588,6.0
37589,6.0
37590,6.0
37591,6.0
37592,6.0
37593,6.0
37594,6.0
37595,6.0
37596,6.0
37597,6.0
37598,6.0
37599,6.0
37600,6.0
37601,6.0
37602,6.0
37603,6.0
37604,6.0
37605,6.0
37606,6.0
37607,6.0
37608,6.0
37609,6.0
37610,6.0
37611,6.0
37612,6.0
37613,6.0
37614,6.0
37615,6.0
37616,6.0
37617,6.0
37618,6.0
37619,6.0
37620,6.0
37621,6.0
37622,6.0
37623,6.0
37624,6.0
37625,6.0
37626,6.0
37627,6.0
37628,6.0
37629,6.0
37630,6.0
37631,6.0
37632,6.0
37633,6.0
37634,6.0
37635,6.0
37636,6.0
37637,6.0
37638,6.0
37639,6.0
37640,6.0
37641,6.0
37642,6.0
37643,6.0
37644,6.0
37645,6.0
37646,6.0
37647,6.0
37648,6.0
37649,6.0
37650,6.0
37651,6.0
37652,6.0
37653,6.0
37654,6.0
37655,6.0
37656,6.0
37657,6.0
37658,6.0
37659,6.0
37660,6.0
37661,6.0
37662,6.0
37663,6.0
37664,6.0
37665,6.0
37666,6.0
37667,6.0
37668,6.0
37669,6.0
37670,6.0
37671,6.0
37672,6.0
37673,6.0
37674,6.0
37675,6.0
37676,6.0
37677,6.0
37678,6.0
37679,6.0
37680,6.0
37681,6.0
37682,6.0
37683,6.0
37684,6.0
37685,6.0
37686,6.0
37687,6.0
37688,6.0
37689,6.0
37690,6.0
37691,6.0
37692,6.0
37693,6.0
37694,6.0
37695,6.0
37696,6.0
37697,6.0
37698,6.0
37699,6.0
37700,6.0
37701,6.0
37702,6.0
37703,6.0
37704,6.0
37705,6.0
37706,6.0
37707,6.0
37708,6.0
37709,6.0
37710,6.0
37711,6.0
37712,6.0
37713,6.0
37714,6.0
37715,6.0
37716,6.0
37717,6.0
37718,6.0
37719,6.0
37720,6.0
37721,6.0
37722,6.0
37723,6.0
37724,6.0
37725,6.0
37726,6.0
37727,6.0
37728,6.0
37729,6.0
37730,6.0
37731,6.0
37732,7.0
37733,7.0
37734,7.0
37735,7.0
37736,7.0
37737,7.0
37738,7.0
37739,7.0
37740,7.0
37741,7.0
37742,7.0
37743,7.0
37744,7.0
37745,7.0
37746,7.0
37747,7.0
37748,7.0
37749,7.0
37750,7.0
37751,7.0
37752,7.0
37753,7.0
37754,7.0
37755,7.0
37756,7.0
37757,7.0
37758,7.0
37759,7.0
37760,7.0
37761,7.0
37762,7.0
37763,7.0
37764,7.0
37765,7.0
37766,7.0
37767,7.0
37768,7.0
37769,7.0
37770,7.0
37771,7.0
37772,7.0
37773,7.0
37774,7.0
37775,7.0
37776,7.0
37777,7.0
37778,7.0
37779,7.0
37780,7.0
37781,7.0
37782,7.0
37783,7.0
37784,7.0
37785,7.0
37786,7.0
37787,7.0
37788,7.0
37789,7.0
37790,7.0
37791,7.0
37792,7.0
37793,7.0
37794,7.0
37795,7.0
37796,7.0
37797,7.0
37798,7.0
37799,7.0
37800,7.0
37801,7.0
37802,7.0
37803,7.0
37804,7.0
37805,7.0
37806,7.0
37807,7.0
37808,7.0
37809,7.0
37810,7.0
37811,7.0
37812,7.0
37813,7.0
37814,7.0
37815,7.0
37816,7.0
37817,7.0
37818,7.0
37819,7.0
37820,7.0
37821,7.0
37822,7.0
37823,7.0
37824,7.0
37825,7.0
37826,7.0
37827,7.0
37828,7.0
37829,7.0
37830,7.0
37831,7.0
37832,7.0
37833,7.0
37834,7.0
37835,7.0
37836,7.0
37837,7.0
37838,7.0
37839,7.0
37840,7.0
37841,7.0
37842,7.0
37843,7.0
37844,7.0
37845,7.0
37846,7.0
37847,7.0
37848,8.0
37849,8.0
37850,8.0
37851,8.0
37852,8.0
37853,8.0
37854,8.0
37855,8.0
37856,8.0
37857,8.0
37858,8.0
37859,8.0
37860,8.0
37861,8.0
37862,8.0
37863,8.0
37864,8.0
37865,6.0
37866,6.0
37867,6.0
37868,6.0
37869,6.0
37870,6.0
37871,6.0
37872,6.0
37873,6.0
37874,6.0
37875,6.0
37876,6.0
37877,6.0
37878,6.0
37879,6.0
37880,6.0
37881,6.0
37882,6.0
37883,6.0
37884,6.0
37885,6.0
37886,6.0
37887,6.0
37888,6.0
37889,6.0
37890,6.0
37891,6.0
37892,6.0
37893,6.0
37894,6.0
37895,6.0
37896,6.0
37897,6.0
37898,6.0
37899,6.0
37900,6.0
37901,6.0
37902,6.0
37903,6.0
37904,6.0
37905,6.0
37906,6.0
37907,6.0
37908,6.0
37909,6.0
37910,6.0
37911,6.0
37912,6.0
37913,6.0
37914,6.0
37915,6.0
37916,6.0
37917,6.0
37918,6.0
37919,6.0
37920,6.0
37921,6.0
37922,7.0
37923,7.0
37924,7.0
37925,7.0
37926,7.0
37927,7.0
37928,7.0
37929,7.0
37930,7.0
37931,7.0
37932,7.0
37933,7.0
37934,7.0
37935,7.0
37936,7.0
37937,7.0
37938,7.0
37939,7.0
37940,7.0
37941,7.0
37942,7.0
37943,7.0
37944,7.0
37945,7.0
37946,7.0
37947,7.0
37948,7.0
37949,7.0
37950,7.0
37951,7.0
37952,7.0
37953,7.0
37954,7.0
37955,7.0
37956,7.0
37957,7.0
37958,7.0
37959,7.0
37960,7.0
37961,7.0
37962,7.0
37963,7.0
37964,7.0
37965,7.0
37966,7.0
37967,7.0
37968,7.0
37969,7.0
37970,7.0
37971,7.0
37972,7.0
37973,7.0
37974,7.0
37975,7.0
37976,7.0
37977,7.0
37978,7.0
37979,7.0
37980,7.0
37981,7.0
37982,7.0
37983,7.0
37984,7.0
37985,7.0
37986,7.0
37987,7.0
37988,7.0
37989,7.0
37990,7.0
37991,7.0
37992,7.0
37993,7.0
37994,7.0
37995,7.0
37996,7.0
37997,7.0
37998,7.0
37999,7.0
38000,7.0
38001,7.0
38002,7.0
38003,7.0
38004,7.0
38005,7.0
38006,7.0
38007,7.0
38008,7.0
38009,7.0
38010,7.0
38011,7.0
38012,7.0
38013,7.0
38014,7.0
38015,7.0
38016,7.0
38017,7.0
38018,7.0
38019,7.0
38020,7.0
38021,7.0
38022,7.0
38023,7.0
38024,7.0
38025,7.0
38026,7.0
38027,7.0
38028,7.0
38029,7.0
38030,7.0
38031,7.0
38032,7.0
38033,7.0
38034,7.0
38035,7.0
38036,7.0
38037,7.0
38038,7.0
38039,7.0
38040,7.0
38041,7.0
38042,7.0
38043,7.0
38044,7.0
38045,7.0
38046,7.0
38047,7.0
38048,7.0
38049,7.0
38050,7.0
38051,7.0
38052,7.0
38053,7.0
38054,7.0
38055,7.0
38056,7.0
38057,7.0
38058,7.0
38059,7.0
38060,7.0
38061,7.0
38062,7.0
38063,7.0
38064,7.0
38065,7.0
38066,7.0
38067,7.0
38068,7.0
38069,7.0
38070,7.0
38071,7.0
38072,7.0
38073,7.0
38074,7.0
38075,7.0
38076,8.0
38077,8.0
38078,8.0
38079,8.0
38080,8.0
38081,8.0
38082,8.0
38083,8.0
38084,8.0
38085,8.0
38086,8.0
38087,8.0
38088,8.0
38089,8.0
38090,8.0
38091,8.0
38092,8.0
38093,8.0
38094,8.0
38095,8.0
38096,8.0
38097,8.0
38098,8.0
38099,8.0
38100,8.0
38101,8.0
38102,8.0
38103,8.0
38104,8.0
38105,8.0
38106,8.0
38107,8.0
38108,8.0
38109,8.0
38110,8.0
38111,8.0
38112,8.0
38113,8.0
38114,8.0
38115,8.0
38116,8.0
38117,8.0
38118,8.0
38119,9.0
38120,9.0
38121,9.0
38122,9.0
38123,9.0
38124,9.0
38125,9.0
38126,9.0
38127,9.0
38128,9.0
38129,9.0
38130,9.0
38131,9.0
38132,9.0
38133,9.0
38134,10.0
38135,10.0
38136,10.0
38137,10.0
38138,10.0
38139,10.0
38140,10.0
38141,10.0
38142,10.0
38143,10.0
38144,10.0
38145,10.0
38146,10.0
38147,10.0
38148,10.0
38149,10.0
38150,10.0
38151,10.0
38152,10.0
38153,10.0
38154,10.0
38155,10.0
38156,10.0
38157,10.0
38158,10.0
38159,10.0
38160,10.0
38161,10.0
38162,10.0
38163,10.0
38164,10.0
38165,10.0
38166,10.0
38167,10.0
38168,10.0
38169,10.0
38170,10.0
38171,10.0
38172,10.0
38173,10.0
38174,10.0
38175,10.0
38176,10.0
38177,10.0
38178,10.0
38179,10.0
38180,10.0
38181,10.0
38182,10.0
38183,10.0
38184,10.0
38185,10.0
38186,10.0
38187,10.0
38188,10.0
38189,10.0
38190,10.0
38191,10.0
38192,10.0
38193,10.0
38194,10.0
38195,10.0
38196,10.0
38197,10.0
38198,10.0
38199,10.0
38200,10.0
38201,10.0
38202,10.0
38203,10.0
38204,10.0
38205,10.0
38206,10.0
38207,10.0
38208,10.0
38209,10.0
38210,10.0
38211,10.0
38212,10.0
38213,10.0
38214,10.0
38215,10.0
38216,10.0
38217,10.0
38218,10.0
38219,10.0
38220,10.0
38221,10.0
38222,10.0
38223,10.0
38224,10.0
38225,10.0
38226,10.0
38227,10.0
38228,10.0
38229,10.0
38230,10.0
38231,10.0
38232,10.0
38233,10.0
38234,10.0
38235,10.0
38236,10.0
38237,10.0
38238,10.0
38239,10.0
38240,10.0
38241,10.0
38242,10.0
38243,11.0
38244,11.0
38245,11.0
38246,11.0
38247,10.0
38248,10.0
38249,10.0
38250,10.0
38251,10.0
38252,10.0
38253,10.0
38254,10.0
38255,10.0
38256,10.0
38257,10.0
38258,10.0
38259,10.0
38260,10.0
38261,10.0
38262,10.0
38263,10.0
38264,10.0
38265,10.0
38266,10.0
38267,10.0
38268,10.0
38269,10.0
38270,10.0
38271,10.0
38272,10.0
38273,10.0
38274,10.0
38275,10.0
38276,10.0
38277,10.0
38278,10.0
38279,10.0
38280,10.0
38281,10.0
38282,10.0
38283,10.0
38284,10.0
38285,10.0
38286,10.0
38287,10.0
38288,10.0
38289,10.0
38290,10.0
38291,10.0
38292,10.0
38293,10.0
38294,10.0
38295,10.0
38296,10.0
38297,10.0
38298,10.0
38299,10.0
38300,10.0
38301,10.0
38302,10.0
38303,10.0
38304,10.0
38305,10.0
38306,10.0
38307,10.0
38308,10.0
38309,10.0
38310,10.0
38311,10.0
38312,10.0
38313,10.0
38314,10.0
38315,10.0
38316,10.0
38317,10.0
38318,10.0
38319,10.0
38320,10.0
38321,10.0
38322,10.0
38323,10.0
38324,10.0
38325,10.0
38326,10.0
38327,10.0
38328,10.0
38329,10.0
38330,10.0
38331,10.0
38332,10.0
38333,10.0
38334,10.0
38335,10.0
38336,10.0
38337,10.0
38338,10.0
38339,10.0
38340,10.0
38341,10.0
38342,10.0
38343,10.0
38344,10.0
38345,10.0
38346,10.0
38347,10.0
38348,10.0
38349,10.0
38350,10.0
38351,10.0
38352,10.0
38353,10.0
38354,10.0
38355,10.0
38356,10.0
38357,10.0
38358,10.0
38359,10.0
38360,10.0
38361,10.0
38362,10.0
38363,10.0
38364,10.0
38365,10.0
38366,10.0
38367,10.0
38368,10.0
38369,10.0
38370,10.0
38371,10.0
38372,10.0
38373,10.0
38374,10.0
38375,10.0
38376,10.0
38377,10.0
38378,10.0
38379,10.0
38380,10.0
38381,10.0
38382,10.0
38383,10.0
38384,10.0
38385,10.0
38386,10.0
38387,10.0
38388,10.0
38389,10.0
38390,10.0
38391,10.0
38392,10.0
38393,10.0
38394,10.0
38395,10.0
38396,10.0
38397,10.0
38398,10.0
38399,10.0
38400,10.0
38401,10.0
38402,10.0
38403,11.0
38404,11.0
38405,11.0
38406,11.0
38407,11.0
38408,11.0
38409,11.0
38410,11.0
38411,11.0
38412,11.0
38413,11.0
38414,11.0
38415,11.0
38416,11.0
38417,11.0
38418,11.0
38419,11.0
38420,11.0
38421,11.0
38422,11.0
38423,11.0
38424,11.0
38425,11.0
38426,11.0
38427,11.0
38428,11.0
38429,11.0
38430,11.0
38431,11.0
38432,11.0
38433,11.0
38434,11.0
38435,11.0
38436,11.0
38437,11.0
38438,11.0
38439,11.0
38440,11.0
38441,11.0
38442,11.0
38443,12.0
38444,12.0
38445,12.0
38446,12.0
38447,12.0
38448,12.0
38449,12.0
38450,12.0
38451,12.0
38452,12.0
38453,12.0
38454,13.0
38455,13.0
38456,13.0
38457,13.0
38458,13.0
38459,13.0
38460,13.0
38461,13.0
38462,13.0
38463,13.0
38464,13.0
38465,13.0
38466,13.0
38467,13.0
38468,13.0
38469,13.0
38470,13.0
38471,13.0
38472,13.0
38473,13.0
38474,13.0
38475,13.0
38476,13.0
38477,13.0
38478,13.0
38479,13.0
38480,13.0
38481,13.0
38482,13.0
38483,13.0
38484,13.0
38485,13.0
38486,13.0
38487,13.0
38488,13.0
38489,13.0
38490,13.0
38491,13.0
38492,13.0
38493,13.0
38494,13.0
38495,13.0
38496,13.0
38497,13.0
38498,13.0
38499,13.0
38500,13.0
38501,13.0
38502,13.0
38503,13.0
38504,13.0
38505,13.0
38506,13.0
38507,13.0
38508,13.0
38509,13.0
38510,13.0
38511,13.0
38512,13.0
38513,13.0
38514,13.0
38515,13.0
38516,13.0
38517,13.0
38518,13.0
38519,14.0
38520,14.0
38521,14.0
38522,14.0
38523,14.0
38524,14.0
38525,14.0
38526,14.0
38527,14.0
38528,14.0
38529,14.0
38530,14.0
38531,14.0
38532,14.0
38533,14.0
38534,14.0
38535,14.0
38536,14.0
38537,14.0
38538,14.0
38539,14.0
38540,14.0
38541,14.0
38542,14.0
38543,14.0
38544,14.0
38545,14.0
38546,14.0
38547,14.0
38548,14.0
38549,14.0
38550,14.0
38551,14.0
38552,14.0
38553,14.0
38554,14.0
38555,14.0
38556,14.0
38557,14.0
38558,14.0
38559,14.0
38560,14.0
38561,14.0
38562,14.0
38563,14.0
38564,14.0
38565,14.0
38566,14.0
38567,14.0
38568,14.0
38569,14.0
38570,14.0
38571,14.0
38572,14.0
38573,14.0
38574,14.0
38575,14.0
38576,14.0
38577,14.0
38578,14.0
38579,14.0
38580,14.0
38581,14.0
38582,14.0
38583,14.0
38584,14.0
38585,14.0
38586,14.0
38587,14.0
38588,14.0
38589,14.0
38590,14.0
38591,14.0
38592,14.0
38593,14.0
38594,14.0
38595,14.0
38596,14.0
38597,14.0
38598,14.0
38599,14.0
38600,14.0
38601,14.0
38602,14.0
38603,14.0
38604,14.0
38605,14.0
38606,14.0
38607,14.0
38608,14.0
38609,14.0
38610,14.0
38611,14.0
38612,14.0
38613,14.0
38614,14.0
38615,14.0
38616,14.0
38617,14.0
38618,14.0
38619,14.0
38620,14.0
38621,14.0
38622,14.0
38623,14.0
38624,14.0
38625,14.0
38626,14.0
38627,14.0
38628,14.0
38629,14.0
38630,14.0
38631,14.0
38632,14.0
38633,14.0
38634,14.0
38635,14.0
38636,14.0
38637,14.0
38638,14.0
38639,14.0
38640,14.0
38641,14.0
38642,14.0
38643,14.0
38644,14.0
38645,14.0
38646,14.0
38647,14.0
38648,14.0
38649,14.0
38650,14.0
38651,14.0
38652,14.0
38653,14.0
38654,14.0
38655,14.0
38656,14.0
38657,14.0
38658,14.0
38659,14.0
38660,14.0
38661,14.0
38662,14.0
38663,14.0
38664,14.0
38665,14.0
38666,14.0
38667,14.0
38668,14.0
38669,14.0
38670,14.0
38671,14.0
38672,14.0
38673,14.0
38674,14.0
38675,14.0
38676,14.0
38677,14.0
38678,14.0
38679,14.0
38680,14.0
38681,14.0
38682,14.0
38683,14.0
38684,14.0
38685,14.0
38686,14.0
38687,14.0
38688,14.0
38689,14.0
38690,14.0
38691,14.0
38692,14.0
38693,14.0
38694,14.0
38695,14.0
38696,14.0
38697,14.0
38698,14.0
38699,14.0
38700,14.0
38701,14.0
38702,14.0
38703,14.0
38704,14.0
38705,14.0
38706,14.0
38707,14.0
38708,14.0
38709,14.0
38710,14.0
38711,14.0
38712,14.0
38713,14.0
38714,14.0
38715,14.0
38716,14.0
38717,14.0
38718,14.0
38719,14.0
38720,14.0
38721,14.0
38722,14.0
38723,14.0
38724,14.0
38725,14.0
38726,14.0
38727,15.0
38728,15.0
38729,15.0
38730,15.0
38731,15.0
38732,15.0
38733,15.0
38734,15.0
38735,15.0
38736,15.0
38737,15.0
38738,15.0
38739,15.0
38740,15.0
38741,15.0
38742,15.0
38743,15.0
38744,15.0
38745,15.0
38746,15.0
38747,15.0
38748,15.0
38749,15.0
38750,15.0
38751,15.0
38752,15.0
38753,15.0
38754,15.0
38755,15.0
38756,15.0
38757,15.0
38758,15.0
38759,15.0
38760,15.0
38761,15.0
38762,15.0
38763,15.0
38764,15.0
38765,15.0
38766,15.0
38767,15.0
38768,15.0
38769,15.0
38770,15.0
38771,15.0
38772,15.0
38773,15.0
38774,15.0
38775,15.0
38776,15.0
38777,15.0
38778,15.0
38779,15.0
38780,15.0
38781,15.0
38782,15.0
38783,15.0
38784,15.0
38785,15.0
38786,15.0
38787,15.0
38788,15.0
38789,15.0
38790,15.0
38791,15.0
38792,15.0
38793,15.0
38794,16.0
38795,16.0
38796,16.0
38797,16.0
38798,16.0
38799,16.0
38800,16.0
38801,16.0
38802,16.0
38803,16.0
38804,16.0
38805,16.0
38806,16.0
38807,16.0
38808,16.0
38809,16.0
38810,16.0
38811,16.0
38812,16.0
38813,16.0
38814,16.0
38815,16.0
38816,16.0
38817,15.0
38818,15.0
38819,15.0
38820,15.0
38821,15.0
38822,15.0
38823,15.0
38824,15.0
38825,15.0
38826,15.0
38827,15.0
38828,15.0
38829,15.0
38830,15.0
38831,15.0
38832,15.0
38833,15.0
38834,15.0
38835,15.0
38836,15.0
38837,15.0
38838,15.0
38839,15.0
38840,15.0
38841,15.0
38842,15.0
38843,15.0
38844,15.0
38845,15.0
38846,15.0
38847,15.0
38848,15.0
38849,15.0
38850,15.0
38851,15.0
38852,15.0
38853,15.0
38854,10.0
38855,10.0
38856,10.0
38857,10.0
38858,10.0
38859,10.0
38860,10.0
38861,10.0
38862,10.0
38863,10.0
38864,10.0
38865,10.0
38866,10.0
38867,10.0
38868,10.0
38869,10.0
38870,10.0
38871,10.0
38872,10.0
38873,10.0
38874,10.0
38875,10.0
38876,10.0
38877,10.0
38878,10.0
38879,10.0
38880,10.0
38881,10.0
38882,10.0
38883,10.0
38884,10.0
38885,10.0
38886,10.0
38887,10.0
38888,10.0
38889,10.0
38890,10.0
38891,10.0
38892,10.0
38893,10.0
38894,10.0
38895,10.0
38896,10.0
38897,10.0
38898,10.0
38899,10.0
38900,10.0
38901,10.0
38902,10.0
38903,10.0
38904,10.0
38905,10.0
38906,10.0
38907,10.0
38908,10.0
38909,10.0
38910,10.0
38911,10.0
38912,10.0
38913,10.0
38914,10.0
38915,10.0
38916,10.0
38917,10.0
38918,10.0
38919,10.0
38920,11.0
38921,11.0
38922,11.0
38923,11.0
38924,11.0
38925,11.0
38926,11.0
38927,11.0
38928,11.0
38929,11.0
38930,11.0
38931,11.0
38932,11.0
38933,11.0
38934,11.0
38935,11.0
38936,11.0
38937,11.0
38938,11.0
38939,11.0
38940,11.0
38941,11.0
38942,11.0
38943,11.0
38944,11.0
38945,11.0
38946,11.0
38947,11.0
38948,11.0
38949,11.0
38950,11.0
38951,11.0
38952,11.0
38953,11.0
38954,11.0
38955,11.0
38956,11.0
38957,11.0
38958,11.0
38959,11.0
38960,11.0
38961,11.0
38962,11.0
38963,11.0
38964,11.0
38965,11.0
38966,11.0
38967,11.0
38968,11.0
38969,11.0
38970,11.0
38971,11.0
38972,10.0
38973,10.0
38974,10.0
38975,10.0
38976,10.0
38977,10.0
38978,10.0
38979,10.0
38980,10.0
38981,10.0
38982,10.0
38983,10.0
38984,10.0
38985,10.0
38986,10.0
38987,10.0
38988,10.0
38989,10.0
38990,10.0
38991,10.0
38992,10.0
38993,10.0
38994,10.0
38995,10.0
38996,10.0
38997,10.0
38998,10.0
38999,10.0
39000,10.0
39001,10.0
39002,10.0
39003,10.0
39004,10.0
39005,10.0
39006,10.0
39007,10.0
39008,10.0
39009,10.0
39010,10.0
39011,10.0
39012,10.0
39013,10.0
39014,10.0
39015,10.0
39016,10.0
39017,10.0
39018,10.0
39019,10.0
39020,10.0
39021,10.0
39022,10.0
39023,10.0
39024,10.0
39025,10.0
39026,10.0
39027,10.0
39028,10.0
39029,10.0
39030,10.0
39031,10.0
39032,10.0
39033,10.0
39034,10.0
39035,10.0
39036,10.0
39037,10.0
39038,10.0
39039,10.0
39040,10.0
39041,10.0
39042,10.0
39043,10.0
39044,10.0
39045,10.0
39046,10.0
39047,10.0
39048,10.0
39049,10.0
39050,10.0
39051,10.0
39052,10.0
39053,10.0
39054,10.0
39055,10.0
39056,10.0
39057,10.0
39058,10.0
39059,10.0
39060,10.0
39061,10.0
39062,10.0
39063,10.0
39064,10.0
39065,10.0
39066,10.0
39067,10.0
39068,10.0
39069,10.0
39070,10.0
39071,10.0
39072,10.0
39073,10.0
39074,10.0
39075,9.0
39076,9.0
39077,9.0
39078,9.0
39079,9.0
39080,9.0
39081,9.0
39082,9.0
39083,9.0
39084,9.0
39085,9.0
39086,9.0
39087,9.0
39088,9.0
39089,9.0
39090,9.0
39091,9.0
39092,9.0
39093,9.0
39094,9.0
39095,9.0
39096,9.0
39097,10.0
39098,10.0
39099,10.0
39100,10.0
39101,10.0
39102,10.0
39103,10.0
39104,10.0
39105,10.0
39106,10.0
39107,10.0
39108,10.0
39109,10.0
39110,10.0
39111,10.0
39112,10.0
39113,10.0
39114,10.0
39115,10.0
39116,10.0
39117,10.0
39118,10.0
39119,10.0
39120,10.0
39121,10.0
39122,10.0
39123,10.0
39124,10.0
39125,10.0
39126,10.0
39127,10.0
39128,10.0
39129,10.0
39130,10.0
39131,10.0
39132,10.0
39133,10.0
39134,10.0
39135,10.0
39136,10.0
39137,10.0
39138,10.0
39139,10.0
39140,10.0
39141,10.0
39142,10.0
39143,10.0
39144,10.0
39145,10.0
39146,10.0
39147,10.0
39148,10.0
39149,10.0
39150,10.0
39151,10.0
39152,10.0
39153,10.0
39154,10.0
39155,10.0
39156,10.0
39157,10.0
39158,10.0
39159,11.0
39160,11.0
39161,11.0
39162,11.0
39163,11.0
39164,11.0
39165,11.0
39166,11.0
39167,11.0
39168,8.0
39169,8.0
39170,8.0
39171,8.0
39172,8.0
39173,8.0
39174,8.0
39175,8.0
39176,8.0
39177,8.0
39178,8.0
39179,8.0
39180,8.0
39181,8.0
39182,8.0
39183,8.0
39184,8.0
39185,8.0
39186,8.0
39187,8.0
39188,8.0
39189,8.0
39190,8.0
39191,8.0
39192,8.0
39193,8.0
39194,8.0
39195,8.0
39196,8.0
39197,8.0
39198,8.0
39199,8.0
39200,8.0
39201,8.0
39202,8.0
39203,8.0
39204,6.0
39205,6.0
39206,6.0
39207,6.0
39208,6.0
39209,6.0
39210,6.0
39211,6.0
39212,6.0
39213,6.0
39214,6.0
39215,6.0
39216,6.0
39217,6.0
39218,6.0
39219,6.0
39220,6.0
39221,6.0
39222,6.0
39223,6.0
39224,6.0
39225,6.0
39226,6.0
39227,6.0
39228,6.0
39229,6.0
39230,6.0
39231,6.0
39232,6.0
39233,6.0
39234,6.0
39235,6.0
39236,6.0
39237,6.0
39238,6.0
39239,6.0
39240,6.0
39241,6.0
39242,6.0
39243,6.0
39244,6.0
39245,6.0
39246,6.0
39247,6.0
39248,6.0
39249,6.0
39250,6.0
39251,6.0
39252,6.0
39253,6.0
39254,6.0
39255,6.0
39256,6.0
39257,6.0
39258,6.0
39259,6.0
39260,6.0
39261,6.0
39262,6.0
39263,6.0
39264,6.0
39265,6.0
39266,6.0
39267,6.0
39268,6.0
39269,6.0
39270,6.0
39271,6.0
39272,6.0
39273,6.0
39274,6.0
39275,6.0
39276,6.0
39277,6.0
39278,6.0
39279,6.0
39280,6.0
39281,6.0
39282,6.0
39283,6.0
39284,6.0
39285,6.0
39286,6.0
39287,6.0
39288,6.0
39289,6.0
39290,6.0
39291,6.0
39292,6.0
39293,6.0
39294,6.0
39295,6.0
39296,6.0
39297,6.0
39298,6.0
39299,6.0
39300,6.0
39301,6.0
39302,6.0
39303,6.0
39304,6.0
39305,7.0
39306,7.0
39307,7.0
39308,7.0
39309,7.0
39310,7.0
39311,8.0
39312,8.0
39313,8.0
39314,8.0
39315,8.0
39316,8.0
39317,8.0
39318,8.0
39319,8.0
39320,8.0
39321,8.0
39322,8.0
39323,8.0
39324,8.0
39325,8.0
39326,8.0
39327,8.0
39328,8.0
39329,8.0
39330,8.0
39331,8.0
39332,8.0
39333,8.0
39334,8.0
39335,8.0
39336,8.0
39337,8.0
39338,8.0
39339,8.0
39340,8.0
39341,9.0
39342,9.0
39343,9.0
39344,9.0
39345,9.0
39346,9.0
39347,9.0
39348,9.0
39349,9.0
39350,9.0
39351,9.0
39352,9.0
39353,9.0
39354,9.0
39355,9.0
39356,9.0
39357,9.0
39358,9.0
39359,9.0
39360,9.0
39361,9.0
39362,9.0
39363,9.0
39364,9.0
39365,9.0
39366,9.0
39367,9.0
39368,9.0
39369,9.0
39370,9.0
39371,10.0
39372,10.0
39373,10.0
39374,10.0
39375,10.0
39376,10.0
39377,10.0
39378,10.0
39379,10.0
39380,10.0
39381,10.0
39382,10.0
39383,10.0
39384,10.0
39385,10.0
39386,10.0
39387,10.0
39388,10.0
39389,10.0
39390,10.0
39391,9.0
39392,9.0
39393,9.0
39394,9.0
39395,9.0
39396,9.0
39397,9.0
39398,9.0
39399,9.0
39400,9.0
39401,7.0
39402,7.0
39403,7.0
39404,7.0
39405,7.0
39406,7.0
39407,7.0
39408,7.0
39409,7.0
39410,7.0
39411,7.0
39412,7.0
39413,7.0
39414,7.0
39415,7.0
39416,7.0
39417,7.0
39418,7.0
39419,7.0
39420,7.0
39421,7.0
39422,7.0
39423,7.0
39424,7.0
39425,7.0
39426,7.0
39427,7.0
39428,7.0
39429,7.0
39430,7.0
39431,7.0
39432,7.0
39433,7.0
39434,7.0
39435,7.0
39436,7.0
39437,7.0
39438,7.0
39439,7.0
39440,7.0
39441,7.0
39442,7.0
39443,7.0
39444,7.0
39445,7.0
39446,7.0
39447,7.0
39448,7.0
39449,7.0
39450,7.0
39451,7.0
39452,7.0
39453,7.0
39454,7.0
39455,7.0
39456,7.0
39457,7.0
39458,7.0
39459,7.0
39460,7.0
39461,7.0
39462,7.0
39463,7.0
39464,7.0
39465,7.0
39466,7.0
39467,7.0
39468,7.0
39469,7.0
39470,7.0
39471,7.0
39472,7.0
39473,7.0
39474,7.0
39475,7.0
39476,7.0
39477,7.0
39478,7.0
39479,7.0
39480,7.0
39481,7.0
39482,7.0
39483,7.0
39484,7.0
39485,7.0
39486,7.0
39487,7.0
39488,7.0
39489,7.0
39490,7.0
39491,7.0
39492,7.0
39493,7.0
39494,7.0
39495,7.0
39496,7.0
39497,7.0
39498,7.0
39499,7.0
39500,7.0
39501,7.0
39502,7.0
39503,7.0
39504,7.0
39505,7.0
39506,7.0
39507,7.0
39508,7.0
39509,7.0
39510,7.0
39511,7.0
39512,7.0
39513,7.0
39514,7.0
39515,7.0
39516,7.0
39517,7.0
39518,7.0
39519,7.0
39520,7.0
39521,7.0
39522,7.0
39523,7.0
39524,7.0
39525,7.0
39526,7.0
39527,7.0
39528,7.0
39529,7.0
39530,7.0
39531,7.0
39532,7.0
39533,7.0
39534,7.0
39535,7.0
39536,7.0
39537,7.0
39538,7.0
39539,7.0
39540,7.0
39541,7.0
39542,7.0
39543,7.0
39544,7.0
39545,7.0
39546,7.0
39547,7.0
39548,7.0
39549,7.0
39550,7.0
39551,7.0
39552,7.0
39553,7.0
39554,7.0
39555,7.0
39556,7.0
39557,7.0
39558,7.0
39559,7.0
39560,7.0
39561,7.0
39562,7.0
39563,7.0
39564,7.0
39565,7.0
39566,7.0
39567,7.0
39568,7.0
39569,7.0
39570,7.0
39571,7.0
39572,7.0
39573,7.0
39574,7.0
39575,7.0
39576,7.0
39577,7.0
39578,7.0
39579,7.0
39580,7.0
39581,7.0
39582,7.0
39583,7.0
39584,7.0
39585,7.0
39586,7.0
39587,7.0
39588,7.0
39589,7.0
39590,7.0
39591,7.0
39592,7.0
39593,7.0
39594,7.0
39595,7.0
39596,7.0
39597,7.0
39598,7.0
39599,7.0
39600,7.0
39601,7.0
39602,7.0
39603,7.0
39604,7.0
39605,7.0
39606,7.0
39607,7.0
39608,7.0
39609,7.0
39610,7.0
39611,7.0
39612,7.0
39613,7.0
39614,7.0
39615,7.0
39616,7.0
39617,7.0
39618,7.0
39619,7.0
39620,7.0
39621,7.0
39622,7.0
39623,7.0
39624,7.0
39625,7.0
39626,7.0
39627,7.0
39628,7.0
39629,7.0
39630,7.0
39631,7.0
39632,7.0
39633,7.0
39634,7.0
39635,7.0
39636,7.0
39637,7.0
39638,7.0
39639,7.0
39640,7.0
39641,7.0
39642,7.0
39643,7.0
39644,7.0
39645,7.0
39646,7.0
39647,7.0
39648,7.0
39649,7.0
39650,7.0
39651,7.0
39652,7.0
39653,7.0
39654,7.0
39655,7.0
39656,7.0
39657,7.0
39658,7.0
39659,7.0
39660,7.0
39661,7.0
39662,7.0
39663,7.0
39664,7.0
39665,7.0
39666,7.0
39667,7.0
39668,7.0
39669,7.0
39670,7.0
39671,7.0
39672,7.0
39673,7.0
39674,7.0
39675,7.0
39676,7.0
39677,7.0
39678,7.0
39679,7.0
39680,7.0
39681,7.0
39682,7.0
39683,7.0
39684,7.0
39685,7.0
39686,7.0
39687,7.0
39688,7.0
39689,7.0
39690,7.0
39691,7.0
39692,7.0
39693,7.0
39694,7.0
39695,7.0
39696,7.0
39697,7.0
39698,7.0
39699,7.0
39700,7.0
39701,7.0
39702,7.0
39703,7.0
39704,7.0
39705,7.0
39706,7.0
39707,7.0
39708,7.0
39709,7.0
39710,7.0
39711,7.0
39712,7.0
39713,7.0
39714,7.0
39715,7.0
39716,7.0
39717,7.0
39718,7.0
39719,7.0
39720,7.0
39721,7.0
39722,7.0
39723,7.0
39724,7.0
39725,7.0
39726,7.0
39727,7.0
39728,7.0
39729,7.0
39730,7.0
39731,7.0
39732,7.0
39733,7.0
39734,7.0
39735,7.0
39736,7.0
39737,7.0
39738,7.0
39739,7.0
39740,7.0
39741,7.0
39742,7.0
39743,7.0
39744,7.0
39745,7.0
39746,7.0
39747,7.0
39748,7.0
39749,7.0
39750,7.0
39751,7.0
39752,7.0
39753,7.0
39754,7.0
39755,7.0
39756,7.0
39757,7.0
39758,7.0
39759,7.0
39760,7.0
39761,7.0
39762,7.0
39763,7.0
39764,7.0
39765,7.0
39766,7.0
39767,7.0
39768,7.0
39769,7.0
39770,7.0
39771,7.0
39772,7.0
39773,7.0
39774,7.0
39775,7.0
39776,7.0
39777,7.0
39778,7.0
39779,7.0
39780,7.0
39781,7.0
39782,7.0
39783,7.0
39784,7.0
39785,7.0
39786,7.0
39787,7.0
39788,7.0
39789,7.0
39790,7.0
39791,7.0
39792,7.0
39793,7.0
39794,7.0
39795,7.0
39796,7.0
39797,7.0
39798,7.0
39799,7.0
39800,7.0
39801,7.0
39802,7.0
39803,7.0
39804,7.0
39805,7.0
39806,7.0
39807,7.0
39808,7.0
39809,7.0
39810,7.0
39811,7.0
39812,7.0
39813,7.0
39814,7.0
39815,7.0
39816,7.0
39817,7.0
39818,7.0
39819,7.0
39820,7.0
39821,7.0
39822,7.0
39823,7.0
39824,7.0
39825,7.0
39826,7.0
39827,6.0
39828,6.0
39829,6.0
39830,6.0
39831,6.0
39832,6.0
39833,6.0
39834,6.0
39835,6.0
39836,6.0
39837,6.0
39838,6.0
39839,6.0
39840,6.0
39841,6.0
39842,6.0
39843,6.0
39844,6.0
39845,6.0
39846,6.0
39847,6.0
39848,6.0
39849,6.0
39850,6.0
39851,6.0
39852,6.0
39853,6.0
39854,6.0
39855,6.0
39856,6.0
39857,6.0
39858,6.0
39859,6.0
39860,6.0
39861,6.0
39862,6.0
39863,6.0
39864,6.0
39865,6.0
39866,6.0
39867,6.0
39868,6.0
39869,6.0
39870,6.0
39871,6.0
39872,6.0
39873,6.0
39874,6.0
39875,7.0
39876,7.0
39877,7.0
39878,7.0
39879,7.0
39880,7.0
39881,7.0
39882,7.0
39883,7.0
39884,7.0
39885,7.0
39886,7.0
39887,7.0
39888,7.0
39889,7.0
39890,7.0
39891,7.0
39892,7.0
39893,7.0
39894,7.0
39895,7.0
39896,7.0
39897,7.0
39898,7.0
39899,7.0
39900,7.0
39901,7.0
39902,7.0
39903,7.0
39904,7.0
39905,7.0
39906,7.0
39907,7.0
39908,7.0
39909,7.0
39910,7.0
39911,7.0
39912,7.0
39913,7.0
39914,7.0
39915,7.0
39916,7.0
39917,7.0
39918,7.0
39919,7.0
39920,7.0
39921,7.0
39922,7.0
39923,7.0
39924,7.0
39925,7.0
39926,7.0
39927,7.0
39928,7.0
39929,7.0
39930,7.0
39931,7.0
39932,7.0
39933,7.0
39934,7.0
39935,7.0
39936,7.0
39937,7.0
39938,7.0
39939,8.0
39940,8.0
39941,8.0
39942,8.0
39943,8.0
39944,8.0
39945,8.0
39946,8.0
39947,8.0
39948,8.0
39949,8.0
39950,8.0
39951,8.0
39952,8.0
39953,8.0
39954,8.0
39955,8.0
39956,8.0
39957,8.0
39958,8.0
39959,8.0
39960,8.0
39961,8.0
39962,8.0
39963,8.0
39964,8.0
39965,8.0
39966,8.0
39967,8.0
39968,8.0
39969,8.0
39970,8.0
39971,8.0
39972,8.0
39973,8.0
39974,8.0
39975,8.0
39976,8.0
39977,8.0
39978,8.0
39979,8.0
39980,8.0
39981,9.0
39982,9.0
39983,9.0
39984,9.0
39985,9.0
39986,9.0
39987,9.0
39988,9.0
39989,9.0
39990,9.0
39991,9.0
39992,9.0
39993,9.0
39994,9.0
39995,9.0
39996,9.0
39997,9.0
39998,9.0
39999,9.0
40000,9.0
40001,9.0
40002,9.0
40003,9.0
40004,9.0
40005,9.0
40006,9.0
40007,10.0
40008,10.0
40009,10.0
40010,10.0
40011,10.0
40012,10.0
40013,10.0
40014,10.0
40015,10.0
40016,10.0
40017,10.0
40018,10.0
40019,10.0
40020,10.0
40021,10.0
40022,10.0
40023,10.0
40024,10.0
40025,10.0
40026,10.0
40027,10.0
40028,10.0
40029,10.0
40030,10.0
40031,10.0
40032,10.0
40033,10.0
40034,10.0
40035,10.0
40036,10.0
40037,10.0
40038,10.0
40039,10.0
40040,10.0
40041,10.0
40042,10.0
40043,10.0
40044,10.0
40045,10.0
40046,10.0
40047,10.0
40048,10.0
40049,10.0
40050,10.0
40051,10.0
40052,10.0
40053,10.0
40054,10.0
40055,11.0
40056,11.0
40057,11.0
40058,11.0
40059,11.0
40060,11.0
40061,11.0
40062,11.0
40063,11.0
40064,11.0
40065,11.0
40066,11.0
40067,11.0
40068,11.0
40069,11.0
40070,11.0
40071,11.0
40072,11.0
40073,11.0
40074,11.0
40075,11.0
40076,11.0
40077,11.0
40078,11.0
40079,11.0
40080,11.0
40081,11.0
40082,11.0
40083,11.0
40084,11.0
40085,11.0
40086,11.0
40087,11.0
40088,11.0
40089,11.0
40090,11.0
40091,11.0
40092,11.0
40093,11.0
40094,11.0
40095,11.0
40096,11.0
40097,11.0
40098,11.0
40099,11.0
40100,11.0
40101,11.0
40102,11.0
40103,11.0
40104,11.0
40105,11.0
40106,11.0
40107,11.0
40108,11.0
40109,11.0
40110,11.0
40111,11.0
40112,11.0
40113,11.0
40114,11.0
40115,11.0
40116,11.0
40117,11.0
40118,11.0
40119,11.0
40120,11.0
40121,11.0
40122,11.0
40123,11.0
40124,11.0
40125,11.0
40126,11.0
40127,11.0
40128,11.0
40129,11.0
40130,11.0
40131,11.0
40132,11.0
40133,11.0
40134,11.0
40135,11.0
40136,11.0
40137,11.0
40138,11.0
40139,11.0
40140,11.0
40141,11.0
40142,11.0
40143,11.0
40144,11.0
40145,11.0
40146,11.0
40147,11.0
40148,11.0
40149,11.0
40150,11.0
40151,11.0
40152,11.0
40153,11.0
40154,11.0
40155,11.0
40156,11.0
40157,11.0
40158,11.0
40159,11.0
40160,11.0
40161,11.0
40162,11.0
40163,11.0
40164,11.0
40165,11.0
40166,11.0
40167,11.0
40168,11.0
40169,11.0
40170,11.0
40171,11.0
40172,11.0
40173,11.0
40174,11.0
40175,11.0
40176,11.0
40177,11.0
40178,11.0
40179,11.0
40180,11.0
40181,11.0
40182,11.0
40183,11.0
40184,11.0
40185,11.0
40186,11.0
40187,11.0
40188,11.0
40189,11.0
40190,11.0
40191,11.0
40192,11.0
40193,11.0
40194,11.0
40195,11.0
40196,12.0
40197,12.0
40198,12.0
40199,12.0
40200,12.0
40201,12.0
40202,12.0
40203,12.0
40204,12.0
40205,12.0
40206,12.0
40207,12.0
40208,12.0
40209,12.0
40210,12.0
40211,12.0
40212,12.0
40213,12.0
40214,12.0
40215,12.0
40216,12.0
40217,12.0
40218,12.0
40219,12.0
40220,12.0
40221,12.0
40222,12.0
40223,12.0
40224,12.0
40225,12.0
40226,12.0
40227,12.0
40228,12.0
40229,12.0
40230,12.0
40231,12.0
40232,12.0
40233,12.0
40234,12.0
40235,12.0
40236,12.0
40237,12.0
40238,12.0
40239,12.0
40240,12.0
40241,12.0
40242,12.0
40243,12.0
40244,12.0
40245,12.0
40246,12.0
40247,12.0
40248,12.0
40249,12.0
40250,12.0
40251,12.0
40252,12.0
40253,12.0
40254,12.0
40255,12.0
40256,12.0
40257,12.0
40258,12.0
40259,12.0
40260,12.0
40261,12.0
40262,12.0
40263,12.0
40264,12.0
40265,12.0
40266,12.0
40267,12.0
40268,12.0
40269,12.0
40270,12.0
40271,12.0
40272,12.0
40273,12.0
40274,12.0
40275,12.0
40276,12.0
40277,12.0
40278,12.0
40279,12.0
40280,12.0
40281,12.0
40282,12.0
40283,12.0
40284,12.0
40285,12.0
40286,12.0
40287,12.0
40288,12.0
40289,12.0
40290,12.0
40291,12.0
40292,12.0
40293,12.0
40294,12.0
40295,12.0
40296,12.0
40297,12.0
40298,12.0
40299,12.0
40300,12.0
40301,12.0
40302,12.0
40303,12.0
40304,12.0
40305,12.0
40306,12.0
40307,12.0
40308,12.0
40309,12.0
40310,12.0
40311,12.0
40312,12.0
40313,12.0
40314,12.0
40315,12.0
40316,12.0
40317,12.0
40318,12.0
40319,12.0
40320,12.0
40321,12.0
40322,12.0
40323,12.0
40324,12.0
40325,12.0
40326,12.0
40327,12.0
40328,12.0
40329,12.0
40330,12.0
40331,12.0
40332,12.0
40333,12.0
40334,12.0
40335,12.0
40336,12.0
40337,12.0
40338,12.0
40339,12.0
40340,12.0
40341,12.0
40342,12.0
40343,12.0
40344,12.0
40345,12.0
40346,12.0
40347,12.0
40348,12.0
40349,12.0
40350,12.0
40351,12.0
40352,12.0
40353,12.0
40354,12.0
40355,12.0
40356,12.0
40357,12.0
40358,12.0
40359,12.0
40360,12.0
40361,12.0
40362,12.0
40363,12.0
40364,12.0
40365,12.0
40366,12.0
40367,12.0
40368,12.0
40369,12.0
40370,12.0
40371,12.0
40372,12.0
40373,12.0
40374,12.0
40375,12.0
40376,12.0
40377,12.0
40378,12.0
40379,12.0
40380,12.0
40381,12.0
40382,12.0
40383,12.0
40384,12.0
40385,12.0
40386,13.0
40387,13.0
40388,13.0
40389,13.0
40390,13.0
40391,13.0
40392,13.0
40393,13.0
40394,13.0
40395,13.0
40396,13.0
40397,13.0
40398,13.0
40399,13.0
40400,13.0
40401,13.0
40402,13.0
40403,13.0
40404,13.0
40405,13.0
40406,13.0
40407,13.0
40408,13.0
40409,13.0
40410,13.0
40411,13.0
40412,13.0
40413,13.0
40414,13.0
40415,13.0
40416,13.0
40417,13.0
40418,13.0
40419,13.0
40420,13.0
40421,13.0
40422,13.0
40423,13.0
40424,13.0
40425,13.0
40426,13.0
40427,13.0
40428,13.0
40429,13.0
40430,13.0
40431,13.0
40432,13.0
40433,13.0
40434,13.0
40435,13.0
40436,13.0
40437,13.0
40438,13.0
40439,13.0
40440,13.0
40441,13.0
40442,13.0
40443,13.0
40444,13.0
40445,13.0
40446,13.0
40447,13.0
40448,13.0
40449,13.0
40450,13.0
40451,13.0
40452,13.0
40453,13.0
40454,13.0
40455,13.0
40456,13.0
40457,13.0
40458,13.0
40459,13.0
40460,13.0
40461,13.0
40462,13.0
40463,13.0
40464,13.0
40465,13.0
40466,13.0
40467,13.0
40468,13.0
40469,13.0
40470,12.0
40471,12.0
40472,12.0
40473,12.0
40474,12.0
40475,12.0
40476,12.0
40477,12.0
40478,12.0
40479,12.0
40480,12.0
40481,12.0
40482,12.0
40483,12.0
40484,12.0
40485,12.0
40486,12.0
40487,12.0
40488,12.0
40489,12.0
40490,12.0
40491,12.0
40492,12.0
40493,12.0
40494,12.0
40495,12.0
40496,12.0
40497,12.0
40498,12.0
40499,12.0
40500,12.0
40501,12.0
40502,12.0
40503,12.0
40504,12.0
40505,12.0
40506,12.0
40507,12.0
40508,12.0
40509,12.0
40510,12.0
40511,12.0
40512,12.0
40513,12.0
40514,12.0
40515,12.0
40516,12.0
40517,12.0
40518,12.0
40519,12.0
40520,12.0
40521,12.0
40522,12.0
40523,12.0
40524,9.0
40525,9.0
40526,9.0
40527,9.0
40528,9.0
40529,9.0
40530,9.0
40531,9.0
40532,9.0
40533,9.0
40534,9.0
40535,9.0
40536,9.0
40537,9.0
40538,9.0
40539,9.0
40540,9.0
40541,9.0
40542,9.0
40543,9.0
40544,9.0
40545,9.0
40546,9.0
40547,9.0
40548,9.0
40549,9.0
40550,9.0
40551,9.0
40552,9.0
40553,9.0
40554,9.0
40555,9.0
40556,9.0
40557,9.0
40558,9.0
40559,9.0
40560,9.0
40561,9.0
40562,9.0
40563,9.0
40564,9.0
40565,9.0
40566,9.0
40567,9.0
40568,9.0
40569,9.0
40570,9.0
40571,9.0
40572,9.0
40573,9.0
40574,9.0
40575,9.0
40576,9.0
40577,9.0
40578,9.0
40579,9.0
40580,9.0
40581,9.0
40582,9.0
40583,9.0
40584,9.0
40585,9.0
40586,9.0
40587,9.0
40588,9.0
40589,9.0
40590,9.0
40591,9.0
40592,9.0
40593,9.0
40594,9.0
40595,9.0
40596,9.0
40597,9.0
40598,9.0
40599,9.0
40600,9.0
40601,9.0
40602,9.0
40603,9.0
40604,9.0
40605,9.0
40606,9.0
40607,9.0
40608,9.0
40609,9.0
40610,9.0
40611,9.0
40612,9.0
40613,9.0
40614,9.0
40615,9.0
40616,9.0
40617,9.0
40618,9.0
40619,9.0
40620,9.0
40621,9.0
40622,9.0
40623,9.0
40624,9.0
40625,9.0
40626,9.0
40627,7.0
40628,7.0
40629,7.0
40630,7.0
40631,7.0
40632,7.0
40633,7.0
40634,7.0
40635,7.0
40636,7.0
40637,7.0
40638,7.0
40639,7.0
40640,7.0
40641,7.0
40642,7.0
40643,7.0
40644,7.0
40645,7.0
40646,7.0
40647,7.0
40648,7.0
40649,7.0
40650,7.0
40651,7.0
40652,7.0
40653,7.0
40654,7.0
40655,7.0
40656,7.0
40657,7.0
40658,7.0
40659,7.0
40660,7.0
40661,7.0
40662,7.0
40663,7.0
40664,7.0
40665,7.0
40666,7.0
40667,7.0
40668,7.0
40669,7.0
40670,7.0
40671,7.0
40672,7.0
40673,7.0
40674,7.0
40675,7.0
40676,7.0
40677,7.0
40678,7.0
40679,7.0
40680,7.0
40681,7.0
40682,7.0
40683,7.0
40684,7.0
40685,7.0
40686,7.0
40687,7.0
40688,7.0
40689,7.0
40690,8.0
40691,8.0
40692,8.0
40693,8.0
40694,8.0
40695,8.0
40696,8.0
40697,8.0
40698,8.0
40699,8.0
40700,8.0
40701,8.0
40702,8.0
40703,8.0
40704,8.0
40705,8.0
40706,8.0
40707,8.0
40708,8.0
40709,8.0
40710,8.0
40711,8.0
40712,8.0
40713,8.0
40714,8.0
40715,8.0
40716,8.0
40717,8.0
40718,8.0
40719,8.0
40720,8.0
40721,8.0
40722,8.0
40723,8.0
40724,8.0
40725,8.0
40726,8.0
40727,8.0
40728,8.0
40729,8.0
40730,8.0
40731,8.0
40732,8.0
40733,8.0
40734,8.0
40735,8.0
40736,8.0
40737,8.0
40738,8.0
40739,8.0
40740,7.0
40741,7.0
40742,7.0
40743,7.0
40744,7.0
40745,7.0
40746,7.0
40747,7.0
40748,7.0
40749,7.0
40750,7.0
40751,7.0
40752,7.0
40753,7.0
40754,7.0
40755,7.0
40756,7.0
40757,7.0
40758,7.0
40759,7.0
40760,7.0
40761,7.0
40762,7.0
40763,7.0
40764,7.0
40765,7.0
40766,7.0
40767,7.0
40768,7.0
40769,7.0
40770,7.0
40771,7.0
40772,7.0
40773,7.0
40774,7.0
40775,7.0
40776,7.0
40777,7.0
40778,7.0
40779,7.0
40780,7.0
40781,7.0
40782,7.0
40783,7.0
40784,7.0
40785,7.0
40786,7.0
40787,7.0
40788,7.0
40789,7.0
40790,7.0
40791,7.0
40792,7.0
40793,7.0
40794,7.0
40795,7.0
40796,7.0
40797,7.0
40798,7.0
40799,7.0
40800,7.0
40801,7.0
40802,7.0
40803,7.0
40804,7.0
40805,7.0
40806,7.0
40807,7.0
40808,6.0
40809,6.0
40810,6.0
40811,6.0
40812,6.0
40813,6.0
40814,6.0
40815,6.0
40816,6.0
40817,6.0
40818,6.0
40819,6.0
40820,6.0
40821,6.0
40822,6.0
40823,6.0
40824,6.0
40825,6.0
40826,6.0
40827,6.0
40828,6.0
40829,6.0
40830,6.0
40831,6.0
40832,6.0
40833,6.0
40834,6.0
40835,6.0
40836,6.0
40837,6.0
40838,6.0
40839,6.0
40840,6.0
40841,6.0
40842,6.0
40843,6.0
40844,6.0
40845,6.0
40846,6.0
40847,6.0
40848,6.0
40849,6.0
40850,6.0
40851,6.0
40852,6.0
40853,6.0
40854,6.0
40855,6.0
40856,6.0
40857,6.0
40858,6.0
40859,6.0
40860,6.0
40861,6.0
40862,6.0
40863,6.0
40864,6.0
40865,6.0
40866,6.0
40867,6.0
40868,6.0
40869,6.0
40870,6.0
40871,6.0
40872,6.0
40873,6.0
40874,6.0
40875,6.0
40876,6.0
40877,6.0
40878,6.0
40879,6.0
40880,6.0
40881,6.0
40882,6.0
40883,6.0
40884,6.0
40885,6.0
40886,6.0
40887,6.0
40888,6.0
40889,6.0
40890,6.0
40891,6.0
40892,6.0
40893,6.0
40894,6.0
40895,6.0
40896,6.0
40897,6.0
40898,6.0
40899,6.0
40900,6.0
40901,6.0
40902,6.0
40903,6.0
40904,6.0
40905,6.0
40906,6.0
40907,6.0
40908,6.0
40909,6.0
40910,6.0
40911,6.0
40912,6.0
40913,6.0
40914,6.0
40915,6.0
40916,6.0
40917,6.0
40918,6.0
40919,6.0
40920,6.0
40921,6.0
40922,6.0
40923,6.0
40924,6.0
40925,6.0
40926,6.0
40927,6.0
40928,6.0
40929,6.0
40930,6.0
40931,6.0
40932,6.0
40933,6.0
40934,6.0
40935,6.0
40936,6.0
40937,6.0
40938,6.0
40939,6.0
40940,6.0
40941,6.0
40942,6.0
40943,6.0
40944,6.0
40945,6.0
40946,6.0
40947,6.0
40948,6.0
40949,6.0
40950,6.0
40951,6.0
40952,6.0
40953,6.0
40954,6.0
40955,6.0
40956,6.0
40957,6.0
40958,6.0
40959,6.0
40960,6.0
40961,6.0
40962,6.0
40963,6.0
40964,6.0
40965,6.0
40966,6.0
40967,6.0
40968,6.0
40969,6.0
40970,6.0
40971,6.0
40972,6.0
40973,6.0
40974,6.0
40975,6.0
40976,6.0
40977,6.0
40978,6.0
40979,6.0
40980,6.0
40981,6.0
40982,6.0
40983,6.0
40984,6.0
40985,6.0
40986,6.0
40987,6.0
40988,6.0
40989,6.0
40990,6.0
40991,6.0
40992,6.0
40993,6.0
40994,6.0
40995,6.0
40996,6.0
40997,6.0
40998,6.0
40999,6.0
41000,6.0
41001,6.0
41002,6.0
41003,6.0
41004,6.0
41005,6.0
41006,6.0
41007,6.0
41008,6.0
41009,6.0
41010,6.0
41011,6.0
41012,6.0
41013,6.0
41014,6.0
41015,6.0
41016,6.0
41017,6.0
41018,6.0
41019,6.0
41020,6.0
41021,6.0
41022,6.0
41023,6.0
41024,6.0
41025,6.0
41026,6.0
41027,6.0
41028,6.0
41029,6.0
41030,6.0
41031,6.0
41032,6.0
41033,6.0
41034,6.0
41035,6.0
41036,6.0
41037,6.0
41038,6.0
41039,6.0
41040,6.0
41041,6.0
41042,6.0
41043,6.0
41044,6.0
41045,6.0
41046,6.0
41047,6.0
41048,6.0
41049,6.0
41050,6.0
41051,6.0
41052,6.0
41053,6.0
41054,6.0
41055,6.0
41056,7.0
41057,7.0
41058,7.0
41059,7.0
41060,7.0
41061,7.0
41062,7.0
41063,7.0
41064,7.0
41065,7.0
41066,7.0
41067,7.0
41068,7.0
41069,7.0
41070,7.0
41071,7.0
41072,7.0
41073,7.0
41074,7.0
41075,7.0
41076,7.0
41077,7.0
41078,7.0
41079,7.0
41080,7.0
41081,7.0
41082,7.0
41083,7.0
41084,7.0
41085,7.0
41086,7.0
41087,7.0
41088,7.0
41089,7.0
41090,7.0
41091,7.0
41092,8.0
41093,8.0
41094,8.0
41095,8.0
41096,8.0
41097,9.0
41098,9.0
41099,9.0
41100,9.0
41101,9.0
41102,9.0
41103,9.0
41104,9.0
41105,9.0
41106,9.0
41107,9.0
41108,9.0
41109,9.0
41110,9.0
41111,9.0
41112,9.0
41113,9.0
41114,9.0
41115,9.0
41116,9.0
41117,9.0
41118,9.0
41119,9.0
41120,9.0
41121,9.0
41122,9.0
41123,9.0
41124,9.0
41125,9.0
41126,9.0
41127,9.0
41128,9.0
41129,9.0
41130,9.0
41131,9.0
41132,9.0
41133,9.0
41134,9.0
41135,9.0
41136,9.0
41137,9.0
41138,9.0
41139,9.0
41140,9.0
41141,9.0
41142,9.0
41143,9.0
41144,9.0
41145,9.0
41146,9.0
41147,9.0
41148,9.0
41149,9.0
41150,9.0
41151,9.0
41152,9.0
41153,9.0
41154,9.0
41155,9.0
41156,9.0
41157,9.0
41158,9.0
41159,9.0
41160,9.0
41161,9.0
41162,9.0
41163,9.0
41164,9.0
41165,9.0
41166,9.0
41167,9.0
41168,9.0
41169,9.0
41170,9.0
41171,9.0
41172,9.0
41173,9.0
41174,9.0
41175,9.0
41176,9.0
41177,9.0
41178,9.0
41179,9.0
41180,9.0
41181,9.0
41182,9.0
41183,9.0
41184,9.0
41185,9.0
41186,9.0
41187,9.0
41188,9.0
41189,9.0
41190,9.0
41191,9.0
41192,9.0
41193,9.0
41194,10.0
41195,10.0
41196,10.0
41197,10.0
41198,10.0
41199,10.0
41200,10.0
41201,10.0
41202,10.0
41203,10.0
41204,10.0
41205,10.0
41206,11.0
41207,11.0
41208,11.0
41209,11.0
41210,11.0
41211,11.0
41212,11.0
41213,11.0
41214,11.0
41215,11.0
41216,11.0
41217,11.0
41218,11.0
41219,11.0
41220,11.0
41221,12.0
41222,12.0
41223,12.0
41224,12.0
41225,12.0
41226,12.0
41227,12.0
41228,12.0
41229,12.0
41230,12.0
41231,12.0
41232,12.0
41233,12.0
41234,12.0
41235,12.0
41236,12.0
41237,12.0
41238,12.0
41239,12.0
41240,12.0
41241,12.0
41242,12.0
41243,12.0
41244,12.0
41245,12.0
41246,12.0
41247,12.0
41248,12.0
41249,12.0
41250,12.0
41251,12.0
41252,12.0
41253,12.0
41254,12.0
41255,12.0
41256,12.0
41257,12.0
41258,12.0
41259,12.0
41260,12.0
41261,12.0
41262,12.0
41263,12.0
41264,12.0
41265,12.0
41266,12.0
41267,12.0
41268,12.0
41269,12.0
41270,12.0
41271,12.0
41272,12.0
41273,12.0
41274,12.0
41275,12.0
41276,12.0
41277,12.0
41278,12.0
41279,12.0
41280,12.0
41281,12.0
41282,12.0
41283,12.0
41284,12.0
41285,12.0
41286,12.0
41287,12.0
41288,12.0
41289,12.0
41290,13.0
41291,13.0
41292,13.0
41293,13.0
41294,13.0
41295,13.0
41296,13.0
41297,13.0
41298,13.0
41299,13.0
41300,13.0
41301,13.0
41302,13.0
41303,13.0
41304,13.0
41305,13.0
41306,13.0
41307,13.0
41308,13.0
41309,13.0
41310,13.0
41311,13.0
41312,13.0
41313,13.0
41314,13.0
41315,13.0
41316,13.0
41317,13.0
41318,13.0
41319,13.0
41320,13.0
41321,13.0
41322,13.0
41323,13.0
41324,13.0
41325,13.0
41326,13.0
41327,13.0
41328,13.0
41329,13.0
41330,13.0
41331,13.0
41332,13.0
41333,13.0
41334,13.0
41335,13.0
41336,13.0
41337,13.0
41338,13.0
41339,13.0
41340,13.0
41341,13.0
41342,13.0
41343,13.0
41344,13.0
41345,13.0
41346,13.0
41347,13.0
41348,13.0
41349,13.0
41350,13.0
41351,13.0
41352,13.0
41353,13.0
41354,13.0
41355,13.0
41356,13.0
41357,13.0
41358,13.0
41359,13.0
41360,13.0
41361,13.0
41362,13.0
41363,13.0
41364,13.0
41365,13.0
41366,13.0
41367,13.0
41368,13.0
41369,13.0
41370,13.0
41371,13.0
41372,13.0
41373,13.0
41374,13.0
41375,13.0
41376,13.0
41377,13.0
41378,13.0
41379,13.0
41380,13.0
41381,13.0
41382,13.0
41383,13.0
41384,13.0
41385,13.0
41386,13.0
41387,13.0
41388,13.0
41389,13.0
41390,13.0
41391,13.0
41392,13.0
41393,13.0
41394,13.0
41395,13.0
41396,13.0
41397,13.0
41398,13.0
41399,13.0
41400,13.0
41401,13.0
41402,13.0
41403,13.0
41404,13.0
41405,13.0
41406,13.0
41407,13.0
41408,13.0
41409,13.0
41410,13.0
41411,13.0
41412,13.0
41413,13.0
41414,13.0
41415,13.0
41416,13.0
41417,13.0
41418,13.0
41419,13.0
41420,13.0
41421,13.0
41422,13.0
41423,13.0
41424,13.0
41425,13.0
41426,13.0
41427,13.0
41428,13.0
41429,13.0
41430,13.0
41431,13.0
41432,13.0
41433,13.0
41434,13.0
41435,13.0
41436,13.0
41437,13.0
41438,13.0
41439,13.0
41440,13.0
41441,13.0
41442,13.0
41443,13.0
41444,13.0
41445,13.0
41446,13.0
41447,13.0
41448,13.0
41449,13.0
41450,13.0
41451,13.0
41452,13.0
41453,13.0
41454,13.0
41455,13.0
41456,13.0
41457,13.0
41458,13.0
41459,13.0
41460,13.0
41461,13.0
41462,13.0
41463,13.0
41464,13.0
41465,13.0
41466,13.0
41467,13.0
41468,13.0
41469,13.0
41470,13.0
41471,13.0
41472,13.0
41473,13.0
41474,13.0
41475,13.0
41476,13.0
41477,13.0
41478,13.0
41479,13.0
41480,13.0
41481,13.0
41482,13.0
41483,13.0
41484,13.0
41485,13.0
41486,13.0
41487,13.0
41488,13.0
41489,13.0
41490,13.0
41491,13.0
41492,13.0
41493,13.0
41494,13.0
41495,13.0
41496,13.0
41497,13.0
41498,13.0
41499,13.0
41500,13.0
41501,13.0
41502,13.0
41503,13.0
41504,13.0
41505,13.0
41506,13.0
41507,13.0
41508,13.0
41509,13.0
41510,13.0
41511,13.0
41512,13.0
41513,13.0
41514,13.0
41515,13.0
41516,13.0
41517,13.0
41518,13.0
41519,13.0
41520,13.0
41521,13.0
41522,13.0
41523,13.0
41524,13.0
41525,13.0
41526,13.0
41527,13.0
41528,13.0
41529,13.0
41530,13.0
41531,13.0
41532,13.0
41533,13.0
41534,13.0
41535,13.0
41536,13.0
41537,13.0
41538,13.0
41539,13.0
41540,13.0
41541,13.0
41542,13.0
41543,13.0
41544,13.0
41545,13.0
41546,13.0
41547,13.0
41548,13.0
41549,13.0
41550,13.0
41551,13.0
41552,13.0
41553,13.0
41554,13.0
41555,13.0
41556,13.0
41557,13.0
41558,13.0
41559,13.0
41560,13.0
41561,13.0
41562,13.0
41563,13.0
41564,13.0
41565,13.0
41566,13.0
41567,13.0
41568,13.0
41569,13.0
41570,13.0
41571,13.0
41572,13.0
41573,13.0
41574,13.0
41575,13.0
41576,13.0
41577,13.0
41578,13.0
41579,13.0
41580,13.0
41581,13.0
41582,13.0
41583,13.0
41584,13.0
41585,13.0
41586,13.0
41587,13.0
41588,13.0
41589,13.0
41590,13.0
41591,13.0
41592,13.0
41593,13.0
41594,13.0
41595,13.0
41596,13.0
41597,13.0
41598,13.0
41599,13.0
41600,13.0
41601,13.0
41602,13.0
41603,13.0
41604,13.0
41605,13.0
41606,13.0
41607,13.0
41608,13.0
41609,13.0
41610,13.0
41611,13.0
41612,13.0
41613,13.0
41614,13.0
41615,13.0
41616,13.0
41617,13.0
41618,13.0
41619,13.0
41620,13.0
41621,13.0
41622,13.0
41623,13.0
41624,13.0
41625,13.0
41626,13.0
41627,13.0
41628,13.0
41629,13.0
41630,13.0
41631,13.0
41632,13.0
41633,13.0
41634,13.0
41635,13.0
41636,13.0
41637,13.0
41638,13.0
41639,13.0
41640,13.0
41641,13.0
41642,13.0
41643,13.0
41644,13.0
41645,13.0
41646,13.0
41647,13.0
41648,13.0
41649,13.0
41650,13.0
41651,13.0
41652,13.0
41653,13.0
41654,13.0
41655,13.0
41656,13.0
41657,13.0
41658,13.0
41659,13.0
41660,13.0
41661,13.0
41662,13.0
41663,13.0
41664,13.0
41665,13.0
41666,13.0
41667,13.0
41668,13.0
41669,13.0
41670,13.0
41671,13.0
41672,13.0
41673,13.0
41674,13.0
41675,13.0
41676,13.0
41677,13.0
41678,13.0
41679,13.0
41680,13.0
41681,13.0
41682,13.0
41683,12.0
41684,12.0
41685,12.0
41686,12.0
41687,12.0
41688,12.0
41689,12.0
41690,12.0
41691,12.0
41692,12.0
41693,12.0
41694,13.0
41695,13.0
41696,13.0
41697,13.0
41698,13.0
41699,13.0
41700,13.0
41701,13.0
41702,13.0
41703,13.0
41704,13.0
41705,13.0
41706,13.0
41707,13.0
41708,13.0
41709,13.0
41710,13.0
41711,13.0
41712,13.0
41713,13.0
41714,13.0
41715,13.0
41716,13.0
41717,13.0
41718,13.0
41719,13.0
41720,13.0
41721,13.0
41722,13.0
41723,13.0
41724,13.0
41725,13.0
41726,13.0
41727,13.0
41728,13.0
41729,13.0
41730,13.0
41731,13.0
41732,13.0
41733,13.0
41734,13.0
41735,13.0
41736,13.0
41737,13.0
41738,13.0
41739,13.0
41740,13.0
41741,13.0
41742,13.0
41743,13.0
41744,13.0
41745,13.0
41746,13.0
41747,13.0
41748,13.0
41749,13.0
41750,13.0
41751,13.0
41752,13.0
41753,13.0
41754,13.0
41755,13.0
41756,13.0
41757,13.0
41758,13.0
41759,13.0
41760,13.0
41761,13.0
41762,13.0
41763,13.0
41764,13.0
41765,13.0
41766,13.0
41767,13.0
41768,13.0
41769,13.0
41770,13.0
41771,13.0
41772,13.0
41773,13.0
41774,13.0
41775,13.0
41776,13.0
41777,13.0
41778,13.0
41779,13.0
41780,13.0
41781,13.0
41782,13.0
41783,13.0
41784,13.0
41785,13.0
41786,13.0
41787,13.0
41788,13.0
41789,13.0
41790,13.0
41791,13.0
41792,13.0
41793,13.0
41794,13.0
41795,13.0
41796,13.0
41797,13.0
41798,13.0
41799,13.0
41800,13.0
41801,13.0
41802,13.0
41803,13.0
41804,13.0
41805,13.0
41806,13.0
41807,13.0
41808,13.0
41809,13.0
41810,13.0
41811,13.0
41812,13.0
41813,13.0
41814,13.0
41815,13.0
41816,13.0
41817,13.0
41818,13.0
41819,13.0
41820,13.0
41821,13.0
41822,13.0
41823,13.0
41824,13.0
41825,13.0
41826,13.0
41827,13.0
41828,13.0
41829,13.0
41830,13.0
41831,13.0
41832,13.0
41833,13.0
41834,13.0
41835,13.0
41836,13.0
41837,13.0
41838,13.0
41839,13.0
41840,13.0
41841,10.0
41842,10.0
41843,10.0
41844,10.0
41845,10.0
41846,10.0
41847,10.0
41848,10.0
41849,10.0
41850,10.0
41851,10.0
41852,10.0
41853,10.0
41854,10.0
41855,10.0
41856,10.0
41857,10.0
41858,10.0
41859,10.0
41860,10.0
41861,10.0
41862,10.0
41863,10.0
41864,10.0
41865,10.0
41866,10.0
41867,10.0
41868,10.0
41869,10.0
41870,10.0
41871,10.0
41872,10.0
41873,10.0
41874,10.0
41875,10.0
41876,10.0
41877,10.0
41878,10.0
41879,10.0
41880,10.0
41881,10.0
41882,10.0
41883,10.0
41884,10.0
41885,10.0
41886,10.0
41887,10.0
41888,10.0
41889,10.0
41890,10.0
41891,10.0
41892,10.0
41893,10.0
41894,10.0
41895,10.0
41896,10.0
41897,10.0
41898,10.0
41899,10.0
41900,10.0
41901,10.0
41902,10.0
41903,10.0
41904,10.0
41905,10.0
41906,10.0
41907,10.0
41908,10.0
41909,10.0
41910,10.0
41911,10.0
41912,10.0
41913,10.0
41914,10.0
41915,10.0
41916,10.0
41917,10.0
41918,10.0
41919,10.0
41920,10.0
41921,10.0
41922,10.0
41923,10.0
41924,10.0
41925,10.0
41926,10.0
41927,10.0
41928,10.0
41929,10.0
41930,10.0
41931,10.0
41932,10.0
41933,10.0
41934,10.0
41935,10.0
41936,10.0
41937,10.0
41938,10.0
41939,10.0
41940,10.0
41941,10.0
41942,9.0
41943,9.0
41944,9.0
41945,9.0
41946,9.0
41947,8.0
41948,8.0
41949,8.0
41950,8.0
41951,8.0
41952,8.0
41953,8.0
41954,8.0
41955,8.0
41956,8.0
41957,8.0
41958,8.0
41959,8.0
41960,8.0
41961,8.0
41962,8.0
41963,8.0
41964,8.0
41965,8.0
41966,8.0
41967,8.0
41968,8.0
41969,8.0
41970,8.0
41971,8.0
41972,8.0
41973,8.0
41974,8.0
41975,8.0
41976,8.0
41977,8.0
41978,8.0
41979,8.0
41980,8.0
41981,8.0
41982,8.0
41983,8.0
41984,8.0
41985,8.0
41986,8.0
41987,8.0
41988,8.0
41989,8.0
41990,8.0
41991,8.0
41992,8.0
41993,8.0
41994,8.0
41995,8.0
41996,8.0
41997,8.0
41998,8.0
41999,8.0
42000,8.0
42001,8.0
42002,8.0
42003,8.0
42004,8.0
42005,8.0
42006,8.0
42007,8.0
42008,8.0
42009,8.0
42010,8.0
42011,8.0
42012,8.0
42013,8.0
42014,8.0
42015,8.0
42016,8.0
42017,8.0
42018,8.0
42019,8.0
42020,8.0
42021,8.0
42022,8.0
42023,8.0
42024,8.0
42025,8.0
42026,8.0
42027,8.0
42028,8.0
42029,9.0
42030,9.0
42031,9.0
42032,9.0
42033,9.0
42034,9.0
42035,9.0
42036,9.0
42037,9.0
42038,9.0
42039,9.0
42040,9.0
42041,9.0
42042,9.0
42043,9.0
42044,9.0
42045,9.0
42046,9.0
42047,9.0
42048,9.0
42049,9.0
42050,9.0
42051,9.0
42052,9.0
42053,9.0
42054,8.0
42055,8.0
42056,8.0
42057,8.0
42058,8.0
42059,9.0
42060,9.0
42061,9.0
42062,9.0
42063,9.0
42064,9.0
42065,9.0
42066,9.0
42067,9.0
42068,9.0
42069,9.0
42070,9.0
42071,9.0
42072,9.0
42073,9.0
42074,9.0
42075,9.0
42076,9.0
42077,9.0
42078,9.0
42079,9.0
42080,9.0
42081,9.0
42082,9.0
42083,9.0
42084,9.0
42085,9.0
42086,9.0
42087,9.0
42088,9.0
42089,9.0
42090,9.0
42091,9.0
42092,9.0
42093,9.0
42094,9.0
42095,9.0
42096,9.0
42097,9.0
42098,9.0
42099,9.0
42100,9.0
42101,9.0
42102,9.0
42103,9.0
42104,9.0
42105,9.0
42106,9.0
42107,9.0
42108,9.0
42109,9.0
42110,9.0
42111,9.0
42112,9.0
42113,9.0
42114,9.0
42115,9.0
42116,9.0
42117,9.0
42118,9.0
42119,9.0
42120,9.0
42121,9.0
42122,9.0
42123,9.0
42124,9.0
42125,9.0
42126,9.0
42127,9.0
42128,9.0
42129,9.0
42130,9.0
42131,9.0
42132,9.0
42133,9.0
42134,9.0
42135,9.0
42136,9.0
42137,9.0
42138,9.0
42139,9.0
42140,9.0
42141,9.0
42142,9.0
42143,9.0
42144,9.0
42145,9.0
42146,9.0
42147,9.0
42148,9.0
42149,9.0
42150,9.0
42151,9.0
42152,9.0
42153,9.0
42154,9.0
42155,9.0
42156,9.0
42157,9.0
42158,9.0
42159,9.0
42160,9.0
42161,9.0
42162,9.0
42163,9.0
42164,9.0
42165,9.0
42166,9.0
42167,9.0
42168,9.0
42169,9.0
42170,9.0
42171,9.0
42172,9.0
42173,9.0
42174,9.0
42175,9.0
42176,9.0
42177,9.0
42178,9.0
42179,9.0
42180,9.0
42181,9.0
42182,9.0
42183,9.0
42184,9.0
42185,9.0
42186,9.0
42187,9.0
42188,9.0
42189,9.0
42190,9.0
42191,9.0
42192,9.0
42193,9.0
42194,9.0
42195,9.0
42196,9.0
42197,9.0
42198,9.0
42199,9.0
42200,9.0
42201,9.0
42202,10.0
42203,10.0
42204,10.0
42205,10.0
42206,10.0
42207,10.0
42208,10.0
42209,10.0
42210,10.0
42211,10.0
42212,10.0
42213,10.0
42214,10.0
42215,10.0
42216,10.0
42217,10.0
42218,10.0
42219,10.0
42220,10.0
42221,10.0
42222,10.0
42223,10.0
42224,10.0
42225,10.0
42226,10.0
42227,10.0
42228,10.0
42229,10.0
42230,10.0
42231,10.0
42232,10.0
42233,10.0
42234,10.0
42235,10.0
42236,10.0
42237,10.0
42238,10.0
42239,10.0
42240,10.0
42241,10.0
42242,10.0
42243,10.0
42244,10.0
42245,10.0
42246,10.0
42247,10.0
42248,10.0
42249,10.0
42250,10.0
42251,10.0
42252,10.0
42253,10.0
42254,10.0
42255,10.0
42256,10.0
42257,10.0
42258,11.0
42259,11.0
42260,11.0
42261,11.0
42262,11.0
42263,11.0
42264,11.0
42265,11.0
42266,11.0
42267,11.0
42268,11.0
42269,11.0
42270,11.0
42271,11.0
42272,11.0
42273,11.0
42274,11.0
42275,11.0
42276,11.0
42277,11.0
42278,11.0
42279,11.0
42280,11.0
42281,11.0
42282,11.0
42283,11.0
42284,11.0
42285,11.0
42286,11.0
42287,11.0
42288,11.0
42289,11.0
42290,11.0
42291,11.0
42292,11.0
42293,11.0
42294,11.0
42295,11.0
42296,11.0
42297,11.0
42298,11.0
42299,11.0
42300,11.0
42301,11.0
42302,11.0
42303,11.0
42304,11.0
42305,11.0
42306,11.0
42307,11.0
42308,11.0
42309,11.0
42310,11.0
42311,11.0
42312,11.0
42313,11.0
42314,11.0
42315,11.0
42316,11.0
42317,11.0
42318,11.0
42319,11.0
42320,11.0
42321,11.0
42322,11.0
42323,11.0
42324,11.0
42325,11.0
42326,11.0
42327,11.0
42328,11.0
42329,11.0
42330,11.0
42331,11.0
42332,11.0
42333,11.0
42334,11.0
42335,11.0
42336,11.0
42337,11.0
42338,11.0
42339,11.0
42340,11.0
42341,11.0
42342,11.0
42343,11.0
42344,11.0
42345,11.0
42346,11.0
42347,11.0
42348,11.0
42349,11.0
42350,11.0
42351,11.0
42352,11.0
42353,11.0
42354,11.0
42355,11.0
42356,11.0
42357,11.0
42358,11.0
42359,11.0
42360,11.0
42361,11.0
42362,11.0
42363,11.0
42364,11.0
42365,11.0
42366,11.0
42367,11.0
42368,11.0
42369,11.0
42370,11.0
42371,11.0
42372,11.0
42373,11.0
42374,11.0
42375,11.0
42376,11.0
42377,11.0
42378,11.0
42379,11.0
42380,11.0
42381,11.0
42382,11.0
42383,10.0
42384,10.0
42385,10.0
42386,10.0
42387,10.0
42388,10.0
42389,10.0
42390,10.0
42391,10.0
42392,10.0
42393,10.0
42394,10.0
42395,10.0
42396,10.0
42397,10.0
42398,10.0
42399,10.0
42400,10.0
42401,10.0
42402,10.0
42403,10.0
42404,10.0
42405,10.0
42406,10.0
42407,10.0
42408,10.0
42409,10.0
42410,10.0
42411,10.0
42412,10.0
42413,10.0
42414,10.0
42415,10.0
42416,10.0
42417,10.0
42418,10.0
42419,10.0
42420,10.0
42421,10.0
42422,10.0
42423,10.0
42424,10.0
42425,10.0
42426,10.0
42427,10.0
42428,10.0
42429,10.0
42430,10.0
42431,10.0
42432,10.0
42433,10.0
42434,10.0
42435,10.0
42436,10.0
42437,10.0
42438,10.0
42439,10.0
42440,10.0
42441,10.0
42442,10.0
42443,10.0
42444,10.0
42445,10.0
42446,10.0
42447,10.0
42448,10.0
42449,10.0
42450,10.0
42451,10.0
42452,10.0
42453,10.0
42454,10.0
42455,10.0
42456,10.0
42457,10.0
42458,10.0
42459,10.0
42460,10.0
42461,10.0
42462,10.0
42463,10.0
42464,10.0
42465,10.0
42466,10.0
42467,10.0
42468,10.0
42469,10.0
42470,10.0
42471,10.0
42472,10.0
42473,10.0
42474,10.0
42475,10.0
42476,10.0
42477,10.0
42478,10.0
42479,10.0
42480,10.0
42481,10.0
42482,10.0
42483,10.0
42484,10.0
42485,10.0
42486,10.0
42487,10.0
42488,10.0
42489,10.0
42490,10.0
42491,10.0
42492,10.0
42493,10.0
42494,10.0
42495,10.0
42496,10.0
42497,10.0
42498,10.0
42499,10.0
42500,10.0
42501,10.0
42502,10.0
42503,10.0
42504,10.0
42505,10.0
42506,10.0
42507,10.0
42508,10.0
42509,10.0
42510,10.0
42511,10.0
42512,10.0
42513,10.0
42514,10.0
42515,10.0
42516,10.0
42517,10.0
42518,10.0
42519,10.0
42520,10.0
42521,10.0
42522,10.0
42523,10.0
42524,10.0
42525,10.0
42526,10.0
42527,10.0
42528,10.0
42529,10.0
42530,10.0
42531,10.0
42532,10.0
42533,10.0
42534,10.0
42535,10.0
42536,10.0
42537,10.0
42538,10.0
42539,10.0
42540,10.0
42541,10.0
42542,10.0
42543,10.0
42544,10.0
42545,10.0
42546,10.0
42547,10.0
42548,11.0
42549,11.0
42550,11.0
42551,11.0
42552,11.0
42553,11.0
42554,11.0
42555,11.0
42556,12.0
42557,11.0
42558,11.0
42559,11.0
42560,12.0
42561,12.0
42562,12.0
42563,12.0
42564,12.0
42565,12.0
42566,12.0
42567,12.0
42568,12.0
42569,12.0
42570,12.0
42571,12.0
42572,12.0
42573,12.0
42574,12.0
42575,12.0
42576,12.0
42577,12.0
42578,12.0
42579,12.0
42580,12.0
42581,12.0
42582,12.0
42583,12.0
42584,12.0
42585,12.0
42586,12.0
42587,12.0
42588,12.0
42589,12.0
42590,12.0
42591,12.0
42592,12.0
42593,12.0
42594,12.0
42595,12.0
42596,12.0
42597,12.0
42598,12.0
42599,12.0
42600,12.0
42601,12.0
42602,12.0
42603,12.0
42604,12.0
42605,12.0
42606,12.0
42607,12.0
42608,12.0
42609,12.0
42610,12.0
42611,12.0
42612,12.0
42613,12.0
42614,12.0
42615,12.0
42616,12.0
42617,12.0
42618,12.0
42619,12.0
42620,12.0
42621,12.0
42622,12.0
42623,12.0
42624,12.0
42625,12.0
42626,12.0
42627,12.0
42628,12.0
42629,12.0
42630,12.0
42631,12.0
42632,12.0
42633,12.0
42634,12.0
42635,12.0
42636,12.0
42637,12.0
42638,12.0
42639,12.0
42640,12.0
42641,12.0
42642,12.0
42643,12.0
42644,12.0
42645,12.0
42646,12.0
42647,12.0
42648,12.0
42649,12.0
42650,12.0
42651,12.0
42652,12.0
42653,12.0
42654,10.0
42655,10.0
42656,10.0
42657,10.0
42658,10.0
42659,10.0
42660,10.0
42661,10.0
42662,10.0
42663,10.0
42664,10.0
42665,10.0
42666,10.0
42667,10.0
42668,10.0
42669,10.0
42670,10.0
42671,10.0
42672,10.0
42673,10.0
42674,10.0
42675,10.0
42676,10.0
42677,10.0
42678,10.0
42679,10.0
42680,10.0
42681,10.0
42682,10.0
42683,10.0
42684,10.0
42685,10.0
42686,10.0
42687,10.0
42688,10.0
42689,10.0
42690,10.0
42691,10.0
42692,10.0
42693,10.0
42694,10.0
42695,10.0
42696,10.0
42697,10.0
42698,10.0
42699,10.0
42700,10.0
42701,10.0
42702,10.0
42703,10.0
42704,10.0
42705,10.0
42706,10.0
42707,10.0
42708,10.0
42709,10.0
42710,10.0
42711,10.0
42712,10.0
42713,10.0
42714,10.0
42715,10.0
42716,10.0
42717,10.0
42718,10.0
42719,10.0
42720,10.0
42721,10.0
42722,10.0
42723,10.0
42724,10.0
42725,10.0
42726,10.0
42727,11.0
42728,11.0
42729,11.0
42730,11.0
42731,11.0
42732,11.0
42733,11.0
42734,11.0
42735,11.0
42736,11.0
42737,11.0
42738,11.0
42739,11.0
42740,11.0
42741,11.0
42742,11.0
42743,11.0
42744,11.0
42745,11.0
42746,11.0
42747,11.0
42748,10.0
42749,10.0
42750,10.0
42751,10.0
42752,10.0
42753,10.0
42754,10.0
42755,10.0
42756,10.0
42757,10.0
42758,10.0
42759,10.0
42760,10.0
42761,10.0
42762,10.0
42763,10.0
42764,10.0
42765,10.0
42766,10.0
42767,10.0
42768,10.0
42769,10.0
42770,10.0
42771,10.0
42772,10.0
42773,10.0
42774,10.0
42775,10.0
42776,10.0
42777,10.0
42778,10.0
42779,11.0
42780,11.0
42781,11.0
42782,11.0
42783,11.0
42784,11.0
42785,11.0
42786,11.0
42787,11.0
42788,11.0
42789,11.0
42790,11.0
42791,11.0
42792,11.0
42793,11.0
42794,11.0
42795,11.0
42796,11.0
42797,11.0
42798,11.0
42799,11.0
42800,11.0
42801,11.0
42802,11.0
42803,11.0
42804,11.0
42805,11.0
42806,11.0
42807,11.0
42808,11.0
42809,11.0
42810,11.0
42811,11.0
42812,11.0
42813,11.0
42814,11.0
42815,11.0
42816,11.0
42817,11.0
42818,11.0
42819,11.0
42820,11.0
42821,11.0
42822,11.0
42823,11.0
42824,11.0
42825,11.0
42826,11.0
42827,11.0
42828,11.0
42829,11.0
42830,11.0
42831,11.0
42832,11.0
42833,11.0
42834,11.0
42835,11.0
42836,11.0
42837,11.0
42838,11.0
42839,11.0
42840,11.0
42841,11.0
42842,11.0
42843,11.0
42844,11.0
42845,11.0
42846,11.0
42847,11.0
42848,11.0
42849,11.0
42850,11.0
42851,11.0
42852,11.0
42853,11.0
42854,11.0
42855,11.0
42856,11.0
42857,11.0
42858,11.0
42859,11.0
42860,11.0
42861,11.0
42862,11.0
42863,11.0
42864,11.0
42865,11.0
42866,11.0
42867,11.0
42868,11.0
42869,11.0
42870,11.0
42871,11.0
42872,11.0
42873,11.0
42874,11.0
42875,11.0
42876,11.0
42877,11.0
42878,11.0
42879,11.0
42880,11.0
42881,11.0
42882,11.0
42883,11.0
42884,11.0
42885,11.0
42886,11.0
42887,11.0
42888,11.0
42889,11.0
42890,11.0
42891,11.0
42892,11.0
42893,11.0
42894,11.0
42895,11.0
42896,11.0
42897,11.0
42898,11.0
42899,11.0
42900,11.0
42901,11.0
42902,11.0
42903,11.0
42904,11.0
42905,11.0
42906,11.0
42907,11.0
42908,11.0
42909,11.0
42910,11.0
42911,11.0
42912,11.0
42913,11.0
42914,11.0
42915,11.0
42916,11.0
42917,11.0
42918,11.0
42919,11.0
42920,11.0
42921,11.0
42922,11.0
42923,11.0
42924,11.0
42925,11.0
42926,11.0
42927,11.0
42928,11.0
42929,11.0
42930,11.0
42931,11.0
42932,11.0
42933,11.0
42934,11.0
42935,11.0
42936,11.0
42937,11.0
42938,11.0
42939,11.0
42940,11.0
42941,11.0
42942,11.0
42943,11.0
42944,11.0
42945,11.0
42946,11.0
42947,11.0
42948,11.0
42949,11.0
42950,11.0
42951,11.0
42952,11.0
42953,11.0
42954,11.0
42955,11.0
42956,11.0
42957,11.0
42958,11.0
42959,11.0
42960,11.0
42961,11.0
42962,11.0
42963,11.0
42964,11.0
42965,11.0
42966,11.0
42967,11.0
42968,11.0
42969,11.0
42970,11.0
42971,11.0
42972,11.0
42973,11.0
42974,11.0
42975,11.0
42976,11.0
42977,11.0
42978,11.0
42979,11.0
42980,11.0
42981,11.0
42982,12.0
42983,12.0
42984,12.0
42985,12.0
42986,12.0
42987,12.0
42988,12.0
42989,12.0
42990,12.0
42991,12.0
42992,12.0
42993,12.0
42994,12.0
42995,12.0
42996,12.0
42997,12.0
42998,12.0
42999,12.0
43000,12.0
43001,12.0
43002,12.0
43003,12.0
43004,12.0
43005,12.0
43006,12.0
43007,12.0
43008,12.0
43009,12.0
43010,12.0
43011,12.0
43012,12.0
43013,12.0
43014,12.0
43015,12.0
43016,12.0
43017,12.0
43018,12.0
43019,12.0
43020,12.0
43021,12.0
43022,12.0
43023,12.0
43024,12.0
43025,12.0
43026,12.0
43027,12.0
43028,12.0
43029,12.0
43030,12.0
43031,12.0
43032,12.0
43033,12.0
43034,12.0
43035,12.0
43036,12.0
43037,12.0
43038,12.0
43039,12.0
43040,12.0
43041,12.0
43042,12.0
43043,12.0
43044,12.0
43045,12.0
43046,12.0
43047,12.0
43048,12.0
43049,12.0
43050,12.0
43051,12.0
43052,12.0
43053,12.0
43054,12.0
43055,12.0
43056,12.0
43057,12.0
43058,12.0
43059,12.0
43060,12.0
43061,12.0
43062,12.0
43063,12.0
43064,12.0
43065,12.0
43066,12.0
43067,12.0
43068,12.0
43069,12.0
43070,12.0
43071,12.0
43072,12.0
43073,12.0
43074,12.0
43075,12.0
43076,12.0
43077,12.0
43078,12.0
43079,12.0
43080,12.0
43081,12.0
43082,12.0
43083,11.0
43084,11.0
43085,11.0
43086,11.0
43087,11.0
43088,11.0
43089,11.0
43090,11.0
43091,11.0
43092,11.0
43093,11.0
43094,11.0
43095,11.0
43096,11.0
43097,11.0
43098,11.0
43099,11.0
43100,11.0
43101,11.0
43102,11.0
43103,11.0
43104,11.0
43105,11.0
43106,11.0
43107,11.0
43108,11.0
43109,11.0
43110,11.0
43111,11.0
43112,11.0
43113,11.0
43114,11.0
43115,11.0
43116,11.0
43117,11.0
43118,11.0
43119,11.0
43120,11.0
43121,11.0
43122,11.0
43123,11.0
43124,11.0
43125,11.0
43126,11.0
43127,11.0
43128,11.0
43129,12.0
43130,12.0
43131,12.0
43132,12.0
43133,12.0
43134,12.0
43135,12.0
43136,12.0
43137,12.0
43138,12.0
43139,12.0
43140,12.0
43141,12.0
43142,12.0
43143,12.0
43144,12.0
43145,12.0
43146,12.0
43147,12.0
43148,12.0
43149,12.0
43150,12.0
43151,12.0
43152,12.0
43153,12.0
43154,12.0
43155,12.0
43156,12.0
43157,12.0
43158,12.0
43159,12.0
43160,12.0
43161,12.0
43162,12.0
43163,12.0
43164,12.0
43165,12.0
43166,12.0
43167,12.0
43168,12.0
43169,12.0
43170,12.0
43171,12.0
43172,12.0
43173,12.0
43174,12.0
43175,12.0
43176,12.0
43177,12.0
43178,12.0
43179,12.0
43180,12.0
43181,12.0
43182,12.0
43183,12.0
43184,12.0
43185,12.0
43186,12.0
43187,12.0
43188,12.0
43189,12.0
43190,12.0
43191,12.0
43192,12.0
43193,12.0
43194,12.0
43195,12.0
43196,12.0
43197,12.0
43198,12.0
43199,12.0
43200,12.0
43201,12.0
43202,12.0
43203,12.0
43204,12.0
43205,12.0
43206,12.0
43207,12.0
43208,12.0
43209,12.0
43210,12.0
43211,12.0
43212,12.0
43213,12.0
43214,12.0
43215,12.0
43216,12.0
43217,12.0
43218,12.0
43219,12.0
43220,12.0
43221,12.0
43222,12.0
43223,12.0
43224,12.0
43225,12.0
43226,12.0
43227,12.0
43228,12.0
43229,12.0
43230,12.0
43231,12.0
43232,12.0
43233,12.0
43234,12.0
43235,12.0
43236,12.0
43237,12.0
43238,12.0
43239,12.0
43240,12.0
43241,12.0
43242,12.0
43243,12.0
43244,12.0
43245,12.0
43246,12.0
43247,12.0
43248,12.0
43249,12.0
43250,12.0
43251,12.0
43252,12.0
43253,12.0
43254,12.0
43255,12.0
43256,12.0
43257,12.0
43258,12.0
43259,12.0
43260,12.0
43261,12.0
43262,12.0
43263,12.0
43264,12.0
43265,12.0
43266,12.0
43267,12.0
43268,12.0
43269,12.0
43270,12.0
43271,12.0
43272,12.0
43273,12.0
43274,12.0
43275,12.0
43276,12.0
43277,12.0
43278,12.0
43279,12.0
43280,12.0
43281,12.0
43282,12.0
43283,12.0
43284,12.0
43285,12.0
43286,12.0
43287,12.0
43288,12.0
43289,12.0
43290,12.0
43291,12.0
43292,12.0
43293,12.0
43294,12.0
43295,12.0
43296,12.0
43297,12.0
43298,12.0
43299,12.0
43300,12.0
43301,12.0
43302,12.0
43303,12.0
43304,12.0
43305,12.0
43306,12.0
43307,12.0
43308,12.0
43309,12.0
43310,12.0
43311,12.0
43312,12.0
43313,12.0
43314,12.0
43315,12.0
43316,12.0
43317,12.0
43318,12.0
43319,12.0
43320,12.0
43321,12.0
43322,12.0
43323,12.0
43324,12.0
43325,12.0
43326,12.0
43327,12.0
43328,12.0
43329,12.0
43330,12.0
43331,12.0
43332,12.0
43333,12.0
43334,12.0
43335,12.0
43336,12.0
43337,12.0
43338,12.0
43339,12.0
43340,12.0
43341,12.0
43342,12.0
43343,12.0
43344,12.0
43345,12.0
43346,12.0
43347,12.0
43348,12.0
43349,12.0
43350,12.0
43351,12.0
43352,12.0
43353,12.0
43354,12.0
43355,12.0
43356,12.0
43357,12.0
43358,12.0
43359,12.0
43360,12.0
43361,13.0
43362,13.0
43363,13.0
43364,13.0
43365,13.0
43366,13.0
43367,13.0
43368,13.0
43369,13.0
43370,13.0
43371,13.0
43372,13.0
43373,13.0
43374,13.0
43375,13.0
43376,13.0
43377,13.0
43378,13.0
43379,13.0
43380,13.0
43381,13.0
43382,13.0
43383,13.0
43384,13.0
43385,13.0
43386,13.0
43387,13.0
43388,13.0
43389,13.0
43390,13.0
43391,13.0
43392,13.0
43393,13.0
43394,13.0
43395,13.0
43396,13.0
43397,13.0
43398,13.0
43399,13.0
43400,13.0
43401,13.0
43402,13.0
43403,13.0
43404,13.0
43405,13.0
43406,13.0
43407,13.0
43408,13.0
43409,13.0
43410,13.0
43411,13.0
43412,13.0
43413,13.0
43414,13.0
43415,13.0
43416,13.0
43417,13.0
43418,13.0
43419,13.0
43420,13.0
43421,13.0
43422,13.0
43423,13.0
43424,13.0
43425,13.0
43426,13.0
43427,13.0
43428,13.0
43429,13.0
43430,13.0
43431,13.0
43432,13.0
43433,13.0
43434,13.0
43435,13.0
43436,13.0
43437,13.0
43438,13.0
43439,13.0
43440,13.0
43441,13.0
43442,13.0
43443,13.0
43444,13.0
43445,13.0
43446,13.0
43447,13.0
43448,13.0
43449,13.0
43450,13.0
43451,13.0
43452,13.0
43453,13.0
43454,13.0
43455,13.0
43456,13.0
43457,13.0
43458,13.0
43459,13.0
43460,13.0
43461,13.0
43462,13.0
43463,13.0
43464,13.0
43465,13.0
43466,13.0
43467,13.0
43468,13.0
43469,13.0
43470,13.0
43471,13.0
43472,13.0
43473,13.0
43474,13.0
43475,13.0
43476,13.0
43477,13.0
43478,13.0
43479,13.0
43480,13.0
43481,13.0
43482,13.0
43483,13.0
43484,13.0
43485,13.0
43486,13.0
43487,13.0
43488,13.0
43489,13.0
43490,13.0
43491,13.0
43492,13.0
43493,13.0
43494,13.0
43495,13.0
43496,13.0
43497,13.0
43498,13.0
43499,13.0
43500,13.0
43501,13.0
43502,13.0
43503,13.0
43504,13.0
43505,13.0
43506,13.0
43507,13.0
43508,13.0
43509,13.0
43510,13.0
43511,13.0
43512,13.0
43513,13.0
43514,13.0
43515,13.0
43516,13.0
43517,13.0
43518,13.0
43519,13.0
43520,13.0
43521,13.0
43522,13.0
43523,13.0
43524,13.0
43525,13.0
43526,13.0
43527,13.0
43528,13.0
43529,13.0
43530,13.0
43531,13.0
43532,13.0
43533,13.0
43534,13.0
43535,13.0
43536,13.0
43537,13.0
43538,13.0
43539,13.0
43540,13.0
43541,13.0
43542,13.0
43543,13.0
43544,13.0
43545,13.0
43546,13.0
43547,13.0
43548,13.0
43549,13.0
43550,13.0
43551,13.0
43552,13.0
43553,13.0
43554,13.0
43555,13.0
43556,13.0
43557,13.0
43558,13.0
43559,13.0
43560,13.0
43561,13.0
43562,13.0
43563,13.0
43564,13.0
43565,13.0
43566,13.0
43567,13.0
43568,13.0
43569,13.0
43570,13.0
43571,13.0
43572,13.0
43573,13.0
43574,13.0
43575,13.0
43576,13.0
43577,13.0
43578,13.0
43579,13.0
43580,13.0
43581,13.0
43582,13.0
43583,13.0
43584,13.0
43585,13.0
43586,13.0
43587,13.0
43588,13.0
43589,13.0
43590,13.0
43591,13.0
43592,13.0
43593,13.0
43594,13.0
43595,13.0
43596,13.0
43597,13.0
43598,13.0
43599,13.0
43600,13.0
43601,13.0
43602,13.0
43603,13.0
43604,13.0
43605,13.0
43606,13.0
43607,13.0
43608,13.0
43609,13.0
43610,13.0
43611,13.0
43612,13.0
43613,13.0
43614,13.0
43615,13.0
43616,13.0
43617,13.0
43618,13.0
43619,12.0
43620,12.0
43621,12.0
43622,12.0
43623,12.0
43624,12.0
43625,12.0
43626,12.0
43627,12.0
43628,12.0
43629,12.0
43630,12.0
43631,12.0
43632,12.0
43633,12.0
43634,12.0
43635,12.0
43636,12.0
43637,12.0
43638,12.0
43639,12.0
43640,12.0
43641,12.0
43642,12.0
43643,12.0
43644,12.0
43645,12.0
43646,12.0
43647,12.0
43648,12.0
43649,12.0
43650,12.0
43651,12.0
43652,12.0
43653,12.0
43654,12.0
43655,12.0
43656,12.0
43657,12.0
43658,12.0
43659,12.0
43660,12.0
43661,12.0
43662,12.0
43663,12.0
43664,13.0
43665,13.0
43666,13.0
43667,12.0
43668,12.0
43669,12.0
43670,12.0
43671,12.0
43672,12.0
43673,12.0
43674,12.0
43675,12.0
43676,12.0
43677,12.0
43678,12.0
43679,12.0
43680,12.0
43681,12.0
43682,12.0
43683,12.0
43684,12.0
43685,12.0
43686,12.0
43687,12.0
43688,12.0
43689,12.0
43690,12.0
43691,12.0
43692,12.0
43693,12.0
43694,12.0
43695,12.0
43696,12.0
43697,12.0
43698,12.0
43699,12.0
43700,12.0
43701,12.0
43702,12.0
43703,12.0
43704,12.0
43705,12.0
43706,12.0
43707,12.0
43708,12.0
43709,12.0
43710,12.0
43711,12.0
43712,12.0
43713,12.0
43714,12.0
43715,12.0
43716,12.0
43717,12.0
43718,12.0
43719,12.0
43720,12.0
43721,12.0
43722,12.0
43723,12.0
43724,12.0
43725,12.0
43726,12.0
43727,12.0
43728,12.0
43729,12.0
43730,12.0
43731,12.0
43732,12.0
43733,12.0
43734,12.0
43735,12.0
43736,12.0
43737,12.0
43738,12.0
43739,12.0
43740,12.0
43741,12.0
43742,12.0
43743,13.0
43744,13.0
43745,13.0
43746,13.0
43747,13.0
43748,13.0
43749,13.0
43750,13.0
43751,13.0
43752,13.0
43753,13.0
43754,13.0
43755,13.0
43756,13.0
43757,13.0
43758,13.0
43759,13.0
43760,13.0
43761,13.0
43762,13.0
43763,13.0
43764,13.0
43765,13.0
43766,13.0
43767,13.0
43768,13.0
43769,13.0
43770,13.0
43771,13.0
43772,13.0
43773,13.0
43774,13.0
43775,13.0
43776,13.0
43777,13.0
43778,13.0
43779,13.0
43780,13.0
43781,13.0
43782,13.0
43783,13.0
43784,13.0
43785,13.0
43786,13.0
43787,13.0
43788,13.0
43789,13.0
43790,13.0
43791,13.0
43792,13.0
43793,13.0
43794,13.0
43795,13.0
43796,13.0
43797,13.0
43798,13.0
43799,13.0
43800,13.0
43801,13.0
43802,13.0
43803,13.0
43804,13.0
43805,13.0
43806,13.0
43807,13.0
43808,13.0
43809,13.0
43810,11.0
43811,11.0
43812,11.0
43813,11.0
43814,11.0
43815,11.0
43816,11.0
43817,11.0
43818,11.0
43819,11.0
43820,11.0
43821,11.0
43822,11.0
43823,11.0
43824,11.0
43825,11.0
43826,11.0
43827,11.0
43828,11.0
43829,11.0
43830,11.0
43831,11.0
43832,11.0
43833,11.0
43834,11.0
43835,11.0
43836,11.0
43837,11.0
43838,11.0
43839,11.0
43840,11.0
43841,11.0
43842,11.0
43843,11.0
43844,11.0
43845,11.0
43846,11.0
43847,11.0
43848,11.0
43849,11.0
43850,11.0
43851,11.0
43852,11.0
43853,11.0
43854,11.0
43855,11.0
43856,11.0
43857,11.0
43858,11.0
43859,11.0
43860,11.0
43861,11.0
43862,11.0
43863,11.0
43864,11.0
43865,11.0
43866,11.0
43867,11.0
43868,11.0
43869,11.0
43870,11.0
43871,11.0
43872,11.0
43873,11.0
43874,11.0
43875,11.0
43876,11.0
43877,11.0
43878,11.0
43879,11.0
43880,11.0
43881,11.0
43882,11.0
43883,11.0
43884,11.0
43885,11.0
43886,11.0
43887,11.0
43888,11.0
43889,11.0
43890,11.0
43891,11.0
43892,11.0
43893,11.0
43894,11.0
43895,11.0
43896,11.0
43897,11.0
43898,11.0
43899,11.0
43900,11.0
43901,11.0
43902,11.0
43903,11.0
43904,11.0
43905,11.0
43906,11.0
43907,11.0
43908,11.0
43909,11.0
43910,11.0
43911,11.0
43912,11.0
43913,11.0
43914,11.0
43915,11.0
43916,11.0
43917,11.0
43918,11.0
43919,11.0
43920,11.0
43921,11.0
43922,11.0
43923,11.0
43924,11.0
43925,11.0
43926,11.0
43927,11.0
43928,11.0
43929,11.0
43930,11.0
43931,11.0
43932,11.0
43933,11.0
43934,11.0
43935,11.0
43936,11.0
43937,11.0
43938,11.0
43939,11.0
43940,11.0
43941,11.0
43942,11.0
43943,11.0
43944,11.0
43945,11.0
43946,11.0
43947,11.0
43948,11.0
43949,11.0
43950,11.0
43951,11.0
43952,11.0
43953,11.0
43954,11.0
43955,11.0
43956,12.0
43957,12.0
43958,12.0
43959,12.0
43960,12.0
43961,12.0
43962,12.0
43963,12.0
43964,12.0
43965,12.0
43966,12.0
43967,12.0
43968,12.0
43969,12.0
43970,12.0
43971,12.0
43972,12.0
43973,12.0
43974,12.0
43975,12.0
43976,12.0
43977,11.0
43978,11.0
43979,11.0
43980,11.0
43981,11.0
43982,11.0
43983,11.0
43984,11.0
43985,11.0
43986,11.0
43987,11.0
43988,11.0
43989,11.0
43990,11.0
43991,11.0
43992,11.0
43993,11.0
43994,11.0
43995,11.0
43996,11.0
43997,11.0
43998,11.0
43999,11.0
44000,11.0
44001,11.0
44002,11.0
44003,11.0
44004,11.0
44005,11.0
44006,11.0
44007,11.0
44008,11.0
44009,11.0
44010,11.0
44011,11.0
44012,11.0
44013,11.0
44014,11.0
44015,11.0
44016,11.0
44017,11.0
44018,11.0
44019,11.0
44020,11.0
44021,11.0
44022,11.0
44023,11.0
44024,11.0
44025,11.0
44026,11.0
44027,11.0
44028,11.0
44029,11.0
44030,11.0
44031,11.0
44032,11.0
44033,11.0
44034,11.0
44035,11.0
44036,11.0
44037,11.0
44038,11.0
44039,11.0
44040,11.0
44041,11.0
44042,11.0
44043,11.0
44044,11.0
44045,11.0
44046,11.0
44047,11.0
44048,11.0
44049,11.0
44050,11.0
44051,11.0
44052,11.0
44053,11.0
44054,11.0
44055,11.0
44056,11.0
44057,11.0
44058,11.0
44059,11.0
44060,11.0
44061,11.0
44062,11.0
44063,11.0
44064,11.0
44065,11.0
44066,11.0
44067,11.0
44068,11.0
44069,11.0
44070,11.0
44071,11.0
44072,11.0
44073,11.0
44074,11.0
44075,11.0
44076,11.0
44077,11.0
44078,11.0
44079,11.0
44080,11.0
44081,11.0
44082,11.0
44083,11.0
44084,11.0
44085,11.0
44086,11.0
44087,11.0
44088,11.0
44089,11.0
44090,11.0
44091,11.0
44092,11.0
44093,11.0
44094,11.0
44095,11.0
44096,11.0
44097,11.0
44098,11.0
44099,11.0
44100,11.0
44101,11.0
44102,11.0
44103,11.0
44104,11.0
44105,11.0
44106,11.0
44107,11.0
44108,11.0
44109,11.0
44110,11.0
44111,11.0
44112,11.0
44113,11.0
44114,11.0
44115,11.0
44116,11.0
44117,11.0
44118,11.0
44119,11.0
44120,11.0
44121,11.0
44122,11.0
44123,11.0
44124,11.0
44125,11.0
44126,11.0
44127,11.0
44128,11.0
44129,11.0
44130,11.0
44131,11.0
44132,11.0
44133,11.0
44134,11.0
44135,11.0
44136,11.0
44137,11.0
44138,11.0
44139,11.0
44140,11.0
44141,11.0
44142,11.0
44143,11.0
44144,11.0
44145,11.0
44146,11.0
44147,11.0
44148,11.0
44149,11.0
44150,11.0
44151,11.0
44152,11.0
44153,11.0
44154,11.0
44155,11.0
44156,11.0
44157,11.0
44158,11.0
44159,11.0
44160,11.0
44161,11.0
44162,11.0
44163,11.0
44164,11.0
44165,11.0
44166,11.0
44167,11.0
44168,11.0
44169,11.0
44170,11.0
44171,11.0
44172,11.0
44173,11.0
44174,11.0
44175,11.0
44176,11.0
44177,11.0
44178,11.0
44179,11.0
44180,11.0
44181,11.0
44182,11.0
44183,11.0
44184,11.0
44185,11.0
44186,11.0
44187,11.0
44188,11.0
44189,11.0
44190,11.0
44191,11.0
44192,11.0
44193,11.0
44194,11.0
44195,11.0
44196,11.0
44197,11.0
44198,11.0
44199,11.0
44200,11.0
44201,11.0
44202,11.0
44203,11.0
44204,11.0
44205,11.0
44206,11.0
44207,11.0
44208,11.0
44209,11.0
44210,11.0
44211,11.0
44212,11.0
44213,11.0
44214,11.0
44215,9.0
44216,9.0
44217,9.0
44218,9.0
44219,9.0
44220,9.0
44221,9.0
44222,9.0
44223,9.0
44224,9.0
44225,9.0
44226,9.0
44227,9.0
44228,9.0
44229,9.0
44230,9.0
44231,9.0
44232,9.0
44233,9.0
44234,9.0
44235,9.0
44236,9.0
44237,9.0
44238,9.0
44239,9.0
44240,9.0
44241,9.0
44242,9.0
44243,9.0
44244,9.0
44245,9.0
44246,9.0
44247,9.0
44248,9.0
44249,9.0
44250,9.0
44251,9.0
44252,9.0
44253,9.0
44254,9.0
44255,9.0
44256,9.0
44257,9.0
44258,9.0
44259,9.0
44260,9.0
44261,9.0
44262,9.0
44263,9.0
44264,9.0
44265,9.0
44266,9.0
44267,9.0
44268,8.0
44269,8.0
44270,8.0
44271,8.0
44272,8.0
44273,8.0
44274,8.0
44275,8.0
44276,8.0
44277,8.0
44278,8.0
44279,8.0
44280,8.0
44281,8.0
44282,8.0
44283,8.0
44284,8.0
44285,8.0
44286,8.0
44287,8.0
44288,8.0
44289,8.0
44290,8.0
44291,8.0
44292,8.0
44293,8.0
44294,8.0
44295,8.0
44296,8.0
44297,8.0
44298,8.0
44299,8.0
44300,8.0
44301,8.0
44302,8.0
44303,8.0
44304,8.0
44305,8.0
44306,8.0
44307,8.0
44308,8.0
44309,8.0
44310,8.0
44311,8.0
44312,8.0
44313,8.0
44314,8.0
44315,8.0
44316,8.0
44317,8.0
44318,8.0
44319,8.0
44320,8.0
44321,8.0
44322,8.0
44323,8.0
44324,8.0
44325,8.0
44326,8.0
44327,9.0
44328,9.0
44329,9.0
44330,10.0
44331,10.0
44332,10.0
44333,10.0
44334,10.0
44335,10.0
44336,10.0
44337,10.0
44338,10.0
44339,10.0
44340,10.0
44341,10.0
44342,10.0
44343,10.0
44344,10.0
44345,10.0
44346,10.0
44347,10.0
44348,10.0
44349,10.0
44350,10.0
44351,10.0
44352,10.0
44353,10.0
44354,10.0
44355,10.0
44356,10.0
44357,10.0
44358,10.0
44359,10.0
44360,10.0
44361,10.0
44362,10.0
44363,10.0
44364,10.0
44365,10.0
44366,10.0
44367,10.0
44368,10.0
44369,10.0
44370,10.0
44371,10.0
44372,10.0
44373,10.0
44374,10.0
44375,10.0
44376,10.0
44377,10.0
44378,10.0
44379,10.0
44380,10.0
44381,10.0
44382,10.0
44383,10.0
44384,10.0
44385,10.0
44386,10.0
44387,10.0
44388,10.0
44389,10.0
44390,10.0
44391,10.0
44392,10.0
44393,10.0
44394,10.0
44395,10.0
44396,10.0
44397,10.0
44398,10.0
44399,10.0
44400,10.0
44401,10.0
44402,10.0
44403,10.0
44404,10.0
44405,10.0
44406,10.0
44407,10.0
44408,10.0
44409,10.0
44410,10.0
44411,10.0
44412,10.0
44413,10.0
44414,10.0
44415,10.0
44416,10.0
44417,10.0
44418,10.0
44419,10.0
44420,10.0
44421,10.0
44422,10.0
44423,10.0
44424,10.0
44425,10.0
44426,10.0
44427,10.0
44428,10.0
44429,10.0
44430,10.0
44431,10.0
44432,10.0
44433,10.0
44434,10.0
44435,10.0
44436,10.0
44437,10.0
44438,10.0
44439,10.0
44440,10.0
44441,10.0
44442,10.0
44443,10.0
44444,10.0
44445,10.0
44446,10.0
44447,10.0
44448,10.0
44449,10.0
44450,10.0
44451,10.0
44452,10.0
44453,10.0
44454,10.0
44455,10.0
44456,10.0
44457,10.0
44458,10.0
44459,10.0
44460,10.0
44461,10.0
44462,10.0
44463,10.0
44464,10.0
44465,10.0
44466,10.0
44467,10.0
44468,10.0
44469,10.0
44470,10.0
44471,10.0
44472,10.0
44473,10.0
44474,10.0
44475,10.0
44476,10.0
44477,10.0
44478,10.0
44479,10.0
44480,10.0
44481,10.0
44482,10.0
44483,10.0
44484,10.0
44485,10.0
44486,10.0
44487,10.0
44488,10.0
44489,10.0
44490,10.0
44491,10.0
44492,10.0
44493,10.0
44494,10.0
44495,10.0
44496,10.0
44497,10.0
44498,10.0
44499,10.0
44500,10.0
44501,10.0
44502,10.0
44503,10.0
44504,10.0
44505,10.0
44506,10.0
44507,10.0
44508,10.0
44509,10.0
44510,10.0
44511,10.0
44512,10.0
44513,10.0
44514,10.0
44515,10.0
44516,10.0
44517,10.0
44518,10.0
44519,10.0
44520,10.0
44521,10.0
44522,10.0
44523,10.0
44524,10.0
44525,10.0
44526,10.0
44527,11.0
44528,11.0
44529,11.0
44530,11.0
44531,11.0
44532,11.0
44533,11.0
44534,11.0
44535,11.0
44536,11.0
44537,11.0
44538,11.0
44539,11.0
44540,11.0
44541,11.0
44542,11.0
44543,11.0
44544,11.0
44545,11.0
44546,11.0
44547,11.0
44548,11.0
44549,11.0
44550,11.0
44551,11.0
44552,11.0
44553,11.0
44554,11.0
44555,11.0
44556,12.0
44557,12.0
44558,12.0
44559,12.0
44560,12.0
44561,12.0
44562,12.0
44563,12.0
44564,12.0
44565,12.0
44566,12.0
44567,12.0
44568,12.0
44569,12.0
44570,12.0
44571,12.0
44572,12.0
44573,12.0
44574,12.0
44575,12.0
44576,12.0
44577,12.0
44578,12.0
44579,12.0
44580,12.0
44581,12.0
44582,12.0
44583,12.0
44584,12.0
44585,12.0
44586,12.0
44587,12.0
44588,12.0
44589,12.0
44590,12.0
44591,12.0
44592,12.0
44593,12.0
44594,12.0
44595,12.0
44596,12.0
44597,12.0
44598,12.0
44599,12.0
44600,12.0
44601,12.0
44602,12.0
44603,12.0
44604,12.0
44605,12.0
44606,12.0
44607,12.0
44608,12.0
44609,12.0
44610,12.0
44611,12.0
44612,12.0
44613,12.0
44614,12.0
44615,12.0
44616,12.0
44617,12.0
44618,12.0
44619,12.0
44620,12.0
44621,12.0
44622,12.0
44623,12.0
44624,12.0
44625,12.0
44626,12.0
44627,12.0
44628,12.0
44629,12.0
44630,12.0
44631,12.0
44632,12.0
44633,12.0
44634,12.0
44635,12.0
44636,12.0
44637,12.0
44638,12.0
44639,12.0
44640,12.0
44641,12.0
44642,12.0
44643,12.0
44644,12.0
44645,12.0
44646,12.0
44647,11.0
44648,11.0
44649,11.0
44650,11.0
44651,11.0
44652,11.0
44653,11.0
44654,11.0
44655,11.0
44656,11.0
44657,11.0
44658,11.0
44659,11.0
44660,11.0
44661,11.0
44662,11.0
44663,11.0
44664,11.0
44665,11.0
44666,11.0
44667,11.0
44668,10.0
44669,10.0
44670,10.0
44671,10.0
44672,10.0
44673,10.0
44674,10.0
44675,10.0
44676,10.0
44677,10.0
44678,10.0
44679,10.0
44680,10.0
44681,10.0
44682,10.0
44683,10.0
44684,10.0
44685,10.0
44686,10.0
44687,10.0
44688,10.0
44689,10.0
44690,10.0
44691,10.0
44692,10.0
44693,10.0
44694,10.0
44695,9.0
44696,9.0
44697,9.0
44698,9.0
44699,9.0
44700,9.0
44701,9.0
44702,9.0
44703,9.0
44704,9.0
44705,9.0
44706,9.0
44707,9.0
44708,9.0
44709,9.0
44710,9.0
44711,9.0
44712,9.0
44713,9.0
44714,9.0
44715,9.0
44716,9.0
44717,9.0
44718,9.0
44719,9.0
44720,9.0
44721,9.0
44722,9.0
44723,9.0
44724,9.0
44725,9.0
44726,9.0
44727,9.0
44728,9.0
44729,9.0
44730,9.0
44731,9.0
44732,9.0
44733,9.0
44734,9.0
44735,9.0
44736,9.0
44737,9.0
44738,9.0
44739,9.0
44740,9.0
44741,9.0
44742,9.0
44743,9.0
44744,9.0
44745,9.0
44746,9.0
44747,9.0
44748,9.0
44749,9.0
44750,9.0
44751,9.0
44752,9.0
44753,9.0
44754,9.0
44755,9.0
44756,9.0
44757,9.0
44758,9.0
44759,9.0
44760,9.0
44761,9.0
44762,9.0
44763,9.0
44764,9.0
44765,9.0
44766,9.0
44767,9.0
44768,9.0
44769,9.0
44770,9.0
44771,9.0
44772,9.0
44773,9.0
44774,9.0
44775,9.0
44776,9.0
44777,9.0
44778,9.0
44779,9.0
44780,9.0
44781,9.0
44782,9.0
44783,9.0
44784,9.0
44785,9.0
44786,9.0
44787,7.0
44788,7.0
44789,7.0
44790,7.0
44791,7.0
44792,7.0
44793,7.0
44794,7.0
44795,7.0
44796,7.0
44797,7.0
44798,7.0
44799,7.0
44800,7.0
44801,7.0
44802,7.0
44803,7.0
44804,7.0
44805,7.0
44806,7.0
44807,7.0
44808,7.0
44809,7.0
44810,7.0
44811,7.0
44812,7.0
44813,7.0
44814,7.0
44815,7.0
44816,7.0
44817,7.0
44818,7.0
44819,7.0
44820,7.0
44821,7.0
44822,7.0
44823,6.0
44824,6.0
44825,6.0
44826,6.0
44827,6.0
44828,6.0
44829,6.0
44830,6.0
44831,6.0
44832,6.0
44833,6.0
44834,6.0
44835,6.0
44836,6.0
44837,6.0
44838,6.0
44839,6.0
44840,6.0
44841,6.0
44842,6.0
44843,6.0
44844,6.0
44845,6.0
44846,6.0
44847,6.0
44848,6.0
44849,6.0
44850,6.0
44851,6.0
44852,6.0
44853,6.0
44854,6.0
44855,6.0
44856,6.0
44857,6.0
44858,6.0
44859,6.0
44860,6.0
44861,6.0
44862,6.0
44863,6.0
44864,6.0
44865,6.0
44866,6.0
44867,6.0
44868,6.0
44869,6.0
44870,6.0
44871,6.0
44872,6.0
44873,6.0
44874,6.0
44875,6.0
44876,6.0
44877,6.0
44878,6.0
44879,6.0
44880,6.0
44881,6.0
44882,6.0
44883,6.0
44884,6.0
44885,6.0
44886,6.0
44887,6.0
44888,6.0
44889,6.0
44890,6.0
44891,6.0
44892,6.0
44893,6.0
44894,6.0
44895,6.0
44896,6.0
44897,6.0
44898,6.0
44899,6.0
44900,6.0
44901,6.0
44902,6.0
44903,6.0
44904,6.0
44905,6.0
44906,6.0
44907,6.0
44908,6.0
44909,6.0
44910,6.0
44911,6.0
44912,6.0
44913,6.0
44914,6.0
44915,6.0
44916,6.0
44917,6.0
44918,6.0
44919,6.0
44920,6.0
44921,6.0
44922,6.0
44923,6.0
44924,6.0
44925,6.0
44926,6.0
44927,6.0
44928,6.0
44929,6.0
44930,6.0
44931,6.0
44932,6.0
44933,6.0
44934,6.0
44935,6.0
44936,6.0
44937,6.0
44938,6.0
44939,6.0
44940,6.0
44941,6.0
44942,6.0
44943,6.0
44944,6.0
44945,6.0
44946,6.0
44947,6.0
44948,6.0
44949,6.0
44950,6.0
44951,6.0
44952,6.0
44953,6.0
44954,6.0
44955,6.0
44956,6.0
44957,6.0
44958,7.0
44959,7.0
44960,7.0
44961,7.0
44962,7.0
44963,7.0
44964,7.0
44965,7.0
44966,7.0
44967,7.0
44968,7.0
44969,7.0
44970,7.0
44971,7.0
44972,7.0
44973,7.0
44974,7.0
44975,7.0
44976,7.0
44977,6.0
44978,6.0
44979,6.0
44980,6.0
44981,6.0
44982,6.0
44983,6.0
44984,6.0
44985,6.0
44986,6.0
44987,6.0
44988,6.0
44989,6.0
44990,6.0
44991,6.0
44992,6.0
44993,6.0
44994,6.0
44995,6.0
44996,6.0
44997,6.0
44998,6.0
44999,6.0
45000,6.0
45001,6.0
45002,6.0
45003,6.0
45004,6.0
45005,6.0
45006,6.0
45007,6.0
45008,6.0
45009,6.0
45010,6.0
45011,6.0
45012,6.0
45013,6.0
45014,6.0
45015,6.0
45016,6.0
45017,6.0
45018,6.0
45019,6.0
45020,6.0
45021,6.0
45022,6.0
45023,6.0
45024,6.0
45025,6.0
45026,6.0
45027,6.0
45028,6.0
45029,6.0
45030,6.0
45031,6.0
45032,6.0
45033,6.0
45034,6.0
45035,6.0
45036,6.0
45037,6.0
45038,6.0
45039,6.0
45040,6.0
45041,6.0
45042,6.0
45043,6.0
45044,6.0
45045,6.0
45046,6.0
45047,6.0
45048,6.0
45049,6.0
45050,6.0
45051,6.0
45052,6.0
45053,6.0
45054,6.0
45055,6.0
45056,6.0
45057,6.0
45058,6.0
45059,6.0
45060,6.0
45061,6.0
45062,6.0
45063,6.0
45064,6.0
45065,6.0
45066,6.0
45067,6.0
45068,6.0
45069,6.0
45070,6.0
45071,6.0
45072,6.0
45073,6.0
45074,6.0
45075,6.0
45076,6.0
45077,6.0
45078,6.0
45079,6.0
45080,6.0
45081,6.0
45082,6.0
45083,6.0
45084,6.0
45085,6.0
45086,6.0
45087,6.0
45088,6.0
45089,6.0
45090,6.0
45091,6.0
45092,6.0
45093,6.0
45094,6.0
45095,6.0
45096,6.0
45097,6.0
45098,6.0
45099,6.0
45100,6.0
45101,6.0
45102,6.0
45103,6.0
45104,6.0
45105,6.0
45106,6.0
45107,6.0
45108,6.0
45109,6.0
45110,6.0
45111,6.0
45112,6.0
45113,6.0
45114,6.0
45115,6.0
45116,6.0
45117,6.0
45118,6.0
45119,6.0
45120,6.0
45121,6.0
45122,6.0
45123,6.0
45124,6.0
45125,6.0
45126,6.0
45127,6.0
45128,6.0
45129,6.0
45130,7.0
45131,7.0
45132,7.0
45133,7.0
45134,7.0
45135,7.0
45136,7.0
45137,7.0
45138,7.0
45139,7.0
45140,7.0
45141,7.0
45142,7.0
45143,7.0
45144,7.0
45145,7.0
45146,7.0
45147,7.0
45148,7.0
45149,7.0
45150,7.0
45151,7.0
45152,7.0
45153,7.0
45154,7.0
45155,7.0
45156,7.0
45157,7.0
45158,7.0
45159,7.0
45160,7.0
45161,7.0
45162,7.0
45163,7.0
45164,7.0
45165,7.0
45166,7.0
45167,7.0
45168,7.0
45169,7.0
45170,7.0
45171,7.0
45172,7.0
45173,7.0
45174,7.0
45175,7.0
45176,7.0
45177,7.0
45178,7.0
45179,7.0
45180,7.0
45181,7.0
45182,7.0
45183,7.0
45184,7.0
45185,7.0
45186,7.0
45187,7.0
45188,7.0
45189,7.0
45190,7.0
45191,7.0
45192,7.0
45193,7.0
45194,7.0
45195,7.0
45196,7.0
45197,7.0
45198,7.0
45199,7.0
45200,7.0
45201,7.0
45202,7.0
45203,7.0
45204,7.0
45205,7.0
45206,7.0
45207,7.0
45208,7.0
45209,7.0
45210,7.0
45211,7.0
45212,7.0
45213,7.0
45214,7.0
45215,7.0
45216,7.0
45217,7.0
45218,7.0
45219,7.0
45220,7.0
45221,7.0
45222,7.0
45223,7.0
45224,7.0
45225,7.0
45226,7.0
45227,7.0
45228,7.0
45229,7.0
45230,7.0
45231,7.0
45232,7.0
45233,7.0
45234,7.0
45235,7.0
45236,7.0
45237,7.0
45238,7.0
45239,7.0
45240,7.0
45241,7.0
45242,7.0
45243,7.0
45244,7.0
45245,7.0
45246,7.0
45247,7.0
45248,7.0
45249,7.0
45250,7.0
45251,7.0
45252,7.0
45253,7.0
45254,7.0
45255,7.0
45256,7.0
45257,7.0
45258,7.0
45259,7.0
45260,7.0
45261,7.0
45262,7.0
45263,7.0
45264,7.0
45265,7.0
45266,7.0
45267,7.0
45268,7.0
45269,7.0
45270,7.0
45271,7.0
45272,7.0
45273,7.0
45274,7.0
45275,7.0
45276,8.0
45277,8.0
45278,8.0
45279,8.0
45280,8.0
45281,8.0
45282,8.0
45283,8.0
45284,8.0
45285,8.0
45286,8.0
45287,8.0
45288,8.0
45289,8.0
45290,8.0
45291,8.0
45292,8.0
45293,8.0
45294,8.0
45295,8.0
45296,8.0
45297,8.0
45298,8.0
45299,8.0
45300,8.0
45301,8.0
45302,8.0
45303,8.0
45304,8.0
45305,8.0
45306,8.0
45307,8.0
45308,8.0
45309,8.0
45310,8.0
45311,8.0
45312,8.0
45313,8.0
45314,8.0
45315,8.0
45316,8.0
45317,8.0
45318,8.0
45319,8.0
45320,8.0
45321,7.0
45322,7.0
45323,7.0
45324,7.0
45325,7.0
45326,7.0
45327,7.0
45328,7.0
45329,7.0
45330,7.0
45331,7.0
45332,7.0
45333,7.0
45334,7.0
45335,7.0
45336,7.0
45337,7.0
45338,8.0
45339,8.0
45340,8.0
45341,8.0
45342,8.0
45343,8.0
45344,8.0
45345,8.0
45346,8.0
45347,8.0
45348,8.0
45349,8.0
45350,8.0
45351,8.0
45352,8.0
45353,8.0
45354,8.0
45355,8.0
45356,8.0
45357,8.0
45358,8.0
45359,8.0
45360,8.0
45361,8.0
45362,8.0
45363,8.0
45364,8.0
45365,8.0
45366,8.0
45367,8.0
45368,8.0
45369,8.0
45370,8.0
45371,8.0
45372,8.0
45373,9.0
45374,9.0
45375,9.0
45376,9.0
45377,9.0
45378,9.0
45379,9.0
45380,9.0
45381,9.0
45382,9.0
45383,9.0
45384,9.0
45385,9.0
45386,9.0
45387,9.0
45388,9.0
45389,9.0
45390,9.0
45391,9.0
45392,9.0
45393,9.0
45394,9.0
45395,9.0
45396,9.0
45397,9.0
45398,9.0
45399,9.0
45400,9.0
45401,9.0
45402,9.0
45403,9.0
45404,9.0
45405,9.0
45406,9.0
45407,9.0
45408,9.0
45409,9.0
45410,9.0
45411,9.0
45412,9.0
45413,9.0
45414,9.0
45415,9.0
45416,9.0
45417,9.0
45418,9.0
45419,9.0
45420,9.0
45421,9.0
45422,9.0
45423,9.0
45424,9.0
45425,9.0
45426,9.0
45427,9.0
45428,9.0
45429,9.0
45430,9.0
45431,9.0
45432,9.0
45433,9.0
45434,9.0
45435,9.0
45436,9.0
45437,9.0
45438,9.0
45439,9.0
45440,9.0
45441,9.0
45442,9.0
45443,9.0
45444,9.0
45445,9.0
45446,9.0
45447,9.0
45448,9.0
45449,9.0
45450,9.0
45451,9.0
45452,9.0
45453,9.0
45454,9.0
45455,9.0
45456,9.0
45457,9.0
45458,9.0
45459,9.0
45460,9.0
45461,9.0
45462,9.0
45463,9.0
45464,9.0
45465,9.0
45466,9.0
45467,9.0
45468,9.0
45469,9.0
45470,9.0
45471,9.0
45472,9.0
45473,9.0
45474,9.0
45475,9.0
45476,9.0
45477,9.0
45478,9.0
45479,9.0
45480,9.0
45481,9.0
45482,9.0
45483,9.0
45484,9.0
45485,9.0
45486,9.0
45487,9.0
45488,9.0
45489,9.0
45490,9.0
45491,10.0
45492,10.0
45493,10.0
45494,10.0
45495,10.0
45496,10.0
45497,10.0
45498,10.0
45499,10.0
45500,10.0
45501,10.0
45502,10.0
45503,10.0
45504,10.0
45505,10.0
45506,10.0
45507,10.0
45508,10.0
45509,10.0
45510,10.0
45511,10.0
45512,10.0
45513,10.0
45514,10.0
45515,10.0
45516,10.0
45517,10.0
45518,10.0
45519,10.0
45520,10.0
45521,10.0
45522,10.0
45523,10.0
45524,10.0
45525,10.0
45526,10.0
45527,10.0
45528,10.0
45529,10.0
45530,10.0
45531,10.0
45532,10.0
45533,10.0
45534,10.0
45535,10.0
45536,10.0
45537,10.0
45538,10.0
45539,10.0
45540,10.0
45541,10.0
45542,10.0
45543,10.0
45544,10.0
45545,10.0
45546,10.0
45547,10.0
45548,10.0
45549,10.0
45550,10.0
45551,10.0
45552,10.0
45553,10.0
45554,10.0
45555,10.0
45556,10.0
45557,10.0
45558,10.0
45559,10.0
45560,10.0
45561,10.0
45562,10.0
45563,10.0
45564,10.0
45565,10.0
45566,10.0
45567,10.0
45568,10.0
45569,10.0
45570,10.0
45571,10.0
45572,10.0
45573,10.0
45574,10.0
45575,10.0
45576,10.0
45577,10.0
45578,10.0
45579,10.0
45580,10.0
45581,10.0
45582,10.0
45583,10.0
45584,11.0
45585,11.0
45586,11.0
45587,11.0
45588,11.0
45589,11.0
45590,11.0
45591,11.0
45592,11.0
45593,11.0
45594,11.0
45595,11.0
45596,11.0
45597,11.0
45598,11.0
45599,11.0
45600,11.0
45601,11.0
45602,11.0
45603,11.0
45604,11.0
45605,11.0
45606,11.0
45607,11.0
45608,11.0
45609,11.0
45610,11.0
45611,11.0
45612,11.0
45613,11.0
45614,11.0
45615,11.0
45616,11.0
45617,11.0
45618,11.0
45619,11.0
45620,11.0
45621,11.0
45622,11.0
45623,11.0
45624,11.0
45625,11.0
45626,11.0
45627,11.0
45628,11.0
45629,11.0
45630,11.0
45631,11.0
45632,11.0
45633,11.0
45634,11.0
45635,11.0
45636,11.0
45637,11.0
45638,11.0
45639,11.0
45640,11.0
45641,11.0
45642,11.0
45643,11.0
45644,11.0
45645,11.0
45646,11.0
45647,11.0
45648,11.0
45649,11.0
45650,11.0
45651,11.0
45652,11.0
45653,11.0
45654,11.0
45655,11.0
45656,11.0
45657,11.0
45658,11.0
45659,11.0
45660,11.0
45661,11.0
45662,11.0
45663,11.0
45664,11.0
45665,11.0
45666,11.0
45667,11.0
45668,11.0
45669,12.0
45670,12.0
45671,12.0
45672,12.0
45673,12.0
45674,12.0
45675,12.0
45676,12.0
45677,12.0
45678,12.0
45679,12.0
45680,12.0
45681,12.0
45682,12.0
45683,12.0
45684,12.0
45685,12.0
45686,12.0
45687,12.0
45688,12.0
45689,12.0
45690,12.0
45691,12.0
45692,12.0
45693,12.0
45694,12.0
45695,12.0
45696,12.0
45697,12.0
45698,12.0
45699,12.0
45700,12.0
45701,12.0
45702,12.0
45703,12.0
45704,12.0
45705,12.0
45706,12.0
45707,12.0
45708,12.0
45709,12.0
45710,12.0
45711,12.0
45712,12.0
45713,12.0
45714,12.0
45715,12.0
45716,12.0
45717,12.0
45718,12.0
45719,12.0
45720,12.0
45721,12.0
45722,12.0
45723,12.0
45724,12.0
45725,12.0
45726,12.0
45727,12.0
45728,12.0
45729,12.0
45730,12.0
45731,12.0
45732,12.0
45733,12.0
45734,12.0
45735,12.0
45736,12.0
45737,12.0
45738,12.0
45739,12.0
45740,12.0
45741,12.0
45742,12.0
45743,12.0
45744,12.0
45745,12.0
45746,12.0
45747,12.0
45748,12.0
45749,12.0
45750,12.0
45751,12.0
45752,12.0
45753,12.0
45754,12.0
45755,12.0
45756,12.0
45757,12.0
45758,12.0
45759,12.0
45760,12.0
45761,12.0
45762,12.0
45763,12.0
45764,12.0
45765,12.0
45766,12.0
45767,12.0
45768,12.0
45769,12.0
45770,12.0
45771,12.0
45772,12.0
45773,12.0
45774,12.0
45775,12.0
45776,12.0
45777,12.0
45778,12.0
45779,12.0
45780,12.0
45781,12.0
45782,12.0
45783,12.0
45784,12.0
45785,12.0
45786,12.0
45787,12.0
45788,12.0
45789,12.0
45790,12.0
45791,12.0
45792,12.0
45793,12.0
45794,12.0
45795,13.0
45796,13.0
45797,13.0
45798,13.0
45799,13.0
45800,13.0
45801,13.0
45802,13.0
45803,13.0
45804,13.0
45805,13.0
45806,13.0
45807,13.0
45808,13.0
45809,13.0
45810,13.0
45811,13.0
45812,13.0
45813,13.0
45814,13.0
45815,11.0
45816,11.0
45817,11.0
45818,11.0
45819,11.0
45820,11.0
45821,11.0
45822,11.0
45823,11.0
45824,11.0
45825,11.0
45826,11.0
45827,11.0
45828,11.0
45829,11.0
45830,11.0
45831,11.0
45832,11.0
45833,11.0
45834,11.0
45835,11.0
45836,11.0
45837,11.0
45838,11.0
45839,11.0
45840,11.0
45841,11.0
45842,11.0
45843,11.0
45844,11.0
45845,11.0
45846,11.0
45847,11.0
45848,11.0
45849,11.0
45850,11.0
45851,11.0
45852,11.0
45853,11.0
45854,11.0
45855,11.0
45856,11.0
45857,11.0
45858,11.0
45859,11.0
45860,11.0
45861,11.0
45862,11.0
45863,11.0
45864,11.0
45865,11.0
45866,11.0
45867,11.0
45868,11.0
45869,11.0
45870,11.0
45871,11.0
45872,11.0
45873,11.0
45874,11.0
45875,11.0
45876,11.0
45877,11.0
45878,11.0
45879,11.0
45880,11.0
45881,11.0
45882,11.0
45883,11.0
45884,11.0
45885,11.0
45886,11.0
45887,11.0
45888,11.0
45889,11.0
45890,11.0
45891,11.0
45892,11.0
45893,11.0
45894,11.0
45895,11.0
45896,11.0
45897,11.0
45898,11.0
45899,11.0
45900,11.0
45901,11.0
45902,11.0
45903,11.0
45904,11.0
45905,11.0
45906,11.0
45907,11.0
45908,11.0
45909,11.0
45910,11.0
45911,12.0
45912,12.0
45913,12.0
45914,12.0
45915,12.0
45916,12.0
45917,12.0
45918,12.0
45919,12.0
45920,12.0
45921,12.0
45922,12.0
45923,12.0
45924,12.0
45925,12.0
45926,12.0
45927,12.0
45928,12.0
45929,12.0
45930,12.0
45931,12.0
45932,12.0
45933,12.0
45934,12.0
45935,12.0
45936,12.0
45937,12.0
45938,12.0
45939,12.0
45940,12.0
45941,12.0
45942,12.0
45943,12.0
45944,12.0
45945,12.0
45946,12.0
45947,12.0
45948,12.0
45949,12.0
45950,12.0
45951,12.0
45952,12.0
45953,12.0
45954,12.0
45955,12.0
45956,12.0
45957,12.0
45958,12.0
45959,12.0
45960,12.0
45961,12.0
45962,12.0
45963,12.0
45964,12.0
45965,12.0
45966,12.0
45967,12.0
45968,12.0
45969,12.0
45970,12.0
45971,12.0
45972,12.0
45973,12.0
45974,12.0
45975,12.0
45976,12.0
45977,12.0
45978,12.0
45979,12.0
45980,12.0
45981,12.0
45982,12.0
45983,12.0
45984,12.0
45985,12.0
45986,12.0
45987,12.0
45988,12.0
45989,12.0
45990,12.0
45991,12.0
45992,12.0
45993,12.0
45994,12.0
45995,12.0
45996,12.0
45997,12.0
45998,12.0
45999,12.0
46000,12.0
46001,12.0
46002,12.0
46003,12.0
46004,12.0
46005,12.0
46006,12.0
46007,12.0
46008,12.0
46009,12.0
46010,12.0
46011,12.0
46012,12.0
46013,12.0
46014,12.0
46015,12.0
46016,12.0
46017,12.0
46018,12.0
46019,12.0
46020,12.0
46021,12.0
46022,12.0
46023,12.0
46024,12.0
46025,12.0
46026,12.0
46027,12.0
46028,12.0
46029,12.0
46030,12.0
46031,12.0
46032,12.0
46033,12.0
46034,12.0
46035,12.0
46036,12.0
46037,12.0
46038,12.0
46039,12.0
46040,12.0
46041,12.0
46042,12.0
46043,12.0
46044,12.0
46045,12.0
46046,12.0
46047,12.0
46048,12.0
46049,12.0
46050,12.0
46051,12.0
46052,12.0
46053,12.0
46054,12.0
46055,12.0
46056,12.0
46057,12.0
46058,12.0
46059,12.0
46060,12.0
46061,12.0
46062,12.0
46063,12.0
46064,12.0
46065,12.0
46066,12.0
46067,12.0
46068,12.0
46069,12.0
46070,12.0
46071,12.0
46072,12.0
46073,12.0
46074,12.0
46075,12.0
46076,12.0
46077,12.0
46078,12.0
46079,12.0
46080,12.0
46081,12.0
46082,12.0
46083,12.0
46084,12.0
46085,12.0
46086,12.0
46087,12.0
46088,12.0
46089,12.0
46090,12.0
46091,12.0
46092,12.0
46093,12.0
46094,12.0
46095,12.0
46096,12.0
46097,12.0
46098,12.0
46099,12.0
46100,12.0
46101,12.0
46102,12.0
46103,12.0
46104,12.0
46105,12.0
46106,12.0
46107,12.0
46108,12.0
46109,12.0
46110,12.0
46111,12.0
46112,12.0
46113,12.0
46114,12.0
46115,12.0
46116,12.0
46117,12.0
46118,12.0
46119,12.0
46120,12.0
46121,12.0
46122,12.0
46123,12.0
46124,12.0
46125,12.0
46126,12.0
46127,12.0
46128,12.0
46129,12.0
46130,12.0
46131,12.0
46132,12.0
46133,12.0
46134,12.0
46135,12.0
46136,12.0
46137,12.0
46138,12.0
46139,12.0
46140,12.0
46141,12.0
46142,12.0
46143,12.0
46144,12.0
46145,12.0
46146,12.0
46147,12.0
46148,12.0
46149,12.0
46150,12.0
46151,12.0
46152,12.0
46153,12.0
46154,12.0
46155,12.0
46156,12.0
46157,12.0
46158,12.0
46159,12.0
46160,12.0
46161,12.0
46162,12.0
46163,12.0
46164,12.0
46165,12.0
46166,12.0
46167,12.0
46168,12.0
46169,12.0
46170,12.0
46171,12.0
46172,12.0
46173,12.0
46174,12.0
46175,12.0
46176,12.0
46177,12.0
46178,12.0
46179,12.0
46180,12.0
46181,12.0
46182,12.0
46183,12.0
46184,12.0
46185,12.0
46186,12.0
46187,12.0
46188,12.0
46189,12.0
46190,12.0
46191,12.0
46192,12.0
46193,12.0
46194,12.0
46195,12.0
46196,12.0
46197,12.0
46198,12.0
46199,12.0
46200,12.0
46201,12.0
46202,12.0
46203,12.0
46204,12.0
46205,12.0
46206,13.0
46207,13.0
46208,13.0
46209,13.0
46210,13.0
46211,13.0
46212,13.0
46213,13.0
46214,13.0
46215,13.0
46216,13.0
46217,13.0
46218,13.0
46219,13.0
46220,13.0
46221,13.0
46222,13.0
46223,13.0
46224,13.0
46225,13.0
46226,13.0
46227,13.0
46228,13.0
46229,13.0
46230,13.0
46231,13.0
46232,13.0
46233,13.0
46234,13.0
46235,13.0
46236,13.0
46237,13.0
46238,13.0
46239,13.0
46240,13.0
46241,13.0
46242,13.0
46243,13.0
46244,13.0
46245,13.0
46246,13.0
46247,13.0
46248,13.0
46249,13.0
46250,13.0
46251,13.0
46252,13.0
46253,13.0
46254,13.0
46255,13.0
46256,13.0
46257,13.0
46258,13.0
46259,13.0
46260,13.0
46261,13.0
46262,13.0
46263,13.0
46264,13.0
46265,13.0
46266,13.0
46267,13.0
46268,13.0
46269,13.0
46270,13.0
46271,13.0
46272,13.0
46273,13.0
46274,12.0
46275,12.0
46276,12.0
46277,12.0
46278,12.0
46279,12.0
46280,12.0
46281,12.0
46282,12.0
46283,12.0
46284,12.0
46285,12.0
46286,12.0
46287,12.0
46288,12.0
46289,12.0
46290,12.0
46291,12.0
46292,12.0
46293,12.0
46294,12.0
46295,12.0
46296,12.0
46297,12.0
46298,12.0
46299,12.0
46300,12.0
46301,12.0
46302,12.0
46303,12.0
46304,12.0
46305,12.0
46306,12.0
46307,12.0
46308,12.0
46309,12.0
46310,12.0
46311,12.0
46312,12.0
46313,12.0
46314,12.0
46315,12.0
46316,12.0
46317,12.0
46318,12.0
46319,12.0
46320,12.0
46321,12.0
46322,12.0
46323,12.0
46324,12.0
46325,12.0
46326,12.0
46327,12.0
46328,12.0
46329,12.0
46330,12.0
46331,12.0
46332,12.0
46333,12.0
46334,12.0
46335,12.0
46336,12.0
46337,12.0
46338,12.0
46339,12.0
46340,12.0
46341,12.0
46342,12.0
46343,12.0
46344,12.0
46345,12.0
46346,12.0
46347,12.0
46348,12.0
46349,12.0
46350,12.0
46351,12.0
46352,13.0
46353,13.0
46354,14.0
46355,14.0
46356,14.0
46357,14.0
46358,14.0
46359,14.0
46360,14.0
46361,14.0
46362,14.0
46363,14.0
46364,14.0
46365,14.0
46366,14.0
46367,14.0
46368,14.0
46369,14.0
46370,14.0
46371,14.0
46372,14.0
46373,14.0
46374,15.0
46375,15.0
46376,15.0
46377,15.0
46378,15.0
46379,15.0
46380,15.0
46381,15.0
46382,15.0
46383,15.0
46384,15.0
46385,15.0
46386,15.0
46387,15.0
46388,15.0
46389,15.0
46390,15.0
46391,15.0
46392,15.0
46393,15.0
46394,15.0
46395,15.0
46396,12.0
46397,12.0
46398,12.0
46399,12.0
46400,12.0
46401,12.0
46402,12.0
46403,12.0
46404,12.0
46405,12.0
46406,12.0
46407,12.0
46408,13.0
46409,13.0
46410,13.0
46411,13.0
46412,13.0
46413,13.0
46414,13.0
46415,13.0
46416,13.0
46417,13.0
46418,13.0
46419,13.0
46420,13.0
46421,13.0
46422,13.0
46423,13.0
46424,13.0
46425,13.0
46426,13.0
46427,13.0
46428,13.0
46429,13.0
46430,13.0
46431,13.0
46432,13.0
46433,13.0
46434,13.0
46435,13.0
46436,13.0
46437,13.0
46438,13.0
46439,13.0
46440,13.0
46441,13.0
46442,13.0
46443,13.0
46444,13.0
46445,13.0
46446,13.0
46447,13.0
46448,13.0
46449,13.0
46450,13.0
46451,13.0
46452,13.0
46453,13.0
46454,13.0
46455,13.0
46456,13.0
46457,13.0
46458,13.0
46459,13.0
46460,13.0
46461,13.0
46462,13.0
46463,13.0
46464,13.0
46465,13.0
46466,13.0
46467,13.0
46468,13.0
46469,13.0
46470,13.0
46471,13.0
46472,13.0
46473,13.0
46474,13.0
46475,13.0
46476,13.0
46477,13.0
46478,13.0
46479,13.0
46480,13.0
46481,13.0
46482,13.0
46483,13.0
46484,13.0
46485,13.0
46486,13.0
46487,13.0
46488,13.0
46489,13.0
46490,13.0
46491,13.0
46492,13.0
46493,13.0
46494,13.0
46495,13.0
46496,13.0
46497,13.0
46498,13.0
46499,13.0
46500,13.0
46501,13.0
46502,13.0
46503,13.0
46504,13.0
46505,13.0
46506,13.0
46507,13.0
46508,13.0
46509,13.0
46510,13.0
46511,13.0
46512,13.0
46513,13.0
46514,13.0
46515,13.0
46516,13.0
46517,13.0
46518,13.0
46519,13.0
46520,13.0
46521,13.0
46522,13.0
46523,13.0
46524,13.0
46525,13.0
46526,13.0
46527,13.0
46528,13.0
46529,13.0
46530,13.0
46531,13.0
46532,13.0
46533,13.0
46534,13.0
46535,13.0
46536,13.0
46537,13.0
46538,13.0
46539,13.0
46540,13.0
46541,13.0
46542,13.0
46543,13.0
46544,13.0
46545,13.0
46546,13.0
46547,13.0
46548,13.0
46549,13.0
46550,12.0
46551,12.0
46552,12.0
46553,12.0
46554,12.0
46555,12.0
46556,12.0
46557,12.0
46558,12.0
46559,12.0
46560,12.0
46561,12.0
46562,12.0
46563,12.0
46564,12.0
46565,12.0
46566,12.0
46567,12.0
46568,12.0
46569,12.0
46570,12.0
46571,12.0
46572,12.0
46573,12.0
46574,12.0
46575,12.0
46576,12.0
46577,12.0
46578,12.0
46579,12.0
46580,12.0
46581,12.0
46582,12.0
46583,12.0
46584,12.0
46585,12.0
46586,12.0
46587,12.0
46588,12.0
46589,12.0
46590,12.0
46591,12.0
46592,12.0
46593,12.0
46594,12.0
46595,12.0
46596,12.0
46597,12.0
46598,12.0
46599,12.0
46600,12.0
46601,12.0
46602,12.0
46603,12.0
46604,12.0
46605,12.0
46606,12.0
46607,12.0
46608,12.0
46609,12.0
46610,12.0
46611,12.0
46612,12.0
46613,12.0
46614,12.0
46615,12.0
46616,12.0
46617,12.0
46618,12.0
46619,12.0
46620,12.0
46621,12.0
46622,12.0
46623,12.0
46624,12.0
46625,12.0
46626,12.0
46627,12.0
46628,12.0
46629,12.0
46630,12.0
46631,12.0
46632,12.0
46633,12.0
46634,12.0
46635,12.0
46636,12.0
46637,12.0
46638,12.0
46639,12.0
46640,12.0
46641,12.0
46642,12.0
46643,12.0
46644,12.0
46645,12.0
46646,12.0
46647,12.0
46648,12.0
46649,12.0
46650,12.0
46651,12.0
46652,12.0
46653,12.0
46654,12.0
46655,12.0
46656,12.0
46657,12.0
46658,12.0
46659,12.0
46660,12.0
46661,12.0
46662,12.0
46663,12.0
46664,12.0
46665,12.0
46666,12.0
46667,12.0
46668,12.0
46669,12.0
46670,12.0
46671,12.0
46672,12.0
46673,12.0
46674,12.0
46675,12.0
46676,12.0
46677,12.0
46678,13.0
46679,13.0
46680,13.0
46681,13.0
46682,13.0
46683,13.0
46684,13.0
46685,13.0
46686,13.0
46687,13.0
46688,13.0
46689,13.0
46690,13.0
46691,13.0
46692,13.0
46693,13.0
46694,13.0
46695,13.0
46696,13.0
46697,13.0
46698,13.0
46699,13.0
46700,13.0
46701,13.0
46702,13.0
46703,13.0
46704,13.0
46705,13.0
46706,13.0
46707,13.0
46708,13.0
46709,13.0
46710,13.0
46711,13.0
46712,13.0
46713,13.0
46714,13.0
46715,13.0
46716,13.0
46717,13.0
46718,13.0
46719,13.0
46720,13.0
46721,13.0
46722,13.0
46723,13.0
46724,13.0
46725,13.0
46726,13.0
46727,13.0
46728,13.0
46729,13.0
46730,13.0
46731,13.0
46732,13.0
46733,13.0
46734,13.0
46735,13.0
46736,13.0
46737,13.0
46738,13.0
46739,13.0
46740,13.0
46741,13.0
46742,13.0
46743,13.0
46744,13.0
46745,13.0
46746,13.0
46747,13.0
46748,13.0
46749,13.0
46750,13.0
46751,13.0
46752,13.0
46753,13.0
46754,13.0
46755,13.0
46756,13.0
46757,13.0
46758,13.0
46759,13.0
46760,13.0
46761,13.0
46762,13.0
46763,13.0
46764,13.0
46765,13.0
46766,13.0
46767,13.0
46768,13.0
46769,13.0
46770,13.0
46771,13.0
46772,13.0
46773,13.0
46774,13.0
46775,13.0
46776,13.0
46777,13.0
46778,13.0
46779,13.0
46780,13.0
46781,13.0
46782,13.0
46783,13.0
46784,13.0
46785,13.0
46786,13.0
46787,13.0
46788,13.0
46789,13.0
46790,13.0
46791,13.0
46792,13.0
46793,13.0
46794,13.0
46795,13.0
46796,13.0
46797,13.0
46798,13.0
46799,13.0
46800,13.0
46801,13.0
46802,13.0
46803,13.0
46804,13.0
46805,13.0
46806,13.0
46807,13.0
46808,13.0
46809,13.0
46810,13.0
46811,13.0
46812,13.0
46813,13.0
46814,13.0
46815,13.0
46816,13.0
46817,13.0
46818,13.0
46819,13.0
46820,13.0
46821,13.0
46822,13.0
46823,13.0
46824,13.0
46825,13.0
46826,13.0
46827,13.0
46828,13.0
46829,13.0
46830,13.0
46831,13.0
46832,13.0
46833,12.0
46834,12.0
46835,12.0
46836,12.0
46837,12.0
46838,12.0
46839,12.0
46840,12.0
46841,12.0
46842,12.0
46843,12.0
46844,12.0
46845,12.0
46846,12.0
46847,12.0
46848,12.0
46849,12.0
46850,12.0
46851,12.0
46852,12.0
46853,12.0
46854,12.0
46855,12.0
46856,12.0
46857,12.0
46858,12.0
46859,12.0
46860,12.0
46861,12.0
46862,12.0
46863,12.0
46864,12.0
46865,12.0
46866,12.0
46867,12.0
46868,12.0
46869,12.0
46870,12.0
46871,12.0
46872,12.0
46873,12.0
46874,12.0
46875,12.0
46876,12.0
46877,12.0
46878,12.0
46879,12.0
46880,12.0
46881,12.0
46882,12.0
46883,12.0
46884,12.0
46885,12.0
46886,12.0
46887,12.0
46888,12.0
46889,13.0
46890,13.0
46891,13.0
46892,13.0
46893,13.0
46894,13.0
46895,13.0
46896,13.0
46897,13.0
46898,13.0
46899,13.0
46900,13.0
46901,13.0
46902,13.0
46903,13.0
46904,13.0
46905,13.0
46906,13.0
46907,13.0
46908,13.0
46909,13.0
46910,13.0
46911,13.0
46912,13.0
46913,13.0
46914,13.0
46915,13.0
46916,13.0
46917,13.0
46918,13.0
46919,13.0
46920,13.0
46921,13.0
46922,13.0
46923,13.0
46924,13.0
46925,13.0
46926,13.0
46927,13.0
46928,13.0
46929,13.0
46930,13.0
46931,13.0
46932,13.0
46933,13.0
46934,13.0
46935,13.0
46936,13.0
46937,13.0
46938,13.0
46939,13.0
46940,13.0
46941,13.0
46942,13.0
46943,13.0
46944,13.0
46945,13.0
46946,13.0
46947,13.0
46948,13.0
46949,13.0
46950,13.0
46951,13.0
46952,13.0
46953,13.0
46954,13.0
46955,13.0
46956,13.0
46957,13.0
46958,13.0
46959,13.0
46960,13.0
46961,13.0
46962,13.0
46963,13.0
46964,13.0
46965,13.0
46966,13.0
46967,13.0
46968,13.0
46969,13.0
46970,13.0
46971,13.0
46972,13.0
46973,12.0
46974,12.0
46975,12.0
46976,12.0
46977,12.0
46978,12.0
46979,12.0
46980,12.0
46981,12.0
46982,12.0
46983,12.0
46984,12.0
46985,12.0
46986,12.0
46987,12.0
46988,12.0
46989,12.0
46990,12.0
46991,12.0
46992,12.0
46993,12.0
46994,12.0
46995,12.0
46996,12.0
46997,12.0
46998,12.0
46999,12.0
47000,12.0
47001,12.0
47002,12.0
47003,12.0
47004,12.0
47005,12.0
47006,12.0
47007,12.0
47008,12.0
47009,12.0
47010,12.0
47011,12.0
47012,12.0
47013,12.0
47014,12.0
47015,12.0
47016,12.0
47017,12.0
47018,12.0
47019,12.0
47020,12.0
47021,12.0
47022,12.0
47023,12.0
47024,12.0
47025,12.0
47026,12.0
47027,12.0
47028,12.0
47029,12.0
47030,12.0
47031,12.0
47032,12.0
47033,12.0
47034,12.0
47035,12.0
47036,12.0
47037,12.0
47038,12.0
47039,12.0
47040,12.0
47041,12.0
47042,12.0
47043,12.0
47044,12.0
47045,12.0
47046,12.0
47047,12.0
47048,12.0
47049,12.0
47050,12.0
47051,12.0
47052,12.0
47053,12.0
47054,12.0
47055,12.0
47056,12.0
47057,12.0
47058,12.0
47059,12.0
47060,12.0
47061,12.0
47062,12.0
47063,12.0
47064,12.0
47065,12.0
47066,12.0
47067,12.0
47068,12.0
47069,12.0
47070,12.0
47071,9.0
47072,9.0
47073,9.0
47074,9.0
47075,9.0
47076,9.0
47077,9.0
47078,9.0
47079,9.0
47080,9.0
47081,9.0
47082,9.0
47083,9.0
47084,9.0
47085,9.0
47086,9.0
47087,9.0
47088,9.0
47089,9.0
47090,9.0
47091,9.0
47092,9.0
47093,9.0
47094,9.0
47095,9.0
47096,9.0
47097,9.0
47098,9.0
47099,9.0
47100,9.0
47101,9.0
47102,9.0
47103,9.0
47104,9.0
47105,9.0
47106,9.0
47107,9.0
47108,9.0
47109,9.0
47110,9.0
47111,9.0
47112,9.0
47113,9.0
47114,9.0
47115,9.0
47116,9.0
47117,8.0
47118,8.0
47119,8.0
47120,8.0
47121,8.0
47122,8.0
47123,8.0
47124,8.0
47125,8.0
47126,8.0
47127,8.0
47128,8.0
47129,8.0
47130,8.0
47131,8.0
47132,8.0
47133,8.0
47134,8.0
47135,8.0
47136,8.0
47137,8.0
47138,8.0
47139,8.0
47140,8.0
47141,8.0
47142,8.0
47143,8.0
47144,8.0
47145,8.0
47146,8.0
47147,8.0
47148,8.0
47149,8.0
47150,8.0
47151,8.0
47152,8.0
47153,8.0
47154,8.0
47155,8.0
47156,8.0
47157,8.0
47158,8.0
47159,8.0
47160,8.0
47161,8.0
47162,8.0
47163,8.0
47164,8.0
47165,8.0
47166,8.0
47167,8.0
47168,8.0
47169,8.0
47170,8.0
47171,8.0
47172,8.0
47173,8.0
47174,8.0
47175,8.0
47176,8.0
47177,8.0
47178,8.0
47179,8.0
47180,8.0
47181,8.0
47182,8.0
47183,8.0
47184,8.0
47185,8.0
47186,8.0
47187,8.0
47188,8.0
47189,8.0
47190,8.0
47191,8.0
47192,8.0
47193,8.0
47194,8.0
47195,8.0
47196,8.0
47197,8.0
47198,8.0
47199,8.0
47200,8.0
47201,8.0
47202,8.0
47203,8.0
47204,8.0
47205,8.0
47206,8.0
47207,8.0
47208,8.0
47209,8.0
47210,8.0
47211,8.0
47212,8.0
47213,8.0
47214,8.0
47215,8.0
47216,8.0
47217,8.0
47218,8.0
47219,8.0
47220,8.0
47221,8.0
47222,8.0
47223,8.0
47224,8.0
47225,8.0
47226,8.0
47227,8.0
47228,8.0
47229,8.0
47230,8.0
47231,8.0
47232,8.0
47233,8.0
47234,8.0
47235,8.0
47236,8.0
47237,8.0
47238,8.0
47239,8.0
47240,8.0
47241,8.0
47242,8.0
47243,8.0
47244,8.0
47245,8.0
47246,8.0
47247,8.0
47248,8.0
47249,8.0
47250,8.0
47251,8.0
47252,8.0
47253,8.0
47254,8.0
47255,8.0
47256,8.0
47257,8.0
47258,8.0
47259,6.0
47260,6.0
47261,6.0
47262,6.0
47263,6.0
47264,6.0
47265,6.0
47266,6.0
47267,6.0
47268,6.0
47269,6.0
47270,6.0
47271,6.0
47272,6.0
47273,6.0
47274,6.0
47275,6.0
47276,6.0
47277,6.0
47278,6.0
47279,6.0
47280,6.0
47281,6.0
47282,6.0
47283,6.0
47284,6.0
47285,6.0
47286,6.0
47287,6.0
47288,6.0
47289,6.0
47290,6.0
47291,6.0
47292,6.0
47293,6.0
47294,6.0
47295,6.0
47296,6.0
47297,6.0
47298,6.0
47299,6.0
47300,6.0
47301,6.0
47302,6.0
47303,6.0
47304,6.0
47305,6.0
47306,6.0
47307,6.0
47308,6.0
47309,7.0
47310,7.0
47311,7.0
47312,7.0
47313,7.0
47314,7.0
47315,7.0
47316,7.0
47317,7.0
47318,7.0
47319,7.0
47320,7.0
47321,7.0
47322,7.0
47323,7.0
47324,7.0
47325,7.0
47326,7.0
47327,7.0
47328,7.0
47329,7.0
47330,7.0
47331,7.0
47332,7.0
47333,7.0
47334,7.0
47335,7.0
47336,7.0
47337,7.0
47338,7.0
47339,7.0
47340,7.0
47341,7.0
47342,7.0
47343,7.0
47344,7.0
47345,7.0
47346,7.0
47347,7.0
47348,7.0
47349,7.0
47350,7.0
47351,7.0
47352,7.0
47353,7.0
47354,7.0
47355,7.0
47356,7.0
47357,7.0
47358,7.0
47359,7.0
47360,7.0
47361,7.0
47362,7.0
47363,7.0
47364,7.0
47365,7.0
47366,7.0
47367,7.0
47368,7.0
47369,7.0
47370,7.0
47371,7.0
47372,7.0
47373,7.0
47374,7.0
47375,7.0
47376,7.0
47377,7.0
47378,7.0
47379,7.0
47380,7.0
47381,7.0
47382,7.0
47383,7.0
47384,7.0
47385,7.0
47386,7.0
47387,7.0
47388,7.0
47389,7.0
47390,7.0
47391,7.0
47392,7.0
47393,7.0
47394,7.0
47395,7.0
47396,7.0
47397,7.0
47398,7.0
47399,7.0
47400,7.0
47401,7.0
47402,7.0
47403,7.0
47404,7.0
47405,7.0
47406,7.0
47407,7.0
47408,7.0
47409,7.0
47410,7.0
47411,7.0
47412,7.0
47413,7.0
47414,7.0
47415,7.0
47416,7.0
47417,7.0
47418,7.0
47419,7.0
47420,7.0
47421,7.0
47422,7.0
47423,7.0
47424,7.0
47425,7.0
47426,7.0
47427,7.0
47428,7.0
47429,7.0
47430,7.0
47431,7.0
47432,7.0
47433,7.0
47434,7.0
47435,7.0
47436,7.0
47437,7.0
47438,8.0
47439,8.0
47440,8.0
47441,8.0
47442,8.0
47443,8.0
47444,8.0
47445,8.0
47446,8.0
47447,8.0
47448,8.0
47449,8.0
47450,8.0
47451,8.0
47452,8.0
47453,8.0
47454,8.0
47455,8.0
47456,8.0
47457,8.0
47458,8.0
47459,8.0
47460,8.0
47461,8.0
47462,8.0
47463,8.0
47464,8.0
47465,8.0
47466,8.0
47467,8.0
47468,8.0
47469,8.0
47470,8.0
47471,8.0
47472,8.0
47473,8.0
47474,8.0
47475,8.0
47476,8.0
47477,8.0
47478,8.0
47479,8.0
47480,8.0
47481,8.0
47482,8.0
47483,8.0
47484,8.0
47485,8.0
47486,8.0
47487,8.0
47488,8.0
47489,8.0
47490,8.0
47491,8.0
47492,8.0
47493,8.0
47494,8.0
47495,8.0
47496,8.0
47497,8.0
47498,8.0
47499,8.0
47500,8.0
47501,8.0
47502,8.0
47503,8.0
47504,8.0
47505,8.0
47506,8.0
47507,8.0
47508,8.0
47509,8.0
47510,8.0
47511,8.0
47512,8.0
47513,8.0
47514,8.0
47515,8.0
47516,8.0
47517,8.0
47518,8.0
47519,8.0
47520,8.0
47521,8.0
47522,8.0
47523,8.0
47524,8.0
47525,8.0
47526,8.0
47527,8.0
47528,8.0
47529,8.0
47530,8.0
47531,8.0
47532,8.0
47533,8.0
47534,8.0
47535,8.0
47536,8.0
47537,8.0
47538,8.0
47539,8.0
47540,8.0
47541,8.0
47542,8.0
47543,8.0
47544,8.0
47545,8.0
47546,8.0
47547,8.0
47548,8.0
47549,8.0
47550,8.0
47551,8.0
47552,8.0
47553,8.0
47554,8.0
47555,8.0
47556,8.0
47557,8.0
47558,8.0
47559,8.0
47560,8.0
47561,8.0
47562,8.0
47563,8.0
47564,8.0
47565,8.0
47566,8.0
47567,8.0
47568,8.0
47569,8.0
47570,8.0
47571,8.0
47572,8.0
47573,8.0
47574,8.0
47575,8.0
47576,8.0
47577,8.0
47578,8.0
47579,8.0
47580,8.0
47581,8.0
47582,8.0
47583,8.0
47584,8.0
47585,8.0
47586,8.0
47587,8.0
47588,8.0
47589,8.0
47590,8.0
47591,8.0
47592,8.0
47593,8.0
47594,8.0
47595,8.0
47596,8.0
47597,8.0
47598,8.0
47599,8.0
47600,8.0
47601,8.0
47602,8.0
47603,8.0
47604,8.0
47605,8.0
47606,8.0
47607,8.0
47608,8.0
47609,8.0
47610,8.0
47611,8.0
47612,8.0
47613,8.0
47614,8.0
47615,8.0
47616,8.0
47617,8.0
47618,8.0
47619,8.0
47620,8.0
47621,8.0
47622,8.0
47623,8.0
47624,8.0
47625,8.0
47626,8.0
47627,8.0
47628,8.0
47629,8.0
47630,8.0
47631,8.0
47632,8.0
47633,8.0
47634,8.0
47635,8.0
47636,8.0
47637,8.0
47638,8.0
47639,9.0
47640,9.0
47641,9.0
47642,9.0
47643,9.0
47644,9.0
47645,9.0
47646,9.0
47647,9.0
47648,9.0
47649,9.0
47650,9.0
47651,9.0
47652,9.0
47653,9.0
47654,9.0
47655,9.0
47656,9.0
47657,9.0
47658,9.0
47659,9.0
47660,9.0
47661,9.0
47662,10.0
47663,10.0
47664,10.0
47665,10.0
47666,10.0
47667,10.0
47668,10.0
47669,10.0
47670,10.0
47671,10.0
47672,10.0
47673,10.0
47674,10.0
47675,10.0
47676,10.0
47677,10.0
47678,10.0
47679,10.0
47680,10.0
47681,10.0
47682,10.0
47683,10.0
47684,10.0
47685,10.0
47686,10.0
47687,10.0
47688,10.0
47689,10.0
47690,10.0
47691,10.0
47692,10.0
47693,10.0
47694,10.0
47695,10.0
47696,11.0
47697,11.0
47698,11.0
47699,11.0
47700,11.0
47701,11.0
47702,11.0
47703,11.0
47704,11.0
47705,11.0
47706,11.0
47707,11.0
47708,12.0
47709,12.0
47710,12.0
47711,12.0
47712,12.0
47713,12.0
47714,12.0
47715,12.0
47716,12.0
47717,12.0
47718,12.0
47719,12.0
47720,12.0
47721,12.0
47722,12.0
47723,12.0
47724,12.0
47725,12.0
47726,12.0
47727,12.0
47728,12.0
47729,12.0
47730,12.0
47731,12.0
47732,12.0
47733,12.0
47734,12.0
47735,12.0
47736,12.0
47737,12.0
47738,12.0
47739,12.0
47740,12.0
47741,12.0
47742,12.0
47743,12.0
47744,12.0
47745,12.0
47746,12.0
47747,12.0
47748,12.0
47749,12.0
47750,12.0
47751,12.0
47752,12.0
47753,12.0
47754,12.0
47755,12.0
47756,12.0
47757,12.0
47758,12.0
47759,12.0
47760,12.0
47761,12.0
47762,12.0
47763,12.0
47764,12.0
47765,12.0
47766,12.0
47767,12.0
47768,12.0
47769,12.0
47770,12.0
47771,12.0
47772,12.0
47773,12.0
47774,12.0
47775,12.0
47776,12.0
47777,12.0
47778,12.0
47779,12.0
47780,12.0
47781,12.0
47782,12.0
47783,12.0
47784,12.0
47785,12.0
47786,12.0
47787,12.0
47788,12.0
47789,12.0
47790,12.0
47791,12.0
47792,12.0
47793,12.0
47794,12.0
47795,12.0
47796,12.0
47797,12.0
47798,12.0
47799,12.0
47800,12.0
47801,12.0
47802,12.0
47803,12.0
47804,12.0
47805,12.0
47806,12.0
47807,12.0
47808,12.0
47809,12.0
47810,12.0
47811,12.0
47812,12.0
47813,12.0
47814,12.0
47815,12.0
47816,12.0
47817,12.0
47818,12.0
47819,12.0
47820,10.0
47821,10.0
47822,10.0
47823,10.0
47824,10.0
47825,10.0
47826,10.0
47827,10.0
47828,10.0
47829,10.0
47830,10.0
47831,10.0
47832,10.0
47833,10.0
47834,10.0
47835,10.0
47836,10.0
47837,10.0
47838,10.0
47839,10.0
47840,10.0
47841,10.0
47842,10.0
47843,10.0
47844,10.0
47845,10.0
47846,10.0
47847,10.0
47848,10.0
47849,10.0
47850,10.0
47851,10.0
47852,10.0
47853,10.0
47854,10.0
47855,10.0
47856,10.0
47857,10.0
47858,10.0
47859,10.0
47860,10.0
47861,10.0
47862,10.0
47863,10.0
47864,10.0
47865,10.0
47866,10.0
47867,10.0
47868,10.0
47869,10.0
47870,11.0
47871,11.0
47872,11.0
47873,11.0
47874,11.0
47875,11.0
47876,11.0
47877,11.0
47878,11.0
47879,11.0
47880,11.0
47881,9.0
47882,9.0
47883,9.0
47884,9.0
47885,9.0
47886,9.0
47887,9.0
47888,9.0
47889,9.0
47890,9.0
47891,9.0
47892,9.0
47893,9.0
47894,9.0
47895,9.0
47896,9.0
47897,9.0
47898,9.0
47899,9.0
47900,9.0
47901,9.0
47902,9.0
47903,9.0
47904,9.0
47905,6.0
47906,6.0
47907,6.0
47908,6.0
47909,6.0
47910,6.0
47911,6.0
47912,6.0
47913,6.0
47914,6.0
47915,6.0
47916,6.0
47917,6.0
47918,6.0
47919,6.0
47920,6.0
47921,6.0
47922,6.0
47923,6.0
47924,6.0
47925,6.0
47926,6.0
47927,6.0
47928,6.0
47929,6.0
47930,6.0
47931,6.0
47932,6.0
47933,6.0
47934,6.0
47935,6.0
47936,6.0
47937,6.0
47938,6.0
47939,6.0
47940,6.0
47941,6.0
47942,6.0
47943,6.0
47944,6.0
47945,7.0
47946,7.0
47947,7.0
47948,7.0
47949,7.0
47950,7.0
47951,7.0
47952,7.0
47953,7.0
47954,7.0
47955,7.0
47956,7.0
47957,7.0
47958,7.0
47959,7.0
47960,7.0
47961,7.0
47962,7.0
47963,7.0
47964,7.0
47965,7.0
47966,6.0
47967,6.0
47968,6.0
47969,6.0
47970,6.0
47971,6.0
47972,6.0
47973,6.0
47974,6.0
47975,6.0
47976,6.0
47977,6.0
47978,6.0
47979,6.0
47980,6.0
47981,6.0
47982,6.0
47983,6.0
47984,6.0
47985,6.0
47986,6.0
47987,6.0
47988,6.0
47989,6.0
47990,6.0
47991,6.0
47992,6.0
47993,6.0
47994,6.0
47995,6.0
47996,6.0
47997,6.0
47998,6.0
47999,6.0
48000,6.0
48001,6.0
48002,6.0
48003,6.0
48004,6.0
48005,6.0
48006,6.0
48007,6.0
48008,6.0
48009,6.0
48010,6.0
48011,6.0
48012,6.0
48013,6.0
48014,6.0
48015,6.0
48016,6.0
48017,6.0
48018,6.0
48019,6.0
48020,6.0
48021,6.0
48022,6.0
48023,6.0
48024,6.0
48025,6.0
48026,6.0
48027,6.0
48028,6.0
48029,6.0
48030,6.0
48031,6.0
48032,6.0
48033,6.0
48034,6.0
48035,6.0
48036,6.0
48037,6.0
48038,6.0
48039,6.0
48040,6.0
48041,6.0
48042,6.0
48043,6.0
48044,6.0
48045,6.0
48046,6.0
48047,6.0
48048,6.0
48049,6.0
48050,6.0
48051,6.0
48052,6.0
48053,6.0
48054,6.0
48055,6.0
48056,6.0
48057,6.0
48058,6.0
48059,6.0
48060,6.0
48061,6.0
48062,7.0
48063,7.0
48064,7.0
48065,7.0
48066,7.0
48067,7.0
48068,7.0
48069,7.0
48070,7.0
48071,7.0
48072,7.0
48073,7.0
48074,7.0
48075,7.0
48076,7.0
48077,7.0
48078,7.0
48079,7.0
48080,7.0
48081,7.0
48082,7.0
48083,7.0
48084,7.0
48085,7.0
48086,7.0
48087,7.0
48088,7.0
48089,7.0
48090,7.0
48091,7.0
48092,7.0
48093,7.0
48094,7.0
48095,7.0
48096,6.0
48097,6.0
48098,6.0
48099,6.0
48100,6.0
48101,6.0
48102,6.0
48103,6.0
48104,6.0
48105,6.0
48106,6.0
48107,6.0
48108,6.0
48109,6.0
48110,6.0
48111,6.0
48112,6.0
48113,6.0
48114,6.0
48115,6.0
48116,6.0
48117,6.0
48118,6.0
48119,6.0
48120,6.0
48121,6.0
48122,6.0
48123,6.0
48124,6.0
48125,6.0
48126,6.0
48127,6.0
48128,6.0
48129,6.0
48130,6.0
48131,6.0
48132,6.0
48133,6.0
48134,6.0
48135,6.0
48136,6.0
48137,6.0
48138,6.0
48139,6.0
48140,6.0
48141,6.0
48142,6.0
48143,6.0
48144,6.0
48145,6.0
48146,6.0
48147,6.0
48148,6.0
48149,6.0
48150,6.0
48151,6.0
48152,6.0
48153,6.0
48154,6.0
48155,6.0
48156,6.0
48157,6.0
48158,6.0
48159,6.0
48160,6.0
48161,7.0
48162,7.0
48163,7.0
48164,7.0
48165,7.0
48166,7.0
48167,7.0
48168,7.0
48169,7.0
48170,7.0
48171,7.0
48172,7.0
48173,7.0
48174,7.0
48175,7.0
48176,7.0
48177,7.0
48178,7.0
48179,7.0
48180,7.0
48181,7.0
48182,7.0
48183,7.0
48184,7.0
48185,7.0
48186,7.0
48187,7.0
48188,7.0
48189,7.0
48190,7.0
48191,7.0
48192,7.0
48193,7.0
48194,7.0
48195,7.0
48196,7.0
48197,7.0
48198,7.0
48199,7.0
48200,7.0
48201,7.0
48202,7.0
48203,7.0
48204,7.0
48205,7.0
48206,7.0
48207,7.0
48208,7.0
48209,7.0
48210,7.0
48211,7.0
48212,7.0
48213,7.0
48214,7.0
48215,7.0
48216,7.0
48217,7.0
48218,7.0
48219,7.0
48220,7.0
48221,7.0
48222,7.0
48223,7.0
48224,7.0
48225,7.0
48226,7.0
48227,7.0
48228,7.0
48229,7.0
48230,7.0
48231,7.0
48232,7.0
48233,7.0
48234,7.0
48235,7.0
48236,7.0
48237,7.0
48238,7.0
48239,7.0
48240,7.0
48241,7.0
48242,7.0
48243,7.0
48244,7.0
48245,7.0
48246,7.0
48247,7.0
48248,7.0
48249,7.0
48250,7.0
48251,7.0
48252,7.0
48253,7.0
48254,7.0
48255,7.0
48256,7.0
48257,7.0
48258,7.0
48259,7.0
48260,7.0
48261,7.0
48262,7.0
48263,7.0
48264,7.0
48265,7.0
48266,7.0
48267,7.0
48268,7.0
48269,7.0
48270,7.0
48271,7.0
48272,7.0
48273,7.0
48274,7.0
48275,7.0
48276,7.0
48277,7.0
48278,7.0
48279,7.0
48280,7.0
48281,7.0
48282,7.0
48283,7.0
48284,7.0
48285,7.0
48286,7.0
48287,7.0
48288,7.0
48289,7.0
48290,7.0
48291,7.0
48292,7.0
48293,7.0
48294,7.0
48295,7.0
48296,7.0
48297,7.0
48298,7.0
48299,7.0
48300,7.0
48301,7.0
48302,7.0
48303,7.0
48304,7.0
48305,7.0
48306,7.0
48307,7.0
48308,7.0
48309,7.0
48310,7.0
48311,7.0
48312,7.0
48313,7.0
48314,7.0
48315,7.0
48316,7.0
48317,7.0
48318,7.0
48319,7.0
48320,7.0
48321,7.0
48322,7.0
48323,7.0
48324,7.0
48325,7.0
48326,7.0
48327,7.0
48328,7.0
48329,7.0
48330,7.0
48331,7.0
48332,7.0
48333,7.0
48334,7.0
48335,7.0
48336,7.0
48337,7.0
48338,7.0
48339,7.0
48340,7.0
48341,7.0
48342,7.0
48343,7.0
48344,7.0
48345,7.0
48346,7.0
48347,7.0
48348,7.0
48349,7.0
48350,7.0
48351,7.0
48352,7.0
48353,7.0
48354,7.0
48355,7.0
48356,7.0
48357,7.0
48358,7.0
48359,7.0
48360,7.0
48361,7.0
48362,7.0
48363,7.0
48364,7.0
48365,7.0
48366,7.0
48367,7.0
48368,7.0
48369,7.0
48370,7.0
48371,7.0
48372,7.0
48373,7.0
48374,7.0
48375,7.0
48376,7.0
48377,7.0
48378,7.0
48379,7.0
48380,7.0
48381,7.0
48382,7.0
48383,7.0
48384,7.0
48385,7.0
48386,7.0
48387,7.0
48388,7.0
48389,7.0
48390,7.0
48391,7.0
48392,7.0
48393,7.0
48394,7.0
48395,7.0
48396,7.0
48397,7.0
48398,7.0
48399,7.0
48400,7.0
48401,7.0
48402,7.0
48403,7.0
48404,7.0
48405,7.0
48406,7.0
48407,7.0
48408,7.0
48409,7.0
48410,7.0
48411,7.0
48412,7.0
48413,7.0
48414,7.0
48415,7.0
48416,7.0
48417,7.0
48418,7.0
48419,7.0
48420,7.0
48421,7.0
48422,7.0
48423,7.0
48424,7.0
48425,7.0
48426,7.0
48427,7.0
48428,7.0
48429,7.0
48430,7.0
48431,7.0
48432,7.0
48433,7.0
48434,7.0
48435,7.0
48436,7.0
48437,7.0
48438,7.0
48439,7.0
48440,7.0
48441,7.0
48442,7.0
48443,7.0
48444,7.0
48445,7.0
48446,7.0
48447,7.0
48448,7.0
48449,7.0
48450,7.0
48451,7.0
48452,7.0
48453,7.0
48454,7.0
48455,7.0
48456,7.0
48457,7.0
48458,7.0
48459,7.0
48460,7.0
48461,7.0
48462,7.0
48463,7.0
48464,7.0
48465,7.0
48466,7.0
48467,7.0
48468,7.0
48469,7.0
48470,7.0
48471,7.0
48472,7.0
48473,7.0
48474,7.0
48475,7.0
48476,7.0
48477,7.0
48478,7.0
48479,7.0
48480,7.0
48481,7.0
48482,7.0
48483,7.0
48484,7.0
48485,7.0
48486,7.0
48487,7.0
48488,7.0
48489,7.0
48490,7.0
48491,7.0
48492,7.0
48493,7.0
48494,7.0
48495,7.0
48496,7.0
48497,7.0
48498,7.0
48499,7.0
48500,7.0
48501,7.0
48502,7.0
48503,7.0
48504,7.0
48505,7.0
48506,7.0
48507,7.0
48508,7.0
48509,7.0
48510,7.0
48511,7.0
48512,7.0
48513,7.0
48514,7.0
48515,7.0
48516,7.0
48517,7.0
48518,7.0
48519,7.0
48520,7.0
48521,7.0
48522,7.0
48523,7.0
48524,7.0
48525,7.0
48526,7.0
48527,7.0
48528,7.0
48529,7.0
48530,7.0
48531,7.0
48532,7.0
48533,7.0
48534,7.0
48535,7.0
48536,7.0
48537,7.0
48538,7.0
48539,7.0
48540,7.0
48541,7.0
48542,7.0
48543,7.0
48544,7.0
48545,7.0
48546,7.0
48547,7.0
48548,8.0
48549,8.0
48550,8.0
48551,8.0
48552,8.0
48553,8.0
48554,8.0
48555,8.0
48556,8.0
48557,8.0
48558,8.0
48559,8.0
48560,8.0
48561,8.0
48562,8.0
48563,8.0
48564,8.0
48565,8.0
48566,8.0
48567,8.0
48568,8.0
48569,8.0
48570,8.0
48571,8.0
48572,8.0
48573,8.0
48574,8.0
48575,8.0
48576,8.0
48577,8.0
48578,8.0
48579,8.0
48580,8.0
48581,8.0
48582,8.0
48583,8.0
48584,8.0
48585,8.0
48586,7.0
48587,7.0
48588,7.0
48589,7.0
48590,7.0
48591,7.0
48592,7.0
48593,7.0
48594,7.0
48595,7.0
48596,7.0
48597,7.0
48598,7.0
48599,7.0
48600,7.0
48601,7.0
48602,7.0
48603,7.0
48604,7.0
48605,7.0
48606,7.0
48607,7.0
48608,7.0
48609,7.0
48610,7.0
48611,7.0
48612,7.0
48613,7.0
48614,7.0
48615,7.0
48616,7.0
48617,8.0
48618,8.0
48619,8.0
48620,8.0
48621,8.0
48622,8.0
48623,8.0
48624,8.0
48625,8.0
48626,8.0
48627,8.0
48628,8.0
48629,8.0
48630,8.0
48631,8.0
48632,8.0
48633,8.0
48634,8.0
48635,8.0
48636,8.0
48637,8.0
48638,8.0
48639,8.0
48640,8.0
48641,8.0
48642,8.0
48643,8.0
48644,8.0
48645,8.0
48646,8.0
48647,8.0
48648,8.0
48649,8.0
48650,8.0
48651,8.0
48652,8.0
48653,8.0
48654,9.0
48655,9.0
48656,9.0
48657,9.0
48658,9.0
48659,9.0
48660,9.0
48661,9.0
48662,9.0
48663,9.0
48664,9.0
48665,9.0
48666,9.0
48667,9.0
48668,9.0
48669,9.0
48670,9.0
48671,9.0
48672,9.0
48673,9.0
48674,9.0
48675,9.0
48676,9.0
48677,9.0
48678,9.0
48679,9.0
48680,9.0
48681,9.0
48682,9.0
48683,9.0
48684,9.0
48685,9.0
48686,9.0
48687,9.0
48688,9.0
48689,9.0
48690,9.0
48691,9.0
48692,9.0
48693,9.0
48694,9.0
48695,9.0
48696,9.0
48697,9.0
48698,9.0
48699,9.0
48700,9.0
48701,9.0
48702,9.0
48703,9.0
48704,9.0
48705,9.0
48706,9.0
48707,9.0
48708,9.0
48709,9.0
48710,9.0
48711,9.0
48712,9.0
48713,9.0
48714,9.0
48715,9.0
48716,9.0
48717,9.0
48718,9.0
48719,9.0
48720,9.0
48721,9.0
48722,9.0
48723,9.0
48724,10.0
48725,10.0
48726,10.0
48727,10.0
48728,10.0
48729,10.0
48730,10.0
48731,10.0
48732,10.0
48733,10.0
48734,10.0
48735,10.0
48736,10.0
48737,10.0
48738,10.0
48739,10.0
48740,10.0
48741,10.0
48742,10.0
48743,10.0
48744,10.0
48745,10.0
48746,10.0
48747,10.0
48748,10.0
48749,10.0
48750,10.0
48751,10.0
48752,10.0
48753,10.0
48754,10.0
48755,10.0
48756,10.0
48757,10.0
48758,10.0
48759,10.0
48760,10.0
48761,10.0
48762,10.0
48763,10.0
48764,10.0
48765,10.0
48766,10.0
48767,10.0
48768,10.0
48769,10.0
48770,10.0
48771,10.0
48772,10.0
48773,10.0
48774,10.0
48775,10.0
48776,10.0
48777,10.0
48778,10.0
48779,10.0
48780,10.0
48781,10.0
48782,10.0
48783,10.0
48784,10.0
48785,10.0
48786,10.0
48787,10.0
48788,9.0
48789,9.0
48790,9.0
48791,9.0
48792,9.0
48793,9.0
48794,9.0
48795,9.0
