Time (s),Number of Solutions
0,7.0
1,7.0
2,7.0
3,8.0
4,8.0
5,8.0
6,8.0
7,8.0
8,8.0
9,8.0
10,8.0
11,8.0
12,8.0
13,8.0
14,8.0
15,8.0
16,8.0
17,8.0
18,8.0
19,8.0
20,8.0
21,8.0
22,8.0
23,8.0
24,8.0
25,8.0
26,8.0
27,8.0
28,8.0
29,8.0
30,8.0
31,8.0
32,8.0
33,8.0
34,8.0
35,8.0
36,9.0
37,9.0
38,9.0
39,9.0
40,9.0
41,9.0
42,9.0
43,9.0
44,9.0
45,10.0
46,10.0
47,11.0
48,10.0
49,11.0
50,11.0
51,11.0
52,12.0
53,12.0
54,12.0
55,12.0
56,12.0
57,12.0
58,12.0
59,12.0
60,12.0
61,12.0
62,12.0
63,12.0
64,12.0
65,12.0
66,12.0
67,12.0
68,12.0
69,12.0
70,12.0
71,12.0
72,12.0
73,12.0
74,12.0
75,12.0
76,12.0
77,12.0
78,12.0
79,12.0
80,12.0
81,12.0
82,12.0
83,12.0
84,12.0
85,12.0
86,12.0
87,12.0
88,12.0
89,12.0
90,12.0
91,12.0
92,12.0
93,12.0
94,12.0
95,12.0
96,12.0
97,12.0
98,12.0
99,12.0
100,12.0
101,12.0
102,12.0
103,12.0
104,12.0
105,12.0
106,12.0
107,12.0
108,12.0
109,12.0
110,13.0
111,13.0
112,13.0
113,13.0
114,13.0
115,13.0
116,13.0
117,13.0
118,13.0
119,13.0
120,13.0
121,13.0
122,13.0
123,13.0
124,13.0
125,13.0
126,14.0
127,15.0
128,15.0
129,15.0
130,15.0
131,15.0
132,15.0
133,15.0
134,15.0
135,15.0
136,15.0
137,15.0
138,15.0
139,15.0
140,15.0
141,15.0
142,15.0
143,15.0
144,15.0
145,16.0
146,16.0
147,16.0
148,16.0
149,16.0
150,16.0
151,16.0
152,16.0
153,16.0
154,16.0
155,16.0
156,16.0
157,16.0
158,16.0
159,16.0
160,16.0
161,16.0
162,16.0
163,16.0
164,16.0
165,16.0
166,16.0
167,16.0
168,16.0
169,16.0
170,16.0
171,16.0
172,16.0
173,16.0
174,16.0
175,16.0
176,16.0
177,16.0
178,16.0
179,16.0
180,16.0
181,16.0
182,16.0
183,16.0
184,16.0
185,16.0
186,16.0
187,16.0
188,16.0
189,16.0
190,16.0
191,16.0
192,16.0
193,16.0
194,16.0
195,16.0
196,16.0
197,16.0
198,16.0
199,16.0
200,16.0
201,16.0
202,16.0
203,16.0
204,16.0
205,16.0
206,16.0
207,16.0
208,16.0
209,16.0
210,16.0
211,16.0
212,16.0
213,16.0
214,16.0
215,16.0
216,16.0
217,16.0
218,16.0
219,16.0
220,16.0
221,17.0
222,17.0
223,17.0
224,16.0
225,16.0
226,16.0
227,16.0
228,16.0
229,17.0
230,16.0
231,16.0
232,16.0
233,16.0
234,16.0
235,16.0
236,16.0
237,16.0
238,14.0
239,14.0
240,14.0
241,15.0
242,15.0
243,15.0
244,15.0
245,15.0
246,15.0
247,16.0
248,16.0
249,16.0
250,14.0
251,14.0
252,14.0
253,14.0
254,14.0
255,14.0
256,14.0
257,14.0
258,14.0
259,14.0
260,14.0
261,14.0
262,14.0
263,14.0
264,14.0
265,14.0
266,14.0
267,14.0
268,14.0
269,14.0
270,14.0
271,14.0
272,14.0
273,14.0
274,14.0
275,14.0
276,14.0
277,14.0
278,14.0
279,14.0
280,14.0
281,14.0
282,14.0
283,14.0
284,14.0
285,14.0
286,14.0
287,14.0
288,14.0
289,15.0
290,16.0
291,14.0
292,14.0
293,14.0
294,14.0
295,14.0
296,14.0
297,14.0
298,14.0
299,14.0
300,14.0
301,14.0
302,14.0
303,14.0
304,14.0
305,14.0
306,14.0
307,14.0
308,14.0
309,14.0
310,14.0
311,14.0
312,14.0
313,14.0
314,14.0
315,14.0
316,14.0
317,14.0
318,14.0
319,14.0
320,14.0
321,14.0
322,14.0
323,14.0
324,14.0
325,14.0
326,14.0
327,14.0
328,14.0
329,14.0
330,14.0
331,14.0
332,14.0
333,14.0
334,14.0
335,14.0
336,14.0
337,14.0
338,14.0
339,14.0
340,14.0
341,14.0
342,14.0
343,14.0
344,14.0
345,14.0
346,14.0
347,14.0
348,14.0
349,14.0
350,14.0
351,14.0
352,14.0
353,14.0
354,14.0
355,14.0
356,14.0
357,14.0
358,14.0
359,14.0
360,14.0
361,14.0
362,14.0
363,14.0
364,14.0
365,14.0
366,14.0
367,14.0
368,14.0
369,14.0
370,14.0
371,14.0
372,14.0
373,14.0
374,14.0
375,14.0
376,14.0
377,14.0
378,14.0
379,14.0
380,14.0
381,14.0
382,14.0
383,14.0
384,14.0
385,14.0
386,14.0
387,14.0
388,14.0
389,14.0
390,14.0
391,14.0
392,14.0
393,14.0
394,14.0
395,14.0
396,14.0
397,14.0
398,14.0
399,14.0
400,14.0
401,14.0
402,14.0
403,14.0
404,14.0
405,14.0
406,14.0
407,14.0
408,14.0
409,14.0
410,14.0
411,14.0
412,14.0
413,14.0
414,14.0
415,14.0
416,14.0
417,14.0
418,14.0
419,14.0
420,14.0
421,14.0
422,15.0
423,15.0
424,15.0
425,15.0
426,16.0
427,16.0
428,16.0
429,16.0
430,16.0
431,16.0
432,16.0
433,16.0
434,16.0
435,16.0
436,16.0
437,16.0
438,16.0
439,16.0
440,16.0
441,16.0
442,16.0
443,16.0
444,16.0
445,16.0
446,16.0
447,16.0
448,16.0
449,16.0
450,16.0
451,16.0
452,16.0
453,16.0
454,16.0
455,16.0
456,16.0
457,16.0
458,16.0
459,16.0
460,16.0
461,16.0
462,16.0
463,16.0
464,16.0
465,16.0
466,16.0
467,16.0
468,16.0
469,16.0
470,16.0
471,16.0
472,16.0
473,16.0
474,16.0
475,16.0
476,16.0
477,16.0
478,16.0
479,16.0
480,16.0
481,16.0
482,16.0
483,16.0
484,16.0
485,16.0
486,16.0
487,16.0
488,16.0
489,16.0
490,16.0
491,16.0
492,16.0
493,16.0
494,16.0
495,16.0
496,16.0
497,16.0
498,16.0
499,16.0
500,16.0
501,16.0
502,16.0
503,16.0
504,16.0
505,16.0
506,16.0
507,16.0
508,16.0
509,16.0
510,16.0
511,16.0
512,16.0
513,16.0
514,16.0
515,16.0
516,16.0
517,16.0
518,16.0
519,16.0
520,16.0
521,16.0
522,16.0
523,16.0
524,16.0
525,16.0
526,16.0
527,16.0
528,16.0
529,16.0
530,16.0
531,16.0
532,16.0
533,16.0
534,16.0
535,16.0
536,16.0
537,16.0
538,16.0
539,16.0
540,16.0
541,16.0
542,16.0
543,16.0
544,16.0
545,16.0
546,16.0
547,16.0
548,16.0
549,16.0
550,16.0
551,16.0
552,16.0
553,16.0
554,16.0
555,16.0
556,16.0
557,16.0
558,16.0
559,16.0
560,16.0
561,16.0
562,16.0
563,16.0
564,16.0
565,16.0
566,16.0
567,16.0
568,16.0
569,16.0
570,16.0
571,16.0
572,16.0
573,16.0
574,16.0
575,16.0
576,16.0
577,16.0
578,16.0
579,16.0
580,16.0
581,16.0
582,16.0
583,16.0
584,16.0
585,16.0
586,16.0
587,16.0
588,16.0
589,16.0
590,16.0
591,16.0
592,16.0
593,16.0
594,16.0
595,16.0
596,16.0
597,16.0
598,16.0
599,16.0
600,16.0
601,16.0
602,16.0
603,16.0
604,16.0
605,16.0
606,16.0
607,16.0
608,16.0
609,16.0
610,16.0
611,15.0
612,15.0
613,16.0
614,16.0
615,16.0
616,16.0
617,16.0
618,16.0
619,16.0
620,16.0
621,16.0
622,16.0
623,16.0
624,16.0
625,16.0
626,16.0
627,16.0
628,16.0
629,16.0
630,16.0
631,16.0
632,16.0
633,16.0
634,16.0
635,16.0
636,16.0
637,16.0
638,16.0
639,16.0
640,16.0
641,16.0
642,16.0
643,16.0
644,16.0
645,16.0
646,16.0
647,16.0
648,16.0
649,16.0
650,16.0
651,16.0
652,16.0
653,16.0
654,16.0
655,16.0
656,16.0
657,16.0
658,16.0
659,16.0
660,16.0
661,16.0
662,16.0
663,16.0
664,16.0
665,16.0
666,16.0
667,16.0
668,16.0
669,16.0
670,15.0
671,15.0
672,15.0
673,16.0
674,16.0
675,16.0
676,16.0
677,16.0
678,16.0
679,16.0
680,16.0
681,16.0
682,16.0
683,17.0
684,17.0
685,17.0
686,17.0
687,17.0
688,17.0
689,17.0
690,17.0
691,17.0
692,17.0
693,17.0
694,17.0
695,17.0
696,17.0
697,17.0
698,17.0
699,17.0
700,17.0
701,17.0
702,17.0
703,17.0
704,17.0
705,17.0
706,17.0
707,17.0
708,17.0
709,17.0
710,17.0
711,17.0
712,17.0
713,17.0
714,17.0
715,17.0
716,17.0
717,17.0
718,17.0
719,17.0
720,17.0
721,17.0
722,17.0
723,17.0
724,17.0
725,17.0
726,17.0
727,17.0
728,17.0
729,17.0
730,17.0
731,17.0
732,17.0
733,17.0
734,17.0
735,18.0
736,18.0
737,18.0
738,18.0
739,18.0
740,18.0
741,18.0
742,18.0
743,18.0
744,18.0
745,18.0
746,18.0
747,18.0
748,18.0
749,19.0
750,20.0
751,20.0
752,20.0
753,20.0
754,20.0
755,20.0
756,20.0
757,20.0
758,21.0
759,21.0
760,21.0
761,21.0
762,21.0
763,21.0
764,21.0
765,21.0
766,21.0
767,21.0
768,21.0
769,21.0
770,21.0
771,21.0
772,21.0
773,21.0
774,21.0
775,21.0
776,21.0
777,21.0
778,21.0
779,21.0
780,21.0
781,21.0
782,21.0
783,21.0
784,21.0
785,21.0
786,21.0
787,21.0
788,21.0
789,21.0
790,21.0
791,21.0
792,21.0
793,21.0
794,21.0
795,21.0
796,21.0
797,21.0
798,21.0
799,21.0
800,21.0
801,21.0
802,21.0
803,21.0
804,21.0
805,21.0
806,21.0
807,20.0
808,20.0
809,20.0
810,20.0
811,20.0
812,20.0
813,20.0
814,20.0
815,20.0
816,20.0
817,20.0
818,20.0
819,20.0
820,20.0
821,20.0
822,20.0
823,20.0
824,20.0
825,20.0
826,20.0
827,20.0
828,20.0
829,20.0
830,20.0
831,20.0
832,21.0
833,21.0
834,21.0
835,21.0
836,21.0
837,21.0
838,21.0
839,21.0
840,21.0
841,21.0
842,21.0
843,21.0
844,21.0
845,21.0
846,21.0
847,21.0
848,21.0
849,22.0
850,22.0
851,22.0
852,22.0
853,23.0
854,23.0
855,23.0
856,23.0
857,23.0
858,23.0
859,24.0
860,24.0
861,24.0
862,24.0
863,24.0
864,24.0
865,24.0
866,24.0
867,24.0
868,24.0
869,24.0
870,24.0
871,24.0
872,24.0
873,24.0
874,24.0
875,24.0
876,24.0
877,24.0
878,24.0
879,24.0
880,24.0
881,22.0
882,22.0
883,22.0
884,22.0
885,22.0
886,22.0
887,22.0
888,22.0
889,22.0
890,22.0
891,22.0
892,22.0
893,22.0
894,22.0
895,22.0
896,22.0
897,22.0
898,22.0
899,22.0
900,22.0
901,22.0
902,22.0
903,22.0
904,22.0
905,22.0
906,22.0
907,22.0
908,23.0
909,23.0
910,23.0
911,22.0
912,22.0
913,22.0
914,23.0
915,23.0
916,23.0
917,23.0
918,23.0
919,23.0
920,23.0
921,23.0
922,23.0
923,23.0
924,23.0
925,23.0
926,23.0
927,23.0
928,23.0
929,23.0
930,23.0
931,23.0
932,23.0
933,24.0
934,23.0
935,23.0
936,23.0
937,23.0
938,24.0
939,24.0
940,24.0
941,24.0
942,24.0
943,24.0
944,24.0
945,24.0
946,24.0
947,24.0
948,24.0
949,24.0
950,24.0
951,25.0
952,25.0
953,25.0
954,25.0
955,25.0
956,25.0
957,26.0
958,26.0
959,26.0
960,26.0
961,26.0
962,26.0
963,26.0
964,26.0
965,25.0
966,25.0
967,25.0
968,25.0
969,25.0
970,23.0
971,22.0
972,22.0
973,22.0
974,22.0
975,22.0
976,22.0
977,22.0
978,22.0
979,22.0
980,22.0
981,22.0
982,22.0
983,22.0
984,22.0
985,21.0
986,22.0
987,22.0
988,22.0
989,22.0
990,22.0
991,22.0
992,22.0
993,22.0
994,22.0
995,22.0
996,22.0
997,22.0
998,22.0
999,22.0
1000,22.0
1001,22.0
1002,22.0
1003,22.0
1004,22.0
1005,22.0
1006,22.0
1007,22.0
1008,22.0
1009,22.0
1010,22.0
1011,22.0
1012,22.0
1013,22.0
1014,22.0
1015,22.0
1016,22.0
1017,22.0
1018,22.0
1019,22.0
1020,22.0
1021,22.0
1022,22.0
1023,22.0
1024,22.0
1025,22.0
1026,22.0
1027,22.0
1028,22.0
1029,22.0
1030,22.0
1031,22.0
1032,22.0
1033,23.0
1034,23.0
1035,23.0
1036,23.0
1037,23.0
1038,23.0
1039,23.0
1040,23.0
1041,23.0
1042,23.0
1043,23.0
1044,23.0
1045,23.0
1046,23.0
1047,23.0
1048,23.0
1049,23.0
1050,23.0
1051,23.0
1052,23.0
1053,23.0
1054,23.0
1055,23.0
1056,23.0
1057,23.0
1058,23.0
1059,23.0
1060,23.0
1061,23.0
1062,23.0
1063,23.0
1064,23.0
1065,23.0
1066,23.0
1067,23.0
1068,23.0
1069,23.0
1070,23.0
1071,23.0
1072,23.0
1073,23.0
1074,23.0
1075,23.0
1076,23.0
1077,23.0
1078,23.0
1079,23.0
1080,23.0
1081,23.0
1082,23.0
1083,23.0
1084,23.0
1085,23.0
1086,23.0
1087,23.0
1088,23.0
1089,23.0
1090,23.0
1091,23.0
1092,23.0
1093,23.0
1094,23.0
1095,23.0
1096,23.0
1097,23.0
1098,23.0
1099,23.0
1100,23.0
1101,23.0
1102,23.0
1103,23.0
1104,23.0
1105,23.0
1106,23.0
1107,23.0
1108,23.0
1109,23.0
1110,23.0
1111,23.0
1112,23.0
1113,23.0
1114,23.0
1115,23.0
1116,23.0
1117,23.0
1118,21.0
1119,21.0
1120,21.0
1121,21.0
1122,21.0
1123,21.0
1124,20.0
1125,20.0
1126,20.0
1127,19.0
1128,19.0
1129,19.0
1130,19.0
1131,19.0
1132,19.0
1133,19.0
1134,19.0
1135,19.0
1136,19.0
1137,19.0
1138,19.0
1139,19.0
1140,19.0
1141,19.0
1142,19.0
1143,19.0
1144,19.0
1145,19.0
1146,19.0
1147,19.0
1148,19.0
1149,19.0
1150,19.0
1151,19.0
1152,19.0
1153,19.0
1154,19.0
1155,19.0
1156,19.0
1157,19.0
1158,19.0
1159,19.0
1160,19.0
1161,19.0
1162,19.0
1163,19.0
1164,19.0
1165,19.0
1166,19.0
1167,19.0
1168,19.0
1169,19.0
1170,18.0
1171,18.0
1172,18.0
1173,18.0
1174,18.0
1175,18.0
1176,18.0
1177,18.0
1178,18.0
1179,18.0
1180,18.0
1181,18.0
1182,18.0
1183,18.0
1184,18.0
1185,18.0
1186,18.0
1187,19.0
1188,19.0
1189,19.0
1190,19.0
1191,19.0
1192,19.0
1193,19.0
1194,19.0
1195,19.0
1196,19.0
1197,19.0
1198,19.0
1199,19.0
1200,19.0
1201,20.0
1202,19.0
1203,19.0
1204,19.0
1205,19.0
1206,19.0
1207,19.0
1208,19.0
1209,19.0
1210,19.0
1211,19.0
1212,19.0
1213,19.0
1214,19.0
1215,19.0
1216,19.0
1217,19.0
1218,19.0
1219,19.0
1220,19.0
1221,19.0
1222,19.0
1223,19.0
1224,19.0
1225,19.0
1226,19.0
1227,19.0
1228,19.0
1229,19.0
1230,19.0
1231,19.0
1232,19.0
1233,19.0
1234,19.0
1235,19.0
1236,19.0
1237,20.0
1238,20.0
1239,20.0
1240,20.0
1241,20.0
1242,20.0
1243,20.0
1244,20.0
1245,20.0
1246,20.0
1247,20.0
1248,20.0
1249,20.0
1250,20.0
1251,20.0
1252,20.0
1253,20.0
1254,20.0
1255,20.0
1256,20.0
1257,20.0
1258,20.0
1259,20.0
1260,20.0
1261,20.0
1262,20.0
1263,20.0
1264,20.0
1265,20.0
1266,20.0
1267,20.0
1268,20.0
1269,20.0
1270,20.0
1271,20.0
1272,20.0
1273,20.0
1274,20.0
1275,20.0
1276,20.0
1277,20.0
1278,20.0
1279,20.0
1280,20.0
1281,20.0
1282,20.0
1283,20.0
1284,20.0
1285,20.0
1286,21.0
1287,21.0
1288,21.0
1289,21.0
1290,21.0
1291,21.0
1292,21.0
1293,21.0
1294,21.0
1295,21.0
1296,21.0
1297,21.0
1298,21.0
1299,21.0
1300,21.0
1301,21.0
1302,21.0
1303,21.0
1304,21.0
1305,21.0
1306,21.0
1307,21.0
1308,21.0
1309,21.0
1310,21.0
1311,21.0
1312,21.0
1313,20.0
1314,20.0
1315,17.0
1316,17.0
1317,17.0
1318,17.0
1319,17.0
1320,17.0
1321,17.0
1322,17.0
1323,17.0
1324,17.0
1325,17.0
1326,17.0
1327,17.0
1328,17.0
1329,17.0
1330,17.0
1331,17.0
1332,17.0
1333,17.0
1334,17.0
1335,17.0
1336,17.0
1337,17.0
1338,17.0
1339,17.0
1340,17.0
1341,17.0
1342,17.0
1343,17.0
1344,17.0
1345,17.0
1346,17.0
1347,17.0
1348,17.0
1349,17.0
1350,17.0
1351,17.0
1352,17.0
1353,17.0
1354,17.0
1355,17.0
1356,17.0
1357,17.0
1358,17.0
1359,17.0
1360,17.0
1361,17.0
1362,17.0
1363,17.0
1364,17.0
1365,17.0
1366,17.0
1367,17.0
1368,17.0
1369,17.0
1370,17.0
1371,17.0
1372,17.0
1373,17.0
1374,17.0
1375,17.0
1376,17.0
1377,17.0
1378,17.0
1379,17.0
1380,17.0
1381,17.0
1382,17.0
1383,17.0
1384,17.0
1385,17.0
1386,17.0
1387,17.0
1388,17.0
1389,17.0
1390,17.0
1391,17.0
1392,17.0
1393,17.0
1394,17.0
1395,17.0
1396,17.0
1397,17.0
1398,17.0
1399,17.0
1400,17.0
1401,17.0
1402,17.0
1403,17.0
1404,17.0
1405,17.0
1406,17.0
1407,17.0
1408,17.0
1409,17.0
1410,17.0
1411,17.0
1412,18.0
1413,18.0
1414,18.0
1415,18.0
1416,18.0
1417,18.0
1418,18.0
1419,18.0
1420,18.0
1421,18.0
1422,18.0
1423,18.0
1424,18.0
1425,18.0
1426,19.0
1427,19.0
1428,19.0
1429,19.0
1430,19.0
1431,18.0
1432,18.0
1433,18.0
1434,17.0
1435,17.0
1436,17.0
1437,17.0
1438,17.0
1439,17.0
1440,17.0
1441,17.0
1442,17.0
1443,17.0
1444,17.0
1445,17.0
1446,17.0
1447,17.0
1448,17.0
1449,17.0
1450,17.0
1451,18.0
1452,18.0
1453,18.0
1454,18.0
1455,18.0
1456,18.0
1457,18.0
1458,18.0
1459,18.0
1460,18.0
1461,18.0
1462,18.0
1463,18.0
1464,18.0
1465,16.0
1466,16.0
1467,16.0
1468,16.0
1469,16.0
1470,16.0
1471,16.0
1472,16.0
1473,16.0
1474,16.0
1475,16.0
1476,16.0
1477,16.0
1478,16.0
1479,16.0
1480,16.0
1481,16.0
1482,16.0
1483,16.0
1484,16.0
1485,16.0
1486,16.0
1487,17.0
1488,17.0
1489,17.0
1490,17.0
1491,17.0
1492,17.0
1493,17.0
1494,17.0
1495,17.0
1496,17.0
1497,17.0
1498,17.0
1499,17.0
1500,17.0
1501,17.0
1502,17.0
1503,17.0
1504,17.0
1505,17.0
1506,17.0
1507,17.0
1508,17.0
1509,17.0
1510,17.0
1511,17.0
1512,17.0
1513,17.0
1514,18.0
1515,18.0
1516,18.0
1517,18.0
1518,18.0
1519,18.0
1520,18.0
1521,18.0
1522,18.0
1523,18.0
1524,18.0
1525,18.0
1526,18.0
1527,18.0
1528,18.0
1529,18.0
1530,18.0
1531,18.0
1532,18.0
1533,18.0
1534,18.0
1535,18.0
1536,18.0
1537,18.0
1538,18.0
1539,18.0
1540,18.0
1541,18.0
1542,18.0
1543,18.0
1544,18.0
1545,18.0
1546,18.0
1547,18.0
1548,18.0
1549,18.0
1550,18.0
1551,18.0
1552,18.0
1553,18.0
1554,18.0
1555,18.0
1556,18.0
1557,18.0
1558,18.0
1559,18.0
1560,18.0
1561,18.0
1562,18.0
1563,18.0
1564,18.0
1565,18.0
1566,18.0
1567,18.0
1568,18.0
1569,18.0
1570,18.0
1571,18.0
1572,18.0
1573,18.0
1574,18.0
1575,18.0
1576,18.0
1577,18.0
1578,18.0
1579,18.0
1580,18.0
1581,18.0
1582,18.0
1583,18.0
1584,18.0
1585,18.0
1586,18.0
1587,18.0
1588,18.0
1589,18.0
1590,18.0
1591,18.0
1592,18.0
1593,18.0
1594,18.0
1595,18.0
1596,18.0
1597,18.0
1598,18.0
1599,19.0
1600,19.0
1601,19.0
1602,19.0
1603,19.0
1604,19.0
1605,19.0
1606,19.0
1607,19.0
1608,19.0
1609,19.0
1610,19.0
1611,19.0
1612,19.0
1613,19.0
1614,19.0
1615,19.0
1616,19.0
1617,19.0
1618,19.0
1619,19.0
1620,19.0
1621,19.0
1622,19.0
1623,19.0
1624,19.0
1625,19.0
1626,19.0
1627,19.0
1628,19.0
1629,19.0
1630,19.0
1631,19.0
1632,19.0
1633,19.0
1634,19.0
1635,19.0
1636,19.0
1637,19.0
1638,19.0
1639,19.0
1640,19.0
1641,19.0
1642,19.0
1643,19.0
1644,19.0
1645,19.0
1646,19.0
1647,19.0
1648,19.0
1649,19.0
1650,19.0
1651,19.0
1652,19.0
1653,19.0
1654,19.0
1655,19.0
1656,19.0
1657,19.0
1658,19.0
1659,19.0
1660,19.0
1661,19.0
1662,19.0
1663,19.0
1664,19.0
1665,19.0
1666,19.0
1667,19.0
1668,19.0
1669,19.0
1670,19.0
1671,19.0
1672,19.0
1673,19.0
1674,19.0
1675,19.0
1676,19.0
1677,19.0
1678,19.0
1679,19.0
1680,19.0
1681,19.0
1682,19.0
1683,19.0
1684,19.0
1685,19.0
1686,19.0
1687,19.0
1688,19.0
1689,19.0
1690,19.0
1691,19.0
1692,19.0
1693,19.0
1694,19.0
1695,19.0
1696,19.0
1697,19.0
1698,19.0
1699,19.0
1700,19.0
1701,19.0
1702,19.0
1703,19.0
1704,19.0
1705,19.0
1706,19.0
1707,19.0
1708,19.0
1709,19.0
1710,19.0
1711,19.0
1712,19.0
1713,19.0
1714,19.0
1715,19.0
1716,19.0
1717,19.0
1718,19.0
1719,19.0
1720,19.0
1721,19.0
1722,19.0
1723,19.0
1724,19.0
1725,19.0
1726,19.0
1727,19.0
1728,19.0
1729,19.0
1730,19.0
1731,19.0
1732,19.0
1733,19.0
1734,19.0
1735,19.0
1736,19.0
1737,19.0
1738,19.0
1739,19.0
1740,19.0
1741,19.0
1742,19.0
1743,19.0
1744,19.0
1745,19.0
1746,19.0
1747,19.0
1748,19.0
1749,19.0
1750,19.0
1751,19.0
1752,19.0
1753,19.0
1754,19.0
1755,19.0
1756,19.0
1757,19.0
1758,19.0
1759,19.0
1760,19.0
1761,19.0
1762,19.0
1763,19.0
1764,19.0
1765,19.0
1766,19.0
1767,19.0
1768,19.0
1769,19.0
1770,19.0
1771,19.0
1772,19.0
1773,19.0
1774,19.0
1775,19.0
1776,19.0
1777,19.0
1778,19.0
1779,19.0
1780,19.0
1781,19.0
1782,19.0
1783,19.0
1784,19.0
1785,19.0
1786,19.0
1787,19.0
1788,19.0
1789,19.0
1790,19.0
1791,19.0
1792,19.0
1793,19.0
1794,19.0
1795,19.0
1796,19.0
1797,19.0
1798,19.0
1799,19.0
1800,19.0
1801,19.0
1802,19.0
1803,19.0
1804,19.0
1805,19.0
1806,19.0
1807,19.0
1808,19.0
1809,19.0
1810,19.0
1811,19.0
1812,19.0
1813,19.0
1814,19.0
1815,19.0
1816,19.0
1817,19.0
1818,19.0
1819,19.0
1820,19.0
1821,19.0
1822,19.0
1823,19.0
1824,19.0
1825,19.0
1826,19.0
1827,19.0
1828,19.0
1829,19.0
1830,19.0
1831,19.0
1832,19.0
1833,19.0
1834,19.0
1835,19.0
1836,19.0
1837,19.0
1838,19.0
1839,19.0
1840,19.0
1841,19.0
1842,19.0
1843,19.0
1844,19.0
1845,19.0
1846,19.0
1847,19.0
1848,19.0
1849,19.0
1850,19.0
1851,19.0
1852,19.0
1853,19.0
1854,19.0
1855,19.0
1856,19.0
1857,19.0
1858,19.0
1859,19.0
1860,19.0
1861,19.0
1862,19.0
1863,19.0
1864,19.0
1865,19.0
1866,19.0
1867,19.0
1868,19.0
1869,19.0
1870,19.0
1871,19.0
1872,19.0
1873,19.0
1874,19.0
1875,19.0
1876,19.0
1877,19.0
1878,19.0
1879,19.0
1880,19.0
1881,19.0
1882,19.0
1883,19.0
1884,19.0
1885,19.0
1886,19.0
1887,19.0
1888,19.0
1889,19.0
1890,19.0
1891,19.0
1892,19.0
1893,19.0
1894,19.0
1895,19.0
1896,19.0
1897,19.0
1898,19.0
1899,19.0
1900,19.0
1901,19.0
1902,19.0
1903,19.0
1904,19.0
1905,19.0
1906,19.0
1907,19.0
1908,19.0
1909,19.0
1910,19.0
1911,19.0
1912,19.0
1913,19.0
1914,19.0
1915,19.0
1916,19.0
1917,19.0
1918,19.0
1919,19.0
1920,19.0
1921,19.0
1922,19.0
1923,19.0
1924,19.0
1925,19.0
1926,19.0
1927,19.0
1928,19.0
1929,19.0
1930,19.0
1931,19.0
1932,19.0
1933,19.0
1934,19.0
1935,19.0
1936,19.0
1937,19.0
1938,19.0
1939,19.0
1940,19.0
1941,19.0
1942,19.0
1943,19.0
1944,19.0
1945,19.0
1946,19.0
1947,19.0
1948,19.0
1949,19.0
1950,19.0
1951,19.0
1952,19.0
1953,19.0
1954,19.0
1955,19.0
1956,19.0
1957,19.0
1958,19.0
1959,19.0
1960,19.0
1961,19.0
1962,19.0
1963,19.0
1964,19.0
1965,19.0
1966,19.0
1967,19.0
1968,19.0
1969,19.0
1970,19.0
1971,19.0
1972,19.0
1973,19.0
1974,19.0
1975,19.0
1976,19.0
1977,19.0
1978,19.0
1979,19.0
1980,19.0
1981,19.0
1982,19.0
1983,19.0
1984,19.0
1985,19.0
1986,19.0
1987,19.0
1988,19.0
1989,19.0
1990,19.0
1991,19.0
1992,19.0
1993,19.0
1994,19.0
1995,19.0
1996,19.0
1997,19.0
1998,19.0
1999,19.0
2000,19.0
2001,19.0
2002,19.0
2003,19.0
2004,19.0
2005,19.0
2006,19.0
2007,19.0
2008,19.0
2009,19.0
2010,19.0
2011,19.0
2012,19.0
2013,19.0
2014,19.0
2015,19.0
2016,19.0
2017,19.0
2018,19.0
2019,19.0
2020,19.0
2021,19.0
2022,19.0
2023,19.0
2024,19.0
2025,19.0
2026,19.0
2027,19.0
2028,19.0
2029,19.0
2030,19.0
2031,19.0
2032,19.0
2033,19.0
2034,19.0
2035,19.0
2036,19.0
2037,19.0
2038,19.0
2039,19.0
2040,19.0
2041,19.0
2042,19.0
2043,19.0
2044,19.0
2045,19.0
2046,19.0
2047,19.0
2048,19.0
2049,19.0
2050,19.0
2051,19.0
2052,19.0
2053,19.0
2054,19.0
2055,19.0
2056,19.0
2057,19.0
2058,19.0
2059,19.0
2060,19.0
2061,19.0
2062,19.0
2063,19.0
2064,19.0
2065,19.0
2066,19.0
2067,19.0
2068,19.0
2069,19.0
2070,19.0
2071,19.0
2072,19.0
2073,19.0
2074,19.0
2075,19.0
2076,19.0
2077,19.0
2078,19.0
2079,19.0
2080,19.0
2081,19.0
2082,19.0
2083,19.0
2084,19.0
2085,19.0
2086,19.0
2087,19.0
2088,19.0
2089,19.0
2090,19.0
2091,19.0
2092,19.0
2093,19.0
2094,19.0
2095,19.0
2096,19.0
2097,19.0
2098,19.0
2099,19.0
2100,19.0
2101,19.0
2102,19.0
2103,19.0
2104,19.0
2105,19.0
2106,19.0
2107,19.0
2108,19.0
2109,19.0
2110,19.0
2111,19.0
2112,19.0
2113,19.0
2114,19.0
2115,19.0
2116,19.0
2117,19.0
2118,19.0
2119,19.0
2120,19.0
2121,19.0
2122,19.0
2123,19.0
2124,19.0
2125,19.0
2126,19.0
2127,19.0
2128,19.0
2129,19.0
2130,19.0
2131,19.0
2132,19.0
2133,19.0
2134,19.0
2135,19.0
2136,19.0
2137,19.0
2138,19.0
2139,19.0
2140,19.0
2141,19.0
2142,19.0
2143,19.0
2144,19.0
2145,19.0
2146,19.0
2147,19.0
2148,19.0
2149,19.0
2150,19.0
2151,19.0
2152,19.0
2153,19.0
2154,19.0
2155,19.0
2156,19.0
2157,19.0
2158,19.0
2159,19.0
2160,19.0
2161,19.0
2162,19.0
2163,19.0
2164,19.0
2165,19.0
2166,19.0
2167,19.0
2168,19.0
2169,19.0
2170,19.0
2171,19.0
2172,19.0
2173,19.0
2174,19.0
2175,19.0
2176,19.0
2177,19.0
2178,19.0
2179,19.0
2180,19.0
2181,19.0
2182,19.0
2183,19.0
2184,19.0
2185,19.0
2186,19.0
2187,19.0
2188,19.0
2189,19.0
2190,19.0
2191,19.0
2192,19.0
2193,19.0
2194,19.0
2195,19.0
2196,19.0
2197,19.0
2198,19.0
2199,19.0
2200,19.0
2201,19.0
2202,19.0
2203,19.0
2204,19.0
2205,19.0
2206,19.0
2207,19.0
2208,19.0
2209,19.0
2210,19.0
2211,19.0
2212,19.0
2213,19.0
2214,19.0
2215,19.0
2216,19.0
2217,19.0
2218,19.0
2219,19.0
2220,19.0
2221,19.0
2222,19.0
2223,19.0
2224,19.0
2225,19.0
2226,19.0
2227,19.0
2228,19.0
2229,19.0
2230,19.0
2231,19.0
2232,19.0
2233,19.0
2234,19.0
2235,19.0
2236,19.0
2237,19.0
2238,19.0
2239,19.0
2240,19.0
2241,19.0
2242,19.0
2243,19.0
2244,19.0
2245,19.0
2246,19.0
2247,19.0
2248,19.0
2249,19.0
2250,19.0
2251,19.0
2252,19.0
2253,19.0
2254,19.0
2255,19.0
2256,19.0
2257,19.0
2258,19.0
2259,19.0
2260,19.0
2261,19.0
2262,19.0
2263,19.0
2264,19.0
2265,19.0
2266,19.0
2267,19.0
2268,19.0
2269,19.0
2270,19.0
2271,19.0
2272,19.0
2273,19.0
2274,19.0
2275,19.0
2276,19.0
2277,19.0
2278,19.0
2279,19.0
2280,19.0
2281,19.0
2282,19.0
2283,19.0
2284,19.0
2285,19.0
2286,19.0
2287,19.0
2288,19.0
2289,19.0
2290,19.0
2291,19.0
2292,19.0
2293,19.0
2294,19.0
2295,19.0
2296,19.0
2297,19.0
2298,19.0
2299,19.0
2300,19.0
2301,19.0
2302,19.0
2303,19.0
2304,19.0
2305,19.0
2306,19.0
2307,19.0
2308,19.0
2309,20.0
2310,20.0
2311,20.0
2312,20.0
2313,20.0
2314,20.0
2315,20.0
2316,20.0
2317,20.0
2318,20.0
2319,20.0
2320,20.0
2321,20.0
2322,20.0
2323,20.0
2324,20.0
2325,20.0
2326,20.0
2327,20.0
2328,20.0
2329,20.0
2330,20.0
2331,20.0
2332,20.0
2333,20.0
2334,20.0
2335,20.0
2336,20.0
2337,20.0
2338,20.0
2339,20.0
2340,20.0
2341,20.0
2342,20.0
2343,20.0
2344,20.0
2345,20.0
2346,20.0
2347,20.0
2348,20.0
2349,20.0
2350,20.0
2351,20.0
2352,20.0
2353,20.0
2354,20.0
2355,20.0
2356,20.0
2357,20.0
2358,20.0
2359,20.0
2360,20.0
2361,20.0
2362,20.0
2363,20.0
2364,20.0
2365,20.0
2366,20.0
2367,20.0
2368,20.0
2369,20.0
2370,20.0
2371,20.0
2372,20.0
2373,20.0
2374,20.0
2375,20.0
2376,20.0
2377,20.0
2378,20.0
2379,20.0
2380,20.0
2381,20.0
2382,20.0
2383,20.0
2384,20.0
2385,20.0
2386,20.0
2387,20.0
2388,20.0
2389,20.0
2390,20.0
2391,20.0
2392,20.0
2393,20.0
2394,20.0
2395,20.0
2396,20.0
2397,20.0
2398,20.0
2399,20.0
2400,20.0
2401,20.0
2402,20.0
2403,20.0
2404,20.0
2405,20.0
2406,20.0
2407,20.0
2408,20.0
2409,20.0
2410,20.0
2411,20.0
2412,20.0
2413,20.0
2414,20.0
2415,20.0
2416,20.0
2417,20.0
2418,20.0
2419,20.0
2420,20.0
2421,20.0
2422,20.0
2423,20.0
2424,20.0
2425,20.0
2426,20.0
2427,20.0
2428,20.0
2429,20.0
2430,20.0
2431,20.0
2432,20.0
2433,20.0
2434,20.0
2435,20.0
2436,20.0
2437,20.0
2438,20.0
2439,20.0
2440,20.0
2441,20.0
2442,20.0
2443,20.0
2444,20.0
2445,20.0
2446,20.0
2447,20.0
2448,20.0
2449,20.0
2450,20.0
2451,20.0
2452,20.0
2453,20.0
2454,20.0
2455,20.0
2456,20.0
2457,20.0
2458,20.0
2459,20.0
2460,20.0
2461,20.0
2462,20.0
2463,20.0
2464,20.0
2465,20.0
2466,20.0
2467,20.0
2468,20.0
2469,20.0
2470,20.0
2471,20.0
2472,20.0
2473,20.0
2474,20.0
2475,20.0
2476,20.0
2477,20.0
2478,20.0
2479,20.0
2480,20.0
2481,20.0
2482,20.0
2483,20.0
2484,20.0
2485,20.0
2486,20.0
2487,20.0
2488,20.0
2489,20.0
2490,20.0
2491,20.0
2492,20.0
2493,20.0
2494,20.0
2495,20.0
2496,20.0
2497,20.0
2498,20.0
2499,20.0
2500,20.0
2501,20.0
2502,20.0
2503,20.0
2504,20.0
2505,20.0
2506,20.0
2507,20.0
2508,20.0
2509,20.0
2510,20.0
2511,20.0
2512,20.0
2513,20.0
2514,20.0
2515,20.0
2516,20.0
2517,20.0
2518,20.0
2519,20.0
2520,20.0
2521,20.0
2522,20.0
2523,20.0
2524,20.0
2525,20.0
2526,20.0
2527,20.0
2528,20.0
2529,20.0
2530,20.0
2531,20.0
2532,20.0
2533,20.0
2534,20.0
2535,20.0
2536,20.0
2537,20.0
2538,20.0
2539,20.0
2540,20.0
2541,20.0
2542,20.0
2543,20.0
2544,20.0
2545,20.0
2546,20.0
2547,20.0
2548,20.0
2549,20.0
2550,20.0
2551,20.0
2552,20.0
2553,20.0
2554,20.0
2555,20.0
2556,20.0
2557,20.0
2558,20.0
2559,20.0
2560,20.0
2561,20.0
2562,20.0
2563,20.0
2564,20.0
2565,20.0
2566,20.0
2567,20.0
2568,20.0
2569,20.0
2570,20.0
2571,20.0
2572,20.0
2573,20.0
2574,20.0
2575,20.0
2576,20.0
2577,20.0
2578,20.0
2579,20.0
2580,20.0
2581,20.0
2582,20.0
2583,20.0
2584,20.0
2585,20.0
2586,20.0
2587,20.0
2588,20.0
2589,20.0
2590,20.0
2591,20.0
2592,20.0
2593,20.0
2594,20.0
2595,20.0
2596,20.0
2597,20.0
2598,20.0
2599,20.0
2600,20.0
2601,20.0
2602,20.0
2603,20.0
2604,20.0
2605,20.0
2606,20.0
2607,20.0
2608,20.0
2609,20.0
2610,20.0
2611,20.0
2612,20.0
2613,20.0
2614,20.0
2615,20.0
2616,20.0
2617,20.0
2618,20.0
2619,20.0
2620,20.0
2621,20.0
2622,20.0
2623,20.0
2624,20.0
2625,20.0
2626,20.0
2627,20.0
2628,20.0
2629,20.0
2630,20.0
2631,20.0
2632,20.0
2633,20.0
2634,20.0
2635,20.0
2636,20.0
2637,20.0
2638,20.0
2639,20.0
2640,21.0
2641,21.0
2642,21.0
2643,21.0
2644,21.0
2645,21.0
2646,21.0
2647,21.0
2648,21.0
2649,21.0
2650,21.0
2651,21.0
2652,22.0
2653,22.0
2654,22.0
2655,22.0
2656,22.0
2657,22.0
2658,22.0
2659,22.0
2660,22.0
2661,22.0
2662,22.0
2663,22.0
2664,22.0
2665,22.0
2666,22.0
2667,22.0
2668,23.0
2669,23.0
2670,23.0
2671,23.0
2672,23.0
2673,23.0
2674,23.0
2675,23.0
2676,23.0
2677,23.0
2678,23.0
2679,23.0
2680,23.0
2681,23.0
2682,23.0
2683,23.0
2684,23.0
2685,22.0
2686,22.0
2687,23.0
2688,23.0
2689,23.0
2690,23.0
2691,23.0
2692,23.0
2693,23.0
2694,23.0
2695,23.0
2696,23.0
2697,23.0
2698,23.0
2699,23.0
2700,23.0
2701,23.0
2702,23.0
2703,23.0
2704,23.0
2705,23.0
2706,23.0
2707,23.0
2708,23.0
2709,23.0
2710,23.0
2711,23.0
2712,23.0
2713,23.0
2714,23.0
2715,23.0
2716,23.0
2717,23.0
2718,23.0
2719,23.0
2720,23.0
2721,23.0
2722,23.0
2723,23.0
2724,23.0
2725,23.0
2726,23.0
2727,23.0
2728,23.0
2729,23.0
2730,23.0
2731,23.0
2732,23.0
2733,23.0
2734,23.0
2735,23.0
2736,23.0
2737,23.0
2738,23.0
2739,23.0
2740,23.0
2741,23.0
2742,23.0
2743,23.0
2744,23.0
2745,23.0
2746,23.0
2747,23.0
2748,23.0
2749,23.0
2750,23.0
2751,23.0
2752,23.0
2753,23.0
2754,23.0
2755,23.0
2756,23.0
2757,23.0
2758,23.0
2759,23.0
2760,23.0
2761,23.0
2762,23.0
2763,23.0
2764,23.0
2765,23.0
2766,23.0
2767,23.0
2768,23.0
2769,23.0
2770,23.0
2771,23.0
2772,23.0
2773,23.0
2774,23.0
2775,23.0
2776,23.0
2777,23.0
2778,23.0
2779,23.0
2780,23.0
2781,23.0
2782,23.0
2783,23.0
2784,23.0
2785,23.0
2786,23.0
2787,23.0
2788,23.0
2789,23.0
2790,23.0
2791,23.0
2792,23.0
2793,23.0
2794,23.0
2795,23.0
2796,23.0
2797,23.0
2798,23.0
2799,23.0
2800,23.0
2801,23.0
2802,23.0
2803,23.0
2804,23.0
2805,23.0
2806,23.0
2807,23.0
2808,23.0
2809,23.0
2810,23.0
2811,23.0
2812,23.0
2813,23.0
2814,23.0
2815,23.0
2816,23.0
2817,23.0
2818,23.0
2819,23.0
2820,23.0
2821,23.0
2822,23.0
2823,23.0
2824,23.0
2825,23.0
2826,23.0
2827,23.0
2828,23.0
2829,23.0
2830,23.0
2831,23.0
2832,23.0
2833,23.0
2834,23.0
2835,23.0
2836,23.0
2837,23.0
2838,23.0
2839,23.0
2840,23.0
2841,23.0
2842,23.0
2843,23.0
2844,23.0
2845,23.0
2846,23.0
2847,23.0
2848,23.0
2849,23.0
2850,23.0
2851,23.0
2852,23.0
2853,23.0
2854,23.0
2855,23.0
2856,23.0
2857,23.0
2858,23.0
2859,23.0
2860,23.0
2861,23.0
2862,23.0
2863,23.0
2864,23.0
2865,23.0
2866,23.0
2867,23.0
2868,23.0
2869,23.0
2870,23.0
2871,23.0
2872,23.0
2873,23.0
2874,23.0
2875,23.0
2876,23.0
2877,23.0
2878,23.0
2879,23.0
2880,23.0
2881,23.0
2882,23.0
2883,23.0
2884,23.0
2885,23.0
2886,23.0
2887,23.0
2888,23.0
2889,23.0
2890,23.0
2891,23.0
2892,23.0
2893,23.0
2894,23.0
2895,23.0
2896,23.0
2897,23.0
2898,23.0
2899,23.0
2900,23.0
2901,23.0
2902,23.0
2903,23.0
2904,23.0
2905,23.0
2906,23.0
2907,23.0
2908,23.0
2909,23.0
2910,23.0
2911,23.0
2912,23.0
2913,23.0
2914,23.0
2915,23.0
2916,23.0
2917,23.0
2918,23.0
2919,23.0
2920,23.0
2921,23.0
2922,23.0
2923,23.0
2924,23.0
2925,23.0
2926,23.0
2927,23.0
2928,23.0
2929,23.0
2930,23.0
2931,23.0
2932,23.0
2933,23.0
2934,23.0
2935,23.0
2936,23.0
2937,23.0
2938,23.0
2939,23.0
2940,23.0
2941,23.0
2942,23.0
2943,23.0
2944,23.0
2945,23.0
2946,23.0
2947,23.0
2948,23.0
2949,23.0
2950,23.0
2951,23.0
2952,23.0
2953,23.0
2954,23.0
2955,23.0
2956,23.0
2957,23.0
2958,23.0
2959,23.0
2960,23.0
2961,23.0
2962,23.0
2963,23.0
2964,23.0
2965,23.0
2966,23.0
2967,23.0
2968,23.0
2969,23.0
2970,23.0
2971,23.0
2972,23.0
2973,23.0
2974,23.0
2975,23.0
2976,23.0
2977,23.0
2978,23.0
2979,23.0
2980,23.0
2981,23.0
2982,23.0
2983,23.0
2984,23.0
2985,23.0
2986,23.0
2987,23.0
2988,23.0
2989,23.0
2990,23.0
2991,23.0
2992,23.0
2993,23.0
2994,23.0
2995,23.0
2996,23.0
2997,23.0
2998,23.0
2999,23.0
3000,23.0
3001,23.0
3002,23.0
3003,23.0
3004,23.0
3005,23.0
3006,23.0
3007,23.0
3008,23.0
3009,23.0
3010,23.0
3011,23.0
3012,23.0
3013,23.0
3014,23.0
3015,23.0
3016,23.0
3017,23.0
3018,23.0
3019,23.0
3020,23.0
3021,23.0
3022,23.0
3023,23.0
3024,23.0
3025,23.0
3026,23.0
3027,23.0
3028,23.0
3029,23.0
3030,23.0
3031,23.0
3032,23.0
3033,23.0
3034,23.0
3035,23.0
3036,23.0
3037,23.0
3038,23.0
3039,23.0
3040,23.0
3041,23.0
3042,23.0
3043,23.0
3044,23.0
3045,23.0
3046,23.0
3047,23.0
3048,23.0
3049,23.0
3050,23.0
3051,23.0
3052,23.0
3053,23.0
3054,23.0
3055,23.0
3056,23.0
3057,23.0
3058,23.0
3059,23.0
3060,23.0
3061,23.0
3062,23.0
3063,23.0
3064,23.0
3065,23.0
3066,23.0
3067,23.0
3068,23.0
3069,23.0
3070,23.0
3071,23.0
3072,23.0
3073,23.0
3074,23.0
3075,23.0
3076,23.0
3077,23.0
3078,23.0
3079,23.0
3080,23.0
3081,23.0
3082,23.0
3083,23.0
3084,23.0
3085,23.0
3086,23.0
3087,23.0
3088,23.0
3089,23.0
3090,23.0
3091,23.0
3092,23.0
3093,23.0
3094,23.0
3095,23.0
3096,23.0
3097,23.0
3098,23.0
3099,23.0
3100,23.0
3101,23.0
3102,23.0
3103,23.0
3104,23.0
3105,23.0
3106,23.0
3107,23.0
3108,23.0
3109,23.0
3110,23.0
3111,23.0
3112,23.0
3113,23.0
3114,23.0
3115,23.0
3116,23.0
3117,23.0
3118,23.0
3119,23.0
3120,23.0
3121,23.0
3122,23.0
3123,23.0
3124,23.0
3125,23.0
3126,23.0
3127,23.0
3128,23.0
3129,23.0
3130,23.0
3131,23.0
3132,23.0
3133,23.0
3134,23.0
3135,23.0
3136,23.0
3137,23.0
3138,23.0
3139,23.0
3140,23.0
3141,23.0
3142,23.0
3143,23.0
3144,23.0
3145,23.0
3146,23.0
3147,23.0
3148,23.0
3149,23.0
3150,23.0
3151,23.0
3152,23.0
3153,23.0
3154,23.0
3155,23.0
3156,23.0
3157,23.0
3158,23.0
3159,23.0
3160,23.0
3161,23.0
3162,23.0
3163,23.0
3164,23.0
3165,23.0
3166,23.0
3167,23.0
3168,23.0
3169,23.0
3170,23.0
3171,23.0
3172,23.0
3173,23.0
3174,23.0
3175,23.0
3176,23.0
3177,23.0
3178,23.0
3179,23.0
3180,23.0
3181,23.0
3182,23.0
3183,23.0
3184,23.0
3185,23.0
3186,23.0
3187,23.0
3188,23.0
3189,23.0
3190,23.0
3191,23.0
3192,23.0
3193,23.0
3194,23.0
3195,23.0
3196,23.0
3197,23.0
3198,23.0
3199,23.0
3200,23.0
3201,23.0
3202,23.0
3203,23.0
3204,23.0
3205,23.0
3206,23.0
3207,23.0
3208,23.0
3209,23.0
3210,23.0
3211,23.0
3212,23.0
3213,23.0
3214,23.0
3215,23.0
3216,23.0
3217,23.0
3218,23.0
3219,23.0
3220,23.0
3221,23.0
3222,23.0
3223,23.0
3224,23.0
3225,23.0
3226,23.0
3227,23.0
3228,23.0
3229,23.0
3230,23.0
3231,23.0
3232,23.0
3233,23.0
3234,23.0
3235,23.0
3236,23.0
3237,23.0
3238,23.0
3239,23.0
3240,23.0
3241,23.0
3242,23.0
3243,23.0
3244,23.0
3245,23.0
3246,23.0
3247,23.0
3248,23.0
3249,23.0
3250,23.0
3251,23.0
3252,23.0
3253,23.0
3254,23.0
3255,23.0
3256,23.0
3257,23.0
3258,23.0
3259,23.0
3260,23.0
3261,23.0
3262,23.0
3263,23.0
3264,23.0
3265,23.0
3266,23.0
3267,23.0
3268,23.0
3269,23.0
3270,23.0
3271,23.0
3272,23.0
3273,23.0
3274,23.0
3275,23.0
3276,23.0
3277,23.0
3278,23.0
3279,23.0
3280,23.0
3281,23.0
3282,23.0
3283,23.0
3284,23.0
3285,23.0
3286,23.0
3287,23.0
3288,23.0
3289,23.0
3290,23.0
3291,23.0
3292,23.0
3293,23.0
3294,23.0
3295,23.0
3296,23.0
3297,23.0
3298,23.0
3299,23.0
3300,23.0
3301,23.0
3302,23.0
3303,23.0
3304,23.0
3305,23.0
3306,23.0
3307,23.0
3308,23.0
3309,23.0
3310,23.0
3311,23.0
3312,23.0
3313,23.0
3314,23.0
3315,23.0
3316,23.0
3317,23.0
3318,23.0
3319,23.0
3320,23.0
3321,23.0
3322,23.0
3323,23.0
3324,23.0
3325,23.0
3326,23.0
3327,23.0
3328,23.0
3329,23.0
3330,23.0
3331,23.0
3332,23.0
3333,23.0
3334,23.0
3335,23.0
3336,23.0
3337,23.0
3338,23.0
3339,23.0
3340,23.0
3341,23.0
3342,23.0
3343,23.0
3344,23.0
3345,23.0
3346,23.0
3347,23.0
3348,23.0
3349,23.0
3350,23.0
3351,23.0
3352,23.0
3353,23.0
3354,23.0
3355,23.0
3356,23.0
3357,23.0
3358,23.0
3359,23.0
3360,23.0
3361,23.0
3362,23.0
3363,23.0
3364,23.0
3365,23.0
3366,23.0
3367,23.0
3368,23.0
3369,23.0
3370,23.0
3371,23.0
3372,23.0
3373,23.0
3374,23.0
3375,23.0
3376,23.0
3377,23.0
3378,23.0
3379,23.0
3380,23.0
3381,23.0
3382,23.0
3383,23.0
3384,23.0
3385,23.0
3386,23.0
3387,23.0
3388,23.0
3389,23.0
3390,23.0
3391,23.0
3392,23.0
3393,23.0
3394,23.0
3395,23.0
3396,23.0
3397,23.0
3398,23.0
3399,23.0
3400,23.0
3401,23.0
3402,23.0
3403,23.0
3404,23.0
3405,23.0
3406,23.0
3407,23.0
3408,23.0
3409,23.0
3410,23.0
3411,23.0
3412,23.0
3413,23.0
3414,23.0
3415,23.0
3416,23.0
3417,23.0
3418,23.0
3419,23.0
3420,23.0
3421,23.0
3422,23.0
3423,23.0
3424,23.0
3425,23.0
3426,23.0
3427,23.0
3428,23.0
3429,23.0
3430,23.0
3431,23.0
3432,23.0
3433,23.0
3434,23.0
3435,23.0
3436,23.0
3437,23.0
3438,23.0
3439,23.0
3440,23.0
3441,23.0
3442,23.0
3443,23.0
3444,23.0
3445,23.0
3446,23.0
3447,23.0
3448,23.0
3449,23.0
3450,23.0
3451,23.0
3452,23.0
3453,23.0
3454,23.0
3455,23.0
3456,23.0
3457,23.0
3458,24.0
3459,24.0
3460,24.0
3461,24.0
3462,24.0
3463,24.0
3464,24.0
3465,24.0
3466,24.0
3467,24.0
3468,24.0
3469,24.0
3470,24.0
3471,24.0
3472,24.0
3473,24.0
3474,24.0
3475,24.0
3476,24.0
3477,24.0
3478,24.0
3479,24.0
3480,24.0
3481,24.0
3482,24.0
3483,25.0
3484,25.0
3485,25.0
3486,25.0
3487,25.0
3488,25.0
3489,25.0
3490,25.0
3491,25.0
3492,25.0
3493,25.0
3494,25.0
3495,25.0
3496,25.0
3497,25.0
3498,25.0
3499,24.0
3500,24.0
3501,24.0
3502,24.0
3503,24.0
3504,24.0
3505,24.0
3506,24.0
3507,24.0
3508,24.0
3509,24.0
3510,24.0
3511,24.0
3512,25.0
3513,25.0
3514,25.0
3515,25.0
3516,25.0
3517,25.0
3518,25.0
3519,25.0
3520,25.0
3521,25.0
3522,25.0
3523,25.0
3524,25.0
3525,25.0
3526,25.0
3527,25.0
3528,25.0
3529,25.0
3530,25.0
3531,25.0
3532,25.0
3533,25.0
3534,25.0
3535,25.0
3536,25.0
3537,25.0
3538,25.0
3539,25.0
3540,25.0
3541,23.0
3542,23.0
3543,23.0
3544,23.0
3545,23.0
3546,23.0
3547,23.0
3548,23.0
3549,23.0
3550,23.0
3551,22.0
3552,22.0
3553,22.0
3554,22.0
3555,23.0
3556,24.0
3557,24.0
3558,24.0
3559,24.0
3560,24.0
3561,24.0
3562,24.0
3563,24.0
3564,24.0
3565,25.0
3566,25.0
3567,25.0
3568,25.0
3569,25.0
3570,25.0
3571,25.0
3572,25.0
3573,25.0
3574,25.0
3575,25.0
3576,25.0
3577,25.0
3578,25.0
3579,25.0
3580,25.0
3581,25.0
3582,25.0
3583,25.0
3584,25.0
3585,25.0
3586,25.0
3587,25.0
3588,25.0
3589,25.0
3590,25.0
3591,25.0
3592,25.0
3593,25.0
3594,25.0
3595,25.0
3596,25.0
3597,25.0
3598,25.0
3599,25.0
3600,25.0
3601,25.0
3602,25.0
3603,25.0
3604,25.0
3605,25.0
3606,25.0
3607,25.0
3608,25.0
3609,25.0
3610,25.0
3611,25.0
3612,25.0
3613,25.0
3614,25.0
3615,25.0
3616,25.0
3617,25.0
3618,25.0
3619,25.0
3620,25.0
3621,25.0
3622,25.0
3623,25.0
3624,25.0
3625,25.0
3626,25.0
3627,25.0
3628,25.0
3629,25.0
3630,25.0
3631,25.0
3632,25.0
3633,25.0
3634,25.0
3635,25.0
3636,25.0
3637,25.0
3638,25.0
3639,25.0
3640,25.0
3641,25.0
3642,25.0
3643,25.0
3644,25.0
3645,25.0
3646,25.0
3647,25.0
3648,25.0
3649,25.0
3650,25.0
3651,25.0
3652,25.0
3653,25.0
3654,25.0
3655,25.0
3656,25.0
3657,25.0
3658,25.0
3659,25.0
3660,25.0
3661,25.0
3662,25.0
3663,25.0
3664,25.0
3665,25.0
3666,25.0
3667,25.0
3668,25.0
3669,25.0
3670,25.0
3671,25.0
3672,25.0
3673,25.0
3674,25.0
3675,25.0
3676,25.0
3677,25.0
3678,25.0
3679,25.0
3680,25.0
3681,25.0
3682,25.0
3683,25.0
3684,25.0
3685,25.0
3686,25.0
3687,25.0
3688,25.0
3689,25.0
3690,25.0
3691,25.0
3692,25.0
3693,25.0
3694,25.0
3695,25.0
3696,25.0
3697,25.0
3698,25.0
3699,25.0
3700,25.0
3701,25.0
3702,25.0
3703,25.0
3704,25.0
3705,25.0
3706,25.0
3707,25.0
3708,25.0
3709,25.0
3710,25.0
3711,25.0
3712,25.0
3713,25.0
3714,25.0
3715,25.0
3716,25.0
3717,25.0
3718,25.0
3719,25.0
3720,25.0
3721,25.0
3722,25.0
3723,25.0
3724,25.0
3725,25.0
3726,25.0
3727,25.0
3728,25.0
3729,25.0
3730,25.0
3731,25.0
3732,25.0
3733,25.0
3734,25.0
3735,25.0
3736,25.0
3737,25.0
3738,25.0
3739,25.0
3740,25.0
3741,25.0
3742,25.0
3743,25.0
3744,25.0
3745,25.0
3746,25.0
3747,25.0
3748,25.0
3749,25.0
3750,25.0
3751,25.0
3752,25.0
3753,25.0
3754,25.0
3755,25.0
3756,25.0
3757,25.0
3758,25.0
3759,25.0
3760,25.0
3761,25.0
3762,25.0
3763,25.0
3764,25.0
3765,25.0
3766,25.0
3767,25.0
3768,25.0
3769,25.0
3770,25.0
3771,25.0
3772,25.0
3773,25.0
3774,25.0
3775,25.0
3776,25.0
3777,25.0
3778,25.0
3779,25.0
3780,25.0
3781,25.0
3782,25.0
3783,25.0
3784,25.0
3785,25.0
3786,25.0
3787,25.0
3788,25.0
3789,25.0
3790,25.0
3791,25.0
3792,25.0
3793,25.0
3794,25.0
3795,25.0
3796,25.0
3797,25.0
3798,25.0
3799,25.0
3800,25.0
3801,25.0
3802,25.0
3803,25.0
3804,25.0
3805,25.0
3806,25.0
3807,25.0
3808,25.0
3809,25.0
3810,25.0
3811,25.0
3812,25.0
3813,25.0
3814,25.0
3815,25.0
3816,25.0
3817,25.0
3818,25.0
3819,25.0
3820,25.0
3821,25.0
3822,25.0
3823,25.0
3824,25.0
3825,25.0
3826,25.0
3827,25.0
3828,25.0
3829,25.0
3830,25.0
3831,25.0
3832,25.0
3833,25.0
3834,25.0
3835,25.0
3836,25.0
3837,25.0
3838,25.0
3839,25.0
3840,25.0
3841,25.0
3842,25.0
3843,25.0
3844,25.0
3845,25.0
3846,25.0
3847,25.0
3848,25.0
3849,25.0
3850,25.0
3851,25.0
3852,25.0
3853,25.0
3854,25.0
3855,25.0
3856,25.0
3857,25.0
3858,25.0
3859,25.0
3860,25.0
3861,25.0
3862,25.0
3863,25.0
3864,25.0
3865,25.0
3866,25.0
3867,25.0
3868,25.0
3869,25.0
3870,26.0
3871,24.0
3872,24.0
3873,24.0
3874,24.0
3875,24.0
3876,24.0
3877,24.0
3878,24.0
3879,24.0
3880,24.0
3881,24.0
3882,24.0
3883,24.0
3884,24.0
3885,24.0
3886,24.0
3887,25.0
3888,25.0
3889,25.0
3890,25.0
3891,25.0
3892,25.0
3893,25.0
3894,25.0
3895,24.0
3896,24.0
3897,24.0
3898,24.0
3899,24.0
3900,24.0
3901,24.0
3902,24.0
3903,23.0
3904,23.0
3905,23.0
3906,23.0
3907,23.0
3908,23.0
3909,23.0
3910,23.0
3911,23.0
3912,23.0
3913,22.0
3914,22.0
3915,22.0
3916,22.0
3917,22.0
3918,22.0
3919,22.0
3920,22.0
3921,22.0
3922,22.0
3923,22.0
3924,22.0
3925,22.0
3926,22.0
3927,22.0
3928,22.0
3929,22.0
3930,22.0
3931,22.0
3932,22.0
3933,22.0
3934,22.0
3935,22.0
3936,22.0
3937,22.0
3938,22.0
3939,22.0
3940,22.0
3941,22.0
3942,22.0
3943,22.0
3944,22.0
3945,22.0
3946,22.0
3947,22.0
3948,22.0
3949,22.0
3950,22.0
3951,22.0
3952,22.0
3953,22.0
3954,22.0
3955,22.0
3956,22.0
3957,23.0
3958,23.0
3959,23.0
3960,23.0
3961,23.0
3962,23.0
3963,23.0
3964,23.0
3965,23.0
3966,23.0
3967,23.0
3968,23.0
3969,23.0
3970,23.0
3971,23.0
3972,23.0
3973,23.0
3974,23.0
3975,23.0
3976,23.0
3977,23.0
3978,23.0
3979,23.0
3980,23.0
3981,23.0
3982,23.0
3983,23.0
3984,23.0
3985,23.0
3986,23.0
3987,23.0
3988,23.0
3989,23.0
3990,23.0
3991,23.0
3992,23.0
3993,23.0
3994,23.0
3995,23.0
3996,23.0
3997,23.0
3998,23.0
3999,23.0
4000,23.0
4001,23.0
4002,23.0
4003,23.0
4004,23.0
4005,23.0
4006,23.0
4007,23.0
4008,23.0
4009,23.0
4010,23.0
4011,23.0
4012,23.0
4013,23.0
4014,23.0
4015,23.0
4016,23.0
4017,23.0
4018,23.0
4019,23.0
4020,23.0
4021,23.0
4022,23.0
4023,23.0
4024,23.0
4025,23.0
4026,23.0
4027,23.0
4028,23.0
4029,23.0
4030,23.0
4031,23.0
4032,23.0
4033,23.0
4034,23.0
4035,23.0
4036,23.0
4037,23.0
4038,23.0
4039,23.0
4040,23.0
4041,23.0
4042,23.0
4043,23.0
4044,23.0
4045,23.0
4046,23.0
4047,23.0
4048,23.0
4049,23.0
4050,23.0
4051,23.0
4052,23.0
4053,23.0
4054,23.0
4055,23.0
4056,23.0
4057,23.0
4058,23.0
4059,23.0
4060,23.0
4061,23.0
4062,23.0
4063,23.0
4064,23.0
4065,23.0
4066,23.0
4067,23.0
4068,23.0
4069,23.0
4070,23.0
4071,23.0
4072,23.0
4073,23.0
4074,23.0
4075,23.0
4076,23.0
4077,23.0
4078,23.0
4079,23.0
4080,23.0
4081,23.0
4082,23.0
4083,23.0
4084,23.0
4085,23.0
4086,23.0
4087,23.0
4088,23.0
4089,23.0
4090,23.0
4091,23.0
4092,23.0
4093,23.0
4094,23.0
4095,23.0
4096,23.0
4097,23.0
4098,23.0
4099,23.0
4100,23.0
4101,23.0
4102,23.0
4103,23.0
4104,23.0
4105,23.0
4106,23.0
4107,23.0
4108,23.0
4109,23.0
4110,23.0
4111,23.0
4112,23.0
4113,23.0
4114,23.0
4115,23.0
4116,23.0
4117,23.0
4118,23.0
4119,23.0
4120,23.0
4121,23.0
4122,23.0
4123,23.0
4124,23.0
4125,23.0
4126,23.0
4127,23.0
4128,23.0
4129,23.0
4130,23.0
4131,23.0
4132,23.0
4133,23.0
4134,23.0
4135,23.0
4136,23.0
4137,23.0
4138,23.0
4139,23.0
4140,23.0
4141,23.0
4142,23.0
4143,23.0
4144,23.0
4145,23.0
4146,23.0
4147,23.0
4148,23.0
4149,23.0
4150,23.0
4151,23.0
4152,23.0
4153,23.0
4154,23.0
4155,23.0
4156,23.0
4157,23.0
4158,23.0
4159,23.0
4160,23.0
4161,23.0
4162,23.0
4163,23.0
4164,23.0
4165,23.0
4166,23.0
4167,23.0
4168,23.0
4169,23.0
4170,23.0
4171,23.0
4172,23.0
4173,23.0
4174,23.0
4175,23.0
4176,23.0
4177,23.0
4178,23.0
4179,23.0
4180,23.0
4181,23.0
4182,23.0
4183,23.0
4184,23.0
4185,23.0
4186,23.0
4187,23.0
4188,23.0
4189,23.0
4190,23.0
4191,23.0
4192,23.0
4193,23.0
4194,23.0
4195,23.0
4196,23.0
4197,23.0
4198,23.0
4199,23.0
4200,23.0
4201,23.0
4202,23.0
4203,23.0
4204,23.0
4205,23.0
4206,23.0
4207,23.0
4208,23.0
4209,23.0
4210,23.0
4211,23.0
4212,23.0
4213,23.0
4214,23.0
4215,23.0
4216,23.0
4217,23.0
4218,23.0
4219,22.0
4220,21.0
4221,21.0
4222,21.0
4223,21.0
4224,21.0
4225,21.0
4226,21.0
4227,21.0
4228,20.0
4229,20.0
4230,20.0
4231,20.0
4232,20.0
4233,21.0
4234,21.0
4235,21.0
4236,21.0
4237,21.0
4238,21.0
4239,21.0
4240,21.0
4241,21.0
4242,21.0
4243,21.0
4244,21.0
4245,21.0
4246,21.0
4247,21.0
4248,21.0
4249,21.0
4250,21.0
4251,21.0
4252,21.0
4253,21.0
4254,21.0
4255,21.0
4256,21.0
4257,21.0
4258,22.0
4259,22.0
4260,22.0
4261,22.0
4262,22.0
4263,22.0
4264,22.0
4265,22.0
4266,22.0
4267,22.0
4268,22.0
4269,22.0
4270,22.0
4271,22.0
4272,22.0
4273,22.0
4274,22.0
4275,22.0
4276,22.0
4277,22.0
4278,22.0
4279,22.0
4280,22.0
4281,22.0
4282,22.0
4283,22.0
4284,22.0
4285,22.0
4286,22.0
4287,22.0
4288,22.0
4289,22.0
4290,22.0
4291,22.0
4292,22.0
4293,22.0
4294,22.0
4295,22.0
4296,22.0
4297,22.0
4298,22.0
4299,22.0
4300,22.0
4301,22.0
4302,22.0
4303,22.0
4304,22.0
4305,22.0
4306,22.0
4307,22.0
4308,22.0
4309,22.0
4310,22.0
4311,22.0
4312,22.0
4313,22.0
4314,22.0
4315,22.0
4316,22.0
4317,22.0
4318,22.0
4319,22.0
4320,22.0
4321,22.0
4322,22.0
4323,22.0
4324,22.0
4325,22.0
4326,22.0
4327,22.0
4328,22.0
4329,22.0
4330,22.0
4331,22.0
4332,22.0
4333,22.0
4334,22.0
4335,22.0
4336,22.0
4337,22.0
4338,22.0
4339,22.0
4340,22.0
4341,22.0
4342,22.0
4343,22.0
4344,22.0
4345,22.0
4346,22.0
4347,22.0
4348,22.0
4349,22.0
4350,22.0
4351,22.0
4352,22.0
4353,22.0
4354,22.0
4355,22.0
4356,22.0
4357,22.0
4358,22.0
4359,22.0
4360,22.0
4361,22.0
4362,22.0
4363,22.0
4364,22.0
4365,22.0
4366,22.0
4367,22.0
4368,22.0
4369,22.0
4370,22.0
4371,22.0
4372,22.0
4373,22.0
4374,22.0
4375,22.0
4376,22.0
4377,22.0
4378,22.0
4379,22.0
4380,22.0
4381,22.0
4382,22.0
4383,22.0
4384,22.0
4385,22.0
4386,22.0
4387,22.0
4388,22.0
4389,22.0
4390,22.0
4391,22.0
4392,22.0
4393,22.0
4394,22.0
4395,22.0
4396,22.0
4397,22.0
4398,22.0
4399,22.0
4400,22.0
4401,22.0
4402,22.0
4403,22.0
4404,22.0
4405,22.0
4406,22.0
4407,22.0
4408,22.0
4409,22.0
4410,22.0
4411,22.0
4412,22.0
4413,22.0
4414,22.0
4415,22.0
4416,22.0
4417,22.0
4418,22.0
4419,22.0
4420,22.0
4421,22.0
4422,22.0
4423,22.0
4424,22.0
4425,22.0
4426,22.0
4427,22.0
4428,22.0
4429,22.0
4430,22.0
4431,22.0
4432,22.0
4433,22.0
4434,22.0
4435,22.0
4436,22.0
4437,22.0
4438,22.0
4439,22.0
4440,22.0
4441,22.0
4442,22.0
4443,22.0
4444,22.0
4445,22.0
4446,22.0
4447,22.0
4448,22.0
4449,22.0
4450,22.0
4451,22.0
4452,22.0
4453,22.0
4454,22.0
4455,22.0
4456,22.0
4457,22.0
4458,22.0
4459,22.0
4460,22.0
4461,22.0
4462,22.0
4463,22.0
4464,22.0
4465,22.0
4466,22.0
4467,22.0
4468,22.0
4469,22.0
4470,22.0
4471,22.0
4472,22.0
4473,22.0
4474,22.0
4475,22.0
4476,22.0
4477,22.0
4478,22.0
4479,22.0
4480,22.0
4481,22.0
4482,22.0
4483,22.0
4484,22.0
4485,22.0
4486,22.0
4487,22.0
4488,22.0
4489,22.0
4490,22.0
4491,22.0
4492,22.0
4493,22.0
4494,22.0
4495,22.0
4496,22.0
4497,22.0
4498,22.0
4499,22.0
4500,22.0
4501,22.0
4502,22.0
4503,22.0
4504,22.0
4505,22.0
4506,22.0
4507,22.0
4508,22.0
4509,22.0
4510,22.0
4511,22.0
4512,22.0
4513,22.0
4514,22.0
4515,22.0
4516,22.0
4517,22.0
4518,22.0
4519,22.0
4520,22.0
4521,22.0
4522,22.0
4523,22.0
4524,22.0
4525,22.0
4526,22.0
4527,22.0
4528,22.0
4529,22.0
4530,22.0
4531,22.0
4532,22.0
4533,22.0
4534,22.0
4535,22.0
4536,22.0
4537,22.0
4538,22.0
4539,22.0
4540,22.0
4541,22.0
4542,22.0
4543,22.0
4544,22.0
4545,22.0
4546,22.0
4547,22.0
4548,22.0
4549,22.0
4550,22.0
4551,22.0
4552,22.0
4553,22.0
4554,22.0
4555,22.0
4556,22.0
4557,22.0
4558,22.0
4559,22.0
4560,22.0
4561,22.0
4562,22.0
4563,22.0
4564,22.0
4565,22.0
4566,22.0
4567,22.0
4568,22.0
4569,22.0
4570,22.0
4571,22.0
4572,22.0
4573,22.0
4574,22.0
4575,22.0
4576,22.0
4577,22.0
4578,22.0
4579,22.0
4580,22.0
4581,22.0
4582,22.0
4583,22.0
4584,22.0
4585,22.0
4586,22.0
4587,22.0
4588,22.0
4589,22.0
4590,22.0
4591,22.0
4592,22.0
4593,22.0
4594,22.0
4595,22.0
4596,22.0
4597,22.0
4598,22.0
4599,22.0
4600,22.0
4601,22.0
4602,22.0
4603,22.0
4604,22.0
4605,22.0
4606,22.0
4607,22.0
4608,22.0
4609,22.0
4610,22.0
4611,22.0
4612,22.0
4613,22.0
4614,22.0
4615,22.0
4616,22.0
4617,22.0
4618,22.0
4619,22.0
4620,22.0
4621,22.0
4622,22.0
4623,22.0
4624,22.0
4625,22.0
4626,22.0
4627,22.0
4628,22.0
4629,22.0
4630,22.0
4631,22.0
4632,22.0
4633,22.0
4634,22.0
4635,22.0
4636,22.0
4637,22.0
4638,22.0
4639,22.0
4640,22.0
4641,22.0
4642,22.0
4643,22.0
4644,22.0
4645,22.0
4646,22.0
4647,22.0
4648,22.0
4649,22.0
4650,22.0
4651,22.0
4652,22.0
4653,22.0
4654,22.0
4655,22.0
4656,22.0
4657,22.0
4658,22.0
4659,22.0
4660,22.0
4661,22.0
4662,22.0
4663,22.0
4664,22.0
4665,22.0
4666,22.0
4667,22.0
4668,22.0
4669,22.0
4670,22.0
4671,22.0
4672,22.0
4673,22.0
4674,22.0
4675,22.0
4676,22.0
4677,22.0
4678,22.0
4679,22.0
4680,22.0
4681,22.0
4682,22.0
4683,22.0
4684,22.0
4685,22.0
4686,22.0
4687,22.0
4688,22.0
4689,22.0
4690,22.0
4691,22.0
4692,22.0
4693,22.0
4694,22.0
4695,22.0
4696,22.0
4697,22.0
4698,22.0
4699,22.0
4700,22.0
4701,22.0
4702,22.0
4703,22.0
4704,22.0
4705,22.0
4706,22.0
4707,22.0
4708,22.0
4709,22.0
4710,22.0
4711,22.0
4712,22.0
4713,22.0
4714,22.0
4715,22.0
4716,22.0
4717,22.0
4718,22.0
4719,22.0
4720,22.0
4721,22.0
4722,22.0
4723,22.0
4724,22.0
4725,22.0
4726,22.0
4727,22.0
4728,22.0
4729,22.0
4730,22.0
4731,22.0
4732,22.0
4733,22.0
4734,22.0
4735,22.0
4736,22.0
4737,22.0
4738,22.0
4739,22.0
4740,22.0
4741,22.0
4742,22.0
4743,22.0
4744,22.0
4745,22.0
4746,22.0
4747,22.0
4748,22.0
4749,22.0
4750,22.0
4751,22.0
4752,22.0
4753,22.0
4754,22.0
4755,22.0
4756,22.0
4757,22.0
4758,22.0
4759,22.0
4760,22.0
4761,22.0
4762,22.0
4763,22.0
4764,22.0
4765,22.0
4766,22.0
4767,22.0
4768,22.0
4769,22.0
4770,22.0
4771,22.0
4772,22.0
4773,22.0
4774,22.0
4775,22.0
4776,22.0
4777,22.0
4778,22.0
4779,22.0
4780,22.0
4781,22.0
4782,22.0
4783,22.0
4784,22.0
4785,22.0
4786,22.0
4787,22.0
4788,22.0
4789,22.0
4790,22.0
4791,22.0
4792,22.0
4793,22.0
4794,22.0
4795,22.0
4796,22.0
4797,22.0
4798,22.0
4799,22.0
4800,22.0
4801,22.0
4802,22.0
4803,21.0
4804,21.0
4805,22.0
4806,22.0
4807,22.0
4808,22.0
4809,22.0
4810,22.0
4811,22.0
4812,22.0
4813,22.0
4814,22.0
4815,22.0
4816,23.0
4817,23.0
4818,22.0
4819,22.0
4820,22.0
4821,22.0
4822,21.0
4823,21.0
4824,21.0
4825,21.0
4826,21.0
4827,21.0
4828,21.0
4829,19.0
4830,18.0
4831,18.0
4832,18.0
4833,18.0
4834,18.0
4835,18.0
4836,18.0
4837,18.0
4838,18.0
4839,18.0
4840,18.0
4841,18.0
4842,17.0
4843,18.0
4844,18.0
4845,18.0
4846,18.0
4847,18.0
4848,18.0
4849,18.0
4850,18.0
4851,18.0
4852,18.0
4853,18.0
4854,19.0
4855,19.0
4856,19.0
4857,19.0
4858,19.0
4859,19.0
4860,19.0
4861,19.0
4862,19.0
4863,19.0
4864,19.0
4865,19.0
4866,19.0
4867,18.0
4868,18.0
4869,18.0
4870,18.0
4871,18.0
4872,18.0
4873,18.0
4874,18.0
4875,19.0
4876,18.0
4877,17.0
4878,17.0
4879,17.0
4880,17.0
4881,17.0
4882,17.0
4883,16.0
4884,16.0
4885,16.0
4886,16.0
4887,16.0
4888,15.0
4889,15.0
4890,15.0
4891,15.0
4892,15.0
4893,15.0
4894,15.0
4895,15.0
4896,15.0
4897,15.0
4898,15.0
4899,15.0
4900,15.0
4901,15.0
4902,15.0
4903,15.0
4904,15.0
4905,15.0
4906,15.0
4907,15.0
4908,15.0
4909,15.0
4910,15.0
4911,15.0
4912,15.0
4913,15.0
4914,15.0
4915,15.0
4916,15.0
4917,15.0
4918,15.0
4919,15.0
4920,15.0
4921,15.0
4922,15.0
4923,15.0
4924,15.0
4925,15.0
4926,15.0
4927,15.0
4928,15.0
4929,15.0
4930,15.0
4931,15.0
4932,15.0
4933,15.0
4934,15.0
4935,15.0
4936,15.0
4937,15.0
4938,15.0
4939,15.0
4940,15.0
4941,15.0
4942,15.0
4943,15.0
4944,15.0
4945,15.0
4946,15.0
4947,15.0
4948,15.0
4949,15.0
4950,15.0
4951,15.0
4952,15.0
4953,15.0
4954,15.0
4955,15.0
4956,15.0
4957,15.0
4958,15.0
4959,15.0
4960,15.0
4961,15.0
4962,15.0
4963,15.0
4964,15.0
4965,15.0
4966,15.0
4967,15.0
4968,15.0
4969,15.0
4970,15.0
4971,15.0
4972,15.0
4973,15.0
4974,15.0
4975,16.0
4976,16.0
4977,15.0
4978,15.0
4979,16.0
4980,16.0
4981,16.0
4982,16.0
4983,16.0
4984,16.0
4985,16.0
4986,16.0
4987,16.0
4988,16.0
4989,16.0
4990,16.0
4991,16.0
4992,16.0
4993,16.0
4994,16.0
4995,16.0
4996,16.0
4997,16.0
4998,16.0
4999,16.0
5000,16.0
5001,16.0
5002,16.0
5003,16.0
5004,16.0
5005,16.0
5006,16.0
5007,16.0
5008,16.0
5009,16.0
5010,16.0
5011,16.0
5012,16.0
5013,16.0
5014,16.0
5015,16.0
5016,16.0
5017,16.0
5018,16.0
5019,16.0
5020,16.0
5021,16.0
5022,16.0
5023,16.0
5024,16.0
5025,16.0
5026,16.0
5027,16.0
5028,16.0
5029,16.0
5030,16.0
5031,16.0
5032,16.0
5033,16.0
5034,16.0
5035,16.0
5036,16.0
5037,16.0
5038,16.0
5039,16.0
5040,16.0
5041,16.0
5042,16.0
5043,16.0
5044,16.0
5045,16.0
5046,16.0
5047,16.0
5048,16.0
5049,16.0
5050,16.0
5051,16.0
5052,16.0
5053,16.0
5054,16.0
5055,16.0
5056,16.0
5057,16.0
5058,16.0
5059,16.0
5060,16.0
5061,16.0
5062,16.0
5063,16.0
5064,16.0
5065,16.0
5066,16.0
5067,16.0
5068,16.0
5069,16.0
5070,16.0
5071,16.0
5072,16.0
5073,16.0
5074,16.0
5075,16.0
5076,16.0
5077,16.0
5078,16.0
5079,16.0
5080,16.0
5081,16.0
5082,16.0
5083,16.0
5084,16.0
5085,16.0
5086,16.0
5087,16.0
5088,16.0
5089,16.0
5090,16.0
5091,16.0
5092,16.0
5093,16.0
5094,16.0
5095,16.0
5096,16.0
5097,16.0
5098,16.0
5099,16.0
5100,16.0
5101,16.0
5102,16.0
5103,16.0
5104,16.0
5105,16.0
5106,16.0
5107,16.0
5108,16.0
5109,16.0
5110,16.0
5111,16.0
5112,16.0
5113,16.0
5114,16.0
5115,16.0
5116,16.0
5117,16.0
5118,16.0
5119,16.0
5120,16.0
5121,16.0
5122,16.0
5123,16.0
5124,16.0
5125,16.0
5126,16.0
5127,16.0
5128,16.0
5129,16.0
5130,16.0
5131,16.0
5132,16.0
5133,16.0
5134,16.0
5135,16.0
5136,16.0
5137,16.0
5138,16.0
5139,16.0
5140,16.0
5141,16.0
5142,16.0
5143,16.0
5144,16.0
5145,16.0
5146,16.0
5147,16.0
5148,16.0
5149,16.0
5150,16.0
5151,16.0
5152,16.0
5153,16.0
5154,16.0
5155,16.0
5156,16.0
5157,16.0
5158,16.0
5159,16.0
5160,16.0
5161,16.0
5162,16.0
5163,16.0
5164,16.0
5165,16.0
5166,16.0
5167,16.0
5168,16.0
5169,16.0
5170,16.0
5171,16.0
5172,16.0
5173,16.0
5174,16.0
5175,16.0
5176,16.0
5177,16.0
5178,16.0
5179,16.0
5180,16.0
5181,16.0
5182,16.0
5183,16.0
5184,16.0
5185,16.0
5186,16.0
5187,16.0
5188,16.0
5189,16.0
5190,16.0
5191,16.0
5192,16.0
5193,16.0
5194,16.0
5195,16.0
5196,16.0
5197,16.0
5198,16.0
5199,16.0
5200,16.0
5201,16.0
5202,16.0
5203,16.0
5204,16.0
5205,16.0
5206,16.0
5207,16.0
5208,16.0
5209,16.0
5210,16.0
5211,16.0
5212,16.0
5213,16.0
5214,16.0
5215,16.0
5216,16.0
5217,16.0
5218,16.0
5219,16.0
5220,16.0
5221,16.0
5222,16.0
5223,16.0
5224,16.0
5225,16.0
5226,16.0
5227,16.0
5228,16.0
5229,16.0
5230,16.0
5231,16.0
5232,16.0
5233,16.0
5234,16.0
5235,16.0
5236,16.0
5237,16.0
5238,16.0
5239,16.0
5240,16.0
5241,16.0
5242,16.0
5243,16.0
5244,16.0
5245,16.0
5246,16.0
5247,16.0
5248,16.0
5249,16.0
5250,16.0
5251,16.0
5252,16.0
5253,16.0
5254,16.0
5255,16.0
5256,16.0
5257,16.0
5258,16.0
5259,16.0
5260,16.0
5261,16.0
5262,16.0
5263,16.0
5264,16.0
5265,16.0
5266,16.0
5267,16.0
5268,16.0
5269,16.0
5270,16.0
5271,16.0
5272,16.0
5273,16.0
5274,16.0
5275,16.0
5276,16.0
5277,16.0
5278,16.0
5279,16.0
5280,16.0
5281,16.0
5282,16.0
5283,16.0
5284,16.0
5285,16.0
5286,16.0
5287,16.0
5288,16.0
5289,16.0
5290,16.0
5291,16.0
5292,16.0
5293,16.0
5294,16.0
5295,16.0
5296,16.0
5297,16.0
5298,16.0
5299,16.0
5300,16.0
5301,16.0
5302,16.0
5303,16.0
5304,16.0
5305,16.0
5306,16.0
5307,16.0
5308,16.0
5309,16.0
5310,16.0
5311,16.0
5312,16.0
5313,16.0
5314,16.0
5315,16.0
5316,16.0
5317,16.0
5318,16.0
5319,16.0
5320,16.0
5321,16.0
5322,16.0
5323,16.0
5324,16.0
5325,16.0
5326,16.0
5327,16.0
5328,16.0
5329,16.0
5330,16.0
5331,16.0
5332,16.0
5333,16.0
5334,16.0
5335,16.0
5336,16.0
5337,16.0
5338,16.0
5339,16.0
5340,16.0
5341,16.0
5342,16.0
5343,16.0
5344,16.0
5345,16.0
5346,16.0
5347,16.0
5348,16.0
5349,16.0
5350,16.0
5351,16.0
5352,16.0
5353,16.0
5354,16.0
5355,16.0
5356,16.0
5357,16.0
5358,16.0
5359,16.0
5360,16.0
5361,16.0
5362,16.0
5363,16.0
5364,16.0
5365,16.0
5366,16.0
5367,16.0
5368,16.0
5369,16.0
5370,16.0
5371,16.0
5372,16.0
5373,16.0
5374,16.0
5375,16.0
5376,16.0
5377,16.0
5378,16.0
5379,16.0
5380,16.0
5381,16.0
5382,16.0
5383,16.0
5384,16.0
5385,16.0
5386,16.0
5387,16.0
5388,16.0
5389,16.0
5390,16.0
5391,16.0
5392,16.0
5393,16.0
5394,16.0
5395,16.0
5396,16.0
5397,16.0
5398,16.0
5399,16.0
5400,16.0
5401,16.0
5402,16.0
5403,16.0
5404,16.0
5405,16.0
5406,16.0
5407,16.0
5408,16.0
5409,16.0
5410,16.0
5411,16.0
5412,16.0
5413,16.0
5414,16.0
5415,16.0
5416,16.0
5417,16.0
5418,16.0
5419,16.0
5420,16.0
5421,16.0
5422,16.0
5423,16.0
5424,16.0
5425,16.0
5426,16.0
5427,16.0
5428,16.0
5429,16.0
5430,16.0
5431,16.0
5432,16.0
5433,16.0
5434,16.0
5435,16.0
5436,16.0
5437,16.0
5438,16.0
5439,16.0
5440,16.0
5441,16.0
5442,16.0
5443,16.0
5444,16.0
5445,16.0
5446,16.0
5447,16.0
5448,16.0
5449,16.0
5450,16.0
5451,16.0
5452,16.0
5453,16.0
5454,16.0
5455,16.0
5456,16.0
5457,16.0
5458,16.0
5459,16.0
5460,16.0
5461,16.0
5462,16.0
5463,16.0
5464,16.0
5465,16.0
5466,16.0
5467,16.0
5468,16.0
5469,16.0
5470,16.0
5471,16.0
5472,16.0
5473,16.0
5474,16.0
5475,16.0
5476,16.0
5477,16.0
5478,16.0
5479,16.0
5480,16.0
5481,16.0
5482,16.0
5483,16.0
5484,16.0
5485,16.0
5486,16.0
5487,16.0
5488,16.0
5489,16.0
5490,16.0
5491,16.0
5492,16.0
5493,16.0
5494,16.0
5495,16.0
5496,16.0
5497,16.0
5498,16.0
5499,16.0
5500,16.0
5501,16.0
5502,16.0
5503,16.0
5504,16.0
5505,16.0
5506,16.0
5507,16.0
5508,16.0
5509,16.0
5510,16.0
5511,16.0
5512,16.0
5513,16.0
5514,16.0
5515,16.0
5516,16.0
5517,16.0
5518,16.0
5519,16.0
5520,16.0
5521,16.0
5522,16.0
5523,16.0
5524,16.0
5525,16.0
5526,16.0
5527,16.0
5528,16.0
5529,16.0
5530,16.0
5531,16.0
5532,16.0
5533,16.0
5534,16.0
5535,16.0
5536,16.0
5537,16.0
5538,16.0
5539,16.0
5540,16.0
5541,16.0
5542,16.0
5543,16.0
5544,16.0
5545,16.0
5546,16.0
5547,16.0
5548,16.0
5549,16.0
5550,16.0
5551,16.0
5552,16.0
5553,16.0
5554,16.0
5555,16.0
5556,16.0
5557,16.0
5558,16.0
5559,16.0
5560,16.0
5561,16.0
5562,16.0
5563,16.0
5564,16.0
5565,16.0
5566,16.0
5567,16.0
5568,16.0
5569,16.0
5570,16.0
5571,16.0
5572,16.0
5573,16.0
5574,16.0
5575,16.0
5576,16.0
5577,16.0
5578,16.0
5579,16.0
5580,16.0
5581,16.0
5582,16.0
5583,16.0
5584,16.0
5585,16.0
5586,16.0
5587,16.0
5588,16.0
5589,16.0
5590,16.0
5591,16.0
5592,16.0
5593,16.0
5594,16.0
5595,16.0
5596,16.0
5597,16.0
5598,16.0
5599,16.0
5600,16.0
5601,16.0
5602,16.0
5603,16.0
5604,16.0
5605,16.0
5606,16.0
5607,16.0
5608,16.0
5609,16.0
5610,16.0
5611,16.0
5612,16.0
5613,16.0
5614,16.0
5615,16.0
5616,16.0
5617,16.0
5618,16.0
5619,16.0
5620,16.0
5621,16.0
5622,16.0
5623,16.0
5624,16.0
5625,16.0
5626,16.0
5627,16.0
5628,16.0
5629,16.0
5630,16.0
5631,16.0
5632,16.0
5633,16.0
5634,16.0
5635,16.0
5636,16.0
5637,16.0
5638,16.0
5639,16.0
5640,16.0
5641,16.0
5642,16.0
5643,16.0
5644,16.0
5645,16.0
5646,16.0
5647,16.0
5648,16.0
5649,16.0
5650,16.0
5651,16.0
5652,16.0
5653,16.0
5654,16.0
5655,16.0
5656,16.0
5657,16.0
5658,16.0
5659,16.0
5660,16.0
5661,16.0
5662,16.0
5663,16.0
5664,16.0
5665,16.0
5666,16.0
5667,16.0
5668,16.0
5669,16.0
5670,16.0
5671,16.0
5672,16.0
5673,16.0
5674,16.0
5675,16.0
5676,16.0
5677,16.0
5678,16.0
5679,16.0
5680,16.0
5681,16.0
5682,16.0
5683,16.0
5684,16.0
5685,16.0
5686,16.0
5687,16.0
5688,16.0
5689,16.0
5690,16.0
5691,16.0
5692,16.0
5693,16.0
5694,16.0
5695,16.0
5696,16.0
5697,16.0
5698,16.0
5699,16.0
5700,16.0
5701,16.0
5702,16.0
5703,16.0
5704,16.0
5705,16.0
5706,16.0
5707,16.0
5708,16.0
5709,16.0
5710,16.0
5711,16.0
5712,16.0
5713,16.0
5714,16.0
5715,16.0
5716,16.0
5717,16.0
5718,16.0
5719,16.0
5720,16.0
5721,16.0
5722,16.0
5723,16.0
5724,16.0
5725,16.0
5726,16.0
5727,16.0
5728,16.0
5729,16.0
5730,16.0
5731,16.0
5732,16.0
5733,16.0
5734,16.0
5735,16.0
5736,16.0
5737,16.0
5738,16.0
5739,16.0
5740,16.0
5741,16.0
5742,16.0
5743,16.0
5744,16.0
5745,16.0
5746,16.0
5747,16.0
5748,16.0
5749,16.0
5750,16.0
5751,16.0
5752,16.0
5753,16.0
5754,16.0
5755,16.0
5756,16.0
5757,16.0
5758,16.0
5759,16.0
5760,16.0
5761,16.0
5762,16.0
5763,16.0
5764,16.0
5765,16.0
5766,16.0
5767,16.0
5768,16.0
5769,16.0
5770,16.0
5771,16.0
5772,16.0
5773,16.0
5774,16.0
5775,16.0
5776,16.0
5777,16.0
5778,16.0
5779,16.0
5780,16.0
5781,16.0
5782,16.0
5783,16.0
5784,16.0
5785,16.0
5786,16.0
5787,16.0
5788,16.0
5789,16.0
5790,16.0
5791,16.0
5792,16.0
5793,16.0
5794,16.0
5795,16.0
5796,16.0
5797,16.0
5798,16.0
5799,16.0
5800,16.0
5801,16.0
5802,16.0
5803,16.0
5804,16.0
5805,16.0
5806,16.0
5807,16.0
5808,16.0
5809,16.0
5810,16.0
5811,16.0
5812,16.0
5813,16.0
5814,16.0
5815,16.0
5816,16.0
5817,16.0
5818,16.0
5819,16.0
5820,16.0
5821,16.0
5822,16.0
5823,16.0
5824,16.0
5825,16.0
5826,16.0
5827,16.0
5828,16.0
5829,16.0
5830,16.0
5831,16.0
5832,16.0
5833,16.0
5834,16.0
5835,16.0
5836,16.0
5837,16.0
5838,16.0
5839,16.0
5840,16.0
5841,16.0
5842,16.0
5843,16.0
5844,16.0
5845,16.0
5846,16.0
5847,16.0
5848,16.0
5849,16.0
5850,16.0
5851,16.0
5852,16.0
5853,16.0
5854,16.0
5855,16.0
5856,16.0
5857,16.0
5858,16.0
5859,16.0
5860,16.0
5861,16.0
5862,16.0
5863,16.0
5864,16.0
5865,16.0
5866,16.0
5867,16.0
5868,16.0
5869,16.0
5870,16.0
5871,16.0
5872,16.0
5873,16.0
5874,16.0
5875,16.0
5876,16.0
5877,16.0
5878,16.0
5879,16.0
5880,16.0
5881,16.0
5882,16.0
5883,16.0
5884,16.0
5885,16.0
5886,16.0
5887,16.0
5888,16.0
5889,16.0
5890,16.0
5891,16.0
5892,16.0
5893,16.0
5894,16.0
5895,16.0
5896,16.0
5897,16.0
5898,16.0
5899,16.0
5900,16.0
5901,16.0
5902,16.0
5903,16.0
5904,16.0
5905,16.0
5906,16.0
5907,16.0
5908,16.0
5909,16.0
5910,16.0
5911,16.0
5912,16.0
5913,16.0
5914,16.0
5915,16.0
5916,16.0
5917,16.0
5918,16.0
5919,16.0
5920,16.0
5921,16.0
5922,16.0
5923,16.0
5924,16.0
5925,16.0
5926,16.0
5927,16.0
5928,16.0
5929,16.0
5930,16.0
5931,16.0
5932,16.0
5933,16.0
5934,16.0
5935,16.0
5936,16.0
5937,16.0
5938,16.0
5939,16.0
5940,16.0
5941,16.0
5942,16.0
5943,16.0
5944,16.0
5945,16.0
5946,16.0
5947,16.0
5948,16.0
5949,16.0
5950,16.0
5951,16.0
5952,16.0
5953,16.0
5954,16.0
5955,16.0
5956,16.0
5957,16.0
5958,16.0
5959,16.0
5960,16.0
5961,16.0
5962,16.0
5963,16.0
5964,16.0
5965,16.0
5966,16.0
5967,16.0
5968,16.0
5969,16.0
5970,16.0
5971,16.0
5972,16.0
5973,16.0
5974,16.0
5975,16.0
5976,16.0
5977,16.0
5978,16.0
5979,16.0
5980,16.0
5981,16.0
5982,16.0
5983,16.0
5984,16.0
5985,16.0
5986,16.0
5987,16.0
5988,16.0
5989,16.0
5990,16.0
5991,16.0
5992,16.0
5993,16.0
5994,16.0
5995,16.0
5996,16.0
5997,16.0
5998,16.0
5999,16.0
6000,16.0
6001,16.0
6002,16.0
6003,16.0
6004,16.0
6005,16.0
6006,16.0
6007,16.0
6008,16.0
6009,16.0
6010,16.0
6011,16.0
6012,16.0
6013,16.0
6014,16.0
6015,16.0
6016,16.0
6017,16.0
6018,16.0
6019,16.0
6020,16.0
6021,16.0
6022,16.0
6023,16.0
6024,16.0
6025,16.0
6026,16.0
6027,16.0
6028,16.0
6029,16.0
6030,16.0
6031,16.0
6032,16.0
6033,16.0
6034,16.0
6035,16.0
6036,16.0
6037,16.0
6038,16.0
6039,16.0
6040,16.0
6041,16.0
6042,16.0
6043,16.0
6044,16.0
6045,16.0
6046,16.0
6047,16.0
6048,16.0
6049,16.0
6050,16.0
6051,16.0
6052,16.0
6053,16.0
6054,16.0
6055,16.0
6056,16.0
6057,16.0
6058,16.0
6059,16.0
6060,16.0
6061,16.0
6062,16.0
6063,16.0
6064,16.0
6065,16.0
6066,16.0
6067,16.0
6068,16.0
6069,16.0
6070,16.0
6071,16.0
6072,16.0
6073,16.0
6074,16.0
6075,16.0
6076,16.0
6077,16.0
6078,16.0
6079,16.0
6080,16.0
6081,16.0
6082,16.0
6083,16.0
6084,16.0
6085,16.0
6086,16.0
6087,16.0
6088,16.0
6089,16.0
6090,16.0
6091,16.0
6092,16.0
6093,16.0
6094,16.0
6095,16.0
6096,16.0
6097,16.0
6098,16.0
6099,16.0
6100,16.0
6101,16.0
6102,16.0
6103,16.0
6104,16.0
6105,16.0
6106,16.0
6107,16.0
6108,16.0
6109,16.0
6110,16.0
6111,16.0
6112,16.0
6113,16.0
6114,16.0
6115,16.0
6116,16.0
6117,16.0
6118,16.0
6119,16.0
6120,16.0
6121,16.0
6122,16.0
6123,16.0
6124,16.0
6125,16.0
6126,16.0
6127,16.0
6128,16.0
6129,16.0
6130,16.0
6131,16.0
6132,16.0
6133,16.0
6134,16.0
6135,16.0
6136,16.0
6137,16.0
6138,16.0
6139,16.0
6140,16.0
6141,16.0
6142,16.0
6143,16.0
6144,16.0
6145,16.0
6146,16.0
6147,16.0
6148,16.0
6149,16.0
6150,16.0
6151,16.0
6152,16.0
6153,16.0
6154,16.0
6155,16.0
6156,16.0
6157,16.0
6158,16.0
6159,16.0
6160,16.0
6161,16.0
6162,16.0
6163,16.0
6164,16.0
6165,16.0
6166,16.0
6167,16.0
6168,16.0
6169,16.0
6170,16.0
6171,16.0
6172,16.0
6173,16.0
6174,16.0
6175,16.0
6176,16.0
6177,16.0
6178,16.0
6179,16.0
6180,16.0
6181,16.0
6182,16.0
6183,16.0
6184,16.0
6185,16.0
6186,16.0
6187,16.0
6188,16.0
6189,16.0
6190,16.0
6191,16.0
6192,16.0
6193,16.0
6194,16.0
6195,16.0
6196,16.0
6197,16.0
6198,16.0
6199,16.0
6200,16.0
6201,16.0
6202,16.0
6203,16.0
6204,16.0
6205,16.0
6206,16.0
6207,16.0
6208,16.0
6209,16.0
6210,16.0
6211,16.0
6212,16.0
6213,16.0
6214,16.0
6215,16.0
6216,16.0
6217,16.0
6218,16.0
6219,16.0
6220,16.0
6221,16.0
6222,16.0
6223,16.0
6224,16.0
6225,16.0
6226,16.0
6227,16.0
6228,16.0
6229,16.0
6230,16.0
6231,16.0
6232,16.0
6233,16.0
6234,16.0
6235,16.0
6236,16.0
6237,16.0
6238,16.0
6239,16.0
6240,16.0
6241,16.0
6242,16.0
6243,16.0
6244,16.0
6245,16.0
6246,16.0
6247,16.0
6248,16.0
6249,16.0
6250,16.0
6251,16.0
6252,16.0
6253,16.0
6254,16.0
6255,16.0
6256,16.0
6257,16.0
6258,16.0
6259,16.0
6260,16.0
6261,16.0
6262,16.0
6263,16.0
6264,16.0
6265,16.0
6266,16.0
6267,16.0
6268,16.0
6269,16.0
6270,16.0
6271,16.0
6272,16.0
6273,16.0
6274,16.0
6275,16.0
6276,16.0
6277,16.0
6278,16.0
6279,16.0
6280,16.0
6281,16.0
6282,16.0
6283,16.0
6284,16.0
6285,16.0
6286,16.0
6287,16.0
6288,16.0
6289,16.0
6290,16.0
6291,16.0
6292,16.0
6293,16.0
6294,16.0
6295,16.0
6296,16.0
6297,16.0
6298,16.0
6299,16.0
6300,16.0
6301,16.0
6302,16.0
6303,16.0
6304,16.0
6305,16.0
6306,16.0
6307,16.0
6308,16.0
6309,16.0
6310,16.0
6311,16.0
6312,16.0
6313,16.0
6314,16.0
6315,16.0
6316,16.0
6317,16.0
6318,16.0
6319,16.0
6320,16.0
6321,16.0
6322,16.0
6323,16.0
6324,16.0
6325,16.0
6326,16.0
6327,16.0
6328,16.0
6329,16.0
6330,16.0
6331,16.0
6332,16.0
6333,16.0
6334,16.0
6335,16.0
6336,16.0
6337,16.0
6338,16.0
6339,16.0
6340,16.0
6341,16.0
6342,16.0
6343,16.0
6344,16.0
6345,16.0
6346,16.0
6347,16.0
6348,16.0
6349,16.0
6350,16.0
6351,16.0
6352,16.0
6353,16.0
6354,16.0
6355,16.0
6356,16.0
6357,16.0
6358,14.0
6359,14.0
6360,14.0
6361,14.0
6362,14.0
6363,14.0
6364,14.0
6365,14.0
6366,14.0
6367,14.0
6368,13.0
6369,14.0
6370,14.0
6371,14.0
6372,14.0
6373,14.0
6374,14.0
6375,14.0
6376,14.0
6377,14.0
6378,14.0
6379,14.0
6380,15.0
6381,15.0
6382,15.0
6383,15.0
6384,15.0
6385,15.0
6386,15.0
6387,15.0
6388,16.0
6389,16.0
6390,16.0
6391,16.0
6392,16.0
6393,16.0
6394,16.0
6395,16.0
6396,16.0
6397,16.0
6398,16.0
6399,16.0
6400,16.0
6401,16.0
6402,16.0
6403,16.0
6404,16.0
6405,16.0
6406,16.0
6407,16.0
6408,16.0
6409,16.0
6410,16.0
6411,16.0
6412,16.0
6413,16.0
6414,16.0
6415,16.0
6416,16.0
6417,16.0
6418,16.0
6419,16.0
6420,16.0
6421,16.0
6422,16.0
6423,16.0
6424,16.0
6425,16.0
6426,16.0
6427,16.0
6428,16.0
6429,16.0
6430,16.0
6431,16.0
6432,16.0
6433,16.0
6434,16.0
6435,16.0
6436,16.0
6437,16.0
6438,16.0
6439,16.0
6440,16.0
6441,16.0
6442,16.0
6443,16.0
6444,16.0
6445,16.0
6446,16.0
6447,16.0
6448,16.0
6449,16.0
6450,16.0
6451,16.0
6452,16.0
6453,16.0
6454,16.0
6455,16.0
6456,16.0
6457,16.0
6458,16.0
6459,16.0
6460,16.0
6461,16.0
6462,16.0
6463,16.0
6464,16.0
6465,16.0
6466,16.0
6467,16.0
6468,16.0
6469,16.0
6470,16.0
6471,16.0
6472,16.0
6473,16.0
6474,16.0
6475,16.0
6476,16.0
6477,16.0
6478,16.0
6479,16.0
6480,16.0
6481,16.0
6482,16.0
6483,16.0
6484,16.0
6485,16.0
6486,16.0
6487,16.0
6488,16.0
6489,16.0
6490,16.0
6491,16.0
6492,16.0
6493,16.0
6494,16.0
6495,16.0
6496,16.0
6497,16.0
6498,16.0
6499,16.0
6500,16.0
6501,16.0
6502,16.0
6503,16.0
6504,16.0
6505,16.0
6506,16.0
6507,16.0
6508,16.0
6509,16.0
6510,16.0
6511,16.0
6512,16.0
6513,16.0
6514,16.0
6515,16.0
6516,16.0
6517,16.0
6518,16.0
6519,16.0
6520,16.0
6521,16.0
6522,16.0
6523,16.0
6524,16.0
6525,16.0
6526,16.0
6527,16.0
6528,16.0
6529,16.0
6530,16.0
6531,16.0
6532,16.0
6533,16.0
6534,16.0
6535,16.0
6536,16.0
6537,16.0
6538,16.0
6539,16.0
6540,16.0
6541,16.0
6542,16.0
6543,16.0
6544,16.0
6545,16.0
6546,16.0
6547,16.0
6548,16.0
6549,16.0
6550,16.0
6551,16.0
6552,16.0
6553,16.0
6554,16.0
6555,16.0
6556,16.0
6557,16.0
6558,16.0
6559,16.0
6560,16.0
6561,16.0
6562,16.0
6563,16.0
6564,16.0
6565,16.0
6566,16.0
6567,16.0
6568,16.0
6569,16.0
6570,16.0
6571,16.0
6572,16.0
6573,16.0
6574,16.0
6575,16.0
6576,16.0
6577,16.0
6578,16.0
6579,16.0
6580,16.0
6581,16.0
6582,16.0
6583,16.0
6584,16.0
6585,16.0
6586,16.0
6587,16.0
6588,16.0
6589,16.0
6590,16.0
6591,16.0
6592,16.0
6593,16.0
6594,16.0
6595,16.0
6596,16.0
6597,16.0
6598,16.0
6599,16.0
6600,16.0
6601,16.0
6602,16.0
6603,16.0
6604,16.0
6605,16.0
6606,16.0
6607,16.0
6608,16.0
6609,16.0
6610,16.0
6611,16.0
6612,16.0
6613,16.0
6614,16.0
6615,16.0
6616,16.0
6617,16.0
6618,16.0
6619,16.0
6620,16.0
6621,16.0
6622,16.0
6623,16.0
6624,16.0
6625,16.0
6626,16.0
6627,16.0
6628,16.0
6629,16.0
6630,16.0
6631,16.0
6632,16.0
6633,16.0
6634,16.0
6635,16.0
6636,16.0
6637,16.0
6638,16.0
6639,16.0
6640,16.0
6641,17.0
6642,17.0
6643,17.0
6644,17.0
6645,17.0
6646,17.0
6647,17.0
6648,17.0
6649,17.0
6650,17.0
6651,17.0
6652,17.0
6653,17.0
6654,17.0
6655,17.0
6656,17.0
6657,17.0
6658,17.0
6659,16.0
6660,16.0
6661,16.0
6662,16.0
6663,16.0
6664,16.0
6665,16.0
6666,16.0
6667,16.0
6668,16.0
6669,16.0
6670,16.0
6671,16.0
6672,16.0
6673,17.0
6674,17.0
6675,17.0
6676,18.0
6677,18.0
6678,18.0
6679,18.0
6680,18.0
6681,18.0
6682,18.0
6683,18.0
6684,18.0
6685,18.0
6686,18.0
6687,18.0
6688,18.0
6689,18.0
6690,18.0
6691,18.0
6692,18.0
6693,18.0
6694,18.0
6695,18.0
6696,18.0
6697,18.0
6698,18.0
6699,18.0
6700,18.0
6701,18.0
6702,18.0
6703,18.0
6704,18.0
6705,18.0
6706,18.0
6707,18.0
6708,18.0
6709,18.0
6710,18.0
6711,18.0
6712,18.0
6713,18.0
6714,18.0
6715,18.0
6716,18.0
6717,18.0
6718,18.0
6719,18.0
6720,18.0
6721,18.0
6722,18.0
6723,18.0
6724,18.0
6725,18.0
6726,18.0
6727,18.0
6728,18.0
6729,18.0
6730,18.0
6731,18.0
6732,18.0
6733,18.0
6734,18.0
6735,18.0
6736,18.0
6737,18.0
6738,18.0
6739,18.0
6740,18.0
6741,18.0
6742,18.0
6743,18.0
6744,18.0
6745,18.0
6746,18.0
6747,18.0
6748,18.0
6749,18.0
6750,18.0
6751,18.0
6752,18.0
6753,18.0
6754,18.0
6755,18.0
6756,18.0
6757,18.0
6758,18.0
6759,18.0
6760,18.0
6761,18.0
6762,18.0
6763,18.0
6764,18.0
6765,18.0
6766,18.0
6767,18.0
6768,18.0
6769,18.0
6770,18.0
6771,18.0
6772,18.0
6773,18.0
6774,18.0
6775,18.0
6776,18.0
6777,18.0
6778,18.0
6779,18.0
6780,18.0
6781,18.0
6782,18.0
6783,18.0
6784,18.0
6785,18.0
6786,18.0
6787,18.0
6788,18.0
6789,18.0
6790,18.0
6791,18.0
6792,18.0
6793,18.0
6794,18.0
6795,18.0
6796,18.0
6797,18.0
6798,18.0
6799,18.0
6800,18.0
6801,18.0
6802,18.0
6803,18.0
6804,18.0
6805,18.0
6806,18.0
6807,18.0
6808,18.0
6809,18.0
6810,18.0
6811,18.0
6812,18.0
6813,18.0
6814,18.0
6815,18.0
6816,18.0
6817,18.0
6818,18.0
6819,18.0
6820,18.0
6821,18.0
6822,18.0
6823,18.0
6824,18.0
6825,18.0
6826,18.0
6827,18.0
6828,18.0
6829,18.0
6830,18.0
6831,18.0
6832,18.0
6833,18.0
6834,18.0
6835,18.0
6836,18.0
6837,18.0
6838,18.0
6839,18.0
6840,18.0
6841,18.0
6842,18.0
6843,18.0
6844,18.0
6845,18.0
6846,18.0
6847,18.0
6848,18.0
6849,18.0
6850,18.0
6851,18.0
6852,18.0
6853,18.0
6854,18.0
6855,18.0
6856,18.0
6857,18.0
6858,18.0
6859,18.0
6860,18.0
6861,18.0
6862,18.0
6863,18.0
6864,18.0
6865,18.0
6866,18.0
6867,18.0
6868,18.0
6869,18.0
6870,18.0
6871,18.0
6872,18.0
6873,18.0
6874,18.0
6875,18.0
6876,18.0
6877,18.0
6878,18.0
6879,18.0
6880,18.0
6881,18.0
6882,18.0
6883,18.0
6884,18.0
6885,18.0
6886,18.0
6887,18.0
6888,16.0
6889,16.0
6890,16.0
6891,17.0
6892,17.0
6893,17.0
6894,18.0
6895,18.0
6896,18.0
6897,17.0
6898,17.0
6899,17.0
6900,17.0
6901,17.0
6902,17.0
6903,17.0
6904,17.0
6905,17.0
6906,17.0
6907,17.0
6908,17.0
6909,17.0
6910,17.0
6911,17.0
6912,17.0
6913,17.0
6914,17.0
6915,17.0
6916,17.0
6917,17.0
6918,16.0
6919,15.0
6920,15.0
6921,15.0
6922,15.0
6923,14.0
6924,14.0
6925,14.0
6926,14.0
6927,14.0
6928,14.0
6929,14.0
6930,15.0
6931,15.0
6932,15.0
6933,15.0
6934,15.0
6935,15.0
6936,15.0
6937,15.0
6938,15.0
6939,15.0
6940,15.0
6941,15.0
6942,15.0
6943,15.0
6944,16.0
6945,16.0
6946,16.0
6947,16.0
6948,16.0
6949,16.0
6950,16.0
6951,16.0
6952,15.0
6953,15.0
6954,15.0
6955,15.0
6956,15.0
6957,15.0
6958,14.0
6959,14.0
6960,14.0
6961,14.0
6962,14.0
6963,14.0
6964,14.0
6965,14.0
6966,14.0
6967,14.0
6968,14.0
6969,14.0
6970,14.0
6971,14.0
6972,14.0
6973,14.0
6974,14.0
6975,14.0
6976,14.0
6977,14.0
6978,14.0
6979,14.0
6980,14.0
6981,14.0
6982,15.0
6983,14.0
6984,14.0
6985,14.0
6986,14.0
6987,14.0
6988,13.0
6989,13.0
6990,13.0
6991,13.0
6992,13.0
6993,14.0
6994,14.0
6995,14.0
6996,14.0
6997,14.0
6998,14.0
6999,14.0
7000,14.0
7001,14.0
7002,14.0
7003,14.0
7004,14.0
7005,14.0
7006,14.0
7007,14.0
7008,14.0
7009,14.0
7010,13.0
7011,13.0
7012,12.0
7013,12.0
7014,12.0
7015,12.0
7016,12.0
7017,12.0
7018,12.0
7019,12.0
7020,12.0
7021,12.0
7022,13.0
7023,13.0
7024,13.0
7025,13.0
7026,13.0
7027,13.0
7028,13.0
7029,13.0
7030,13.0
7031,13.0
7032,13.0
7033,13.0
7034,13.0
7035,13.0
7036,13.0
7037,13.0
7038,13.0
7039,13.0
7040,13.0
7041,13.0
7042,13.0
7043,13.0
7044,13.0
7045,13.0
7046,13.0
7047,13.0
7048,13.0
7049,13.0
7050,13.0
7051,13.0
7052,13.0
7053,13.0
7054,13.0
7055,13.0
7056,13.0
7057,13.0
7058,13.0
7059,13.0
7060,13.0
7061,13.0
7062,13.0
7063,13.0
7064,13.0
7065,13.0
7066,13.0
7067,13.0
7068,13.0
7069,13.0
7070,13.0
7071,13.0
7072,13.0
7073,13.0
7074,13.0
7075,13.0
7076,13.0
7077,13.0
7078,13.0
7079,13.0
7080,13.0
7081,13.0
7082,13.0
7083,13.0
7084,13.0
7085,13.0
7086,13.0
7087,13.0
7088,13.0
7089,13.0
7090,13.0
7091,13.0
7092,13.0
7093,13.0
7094,13.0
7095,13.0
7096,13.0
7097,13.0
7098,13.0
7099,13.0
7100,13.0
7101,13.0
7102,13.0
7103,13.0
7104,13.0
7105,13.0
7106,13.0
7107,13.0
7108,13.0
7109,13.0
7110,13.0
7111,13.0
7112,13.0
7113,13.0
7114,13.0
7115,13.0
7116,13.0
7117,13.0
7118,13.0
7119,13.0
7120,13.0
7121,13.0
7122,13.0
7123,13.0
7124,13.0
7125,13.0
7126,13.0
7127,13.0
7128,13.0
7129,13.0
7130,13.0
7131,13.0
7132,13.0
7133,13.0
7134,13.0
7135,13.0
7136,13.0
7137,13.0
7138,13.0
7139,13.0
7140,13.0
7141,13.0
7142,13.0
7143,13.0
7144,13.0
7145,13.0
7146,13.0
7147,13.0
7148,13.0
7149,13.0
7150,13.0
7151,13.0
7152,13.0
7153,13.0
7154,13.0
7155,13.0
7156,13.0
7157,13.0
7158,13.0
7159,13.0
7160,13.0
7161,13.0
7162,13.0
7163,13.0
7164,13.0
7165,13.0
7166,13.0
7167,13.0
7168,13.0
7169,13.0
7170,13.0
7171,13.0
7172,13.0
7173,13.0
7174,13.0
7175,13.0
7176,13.0
7177,13.0
7178,13.0
7179,13.0
7180,13.0
7181,13.0
7182,13.0
7183,13.0
7184,13.0
7185,13.0
7186,13.0
7187,13.0
7188,13.0
7189,13.0
7190,13.0
7191,13.0
7192,13.0
7193,13.0
7194,13.0
7195,13.0
7196,13.0
7197,13.0
7198,13.0
7199,13.0
7200,13.0
7201,13.0
7202,13.0
7203,13.0
7204,13.0
7205,13.0
7206,13.0
7207,13.0
7208,13.0
7209,13.0
7210,13.0
7211,13.0
7212,13.0
7213,13.0
7214,13.0
7215,13.0
7216,13.0
7217,13.0
7218,13.0
7219,13.0
7220,13.0
7221,13.0
7222,13.0
7223,13.0
7224,13.0
7225,13.0
7226,13.0
7227,13.0
7228,13.0
7229,13.0
7230,13.0
7231,13.0
7232,13.0
7233,13.0
7234,13.0
7235,13.0
7236,13.0
7237,13.0
7238,13.0
7239,13.0
7240,13.0
7241,13.0
7242,13.0
7243,13.0
7244,13.0
7245,13.0
7246,13.0
7247,13.0
7248,13.0
7249,13.0
7250,13.0
7251,13.0
7252,13.0
7253,13.0
7254,13.0
7255,13.0
7256,13.0
7257,13.0
7258,13.0
7259,13.0
7260,13.0
7261,13.0
7262,13.0
7263,13.0
7264,13.0
7265,13.0
7266,13.0
7267,13.0
7268,13.0
7269,13.0
7270,13.0
7271,13.0
7272,13.0
7273,13.0
7274,13.0
7275,13.0
7276,13.0
7277,13.0
7278,13.0
7279,13.0
7280,13.0
7281,13.0
7282,13.0
7283,13.0
7284,13.0
7285,13.0
7286,13.0
7287,13.0
7288,13.0
7289,13.0
7290,13.0
7291,13.0
7292,13.0
7293,13.0
7294,13.0
7295,13.0
7296,13.0
7297,13.0
7298,13.0
7299,13.0
7300,13.0
7301,13.0
7302,13.0
7303,13.0
7304,13.0
7305,13.0
7306,13.0
7307,13.0
7308,13.0
7309,13.0
7310,13.0
7311,13.0
7312,13.0
7313,13.0
7314,13.0
7315,13.0
7316,13.0
7317,13.0
7318,13.0
7319,13.0
7320,13.0
7321,13.0
7322,13.0
7323,13.0
7324,13.0
7325,13.0
7326,14.0
7327,15.0
7328,15.0
7329,15.0
7330,15.0
7331,15.0
7332,15.0
7333,15.0
7334,15.0
7335,15.0
7336,15.0
7337,15.0
7338,15.0
7339,15.0
7340,15.0
7341,15.0
7342,15.0
7343,15.0
7344,15.0
7345,15.0
7346,15.0
7347,15.0
7348,15.0
7349,15.0
7350,15.0
7351,15.0
7352,15.0
7353,15.0
7354,15.0
7355,15.0
7356,15.0
7357,15.0
7358,15.0
7359,15.0
7360,15.0
7361,15.0
7362,15.0
7363,15.0
7364,15.0
7365,15.0
7366,15.0
7367,15.0
7368,15.0
7369,15.0
7370,15.0
7371,15.0
7372,15.0
7373,15.0
7374,14.0
7375,14.0
7376,14.0
7377,14.0
7378,14.0
7379,13.0
7380,13.0
7381,13.0
7382,13.0
7383,13.0
7384,13.0
7385,13.0
7386,13.0
7387,13.0
7388,13.0
7389,13.0
7390,13.0
7391,13.0
7392,13.0
7393,13.0
7394,13.0
7395,13.0
7396,13.0
7397,13.0
7398,13.0
7399,13.0
7400,13.0
7401,13.0
7402,13.0
7403,13.0
7404,13.0
7405,13.0
7406,13.0
7407,13.0
7408,14.0
7409,14.0
7410,14.0
7411,14.0
7412,14.0
7413,14.0
7414,14.0
7415,14.0
7416,14.0
7417,14.0
7418,14.0
7419,14.0
7420,14.0
7421,14.0
7422,14.0
7423,14.0
7424,14.0
7425,14.0
7426,14.0
7427,14.0
7428,14.0
7429,14.0
7430,14.0
7431,15.0
7432,15.0
7433,15.0
7434,15.0
7435,15.0
7436,15.0
7437,15.0
7438,15.0
7439,15.0
7440,15.0
7441,15.0
7442,15.0
7443,15.0
7444,15.0
7445,15.0
7446,15.0
7447,15.0
7448,15.0
7449,15.0
7450,15.0
7451,15.0
7452,14.0
7453,14.0
7454,14.0
7455,14.0
7456,14.0
7457,14.0
7458,14.0
7459,14.0
7460,13.0
7461,13.0
7462,13.0
7463,13.0
7464,13.0
7465,13.0
7466,13.0
7467,13.0
7468,13.0
7469,14.0
7470,14.0
7471,14.0
7472,14.0
7473,14.0
7474,14.0
7475,14.0
7476,14.0
7477,14.0
7478,14.0
7479,14.0
7480,14.0
7481,14.0
7482,14.0
7483,15.0
7484,15.0
7485,15.0
7486,15.0
7487,15.0
7488,15.0
7489,15.0
7490,15.0
7491,15.0
7492,15.0
7493,15.0
7494,15.0
7495,15.0
7496,15.0
7497,15.0
7498,15.0
7499,15.0
7500,15.0
7501,15.0
7502,15.0
7503,15.0
7504,15.0
7505,15.0
7506,15.0
7507,15.0
7508,15.0
7509,15.0
7510,15.0
7511,15.0
7512,15.0
7513,15.0
7514,15.0
7515,15.0
7516,15.0
7517,15.0
7518,15.0
7519,15.0
7520,15.0
7521,15.0
7522,15.0
7523,15.0
7524,15.0
7525,15.0
7526,15.0
7527,15.0
7528,15.0
7529,15.0
7530,15.0
7531,15.0
7532,15.0
7533,15.0
7534,15.0
7535,15.0
7536,15.0
7537,15.0
7538,15.0
7539,15.0
7540,15.0
7541,15.0
7542,15.0
7543,15.0
7544,15.0
7545,15.0
7546,15.0
7547,15.0
7548,15.0
7549,15.0
7550,15.0
7551,15.0
7552,15.0
7553,15.0
7554,15.0
7555,15.0
7556,15.0
7557,15.0
7558,16.0
7559,16.0
7560,16.0
7561,16.0
7562,16.0
7563,16.0
7564,16.0
7565,16.0
7566,16.0
7567,16.0
7568,16.0
7569,16.0
7570,16.0
7571,16.0
7572,16.0
7573,16.0
7574,16.0
7575,16.0
7576,16.0
7577,16.0
7578,16.0
7579,16.0
7580,16.0
7581,16.0
7582,16.0
7583,16.0
7584,16.0
7585,16.0
7586,16.0
7587,16.0
7588,16.0
7589,16.0
7590,16.0
7591,16.0
7592,16.0
7593,16.0
7594,16.0
7595,16.0
7596,16.0
7597,16.0
7598,16.0
7599,16.0
7600,16.0
7601,16.0
7602,16.0
7603,16.0
7604,16.0
7605,16.0
7606,16.0
7607,16.0
7608,16.0
7609,16.0
7610,17.0
7611,17.0
7612,17.0
7613,17.0
7614,17.0
7615,17.0
7616,17.0
7617,17.0
7618,17.0
7619,17.0
7620,17.0
7621,17.0
7622,17.0
7623,17.0
7624,17.0
7625,17.0
7626,17.0
7627,17.0
7628,17.0
7629,17.0
7630,17.0
7631,17.0
7632,17.0
7633,17.0
7634,17.0
7635,17.0
7636,17.0
7637,17.0
7638,17.0
7639,17.0
7640,17.0
7641,17.0
7642,17.0
7643,17.0
7644,17.0
7645,17.0
7646,17.0
7647,17.0
7648,17.0
7649,17.0
7650,17.0
7651,17.0
7652,17.0
7653,17.0
7654,17.0
7655,17.0
7656,17.0
7657,17.0
7658,17.0
7659,17.0
7660,17.0
7661,17.0
7662,17.0
7663,17.0
7664,17.0
7665,17.0
7666,17.0
7667,17.0
7668,17.0
7669,17.0
7670,17.0
7671,17.0
7672,17.0
7673,17.0
7674,17.0
7675,17.0
7676,17.0
7677,17.0
7678,17.0
7679,17.0
7680,17.0
7681,17.0
7682,17.0
7683,17.0
7684,17.0
7685,17.0
7686,17.0
7687,17.0
7688,17.0
7689,17.0
7690,17.0
7691,17.0
7692,17.0
7693,17.0
7694,17.0
7695,17.0
7696,17.0
7697,17.0
7698,17.0
7699,17.0
7700,17.0
7701,17.0
7702,17.0
7703,17.0
7704,17.0
7705,17.0
7706,18.0
7707,18.0
7708,18.0
7709,18.0
7710,18.0
7711,18.0
7712,18.0
7713,18.0
7714,18.0
7715,18.0
7716,18.0
7717,18.0
7718,18.0
7719,18.0
7720,18.0
7721,18.0
7722,18.0
7723,18.0
7724,18.0
7725,18.0
7726,18.0
7727,18.0
7728,18.0
7729,18.0
7730,18.0
7731,18.0
7732,18.0
7733,19.0
7734,19.0
7735,19.0
7736,19.0
7737,19.0
7738,19.0
7739,19.0
7740,19.0
7741,19.0
7742,19.0
7743,19.0
7744,19.0
7745,19.0
7746,19.0
7747,19.0
7748,19.0
7749,19.0
7750,19.0
7751,19.0
7752,19.0
7753,19.0
7754,19.0
7755,19.0
7756,19.0
7757,19.0
7758,19.0
7759,19.0
7760,19.0
7761,19.0
7762,19.0
7763,19.0
7764,19.0
7765,19.0
7766,19.0
7767,19.0
7768,19.0
7769,19.0
7770,19.0
7771,19.0
7772,19.0
7773,19.0
7774,19.0
7775,19.0
7776,19.0
7777,19.0
7778,19.0
7779,19.0
7780,19.0
7781,19.0
7782,19.0
7783,19.0
7784,19.0
7785,19.0
7786,19.0
7787,19.0
7788,19.0
7789,19.0
7790,19.0
7791,19.0
7792,19.0
7793,19.0
7794,19.0
7795,19.0
7796,19.0
7797,19.0
7798,19.0
7799,19.0
7800,19.0
7801,19.0
7802,19.0
7803,19.0
7804,19.0
7805,19.0
7806,19.0
7807,19.0
7808,19.0
7809,19.0
7810,19.0
7811,19.0
7812,19.0
7813,19.0
7814,19.0
7815,19.0
7816,19.0
7817,19.0
7818,19.0
7819,19.0
7820,19.0
7821,19.0
7822,19.0
7823,19.0
7824,19.0
7825,19.0
7826,19.0
7827,19.0
7828,19.0
7829,19.0
7830,19.0
7831,19.0
7832,19.0
7833,19.0
7834,19.0
7835,19.0
7836,19.0
7837,19.0
7838,19.0
7839,19.0
7840,19.0
7841,19.0
7842,19.0
7843,19.0
7844,19.0
7845,19.0
7846,19.0
7847,19.0
7848,19.0
7849,19.0
7850,19.0
7851,19.0
7852,19.0
7853,19.0
7854,19.0
7855,19.0
7856,19.0
7857,19.0
7858,19.0
7859,19.0
7860,19.0
7861,19.0
7862,19.0
7863,19.0
7864,19.0
7865,19.0
7866,19.0
7867,19.0
7868,19.0
7869,19.0
7870,19.0
7871,19.0
7872,19.0
7873,19.0
7874,19.0
7875,19.0
7876,19.0
7877,19.0
7878,19.0
7879,19.0
7880,19.0
7881,19.0
7882,19.0
7883,19.0
7884,19.0
7885,19.0
7886,19.0
7887,19.0
7888,19.0
7889,19.0
7890,19.0
7891,19.0
7892,19.0
7893,19.0
7894,19.0
7895,19.0
7896,19.0
7897,19.0
7898,19.0
7899,19.0
7900,19.0
7901,19.0
7902,19.0
7903,19.0
7904,19.0
7905,19.0
7906,19.0
7907,19.0
7908,19.0
7909,19.0
7910,19.0
7911,19.0
7912,19.0
7913,19.0
7914,19.0
7915,19.0
7916,19.0
7917,19.0
7918,19.0
7919,19.0
7920,19.0
7921,19.0
7922,19.0
7923,19.0
7924,19.0
7925,19.0
7926,19.0
7927,19.0
7928,19.0
7929,19.0
7930,19.0
7931,19.0
7932,19.0
7933,19.0
7934,19.0
7935,19.0
7936,19.0
7937,19.0
7938,19.0
7939,19.0
7940,19.0
7941,19.0
7942,19.0
7943,19.0
7944,19.0
7945,19.0
7946,19.0
7947,19.0
7948,19.0
7949,19.0
7950,19.0
7951,19.0
7952,19.0
7953,19.0
7954,19.0
7955,19.0
7956,19.0
7957,19.0
7958,19.0
7959,19.0
7960,19.0
7961,19.0
7962,19.0
7963,19.0
7964,19.0
7965,19.0
7966,19.0
7967,19.0
7968,19.0
7969,19.0
7970,19.0
7971,19.0
7972,19.0
7973,19.0
7974,19.0
7975,19.0
7976,19.0
7977,19.0
7978,19.0
7979,19.0
7980,19.0
7981,19.0
7982,19.0
7983,19.0
7984,19.0
7985,19.0
7986,19.0
7987,19.0
7988,19.0
7989,19.0
7990,19.0
7991,19.0
7992,19.0
7993,19.0
7994,19.0
7995,19.0
7996,19.0
7997,19.0
7998,19.0
7999,19.0
8000,19.0
8001,19.0
8002,19.0
8003,19.0
8004,19.0
8005,19.0
8006,19.0
8007,19.0
8008,19.0
8009,19.0
8010,19.0
8011,19.0
8012,19.0
8013,19.0
8014,19.0
8015,19.0
8016,19.0
8017,19.0
8018,19.0
8019,19.0
8020,19.0
8021,19.0
8022,19.0
8023,19.0
8024,19.0
8025,19.0
8026,19.0
8027,19.0
8028,19.0
8029,19.0
8030,19.0
8031,19.0
8032,19.0
8033,19.0
8034,19.0
8035,19.0
8036,19.0
8037,19.0
8038,19.0
8039,19.0
8040,19.0
8041,19.0
8042,19.0
8043,19.0
8044,19.0
8045,19.0
8046,19.0
8047,19.0
8048,19.0
8049,19.0
8050,19.0
8051,19.0
8052,19.0
8053,19.0
8054,19.0
8055,19.0
8056,19.0
8057,19.0
8058,19.0
8059,19.0
8060,19.0
8061,19.0
8062,19.0
8063,19.0
8064,19.0
8065,19.0
8066,19.0
8067,19.0
8068,19.0
8069,19.0
8070,19.0
8071,19.0
8072,19.0
8073,19.0
8074,19.0
8075,19.0
8076,19.0
8077,19.0
8078,19.0
8079,19.0
8080,19.0
8081,19.0
8082,19.0
8083,19.0
8084,19.0
8085,19.0
8086,19.0
8087,19.0
8088,19.0
8089,19.0
8090,19.0
8091,19.0
8092,19.0
8093,19.0
8094,19.0
8095,19.0
8096,19.0
8097,19.0
8098,19.0
8099,19.0
8100,19.0
8101,19.0
8102,19.0
8103,19.0
8104,19.0
8105,19.0
8106,19.0
8107,19.0
8108,19.0
8109,19.0
8110,19.0
8111,19.0
8112,19.0
8113,19.0
8114,19.0
8115,19.0
8116,19.0
8117,19.0
8118,19.0
8119,19.0
8120,19.0
8121,19.0
8122,19.0
8123,19.0
8124,19.0
8125,19.0
8126,19.0
8127,19.0
8128,19.0
8129,19.0
8130,19.0
8131,19.0
8132,19.0
8133,19.0
8134,19.0
8135,19.0
8136,19.0
8137,19.0
8138,19.0
8139,19.0
8140,19.0
8141,19.0
8142,19.0
8143,19.0
8144,19.0
8145,19.0
8146,19.0
8147,19.0
8148,19.0
8149,19.0
8150,19.0
8151,19.0
8152,19.0
8153,19.0
8154,19.0
8155,19.0
8156,19.0
8157,19.0
8158,19.0
8159,19.0
8160,19.0
8161,19.0
8162,19.0
8163,19.0
8164,19.0
8165,19.0
8166,19.0
8167,19.0
8168,19.0
8169,19.0
8170,19.0
8171,19.0
8172,19.0
8173,19.0
8174,19.0
8175,19.0
8176,19.0
8177,19.0
8178,19.0
8179,19.0
8180,19.0
8181,19.0
8182,19.0
8183,19.0
8184,19.0
8185,19.0
8186,19.0
8187,19.0
8188,19.0
8189,19.0
8190,19.0
8191,19.0
8192,19.0
8193,19.0
8194,19.0
8195,19.0
8196,19.0
8197,19.0
8198,19.0
8199,19.0
8200,19.0
8201,19.0
8202,19.0
8203,19.0
8204,19.0
8205,19.0
8206,19.0
8207,19.0
8208,19.0
8209,19.0
8210,19.0
8211,19.0
8212,19.0
8213,19.0
8214,19.0
8215,19.0
8216,19.0
8217,19.0
8218,19.0
8219,19.0
8220,19.0
8221,19.0
8222,19.0
8223,19.0
8224,19.0
8225,19.0
8226,19.0
8227,19.0
8228,19.0
8229,19.0
8230,19.0
8231,19.0
8232,19.0
8233,19.0
8234,19.0
8235,19.0
8236,19.0
8237,19.0
8238,19.0
8239,19.0
8240,19.0
8241,19.0
8242,19.0
8243,19.0
8244,19.0
8245,19.0
8246,19.0
8247,19.0
8248,19.0
8249,19.0
8250,19.0
8251,19.0
8252,19.0
8253,19.0
8254,19.0
8255,19.0
8256,19.0
8257,19.0
8258,19.0
8259,19.0
8260,19.0
8261,19.0
8262,19.0
8263,19.0
8264,19.0
8265,19.0
8266,19.0
8267,19.0
8268,19.0
8269,19.0
8270,19.0
8271,19.0
8272,19.0
8273,19.0
8274,19.0
8275,19.0
8276,19.0
8277,19.0
8278,19.0
8279,19.0
8280,19.0
8281,19.0
8282,19.0
8283,19.0
8284,19.0
8285,19.0
8286,19.0
8287,19.0
8288,19.0
8289,19.0
8290,19.0
8291,19.0
8292,19.0
8293,19.0
8294,19.0
8295,19.0
8296,19.0
8297,19.0
8298,19.0
8299,19.0
8300,19.0
8301,19.0
8302,19.0
8303,19.0
8304,19.0
8305,19.0
8306,19.0
8307,19.0
8308,19.0
8309,19.0
8310,19.0
8311,19.0
8312,19.0
8313,19.0
8314,19.0
8315,19.0
8316,19.0
8317,19.0
8318,19.0
8319,19.0
8320,19.0
8321,19.0
8322,19.0
8323,19.0
8324,19.0
8325,19.0
8326,19.0
8327,19.0
8328,19.0
8329,19.0
8330,19.0
8331,19.0
8332,19.0
8333,19.0
8334,19.0
8335,19.0
8336,19.0
8337,19.0
8338,19.0
8339,19.0
8340,19.0
8341,19.0
8342,19.0
8343,19.0
8344,19.0
8345,19.0
8346,19.0
8347,19.0
8348,19.0
8349,19.0
8350,19.0
8351,19.0
8352,19.0
8353,19.0
8354,19.0
8355,19.0
8356,19.0
8357,19.0
8358,19.0
8359,19.0
8360,19.0
8361,19.0
8362,19.0
8363,19.0
8364,19.0
8365,19.0
8366,19.0
8367,19.0
8368,19.0
8369,19.0
8370,19.0
8371,19.0
8372,19.0
8373,19.0
8374,19.0
8375,19.0
8376,19.0
8377,19.0
8378,19.0
8379,19.0
8380,19.0
8381,19.0
8382,19.0
8383,19.0
8384,19.0
8385,19.0
8386,19.0
8387,19.0
8388,19.0
8389,19.0
8390,19.0
8391,19.0
8392,19.0
8393,19.0
8394,19.0
8395,19.0
8396,19.0
8397,19.0
8398,19.0
8399,19.0
8400,19.0
8401,19.0
8402,19.0
8403,19.0
8404,19.0
8405,19.0
8406,19.0
8407,19.0
8408,19.0
8409,19.0
8410,19.0
8411,19.0
8412,19.0
8413,19.0
8414,19.0
8415,19.0
8416,19.0
8417,19.0
8418,19.0
8419,19.0
8420,19.0
8421,19.0
8422,19.0
8423,19.0
8424,19.0
8425,19.0
8426,19.0
8427,19.0
8428,19.0
8429,19.0
8430,19.0
8431,19.0
8432,19.0
8433,19.0
8434,19.0
8435,19.0
8436,19.0
8437,19.0
8438,19.0
8439,19.0
8440,19.0
8441,19.0
8442,19.0
8443,19.0
8444,19.0
8445,19.0
8446,19.0
8447,19.0
8448,19.0
8449,19.0
8450,19.0
8451,19.0
8452,19.0
8453,19.0
8454,19.0
8455,19.0
8456,19.0
8457,19.0
8458,19.0
8459,19.0
8460,19.0
8461,19.0
8462,19.0
8463,19.0
8464,19.0
8465,19.0
8466,19.0
8467,19.0
8468,19.0
8469,19.0
8470,19.0
8471,19.0
8472,19.0
8473,19.0
8474,19.0
8475,19.0
8476,19.0
8477,19.0
8478,19.0
8479,19.0
8480,19.0
8481,19.0
8482,19.0
8483,19.0
8484,19.0
8485,19.0
8486,19.0
8487,19.0
8488,19.0
8489,19.0
8490,19.0
8491,19.0
8492,19.0
8493,19.0
8494,19.0
8495,19.0
8496,19.0
8497,19.0
8498,19.0
8499,19.0
8500,19.0
8501,19.0
8502,19.0
8503,19.0
8504,19.0
8505,19.0
8506,19.0
8507,19.0
8508,19.0
8509,19.0
8510,19.0
8511,19.0
8512,19.0
8513,19.0
8514,19.0
8515,19.0
8516,19.0
8517,19.0
8518,19.0
8519,19.0
8520,19.0
8521,19.0
8522,19.0
8523,19.0
8524,19.0
8525,19.0
8526,19.0
8527,19.0
8528,19.0
8529,19.0
8530,19.0
8531,19.0
8532,19.0
8533,19.0
8534,19.0
8535,19.0
8536,19.0
8537,19.0
8538,19.0
8539,19.0
8540,19.0
8541,19.0
8542,19.0
8543,19.0
8544,19.0
8545,19.0
8546,19.0
8547,19.0
8548,19.0
8549,19.0
8550,19.0
8551,19.0
8552,19.0
8553,19.0
8554,19.0
8555,19.0
8556,19.0
8557,19.0
8558,19.0
8559,19.0
8560,19.0
8561,19.0
8562,19.0
8563,19.0
8564,19.0
8565,19.0
8566,19.0
8567,19.0
8568,19.0
8569,19.0
8570,19.0
8571,19.0
8572,19.0
8573,19.0
8574,19.0
8575,19.0
8576,19.0
8577,19.0
8578,19.0
8579,19.0
8580,19.0
8581,19.0
8582,19.0
8583,19.0
8584,19.0
8585,19.0
8586,19.0
8587,19.0
8588,19.0
8589,19.0
8590,19.0
8591,19.0
8592,19.0
8593,19.0
8594,19.0
8595,19.0
8596,19.0
8597,19.0
8598,19.0
8599,19.0
8600,19.0
8601,19.0
8602,19.0
8603,19.0
8604,19.0
8605,19.0
8606,19.0
8607,19.0
8608,19.0
8609,19.0
8610,19.0
8611,19.0
8612,19.0
8613,19.0
8614,19.0
8615,19.0
8616,19.0
8617,19.0
8618,19.0
8619,19.0
8620,19.0
8621,19.0
8622,19.0
8623,19.0
8624,19.0
8625,19.0
8626,19.0
8627,19.0
8628,19.0
8629,19.0
8630,19.0
8631,19.0
8632,19.0
8633,19.0
8634,19.0
8635,19.0
8636,19.0
8637,19.0
8638,19.0
8639,19.0
8640,19.0
8641,19.0
8642,19.0
8643,19.0
8644,19.0
8645,19.0
8646,19.0
8647,19.0
8648,19.0
8649,19.0
8650,19.0
8651,19.0
8652,19.0
8653,19.0
8654,19.0
8655,19.0
8656,19.0
8657,19.0
8658,19.0
8659,19.0
8660,19.0
8661,19.0
8662,19.0
8663,19.0
8664,19.0
8665,19.0
8666,19.0
8667,19.0
8668,19.0
8669,19.0
8670,19.0
8671,19.0
8672,19.0
8673,19.0
8674,19.0
8675,19.0
8676,19.0
8677,19.0
8678,19.0
8679,19.0
8680,19.0
8681,19.0
8682,19.0
8683,19.0
8684,19.0
8685,19.0
8686,19.0
8687,19.0
8688,19.0
8689,19.0
8690,19.0
8691,19.0
8692,19.0
8693,19.0
8694,19.0
8695,19.0
8696,19.0
8697,19.0
8698,19.0
8699,19.0
8700,19.0
8701,19.0
8702,19.0
8703,19.0
8704,19.0
8705,19.0
8706,19.0
8707,19.0
8708,19.0
8709,19.0
8710,19.0
8711,19.0
8712,19.0
8713,19.0
8714,19.0
8715,19.0
8716,19.0
8717,19.0
8718,19.0
8719,19.0
8720,19.0
8721,19.0
8722,19.0
8723,19.0
8724,19.0
8725,19.0
8726,19.0
8727,19.0
8728,19.0
8729,19.0
8730,19.0
8731,19.0
8732,19.0
8733,19.0
8734,19.0
8735,19.0
8736,19.0
8737,19.0
8738,19.0
8739,19.0
8740,19.0
8741,19.0
8742,19.0
8743,19.0
8744,19.0
8745,19.0
8746,19.0
8747,19.0
8748,19.0
8749,19.0
8750,19.0
8751,19.0
8752,19.0
8753,19.0
8754,19.0
8755,19.0
8756,19.0
8757,19.0
8758,19.0
8759,19.0
8760,19.0
8761,19.0
8762,19.0
8763,19.0
8764,19.0
8765,19.0
8766,19.0
8767,19.0
8768,19.0
8769,19.0
8770,19.0
8771,19.0
8772,19.0
8773,19.0
8774,19.0
8775,19.0
8776,19.0
8777,19.0
8778,19.0
8779,19.0
8780,19.0
8781,19.0
8782,19.0
8783,19.0
8784,19.0
8785,19.0
8786,19.0
8787,19.0
8788,19.0
8789,19.0
8790,19.0
8791,19.0
8792,19.0
8793,19.0
8794,19.0
8795,19.0
8796,19.0
8797,19.0
8798,19.0
8799,19.0
8800,19.0
8801,19.0
8802,19.0
8803,19.0
8804,19.0
8805,19.0
8806,19.0
8807,19.0
8808,19.0
8809,19.0
8810,19.0
8811,19.0
8812,19.0
8813,19.0
8814,19.0
8815,19.0
8816,19.0
8817,19.0
8818,19.0
8819,19.0
8820,19.0
8821,19.0
8822,19.0
8823,19.0
8824,19.0
8825,19.0
8826,19.0
8827,19.0
8828,19.0
8829,19.0
8830,19.0
8831,19.0
8832,19.0
8833,19.0
8834,19.0
8835,19.0
8836,19.0
8837,19.0
8838,19.0
8839,19.0
8840,19.0
8841,19.0
8842,19.0
8843,19.0
8844,19.0
8845,19.0
8846,19.0
8847,19.0
8848,19.0
8849,19.0
8850,19.0
8851,19.0
8852,19.0
8853,19.0
8854,19.0
8855,19.0
8856,19.0
8857,19.0
8858,19.0
8859,19.0
8860,19.0
8861,19.0
8862,19.0
8863,19.0
8864,19.0
8865,19.0
8866,19.0
8867,19.0
8868,19.0
8869,19.0
8870,19.0
8871,19.0
8872,19.0
8873,19.0
8874,19.0
8875,19.0
8876,19.0
8877,19.0
8878,19.0
8879,19.0
8880,19.0
8881,19.0
8882,19.0
8883,19.0
8884,19.0
8885,19.0
8886,19.0
8887,19.0
8888,19.0
8889,19.0
8890,19.0
8891,19.0
8892,19.0
8893,19.0
8894,19.0
8895,19.0
8896,19.0
8897,19.0
8898,19.0
8899,19.0
8900,19.0
8901,19.0
8902,19.0
8903,19.0
8904,19.0
8905,19.0
8906,19.0
8907,19.0
8908,19.0
8909,19.0
8910,19.0
8911,19.0
8912,19.0
8913,19.0
8914,19.0
8915,19.0
8916,19.0
8917,19.0
8918,19.0
8919,19.0
8920,19.0
8921,19.0
8922,19.0
8923,19.0
8924,19.0
8925,19.0
8926,19.0
8927,19.0
8928,19.0
8929,19.0
8930,19.0
8931,19.0
8932,19.0
8933,19.0
8934,19.0
8935,19.0
8936,19.0
8937,19.0
8938,19.0
8939,19.0
8940,19.0
8941,19.0
8942,19.0
8943,19.0
8944,19.0
8945,19.0
8946,19.0
8947,19.0
8948,19.0
8949,19.0
8950,19.0
8951,19.0
8952,19.0
8953,19.0
8954,19.0
8955,19.0
8956,19.0
8957,19.0
8958,19.0
8959,19.0
8960,19.0
8961,19.0
8962,19.0
8963,19.0
8964,19.0
8965,19.0
8966,19.0
8967,19.0
8968,19.0
8969,19.0
8970,19.0
8971,19.0
8972,19.0
8973,19.0
8974,19.0
8975,19.0
8976,19.0
8977,19.0
8978,19.0
8979,19.0
8980,19.0
8981,19.0
8982,19.0
8983,19.0
8984,19.0
8985,19.0
8986,19.0
8987,19.0
8988,19.0
8989,19.0
8990,19.0
8991,19.0
8992,19.0
8993,19.0
8994,19.0
8995,19.0
8996,19.0
8997,19.0
8998,19.0
8999,19.0
9000,19.0
9001,19.0
9002,19.0
9003,19.0
9004,19.0
9005,19.0
9006,19.0
9007,19.0
9008,19.0
9009,19.0
9010,19.0
9011,19.0
9012,19.0
9013,19.0
9014,19.0
9015,19.0
9016,19.0
9017,19.0
9018,19.0
9019,19.0
9020,19.0
9021,19.0
9022,19.0
9023,19.0
9024,19.0
9025,19.0
9026,19.0
9027,19.0
9028,19.0
9029,19.0
9030,19.0
9031,19.0
9032,19.0
9033,19.0
9034,19.0
9035,19.0
9036,19.0
9037,19.0
9038,19.0
9039,19.0
9040,19.0
9041,19.0
9042,19.0
9043,19.0
9044,19.0
9045,19.0
9046,19.0
9047,19.0
9048,19.0
9049,19.0
9050,19.0
9051,19.0
9052,19.0
9053,19.0
9054,19.0
9055,19.0
9056,19.0
9057,19.0
9058,19.0
9059,19.0
9060,19.0
9061,19.0
9062,19.0
9063,19.0
9064,19.0
9065,19.0
9066,19.0
9067,19.0
9068,19.0
9069,19.0
9070,19.0
9071,19.0
9072,19.0
9073,19.0
9074,19.0
9075,19.0
9076,19.0
9077,19.0
9078,19.0
9079,19.0
9080,19.0
9081,19.0
9082,19.0
9083,19.0
9084,19.0
9085,19.0
9086,19.0
9087,19.0
9088,19.0
9089,19.0
9090,19.0
9091,19.0
9092,19.0
9093,19.0
9094,19.0
9095,19.0
9096,19.0
9097,19.0
9098,19.0
9099,19.0
9100,19.0
9101,19.0
9102,19.0
9103,19.0
9104,19.0
9105,19.0
9106,19.0
9107,19.0
9108,19.0
9109,19.0
9110,19.0
9111,19.0
9112,19.0
9113,19.0
9114,19.0
9115,19.0
9116,19.0
9117,19.0
9118,19.0
9119,19.0
9120,19.0
9121,19.0
9122,19.0
9123,19.0
9124,19.0
9125,19.0
9126,19.0
9127,19.0
9128,19.0
9129,19.0
9130,19.0
9131,19.0
9132,19.0
9133,19.0
9134,19.0
9135,19.0
9136,19.0
9137,19.0
9138,19.0
9139,19.0
9140,19.0
9141,19.0
9142,19.0
9143,19.0
9144,19.0
9145,19.0
9146,19.0
9147,19.0
9148,19.0
9149,19.0
9150,19.0
9151,19.0
9152,19.0
9153,19.0
9154,19.0
9155,19.0
9156,19.0
9157,19.0
9158,19.0
9159,19.0
9160,19.0
9161,19.0
9162,19.0
9163,19.0
9164,19.0
9165,19.0
9166,19.0
9167,19.0
9168,19.0
9169,19.0
9170,19.0
9171,19.0
9172,19.0
9173,19.0
9174,19.0
9175,19.0
9176,19.0
9177,19.0
9178,19.0
9179,19.0
9180,19.0
9181,19.0
9182,19.0
9183,19.0
9184,19.0
9185,19.0
9186,19.0
9187,19.0
9188,19.0
9189,19.0
9190,19.0
9191,19.0
9192,19.0
9193,19.0
9194,19.0
9195,19.0
9196,19.0
9197,19.0
9198,19.0
9199,19.0
9200,19.0
9201,19.0
9202,19.0
9203,19.0
9204,19.0
9205,19.0
9206,19.0
9207,19.0
9208,19.0
9209,19.0
9210,19.0
9211,19.0
9212,19.0
9213,19.0
9214,19.0
9215,19.0
9216,19.0
9217,19.0
9218,19.0
9219,19.0
9220,19.0
9221,19.0
9222,19.0
9223,19.0
9224,19.0
9225,19.0
9226,19.0
9227,19.0
9228,19.0
9229,19.0
9230,19.0
9231,19.0
9232,19.0
9233,19.0
9234,19.0
9235,19.0
9236,19.0
9237,19.0
9238,19.0
9239,19.0
9240,19.0
9241,19.0
9242,19.0
9243,19.0
9244,19.0
9245,19.0
9246,19.0
9247,19.0
9248,19.0
9249,19.0
9250,19.0
9251,19.0
9252,19.0
9253,19.0
9254,19.0
9255,19.0
9256,19.0
9257,19.0
9258,19.0
9259,19.0
9260,19.0
9261,19.0
9262,19.0
9263,19.0
9264,19.0
9265,19.0
9266,19.0
9267,19.0
9268,19.0
9269,19.0
9270,19.0
9271,19.0
9272,19.0
9273,19.0
9274,19.0
9275,19.0
9276,19.0
9277,19.0
9278,19.0
9279,19.0
9280,19.0
9281,19.0
9282,19.0
9283,19.0
9284,19.0
9285,19.0
9286,19.0
9287,19.0
9288,19.0
9289,19.0
9290,19.0
9291,19.0
9292,19.0
9293,19.0
9294,19.0
9295,19.0
9296,19.0
9297,19.0
9298,19.0
9299,19.0
9300,19.0
9301,19.0
9302,19.0
9303,19.0
9304,19.0
9305,19.0
9306,19.0
9307,19.0
9308,19.0
9309,19.0
9310,19.0
9311,19.0
9312,19.0
9313,19.0
9314,19.0
9315,19.0
9316,19.0
9317,19.0
9318,19.0
9319,19.0
9320,19.0
9321,19.0
9322,19.0
9323,19.0
9324,19.0
9325,19.0
9326,19.0
9327,19.0
9328,19.0
9329,19.0
9330,19.0
9331,19.0
9332,19.0
9333,19.0
9334,19.0
9335,19.0
9336,19.0
9337,19.0
9338,19.0
9339,19.0
9340,19.0
9341,19.0
9342,19.0
9343,19.0
9344,19.0
9345,19.0
9346,19.0
9347,19.0
9348,19.0
9349,19.0
9350,19.0
9351,19.0
9352,19.0
9353,19.0
9354,19.0
9355,19.0
9356,19.0
9357,19.0
9358,19.0
9359,19.0
9360,19.0
9361,19.0
9362,19.0
9363,19.0
9364,19.0
9365,19.0
9366,19.0
9367,19.0
9368,19.0
9369,19.0
9370,19.0
9371,19.0
9372,19.0
9373,19.0
9374,19.0
9375,19.0
9376,19.0
9377,19.0
9378,19.0
9379,19.0
9380,19.0
9381,19.0
9382,19.0
9383,19.0
9384,19.0
9385,19.0
9386,19.0
9387,19.0
9388,19.0
9389,19.0
9390,19.0
9391,19.0
9392,19.0
9393,19.0
9394,19.0
9395,19.0
9396,19.0
9397,19.0
9398,19.0
9399,19.0
9400,19.0
9401,19.0
9402,19.0
9403,19.0
9404,19.0
9405,19.0
9406,19.0
9407,19.0
9408,19.0
9409,19.0
9410,19.0
9411,19.0
9412,19.0
9413,19.0
9414,19.0
9415,19.0
9416,19.0
9417,19.0
9418,19.0
9419,19.0
9420,19.0
9421,19.0
9422,19.0
9423,19.0
9424,19.0
9425,19.0
9426,19.0
9427,19.0
9428,19.0
9429,19.0
9430,19.0
9431,19.0
9432,19.0
9433,19.0
9434,19.0
9435,19.0
9436,19.0
9437,19.0
9438,19.0
9439,19.0
9440,19.0
9441,19.0
9442,19.0
9443,19.0
9444,19.0
9445,19.0
9446,19.0
9447,19.0
9448,19.0
9449,19.0
9450,19.0
9451,19.0
9452,19.0
9453,19.0
9454,19.0
9455,19.0
9456,19.0
9457,19.0
9458,19.0
9459,19.0
9460,19.0
9461,19.0
9462,19.0
9463,19.0
9464,19.0
9465,19.0
9466,19.0
9467,19.0
9468,19.0
9469,19.0
9470,19.0
9471,19.0
9472,19.0
9473,19.0
9474,19.0
9475,19.0
9476,19.0
9477,19.0
9478,19.0
9479,19.0
9480,19.0
9481,19.0
9482,19.0
9483,19.0
9484,19.0
9485,19.0
9486,19.0
9487,19.0
9488,19.0
9489,19.0
9490,19.0
9491,19.0
9492,19.0
9493,19.0
9494,19.0
9495,19.0
9496,19.0
9497,19.0
9498,19.0
9499,19.0
9500,19.0
9501,19.0
9502,19.0
9503,19.0
9504,19.0
9505,19.0
9506,19.0
9507,19.0
9508,19.0
9509,19.0
9510,19.0
9511,19.0
9512,19.0
9513,19.0
9514,19.0
9515,19.0
9516,19.0
9517,19.0
9518,19.0
9519,19.0
9520,19.0
9521,19.0
9522,19.0
9523,19.0
9524,19.0
9525,19.0
9526,19.0
9527,19.0
9528,19.0
9529,19.0
9530,19.0
9531,19.0
9532,19.0
9533,19.0
9534,19.0
9535,19.0
9536,19.0
9537,19.0
9538,19.0
9539,19.0
9540,19.0
9541,19.0
9542,19.0
9543,19.0
9544,19.0
9545,19.0
9546,19.0
9547,19.0
9548,19.0
9549,19.0
9550,19.0
9551,19.0
9552,19.0
9553,19.0
9554,19.0
9555,19.0
9556,19.0
9557,19.0
9558,19.0
9559,19.0
9560,19.0
9561,19.0
9562,19.0
9563,19.0
9564,19.0
9565,19.0
9566,19.0
9567,19.0
9568,19.0
9569,19.0
9570,19.0
9571,19.0
9572,19.0
9573,19.0
9574,19.0
9575,19.0
9576,19.0
9577,19.0
9578,19.0
9579,19.0
9580,19.0
9581,19.0
9582,19.0
9583,19.0
9584,19.0
9585,19.0
9586,19.0
9587,19.0
9588,19.0
9589,19.0
9590,19.0
9591,19.0
9592,19.0
9593,19.0
9594,19.0
9595,19.0
9596,19.0
9597,19.0
9598,19.0
9599,19.0
9600,19.0
9601,19.0
9602,19.0
9603,19.0
9604,19.0
9605,19.0
9606,19.0
9607,19.0
9608,19.0
9609,19.0
9610,19.0
9611,19.0
9612,19.0
9613,19.0
9614,19.0
9615,19.0
9616,19.0
9617,19.0
9618,19.0
9619,19.0
9620,19.0
9621,19.0
9622,19.0
9623,19.0
9624,19.0
9625,19.0
9626,19.0
9627,19.0
9628,19.0
9629,19.0
9630,19.0
9631,19.0
9632,19.0
9633,19.0
9634,19.0
9635,19.0
9636,19.0
9637,19.0
9638,19.0
9639,19.0
9640,19.0
9641,20.0
9642,20.0
9643,20.0
9644,20.0
9645,20.0
9646,20.0
9647,20.0
9648,20.0
9649,20.0
9650,20.0
9651,20.0
9652,20.0
9653,20.0
9654,20.0
9655,20.0
9656,20.0
9657,20.0
9658,20.0
9659,20.0
9660,20.0
9661,20.0
9662,20.0
9663,20.0
9664,20.0
9665,20.0
9666,20.0
9667,20.0
9668,20.0
9669,20.0
9670,20.0
9671,20.0
9672,20.0
9673,20.0
9674,20.0
9675,20.0
9676,20.0
9677,20.0
9678,21.0
9679,21.0
9680,21.0
9681,21.0
9682,21.0
9683,21.0
9684,21.0
9685,21.0
9686,21.0
9687,21.0
9688,20.0
9689,20.0
9690,20.0
9691,21.0
9692,21.0
9693,21.0
9694,21.0
9695,21.0
9696,19.0
9697,19.0
9698,18.0
9699,18.0
9700,18.0
9701,18.0
9702,18.0
9703,18.0
9704,18.0
9705,18.0
9706,18.0
9707,18.0
9708,18.0
9709,18.0
9710,19.0
9711,19.0
9712,19.0
9713,18.0
9714,17.0
9715,17.0
9716,17.0
9717,17.0
9718,17.0
9719,17.0
9720,17.0
9721,16.0
9722,16.0
9723,16.0
9724,16.0
9725,16.0
9726,16.0
9727,16.0
9728,16.0
9729,16.0
9730,16.0
9731,16.0
9732,16.0
9733,16.0
9734,16.0
9735,16.0
9736,16.0
9737,16.0
9738,16.0
9739,16.0
9740,16.0
9741,16.0
9742,16.0
9743,16.0
9744,16.0
9745,16.0
9746,16.0
9747,16.0
9748,16.0
9749,16.0
9750,16.0
9751,16.0
9752,16.0
9753,16.0
9754,16.0
9755,16.0
9756,16.0
9757,16.0
9758,16.0
9759,16.0
9760,16.0
9761,16.0
9762,16.0
9763,16.0
9764,16.0
9765,16.0
9766,16.0
9767,16.0
9768,16.0
9769,16.0
9770,16.0
9771,16.0
9772,16.0
9773,16.0
9774,16.0
9775,16.0
9776,16.0
9777,16.0
9778,16.0
9779,16.0
9780,16.0
9781,16.0
9782,16.0
9783,16.0
9784,16.0
9785,16.0
9786,16.0
9787,16.0
9788,16.0
9789,16.0
9790,16.0
9791,16.0
9792,16.0
9793,16.0
9794,16.0
9795,16.0
9796,16.0
9797,16.0
9798,16.0
9799,16.0
9800,16.0
9801,16.0
9802,16.0
9803,16.0
9804,16.0
9805,16.0
9806,16.0
9807,16.0
9808,16.0
9809,16.0
9810,16.0
9811,16.0
9812,16.0
9813,16.0
9814,16.0
9815,16.0
9816,16.0
9817,16.0
9818,16.0
9819,16.0
9820,16.0
9821,16.0
9822,16.0
9823,16.0
9824,16.0
9825,16.0
9826,16.0
9827,16.0
9828,16.0
9829,16.0
9830,16.0
9831,16.0
9832,16.0
9833,16.0
9834,16.0
9835,16.0
9836,16.0
9837,16.0
9838,16.0
9839,16.0
9840,16.0
9841,16.0
9842,16.0
9843,16.0
9844,16.0
9845,16.0
9846,16.0
9847,16.0
9848,16.0
9849,16.0
9850,16.0
9851,16.0
9852,16.0
9853,16.0
9854,16.0
9855,16.0
9856,16.0
9857,16.0
9858,16.0
9859,16.0
9860,16.0
9861,16.0
9862,16.0
9863,16.0
9864,16.0
9865,16.0
9866,16.0
9867,16.0
9868,16.0
9869,16.0
9870,16.0
9871,16.0
9872,16.0
9873,16.0
9874,16.0
9875,16.0
9876,16.0
9877,16.0
9878,17.0
9879,17.0
9880,17.0
9881,17.0
9882,17.0
9883,17.0
9884,17.0
9885,17.0
9886,17.0
9887,17.0
9888,17.0
9889,17.0
9890,17.0
9891,17.0
9892,17.0
9893,17.0
9894,17.0
9895,17.0
9896,17.0
9897,17.0
9898,17.0
9899,17.0
9900,17.0
9901,17.0
9902,17.0
9903,17.0
9904,17.0
9905,17.0
9906,17.0
9907,17.0
9908,17.0
9909,17.0
9910,17.0
9911,17.0
9912,17.0
9913,17.0
9914,17.0
9915,17.0
9916,17.0
9917,17.0
9918,17.0
9919,17.0
9920,17.0
9921,17.0
9922,17.0
9923,17.0
9924,17.0
9925,17.0
9926,17.0
9927,17.0
9928,17.0
9929,17.0
9930,17.0
9931,17.0
9932,17.0
9933,17.0
9934,17.0
9935,17.0
9936,17.0
9937,17.0
9938,17.0
9939,17.0
9940,17.0
9941,17.0
9942,17.0
9943,17.0
9944,17.0
9945,17.0
9946,17.0
9947,17.0
9948,17.0
9949,17.0
9950,17.0
9951,17.0
9952,17.0
9953,17.0
9954,17.0
9955,17.0
9956,17.0
9957,17.0
9958,17.0
9959,17.0
9960,17.0
9961,17.0
9962,17.0
9963,17.0
9964,17.0
9965,17.0
9966,17.0
9967,17.0
9968,17.0
9969,17.0
9970,17.0
9971,17.0
9972,17.0
9973,17.0
9974,17.0
9975,17.0
9976,17.0
9977,17.0
9978,17.0
9979,17.0
9980,17.0
9981,17.0
9982,17.0
9983,17.0
9984,17.0
9985,17.0
9986,17.0
9987,17.0
9988,17.0
9989,17.0
9990,17.0
9991,17.0
9992,17.0
9993,17.0
9994,17.0
9995,17.0
9996,17.0
9997,17.0
9998,17.0
9999,17.0
10000,17.0
10001,17.0
10002,17.0
10003,17.0
10004,17.0
10005,17.0
10006,17.0
10007,17.0
10008,17.0
10009,17.0
10010,17.0
10011,17.0
10012,17.0
10013,17.0
10014,17.0
10015,17.0
10016,17.0
10017,17.0
10018,17.0
10019,17.0
10020,17.0
10021,17.0
10022,17.0
10023,17.0
10024,17.0
10025,17.0
10026,17.0
10027,17.0
10028,17.0
10029,17.0
10030,17.0
10031,17.0
10032,17.0
10033,17.0
10034,17.0
10035,17.0
10036,17.0
10037,17.0
10038,17.0
10039,17.0
10040,18.0
10041,18.0
10042,18.0
10043,18.0
10044,18.0
10045,18.0
10046,18.0
10047,18.0
10048,18.0
10049,18.0
10050,18.0
10051,18.0
10052,18.0
10053,18.0
10054,18.0
10055,18.0
10056,18.0
10057,18.0
10058,18.0
10059,18.0
10060,18.0
10061,18.0
10062,18.0
10063,18.0
10064,18.0
10065,18.0
10066,18.0
10067,18.0
10068,18.0
10069,18.0
10070,18.0
10071,18.0
10072,18.0
10073,18.0
10074,18.0
10075,18.0
10076,18.0
10077,18.0
10078,18.0
10079,18.0
10080,18.0
10081,18.0
10082,18.0
10083,18.0
10084,18.0
10085,18.0
10086,18.0
10087,18.0
10088,18.0
10089,18.0
10090,18.0
10091,18.0
10092,18.0
10093,18.0
10094,18.0
10095,18.0
10096,18.0
10097,18.0
10098,18.0
10099,18.0
10100,18.0
10101,18.0
10102,18.0
10103,18.0
10104,18.0
10105,18.0
10106,18.0
10107,18.0
10108,18.0
10109,18.0
10110,18.0
10111,18.0
10112,18.0
10113,18.0
10114,18.0
10115,18.0
10116,18.0
10117,18.0
10118,18.0
10119,18.0
10120,18.0
10121,18.0
10122,18.0
10123,18.0
10124,18.0
10125,18.0
10126,18.0
10127,18.0
10128,18.0
10129,18.0
10130,18.0
10131,18.0
10132,18.0
10133,18.0
10134,18.0
10135,18.0
10136,18.0
10137,18.0
10138,18.0
10139,18.0
10140,18.0
10141,18.0
10142,18.0
10143,18.0
10144,18.0
10145,18.0
10146,18.0
10147,18.0
10148,18.0
10149,18.0
10150,18.0
10151,18.0
10152,18.0
10153,18.0
10154,18.0
10155,18.0
10156,18.0
10157,18.0
10158,18.0
10159,18.0
10160,18.0
10161,18.0
10162,18.0
10163,18.0
10164,18.0
10165,18.0
10166,18.0
10167,18.0
10168,18.0
10169,18.0
10170,18.0
10171,18.0
10172,18.0
10173,18.0
10174,18.0
10175,18.0
10176,18.0
10177,18.0
10178,18.0
10179,18.0
10180,18.0
10181,18.0
10182,18.0
10183,18.0
10184,18.0
10185,18.0
10186,18.0
10187,18.0
10188,18.0
10189,18.0
10190,18.0
10191,18.0
10192,18.0
10193,18.0
10194,18.0
10195,18.0
10196,18.0
10197,18.0
10198,18.0
10199,18.0
10200,18.0
10201,18.0
10202,18.0
10203,18.0
10204,18.0
10205,18.0
10206,18.0
10207,18.0
10208,18.0
10209,18.0
10210,18.0
10211,18.0
10212,18.0
10213,18.0
10214,18.0
10215,18.0
10216,18.0
10217,18.0
10218,18.0
10219,18.0
10220,18.0
10221,18.0
10222,18.0
10223,18.0
10224,18.0
10225,18.0
10226,18.0
10227,18.0
10228,18.0
10229,18.0
10230,18.0
10231,18.0
10232,18.0
10233,18.0
10234,18.0
10235,18.0
10236,18.0
10237,18.0
10238,18.0
10239,18.0
10240,18.0
10241,18.0
10242,18.0
10243,18.0
10244,18.0
10245,18.0
10246,18.0
10247,18.0
10248,18.0
10249,18.0
10250,18.0
10251,18.0
10252,18.0
10253,18.0
10254,18.0
10255,18.0
10256,18.0
10257,18.0
10258,18.0
10259,18.0
10260,18.0
10261,18.0
10262,18.0
10263,18.0
10264,18.0
10265,18.0
10266,18.0
10267,18.0
10268,18.0
10269,18.0
10270,18.0
10271,18.0
10272,18.0
10273,18.0
10274,18.0
10275,18.0
10276,18.0
10277,18.0
10278,18.0
10279,18.0
10280,18.0
10281,18.0
10282,18.0
10283,18.0
10284,18.0
10285,18.0
10286,18.0
10287,18.0
10288,18.0
10289,18.0
10290,18.0
10291,18.0
10292,18.0
10293,18.0
10294,18.0
10295,18.0
10296,18.0
10297,18.0
10298,18.0
10299,18.0
10300,18.0
10301,18.0
10302,18.0
10303,18.0
10304,18.0
10305,18.0
10306,18.0
10307,18.0
10308,18.0
10309,18.0
10310,18.0
10311,18.0
10312,18.0
10313,18.0
10314,18.0
10315,18.0
10316,18.0
10317,18.0
10318,18.0
10319,18.0
10320,18.0
10321,18.0
10322,18.0
10323,18.0
10324,18.0
10325,18.0
10326,18.0
10327,18.0
10328,18.0
10329,18.0
10330,18.0
10331,18.0
10332,18.0
10333,18.0
10334,18.0
10335,18.0
10336,18.0
10337,18.0
10338,18.0
10339,18.0
10340,18.0
10341,18.0
10342,18.0
10343,18.0
10344,18.0
10345,18.0
10346,18.0
10347,18.0
10348,18.0
10349,18.0
10350,18.0
10351,18.0
10352,18.0
10353,18.0
10354,18.0
10355,18.0
10356,18.0
10357,18.0
10358,18.0
10359,18.0
10360,18.0
10361,18.0
10362,18.0
10363,18.0
10364,18.0
10365,18.0
10366,18.0
10367,18.0
10368,18.0
10369,18.0
10370,18.0
10371,18.0
10372,18.0
10373,18.0
10374,18.0
10375,18.0
10376,18.0
10377,18.0
10378,18.0
10379,18.0
10380,18.0
10381,18.0
10382,18.0
10383,18.0
10384,18.0
10385,18.0
10386,18.0
10387,18.0
10388,18.0
10389,18.0
10390,18.0
10391,18.0
10392,18.0
10393,18.0
10394,18.0
10395,18.0
10396,18.0
10397,18.0
10398,18.0
10399,18.0
10400,18.0
10401,18.0
10402,18.0
10403,18.0
10404,18.0
10405,18.0
10406,18.0
10407,18.0
10408,18.0
10409,18.0
10410,18.0
10411,18.0
10412,18.0
10413,18.0
10414,18.0
10415,18.0
10416,18.0
10417,18.0
10418,18.0
10419,18.0
10420,18.0
10421,18.0
10422,18.0
10423,18.0
10424,18.0
10425,18.0
10426,18.0
10427,18.0
10428,18.0
10429,18.0
10430,18.0
10431,18.0
10432,18.0
10433,18.0
10434,18.0
10435,18.0
10436,18.0
10437,18.0
10438,18.0
10439,18.0
10440,18.0
10441,18.0
10442,18.0
10443,18.0
10444,18.0
10445,18.0
10446,18.0
10447,18.0
10448,18.0
10449,18.0
10450,18.0
10451,18.0
10452,18.0
10453,18.0
10454,18.0
10455,18.0
10456,18.0
10457,18.0
10458,18.0
10459,18.0
10460,18.0
10461,18.0
10462,18.0
10463,18.0
10464,18.0
10465,18.0
10466,18.0
10467,18.0
10468,18.0
10469,18.0
10470,18.0
10471,18.0
10472,18.0
10473,18.0
10474,18.0
10475,18.0
10476,18.0
10477,18.0
10478,18.0
10479,18.0
10480,18.0
10481,18.0
10482,18.0
10483,18.0
10484,18.0
10485,18.0
10486,18.0
10487,18.0
10488,18.0
10489,18.0
10490,18.0
10491,18.0
10492,18.0
10493,18.0
10494,18.0
10495,18.0
10496,18.0
10497,18.0
10498,18.0
10499,18.0
10500,18.0
10501,18.0
10502,18.0
10503,18.0
10504,18.0
10505,18.0
10506,18.0
10507,18.0
10508,18.0
10509,18.0
10510,18.0
10511,18.0
10512,18.0
10513,18.0
10514,18.0
10515,18.0
10516,18.0
10517,18.0
10518,18.0
10519,18.0
10520,18.0
10521,18.0
10522,18.0
10523,18.0
10524,18.0
10525,18.0
10526,18.0
10527,18.0
10528,18.0
10529,18.0
10530,18.0
10531,18.0
10532,18.0
10533,18.0
10534,18.0
10535,18.0
10536,18.0
10537,18.0
10538,18.0
10539,18.0
10540,18.0
10541,18.0
10542,18.0
10543,18.0
10544,18.0
10545,18.0
10546,18.0
10547,18.0
10548,18.0
10549,18.0
10550,18.0
10551,18.0
10552,18.0
10553,18.0
10554,18.0
10555,18.0
10556,18.0
10557,18.0
10558,18.0
10559,18.0
10560,18.0
10561,18.0
10562,18.0
10563,18.0
10564,18.0
10565,18.0
10566,18.0
10567,18.0
10568,18.0
10569,18.0
10570,18.0
10571,18.0
10572,18.0
10573,18.0
10574,18.0
10575,18.0
10576,18.0
10577,18.0
10578,18.0
10579,18.0
10580,18.0
10581,18.0
10582,18.0
10583,18.0
10584,18.0
10585,18.0
10586,18.0
10587,18.0
10588,18.0
10589,18.0
10590,18.0
10591,18.0
10592,18.0
10593,18.0
10594,18.0
10595,18.0
10596,18.0
10597,18.0
10598,18.0
10599,18.0
10600,18.0
10601,18.0
10602,18.0
10603,18.0
10604,18.0
10605,18.0
10606,18.0
10607,18.0
10608,18.0
10609,18.0
10610,18.0
10611,18.0
10612,18.0
10613,18.0
10614,18.0
10615,18.0
10616,18.0
10617,18.0
10618,18.0
10619,18.0
10620,18.0
10621,18.0
10622,18.0
10623,18.0
10624,18.0
10625,18.0
10626,18.0
10627,18.0
10628,18.0
10629,18.0
10630,18.0
10631,18.0
10632,18.0
10633,18.0
10634,18.0
10635,18.0
10636,18.0
10637,18.0
10638,18.0
10639,18.0
10640,18.0
10641,18.0
10642,18.0
10643,18.0
10644,18.0
10645,18.0
10646,18.0
10647,18.0
10648,18.0
10649,18.0
10650,18.0
10651,18.0
10652,18.0
10653,18.0
10654,18.0
10655,18.0
10656,18.0
10657,18.0
10658,18.0
10659,18.0
10660,18.0
10661,18.0
10662,18.0
10663,18.0
10664,18.0
10665,18.0
10666,18.0
10667,18.0
10668,18.0
10669,18.0
10670,18.0
10671,18.0
10672,18.0
10673,18.0
10674,18.0
10675,18.0
10676,18.0
10677,18.0
10678,18.0
10679,18.0
10680,18.0
10681,18.0
10682,18.0
10683,18.0
10684,18.0
10685,18.0
10686,18.0
10687,18.0
10688,18.0
10689,18.0
10690,18.0
10691,18.0
10692,18.0
10693,18.0
10694,18.0
10695,18.0
10696,18.0
10697,18.0
10698,18.0
10699,18.0
10700,18.0
10701,18.0
10702,18.0
10703,18.0
10704,18.0
10705,18.0
10706,18.0
10707,18.0
10708,18.0
10709,18.0
10710,18.0
10711,18.0
10712,18.0
10713,18.0
10714,18.0
10715,18.0
10716,18.0
10717,18.0
10718,18.0
10719,18.0
10720,18.0
10721,18.0
10722,18.0
10723,18.0
10724,18.0
10725,18.0
10726,18.0
10727,18.0
10728,18.0
10729,18.0
10730,18.0
10731,18.0
10732,18.0
10733,18.0
10734,18.0
10735,18.0
10736,18.0
10737,18.0
10738,18.0
10739,18.0
10740,18.0
10741,18.0
10742,18.0
10743,18.0
10744,18.0
10745,18.0
10746,18.0
10747,18.0
10748,18.0
10749,18.0
10750,18.0
10751,18.0
10752,18.0
10753,18.0
10754,18.0
10755,18.0
10756,18.0
10757,18.0
10758,18.0
10759,18.0
10760,18.0
10761,18.0
10762,18.0
10763,18.0
10764,18.0
10765,18.0
10766,18.0
10767,18.0
10768,18.0
10769,18.0
10770,18.0
10771,18.0
10772,18.0
10773,18.0
10774,18.0
10775,18.0
10776,18.0
10777,18.0
10778,18.0
10779,18.0
10780,18.0
10781,18.0
10782,18.0
10783,18.0
10784,18.0
10785,18.0
10786,18.0
10787,18.0
10788,18.0
10789,18.0
10790,18.0
10791,18.0
10792,18.0
10793,18.0
10794,18.0
10795,18.0
10796,18.0
10797,18.0
10798,18.0
10799,18.0
10800,18.0
10801,18.0
10802,18.0
10803,18.0
10804,18.0
10805,18.0
10806,18.0
10807,18.0
10808,18.0
10809,18.0
10810,18.0
10811,18.0
10812,18.0
10813,18.0
10814,18.0
10815,18.0
10816,18.0
10817,18.0
10818,18.0
10819,18.0
10820,18.0
10821,18.0
10822,18.0
10823,18.0
10824,18.0
10825,18.0
10826,18.0
10827,18.0
10828,18.0
10829,18.0
10830,18.0
10831,18.0
10832,18.0
10833,18.0
10834,18.0
10835,18.0
10836,18.0
10837,18.0
10838,18.0
10839,18.0
10840,18.0
10841,18.0
10842,18.0
10843,18.0
10844,18.0
10845,18.0
10846,18.0
10847,18.0
10848,18.0
10849,18.0
10850,18.0
10851,18.0
10852,18.0
10853,18.0
10854,18.0
10855,18.0
10856,18.0
10857,18.0
10858,18.0
10859,18.0
10860,18.0
10861,18.0
10862,18.0
10863,18.0
10864,18.0
10865,18.0
10866,18.0
10867,18.0
10868,18.0
10869,18.0
10870,18.0
10871,18.0
10872,18.0
10873,18.0
10874,18.0
10875,18.0
10876,18.0
10877,18.0
10878,18.0
10879,18.0
10880,18.0
10881,18.0
10882,18.0
10883,18.0
10884,18.0
10885,18.0
10886,18.0
10887,18.0
10888,18.0
10889,18.0
10890,18.0
10891,18.0
10892,18.0
10893,18.0
10894,18.0
10895,18.0
10896,18.0
10897,18.0
10898,18.0
10899,18.0
10900,18.0
10901,18.0
10902,18.0
10903,18.0
10904,18.0
10905,18.0
10906,18.0
10907,18.0
10908,18.0
10909,18.0
10910,18.0
10911,18.0
10912,18.0
10913,18.0
10914,18.0
10915,18.0
10916,18.0
10917,18.0
10918,18.0
10919,18.0
10920,18.0
10921,18.0
10922,18.0
10923,18.0
10924,18.0
10925,18.0
10926,18.0
10927,18.0
10928,18.0
10929,18.0
10930,18.0
10931,18.0
10932,18.0
10933,18.0
10934,18.0
10935,18.0
10936,18.0
10937,18.0
10938,18.0
10939,18.0
10940,18.0
10941,18.0
10942,18.0
10943,18.0
10944,18.0
10945,18.0
10946,18.0
10947,18.0
10948,18.0
10949,18.0
10950,18.0
10951,18.0
10952,18.0
10953,18.0
10954,18.0
10955,18.0
10956,18.0
10957,18.0
10958,18.0
10959,18.0
10960,18.0
10961,18.0
10962,18.0
10963,18.0
10964,18.0
10965,18.0
10966,18.0
10967,18.0
10968,18.0
10969,18.0
10970,18.0
10971,18.0
10972,18.0
10973,18.0
10974,18.0
10975,18.0
10976,18.0
10977,18.0
10978,18.0
10979,18.0
10980,18.0
10981,18.0
10982,18.0
10983,18.0
10984,18.0
10985,18.0
10986,18.0
10987,18.0
10988,18.0
10989,18.0
10990,18.0
10991,18.0
10992,18.0
10993,18.0
10994,18.0
10995,18.0
10996,18.0
10997,18.0
10998,18.0
10999,18.0
11000,18.0
11001,18.0
11002,18.0
11003,18.0
11004,18.0
11005,18.0
11006,18.0
11007,18.0
11008,18.0
11009,18.0
11010,18.0
11011,18.0
11012,18.0
11013,18.0
11014,18.0
11015,18.0
11016,18.0
11017,18.0
11018,18.0
11019,18.0
11020,18.0
11021,18.0
11022,18.0
11023,18.0
11024,18.0
11025,18.0
11026,18.0
11027,18.0
11028,18.0
11029,18.0
11030,18.0
11031,18.0
11032,18.0
11033,18.0
11034,18.0
11035,18.0
11036,18.0
11037,18.0
11038,18.0
11039,18.0
11040,18.0
11041,18.0
11042,18.0
11043,18.0
11044,18.0
11045,18.0
11046,18.0
11047,18.0
11048,18.0
11049,18.0
11050,18.0
11051,18.0
11052,18.0
11053,18.0
11054,18.0
11055,18.0
11056,18.0
11057,18.0
11058,18.0
11059,18.0
11060,18.0
11061,18.0
11062,18.0
11063,18.0
11064,18.0
11065,18.0
11066,18.0
11067,18.0
11068,18.0
11069,18.0
11070,18.0
11071,18.0
11072,18.0
11073,18.0
11074,18.0
11075,18.0
11076,18.0
11077,18.0
11078,18.0
11079,18.0
11080,18.0
11081,18.0
11082,18.0
11083,18.0
11084,18.0
11085,18.0
11086,18.0
11087,18.0
11088,18.0
11089,18.0
11090,18.0
11091,18.0
11092,18.0
11093,18.0
11094,18.0
11095,18.0
11096,18.0
11097,18.0
11098,18.0
11099,18.0
11100,18.0
11101,18.0
11102,18.0
11103,18.0
11104,18.0
11105,18.0
11106,18.0
11107,17.0
11108,16.0
11109,16.0
11110,16.0
11111,16.0
11112,16.0
11113,16.0
11114,16.0
11115,16.0
11116,16.0
11117,16.0
11118,16.0
11119,16.0
11120,16.0
11121,16.0
11122,16.0
11123,16.0
11124,16.0
11125,16.0
11126,16.0
11127,16.0
11128,16.0
11129,16.0
11130,16.0
11131,16.0
11132,16.0
11133,16.0
11134,16.0
11135,16.0
11136,16.0
11137,16.0
11138,16.0
11139,16.0
11140,16.0
11141,16.0
11142,16.0
11143,16.0
11144,16.0
11145,16.0
11146,16.0
11147,16.0
11148,16.0
11149,16.0
11150,16.0
11151,16.0
11152,16.0
11153,16.0
11154,16.0
11155,16.0
11156,16.0
11157,16.0
11158,16.0
11159,16.0
11160,16.0
11161,16.0
11162,16.0
11163,16.0
11164,16.0
11165,16.0
11166,16.0
11167,16.0
11168,16.0
11169,16.0
11170,16.0
11171,16.0
11172,16.0
11173,16.0
11174,16.0
11175,16.0
11176,16.0
11177,16.0
11178,16.0
11179,16.0
11180,16.0
11181,16.0
11182,16.0
11183,16.0
11184,16.0
11185,16.0
11186,16.0
11187,16.0
11188,16.0
11189,16.0
11190,16.0
11191,16.0
11192,16.0
11193,16.0
11194,16.0
11195,16.0
11196,16.0
11197,16.0
11198,16.0
11199,16.0
11200,16.0
11201,16.0
11202,16.0
11203,16.0
11204,16.0
11205,16.0
11206,16.0
11207,16.0
11208,16.0
11209,16.0
11210,16.0
11211,16.0
11212,16.0
11213,16.0
11214,16.0
11215,16.0
11216,16.0
11217,16.0
11218,16.0
11219,16.0
11220,16.0
11221,16.0
11222,16.0
11223,16.0
11224,16.0
11225,16.0
11226,16.0
11227,16.0
11228,16.0
11229,16.0
11230,16.0
11231,16.0
11232,16.0
11233,16.0
11234,16.0
11235,16.0
11236,16.0
11237,16.0
11238,16.0
11239,16.0
11240,16.0
11241,16.0
11242,16.0
11243,16.0
11244,16.0
11245,16.0
11246,16.0
11247,16.0
11248,16.0
11249,16.0
11250,16.0
11251,16.0
11252,16.0
11253,16.0
11254,16.0
11255,16.0
11256,16.0
11257,16.0
11258,16.0
11259,16.0
11260,16.0
11261,16.0
11262,16.0
11263,16.0
11264,16.0
11265,16.0
11266,16.0
11267,16.0
11268,16.0
11269,16.0
11270,16.0
11271,16.0
11272,16.0
11273,16.0
11274,16.0
11275,16.0
11276,16.0
11277,16.0
11278,16.0
11279,16.0
11280,16.0
11281,16.0
11282,16.0
11283,16.0
11284,16.0
11285,16.0
11286,16.0
11287,16.0
11288,16.0
11289,16.0
11290,16.0
11291,16.0
11292,16.0
11293,16.0
11294,16.0
11295,16.0
11296,16.0
11297,16.0
11298,16.0
11299,16.0
11300,16.0
11301,16.0
11302,16.0
11303,16.0
11304,16.0
11305,16.0
11306,16.0
11307,16.0
11308,16.0
11309,16.0
11310,16.0
11311,16.0
11312,16.0
11313,16.0
11314,16.0
11315,16.0
11316,16.0
11317,16.0
11318,16.0
11319,16.0
11320,16.0
11321,16.0
11322,16.0
11323,16.0
11324,16.0
11325,16.0
11326,16.0
11327,16.0
11328,16.0
11329,16.0
11330,16.0
11331,16.0
11332,16.0
11333,16.0
11334,16.0
11335,16.0
11336,16.0
11337,16.0
11338,16.0
11339,16.0
11340,16.0
11341,16.0
11342,16.0
11343,16.0
11344,16.0
11345,16.0
11346,16.0
11347,16.0
11348,16.0
11349,16.0
11350,16.0
11351,16.0
11352,16.0
11353,16.0
11354,16.0
11355,16.0
11356,16.0
11357,16.0
11358,16.0
11359,16.0
11360,16.0
11361,16.0
11362,16.0
11363,16.0
11364,16.0
11365,16.0
11366,16.0
11367,16.0
11368,16.0
11369,16.0
11370,16.0
11371,16.0
11372,16.0
11373,16.0
11374,16.0
11375,16.0
11376,16.0
11377,16.0
11378,16.0
11379,16.0
11380,16.0
11381,16.0
11382,16.0
11383,16.0
11384,16.0
11385,16.0
11386,16.0
11387,16.0
11388,16.0
11389,16.0
11390,16.0
11391,16.0
11392,16.0
11393,16.0
11394,16.0
11395,16.0
11396,16.0
11397,16.0
11398,16.0
11399,16.0
11400,16.0
11401,16.0
11402,16.0
11403,16.0
11404,16.0
11405,16.0
11406,16.0
11407,16.0
11408,16.0
11409,16.0
11410,16.0
11411,16.0
11412,16.0
11413,16.0
11414,16.0
11415,16.0
11416,16.0
11417,16.0
11418,16.0
11419,16.0
11420,16.0
11421,16.0
11422,16.0
11423,16.0
11424,16.0
11425,16.0
11426,16.0
11427,16.0
11428,16.0
11429,16.0
11430,16.0
11431,16.0
11432,16.0
11433,16.0
11434,16.0
11435,16.0
11436,16.0
11437,16.0
11438,16.0
11439,16.0
11440,16.0
11441,16.0
11442,16.0
11443,16.0
11444,16.0
11445,16.0
11446,16.0
11447,16.0
11448,16.0
11449,16.0
11450,16.0
11451,16.0
11452,16.0
11453,16.0
11454,16.0
11455,16.0
11456,16.0
11457,16.0
11458,16.0
11459,16.0
11460,16.0
11461,16.0
11462,16.0
11463,16.0
11464,16.0
11465,16.0
11466,16.0
11467,16.0
11468,16.0
11469,16.0
11470,16.0
11471,16.0
11472,16.0
11473,16.0
11474,16.0
11475,16.0
11476,16.0
11477,16.0
11478,16.0
11479,16.0
11480,16.0
11481,16.0
11482,16.0
11483,16.0
11484,16.0
11485,16.0
11486,16.0
11487,16.0
11488,16.0
11489,16.0
11490,16.0
11491,16.0
11492,16.0
11493,16.0
11494,16.0
11495,16.0
11496,16.0
11497,16.0
11498,16.0
11499,16.0
11500,16.0
11501,16.0
11502,16.0
11503,16.0
11504,16.0
11505,16.0
11506,16.0
11507,16.0
11508,16.0
11509,16.0
11510,16.0
11511,16.0
11512,16.0
11513,16.0
11514,16.0
11515,16.0
11516,16.0
11517,16.0
11518,16.0
11519,16.0
11520,16.0
11521,16.0
11522,16.0
11523,16.0
11524,16.0
11525,16.0
11526,16.0
11527,16.0
11528,16.0
11529,16.0
11530,16.0
11531,16.0
11532,16.0
11533,16.0
11534,16.0
11535,16.0
11536,16.0
11537,16.0
11538,16.0
11539,16.0
11540,16.0
11541,16.0
11542,16.0
11543,16.0
11544,16.0
11545,16.0
11546,16.0
11547,16.0
11548,16.0
11549,16.0
11550,16.0
11551,16.0
11552,16.0
11553,16.0
11554,16.0
11555,16.0
11556,16.0
11557,16.0
11558,16.0
11559,16.0
11560,16.0
11561,16.0
11562,16.0
11563,16.0
11564,16.0
11565,16.0
11566,16.0
11567,16.0
11568,16.0
11569,16.0
11570,16.0
11571,16.0
11572,16.0
11573,16.0
11574,16.0
11575,16.0
11576,16.0
11577,16.0
11578,16.0
11579,16.0
11580,16.0
11581,16.0
11582,16.0
11583,16.0
11584,16.0
11585,16.0
11586,16.0
11587,16.0
11588,16.0
11589,16.0
11590,16.0
11591,16.0
11592,16.0
11593,16.0
11594,16.0
11595,16.0
11596,16.0
11597,16.0
11598,16.0
11599,16.0
11600,16.0
11601,16.0
11602,16.0
11603,16.0
11604,16.0
11605,16.0
11606,16.0
11607,16.0
11608,16.0
11609,16.0
11610,16.0
11611,16.0
11612,16.0
11613,16.0
11614,16.0
11615,16.0
11616,17.0
11617,17.0
11618,17.0
11619,17.0
11620,17.0
11621,17.0
11622,17.0
11623,17.0
11624,17.0
11625,17.0
11626,17.0
11627,17.0
11628,17.0
11629,17.0
11630,17.0
11631,17.0
11632,17.0
11633,17.0
11634,17.0
11635,17.0
11636,17.0
11637,17.0
11638,17.0
11639,17.0
11640,17.0
11641,17.0
11642,17.0
11643,17.0
11644,17.0
11645,17.0
11646,17.0
11647,17.0
11648,17.0
11649,17.0
11650,17.0
11651,17.0
11652,17.0
11653,17.0
11654,17.0
11655,17.0
11656,18.0
11657,18.0
11658,18.0
11659,18.0
11660,18.0
11661,18.0
11662,18.0
11663,18.0
11664,18.0
11665,18.0
11666,18.0
11667,18.0
11668,18.0
11669,18.0
11670,18.0
11671,18.0
11672,18.0
11673,18.0
11674,18.0
11675,18.0
11676,18.0
11677,18.0
11678,18.0
11679,18.0
11680,18.0
11681,18.0
11682,18.0
11683,18.0
11684,18.0
11685,18.0
11686,18.0
11687,18.0
11688,18.0
11689,18.0
11690,18.0
11691,18.0
11692,18.0
11693,18.0
11694,18.0
11695,18.0
11696,18.0
11697,18.0
11698,18.0
11699,18.0
11700,18.0
11701,18.0
11702,18.0
11703,18.0
11704,18.0
11705,18.0
11706,18.0
11707,18.0
11708,18.0
11709,18.0
11710,18.0
11711,18.0
11712,18.0
11713,18.0
11714,18.0
11715,18.0
11716,18.0
11717,18.0
11718,18.0
11719,18.0
11720,18.0
11721,18.0
11722,18.0
11723,18.0
11724,18.0
11725,18.0
11726,18.0
11727,18.0
11728,18.0
11729,18.0
11730,18.0
11731,18.0
11732,18.0
11733,18.0
11734,18.0
11735,18.0
11736,18.0
11737,18.0
11738,18.0
11739,18.0
11740,18.0
11741,18.0
11742,18.0
11743,18.0
11744,18.0
11745,18.0
11746,18.0
11747,18.0
11748,18.0
11749,18.0
11750,18.0
11751,18.0
11752,18.0
11753,18.0
11754,18.0
11755,18.0
11756,18.0
11757,18.0
11758,18.0
11759,18.0
11760,18.0
11761,18.0
11762,18.0
11763,18.0
11764,18.0
11765,18.0
11766,18.0
11767,18.0
11768,18.0
11769,18.0
11770,18.0
11771,18.0
11772,18.0
11773,18.0
11774,18.0
11775,18.0
11776,18.0
11777,18.0
11778,18.0
11779,18.0
11780,18.0
11781,18.0
11782,18.0
11783,18.0
11784,18.0
11785,18.0
11786,18.0
11787,18.0
11788,18.0
11789,18.0
11790,18.0
11791,18.0
11792,18.0
11793,18.0
11794,18.0
11795,18.0
11796,18.0
11797,18.0
11798,18.0
11799,18.0
11800,18.0
11801,18.0
11802,18.0
11803,18.0
11804,18.0
11805,18.0
11806,18.0
11807,18.0
11808,18.0
11809,18.0
11810,18.0
11811,18.0
11812,18.0
11813,18.0
11814,18.0
11815,18.0
11816,18.0
11817,18.0
11818,18.0
11819,18.0
11820,18.0
11821,18.0
11822,18.0
11823,18.0
11824,18.0
11825,18.0
11826,18.0
11827,18.0
11828,18.0
11829,18.0
11830,18.0
11831,18.0
11832,18.0
11833,18.0
11834,18.0
11835,18.0
11836,18.0
11837,18.0
11838,18.0
11839,18.0
11840,18.0
11841,18.0
11842,18.0
11843,18.0
11844,18.0
11845,18.0
11846,18.0
11847,18.0
11848,18.0
11849,18.0
11850,18.0
11851,18.0
11852,18.0
11853,18.0
11854,18.0
11855,18.0
11856,18.0
11857,18.0
11858,18.0
11859,18.0
11860,18.0
11861,18.0
11862,18.0
11863,18.0
11864,18.0
11865,18.0
11866,18.0
11867,18.0
11868,18.0
11869,18.0
11870,18.0
11871,18.0
11872,18.0
11873,18.0
11874,18.0
11875,18.0
11876,18.0
11877,18.0
11878,18.0
11879,18.0
11880,18.0
11881,18.0
11882,18.0
11883,18.0
11884,18.0
11885,18.0
11886,18.0
11887,18.0
11888,18.0
11889,18.0
11890,18.0
11891,18.0
11892,18.0
11893,18.0
11894,18.0
11895,18.0
11896,18.0
11897,18.0
11898,18.0
11899,18.0
11900,18.0
11901,18.0
11902,18.0
11903,18.0
11904,18.0
11905,18.0
11906,18.0
11907,18.0
11908,18.0
11909,18.0
11910,18.0
11911,18.0
11912,18.0
11913,18.0
11914,18.0
11915,18.0
11916,18.0
11917,18.0
11918,18.0
11919,18.0
11920,18.0
11921,18.0
11922,18.0
11923,18.0
11924,18.0
11925,18.0
11926,18.0
11927,18.0
11928,18.0
11929,18.0
11930,18.0
11931,18.0
11932,18.0
11933,18.0
11934,18.0
11935,18.0
11936,18.0
11937,18.0
11938,18.0
11939,18.0
11940,18.0
11941,18.0
11942,18.0
11943,18.0
11944,18.0
11945,18.0
11946,18.0
11947,18.0
11948,18.0
11949,18.0
11950,18.0
11951,18.0
11952,18.0
11953,18.0
11954,18.0
11955,18.0
11956,18.0
11957,18.0
11958,18.0
11959,18.0
11960,18.0
11961,18.0
11962,18.0
11963,18.0
11964,18.0
11965,18.0
11966,18.0
11967,18.0
11968,18.0
11969,18.0
11970,18.0
11971,18.0
11972,18.0
11973,18.0
11974,18.0
11975,18.0
11976,18.0
11977,18.0
11978,18.0
11979,18.0
11980,18.0
11981,18.0
11982,18.0
11983,18.0
11984,18.0
11985,18.0
11986,18.0
11987,18.0
11988,18.0
11989,18.0
11990,18.0
11991,18.0
11992,18.0
11993,18.0
11994,18.0
11995,18.0
11996,18.0
11997,18.0
11998,18.0
11999,18.0
12000,18.0
12001,18.0
12002,18.0
12003,18.0
12004,18.0
12005,18.0
12006,18.0
12007,18.0
12008,18.0
12009,18.0
12010,18.0
12011,18.0
12012,18.0
12013,18.0
12014,18.0
12015,18.0
12016,18.0
12017,18.0
12018,18.0
12019,18.0
12020,18.0
12021,18.0
12022,18.0
12023,18.0
12024,18.0
12025,18.0
12026,18.0
12027,18.0
12028,18.0
12029,18.0
12030,18.0
12031,18.0
12032,18.0
12033,18.0
12034,18.0
12035,18.0
12036,18.0
12037,18.0
12038,18.0
12039,18.0
12040,18.0
12041,18.0
12042,18.0
12043,18.0
12044,18.0
12045,18.0
12046,18.0
12047,18.0
12048,18.0
12049,18.0
12050,18.0
12051,18.0
12052,18.0
12053,18.0
12054,18.0
12055,18.0
12056,18.0
12057,18.0
12058,18.0
12059,18.0
12060,18.0
12061,18.0
12062,18.0
12063,18.0
12064,18.0
12065,18.0
12066,18.0
12067,18.0
12068,15.0
12069,15.0
12070,15.0
12071,15.0
12072,15.0
12073,15.0
12074,15.0
12075,15.0
12076,15.0
12077,15.0
12078,15.0
12079,15.0
12080,15.0
12081,15.0
12082,15.0
12083,15.0
12084,15.0
12085,15.0
12086,15.0
12087,15.0
12088,16.0
12089,16.0
12090,16.0
12091,16.0
12092,16.0
12093,16.0
12094,16.0
12095,16.0
12096,16.0
12097,16.0
12098,16.0
12099,16.0
12100,16.0
12101,16.0
12102,16.0
12103,16.0
12104,16.0
12105,16.0
12106,16.0
12107,16.0
12108,16.0
12109,16.0
12110,16.0
12111,16.0
12112,16.0
12113,16.0
12114,16.0
12115,16.0
12116,16.0
12117,16.0
12118,16.0
12119,16.0
12120,16.0
12121,16.0
12122,16.0
12123,16.0
12124,16.0
12125,16.0
12126,16.0
12127,16.0
12128,16.0
12129,16.0
12130,16.0
12131,16.0
12132,16.0
12133,15.0
12134,15.0
12135,15.0
12136,15.0
12137,15.0
12138,15.0
12139,15.0
12140,15.0
12141,15.0
12142,15.0
12143,15.0
12144,15.0
12145,16.0
12146,16.0
12147,16.0
12148,16.0
12149,16.0
12150,16.0
12151,16.0
12152,16.0
12153,16.0
12154,15.0
12155,15.0
12156,15.0
12157,15.0
12158,15.0
12159,15.0
12160,15.0
12161,15.0
12162,15.0
12163,15.0
12164,15.0
12165,15.0
12166,15.0
12167,16.0
12168,16.0
12169,16.0
12170,16.0
12171,16.0
12172,16.0
12173,16.0
12174,16.0
12175,15.0
12176,15.0
12177,15.0
12178,15.0
12179,15.0
12180,15.0
12181,15.0
12182,15.0
12183,15.0
12184,15.0
12185,15.0
12186,15.0
12187,15.0
12188,15.0
12189,15.0
12190,15.0
12191,15.0
12192,15.0
12193,15.0
12194,15.0
12195,15.0
12196,15.0
12197,15.0
12198,15.0
12199,15.0
12200,15.0
12201,15.0
12202,15.0
12203,15.0
12204,15.0
12205,15.0
12206,15.0
12207,15.0
12208,15.0
12209,15.0
12210,15.0
12211,15.0
12212,15.0
12213,15.0
12214,15.0
12215,15.0
12216,15.0
12217,15.0
12218,15.0
12219,15.0
12220,15.0
12221,15.0
12222,15.0
12223,15.0
12224,15.0
12225,15.0
12226,15.0
12227,15.0
12228,15.0
12229,15.0
12230,15.0
12231,15.0
12232,15.0
12233,15.0
12234,15.0
12235,15.0
12236,15.0
12237,15.0
12238,15.0
12239,15.0
12240,15.0
12241,15.0
12242,15.0
12243,15.0
12244,15.0
12245,15.0
12246,15.0
12247,15.0
12248,15.0
12249,15.0
12250,15.0
12251,15.0
12252,15.0
12253,15.0
12254,15.0
12255,15.0
12256,15.0
12257,15.0
12258,15.0
12259,15.0
12260,15.0
12261,15.0
12262,15.0
12263,15.0
12264,15.0
12265,15.0
12266,15.0
12267,15.0
12268,15.0
12269,15.0
12270,15.0
12271,15.0
12272,15.0
12273,15.0
12274,15.0
12275,15.0
12276,15.0
12277,15.0
12278,13.0
12279,13.0
12280,13.0
12281,13.0
12282,13.0
12283,13.0
12284,13.0
12285,13.0
12286,13.0
12287,13.0
12288,13.0
12289,13.0
12290,13.0
12291,13.0
12292,13.0
12293,13.0
12294,13.0
12295,13.0
12296,13.0
12297,13.0
12298,13.0
12299,13.0
12300,13.0
12301,13.0
12302,13.0
12303,13.0
12304,13.0
12305,13.0
12306,13.0
12307,13.0
12308,13.0
12309,13.0
12310,13.0
12311,13.0
12312,13.0
12313,13.0
12314,13.0
12315,13.0
12316,13.0
12317,13.0
12318,13.0
12319,13.0
12320,13.0
12321,13.0
12322,13.0
12323,13.0
12324,13.0
12325,13.0
12326,13.0
12327,13.0
12328,13.0
12329,13.0
12330,13.0
12331,13.0
12332,13.0
12333,13.0
12334,13.0
12335,13.0
12336,13.0
12337,13.0
12338,13.0
12339,13.0
12340,13.0
12341,13.0
12342,13.0
12343,13.0
12344,13.0
12345,13.0
12346,13.0
12347,13.0
12348,13.0
12349,13.0
12350,13.0
12351,13.0
12352,13.0
12353,13.0
12354,13.0
12355,13.0
12356,13.0
12357,13.0
12358,13.0
12359,13.0
12360,13.0
12361,13.0
12362,13.0
12363,13.0
12364,13.0
12365,13.0
12366,13.0
12367,13.0
12368,13.0
12369,13.0
12370,13.0
12371,13.0
12372,13.0
12373,13.0
12374,13.0
12375,13.0
12376,13.0
12377,13.0
12378,13.0
12379,13.0
12380,13.0
12381,13.0
12382,13.0
12383,13.0
12384,13.0
12385,13.0
12386,13.0
12387,13.0
12388,13.0
12389,13.0
12390,13.0
12391,13.0
12392,13.0
12393,13.0
12394,13.0
12395,13.0
12396,13.0
12397,13.0
12398,13.0
12399,13.0
12400,13.0
12401,13.0
12402,13.0
12403,13.0
12404,13.0
12405,13.0
12406,13.0
12407,13.0
12408,13.0
12409,13.0
12410,13.0
12411,13.0
12412,13.0
12413,13.0
12414,13.0
12415,13.0
12416,13.0
12417,13.0
12418,13.0
12419,13.0
12420,13.0
12421,13.0
12422,13.0
12423,13.0
12424,13.0
12425,13.0
12426,13.0
12427,13.0
12428,13.0
12429,13.0
12430,13.0
12431,13.0
12432,13.0
12433,13.0
12434,13.0
12435,13.0
12436,13.0
12437,13.0
12438,13.0
12439,13.0
12440,13.0
12441,13.0
12442,13.0
12443,13.0
12444,13.0
12445,13.0
12446,13.0
12447,13.0
12448,13.0
12449,13.0
12450,13.0
12451,13.0
12452,13.0
12453,14.0
12454,14.0
12455,14.0
12456,14.0
12457,14.0
12458,14.0
12459,13.0
12460,13.0
12461,13.0
12462,13.0
12463,13.0
12464,13.0
12465,13.0
12466,13.0
12467,13.0
12468,13.0
12469,13.0
12470,13.0
12471,13.0
12472,13.0
12473,13.0
12474,14.0
12475,14.0
12476,14.0
12477,14.0
12478,14.0
12479,14.0
12480,14.0
12481,14.0
12482,14.0
12483,14.0
12484,14.0
12485,14.0
12486,14.0
12487,14.0
12488,14.0
12489,14.0
12490,14.0
12491,14.0
12492,14.0
12493,14.0
12494,14.0
12495,14.0
12496,14.0
12497,14.0
12498,14.0
12499,14.0
12500,14.0
12501,14.0
12502,14.0
12503,14.0
12504,14.0
12505,14.0
12506,14.0
12507,14.0
12508,14.0
12509,15.0
12510,15.0
12511,15.0
12512,15.0
12513,15.0
12514,15.0
12515,15.0
12516,15.0
12517,15.0
12518,15.0
12519,15.0
12520,15.0
12521,15.0
12522,15.0
12523,15.0
12524,15.0
12525,15.0
12526,15.0
12527,15.0
12528,15.0
12529,15.0
12530,15.0
12531,15.0
12532,15.0
12533,15.0
12534,15.0
12535,15.0
12536,15.0
12537,15.0
12538,15.0
12539,15.0
12540,15.0
12541,15.0
12542,15.0
12543,15.0
12544,15.0
12545,15.0
12546,15.0
12547,15.0
12548,15.0
12549,15.0
12550,15.0
12551,15.0
12552,15.0
12553,15.0
12554,15.0
12555,15.0
12556,15.0
12557,15.0
12558,15.0
12559,15.0
12560,15.0
12561,15.0
12562,15.0
12563,15.0
12564,15.0
12565,15.0
12566,15.0
12567,15.0
12568,15.0
12569,15.0
12570,15.0
12571,15.0
12572,15.0
12573,15.0
12574,15.0
12575,15.0
12576,15.0
12577,15.0
12578,15.0
12579,15.0
12580,15.0
12581,15.0
12582,15.0
12583,15.0
12584,15.0
12585,15.0
12586,15.0
12587,15.0
12588,15.0
12589,15.0
12590,15.0
12591,15.0
12592,15.0
12593,15.0
12594,15.0
12595,15.0
12596,15.0
12597,15.0
12598,15.0
12599,15.0
12600,15.0
12601,15.0
12602,15.0
12603,15.0
12604,15.0
12605,15.0
12606,15.0
12607,15.0
12608,15.0
12609,15.0
12610,15.0
12611,15.0
12612,15.0
12613,15.0
12614,15.0
12615,15.0
12616,15.0
12617,15.0
12618,15.0
12619,15.0
12620,15.0
12621,15.0
12622,15.0
12623,15.0
12624,15.0
12625,15.0
12626,15.0
12627,15.0
12628,15.0
12629,15.0
12630,15.0
12631,15.0
12632,15.0
12633,15.0
12634,15.0
12635,15.0
12636,15.0
12637,15.0
12638,15.0
12639,15.0
12640,15.0
12641,15.0
12642,15.0
12643,15.0
12644,15.0
12645,15.0
12646,15.0
12647,15.0
12648,15.0
12649,15.0
12650,15.0
12651,15.0
12652,15.0
12653,15.0
12654,15.0
12655,15.0
12656,15.0
12657,15.0
12658,15.0
12659,15.0
12660,15.0
12661,15.0
12662,15.0
12663,15.0
12664,15.0
12665,15.0
12666,15.0
12667,15.0
12668,15.0
12669,15.0
12670,15.0
12671,15.0
12672,15.0
12673,15.0
12674,16.0
12675,16.0
12676,16.0
12677,16.0
12678,16.0
12679,16.0
12680,16.0
12681,16.0
12682,16.0
12683,16.0
12684,16.0
12685,16.0
12686,16.0
12687,16.0
12688,16.0
12689,16.0
12690,16.0
12691,16.0
12692,16.0
12693,16.0
12694,16.0
12695,16.0
12696,16.0
12697,16.0
12698,16.0
12699,16.0
12700,16.0
12701,16.0
12702,16.0
12703,16.0
12704,16.0
12705,16.0
12706,16.0
12707,16.0
12708,16.0
12709,16.0
12710,16.0
12711,16.0
12712,16.0
12713,16.0
12714,16.0
12715,16.0
12716,16.0
12717,16.0
12718,16.0
12719,16.0
12720,16.0
12721,16.0
12722,16.0
12723,16.0
12724,16.0
12725,16.0
12726,16.0
12727,16.0
12728,16.0
12729,16.0
12730,16.0
12731,16.0
12732,16.0
12733,16.0
12734,16.0
12735,16.0
12736,16.0
12737,16.0
12738,16.0
12739,16.0
12740,16.0
12741,16.0
12742,16.0
12743,16.0
12744,16.0
12745,16.0
12746,16.0
12747,16.0
12748,16.0
12749,16.0
12750,16.0
12751,16.0
12752,16.0
12753,16.0
12754,16.0
12755,16.0
12756,16.0
12757,16.0
12758,16.0
12759,16.0
12760,16.0
12761,16.0
12762,16.0
12763,16.0
12764,16.0
12765,16.0
12766,16.0
12767,16.0
12768,16.0
12769,16.0
12770,16.0
12771,16.0
12772,16.0
12773,16.0
12774,16.0
12775,16.0
12776,16.0
12777,16.0
12778,16.0
12779,16.0
12780,16.0
12781,16.0
12782,16.0
12783,16.0
12784,16.0
12785,16.0
12786,16.0
12787,16.0
12788,16.0
12789,16.0
12790,16.0
12791,16.0
12792,16.0
12793,16.0
12794,16.0
12795,16.0
12796,16.0
12797,16.0
12798,16.0
12799,16.0
12800,16.0
12801,16.0
12802,16.0
12803,16.0
12804,16.0
12805,16.0
12806,16.0
12807,16.0
12808,16.0
12809,16.0
12810,16.0
12811,16.0
12812,16.0
12813,16.0
12814,16.0
12815,16.0
12816,16.0
12817,16.0
12818,16.0
12819,16.0
12820,16.0
12821,16.0
12822,16.0
12823,16.0
12824,16.0
12825,16.0
12826,16.0
12827,16.0
12828,16.0
12829,16.0
12830,16.0
12831,16.0
12832,16.0
12833,16.0
12834,16.0
12835,16.0
12836,16.0
12837,16.0
12838,16.0
12839,16.0
12840,16.0
12841,16.0
12842,16.0
12843,16.0
12844,16.0
12845,16.0
12846,16.0
12847,16.0
12848,16.0
12849,16.0
12850,16.0
12851,16.0
12852,16.0
12853,16.0
12854,16.0
12855,16.0
12856,16.0
12857,16.0
12858,16.0
12859,16.0
12860,16.0
12861,16.0
12862,16.0
12863,16.0
12864,16.0
12865,16.0
12866,16.0
12867,16.0
12868,16.0
12869,16.0
12870,16.0
12871,16.0
12872,16.0
12873,16.0
12874,16.0
12875,16.0
12876,16.0
12877,16.0
12878,16.0
12879,16.0
12880,16.0
12881,16.0
12882,16.0
12883,16.0
12884,16.0
12885,16.0
12886,16.0
12887,16.0
12888,16.0
12889,16.0
12890,16.0
12891,16.0
12892,16.0
12893,16.0
12894,16.0
12895,16.0
12896,16.0
12897,16.0
12898,16.0
12899,16.0
12900,16.0
12901,16.0
12902,16.0
12903,16.0
12904,16.0
12905,16.0
12906,16.0
12907,16.0
12908,16.0
12909,16.0
12910,16.0
12911,16.0
12912,16.0
12913,16.0
12914,16.0
12915,16.0
12916,16.0
12917,16.0
12918,16.0
12919,16.0
12920,16.0
12921,16.0
12922,16.0
12923,16.0
12924,16.0
12925,16.0
12926,16.0
12927,16.0
12928,16.0
12929,16.0
12930,16.0
12931,16.0
12932,16.0
12933,16.0
12934,16.0
12935,16.0
12936,16.0
12937,16.0
12938,16.0
12939,16.0
12940,16.0
12941,16.0
12942,16.0
12943,16.0
12944,16.0
12945,16.0
12946,16.0
12947,16.0
12948,16.0
12949,16.0
12950,16.0
12951,16.0
12952,16.0
12953,16.0
12954,16.0
12955,16.0
12956,16.0
12957,16.0
12958,16.0
12959,16.0
12960,16.0
12961,16.0
12962,16.0
12963,16.0
12964,16.0
12965,16.0
12966,16.0
12967,16.0
12968,16.0
12969,16.0
12970,16.0
12971,16.0
12972,16.0
12973,16.0
12974,16.0
12975,16.0
12976,16.0
12977,16.0
12978,16.0
12979,16.0
12980,16.0
12981,16.0
12982,16.0
12983,16.0
12984,16.0
12985,16.0
12986,16.0
12987,16.0
12988,16.0
12989,16.0
12990,16.0
12991,16.0
12992,16.0
12993,16.0
12994,16.0
12995,16.0
12996,16.0
12997,16.0
12998,16.0
12999,16.0
13000,16.0
13001,16.0
13002,16.0
13003,16.0
13004,16.0
13005,16.0
13006,16.0
13007,16.0
13008,16.0
13009,16.0
13010,16.0
13011,16.0
13012,16.0
13013,16.0
13014,16.0
13015,16.0
13016,16.0
13017,16.0
13018,16.0
13019,16.0
13020,16.0
13021,16.0
13022,16.0
13023,16.0
13024,16.0
13025,16.0
13026,16.0
13027,16.0
13028,16.0
13029,16.0
13030,16.0
13031,16.0
13032,16.0
13033,16.0
13034,16.0
13035,16.0
13036,16.0
13037,16.0
13038,16.0
13039,16.0
13040,16.0
13041,16.0
13042,16.0
13043,16.0
13044,16.0
13045,16.0
13046,16.0
13047,16.0
13048,16.0
13049,16.0
13050,16.0
13051,16.0
13052,16.0
13053,16.0
13054,16.0
13055,16.0
13056,16.0
13057,16.0
13058,16.0
13059,16.0
13060,16.0
13061,16.0
13062,16.0
13063,16.0
13064,16.0
13065,16.0
13066,16.0
13067,16.0
13068,16.0
13069,16.0
13070,16.0
13071,16.0
13072,16.0
13073,16.0
13074,16.0
13075,16.0
13076,16.0
13077,16.0
13078,16.0
13079,16.0
13080,16.0
13081,16.0
13082,16.0
13083,16.0
13084,16.0
13085,16.0
13086,16.0
13087,16.0
13088,16.0
13089,16.0
13090,16.0
13091,16.0
13092,16.0
13093,16.0
13094,16.0
13095,16.0
13096,16.0
13097,16.0
13098,16.0
13099,16.0
13100,16.0
13101,16.0
13102,16.0
13103,16.0
13104,16.0
13105,16.0
13106,16.0
13107,16.0
13108,16.0
13109,16.0
13110,16.0
13111,16.0
13112,16.0
13113,16.0
13114,16.0
13115,16.0
13116,16.0
13117,16.0
13118,16.0
13119,16.0
13120,16.0
13121,16.0
13122,16.0
13123,16.0
13124,16.0
13125,16.0
13126,16.0
13127,16.0
13128,16.0
13129,16.0
13130,16.0
13131,16.0
13132,16.0
13133,16.0
13134,16.0
13135,16.0
13136,16.0
13137,16.0
13138,16.0
13139,16.0
13140,16.0
13141,16.0
13142,16.0
13143,16.0
13144,16.0
13145,16.0
13146,16.0
13147,16.0
13148,16.0
13149,16.0
13150,16.0
13151,16.0
13152,16.0
13153,16.0
13154,16.0
13155,16.0
13156,16.0
13157,16.0
13158,16.0
13159,16.0
13160,16.0
13161,16.0
13162,16.0
13163,16.0
13164,16.0
13165,16.0
13166,16.0
13167,16.0
13168,16.0
13169,16.0
13170,16.0
13171,16.0
13172,16.0
13173,16.0
13174,16.0
13175,16.0
13176,16.0
13177,16.0
13178,16.0
13179,16.0
13180,16.0
13181,16.0
13182,16.0
13183,16.0
13184,16.0
13185,16.0
13186,16.0
13187,16.0
13188,16.0
13189,16.0
13190,16.0
13191,16.0
13192,16.0
13193,16.0
13194,16.0
13195,16.0
13196,16.0
13197,16.0
13198,16.0
13199,16.0
13200,16.0
13201,16.0
13202,16.0
13203,16.0
13204,16.0
13205,16.0
13206,16.0
13207,16.0
13208,16.0
13209,16.0
13210,16.0
13211,16.0
13212,16.0
13213,16.0
13214,16.0
13215,16.0
13216,16.0
13217,16.0
13218,16.0
13219,16.0
13220,16.0
13221,16.0
13222,16.0
13223,16.0
13224,16.0
13225,16.0
13226,16.0
13227,16.0
13228,16.0
13229,16.0
13230,16.0
13231,16.0
13232,16.0
13233,16.0
13234,16.0
13235,16.0
13236,16.0
13237,16.0
13238,16.0
13239,16.0
13240,16.0
13241,16.0
13242,16.0
13243,16.0
13244,16.0
13245,16.0
13246,16.0
13247,16.0
13248,16.0
13249,16.0
13250,16.0
13251,16.0
13252,16.0
13253,16.0
13254,16.0
13255,16.0
13256,16.0
13257,16.0
13258,16.0
13259,16.0
13260,16.0
13261,16.0
13262,16.0
13263,16.0
13264,16.0
13265,16.0
13266,16.0
13267,16.0
13268,16.0
13269,16.0
13270,16.0
13271,16.0
13272,16.0
13273,16.0
13274,16.0
13275,16.0
13276,16.0
13277,16.0
13278,16.0
13279,16.0
13280,16.0
13281,16.0
13282,16.0
13283,16.0
13284,16.0
13285,16.0
13286,16.0
13287,16.0
13288,16.0
13289,16.0
13290,16.0
13291,16.0
13292,16.0
13293,16.0
13294,16.0
13295,16.0
13296,16.0
13297,16.0
13298,16.0
13299,16.0
13300,16.0
13301,16.0
13302,16.0
13303,16.0
13304,16.0
13305,16.0
13306,16.0
13307,16.0
13308,16.0
13309,16.0
13310,16.0
13311,16.0
13312,16.0
13313,16.0
13314,16.0
13315,16.0
13316,16.0
13317,16.0
13318,16.0
13319,16.0
13320,16.0
13321,16.0
13322,16.0
13323,16.0
13324,16.0
13325,16.0
13326,16.0
13327,16.0
13328,16.0
13329,16.0
13330,16.0
13331,16.0
13332,16.0
13333,16.0
13334,16.0
13335,16.0
13336,16.0
13337,16.0
13338,16.0
13339,16.0
13340,16.0
13341,16.0
13342,16.0
13343,16.0
13344,16.0
13345,16.0
13346,16.0
13347,16.0
13348,16.0
13349,16.0
13350,16.0
13351,16.0
13352,16.0
13353,16.0
13354,16.0
13355,16.0
13356,16.0
13357,16.0
13358,16.0
13359,16.0
13360,16.0
13361,16.0
13362,16.0
13363,16.0
13364,16.0
13365,16.0
13366,16.0
13367,16.0
13368,16.0
13369,16.0
13370,16.0
13371,16.0
13372,16.0
13373,16.0
13374,16.0
13375,16.0
13376,16.0
13377,16.0
13378,16.0
13379,16.0
13380,16.0
13381,16.0
13382,16.0
13383,16.0
13384,16.0
13385,16.0
13386,16.0
13387,16.0
13388,16.0
13389,16.0
13390,16.0
13391,16.0
13392,16.0
13393,16.0
13394,16.0
13395,16.0
13396,16.0
13397,16.0
13398,16.0
13399,16.0
13400,16.0
13401,16.0
13402,16.0
13403,16.0
13404,16.0
13405,16.0
13406,16.0
13407,16.0
13408,16.0
13409,16.0
13410,16.0
13411,16.0
13412,16.0
13413,16.0
13414,16.0
13415,16.0
13416,16.0
13417,16.0
13418,16.0
13419,16.0
13420,16.0
13421,16.0
13422,16.0
13423,16.0
13424,16.0
13425,16.0
13426,16.0
13427,16.0
13428,16.0
13429,16.0
13430,16.0
13431,16.0
13432,16.0
13433,16.0
13434,16.0
13435,16.0
13436,16.0
13437,16.0
13438,16.0
13439,16.0
13440,16.0
13441,16.0
13442,16.0
13443,16.0
13444,16.0
13445,16.0
13446,16.0
13447,16.0
13448,16.0
13449,16.0
13450,16.0
13451,16.0
13452,16.0
13453,16.0
13454,16.0
13455,16.0
13456,16.0
13457,16.0
13458,16.0
13459,16.0
13460,16.0
13461,16.0
13462,16.0
13463,16.0
13464,16.0
13465,16.0
13466,16.0
13467,16.0
13468,16.0
13469,16.0
13470,16.0
13471,16.0
13472,16.0
13473,16.0
13474,16.0
13475,16.0
13476,16.0
13477,16.0
13478,16.0
13479,16.0
13480,16.0
13481,16.0
13482,16.0
13483,16.0
13484,16.0
13485,16.0
13486,16.0
13487,16.0
13488,16.0
13489,16.0
13490,16.0
13491,16.0
13492,16.0
13493,16.0
13494,16.0
13495,16.0
13496,16.0
13497,16.0
13498,16.0
13499,16.0
13500,16.0
13501,16.0
13502,16.0
13503,16.0
13504,16.0
13505,16.0
13506,16.0
13507,16.0
13508,16.0
13509,16.0
13510,16.0
13511,16.0
13512,16.0
13513,16.0
13514,16.0
13515,16.0
13516,16.0
13517,16.0
13518,16.0
13519,16.0
13520,16.0
13521,16.0
13522,16.0
13523,16.0
13524,16.0
13525,16.0
13526,16.0
13527,16.0
13528,16.0
13529,16.0
13530,16.0
13531,16.0
13532,16.0
13533,16.0
13534,16.0
13535,16.0
13536,16.0
13537,16.0
13538,16.0
13539,16.0
13540,16.0
13541,16.0
13542,16.0
13543,16.0
13544,16.0
13545,16.0
13546,16.0
13547,16.0
13548,16.0
13549,16.0
13550,16.0
13551,16.0
13552,16.0
13553,16.0
13554,16.0
13555,16.0
13556,16.0
13557,16.0
13558,16.0
13559,16.0
13560,16.0
13561,16.0
13562,16.0
13563,16.0
13564,17.0
13565,17.0
13566,17.0
13567,17.0
13568,17.0
13569,17.0
13570,17.0
13571,17.0
13572,17.0
13573,17.0
13574,17.0
13575,17.0
13576,17.0
13577,17.0
13578,17.0
13579,17.0
13580,17.0
13581,17.0
13582,17.0
13583,17.0
13584,17.0
13585,17.0
13586,17.0
13587,17.0
13588,17.0
13589,17.0
13590,17.0
13591,17.0
13592,17.0
13593,17.0
13594,17.0
13595,17.0
13596,17.0
13597,17.0
13598,17.0
13599,17.0
13600,17.0
13601,17.0
13602,17.0
13603,17.0
13604,17.0
13605,17.0
13606,17.0
13607,17.0
13608,17.0
13609,17.0
13610,17.0
13611,17.0
13612,17.0
13613,17.0
13614,17.0
13615,17.0
13616,17.0
13617,17.0
13618,17.0
13619,17.0
13620,17.0
13621,17.0
13622,17.0
13623,17.0
13624,17.0
13625,17.0
13626,17.0
13627,17.0
13628,17.0
13629,17.0
13630,17.0
13631,17.0
13632,17.0
13633,17.0
13634,17.0
13635,17.0
13636,17.0
13637,17.0
13638,17.0
13639,17.0
13640,17.0
13641,17.0
13642,17.0
13643,17.0
13644,17.0
13645,17.0
13646,17.0
13647,17.0
13648,17.0
13649,17.0
13650,17.0
13651,17.0
13652,17.0
13653,17.0
13654,17.0
13655,17.0
13656,17.0
13657,17.0
13658,17.0
13659,17.0
13660,17.0
13661,17.0
13662,17.0
13663,17.0
13664,17.0
13665,17.0
13666,17.0
13667,17.0
13668,17.0
13669,17.0
13670,17.0
13671,17.0
13672,17.0
13673,17.0
13674,17.0
13675,17.0
13676,17.0
13677,17.0
13678,18.0
13679,18.0
13680,18.0
13681,18.0
13682,18.0
13683,18.0
13684,18.0
13685,18.0
13686,18.0
13687,18.0
13688,18.0
13689,18.0
13690,18.0
13691,18.0
13692,18.0
13693,18.0
13694,18.0
13695,18.0
13696,18.0
13697,19.0
13698,19.0
13699,19.0
13700,19.0
13701,19.0
13702,19.0
13703,18.0
13704,18.0
13705,18.0
13706,18.0
13707,18.0
13708,18.0
13709,18.0
13710,18.0
13711,18.0
13712,18.0
13713,18.0
13714,18.0
13715,18.0
13716,18.0
13717,18.0
13718,18.0
13719,18.0
13720,18.0
13721,18.0
13722,18.0
13723,18.0
13724,18.0
13725,18.0
13726,18.0
13727,18.0
13728,18.0
13729,18.0
13730,18.0
13731,18.0
13732,18.0
13733,18.0
13734,18.0
13735,18.0
13736,18.0
13737,18.0
13738,18.0
13739,18.0
13740,18.0
13741,18.0
13742,18.0
13743,18.0
13744,18.0
13745,18.0
13746,18.0
13747,18.0
13748,18.0
13749,18.0
13750,18.0
13751,18.0
13752,18.0
13753,18.0
13754,18.0
13755,18.0
13756,18.0
13757,18.0
13758,18.0
13759,18.0
13760,18.0
13761,18.0
13762,18.0
13763,18.0
13764,18.0
13765,18.0
13766,18.0
13767,18.0
13768,18.0
13769,18.0
13770,18.0
13771,18.0
13772,18.0
13773,18.0
13774,18.0
13775,18.0
13776,18.0
13777,18.0
13778,18.0
13779,18.0
13780,18.0
13781,18.0
13782,18.0
13783,18.0
13784,18.0
13785,18.0
13786,18.0
13787,18.0
13788,18.0
13789,18.0
13790,18.0
13791,18.0
13792,18.0
13793,18.0
13794,18.0
13795,18.0
13796,18.0
13797,18.0
13798,18.0
13799,18.0
13800,18.0
13801,18.0
13802,18.0
13803,18.0
13804,18.0
13805,18.0
13806,18.0
13807,18.0
13808,18.0
13809,18.0
13810,18.0
13811,18.0
13812,18.0
13813,18.0
13814,18.0
13815,18.0
13816,18.0
13817,18.0
13818,18.0
13819,18.0
13820,18.0
13821,18.0
13822,18.0
13823,18.0
13824,18.0
13825,18.0
13826,18.0
13827,18.0
13828,18.0
13829,18.0
13830,18.0
13831,18.0
13832,18.0
13833,18.0
13834,18.0
13835,18.0
13836,18.0
13837,18.0
13838,18.0
13839,18.0
13840,18.0
13841,18.0
13842,18.0
13843,18.0
13844,18.0
13845,18.0
13846,18.0
13847,18.0
13848,18.0
13849,18.0
13850,18.0
13851,18.0
13852,18.0
13853,18.0
13854,18.0
13855,18.0
13856,18.0
13857,18.0
13858,18.0
13859,18.0
13860,18.0
13861,18.0
13862,18.0
13863,18.0
13864,18.0
13865,18.0
13866,18.0
13867,18.0
13868,18.0
13869,18.0
13870,18.0
13871,18.0
13872,18.0
13873,18.0
13874,18.0
13875,18.0
13876,18.0
13877,18.0
13878,18.0
13879,18.0
13880,18.0
13881,18.0
13882,18.0
13883,18.0
13884,18.0
13885,18.0
13886,18.0
13887,18.0
13888,18.0
13889,18.0
13890,18.0
13891,18.0
13892,18.0
13893,18.0
13894,18.0
13895,18.0
13896,18.0
13897,18.0
13898,18.0
13899,18.0
13900,18.0
13901,18.0
13902,18.0
13903,18.0
13904,18.0
13905,18.0
13906,18.0
13907,18.0
13908,18.0
13909,18.0
13910,18.0
13911,18.0
13912,18.0
13913,18.0
13914,18.0
13915,18.0
13916,18.0
13917,18.0
13918,18.0
13919,18.0
13920,18.0
13921,18.0
13922,18.0
13923,18.0
13924,18.0
13925,18.0
13926,18.0
13927,18.0
13928,18.0
13929,18.0
13930,18.0
13931,18.0
13932,18.0
13933,18.0
13934,18.0
13935,18.0
13936,18.0
13937,18.0
13938,18.0
13939,18.0
13940,18.0
13941,18.0
13942,18.0
13943,18.0
13944,18.0
13945,18.0
13946,18.0
13947,18.0
13948,18.0
13949,18.0
13950,18.0
13951,18.0
13952,18.0
13953,18.0
13954,18.0
13955,18.0
13956,18.0
13957,18.0
13958,18.0
13959,18.0
13960,18.0
13961,18.0
13962,18.0
13963,18.0
13964,18.0
13965,18.0
13966,18.0
13967,18.0
13968,18.0
13969,18.0
13970,18.0
13971,18.0
13972,18.0
13973,18.0
13974,18.0
13975,18.0
13976,18.0
13977,18.0
13978,18.0
13979,18.0
13980,18.0
13981,18.0
13982,18.0
13983,18.0
13984,18.0
13985,18.0
13986,18.0
13987,18.0
13988,18.0
13989,18.0
13990,18.0
13991,18.0
13992,18.0
13993,18.0
13994,18.0
13995,18.0
13996,18.0
13997,18.0
13998,18.0
13999,18.0
14000,18.0
14001,18.0
14002,18.0
14003,18.0
14004,18.0
14005,18.0
14006,18.0
14007,18.0
14008,18.0
14009,18.0
14010,18.0
14011,18.0
14012,18.0
14013,18.0
14014,18.0
14015,18.0
14016,18.0
14017,18.0
14018,18.0
14019,18.0
14020,18.0
14021,18.0
14022,18.0
14023,18.0
14024,18.0
14025,18.0
14026,18.0
14027,18.0
14028,18.0
14029,18.0
14030,18.0
14031,18.0
14032,18.0
14033,18.0
14034,18.0
14035,18.0
14036,18.0
14037,18.0
14038,18.0
14039,18.0
14040,18.0
14041,18.0
14042,18.0
14043,18.0
14044,18.0
14045,18.0
14046,18.0
14047,18.0
14048,18.0
14049,18.0
14050,18.0
14051,18.0
14052,18.0
14053,18.0
14054,18.0
14055,18.0
14056,18.0
14057,18.0
14058,18.0
14059,18.0
14060,18.0
14061,18.0
14062,18.0
14063,18.0
14064,18.0
14065,18.0
14066,18.0
14067,18.0
14068,18.0
14069,18.0
14070,18.0
14071,18.0
14072,18.0
14073,18.0
14074,18.0
14075,18.0
14076,18.0
14077,18.0
14078,18.0
14079,18.0
14080,18.0
14081,18.0
14082,18.0
14083,18.0
14084,18.0
14085,18.0
14086,18.0
14087,18.0
14088,18.0
14089,18.0
14090,18.0
14091,18.0
14092,18.0
14093,18.0
14094,18.0
14095,18.0
14096,18.0
14097,18.0
14098,18.0
14099,18.0
14100,18.0
14101,18.0
14102,18.0
14103,18.0
14104,18.0
14105,18.0
14106,18.0
14107,18.0
14108,18.0
14109,18.0
14110,18.0
14111,18.0
14112,18.0
14113,18.0
14114,18.0
14115,18.0
14116,18.0
14117,18.0
14118,18.0
14119,18.0
14120,18.0
14121,18.0
14122,18.0
14123,18.0
14124,18.0
14125,18.0
14126,18.0
14127,18.0
14128,18.0
14129,18.0
14130,18.0
14131,18.0
14132,18.0
14133,18.0
14134,18.0
14135,18.0
14136,18.0
14137,18.0
14138,18.0
14139,18.0
14140,18.0
14141,18.0
14142,18.0
14143,18.0
14144,18.0
14145,18.0
14146,18.0
14147,18.0
14148,18.0
14149,18.0
14150,18.0
14151,18.0
14152,18.0
14153,18.0
14154,18.0
14155,18.0
14156,18.0
14157,18.0
14158,18.0
14159,18.0
14160,18.0
14161,18.0
14162,18.0
14163,18.0
14164,18.0
14165,18.0
14166,18.0
14167,18.0
14168,18.0
14169,19.0
14170,19.0
14171,19.0
14172,19.0
14173,19.0
14174,19.0
14175,19.0
14176,19.0
14177,19.0
14178,19.0
14179,19.0
14180,19.0
14181,19.0
14182,19.0
14183,19.0
14184,19.0
14185,19.0
14186,19.0
14187,19.0
14188,19.0
14189,19.0
14190,19.0
14191,19.0
14192,19.0
14193,19.0
14194,19.0
14195,19.0
14196,19.0
14197,19.0
14198,20.0
14199,20.0
14200,20.0
14201,20.0
14202,20.0
14203,20.0
14204,20.0
14205,20.0
14206,20.0
14207,20.0
14208,20.0
14209,20.0
14210,20.0
14211,20.0
14212,20.0
14213,20.0
14214,20.0
14215,20.0
14216,20.0
14217,20.0
14218,20.0
14219,20.0
14220,20.0
14221,21.0
14222,21.0
14223,21.0
14224,21.0
14225,21.0
14226,21.0
14227,21.0
14228,21.0
14229,21.0
14230,21.0
14231,21.0
14232,21.0
14233,22.0
14234,22.0
14235,22.0
14236,22.0
14237,21.0
14238,21.0
14239,21.0
14240,21.0
14241,21.0
14242,21.0
14243,21.0
14244,21.0
14245,21.0
14246,21.0
14247,21.0
14248,22.0
14249,22.0
14250,22.0
14251,22.0
14252,22.0
14253,22.0
14254,22.0
14255,22.0
14256,22.0
14257,22.0
14258,22.0
14259,22.0
14260,22.0
14261,22.0
14262,22.0
14263,22.0
14264,22.0
14265,22.0
14266,22.0
14267,22.0
14268,22.0
14269,22.0
14270,22.0
14271,22.0
14272,22.0
14273,22.0
14274,22.0
14275,22.0
14276,22.0
14277,22.0
14278,22.0
14279,22.0
14280,22.0
14281,22.0
14282,22.0
14283,22.0
14284,22.0
14285,22.0
14286,22.0
14287,22.0
14288,22.0
14289,22.0
14290,22.0
14291,22.0
14292,22.0
14293,21.0
14294,21.0
14295,21.0
14296,21.0
14297,21.0
14298,21.0
14299,21.0
14300,21.0
14301,21.0
14302,21.0
14303,21.0
14304,21.0
14305,21.0
14306,21.0
14307,21.0
14308,21.0
14309,20.0
14310,20.0
14311,20.0
14312,20.0
14313,20.0
14314,20.0
14315,20.0
14316,20.0
14317,19.0
14318,19.0
14319,20.0
14320,20.0
14321,20.0
14322,20.0
14323,20.0
14324,20.0
14325,20.0
14326,20.0
14327,20.0
14328,20.0
14329,20.0
14330,20.0
14331,20.0
14332,21.0
14333,21.0
14334,21.0
14335,21.0
14336,21.0
14337,20.0
14338,20.0
14339,20.0
14340,21.0
14341,21.0
14342,21.0
14343,21.0
14344,21.0
14345,21.0
14346,21.0
14347,21.0
14348,21.0
14349,21.0
14350,21.0
14351,21.0
14352,21.0
14353,21.0
14354,21.0
14355,21.0
14356,21.0
14357,21.0
14358,21.0
14359,21.0
14360,21.0
14361,21.0
14362,21.0
14363,21.0
14364,21.0
14365,21.0
14366,21.0
14367,21.0
14368,21.0
14369,21.0
14370,21.0
14371,21.0
14372,21.0
14373,21.0
14374,21.0
14375,21.0
14376,21.0
14377,21.0
14378,21.0
14379,21.0
14380,21.0
14381,21.0
14382,21.0
14383,21.0
14384,21.0
14385,21.0
14386,21.0
14387,21.0
14388,21.0
14389,21.0
14390,21.0
14391,21.0
14392,21.0
14393,21.0
14394,21.0
14395,21.0
14396,21.0
14397,21.0
14398,21.0
14399,21.0
14400,21.0
14401,21.0
14402,21.0
14403,21.0
14404,21.0
14405,21.0
14406,21.0
14407,21.0
14408,21.0
14409,21.0
14410,21.0
14411,21.0
14412,21.0
14413,21.0
14414,21.0
14415,21.0
14416,21.0
14417,21.0
14418,21.0
14419,21.0
14420,21.0
14421,21.0
14422,21.0
14423,21.0
14424,21.0
14425,21.0
14426,21.0
14427,21.0
14428,21.0
14429,21.0
14430,21.0
14431,21.0
14432,21.0
14433,21.0
14434,21.0
14435,21.0
14436,21.0
14437,21.0
14438,21.0
14439,21.0
14440,21.0
14441,21.0
14442,21.0
14443,21.0
14444,21.0
14445,21.0
14446,21.0
14447,21.0
14448,21.0
14449,21.0
14450,21.0
14451,21.0
14452,21.0
14453,21.0
14454,21.0
14455,21.0
14456,21.0
14457,21.0
14458,21.0
14459,21.0
14460,21.0
14461,21.0
14462,21.0
14463,21.0
14464,21.0
14465,21.0
14466,21.0
14467,21.0
14468,21.0
14469,21.0
14470,21.0
14471,21.0
14472,21.0
14473,21.0
14474,21.0
14475,21.0
14476,21.0
14477,21.0
14478,21.0
14479,21.0
14480,21.0
14481,21.0
14482,21.0
14483,21.0
14484,21.0
14485,21.0
14486,21.0
14487,21.0
14488,21.0
14489,21.0
14490,21.0
14491,21.0
14492,21.0
14493,21.0
14494,21.0
14495,21.0
14496,21.0
14497,21.0
14498,21.0
14499,21.0
14500,21.0
14501,21.0
14502,21.0
14503,21.0
14504,21.0
14505,21.0
14506,21.0
14507,21.0
14508,21.0
14509,21.0
14510,21.0
14511,21.0
14512,21.0
14513,21.0
14514,21.0
14515,21.0
14516,21.0
14517,21.0
14518,21.0
14519,21.0
14520,21.0
14521,21.0
14522,21.0
14523,21.0
14524,21.0
14525,21.0
14526,21.0
14527,21.0
14528,21.0
14529,21.0
14530,21.0
14531,21.0
14532,21.0
14533,21.0
14534,21.0
14535,21.0
14536,21.0
14537,21.0
14538,21.0
14539,21.0
14540,21.0
14541,21.0
14542,21.0
14543,21.0
14544,21.0
14545,21.0
14546,21.0
14547,21.0
14548,21.0
14549,21.0
14550,21.0
14551,21.0
14552,21.0
14553,21.0
14554,21.0
14555,21.0
14556,21.0
14557,21.0
14558,21.0
14559,21.0
14560,21.0
14561,21.0
14562,21.0
14563,21.0
14564,21.0
14565,21.0
14566,21.0
14567,21.0
14568,21.0
14569,21.0
14570,21.0
14571,21.0
14572,21.0
14573,21.0
14574,21.0
14575,21.0
14576,21.0
14577,21.0
14578,21.0
14579,21.0
14580,21.0
14581,21.0
14582,21.0
14583,21.0
14584,21.0
14585,21.0
14586,21.0
14587,21.0
14588,21.0
14589,21.0
14590,21.0
14591,21.0
14592,21.0
14593,21.0
14594,21.0
14595,21.0
14596,21.0
14597,21.0
14598,21.0
14599,21.0
14600,21.0
14601,21.0
14602,21.0
14603,21.0
14604,21.0
14605,21.0
14606,21.0
14607,21.0
14608,21.0
14609,21.0
14610,21.0
14611,21.0
14612,21.0
14613,21.0
14614,21.0
14615,21.0
14616,21.0
14617,21.0
14618,21.0
14619,21.0
14620,21.0
14621,21.0
14622,21.0
14623,21.0
14624,21.0
14625,21.0
14626,21.0
14627,21.0
14628,21.0
14629,21.0
14630,21.0
14631,21.0
14632,21.0
14633,21.0
14634,21.0
14635,21.0
14636,21.0
14637,21.0
14638,21.0
14639,21.0
14640,21.0
14641,21.0
14642,21.0
14643,21.0
14644,21.0
14645,21.0
14646,21.0
14647,21.0
14648,21.0
14649,21.0
14650,21.0
14651,21.0
14652,21.0
14653,21.0
14654,21.0
14655,21.0
14656,21.0
14657,21.0
14658,21.0
14659,21.0
14660,21.0
14661,21.0
14662,21.0
14663,21.0
14664,21.0
14665,21.0
14666,21.0
14667,21.0
14668,20.0
14669,18.0
14670,18.0
14671,18.0
14672,18.0
14673,17.0
14674,17.0
14675,17.0
14676,17.0
14677,17.0
14678,17.0
14679,17.0
14680,17.0
14681,17.0
14682,18.0
14683,18.0
14684,17.0
14685,17.0
14686,17.0
14687,17.0
14688,17.0
14689,17.0
14690,17.0
14691,17.0
14692,17.0
14693,17.0
14694,17.0
14695,17.0
14696,17.0
14697,17.0
14698,17.0
14699,17.0
14700,17.0
14701,17.0
14702,17.0
14703,15.0
14704,15.0
14705,15.0
14706,15.0
14707,15.0
14708,14.0
14709,14.0
14710,14.0
14711,14.0
14712,14.0
14713,14.0
14714,13.0
14715,13.0
14716,13.0
14717,13.0
14718,13.0
14719,13.0
14720,13.0
14721,13.0
14722,13.0
14723,13.0
14724,13.0
14725,13.0
14726,13.0
14727,13.0
14728,13.0
14729,13.0
14730,13.0
14731,13.0
14732,13.0
14733,13.0
14734,13.0
14735,13.0
14736,13.0
14737,13.0
14738,13.0
14739,13.0
14740,13.0
14741,13.0
14742,13.0
14743,13.0
14744,13.0
14745,13.0
14746,13.0
14747,13.0
14748,13.0
14749,13.0
14750,13.0
14751,13.0
14752,13.0
14753,13.0
14754,13.0
14755,13.0
14756,13.0
14757,13.0
14758,13.0
14759,13.0
14760,13.0
14761,13.0
14762,13.0
14763,13.0
14764,13.0
14765,13.0
14766,13.0
14767,13.0
14768,13.0
14769,13.0
14770,13.0
14771,13.0
14772,13.0
14773,13.0
14774,13.0
14775,13.0
14776,13.0
14777,13.0
14778,13.0
14779,13.0
14780,13.0
14781,13.0
14782,13.0
14783,13.0
14784,13.0
14785,13.0
14786,13.0
14787,13.0
14788,13.0
14789,13.0
14790,13.0
14791,13.0
14792,13.0
14793,13.0
14794,13.0
14795,13.0
14796,13.0
14797,13.0
14798,13.0
14799,13.0
14800,13.0
14801,13.0
14802,13.0
14803,13.0
14804,13.0
14805,13.0
14806,13.0
14807,13.0
14808,13.0
14809,13.0
14810,13.0
14811,13.0
14812,13.0
14813,13.0
14814,13.0
14815,13.0
14816,13.0
14817,13.0
14818,13.0
14819,13.0
14820,13.0
14821,13.0
14822,13.0
14823,13.0
14824,13.0
14825,13.0
14826,13.0
14827,13.0
14828,13.0
14829,13.0
14830,13.0
14831,13.0
14832,13.0
14833,13.0
14834,13.0
14835,13.0
14836,13.0
14837,13.0
14838,13.0
14839,11.0
14840,11.0
14841,11.0
14842,11.0
14843,11.0
14844,11.0
14845,11.0
14846,11.0
14847,11.0
14848,11.0
14849,11.0
14850,11.0
14851,11.0
14852,11.0
14853,11.0
14854,11.0
14855,11.0
14856,11.0
14857,11.0
14858,11.0
14859,11.0
14860,11.0
14861,11.0
14862,11.0
14863,11.0
14864,11.0
14865,11.0
14866,11.0
14867,11.0
14868,11.0
14869,11.0
14870,11.0
14871,11.0
14872,11.0
14873,11.0
14874,11.0
14875,11.0
14876,11.0
14877,10.0
14878,10.0
14879,10.0
14880,10.0
14881,10.0
14882,10.0
14883,10.0
14884,10.0
14885,10.0
14886,10.0
14887,10.0
14888,10.0
14889,10.0
14890,10.0
14891,10.0
14892,10.0
14893,10.0
14894,10.0
14895,10.0
14896,10.0
14897,10.0
14898,10.0
14899,10.0
14900,10.0
14901,10.0
14902,10.0
14903,10.0
14904,10.0
14905,10.0
14906,10.0
14907,10.0
14908,10.0
14909,10.0
14910,10.0
14911,10.0
14912,10.0
14913,10.0
14914,10.0
14915,10.0
14916,10.0
14917,10.0
14918,10.0
14919,10.0
14920,10.0
14921,10.0
14922,10.0
14923,10.0
14924,10.0
14925,10.0
14926,10.0
14927,10.0
14928,10.0
14929,10.0
14930,10.0
14931,10.0
14932,10.0
14933,10.0
14934,10.0
14935,10.0
14936,10.0
14937,10.0
14938,10.0
14939,10.0
14940,10.0
14941,10.0
14942,10.0
14943,10.0
14944,10.0
14945,10.0
14946,10.0
14947,10.0
14948,10.0
14949,10.0
14950,10.0
14951,10.0
14952,10.0
14953,10.0
14954,10.0
14955,10.0
14956,10.0
14957,10.0
14958,10.0
14959,10.0
14960,10.0
14961,10.0
14962,10.0
14963,10.0
14964,10.0
14965,10.0
14966,10.0
14967,10.0
14968,10.0
14969,10.0
14970,10.0
14971,10.0
14972,10.0
14973,10.0
14974,10.0
14975,10.0
14976,10.0
14977,10.0
14978,10.0
14979,10.0
14980,10.0
14981,10.0
14982,10.0
14983,10.0
14984,10.0
14985,10.0
14986,10.0
14987,10.0
14988,10.0
14989,10.0
14990,10.0
14991,10.0
14992,10.0
14993,10.0
14994,10.0
14995,10.0
14996,10.0
14997,10.0
14998,10.0
14999,10.0
15000,10.0
15001,10.0
15002,10.0
15003,10.0
15004,10.0
15005,10.0
15006,10.0
15007,10.0
15008,10.0
15009,10.0
15010,11.0
15011,11.0
15012,11.0
15013,11.0
15014,11.0
15015,11.0
15016,11.0
15017,11.0
15018,11.0
15019,11.0
15020,11.0
15021,11.0
15022,11.0
15023,11.0
15024,11.0
15025,11.0
15026,11.0
15027,11.0
15028,11.0
15029,11.0
15030,11.0
15031,11.0
15032,11.0
15033,11.0
15034,11.0
15035,11.0
15036,11.0
15037,11.0
15038,11.0
15039,11.0
15040,11.0
15041,11.0
15042,11.0
15043,11.0
15044,11.0
15045,11.0
15046,11.0
15047,11.0
15048,11.0
15049,11.0
15050,11.0
15051,11.0
15052,11.0
15053,11.0
15054,11.0
15055,11.0
15056,11.0
15057,11.0
15058,11.0
15059,11.0
15060,12.0
15061,12.0
15062,12.0
15063,12.0
15064,12.0
15065,12.0
15066,12.0
15067,12.0
15068,12.0
15069,12.0
15070,12.0
15071,12.0
15072,12.0
15073,12.0
15074,12.0
15075,12.0
15076,12.0
15077,12.0
15078,13.0
15079,13.0
15080,13.0
15081,13.0
15082,13.0
15083,13.0
15084,13.0
15085,13.0
15086,13.0
15087,13.0
15088,13.0
15089,13.0
15090,13.0
15091,13.0
15092,13.0
15093,13.0
15094,13.0
15095,13.0
15096,13.0
15097,13.0
15098,13.0
15099,13.0
15100,13.0
15101,13.0
15102,13.0
15103,13.0
15104,13.0
15105,13.0
15106,13.0
15107,13.0
15108,13.0
15109,13.0
15110,13.0
15111,13.0
15112,13.0
15113,13.0
15114,13.0
15115,13.0
15116,13.0
15117,13.0
15118,13.0
15119,13.0
15120,13.0
15121,13.0
15122,13.0
15123,13.0
15124,13.0
15125,13.0
15126,13.0
15127,13.0
15128,13.0
15129,13.0
15130,13.0
15131,13.0
15132,13.0
15133,13.0
15134,13.0
15135,13.0
15136,13.0
15137,13.0
15138,13.0
15139,13.0
15140,13.0
15141,13.0
15142,13.0
15143,13.0
15144,13.0
15145,13.0
15146,13.0
15147,13.0
15148,13.0
15149,13.0
15150,13.0
15151,13.0
15152,13.0
15153,13.0
15154,13.0
15155,13.0
15156,13.0
15157,13.0
15158,13.0
15159,13.0
15160,13.0
15161,13.0
15162,13.0
15163,13.0
15164,13.0
15165,13.0
15166,13.0
15167,13.0
15168,13.0
15169,13.0
15170,13.0
15171,13.0
15172,13.0
15173,13.0
15174,13.0
15175,13.0
15176,13.0
15177,13.0
15178,13.0
15179,13.0
15180,13.0
15181,13.0
15182,13.0
15183,13.0
15184,13.0
15185,13.0
15186,13.0
15187,13.0
15188,13.0
15189,13.0
15190,13.0
15191,13.0
15192,13.0
15193,13.0
15194,13.0
15195,13.0
15196,13.0
15197,13.0
15198,13.0
15199,13.0
15200,13.0
15201,13.0
15202,13.0
15203,13.0
15204,13.0
15205,13.0
15206,13.0
15207,13.0
15208,13.0
15209,13.0
15210,13.0
15211,13.0
15212,13.0
15213,13.0
15214,13.0
15215,13.0
15216,13.0
15217,13.0
15218,13.0
15219,13.0
15220,13.0
15221,13.0
15222,13.0
15223,13.0
15224,13.0
15225,13.0
15226,13.0
15227,13.0
15228,13.0
15229,13.0
15230,13.0
15231,13.0
15232,13.0
15233,13.0
15234,13.0
15235,13.0
15236,13.0
15237,13.0
15238,13.0
15239,13.0
15240,13.0
15241,13.0
15242,13.0
15243,13.0
15244,13.0
15245,13.0
15246,13.0
15247,13.0
15248,13.0
15249,13.0
15250,13.0
15251,13.0
15252,13.0
15253,13.0
15254,13.0
15255,13.0
15256,13.0
15257,13.0
15258,13.0
15259,13.0
15260,13.0
15261,13.0
15262,13.0
15263,13.0
15264,13.0
15265,13.0
15266,13.0
15267,13.0
15268,13.0
15269,13.0
15270,13.0
15271,13.0
15272,13.0
15273,13.0
15274,13.0
15275,13.0
15276,13.0
15277,13.0
15278,13.0
15279,13.0
15280,13.0
15281,13.0
15282,13.0
15283,13.0
15284,13.0
15285,13.0
15286,13.0
15287,13.0
15288,13.0
15289,13.0
15290,13.0
15291,13.0
15292,13.0
15293,13.0
15294,13.0
15295,13.0
15296,13.0
15297,13.0
15298,13.0
15299,13.0
15300,13.0
15301,13.0
15302,13.0
15303,13.0
15304,13.0
15305,13.0
15306,13.0
15307,13.0
15308,13.0
15309,13.0
15310,13.0
15311,13.0
15312,13.0
15313,13.0
15314,13.0
15315,13.0
15316,13.0
15317,13.0
15318,13.0
15319,13.0
15320,13.0
15321,13.0
15322,13.0
15323,13.0
15324,13.0
15325,13.0
15326,13.0
15327,13.0
15328,13.0
15329,13.0
15330,13.0
15331,13.0
15332,13.0
15333,13.0
15334,13.0
15335,13.0
15336,13.0
15337,13.0
15338,13.0
15339,13.0
15340,13.0
15341,13.0
15342,13.0
15343,13.0
15344,13.0
15345,13.0
15346,13.0
15347,13.0
15348,13.0
15349,13.0
15350,13.0
15351,13.0
15352,13.0
15353,13.0
15354,13.0
15355,13.0
15356,13.0
15357,13.0
15358,13.0
15359,13.0
15360,13.0
15361,13.0
15362,13.0
15363,13.0
15364,13.0
15365,13.0
15366,13.0
15367,13.0
15368,13.0
15369,13.0
15370,13.0
15371,13.0
15372,13.0
15373,13.0
15374,13.0
15375,13.0
15376,13.0
15377,13.0
15378,13.0
15379,13.0
15380,13.0
15381,13.0
15382,13.0
15383,13.0
15384,13.0
15385,13.0
15386,13.0
15387,13.0
15388,13.0
15389,13.0
15390,13.0
15391,13.0
15392,13.0
15393,13.0
15394,13.0
15395,13.0
15396,13.0
15397,13.0
15398,13.0
15399,13.0
15400,13.0
15401,13.0
15402,13.0
15403,13.0
15404,13.0
15405,13.0
15406,13.0
15407,13.0
15408,13.0
15409,13.0
15410,13.0
15411,13.0
15412,13.0
15413,13.0
15414,13.0
15415,13.0
15416,13.0
15417,13.0
15418,13.0
15419,13.0
15420,13.0
15421,13.0
15422,13.0
15423,13.0
15424,13.0
15425,13.0
15426,13.0
15427,13.0
15428,13.0
15429,13.0
15430,13.0
15431,13.0
15432,13.0
15433,13.0
15434,13.0
15435,13.0
15436,13.0
15437,13.0
15438,13.0
15439,13.0
15440,13.0
15441,13.0
15442,13.0
15443,13.0
15444,13.0
15445,13.0
15446,13.0
15447,13.0
15448,13.0
15449,13.0
15450,13.0
15451,13.0
15452,13.0
15453,13.0
15454,13.0
15455,13.0
15456,13.0
15457,13.0
15458,13.0
15459,13.0
15460,13.0
15461,13.0
15462,13.0
15463,13.0
15464,13.0
15465,13.0
15466,13.0
15467,13.0
15468,13.0
15469,13.0
15470,13.0
15471,13.0
15472,13.0
15473,13.0
15474,13.0
15475,13.0
15476,13.0
15477,13.0
15478,13.0
15479,13.0
15480,13.0
15481,13.0
15482,13.0
15483,13.0
15484,13.0
15485,13.0
15486,13.0
15487,13.0
15488,13.0
15489,13.0
15490,13.0
15491,13.0
15492,13.0
15493,13.0
15494,13.0
15495,13.0
15496,13.0
15497,13.0
15498,13.0
15499,13.0
15500,13.0
15501,13.0
15502,13.0
15503,13.0
15504,13.0
15505,13.0
15506,13.0
15507,13.0
15508,13.0
15509,13.0
15510,13.0
15511,13.0
15512,13.0
15513,13.0
15514,13.0
15515,13.0
15516,13.0
15517,13.0
15518,13.0
15519,13.0
15520,13.0
15521,13.0
15522,13.0
15523,13.0
15524,13.0
15525,13.0
15526,13.0
15527,13.0
15528,13.0
15529,13.0
15530,13.0
15531,13.0
15532,13.0
15533,13.0
15534,13.0
15535,13.0
15536,13.0
15537,13.0
15538,13.0
15539,13.0
15540,13.0
15541,13.0
15542,13.0
15543,13.0
15544,13.0
15545,13.0
15546,13.0
15547,13.0
15548,13.0
15549,13.0
15550,13.0
15551,13.0
15552,13.0
15553,13.0
15554,13.0
15555,13.0
15556,13.0
15557,13.0
15558,13.0
15559,13.0
15560,13.0
15561,13.0
15562,13.0
15563,13.0
15564,13.0
15565,13.0
15566,13.0
15567,13.0
15568,13.0
15569,13.0
15570,13.0
15571,13.0
15572,13.0
15573,13.0
15574,13.0
15575,13.0
15576,13.0
15577,13.0
15578,13.0
15579,13.0
15580,13.0
15581,13.0
15582,13.0
15583,13.0
15584,13.0
15585,13.0
15586,13.0
15587,13.0
15588,13.0
15589,13.0
15590,13.0
15591,13.0
15592,13.0
15593,13.0
15594,13.0
15595,13.0
15596,13.0
15597,13.0
15598,13.0
15599,13.0
15600,13.0
15601,13.0
15602,13.0
15603,13.0
15604,13.0
15605,13.0
15606,13.0
15607,13.0
15608,13.0
15609,13.0
15610,13.0
15611,13.0
15612,13.0
15613,13.0
15614,13.0
15615,13.0
15616,13.0
15617,13.0
15618,13.0
15619,13.0
15620,13.0
15621,13.0
15622,13.0
15623,13.0
15624,13.0
15625,13.0
15626,13.0
15627,13.0
15628,13.0
15629,13.0
15630,13.0
15631,13.0
15632,13.0
15633,13.0
15634,13.0
15635,13.0
15636,13.0
15637,13.0
15638,13.0
15639,13.0
15640,13.0
15641,13.0
15642,13.0
15643,13.0
15644,13.0
15645,13.0
15646,13.0
15647,13.0
15648,13.0
15649,13.0
15650,13.0
15651,13.0
15652,13.0
15653,13.0
15654,13.0
15655,13.0
15656,13.0
15657,13.0
15658,13.0
15659,13.0
15660,13.0
15661,13.0
15662,13.0
15663,13.0
15664,13.0
15665,13.0
15666,13.0
15667,13.0
15668,13.0
15669,13.0
15670,13.0
15671,13.0
15672,13.0
15673,13.0
15674,13.0
15675,13.0
15676,13.0
15677,13.0
15678,13.0
15679,13.0
15680,13.0
15681,13.0
15682,13.0
15683,13.0
15684,13.0
15685,13.0
15686,13.0
15687,13.0
15688,13.0
15689,13.0
15690,13.0
15691,13.0
15692,13.0
15693,13.0
15694,13.0
15695,13.0
15696,13.0
15697,13.0
15698,13.0
15699,13.0
15700,13.0
15701,13.0
15702,13.0
15703,13.0
15704,13.0
15705,13.0
15706,13.0
15707,13.0
15708,13.0
15709,13.0
15710,13.0
15711,13.0
15712,13.0
15713,13.0
15714,13.0
15715,13.0
15716,13.0
15717,13.0
15718,13.0
15719,13.0
15720,13.0
15721,13.0
15722,13.0
15723,13.0
15724,13.0
15725,13.0
15726,13.0
15727,13.0
15728,13.0
15729,13.0
15730,13.0
15731,13.0
15732,13.0
15733,13.0
15734,13.0
15735,13.0
15736,13.0
15737,13.0
15738,13.0
15739,13.0
15740,13.0
15741,13.0
15742,13.0
15743,13.0
15744,13.0
15745,13.0
15746,13.0
15747,13.0
15748,13.0
15749,13.0
15750,13.0
15751,13.0
15752,13.0
15753,13.0
15754,13.0
15755,13.0
15756,13.0
15757,13.0
15758,13.0
15759,13.0
15760,13.0
15761,13.0
15762,13.0
15763,13.0
15764,13.0
15765,13.0
15766,13.0
15767,13.0
15768,13.0
15769,13.0
15770,13.0
15771,13.0
15772,13.0
15773,13.0
15774,13.0
15775,13.0
15776,13.0
15777,13.0
15778,13.0
15779,13.0
15780,13.0
15781,13.0
15782,13.0
15783,13.0
15784,13.0
15785,13.0
15786,13.0
15787,13.0
15788,13.0
15789,13.0
15790,13.0
15791,13.0
15792,13.0
15793,13.0
15794,13.0
15795,13.0
15796,13.0
15797,13.0
15798,13.0
15799,13.0
15800,13.0
15801,13.0
15802,13.0
15803,13.0
15804,13.0
15805,13.0
15806,13.0
15807,13.0
15808,13.0
15809,13.0
15810,13.0
15811,13.0
15812,13.0
15813,13.0
15814,13.0
15815,13.0
15816,13.0
15817,13.0
15818,13.0
15819,13.0
15820,13.0
15821,13.0
15822,13.0
15823,13.0
15824,13.0
15825,13.0
15826,13.0
15827,13.0
15828,13.0
15829,13.0
15830,13.0
15831,13.0
15832,13.0
15833,13.0
15834,13.0
15835,13.0
15836,13.0
15837,13.0
15838,13.0
15839,13.0
15840,13.0
15841,13.0
15842,13.0
15843,13.0
15844,13.0
15845,13.0
15846,13.0
15847,13.0
15848,13.0
15849,13.0
15850,13.0
15851,13.0
15852,13.0
15853,13.0
15854,13.0
15855,13.0
15856,13.0
15857,13.0
15858,13.0
15859,13.0
15860,13.0
15861,13.0
15862,13.0
15863,13.0
15864,13.0
15865,13.0
15866,13.0
15867,13.0
15868,13.0
15869,13.0
15870,13.0
15871,13.0
15872,13.0
15873,13.0
15874,13.0
15875,13.0
15876,13.0
15877,13.0
15878,13.0
15879,13.0
15880,13.0
15881,13.0
15882,13.0
15883,13.0
15884,13.0
15885,13.0
15886,13.0
15887,13.0
15888,13.0
15889,13.0
15890,13.0
15891,13.0
15892,13.0
15893,13.0
15894,13.0
15895,13.0
15896,13.0
15897,13.0
15898,13.0
15899,13.0
15900,13.0
15901,13.0
15902,13.0
15903,13.0
15904,13.0
15905,13.0
15906,13.0
15907,13.0
15908,13.0
15909,13.0
15910,13.0
15911,13.0
15912,13.0
15913,13.0
15914,13.0
15915,13.0
15916,13.0
15917,13.0
15918,13.0
15919,13.0
15920,13.0
15921,13.0
15922,13.0
15923,13.0
15924,13.0
15925,13.0
15926,13.0
15927,13.0
15928,13.0
15929,13.0
15930,13.0
15931,13.0
15932,13.0
15933,13.0
15934,13.0
15935,13.0
15936,13.0
15937,13.0
15938,13.0
15939,13.0
15940,13.0
15941,13.0
15942,13.0
15943,13.0
15944,13.0
15945,13.0
15946,13.0
15947,13.0
15948,13.0
15949,13.0
15950,13.0
15951,13.0
15952,13.0
15953,13.0
15954,13.0
15955,13.0
15956,13.0
15957,13.0
15958,13.0
15959,13.0
15960,13.0
15961,13.0
15962,13.0
15963,13.0
15964,13.0
15965,13.0
15966,13.0
15967,13.0
15968,13.0
15969,13.0
15970,13.0
15971,13.0
15972,13.0
15973,13.0
15974,13.0
15975,13.0
15976,13.0
15977,13.0
15978,13.0
15979,13.0
15980,13.0
15981,13.0
15982,13.0
15983,13.0
15984,13.0
15985,13.0
15986,13.0
15987,13.0
15988,13.0
15989,13.0
15990,13.0
15991,13.0
15992,13.0
15993,13.0
15994,13.0
15995,13.0
15996,13.0
15997,13.0
15998,13.0
15999,13.0
16000,13.0
16001,13.0
16002,13.0
16003,13.0
16004,13.0
16005,13.0
16006,13.0
16007,13.0
16008,13.0
16009,13.0
16010,13.0
16011,13.0
16012,13.0
16013,13.0
16014,13.0
16015,13.0
16016,13.0
16017,13.0
16018,13.0
16019,13.0
16020,13.0
16021,13.0
16022,13.0
16023,13.0
16024,13.0
16025,13.0
16026,13.0
16027,13.0
16028,13.0
16029,13.0
16030,13.0
16031,13.0
16032,13.0
16033,13.0
16034,13.0
16035,13.0
16036,13.0
16037,13.0
16038,13.0
16039,13.0
16040,13.0
16041,13.0
16042,13.0
16043,13.0
16044,13.0
16045,13.0
16046,13.0
16047,13.0
16048,13.0
16049,12.0
16050,13.0
16051,13.0
16052,13.0
16053,13.0
16054,13.0
16055,13.0
16056,13.0
16057,13.0
16058,13.0
16059,13.0
16060,13.0
16061,13.0
16062,10.0
16063,10.0
16064,10.0
16065,10.0
16066,10.0
16067,10.0
16068,10.0
16069,10.0
16070,10.0
16071,10.0
16072,10.0
16073,10.0
16074,10.0
16075,10.0
16076,10.0
16077,10.0
16078,10.0
16079,10.0
16080,10.0
16081,10.0
16082,10.0
16083,10.0
16084,10.0
16085,10.0
16086,10.0
16087,10.0
16088,10.0
16089,10.0
16090,10.0
16091,10.0
16092,10.0
16093,10.0
16094,10.0
16095,10.0
16096,11.0
16097,11.0
16098,11.0
16099,11.0
16100,11.0
16101,11.0
16102,11.0
16103,11.0
16104,11.0
16105,11.0
16106,11.0
16107,11.0
16108,11.0
16109,11.0
16110,11.0
16111,11.0
16112,11.0
16113,11.0
16114,11.0
16115,11.0
16116,11.0
16117,11.0
16118,11.0
16119,11.0
16120,11.0
16121,11.0
16122,11.0
16123,11.0
16124,11.0
16125,11.0
16126,11.0
16127,11.0
16128,11.0
16129,11.0
16130,11.0
16131,11.0
16132,11.0
16133,11.0
16134,11.0
16135,11.0
16136,11.0
16137,11.0
16138,11.0
16139,11.0
16140,10.0
16141,10.0
16142,10.0
16143,10.0
16144,10.0
16145,10.0
16146,10.0
16147,10.0
16148,10.0
16149,10.0
16150,10.0
16151,10.0
16152,10.0
16153,10.0
16154,11.0
16155,11.0
16156,11.0
16157,11.0
16158,11.0
16159,11.0
16160,11.0
16161,11.0
16162,11.0
16163,11.0
16164,11.0
16165,11.0
16166,11.0
16167,11.0
16168,11.0
16169,11.0
16170,11.0
16171,11.0
16172,11.0
16173,11.0
16174,11.0
16175,11.0
16176,11.0
16177,11.0
16178,11.0
16179,11.0
16180,11.0
16181,11.0
16182,11.0
16183,11.0
16184,11.0
16185,11.0
16186,11.0
16187,11.0
16188,11.0
16189,11.0
16190,11.0
16191,11.0
16192,11.0
16193,11.0
16194,11.0
16195,11.0
16196,11.0
16197,11.0
16198,11.0
16199,11.0
16200,11.0
16201,11.0
16202,11.0
16203,11.0
16204,11.0
16205,11.0
16206,11.0
16207,11.0
16208,11.0
16209,11.0
16210,11.0
16211,11.0
16212,11.0
16213,11.0
16214,11.0
16215,11.0
16216,11.0
16217,11.0
16218,11.0
16219,11.0
16220,11.0
16221,11.0
16222,11.0
16223,11.0
16224,11.0
16225,11.0
16226,11.0
16227,11.0
16228,11.0
16229,11.0
16230,11.0
16231,11.0
16232,11.0
16233,11.0
16234,11.0
16235,11.0
16236,11.0
16237,11.0
16238,11.0
16239,11.0
16240,11.0
16241,11.0
16242,11.0
16243,11.0
16244,11.0
16245,11.0
16246,11.0
16247,11.0
16248,11.0
16249,11.0
16250,11.0
16251,11.0
16252,11.0
16253,11.0
16254,11.0
16255,11.0
16256,11.0
16257,11.0
16258,11.0
16259,11.0
16260,11.0
16261,11.0
16262,11.0
16263,11.0
16264,11.0
16265,11.0
16266,11.0
16267,11.0
16268,11.0
16269,11.0
16270,11.0
16271,11.0
16272,11.0
16273,11.0
16274,11.0
16275,11.0
16276,11.0
16277,11.0
16278,11.0
16279,11.0
16280,11.0
16281,11.0
16282,11.0
16283,11.0
16284,11.0
16285,11.0
16286,11.0
16287,11.0
16288,11.0
16289,11.0
16290,11.0
16291,11.0
16292,11.0
16293,11.0
16294,11.0
16295,11.0
16296,11.0
16297,11.0
16298,11.0
16299,11.0
16300,11.0
16301,11.0
16302,11.0
16303,11.0
16304,11.0
16305,11.0
16306,11.0
16307,11.0
16308,11.0
16309,11.0
16310,11.0
16311,11.0
16312,11.0
16313,11.0
16314,11.0
16315,11.0
16316,11.0
16317,11.0
16318,11.0
16319,12.0
16320,12.0
16321,12.0
16322,12.0
16323,12.0
16324,12.0
16325,13.0
16326,13.0
16327,13.0
16328,13.0
16329,13.0
16330,13.0
16331,13.0
16332,13.0
16333,13.0
16334,13.0
16335,13.0
16336,13.0
16337,13.0
16338,13.0
16339,13.0
16340,13.0
16341,13.0
16342,13.0
16343,13.0
16344,13.0
16345,13.0
16346,13.0
16347,13.0
16348,13.0
16349,13.0
16350,13.0
16351,13.0
16352,13.0
16353,13.0
16354,13.0
16355,13.0
16356,13.0
16357,13.0
16358,13.0
16359,13.0
16360,13.0
16361,13.0
16362,13.0
16363,13.0
16364,13.0
16365,13.0
16366,13.0
16367,13.0
16368,13.0
16369,13.0
16370,13.0
16371,13.0
16372,13.0
16373,13.0
16374,13.0
16375,13.0
16376,13.0
16377,13.0
16378,13.0
16379,12.0
16380,12.0
16381,12.0
16382,12.0
16383,11.0
16384,11.0
16385,11.0
16386,11.0
16387,11.0
16388,11.0
16389,11.0
16390,11.0
16391,11.0
16392,11.0
16393,11.0
16394,11.0
16395,11.0
16396,11.0
16397,11.0
16398,11.0
16399,11.0
16400,11.0
16401,11.0
16402,11.0
16403,10.0
16404,10.0
16405,10.0
16406,10.0
16407,10.0
16408,10.0
16409,10.0
16410,10.0
16411,10.0
16412,10.0
16413,10.0
16414,10.0
16415,10.0
16416,10.0
16417,10.0
16418,10.0
16419,10.0
16420,10.0
16421,10.0
16422,10.0
16423,10.0
16424,10.0
16425,10.0
16426,10.0
16427,10.0
16428,10.0
16429,10.0
16430,10.0
16431,10.0
16432,10.0
16433,10.0
16434,10.0
16435,10.0
16436,10.0
16437,10.0
16438,10.0
16439,10.0
16440,10.0
16441,10.0
16442,10.0
16443,10.0
16444,10.0
16445,10.0
16446,10.0
16447,10.0
16448,10.0
16449,10.0
16450,10.0
16451,10.0
16452,10.0
16453,10.0
16454,10.0
16455,10.0
16456,10.0
16457,10.0
16458,10.0
16459,10.0
16460,10.0
16461,10.0
16462,10.0
16463,10.0
16464,10.0
16465,10.0
16466,10.0
16467,10.0
16468,10.0
16469,10.0
16470,10.0
16471,10.0
16472,10.0
16473,10.0
16474,10.0
16475,10.0
16476,10.0
16477,10.0
16478,10.0
16479,11.0
16480,11.0
16481,11.0
16482,11.0
16483,11.0
16484,11.0
16485,11.0
16486,11.0
16487,11.0
16488,11.0
16489,11.0
16490,11.0
16491,11.0
16492,11.0
16493,11.0
16494,11.0
16495,12.0
16496,12.0
16497,12.0
16498,12.0
16499,12.0
16500,12.0
16501,12.0
16502,12.0
16503,12.0
16504,11.0
16505,11.0
16506,11.0
16507,11.0
16508,11.0
16509,11.0
16510,11.0
16511,11.0
16512,11.0
16513,11.0
16514,11.0
16515,11.0
16516,11.0
16517,12.0
16518,12.0
16519,12.0
16520,12.0
16521,12.0
16522,12.0
16523,12.0
16524,12.0
16525,12.0
16526,12.0
16527,12.0
16528,12.0
16529,12.0
16530,12.0
16531,12.0
16532,12.0
16533,12.0
16534,12.0
16535,12.0
16536,12.0
16537,12.0
16538,12.0
16539,12.0
16540,12.0
16541,12.0
16542,12.0
16543,12.0
16544,12.0
16545,12.0
16546,12.0
16547,12.0
16548,13.0
16549,13.0
16550,13.0
16551,13.0
16552,13.0
16553,13.0
16554,13.0
16555,13.0
16556,13.0
16557,13.0
16558,13.0
16559,13.0
16560,13.0
16561,13.0
16562,13.0
16563,13.0
16564,13.0
16565,13.0
16566,13.0
16567,13.0
16568,13.0
16569,13.0
16570,13.0
16571,13.0
16572,13.0
16573,13.0
16574,13.0
16575,13.0
16576,13.0
16577,13.0
16578,13.0
16579,13.0
16580,13.0
16581,13.0
16582,13.0
16583,13.0
16584,13.0
16585,12.0
16586,12.0
16587,13.0
16588,13.0
16589,13.0
16590,13.0
16591,13.0
16592,13.0
16593,13.0
16594,13.0
16595,13.0
16596,13.0
16597,13.0
16598,13.0
16599,13.0
16600,13.0
16601,13.0
16602,13.0
16603,13.0
16604,13.0
16605,13.0
16606,13.0
16607,13.0
16608,13.0
16609,13.0
16610,13.0
16611,13.0
16612,13.0
16613,13.0
16614,13.0
16615,13.0
16616,13.0
16617,13.0
16618,13.0
16619,13.0
16620,13.0
16621,13.0
16622,13.0
16623,13.0
16624,13.0
16625,13.0
16626,13.0
16627,13.0
16628,13.0
16629,13.0
16630,13.0
16631,13.0
16632,13.0
16633,13.0
16634,13.0
16635,13.0
16636,13.0
16637,13.0
16638,13.0
16639,13.0
16640,13.0
16641,13.0
16642,13.0
16643,13.0
16644,13.0
16645,13.0
16646,13.0
16647,13.0
16648,13.0
16649,13.0
16650,13.0
16651,13.0
16652,13.0
16653,13.0
16654,13.0
16655,13.0
16656,13.0
16657,13.0
16658,13.0
16659,13.0
16660,13.0
16661,13.0
16662,13.0
16663,13.0
16664,13.0
16665,13.0
16666,13.0
16667,13.0
16668,13.0
16669,13.0
16670,13.0
16671,13.0
16672,13.0
16673,13.0
16674,13.0
16675,13.0
16676,13.0
16677,13.0
16678,13.0
16679,13.0
16680,13.0
16681,13.0
16682,13.0
16683,13.0
16684,13.0
16685,13.0
16686,13.0
16687,13.0
16688,13.0
16689,13.0
16690,13.0
16691,13.0
16692,13.0
16693,13.0
16694,12.0
16695,12.0
16696,12.0
16697,12.0
16698,12.0
16699,12.0
16700,12.0
16701,12.0
16702,12.0
16703,12.0
16704,12.0
16705,12.0
16706,12.0
16707,12.0
16708,12.0
16709,12.0
16710,12.0
16711,12.0
16712,12.0
16713,12.0
16714,12.0
16715,12.0
16716,12.0
16717,12.0
16718,12.0
16719,12.0
16720,12.0
16721,12.0
16722,12.0
16723,12.0
16724,12.0
16725,12.0
16726,12.0
16727,12.0
16728,12.0
16729,12.0
16730,12.0
16731,12.0
16732,12.0
16733,12.0
16734,12.0
16735,12.0
16736,12.0
16737,12.0
16738,12.0
16739,12.0
16740,12.0
16741,12.0
16742,12.0
16743,13.0
16744,13.0
16745,13.0
16746,13.0
16747,13.0
16748,13.0
16749,13.0
16750,13.0
16751,13.0
16752,13.0
16753,13.0
16754,13.0
16755,13.0
16756,13.0
16757,14.0
16758,15.0
16759,15.0
16760,15.0
16761,15.0
16762,15.0
16763,15.0
16764,15.0
16765,15.0
16766,15.0
16767,15.0
16768,15.0
16769,15.0
16770,15.0
16771,15.0
16772,15.0
16773,15.0
16774,15.0
16775,15.0
16776,15.0
16777,15.0
16778,15.0
16779,15.0
16780,15.0
16781,15.0
16782,15.0
16783,15.0
16784,15.0
16785,15.0
16786,15.0
16787,15.0
16788,15.0
16789,15.0
16790,15.0
16791,15.0
16792,15.0
16793,15.0
16794,15.0
16795,15.0
16796,15.0
16797,15.0
16798,15.0
16799,15.0
16800,15.0
16801,15.0
16802,15.0
16803,15.0
16804,15.0
16805,15.0
16806,15.0
16807,15.0
16808,15.0
16809,15.0
16810,15.0
16811,15.0
16812,15.0
16813,15.0
16814,15.0
16815,15.0
16816,15.0
16817,15.0
16818,15.0
16819,15.0
16820,15.0
16821,15.0
16822,15.0
16823,15.0
16824,15.0
16825,15.0
16826,15.0
16827,15.0
16828,15.0
16829,15.0
16830,15.0
16831,15.0
16832,15.0
16833,15.0
16834,15.0
16835,15.0
16836,15.0
16837,15.0
16838,15.0
16839,15.0
16840,15.0
16841,15.0
16842,15.0
16843,15.0
16844,15.0
16845,15.0
16846,15.0
16847,15.0
16848,15.0
16849,15.0
16850,15.0
16851,15.0
16852,15.0
16853,15.0
16854,15.0
16855,15.0
16856,15.0
16857,15.0
16858,15.0
16859,15.0
16860,15.0
16861,15.0
16862,15.0
16863,15.0
16864,15.0
16865,15.0
16866,15.0
16867,15.0
16868,15.0
16869,15.0
16870,15.0
16871,15.0
16872,14.0
16873,14.0
16874,14.0
16875,14.0
16876,14.0
16877,14.0
16878,14.0
16879,14.0
16880,14.0
16881,15.0
16882,15.0
16883,15.0
16884,15.0
16885,15.0
16886,15.0
16887,15.0
16888,15.0
16889,15.0
16890,15.0
16891,15.0
16892,15.0
16893,15.0
16894,15.0
16895,15.0
16896,15.0
16897,15.0
16898,15.0
16899,15.0
16900,15.0
16901,15.0
16902,15.0
16903,15.0
16904,15.0
16905,15.0
16906,15.0
16907,15.0
16908,15.0
16909,15.0
16910,15.0
16911,15.0
16912,15.0
16913,15.0
16914,15.0
16915,15.0
16916,15.0
16917,15.0
16918,15.0
16919,15.0
16920,15.0
16921,15.0
16922,15.0
16923,15.0
16924,15.0
16925,15.0
16926,15.0
16927,15.0
16928,15.0
16929,15.0
16930,15.0
16931,15.0
16932,15.0
16933,15.0
16934,15.0
16935,15.0
16936,15.0
16937,15.0
16938,15.0
16939,15.0
16940,15.0
16941,15.0
16942,15.0
16943,15.0
16944,15.0
16945,15.0
16946,15.0
16947,15.0
16948,15.0
16949,15.0
16950,15.0
16951,15.0
16952,15.0
16953,15.0
16954,15.0
16955,15.0
16956,15.0
16957,15.0
16958,15.0
16959,15.0
16960,15.0
16961,15.0
16962,15.0
16963,15.0
16964,15.0
16965,15.0
16966,15.0
16967,15.0
16968,15.0
16969,15.0
16970,15.0
16971,15.0
16972,15.0
16973,15.0
16974,15.0
16975,15.0
16976,15.0
16977,15.0
16978,15.0
16979,15.0
16980,16.0
16981,16.0
16982,16.0
16983,16.0
16984,16.0
16985,15.0
16986,15.0
16987,15.0
16988,15.0
16989,15.0
16990,15.0
16991,15.0
16992,12.0
16993,12.0
16994,13.0
16995,13.0
16996,13.0
16997,13.0
16998,13.0
16999,14.0
17000,14.0
17001,14.0
17002,14.0
17003,14.0
17004,14.0
17005,14.0
17006,14.0
17007,14.0
17008,14.0
17009,14.0
17010,14.0
17011,14.0
17012,14.0
17013,14.0
17014,14.0
17015,14.0
17016,14.0
17017,14.0
17018,14.0
17019,14.0
17020,14.0
17021,14.0
17022,14.0
17023,14.0
17024,14.0
17025,14.0
17026,14.0
17027,14.0
17028,14.0
17029,14.0
17030,14.0
17031,14.0
17032,14.0
17033,14.0
17034,14.0
17035,14.0
17036,14.0
17037,14.0
17038,14.0
17039,14.0
17040,14.0
17041,14.0
17042,14.0
17043,14.0
17044,14.0
17045,14.0
17046,14.0
17047,14.0
17048,14.0
17049,14.0
17050,14.0
17051,14.0
17052,14.0
17053,14.0
17054,14.0
17055,14.0
17056,14.0
17057,14.0
17058,14.0
17059,14.0
17060,14.0
17061,14.0
17062,14.0
17063,14.0
17064,14.0
17065,14.0
17066,14.0
17067,14.0
17068,14.0
17069,14.0
17070,14.0
17071,14.0
17072,14.0
17073,14.0
17074,14.0
17075,14.0
17076,14.0
17077,14.0
17078,14.0
17079,14.0
17080,14.0
17081,14.0
17082,13.0
17083,13.0
17084,13.0
17085,13.0
17086,13.0
17087,13.0
17088,13.0
17089,13.0
17090,13.0
17091,13.0
17092,13.0
17093,13.0
17094,13.0
17095,13.0
17096,13.0
17097,13.0
17098,13.0
17099,13.0
17100,13.0
17101,13.0
17102,13.0
17103,13.0
17104,13.0
17105,13.0
17106,13.0
17107,13.0
17108,13.0
17109,13.0
17110,13.0
17111,13.0
17112,13.0
17113,13.0
17114,13.0
17115,13.0
17116,13.0
17117,13.0
17118,13.0
17119,13.0
17120,13.0
17121,13.0
17122,13.0
17123,13.0
17124,13.0
17125,13.0
17126,13.0
17127,13.0
17128,13.0
17129,13.0
17130,13.0
17131,13.0
17132,13.0
17133,13.0
17134,13.0
17135,13.0
17136,13.0
17137,13.0
17138,13.0
17139,13.0
17140,13.0
17141,13.0
17142,13.0
17143,13.0
17144,13.0
17145,13.0
17146,13.0
17147,13.0
17148,13.0
17149,13.0
17150,13.0
17151,13.0
17152,13.0
17153,13.0
17154,13.0
17155,13.0
17156,13.0
17157,13.0
17158,13.0
17159,13.0
17160,13.0
17161,13.0
17162,13.0
17163,13.0
17164,13.0
17165,13.0
17166,13.0
17167,13.0
17168,13.0
17169,13.0
17170,13.0
17171,13.0
17172,13.0
17173,13.0
17174,13.0
17175,13.0
17176,13.0
17177,13.0
17178,13.0
17179,13.0
17180,13.0
17181,13.0
17182,13.0
17183,13.0
17184,13.0
17185,13.0
17186,13.0
17187,13.0
17188,13.0
17189,13.0
17190,13.0
17191,12.0
17192,12.0
17193,12.0
17194,12.0
17195,11.0
17196,11.0
17197,11.0
17198,11.0
17199,11.0
17200,11.0
17201,11.0
17202,11.0
17203,11.0
17204,11.0
17205,11.0
17206,11.0
17207,11.0
17208,11.0
17209,11.0
17210,11.0
17211,11.0
17212,11.0
17213,11.0
17214,11.0
17215,11.0
17216,11.0
17217,11.0
17218,11.0
17219,11.0
17220,11.0
17221,11.0
17222,11.0
17223,11.0
17224,11.0
17225,11.0
17226,11.0
17227,11.0
17228,11.0
17229,11.0
17230,11.0
17231,11.0
17232,11.0
17233,11.0
17234,11.0
17235,11.0
17236,11.0
17237,11.0
17238,12.0
17239,12.0
17240,12.0
17241,12.0
17242,12.0
17243,12.0
17244,12.0
17245,12.0
17246,12.0
17247,12.0
17248,12.0
17249,12.0
17250,12.0
17251,11.0
17252,11.0
17253,11.0
17254,11.0
17255,11.0
17256,11.0
17257,11.0
17258,11.0
17259,11.0
17260,11.0
17261,11.0
17262,11.0
17263,11.0
17264,11.0
17265,11.0
17266,11.0
17267,11.0
17268,11.0
17269,11.0
17270,11.0
17271,11.0
17272,11.0
17273,11.0
17274,11.0
17275,11.0
17276,11.0
17277,11.0
17278,11.0
17279,11.0
17280,11.0
17281,11.0
17282,11.0
17283,11.0
17284,11.0
17285,11.0
17286,11.0
17287,11.0
17288,11.0
17289,11.0
17290,11.0
17291,11.0
17292,11.0
17293,11.0
17294,11.0
17295,11.0
17296,11.0
17297,11.0
17298,11.0
17299,11.0
17300,11.0
17301,11.0
17302,11.0
17303,11.0
17304,11.0
17305,11.0
17306,11.0
17307,11.0
17308,11.0
17309,11.0
17310,11.0
17311,11.0
17312,11.0
17313,11.0
17314,11.0
17315,11.0
17316,11.0
17317,11.0
17318,11.0
17319,11.0
17320,11.0
17321,11.0
17322,11.0
17323,11.0
17324,11.0
17325,11.0
17326,11.0
17327,11.0
17328,11.0
17329,11.0
17330,11.0
17331,11.0
17332,11.0
17333,11.0
17334,11.0
17335,11.0
17336,11.0
17337,11.0
17338,11.0
17339,11.0
17340,11.0
17341,11.0
17342,11.0
17343,11.0
17344,11.0
17345,11.0
17346,11.0
17347,11.0
17348,11.0
17349,11.0
17350,11.0
17351,11.0
17352,11.0
17353,11.0
17354,11.0
17355,11.0
17356,11.0
17357,11.0
17358,11.0
17359,11.0
17360,11.0
17361,11.0
17362,11.0
17363,11.0
17364,11.0
17365,11.0
17366,11.0
17367,11.0
17368,11.0
17369,11.0
17370,11.0
17371,11.0
17372,11.0
17373,11.0
17374,11.0
17375,11.0
17376,11.0
17377,11.0
17378,11.0
17379,11.0
17380,11.0
17381,11.0
17382,11.0
17383,11.0
17384,11.0
17385,11.0
17386,11.0
17387,11.0
17388,11.0
17389,11.0
17390,11.0
17391,11.0
17392,11.0
17393,11.0
17394,11.0
17395,11.0
17396,11.0
17397,11.0
17398,11.0
17399,11.0
17400,11.0
17401,11.0
17402,11.0
17403,11.0
17404,11.0
17405,11.0
17406,11.0
17407,11.0
17408,11.0
17409,11.0
17410,11.0
17411,11.0
17412,11.0
17413,11.0
17414,11.0
17415,11.0
17416,11.0
17417,11.0
17418,11.0
17419,11.0
17420,11.0
17421,12.0
17422,12.0
17423,12.0
17424,12.0
17425,12.0
17426,12.0
17427,12.0
17428,12.0
17429,12.0
17430,12.0
17431,12.0
17432,12.0
17433,12.0
17434,12.0
17435,12.0
17436,12.0
17437,12.0
17438,12.0
17439,12.0
17440,12.0
17441,12.0
17442,12.0
17443,12.0
17444,12.0
17445,12.0
17446,12.0
17447,12.0
17448,12.0
17449,12.0
17450,12.0
17451,12.0
17452,12.0
17453,12.0
17454,12.0
17455,12.0
17456,12.0
17457,12.0
17458,12.0
17459,12.0
17460,12.0
17461,13.0
17462,13.0
17463,13.0
17464,13.0
17465,13.0
17466,13.0
17467,13.0
17468,13.0
17469,13.0
17470,13.0
17471,13.0
17472,13.0
17473,13.0
17474,13.0
17475,13.0
17476,13.0
17477,13.0
17478,14.0
17479,14.0
17480,15.0
17481,15.0
17482,15.0
17483,15.0
17484,15.0
17485,15.0
17486,15.0
17487,15.0
17488,15.0
17489,15.0
17490,15.0
17491,15.0
17492,15.0
17493,15.0
17494,15.0
17495,15.0
17496,16.0
17497,16.0
17498,16.0
17499,16.0
17500,16.0
17501,16.0
17502,16.0
17503,16.0
17504,16.0
17505,16.0
17506,16.0
17507,16.0
17508,16.0
17509,16.0
17510,16.0
17511,16.0
17512,16.0
17513,16.0
17514,16.0
17515,16.0
17516,16.0
17517,16.0
17518,16.0
17519,16.0
17520,16.0
17521,16.0
17522,16.0
17523,16.0
17524,16.0
17525,16.0
17526,16.0
17527,16.0
17528,16.0
17529,16.0
17530,16.0
17531,16.0
17532,16.0
17533,16.0
17534,16.0
17535,16.0
17536,16.0
17537,16.0
17538,16.0
17539,16.0
17540,16.0
17541,16.0
17542,16.0
17543,16.0
17544,16.0
17545,16.0
17546,16.0
17547,16.0
17548,16.0
17549,16.0
17550,16.0
17551,16.0
17552,16.0
17553,16.0
17554,16.0
17555,16.0
17556,16.0
17557,16.0
17558,16.0
17559,16.0
17560,16.0
17561,16.0
17562,16.0
17563,16.0
17564,16.0
17565,16.0
17566,16.0
17567,16.0
17568,16.0
17569,16.0
17570,16.0
17571,16.0
17572,16.0
17573,16.0
17574,16.0
17575,16.0
17576,16.0
17577,16.0
17578,16.0
17579,15.0
17580,15.0
17581,15.0
17582,15.0
17583,15.0
17584,15.0
17585,15.0
17586,14.0
17587,14.0
17588,14.0
17589,14.0
17590,14.0
17591,14.0
17592,14.0
17593,14.0
17594,14.0
17595,14.0
17596,14.0
17597,14.0
17598,14.0
17599,14.0
17600,14.0
17601,14.0
17602,12.0
17603,12.0
17604,12.0
17605,12.0
17606,12.0
17607,12.0
17608,13.0
17609,13.0
17610,13.0
17611,13.0
17612,13.0
17613,13.0
17614,13.0
17615,13.0
17616,13.0
17617,13.0
17618,13.0
17619,13.0
17620,13.0
17621,13.0
17622,13.0
17623,13.0
17624,13.0
17625,14.0
17626,14.0
17627,14.0
17628,12.0
17629,12.0
17630,12.0
17631,12.0
17632,12.0
17633,12.0
17634,12.0
17635,12.0
17636,12.0
17637,12.0
17638,12.0
17639,12.0
17640,12.0
17641,12.0
17642,12.0
17643,12.0
17644,12.0
17645,12.0
17646,12.0
17647,12.0
17648,12.0
17649,12.0
17650,12.0
17651,12.0
17652,12.0
17653,12.0
17654,12.0
17655,12.0
17656,12.0
17657,12.0
17658,12.0
17659,12.0
17660,12.0
17661,12.0
17662,12.0
17663,12.0
17664,12.0
17665,12.0
17666,12.0
17667,12.0
17668,12.0
17669,12.0
17670,12.0
17671,12.0
17672,12.0
17673,12.0
17674,12.0
17675,12.0
17676,12.0
17677,12.0
17678,12.0
17679,12.0
17680,12.0
17681,12.0
17682,12.0
17683,12.0
17684,12.0
17685,12.0
17686,12.0
17687,12.0
17688,12.0
17689,12.0
17690,12.0
17691,12.0
17692,12.0
17693,12.0
17694,12.0
17695,12.0
17696,12.0
17697,12.0
17698,12.0
17699,12.0
17700,12.0
17701,12.0
17702,12.0
17703,12.0
17704,12.0
17705,12.0
17706,12.0
17707,12.0
17708,12.0
17709,12.0
17710,12.0
17711,12.0
17712,12.0
17713,12.0
17714,12.0
17715,12.0
17716,12.0
17717,12.0
17718,12.0
17719,12.0
17720,12.0
17721,12.0
17722,12.0
17723,12.0
17724,12.0
17725,12.0
17726,12.0
17727,12.0
17728,12.0
17729,12.0
17730,12.0
17731,12.0
17732,12.0
17733,12.0
17734,12.0
17735,12.0
17736,12.0
17737,12.0
17738,12.0
17739,12.0
17740,12.0
17741,12.0
17742,12.0
17743,12.0
17744,12.0
17745,12.0
17746,12.0
17747,12.0
17748,12.0
17749,12.0
17750,12.0
17751,12.0
17752,12.0
17753,12.0
17754,12.0
17755,12.0
17756,12.0
17757,12.0
17758,12.0
17759,12.0
17760,12.0
17761,12.0
17762,12.0
17763,12.0
17764,12.0
17765,12.0
17766,12.0
17767,12.0
17768,12.0
17769,12.0
17770,12.0
17771,12.0
17772,12.0
17773,12.0
17774,12.0
17775,12.0
17776,12.0
17777,12.0
17778,12.0
17779,12.0
17780,12.0
17781,12.0
17782,12.0
17783,12.0
17784,12.0
17785,12.0
17786,12.0
17787,12.0
17788,12.0
17789,12.0
17790,12.0
17791,12.0
17792,12.0
17793,12.0
17794,12.0
17795,12.0
17796,12.0
17797,12.0
17798,12.0
17799,12.0
17800,12.0
17801,12.0
17802,12.0
17803,12.0
17804,12.0
17805,12.0
17806,12.0
17807,12.0
17808,12.0
17809,12.0
17810,12.0
17811,12.0
17812,12.0
17813,12.0
17814,12.0
17815,12.0
17816,12.0
17817,12.0
17818,12.0
17819,12.0
17820,12.0
17821,12.0
17822,12.0
17823,12.0
17824,12.0
17825,12.0
17826,12.0
17827,12.0
17828,12.0
17829,12.0
17830,12.0
17831,12.0
17832,12.0
17833,12.0
17834,12.0
17835,12.0
17836,12.0
17837,12.0
17838,12.0
17839,12.0
17840,12.0
17841,12.0
17842,12.0
17843,12.0
17844,12.0
17845,12.0
17846,12.0
17847,12.0
17848,12.0
17849,12.0
17850,12.0
17851,12.0
17852,12.0
17853,12.0
17854,12.0
17855,12.0
17856,12.0
17857,12.0
17858,12.0
17859,12.0
17860,12.0
17861,12.0
17862,12.0
17863,12.0
17864,12.0
17865,12.0
17866,12.0
17867,12.0
17868,12.0
17869,12.0
17870,12.0
17871,12.0
17872,12.0
17873,12.0
17874,12.0
17875,12.0
17876,12.0
17877,12.0
17878,12.0
17879,12.0
17880,12.0
17881,12.0
17882,12.0
17883,12.0
17884,12.0
17885,12.0
17886,12.0
17887,12.0
17888,12.0
17889,12.0
17890,12.0
17891,12.0
17892,12.0
17893,12.0
17894,12.0
17895,12.0
17896,12.0
17897,12.0
17898,12.0
17899,12.0
17900,12.0
17901,12.0
17902,12.0
17903,12.0
17904,12.0
17905,12.0
17906,12.0
17907,12.0
17908,12.0
17909,12.0
17910,12.0
17911,12.0
17912,11.0
17913,11.0
17914,11.0
17915,11.0
17916,11.0
17917,11.0
17918,11.0
17919,11.0
17920,11.0
17921,11.0
17922,11.0
17923,11.0
17924,11.0
17925,11.0
17926,11.0
17927,11.0
17928,11.0
17929,11.0
17930,11.0
17931,11.0
17932,11.0
17933,11.0
17934,11.0
17935,11.0
17936,11.0
17937,11.0
17938,11.0
17939,11.0
17940,11.0
17941,11.0
17942,11.0
17943,11.0
17944,11.0
17945,11.0
17946,11.0
17947,11.0
17948,11.0
17949,11.0
17950,11.0
17951,11.0
17952,11.0
17953,11.0
17954,11.0
17955,11.0
17956,11.0
17957,11.0
17958,11.0
17959,11.0
17960,11.0
17961,11.0
17962,11.0
17963,11.0
17964,11.0
17965,11.0
17966,11.0
17967,11.0
17968,11.0
17969,11.0
17970,11.0
17971,11.0
17972,11.0
17973,11.0
17974,11.0
17975,11.0
17976,11.0
17977,11.0
17978,11.0
17979,11.0
17980,11.0
17981,11.0
17982,11.0
17983,11.0
17984,11.0
17985,11.0
17986,11.0
17987,11.0
17988,11.0
17989,11.0
17990,11.0
17991,11.0
17992,11.0
17993,11.0
17994,11.0
17995,11.0
17996,11.0
17997,11.0
17998,11.0
17999,11.0
18000,11.0
18001,11.0
18002,11.0
18003,11.0
18004,11.0
18005,11.0
18006,11.0
18007,11.0
18008,11.0
18009,11.0
18010,11.0
18011,11.0
18012,11.0
18013,11.0
18014,11.0
18015,11.0
18016,11.0
18017,11.0
18018,11.0
18019,11.0
18020,11.0
18021,11.0
18022,11.0
18023,11.0
18024,11.0
18025,11.0
18026,11.0
18027,11.0
18028,11.0
18029,11.0
18030,11.0
18031,11.0
18032,11.0
18033,11.0
18034,11.0
18035,11.0
18036,11.0
18037,11.0
18038,11.0
18039,11.0
18040,11.0
18041,11.0
18042,11.0
18043,11.0
18044,11.0
18045,11.0
18046,11.0
18047,11.0
18048,11.0
18049,11.0
18050,11.0
18051,11.0
18052,11.0
18053,11.0
18054,11.0
18055,11.0
18056,11.0
18057,11.0
18058,11.0
18059,11.0
18060,11.0
18061,11.0
18062,11.0
18063,11.0
18064,11.0
18065,11.0
18066,11.0
18067,11.0
18068,11.0
18069,11.0
18070,11.0
18071,11.0
18072,11.0
18073,11.0
18074,11.0
18075,11.0
18076,11.0
18077,11.0
18078,11.0
18079,11.0
18080,11.0
18081,11.0
18082,11.0
18083,11.0
18084,11.0
18085,11.0
18086,11.0
18087,11.0
18088,11.0
18089,11.0
18090,11.0
18091,11.0
18092,11.0
18093,11.0
18094,11.0
18095,11.0
18096,11.0
18097,11.0
18098,11.0
18099,11.0
18100,11.0
18101,11.0
18102,11.0
18103,11.0
18104,11.0
18105,11.0
18106,11.0
18107,11.0
18108,11.0
18109,11.0
18110,11.0
18111,11.0
18112,11.0
18113,11.0
18114,11.0
18115,11.0
18116,11.0
18117,11.0
18118,11.0
18119,11.0
18120,11.0
18121,11.0
18122,11.0
18123,11.0
18124,11.0
18125,11.0
18126,11.0
18127,11.0
18128,11.0
18129,11.0
18130,11.0
18131,11.0
18132,11.0
18133,11.0
18134,11.0
18135,11.0
18136,11.0
18137,11.0
18138,11.0
18139,11.0
18140,11.0
18141,11.0
18142,11.0
18143,11.0
18144,11.0
18145,11.0
18146,11.0
18147,11.0
18148,11.0
18149,11.0
18150,11.0
18151,11.0
18152,11.0
18153,11.0
18154,11.0
18155,11.0
18156,11.0
18157,11.0
18158,11.0
18159,11.0
18160,11.0
18161,11.0
18162,11.0
18163,11.0
18164,11.0
18165,11.0
18166,11.0
18167,11.0
18168,11.0
18169,11.0
18170,11.0
18171,11.0
18172,11.0
18173,11.0
18174,11.0
18175,11.0
18176,11.0
18177,11.0
18178,11.0
18179,11.0
18180,11.0
18181,11.0
18182,11.0
18183,11.0
18184,11.0
18185,11.0
18186,11.0
18187,11.0
18188,11.0
18189,11.0
18190,11.0
18191,11.0
18192,11.0
18193,11.0
18194,11.0
18195,11.0
18196,11.0
18197,11.0
18198,11.0
18199,11.0
18200,11.0
18201,11.0
18202,11.0
18203,11.0
18204,11.0
18205,11.0
18206,11.0
18207,11.0
18208,11.0
18209,11.0
18210,11.0
18211,11.0
18212,11.0
18213,11.0
18214,11.0
18215,11.0
18216,11.0
18217,11.0
18218,11.0
18219,11.0
18220,11.0
18221,11.0
18222,11.0
18223,11.0
18224,11.0
18225,11.0
18226,12.0
18227,12.0
18228,12.0
18229,12.0
18230,12.0
18231,12.0
18232,12.0
18233,12.0
18234,12.0
18235,12.0
18236,12.0
18237,12.0
18238,12.0
18239,12.0
18240,12.0
18241,12.0
18242,12.0
18243,12.0
18244,12.0
18245,12.0
18246,12.0
18247,12.0
18248,12.0
18249,12.0
18250,12.0
18251,12.0
18252,12.0
18253,12.0
18254,12.0
18255,12.0
18256,12.0
18257,12.0
18258,12.0
18259,12.0
18260,12.0
18261,12.0
18262,12.0
18263,12.0
18264,12.0
18265,12.0
18266,12.0
18267,12.0
18268,12.0
18269,12.0
18270,12.0
18271,12.0
18272,12.0
18273,12.0
18274,12.0
18275,12.0
18276,12.0
18277,12.0
18278,12.0
18279,12.0
18280,12.0
18281,12.0
18282,12.0
18283,12.0
18284,12.0
18285,12.0
18286,12.0
18287,12.0
18288,12.0
18289,13.0
18290,13.0
18291,13.0
18292,13.0
18293,13.0
18294,13.0
18295,13.0
18296,13.0
18297,13.0
18298,13.0
18299,13.0
18300,13.0
18301,13.0
18302,13.0
18303,13.0
18304,13.0
18305,13.0
18306,13.0
18307,13.0
18308,13.0
18309,13.0
18310,13.0
18311,13.0
18312,13.0
18313,13.0
18314,13.0
18315,13.0
18316,13.0
18317,13.0
18318,13.0
18319,13.0
18320,13.0
18321,13.0
18322,13.0
18323,13.0
18324,13.0
18325,13.0
18326,13.0
18327,13.0
18328,14.0
18329,14.0
18330,14.0
18331,14.0
18332,14.0
18333,14.0
18334,14.0
18335,14.0
18336,14.0
18337,14.0
18338,14.0
18339,14.0
18340,14.0
18341,14.0
18342,14.0
18343,14.0
18344,14.0
18345,14.0
18346,14.0
18347,14.0
18348,14.0
18349,14.0
18350,14.0
18351,14.0
18352,14.0
18353,14.0
18354,14.0
18355,14.0
18356,14.0
18357,14.0
18358,14.0
18359,14.0
18360,14.0
18361,14.0
18362,14.0
18363,14.0
18364,14.0
18365,14.0
18366,14.0
18367,14.0
18368,14.0
18369,14.0
18370,14.0
18371,14.0
18372,14.0
18373,14.0
18374,14.0
18375,14.0
18376,14.0
18377,14.0
18378,14.0
18379,14.0
18380,14.0
18381,14.0
18382,14.0
18383,14.0
18384,14.0
18385,14.0
18386,14.0
18387,14.0
18388,14.0
18389,14.0
18390,14.0
18391,14.0
18392,14.0
18393,14.0
18394,14.0
18395,14.0
18396,14.0
18397,14.0
18398,14.0
18399,14.0
18400,14.0
18401,14.0
18402,14.0
18403,14.0
18404,14.0
18405,14.0
18406,14.0
18407,14.0
18408,14.0
18409,14.0
18410,14.0
18411,14.0
18412,14.0
18413,14.0
18414,14.0
18415,14.0
18416,14.0
18417,14.0
18418,14.0
18419,14.0
18420,14.0
18421,14.0
18422,14.0
18423,14.0
18424,14.0
18425,14.0
18426,14.0
18427,14.0
18428,14.0
18429,14.0
18430,14.0
18431,14.0
18432,14.0
18433,14.0
18434,14.0
18435,14.0
18436,14.0
18437,14.0
18438,14.0
18439,14.0
18440,14.0
18441,14.0
18442,14.0
18443,14.0
18444,14.0
18445,14.0
18446,14.0
18447,14.0
18448,14.0
18449,14.0
18450,14.0
18451,14.0
18452,14.0
18453,14.0
18454,14.0
18455,14.0
18456,14.0
18457,14.0
18458,14.0
18459,14.0
18460,14.0
18461,14.0
18462,14.0
18463,14.0
18464,14.0
18465,14.0
18466,14.0
18467,14.0
18468,14.0
18469,14.0
18470,14.0
18471,14.0
18472,14.0
18473,14.0
18474,14.0
18475,14.0
18476,14.0
18477,14.0
18478,14.0
18479,14.0
18480,14.0
18481,14.0
18482,14.0
18483,14.0
18484,14.0
18485,14.0
18486,14.0
18487,14.0
18488,14.0
18489,14.0
18490,14.0
18491,14.0
18492,14.0
18493,14.0
18494,13.0
18495,13.0
18496,13.0
18497,13.0
18498,13.0
18499,13.0
18500,13.0
18501,13.0
18502,13.0
18503,13.0
18504,13.0
18505,13.0
18506,13.0
18507,13.0
18508,13.0
18509,13.0
18510,13.0
18511,13.0
18512,13.0
18513,13.0
18514,13.0
18515,13.0
18516,13.0
18517,13.0
18518,13.0
18519,13.0
18520,13.0
18521,13.0
18522,13.0
18523,13.0
18524,13.0
18525,13.0
18526,13.0
18527,13.0
18528,13.0
18529,13.0
18530,13.0
18531,13.0
18532,13.0
18533,13.0
18534,13.0
18535,12.0
18536,12.0
18537,12.0
18538,12.0
18539,12.0
18540,12.0
18541,12.0
18542,12.0
18543,12.0
18544,12.0
18545,12.0
18546,12.0
18547,12.0
18548,12.0
18549,12.0
18550,12.0
18551,12.0
18552,12.0
18553,12.0
18554,12.0
18555,12.0
18556,12.0
18557,12.0
18558,12.0
18559,12.0
18560,11.0
18561,11.0
18562,11.0
18563,11.0
18564,11.0
18565,11.0
18566,11.0
18567,11.0
18568,11.0
18569,11.0
18570,11.0
18571,11.0
18572,11.0
18573,11.0
18574,11.0
18575,11.0
18576,11.0
18577,11.0
18578,11.0
18579,11.0
18580,11.0
18581,11.0
18582,11.0
18583,11.0
18584,11.0
18585,11.0
18586,11.0
18587,11.0
18588,11.0
18589,11.0
18590,11.0
18591,11.0
18592,11.0
18593,11.0
18594,10.0
18595,10.0
18596,10.0
18597,10.0
18598,10.0
18599,11.0
18600,11.0
18601,11.0
18602,11.0
18603,11.0
18604,11.0
18605,11.0
18606,11.0
18607,11.0
18608,11.0
18609,11.0
18610,11.0
18611,11.0
18612,11.0
18613,11.0
18614,11.0
18615,11.0
18616,11.0
18617,11.0
18618,11.0
18619,11.0
18620,11.0
18621,11.0
18622,11.0
18623,11.0
18624,11.0
18625,11.0
18626,11.0
18627,11.0
18628,11.0
18629,11.0
18630,11.0
18631,11.0
18632,10.0
18633,10.0
18634,10.0
18635,10.0
18636,10.0
18637,10.0
18638,10.0
18639,10.0
18640,10.0
18641,10.0
18642,10.0
18643,10.0
18644,10.0
18645,10.0
18646,10.0
18647,10.0
18648,10.0
18649,10.0
18650,10.0
18651,10.0
18652,10.0
18653,10.0
18654,10.0
18655,10.0
18656,11.0
18657,11.0
18658,11.0
18659,11.0
18660,11.0
18661,11.0
18662,11.0
18663,11.0
18664,11.0
18665,11.0
18666,11.0
18667,11.0
18668,11.0
18669,11.0
18670,11.0
18671,12.0
18672,12.0
18673,12.0
18674,12.0
18675,12.0
18676,12.0
18677,12.0
18678,12.0
18679,13.0
18680,13.0
18681,13.0
18682,13.0
18683,13.0
18684,13.0
18685,13.0
18686,13.0
18687,13.0
18688,13.0
18689,13.0
18690,13.0
18691,13.0
18692,13.0
18693,13.0
18694,13.0
18695,13.0
18696,13.0
18697,13.0
18698,13.0
18699,13.0
18700,13.0
18701,12.0
18702,12.0
18703,12.0
18704,12.0
18705,12.0
18706,12.0
18707,12.0
18708,12.0
18709,12.0
18710,10.0
18711,10.0
18712,10.0
18713,10.0
18714,10.0
18715,10.0
18716,10.0
18717,10.0
18718,10.0
18719,9.0
18720,9.0
18721,9.0
18722,9.0
18723,9.0
18724,9.0
18725,9.0
18726,9.0
18727,9.0
18728,9.0
18729,9.0
18730,9.0
18731,9.0
18732,9.0
18733,9.0
18734,9.0
18735,9.0
18736,9.0
18737,9.0
18738,9.0
18739,9.0
18740,9.0
18741,9.0
18742,9.0
18743,9.0
18744,9.0
18745,9.0
18746,9.0
18747,9.0
18748,9.0
18749,9.0
18750,9.0
18751,9.0
18752,9.0
18753,9.0
18754,9.0
18755,9.0
18756,9.0
18757,9.0
18758,9.0
18759,9.0
18760,9.0
18761,9.0
18762,9.0
18763,9.0
18764,9.0
18765,9.0
18766,9.0
18767,9.0
18768,9.0
18769,9.0
18770,9.0
18771,9.0
18772,9.0
18773,9.0
18774,9.0
18775,9.0
18776,9.0
18777,9.0
18778,9.0
18779,9.0
18780,9.0
18781,9.0
18782,9.0
18783,9.0
18784,9.0
18785,9.0
18786,9.0
18787,9.0
18788,9.0
18789,9.0
18790,9.0
18791,9.0
18792,9.0
18793,9.0
18794,9.0
18795,9.0
18796,9.0
18797,9.0
18798,9.0
18799,9.0
18800,9.0
18801,9.0
18802,9.0
18803,9.0
18804,9.0
18805,9.0
18806,9.0
18807,9.0
18808,9.0
18809,9.0
18810,9.0
18811,9.0
18812,9.0
18813,9.0
18814,9.0
18815,9.0
18816,9.0
18817,9.0
18818,9.0
18819,9.0
18820,9.0
18821,9.0
18822,9.0
18823,9.0
18824,9.0
18825,9.0
18826,9.0
18827,9.0
18828,9.0
18829,9.0
18830,9.0
18831,9.0
18832,9.0
18833,9.0
18834,9.0
18835,9.0
18836,9.0
18837,9.0
18838,9.0
18839,9.0
18840,9.0
18841,9.0
18842,9.0
18843,9.0
18844,9.0
18845,9.0
18846,9.0
18847,9.0
18848,9.0
18849,9.0
18850,10.0
18851,10.0
18852,10.0
18853,10.0
18854,10.0
18855,10.0
18856,10.0
18857,10.0
18858,10.0
18859,10.0
18860,10.0
18861,10.0
18862,10.0
18863,10.0
18864,11.0
18865,11.0
18866,11.0
18867,11.0
18868,11.0
18869,11.0
18870,11.0
18871,11.0
18872,11.0
18873,11.0
18874,11.0
18875,11.0
18876,11.0
18877,11.0
18878,11.0
18879,11.0
18880,11.0
18881,11.0
18882,11.0
18883,11.0
18884,12.0
18885,12.0
18886,12.0
18887,12.0
18888,12.0
18889,13.0
18890,13.0
18891,13.0
18892,13.0
18893,13.0
18894,13.0
18895,13.0
18896,13.0
18897,13.0
18898,13.0
18899,13.0
18900,13.0
18901,13.0
18902,13.0
18903,13.0
18904,13.0
18905,13.0
18906,13.0
18907,13.0
18908,13.0
18909,13.0
18910,13.0
18911,13.0
18912,13.0
18913,13.0
18914,13.0
18915,13.0
18916,13.0
18917,13.0
18918,13.0
18919,13.0
18920,13.0
18921,13.0
18922,13.0
18923,13.0
18924,13.0
18925,13.0
18926,13.0
18927,13.0
18928,13.0
18929,13.0
18930,13.0
18931,13.0
18932,13.0
18933,13.0
18934,13.0
18935,13.0
18936,13.0
18937,13.0
18938,13.0
18939,13.0
18940,13.0
18941,13.0
18942,13.0
18943,13.0
18944,13.0
18945,13.0
18946,13.0
18947,13.0
18948,13.0
18949,13.0
18950,13.0
18951,13.0
18952,13.0
18953,13.0
18954,13.0
18955,13.0
18956,13.0
18957,13.0
18958,13.0
18959,13.0
18960,13.0
18961,13.0
18962,13.0
18963,13.0
18964,13.0
18965,13.0
18966,13.0
18967,13.0
18968,13.0
18969,13.0
18970,13.0
18971,13.0
18972,13.0
18973,13.0
18974,13.0
18975,13.0
18976,13.0
18977,13.0
18978,13.0
18979,12.0
18980,12.0
18981,12.0
18982,12.0
18983,12.0
18984,12.0
18985,12.0
18986,12.0
18987,12.0
18988,12.0
18989,12.0
18990,12.0
18991,12.0
18992,12.0
18993,12.0
18994,12.0
18995,12.0
18996,12.0
18997,12.0
18998,12.0
18999,12.0
19000,12.0
19001,12.0
19002,12.0
19003,12.0
19004,11.0
19005,11.0
19006,11.0
19007,11.0
19008,11.0
19009,11.0
19010,11.0
19011,11.0
19012,11.0
19013,11.0
19014,11.0
19015,11.0
19016,11.0
19017,11.0
19018,11.0
19019,11.0
19020,11.0
19021,11.0
19022,11.0
19023,11.0
19024,11.0
19025,11.0
19026,11.0
19027,11.0
19028,11.0
19029,11.0
19030,11.0
19031,11.0
19032,11.0
19033,11.0
19034,11.0
19035,11.0
19036,11.0
19037,11.0
19038,11.0
19039,11.0
19040,11.0
19041,11.0
19042,11.0
19043,11.0
19044,11.0
19045,11.0
19046,11.0
19047,11.0
19048,11.0
19049,11.0
19050,11.0
19051,11.0
19052,11.0
19053,11.0
19054,11.0
19055,11.0
19056,11.0
19057,11.0
19058,11.0
19059,11.0
19060,11.0
19061,11.0
19062,11.0
19063,11.0
19064,11.0
19065,11.0
19066,11.0
19067,11.0
19068,11.0
19069,11.0
19070,11.0
19071,11.0
19072,11.0
19073,11.0
19074,11.0
19075,11.0
19076,11.0
19077,11.0
19078,11.0
19079,11.0
19080,11.0
19081,11.0
19082,11.0
19083,11.0
19084,11.0
19085,11.0
19086,11.0
19087,11.0
19088,11.0
19089,11.0
19090,11.0
19091,11.0
19092,11.0
19093,11.0
19094,11.0
19095,11.0
19096,11.0
19097,11.0
19098,11.0
19099,11.0
19100,11.0
19101,11.0
19102,11.0
19103,11.0
19104,11.0
19105,11.0
19106,11.0
19107,11.0
19108,11.0
19109,11.0
19110,11.0
19111,11.0
19112,11.0
19113,11.0
19114,11.0
19115,11.0
19116,11.0
19117,11.0
19118,11.0
19119,11.0
19120,11.0
19121,11.0
19122,11.0
19123,11.0
19124,11.0
19125,11.0
19126,11.0
19127,11.0
19128,11.0
19129,11.0
19130,11.0
19131,11.0
19132,11.0
19133,11.0
19134,11.0
19135,11.0
19136,11.0
19137,11.0
19138,11.0
19139,11.0
19140,11.0
19141,11.0
19142,11.0
19143,11.0
19144,11.0
19145,11.0
19146,11.0
19147,11.0
19148,11.0
19149,11.0
19150,11.0
19151,11.0
19152,11.0
19153,11.0
19154,11.0
19155,11.0
19156,11.0
19157,11.0
19158,11.0
19159,11.0
19160,11.0
19161,11.0
19162,11.0
19163,11.0
19164,11.0
19165,11.0
19166,11.0
19167,11.0
19168,11.0
19169,11.0
19170,11.0
19171,11.0
19172,11.0
19173,11.0
19174,11.0
19175,11.0
19176,11.0
19177,11.0
19178,11.0
19179,11.0
19180,11.0
19181,11.0
19182,11.0
19183,11.0
19184,11.0
19185,11.0
19186,11.0
19187,11.0
19188,11.0
19189,11.0
19190,11.0
19191,11.0
19192,12.0
19193,12.0
19194,12.0
19195,12.0
19196,12.0
19197,12.0
19198,12.0
19199,12.0
19200,12.0
19201,12.0
19202,12.0
19203,12.0
19204,12.0
19205,12.0
19206,12.0
19207,12.0
19208,12.0
19209,12.0
19210,12.0
19211,12.0
19212,12.0
19213,12.0
19214,12.0
19215,12.0
19216,12.0
19217,12.0
19218,12.0
19219,12.0
19220,12.0
19221,13.0
19222,13.0
19223,13.0
19224,13.0
19225,13.0
19226,13.0
19227,13.0
19228,13.0
19229,13.0
19230,13.0
19231,13.0
19232,13.0
19233,13.0
19234,13.0
19235,13.0
19236,13.0
19237,13.0
19238,13.0
19239,13.0
19240,13.0
19241,13.0
19242,13.0
19243,13.0
19244,13.0
19245,13.0
19246,13.0
19247,13.0
19248,13.0
19249,13.0
19250,13.0
19251,13.0
19252,13.0
19253,13.0
19254,13.0
19255,13.0
19256,13.0
19257,13.0
19258,13.0
19259,13.0
19260,13.0
19261,13.0
19262,13.0
19263,13.0
19264,13.0
19265,13.0
19266,13.0
19267,13.0
19268,13.0
19269,13.0
19270,13.0
19271,13.0
19272,13.0
19273,13.0
19274,13.0
19275,13.0
19276,13.0
19277,13.0
19278,13.0
19279,13.0
19280,13.0
19281,13.0
19282,13.0
19283,13.0
19284,13.0
19285,13.0
19286,13.0
19287,13.0
19288,13.0
19289,13.0
19290,13.0
19291,13.0
19292,13.0
19293,13.0
19294,13.0
19295,13.0
19296,13.0
19297,13.0
19298,13.0
19299,13.0
19300,13.0
19301,13.0
19302,13.0
19303,13.0
19304,13.0
19305,13.0
19306,13.0
19307,13.0
19308,13.0
19309,13.0
19310,13.0
19311,13.0
19312,13.0
19313,12.0
19314,11.0
19315,11.0
19316,11.0
19317,11.0
19318,11.0
19319,11.0
19320,11.0
19321,11.0
19322,11.0
19323,11.0
19324,11.0
19325,11.0
19326,11.0
19327,11.0
19328,11.0
19329,11.0
19330,11.0
19331,11.0
19332,11.0
19333,11.0
19334,11.0
19335,11.0
19336,11.0
19337,11.0
19338,11.0
19339,11.0
19340,11.0
19341,11.0
19342,11.0
19343,11.0
19344,11.0
19345,11.0
19346,11.0
19347,11.0
19348,11.0
19349,11.0
19350,11.0
19351,11.0
19352,11.0
19353,11.0
19354,11.0
19355,11.0
19356,11.0
19357,11.0
19358,11.0
19359,11.0
19360,11.0
19361,11.0
19362,11.0
19363,11.0
19364,11.0
19365,11.0
19366,11.0
19367,11.0
19368,11.0
19369,11.0
19370,11.0
19371,11.0
19372,11.0
19373,11.0
19374,11.0
19375,11.0
19376,11.0
19377,11.0
19378,11.0
19379,11.0
19380,11.0
19381,11.0
19382,11.0
19383,11.0
19384,11.0
19385,11.0
19386,11.0
19387,11.0
19388,11.0
19389,11.0
19390,11.0
19391,11.0
19392,11.0
19393,11.0
19394,11.0
19395,11.0
19396,11.0
19397,11.0
19398,11.0
19399,11.0
19400,11.0
19401,11.0
19402,11.0
19403,11.0
19404,11.0
19405,10.0
19406,10.0
19407,10.0
19408,10.0
19409,10.0
19410,10.0
19411,10.0
19412,10.0
19413,10.0
19414,10.0
19415,10.0
19416,10.0
19417,10.0
19418,10.0
19419,10.0
19420,10.0
19421,10.0
19422,10.0
19423,10.0
19424,10.0
19425,10.0
19426,10.0
19427,10.0
19428,10.0
19429,10.0
19430,10.0
19431,9.0
19432,9.0
19433,9.0
19434,9.0
19435,9.0
19436,9.0
19437,9.0
19438,9.0
19439,9.0
19440,9.0
19441,9.0
19442,9.0
19443,9.0
19444,9.0
19445,9.0
19446,9.0
19447,9.0
19448,9.0
19449,9.0
19450,9.0
19451,9.0
19452,9.0
19453,9.0
19454,9.0
19455,9.0
19456,9.0
19457,9.0
19458,9.0
19459,9.0
19460,9.0
19461,9.0
19462,9.0
19463,9.0
19464,9.0
19465,9.0
19466,9.0
19467,9.0
19468,9.0
19469,9.0
19470,9.0
19471,9.0
19472,9.0
19473,9.0
19474,9.0
19475,9.0
19476,9.0
19477,9.0
19478,9.0
19479,9.0
19480,9.0
19481,9.0
19482,9.0
19483,9.0
19484,9.0
19485,9.0
19486,9.0
19487,9.0
19488,9.0
19489,9.0
19490,9.0
19491,10.0
19492,10.0
19493,10.0
19494,10.0
19495,10.0
19496,10.0
19497,10.0
19498,10.0
19499,10.0
19500,10.0
19501,10.0
19502,10.0
19503,10.0
19504,10.0
19505,10.0
19506,10.0
19507,10.0
19508,10.0
19509,10.0
19510,10.0
19511,10.0
19512,10.0
19513,10.0
19514,10.0
19515,10.0
19516,10.0
19517,10.0
19518,10.0
19519,10.0
19520,10.0
19521,10.0
19522,10.0
19523,10.0
19524,10.0
19525,10.0
19526,10.0
19527,10.0
19528,10.0
19529,10.0
19530,11.0
19531,11.0
19532,11.0
19533,11.0
19534,11.0
19535,11.0
19536,11.0
19537,11.0
19538,11.0
19539,11.0
19540,11.0
19541,11.0
19542,11.0
19543,11.0
19544,11.0
19545,11.0
19546,11.0
19547,11.0
19548,11.0
19549,11.0
19550,11.0
19551,11.0
19552,11.0
19553,11.0
19554,11.0
19555,11.0
19556,11.0
19557,11.0
19558,11.0
19559,11.0
19560,11.0
19561,11.0
19562,11.0
19563,11.0
19564,11.0
19565,11.0
19566,11.0
19567,11.0
19568,11.0
19569,11.0
19570,11.0
19571,11.0
19572,11.0
19573,11.0
19574,11.0
19575,11.0
19576,11.0
19577,12.0
19578,12.0
19579,12.0
19580,12.0
19581,12.0
19582,12.0
19583,12.0
19584,12.0
19585,13.0
19586,13.0
19587,13.0
19588,13.0
19589,13.0
19590,13.0
19591,13.0
19592,13.0
19593,13.0
19594,13.0
19595,13.0
19596,13.0
19597,13.0
19598,13.0
19599,13.0
19600,13.0
19601,13.0
19602,13.0
19603,13.0
19604,13.0
19605,13.0
19606,13.0
19607,13.0
19608,13.0
19609,13.0
19610,13.0
19611,13.0
19612,13.0
19613,13.0
19614,13.0
19615,13.0
19616,13.0
19617,13.0
19618,13.0
19619,13.0
19620,13.0
19621,13.0
19622,13.0
19623,13.0
19624,13.0
19625,13.0
19626,13.0
19627,13.0
19628,13.0
19629,13.0
19630,13.0
19631,13.0
19632,13.0
19633,13.0
19634,13.0
19635,13.0
19636,13.0
19637,13.0
19638,13.0
19639,13.0
19640,13.0
19641,13.0
19642,13.0
19643,13.0
19644,13.0
19645,13.0
19646,13.0
19647,13.0
19648,13.0
19649,13.0
19650,13.0
19651,13.0
19652,13.0
19653,13.0
19654,13.0
19655,13.0
19656,13.0
19657,13.0
19658,13.0
19659,13.0
19660,13.0
19661,13.0
19662,13.0
19663,13.0
19664,13.0
19665,13.0
19666,13.0
19667,13.0
19668,13.0
19669,13.0
19670,13.0
19671,13.0
19672,13.0
19673,13.0
19674,13.0
19675,13.0
19676,13.0
19677,13.0
19678,13.0
19679,13.0
19680,13.0
19681,13.0
19682,13.0
19683,13.0
19684,13.0
19685,13.0
19686,13.0
19687,13.0
19688,13.0
19689,13.0
19690,13.0
19691,13.0
19692,13.0
19693,13.0
19694,13.0
19695,13.0
19696,13.0
19697,13.0
19698,13.0
19699,13.0
19700,13.0
19701,13.0
19702,13.0
19703,13.0
19704,13.0
19705,13.0
19706,13.0
19707,13.0
19708,13.0
19709,13.0
19710,13.0
19711,13.0
19712,14.0
19713,14.0
19714,14.0
19715,14.0
19716,14.0
19717,14.0
19718,14.0
19719,14.0
19720,14.0
19721,14.0
19722,14.0
19723,14.0
19724,14.0
19725,14.0
19726,14.0
19727,14.0
19728,14.0
19729,14.0
19730,14.0
19731,14.0
19732,14.0
19733,14.0
19734,14.0
19735,14.0
19736,14.0
19737,14.0
19738,14.0
19739,14.0
19740,14.0
19741,14.0
19742,14.0
19743,14.0
19744,14.0
19745,14.0
19746,14.0
19747,14.0
19748,14.0
19749,14.0
19750,14.0
19751,14.0
19752,14.0
19753,14.0
19754,14.0
19755,14.0
19756,14.0
19757,14.0
19758,14.0
19759,14.0
19760,14.0
19761,14.0
19762,14.0
19763,14.0
19764,14.0
19765,14.0
19766,14.0
19767,14.0
19768,14.0
19769,14.0
19770,14.0
19771,14.0
19772,14.0
19773,14.0
19774,14.0
19775,14.0
19776,14.0
19777,14.0
19778,14.0
19779,14.0
19780,14.0
19781,14.0
19782,14.0
19783,14.0
19784,14.0
19785,14.0
19786,14.0
19787,14.0
19788,14.0
19789,14.0
19790,14.0
19791,14.0
19792,14.0
19793,14.0
19794,14.0
19795,14.0
19796,14.0
19797,14.0
19798,14.0
19799,14.0
19800,14.0
19801,14.0
19802,14.0
19803,14.0
19804,14.0
19805,14.0
19806,14.0
19807,14.0
19808,14.0
19809,14.0
19810,14.0
19811,14.0
19812,14.0
19813,14.0
19814,14.0
19815,14.0
19816,14.0
19817,14.0
19818,14.0
19819,14.0
19820,14.0
19821,14.0
19822,14.0
19823,14.0
19824,14.0
19825,14.0
19826,14.0
19827,14.0
19828,14.0
19829,14.0
19830,14.0
19831,14.0
19832,14.0
19833,14.0
19834,14.0
19835,14.0
19836,14.0
19837,14.0
19838,14.0
19839,14.0
19840,14.0
19841,14.0
19842,14.0
19843,14.0
19844,15.0
19845,15.0
19846,15.0
19847,15.0
19848,15.0
19849,15.0
19850,15.0
19851,15.0
19852,15.0
19853,15.0
19854,15.0
19855,15.0
19856,15.0
19857,15.0
19858,15.0
19859,15.0
19860,15.0
19861,15.0
19862,15.0
19863,15.0
19864,15.0
19865,15.0
19866,15.0
19867,15.0
19868,15.0
19869,15.0
19870,15.0
19871,15.0
19872,15.0
19873,15.0
19874,15.0
19875,15.0
19876,15.0
19877,15.0
19878,15.0
19879,15.0
19880,15.0
19881,15.0
19882,15.0
19883,15.0
19884,15.0
19885,15.0
19886,15.0
19887,15.0
19888,15.0
19889,15.0
19890,15.0
19891,15.0
19892,15.0
19893,15.0
19894,15.0
19895,15.0
19896,15.0
19897,15.0
19898,15.0
19899,15.0
19900,15.0
19901,15.0
19902,15.0
19903,15.0
19904,15.0
19905,15.0
19906,15.0
19907,15.0
19908,15.0
19909,15.0
19910,15.0
19911,15.0
19912,15.0
19913,15.0
19914,15.0
19915,15.0
19916,16.0
19917,16.0
19918,16.0
19919,16.0
19920,17.0
19921,17.0
19922,17.0
19923,17.0
19924,17.0
19925,17.0
19926,17.0
19927,17.0
19928,17.0
19929,17.0
19930,17.0
19931,17.0
19932,18.0
19933,18.0
19934,18.0
19935,18.0
19936,18.0
19937,18.0
19938,18.0
19939,18.0
19940,18.0
19941,18.0
19942,18.0
19943,18.0
19944,18.0
19945,18.0
19946,18.0
19947,18.0
19948,18.0
19949,18.0
19950,18.0
19951,18.0
19952,18.0
19953,18.0
19954,18.0
19955,18.0
19956,18.0
19957,18.0
19958,18.0
19959,18.0
19960,18.0
19961,18.0
19962,18.0
19963,18.0
19964,18.0
19965,18.0
19966,18.0
19967,18.0
19968,18.0
19969,18.0
19970,18.0
19971,18.0
19972,18.0
19973,18.0
19974,18.0
19975,18.0
19976,18.0
19977,18.0
19978,18.0
19979,18.0
19980,18.0
19981,18.0
19982,18.0
19983,18.0
19984,18.0
19985,18.0
19986,18.0
19987,18.0
19988,18.0
19989,18.0
19990,18.0
19991,18.0
19992,18.0
19993,18.0
19994,18.0
19995,18.0
19996,18.0
19997,18.0
19998,18.0
19999,18.0
20000,18.0
20001,18.0
20002,18.0
20003,18.0
20004,18.0
20005,18.0
20006,18.0
20007,18.0
20008,18.0
20009,18.0
20010,18.0
20011,18.0
20012,18.0
20013,18.0
20014,18.0
20015,18.0
20016,18.0
20017,18.0
20018,18.0
20019,18.0
20020,18.0
20021,18.0
20022,18.0
20023,18.0
20024,18.0
20025,18.0
20026,18.0
20027,18.0
20028,18.0
20029,18.0
20030,18.0
20031,18.0
20032,18.0
20033,18.0
20034,18.0
20035,18.0
20036,17.0
20037,17.0
20038,17.0
20039,17.0
20040,17.0
20041,17.0
20042,17.0
20043,17.0
20044,17.0
20045,17.0
20046,18.0
20047,18.0
20048,18.0
20049,18.0
20050,18.0
20051,18.0
20052,18.0
20053,18.0
20054,18.0
20055,18.0
20056,18.0
20057,18.0
20058,18.0
20059,18.0
20060,18.0
20061,18.0
20062,18.0
20063,18.0
20064,18.0
20065,18.0
20066,18.0
20067,18.0
20068,18.0
20069,18.0
20070,18.0
20071,18.0
20072,18.0
20073,18.0
20074,18.0
20075,18.0
20076,18.0
20077,18.0
20078,18.0
20079,18.0
20080,18.0
20081,18.0
20082,18.0
20083,18.0
20084,18.0
20085,18.0
20086,18.0
20087,18.0
20088,18.0
20089,18.0
20090,18.0
20091,18.0
20092,18.0
20093,18.0
20094,18.0
20095,18.0
20096,18.0
20097,18.0
20098,18.0
20099,18.0
20100,18.0
20101,18.0
20102,18.0
20103,18.0
20104,18.0
20105,18.0
20106,18.0
20107,18.0
20108,18.0
20109,18.0
20110,18.0
20111,18.0
20112,18.0
20113,18.0
20114,18.0
20115,18.0
20116,17.0
20117,17.0
20118,17.0
20119,17.0
20120,17.0
20121,17.0
20122,17.0
20123,17.0
20124,17.0
20125,17.0
20126,17.0
20127,17.0
20128,17.0
20129,17.0
20130,17.0
20131,17.0
20132,17.0
20133,17.0
20134,17.0
20135,17.0
20136,17.0
20137,17.0
20138,17.0
20139,17.0
20140,17.0
20141,17.0
20142,17.0
20143,17.0
20144,17.0
20145,17.0
20146,17.0
20147,17.0
20148,17.0
20149,17.0
20150,17.0
20151,17.0
20152,17.0
20153,17.0
20154,17.0
20155,17.0
20156,17.0
20157,17.0
20158,17.0
20159,17.0
20160,17.0
20161,17.0
20162,17.0
20163,17.0
20164,17.0
20165,17.0
20166,17.0
20167,17.0
20168,17.0
20169,17.0
20170,17.0
20171,17.0
20172,17.0
20173,17.0
20174,17.0
20175,17.0
20176,17.0
20177,17.0
20178,17.0
20179,17.0
20180,17.0
20181,17.0
20182,17.0
20183,17.0
20184,14.0
20185,14.0
20186,14.0
20187,14.0
20188,14.0
20189,14.0
20190,14.0
20191,14.0
20192,14.0
20193,14.0
20194,14.0
20195,14.0
20196,14.0
20197,14.0
20198,14.0
20199,14.0
20200,14.0
20201,14.0
20202,14.0
20203,14.0
20204,14.0
20205,14.0
20206,14.0
20207,14.0
20208,14.0
20209,14.0
20210,14.0
20211,14.0
20212,14.0
20213,14.0
20214,14.0
20215,14.0
20216,14.0
20217,14.0
20218,14.0
20219,14.0
20220,14.0
20221,14.0
20222,15.0
20223,15.0
20224,15.0
20225,16.0
20226,16.0
20227,16.0
20228,16.0
20229,16.0
20230,16.0
20231,16.0
20232,16.0
20233,16.0
20234,16.0
20235,16.0
20236,16.0
20237,16.0
20238,16.0
20239,16.0
20240,16.0
20241,16.0
20242,16.0
20243,16.0
20244,16.0
20245,16.0
20246,16.0
20247,16.0
20248,16.0
20249,16.0
20250,16.0
20251,16.0
20252,16.0
20253,16.0
20254,16.0
20255,16.0
20256,16.0
20257,16.0
20258,16.0
20259,16.0
20260,16.0
20261,16.0
20262,16.0
20263,16.0
20264,16.0
20265,16.0
20266,16.0
20267,16.0
20268,16.0
20269,16.0
20270,16.0
20271,16.0
20272,16.0
20273,16.0
20274,16.0
20275,16.0
20276,16.0
20277,16.0
20278,16.0
20279,16.0
20280,16.0
20281,16.0
20282,16.0
20283,16.0
20284,16.0
20285,16.0
20286,16.0
20287,16.0
20288,16.0
20289,16.0
20290,16.0
20291,16.0
20292,16.0
20293,16.0
20294,16.0
20295,16.0
20296,16.0
20297,15.0
20298,15.0
20299,15.0
20300,15.0
20301,15.0
20302,15.0
20303,15.0
20304,15.0
20305,15.0
20306,15.0
20307,15.0
20308,15.0
20309,15.0
20310,15.0
20311,15.0
20312,15.0
20313,15.0
20314,15.0
20315,15.0
20316,15.0
20317,15.0
20318,15.0
20319,15.0
20320,15.0
20321,15.0
20322,15.0
20323,15.0
20324,15.0
20325,15.0
20326,15.0
20327,15.0
20328,15.0
20329,15.0
20330,15.0
20331,15.0
20332,15.0
20333,15.0
20334,13.0
20335,13.0
20336,13.0
20337,13.0
20338,13.0
20339,13.0
20340,13.0
20341,13.0
20342,13.0
20343,13.0
20344,13.0
20345,13.0
20346,13.0
20347,13.0
20348,13.0
20349,13.0
20350,13.0
20351,13.0
20352,13.0
20353,13.0
20354,13.0
20355,13.0
20356,13.0
20357,13.0
20358,13.0
20359,13.0
20360,13.0
20361,13.0
20362,13.0
20363,13.0
20364,13.0
20365,13.0
20366,13.0
20367,13.0
20368,13.0
20369,13.0
20370,13.0
20371,13.0
20372,13.0
20373,13.0
20374,13.0
20375,13.0
20376,13.0
20377,13.0
20378,13.0
20379,13.0
20380,13.0
20381,13.0
20382,13.0
20383,13.0
20384,13.0
20385,13.0
20386,13.0
20387,13.0
20388,13.0
20389,13.0
20390,13.0
20391,13.0
20392,13.0
20393,13.0
20394,13.0
20395,13.0
20396,13.0
20397,13.0
20398,13.0
20399,13.0
20400,13.0
20401,13.0
20402,13.0
20403,13.0
20404,13.0
20405,13.0
20406,13.0
20407,13.0
20408,13.0
20409,13.0
20410,13.0
20411,13.0
20412,13.0
20413,13.0
20414,13.0
20415,13.0
20416,13.0
20417,13.0
20418,13.0
20419,13.0
20420,13.0
20421,13.0
20422,13.0
20423,13.0
20424,13.0
20425,13.0
20426,13.0
20427,13.0
20428,13.0
20429,13.0
20430,13.0
20431,13.0
20432,13.0
20433,13.0
20434,13.0
20435,13.0
20436,13.0
20437,13.0
20438,13.0
20439,13.0
20440,13.0
20441,13.0
20442,13.0
20443,13.0
20444,13.0
20445,13.0
20446,13.0
20447,13.0
20448,13.0
20449,13.0
20450,13.0
20451,13.0
20452,13.0
20453,13.0
20454,13.0
20455,13.0
20456,13.0
20457,13.0
20458,13.0
20459,13.0
20460,13.0
20461,13.0
20462,13.0
20463,13.0
20464,13.0
20465,13.0
20466,13.0
20467,13.0
20468,13.0
20469,13.0
20470,13.0
20471,13.0
20472,13.0
20473,13.0
20474,13.0
20475,13.0
20476,13.0
20477,13.0
20478,13.0
20479,13.0
20480,13.0
20481,13.0
20482,13.0
20483,13.0
20484,13.0
20485,13.0
20486,13.0
20487,13.0
20488,13.0
20489,13.0
20490,13.0
20491,13.0
20492,13.0
20493,13.0
20494,13.0
20495,13.0
20496,13.0
20497,13.0
20498,13.0
20499,13.0
20500,13.0
20501,13.0
20502,13.0
20503,13.0
20504,13.0
20505,13.0
20506,13.0
20507,13.0
20508,13.0
20509,13.0
20510,13.0
20511,13.0
20512,13.0
20513,13.0
20514,13.0
20515,13.0
20516,13.0
20517,13.0
20518,13.0
20519,13.0
20520,13.0
20521,13.0
20522,13.0
20523,13.0
20524,13.0
20525,13.0
20526,13.0
20527,13.0
20528,13.0
20529,13.0
20530,13.0
20531,13.0
20532,13.0
20533,13.0
20534,13.0
20535,13.0
20536,13.0
20537,13.0
20538,13.0
20539,13.0
20540,13.0
20541,13.0
20542,13.0
20543,13.0
20544,13.0
20545,13.0
20546,13.0
20547,13.0
20548,13.0
20549,13.0
20550,13.0
20551,13.0
20552,13.0
20553,13.0
20554,13.0
20555,13.0
20556,13.0
20557,13.0
20558,13.0
20559,13.0
20560,13.0
20561,13.0
20562,13.0
20563,13.0
20564,13.0
20565,13.0
20566,14.0
20567,13.0
20568,13.0
20569,13.0
20570,13.0
20571,13.0
20572,13.0
20573,13.0
20574,13.0
20575,13.0
20576,13.0
20577,13.0
20578,13.0
20579,13.0
20580,13.0
20581,13.0
20582,14.0
20583,14.0
20584,14.0
20585,14.0
20586,14.0
20587,14.0
20588,14.0
20589,14.0
20590,14.0
20591,14.0
20592,14.0
20593,14.0
20594,14.0
20595,14.0
20596,14.0
20597,14.0
20598,14.0
20599,14.0
20600,14.0
20601,14.0
20602,14.0
20603,14.0
20604,14.0
20605,14.0
20606,14.0
20607,14.0
20608,14.0
20609,14.0
20610,14.0
20611,14.0
20612,14.0
20613,14.0
20614,14.0
20615,14.0
20616,14.0
20617,14.0
20618,14.0
20619,14.0
20620,14.0
20621,14.0
20622,14.0
20623,14.0
20624,14.0
20625,14.0
20626,14.0
20627,14.0
20628,14.0
20629,14.0
20630,14.0
20631,14.0
20632,14.0
20633,14.0
20634,14.0
20635,14.0
20636,14.0
20637,14.0
20638,14.0
20639,14.0
20640,14.0
20641,14.0
20642,14.0
20643,14.0
20644,14.0
20645,14.0
20646,14.0
20647,14.0
20648,14.0
20649,14.0
20650,14.0
20651,14.0
20652,14.0
20653,14.0
20654,14.0
20655,14.0
20656,14.0
20657,14.0
20658,14.0
20659,14.0
20660,14.0
20661,14.0
20662,14.0
20663,14.0
20664,14.0
20665,14.0
20666,14.0
20667,14.0
20668,14.0
20669,14.0
20670,14.0
20671,14.0
20672,14.0
20673,14.0
20674,14.0
20675,14.0
20676,14.0
20677,14.0
20678,14.0
20679,14.0
20680,14.0
20681,14.0
20682,14.0
20683,14.0
20684,14.0
20685,14.0
20686,14.0
20687,14.0
20688,14.0
20689,14.0
20690,14.0
20691,14.0
20692,14.0
20693,14.0
20694,14.0
20695,14.0
20696,14.0
20697,14.0
20698,14.0
20699,14.0
20700,14.0
20701,14.0
20702,14.0
20703,14.0
20704,14.0
20705,14.0
20706,14.0
20707,14.0
20708,14.0
20709,14.0
20710,14.0
20711,14.0
20712,14.0
20713,14.0
20714,14.0
20715,14.0
20716,14.0
20717,14.0
20718,14.0
20719,14.0
20720,14.0
20721,14.0
20722,14.0
20723,14.0
20724,14.0
20725,14.0
20726,14.0
20727,14.0
20728,14.0
20729,14.0
20730,14.0
20731,14.0
20732,14.0
20733,15.0
20734,15.0
20735,15.0
20736,15.0
20737,15.0
20738,15.0
20739,15.0
20740,15.0
20741,15.0
20742,15.0
20743,15.0
20744,15.0
20745,15.0
20746,15.0
20747,15.0
20748,15.0
20749,15.0
20750,15.0
20751,15.0
20752,15.0
20753,15.0
20754,15.0
20755,15.0
20756,15.0
20757,15.0
20758,15.0
20759,15.0
20760,15.0
20761,15.0
20762,15.0
20763,15.0
20764,15.0
20765,15.0
20766,15.0
20767,15.0
20768,15.0
20769,15.0
20770,15.0
20771,15.0
20772,15.0
20773,15.0
20774,15.0
20775,15.0
20776,16.0
20777,16.0
20778,16.0
20779,15.0
20780,15.0
20781,15.0
20782,15.0
20783,15.0
20784,15.0
20785,15.0
20786,16.0
20787,16.0
20788,16.0
20789,16.0
20790,16.0
20791,16.0
20792,16.0
20793,16.0
20794,16.0
20795,16.0
20796,16.0
20797,16.0
20798,16.0
20799,16.0
20800,16.0
20801,16.0
20802,16.0
20803,16.0
20804,16.0
20805,16.0
20806,16.0
20807,16.0
20808,16.0
20809,16.0
20810,16.0
20811,16.0
20812,16.0
20813,16.0
20814,16.0
20815,16.0
20816,16.0
20817,16.0
20818,16.0
20819,16.0
20820,16.0
20821,16.0
20822,16.0
20823,16.0
20824,16.0
20825,16.0
20826,16.0
20827,16.0
20828,16.0
20829,16.0
20830,16.0
20831,16.0
20832,16.0
20833,16.0
20834,16.0
20835,16.0
20836,16.0
20837,16.0
20838,16.0
20839,16.0
20840,16.0
20841,16.0
20842,16.0
20843,16.0
20844,16.0
20845,16.0
20846,16.0
20847,16.0
20848,16.0
20849,16.0
20850,16.0
20851,16.0
20852,16.0
20853,16.0
20854,16.0
20855,16.0
20856,16.0
20857,16.0
20858,16.0
20859,16.0
20860,16.0
20861,16.0
20862,16.0
20863,16.0
20864,16.0
20865,16.0
20866,16.0
20867,16.0
20868,16.0
20869,16.0
20870,16.0
20871,16.0
20872,16.0
20873,16.0
20874,16.0
20875,16.0
20876,16.0
20877,16.0
20878,16.0
20879,16.0
20880,16.0
20881,16.0
20882,16.0
20883,16.0
20884,16.0
20885,16.0
20886,16.0
20887,16.0
20888,16.0
20889,16.0
20890,16.0
20891,16.0
20892,16.0
20893,16.0
20894,16.0
20895,16.0
20896,16.0
20897,16.0
20898,16.0
20899,16.0
20900,16.0
20901,16.0
20902,16.0
20903,16.0
20904,16.0
20905,16.0
20906,16.0
20907,16.0
20908,16.0
20909,16.0
20910,16.0
20911,16.0
20912,16.0
20913,16.0
20914,16.0
20915,16.0
20916,16.0
20917,16.0
20918,16.0
20919,16.0
20920,16.0
20921,16.0
20922,16.0
20923,17.0
20924,17.0
20925,17.0
20926,17.0
20927,17.0
20928,17.0
20929,17.0
20930,17.0
20931,17.0
20932,17.0
20933,17.0
20934,17.0
20935,17.0
20936,17.0
20937,17.0
20938,17.0
20939,17.0
20940,17.0
20941,17.0
20942,17.0
20943,17.0
20944,17.0
20945,17.0
20946,17.0
20947,17.0
20948,17.0
20949,17.0
20950,17.0
20951,17.0
20952,17.0
20953,17.0
20954,17.0
20955,17.0
20956,17.0
20957,17.0
20958,17.0
20959,17.0
20960,17.0
20961,17.0
20962,17.0
20963,17.0
20964,17.0
20965,17.0
20966,17.0
20967,17.0
20968,18.0
20969,18.0
20970,18.0
20971,18.0
20972,18.0
20973,18.0
20974,18.0
20975,18.0
20976,18.0
20977,18.0
20978,18.0
20979,18.0
20980,18.0
20981,18.0
20982,18.0
20983,18.0
20984,18.0
20985,18.0
20986,18.0
20987,18.0
20988,18.0
20989,18.0
20990,18.0
20991,18.0
20992,18.0
20993,18.0
20994,18.0
20995,17.0
20996,17.0
20997,17.0
20998,17.0
20999,17.0
21000,17.0
21001,17.0
21002,17.0
21003,17.0
21004,17.0
21005,17.0
21006,17.0
21007,17.0
21008,17.0
21009,17.0
21010,17.0
21011,17.0
21012,17.0
21013,17.0
21014,17.0
21015,17.0
21016,17.0
21017,17.0
21018,17.0
21019,17.0
21020,17.0
21021,17.0
21022,17.0
21023,17.0
21024,17.0
21025,17.0
21026,17.0
21027,17.0
21028,17.0
21029,17.0
21030,17.0
21031,17.0
21032,17.0
21033,17.0
21034,17.0
21035,17.0
21036,17.0
21037,17.0
21038,17.0
21039,17.0
21040,17.0
21041,17.0
21042,17.0
21043,17.0
21044,17.0
21045,17.0
21046,17.0
21047,17.0
21048,17.0
21049,17.0
21050,17.0
21051,17.0
21052,17.0
21053,17.0
21054,17.0
21055,17.0
21056,17.0
21057,17.0
21058,17.0
21059,17.0
21060,17.0
21061,17.0
21062,17.0
21063,17.0
21064,17.0
21065,17.0
21066,17.0
21067,17.0
21068,17.0
21069,17.0
21070,17.0
21071,17.0
21072,17.0
21073,17.0
21074,17.0
21075,17.0
21076,17.0
21077,17.0
21078,17.0
21079,17.0
21080,17.0
21081,17.0
21082,17.0
21083,17.0
21084,17.0
21085,17.0
21086,17.0
21087,17.0
21088,17.0
21089,17.0
21090,17.0
21091,17.0
21092,17.0
21093,17.0
21094,17.0
21095,17.0
21096,17.0
21097,17.0
21098,17.0
21099,17.0
21100,17.0
21101,17.0
21102,17.0
21103,17.0
21104,17.0
21105,17.0
21106,17.0
21107,17.0
21108,17.0
21109,17.0
21110,17.0
21111,17.0
21112,17.0
21113,17.0
21114,17.0
21115,17.0
21116,17.0
21117,17.0
21118,17.0
21119,17.0
21120,17.0
21121,17.0
21122,17.0
21123,17.0
21124,17.0
21125,17.0
21126,17.0
21127,17.0
21128,17.0
21129,17.0
21130,17.0
21131,17.0
21132,17.0
21133,17.0
21134,17.0
21135,17.0
21136,17.0
21137,17.0
21138,17.0
21139,17.0
21140,17.0
21141,17.0
21142,17.0
21143,17.0
21144,17.0
21145,17.0
21146,17.0
21147,17.0
21148,17.0
21149,17.0
21150,17.0
21151,17.0
21152,17.0
21153,17.0
21154,17.0
21155,17.0
21156,17.0
21157,17.0
21158,17.0
21159,17.0
21160,17.0
21161,17.0
21162,17.0
21163,17.0
21164,17.0
21165,17.0
21166,17.0
21167,17.0
21168,17.0
21169,17.0
21170,17.0
21171,17.0
21172,17.0
21173,17.0
21174,17.0
21175,17.0
21176,17.0
21177,17.0
21178,17.0
21179,17.0
21180,17.0
21181,17.0
21182,17.0
21183,17.0
21184,17.0
21185,17.0
21186,17.0
21187,17.0
21188,17.0
21189,17.0
21190,17.0
21191,17.0
21192,17.0
21193,17.0
21194,17.0
21195,17.0
21196,17.0
21197,17.0
21198,17.0
21199,17.0
21200,17.0
21201,17.0
21202,17.0
21203,17.0
21204,17.0
21205,17.0
21206,17.0
21207,17.0
21208,17.0
21209,17.0
21210,17.0
21211,17.0
21212,17.0
21213,17.0
21214,17.0
21215,17.0
21216,17.0
21217,17.0
21218,17.0
21219,17.0
21220,17.0
21221,17.0
21222,17.0
21223,17.0
21224,17.0
21225,17.0
21226,17.0
21227,17.0
21228,17.0
21229,17.0
21230,17.0
21231,17.0
21232,17.0
21233,17.0
21234,17.0
21235,17.0
21236,17.0
21237,17.0
21238,17.0
21239,17.0
21240,17.0
21241,17.0
21242,17.0
21243,17.0
21244,17.0
21245,17.0
21246,17.0
21247,17.0
21248,17.0
21249,17.0
21250,17.0
21251,17.0
21252,17.0
21253,17.0
21254,17.0
21255,17.0
21256,17.0
21257,17.0
21258,17.0
21259,17.0
21260,17.0
21261,17.0
21262,17.0
21263,17.0
21264,17.0
21265,17.0
21266,17.0
21267,17.0
21268,17.0
21269,17.0
21270,17.0
21271,17.0
21272,17.0
21273,17.0
21274,17.0
21275,17.0
21276,17.0
21277,17.0
21278,17.0
21279,17.0
21280,17.0
21281,17.0
21282,17.0
21283,17.0
21284,17.0
21285,17.0
21286,17.0
21287,17.0
21288,17.0
21289,17.0
21290,17.0
21291,17.0
21292,17.0
21293,17.0
21294,17.0
21295,17.0
21296,17.0
21297,17.0
21298,17.0
21299,17.0
21300,17.0
21301,17.0
21302,17.0
21303,17.0
21304,17.0
21305,17.0
21306,17.0
21307,17.0
21308,17.0
21309,17.0
21310,17.0
21311,17.0
21312,17.0
21313,17.0
21314,17.0
21315,17.0
21316,17.0
21317,17.0
21318,17.0
21319,17.0
21320,17.0
21321,17.0
21322,17.0
21323,17.0
21324,17.0
21325,17.0
21326,17.0
21327,17.0
21328,17.0
21329,17.0
21330,17.0
21331,17.0
21332,17.0
21333,17.0
21334,17.0
21335,17.0
21336,17.0
21337,17.0
21338,17.0
21339,17.0
21340,17.0
21341,17.0
21342,17.0
21343,17.0
21344,17.0
21345,17.0
21346,17.0
21347,17.0
21348,17.0
21349,17.0
21350,17.0
21351,17.0
21352,17.0
21353,17.0
21354,17.0
21355,17.0
21356,17.0
21357,17.0
21358,17.0
21359,17.0
21360,17.0
21361,17.0
21362,17.0
21363,17.0
21364,17.0
21365,17.0
21366,17.0
21367,17.0
21368,17.0
21369,17.0
21370,17.0
21371,17.0
21372,17.0
21373,17.0
21374,17.0
21375,17.0
21376,17.0
21377,17.0
21378,17.0
21379,17.0
21380,17.0
21381,17.0
21382,17.0
21383,17.0
21384,17.0
21385,17.0
21386,17.0
21387,17.0
21388,17.0
21389,17.0
21390,17.0
21391,17.0
21392,17.0
21393,17.0
21394,17.0
21395,17.0
21396,17.0
21397,17.0
21398,17.0
21399,17.0
21400,17.0
21401,17.0
21402,17.0
21403,17.0
21404,17.0
21405,17.0
21406,15.0
21407,15.0
21408,15.0
21409,15.0
21410,15.0
21411,15.0
21412,15.0
21413,15.0
21414,15.0
21415,15.0
21416,15.0
21417,15.0
21418,15.0
21419,15.0
21420,15.0
21421,15.0
21422,15.0
21423,15.0
21424,15.0
21425,15.0
21426,15.0
21427,15.0
21428,15.0
21429,15.0
21430,15.0
21431,15.0
21432,15.0
21433,15.0
21434,15.0
21435,15.0
21436,15.0
21437,15.0
21438,15.0
21439,15.0
21440,15.0
21441,15.0
21442,15.0
21443,15.0
21444,15.0
21445,15.0
21446,15.0
21447,15.0
21448,15.0
21449,15.0
21450,15.0
21451,15.0
21452,15.0
21453,15.0
21454,15.0
21455,15.0
21456,15.0
21457,15.0
21458,15.0
21459,15.0
21460,15.0
21461,16.0
21462,16.0
21463,16.0
21464,16.0
21465,16.0
21466,16.0
21467,16.0
21468,16.0
21469,16.0
21470,16.0
21471,16.0
21472,16.0
21473,16.0
21474,16.0
21475,16.0
21476,16.0
21477,16.0
21478,16.0
21479,16.0
21480,16.0
21481,16.0
21482,16.0
21483,16.0
21484,16.0
21485,16.0
21486,16.0
21487,16.0
21488,16.0
21489,16.0
21490,16.0
21491,16.0
21492,16.0
21493,16.0
21494,16.0
21495,16.0
21496,16.0
21497,16.0
21498,16.0
21499,16.0
21500,16.0
21501,16.0
21502,16.0
21503,16.0
21504,16.0
21505,16.0
21506,16.0
21507,16.0
21508,16.0
21509,16.0
21510,16.0
21511,16.0
21512,16.0
21513,15.0
21514,15.0
21515,15.0
21516,15.0
21517,15.0
21518,15.0
21519,15.0
21520,15.0
21521,15.0
21522,15.0
21523,15.0
21524,15.0
21525,15.0
21526,15.0
21527,15.0
21528,15.0
21529,15.0
21530,15.0
21531,15.0
21532,15.0
21533,15.0
21534,15.0
21535,15.0
21536,15.0
21537,15.0
21538,15.0
21539,15.0
21540,15.0
21541,15.0
21542,15.0
21543,15.0
21544,15.0
21545,15.0
21546,15.0
21547,15.0
21548,15.0
21549,15.0
21550,15.0
21551,15.0
21552,15.0
21553,15.0
21554,15.0
21555,15.0
21556,15.0
21557,15.0
21558,15.0
21559,15.0
21560,15.0
21561,15.0
21562,15.0
21563,15.0
21564,15.0
21565,15.0
21566,15.0
21567,15.0
21568,15.0
21569,15.0
21570,15.0
21571,15.0
21572,15.0
21573,15.0
21574,15.0
21575,15.0
21576,15.0
21577,15.0
21578,15.0
21579,15.0
21580,15.0
21581,15.0
21582,15.0
21583,15.0
21584,15.0
21585,15.0
21586,15.0
21587,15.0
21588,15.0
21589,15.0
21590,15.0
21591,15.0
21592,15.0
21593,15.0
21594,15.0
21595,15.0
21596,14.0
21597,14.0
21598,14.0
21599,14.0
21600,14.0
21601,14.0
21602,14.0
21603,14.0
21604,14.0
21605,14.0
21606,14.0
21607,14.0
21608,14.0
21609,14.0
21610,14.0
21611,14.0
21612,14.0
21613,14.0
21614,14.0
21615,14.0
21616,14.0
21617,14.0
21618,14.0
21619,14.0
21620,14.0
21621,14.0
21622,14.0
21623,14.0
21624,14.0
21625,14.0
21626,14.0
21627,14.0
21628,14.0
21629,14.0
21630,14.0
21631,14.0
21632,14.0
21633,14.0
21634,14.0
21635,14.0
21636,14.0
21637,14.0
21638,14.0
21639,14.0
21640,14.0
21641,14.0
21642,14.0
21643,14.0
21644,14.0
21645,14.0
21646,14.0
21647,14.0
21648,14.0
21649,14.0
21650,14.0
21651,14.0
21652,14.0
21653,14.0
21654,14.0
21655,14.0
21656,14.0
21657,14.0
21658,14.0
21659,14.0
21660,14.0
21661,14.0
21662,14.0
21663,14.0
21664,14.0
21665,14.0
21666,14.0
21667,14.0
21668,14.0
21669,14.0
21670,14.0
21671,14.0
21672,14.0
21673,14.0
21674,14.0
21675,14.0
21676,14.0
21677,14.0
21678,14.0
21679,14.0
21680,14.0
21681,14.0
21682,14.0
21683,14.0
21684,14.0
21685,14.0
21686,14.0
21687,14.0
21688,14.0
21689,14.0
21690,14.0
21691,14.0
21692,14.0
21693,14.0
21694,14.0
21695,14.0
21696,14.0
21697,14.0
21698,14.0
21699,14.0
21700,14.0
21701,14.0
21702,15.0
21703,15.0
21704,15.0
21705,15.0
21706,15.0
21707,15.0
21708,15.0
21709,15.0
21710,15.0
21711,15.0
21712,15.0
21713,15.0
21714,15.0
21715,15.0
21716,15.0
21717,15.0
21718,15.0
21719,15.0
21720,15.0
21721,15.0
21722,15.0
21723,15.0
21724,15.0
21725,15.0
21726,15.0
21727,15.0
21728,15.0
21729,15.0
21730,15.0
21731,15.0
21732,15.0
21733,15.0
21734,15.0
21735,15.0
21736,15.0
21737,15.0
21738,15.0
21739,15.0
21740,15.0
21741,15.0
21742,15.0
21743,15.0
21744,15.0
21745,14.0
21746,14.0
21747,14.0
21748,13.0
21749,13.0
21750,13.0
21751,13.0
21752,13.0
21753,13.0
21754,13.0
21755,13.0
21756,13.0
21757,13.0
21758,13.0
21759,13.0
21760,13.0
21761,13.0
21762,13.0
21763,13.0
21764,13.0
21765,13.0
21766,13.0
21767,13.0
21768,13.0
21769,13.0
21770,13.0
21771,13.0
21772,13.0
21773,13.0
21774,13.0
21775,13.0
21776,13.0
21777,13.0
21778,13.0
21779,13.0
21780,13.0
21781,13.0
21782,13.0
21783,13.0
21784,13.0
21785,13.0
21786,13.0
21787,13.0
21788,13.0
21789,13.0
21790,13.0
21791,13.0
21792,13.0
21793,13.0
21794,13.0
21795,13.0
21796,13.0
21797,13.0
21798,13.0
21799,13.0
21800,13.0
21801,13.0
21802,13.0
21803,13.0
21804,13.0
21805,13.0
21806,13.0
21807,13.0
21808,13.0
21809,13.0
21810,13.0
21811,13.0
21812,13.0
21813,13.0
21814,13.0
21815,12.0
21816,12.0
21817,12.0
21818,12.0
21819,12.0
21820,12.0
21821,12.0
21822,12.0
21823,12.0
21824,12.0
21825,12.0
21826,12.0
21827,12.0
21828,12.0
21829,12.0
21830,12.0
21831,12.0
21832,12.0
21833,12.0
21834,12.0
21835,12.0
21836,12.0
21837,12.0
21838,12.0
21839,12.0
21840,12.0
21841,12.0
21842,12.0
21843,12.0
21844,12.0
21845,12.0
21846,12.0
21847,12.0
21848,12.0
21849,12.0
21850,12.0
21851,12.0
21852,12.0
21853,12.0
21854,12.0
21855,12.0
21856,12.0
21857,12.0
21858,12.0
21859,12.0
21860,12.0
21861,12.0
21862,12.0
21863,12.0
21864,12.0
21865,12.0
21866,12.0
21867,12.0
21868,12.0
21869,13.0
21870,13.0
21871,13.0
21872,13.0
21873,13.0
21874,13.0
21875,13.0
21876,13.0
21877,13.0
21878,13.0
21879,13.0
21880,13.0
21881,13.0
21882,13.0
21883,13.0
21884,13.0
21885,13.0
21886,13.0
21887,13.0
21888,13.0
21889,13.0
21890,13.0
21891,13.0
21892,13.0
21893,13.0
21894,13.0
21895,13.0
21896,13.0
21897,13.0
21898,13.0
21899,13.0
21900,13.0
21901,13.0
21902,13.0
21903,13.0
21904,13.0
21905,13.0
21906,10.0
21907,10.0
21908,10.0
21909,9.0
21910,9.0
21911,9.0
21912,9.0
21913,9.0
21914,9.0
21915,9.0
21916,9.0
21917,9.0
21918,9.0
21919,9.0
21920,9.0
21921,9.0
21922,9.0
21923,9.0
21924,9.0
21925,9.0
21926,9.0
21927,9.0
21928,9.0
21929,9.0
21930,9.0
21931,9.0
21932,9.0
21933,9.0
21934,9.0
21935,9.0
21936,9.0
21937,9.0
21938,9.0
21939,9.0
21940,7.0
21941,7.0
21942,7.0
21943,7.0
21944,7.0
21945,7.0
21946,7.0
21947,7.0
21948,7.0
21949,7.0
21950,7.0
21951,7.0
21952,7.0
21953,7.0
21954,7.0
21955,7.0
21956,7.0
21957,7.0
21958,7.0
21959,7.0
21960,7.0
21961,7.0
21962,7.0
21963,7.0
21964,7.0
21965,7.0
21966,7.0
21967,7.0
21968,7.0
21969,7.0
21970,7.0
21971,7.0
21972,7.0
21973,7.0
21974,7.0
21975,7.0
21976,7.0
21977,7.0
21978,7.0
21979,7.0
21980,7.0
21981,7.0
21982,7.0
21983,7.0
21984,7.0
21985,7.0
21986,7.0
21987,7.0
21988,7.0
21989,7.0
21990,7.0
21991,7.0
21992,7.0
21993,7.0
21994,7.0
21995,7.0
21996,7.0
21997,7.0
21998,7.0
21999,7.0
22000,7.0
22001,7.0
22002,7.0
22003,7.0
22004,7.0
22005,7.0
22006,8.0
22007,8.0
22008,8.0
22009,8.0
22010,8.0
22011,8.0
22012,8.0
22013,8.0
22014,8.0
22015,8.0
22016,8.0
22017,8.0
22018,8.0
22019,8.0
22020,8.0
22021,8.0
22022,8.0
22023,8.0
22024,8.0
22025,8.0
22026,8.0
22027,8.0
22028,8.0
22029,8.0
22030,8.0
22031,8.0
22032,8.0
22033,8.0
22034,8.0
22035,8.0
22036,8.0
22037,8.0
22038,8.0
22039,8.0
22040,8.0
22041,8.0
22042,8.0
22043,8.0
22044,8.0
22045,8.0
22046,8.0
22047,8.0
22048,8.0
22049,9.0
22050,9.0
22051,9.0
22052,9.0
22053,9.0
22054,9.0
22055,9.0
22056,9.0
22057,9.0
22058,9.0
22059,9.0
22060,9.0
22061,9.0
22062,9.0
22063,9.0
22064,9.0
22065,9.0
22066,9.0
22067,9.0
22068,9.0
22069,9.0
22070,9.0
22071,9.0
22072,9.0
22073,9.0
22074,9.0
22075,9.0
22076,9.0
22077,9.0
22078,9.0
22079,9.0
22080,9.0
22081,9.0
22082,9.0
22083,9.0
22084,9.0
22085,9.0
22086,9.0
22087,8.0
22088,8.0
22089,8.0
22090,8.0
22091,8.0
22092,8.0
22093,8.0
22094,8.0
22095,8.0
22096,8.0
22097,8.0
22098,8.0
22099,8.0
22100,8.0
22101,8.0
22102,8.0
22103,8.0
22104,8.0
22105,8.0
22106,8.0
22107,8.0
22108,8.0
22109,8.0
22110,8.0
22111,8.0
22112,8.0
22113,8.0
22114,8.0
22115,8.0
22116,9.0
22117,9.0
22118,9.0
22119,9.0
22120,9.0
22121,9.0
22122,9.0
22123,9.0
22124,9.0
22125,9.0
22126,9.0
22127,9.0
22128,9.0
22129,9.0
22130,9.0
22131,9.0
22132,9.0
22133,9.0
22134,9.0
22135,9.0
22136,9.0
22137,9.0
22138,9.0
22139,9.0
22140,9.0
22141,9.0
22142,9.0
22143,9.0
22144,9.0
22145,9.0
22146,9.0
22147,9.0
22148,9.0
22149,9.0
22150,9.0
22151,9.0
22152,9.0
22153,9.0
22154,9.0
22155,9.0
22156,9.0
22157,9.0
22158,9.0
22159,9.0
22160,9.0
22161,9.0
22162,9.0
22163,9.0
22164,9.0
22165,9.0
22166,9.0
22167,9.0
22168,9.0
22169,9.0
22170,9.0
22171,9.0
22172,9.0
22173,9.0
22174,9.0
22175,9.0
22176,9.0
22177,9.0
22178,9.0
22179,9.0
22180,9.0
22181,9.0
22182,9.0
22183,9.0
22184,8.0
22185,8.0
22186,8.0
22187,8.0
22188,8.0
22189,8.0
22190,8.0
22191,8.0
22192,8.0
22193,8.0
22194,8.0
22195,8.0
22196,8.0
22197,8.0
22198,8.0
22199,8.0
22200,8.0
22201,8.0
22202,8.0
22203,8.0
22204,8.0
22205,8.0
22206,8.0
22207,8.0
22208,8.0
22209,8.0
22210,8.0
22211,8.0
22212,8.0
22213,8.0
22214,8.0
22215,7.0
22216,8.0
22217,8.0
22218,8.0
22219,8.0
22220,8.0
22221,8.0
22222,8.0
22223,8.0
22224,8.0
22225,8.0
22226,8.0
22227,8.0
22228,8.0
22229,8.0
22230,8.0
22231,8.0
22232,8.0
22233,8.0
22234,8.0
22235,8.0
22236,8.0
22237,8.0
22238,8.0
22239,8.0
22240,8.0
22241,8.0
22242,8.0
22243,8.0
22244,8.0
22245,8.0
22246,8.0
22247,8.0
22248,8.0
22249,8.0
22250,8.0
22251,8.0
22252,8.0
22253,8.0
22254,8.0
22255,8.0
22256,8.0
22257,8.0
22258,8.0
22259,8.0
22260,8.0
22261,8.0
22262,8.0
22263,8.0
22264,8.0
22265,8.0
22266,8.0
22267,8.0
22268,8.0
22269,8.0
22270,8.0
22271,9.0
22272,9.0
22273,9.0
22274,9.0
22275,9.0
22276,9.0
22277,9.0
22278,9.0
22279,9.0
22280,9.0
22281,9.0
22282,9.0
22283,9.0
22284,9.0
22285,9.0
22286,9.0
22287,9.0
22288,9.0
22289,9.0
22290,9.0
22291,9.0
22292,9.0
22293,9.0
22294,9.0
22295,9.0
22296,9.0
22297,9.0
22298,9.0
22299,9.0
22300,9.0
22301,9.0
22302,9.0
22303,9.0
22304,9.0
22305,9.0
22306,9.0
22307,9.0
22308,9.0
22309,9.0
22310,9.0
22311,9.0
22312,9.0
22313,9.0
22314,9.0
22315,9.0
22316,9.0
22317,9.0
22318,9.0
22319,9.0
22320,9.0
22321,9.0
22322,9.0
22323,9.0
22324,9.0
22325,9.0
22326,9.0
22327,9.0
22328,9.0
22329,9.0
22330,9.0
22331,9.0
22332,9.0
22333,9.0
22334,9.0
22335,9.0
22336,9.0
22337,9.0
22338,9.0
22339,9.0
22340,9.0
22341,9.0
22342,9.0
22343,10.0
22344,10.0
22345,10.0
22346,10.0
22347,9.0
22348,9.0
22349,9.0
22350,9.0
22351,9.0
22352,9.0
22353,9.0
22354,9.0
22355,9.0
22356,9.0
22357,9.0
22358,9.0
22359,9.0
22360,9.0
22361,9.0
22362,9.0
22363,9.0
22364,9.0
22365,9.0
22366,9.0
22367,9.0
22368,9.0
22369,9.0
22370,9.0
22371,9.0
22372,9.0
22373,9.0
22374,9.0
22375,9.0
22376,8.0
22377,8.0
22378,8.0
22379,8.0
22380,8.0
22381,8.0
22382,8.0
22383,8.0
22384,8.0
22385,8.0
22386,8.0
22387,8.0
22388,8.0
22389,8.0
22390,8.0
22391,8.0
22392,8.0
22393,8.0
22394,8.0
22395,8.0
22396,8.0
22397,8.0
22398,8.0
22399,8.0
22400,8.0
22401,8.0
22402,8.0
22403,8.0
22404,8.0
22405,8.0
22406,8.0
22407,8.0
22408,8.0
22409,8.0
22410,8.0
22411,8.0
22412,8.0
22413,8.0
22414,8.0
22415,8.0
22416,8.0
22417,8.0
22418,8.0
22419,8.0
22420,8.0
22421,8.0
22422,8.0
22423,8.0
22424,8.0
22425,8.0
22426,8.0
22427,8.0
22428,8.0
22429,8.0
22430,8.0
22431,8.0
22432,8.0
22433,8.0
22434,8.0
22435,8.0
22436,8.0
22437,8.0
22438,8.0
22439,8.0
22440,8.0
22441,8.0
22442,8.0
22443,8.0
22444,8.0
22445,8.0
22446,8.0
22447,8.0
22448,8.0
22449,8.0
22450,8.0
22451,8.0
22452,8.0
22453,8.0
22454,8.0
22455,8.0
22456,8.0
22457,8.0
22458,8.0
22459,8.0
22460,8.0
22461,8.0
22462,8.0
22463,8.0
22464,8.0
22465,8.0
22466,8.0
22467,8.0
22468,8.0
22469,8.0
22470,8.0
22471,8.0
22472,8.0
22473,8.0
22474,8.0
22475,8.0
22476,8.0
22477,8.0
22478,8.0
22479,8.0
22480,8.0
22481,8.0
22482,8.0
22483,8.0
22484,8.0
22485,8.0
22486,8.0
22487,8.0
22488,8.0
22489,8.0
22490,8.0
22491,8.0
22492,8.0
22493,8.0
22494,8.0
22495,8.0
22496,8.0
22497,8.0
22498,8.0
22499,8.0
22500,8.0
22501,8.0
22502,8.0
22503,8.0
22504,8.0
22505,8.0
22506,8.0
22507,8.0
22508,8.0
22509,8.0
22510,8.0
22511,8.0
22512,8.0
22513,8.0
22514,8.0
22515,8.0
22516,8.0
22517,8.0
22518,8.0
22519,8.0
22520,8.0
22521,8.0
22522,8.0
22523,8.0
22524,8.0
22525,8.0
22526,8.0
22527,8.0
22528,8.0
22529,8.0
22530,8.0
22531,8.0
22532,8.0
22533,8.0
22534,8.0
22535,8.0
22536,8.0
22537,8.0
22538,8.0
22539,8.0
22540,8.0
22541,8.0
22542,8.0
22543,8.0
22544,8.0
22545,8.0
22546,8.0
22547,8.0
22548,8.0
22549,8.0
22550,8.0
22551,8.0
22552,8.0
22553,8.0
22554,8.0
22555,8.0
22556,8.0
22557,8.0
22558,8.0
22559,8.0
22560,8.0
22561,8.0
22562,8.0
22563,8.0
22564,8.0
22565,8.0
22566,8.0
22567,8.0
22568,8.0
22569,8.0
22570,8.0
22571,8.0
22572,8.0
22573,8.0
22574,8.0
22575,8.0
22576,8.0
22577,8.0
22578,8.0
22579,8.0
22580,8.0
22581,8.0
22582,8.0
22583,8.0
22584,8.0
22585,8.0
22586,8.0
22587,8.0
22588,8.0
22589,8.0
22590,8.0
22591,8.0
22592,8.0
22593,8.0
22594,8.0
22595,8.0
22596,8.0
22597,8.0
22598,8.0
22599,8.0
22600,8.0
22601,8.0
22602,8.0
22603,8.0
22604,8.0
22605,8.0
22606,8.0
22607,8.0
22608,8.0
22609,8.0
22610,8.0
22611,8.0
22612,8.0
22613,8.0
22614,8.0
22615,8.0
22616,8.0
22617,8.0
22618,8.0
22619,8.0
22620,8.0
22621,8.0
22622,8.0
22623,8.0
22624,8.0
22625,8.0
22626,8.0
22627,8.0
22628,8.0
22629,8.0
22630,8.0
22631,8.0
22632,8.0
22633,8.0
22634,8.0
22635,8.0
22636,8.0
22637,8.0
22638,8.0
22639,8.0
22640,8.0
22641,8.0
22642,8.0
22643,8.0
22644,8.0
22645,8.0
22646,8.0
22647,8.0
22648,8.0
22649,8.0
22650,8.0
22651,8.0
22652,8.0
22653,8.0
22654,8.0
22655,8.0
22656,8.0
22657,8.0
22658,8.0
22659,8.0
22660,8.0
22661,8.0
22662,8.0
22663,8.0
22664,8.0
22665,8.0
22666,8.0
22667,8.0
22668,8.0
22669,8.0
22670,8.0
22671,8.0
22672,8.0
22673,8.0
22674,8.0
22675,8.0
22676,8.0
22677,8.0
22678,8.0
22679,8.0
22680,8.0
22681,8.0
22682,8.0
22683,8.0
22684,8.0
22685,8.0
22686,8.0
22687,8.0
22688,8.0
22689,8.0
22690,8.0
22691,8.0
22692,8.0
22693,8.0
22694,8.0
22695,8.0
22696,8.0
22697,8.0
22698,8.0
22699,8.0
22700,8.0
22701,8.0
22702,8.0
22703,8.0
22704,8.0
22705,8.0
22706,8.0
22707,9.0
22708,9.0
22709,9.0
22710,9.0
22711,9.0
22712,9.0
22713,9.0
22714,9.0
22715,9.0
22716,9.0
22717,9.0
22718,9.0
22719,9.0
22720,9.0
22721,9.0
22722,9.0
22723,9.0
22724,9.0
22725,9.0
22726,9.0
22727,9.0
22728,9.0
22729,9.0
22730,9.0
22731,9.0
22732,9.0
22733,9.0
22734,9.0
22735,9.0
22736,9.0
22737,9.0
22738,9.0
22739,9.0
22740,9.0
22741,9.0
22742,9.0
22743,9.0
22744,9.0
22745,9.0
22746,9.0
22747,9.0
22748,9.0
22749,9.0
22750,9.0
22751,9.0
22752,9.0
22753,9.0
22754,9.0
22755,9.0
22756,9.0
22757,9.0
22758,9.0
22759,9.0
22760,9.0
22761,9.0
22762,9.0
22763,9.0
22764,9.0
22765,9.0
22766,9.0
22767,9.0
22768,9.0
22769,9.0
22770,9.0
22771,9.0
22772,9.0
22773,9.0
22774,9.0
22775,9.0
22776,9.0
22777,9.0
22778,9.0
22779,9.0
22780,9.0
22781,9.0
22782,9.0
22783,9.0
22784,9.0
22785,9.0
22786,9.0
22787,9.0
22788,9.0
22789,9.0
22790,9.0
22791,9.0
22792,9.0
22793,9.0
22794,9.0
22795,9.0
22796,9.0
22797,9.0
22798,9.0
22799,9.0
22800,9.0
22801,9.0
22802,9.0
22803,9.0
22804,9.0
22805,9.0
22806,9.0
22807,9.0
22808,9.0
22809,9.0
22810,9.0
22811,9.0
22812,9.0
22813,9.0
22814,9.0
22815,9.0
22816,9.0
22817,9.0
22818,9.0
22819,9.0
22820,9.0
22821,9.0
22822,9.0
22823,9.0
22824,9.0
22825,9.0
22826,9.0
22827,9.0
22828,9.0
22829,9.0
22830,9.0
22831,9.0
22832,9.0
22833,9.0
22834,9.0
22835,9.0
22836,9.0
22837,9.0
22838,9.0
22839,9.0
22840,9.0
22841,9.0
22842,9.0
22843,9.0
22844,9.0
22845,9.0
22846,9.0
22847,9.0
22848,9.0
22849,9.0
22850,9.0
22851,9.0
22852,9.0
22853,9.0
22854,9.0
22855,8.0
22856,8.0
22857,8.0
22858,8.0
22859,8.0
22860,8.0
22861,8.0
22862,8.0
22863,8.0
22864,8.0
22865,8.0
22866,8.0
22867,8.0
22868,8.0
22869,8.0
22870,8.0
22871,8.0
22872,8.0
22873,8.0
22874,8.0
22875,8.0
22876,8.0
22877,8.0
22878,8.0
22879,8.0
22880,8.0
22881,8.0
22882,8.0
22883,8.0
22884,8.0
22885,8.0
22886,8.0
22887,8.0
22888,8.0
22889,8.0
22890,8.0
22891,8.0
22892,8.0
22893,8.0
22894,8.0
22895,8.0
22896,8.0
22897,8.0
22898,8.0
22899,9.0
22900,9.0
22901,9.0
22902,9.0
22903,9.0
22904,9.0
22905,9.0
22906,9.0
22907,9.0
22908,9.0
22909,9.0
22910,9.0
22911,9.0
22912,9.0
22913,9.0
22914,9.0
22915,9.0
22916,9.0
22917,9.0
22918,9.0
22919,9.0
22920,9.0
22921,9.0
22922,9.0
22923,9.0
22924,9.0
22925,9.0
22926,9.0
22927,9.0
22928,9.0
22929,9.0
22930,9.0
22931,9.0
22932,9.0
22933,9.0
22934,9.0
22935,9.0
22936,9.0
22937,9.0
22938,9.0
22939,9.0
22940,9.0
22941,9.0
22942,9.0
22943,9.0
22944,9.0
22945,9.0
22946,9.0
22947,9.0
22948,9.0
22949,9.0
22950,9.0
22951,9.0
22952,9.0
22953,9.0
22954,9.0
22955,9.0
22956,9.0
22957,9.0
22958,9.0
22959,9.0
22960,9.0
22961,9.0
22962,9.0
22963,9.0
22964,9.0
22965,9.0
22966,9.0
22967,9.0
22968,9.0
22969,9.0
22970,9.0
22971,9.0
22972,9.0
22973,9.0
22974,9.0
22975,9.0
22976,9.0
22977,9.0
22978,9.0
22979,9.0
22980,9.0
22981,9.0
22982,9.0
22983,9.0
22984,9.0
22985,9.0
22986,9.0
22987,9.0
22988,9.0
22989,9.0
22990,9.0
22991,9.0
22992,9.0
22993,9.0
22994,9.0
22995,9.0
22996,9.0
22997,9.0
22998,9.0
22999,9.0
23000,9.0
23001,9.0
23002,9.0
23003,9.0
23004,9.0
23005,9.0
23006,9.0
23007,9.0
23008,9.0
23009,9.0
23010,9.0
23011,9.0
23012,9.0
23013,9.0
23014,9.0
23015,9.0
23016,9.0
23017,9.0
23018,9.0
23019,9.0
23020,9.0
23021,9.0
23022,9.0
23023,9.0
23024,9.0
23025,9.0
23026,9.0
23027,9.0
23028,9.0
23029,9.0
23030,9.0
23031,9.0
23032,9.0
23033,9.0
23034,9.0
23035,9.0
23036,9.0
23037,9.0
23038,9.0
23039,9.0
23040,9.0
23041,9.0
23042,9.0
23043,9.0
23044,9.0
23045,9.0
23046,9.0
23047,9.0
23048,9.0
23049,9.0
23050,9.0
23051,9.0
23052,9.0
23053,9.0
23054,9.0
23055,9.0
23056,9.0
23057,9.0
23058,9.0
23059,9.0
23060,9.0
23061,9.0
23062,9.0
23063,9.0
23064,9.0
23065,9.0
23066,9.0
23067,9.0
23068,9.0
23069,9.0
23070,9.0
23071,9.0
23072,9.0
23073,9.0
23074,9.0
23075,9.0
23076,9.0
23077,9.0
23078,9.0
23079,9.0
23080,9.0
23081,9.0
23082,9.0
23083,9.0
23084,9.0
23085,9.0
23086,9.0
23087,9.0
23088,9.0
23089,9.0
23090,9.0
23091,9.0
23092,9.0
23093,9.0
23094,9.0
23095,9.0
23096,9.0
23097,9.0
23098,9.0
23099,9.0
23100,9.0
23101,9.0
23102,9.0
23103,9.0
23104,9.0
23105,9.0
23106,9.0
23107,9.0
23108,9.0
23109,9.0
23110,9.0
23111,9.0
23112,9.0
23113,9.0
23114,9.0
23115,9.0
23116,9.0
23117,9.0
23118,9.0
23119,9.0
23120,9.0
23121,9.0
23122,9.0
23123,9.0
23124,9.0
23125,9.0
23126,9.0
23127,9.0
23128,9.0
23129,9.0
23130,9.0
23131,9.0
23132,9.0
23133,9.0
23134,9.0
23135,9.0
23136,9.0
23137,9.0
23138,9.0
23139,9.0
23140,9.0
23141,9.0
23142,9.0
23143,9.0
23144,9.0
23145,9.0
23146,9.0
23147,9.0
23148,9.0
23149,9.0
23150,9.0
23151,9.0
23152,9.0
23153,9.0
23154,9.0
23155,9.0
23156,9.0
23157,9.0
23158,9.0
23159,9.0
23160,9.0
23161,9.0
23162,9.0
23163,9.0
23164,9.0
23165,9.0
23166,9.0
23167,9.0
23168,9.0
23169,9.0
23170,9.0
23171,9.0
23172,9.0
23173,9.0
23174,9.0
23175,9.0
23176,9.0
23177,9.0
23178,9.0
23179,9.0
23180,9.0
23181,9.0
23182,9.0
23183,9.0
23184,9.0
23185,9.0
23186,9.0
23187,9.0
23188,9.0
23189,9.0
23190,9.0
23191,9.0
23192,9.0
23193,9.0
23194,9.0
23195,9.0
23196,9.0
23197,9.0
23198,9.0
23199,9.0
23200,9.0
23201,9.0
23202,9.0
23203,9.0
23204,9.0
23205,9.0
23206,9.0
23207,9.0
23208,9.0
23209,9.0
23210,9.0
23211,9.0
23212,9.0
23213,9.0
23214,9.0
23215,9.0
23216,9.0
23217,9.0
23218,9.0
23219,9.0
23220,9.0
23221,9.0
23222,9.0
23223,9.0
23224,9.0
23225,9.0
23226,9.0
23227,9.0
23228,9.0
23229,9.0
23230,9.0
23231,9.0
23232,9.0
23233,9.0
23234,9.0
23235,9.0
23236,9.0
23237,9.0
23238,9.0
23239,9.0
23240,9.0
23241,9.0
23242,9.0
23243,9.0
23244,9.0
23245,9.0
23246,9.0
23247,9.0
23248,9.0
23249,9.0
23250,9.0
23251,9.0
23252,9.0
23253,9.0
23254,9.0
23255,9.0
23256,9.0
23257,9.0
23258,9.0
23259,9.0
23260,9.0
23261,9.0
23262,9.0
23263,9.0
23264,9.0
23265,9.0
23266,9.0
23267,9.0
23268,9.0
23269,9.0
23270,9.0
23271,9.0
23272,9.0
23273,9.0
23274,9.0
23275,9.0
23276,9.0
23277,9.0
23278,9.0
23279,9.0
23280,9.0
23281,9.0
23282,9.0
23283,9.0
23284,10.0
23285,10.0
23286,10.0
23287,10.0
23288,10.0
23289,10.0
23290,10.0
23291,10.0
23292,10.0
23293,10.0
23294,10.0
23295,10.0
23296,10.0
23297,10.0
23298,10.0
23299,10.0
23300,10.0
23301,10.0
23302,10.0
23303,10.0
23304,10.0
23305,10.0
23306,10.0
23307,10.0
23308,10.0
23309,10.0
23310,10.0
23311,10.0
23312,10.0
23313,10.0
23314,10.0
23315,10.0
23316,10.0
23317,10.0
23318,10.0
23319,10.0
23320,10.0
23321,10.0
23322,10.0
23323,10.0
23324,10.0
23325,10.0
23326,10.0
23327,10.0
23328,10.0
23329,10.0
23330,10.0
23331,10.0
23332,10.0
23333,10.0
23334,10.0
23335,10.0
23336,10.0
23337,10.0
23338,10.0
23339,10.0
23340,10.0
23341,10.0
23342,10.0
23343,10.0
23344,10.0
23345,10.0
23346,10.0
23347,10.0
23348,10.0
23349,10.0
23350,10.0
23351,10.0
23352,10.0
23353,10.0
23354,10.0
23355,10.0
23356,10.0
23357,10.0
23358,10.0
23359,10.0
23360,10.0
23361,10.0
23362,10.0
23363,10.0
23364,10.0
23365,10.0
23366,10.0
23367,10.0
23368,10.0
23369,10.0
23370,10.0
23371,10.0
23372,10.0
23373,10.0
23374,10.0
23375,10.0
23376,10.0
23377,10.0
23378,10.0
23379,10.0
23380,10.0
23381,10.0
23382,10.0
23383,10.0
23384,10.0
23385,10.0
23386,10.0
23387,10.0
23388,10.0
23389,10.0
23390,10.0
23391,10.0
23392,10.0
23393,10.0
23394,10.0
23395,10.0
23396,10.0
23397,10.0
23398,10.0
23399,10.0
23400,10.0
23401,10.0
23402,10.0
23403,10.0
23404,10.0
23405,10.0
23406,10.0
23407,10.0
23408,10.0
23409,10.0
23410,10.0
23411,11.0
23412,11.0
23413,11.0
23414,11.0
23415,11.0
23416,11.0
23417,11.0
23418,11.0
23419,11.0
23420,11.0
23421,11.0
23422,11.0
23423,11.0
23424,11.0
23425,11.0
23426,11.0
23427,11.0
23428,11.0
23429,11.0
23430,11.0
23431,11.0
23432,11.0
23433,11.0
23434,11.0
23435,11.0
23436,11.0
23437,11.0
23438,11.0
23439,11.0
23440,11.0
23441,11.0
23442,11.0
23443,11.0
23444,11.0
23445,11.0
23446,11.0
23447,11.0
23448,11.0
23449,11.0
23450,11.0
23451,11.0
23452,11.0
23453,11.0
23454,11.0
23455,11.0
23456,11.0
23457,11.0
23458,11.0
23459,11.0
23460,11.0
23461,11.0
23462,11.0
23463,11.0
23464,11.0
23465,11.0
23466,11.0
23467,11.0
23468,11.0
23469,11.0
23470,11.0
23471,11.0
23472,11.0
23473,11.0
23474,11.0
23475,11.0
23476,11.0
23477,11.0
23478,11.0
23479,11.0
23480,11.0
23481,11.0
23482,11.0
23483,11.0
23484,11.0
23485,11.0
23486,11.0
23487,11.0
23488,11.0
23489,11.0
23490,11.0
23491,11.0
23492,11.0
23493,11.0
23494,11.0
23495,11.0
23496,11.0
23497,11.0
23498,11.0
23499,11.0
23500,11.0
23501,11.0
23502,11.0
23503,11.0
23504,11.0
23505,11.0
23506,11.0
23507,11.0
23508,11.0
23509,11.0
23510,11.0
23511,11.0
23512,11.0
23513,11.0
23514,11.0
23515,11.0
23516,11.0
23517,11.0
23518,11.0
23519,11.0
23520,11.0
23521,11.0
23522,11.0
23523,11.0
23524,11.0
23525,11.0
23526,11.0
23527,11.0
23528,11.0
23529,11.0
23530,11.0
23531,11.0
23532,11.0
23533,11.0
23534,11.0
23535,11.0
23536,11.0
23537,11.0
23538,11.0
23539,11.0
23540,11.0
23541,11.0
23542,11.0
23543,11.0
23544,11.0
23545,11.0
23546,11.0
23547,11.0
23548,11.0
23549,11.0
23550,11.0
23551,11.0
23552,11.0
23553,11.0
23554,11.0
23555,11.0
23556,11.0
23557,11.0
23558,11.0
23559,11.0
23560,11.0
23561,11.0
23562,11.0
23563,11.0
23564,11.0
23565,11.0
23566,11.0
23567,11.0
23568,11.0
23569,11.0
23570,11.0
23571,11.0
23572,11.0
23573,11.0
23574,11.0
23575,11.0
23576,11.0
23577,11.0
23578,11.0
23579,11.0
23580,11.0
23581,11.0
23582,11.0
23583,11.0
23584,11.0
23585,11.0
23586,11.0
23587,11.0
23588,11.0
23589,11.0
23590,11.0
23591,11.0
23592,11.0
23593,11.0
23594,11.0
23595,11.0
23596,11.0
23597,11.0
23598,11.0
23599,11.0
23600,11.0
23601,11.0
23602,11.0
23603,11.0
23604,11.0
23605,11.0
23606,11.0
23607,11.0
23608,11.0
23609,11.0
23610,11.0
23611,11.0
23612,11.0
23613,11.0
23614,11.0
23615,11.0
23616,11.0
23617,11.0
23618,11.0
23619,11.0
23620,11.0
23621,11.0
23622,11.0
23623,11.0
23624,11.0
23625,11.0
23626,11.0
23627,11.0
23628,11.0
23629,11.0
23630,11.0
23631,11.0
23632,11.0
23633,11.0
23634,11.0
23635,11.0
23636,11.0
23637,11.0
23638,11.0
23639,11.0
23640,11.0
23641,11.0
23642,11.0
23643,11.0
23644,11.0
23645,11.0
23646,11.0
23647,11.0
23648,11.0
23649,11.0
23650,11.0
23651,11.0
23652,11.0
23653,11.0
23654,11.0
23655,11.0
23656,11.0
23657,11.0
23658,11.0
23659,11.0
23660,11.0
23661,11.0
23662,11.0
23663,11.0
23664,11.0
23665,11.0
23666,11.0
23667,11.0
23668,11.0
23669,11.0
23670,11.0
23671,11.0
23672,11.0
23673,11.0
23674,11.0
23675,11.0
23676,11.0
23677,11.0
23678,11.0
23679,11.0
23680,11.0
23681,11.0
23682,11.0
23683,11.0
23684,11.0
23685,11.0
23686,11.0
23687,11.0
23688,11.0
23689,11.0
23690,11.0
23691,11.0
23692,11.0
23693,11.0
23694,11.0
23695,11.0
23696,11.0
23697,11.0
23698,11.0
23699,11.0
23700,11.0
23701,11.0
23702,11.0
23703,11.0
23704,11.0
23705,11.0
23706,11.0
23707,11.0
23708,11.0
23709,11.0
23710,11.0
23711,11.0
23712,11.0
23713,11.0
23714,11.0
23715,11.0
23716,11.0
23717,11.0
23718,11.0
23719,11.0
23720,11.0
23721,11.0
23722,11.0
23723,11.0
23724,11.0
23725,11.0
23726,11.0
23727,11.0
23728,11.0
23729,11.0
23730,11.0
23731,11.0
23732,11.0
23733,11.0
23734,11.0
23735,11.0
23736,11.0
23737,11.0
23738,11.0
23739,11.0
23740,11.0
23741,11.0
23742,11.0
23743,11.0
23744,11.0
23745,11.0
23746,11.0
23747,11.0
23748,11.0
23749,11.0
23750,11.0
23751,11.0
23752,11.0
23753,11.0
23754,11.0
23755,11.0
23756,11.0
23757,11.0
23758,11.0
23759,11.0
23760,11.0
23761,11.0
23762,11.0
23763,11.0
23764,11.0
23765,11.0
23766,11.0
23767,10.0
23768,10.0
23769,10.0
23770,10.0
23771,10.0
23772,10.0
23773,10.0
23774,10.0
23775,10.0
23776,10.0
23777,10.0
23778,10.0
23779,10.0
23780,11.0
23781,11.0
23782,11.0
23783,11.0
23784,11.0
23785,11.0
23786,11.0
23787,11.0
23788,11.0
23789,11.0
23790,11.0
23791,11.0
23792,11.0
23793,11.0
23794,11.0
23795,11.0
23796,11.0
23797,11.0
23798,11.0
23799,11.0
23800,11.0
23801,11.0
23802,11.0
23803,11.0
23804,11.0
23805,11.0
23806,11.0
23807,11.0
23808,11.0
23809,11.0
23810,11.0
23811,11.0
23812,11.0
23813,11.0
23814,11.0
23815,11.0
23816,11.0
23817,11.0
23818,11.0
23819,11.0
23820,11.0
23821,11.0
23822,11.0
23823,11.0
23824,11.0
23825,11.0
23826,11.0
23827,11.0
23828,11.0
23829,11.0
23830,11.0
23831,11.0
23832,11.0
23833,11.0
23834,11.0
23835,11.0
23836,11.0
23837,11.0
23838,11.0
23839,11.0
23840,11.0
23841,11.0
23842,11.0
23843,11.0
23844,11.0
23845,11.0
23846,11.0
23847,11.0
23848,11.0
23849,11.0
23850,11.0
23851,11.0
23852,11.0
23853,11.0
23854,11.0
23855,11.0
23856,11.0
23857,11.0
23858,11.0
23859,11.0
23860,11.0
23861,11.0
23862,11.0
23863,11.0
23864,11.0
23865,11.0
23866,11.0
23867,11.0
23868,11.0
23869,11.0
23870,11.0
23871,11.0
23872,11.0
23873,11.0
23874,11.0
23875,11.0
23876,11.0
23877,11.0
23878,11.0
23879,11.0
23880,11.0
23881,11.0
23882,11.0
23883,11.0
23884,11.0
23885,11.0
23886,11.0
23887,11.0
23888,11.0
23889,11.0
23890,11.0
23891,11.0
23892,11.0
23893,11.0
23894,11.0
23895,11.0
23896,11.0
23897,11.0
23898,11.0
23899,11.0
23900,11.0
23901,11.0
23902,11.0
23903,11.0
23904,11.0
23905,11.0
23906,11.0
23907,11.0
23908,11.0
23909,11.0
23910,11.0
23911,11.0
23912,11.0
23913,11.0
23914,11.0
23915,11.0
23916,11.0
23917,11.0
23918,11.0
23919,11.0
23920,11.0
23921,11.0
23922,11.0
23923,11.0
23924,11.0
23925,11.0
23926,11.0
23927,11.0
23928,11.0
23929,11.0
23930,11.0
23931,11.0
23932,11.0
23933,11.0
23934,11.0
23935,11.0
23936,11.0
23937,11.0
23938,11.0
23939,11.0
23940,11.0
23941,11.0
23942,11.0
23943,11.0
23944,11.0
23945,11.0
23946,11.0
23947,11.0
23948,11.0
23949,11.0
23950,11.0
23951,11.0
23952,11.0
23953,11.0
23954,11.0
23955,11.0
23956,11.0
23957,11.0
23958,11.0
23959,11.0
23960,11.0
23961,11.0
23962,11.0
23963,11.0
23964,11.0
23965,11.0
23966,11.0
23967,11.0
23968,11.0
23969,11.0
23970,11.0
23971,11.0
23972,9.0
23973,9.0
23974,9.0
23975,9.0
23976,9.0
23977,9.0
23978,9.0
23979,9.0
23980,9.0
23981,9.0
23982,9.0
23983,9.0
23984,9.0
23985,9.0
23986,9.0
23987,9.0
23988,9.0
23989,9.0
23990,9.0
23991,9.0
23992,9.0
23993,9.0
23994,9.0
23995,9.0
23996,9.0
23997,9.0
23998,9.0
23999,9.0
24000,9.0
24001,9.0
24002,9.0
24003,9.0
24004,9.0
24005,9.0
24006,9.0
24007,9.0
24008,9.0
24009,9.0
24010,9.0
24011,9.0
24012,9.0
24013,9.0
24014,9.0
24015,9.0
24016,9.0
24017,9.0
24018,9.0
24019,9.0
24020,9.0
24021,9.0
24022,9.0
24023,9.0
24024,9.0
24025,9.0
24026,9.0
24027,9.0
24028,9.0
24029,9.0
24030,9.0
24031,9.0
24032,9.0
24033,9.0
24034,9.0
24035,9.0
24036,9.0
24037,9.0
24038,9.0
24039,9.0
24040,9.0
24041,9.0
24042,9.0
24043,9.0
24044,9.0
24045,9.0
24046,9.0
24047,9.0
24048,9.0
24049,9.0
24050,9.0
24051,9.0
24052,9.0
24053,9.0
24054,9.0
24055,9.0
24056,9.0
24057,9.0
24058,9.0
24059,9.0
24060,9.0
24061,9.0
24062,9.0
24063,9.0
24064,9.0
24065,9.0
24066,9.0
24067,9.0
24068,9.0
24069,9.0
24070,9.0
24071,9.0
24072,9.0
24073,9.0
24074,9.0
24075,9.0
24076,9.0
24077,9.0
24078,9.0
24079,9.0
24080,9.0
24081,9.0
24082,9.0
24083,9.0
24084,9.0
24085,9.0
24086,9.0
24087,9.0
24088,9.0
24089,9.0
24090,9.0
24091,9.0
24092,9.0
24093,9.0
24094,9.0
24095,9.0
24096,9.0
24097,9.0
24098,9.0
24099,9.0
24100,9.0
24101,9.0
24102,9.0
24103,9.0
24104,9.0
24105,9.0
24106,9.0
24107,9.0
24108,9.0
24109,9.0
24110,9.0
24111,9.0
24112,9.0
24113,9.0
24114,9.0
24115,9.0
24116,9.0
24117,9.0
24118,9.0
24119,9.0
24120,9.0
24121,9.0
24122,9.0
24123,9.0
24124,9.0
24125,9.0
24126,9.0
24127,9.0
24128,9.0
24129,9.0
24130,9.0
24131,9.0
24132,9.0
24133,9.0
24134,9.0
24135,9.0
24136,9.0
24137,9.0
24138,9.0
24139,9.0
24140,9.0
24141,9.0
24142,9.0
24143,9.0
24144,9.0
24145,9.0
24146,9.0
24147,9.0
24148,9.0
24149,9.0
24150,9.0
24151,9.0
24152,9.0
24153,9.0
24154,9.0
24155,9.0
24156,9.0
24157,9.0
24158,9.0
24159,9.0
24160,9.0
24161,9.0
24162,9.0
24163,9.0
24164,9.0
24165,9.0
24166,9.0
24167,9.0
24168,9.0
24169,9.0
24170,9.0
24171,9.0
24172,9.0
24173,9.0
24174,9.0
24175,9.0
24176,9.0
24177,9.0
24178,9.0
24179,9.0
24180,9.0
24181,9.0
24182,9.0
24183,9.0
24184,9.0
24185,9.0
24186,9.0
24187,9.0
24188,9.0
24189,9.0
24190,9.0
24191,9.0
24192,9.0
24193,9.0
24194,9.0
24195,9.0
24196,9.0
24197,9.0
24198,9.0
24199,9.0
24200,9.0
24201,9.0
24202,9.0
24203,9.0
24204,9.0
24205,9.0
24206,9.0
24207,9.0
24208,9.0
24209,9.0
24210,9.0
24211,9.0
24212,9.0
24213,9.0
24214,9.0
24215,9.0
24216,9.0
24217,9.0
24218,9.0
24219,9.0
24220,9.0
24221,9.0
24222,9.0
24223,9.0
24224,9.0
24225,9.0
24226,9.0
24227,9.0
24228,9.0
24229,9.0
24230,9.0
24231,9.0
24232,9.0
24233,9.0
24234,9.0
24235,9.0
24236,9.0
24237,9.0
24238,9.0
24239,9.0
24240,9.0
24241,9.0
24242,9.0
24243,9.0
24244,9.0
24245,9.0
24246,9.0
24247,9.0
24248,9.0
24249,9.0
24250,9.0
24251,9.0
24252,9.0
24253,9.0
24254,9.0
24255,9.0
24256,9.0
24257,9.0
24258,9.0
24259,9.0
24260,9.0
24261,9.0
24262,9.0
24263,9.0
24264,9.0
24265,9.0
24266,9.0
24267,9.0
24268,9.0
24269,9.0
24270,9.0
24271,9.0
24272,9.0
24273,9.0
24274,9.0
24275,9.0
24276,9.0
24277,9.0
24278,9.0
24279,9.0
24280,9.0
24281,9.0
24282,9.0
24283,9.0
24284,9.0
24285,9.0
24286,9.0
24287,9.0
24288,9.0
24289,9.0
24290,9.0
24291,9.0
24292,9.0
24293,9.0
24294,9.0
24295,9.0
24296,9.0
24297,9.0
24298,9.0
24299,9.0
24300,9.0
24301,9.0
24302,9.0
24303,9.0
24304,9.0
24305,9.0
24306,9.0
24307,9.0
24308,9.0
24309,9.0
24310,9.0
24311,9.0
24312,9.0
24313,9.0
24314,9.0
24315,9.0
24316,9.0
24317,9.0
24318,9.0
24319,9.0
24320,9.0
24321,9.0
24322,9.0
24323,9.0
24324,9.0
24325,9.0
24326,9.0
24327,9.0
24328,9.0
24329,9.0
24330,9.0
24331,9.0
24332,9.0
24333,9.0
24334,9.0
24335,9.0
24336,9.0
24337,9.0
24338,9.0
24339,9.0
24340,9.0
24341,9.0
24342,9.0
24343,9.0
24344,9.0
24345,9.0
24346,9.0
24347,9.0
24348,9.0
24349,9.0
24350,9.0
24351,9.0
24352,9.0
24353,9.0
24354,9.0
24355,9.0
24356,9.0
24357,9.0
24358,9.0
24359,9.0
24360,9.0
24361,9.0
24362,9.0
24363,9.0
24364,9.0
24365,9.0
24366,9.0
24367,9.0
24368,9.0
24369,9.0
24370,9.0
24371,9.0
24372,9.0
24373,9.0
24374,9.0
24375,9.0
24376,9.0
24377,9.0
24378,9.0
24379,9.0
24380,9.0
24381,9.0
24382,9.0
24383,9.0
24384,9.0
24385,9.0
24386,9.0
24387,9.0
24388,9.0
24389,9.0
24390,9.0
24391,9.0
24392,9.0
24393,9.0
24394,9.0
24395,9.0
24396,9.0
24397,9.0
24398,9.0
24399,9.0
24400,9.0
24401,9.0
24402,9.0
24403,9.0
24404,9.0
24405,9.0
24406,9.0
24407,9.0
24408,9.0
24409,9.0
24410,9.0
24411,9.0
24412,9.0
24413,9.0
24414,9.0
24415,9.0
24416,9.0
24417,9.0
24418,9.0
24419,9.0
24420,9.0
24421,9.0
24422,9.0
24423,9.0
24424,9.0
24425,9.0
24426,9.0
24427,9.0
24428,9.0
24429,9.0
24430,9.0
24431,9.0
24432,9.0
24433,9.0
24434,10.0
24435,10.0
24436,10.0
24437,10.0
24438,10.0
24439,10.0
24440,10.0
24441,10.0
24442,10.0
24443,10.0
24444,10.0
24445,10.0
24446,10.0
24447,10.0
24448,10.0
24449,10.0
24450,10.0
24451,10.0
24452,10.0
24453,10.0
24454,10.0
24455,10.0
24456,10.0
24457,10.0
24458,10.0
24459,10.0
24460,10.0
24461,10.0
24462,10.0
24463,10.0
24464,10.0
24465,10.0
24466,10.0
24467,10.0
24468,10.0
24469,10.0
24470,10.0
24471,10.0
24472,10.0
24473,10.0
24474,10.0
24475,10.0
24476,10.0
24477,10.0
24478,10.0
24479,10.0
24480,10.0
24481,10.0
24482,10.0
24483,10.0
24484,10.0
24485,10.0
24486,10.0
24487,10.0
24488,10.0
24489,10.0
24490,10.0
24491,10.0
24492,10.0
24493,10.0
24494,10.0
24495,10.0
24496,10.0
24497,10.0
24498,10.0
24499,10.0
24500,10.0
24501,10.0
24502,10.0
24503,10.0
24504,10.0
24505,10.0
24506,10.0
24507,10.0
24508,10.0
24509,10.0
24510,10.0
24511,10.0
24512,10.0
24513,10.0
24514,10.0
24515,10.0
24516,10.0
24517,10.0
24518,10.0
24519,10.0
24520,10.0
24521,10.0
24522,10.0
24523,10.0
24524,10.0
24525,10.0
24526,10.0
24527,10.0
24528,10.0
24529,10.0
24530,10.0
24531,10.0
24532,10.0
24533,10.0
24534,10.0
24535,10.0
24536,10.0
24537,10.0
24538,10.0
24539,10.0
24540,10.0
24541,10.0
24542,10.0
24543,10.0
24544,10.0
24545,10.0
24546,10.0
24547,10.0
24548,10.0
24549,10.0
24550,10.0
24551,10.0
24552,10.0
24553,10.0
24554,10.0
24555,10.0
24556,10.0
24557,10.0
24558,10.0
24559,10.0
24560,10.0
24561,10.0
24562,10.0
24563,10.0
24564,10.0
24565,10.0
24566,10.0
24567,10.0
24568,10.0
24569,10.0
24570,10.0
24571,10.0
24572,10.0
24573,10.0
24574,10.0
24575,10.0
24576,10.0
24577,10.0
24578,10.0
24579,10.0
24580,10.0
24581,10.0
24582,10.0
24583,10.0
24584,10.0
24585,10.0
24586,10.0
24587,10.0
24588,10.0
24589,10.0
24590,10.0
24591,10.0
24592,10.0
24593,10.0
24594,10.0
24595,10.0
24596,10.0
24597,10.0
24598,10.0
24599,10.0
24600,10.0
24601,10.0
24602,10.0
24603,10.0
24604,10.0
24605,10.0
24606,10.0
24607,10.0
24608,10.0
24609,10.0
24610,10.0
24611,10.0
24612,10.0
24613,10.0
24614,10.0
24615,10.0
24616,10.0
24617,10.0
24618,10.0
24619,10.0
24620,10.0
24621,10.0
24622,10.0
24623,10.0
24624,10.0
24625,10.0
24626,10.0
24627,10.0
24628,10.0
24629,10.0
24630,10.0
24631,10.0
24632,10.0
24633,10.0
24634,10.0
24635,10.0
24636,10.0
24637,10.0
24638,10.0
24639,10.0
24640,10.0
24641,10.0
24642,10.0
24643,10.0
24644,10.0
24645,10.0
24646,10.0
24647,10.0
24648,10.0
24649,10.0
24650,10.0
24651,10.0
24652,10.0
24653,10.0
24654,10.0
24655,10.0
24656,10.0
24657,10.0
24658,10.0
24659,10.0
24660,10.0
24661,10.0
24662,10.0
24663,10.0
24664,10.0
24665,10.0
24666,10.0
24667,10.0
24668,10.0
24669,10.0
24670,10.0
24671,10.0
24672,10.0
24673,10.0
24674,10.0
24675,10.0
24676,10.0
24677,10.0
24678,10.0
24679,10.0
24680,10.0
24681,10.0
24682,10.0
24683,10.0
24684,10.0
24685,10.0
24686,10.0
24687,10.0
24688,10.0
24689,10.0
24690,10.0
24691,10.0
24692,10.0
24693,10.0
24694,10.0
24695,10.0
24696,10.0
24697,10.0
24698,10.0
24699,10.0
24700,10.0
24701,10.0
24702,10.0
24703,10.0
24704,10.0
24705,10.0
24706,10.0
24707,10.0
24708,10.0
24709,10.0
24710,10.0
24711,10.0
24712,10.0
24713,10.0
24714,10.0
24715,10.0
24716,10.0
24717,10.0
24718,10.0
24719,10.0
24720,10.0
24721,10.0
24722,10.0
24723,10.0
24724,10.0
24725,10.0
24726,10.0
24727,10.0
24728,10.0
24729,10.0
24730,10.0
24731,10.0
24732,10.0
24733,10.0
24734,10.0
24735,10.0
24736,10.0
24737,10.0
24738,10.0
24739,10.0
24740,10.0
24741,10.0
24742,10.0
24743,10.0
24744,10.0
24745,10.0
24746,10.0
24747,10.0
24748,10.0
24749,10.0
24750,10.0
24751,10.0
24752,10.0
24753,10.0
24754,10.0
24755,10.0
24756,10.0
24757,10.0
24758,10.0
24759,10.0
24760,10.0
24761,10.0
24762,10.0
24763,10.0
24764,10.0
24765,10.0
24766,10.0
24767,10.0
24768,10.0
24769,10.0
24770,10.0
24771,10.0
24772,10.0
24773,10.0
24774,10.0
24775,10.0
24776,10.0
24777,10.0
24778,10.0
24779,10.0
24780,10.0
24781,10.0
24782,10.0
24783,10.0
24784,10.0
24785,10.0
24786,10.0
24787,10.0
24788,10.0
24789,10.0
24790,10.0
24791,10.0
24792,10.0
24793,10.0
24794,10.0
24795,10.0
24796,10.0
24797,10.0
24798,10.0
24799,9.0
24800,9.0
24801,9.0
24802,9.0
24803,9.0
24804,9.0
24805,9.0
24806,9.0
24807,9.0
24808,9.0
24809,9.0
24810,9.0
24811,9.0
24812,9.0
24813,9.0
24814,9.0
24815,9.0
24816,9.0
24817,9.0
24818,9.0
24819,9.0
24820,9.0
24821,9.0
24822,9.0
24823,9.0
24824,9.0
24825,9.0
24826,9.0
24827,9.0
24828,9.0
24829,9.0
24830,9.0
24831,9.0
24832,9.0
24833,9.0
24834,9.0
24835,9.0
24836,9.0
24837,9.0
24838,9.0
24839,9.0
24840,9.0
24841,9.0
24842,9.0
24843,9.0
24844,9.0
24845,9.0
24846,9.0
24847,9.0
24848,9.0
24849,9.0
24850,9.0
24851,9.0
24852,9.0
24853,9.0
24854,9.0
24855,9.0
24856,9.0
24857,9.0
24858,9.0
24859,9.0
24860,9.0
24861,9.0
24862,9.0
24863,9.0
24864,9.0
24865,9.0
24866,9.0
24867,9.0
24868,9.0
24869,9.0
24870,9.0
24871,9.0
24872,9.0
24873,9.0
24874,9.0
24875,9.0
24876,9.0
24877,9.0
24878,9.0
24879,9.0
24880,9.0
24881,9.0
24882,9.0
24883,9.0
24884,9.0
24885,9.0
24886,9.0
24887,9.0
24888,9.0
24889,9.0
24890,9.0
24891,9.0
24892,9.0
24893,9.0
24894,9.0
24895,9.0
24896,9.0
24897,9.0
24898,9.0
24899,9.0
24900,9.0
24901,9.0
24902,9.0
24903,9.0
24904,9.0
24905,9.0
24906,9.0
24907,9.0
24908,9.0
24909,9.0
24910,9.0
24911,9.0
24912,9.0
24913,9.0
24914,9.0
24915,9.0
24916,9.0
24917,9.0
24918,9.0
24919,9.0
24920,9.0
24921,9.0
24922,9.0
24923,9.0
24924,9.0
24925,9.0
24926,9.0
24927,9.0
24928,9.0
24929,9.0
24930,9.0
24931,9.0
24932,9.0
24933,9.0
24934,9.0
24935,9.0
24936,9.0
24937,9.0
24938,9.0
24939,9.0
24940,9.0
24941,9.0
24942,9.0
24943,9.0
24944,9.0
24945,9.0
24946,9.0
24947,9.0
24948,9.0
24949,9.0
24950,9.0
24951,9.0
24952,9.0
24953,9.0
24954,9.0
24955,9.0
24956,9.0
24957,9.0
24958,9.0
24959,9.0
24960,9.0
24961,9.0
24962,9.0
24963,9.0
24964,9.0
24965,9.0
24966,9.0
24967,9.0
24968,9.0
24969,9.0
24970,9.0
24971,9.0
24972,9.0
24973,9.0
24974,9.0
24975,9.0
24976,9.0
24977,9.0
24978,9.0
24979,9.0
24980,9.0
24981,9.0
24982,9.0
24983,9.0
24984,9.0
24985,9.0
24986,9.0
24987,9.0
24988,9.0
24989,9.0
24990,9.0
24991,9.0
24992,9.0
24993,9.0
24994,9.0
24995,9.0
24996,9.0
24997,9.0
24998,9.0
24999,9.0
25000,9.0
25001,9.0
25002,9.0
25003,9.0
25004,9.0
25005,9.0
25006,9.0
25007,9.0
25008,9.0
25009,9.0
25010,9.0
25011,9.0
25012,9.0
25013,9.0
25014,9.0
25015,9.0
25016,9.0
25017,9.0
25018,9.0
25019,9.0
25020,9.0
25021,9.0
25022,9.0
25023,9.0
25024,9.0
25025,9.0
25026,9.0
25027,9.0
25028,9.0
25029,9.0
25030,9.0
25031,9.0
25032,9.0
25033,9.0
25034,9.0
25035,9.0
25036,9.0
25037,9.0
25038,9.0
25039,9.0
25040,9.0
25041,9.0
25042,9.0
25043,9.0
25044,9.0
25045,9.0
25046,9.0
25047,9.0
25048,9.0
25049,9.0
25050,9.0
25051,9.0
25052,9.0
25053,9.0
25054,9.0
25055,9.0
25056,9.0
25057,9.0
25058,9.0
25059,9.0
25060,9.0
25061,9.0
25062,9.0
25063,9.0
25064,9.0
25065,9.0
25066,9.0
25067,9.0
25068,9.0
25069,9.0
25070,9.0
25071,9.0
25072,9.0
25073,9.0
25074,9.0
25075,9.0
25076,9.0
25077,9.0
25078,9.0
25079,9.0
25080,9.0
25081,9.0
25082,9.0
25083,9.0
25084,9.0
25085,9.0
25086,9.0
25087,9.0
25088,9.0
25089,9.0
25090,9.0
25091,9.0
25092,9.0
25093,9.0
25094,9.0
25095,9.0
25096,9.0
25097,9.0
25098,9.0
25099,9.0
25100,9.0
25101,9.0
25102,9.0
25103,9.0
25104,9.0
25105,9.0
25106,9.0
25107,9.0
25108,9.0
25109,9.0
25110,9.0
25111,9.0
25112,9.0
25113,9.0
25114,9.0
25115,9.0
25116,9.0
25117,9.0
25118,9.0
25119,8.0
25120,8.0
25121,8.0
25122,8.0
25123,8.0
25124,8.0
25125,8.0
25126,8.0
25127,8.0
25128,8.0
25129,8.0
25130,8.0
25131,8.0
25132,8.0
25133,8.0
25134,8.0
25135,8.0
25136,8.0
25137,8.0
25138,8.0
25139,8.0
25140,8.0
25141,8.0
25142,8.0
25143,8.0
25144,8.0
25145,8.0
25146,8.0
25147,8.0
25148,8.0
25149,8.0
25150,8.0
25151,8.0
25152,8.0
25153,8.0
25154,8.0
25155,8.0
25156,8.0
25157,8.0
25158,8.0
25159,8.0
25160,8.0
25161,8.0
25162,8.0
25163,8.0
25164,8.0
25165,8.0
25166,8.0
25167,8.0
25168,8.0
25169,8.0
25170,8.0
25171,8.0
25172,8.0
25173,8.0
25174,8.0
25175,8.0
25176,8.0
25177,8.0
25178,8.0
25179,8.0
25180,8.0
25181,8.0
25182,8.0
25183,8.0
25184,8.0
25185,8.0
25186,8.0
25187,8.0
25188,8.0
25189,8.0
25190,8.0
25191,8.0
25192,8.0
25193,8.0
25194,8.0
25195,8.0
25196,8.0
25197,8.0
25198,8.0
25199,8.0
25200,8.0
25201,8.0
25202,8.0
25203,8.0
25204,8.0
25205,8.0
25206,8.0
25207,8.0
25208,8.0
25209,8.0
25210,8.0
25211,8.0
25212,8.0
25213,8.0
25214,8.0
25215,8.0
25216,8.0
25217,8.0
25218,8.0
25219,8.0
25220,8.0
25221,8.0
25222,8.0
25223,8.0
25224,8.0
25225,8.0
25226,8.0
25227,8.0
25228,8.0
25229,8.0
25230,8.0
25231,8.0
25232,8.0
25233,8.0
25234,8.0
25235,8.0
25236,8.0
25237,8.0
25238,8.0
25239,8.0
25240,8.0
25241,8.0
25242,8.0
25243,8.0
25244,8.0
25245,8.0
25246,8.0
25247,8.0
25248,8.0
25249,8.0
25250,8.0
25251,8.0
25252,8.0
25253,8.0
25254,8.0
25255,8.0
25256,8.0
25257,8.0
25258,8.0
25259,8.0
25260,8.0
25261,8.0
25262,8.0
25263,8.0
25264,8.0
25265,8.0
25266,8.0
25267,8.0
25268,8.0
25269,9.0
25270,9.0
25271,9.0
25272,9.0
25273,9.0
25274,9.0
25275,9.0
25276,9.0
25277,9.0
25278,9.0
25279,9.0
25280,9.0
25281,9.0
25282,9.0
25283,9.0
25284,9.0
25285,9.0
25286,9.0
25287,9.0
25288,9.0
25289,9.0
25290,9.0
25291,9.0
25292,9.0
25293,9.0
25294,9.0
25295,9.0
25296,9.0
25297,9.0
25298,9.0
25299,9.0
25300,9.0
25301,9.0
25302,9.0
25303,9.0
25304,9.0
25305,9.0
25306,9.0
25307,9.0
25308,9.0
25309,9.0
25310,9.0
25311,9.0
25312,9.0
25313,9.0
25314,9.0
25315,9.0
25316,9.0
25317,9.0
25318,9.0
25319,9.0
25320,9.0
25321,9.0
25322,9.0
25323,9.0
25324,9.0
25325,9.0
25326,9.0
25327,9.0
25328,9.0
25329,9.0
25330,9.0
25331,9.0
25332,9.0
25333,9.0
25334,9.0
25335,9.0
25336,9.0
25337,9.0
25338,9.0
25339,9.0
25340,9.0
25341,9.0
25342,9.0
25343,9.0
25344,9.0
25345,9.0
25346,9.0
25347,9.0
25348,9.0
25349,9.0
25350,9.0
25351,9.0
25352,9.0
25353,9.0
25354,9.0
25355,9.0
25356,9.0
25357,9.0
25358,9.0
25359,9.0
25360,9.0
25361,9.0
25362,9.0
25363,9.0
25364,9.0
25365,9.0
25366,9.0
25367,9.0
25368,9.0
25369,9.0
25370,9.0
25371,9.0
25372,9.0
25373,9.0
25374,9.0
25375,9.0
25376,9.0
25377,9.0
25378,9.0
25379,9.0
25380,9.0
25381,9.0
25382,9.0
25383,9.0
25384,9.0
25385,9.0
25386,9.0
25387,9.0
25388,9.0
25389,9.0
25390,9.0
25391,9.0
25392,9.0
25393,9.0
25394,9.0
25395,9.0
25396,9.0
25397,9.0
25398,9.0
25399,9.0
25400,9.0
25401,9.0
25402,9.0
25403,9.0
25404,9.0
25405,9.0
25406,9.0
25407,9.0
25408,9.0
25409,9.0
25410,9.0
25411,9.0
25412,9.0
25413,9.0
25414,9.0
25415,9.0
25416,9.0
25417,9.0
25418,9.0
25419,9.0
25420,9.0
25421,9.0
25422,9.0
25423,9.0
25424,9.0
25425,9.0
25426,9.0
25427,9.0
25428,9.0
25429,9.0
25430,9.0
25431,9.0
25432,9.0
25433,9.0
25434,9.0
25435,9.0
25436,9.0
25437,9.0
25438,9.0
25439,9.0
25440,9.0
25441,9.0
25442,9.0
25443,9.0
25444,9.0
25445,9.0
25446,9.0
25447,9.0
25448,9.0
25449,9.0
25450,9.0
25451,9.0
25452,9.0
25453,9.0
25454,9.0
25455,9.0
25456,9.0
25457,9.0
25458,10.0
25459,10.0
25460,10.0
25461,10.0
25462,10.0
25463,10.0
25464,10.0
25465,10.0
25466,10.0
25467,10.0
25468,10.0
25469,10.0
25470,10.0
25471,10.0
25472,10.0
25473,10.0
25474,10.0
25475,10.0
25476,10.0
25477,10.0
25478,10.0
25479,10.0
25480,10.0
25481,10.0
25482,10.0
25483,10.0
25484,10.0
25485,10.0
25486,10.0
25487,10.0
25488,10.0
25489,10.0
25490,10.0
25491,10.0
25492,10.0
25493,10.0
25494,10.0
25495,10.0
25496,10.0
25497,10.0
25498,10.0
25499,10.0
25500,10.0
25501,10.0
25502,10.0
25503,10.0
25504,10.0
25505,10.0
25506,10.0
25507,10.0
25508,10.0
25509,10.0
25510,10.0
25511,10.0
25512,10.0
25513,10.0
25514,10.0
25515,10.0
25516,10.0
25517,10.0
25518,10.0
25519,10.0
25520,10.0
25521,10.0
25522,10.0
25523,10.0
25524,10.0
25525,10.0
25526,10.0
25527,10.0
25528,10.0
25529,10.0
25530,10.0
25531,10.0
25532,10.0
25533,10.0
25534,10.0
25535,10.0
25536,10.0
25537,10.0
25538,10.0
25539,10.0
25540,10.0
25541,10.0
25542,10.0
25543,10.0
25544,10.0
25545,10.0
25546,10.0
25547,10.0
25548,10.0
25549,10.0
25550,10.0
25551,10.0
25552,10.0
25553,10.0
25554,10.0
25555,10.0
25556,10.0
25557,10.0
25558,10.0
25559,10.0
25560,10.0
25561,10.0
25562,10.0
25563,10.0
25564,10.0
25565,10.0
25566,10.0
25567,10.0
25568,10.0
25569,10.0
25570,10.0
25571,10.0
25572,10.0
25573,10.0
25574,10.0
25575,10.0
25576,10.0
25577,10.0
25578,10.0
25579,9.0
25580,9.0
25581,9.0
25582,9.0
25583,9.0
25584,9.0
25585,9.0
25586,9.0
25587,9.0
25588,9.0
25589,9.0
25590,9.0
25591,9.0
25592,9.0
25593,9.0
25594,9.0
25595,9.0
25596,9.0
25597,9.0
25598,9.0
25599,9.0
25600,9.0
25601,9.0
25602,9.0
25603,9.0
25604,9.0
25605,9.0
25606,9.0
25607,9.0
25608,9.0
25609,9.0
25610,9.0
25611,9.0
25612,9.0
25613,9.0
25614,9.0
25615,9.0
25616,9.0
25617,9.0
25618,9.0
25619,9.0
25620,9.0
25621,9.0
25622,9.0
25623,9.0
25624,9.0
25625,9.0
25626,9.0
25627,9.0
25628,9.0
25629,9.0
25630,9.0
25631,9.0
25632,9.0
25633,9.0
25634,9.0
25635,9.0
25636,9.0
25637,9.0
25638,9.0
25639,9.0
25640,9.0
25641,9.0
25642,9.0
25643,9.0
25644,9.0
25645,9.0
25646,9.0
25647,9.0
25648,9.0
25649,9.0
25650,9.0
25651,9.0
25652,9.0
25653,9.0
25654,9.0
25655,9.0
25656,9.0
25657,9.0
25658,9.0
25659,9.0
25660,9.0
25661,9.0
25662,9.0
25663,9.0
25664,9.0
25665,9.0
25666,9.0
25667,9.0
25668,9.0
25669,9.0
25670,9.0
25671,9.0
25672,9.0
25673,9.0
25674,9.0
25675,9.0
25676,9.0
25677,9.0
25678,9.0
25679,9.0
25680,9.0
25681,9.0
25682,9.0
25683,9.0
25684,9.0
25685,9.0
25686,9.0
25687,9.0
25688,9.0
25689,9.0
25690,9.0
25691,9.0
25692,9.0
25693,9.0
25694,9.0
25695,9.0
25696,9.0
25697,9.0
25698,9.0
25699,9.0
25700,9.0
25701,9.0
25702,9.0
25703,9.0
25704,9.0
25705,9.0
25706,9.0
25707,9.0
25708,9.0
25709,9.0
25710,9.0
25711,9.0
25712,9.0
25713,9.0
25714,9.0
25715,9.0
25716,9.0
25717,9.0
25718,9.0
25719,9.0
25720,9.0
25721,9.0
25722,9.0
25723,9.0
25724,9.0
25725,9.0
25726,9.0
25727,9.0
25728,9.0
25729,9.0
25730,9.0
25731,9.0
25732,9.0
25733,9.0
25734,9.0
25735,9.0
25736,9.0
25737,9.0
25738,9.0
25739,9.0
25740,9.0
25741,9.0
25742,9.0
25743,9.0
25744,9.0
25745,9.0
25746,9.0
25747,9.0
25748,9.0
25749,9.0
25750,9.0
25751,9.0
25752,9.0
25753,9.0
25754,9.0
25755,9.0
25756,9.0
25757,9.0
25758,9.0
25759,9.0
25760,10.0
25761,10.0
25762,10.0
25763,10.0
25764,10.0
25765,10.0
25766,10.0
25767,10.0
25768,10.0
25769,10.0
25770,10.0
25771,10.0
25772,10.0
25773,10.0
25774,10.0
25775,10.0
25776,10.0
25777,10.0
25778,10.0
25779,10.0
25780,10.0
25781,10.0
25782,10.0
25783,10.0
25784,10.0
25785,10.0
25786,10.0
25787,10.0
25788,10.0
25789,10.0
25790,10.0
25791,10.0
25792,10.0
25793,10.0
25794,10.0
25795,10.0
25796,10.0
25797,10.0
25798,10.0
25799,10.0
25800,10.0
25801,10.0
25802,10.0
25803,10.0
25804,10.0
25805,10.0
25806,10.0
25807,10.0
25808,10.0
25809,10.0
25810,10.0
25811,10.0
25812,10.0
25813,10.0
25814,10.0
25815,10.0
25816,10.0
25817,10.0
25818,10.0
25819,10.0
25820,10.0
25821,10.0
25822,10.0
25823,10.0
25824,10.0
25825,10.0
25826,10.0
25827,10.0
25828,10.0
25829,10.0
25830,10.0
25831,10.0
25832,10.0
25833,10.0
25834,10.0
25835,10.0
25836,10.0
25837,10.0
25838,10.0
25839,10.0
25840,10.0
25841,10.0
25842,10.0
25843,10.0
25844,10.0
25845,10.0
25846,10.0
25847,10.0
25848,10.0
25849,10.0
25850,11.0
25851,11.0
25852,11.0
25853,11.0
25854,11.0
25855,11.0
25856,11.0
25857,11.0
25858,11.0
25859,11.0
25860,11.0
25861,11.0
25862,11.0
25863,11.0
25864,11.0
25865,11.0
25866,11.0
25867,11.0
25868,11.0
25869,11.0
25870,11.0
25871,11.0
25872,11.0
25873,11.0
25874,11.0
25875,11.0
25876,11.0
25877,11.0
25878,11.0
25879,11.0
25880,11.0
25881,11.0
25882,11.0
25883,11.0
25884,11.0
25885,11.0
25886,11.0
25887,11.0
25888,11.0
25889,11.0
25890,11.0
25891,11.0
25892,11.0
25893,11.0
25894,11.0
25895,11.0
25896,11.0
25897,11.0
25898,11.0
25899,11.0
25900,11.0
25901,11.0
25902,11.0
25903,11.0
25904,11.0
25905,12.0
25906,12.0
25907,12.0
25908,12.0
25909,12.0
25910,12.0
25911,12.0
25912,12.0
25913,12.0
25914,12.0
25915,12.0
25916,12.0
25917,12.0
25918,12.0
25919,12.0
25920,12.0
25921,12.0
25922,12.0
25923,12.0
25924,12.0
25925,12.0
25926,12.0
25927,12.0
25928,12.0
25929,12.0
25930,12.0
25931,12.0
25932,12.0
25933,12.0
25934,12.0
25935,12.0
25936,12.0
25937,12.0
25938,12.0
25939,12.0
25940,12.0
25941,12.0
25942,12.0
25943,12.0
25944,12.0
25945,12.0
25946,12.0
25947,12.0
25948,12.0
25949,12.0
25950,12.0
25951,12.0
25952,12.0
25953,12.0
25954,12.0
25955,12.0
25956,12.0
25957,12.0
25958,12.0
25959,12.0
25960,12.0
25961,12.0
25962,12.0
25963,12.0
25964,12.0
25965,12.0
25966,12.0
25967,12.0
25968,12.0
25969,12.0
25970,12.0
25971,12.0
25972,12.0
25973,12.0
25974,12.0
25975,13.0
25976,13.0
25977,13.0
25978,13.0
25979,13.0
25980,13.0
25981,13.0
25982,13.0
25983,13.0
25984,13.0
25985,13.0
25986,13.0
25987,13.0
25988,13.0
25989,13.0
25990,13.0
25991,13.0
25992,13.0
25993,13.0
25994,13.0
25995,13.0
25996,13.0
25997,13.0
25998,13.0
25999,13.0
26000,13.0
26001,13.0
26002,13.0
26003,13.0
26004,13.0
26005,13.0
26006,13.0
26007,13.0
26008,13.0
26009,13.0
26010,13.0
26011,13.0
26012,13.0
26013,13.0
26014,13.0
26015,13.0
26016,13.0
26017,13.0
26018,13.0
26019,13.0
26020,13.0
26021,13.0
26022,13.0
26023,13.0
26024,13.0
26025,13.0
26026,13.0
26027,13.0
26028,13.0
26029,13.0
26030,13.0
26031,13.0
26032,13.0
26033,13.0
26034,13.0
26035,13.0
26036,13.0
26037,13.0
26038,13.0
26039,13.0
26040,13.0
26041,13.0
26042,13.0
26043,13.0
26044,13.0
26045,13.0
26046,13.0
26047,13.0
26048,13.0
26049,13.0
26050,13.0
26051,13.0
26052,13.0
26053,13.0
26054,13.0
26055,13.0
26056,13.0
26057,13.0
26058,13.0
26059,13.0
26060,13.0
26061,13.0
26062,13.0
26063,13.0
26064,13.0
26065,13.0
26066,13.0
26067,13.0
26068,13.0
26069,13.0
26070,13.0
26071,13.0
26072,13.0
26073,13.0
26074,13.0
26075,13.0
26076,13.0
26077,13.0
26078,13.0
26079,13.0
26080,13.0
26081,13.0
26082,13.0
26083,13.0
26084,13.0
26085,13.0
26086,13.0
26087,13.0
26088,13.0
26089,13.0
26090,13.0
26091,13.0
26092,13.0
26093,13.0
26094,13.0
26095,13.0
26096,13.0
26097,13.0
26098,13.0
26099,13.0
26100,13.0
26101,13.0
26102,13.0
26103,13.0
26104,13.0
26105,13.0
26106,13.0
26107,13.0
26108,13.0
26109,13.0
26110,13.0
26111,13.0
26112,13.0
26113,13.0
26114,13.0
26115,13.0
26116,13.0
26117,13.0
26118,13.0
26119,13.0
26120,13.0
26121,13.0
26122,13.0
26123,13.0
26124,13.0
26125,13.0
26126,13.0
26127,13.0
26128,13.0
26129,13.0
26130,13.0
26131,13.0
26132,13.0
26133,13.0
26134,13.0
26135,13.0
26136,13.0
26137,13.0
26138,13.0
26139,13.0
26140,13.0
26141,13.0
26142,13.0
26143,13.0
26144,13.0
26145,13.0
26146,13.0
26147,13.0
26148,13.0
26149,13.0
26150,13.0
26151,13.0
26152,13.0
26153,13.0
26154,13.0
26155,13.0
26156,12.0
26157,12.0
26158,12.0
26159,12.0
26160,12.0
26161,12.0
26162,12.0
26163,12.0
26164,12.0
26165,12.0
26166,12.0
26167,12.0
26168,12.0
26169,12.0
26170,12.0
26171,12.0
26172,12.0
26173,12.0
26174,12.0
26175,12.0
26176,12.0
26177,12.0
26178,12.0
26179,12.0
26180,12.0
26181,12.0
26182,12.0
26183,12.0
26184,12.0
26185,12.0
26186,12.0
26187,12.0
26188,12.0
26189,12.0
26190,12.0
26191,12.0
26192,12.0
26193,12.0
26194,12.0
26195,12.0
26196,12.0
26197,12.0
26198,12.0
26199,12.0
26200,12.0
26201,12.0
26202,12.0
26203,12.0
26204,12.0
26205,12.0
26206,12.0
26207,12.0
26208,12.0
26209,12.0
26210,12.0
26211,12.0
26212,12.0
26213,12.0
26214,12.0
26215,12.0
26216,12.0
26217,12.0
26218,12.0
26219,12.0
26220,12.0
26221,12.0
26222,12.0
26223,12.0
26224,12.0
26225,12.0
26226,12.0
26227,12.0
26228,12.0
26229,12.0
26230,12.0
26231,12.0
26232,12.0
26233,12.0
26234,12.0
26235,12.0
26236,12.0
26237,12.0
26238,12.0
26239,12.0
26240,12.0
26241,12.0
26242,12.0
26243,12.0
26244,12.0
26245,12.0
26246,12.0
26247,12.0
26248,12.0
26249,12.0
26250,12.0
26251,12.0
26252,12.0
26253,12.0
26254,12.0
26255,12.0
26256,12.0
26257,12.0
26258,12.0
26259,12.0
26260,12.0
26261,12.0
26262,12.0
26263,12.0
26264,12.0
26265,12.0
26266,12.0
26267,12.0
26268,12.0
26269,12.0
26270,12.0
26271,12.0
26272,12.0
26273,12.0
26274,12.0
26275,12.0
26276,12.0
26277,12.0
26278,12.0
26279,12.0
26280,12.0
26281,12.0
26282,12.0
26283,12.0
26284,12.0
26285,12.0
26286,12.0
26287,12.0
26288,12.0
26289,12.0
26290,12.0
26291,12.0
26292,12.0
26293,12.0
26294,12.0
26295,12.0
26296,12.0
26297,12.0
26298,12.0
26299,12.0
26300,12.0
26301,12.0
26302,12.0
26303,12.0
26304,12.0
26305,12.0
26306,12.0
26307,12.0
26308,12.0
26309,12.0
26310,12.0
26311,12.0
26312,12.0
26313,12.0
26314,12.0
26315,12.0
26316,12.0
26317,12.0
26318,12.0
26319,12.0
26320,12.0
26321,12.0
26322,12.0
26323,12.0
26324,12.0
26325,12.0
26326,12.0
26327,12.0
26328,12.0
26329,12.0
26330,12.0
26331,12.0
26332,12.0
26333,12.0
26334,12.0
26335,12.0
26336,12.0
26337,12.0
26338,12.0
26339,12.0
26340,12.0
26341,12.0
26342,12.0
26343,12.0
26344,12.0
26345,12.0
26346,12.0
26347,12.0
26348,12.0
26349,12.0
26350,12.0
26351,12.0
26352,12.0
26353,12.0
26354,12.0
26355,12.0
26356,12.0
26357,12.0
26358,12.0
26359,12.0
26360,12.0
26361,12.0
26362,12.0
26363,12.0
26364,12.0
26365,12.0
26366,12.0
26367,12.0
26368,12.0
26369,12.0
26370,12.0
26371,12.0
26372,12.0
26373,12.0
26374,12.0
26375,12.0
26376,12.0
26377,12.0
26378,12.0
26379,12.0
26380,12.0
26381,12.0
26382,12.0
26383,12.0
26384,12.0
26385,12.0
26386,12.0
26387,12.0
26388,12.0
26389,12.0
26390,12.0
26391,12.0
26392,12.0
26393,12.0
26394,11.0
26395,11.0
26396,11.0
26397,11.0
26398,11.0
26399,11.0
26400,11.0
26401,11.0
26402,11.0
26403,11.0
26404,11.0
26405,11.0
26406,11.0
26407,11.0
26408,11.0
26409,11.0
26410,11.0
26411,11.0
26412,11.0
26413,11.0
26414,11.0
26415,11.0
26416,11.0
26417,11.0
26418,11.0
26419,11.0
26420,11.0
26421,11.0
26422,11.0
26423,11.0
26424,11.0
26425,11.0
26426,11.0
26427,11.0
26428,11.0
26429,11.0
26430,11.0
26431,11.0
26432,11.0
26433,11.0
26434,11.0
26435,11.0
26436,11.0
26437,11.0
26438,11.0
26439,11.0
26440,11.0
26441,11.0
26442,11.0
26443,11.0
26444,11.0
26445,11.0
26446,11.0
26447,11.0
26448,11.0
26449,11.0
26450,11.0
26451,11.0
26452,11.0
26453,11.0
26454,11.0
26455,11.0
26456,11.0
26457,11.0
26458,11.0
26459,11.0
26460,11.0
26461,11.0
26462,11.0
26463,11.0
26464,11.0
26465,11.0
26466,11.0
26467,11.0
26468,11.0
26469,11.0
26470,11.0
26471,11.0
26472,11.0
26473,11.0
26474,11.0
26475,11.0
26476,11.0
26477,11.0
26478,11.0
26479,11.0
26480,11.0
26481,11.0
26482,11.0
26483,11.0
26484,11.0
26485,11.0
26486,11.0
26487,11.0
26488,11.0
26489,11.0
26490,11.0
26491,11.0
26492,11.0
26493,11.0
26494,11.0
26495,11.0
26496,11.0
26497,11.0
26498,11.0
26499,11.0
26500,11.0
26501,11.0
26502,11.0
26503,11.0
26504,11.0
26505,11.0
26506,11.0
26507,11.0
26508,11.0
26509,11.0
26510,11.0
26511,11.0
26512,11.0
26513,11.0
26514,11.0
26515,11.0
26516,11.0
26517,11.0
26518,11.0
26519,11.0
26520,11.0
26521,11.0
26522,11.0
26523,11.0
26524,11.0
26525,11.0
26526,11.0
26527,11.0
26528,11.0
26529,11.0
26530,11.0
26531,11.0
26532,11.0
26533,11.0
26534,11.0
26535,11.0
26536,11.0
26537,11.0
26538,11.0
26539,11.0
26540,11.0
26541,11.0
26542,11.0
26543,11.0
26544,11.0
26545,11.0
26546,11.0
26547,11.0
26548,11.0
26549,11.0
26550,11.0
26551,11.0
26552,11.0
26553,11.0
26554,11.0
26555,11.0
26556,11.0
26557,11.0
26558,11.0
26559,11.0
26560,11.0
26561,11.0
26562,11.0
26563,11.0
26564,11.0
26565,11.0
26566,11.0
26567,11.0
26568,11.0
26569,11.0
26570,11.0
26571,11.0
26572,11.0
26573,11.0
26574,11.0
26575,11.0
26576,11.0
26577,11.0
26578,11.0
26579,11.0
26580,11.0
26581,11.0
26582,11.0
26583,11.0
26584,11.0
26585,11.0
26586,11.0
26587,11.0
26588,11.0
26589,11.0
26590,11.0
26591,11.0
26592,11.0
26593,11.0
26594,11.0
26595,11.0
26596,11.0
26597,11.0
26598,11.0
26599,11.0
26600,11.0
26601,11.0
26602,11.0
26603,11.0
26604,11.0
26605,11.0
26606,11.0
26607,11.0
26608,11.0
26609,11.0
26610,11.0
26611,11.0
26612,11.0
26613,11.0
26614,11.0
26615,11.0
26616,11.0
26617,11.0
26618,11.0
26619,11.0
26620,11.0
26621,11.0
26622,11.0
26623,11.0
26624,11.0
26625,11.0
26626,11.0
26627,11.0
26628,11.0
26629,11.0
26630,11.0
26631,11.0
26632,11.0
26633,11.0
26634,11.0
26635,11.0
26636,11.0
26637,11.0
26638,11.0
26639,11.0
26640,11.0
26641,11.0
26642,11.0
26643,11.0
26644,11.0
26645,11.0
26646,11.0
26647,11.0
26648,11.0
26649,11.0
26650,11.0
26651,11.0
26652,11.0
26653,11.0
26654,11.0
26655,11.0
26656,11.0
26657,11.0
26658,11.0
26659,11.0
26660,11.0
26661,11.0
26662,11.0
26663,11.0
26664,11.0
26665,11.0
26666,11.0
26667,11.0
26668,11.0
26669,11.0
26670,11.0
26671,11.0
26672,11.0
26673,11.0
26674,11.0
26675,11.0
26676,11.0
26677,11.0
26678,11.0
26679,11.0
26680,11.0
26681,11.0
26682,11.0
26683,11.0
26684,11.0
26685,11.0
26686,11.0
26687,11.0
26688,11.0
26689,11.0
26690,11.0
26691,11.0
26692,11.0
26693,11.0
26694,11.0
26695,11.0
26696,11.0
26697,11.0
26698,11.0
26699,11.0
26700,11.0
26701,11.0
26702,11.0
26703,11.0
26704,11.0
26705,11.0
26706,11.0
26707,11.0
26708,11.0
26709,11.0
26710,11.0
26711,11.0
26712,11.0
26713,11.0
26714,11.0
26715,11.0
26716,11.0
26717,11.0
26718,11.0
26719,11.0
26720,11.0
26721,11.0
26722,11.0
26723,11.0
26724,11.0
26725,11.0
26726,11.0
26727,11.0
26728,11.0
26729,11.0
26730,11.0
26731,11.0
26732,11.0
26733,11.0
26734,11.0
26735,11.0
26736,11.0
26737,11.0
26738,11.0
26739,11.0
26740,11.0
26741,11.0
26742,11.0
26743,11.0
26744,11.0
26745,11.0
26746,11.0
26747,11.0
26748,11.0
26749,11.0
26750,11.0
26751,11.0
26752,11.0
26753,11.0
26754,11.0
26755,11.0
26756,11.0
26757,11.0
26758,11.0
26759,11.0
26760,11.0
26761,11.0
26762,11.0
26763,11.0
26764,11.0
26765,11.0
26766,11.0
26767,11.0
26768,11.0
26769,11.0
26770,11.0
26771,11.0
26772,11.0
26773,11.0
26774,11.0
26775,11.0
26776,11.0
26777,11.0
26778,11.0
26779,11.0
26780,11.0
26781,11.0
26782,11.0
26783,11.0
26784,11.0
26785,11.0
26786,11.0
26787,11.0
26788,11.0
26789,11.0
26790,11.0
26791,11.0
26792,11.0
26793,11.0
26794,11.0
26795,11.0
26796,11.0
26797,11.0
26798,11.0
26799,11.0
26800,11.0
26801,11.0
26802,11.0
26803,11.0
26804,11.0
26805,11.0
26806,11.0
26807,11.0
26808,11.0
26809,11.0
26810,11.0
26811,11.0
26812,11.0
26813,11.0
26814,11.0
26815,11.0
26816,11.0
26817,11.0
26818,11.0
26819,11.0
26820,11.0
26821,11.0
26822,11.0
26823,11.0
26824,11.0
26825,11.0
26826,11.0
26827,11.0
26828,11.0
26829,11.0
26830,11.0
26831,11.0
26832,11.0
26833,11.0
26834,11.0
26835,11.0
26836,11.0
26837,11.0
26838,11.0
26839,11.0
26840,11.0
26841,11.0
26842,11.0
26843,11.0
26844,11.0
26845,11.0
26846,11.0
26847,11.0
26848,11.0
26849,11.0
26850,11.0
26851,11.0
26852,11.0
26853,11.0
26854,11.0
26855,11.0
26856,11.0
26857,11.0
26858,11.0
26859,11.0
26860,11.0
26861,11.0
26862,11.0
26863,11.0
26864,11.0
26865,11.0
26866,11.0
26867,11.0
26868,11.0
26869,11.0
26870,11.0
26871,11.0
26872,11.0
26873,11.0
26874,11.0
26875,11.0
26876,11.0
26877,11.0
26878,11.0
26879,11.0
26880,11.0
26881,11.0
26882,11.0
26883,11.0
26884,11.0
26885,11.0
26886,11.0
26887,11.0
26888,11.0
26889,11.0
26890,11.0
26891,11.0
26892,11.0
26893,11.0
26894,11.0
26895,11.0
26896,11.0
26897,11.0
26898,11.0
26899,11.0
26900,11.0
26901,11.0
26902,11.0
26903,11.0
26904,11.0
26905,11.0
26906,11.0
26907,11.0
26908,11.0
26909,11.0
26910,11.0
26911,11.0
26912,11.0
26913,11.0
26914,11.0
26915,11.0
26916,11.0
26917,11.0
26918,11.0
26919,11.0
26920,11.0
26921,11.0
26922,11.0
26923,11.0
26924,11.0
26925,11.0
26926,11.0
26927,11.0
26928,11.0
26929,11.0
26930,11.0
26931,11.0
26932,11.0
26933,11.0
26934,11.0
26935,11.0
26936,11.0
26937,11.0
26938,11.0
26939,11.0
26940,11.0
26941,11.0
26942,11.0
26943,11.0
26944,11.0
26945,11.0
26946,11.0
26947,11.0
26948,11.0
26949,11.0
26950,11.0
26951,11.0
26952,11.0
26953,11.0
26954,11.0
26955,11.0
26956,11.0
26957,11.0
26958,11.0
26959,11.0
26960,11.0
26961,11.0
26962,11.0
26963,11.0
26964,11.0
26965,11.0
26966,11.0
26967,11.0
26968,11.0
26969,11.0
26970,11.0
26971,11.0
26972,11.0
26973,11.0
26974,11.0
26975,11.0
26976,11.0
26977,11.0
26978,11.0
26979,11.0
26980,9.0
26981,9.0
26982,9.0
26983,9.0
26984,9.0
26985,9.0
26986,9.0
26987,9.0
26988,9.0
26989,9.0
26990,9.0
26991,9.0
26992,9.0
26993,9.0
26994,9.0
26995,9.0
26996,9.0
26997,9.0
26998,9.0
26999,9.0
27000,9.0
27001,9.0
27002,9.0
27003,9.0
27004,9.0
27005,9.0
27006,9.0
27007,9.0
27008,9.0
27009,9.0
27010,9.0
27011,9.0
27012,9.0
27013,9.0
27014,9.0
27015,9.0
27016,9.0
27017,9.0
27018,9.0
27019,9.0
27020,9.0
27021,9.0
27022,9.0
27023,9.0
27024,9.0
27025,9.0
27026,9.0
27027,9.0
27028,9.0
27029,9.0
27030,9.0
27031,9.0
27032,9.0
27033,9.0
27034,9.0
27035,9.0
27036,9.0
27037,9.0
27038,9.0
27039,9.0
27040,9.0
27041,9.0
27042,9.0
27043,9.0
27044,9.0
27045,9.0
27046,9.0
27047,9.0
27048,9.0
27049,9.0
27050,9.0
27051,9.0
27052,9.0
27053,9.0
27054,9.0
27055,9.0
27056,9.0
27057,9.0
27058,9.0
27059,9.0
27060,9.0
27061,9.0
27062,9.0
27063,9.0
27064,9.0
27065,9.0
27066,9.0
27067,9.0
27068,9.0
27069,9.0
27070,9.0
27071,9.0
27072,9.0
27073,9.0
27074,9.0
27075,9.0
27076,9.0
27077,9.0
27078,9.0
27079,9.0
27080,9.0
27081,9.0
27082,9.0
27083,9.0
27084,9.0
27085,9.0
27086,9.0
27087,9.0
27088,9.0
27089,9.0
27090,9.0
27091,9.0
27092,9.0
27093,9.0
27094,9.0
27095,9.0
27096,9.0
27097,9.0
27098,9.0
27099,9.0
27100,9.0
27101,9.0
27102,9.0
27103,9.0
27104,9.0
27105,9.0
27106,9.0
27107,9.0
27108,9.0
27109,9.0
27110,9.0
27111,9.0
27112,9.0
27113,9.0
27114,9.0
27115,9.0
27116,9.0
27117,9.0
27118,9.0
27119,9.0
27120,9.0
27121,9.0
27122,9.0
27123,9.0
27124,9.0
27125,9.0
27126,9.0
27127,9.0
27128,9.0
27129,9.0
27130,9.0
27131,9.0
27132,9.0
27133,9.0
27134,9.0
27135,9.0
27136,9.0
27137,9.0
27138,9.0
27139,9.0
27140,9.0
27141,9.0
27142,9.0
27143,9.0
27144,9.0
27145,9.0
27146,9.0
27147,9.0
27148,9.0
27149,9.0
27150,9.0
27151,9.0
27152,9.0
27153,9.0
27154,9.0
27155,9.0
27156,9.0
27157,9.0
27158,9.0
27159,9.0
27160,9.0
27161,9.0
27162,9.0
27163,9.0
27164,9.0
27165,9.0
27166,9.0
27167,9.0
27168,9.0
27169,9.0
27170,9.0
27171,9.0
27172,9.0
27173,9.0
27174,9.0
27175,9.0
27176,9.0
27177,9.0
27178,9.0
27179,9.0
27180,9.0
27181,9.0
27182,9.0
27183,9.0
27184,9.0
27185,9.0
27186,9.0
27187,9.0
27188,9.0
27189,9.0
27190,9.0
27191,9.0
27192,9.0
27193,9.0
27194,9.0
27195,9.0
27196,9.0
27197,9.0
27198,9.0
27199,9.0
27200,9.0
27201,9.0
27202,9.0
27203,9.0
27204,9.0
27205,9.0
27206,9.0
27207,9.0
27208,9.0
27209,9.0
27210,9.0
27211,9.0
27212,9.0
27213,9.0
27214,9.0
27215,9.0
27216,9.0
27217,9.0
27218,9.0
27219,9.0
27220,9.0
27221,9.0
27222,9.0
27223,9.0
27224,9.0
27225,9.0
27226,9.0
27227,9.0
27228,9.0
27229,9.0
27230,9.0
27231,9.0
27232,9.0
27233,9.0
27234,9.0
27235,9.0
27236,9.0
27237,9.0
27238,9.0
27239,9.0
27240,9.0
27241,9.0
27242,9.0
27243,9.0
27244,9.0
27245,9.0
27246,9.0
27247,9.0
27248,9.0
27249,9.0
27250,9.0
27251,9.0
27252,9.0
27253,9.0
27254,9.0
27255,9.0
27256,9.0
27257,9.0
27258,9.0
27259,9.0
27260,9.0
27261,9.0
27262,9.0
27263,9.0
27264,9.0
27265,9.0
27266,9.0
27267,9.0
27268,9.0
27269,9.0
27270,9.0
27271,9.0
27272,9.0
27273,9.0
27274,9.0
27275,9.0
27276,9.0
27277,9.0
27278,9.0
27279,9.0
27280,9.0
27281,9.0
27282,9.0
27283,9.0
27284,9.0
27285,9.0
27286,9.0
27287,9.0
27288,9.0
27289,9.0
27290,9.0
27291,9.0
27292,9.0
27293,9.0
27294,9.0
27295,9.0
27296,9.0
27297,9.0
27298,9.0
27299,9.0
27300,9.0
27301,9.0
27302,9.0
27303,9.0
27304,9.0
27305,9.0
27306,9.0
27307,9.0
27308,9.0
27309,9.0
27310,9.0
27311,9.0
27312,9.0
27313,9.0
27314,9.0
27315,9.0
27316,9.0
27317,9.0
27318,9.0
27319,9.0
27320,9.0
27321,9.0
27322,9.0
27323,9.0
27324,9.0
27325,9.0
27326,9.0
27327,9.0
27328,9.0
27329,9.0
27330,9.0
27331,9.0
27332,9.0
27333,9.0
27334,9.0
27335,9.0
27336,9.0
27337,9.0
27338,9.0
27339,9.0
27340,9.0
27341,9.0
27342,9.0
27343,9.0
27344,9.0
27345,9.0
27346,9.0
27347,9.0
27348,9.0
27349,9.0
27350,9.0
27351,9.0
27352,9.0
27353,9.0
27354,9.0
27355,9.0
27356,9.0
27357,9.0
27358,9.0
27359,9.0
27360,9.0
27361,9.0
27362,9.0
27363,9.0
27364,9.0
27365,9.0
27366,9.0
27367,9.0
27368,9.0
27369,9.0
27370,9.0
27371,9.0
27372,9.0
27373,9.0
27374,9.0
27375,9.0
27376,9.0
27377,9.0
27378,9.0
27379,9.0
27380,9.0
27381,9.0
27382,9.0
27383,9.0
27384,9.0
27385,9.0
27386,9.0
27387,9.0
27388,9.0
27389,9.0
27390,9.0
27391,9.0
27392,9.0
27393,9.0
27394,9.0
27395,9.0
27396,9.0
27397,9.0
27398,9.0
27399,9.0
27400,9.0
27401,9.0
27402,9.0
27403,9.0
27404,9.0
27405,9.0
27406,9.0
27407,9.0
27408,9.0
27409,9.0
27410,9.0
27411,9.0
27412,9.0
27413,9.0
27414,9.0
27415,9.0
27416,9.0
27417,9.0
27418,9.0
27419,9.0
27420,9.0
27421,9.0
27422,9.0
27423,9.0
27424,9.0
27425,9.0
27426,9.0
27427,9.0
27428,9.0
27429,9.0
27430,9.0
27431,9.0
27432,9.0
27433,9.0
27434,9.0
27435,9.0
27436,9.0
27437,9.0
27438,9.0
27439,9.0
27440,9.0
27441,9.0
27442,9.0
27443,9.0
27444,9.0
27445,9.0
27446,9.0
27447,9.0
27448,9.0
27449,9.0
27450,9.0
27451,9.0
27452,9.0
27453,9.0
27454,9.0
27455,9.0
27456,9.0
27457,9.0
27458,9.0
27459,9.0
27460,9.0
27461,9.0
27462,9.0
27463,9.0
27464,9.0
27465,9.0
27466,9.0
27467,9.0
27468,9.0
27469,9.0
27470,9.0
27471,9.0
27472,9.0
27473,9.0
27474,9.0
27475,9.0
27476,9.0
27477,9.0
27478,9.0
27479,9.0
27480,9.0
27481,9.0
27482,9.0
27483,9.0
27484,9.0
27485,9.0
27486,9.0
27487,9.0
27488,9.0
27489,9.0
27490,9.0
27491,9.0
27492,9.0
27493,9.0
27494,9.0
27495,9.0
27496,9.0
27497,9.0
27498,9.0
27499,9.0
27500,9.0
27501,9.0
27502,9.0
27503,9.0
27504,9.0
27505,9.0
27506,9.0
27507,9.0
27508,9.0
27509,9.0
27510,9.0
27511,9.0
27512,9.0
27513,9.0
27514,9.0
27515,9.0
27516,9.0
27517,9.0
27518,9.0
27519,9.0
27520,9.0
27521,9.0
27522,9.0
27523,9.0
27524,9.0
27525,9.0
27526,9.0
27527,9.0
27528,9.0
27529,9.0
27530,9.0
27531,9.0
27532,9.0
27533,9.0
27534,9.0
27535,9.0
27536,9.0
27537,9.0
27538,9.0
27539,9.0
27540,9.0
27541,9.0
27542,9.0
27543,9.0
27544,9.0
27545,9.0
27546,9.0
27547,9.0
27548,9.0
27549,9.0
27550,9.0
27551,9.0
27552,9.0
27553,9.0
27554,9.0
27555,9.0
27556,9.0
27557,9.0
27558,9.0
27559,9.0
27560,9.0
27561,9.0
27562,9.0
27563,9.0
27564,9.0
27565,9.0
27566,9.0
27567,9.0
27568,9.0
27569,9.0
27570,9.0
27571,9.0
27572,9.0
27573,9.0
27574,9.0
27575,9.0
27576,9.0
27577,9.0
27578,9.0
27579,9.0
27580,9.0
27581,9.0
27582,9.0
27583,9.0
27584,9.0
27585,9.0
27586,9.0
27587,9.0
27588,9.0
27589,9.0
27590,9.0
27591,9.0
27592,9.0
27593,9.0
27594,9.0
27595,9.0
27596,9.0
27597,9.0
27598,9.0
27599,9.0
27600,9.0
27601,9.0
27602,9.0
27603,9.0
27604,9.0
27605,9.0
27606,9.0
27607,9.0
27608,9.0
27609,9.0
27610,9.0
27611,9.0
27612,9.0
27613,9.0
27614,9.0
27615,9.0
27616,9.0
27617,9.0
27618,9.0
27619,9.0
27620,9.0
27621,9.0
27622,9.0
27623,9.0
27624,9.0
27625,9.0
27626,9.0
27627,9.0
27628,9.0
27629,9.0
27630,9.0
27631,9.0
27632,9.0
27633,9.0
27634,9.0
27635,9.0
27636,9.0
27637,9.0
27638,9.0
27639,9.0
27640,9.0
27641,9.0
27642,9.0
27643,9.0
27644,9.0
27645,9.0
27646,9.0
27647,9.0
27648,9.0
27649,9.0
27650,9.0
27651,9.0
27652,9.0
27653,9.0
27654,9.0
27655,9.0
27656,9.0
27657,9.0
27658,9.0
27659,9.0
27660,9.0
27661,9.0
27662,9.0
27663,9.0
27664,9.0
27665,9.0
27666,9.0
27667,9.0
27668,9.0
27669,9.0
27670,9.0
27671,9.0
27672,9.0
27673,9.0
27674,9.0
27675,9.0
27676,9.0
27677,9.0
27678,9.0
27679,9.0
27680,9.0
27681,9.0
27682,9.0
27683,9.0
27684,9.0
27685,9.0
27686,9.0
27687,9.0
27688,9.0
27689,10.0
27690,10.0
27691,10.0
27692,10.0
27693,10.0
27694,10.0
27695,10.0
27696,10.0
27697,10.0
27698,10.0
27699,10.0
27700,10.0
27701,10.0
27702,10.0
27703,10.0
27704,10.0
27705,10.0
27706,10.0
27707,10.0
27708,10.0
27709,10.0
27710,10.0
27711,10.0
27712,10.0
27713,10.0
27714,10.0
27715,10.0
27716,10.0
27717,10.0
27718,10.0
27719,10.0
27720,10.0
27721,10.0
27722,10.0
27723,10.0
27724,10.0
27725,10.0
27726,10.0
27727,10.0
27728,10.0
27729,10.0
27730,10.0
27731,10.0
27732,10.0
27733,10.0
27734,10.0
27735,10.0
27736,10.0
27737,10.0
27738,10.0
27739,10.0
27740,10.0
27741,10.0
27742,10.0
27743,10.0
27744,10.0
27745,10.0
27746,10.0
27747,10.0
27748,10.0
27749,10.0
27750,10.0
27751,10.0
27752,10.0
27753,10.0
27754,10.0
27755,10.0
27756,10.0
27757,10.0
27758,10.0
27759,10.0
27760,10.0
27761,10.0
27762,10.0
27763,10.0
27764,10.0
27765,10.0
27766,10.0
27767,10.0
27768,10.0
27769,10.0
27770,10.0
27771,10.0
27772,10.0
27773,10.0
27774,10.0
27775,10.0
27776,10.0
27777,10.0
27778,10.0
27779,10.0
27780,10.0
27781,10.0
27782,10.0
27783,10.0
27784,10.0
27785,10.0
27786,10.0
27787,10.0
27788,10.0
27789,10.0
27790,10.0
27791,10.0
27792,10.0
27793,10.0
27794,10.0
27795,10.0
27796,10.0
27797,10.0
27798,10.0
27799,10.0
27800,10.0
27801,10.0
27802,10.0
27803,10.0
27804,10.0
27805,10.0
27806,10.0
27807,10.0
27808,10.0
27809,10.0
27810,10.0
27811,10.0
27812,10.0
27813,10.0
27814,10.0
27815,10.0
27816,10.0
27817,10.0
27818,10.0
27819,10.0
27820,10.0
27821,10.0
27822,10.0
27823,10.0
27824,10.0
27825,10.0
27826,10.0
27827,10.0
27828,10.0
27829,10.0
27830,10.0
27831,10.0
27832,10.0
27833,10.0
27834,10.0
27835,10.0
27836,10.0
27837,10.0
27838,10.0
27839,10.0
27840,10.0
27841,10.0
27842,10.0
27843,10.0
27844,10.0
27845,10.0
27846,10.0
27847,10.0
27848,10.0
27849,10.0
27850,10.0
27851,10.0
27852,10.0
27853,10.0
27854,10.0
27855,10.0
27856,10.0
27857,10.0
27858,10.0
27859,10.0
27860,10.0
27861,10.0
27862,10.0
27863,10.0
27864,10.0
27865,10.0
27866,10.0
27867,10.0
27868,10.0
27869,10.0
27870,10.0
27871,10.0
27872,10.0
27873,10.0
27874,10.0
27875,10.0
27876,10.0
27877,10.0
27878,10.0
27879,10.0
27880,10.0
27881,10.0
27882,10.0
27883,10.0
27884,10.0
27885,10.0
27886,10.0
27887,10.0
27888,10.0
27889,10.0
27890,10.0
27891,10.0
27892,10.0
27893,10.0
27894,10.0
27895,10.0
27896,10.0
27897,10.0
27898,10.0
27899,10.0
27900,10.0
27901,10.0
27902,10.0
27903,10.0
27904,10.0
27905,10.0
27906,10.0
27907,10.0
27908,10.0
27909,10.0
27910,10.0
27911,10.0
27912,10.0
27913,10.0
27914,10.0
27915,10.0
27916,10.0
27917,10.0
27918,10.0
27919,10.0
27920,10.0
27921,10.0
27922,10.0
27923,10.0
27924,10.0
27925,10.0
27926,10.0
27927,10.0
27928,10.0
27929,10.0
27930,10.0
27931,10.0
27932,10.0
27933,10.0
27934,10.0
27935,10.0
27936,10.0
27937,10.0
27938,10.0
27939,10.0
27940,10.0
27941,10.0
27942,10.0
27943,10.0
27944,10.0
27945,10.0
27946,10.0
27947,10.0
27948,10.0
27949,10.0
27950,10.0
27951,10.0
27952,10.0
27953,10.0
27954,10.0
27955,10.0
27956,10.0
27957,10.0
27958,10.0
27959,10.0
27960,10.0
27961,10.0
27962,10.0
27963,10.0
27964,10.0
27965,10.0
27966,10.0
27967,10.0
27968,10.0
27969,10.0
27970,10.0
27971,10.0
27972,10.0
27973,10.0
27974,10.0
27975,10.0
27976,10.0
27977,10.0
27978,10.0
27979,10.0
27980,10.0
27981,10.0
27982,10.0
27983,10.0
27984,10.0
27985,10.0
27986,10.0
27987,10.0
27988,10.0
27989,10.0
27990,10.0
27991,10.0
27992,10.0
27993,10.0
27994,10.0
27995,10.0
27996,10.0
27997,10.0
27998,10.0
27999,10.0
28000,10.0
28001,10.0
28002,10.0
28003,10.0
28004,10.0
28005,10.0
28006,10.0
28007,10.0
28008,10.0
28009,10.0
28010,10.0
28011,10.0
28012,10.0
28013,10.0
28014,10.0
28015,10.0
28016,10.0
28017,10.0
28018,10.0
28019,10.0
28020,10.0
28021,10.0
28022,10.0
28023,10.0
28024,10.0
28025,10.0
28026,10.0
28027,10.0
28028,10.0
28029,10.0
28030,10.0
28031,10.0
28032,10.0
28033,10.0
28034,10.0
28035,10.0
28036,7.0
28037,7.0
28038,7.0
28039,7.0
28040,7.0
28041,7.0
28042,7.0
28043,7.0
28044,7.0
28045,7.0
28046,7.0
28047,7.0
28048,7.0
28049,7.0
28050,7.0
28051,7.0
28052,7.0
28053,7.0
28054,7.0
28055,7.0
28056,7.0
28057,7.0
28058,7.0
28059,7.0
28060,7.0
28061,7.0
28062,7.0
28063,7.0
28064,7.0
28065,7.0
28066,7.0
28067,7.0
28068,7.0
28069,7.0
28070,7.0
28071,7.0
28072,7.0
28073,7.0
28074,7.0
28075,7.0
28076,7.0
28077,7.0
28078,7.0
28079,7.0
28080,7.0
28081,7.0
28082,7.0
28083,7.0
28084,7.0
28085,7.0
28086,7.0
28087,7.0
28088,7.0
28089,7.0
28090,7.0
28091,7.0
28092,7.0
28093,7.0
28094,7.0
28095,7.0
28096,7.0
28097,7.0
28098,7.0
28099,7.0
28100,7.0
28101,7.0
28102,7.0
28103,7.0
28104,7.0
28105,7.0
28106,7.0
28107,7.0
28108,7.0
28109,7.0
28110,7.0
28111,7.0
28112,7.0
28113,7.0
28114,7.0
28115,7.0
28116,7.0
28117,7.0
28118,7.0
28119,7.0
28120,7.0
28121,7.0
28122,8.0
28123,8.0
28124,8.0
28125,8.0
28126,8.0
28127,8.0
28128,8.0
28129,8.0
28130,8.0
28131,8.0
28132,8.0
28133,8.0
28134,8.0
28135,8.0
28136,8.0
28137,8.0
28138,8.0
28139,8.0
28140,8.0
28141,8.0
28142,8.0
28143,8.0
28144,8.0
28145,8.0
28146,8.0
28147,8.0
28148,8.0
28149,8.0
28150,8.0
28151,8.0
28152,8.0
28153,8.0
28154,8.0
28155,8.0
28156,8.0
28157,8.0
28158,8.0
28159,8.0
28160,8.0
28161,8.0
28162,8.0
28163,8.0
28164,8.0
28165,8.0
28166,8.0
28167,8.0
28168,8.0
28169,8.0
28170,8.0
28171,8.0
28172,8.0
28173,8.0
28174,8.0
28175,8.0
28176,8.0
28177,8.0
28178,8.0
28179,8.0
28180,8.0
28181,8.0
28182,8.0
28183,8.0
28184,8.0
28185,8.0
28186,8.0
28187,8.0
28188,8.0
28189,8.0
28190,8.0
28191,8.0
28192,8.0
28193,8.0
28194,8.0
28195,8.0
28196,8.0
28197,8.0
28198,8.0
28199,8.0
28200,8.0
28201,8.0
28202,8.0
28203,8.0
28204,8.0
28205,8.0
28206,8.0
28207,8.0
28208,8.0
28209,8.0
28210,8.0
28211,8.0
28212,8.0
28213,8.0
28214,8.0
28215,8.0
28216,8.0
28217,8.0
28218,8.0
28219,8.0
28220,8.0
28221,8.0
28222,8.0
28223,8.0
28224,8.0
28225,8.0
28226,8.0
28227,8.0
28228,8.0
28229,8.0
28230,8.0
28231,8.0
28232,8.0
28233,8.0
28234,8.0
28235,8.0
28236,8.0
28237,8.0
28238,8.0
28239,8.0
28240,8.0
28241,8.0
28242,8.0
28243,8.0
28244,8.0
28245,8.0
28246,8.0
28247,8.0
28248,8.0
28249,8.0
28250,8.0
28251,8.0
28252,8.0
28253,8.0
28254,8.0
28255,8.0
28256,8.0
28257,8.0
28258,8.0
28259,8.0
28260,8.0
28261,8.0
28262,8.0
28263,8.0
28264,8.0
28265,8.0
28266,8.0
28267,8.0
28268,8.0
28269,8.0
28270,8.0
28271,8.0
28272,8.0
28273,8.0
28274,8.0
28275,8.0
28276,8.0
28277,8.0
28278,8.0
28279,8.0
28280,8.0
28281,8.0
28282,8.0
28283,8.0
28284,8.0
28285,8.0
28286,8.0
28287,8.0
28288,8.0
28289,8.0
28290,8.0
28291,8.0
28292,8.0
28293,8.0
28294,8.0
28295,8.0
28296,8.0
28297,8.0
28298,8.0
28299,8.0
28300,8.0
28301,8.0
28302,8.0
28303,8.0
28304,8.0
28305,8.0
28306,8.0
28307,8.0
28308,8.0
28309,8.0
28310,8.0
28311,8.0
28312,8.0
28313,8.0
28314,8.0
28315,8.0
28316,8.0
28317,8.0
28318,8.0
28319,8.0
28320,8.0
28321,8.0
28322,8.0
28323,8.0
28324,8.0
28325,8.0
28326,8.0
28327,8.0
28328,8.0
28329,8.0
28330,8.0
28331,8.0
28332,8.0
28333,8.0
28334,8.0
28335,8.0
28336,8.0
28337,8.0
28338,8.0
28339,8.0
28340,8.0
28341,8.0
28342,8.0
28343,8.0
28344,8.0
28345,8.0
28346,8.0
28347,8.0
28348,8.0
28349,8.0
28350,8.0
28351,8.0
28352,8.0
28353,8.0
28354,8.0
28355,8.0
28356,8.0
28357,8.0
28358,8.0
28359,8.0
28360,8.0
28361,8.0
28362,8.0
28363,8.0
28364,8.0
28365,8.0
28366,8.0
28367,8.0
28368,8.0
28369,8.0
28370,8.0
28371,8.0
28372,8.0
28373,8.0
28374,8.0
28375,8.0
28376,8.0
28377,8.0
28378,8.0
28379,8.0
28380,8.0
28381,8.0
28382,8.0
28383,8.0
28384,8.0
28385,8.0
28386,8.0
28387,8.0
28388,8.0
28389,8.0
28390,8.0
28391,8.0
28392,8.0
28393,8.0
28394,8.0
28395,8.0
28396,8.0
28397,8.0
28398,8.0
28399,8.0
28400,8.0
28401,8.0
28402,8.0
28403,8.0
28404,8.0
28405,8.0
28406,8.0
28407,8.0
28408,8.0
28409,8.0
28410,8.0
28411,8.0
28412,8.0
28413,8.0
28414,8.0
28415,8.0
28416,8.0
28417,8.0
28418,8.0
28419,8.0
28420,8.0
28421,8.0
28422,8.0
28423,8.0
28424,8.0
28425,8.0
28426,8.0
28427,8.0
28428,8.0
28429,8.0
28430,8.0
28431,8.0
28432,8.0
28433,8.0
28434,8.0
28435,8.0
28436,8.0
28437,8.0
28438,8.0
28439,8.0
28440,8.0
28441,8.0
28442,8.0
28443,8.0
28444,8.0
28445,8.0
28446,8.0
28447,8.0
28448,8.0
28449,8.0
28450,8.0
28451,8.0
28452,8.0
28453,8.0
28454,8.0
28455,8.0
28456,8.0
28457,8.0
28458,8.0
28459,8.0
28460,8.0
28461,8.0
28462,8.0
28463,8.0
28464,8.0
28465,8.0
28466,8.0
28467,8.0
28468,8.0
28469,8.0
28470,8.0
28471,8.0
28472,8.0
28473,8.0
28474,8.0
28475,8.0
28476,8.0
28477,8.0
28478,8.0
28479,8.0
28480,8.0
28481,8.0
28482,8.0
28483,8.0
28484,8.0
28485,8.0
28486,8.0
28487,8.0
28488,8.0
28489,8.0
28490,8.0
28491,8.0
28492,8.0
28493,8.0
28494,8.0
28495,8.0
28496,8.0
28497,8.0
28498,8.0
28499,8.0
28500,8.0
28501,8.0
28502,8.0
28503,8.0
28504,8.0
28505,8.0
28506,8.0
28507,8.0
28508,8.0
28509,8.0
28510,8.0
28511,8.0
28512,8.0
28513,8.0
28514,8.0
28515,8.0
28516,8.0
28517,8.0
28518,8.0
28519,8.0
28520,8.0
28521,8.0
28522,8.0
28523,8.0
28524,8.0
28525,8.0
28526,8.0
28527,8.0
28528,8.0
28529,8.0
28530,8.0
28531,8.0
28532,8.0
28533,8.0
28534,8.0
28535,8.0
28536,8.0
28537,8.0
28538,8.0
28539,8.0
28540,8.0
28541,8.0
28542,8.0
28543,8.0
28544,8.0
28545,7.0
28546,7.0
28547,7.0
28548,7.0
28549,7.0
28550,7.0
28551,7.0
28552,7.0
28553,7.0
28554,7.0
28555,7.0
28556,7.0
28557,7.0
28558,7.0
28559,7.0
28560,7.0
28561,7.0
28562,7.0
28563,7.0
28564,7.0
28565,7.0
28566,7.0
28567,7.0
28568,7.0
28569,7.0
28570,7.0
28571,7.0
28572,7.0
28573,7.0
28574,7.0
28575,7.0
28576,7.0
28577,7.0
28578,7.0
28579,7.0
28580,7.0
28581,7.0
28582,7.0
28583,7.0
28584,7.0
28585,7.0
28586,7.0
28587,7.0
28588,7.0
28589,7.0
28590,7.0
28591,7.0
28592,7.0
28593,7.0
28594,7.0
28595,7.0
28596,7.0
28597,7.0
28598,7.0
28599,7.0
28600,7.0
28601,7.0
28602,7.0
28603,7.0
28604,7.0
28605,7.0
28606,7.0
28607,7.0
28608,7.0
28609,7.0
28610,7.0
28611,7.0
28612,7.0
28613,7.0
28614,7.0
28615,7.0
28616,7.0
28617,7.0
28618,7.0
28619,7.0
28620,7.0
28621,7.0
28622,7.0
28623,7.0
28624,7.0
28625,7.0
28626,7.0
28627,7.0
28628,7.0
28629,7.0
28630,7.0
28631,7.0
28632,7.0
28633,7.0
28634,7.0
28635,7.0
28636,7.0
28637,7.0
28638,7.0
28639,7.0
28640,7.0
28641,7.0
28642,7.0
28643,7.0
28644,7.0
28645,7.0
28646,7.0
28647,7.0
28648,7.0
28649,7.0
28650,7.0
28651,7.0
28652,7.0
28653,7.0
28654,7.0
28655,7.0
28656,7.0
28657,7.0
28658,7.0
28659,7.0
28660,7.0
28661,7.0
28662,7.0
28663,7.0
28664,7.0
28665,7.0
28666,7.0
28667,7.0
28668,7.0
28669,7.0
28670,7.0
28671,7.0
28672,7.0
28673,7.0
28674,7.0
28675,8.0
28676,8.0
28677,8.0
28678,8.0
28679,8.0
28680,8.0
28681,8.0
28682,8.0
28683,8.0
28684,8.0
28685,8.0
28686,8.0
28687,8.0
28688,8.0
28689,8.0
28690,8.0
28691,8.0
28692,8.0
28693,8.0
28694,8.0
28695,8.0
28696,8.0
28697,8.0
28698,8.0
28699,8.0
28700,8.0
28701,8.0
28702,8.0
28703,8.0
28704,8.0
28705,8.0
28706,8.0
28707,8.0
28708,8.0
28709,8.0
28710,8.0
28711,8.0
28712,8.0
28713,8.0
28714,8.0
28715,8.0
28716,8.0
28717,8.0
28718,8.0
28719,8.0
28720,8.0
28721,8.0
28722,8.0
28723,8.0
28724,8.0
28725,8.0
28726,8.0
28727,8.0
28728,8.0
28729,8.0
28730,8.0
28731,8.0
28732,8.0
28733,8.0
28734,8.0
28735,8.0
28736,8.0
28737,8.0
28738,8.0
28739,8.0
28740,8.0
28741,8.0
28742,8.0
28743,8.0
28744,8.0
28745,8.0
28746,8.0
28747,8.0
28748,8.0
28749,8.0
28750,8.0
28751,8.0
28752,8.0
28753,8.0
28754,8.0
28755,8.0
28756,8.0
28757,8.0
28758,8.0
28759,8.0
28760,8.0
28761,8.0
28762,8.0
28763,8.0
28764,8.0
28765,8.0
28766,8.0
28767,8.0
28768,8.0
28769,8.0
28770,8.0
28771,8.0
28772,8.0
28773,8.0
28774,8.0
28775,8.0
28776,8.0
28777,8.0
28778,8.0
28779,8.0
28780,8.0
28781,8.0
28782,8.0
28783,8.0
28784,8.0
28785,8.0
28786,8.0
28787,8.0
28788,8.0
28789,8.0
28790,8.0
28791,8.0
28792,8.0
28793,8.0
28794,8.0
28795,8.0
28796,8.0
28797,8.0
28798,8.0
28799,8.0
28800,8.0
28801,8.0
28802,8.0
28803,8.0
28804,8.0
28805,8.0
28806,8.0
28807,8.0
28808,8.0
28809,8.0
28810,8.0
28811,8.0
28812,8.0
28813,8.0
28814,8.0
28815,8.0
28816,8.0
28817,8.0
28818,8.0
28819,8.0
28820,8.0
28821,8.0
28822,8.0
28823,8.0
28824,8.0
28825,8.0
28826,8.0
28827,8.0
28828,8.0
28829,8.0
28830,8.0
28831,8.0
28832,8.0
28833,8.0
28834,8.0
28835,8.0
28836,8.0
28837,8.0
28838,8.0
28839,8.0
28840,8.0
28841,8.0
28842,8.0
28843,8.0
28844,8.0
28845,8.0
28846,8.0
28847,8.0
28848,8.0
28849,8.0
28850,8.0
28851,8.0
28852,8.0
28853,8.0
28854,8.0
28855,8.0
28856,8.0
28857,8.0
28858,8.0
28859,8.0
28860,8.0
28861,8.0
28862,8.0
28863,8.0
28864,8.0
28865,8.0
28866,8.0
28867,8.0
28868,8.0
28869,8.0
28870,8.0
28871,8.0
28872,8.0
28873,8.0
28874,8.0
28875,8.0
28876,8.0
28877,8.0
28878,8.0
28879,8.0
28880,8.0
28881,8.0
28882,8.0
28883,8.0
28884,8.0
28885,8.0
28886,8.0
28887,8.0
28888,8.0
28889,8.0
28890,8.0
28891,8.0
28892,8.0
28893,8.0
28894,8.0
28895,8.0
28896,8.0
28897,8.0
28898,8.0
28899,8.0
28900,8.0
28901,8.0
28902,8.0
28903,8.0
28904,8.0
28905,8.0
28906,8.0
28907,8.0
28908,8.0
28909,8.0
28910,8.0
28911,8.0
28912,8.0
28913,8.0
28914,8.0
28915,8.0
28916,8.0
28917,8.0
28918,8.0
28919,8.0
28920,8.0
28921,8.0
28922,8.0
28923,8.0
28924,8.0
28925,8.0
28926,8.0
28927,8.0
28928,8.0
28929,8.0
28930,8.0
28931,8.0
28932,8.0
28933,8.0
28934,8.0
28935,8.0
28936,8.0
28937,8.0
28938,8.0
28939,8.0
28940,8.0
28941,8.0
28942,8.0
28943,8.0
28944,8.0
28945,8.0
28946,8.0
28947,8.0
28948,8.0
28949,8.0
28950,8.0
28951,8.0
28952,8.0
28953,8.0
28954,8.0
28955,8.0
28956,8.0
28957,8.0
28958,8.0
28959,8.0
28960,8.0
28961,8.0
28962,8.0
28963,8.0
28964,8.0
28965,8.0
28966,8.0
28967,8.0
28968,8.0
28969,8.0
28970,8.0
28971,8.0
28972,8.0
28973,8.0
28974,8.0
28975,8.0
28976,8.0
28977,8.0
28978,8.0
28979,8.0
28980,8.0
28981,8.0
28982,8.0
28983,8.0
28984,8.0
28985,8.0
28986,8.0
28987,8.0
28988,8.0
28989,8.0
28990,8.0
28991,8.0
28992,8.0
28993,8.0
28994,8.0
28995,8.0
28996,8.0
28997,8.0
28998,8.0
28999,8.0
29000,8.0
29001,8.0
29002,8.0
29003,8.0
29004,8.0
29005,8.0
29006,8.0
29007,8.0
29008,8.0
29009,8.0
29010,8.0
29011,8.0
29012,8.0
29013,8.0
29014,8.0
29015,8.0
29016,8.0
29017,8.0
29018,8.0
29019,8.0
29020,8.0
29021,8.0
29022,8.0
29023,8.0
29024,8.0
29025,8.0
29026,8.0
29027,8.0
29028,8.0
29029,8.0
29030,8.0
29031,8.0
29032,8.0
29033,8.0
29034,8.0
29035,8.0
29036,8.0
29037,8.0
29038,8.0
29039,8.0
29040,8.0
29041,8.0
29042,8.0
29043,8.0
29044,8.0
29045,8.0
29046,8.0
29047,8.0
29048,8.0
29049,8.0
29050,8.0
29051,8.0
29052,8.0
29053,8.0
29054,8.0
29055,8.0
29056,8.0
29057,8.0
29058,8.0
29059,8.0
29060,8.0
29061,8.0
29062,8.0
29063,8.0
29064,8.0
29065,8.0
29066,8.0
29067,8.0
29068,8.0
29069,8.0
29070,8.0
29071,8.0
29072,8.0
29073,8.0
29074,8.0
29075,8.0
29076,8.0
29077,8.0
29078,8.0
29079,8.0
29080,8.0
29081,8.0
29082,8.0
29083,8.0
29084,8.0
29085,8.0
29086,8.0
29087,8.0
29088,8.0
29089,8.0
29090,8.0
29091,8.0
29092,8.0
29093,8.0
29094,8.0
29095,8.0
29096,8.0
29097,8.0
29098,8.0
29099,8.0
29100,8.0
29101,8.0
29102,8.0
29103,8.0
29104,8.0
29105,8.0
29106,8.0
29107,8.0
29108,8.0
29109,8.0
29110,8.0
29111,8.0
29112,8.0
29113,8.0
29114,8.0
29115,8.0
29116,8.0
29117,8.0
29118,8.0
29119,8.0
29120,8.0
29121,8.0
29122,8.0
29123,8.0
29124,8.0
29125,8.0
29126,8.0
29127,8.0
29128,8.0
29129,8.0
29130,8.0
29131,8.0
29132,8.0
29133,8.0
29134,8.0
29135,8.0
29136,8.0
29137,8.0
29138,8.0
29139,8.0
29140,8.0
29141,8.0
29142,8.0
29143,8.0
29144,8.0
29145,8.0
29146,8.0
29147,8.0
29148,8.0
29149,8.0
29150,8.0
29151,8.0
29152,8.0
29153,8.0
29154,8.0
29155,8.0
29156,8.0
29157,8.0
29158,8.0
29159,8.0
29160,8.0
29161,8.0
29162,8.0
29163,8.0
29164,8.0
29165,8.0
29166,8.0
29167,8.0
29168,8.0
29169,8.0
29170,8.0
29171,8.0
29172,8.0
29173,8.0
29174,8.0
29175,8.0
29176,8.0
29177,8.0
29178,8.0
29179,8.0
29180,8.0
29181,8.0
29182,8.0
29183,8.0
29184,8.0
29185,8.0
29186,8.0
29187,8.0
29188,8.0
29189,8.0
29190,8.0
29191,8.0
29192,8.0
29193,8.0
29194,8.0
29195,8.0
29196,8.0
29197,8.0
29198,8.0
29199,8.0
29200,8.0
29201,8.0
29202,8.0
29203,8.0
29204,8.0
29205,8.0
29206,8.0
29207,8.0
29208,8.0
29209,8.0
29210,8.0
29211,8.0
29212,8.0
29213,8.0
29214,8.0
29215,8.0
29216,8.0
29217,8.0
29218,8.0
29219,8.0
29220,8.0
29221,8.0
29222,8.0
29223,8.0
29224,8.0
29225,8.0
29226,8.0
29227,8.0
29228,8.0
29229,8.0
29230,8.0
29231,8.0
29232,8.0
29233,8.0
29234,8.0
29235,8.0
29236,8.0
29237,8.0
29238,8.0
29239,8.0
29240,8.0
29241,8.0
29242,8.0
29243,8.0
29244,8.0
29245,8.0
29246,8.0
29247,8.0
29248,8.0
29249,8.0
29250,8.0
29251,8.0
29252,8.0
29253,8.0
29254,8.0
29255,8.0
29256,8.0
29257,8.0
29258,8.0
29259,8.0
29260,8.0
29261,8.0
29262,8.0
29263,8.0
29264,8.0
29265,8.0
29266,8.0
29267,8.0
29268,8.0
29269,8.0
29270,8.0
29271,8.0
29272,8.0
29273,8.0
29274,8.0
29275,8.0
29276,8.0
29277,8.0
29278,8.0
29279,8.0
29280,8.0
29281,8.0
29282,8.0
29283,8.0
29284,8.0
29285,8.0
29286,8.0
29287,8.0
29288,8.0
29289,8.0
29290,8.0
29291,8.0
29292,8.0
29293,8.0
29294,8.0
29295,8.0
29296,8.0
29297,8.0
29298,8.0
29299,8.0
29300,8.0
29301,8.0
29302,8.0
29303,8.0
29304,8.0
29305,8.0
29306,8.0
29307,8.0
29308,8.0
29309,8.0
29310,8.0
29311,8.0
29312,8.0
29313,8.0
29314,8.0
29315,8.0
29316,8.0
29317,8.0
29318,8.0
29319,8.0
29320,8.0
29321,8.0
29322,8.0
29323,8.0
29324,8.0
29325,8.0
29326,8.0
29327,8.0
29328,8.0
29329,8.0
29330,8.0
29331,8.0
29332,8.0
29333,8.0
29334,8.0
29335,8.0
29336,8.0
29337,8.0
29338,8.0
29339,8.0
29340,8.0
29341,8.0
29342,8.0
29343,8.0
29344,8.0
29345,8.0
29346,8.0
29347,8.0
29348,8.0
29349,8.0
29350,8.0
29351,8.0
29352,8.0
29353,8.0
29354,8.0
29355,8.0
29356,8.0
29357,8.0
29358,8.0
29359,8.0
29360,8.0
29361,8.0
29362,8.0
29363,8.0
29364,8.0
29365,8.0
29366,8.0
29367,8.0
29368,8.0
29369,8.0
29370,8.0
29371,8.0
29372,8.0
29373,8.0
29374,8.0
29375,8.0
29376,8.0
29377,8.0
29378,8.0
29379,8.0
29380,8.0
29381,8.0
29382,8.0
29383,8.0
29384,8.0
29385,8.0
29386,8.0
29387,8.0
29388,8.0
29389,8.0
29390,8.0
29391,8.0
29392,8.0
29393,8.0
29394,8.0
29395,8.0
29396,8.0
29397,8.0
29398,8.0
29399,8.0
29400,8.0
29401,8.0
29402,8.0
29403,8.0
29404,8.0
29405,8.0
29406,8.0
29407,8.0
29408,8.0
29409,8.0
29410,8.0
29411,8.0
29412,8.0
29413,8.0
29414,8.0
29415,8.0
29416,8.0
29417,8.0
29418,8.0
29419,8.0
29420,8.0
29421,8.0
29422,8.0
29423,8.0
29424,8.0
29425,8.0
29426,8.0
29427,8.0
29428,8.0
29429,8.0
29430,8.0
29431,8.0
29432,8.0
29433,8.0
29434,8.0
29435,8.0
29436,8.0
29437,8.0
29438,8.0
29439,8.0
29440,8.0
29441,8.0
29442,8.0
29443,8.0
29444,8.0
29445,8.0
29446,8.0
29447,8.0
29448,8.0
29449,8.0
29450,8.0
29451,8.0
29452,8.0
29453,8.0
29454,8.0
29455,8.0
29456,8.0
29457,8.0
29458,8.0
29459,8.0
29460,8.0
29461,8.0
29462,8.0
29463,8.0
29464,8.0
29465,8.0
29466,8.0
29467,8.0
29468,8.0
29469,8.0
29470,8.0
29471,8.0
29472,8.0
29473,8.0
29474,8.0
29475,8.0
29476,8.0
29477,8.0
29478,8.0
29479,8.0
29480,8.0
29481,8.0
29482,8.0
29483,8.0
29484,8.0
29485,8.0
29486,8.0
29487,8.0
29488,8.0
29489,8.0
29490,8.0
29491,8.0
29492,8.0
29493,8.0
29494,8.0
29495,8.0
29496,8.0
29497,8.0
29498,8.0
29499,8.0
29500,8.0
29501,8.0
29502,8.0
29503,8.0
29504,8.0
29505,8.0
29506,8.0
29507,8.0
29508,8.0
29509,8.0
29510,8.0
29511,8.0
29512,8.0
29513,8.0
29514,8.0
29515,8.0
29516,8.0
29517,8.0
29518,8.0
29519,8.0
29520,8.0
29521,8.0
29522,8.0
29523,8.0
29524,8.0
29525,8.0
29526,8.0
29527,8.0
29528,8.0
29529,8.0
29530,8.0
29531,8.0
29532,8.0
29533,8.0
29534,8.0
29535,8.0
29536,8.0
29537,8.0
29538,8.0
29539,8.0
29540,8.0
29541,8.0
29542,8.0
29543,8.0
29544,8.0
29545,8.0
29546,8.0
29547,8.0
29548,8.0
29549,8.0
29550,8.0
29551,8.0
29552,8.0
29553,8.0
29554,8.0
29555,8.0
29556,8.0
29557,8.0
29558,8.0
29559,8.0
29560,8.0
29561,8.0
29562,8.0
29563,8.0
29564,8.0
29565,8.0
29566,8.0
29567,8.0
29568,8.0
29569,8.0
29570,8.0
29571,8.0
29572,8.0
29573,8.0
29574,8.0
29575,8.0
29576,8.0
29577,8.0
29578,8.0
29579,8.0
29580,8.0
29581,8.0
29582,8.0
29583,8.0
29584,8.0
29585,8.0
29586,8.0
29587,8.0
29588,8.0
29589,8.0
29590,8.0
29591,8.0
29592,8.0
29593,8.0
29594,8.0
29595,8.0
29596,8.0
29597,8.0
29598,8.0
29599,8.0
29600,8.0
29601,8.0
29602,8.0
29603,8.0
29604,8.0
29605,8.0
29606,8.0
29607,8.0
29608,8.0
29609,8.0
29610,8.0
29611,8.0
29612,8.0
29613,8.0
29614,8.0
29615,8.0
29616,8.0
29617,8.0
29618,8.0
29619,8.0
29620,8.0
29621,8.0
29622,8.0
29623,8.0
29624,8.0
29625,8.0
29626,8.0
29627,8.0
29628,8.0
29629,8.0
29630,8.0
29631,8.0
29632,8.0
29633,8.0
29634,8.0
29635,8.0
29636,8.0
29637,8.0
29638,8.0
29639,8.0
29640,8.0
29641,8.0
29642,8.0
29643,8.0
29644,8.0
29645,8.0
29646,8.0
29647,8.0
29648,8.0
29649,8.0
29650,8.0
29651,8.0
29652,8.0
29653,8.0
29654,8.0
29655,8.0
29656,8.0
29657,8.0
29658,8.0
29659,8.0
29660,8.0
29661,8.0
29662,8.0
29663,8.0
29664,8.0
29665,8.0
29666,8.0
29667,8.0
29668,8.0
29669,8.0
29670,8.0
29671,8.0
29672,8.0
29673,8.0
29674,8.0
29675,8.0
29676,8.0
29677,8.0
29678,8.0
29679,8.0
29680,8.0
29681,8.0
29682,8.0
29683,8.0
29684,8.0
29685,8.0
29686,8.0
29687,8.0
29688,8.0
29689,8.0
29690,8.0
29691,7.0
29692,7.0
29693,7.0
29694,7.0
29695,7.0
29696,7.0
29697,7.0
29698,7.0
29699,7.0
29700,7.0
29701,7.0
29702,7.0
29703,7.0
29704,7.0
29705,7.0
29706,7.0
29707,7.0
29708,7.0
29709,7.0
29710,7.0
29711,7.0
29712,7.0
29713,7.0
29714,7.0
29715,7.0
29716,7.0
29717,7.0
29718,7.0
29719,7.0
29720,7.0
29721,7.0
29722,7.0
29723,7.0
29724,7.0
29725,7.0
29726,7.0
29727,7.0
29728,7.0
29729,7.0
29730,7.0
29731,7.0
29732,7.0
29733,7.0
29734,7.0
29735,7.0
29736,7.0
29737,7.0
29738,7.0
29739,7.0
29740,7.0
29741,7.0
29742,7.0
29743,7.0
29744,7.0
29745,7.0
29746,7.0
29747,7.0
29748,7.0
29749,7.0
29750,7.0
29751,7.0
29752,7.0
29753,7.0
29754,7.0
29755,7.0
29756,7.0
29757,7.0
29758,7.0
29759,7.0
29760,7.0
29761,7.0
29762,7.0
29763,7.0
29764,7.0
29765,7.0
29766,7.0
29767,7.0
29768,7.0
29769,7.0
29770,7.0
29771,7.0
29772,7.0
29773,7.0
29774,7.0
29775,7.0
29776,7.0
29777,7.0
29778,7.0
29779,7.0
29780,7.0
29781,7.0
29782,7.0
29783,7.0
29784,7.0
29785,7.0
29786,7.0
29787,7.0
29788,7.0
29789,7.0
29790,7.0
29791,7.0
29792,7.0
29793,7.0
29794,7.0
29795,7.0
29796,7.0
29797,7.0
29798,7.0
29799,7.0
29800,7.0
29801,7.0
29802,7.0
29803,7.0
29804,7.0
29805,7.0
29806,7.0
29807,7.0
29808,7.0
29809,7.0
29810,7.0
29811,7.0
29812,7.0
29813,7.0
29814,7.0
29815,7.0
29816,7.0
29817,7.0
29818,7.0
29819,7.0
29820,7.0
29821,7.0
29822,7.0
29823,7.0
29824,7.0
29825,7.0
29826,7.0
29827,7.0
29828,7.0
29829,7.0
29830,7.0
29831,7.0
29832,7.0
29833,7.0
29834,7.0
29835,7.0
29836,7.0
29837,7.0
29838,7.0
29839,7.0
29840,7.0
29841,7.0
29842,7.0
29843,7.0
29844,7.0
29845,7.0
29846,7.0
29847,7.0
29848,7.0
29849,7.0
29850,7.0
29851,7.0
29852,7.0
29853,7.0
29854,7.0
29855,7.0
29856,7.0
29857,7.0
29858,7.0
29859,7.0
29860,7.0
29861,7.0
29862,7.0
29863,7.0
29864,7.0
29865,7.0
29866,7.0
29867,7.0
29868,7.0
29869,7.0
29870,7.0
29871,7.0
29872,7.0
29873,7.0
29874,7.0
29875,7.0
29876,7.0
29877,7.0
29878,7.0
29879,7.0
29880,7.0
29881,7.0
29882,7.0
29883,7.0
29884,7.0
29885,7.0
29886,7.0
29887,7.0
29888,7.0
29889,7.0
29890,7.0
29891,7.0
29892,7.0
29893,7.0
29894,7.0
29895,7.0
29896,7.0
29897,7.0
29898,7.0
29899,7.0
29900,7.0
29901,7.0
29902,7.0
29903,7.0
29904,7.0
29905,7.0
29906,7.0
29907,7.0
29908,7.0
29909,7.0
29910,7.0
29911,7.0
29912,7.0
29913,7.0
29914,7.0
29915,7.0
29916,7.0
29917,7.0
29918,7.0
29919,7.0
29920,7.0
29921,7.0
29922,7.0
29923,7.0
29924,7.0
29925,7.0
29926,7.0
29927,7.0
29928,7.0
29929,7.0
29930,7.0
29931,7.0
29932,7.0
29933,7.0
29934,7.0
29935,7.0
29936,7.0
29937,7.0
29938,7.0
29939,7.0
29940,7.0
29941,7.0
29942,7.0
29943,7.0
29944,7.0
29945,7.0
29946,7.0
29947,7.0
29948,7.0
29949,7.0
29950,7.0
29951,7.0
29952,7.0
29953,7.0
29954,7.0
29955,7.0
29956,7.0
29957,7.0
29958,7.0
29959,7.0
29960,7.0
29961,7.0
29962,7.0
29963,7.0
29964,7.0
29965,7.0
29966,7.0
29967,7.0
29968,7.0
29969,7.0
29970,7.0
29971,7.0
29972,7.0
29973,7.0
29974,7.0
29975,7.0
29976,7.0
29977,7.0
29978,7.0
29979,7.0
29980,7.0
29981,7.0
29982,7.0
29983,7.0
29984,7.0
29985,7.0
29986,7.0
29987,7.0
29988,7.0
29989,7.0
29990,7.0
29991,7.0
29992,7.0
29993,7.0
29994,7.0
29995,7.0
29996,7.0
29997,7.0
29998,7.0
29999,7.0
30000,7.0
30001,7.0
30002,7.0
30003,7.0
30004,7.0
30005,7.0
30006,7.0
30007,7.0
30008,7.0
30009,7.0
30010,7.0
30011,7.0
30012,7.0
30013,7.0
30014,7.0
30015,7.0
30016,7.0
30017,7.0
30018,7.0
30019,7.0
30020,7.0
30021,7.0
30022,7.0
30023,7.0
30024,7.0
30025,7.0
30026,7.0
30027,7.0
30028,7.0
30029,7.0
30030,7.0
30031,7.0
30032,7.0
30033,7.0
30034,7.0
30035,7.0
30036,7.0
30037,7.0
30038,7.0
30039,7.0
30040,7.0
30041,7.0
30042,7.0
30043,7.0
30044,7.0
30045,7.0
30046,7.0
30047,7.0
30048,7.0
30049,7.0
30050,7.0
30051,7.0
30052,7.0
30053,7.0
30054,7.0
30055,7.0
30056,7.0
30057,7.0
30058,7.0
30059,7.0
30060,7.0
30061,7.0
30062,7.0
30063,7.0
30064,7.0
30065,7.0
30066,7.0
30067,7.0
30068,7.0
30069,7.0
30070,7.0
30071,7.0
30072,7.0
30073,7.0
30074,7.0
30075,7.0
30076,7.0
30077,7.0
30078,7.0
30079,7.0
30080,7.0
30081,7.0
30082,7.0
30083,7.0
30084,7.0
30085,7.0
30086,7.0
30087,7.0
30088,7.0
30089,7.0
30090,7.0
30091,7.0
30092,7.0
30093,7.0
30094,7.0
30095,7.0
30096,7.0
30097,7.0
30098,7.0
30099,7.0
30100,7.0
30101,7.0
30102,7.0
30103,7.0
30104,7.0
30105,7.0
30106,7.0
30107,7.0
30108,7.0
30109,7.0
30110,7.0
30111,7.0
30112,7.0
30113,7.0
30114,7.0
30115,7.0
30116,7.0
30117,7.0
30118,7.0
30119,7.0
30120,7.0
30121,7.0
30122,7.0
30123,7.0
30124,7.0
30125,7.0
30126,7.0
30127,7.0
30128,7.0
30129,7.0
30130,7.0
30131,7.0
30132,7.0
30133,7.0
30134,7.0
30135,7.0
30136,7.0
30137,7.0
30138,7.0
30139,7.0
30140,7.0
30141,7.0
30142,7.0
30143,7.0
30144,7.0
30145,7.0
30146,7.0
30147,7.0
30148,7.0
30149,7.0
30150,7.0
30151,7.0
30152,7.0
30153,7.0
30154,7.0
30155,7.0
30156,7.0
30157,7.0
30158,7.0
30159,7.0
30160,7.0
30161,7.0
30162,7.0
30163,7.0
30164,7.0
30165,7.0
30166,7.0
30167,7.0
30168,7.0
30169,7.0
30170,7.0
30171,7.0
30172,7.0
30173,7.0
30174,7.0
30175,7.0
30176,7.0
30177,7.0
30178,7.0
30179,7.0
30180,7.0
30181,7.0
30182,7.0
30183,7.0
30184,7.0
30185,7.0
30186,7.0
30187,7.0
30188,7.0
30189,7.0
30190,7.0
30191,7.0
30192,7.0
30193,7.0
30194,7.0
30195,7.0
30196,7.0
30197,7.0
30198,7.0
30199,7.0
30200,7.0
30201,7.0
30202,7.0
30203,7.0
30204,7.0
30205,7.0
30206,7.0
30207,7.0
30208,7.0
30209,7.0
30210,7.0
30211,7.0
30212,7.0
30213,7.0
30214,7.0
30215,7.0
30216,7.0
30217,7.0
30218,7.0
30219,7.0
30220,7.0
30221,7.0
30222,7.0
30223,7.0
30224,7.0
30225,7.0
30226,7.0
30227,7.0
30228,7.0
30229,7.0
30230,7.0
30231,7.0
30232,7.0
30233,7.0
30234,7.0
30235,7.0
30236,7.0
30237,7.0
30238,7.0
30239,7.0
30240,7.0
30241,7.0
30242,7.0
30243,7.0
30244,7.0
30245,7.0
30246,7.0
30247,7.0
30248,7.0
30249,7.0
30250,7.0
30251,7.0
30252,7.0
30253,7.0
30254,7.0
30255,7.0
30256,7.0
30257,7.0
30258,7.0
30259,7.0
30260,7.0
30261,7.0
30262,7.0
30263,7.0
30264,7.0
30265,7.0
30266,7.0
30267,7.0
30268,7.0
30269,7.0
30270,7.0
30271,7.0
30272,7.0
30273,7.0
30274,7.0
30275,7.0
30276,7.0
30277,7.0
30278,7.0
30279,7.0
30280,7.0
30281,7.0
30282,7.0
30283,7.0
30284,7.0
30285,7.0
30286,7.0
30287,7.0
30288,7.0
30289,7.0
30290,7.0
30291,7.0
30292,7.0
30293,7.0
30294,7.0
30295,7.0
30296,7.0
30297,7.0
30298,7.0
30299,7.0
30300,7.0
30301,7.0
30302,7.0
30303,7.0
30304,7.0
30305,7.0
30306,7.0
30307,7.0
30308,7.0
30309,7.0
30310,7.0
30311,7.0
30312,7.0
30313,7.0
30314,7.0
30315,7.0
30316,7.0
30317,7.0
30318,7.0
30319,7.0
30320,7.0
30321,8.0
30322,8.0
30323,8.0
30324,8.0
30325,8.0
30326,8.0
30327,8.0
30328,8.0
30329,8.0
30330,8.0
30331,8.0
30332,8.0
30333,8.0
30334,8.0
30335,8.0
30336,8.0
30337,8.0
30338,8.0
30339,8.0
30340,8.0
30341,8.0
30342,8.0
30343,8.0
30344,8.0
30345,8.0
30346,8.0
30347,8.0
30348,8.0
30349,8.0
30350,8.0
30351,8.0
30352,8.0
30353,8.0
30354,8.0
30355,8.0
30356,8.0
30357,8.0
30358,8.0
30359,8.0
30360,8.0
30361,8.0
30362,8.0
30363,8.0
30364,8.0
30365,8.0
30366,8.0
30367,8.0
30368,8.0
30369,8.0
30370,8.0
30371,8.0
30372,8.0
30373,8.0
30374,8.0
30375,8.0
30376,8.0
30377,8.0
30378,8.0
30379,8.0
30380,8.0
30381,8.0
30382,8.0
30383,8.0
30384,8.0
30385,8.0
30386,8.0
30387,8.0
30388,8.0
30389,8.0
30390,8.0
30391,8.0
30392,8.0
30393,8.0
30394,8.0
30395,8.0
30396,8.0
30397,8.0
30398,8.0
30399,8.0
30400,8.0
30401,8.0
30402,8.0
30403,8.0
30404,8.0
30405,8.0
30406,8.0
30407,8.0
30408,8.0
30409,8.0
30410,8.0
30411,8.0
30412,8.0
30413,8.0
30414,8.0
30415,8.0
30416,8.0
30417,7.0
30418,7.0
30419,7.0
30420,7.0
30421,7.0
30422,7.0
30423,7.0
30424,7.0
30425,7.0
30426,7.0
30427,7.0
30428,7.0
30429,7.0
30430,7.0
30431,7.0
30432,7.0
30433,7.0
30434,7.0
30435,7.0
30436,7.0
30437,7.0
30438,7.0
30439,7.0
30440,7.0
30441,7.0
30442,7.0
30443,7.0
30444,7.0
30445,7.0
30446,7.0
30447,7.0
30448,7.0
30449,7.0
30450,7.0
30451,7.0
30452,7.0
30453,7.0
30454,7.0
30455,7.0
30456,7.0
30457,7.0
30458,7.0
30459,7.0
30460,7.0
30461,7.0
30462,7.0
30463,7.0
30464,7.0
30465,7.0
30466,7.0
30467,7.0
30468,7.0
30469,7.0
30470,7.0
30471,7.0
30472,7.0
30473,7.0
30474,7.0
30475,7.0
30476,7.0
30477,7.0
30478,7.0
30479,7.0
30480,7.0
30481,7.0
30482,7.0
30483,7.0
30484,7.0
30485,7.0
30486,7.0
30487,7.0
30488,7.0
30489,7.0
30490,7.0
30491,7.0
30492,7.0
30493,7.0
30494,7.0
30495,7.0
30496,7.0
30497,7.0
30498,7.0
30499,7.0
30500,7.0
30501,7.0
30502,7.0
30503,7.0
30504,7.0
30505,7.0
30506,7.0
30507,7.0
30508,7.0
30509,7.0
30510,7.0
30511,7.0
30512,7.0
30513,7.0
30514,7.0
30515,7.0
30516,7.0
30517,7.0
30518,7.0
30519,7.0
30520,7.0
30521,7.0
30522,7.0
30523,7.0
30524,7.0
30525,7.0
30526,7.0
30527,7.0
30528,7.0
30529,7.0
30530,7.0
30531,7.0
30532,7.0
30533,7.0
30534,7.0
30535,7.0
30536,7.0
30537,7.0
30538,7.0
30539,7.0
30540,7.0
30541,7.0
30542,7.0
30543,7.0
30544,7.0
30545,7.0
30546,7.0
30547,7.0
30548,7.0
30549,7.0
30550,7.0
30551,7.0
30552,7.0
30553,7.0
30554,7.0
30555,7.0
30556,7.0
30557,7.0
30558,7.0
30559,7.0
30560,7.0
30561,7.0
30562,7.0
30563,7.0
30564,7.0
30565,7.0
30566,7.0
30567,7.0
30568,7.0
30569,7.0
30570,7.0
30571,7.0
30572,7.0
30573,7.0
30574,7.0
30575,7.0
30576,7.0
30577,7.0
30578,7.0
30579,7.0
30580,7.0
30581,7.0
30582,7.0
30583,7.0
30584,7.0
30585,7.0
30586,7.0
30587,7.0
30588,7.0
30589,7.0
30590,7.0
30591,7.0
30592,7.0
30593,7.0
30594,7.0
30595,7.0
30596,7.0
30597,7.0
30598,7.0
30599,7.0
30600,7.0
30601,7.0
30602,7.0
30603,7.0
30604,7.0
30605,7.0
30606,7.0
30607,7.0
30608,7.0
30609,7.0
30610,7.0
30611,7.0
30612,7.0
30613,7.0
30614,7.0
30615,7.0
30616,7.0
30617,7.0
30618,7.0
30619,7.0
30620,7.0
30621,7.0
30622,7.0
30623,7.0
30624,7.0
30625,7.0
30626,7.0
30627,7.0
30628,7.0
30629,7.0
30630,7.0
30631,7.0
30632,7.0
30633,7.0
30634,7.0
30635,7.0
30636,7.0
30637,7.0
30638,7.0
30639,7.0
30640,7.0
30641,7.0
30642,7.0
30643,7.0
30644,7.0
30645,7.0
30646,7.0
30647,7.0
30648,7.0
30649,7.0
30650,7.0
30651,7.0
30652,7.0
30653,7.0
30654,7.0
30655,7.0
30656,7.0
30657,7.0
30658,7.0
30659,7.0
30660,7.0
30661,7.0
30662,7.0
30663,7.0
30664,7.0
30665,7.0
30666,7.0
30667,7.0
30668,7.0
30669,7.0
30670,7.0
30671,7.0
30672,7.0
30673,7.0
30674,7.0
30675,7.0
30676,7.0
30677,7.0
30678,7.0
30679,7.0
30680,7.0
30681,7.0
30682,7.0
30683,7.0
30684,7.0
30685,7.0
30686,7.0
30687,7.0
30688,7.0
30689,7.0
30690,7.0
30691,7.0
30692,7.0
30693,7.0
30694,7.0
30695,7.0
30696,7.0
30697,7.0
30698,7.0
30699,7.0
30700,7.0
30701,7.0
30702,7.0
30703,7.0
30704,7.0
30705,7.0
30706,7.0
30707,7.0
30708,7.0
30709,7.0
30710,7.0
30711,7.0
30712,7.0
30713,7.0
30714,7.0
30715,7.0
30716,7.0
30717,7.0
30718,7.0
30719,7.0
30720,7.0
30721,7.0
30722,7.0
30723,7.0
30724,7.0
30725,7.0
30726,7.0
30727,7.0
30728,7.0
30729,7.0
30730,7.0
30731,7.0
30732,7.0
30733,7.0
30734,7.0
30735,7.0
30736,7.0
30737,7.0
30738,7.0
30739,7.0
30740,7.0
30741,7.0
30742,7.0
30743,7.0
30744,7.0
30745,7.0
30746,7.0
30747,7.0
30748,7.0
30749,7.0
30750,7.0
30751,7.0
30752,7.0
30753,7.0
30754,7.0
30755,7.0
30756,7.0
30757,7.0
30758,7.0
30759,7.0
30760,7.0
30761,7.0
30762,7.0
30763,7.0
30764,7.0
30765,7.0
30766,7.0
30767,7.0
30768,7.0
30769,7.0
30770,7.0
30771,7.0
30772,7.0
30773,7.0
30774,7.0
30775,7.0
30776,7.0
30777,7.0
30778,7.0
30779,7.0
30780,7.0
30781,7.0
30782,7.0
30783,7.0
30784,7.0
30785,7.0
30786,7.0
30787,7.0
30788,7.0
30789,7.0
30790,7.0
30791,7.0
30792,7.0
30793,7.0
30794,7.0
30795,7.0
30796,7.0
30797,7.0
30798,7.0
30799,7.0
30800,7.0
30801,7.0
30802,7.0
30803,7.0
30804,7.0
30805,7.0
30806,7.0
30807,7.0
30808,7.0
30809,7.0
30810,7.0
30811,7.0
30812,7.0
30813,7.0
30814,7.0
30815,7.0
30816,7.0
30817,7.0
30818,7.0
30819,7.0
30820,7.0
30821,7.0
30822,7.0
30823,7.0
30824,7.0
30825,7.0
30826,7.0
30827,7.0
30828,7.0
30829,7.0
30830,7.0
30831,7.0
30832,7.0
30833,7.0
30834,7.0
30835,7.0
30836,7.0
30837,7.0
30838,7.0
30839,7.0
30840,7.0
30841,7.0
30842,7.0
30843,7.0
30844,7.0
30845,7.0
30846,7.0
30847,7.0
30848,7.0
30849,7.0
30850,7.0
30851,7.0
30852,7.0
30853,7.0
30854,7.0
30855,7.0
30856,7.0
30857,7.0
30858,7.0
30859,7.0
30860,7.0
30861,7.0
30862,7.0
30863,7.0
30864,7.0
30865,7.0
30866,7.0
30867,7.0
30868,7.0
30869,7.0
30870,7.0
30871,7.0
30872,7.0
30873,7.0
30874,7.0
30875,7.0
30876,7.0
30877,7.0
30878,7.0
30879,7.0
30880,7.0
30881,7.0
30882,7.0
30883,7.0
30884,7.0
30885,7.0
30886,7.0
30887,7.0
30888,7.0
30889,7.0
30890,7.0
30891,7.0
30892,7.0
30893,7.0
30894,7.0
30895,7.0
30896,7.0
30897,7.0
30898,7.0
30899,7.0
30900,7.0
30901,7.0
30902,7.0
30903,7.0
30904,7.0
30905,7.0
30906,7.0
30907,7.0
30908,7.0
30909,7.0
30910,7.0
30911,7.0
30912,7.0
30913,7.0
30914,7.0
30915,7.0
30916,7.0
30917,7.0
30918,7.0
30919,7.0
30920,7.0
30921,7.0
30922,7.0
30923,7.0
30924,7.0
30925,7.0
30926,7.0
30927,7.0
30928,7.0
30929,7.0
30930,7.0
30931,7.0
30932,7.0
30933,7.0
30934,7.0
30935,7.0
30936,7.0
30937,7.0
30938,7.0
30939,7.0
30940,7.0
30941,7.0
30942,7.0
30943,7.0
30944,7.0
30945,7.0
30946,7.0
30947,7.0
30948,7.0
30949,7.0
30950,7.0
30951,7.0
30952,7.0
30953,7.0
30954,7.0
30955,7.0
30956,7.0
30957,7.0
30958,7.0
30959,7.0
30960,7.0
30961,7.0
30962,7.0
30963,7.0
30964,7.0
30965,7.0
30966,7.0
30967,7.0
30968,7.0
30969,7.0
30970,7.0
30971,7.0
30972,7.0
30973,7.0
30974,7.0
30975,7.0
30976,7.0
30977,7.0
30978,7.0
30979,7.0
30980,7.0
30981,7.0
30982,7.0
30983,7.0
30984,7.0
30985,7.0
30986,7.0
30987,7.0
30988,7.0
30989,7.0
30990,7.0
30991,7.0
30992,7.0
30993,7.0
30994,7.0
30995,7.0
30996,7.0
30997,7.0
30998,7.0
30999,7.0
31000,7.0
31001,7.0
31002,7.0
31003,7.0
31004,7.0
31005,7.0
31006,7.0
31007,7.0
31008,7.0
31009,7.0
31010,7.0
31011,7.0
31012,7.0
31013,7.0
31014,7.0
31015,7.0
31016,7.0
31017,7.0
31018,7.0
31019,7.0
31020,7.0
31021,7.0
31022,7.0
31023,7.0
31024,7.0
31025,7.0
31026,7.0
31027,7.0
31028,7.0
31029,7.0
31030,7.0
31031,7.0
31032,7.0
31033,7.0
31034,7.0
31035,7.0
31036,7.0
31037,7.0
31038,7.0
31039,7.0
31040,7.0
31041,7.0
31042,7.0
31043,7.0
31044,7.0
31045,7.0
31046,7.0
31047,7.0
31048,7.0
31049,7.0
31050,7.0
31051,7.0
31052,7.0
31053,7.0
31054,7.0
31055,7.0
31056,7.0
31057,7.0
31058,7.0
31059,7.0
31060,7.0
31061,7.0
31062,7.0
31063,7.0
31064,7.0
31065,7.0
31066,7.0
31067,7.0
31068,7.0
31069,7.0
31070,7.0
31071,7.0
31072,7.0
31073,7.0
31074,7.0
31075,7.0
31076,7.0
31077,7.0
31078,7.0
31079,7.0
31080,7.0
31081,7.0
31082,7.0
31083,7.0
31084,7.0
31085,7.0
31086,7.0
31087,7.0
31088,7.0
31089,7.0
31090,7.0
31091,7.0
31092,7.0
31093,7.0
31094,7.0
31095,7.0
31096,7.0
31097,7.0
31098,7.0
31099,7.0
31100,7.0
31101,7.0
31102,7.0
31103,7.0
31104,7.0
31105,7.0
31106,7.0
31107,7.0
31108,7.0
31109,7.0
31110,7.0
31111,7.0
31112,7.0
31113,7.0
31114,7.0
31115,7.0
31116,7.0
31117,7.0
31118,7.0
31119,7.0
31120,7.0
31121,7.0
31122,7.0
31123,7.0
31124,7.0
31125,7.0
31126,7.0
31127,7.0
31128,7.0
31129,7.0
31130,7.0
31131,7.0
31132,7.0
31133,7.0
31134,7.0
31135,7.0
31136,7.0
31137,7.0
31138,7.0
31139,7.0
31140,7.0
31141,7.0
31142,7.0
31143,7.0
31144,7.0
31145,7.0
31146,7.0
31147,7.0
31148,7.0
31149,7.0
31150,7.0
31151,7.0
31152,7.0
31153,7.0
31154,7.0
31155,7.0
31156,7.0
31157,7.0
31158,7.0
31159,7.0
31160,7.0
31161,7.0
31162,7.0
31163,7.0
31164,7.0
31165,7.0
31166,7.0
31167,7.0
31168,7.0
31169,7.0
31170,7.0
31171,7.0
31172,7.0
31173,7.0
31174,7.0
31175,7.0
31176,7.0
31177,7.0
31178,7.0
31179,7.0
31180,7.0
31181,7.0
31182,7.0
31183,7.0
31184,7.0
31185,7.0
31186,7.0
31187,7.0
31188,7.0
31189,7.0
31190,7.0
31191,7.0
31192,7.0
31193,7.0
31194,7.0
31195,7.0
31196,7.0
31197,7.0
31198,7.0
31199,7.0
31200,7.0
31201,7.0
31202,7.0
31203,7.0
31204,7.0
31205,7.0
31206,7.0
31207,7.0
31208,7.0
31209,7.0
31210,7.0
31211,7.0
31212,7.0
31213,7.0
31214,7.0
31215,7.0
31216,7.0
31217,7.0
31218,7.0
31219,7.0
31220,7.0
31221,7.0
31222,7.0
31223,7.0
31224,7.0
31225,7.0
31226,7.0
31227,7.0
31228,7.0
31229,7.0
31230,7.0
31231,7.0
31232,7.0
31233,7.0
31234,7.0
31235,7.0
31236,7.0
31237,7.0
31238,7.0
31239,7.0
31240,7.0
31241,7.0
31242,7.0
31243,7.0
31244,7.0
31245,7.0
31246,7.0
31247,7.0
31248,7.0
31249,7.0
31250,7.0
31251,7.0
31252,7.0
31253,7.0
31254,7.0
31255,7.0
31256,7.0
31257,7.0
31258,7.0
31259,7.0
31260,7.0
31261,7.0
31262,7.0
31263,7.0
31264,7.0
31265,7.0
31266,7.0
31267,7.0
31268,7.0
31269,7.0
31270,7.0
31271,7.0
31272,7.0
31273,7.0
31274,7.0
31275,7.0
31276,7.0
31277,7.0
31278,7.0
31279,7.0
31280,7.0
31281,7.0
31282,7.0
31283,7.0
31284,7.0
31285,7.0
31286,7.0
31287,7.0
31288,7.0
31289,7.0
31290,7.0
31291,7.0
31292,7.0
31293,7.0
31294,7.0
31295,7.0
31296,7.0
31297,7.0
31298,7.0
31299,7.0
31300,7.0
31301,7.0
31302,7.0
31303,7.0
31304,7.0
31305,7.0
31306,7.0
31307,7.0
31308,8.0
31309,8.0
31310,8.0
31311,8.0
31312,8.0
31313,8.0
31314,8.0
31315,8.0
31316,8.0
31317,8.0
31318,8.0
31319,8.0
31320,8.0
31321,8.0
31322,8.0
31323,8.0
31324,8.0
31325,8.0
31326,8.0
31327,8.0
31328,8.0
31329,8.0
31330,8.0
31331,8.0
31332,8.0
31333,8.0
31334,8.0
31335,8.0
31336,8.0
31337,8.0
31338,8.0
31339,8.0
31340,8.0
31341,8.0
31342,8.0
31343,8.0
31344,8.0
31345,8.0
31346,8.0
31347,8.0
31348,8.0
31349,8.0
31350,8.0
31351,8.0
31352,8.0
31353,8.0
31354,8.0
31355,8.0
31356,8.0
31357,8.0
31358,8.0
31359,8.0
31360,8.0
31361,8.0
31362,8.0
31363,9.0
31364,9.0
31365,9.0
31366,9.0
31367,9.0
31368,9.0
31369,9.0
31370,9.0
31371,9.0
31372,9.0
31373,9.0
31374,9.0
31375,9.0
31376,9.0
31377,9.0
31378,9.0
31379,9.0
31380,9.0
31381,9.0
31382,9.0
31383,9.0
31384,9.0
31385,9.0
31386,9.0
31387,9.0
31388,9.0
31389,9.0
31390,9.0
31391,9.0
31392,9.0
31393,9.0
31394,9.0
31395,9.0
31396,9.0
31397,9.0
31398,9.0
31399,9.0
31400,9.0
31401,9.0
31402,9.0
31403,9.0
31404,9.0
31405,9.0
31406,9.0
31407,9.0
31408,9.0
31409,9.0
31410,9.0
31411,9.0
31412,9.0
31413,9.0
31414,9.0
31415,9.0
31416,9.0
31417,9.0
31418,9.0
31419,9.0
31420,9.0
31421,9.0
31422,9.0
31423,9.0
31424,9.0
31425,9.0
31426,9.0
31427,9.0
31428,9.0
31429,9.0
31430,9.0
31431,9.0
31432,9.0
31433,9.0
31434,9.0
31435,9.0
31436,9.0
31437,9.0
31438,9.0
31439,9.0
31440,9.0
31441,9.0
31442,9.0
31443,9.0
31444,9.0
31445,9.0
31446,9.0
31447,9.0
31448,9.0
31449,9.0
31450,9.0
31451,9.0
31452,9.0
31453,9.0
31454,9.0
31455,9.0
31456,9.0
31457,9.0
31458,9.0
31459,9.0
31460,9.0
31461,9.0
31462,9.0
31463,9.0
31464,9.0
31465,9.0
31466,9.0
31467,9.0
31468,9.0
31469,9.0
31470,9.0
31471,9.0
31472,9.0
31473,9.0
31474,9.0
31475,9.0
31476,9.0
31477,9.0
31478,9.0
31479,9.0
31480,9.0
31481,9.0
31482,9.0
31483,9.0
31484,9.0
31485,9.0
31486,9.0
31487,9.0
31488,9.0
31489,9.0
31490,9.0
31491,9.0
31492,9.0
31493,9.0
31494,9.0
31495,9.0
31496,9.0
31497,9.0
31498,9.0
31499,9.0
31500,9.0
31501,9.0
31502,9.0
31503,9.0
31504,9.0
31505,9.0
31506,9.0
31507,9.0
31508,9.0
31509,9.0
31510,9.0
31511,9.0
31512,9.0
31513,9.0
31514,9.0
31515,9.0
31516,9.0
31517,9.0
31518,9.0
31519,9.0
31520,9.0
31521,9.0
31522,9.0
31523,9.0
31524,9.0
31525,9.0
31526,9.0
31527,9.0
31528,9.0
31529,9.0
31530,9.0
31531,9.0
31532,9.0
31533,9.0
31534,9.0
31535,9.0
31536,9.0
31537,9.0
31538,9.0
31539,9.0
31540,9.0
31541,9.0
31542,9.0
31543,9.0
31544,9.0
31545,9.0
31546,9.0
31547,9.0
31548,9.0
31549,9.0
31550,9.0
31551,9.0
31552,9.0
31553,9.0
31554,9.0
31555,9.0
31556,9.0
31557,9.0
31558,9.0
31559,9.0
31560,9.0
31561,9.0
31562,9.0
31563,9.0
31564,9.0
31565,9.0
31566,9.0
31567,9.0
31568,9.0
31569,9.0
31570,9.0
31571,9.0
31572,9.0
31573,9.0
31574,9.0
31575,9.0
31576,9.0
31577,9.0
31578,9.0
31579,9.0
31580,9.0
31581,9.0
31582,9.0
31583,9.0
31584,9.0
31585,9.0
31586,9.0
31587,9.0
31588,9.0
31589,9.0
31590,9.0
31591,9.0
31592,9.0
31593,9.0
31594,9.0
31595,9.0
31596,9.0
31597,9.0
31598,9.0
31599,9.0
31600,9.0
31601,9.0
31602,9.0
31603,9.0
31604,9.0
31605,9.0
31606,9.0
31607,9.0
31608,9.0
31609,9.0
31610,9.0
31611,9.0
31612,9.0
31613,9.0
31614,9.0
31615,9.0
31616,9.0
31617,9.0
31618,9.0
31619,9.0
31620,9.0
31621,9.0
31622,9.0
31623,9.0
31624,9.0
31625,9.0
31626,9.0
31627,9.0
31628,9.0
31629,9.0
31630,9.0
31631,9.0
31632,9.0
31633,9.0
31634,9.0
31635,9.0
31636,9.0
31637,9.0
31638,9.0
31639,9.0
31640,9.0
31641,9.0
31642,9.0
31643,9.0
31644,9.0
31645,9.0
31646,9.0
31647,9.0
31648,9.0
31649,9.0
31650,9.0
31651,9.0
31652,9.0
31653,9.0
31654,9.0
31655,9.0
31656,9.0
31657,9.0
31658,9.0
31659,9.0
31660,9.0
31661,9.0
31662,9.0
31663,9.0
31664,9.0
31665,9.0
31666,9.0
31667,9.0
31668,9.0
31669,9.0
31670,9.0
31671,9.0
31672,9.0
31673,9.0
31674,9.0
31675,9.0
31676,9.0
31677,9.0
31678,9.0
31679,9.0
31680,9.0
31681,9.0
31682,9.0
31683,9.0
31684,9.0
31685,9.0
31686,9.0
31687,9.0
31688,9.0
31689,9.0
31690,9.0
31691,9.0
31692,9.0
31693,9.0
31694,9.0
31695,9.0
31696,9.0
31697,9.0
31698,9.0
31699,9.0
31700,9.0
31701,9.0
31702,9.0
31703,9.0
31704,9.0
31705,9.0
31706,9.0
31707,9.0
31708,9.0
31709,9.0
31710,9.0
31711,9.0
31712,9.0
31713,9.0
31714,9.0
31715,9.0
31716,9.0
31717,9.0
31718,9.0
31719,9.0
31720,9.0
31721,9.0
31722,9.0
31723,9.0
31724,9.0
31725,9.0
31726,9.0
31727,9.0
31728,9.0
31729,9.0
31730,9.0
31731,9.0
31732,9.0
31733,9.0
31734,9.0
31735,9.0
31736,9.0
31737,9.0
31738,9.0
31739,9.0
31740,9.0
31741,9.0
31742,9.0
31743,9.0
31744,9.0
31745,9.0
31746,9.0
31747,9.0
31748,9.0
31749,9.0
31750,9.0
31751,9.0
31752,9.0
31753,9.0
31754,9.0
31755,9.0
31756,9.0
31757,9.0
31758,9.0
31759,9.0
31760,9.0
31761,9.0
31762,9.0
31763,9.0
31764,9.0
31765,9.0
31766,9.0
31767,9.0
31768,9.0
31769,9.0
31770,9.0
31771,9.0
31772,9.0
31773,9.0
31774,9.0
31775,9.0
31776,9.0
31777,9.0
31778,9.0
31779,9.0
31780,9.0
31781,9.0
31782,9.0
31783,9.0
31784,9.0
31785,9.0
31786,9.0
31787,9.0
31788,9.0
31789,9.0
31790,9.0
31791,9.0
31792,9.0
31793,9.0
31794,9.0
31795,9.0
31796,9.0
31797,9.0
31798,9.0
31799,9.0
31800,9.0
31801,9.0
31802,9.0
31803,9.0
31804,9.0
31805,9.0
31806,9.0
31807,9.0
31808,9.0
31809,9.0
31810,9.0
31811,9.0
31812,9.0
31813,9.0
31814,9.0
31815,9.0
31816,9.0
31817,9.0
31818,9.0
31819,9.0
31820,9.0
31821,9.0
31822,9.0
31823,9.0
31824,9.0
31825,9.0
31826,9.0
31827,9.0
31828,9.0
31829,9.0
31830,9.0
31831,9.0
31832,9.0
31833,9.0
31834,9.0
31835,9.0
31836,9.0
31837,9.0
31838,9.0
31839,9.0
31840,9.0
31841,9.0
31842,9.0
31843,9.0
31844,9.0
31845,9.0
31846,9.0
31847,9.0
31848,9.0
31849,9.0
31850,9.0
31851,9.0
31852,9.0
31853,9.0
31854,9.0
31855,9.0
31856,9.0
31857,9.0
31858,9.0
31859,9.0
31860,9.0
31861,9.0
31862,9.0
31863,9.0
31864,9.0
31865,9.0
31866,9.0
31867,9.0
31868,9.0
31869,9.0
31870,9.0
31871,9.0
31872,9.0
31873,9.0
31874,9.0
31875,9.0
31876,9.0
31877,9.0
31878,9.0
31879,9.0
31880,9.0
31881,9.0
31882,9.0
31883,9.0
31884,9.0
31885,9.0
31886,9.0
31887,9.0
31888,9.0
31889,9.0
31890,9.0
31891,9.0
31892,9.0
31893,9.0
31894,9.0
31895,9.0
31896,9.0
31897,9.0
31898,9.0
31899,9.0
31900,9.0
31901,9.0
31902,9.0
31903,9.0
31904,9.0
31905,9.0
31906,9.0
31907,9.0
31908,9.0
31909,9.0
31910,9.0
31911,9.0
31912,9.0
31913,9.0
31914,9.0
31915,9.0
31916,9.0
31917,9.0
31918,9.0
31919,9.0
31920,9.0
31921,9.0
31922,9.0
31923,9.0
31924,9.0
31925,9.0
31926,9.0
31927,9.0
31928,9.0
31929,9.0
31930,9.0
31931,9.0
31932,9.0
31933,9.0
31934,9.0
31935,9.0
31936,9.0
31937,9.0
31938,9.0
31939,9.0
31940,9.0
31941,9.0
31942,9.0
31943,9.0
31944,9.0
31945,9.0
31946,9.0
31947,9.0
31948,9.0
31949,9.0
31950,9.0
31951,9.0
31952,9.0
31953,9.0
31954,9.0
31955,9.0
31956,9.0
31957,9.0
31958,9.0
31959,9.0
31960,9.0
31961,9.0
31962,9.0
31963,9.0
31964,9.0
31965,9.0
31966,9.0
31967,9.0
31968,9.0
31969,9.0
31970,9.0
31971,9.0
31972,9.0
31973,9.0
31974,9.0
31975,9.0
31976,9.0
31977,9.0
31978,9.0
31979,9.0
31980,9.0
31981,9.0
31982,9.0
31983,9.0
31984,9.0
31985,9.0
31986,9.0
31987,9.0
31988,9.0
31989,9.0
31990,9.0
31991,9.0
31992,9.0
31993,9.0
31994,9.0
31995,9.0
31996,9.0
31997,9.0
31998,9.0
31999,9.0
32000,9.0
32001,9.0
32002,9.0
32003,9.0
32004,9.0
32005,9.0
32006,9.0
32007,9.0
32008,9.0
32009,9.0
32010,9.0
32011,9.0
32012,9.0
32013,9.0
32014,9.0
32015,9.0
32016,9.0
32017,9.0
32018,9.0
32019,9.0
32020,9.0
32021,9.0
32022,9.0
32023,9.0
32024,9.0
32025,9.0
32026,9.0
32027,9.0
32028,9.0
32029,9.0
32030,9.0
32031,9.0
32032,9.0
32033,9.0
32034,9.0
32035,9.0
32036,9.0
32037,9.0
32038,9.0
32039,9.0
32040,9.0
32041,9.0
32042,9.0
32043,9.0
32044,9.0
32045,9.0
32046,9.0
32047,9.0
32048,9.0
32049,9.0
32050,9.0
32051,9.0
32052,9.0
32053,9.0
32054,9.0
32055,9.0
32056,9.0
32057,9.0
32058,9.0
32059,9.0
32060,9.0
32061,9.0
32062,9.0
32063,9.0
32064,9.0
32065,9.0
32066,9.0
32067,9.0
32068,9.0
32069,9.0
32070,9.0
32071,9.0
32072,9.0
32073,9.0
32074,9.0
32075,9.0
32076,9.0
32077,9.0
32078,9.0
32079,9.0
32080,9.0
32081,9.0
32082,9.0
32083,9.0
32084,9.0
32085,9.0
32086,9.0
32087,9.0
32088,9.0
32089,9.0
32090,9.0
32091,9.0
32092,9.0
32093,9.0
32094,9.0
32095,9.0
32096,9.0
32097,9.0
32098,9.0
32099,9.0
32100,9.0
32101,9.0
32102,9.0
32103,9.0
32104,9.0
32105,9.0
32106,9.0
32107,9.0
32108,9.0
32109,9.0
32110,9.0
32111,9.0
32112,9.0
32113,9.0
32114,9.0
32115,9.0
32116,9.0
32117,9.0
32118,9.0
32119,9.0
32120,9.0
32121,9.0
32122,9.0
32123,9.0
32124,9.0
32125,9.0
32126,9.0
32127,9.0
32128,9.0
32129,9.0
32130,9.0
32131,9.0
32132,9.0
32133,9.0
32134,9.0
32135,9.0
32136,9.0
32137,9.0
32138,9.0
32139,9.0
32140,9.0
32141,9.0
32142,9.0
32143,9.0
32144,9.0
32145,9.0
32146,9.0
32147,9.0
32148,9.0
32149,9.0
32150,9.0
32151,9.0
32152,9.0
32153,9.0
32154,9.0
32155,9.0
32156,9.0
32157,9.0
32158,9.0
32159,9.0
32160,9.0
32161,9.0
32162,9.0
32163,9.0
32164,9.0
32165,9.0
32166,9.0
32167,9.0
32168,9.0
32169,9.0
32170,9.0
32171,9.0
32172,9.0
32173,9.0
32174,9.0
32175,9.0
32176,9.0
32177,9.0
32178,9.0
32179,9.0
32180,9.0
32181,9.0
32182,9.0
32183,9.0
32184,9.0
32185,9.0
32186,9.0
32187,9.0
32188,9.0
32189,9.0
32190,9.0
32191,9.0
32192,9.0
32193,9.0
32194,9.0
32195,9.0
32196,9.0
32197,9.0
32198,9.0
32199,9.0
32200,9.0
32201,9.0
32202,9.0
32203,9.0
32204,9.0
32205,9.0
32206,9.0
32207,9.0
32208,9.0
32209,9.0
32210,9.0
32211,9.0
32212,9.0
32213,9.0
32214,9.0
32215,9.0
32216,9.0
32217,9.0
32218,9.0
32219,9.0
32220,9.0
32221,9.0
32222,9.0
32223,9.0
32224,9.0
32225,9.0
32226,9.0
32227,10.0
32228,10.0
32229,10.0
32230,10.0
32231,10.0
32232,10.0
32233,10.0
32234,10.0
32235,10.0
32236,10.0
32237,10.0
32238,10.0
32239,10.0
32240,10.0
32241,10.0
32242,10.0
32243,10.0
32244,10.0
32245,10.0
32246,10.0
32247,10.0
32248,10.0
32249,10.0
32250,10.0
32251,10.0
32252,10.0
32253,10.0
32254,10.0
32255,10.0
32256,10.0
32257,10.0
32258,10.0
32259,10.0
32260,10.0
32261,10.0
32262,10.0
32263,10.0
32264,10.0
32265,10.0
32266,10.0
32267,10.0
32268,10.0
32269,10.0
32270,10.0
32271,10.0
32272,10.0
32273,10.0
32274,10.0
32275,10.0
32276,10.0
32277,10.0
32278,10.0
32279,10.0
32280,10.0
32281,10.0
32282,10.0
32283,10.0
32284,10.0
32285,10.0
32286,10.0
32287,10.0
32288,10.0
32289,10.0
32290,10.0
32291,10.0
32292,10.0
32293,10.0
32294,10.0
32295,10.0
32296,10.0
32297,10.0
32298,10.0
32299,10.0
32300,10.0
32301,10.0
32302,10.0
32303,10.0
32304,10.0
32305,10.0
32306,10.0
32307,10.0
32308,10.0
32309,10.0
32310,10.0
32311,10.0
32312,10.0
32313,10.0
32314,10.0
32315,10.0
32316,10.0
32317,10.0
32318,10.0
32319,10.0
32320,10.0
32321,10.0
32322,10.0
32323,10.0
32324,10.0
32325,10.0
32326,10.0
32327,10.0
32328,10.0
32329,10.0
32330,10.0
32331,10.0
32332,10.0
32333,10.0
32334,10.0
32335,10.0
32336,10.0
32337,10.0
32338,10.0
32339,10.0
32340,10.0
32341,10.0
32342,10.0
32343,10.0
32344,10.0
32345,10.0
32346,10.0
32347,10.0
32348,10.0
32349,10.0
32350,10.0
32351,10.0
32352,10.0
32353,10.0
32354,10.0
32355,10.0
32356,10.0
32357,10.0
32358,9.0
32359,9.0
32360,9.0
32361,9.0
32362,9.0
32363,9.0
32364,9.0
32365,9.0
32366,9.0
32367,9.0
32368,9.0
32369,9.0
32370,9.0
32371,9.0
32372,9.0
32373,9.0
32374,9.0
32375,9.0
32376,9.0
32377,9.0
32378,9.0
32379,9.0
32380,9.0
32381,9.0
32382,9.0
32383,9.0
32384,9.0
32385,9.0
32386,9.0
32387,9.0
32388,9.0
32389,9.0
32390,9.0
32391,9.0
32392,9.0
32393,9.0
32394,9.0
32395,9.0
32396,9.0
32397,9.0
32398,9.0
32399,9.0
32400,9.0
32401,9.0
32402,9.0
32403,9.0
32404,9.0
32405,9.0
32406,9.0
32407,9.0
32408,9.0
32409,9.0
32410,9.0
32411,9.0
32412,9.0
32413,9.0
32414,9.0
32415,9.0
32416,9.0
32417,9.0
32418,9.0
32419,9.0
32420,9.0
32421,9.0
32422,9.0
32423,9.0
32424,9.0
32425,9.0
32426,9.0
32427,9.0
32428,9.0
32429,9.0
32430,9.0
32431,9.0
32432,9.0
32433,9.0
32434,9.0
32435,9.0
32436,9.0
32437,9.0
32438,9.0
32439,9.0
32440,9.0
32441,9.0
32442,9.0
32443,9.0
32444,9.0
32445,9.0
32446,9.0
32447,9.0
32448,9.0
32449,9.0
32450,9.0
32451,9.0
32452,9.0
32453,9.0
32454,9.0
32455,9.0
32456,9.0
32457,9.0
32458,9.0
32459,9.0
32460,9.0
32461,9.0
32462,9.0
32463,9.0
32464,9.0
32465,9.0
32466,9.0
32467,9.0
32468,9.0
32469,9.0
32470,9.0
32471,9.0
32472,9.0
32473,9.0
32474,9.0
32475,9.0
32476,9.0
32477,9.0
32478,9.0
32479,9.0
32480,9.0
32481,9.0
32482,9.0
32483,9.0
32484,9.0
32485,9.0
32486,9.0
32487,9.0
32488,9.0
32489,9.0
32490,9.0
32491,9.0
32492,9.0
32493,9.0
32494,9.0
32495,9.0
32496,9.0
32497,9.0
32498,9.0
32499,9.0
32500,9.0
32501,9.0
32502,9.0
32503,9.0
32504,9.0
32505,9.0
32506,9.0
32507,9.0
32508,9.0
32509,9.0
32510,9.0
32511,9.0
32512,9.0
32513,9.0
32514,9.0
32515,9.0
32516,9.0
32517,9.0
32518,9.0
32519,9.0
32520,9.0
32521,9.0
32522,9.0
32523,9.0
32524,9.0
32525,9.0
32526,7.0
32527,7.0
32528,7.0
32529,7.0
32530,7.0
32531,7.0
32532,7.0
32533,7.0
32534,7.0
32535,7.0
32536,7.0
32537,7.0
32538,7.0
32539,7.0
32540,7.0
32541,7.0
32542,7.0
32543,7.0
32544,7.0
32545,7.0
32546,7.0
32547,7.0
32548,7.0
32549,7.0
32550,7.0
32551,7.0
32552,7.0
32553,7.0
32554,7.0
32555,7.0
32556,7.0
32557,7.0
32558,7.0
32559,7.0
32560,7.0
32561,7.0
32562,7.0
32563,7.0
32564,7.0
32565,7.0
32566,7.0
32567,7.0
32568,7.0
32569,7.0
32570,7.0
32571,7.0
32572,7.0
32573,7.0
32574,7.0
32575,7.0
32576,7.0
32577,7.0
32578,7.0
32579,7.0
32580,7.0
32581,7.0
32582,7.0
32583,7.0
32584,7.0
32585,7.0
32586,7.0
32587,7.0
32588,7.0
32589,7.0
32590,7.0
32591,7.0
32592,7.0
32593,7.0
32594,7.0
32595,7.0
32596,7.0
32597,7.0
32598,7.0
32599,7.0
32600,7.0
32601,7.0
32602,7.0
32603,7.0
32604,7.0
32605,7.0
32606,7.0
32607,7.0
32608,7.0
32609,7.0
32610,7.0
32611,7.0
32612,7.0
32613,7.0
32614,7.0
32615,7.0
32616,7.0
32617,7.0
32618,7.0
32619,7.0
32620,7.0
32621,7.0
32622,7.0
32623,7.0
32624,7.0
32625,7.0
32626,7.0
32627,7.0
32628,7.0
32629,7.0
32630,7.0
32631,7.0
32632,7.0
32633,7.0
32634,7.0
32635,7.0
32636,7.0
32637,7.0
32638,7.0
32639,7.0
32640,7.0
32641,7.0
32642,7.0
32643,7.0
32644,7.0
32645,7.0
32646,7.0
32647,7.0
32648,7.0
32649,7.0
32650,7.0
32651,7.0
32652,7.0
32653,7.0
32654,7.0
32655,7.0
32656,7.0
32657,7.0
32658,7.0
32659,7.0
32660,7.0
32661,7.0
32662,7.0
32663,7.0
32664,7.0
32665,7.0
32666,7.0
32667,7.0
32668,7.0
32669,7.0
32670,7.0
32671,7.0
32672,7.0
32673,7.0
32674,7.0
32675,7.0
32676,7.0
32677,7.0
32678,7.0
32679,7.0
32680,7.0
32681,7.0
32682,7.0
32683,7.0
32684,7.0
32685,7.0
32686,7.0
32687,7.0
32688,7.0
32689,7.0
32690,7.0
32691,7.0
32692,7.0
32693,7.0
32694,7.0
32695,7.0
32696,7.0
32697,7.0
32698,7.0
32699,7.0
32700,7.0
32701,7.0
32702,7.0
32703,7.0
32704,7.0
32705,7.0
32706,7.0
32707,7.0
32708,7.0
32709,7.0
32710,7.0
32711,7.0
32712,7.0
32713,7.0
32714,7.0
32715,7.0
32716,7.0
32717,7.0
32718,7.0
32719,7.0
32720,7.0
32721,7.0
32722,7.0
32723,7.0
32724,7.0
32725,7.0
32726,7.0
32727,7.0
32728,7.0
32729,7.0
32730,7.0
32731,7.0
32732,7.0
32733,7.0
32734,7.0
32735,7.0
32736,7.0
32737,7.0
32738,7.0
32739,7.0
32740,7.0
32741,7.0
32742,7.0
32743,7.0
32744,7.0
32745,7.0
32746,7.0
32747,7.0
32748,7.0
32749,7.0
32750,7.0
32751,7.0
32752,7.0
32753,7.0
32754,7.0
32755,7.0
32756,7.0
32757,7.0
32758,7.0
32759,7.0
32760,7.0
32761,7.0
32762,7.0
32763,7.0
32764,7.0
32765,7.0
32766,7.0
32767,7.0
32768,7.0
32769,7.0
32770,7.0
32771,7.0
32772,7.0
32773,7.0
32774,7.0
32775,7.0
32776,7.0
32777,7.0
32778,7.0
32779,7.0
32780,7.0
32781,7.0
32782,7.0
32783,7.0
32784,7.0
32785,7.0
32786,7.0
32787,7.0
32788,7.0
32789,7.0
32790,7.0
32791,7.0
32792,7.0
32793,7.0
32794,7.0
32795,7.0
32796,7.0
32797,7.0
32798,7.0
32799,7.0
32800,7.0
32801,7.0
32802,7.0
32803,7.0
32804,7.0
32805,7.0
32806,7.0
32807,7.0
32808,7.0
32809,7.0
32810,7.0
32811,7.0
32812,7.0
32813,7.0
32814,7.0
32815,7.0
32816,7.0
32817,7.0
32818,7.0
32819,7.0
32820,7.0
32821,7.0
32822,7.0
32823,7.0
32824,7.0
32825,7.0
32826,7.0
32827,7.0
32828,7.0
32829,7.0
32830,7.0
32831,7.0
32832,7.0
32833,7.0
32834,7.0
32835,7.0
32836,7.0
32837,7.0
32838,7.0
32839,7.0
32840,7.0
32841,7.0
32842,7.0
32843,7.0
32844,7.0
32845,7.0
32846,7.0
32847,7.0
32848,7.0
32849,7.0
32850,7.0
32851,7.0
32852,7.0
32853,7.0
32854,7.0
32855,7.0
32856,7.0
32857,7.0
32858,7.0
32859,7.0
32860,7.0
32861,7.0
32862,7.0
32863,7.0
32864,7.0
32865,7.0
32866,7.0
32867,7.0
32868,7.0
32869,7.0
32870,7.0
32871,7.0
32872,7.0
32873,7.0
32874,7.0
32875,7.0
32876,7.0
32877,7.0
32878,7.0
32879,7.0
32880,7.0
32881,7.0
32882,7.0
32883,7.0
32884,7.0
32885,7.0
32886,7.0
32887,7.0
32888,7.0
32889,7.0
32890,7.0
32891,7.0
32892,7.0
32893,7.0
32894,7.0
32895,7.0
32896,7.0
32897,7.0
32898,7.0
32899,7.0
32900,7.0
32901,7.0
32902,7.0
32903,7.0
32904,7.0
32905,7.0
32906,7.0
32907,7.0
32908,7.0
32909,7.0
32910,7.0
32911,7.0
32912,7.0
32913,7.0
32914,7.0
32915,7.0
32916,7.0
32917,7.0
32918,7.0
32919,7.0
32920,7.0
32921,7.0
32922,7.0
32923,7.0
32924,7.0
32925,7.0
32926,7.0
32927,7.0
32928,7.0
32929,7.0
32930,7.0
32931,7.0
32932,7.0
32933,7.0
32934,7.0
32935,7.0
32936,7.0
32937,7.0
32938,7.0
32939,7.0
32940,7.0
32941,7.0
32942,7.0
32943,7.0
32944,7.0
32945,7.0
32946,7.0
32947,7.0
32948,7.0
32949,7.0
32950,7.0
32951,7.0
32952,7.0
32953,7.0
32954,7.0
32955,7.0
32956,7.0
32957,7.0
32958,7.0
32959,7.0
32960,7.0
32961,7.0
32962,7.0
32963,7.0
32964,7.0
32965,7.0
32966,7.0
32967,7.0
32968,7.0
32969,7.0
32970,7.0
32971,7.0
32972,7.0
32973,7.0
32974,7.0
32975,7.0
32976,7.0
32977,7.0
32978,7.0
32979,7.0
32980,7.0
32981,7.0
32982,7.0
32983,7.0
32984,7.0
32985,7.0
32986,7.0
32987,7.0
32988,7.0
32989,7.0
32990,7.0
32991,7.0
32992,7.0
32993,7.0
32994,7.0
32995,7.0
32996,7.0
32997,7.0
32998,7.0
32999,7.0
33000,7.0
33001,7.0
33002,7.0
33003,7.0
33004,7.0
33005,7.0
33006,7.0
33007,7.0
33008,7.0
33009,7.0
33010,7.0
33011,7.0
33012,7.0
33013,7.0
33014,7.0
33015,7.0
33016,7.0
33017,7.0
33018,7.0
33019,7.0
33020,7.0
33021,7.0
33022,7.0
33023,7.0
33024,7.0
33025,7.0
33026,7.0
33027,7.0
33028,7.0
33029,7.0
33030,7.0
33031,7.0
33032,7.0
33033,7.0
33034,7.0
33035,7.0
33036,7.0
33037,7.0
33038,7.0
33039,7.0
33040,7.0
33041,7.0
33042,7.0
33043,7.0
33044,7.0
33045,7.0
33046,7.0
33047,7.0
33048,7.0
33049,7.0
33050,7.0
33051,7.0
33052,7.0
33053,7.0
33054,7.0
33055,7.0
33056,7.0
33057,7.0
33058,7.0
33059,7.0
33060,7.0
33061,7.0
33062,7.0
33063,7.0
33064,7.0
33065,7.0
33066,7.0
33067,7.0
33068,7.0
33069,7.0
33070,7.0
33071,7.0
33072,7.0
33073,7.0
33074,7.0
33075,7.0
33076,7.0
33077,7.0
33078,7.0
33079,7.0
33080,7.0
33081,7.0
33082,7.0
33083,7.0
33084,7.0
33085,7.0
33086,7.0
33087,7.0
33088,7.0
33089,7.0
33090,7.0
33091,7.0
33092,7.0
33093,7.0
33094,7.0
33095,7.0
33096,7.0
33097,7.0
33098,7.0
33099,7.0
33100,7.0
33101,7.0
33102,7.0
33103,7.0
33104,7.0
33105,7.0
33106,7.0
33107,7.0
33108,7.0
33109,7.0
33110,7.0
33111,7.0
33112,7.0
33113,7.0
33114,7.0
33115,7.0
33116,7.0
33117,7.0
33118,7.0
33119,7.0
33120,7.0
33121,7.0
33122,7.0
33123,7.0
33124,7.0
33125,7.0
33126,7.0
33127,7.0
33128,7.0
33129,7.0
33130,7.0
33131,7.0
33132,7.0
33133,7.0
33134,7.0
33135,7.0
33136,7.0
33137,7.0
33138,7.0
33139,7.0
33140,7.0
33141,7.0
33142,7.0
33143,7.0
33144,7.0
33145,7.0
33146,7.0
33147,7.0
33148,7.0
33149,7.0
33150,7.0
33151,7.0
33152,7.0
33153,7.0
33154,7.0
33155,7.0
33156,7.0
33157,7.0
33158,7.0
33159,7.0
33160,7.0
33161,7.0
33162,7.0
33163,7.0
33164,7.0
33165,7.0
33166,7.0
33167,7.0
33168,7.0
33169,7.0
33170,7.0
33171,7.0
33172,7.0
33173,7.0
33174,7.0
33175,7.0
33176,7.0
33177,7.0
33178,7.0
33179,7.0
33180,7.0
33181,7.0
33182,7.0
33183,7.0
33184,7.0
33185,7.0
33186,7.0
33187,7.0
33188,7.0
33189,7.0
33190,7.0
33191,7.0
33192,7.0
33193,7.0
33194,7.0
33195,7.0
33196,7.0
33197,7.0
33198,7.0
33199,7.0
33200,7.0
33201,7.0
33202,7.0
33203,7.0
33204,7.0
33205,7.0
33206,7.0
33207,7.0
33208,7.0
33209,7.0
33210,7.0
33211,7.0
33212,7.0
33213,7.0
33214,7.0
33215,7.0
33216,7.0
33217,7.0
33218,7.0
33219,7.0
33220,7.0
33221,7.0
33222,7.0
33223,7.0
33224,7.0
33225,7.0
33226,7.0
33227,7.0
33228,7.0
33229,7.0
33230,7.0
33231,7.0
33232,7.0
33233,7.0
33234,7.0
33235,7.0
33236,7.0
33237,7.0
33238,7.0
33239,7.0
33240,7.0
33241,7.0
33242,7.0
33243,7.0
33244,7.0
33245,7.0
33246,7.0
33247,7.0
33248,7.0
33249,7.0
33250,7.0
33251,7.0
33252,7.0
33253,7.0
33254,7.0
33255,7.0
33256,7.0
33257,7.0
33258,7.0
33259,7.0
33260,7.0
33261,7.0
33262,7.0
33263,7.0
33264,7.0
33265,7.0
33266,7.0
33267,7.0
33268,7.0
33269,7.0
33270,7.0
33271,7.0
33272,7.0
33273,7.0
33274,7.0
33275,7.0
33276,7.0
33277,7.0
33278,7.0
33279,7.0
33280,7.0
33281,7.0
33282,7.0
33283,7.0
33284,7.0
33285,7.0
33286,7.0
33287,7.0
33288,7.0
33289,7.0
33290,7.0
33291,7.0
33292,7.0
33293,7.0
33294,7.0
33295,7.0
33296,7.0
33297,7.0
33298,7.0
33299,7.0
33300,7.0
33301,7.0
33302,7.0
33303,7.0
33304,7.0
33305,7.0
33306,7.0
33307,7.0
33308,7.0
33309,7.0
33310,7.0
33311,7.0
33312,7.0
33313,7.0
33314,7.0
33315,7.0
33316,7.0
33317,7.0
33318,7.0
33319,7.0
33320,7.0
33321,7.0
33322,7.0
33323,7.0
33324,7.0
33325,7.0
33326,7.0
33327,7.0
33328,7.0
33329,7.0
33330,7.0
33331,7.0
33332,7.0
33333,7.0
33334,7.0
33335,7.0
33336,7.0
33337,7.0
33338,7.0
33339,7.0
33340,7.0
33341,7.0
33342,7.0
33343,7.0
33344,7.0
33345,7.0
33346,7.0
33347,7.0
33348,7.0
33349,7.0
33350,7.0
33351,7.0
33352,7.0
33353,7.0
33354,7.0
33355,7.0
33356,7.0
33357,7.0
33358,7.0
33359,7.0
33360,7.0
33361,7.0
33362,7.0
33363,7.0
33364,7.0
33365,7.0
33366,7.0
33367,7.0
33368,7.0
33369,7.0
33370,7.0
33371,7.0
33372,7.0
33373,7.0
33374,7.0
33375,7.0
33376,7.0
33377,7.0
33378,7.0
33379,7.0
33380,7.0
33381,7.0
33382,7.0
33383,7.0
33384,7.0
33385,7.0
33386,7.0
33387,7.0
33388,7.0
33389,7.0
33390,7.0
33391,7.0
33392,7.0
33393,7.0
33394,7.0
33395,7.0
33396,7.0
33397,7.0
33398,7.0
33399,7.0
33400,7.0
33401,7.0
33402,7.0
33403,7.0
33404,7.0
33405,7.0
33406,7.0
33407,7.0
33408,7.0
33409,7.0
33410,7.0
33411,7.0
33412,7.0
33413,7.0
33414,7.0
33415,7.0
33416,7.0
33417,7.0
33418,7.0
33419,7.0
33420,7.0
33421,7.0
33422,7.0
33423,7.0
33424,7.0
33425,7.0
33426,7.0
33427,7.0
33428,7.0
33429,7.0
33430,7.0
33431,7.0
33432,7.0
33433,7.0
33434,7.0
33435,7.0
33436,7.0
33437,7.0
33438,7.0
33439,7.0
33440,7.0
33441,7.0
33442,7.0
33443,7.0
33444,7.0
33445,7.0
33446,7.0
33447,7.0
33448,7.0
33449,7.0
33450,7.0
33451,7.0
33452,8.0
33453,8.0
33454,8.0
33455,8.0
33456,8.0
33457,8.0
33458,8.0
33459,8.0
33460,8.0
33461,8.0
33462,8.0
33463,8.0
33464,8.0
33465,8.0
33466,8.0
33467,8.0
33468,8.0
33469,8.0
33470,8.0
33471,8.0
33472,8.0
33473,8.0
33474,8.0
33475,8.0
33476,8.0
33477,8.0
33478,8.0
33479,8.0
33480,8.0
33481,8.0
33482,8.0
33483,8.0
33484,8.0
33485,8.0
33486,8.0
33487,8.0
33488,8.0
33489,8.0
33490,8.0
33491,8.0
33492,8.0
33493,8.0
33494,8.0
33495,8.0
33496,8.0
33497,8.0
33498,8.0
33499,8.0
33500,8.0
33501,8.0
33502,8.0
33503,8.0
33504,8.0
33505,8.0
33506,8.0
33507,8.0
33508,8.0
33509,8.0
33510,8.0
33511,8.0
33512,8.0
33513,8.0
33514,8.0
33515,8.0
33516,8.0
33517,8.0
33518,8.0
33519,8.0
33520,8.0
33521,8.0
33522,8.0
33523,8.0
33524,8.0
33525,8.0
33526,8.0
33527,8.0
33528,8.0
33529,8.0
33530,8.0
33531,8.0
33532,8.0
33533,8.0
33534,8.0
33535,8.0
33536,8.0
33537,8.0
33538,8.0
33539,8.0
33540,8.0
33541,8.0
33542,8.0
33543,8.0
33544,8.0
33545,8.0
33546,8.0
33547,8.0
33548,8.0
33549,8.0
33550,8.0
33551,8.0
33552,8.0
33553,8.0
33554,8.0
33555,8.0
33556,8.0
33557,8.0
33558,8.0
33559,8.0
33560,8.0
33561,8.0
33562,8.0
33563,8.0
33564,8.0
33565,8.0
33566,8.0
33567,8.0
33568,8.0
33569,8.0
33570,8.0
33571,8.0
33572,8.0
33573,8.0
33574,8.0
33575,8.0
33576,8.0
33577,8.0
33578,8.0
33579,8.0
33580,8.0
33581,8.0
33582,8.0
33583,8.0
33584,8.0
33585,8.0
33586,8.0
33587,8.0
33588,8.0
33589,8.0
33590,8.0
33591,8.0
33592,8.0
33593,8.0
33594,8.0
33595,8.0
33596,8.0
33597,8.0
33598,8.0
33599,8.0
33600,8.0
33601,8.0
33602,8.0
33603,8.0
33604,8.0
33605,8.0
33606,8.0
33607,8.0
33608,8.0
33609,8.0
33610,8.0
33611,8.0
33612,8.0
33613,8.0
33614,8.0
33615,8.0
33616,8.0
33617,8.0
33618,8.0
33619,8.0
33620,8.0
33621,8.0
33622,8.0
33623,8.0
33624,8.0
33625,8.0
33626,8.0
33627,8.0
33628,8.0
33629,8.0
33630,8.0
33631,8.0
33632,8.0
33633,8.0
33634,8.0
33635,8.0
33636,8.0
33637,8.0
33638,8.0
33639,8.0
33640,8.0
33641,8.0
33642,8.0
33643,8.0
33644,8.0
33645,8.0
33646,8.0
33647,8.0
33648,8.0
33649,8.0
33650,8.0
33651,8.0
33652,8.0
33653,8.0
33654,8.0
33655,8.0
33656,8.0
33657,8.0
33658,8.0
33659,8.0
33660,8.0
33661,8.0
33662,8.0
33663,8.0
33664,8.0
33665,8.0
33666,8.0
33667,8.0
33668,8.0
33669,8.0
33670,8.0
33671,8.0
33672,8.0
33673,8.0
33674,8.0
33675,8.0
33676,8.0
33677,8.0
33678,8.0
33679,8.0
33680,8.0
33681,8.0
33682,8.0
33683,8.0
33684,8.0
33685,8.0
33686,8.0
33687,8.0
33688,8.0
33689,8.0
33690,8.0
33691,8.0
33692,8.0
33693,8.0
33694,8.0
33695,8.0
33696,8.0
33697,8.0
33698,8.0
33699,8.0
33700,8.0
33701,8.0
33702,8.0
33703,8.0
33704,8.0
33705,8.0
33706,8.0
33707,8.0
33708,8.0
33709,8.0
33710,8.0
33711,8.0
33712,8.0
33713,8.0
33714,8.0
33715,8.0
33716,8.0
33717,8.0
33718,8.0
33719,8.0
33720,8.0
33721,8.0
33722,8.0
33723,8.0
33724,8.0
33725,8.0
33726,8.0
33727,8.0
33728,8.0
33729,8.0
33730,8.0
33731,8.0
33732,8.0
33733,8.0
33734,8.0
33735,8.0
33736,8.0
33737,8.0
33738,8.0
33739,8.0
33740,8.0
33741,8.0
33742,8.0
33743,8.0
33744,8.0
33745,8.0
33746,8.0
33747,8.0
33748,8.0
33749,8.0
33750,8.0
33751,8.0
33752,8.0
33753,8.0
33754,8.0
33755,8.0
33756,8.0
33757,8.0
33758,8.0
33759,8.0
33760,8.0
33761,8.0
33762,8.0
33763,8.0
33764,8.0
33765,8.0
33766,8.0
33767,8.0
33768,8.0
33769,8.0
33770,8.0
33771,8.0
33772,8.0
33773,8.0
33774,8.0
33775,8.0
33776,8.0
33777,8.0
33778,8.0
33779,8.0
33780,8.0
33781,8.0
33782,8.0
33783,8.0
33784,8.0
33785,8.0
33786,8.0
33787,8.0
33788,8.0
33789,8.0
33790,8.0
33791,8.0
33792,8.0
33793,8.0
33794,8.0
33795,8.0
33796,8.0
33797,8.0
33798,8.0
33799,8.0
33800,8.0
33801,8.0
33802,8.0
33803,8.0
33804,8.0
33805,8.0
33806,8.0
33807,8.0
33808,8.0
33809,8.0
33810,8.0
33811,8.0
33812,8.0
33813,8.0
33814,8.0
33815,8.0
33816,8.0
33817,8.0
33818,8.0
33819,8.0
33820,8.0
33821,8.0
33822,8.0
33823,8.0
33824,8.0
33825,8.0
33826,8.0
33827,8.0
33828,8.0
33829,8.0
33830,8.0
33831,8.0
33832,8.0
33833,8.0
33834,8.0
33835,8.0
33836,8.0
33837,8.0
33838,8.0
33839,8.0
33840,8.0
33841,8.0
33842,8.0
33843,8.0
33844,8.0
33845,8.0
33846,8.0
33847,8.0
33848,8.0
33849,8.0
33850,8.0
33851,8.0
33852,8.0
33853,8.0
33854,8.0
33855,8.0
33856,8.0
33857,8.0
33858,8.0
33859,8.0
33860,8.0
33861,8.0
33862,8.0
33863,8.0
33864,8.0
33865,8.0
33866,8.0
33867,8.0
33868,8.0
33869,8.0
33870,8.0
33871,8.0
33872,8.0
33873,8.0
33874,8.0
33875,8.0
33876,8.0
33877,8.0
33878,8.0
33879,8.0
33880,8.0
33881,8.0
33882,8.0
33883,8.0
33884,8.0
33885,8.0
33886,8.0
33887,8.0
33888,8.0
33889,8.0
33890,8.0
33891,8.0
33892,8.0
33893,8.0
33894,8.0
33895,8.0
33896,8.0
33897,8.0
33898,8.0
33899,8.0
33900,8.0
33901,8.0
33902,8.0
33903,8.0
33904,8.0
33905,9.0
33906,9.0
33907,9.0
33908,9.0
33909,9.0
33910,9.0
33911,9.0
33912,9.0
33913,9.0
33914,9.0
33915,9.0
33916,9.0
33917,9.0
33918,9.0
33919,9.0
33920,9.0
33921,9.0
33922,9.0
33923,9.0
33924,9.0
33925,9.0
33926,9.0
33927,9.0
33928,9.0
33929,9.0
33930,9.0
33931,9.0
33932,9.0
33933,9.0
33934,9.0
33935,9.0
33936,9.0
33937,9.0
33938,9.0
33939,9.0
33940,9.0
33941,9.0
33942,9.0
33943,9.0
33944,9.0
33945,9.0
33946,9.0
33947,9.0
33948,9.0
33949,9.0
33950,9.0
33951,9.0
33952,9.0
33953,9.0
33954,9.0
33955,9.0
33956,9.0
33957,9.0
33958,9.0
33959,9.0
33960,9.0
33961,9.0
33962,9.0
33963,9.0
33964,9.0
33965,9.0
33966,9.0
33967,9.0
33968,9.0
33969,9.0
33970,9.0
33971,9.0
33972,9.0
33973,9.0
33974,9.0
33975,9.0
33976,9.0
33977,9.0
33978,9.0
33979,9.0
33980,9.0
33981,9.0
33982,9.0
33983,9.0
33984,9.0
33985,9.0
33986,9.0
33987,9.0
33988,9.0
33989,9.0
33990,9.0
33991,9.0
33992,9.0
33993,9.0
33994,9.0
33995,9.0
33996,9.0
33997,9.0
33998,9.0
33999,9.0
34000,9.0
34001,9.0
34002,9.0
34003,9.0
34004,9.0
34005,9.0
34006,9.0
34007,9.0
34008,9.0
34009,9.0
34010,9.0
34011,9.0
34012,9.0
34013,9.0
34014,9.0
34015,9.0
34016,9.0
34017,9.0
34018,9.0
34019,9.0
34020,9.0
34021,9.0
34022,9.0
34023,9.0
34024,9.0
34025,9.0
34026,9.0
34027,9.0
34028,9.0
34029,9.0
34030,9.0
34031,9.0
34032,9.0
34033,9.0
34034,9.0
34035,9.0
34036,9.0
34037,9.0
34038,9.0
34039,9.0
34040,9.0
34041,9.0
34042,9.0
34043,9.0
34044,9.0
34045,9.0
34046,9.0
34047,9.0
34048,9.0
34049,9.0
34050,9.0
34051,9.0
34052,9.0
34053,9.0
34054,9.0
34055,9.0
34056,9.0
34057,9.0
34058,9.0
34059,9.0
34060,9.0
34061,9.0
34062,9.0
34063,9.0
34064,9.0
34065,9.0
34066,9.0
34067,9.0
34068,9.0
34069,9.0
34070,9.0
34071,9.0
34072,9.0
34073,9.0
34074,9.0
34075,9.0
34076,9.0
34077,9.0
34078,9.0
34079,9.0
34080,9.0
34081,9.0
34082,9.0
34083,9.0
34084,9.0
34085,9.0
34086,9.0
34087,9.0
34088,9.0
34089,9.0
34090,9.0
34091,9.0
34092,9.0
34093,9.0
34094,9.0
34095,9.0
34096,9.0
34097,9.0
34098,9.0
34099,9.0
34100,9.0
34101,9.0
34102,9.0
34103,9.0
34104,9.0
34105,9.0
34106,9.0
34107,9.0
34108,9.0
34109,9.0
34110,9.0
34111,9.0
34112,9.0
34113,9.0
34114,9.0
34115,9.0
34116,9.0
34117,9.0
34118,9.0
34119,9.0
34120,9.0
34121,9.0
34122,9.0
34123,9.0
34124,9.0
34125,9.0
34126,9.0
34127,9.0
34128,9.0
34129,9.0
34130,9.0
34131,9.0
34132,9.0
34133,9.0
34134,9.0
34135,9.0
34136,9.0
34137,9.0
34138,9.0
34139,9.0
34140,9.0
34141,9.0
34142,9.0
34143,9.0
34144,9.0
34145,9.0
34146,9.0
34147,9.0
34148,9.0
34149,9.0
34150,9.0
34151,9.0
34152,9.0
34153,9.0
34154,9.0
34155,9.0
34156,9.0
34157,9.0
34158,9.0
34159,9.0
34160,9.0
34161,9.0
34162,9.0
34163,9.0
34164,9.0
34165,9.0
34166,9.0
34167,9.0
34168,9.0
34169,9.0
34170,9.0
34171,9.0
34172,9.0
34173,9.0
34174,9.0
34175,9.0
34176,9.0
34177,9.0
34178,9.0
34179,9.0
34180,9.0
34181,9.0
34182,9.0
34183,9.0
34184,9.0
34185,9.0
34186,9.0
34187,9.0
34188,9.0
34189,9.0
34190,9.0
34191,9.0
34192,9.0
34193,9.0
34194,9.0
34195,9.0
34196,9.0
34197,9.0
34198,9.0
34199,9.0
34200,9.0
34201,9.0
34202,9.0
34203,9.0
34204,9.0
34205,9.0
34206,9.0
34207,9.0
34208,9.0
34209,9.0
34210,9.0
34211,9.0
34212,9.0
34213,9.0
34214,9.0
34215,9.0
34216,8.0
34217,8.0
34218,8.0
34219,8.0
34220,8.0
34221,8.0
34222,8.0
34223,8.0
34224,8.0
34225,8.0
34226,8.0
34227,8.0
34228,8.0
34229,8.0
34230,8.0
34231,8.0
34232,8.0
34233,8.0
34234,8.0
34235,8.0
34236,8.0
34237,8.0
34238,8.0
34239,8.0
34240,8.0
34241,8.0
34242,8.0
34243,8.0
34244,8.0
34245,8.0
34246,8.0
34247,8.0
34248,8.0
34249,8.0
34250,8.0
34251,8.0
34252,8.0
34253,8.0
34254,8.0
34255,8.0
34256,8.0
34257,8.0
34258,8.0
34259,8.0
34260,8.0
34261,8.0
34262,8.0
34263,8.0
34264,8.0
34265,8.0
34266,8.0
34267,8.0
34268,8.0
34269,8.0
34270,8.0
34271,8.0
34272,8.0
34273,8.0
34274,8.0
34275,8.0
34276,8.0
34277,8.0
34278,8.0
34279,8.0
34280,8.0
34281,8.0
34282,8.0
34283,8.0
34284,8.0
34285,8.0
34286,8.0
34287,8.0
34288,8.0
34289,8.0
34290,8.0
34291,8.0
34292,8.0
34293,8.0
34294,8.0
34295,8.0
34296,8.0
34297,8.0
34298,8.0
34299,8.0
34300,8.0
34301,8.0
34302,8.0
34303,8.0
34304,8.0
34305,8.0
34306,8.0
34307,8.0
34308,8.0
34309,8.0
34310,8.0
34311,8.0
34312,8.0
34313,8.0
34314,8.0
34315,8.0
34316,8.0
34317,8.0
34318,8.0
34319,8.0
34320,8.0
34321,8.0
34322,8.0
34323,8.0
34324,8.0
34325,8.0
34326,8.0
34327,8.0
34328,8.0
34329,8.0
34330,8.0
34331,8.0
34332,8.0
34333,8.0
34334,8.0
34335,8.0
34336,8.0
34337,8.0
34338,8.0
34339,8.0
34340,8.0
34341,8.0
34342,8.0
34343,8.0
34344,8.0
34345,8.0
34346,8.0
34347,8.0
34348,8.0
34349,8.0
34350,8.0
34351,8.0
34352,8.0
34353,8.0
34354,8.0
34355,8.0
34356,8.0
34357,8.0
34358,8.0
34359,8.0
34360,8.0
34361,8.0
34362,8.0
34363,8.0
34364,8.0
34365,8.0
34366,8.0
34367,8.0
34368,8.0
34369,8.0
34370,8.0
34371,8.0
34372,8.0
34373,8.0
34374,8.0
34375,8.0
34376,8.0
34377,8.0
34378,8.0
34379,8.0
34380,8.0
34381,8.0
34382,8.0
34383,8.0
34384,8.0
34385,8.0
34386,8.0
34387,8.0
34388,8.0
34389,8.0
34390,8.0
34391,8.0
34392,8.0
34393,8.0
34394,8.0
34395,8.0
34396,8.0
34397,8.0
34398,8.0
34399,8.0
34400,8.0
34401,8.0
34402,8.0
34403,8.0
34404,8.0
34405,8.0
34406,8.0
34407,8.0
34408,8.0
34409,8.0
34410,8.0
34411,8.0
34412,8.0
34413,8.0
34414,8.0
34415,8.0
34416,8.0
34417,8.0
34418,8.0
34419,8.0
34420,8.0
34421,8.0
34422,8.0
34423,8.0
34424,8.0
34425,8.0
34426,8.0
34427,8.0
34428,8.0
34429,8.0
34430,8.0
34431,8.0
34432,8.0
34433,8.0
34434,8.0
34435,8.0
34436,8.0
34437,8.0
34438,8.0
34439,8.0
34440,8.0
34441,8.0
34442,8.0
34443,8.0
34444,8.0
34445,8.0
34446,8.0
34447,8.0
34448,8.0
34449,8.0
34450,8.0
34451,8.0
34452,8.0
34453,8.0
34454,8.0
34455,8.0
34456,8.0
34457,8.0
34458,8.0
34459,8.0
34460,8.0
34461,8.0
34462,8.0
34463,8.0
34464,8.0
34465,8.0
34466,8.0
34467,8.0
34468,8.0
34469,8.0
34470,8.0
34471,8.0
34472,8.0
34473,8.0
34474,8.0
34475,8.0
34476,8.0
34477,8.0
34478,8.0
34479,8.0
34480,8.0
34481,8.0
34482,8.0
34483,8.0
34484,8.0
34485,8.0
34486,8.0
34487,8.0
34488,8.0
34489,8.0
34490,8.0
34491,8.0
34492,8.0
34493,8.0
34494,8.0
34495,8.0
34496,8.0
34497,8.0
34498,8.0
34499,8.0
34500,8.0
34501,8.0
34502,9.0
34503,9.0
34504,9.0
34505,9.0
34506,9.0
34507,9.0
34508,9.0
34509,9.0
34510,9.0
34511,9.0
34512,9.0
34513,9.0
34514,9.0
34515,9.0
34516,9.0
34517,9.0
34518,9.0
34519,9.0
34520,9.0
34521,9.0
34522,9.0
34523,9.0
34524,9.0
34525,9.0
34526,9.0
34527,9.0
34528,9.0
34529,9.0
34530,9.0
34531,9.0
34532,9.0
34533,9.0
34534,9.0
34535,9.0
34536,9.0
34537,9.0
34538,9.0
34539,9.0
34540,9.0
34541,9.0
34542,9.0
34543,9.0
34544,9.0
34545,9.0
34546,9.0
34547,9.0
34548,9.0
34549,9.0
34550,9.0
34551,9.0
34552,9.0
34553,9.0
34554,9.0
34555,9.0
34556,9.0
34557,9.0
34558,9.0
34559,9.0
34560,9.0
34561,9.0
34562,9.0
34563,9.0
34564,9.0
34565,9.0
34566,9.0
34567,9.0
34568,9.0
34569,9.0
34570,9.0
34571,9.0
34572,9.0
34573,9.0
34574,9.0
34575,9.0
34576,9.0
34577,9.0
34578,9.0
34579,9.0
34580,9.0
34581,9.0
34582,9.0
34583,9.0
34584,9.0
34585,9.0
34586,9.0
34587,9.0
34588,9.0
34589,9.0
34590,9.0
34591,9.0
34592,9.0
34593,9.0
34594,9.0
34595,9.0
34596,9.0
34597,9.0
34598,9.0
34599,9.0
34600,9.0
34601,9.0
34602,9.0
34603,9.0
34604,9.0
34605,9.0
34606,9.0
34607,9.0
34608,9.0
34609,9.0
34610,9.0
34611,9.0
34612,9.0
34613,9.0
34614,9.0
34615,9.0
34616,9.0
34617,9.0
34618,9.0
34619,9.0
34620,9.0
34621,9.0
34622,9.0
34623,9.0
34624,9.0
34625,9.0
34626,9.0
34627,9.0
34628,9.0
34629,9.0
34630,9.0
34631,9.0
34632,9.0
34633,9.0
34634,9.0
34635,9.0
34636,9.0
34637,9.0
34638,9.0
34639,9.0
34640,9.0
34641,9.0
34642,9.0
34643,9.0
34644,9.0
34645,9.0
34646,9.0
34647,9.0
34648,9.0
34649,9.0
34650,9.0
34651,9.0
34652,9.0
34653,9.0
34654,9.0
34655,9.0
34656,9.0
34657,9.0
34658,9.0
34659,9.0
34660,9.0
34661,9.0
34662,9.0
34663,9.0
34664,9.0
34665,9.0
34666,9.0
34667,9.0
34668,9.0
34669,9.0
34670,9.0
34671,9.0
34672,9.0
34673,9.0
34674,9.0
34675,9.0
34676,9.0
34677,9.0
34678,9.0
34679,9.0
34680,9.0
34681,9.0
34682,9.0
34683,9.0
34684,9.0
34685,9.0
34686,9.0
34687,9.0
34688,9.0
34689,9.0
34690,9.0
34691,9.0
34692,9.0
34693,9.0
34694,9.0
34695,9.0
34696,9.0
34697,9.0
34698,9.0
34699,9.0
34700,9.0
34701,9.0
34702,9.0
34703,9.0
34704,9.0
34705,9.0
34706,9.0
34707,9.0
34708,9.0
34709,9.0
34710,9.0
34711,9.0
34712,9.0
34713,9.0
34714,9.0
34715,9.0
34716,9.0
34717,9.0
34718,9.0
34719,9.0
34720,9.0
34721,9.0
34722,9.0
34723,9.0
34724,9.0
34725,9.0
34726,9.0
34727,9.0
34728,9.0
34729,9.0
34730,9.0
34731,9.0
34732,9.0
34733,9.0
34734,9.0
34735,9.0
34736,9.0
34737,9.0
34738,9.0
34739,9.0
34740,9.0
34741,9.0
34742,9.0
34743,9.0
34744,9.0
34745,9.0
34746,9.0
34747,9.0
34748,9.0
34749,9.0
34750,9.0
34751,9.0
34752,9.0
34753,9.0
34754,9.0
34755,9.0
34756,9.0
34757,9.0
34758,9.0
34759,9.0
34760,9.0
34761,9.0
34762,9.0
34763,9.0
34764,9.0
34765,9.0
34766,9.0
34767,9.0
34768,9.0
34769,9.0
34770,9.0
34771,9.0
34772,9.0
34773,9.0
34774,9.0
34775,9.0
34776,9.0
34777,9.0
34778,9.0
34779,9.0
34780,9.0
34781,9.0
34782,9.0
34783,9.0
34784,9.0
34785,9.0
34786,9.0
34787,9.0
34788,9.0
34789,9.0
34790,9.0
34791,9.0
34792,9.0
34793,9.0
34794,9.0
34795,9.0
34796,9.0
34797,9.0
34798,9.0
34799,9.0
34800,9.0
34801,9.0
34802,9.0
34803,9.0
34804,9.0
34805,9.0
34806,9.0
34807,9.0
34808,9.0
34809,9.0
34810,9.0
34811,9.0
34812,9.0
34813,9.0
34814,9.0
34815,9.0
34816,9.0
34817,9.0
34818,7.0
34819,7.0
34820,7.0
34821,7.0
34822,7.0
34823,7.0
34824,7.0
34825,7.0
34826,7.0
34827,7.0
34828,7.0
34829,7.0
34830,7.0
34831,7.0
34832,7.0
34833,7.0
34834,7.0
34835,7.0
34836,7.0
34837,7.0
34838,7.0
34839,7.0
34840,7.0
34841,7.0
34842,7.0
34843,7.0
34844,7.0
34845,7.0
34846,7.0
34847,7.0
34848,7.0
34849,7.0
34850,7.0
34851,7.0
34852,7.0
34853,7.0
34854,7.0
34855,7.0
34856,7.0
34857,7.0
34858,7.0
34859,7.0
34860,7.0
34861,7.0
34862,7.0
34863,7.0
34864,7.0
34865,7.0
34866,7.0
34867,7.0
34868,7.0
34869,7.0
34870,7.0
34871,7.0
34872,7.0
34873,7.0
34874,7.0
34875,7.0
34876,7.0
34877,7.0
34878,7.0
34879,7.0
34880,7.0
34881,7.0
34882,7.0
34883,7.0
34884,7.0
34885,7.0
34886,7.0
34887,7.0
34888,7.0
34889,7.0
34890,7.0
34891,7.0
34892,7.0
34893,7.0
34894,7.0
34895,7.0
34896,7.0
34897,7.0
34898,7.0
34899,7.0
34900,7.0
34901,7.0
34902,7.0
34903,7.0
34904,7.0
34905,7.0
34906,7.0
34907,7.0
34908,7.0
34909,7.0
34910,7.0
34911,7.0
34912,7.0
34913,7.0
34914,7.0
34915,7.0
34916,7.0
34917,7.0
34918,7.0
34919,7.0
34920,7.0
34921,7.0
34922,7.0
34923,7.0
34924,7.0
34925,7.0
34926,7.0
34927,7.0
34928,7.0
34929,7.0
34930,7.0
34931,7.0
34932,7.0
34933,7.0
34934,7.0
34935,7.0
34936,7.0
34937,7.0
34938,7.0
34939,7.0
34940,7.0
34941,7.0
34942,7.0
34943,7.0
34944,7.0
34945,7.0
34946,7.0
34947,7.0
34948,7.0
34949,7.0
34950,7.0
34951,7.0
34952,7.0
34953,7.0
34954,7.0
34955,7.0
34956,7.0
34957,7.0
34958,7.0
34959,7.0
34960,7.0
34961,7.0
34962,7.0
34963,7.0
34964,7.0
34965,7.0
34966,7.0
34967,7.0
34968,7.0
34969,7.0
34970,7.0
34971,7.0
34972,7.0
34973,7.0
34974,7.0
34975,7.0
34976,7.0
34977,7.0
34978,7.0
34979,7.0
34980,7.0
34981,7.0
34982,7.0
34983,7.0
34984,7.0
34985,7.0
34986,7.0
34987,7.0
34988,7.0
34989,7.0
34990,7.0
34991,7.0
34992,7.0
34993,7.0
34994,7.0
34995,7.0
34996,7.0
34997,7.0
34998,7.0
34999,7.0
35000,7.0
35001,7.0
35002,7.0
35003,7.0
35004,7.0
35005,7.0
35006,7.0
35007,7.0
35008,7.0
35009,7.0
35010,7.0
35011,7.0
35012,7.0
35013,7.0
35014,7.0
35015,7.0
35016,7.0
35017,7.0
35018,7.0
35019,7.0
35020,7.0
35021,7.0
35022,7.0
35023,7.0
35024,7.0
35025,7.0
35026,7.0
35027,7.0
35028,7.0
35029,7.0
35030,7.0
35031,7.0
35032,7.0
35033,7.0
35034,7.0
35035,7.0
35036,7.0
35037,7.0
35038,7.0
35039,7.0
35040,7.0
35041,7.0
35042,7.0
35043,7.0
35044,7.0
35045,7.0
35046,7.0
35047,7.0
35048,7.0
35049,7.0
35050,7.0
35051,7.0
35052,7.0
35053,7.0
35054,7.0
35055,7.0
35056,7.0
35057,7.0
35058,7.0
35059,7.0
35060,7.0
35061,7.0
35062,7.0
35063,7.0
35064,7.0
35065,7.0
35066,7.0
35067,7.0
35068,7.0
35069,7.0
35070,7.0
35071,7.0
35072,7.0
35073,7.0
35074,7.0
35075,7.0
35076,7.0
35077,7.0
35078,7.0
35079,7.0
35080,7.0
35081,7.0
35082,7.0
35083,7.0
35084,7.0
35085,7.0
35086,7.0
35087,7.0
35088,7.0
35089,7.0
35090,7.0
35091,7.0
35092,7.0
35093,7.0
35094,7.0
35095,7.0
35096,7.0
35097,7.0
35098,7.0
35099,7.0
35100,7.0
35101,7.0
35102,7.0
35103,7.0
35104,7.0
35105,7.0
35106,7.0
35107,7.0
35108,7.0
35109,7.0
35110,7.0
35111,7.0
35112,7.0
35113,7.0
35114,7.0
35115,7.0
35116,7.0
35117,7.0
35118,7.0
35119,7.0
35120,7.0
35121,7.0
35122,7.0
35123,7.0
35124,7.0
35125,7.0
35126,7.0
35127,7.0
35128,7.0
35129,7.0
35130,7.0
35131,7.0
35132,7.0
35133,7.0
35134,7.0
35135,7.0
35136,7.0
35137,7.0
35138,7.0
35139,7.0
35140,7.0
35141,7.0
35142,7.0
35143,7.0
35144,7.0
35145,7.0
35146,7.0
35147,7.0
35148,7.0
35149,7.0
35150,7.0
35151,7.0
35152,7.0
35153,7.0
35154,7.0
35155,7.0
35156,7.0
35157,7.0
35158,7.0
35159,7.0
35160,7.0
35161,7.0
35162,7.0
35163,7.0
35164,7.0
35165,7.0
35166,7.0
35167,7.0
35168,7.0
35169,7.0
35170,7.0
35171,7.0
35172,7.0
35173,7.0
35174,7.0
35175,7.0
35176,7.0
35177,7.0
35178,7.0
35179,7.0
35180,7.0
35181,7.0
35182,7.0
35183,7.0
35184,7.0
35185,7.0
35186,7.0
35187,7.0
35188,7.0
35189,7.0
35190,7.0
35191,7.0
35192,7.0
35193,7.0
35194,7.0
35195,7.0
35196,7.0
35197,7.0
35198,7.0
35199,7.0
35200,7.0
35201,7.0
35202,7.0
35203,7.0
35204,7.0
35205,7.0
35206,7.0
35207,7.0
35208,7.0
35209,7.0
35210,7.0
35211,7.0
35212,7.0
35213,7.0
35214,7.0
35215,7.0
35216,7.0
35217,7.0
35218,7.0
35219,7.0
35220,7.0
35221,7.0
35222,7.0
35223,7.0
35224,7.0
35225,7.0
35226,7.0
35227,7.0
35228,7.0
35229,7.0
35230,7.0
35231,7.0
35232,7.0
35233,7.0
35234,7.0
35235,7.0
35236,7.0
35237,7.0
35238,7.0
35239,7.0
35240,7.0
35241,7.0
35242,7.0
35243,7.0
35244,7.0
35245,7.0
35246,7.0
35247,7.0
35248,7.0
35249,7.0
35250,7.0
35251,7.0
35252,7.0
35253,7.0
35254,7.0
35255,7.0
35256,7.0
35257,7.0
35258,7.0
35259,7.0
35260,7.0
35261,7.0
35262,7.0
35263,7.0
35264,7.0
35265,7.0
35266,7.0
35267,7.0
35268,7.0
35269,7.0
35270,7.0
35271,7.0
35272,7.0
35273,7.0
35274,7.0
35275,7.0
35276,7.0
35277,7.0
35278,7.0
35279,7.0
35280,7.0
35281,7.0
35282,7.0
35283,7.0
35284,7.0
35285,7.0
35286,7.0
35287,7.0
35288,7.0
35289,7.0
35290,7.0
35291,7.0
35292,7.0
35293,7.0
35294,8.0
35295,8.0
35296,8.0
35297,8.0
35298,8.0
35299,8.0
35300,8.0
35301,8.0
35302,8.0
35303,8.0
35304,8.0
35305,8.0
35306,8.0
35307,8.0
35308,8.0
35309,8.0
35310,8.0
35311,8.0
35312,8.0
35313,8.0
35314,8.0
35315,8.0
35316,8.0
35317,8.0
35318,8.0
35319,8.0
35320,8.0
35321,8.0
35322,8.0
35323,8.0
35324,8.0
35325,8.0
35326,8.0
35327,8.0
35328,8.0
35329,8.0
35330,8.0
35331,8.0
35332,8.0
35333,8.0
35334,8.0
35335,8.0
35336,8.0
35337,8.0
35338,8.0
35339,8.0
35340,8.0
35341,8.0
35342,8.0
35343,8.0
35344,8.0
35345,8.0
35346,8.0
35347,8.0
35348,8.0
35349,8.0
35350,8.0
35351,8.0
35352,8.0
35353,8.0
35354,8.0
35355,8.0
35356,8.0
35357,8.0
35358,8.0
35359,8.0
35360,8.0
35361,8.0
35362,8.0
35363,8.0
35364,8.0
35365,8.0
35366,8.0
35367,8.0
35368,8.0
35369,8.0
35370,8.0
35371,8.0
35372,8.0
35373,8.0
35374,8.0
35375,8.0
35376,8.0
35377,8.0
35378,8.0
35379,8.0
35380,8.0
35381,8.0
35382,8.0
35383,8.0
35384,8.0
35385,8.0
35386,8.0
35387,8.0
35388,8.0
35389,8.0
35390,8.0
35391,8.0
35392,8.0
35393,8.0
35394,8.0
35395,8.0
35396,8.0
35397,8.0
35398,8.0
35399,8.0
35400,8.0
35401,8.0
35402,8.0
35403,8.0
35404,8.0
35405,8.0
35406,8.0
35407,8.0
35408,8.0
35409,8.0
35410,8.0
35411,8.0
35412,8.0
35413,8.0
35414,8.0
35415,8.0
35416,8.0
35417,8.0
35418,8.0
35419,8.0
35420,8.0
35421,8.0
35422,8.0
35423,8.0
35424,8.0
35425,8.0
35426,8.0
35427,8.0
35428,8.0
35429,8.0
35430,8.0
35431,8.0
35432,8.0
35433,8.0
35434,8.0
35435,8.0
35436,8.0
35437,8.0
35438,8.0
35439,8.0
35440,8.0
35441,8.0
35442,8.0
35443,8.0
35444,8.0
35445,8.0
35446,8.0
35447,8.0
35448,8.0
35449,8.0
35450,8.0
35451,8.0
35452,8.0
35453,8.0
35454,8.0
35455,8.0
35456,8.0
35457,8.0
35458,8.0
35459,8.0
35460,8.0
35461,8.0
35462,8.0
35463,8.0
35464,8.0
35465,8.0
35466,8.0
35467,8.0
35468,8.0
35469,8.0
35470,8.0
35471,8.0
35472,8.0
35473,8.0
35474,8.0
35475,8.0
35476,8.0
35477,8.0
35478,8.0
35479,8.0
35480,8.0
35481,8.0
35482,8.0
35483,8.0
35484,8.0
35485,8.0
35486,8.0
35487,8.0
35488,8.0
35489,8.0
35490,8.0
35491,8.0
35492,8.0
35493,8.0
35494,8.0
35495,8.0
35496,8.0
35497,8.0
35498,8.0
35499,8.0
35500,8.0
35501,8.0
35502,8.0
35503,8.0
35504,8.0
35505,8.0
35506,8.0
35507,8.0
35508,8.0
35509,8.0
35510,8.0
35511,8.0
35512,8.0
35513,8.0
35514,8.0
35515,8.0
35516,8.0
35517,8.0
35518,8.0
35519,8.0
35520,8.0
35521,8.0
35522,8.0
35523,8.0
35524,8.0
35525,8.0
35526,8.0
35527,8.0
35528,8.0
35529,8.0
35530,8.0
35531,8.0
35532,8.0
35533,8.0
35534,8.0
35535,8.0
35536,8.0
35537,8.0
35538,8.0
35539,8.0
35540,8.0
35541,8.0
35542,8.0
35543,8.0
35544,8.0
35545,8.0
35546,8.0
35547,8.0
35548,8.0
35549,8.0
35550,8.0
35551,8.0
35552,8.0
35553,8.0
35554,8.0
35555,8.0
35556,8.0
35557,8.0
35558,8.0
35559,8.0
35560,8.0
35561,8.0
35562,8.0
35563,8.0
35564,8.0
35565,8.0
35566,8.0
35567,8.0
35568,8.0
35569,8.0
35570,8.0
35571,8.0
35572,8.0
35573,8.0
35574,8.0
35575,8.0
35576,8.0
35577,8.0
35578,8.0
35579,8.0
35580,8.0
35581,8.0
35582,8.0
35583,8.0
35584,8.0
35585,8.0
35586,8.0
35587,8.0
35588,8.0
35589,8.0
35590,8.0
35591,8.0
35592,8.0
35593,8.0
35594,8.0
35595,8.0
35596,8.0
35597,8.0
35598,8.0
35599,8.0
35600,8.0
35601,8.0
35602,8.0
35603,8.0
35604,8.0
35605,8.0
35606,8.0
35607,8.0
35608,8.0
35609,8.0
35610,8.0
35611,8.0
35612,8.0
35613,8.0
35614,8.0
35615,8.0
35616,8.0
35617,8.0
35618,8.0
35619,8.0
35620,8.0
35621,8.0
35622,8.0
35623,8.0
35624,8.0
35625,8.0
35626,8.0
35627,8.0
35628,8.0
35629,8.0
35630,8.0
35631,8.0
35632,8.0
35633,8.0
35634,8.0
35635,8.0
35636,8.0
35637,8.0
35638,8.0
35639,8.0
35640,8.0
35641,8.0
35642,8.0
35643,8.0
35644,8.0
35645,8.0
35646,8.0
35647,8.0
35648,8.0
35649,8.0
35650,8.0
35651,8.0
35652,8.0
35653,8.0
35654,8.0
35655,8.0
35656,8.0
35657,8.0
35658,8.0
35659,8.0
35660,8.0
35661,8.0
35662,8.0
35663,8.0
35664,8.0
35665,8.0
35666,8.0
35667,8.0
35668,8.0
35669,8.0
35670,8.0
35671,8.0
35672,8.0
35673,8.0
35674,8.0
35675,8.0
35676,8.0
35677,8.0
35678,8.0
35679,8.0
35680,8.0
35681,8.0
35682,8.0
35683,8.0
35684,8.0
35685,8.0
35686,8.0
35687,8.0
35688,8.0
35689,8.0
35690,8.0
35691,8.0
35692,8.0
35693,8.0
35694,8.0
35695,8.0
35696,8.0
35697,8.0
35698,8.0
35699,8.0
35700,8.0
35701,8.0
35702,8.0
35703,8.0
35704,8.0
35705,8.0
35706,8.0
35707,8.0
35708,8.0
35709,8.0
35710,8.0
35711,8.0
35712,8.0
35713,8.0
35714,8.0
35715,8.0
35716,8.0
35717,8.0
35718,8.0
35719,8.0
35720,8.0
35721,8.0
35722,8.0
35723,8.0
35724,8.0
35725,8.0
35726,8.0
35727,8.0
35728,8.0
35729,8.0
35730,8.0
35731,8.0
35732,8.0
35733,8.0
35734,8.0
35735,8.0
35736,8.0
35737,8.0
35738,8.0
35739,8.0
35740,8.0
35741,8.0
35742,8.0
35743,8.0
35744,8.0
35745,8.0
35746,8.0
35747,8.0
35748,8.0
35749,8.0
35750,8.0
35751,8.0
35752,8.0
35753,8.0
35754,8.0
35755,8.0
35756,8.0
35757,8.0
35758,8.0
35759,8.0
35760,8.0
35761,8.0
35762,8.0
35763,8.0
35764,8.0
35765,8.0
35766,8.0
35767,8.0
35768,8.0
35769,8.0
35770,8.0
35771,8.0
35772,8.0
35773,8.0
35774,8.0
35775,8.0
35776,8.0
35777,8.0
35778,8.0
35779,8.0
35780,8.0
35781,8.0
35782,8.0
35783,8.0
35784,8.0
35785,8.0
35786,8.0
35787,8.0
35788,8.0
35789,8.0
35790,8.0
35791,8.0
35792,8.0
35793,8.0
35794,8.0
35795,8.0
35796,8.0
35797,8.0
35798,8.0
35799,8.0
35800,8.0
35801,8.0
35802,8.0
35803,8.0
35804,8.0
35805,8.0
35806,8.0
35807,8.0
35808,8.0
35809,8.0
35810,8.0
35811,8.0
35812,8.0
35813,8.0
35814,8.0
35815,8.0
35816,8.0
35817,8.0
35818,8.0
35819,8.0
35820,8.0
35821,8.0
35822,8.0
35823,8.0
35824,8.0
35825,8.0
35826,8.0
35827,8.0
35828,8.0
35829,8.0
35830,8.0
35831,8.0
35832,8.0
35833,8.0
35834,8.0
35835,8.0
35836,8.0
35837,8.0
35838,8.0
35839,8.0
35840,8.0
35841,8.0
35842,8.0
35843,8.0
35844,8.0
35845,8.0
35846,8.0
35847,8.0
35848,8.0
35849,8.0
35850,8.0
35851,8.0
35852,8.0
35853,8.0
35854,8.0
35855,8.0
35856,8.0
35857,8.0
35858,8.0
35859,8.0
35860,8.0
35861,8.0
35862,8.0
35863,8.0
35864,8.0
35865,8.0
35866,8.0
35867,8.0
35868,8.0
35869,8.0
35870,8.0
35871,8.0
35872,8.0
35873,8.0
35874,8.0
35875,8.0
35876,8.0
35877,8.0
35878,8.0
35879,8.0
35880,8.0
35881,8.0
35882,8.0
35883,8.0
35884,8.0
35885,8.0
35886,8.0
35887,8.0
35888,8.0
35889,8.0
35890,8.0
35891,8.0
35892,8.0
35893,8.0
35894,8.0
35895,8.0
35896,8.0
35897,8.0
35898,8.0
35899,8.0
35900,8.0
35901,8.0
35902,8.0
35903,8.0
35904,8.0
35905,8.0
35906,8.0
35907,8.0
35908,8.0
35909,8.0
35910,8.0
35911,8.0
35912,8.0
35913,8.0
35914,8.0
35915,8.0
35916,8.0
35917,8.0
35918,8.0
35919,8.0
35920,8.0
35921,8.0
35922,8.0
35923,8.0
35924,8.0
35925,8.0
35926,8.0
35927,8.0
35928,8.0
35929,8.0
35930,8.0
35931,8.0
35932,8.0
35933,8.0
35934,8.0
35935,8.0
35936,8.0
35937,8.0
35938,8.0
35939,8.0
35940,8.0
35941,8.0
35942,8.0
35943,8.0
35944,8.0
35945,8.0
35946,8.0
35947,8.0
35948,8.0
35949,8.0
35950,8.0
35951,8.0
35952,8.0
35953,8.0
35954,8.0
35955,8.0
35956,8.0
35957,8.0
35958,8.0
35959,8.0
35960,8.0
35961,8.0
35962,8.0
35963,8.0
35964,8.0
35965,8.0
35966,8.0
35967,8.0
35968,8.0
35969,8.0
35970,8.0
35971,8.0
35972,8.0
35973,8.0
35974,8.0
35975,8.0
35976,8.0
35977,8.0
35978,8.0
35979,8.0
35980,8.0
35981,8.0
35982,8.0
35983,8.0
35984,8.0
35985,8.0
35986,8.0
35987,8.0
35988,8.0
35989,8.0
35990,8.0
35991,8.0
35992,8.0
35993,8.0
35994,8.0
35995,8.0
35996,8.0
35997,8.0
35998,8.0
35999,8.0
36000,8.0
36001,8.0
36002,8.0
36003,8.0
36004,8.0
36005,8.0
36006,8.0
36007,8.0
36008,8.0
36009,8.0
36010,8.0
36011,8.0
36012,8.0
36013,8.0
36014,8.0
36015,8.0
36016,8.0
36017,8.0
36018,8.0
36019,8.0
36020,8.0
36021,8.0
36022,8.0
36023,8.0
36024,8.0
36025,8.0
36026,8.0
36027,8.0
36028,8.0
36029,8.0
36030,8.0
36031,8.0
36032,8.0
36033,8.0
36034,8.0
36035,8.0
36036,8.0
36037,8.0
36038,8.0
36039,8.0
36040,8.0
36041,8.0
36042,8.0
36043,8.0
36044,8.0
36045,8.0
36046,8.0
36047,8.0
36048,8.0
36049,8.0
36050,8.0
36051,8.0
36052,8.0
36053,8.0
36054,8.0
36055,8.0
36056,8.0
36057,8.0
36058,8.0
36059,8.0
36060,8.0
36061,8.0
36062,8.0
36063,8.0
36064,8.0
36065,8.0
36066,8.0
36067,8.0
36068,8.0
36069,8.0
36070,8.0
36071,8.0
36072,8.0
36073,8.0
36074,8.0
36075,8.0
36076,8.0
36077,8.0
36078,8.0
36079,8.0
36080,8.0
36081,8.0
36082,8.0
36083,8.0
36084,8.0
36085,8.0
36086,8.0
36087,8.0
36088,8.0
36089,8.0
36090,8.0
36091,8.0
36092,8.0
36093,8.0
36094,8.0
36095,8.0
36096,8.0
36097,8.0
36098,8.0
36099,8.0
36100,8.0
36101,8.0
36102,8.0
36103,8.0
36104,8.0
36105,8.0
36106,8.0
36107,8.0
36108,8.0
36109,8.0
36110,8.0
36111,8.0
36112,8.0
36113,8.0
36114,8.0
36115,8.0
36116,8.0
36117,8.0
36118,8.0
36119,8.0
36120,8.0
36121,8.0
36122,8.0
36123,8.0
36124,8.0
36125,8.0
36126,8.0
36127,8.0
36128,8.0
36129,8.0
36130,8.0
36131,8.0
36132,8.0
36133,8.0
36134,8.0
36135,8.0
36136,8.0
36137,8.0
36138,8.0
36139,8.0
36140,8.0
36141,8.0
36142,8.0
36143,8.0
36144,8.0
36145,8.0
36146,8.0
36147,8.0
36148,8.0
36149,8.0
36150,8.0
36151,8.0
36152,8.0
36153,8.0
36154,8.0
36155,8.0
36156,8.0
36157,8.0
36158,8.0
36159,8.0
36160,8.0
36161,8.0
36162,8.0
36163,8.0
36164,8.0
36165,8.0
36166,8.0
36167,8.0
36168,8.0
36169,8.0
36170,8.0
36171,8.0
36172,8.0
36173,8.0
36174,8.0
36175,8.0
36176,8.0
36177,8.0
36178,8.0
36179,8.0
36180,8.0
36181,8.0
36182,8.0
36183,8.0
36184,8.0
36185,8.0
36186,8.0
36187,8.0
36188,8.0
36189,8.0
36190,8.0
36191,8.0
36192,8.0
36193,8.0
36194,8.0
36195,8.0
36196,8.0
36197,8.0
36198,8.0
36199,8.0
36200,8.0
36201,8.0
36202,8.0
36203,8.0
36204,8.0
36205,8.0
36206,8.0
36207,8.0
36208,8.0
36209,8.0
36210,8.0
36211,8.0
36212,8.0
36213,8.0
36214,8.0
36215,8.0
36216,8.0
36217,8.0
36218,8.0
36219,8.0
36220,8.0
36221,8.0
36222,8.0
36223,8.0
36224,8.0
36225,8.0
36226,8.0
36227,8.0
36228,8.0
36229,8.0
36230,8.0
36231,8.0
36232,8.0
36233,8.0
36234,8.0
36235,8.0
36236,8.0
36237,8.0
36238,8.0
36239,8.0
36240,8.0
36241,8.0
36242,8.0
36243,8.0
36244,8.0
36245,8.0
36246,8.0
36247,8.0
36248,8.0
36249,8.0
36250,8.0
36251,8.0
36252,8.0
36253,8.0
36254,8.0
36255,8.0
36256,8.0
36257,8.0
36258,8.0
36259,8.0
36260,8.0
36261,8.0
36262,8.0
36263,8.0
36264,8.0
36265,8.0
36266,8.0
36267,8.0
36268,8.0
36269,8.0
36270,8.0
36271,8.0
36272,8.0
36273,8.0
36274,8.0
36275,8.0
36276,8.0
36277,8.0
36278,8.0
36279,8.0
36280,8.0
36281,8.0
36282,8.0
36283,8.0
36284,8.0
36285,8.0
36286,8.0
36287,8.0
36288,8.0
36289,8.0
36290,8.0
36291,8.0
36292,8.0
36293,8.0
36294,8.0
36295,8.0
36296,8.0
36297,8.0
36298,8.0
36299,8.0
36300,8.0
36301,8.0
36302,8.0
36303,8.0
36304,8.0
36305,8.0
36306,8.0
36307,8.0
36308,8.0
36309,8.0
36310,8.0
36311,8.0
36312,8.0
36313,8.0
36314,8.0
36315,8.0
36316,8.0
36317,8.0
36318,8.0
36319,8.0
36320,8.0
36321,8.0
36322,8.0
36323,8.0
36324,8.0
36325,8.0
36326,8.0
36327,8.0
36328,8.0
36329,8.0
36330,8.0
36331,8.0
36332,8.0
36333,8.0
36334,8.0
36335,8.0
36336,8.0
36337,8.0
36338,8.0
36339,8.0
36340,8.0
36341,8.0
36342,8.0
36343,8.0
36344,8.0
36345,8.0
36346,8.0
36347,8.0
36348,8.0
36349,8.0
36350,8.0
36351,8.0
36352,8.0
36353,8.0
36354,8.0
36355,8.0
36356,8.0
36357,8.0
36358,8.0
36359,8.0
36360,8.0
36361,8.0
36362,8.0
36363,8.0
36364,8.0
36365,8.0
36366,8.0
36367,8.0
36368,8.0
36369,8.0
36370,8.0
36371,8.0
36372,8.0
36373,8.0
36374,8.0
36375,8.0
36376,8.0
36377,8.0
36378,8.0
36379,8.0
36380,8.0
36381,8.0
36382,8.0
36383,8.0
36384,8.0
36385,8.0
36386,8.0
36387,8.0
36388,8.0
36389,8.0
36390,8.0
36391,8.0
36392,8.0
36393,8.0
36394,8.0
36395,8.0
36396,8.0
36397,8.0
36398,8.0
36399,8.0
36400,8.0
36401,8.0
36402,8.0
36403,8.0
36404,8.0
36405,8.0
36406,8.0
36407,8.0
36408,8.0
36409,8.0
36410,8.0
36411,8.0
36412,8.0
36413,8.0
36414,8.0
36415,8.0
36416,8.0
36417,8.0
36418,8.0
36419,8.0
36420,8.0
36421,8.0
36422,8.0
36423,8.0
36424,8.0
36425,8.0
36426,8.0
36427,8.0
36428,8.0
36429,8.0
36430,8.0
36431,8.0
36432,8.0
36433,8.0
36434,8.0
36435,8.0
36436,8.0
36437,8.0
36438,8.0
36439,8.0
36440,8.0
36441,8.0
36442,8.0
36443,8.0
36444,8.0
36445,8.0
36446,8.0
36447,8.0
36448,8.0
36449,8.0
36450,8.0
36451,8.0
36452,8.0
36453,8.0
36454,8.0
36455,8.0
36456,8.0
36457,8.0
36458,8.0
36459,8.0
36460,8.0
36461,8.0
36462,8.0
36463,8.0
36464,8.0
36465,8.0
36466,8.0
36467,8.0
36468,8.0
36469,8.0
36470,8.0
36471,8.0
36472,8.0
36473,8.0
36474,8.0
36475,8.0
36476,8.0
36477,8.0
36478,8.0
36479,8.0
36480,8.0
36481,8.0
36482,8.0
36483,8.0
36484,8.0
36485,8.0
36486,8.0
36487,8.0
36488,8.0
36489,8.0
36490,8.0
36491,8.0
36492,8.0
36493,8.0
36494,8.0
36495,8.0
36496,8.0
36497,8.0
36498,8.0
36499,8.0
36500,8.0
36501,8.0
36502,8.0
36503,8.0
36504,8.0
36505,8.0
36506,8.0
36507,8.0
36508,8.0
36509,8.0
36510,8.0
36511,8.0
36512,8.0
36513,8.0
36514,8.0
36515,8.0
36516,8.0
36517,8.0
36518,8.0
36519,8.0
36520,8.0
36521,8.0
36522,8.0
36523,8.0
36524,8.0
36525,8.0
36526,8.0
36527,8.0
36528,8.0
36529,8.0
36530,8.0
36531,8.0
36532,8.0
36533,8.0
36534,8.0
36535,8.0
36536,8.0
36537,8.0
36538,8.0
36539,8.0
36540,8.0
36541,8.0
36542,8.0
36543,8.0
36544,8.0
36545,8.0
36546,8.0
36547,8.0
36548,8.0
36549,8.0
36550,8.0
36551,8.0
36552,8.0
36553,8.0
36554,8.0
36555,8.0
36556,8.0
36557,8.0
36558,8.0
36559,8.0
36560,8.0
36561,8.0
36562,8.0
36563,8.0
36564,8.0
36565,8.0
36566,8.0
36567,8.0
36568,8.0
36569,8.0
36570,8.0
36571,8.0
36572,8.0
36573,8.0
36574,8.0
36575,8.0
36576,8.0
36577,8.0
36578,8.0
36579,8.0
36580,8.0
36581,8.0
36582,8.0
36583,8.0
36584,8.0
36585,8.0
36586,8.0
36587,8.0
36588,8.0
36589,8.0
36590,8.0
36591,8.0
36592,8.0
36593,8.0
36594,8.0
36595,8.0
36596,8.0
36597,8.0
36598,8.0
36599,8.0
36600,8.0
36601,8.0
36602,8.0
36603,8.0
36604,8.0
36605,8.0
36606,8.0
36607,8.0
36608,8.0
36609,8.0
36610,8.0
36611,8.0
36612,8.0
36613,8.0
36614,8.0
36615,8.0
36616,8.0
36617,8.0
36618,8.0
36619,8.0
36620,8.0
36621,8.0
36622,8.0
36623,8.0
36624,8.0
36625,8.0
36626,8.0
36627,8.0
36628,8.0
36629,8.0
36630,8.0
36631,8.0
36632,8.0
36633,8.0
36634,8.0
36635,8.0
36636,8.0
36637,8.0
36638,8.0
36639,8.0
36640,8.0
36641,8.0
36642,8.0
36643,8.0
36644,8.0
36645,8.0
36646,8.0
36647,8.0
36648,8.0
36649,8.0
36650,8.0
36651,8.0
36652,8.0
36653,8.0
36654,8.0
36655,8.0
36656,8.0
36657,8.0
36658,8.0
36659,8.0
36660,8.0
36661,8.0
36662,8.0
36663,8.0
36664,8.0
36665,8.0
36666,8.0
36667,8.0
36668,8.0
36669,8.0
36670,8.0
36671,8.0
36672,8.0
36673,8.0
36674,8.0
36675,8.0
36676,8.0
36677,8.0
36678,8.0
36679,8.0
36680,8.0
36681,8.0
36682,8.0
36683,8.0
36684,8.0
36685,8.0
36686,8.0
36687,8.0
36688,8.0
36689,8.0
36690,8.0
36691,8.0
36692,8.0
36693,8.0
36694,8.0
36695,8.0
36696,8.0
36697,8.0
36698,8.0
36699,8.0
36700,8.0
36701,8.0
36702,8.0
36703,8.0
36704,8.0
36705,8.0
36706,8.0
36707,8.0
36708,8.0
36709,8.0
36710,8.0
36711,8.0
36712,8.0
36713,8.0
36714,8.0
36715,8.0
36716,8.0
36717,8.0
36718,8.0
36719,8.0
36720,8.0
36721,8.0
36722,8.0
36723,8.0
36724,8.0
36725,8.0
36726,8.0
36727,8.0
36728,8.0
36729,8.0
36730,8.0
36731,8.0
36732,8.0
36733,8.0
36734,8.0
36735,8.0
36736,8.0
36737,8.0
36738,8.0
36739,8.0
36740,8.0
36741,8.0
36742,8.0
36743,8.0
36744,8.0
36745,8.0
36746,8.0
36747,8.0
36748,8.0
36749,8.0
36750,8.0
36751,8.0
36752,8.0
36753,8.0
36754,8.0
36755,8.0
36756,8.0
36757,8.0
36758,8.0
36759,8.0
36760,8.0
36761,8.0
36762,8.0
36763,8.0
36764,8.0
36765,8.0
36766,8.0
36767,8.0
36768,8.0
36769,8.0
36770,8.0
36771,8.0
36772,8.0
36773,8.0
36774,8.0
36775,8.0
36776,8.0
36777,8.0
36778,8.0
36779,8.0
36780,8.0
36781,8.0
36782,8.0
36783,8.0
36784,8.0
36785,8.0
36786,8.0
36787,8.0
36788,8.0
36789,8.0
36790,8.0
36791,8.0
36792,8.0
36793,8.0
36794,8.0
36795,8.0
36796,8.0
36797,8.0
36798,8.0
36799,8.0
36800,8.0
36801,8.0
36802,8.0
36803,8.0
36804,8.0
36805,8.0
36806,8.0
36807,8.0
36808,8.0
36809,8.0
36810,8.0
36811,8.0
36812,8.0
36813,8.0
36814,8.0
36815,8.0
36816,8.0
36817,8.0
36818,8.0
36819,8.0
36820,8.0
36821,8.0
36822,8.0
36823,8.0
36824,8.0
36825,8.0
36826,8.0
36827,8.0
36828,8.0
36829,8.0
36830,8.0
36831,8.0
36832,8.0
36833,8.0
36834,8.0
36835,8.0
36836,8.0
36837,8.0
36838,8.0
36839,8.0
36840,8.0
36841,8.0
36842,8.0
36843,8.0
36844,8.0
36845,8.0
36846,8.0
36847,8.0
36848,8.0
36849,8.0
36850,8.0
36851,8.0
36852,8.0
36853,8.0
36854,8.0
36855,8.0
36856,8.0
36857,8.0
36858,8.0
36859,8.0
36860,8.0
36861,8.0
36862,8.0
36863,8.0
36864,8.0
36865,8.0
36866,8.0
36867,8.0
36868,8.0
36869,8.0
36870,8.0
36871,8.0
36872,8.0
36873,8.0
36874,8.0
36875,8.0
36876,8.0
36877,8.0
36878,8.0
36879,8.0
36880,8.0
36881,8.0
36882,8.0
36883,8.0
36884,8.0
36885,8.0
36886,8.0
36887,8.0
36888,8.0
36889,8.0
36890,8.0
36891,8.0
36892,8.0
36893,8.0
36894,8.0
36895,8.0
36896,8.0
36897,8.0
36898,8.0
36899,8.0
36900,8.0
36901,8.0
36902,8.0
36903,8.0
36904,8.0
36905,8.0
36906,8.0
36907,8.0
36908,8.0
36909,8.0
36910,8.0
36911,8.0
36912,8.0
36913,8.0
36914,8.0
36915,8.0
36916,8.0
36917,8.0
36918,8.0
36919,8.0
36920,8.0
36921,8.0
36922,8.0
36923,8.0
36924,8.0
36925,8.0
36926,8.0
36927,8.0
36928,8.0
36929,8.0
36930,8.0
36931,8.0
36932,8.0
36933,8.0
36934,8.0
36935,8.0
36936,8.0
36937,8.0
36938,8.0
36939,8.0
36940,8.0
36941,8.0
36942,8.0
36943,8.0
36944,8.0
36945,8.0
36946,8.0
36947,8.0
36948,8.0
36949,8.0
36950,8.0
36951,8.0
36952,8.0
36953,8.0
36954,8.0
36955,8.0
36956,8.0
36957,8.0
36958,8.0
36959,8.0
36960,8.0
36961,8.0
36962,8.0
36963,8.0
36964,8.0
36965,8.0
36966,8.0
36967,8.0
36968,8.0
36969,8.0
36970,8.0
36971,8.0
36972,8.0
36973,8.0
36974,8.0
36975,8.0
36976,8.0
36977,8.0
36978,8.0
36979,8.0
36980,8.0
36981,8.0
36982,8.0
36983,8.0
36984,8.0
36985,8.0
36986,8.0
36987,8.0
36988,8.0
36989,8.0
36990,8.0
36991,8.0
36992,8.0
36993,8.0
36994,8.0
36995,8.0
36996,8.0
36997,8.0
36998,8.0
36999,8.0
37000,8.0
37001,8.0
37002,8.0
37003,8.0
37004,8.0
37005,8.0
37006,8.0
37007,8.0
37008,8.0
37009,8.0
37010,8.0
37011,8.0
37012,8.0
37013,8.0
37014,8.0
37015,8.0
37016,8.0
37017,8.0
37018,8.0
37019,8.0
37020,8.0
37021,8.0
37022,8.0
37023,8.0
37024,8.0
37025,8.0
37026,8.0
37027,8.0
37028,8.0
37029,8.0
37030,8.0
37031,8.0
37032,8.0
37033,8.0
37034,8.0
37035,8.0
37036,8.0
37037,8.0
37038,8.0
37039,8.0
37040,8.0
37041,8.0
37042,8.0
37043,8.0
37044,8.0
37045,8.0
37046,8.0
37047,8.0
37048,8.0
37049,8.0
37050,8.0
37051,8.0
37052,8.0
37053,8.0
37054,8.0
37055,8.0
37056,8.0
37057,8.0
37058,8.0
37059,8.0
37060,8.0
37061,8.0
37062,8.0
37063,8.0
37064,8.0
37065,8.0
37066,8.0
37067,8.0
37068,8.0
37069,8.0
37070,8.0
37071,8.0
37072,8.0
37073,8.0
37074,8.0
37075,8.0
37076,8.0
37077,8.0
37078,8.0
37079,8.0
37080,8.0
37081,8.0
37082,8.0
37083,8.0
37084,8.0
37085,8.0
37086,8.0
37087,8.0
37088,8.0
37089,8.0
37090,8.0
37091,8.0
37092,8.0
37093,8.0
37094,8.0
37095,8.0
37096,8.0
37097,8.0
37098,8.0
37099,8.0
37100,8.0
37101,8.0
37102,8.0
37103,8.0
37104,8.0
37105,8.0
37106,8.0
37107,8.0
37108,8.0
37109,8.0
37110,8.0
37111,8.0
37112,8.0
37113,8.0
37114,8.0
37115,8.0
37116,8.0
37117,8.0
37118,8.0
37119,8.0
37120,8.0
37121,8.0
37122,8.0
37123,8.0
37124,8.0
37125,8.0
37126,8.0
37127,8.0
37128,8.0
37129,8.0
37130,8.0
37131,8.0
37132,8.0
37133,8.0
37134,8.0
37135,8.0
37136,8.0
37137,8.0
37138,8.0
37139,8.0
37140,8.0
37141,8.0
37142,8.0
37143,8.0
37144,8.0
37145,8.0
37146,8.0
37147,8.0
37148,8.0
37149,8.0
37150,8.0
37151,8.0
37152,8.0
37153,8.0
37154,8.0
37155,8.0
37156,8.0
37157,8.0
37158,8.0
37159,8.0
37160,8.0
37161,8.0
37162,8.0
37163,8.0
37164,8.0
37165,8.0
37166,8.0
37167,8.0
37168,8.0
37169,8.0
37170,8.0
37171,8.0
37172,8.0
37173,8.0
37174,8.0
37175,8.0
37176,8.0
37177,8.0
37178,8.0
37179,8.0
37180,8.0
37181,8.0
37182,8.0
37183,8.0
37184,8.0
37185,8.0
37186,8.0
37187,8.0
37188,8.0
37189,8.0
37190,8.0
37191,8.0
37192,8.0
37193,8.0
37194,8.0
37195,8.0
37196,8.0
37197,8.0
37198,8.0
37199,8.0
37200,8.0
37201,8.0
37202,8.0
37203,8.0
37204,8.0
37205,8.0
37206,8.0
37207,8.0
37208,8.0
37209,8.0
37210,8.0
37211,8.0
37212,8.0
37213,8.0
37214,8.0
37215,8.0
37216,8.0
37217,8.0
37218,8.0
37219,8.0
37220,8.0
37221,8.0
37222,8.0
37223,8.0
37224,8.0
37225,8.0
37226,8.0
37227,8.0
37228,8.0
37229,8.0
37230,8.0
37231,8.0
37232,8.0
37233,8.0
37234,8.0
37235,8.0
37236,8.0
37237,8.0
37238,8.0
37239,8.0
37240,8.0
37241,8.0
37242,8.0
37243,8.0
37244,8.0
37245,8.0
37246,8.0
37247,8.0
37248,8.0
37249,8.0
37250,8.0
37251,8.0
37252,8.0
37253,8.0
37254,8.0
37255,8.0
37256,8.0
37257,8.0
37258,8.0
37259,8.0
37260,8.0
37261,8.0
37262,8.0
37263,8.0
37264,8.0
37265,8.0
37266,8.0
37267,8.0
37268,8.0
37269,8.0
37270,8.0
37271,8.0
37272,8.0
37273,8.0
37274,8.0
37275,8.0
37276,8.0
37277,8.0
37278,8.0
37279,8.0
37280,8.0
37281,8.0
37282,8.0
37283,8.0
37284,8.0
37285,8.0
37286,8.0
37287,8.0
37288,8.0
37289,8.0
37290,8.0
37291,8.0
37292,8.0
37293,8.0
37294,8.0
37295,8.0
37296,8.0
37297,8.0
37298,8.0
37299,8.0
37300,8.0
37301,8.0
37302,8.0
37303,8.0
37304,8.0
37305,8.0
37306,8.0
37307,8.0
37308,8.0
37309,8.0
37310,8.0
37311,8.0
37312,8.0
37313,8.0
37314,8.0
37315,8.0
37316,8.0
37317,8.0
37318,8.0
37319,8.0
37320,8.0
37321,8.0
37322,8.0
37323,8.0
37324,8.0
37325,8.0
37326,8.0
37327,8.0
37328,8.0
37329,8.0
37330,8.0
37331,8.0
37332,8.0
37333,8.0
37334,8.0
37335,8.0
37336,8.0
37337,8.0
37338,8.0
37339,8.0
37340,8.0
37341,8.0
37342,8.0
37343,8.0
37344,8.0
37345,8.0
37346,8.0
37347,8.0
37348,8.0
37349,8.0
37350,8.0
37351,8.0
37352,8.0
37353,8.0
37354,8.0
37355,8.0
37356,8.0
37357,8.0
37358,8.0
37359,8.0
37360,8.0
37361,8.0
37362,8.0
37363,8.0
37364,8.0
37365,8.0
37366,8.0
37367,8.0
37368,8.0
37369,8.0
37370,8.0
37371,8.0
37372,8.0
37373,8.0
37374,8.0
37375,8.0
37376,8.0
37377,8.0
37378,8.0
37379,8.0
37380,8.0
37381,8.0
37382,8.0
37383,8.0
37384,8.0
37385,8.0
37386,8.0
37387,8.0
37388,8.0
37389,8.0
37390,8.0
37391,8.0
37392,8.0
37393,8.0
37394,8.0
37395,8.0
37396,8.0
37397,8.0
37398,8.0
37399,8.0
37400,8.0
37401,8.0
37402,8.0
37403,8.0
37404,8.0
37405,8.0
37406,8.0
37407,8.0
37408,8.0
37409,8.0
37410,8.0
37411,8.0
37412,8.0
37413,8.0
37414,8.0
37415,8.0
37416,8.0
37417,8.0
37418,8.0
37419,8.0
37420,8.0
37421,8.0
37422,8.0
37423,8.0
37424,8.0
37425,8.0
37426,8.0
37427,8.0
37428,8.0
37429,8.0
37430,8.0
37431,8.0
37432,8.0
37433,8.0
37434,8.0
37435,8.0
37436,8.0
37437,8.0
37438,8.0
37439,8.0
37440,8.0
37441,8.0
37442,8.0
37443,8.0
37444,8.0
37445,8.0
37446,8.0
37447,8.0
37448,8.0
37449,8.0
37450,8.0
37451,8.0
37452,8.0
37453,8.0
37454,8.0
37455,8.0
37456,8.0
37457,8.0
37458,8.0
37459,8.0
37460,8.0
37461,8.0
37462,8.0
37463,8.0
37464,8.0
37465,8.0
37466,8.0
37467,8.0
37468,8.0
37469,8.0
37470,8.0
37471,8.0
37472,8.0
37473,8.0
37474,8.0
37475,8.0
37476,8.0
37477,8.0
37478,8.0
37479,8.0
37480,8.0
37481,8.0
37482,8.0
37483,8.0
37484,8.0
37485,8.0
37486,8.0
37487,8.0
37488,8.0
37489,8.0
37490,8.0
37491,8.0
37492,8.0
37493,8.0
37494,8.0
37495,8.0
37496,8.0
37497,8.0
37498,8.0
37499,8.0
37500,8.0
37501,8.0
37502,8.0
37503,8.0
37504,8.0
37505,8.0
37506,8.0
37507,8.0
37508,8.0
37509,8.0
37510,8.0
37511,8.0
37512,8.0
37513,8.0
37514,8.0
37515,8.0
37516,8.0
37517,8.0
37518,8.0
37519,8.0
37520,8.0
37521,8.0
37522,8.0
37523,8.0
37524,8.0
37525,8.0
37526,8.0
37527,8.0
37528,8.0
37529,8.0
37530,8.0
37531,8.0
37532,8.0
37533,8.0
37534,8.0
37535,8.0
37536,8.0
37537,8.0
37538,8.0
37539,8.0
37540,8.0
37541,8.0
37542,8.0
37543,8.0
37544,8.0
37545,8.0
37546,8.0
37547,8.0
37548,8.0
37549,8.0
37550,8.0
37551,8.0
37552,8.0
37553,8.0
37554,8.0
37555,8.0
37556,8.0
37557,8.0
37558,8.0
37559,8.0
37560,8.0
37561,8.0
37562,8.0
37563,8.0
37564,8.0
37565,8.0
37566,8.0
37567,8.0
37568,8.0
37569,8.0
37570,8.0
37571,8.0
37572,8.0
37573,8.0
37574,8.0
37575,8.0
37576,8.0
37577,8.0
37578,8.0
37579,8.0
37580,8.0
37581,8.0
37582,8.0
37583,8.0
37584,8.0
37585,8.0
37586,8.0
37587,8.0
37588,8.0
37589,8.0
37590,8.0
37591,8.0
37592,8.0
37593,8.0
37594,8.0
37595,8.0
37596,8.0
37597,8.0
37598,8.0
37599,8.0
37600,8.0
37601,8.0
37602,8.0
37603,8.0
37604,8.0
37605,8.0
37606,8.0
37607,8.0
37608,8.0
37609,8.0
37610,8.0
37611,8.0
37612,8.0
37613,8.0
37614,8.0
37615,8.0
37616,8.0
37617,8.0
37618,8.0
37619,8.0
37620,8.0
37621,8.0
37622,8.0
37623,8.0
37624,8.0
37625,8.0
37626,8.0
37627,8.0
37628,8.0
37629,8.0
37630,8.0
37631,8.0
37632,8.0
37633,8.0
37634,8.0
37635,8.0
37636,8.0
37637,8.0
37638,8.0
37639,8.0
37640,8.0
37641,8.0
37642,8.0
37643,8.0
37644,8.0
37645,8.0
37646,8.0
37647,8.0
37648,8.0
37649,8.0
37650,8.0
37651,8.0
37652,8.0
37653,8.0
37654,8.0
37655,8.0
37656,8.0
37657,8.0
37658,8.0
37659,8.0
37660,8.0
37661,8.0
37662,8.0
37663,8.0
37664,8.0
37665,8.0
37666,8.0
37667,8.0
37668,8.0
37669,8.0
37670,8.0
37671,8.0
37672,8.0
37673,8.0
37674,8.0
37675,8.0
37676,8.0
37677,8.0
37678,8.0
37679,8.0
37680,8.0
37681,8.0
37682,8.0
37683,8.0
37684,8.0
37685,8.0
37686,8.0
37687,8.0
37688,8.0
37689,8.0
37690,8.0
37691,8.0
37692,8.0
37693,8.0
37694,8.0
37695,8.0
37696,8.0
37697,8.0
37698,8.0
37699,8.0
37700,8.0
37701,8.0
37702,8.0
37703,8.0
37704,8.0
37705,8.0
37706,8.0
37707,8.0
37708,8.0
37709,8.0
37710,8.0
37711,8.0
37712,8.0
37713,8.0
37714,8.0
37715,8.0
37716,8.0
37717,8.0
37718,8.0
37719,8.0
37720,8.0
37721,8.0
37722,8.0
37723,8.0
37724,8.0
37725,8.0
37726,8.0
37727,8.0
37728,8.0
37729,8.0
37730,8.0
37731,8.0
37732,8.0
37733,8.0
37734,8.0
37735,8.0
37736,8.0
37737,8.0
37738,8.0
37739,8.0
37740,8.0
37741,8.0
37742,8.0
37743,8.0
37744,8.0
37745,8.0
37746,8.0
37747,8.0
37748,8.0
37749,8.0
37750,8.0
37751,8.0
37752,8.0
37753,8.0
37754,8.0
37755,8.0
37756,8.0
37757,8.0
37758,8.0
37759,8.0
37760,8.0
37761,8.0
37762,8.0
37763,8.0
37764,8.0
37765,8.0
37766,8.0
37767,8.0
37768,8.0
37769,8.0
37770,8.0
37771,8.0
37772,8.0
37773,8.0
37774,8.0
37775,8.0
37776,8.0
37777,8.0
37778,8.0
37779,8.0
37780,8.0
37781,8.0
37782,8.0
37783,8.0
37784,8.0
37785,8.0
37786,8.0
37787,8.0
37788,8.0
37789,8.0
37790,8.0
37791,8.0
37792,8.0
37793,8.0
37794,8.0
37795,8.0
37796,8.0
37797,8.0
37798,8.0
37799,8.0
37800,8.0
37801,8.0
37802,8.0
37803,8.0
37804,8.0
37805,8.0
37806,8.0
37807,8.0
37808,8.0
37809,8.0
37810,8.0
37811,8.0
37812,8.0
37813,8.0
37814,8.0
37815,8.0
37816,8.0
37817,8.0
37818,8.0
37819,8.0
37820,8.0
37821,8.0
37822,8.0
37823,8.0
37824,8.0
37825,8.0
37826,8.0
37827,8.0
37828,8.0
37829,8.0
37830,8.0
37831,8.0
37832,8.0
37833,8.0
37834,8.0
37835,8.0
37836,8.0
37837,8.0
37838,8.0
37839,8.0
37840,8.0
37841,8.0
37842,8.0
37843,8.0
37844,8.0
37845,8.0
37846,8.0
37847,8.0
37848,8.0
37849,8.0
37850,8.0
37851,8.0
37852,8.0
37853,8.0
37854,8.0
37855,8.0
37856,8.0
37857,8.0
37858,8.0
37859,8.0
37860,8.0
37861,8.0
37862,8.0
37863,8.0
37864,8.0
37865,8.0
37866,8.0
37867,8.0
37868,8.0
37869,8.0
37870,8.0
37871,8.0
37872,8.0
37873,8.0
37874,8.0
37875,8.0
37876,8.0
37877,8.0
37878,8.0
37879,8.0
37880,8.0
37881,8.0
37882,8.0
37883,8.0
37884,8.0
37885,8.0
37886,8.0
37887,8.0
37888,8.0
37889,8.0
37890,8.0
37891,8.0
37892,8.0
37893,8.0
37894,8.0
37895,8.0
37896,8.0
37897,8.0
37898,8.0
37899,8.0
37900,8.0
37901,8.0
37902,8.0
37903,8.0
37904,8.0
37905,8.0
37906,8.0
37907,8.0
37908,8.0
37909,8.0
37910,8.0
37911,8.0
37912,8.0
37913,8.0
37914,8.0
37915,8.0
37916,8.0
37917,8.0
37918,8.0
37919,8.0
37920,8.0
37921,8.0
37922,8.0
37923,8.0
37924,8.0
37925,8.0
37926,8.0
37927,8.0
37928,8.0
37929,8.0
37930,8.0
37931,8.0
37932,8.0
37933,8.0
37934,8.0
37935,8.0
37936,8.0
37937,8.0
37938,8.0
37939,8.0
37940,8.0
37941,8.0
37942,8.0
37943,8.0
37944,8.0
37945,8.0
37946,8.0
37947,8.0
37948,8.0
37949,8.0
37950,8.0
37951,8.0
37952,8.0
37953,8.0
37954,8.0
37955,8.0
37956,8.0
37957,8.0
37958,8.0
37959,8.0
37960,8.0
37961,8.0
37962,8.0
37963,8.0
37964,8.0
37965,8.0
37966,8.0
37967,8.0
37968,8.0
37969,8.0
37970,8.0
37971,8.0
37972,8.0
37973,8.0
37974,8.0
37975,8.0
37976,8.0
37977,8.0
37978,8.0
37979,8.0
37980,8.0
37981,8.0
37982,8.0
37983,8.0
37984,8.0
37985,8.0
37986,8.0
37987,8.0
37988,8.0
37989,8.0
37990,8.0
37991,8.0
37992,8.0
37993,8.0
37994,8.0
37995,8.0
37996,8.0
37997,8.0
37998,8.0
37999,8.0
38000,8.0
38001,8.0
38002,8.0
38003,8.0
38004,8.0
38005,8.0
38006,8.0
38007,8.0
38008,8.0
38009,8.0
38010,8.0
38011,8.0
38012,8.0
38013,8.0
38014,8.0
38015,8.0
38016,8.0
38017,8.0
38018,8.0
38019,8.0
38020,8.0
38021,8.0
38022,8.0
38023,8.0
38024,8.0
38025,8.0
38026,8.0
38027,8.0
38028,8.0
38029,8.0
38030,8.0
38031,8.0
38032,8.0
38033,8.0
38034,8.0
38035,8.0
38036,8.0
38037,8.0
38038,8.0
38039,8.0
38040,8.0
38041,8.0
38042,8.0
38043,8.0
38044,8.0
38045,8.0
38046,8.0
38047,8.0
38048,8.0
38049,8.0
38050,8.0
38051,8.0
38052,8.0
38053,8.0
38054,8.0
38055,8.0
38056,8.0
38057,8.0
38058,8.0
38059,8.0
38060,8.0
38061,8.0
38062,8.0
38063,8.0
38064,8.0
38065,8.0
38066,8.0
38067,8.0
38068,8.0
38069,8.0
38070,8.0
38071,8.0
38072,8.0
38073,8.0
38074,8.0
38075,8.0
38076,8.0
38077,8.0
38078,8.0
38079,8.0
38080,8.0
38081,8.0
38082,8.0
38083,8.0
38084,8.0
38085,8.0
38086,8.0
38087,8.0
38088,8.0
38089,8.0
38090,8.0
38091,9.0
38092,9.0
38093,9.0
38094,9.0
38095,9.0
38096,9.0
38097,9.0
38098,9.0
38099,9.0
38100,9.0
38101,9.0
38102,9.0
38103,9.0
38104,9.0
38105,9.0
38106,9.0
38107,9.0
38108,9.0
38109,9.0
38110,9.0
38111,9.0
38112,9.0
38113,9.0
38114,9.0
38115,9.0
38116,9.0
38117,9.0
38118,9.0
38119,9.0
38120,9.0
38121,9.0
38122,9.0
38123,9.0
38124,9.0
38125,9.0
38126,9.0
38127,9.0
38128,9.0
38129,9.0
38130,9.0
38131,9.0
38132,9.0
38133,9.0
38134,9.0
38135,9.0
38136,9.0
38137,9.0
38138,9.0
38139,9.0
38140,9.0
38141,9.0
38142,9.0
38143,9.0
38144,9.0
38145,9.0
38146,9.0
38147,9.0
38148,9.0
38149,9.0
38150,9.0
38151,9.0
38152,9.0
38153,9.0
38154,9.0
38155,9.0
38156,9.0
38157,9.0
38158,9.0
38159,9.0
38160,9.0
38161,9.0
38162,9.0
38163,9.0
38164,9.0
38165,9.0
38166,9.0
38167,9.0
38168,9.0
38169,9.0
38170,9.0
38171,9.0
38172,9.0
38173,9.0
38174,9.0
38175,9.0
38176,9.0
38177,9.0
38178,9.0
38179,9.0
38180,9.0
38181,9.0
38182,9.0
38183,9.0
38184,9.0
38185,9.0
38186,9.0
38187,9.0
38188,9.0
38189,9.0
38190,9.0
38191,9.0
38192,9.0
38193,9.0
38194,9.0
38195,9.0
38196,9.0
38197,9.0
38198,9.0
38199,9.0
38200,9.0
38201,9.0
38202,9.0
38203,9.0
38204,9.0
38205,9.0
38206,9.0
38207,9.0
38208,9.0
38209,9.0
38210,9.0
38211,9.0
38212,9.0
38213,9.0
38214,9.0
38215,9.0
38216,9.0
38217,9.0
38218,9.0
38219,9.0
38220,9.0
38221,9.0
38222,9.0
38223,9.0
38224,9.0
38225,9.0
38226,9.0
38227,9.0
38228,9.0
38229,9.0
38230,9.0
38231,9.0
38232,9.0
38233,9.0
38234,9.0
38235,9.0
38236,9.0
38237,9.0
38238,9.0
38239,9.0
38240,9.0
38241,9.0
38242,9.0
38243,9.0
38244,9.0
38245,9.0
38246,9.0
38247,9.0
38248,9.0
38249,9.0
38250,9.0
38251,9.0
38252,9.0
38253,9.0
38254,9.0
38255,9.0
38256,9.0
38257,9.0
38258,9.0
38259,9.0
38260,9.0
38261,9.0
38262,9.0
38263,9.0
38264,9.0
38265,9.0
38266,9.0
38267,9.0
38268,9.0
38269,9.0
38270,9.0
38271,9.0
38272,9.0
38273,9.0
38274,9.0
38275,9.0
38276,9.0
38277,9.0
38278,9.0
38279,9.0
38280,9.0
38281,9.0
38282,9.0
38283,9.0
38284,9.0
38285,9.0
38286,9.0
38287,9.0
38288,9.0
38289,9.0
38290,9.0
38291,9.0
38292,9.0
38293,9.0
38294,9.0
38295,9.0
38296,9.0
38297,9.0
38298,9.0
38299,9.0
38300,9.0
38301,9.0
38302,9.0
38303,9.0
38304,9.0
38305,9.0
38306,9.0
38307,9.0
38308,9.0
38309,9.0
38310,9.0
38311,9.0
38312,9.0
38313,9.0
38314,9.0
38315,9.0
38316,9.0
38317,9.0
38318,9.0
38319,9.0
38320,9.0
38321,9.0
38322,9.0
38323,9.0
38324,9.0
38325,9.0
38326,9.0
38327,9.0
38328,9.0
38329,9.0
38330,9.0
38331,9.0
38332,9.0
38333,9.0
38334,9.0
38335,9.0
38336,9.0
38337,9.0
38338,9.0
38339,9.0
38340,9.0
38341,9.0
38342,9.0
38343,9.0
38344,9.0
38345,9.0
38346,9.0
38347,9.0
38348,9.0
38349,9.0
38350,9.0
38351,9.0
38352,9.0
38353,9.0
38354,9.0
38355,9.0
38356,9.0
38357,9.0
38358,9.0
38359,9.0
38360,9.0
38361,9.0
38362,9.0
38363,9.0
38364,9.0
38365,9.0
38366,9.0
38367,9.0
38368,9.0
38369,9.0
38370,9.0
38371,9.0
38372,9.0
38373,9.0
38374,9.0
38375,9.0
38376,9.0
38377,9.0
38378,9.0
38379,9.0
38380,9.0
38381,9.0
38382,9.0
38383,9.0
38384,9.0
38385,9.0
38386,9.0
38387,9.0
38388,9.0
38389,9.0
38390,9.0
38391,9.0
38392,9.0
38393,9.0
38394,9.0
38395,9.0
38396,9.0
38397,9.0
38398,9.0
38399,9.0
38400,9.0
38401,9.0
38402,9.0
38403,9.0
38404,9.0
38405,9.0
38406,9.0
38407,9.0
38408,9.0
38409,9.0
38410,9.0
38411,9.0
38412,9.0
38413,9.0
38414,9.0
38415,9.0
38416,9.0
38417,9.0
38418,9.0
38419,9.0
38420,9.0
38421,9.0
38422,9.0
38423,9.0
38424,9.0
38425,9.0
38426,9.0
38427,9.0
38428,9.0
38429,9.0
38430,9.0
38431,9.0
38432,9.0
38433,9.0
38434,9.0
38435,9.0
38436,9.0
38437,9.0
38438,9.0
38439,9.0
38440,9.0
38441,9.0
38442,9.0
38443,9.0
38444,9.0
38445,9.0
38446,9.0
38447,9.0
38448,9.0
38449,9.0
38450,9.0
38451,9.0
38452,9.0
38453,9.0
38454,9.0
38455,9.0
38456,9.0
38457,9.0
38458,9.0
38459,9.0
38460,9.0
38461,9.0
38462,9.0
38463,9.0
38464,9.0
38465,9.0
38466,9.0
38467,9.0
38468,9.0
38469,9.0
38470,9.0
38471,9.0
38472,9.0
38473,9.0
38474,9.0
38475,9.0
38476,9.0
38477,9.0
38478,9.0
38479,9.0
38480,9.0
38481,9.0
38482,9.0
38483,9.0
38484,9.0
38485,9.0
38486,9.0
38487,9.0
38488,9.0
38489,9.0
38490,9.0
38491,9.0
38492,9.0
38493,9.0
38494,9.0
38495,9.0
38496,9.0
38497,9.0
38498,9.0
38499,9.0
38500,9.0
38501,9.0
38502,9.0
38503,9.0
38504,9.0
38505,9.0
38506,9.0
38507,9.0
38508,9.0
38509,9.0
38510,9.0
38511,9.0
38512,9.0
38513,9.0
38514,9.0
38515,9.0
38516,9.0
38517,9.0
38518,9.0
38519,9.0
38520,9.0
38521,9.0
38522,9.0
38523,9.0
38524,9.0
38525,9.0
38526,9.0
38527,9.0
38528,9.0
38529,9.0
38530,9.0
38531,9.0
38532,9.0
38533,9.0
38534,9.0
38535,9.0
38536,9.0
38537,9.0
38538,9.0
38539,9.0
38540,9.0
38541,9.0
38542,9.0
38543,9.0
38544,9.0
38545,9.0
38546,9.0
38547,9.0
38548,7.0
38549,7.0
38550,7.0
38551,7.0
38552,7.0
38553,7.0
38554,7.0
38555,7.0
38556,7.0
38557,7.0
38558,7.0
38559,7.0
38560,7.0
38561,7.0
38562,7.0
38563,7.0
38564,7.0
38565,7.0
38566,7.0
38567,7.0
38568,7.0
38569,7.0
38570,7.0
38571,7.0
38572,7.0
38573,7.0
38574,7.0
38575,7.0
38576,7.0
38577,7.0
38578,7.0
38579,7.0
38580,7.0
38581,7.0
38582,7.0
38583,7.0
38584,7.0
38585,7.0
38586,7.0
38587,7.0
38588,7.0
38589,7.0
38590,7.0
38591,7.0
38592,7.0
38593,7.0
38594,7.0
38595,7.0
38596,7.0
38597,7.0
38598,7.0
38599,7.0
38600,7.0
38601,7.0
38602,7.0
38603,7.0
38604,7.0
38605,7.0
38606,7.0
38607,7.0
38608,7.0
38609,7.0
38610,7.0
38611,7.0
38612,7.0
38613,7.0
38614,7.0
38615,7.0
38616,7.0
38617,7.0
38618,7.0
38619,7.0
38620,7.0
38621,8.0
38622,8.0
38623,8.0
38624,8.0
38625,8.0
38626,8.0
38627,8.0
38628,8.0
38629,8.0
38630,8.0
38631,8.0
38632,8.0
38633,8.0
38634,8.0
38635,8.0
38636,8.0
38637,8.0
38638,8.0
38639,8.0
38640,8.0
38641,8.0
38642,8.0
38643,8.0
38644,8.0
38645,8.0
38646,8.0
38647,8.0
38648,8.0
38649,8.0
38650,8.0
38651,8.0
38652,8.0
38653,8.0
38654,8.0
38655,8.0
38656,8.0
38657,8.0
38658,8.0
38659,8.0
38660,8.0
38661,8.0
38662,8.0
38663,8.0
38664,8.0
38665,8.0
38666,8.0
38667,8.0
38668,8.0
38669,8.0
38670,8.0
38671,8.0
38672,8.0
38673,8.0
38674,8.0
38675,8.0
38676,8.0
38677,8.0
38678,8.0
38679,8.0
38680,8.0
38681,8.0
38682,8.0
38683,8.0
38684,8.0
38685,8.0
38686,8.0
38687,8.0
38688,8.0
38689,8.0
38690,8.0
38691,8.0
38692,8.0
38693,8.0
38694,8.0
38695,8.0
38696,8.0
38697,8.0
38698,8.0
38699,8.0
38700,8.0
38701,8.0
38702,8.0
38703,8.0
38704,8.0
38705,8.0
38706,8.0
38707,8.0
38708,8.0
38709,8.0
38710,8.0
38711,8.0
38712,8.0
38713,8.0
38714,8.0
38715,8.0
38716,8.0
38717,8.0
38718,8.0
38719,8.0
38720,8.0
38721,8.0
38722,8.0
38723,8.0
38724,8.0
38725,8.0
38726,8.0
38727,8.0
38728,8.0
38729,8.0
38730,8.0
38731,8.0
38732,8.0
38733,8.0
38734,8.0
38735,8.0
38736,8.0
38737,8.0
38738,8.0
38739,8.0
38740,8.0
38741,8.0
38742,8.0
38743,8.0
38744,8.0
38745,8.0
38746,8.0
38747,8.0
38748,8.0
38749,8.0
38750,8.0
38751,8.0
38752,8.0
38753,8.0
38754,8.0
38755,8.0
38756,8.0
38757,8.0
38758,8.0
38759,8.0
38760,8.0
38761,8.0
38762,8.0
38763,8.0
38764,8.0
38765,8.0
38766,8.0
38767,8.0
38768,8.0
38769,8.0
38770,8.0
38771,8.0
38772,8.0
38773,8.0
38774,8.0
38775,8.0
38776,8.0
38777,8.0
38778,8.0
38779,8.0
38780,8.0
38781,8.0
38782,8.0
38783,8.0
38784,8.0
38785,8.0
38786,8.0
38787,8.0
38788,8.0
38789,8.0
38790,8.0
38791,8.0
38792,8.0
38793,8.0
38794,8.0
38795,8.0
38796,8.0
38797,8.0
38798,8.0
38799,8.0
38800,8.0
38801,8.0
38802,8.0
38803,8.0
38804,8.0
38805,8.0
38806,8.0
38807,8.0
38808,8.0
38809,8.0
38810,8.0
38811,8.0
38812,8.0
38813,8.0
38814,8.0
38815,8.0
38816,8.0
38817,8.0
38818,8.0
38819,8.0
38820,8.0
38821,8.0
38822,8.0
38823,8.0
38824,8.0
38825,8.0
38826,8.0
38827,8.0
38828,8.0
38829,8.0
38830,8.0
38831,8.0
38832,8.0
38833,8.0
38834,8.0
38835,8.0
38836,8.0
38837,8.0
38838,8.0
38839,8.0
38840,8.0
38841,8.0
38842,8.0
38843,8.0
38844,8.0
38845,8.0
38846,8.0
38847,8.0
38848,8.0
38849,8.0
38850,8.0
38851,8.0
38852,8.0
38853,8.0
38854,8.0
38855,8.0
38856,8.0
38857,8.0
38858,8.0
38859,8.0
38860,8.0
38861,8.0
38862,8.0
38863,8.0
38864,8.0
38865,8.0
38866,8.0
38867,8.0
38868,8.0
38869,8.0
38870,8.0
38871,8.0
38872,8.0
38873,8.0
38874,8.0
38875,8.0
38876,8.0
38877,8.0
38878,8.0
38879,8.0
38880,8.0
38881,8.0
38882,8.0
38883,8.0
38884,8.0
38885,8.0
38886,8.0
38887,8.0
38888,8.0
38889,8.0
38890,8.0
38891,8.0
38892,8.0
38893,8.0
38894,8.0
38895,8.0
38896,8.0
38897,8.0
38898,8.0
38899,8.0
38900,8.0
38901,8.0
38902,8.0
38903,8.0
38904,8.0
38905,8.0
38906,8.0
38907,8.0
38908,8.0
38909,8.0
38910,8.0
38911,8.0
38912,8.0
38913,8.0
38914,8.0
38915,8.0
38916,8.0
38917,8.0
38918,8.0
38919,8.0
38920,8.0
38921,8.0
38922,8.0
38923,8.0
38924,8.0
38925,8.0
38926,8.0
38927,8.0
38928,8.0
38929,8.0
38930,8.0
38931,8.0
38932,8.0
38933,8.0
38934,8.0
38935,8.0
38936,8.0
38937,8.0
38938,8.0
38939,8.0
38940,8.0
38941,8.0
38942,8.0
38943,8.0
38944,8.0
38945,8.0
38946,8.0
38947,8.0
38948,8.0
38949,8.0
38950,8.0
38951,8.0
38952,8.0
38953,8.0
38954,8.0
38955,8.0
38956,8.0
38957,8.0
38958,8.0
38959,8.0
38960,8.0
38961,8.0
38962,8.0
38963,8.0
38964,8.0
38965,8.0
38966,8.0
38967,8.0
38968,8.0
38969,8.0
38970,8.0
38971,8.0
38972,8.0
38973,8.0
38974,8.0
38975,8.0
38976,8.0
38977,8.0
38978,8.0
38979,8.0
38980,8.0
38981,8.0
38982,8.0
38983,8.0
38984,8.0
38985,8.0
38986,8.0
38987,8.0
38988,8.0
38989,8.0
38990,8.0
38991,8.0
38992,8.0
38993,8.0
38994,8.0
38995,8.0
38996,8.0
38997,8.0
38998,8.0
38999,8.0
39000,8.0
39001,8.0
39002,8.0
39003,8.0
39004,8.0
39005,8.0
39006,8.0
39007,8.0
39008,8.0
39009,8.0
39010,8.0
39011,8.0
39012,8.0
39013,8.0
39014,8.0
39015,8.0
39016,8.0
39017,8.0
39018,8.0
39019,8.0
39020,8.0
39021,8.0
39022,8.0
39023,8.0
39024,8.0
39025,8.0
39026,8.0
39027,8.0
39028,8.0
39029,8.0
39030,8.0
39031,8.0
39032,8.0
39033,8.0
39034,8.0
39035,8.0
39036,8.0
39037,8.0
39038,8.0
39039,8.0
39040,8.0
39041,8.0
39042,8.0
39043,8.0
39044,8.0
39045,8.0
39046,8.0
39047,8.0
39048,8.0
39049,8.0
39050,8.0
39051,8.0
39052,8.0
39053,8.0
39054,8.0
39055,8.0
39056,8.0
39057,8.0
39058,8.0
39059,8.0
39060,8.0
39061,8.0
39062,8.0
39063,8.0
39064,8.0
39065,8.0
39066,8.0
39067,8.0
39068,8.0
39069,8.0
39070,8.0
39071,8.0
39072,8.0
39073,8.0
39074,8.0
39075,8.0
39076,8.0
39077,8.0
39078,8.0
39079,8.0
39080,8.0
39081,8.0
39082,8.0
39083,8.0
39084,8.0
39085,8.0
39086,8.0
39087,8.0
39088,8.0
39089,8.0
39090,8.0
39091,8.0
39092,8.0
39093,8.0
39094,8.0
39095,8.0
39096,8.0
39097,8.0
39098,8.0
39099,8.0
39100,8.0
39101,8.0
39102,8.0
39103,8.0
39104,8.0
39105,8.0
39106,8.0
39107,8.0
39108,8.0
39109,8.0
39110,8.0
39111,8.0
39112,8.0
39113,8.0
39114,8.0
39115,8.0
39116,8.0
39117,8.0
39118,8.0
39119,8.0
39120,8.0
39121,8.0
39122,8.0
39123,8.0
39124,8.0
39125,8.0
39126,8.0
39127,8.0
39128,8.0
39129,8.0
39130,8.0
39131,8.0
39132,8.0
39133,8.0
39134,8.0
39135,8.0
39136,8.0
39137,8.0
39138,8.0
39139,8.0
39140,8.0
39141,8.0
39142,8.0
39143,8.0
39144,8.0
39145,8.0
39146,8.0
39147,8.0
39148,8.0
39149,8.0
39150,8.0
39151,8.0
39152,8.0
39153,8.0
39154,8.0
39155,8.0
39156,8.0
39157,8.0
39158,8.0
39159,8.0
39160,8.0
39161,8.0
39162,8.0
39163,8.0
39164,8.0
39165,8.0
39166,8.0
39167,8.0
39168,8.0
39169,8.0
39170,8.0
39171,8.0
39172,8.0
39173,8.0
39174,8.0
39175,8.0
39176,8.0
39177,8.0
39178,8.0
39179,8.0
39180,8.0
39181,8.0
39182,8.0
39183,8.0
39184,8.0
39185,8.0
39186,8.0
39187,8.0
39188,8.0
39189,8.0
39190,8.0
39191,8.0
39192,8.0
39193,8.0
39194,8.0
39195,8.0
39196,8.0
39197,8.0
39198,8.0
39199,8.0
39200,8.0
39201,8.0
39202,8.0
39203,8.0
39204,8.0
39205,8.0
39206,8.0
39207,8.0
39208,8.0
39209,8.0
39210,8.0
39211,8.0
39212,8.0
39213,8.0
39214,8.0
39215,8.0
39216,8.0
39217,8.0
39218,8.0
39219,8.0
39220,8.0
39221,8.0
39222,8.0
39223,8.0
39224,8.0
39225,8.0
39226,8.0
39227,8.0
39228,8.0
39229,8.0
39230,8.0
39231,8.0
39232,8.0
39233,8.0
39234,8.0
39235,8.0
39236,8.0
39237,8.0
39238,8.0
39239,8.0
39240,8.0
39241,8.0
39242,8.0
39243,8.0
39244,8.0
39245,8.0
39246,8.0
39247,8.0
39248,8.0
39249,8.0
39250,8.0
39251,8.0
39252,8.0
39253,8.0
39254,8.0
39255,8.0
39256,8.0
39257,8.0
39258,8.0
39259,8.0
39260,8.0
39261,8.0
39262,8.0
39263,8.0
39264,8.0
39265,8.0
39266,8.0
39267,8.0
39268,8.0
39269,8.0
39270,8.0
39271,8.0
39272,8.0
39273,8.0
39274,8.0
39275,8.0
39276,8.0
39277,8.0
39278,8.0
39279,8.0
39280,8.0
39281,8.0
39282,8.0
39283,8.0
39284,8.0
39285,8.0
39286,8.0
39287,8.0
39288,8.0
39289,8.0
39290,8.0
39291,8.0
39292,8.0
39293,8.0
39294,8.0
39295,8.0
39296,8.0
39297,8.0
39298,8.0
39299,8.0
39300,7.0
39301,7.0
39302,7.0
39303,7.0
39304,7.0
39305,7.0
39306,7.0
39307,7.0
39308,7.0
39309,7.0
39310,7.0
39311,7.0
39312,7.0
39313,7.0
39314,7.0
39315,7.0
39316,7.0
39317,7.0
39318,7.0
39319,7.0
39320,7.0
39321,7.0
39322,7.0
39323,7.0
39324,7.0
39325,7.0
39326,7.0
39327,7.0
39328,7.0
39329,7.0
39330,7.0
39331,7.0
39332,7.0
39333,7.0
39334,7.0
39335,7.0
39336,7.0
39337,7.0
39338,7.0
39339,7.0
39340,7.0
39341,7.0
39342,7.0
39343,7.0
39344,7.0
39345,7.0
39346,7.0
39347,7.0
39348,7.0
39349,7.0
39350,7.0
39351,7.0
39352,7.0
39353,7.0
39354,7.0
39355,7.0
39356,7.0
39357,7.0
39358,7.0
39359,7.0
39360,7.0
39361,7.0
39362,7.0
39363,7.0
39364,7.0
39365,7.0
39366,7.0
39367,7.0
39368,7.0
39369,7.0
39370,7.0
39371,7.0
39372,7.0
39373,7.0
39374,7.0
39375,7.0
39376,7.0
39377,7.0
39378,7.0
39379,7.0
39380,7.0
39381,7.0
39382,7.0
39383,7.0
39384,7.0
39385,7.0
39386,7.0
39387,7.0
39388,7.0
39389,7.0
39390,7.0
39391,7.0
39392,7.0
39393,7.0
39394,7.0
39395,7.0
39396,7.0
39397,7.0
39398,7.0
39399,7.0
39400,7.0
39401,7.0
39402,7.0
39403,7.0
39404,7.0
39405,7.0
39406,7.0
39407,7.0
39408,7.0
39409,7.0
39410,7.0
39411,7.0
39412,7.0
39413,7.0
39414,7.0
39415,7.0
39416,7.0
39417,7.0
39418,7.0
39419,7.0
39420,7.0
39421,7.0
39422,7.0
39423,7.0
39424,7.0
39425,7.0
39426,7.0
39427,7.0
39428,7.0
39429,7.0
39430,7.0
39431,7.0
39432,7.0
39433,7.0
39434,7.0
39435,7.0
39436,7.0
39437,7.0
39438,7.0
39439,7.0
39440,7.0
39441,7.0
39442,7.0
39443,7.0
39444,7.0
39445,7.0
39446,7.0
39447,7.0
39448,7.0
39449,7.0
39450,7.0
39451,7.0
39452,7.0
39453,7.0
39454,7.0
39455,7.0
39456,7.0
39457,7.0
39458,7.0
39459,7.0
39460,7.0
39461,7.0
39462,7.0
39463,7.0
39464,7.0
39465,7.0
39466,7.0
39467,7.0
39468,7.0
39469,7.0
39470,7.0
39471,7.0
39472,7.0
39473,7.0
39474,7.0
39475,7.0
39476,7.0
39477,7.0
39478,7.0
39479,7.0
39480,7.0
39481,7.0
39482,7.0
39483,7.0
39484,7.0
39485,7.0
39486,7.0
39487,7.0
39488,7.0
39489,7.0
39490,7.0
39491,7.0
39492,7.0
39493,7.0
39494,7.0
39495,7.0
39496,7.0
39497,7.0
39498,7.0
39499,7.0
39500,7.0
39501,7.0
39502,7.0
39503,7.0
39504,7.0
39505,7.0
39506,7.0
39507,7.0
39508,7.0
39509,7.0
39510,7.0
39511,7.0
39512,7.0
39513,7.0
39514,7.0
39515,7.0
39516,7.0
39517,7.0
39518,7.0
39519,7.0
39520,7.0
39521,7.0
39522,7.0
39523,7.0
39524,7.0
39525,7.0
39526,7.0
39527,7.0
39528,7.0
39529,7.0
39530,7.0
39531,7.0
39532,7.0
39533,7.0
39534,7.0
39535,7.0
39536,7.0
39537,7.0
39538,7.0
39539,7.0
39540,7.0
39541,7.0
39542,7.0
39543,7.0
39544,7.0
39545,7.0
39546,7.0
39547,7.0
39548,7.0
39549,7.0
39550,7.0
39551,7.0
39552,7.0
39553,7.0
39554,7.0
39555,7.0
39556,7.0
39557,7.0
39558,7.0
39559,7.0
39560,7.0
39561,7.0
39562,7.0
39563,7.0
39564,7.0
39565,7.0
39566,7.0
39567,7.0
39568,7.0
39569,7.0
39570,7.0
39571,7.0
39572,7.0
39573,7.0
39574,7.0
39575,7.0
39576,7.0
39577,7.0
39578,7.0
39579,7.0
39580,7.0
39581,7.0
39582,7.0
39583,7.0
39584,7.0
39585,7.0
39586,7.0
39587,7.0
39588,7.0
39589,7.0
39590,7.0
39591,7.0
39592,7.0
39593,7.0
39594,7.0
39595,7.0
39596,7.0
39597,7.0
39598,7.0
39599,7.0
39600,7.0
39601,7.0
39602,7.0
39603,7.0
39604,7.0
39605,7.0
39606,7.0
39607,7.0
39608,7.0
39609,7.0
39610,7.0
39611,7.0
39612,7.0
39613,7.0
39614,7.0
39615,7.0
39616,7.0
39617,7.0
39618,7.0
39619,7.0
39620,7.0
39621,7.0
39622,7.0
39623,7.0
39624,7.0
39625,7.0
39626,7.0
39627,7.0
39628,7.0
39629,7.0
39630,7.0
39631,7.0
39632,7.0
39633,7.0
39634,7.0
39635,7.0
39636,7.0
39637,7.0
39638,7.0
39639,7.0
39640,7.0
39641,7.0
39642,7.0
39643,7.0
39644,7.0
39645,7.0
39646,7.0
39647,7.0
39648,7.0
39649,7.0
39650,7.0
39651,7.0
39652,7.0
39653,7.0
39654,7.0
39655,7.0
39656,7.0
39657,7.0
39658,7.0
39659,7.0
39660,7.0
39661,7.0
39662,7.0
39663,7.0
39664,7.0
39665,7.0
39666,7.0
39667,7.0
39668,7.0
39669,7.0
39670,7.0
39671,7.0
39672,7.0
39673,7.0
39674,7.0
39675,7.0
39676,7.0
39677,7.0
39678,7.0
39679,7.0
39680,7.0
39681,7.0
39682,7.0
39683,7.0
39684,7.0
39685,7.0
39686,7.0
39687,7.0
39688,7.0
39689,7.0
39690,7.0
39691,7.0
39692,7.0
39693,7.0
39694,7.0
39695,7.0
39696,7.0
39697,7.0
39698,7.0
39699,7.0
39700,7.0
39701,7.0
39702,7.0
39703,7.0
39704,7.0
39705,7.0
39706,7.0
39707,7.0
39708,7.0
39709,7.0
39710,7.0
39711,7.0
39712,7.0
39713,7.0
39714,7.0
39715,7.0
39716,7.0
39717,7.0
39718,7.0
39719,7.0
39720,7.0
39721,7.0
39722,7.0
39723,7.0
39724,7.0
39725,7.0
39726,7.0
39727,7.0
39728,7.0
39729,7.0
39730,7.0
39731,7.0
39732,7.0
39733,7.0
39734,7.0
39735,7.0
39736,7.0
39737,7.0
39738,7.0
39739,7.0
39740,7.0
39741,7.0
39742,7.0
39743,7.0
39744,7.0
39745,7.0
39746,7.0
39747,7.0
39748,7.0
39749,7.0
39750,7.0
39751,7.0
39752,7.0
39753,7.0
39754,7.0
39755,7.0
39756,7.0
39757,7.0
39758,7.0
39759,7.0
39760,7.0
39761,7.0
39762,7.0
39763,7.0
39764,8.0
39765,8.0
39766,8.0
39767,8.0
39768,8.0
39769,8.0
39770,8.0
39771,8.0
39772,8.0
39773,8.0
39774,8.0
39775,8.0
39776,8.0
39777,8.0
39778,8.0
39779,8.0
39780,8.0
39781,8.0
39782,8.0
39783,8.0
39784,8.0
39785,8.0
39786,8.0
39787,7.0
39788,7.0
39789,7.0
39790,7.0
39791,7.0
39792,7.0
39793,7.0
39794,7.0
39795,7.0
39796,7.0
39797,7.0
39798,7.0
39799,7.0
39800,7.0
39801,7.0
39802,7.0
39803,7.0
39804,7.0
39805,7.0
39806,7.0
39807,7.0
39808,7.0
39809,7.0
39810,7.0
39811,7.0
39812,7.0
39813,7.0
39814,7.0
39815,7.0
39816,7.0
39817,7.0
39818,7.0
39819,7.0
39820,7.0
39821,7.0
39822,7.0
39823,7.0
39824,7.0
39825,7.0
39826,7.0
39827,7.0
39828,7.0
39829,7.0
39830,7.0
39831,7.0
39832,7.0
39833,7.0
39834,7.0
39835,7.0
39836,7.0
39837,7.0
39838,7.0
39839,7.0
39840,7.0
39841,7.0
39842,7.0
39843,7.0
39844,7.0
39845,7.0
39846,7.0
39847,7.0
39848,7.0
39849,7.0
39850,7.0
39851,7.0
39852,7.0
39853,7.0
39854,7.0
39855,7.0
39856,7.0
39857,7.0
39858,7.0
39859,7.0
39860,7.0
39861,7.0
39862,7.0
39863,7.0
39864,7.0
39865,7.0
39866,7.0
39867,7.0
39868,7.0
39869,7.0
39870,7.0
39871,7.0
39872,7.0
39873,7.0
39874,7.0
39875,7.0
39876,7.0
39877,7.0
39878,7.0
39879,7.0
39880,7.0
39881,7.0
39882,7.0
39883,7.0
39884,7.0
39885,7.0
39886,7.0
39887,7.0
39888,7.0
39889,7.0
39890,7.0
39891,7.0
39892,7.0
39893,7.0
39894,7.0
39895,7.0
39896,7.0
39897,7.0
39898,7.0
39899,7.0
39900,7.0
39901,7.0
39902,7.0
39903,7.0
39904,7.0
39905,7.0
39906,7.0
39907,7.0
39908,7.0
39909,7.0
39910,7.0
39911,7.0
39912,7.0
39913,7.0
39914,7.0
39915,7.0
39916,7.0
39917,7.0
39918,7.0
39919,7.0
39920,7.0
39921,7.0
39922,7.0
39923,7.0
39924,7.0
39925,7.0
39926,7.0
39927,7.0
39928,7.0
39929,7.0
39930,7.0
39931,7.0
39932,7.0
39933,7.0
39934,7.0
39935,7.0
39936,7.0
39937,7.0
39938,7.0
39939,7.0
39940,7.0
39941,7.0
39942,7.0
39943,7.0
39944,7.0
39945,7.0
39946,7.0
39947,7.0
39948,7.0
39949,7.0
39950,7.0
39951,7.0
39952,7.0
39953,7.0
39954,7.0
39955,7.0
39956,7.0
39957,7.0
39958,7.0
39959,7.0
39960,7.0
39961,7.0
39962,7.0
39963,7.0
39964,7.0
39965,7.0
39966,7.0
39967,7.0
39968,7.0
39969,7.0
39970,7.0
39971,7.0
39972,7.0
39973,7.0
39974,7.0
39975,7.0
39976,7.0
39977,7.0
39978,7.0
39979,7.0
39980,7.0
39981,7.0
39982,7.0
39983,7.0
39984,7.0
39985,7.0
39986,7.0
39987,7.0
39988,7.0
39989,7.0
39990,7.0
39991,7.0
39992,7.0
39993,7.0
39994,7.0
39995,7.0
39996,7.0
39997,7.0
39998,7.0
39999,7.0
40000,7.0
40001,7.0
40002,7.0
40003,7.0
40004,7.0
40005,7.0
40006,7.0
40007,7.0
40008,7.0
40009,7.0
40010,7.0
40011,7.0
40012,7.0
40013,7.0
40014,7.0
40015,7.0
40016,7.0
40017,7.0
40018,7.0
40019,7.0
40020,7.0
40021,7.0
40022,7.0
40023,7.0
40024,7.0
40025,7.0
40026,7.0
40027,7.0
40028,7.0
40029,7.0
40030,7.0
40031,7.0
40032,7.0
40033,7.0
40034,7.0
40035,7.0
40036,7.0
40037,7.0
40038,7.0
40039,7.0
40040,7.0
40041,7.0
40042,7.0
40043,7.0
40044,7.0
40045,7.0
40046,7.0
40047,7.0
40048,7.0
40049,7.0
40050,7.0
40051,7.0
40052,7.0
40053,7.0
40054,7.0
40055,7.0
40056,7.0
40057,7.0
40058,7.0
40059,7.0
40060,7.0
40061,7.0
40062,7.0
40063,7.0
40064,7.0
40065,7.0
40066,7.0
40067,7.0
40068,7.0
40069,7.0
40070,7.0
40071,7.0
40072,7.0
40073,7.0
40074,7.0
40075,7.0
40076,7.0
40077,7.0
40078,7.0
40079,7.0
40080,7.0
40081,7.0
40082,7.0
40083,7.0
40084,7.0
40085,7.0
40086,7.0
40087,7.0
40088,7.0
40089,7.0
40090,7.0
40091,7.0
40092,7.0
40093,7.0
40094,7.0
40095,7.0
40096,7.0
40097,7.0
40098,7.0
40099,7.0
40100,7.0
40101,7.0
40102,7.0
40103,7.0
40104,7.0
40105,7.0
40106,7.0
40107,7.0
40108,7.0
40109,7.0
40110,7.0
40111,7.0
40112,7.0
40113,7.0
40114,7.0
40115,7.0
40116,7.0
40117,7.0
40118,7.0
40119,7.0
40120,7.0
40121,7.0
40122,7.0
40123,7.0
40124,7.0
40125,7.0
40126,7.0
40127,7.0
40128,7.0
40129,7.0
40130,7.0
40131,7.0
40132,7.0
40133,7.0
40134,7.0
40135,7.0
40136,7.0
40137,7.0
40138,7.0
40139,7.0
40140,7.0
40141,7.0
40142,7.0
40143,7.0
40144,7.0
40145,7.0
40146,7.0
40147,7.0
40148,7.0
40149,7.0
40150,7.0
40151,7.0
40152,7.0
40153,7.0
40154,7.0
40155,7.0
40156,7.0
40157,7.0
40158,7.0
40159,7.0
40160,7.0
40161,7.0
40162,7.0
40163,7.0
40164,7.0
40165,7.0
40166,7.0
40167,7.0
40168,7.0
40169,7.0
40170,7.0
40171,7.0
40172,7.0
40173,7.0
40174,7.0
40175,7.0
40176,7.0
40177,7.0
40178,7.0
40179,7.0
40180,7.0
40181,7.0
40182,7.0
40183,7.0
40184,7.0
40185,7.0
40186,7.0
40187,7.0
40188,7.0
40189,7.0
40190,7.0
40191,7.0
40192,7.0
40193,7.0
40194,7.0
40195,7.0
40196,7.0
40197,7.0
40198,7.0
40199,7.0
40200,7.0
40201,7.0
40202,7.0
40203,7.0
40204,7.0
40205,7.0
40206,7.0
40207,7.0
40208,7.0
40209,7.0
40210,7.0
40211,7.0
40212,7.0
40213,7.0
40214,7.0
40215,7.0
40216,7.0
40217,7.0
40218,7.0
40219,7.0
40220,7.0
40221,7.0
40222,7.0
40223,7.0
40224,7.0
40225,7.0
40226,7.0
40227,7.0
40228,7.0
40229,7.0
40230,7.0
40231,7.0
40232,7.0
40233,7.0
40234,7.0
40235,7.0
40236,7.0
40237,7.0
40238,7.0
40239,7.0
40240,7.0
40241,7.0
40242,7.0
40243,7.0
40244,7.0
40245,7.0
40246,7.0
40247,7.0
40248,7.0
40249,7.0
40250,7.0
40251,7.0
40252,7.0
40253,7.0
40254,7.0
40255,7.0
40256,7.0
40257,7.0
40258,7.0
40259,7.0
40260,7.0
40261,7.0
40262,7.0
40263,7.0
40264,7.0
40265,7.0
40266,7.0
40267,7.0
40268,7.0
40269,7.0
40270,7.0
40271,7.0
40272,7.0
40273,7.0
40274,7.0
40275,7.0
40276,7.0
40277,7.0
40278,7.0
40279,7.0
40280,7.0
40281,7.0
40282,7.0
40283,7.0
40284,7.0
40285,7.0
40286,7.0
40287,7.0
40288,7.0
40289,7.0
40290,7.0
40291,7.0
40292,7.0
40293,7.0
40294,7.0
40295,7.0
40296,7.0
40297,7.0
40298,7.0
40299,7.0
40300,7.0
40301,7.0
40302,7.0
40303,7.0
40304,7.0
40305,7.0
40306,7.0
40307,7.0
40308,7.0
40309,7.0
40310,7.0
40311,7.0
40312,7.0
40313,7.0
40314,7.0
40315,7.0
40316,7.0
40317,7.0
40318,7.0
40319,7.0
40320,7.0
40321,7.0
40322,7.0
40323,7.0
40324,7.0
40325,7.0
40326,7.0
40327,7.0
40328,7.0
40329,7.0
40330,7.0
40331,7.0
40332,7.0
40333,7.0
40334,7.0
40335,7.0
40336,7.0
40337,7.0
40338,7.0
40339,7.0
40340,7.0
40341,7.0
40342,7.0
40343,7.0
40344,7.0
40345,7.0
40346,7.0
40347,7.0
40348,7.0
40349,7.0
40350,7.0
40351,7.0
40352,7.0
40353,7.0
40354,7.0
40355,7.0
40356,7.0
40357,7.0
40358,7.0
40359,7.0
40360,7.0
40361,7.0
40362,7.0
40363,7.0
40364,7.0
40365,7.0
40366,7.0
40367,7.0
40368,7.0
40369,7.0
40370,7.0
40371,7.0
40372,7.0
40373,7.0
40374,7.0
40375,7.0
40376,7.0
40377,7.0
40378,7.0
40379,7.0
40380,7.0
40381,7.0
40382,7.0
40383,7.0
40384,7.0
40385,7.0
40386,7.0
40387,7.0
40388,7.0
40389,7.0
40390,7.0
40391,7.0
40392,7.0
40393,7.0
40394,7.0
40395,7.0
40396,7.0
40397,7.0
40398,7.0
40399,7.0
40400,7.0
40401,7.0
40402,7.0
40403,7.0
40404,7.0
40405,7.0
40406,7.0
40407,7.0
40408,7.0
40409,7.0
40410,7.0
40411,7.0
40412,7.0
40413,7.0
40414,7.0
40415,7.0
40416,7.0
40417,7.0
40418,7.0
40419,7.0
40420,7.0
40421,7.0
40422,7.0
40423,7.0
40424,7.0
40425,7.0
40426,7.0
40427,7.0
40428,7.0
40429,7.0
40430,7.0
40431,7.0
40432,7.0
40433,7.0
40434,7.0
40435,7.0
40436,7.0
40437,7.0
40438,7.0
40439,7.0
40440,7.0
40441,7.0
40442,7.0
40443,7.0
40444,7.0
40445,7.0
40446,7.0
40447,7.0
40448,7.0
40449,7.0
40450,7.0
40451,7.0
40452,7.0
40453,7.0
40454,7.0
40455,7.0
40456,7.0
40457,7.0
40458,7.0
40459,7.0
40460,7.0
40461,7.0
40462,7.0
40463,7.0
40464,7.0
40465,7.0
40466,7.0
40467,7.0
40468,7.0
40469,7.0
40470,7.0
40471,7.0
40472,7.0
40473,7.0
40474,7.0
40475,7.0
40476,7.0
40477,7.0
40478,7.0
40479,7.0
40480,7.0
40481,7.0
40482,7.0
40483,7.0
40484,7.0
40485,7.0
40486,7.0
40487,7.0
40488,7.0
40489,7.0
40490,7.0
40491,7.0
40492,7.0
40493,7.0
40494,7.0
40495,7.0
40496,7.0
40497,7.0
40498,7.0
40499,7.0
40500,7.0
40501,7.0
40502,7.0
40503,7.0
40504,7.0
40505,7.0
40506,7.0
40507,7.0
40508,7.0
40509,7.0
40510,7.0
40511,7.0
40512,7.0
40513,7.0
40514,7.0
40515,7.0
40516,7.0
40517,7.0
40518,7.0
40519,7.0
40520,7.0
40521,7.0
40522,7.0
40523,7.0
40524,7.0
40525,7.0
40526,7.0
40527,7.0
40528,7.0
40529,7.0
40530,7.0
40531,7.0
40532,7.0
40533,7.0
40534,7.0
40535,7.0
40536,7.0
40537,7.0
40538,7.0
40539,7.0
40540,7.0
40541,7.0
40542,7.0
40543,7.0
40544,7.0
40545,7.0
40546,7.0
40547,7.0
40548,7.0
40549,7.0
40550,7.0
40551,7.0
40552,7.0
40553,7.0
40554,7.0
40555,7.0
40556,7.0
40557,7.0
40558,7.0
40559,7.0
40560,7.0
40561,7.0
40562,7.0
40563,7.0
40564,7.0
40565,7.0
40566,7.0
40567,7.0
40568,7.0
40569,7.0
40570,7.0
40571,7.0
40572,7.0
40573,7.0
40574,7.0
40575,7.0
40576,7.0
40577,7.0
40578,7.0
40579,7.0
40580,7.0
40581,7.0
40582,7.0
40583,7.0
40584,7.0
40585,7.0
40586,7.0
40587,7.0
40588,7.0
40589,7.0
40590,7.0
40591,7.0
40592,7.0
40593,7.0
40594,7.0
40595,7.0
40596,7.0
40597,7.0
40598,7.0
40599,7.0
40600,7.0
40601,7.0
40602,7.0
40603,7.0
40604,7.0
40605,7.0
40606,7.0
40607,7.0
40608,7.0
40609,7.0
40610,7.0
40611,7.0
40612,7.0
40613,7.0
40614,7.0
40615,7.0
40616,7.0
40617,7.0
40618,7.0
40619,7.0
40620,7.0
40621,7.0
40622,7.0
40623,7.0
40624,7.0
40625,7.0
40626,7.0
40627,7.0
40628,7.0
40629,7.0
40630,7.0
40631,7.0
40632,7.0
40633,7.0
40634,7.0
40635,7.0
40636,7.0
40637,7.0
40638,7.0
40639,7.0
40640,7.0
40641,7.0
40642,7.0
40643,7.0
40644,7.0
40645,7.0
40646,7.0
40647,7.0
40648,7.0
40649,7.0
40650,7.0
40651,7.0
40652,7.0
40653,7.0
40654,7.0
40655,7.0
40656,7.0
40657,7.0
40658,7.0
40659,7.0
40660,7.0
40661,7.0
40662,7.0
40663,7.0
40664,7.0
40665,7.0
40666,7.0
40667,7.0
40668,7.0
40669,7.0
40670,7.0
40671,7.0
40672,7.0
40673,7.0
40674,7.0
40675,7.0
40676,7.0
40677,7.0
40678,7.0
40679,7.0
40680,7.0
40681,7.0
40682,7.0
40683,7.0
40684,7.0
40685,7.0
40686,7.0
40687,7.0
40688,7.0
40689,7.0
40690,7.0
40691,7.0
40692,7.0
40693,7.0
40694,7.0
40695,7.0
40696,7.0
40697,7.0
40698,7.0
40699,7.0
40700,7.0
40701,7.0
40702,7.0
40703,7.0
40704,7.0
40705,7.0
40706,7.0
40707,7.0
40708,7.0
40709,7.0
40710,7.0
40711,7.0
40712,7.0
40713,7.0
40714,7.0
40715,7.0
40716,7.0
40717,7.0
40718,7.0
40719,7.0
40720,7.0
40721,7.0
40722,7.0
40723,7.0
40724,7.0
40725,7.0
40726,7.0
40727,7.0
40728,7.0
40729,7.0
40730,7.0
40731,7.0
40732,7.0
40733,7.0
40734,7.0
40735,7.0
40736,7.0
40737,7.0
40738,7.0
40739,7.0
40740,7.0
40741,7.0
40742,7.0
40743,7.0
40744,7.0
40745,7.0
40746,7.0
40747,7.0
40748,7.0
40749,7.0
40750,7.0
40751,7.0
40752,7.0
40753,7.0
40754,7.0
40755,7.0
40756,7.0
40757,7.0
40758,7.0
40759,7.0
40760,7.0
40761,7.0
40762,7.0
40763,7.0
40764,7.0
40765,7.0
40766,7.0
40767,7.0
40768,7.0
40769,7.0
40770,7.0
40771,7.0
40772,7.0
40773,7.0
40774,7.0
40775,7.0
40776,7.0
40777,7.0
40778,7.0
40779,7.0
40780,7.0
40781,7.0
40782,7.0
40783,7.0
40784,7.0
40785,7.0
40786,7.0
40787,7.0
40788,7.0
40789,7.0
40790,7.0
40791,7.0
40792,7.0
40793,7.0
40794,7.0
40795,7.0
40796,7.0
40797,7.0
40798,7.0
40799,7.0
40800,7.0
40801,7.0
40802,7.0
40803,7.0
40804,7.0
40805,7.0
40806,7.0
40807,7.0
40808,7.0
40809,7.0
40810,7.0
40811,7.0
40812,7.0
40813,7.0
40814,7.0
40815,7.0
40816,7.0
40817,7.0
40818,7.0
40819,7.0
40820,7.0
40821,7.0
40822,7.0
40823,7.0
40824,7.0
40825,7.0
40826,7.0
40827,7.0
40828,7.0
40829,7.0
40830,7.0
40831,7.0
40832,7.0
40833,7.0
40834,7.0
40835,7.0
40836,7.0
40837,7.0
40838,7.0
40839,7.0
40840,7.0
40841,7.0
40842,7.0
40843,7.0
40844,7.0
40845,7.0
40846,7.0
40847,7.0
40848,7.0
40849,7.0
40850,7.0
40851,7.0
40852,7.0
40853,7.0
40854,7.0
40855,7.0
40856,7.0
40857,7.0
40858,7.0
40859,7.0
40860,7.0
40861,7.0
40862,7.0
40863,7.0
40864,7.0
40865,7.0
40866,7.0
40867,7.0
40868,7.0
40869,7.0
40870,7.0
40871,7.0
40872,7.0
40873,7.0
40874,7.0
40875,7.0
40876,7.0
40877,7.0
40878,7.0
40879,7.0
40880,7.0
40881,7.0
40882,7.0
40883,7.0
40884,7.0
40885,7.0
40886,7.0
40887,7.0
40888,7.0
40889,7.0
40890,7.0
40891,7.0
40892,7.0
40893,7.0
40894,7.0
40895,7.0
40896,7.0
40897,7.0
40898,7.0
40899,7.0
40900,7.0
40901,7.0
40902,7.0
40903,7.0
40904,7.0
40905,7.0
40906,7.0
40907,7.0
40908,7.0
40909,7.0
40910,7.0
40911,7.0
40912,7.0
40913,7.0
40914,7.0
40915,7.0
40916,7.0
40917,7.0
40918,7.0
40919,7.0
40920,7.0
40921,7.0
40922,7.0
40923,7.0
40924,7.0
40925,7.0
40926,7.0
40927,7.0
40928,7.0
40929,7.0
40930,7.0
40931,7.0
40932,7.0
40933,7.0
40934,7.0
40935,7.0
40936,7.0
40937,7.0
40938,7.0
40939,7.0
40940,7.0
40941,7.0
40942,7.0
40943,7.0
40944,7.0
40945,7.0
40946,7.0
40947,7.0
40948,7.0
40949,7.0
40950,7.0
40951,7.0
40952,7.0
40953,7.0
40954,7.0
40955,7.0
40956,7.0
40957,7.0
40958,7.0
40959,7.0
40960,7.0
40961,7.0
40962,7.0
40963,7.0
40964,7.0
40965,7.0
40966,7.0
40967,7.0
40968,7.0
40969,7.0
40970,7.0
40971,7.0
40972,7.0
40973,7.0
40974,7.0
40975,7.0
40976,7.0
40977,7.0
40978,7.0
40979,7.0
40980,7.0
40981,7.0
40982,7.0
40983,7.0
40984,7.0
40985,7.0
40986,7.0
40987,7.0
40988,7.0
40989,7.0
40990,7.0
40991,7.0
40992,7.0
40993,7.0
40994,7.0
40995,7.0
40996,7.0
40997,7.0
40998,7.0
40999,7.0
41000,7.0
41001,7.0
41002,7.0
41003,7.0
41004,7.0
41005,7.0
41006,7.0
41007,7.0
41008,7.0
41009,7.0
41010,7.0
41011,7.0
41012,7.0
41013,7.0
41014,7.0
41015,7.0
41016,7.0
41017,7.0
41018,7.0
41019,7.0
41020,7.0
41021,7.0
41022,7.0
41023,7.0
41024,7.0
41025,7.0
41026,7.0
41027,7.0
41028,7.0
41029,7.0
41030,7.0
41031,7.0
41032,7.0
41033,7.0
41034,7.0
41035,7.0
41036,7.0
41037,7.0
41038,7.0
41039,7.0
41040,7.0
41041,7.0
41042,7.0
41043,7.0
41044,7.0
41045,7.0
41046,7.0
41047,7.0
41048,7.0
41049,7.0
41050,7.0
41051,7.0
41052,7.0
41053,7.0
41054,7.0
41055,7.0
41056,7.0
41057,7.0
41058,7.0
41059,7.0
41060,7.0
41061,7.0
41062,7.0
41063,7.0
41064,7.0
41065,7.0
41066,7.0
41067,7.0
41068,7.0
41069,7.0
41070,7.0
41071,7.0
41072,7.0
41073,7.0
41074,7.0
41075,7.0
41076,7.0
41077,7.0
41078,7.0
41079,7.0
41080,7.0
41081,7.0
41082,7.0
41083,7.0
41084,7.0
41085,7.0
41086,7.0
41087,7.0
41088,7.0
41089,7.0
41090,7.0
41091,7.0
41092,7.0
41093,7.0
41094,7.0
41095,7.0
41096,7.0
41097,7.0
41098,7.0
41099,7.0
41100,7.0
41101,7.0
41102,7.0
41103,7.0
41104,7.0
41105,7.0
41106,7.0
41107,7.0
41108,7.0
41109,7.0
41110,7.0
41111,7.0
41112,7.0
41113,7.0
41114,7.0
41115,7.0
41116,7.0
41117,7.0
41118,7.0
41119,7.0
41120,7.0
41121,7.0
41122,7.0
41123,7.0
41124,7.0
41125,7.0
41126,7.0
41127,7.0
41128,7.0
41129,7.0
41130,7.0
41131,7.0
41132,7.0
41133,7.0
41134,7.0
41135,7.0
41136,7.0
41137,7.0
41138,7.0
41139,7.0
41140,7.0
41141,7.0
41142,7.0
41143,7.0
41144,7.0
41145,7.0
41146,7.0
41147,7.0
41148,7.0
41149,7.0
41150,7.0
41151,7.0
41152,7.0
41153,7.0
41154,7.0
41155,7.0
41156,7.0
41157,7.0
41158,7.0
41159,7.0
41160,7.0
41161,7.0
41162,7.0
41163,7.0
41164,7.0
41165,7.0
41166,7.0
41167,7.0
41168,7.0
41169,7.0
41170,7.0
41171,7.0
41172,7.0
41173,7.0
41174,7.0
41175,7.0
41176,7.0
41177,7.0
41178,7.0
41179,7.0
41180,7.0
41181,7.0
41182,7.0
41183,7.0
41184,7.0
41185,7.0
41186,7.0
41187,7.0
41188,7.0
41189,7.0
41190,7.0
41191,7.0
41192,7.0
41193,7.0
41194,7.0
41195,7.0
41196,7.0
41197,7.0
41198,7.0
41199,7.0
41200,7.0
41201,7.0
41202,7.0
41203,7.0
41204,7.0
41205,7.0
41206,7.0
41207,7.0
41208,7.0
41209,7.0
41210,7.0
41211,7.0
41212,7.0
41213,7.0
41214,7.0
41215,7.0
41216,7.0
41217,7.0
41218,7.0
41219,7.0
41220,7.0
41221,7.0
41222,7.0
41223,7.0
41224,7.0
41225,7.0
41226,7.0
41227,7.0
41228,7.0
41229,7.0
41230,7.0
41231,7.0
41232,7.0
41233,7.0
41234,7.0
41235,7.0
41236,7.0
41237,7.0
41238,7.0
41239,7.0
41240,7.0
41241,7.0
41242,7.0
41243,7.0
41244,7.0
41245,7.0
41246,7.0
41247,7.0
41248,7.0
41249,7.0
41250,7.0
41251,7.0
41252,7.0
41253,7.0
41254,7.0
41255,7.0
41256,7.0
41257,7.0
41258,7.0
41259,7.0
41260,7.0
41261,7.0
41262,7.0
41263,7.0
41264,7.0
41265,7.0
41266,7.0
41267,7.0
41268,7.0
41269,7.0
41270,7.0
41271,7.0
41272,7.0
41273,7.0
41274,7.0
41275,7.0
41276,7.0
41277,7.0
41278,7.0
41279,7.0
41280,7.0
41281,7.0
41282,7.0
41283,7.0
41284,7.0
41285,7.0
41286,7.0
41287,7.0
41288,7.0
41289,7.0
41290,7.0
41291,7.0
41292,7.0
41293,7.0
41294,7.0
41295,7.0
41296,7.0
41297,7.0
41298,7.0
41299,7.0
41300,7.0
41301,7.0
41302,7.0
41303,7.0
41304,7.0
41305,7.0
41306,7.0
41307,7.0
41308,7.0
41309,7.0
41310,7.0
41311,7.0
41312,7.0
41313,7.0
41314,7.0
41315,7.0
41316,7.0
41317,7.0
41318,7.0
41319,7.0
41320,7.0
41321,7.0
41322,7.0
41323,7.0
41324,7.0
41325,7.0
41326,7.0
41327,7.0
41328,7.0
41329,7.0
41330,7.0
41331,7.0
41332,7.0
41333,7.0
41334,7.0
41335,7.0
41336,7.0
41337,7.0
41338,7.0
41339,7.0
41340,7.0
41341,7.0
41342,7.0
41343,7.0
41344,7.0
41345,7.0
41346,7.0
41347,7.0
41348,7.0
41349,7.0
41350,7.0
41351,7.0
41352,7.0
41353,7.0
41354,7.0
41355,7.0
41356,7.0
41357,7.0
41358,7.0
41359,7.0
41360,7.0
41361,7.0
41362,7.0
41363,7.0
41364,7.0
41365,7.0
41366,7.0
41367,7.0
41368,7.0
41369,7.0
41370,7.0
41371,7.0
41372,7.0
41373,7.0
41374,7.0
41375,7.0
41376,7.0
41377,7.0
41378,7.0
41379,7.0
41380,7.0
41381,7.0
41382,7.0
41383,7.0
41384,7.0
41385,7.0
41386,7.0
41387,7.0
41388,7.0
41389,7.0
41390,7.0
41391,7.0
41392,7.0
41393,7.0
41394,7.0
41395,7.0
41396,7.0
41397,7.0
41398,7.0
41399,7.0
41400,7.0
41401,7.0
41402,7.0
41403,7.0
41404,7.0
41405,7.0
41406,7.0
41407,7.0
41408,7.0
41409,7.0
41410,7.0
41411,7.0
41412,7.0
41413,7.0
41414,7.0
41415,7.0
41416,7.0
41417,7.0
41418,7.0
41419,7.0
41420,7.0
41421,7.0
41422,7.0
41423,7.0
41424,7.0
41425,7.0
41426,7.0
41427,7.0
41428,7.0
41429,7.0
41430,7.0
41431,7.0
41432,7.0
41433,7.0
41434,7.0
41435,7.0
41436,7.0
41437,7.0
41438,7.0
41439,7.0
41440,7.0
41441,7.0
41442,7.0
41443,7.0
41444,7.0
41445,7.0
41446,7.0
41447,7.0
41448,7.0
41449,7.0
41450,7.0
41451,7.0
41452,7.0
41453,7.0
41454,7.0
41455,7.0
41456,7.0
41457,7.0
41458,7.0
41459,7.0
41460,7.0
41461,7.0
41462,7.0
41463,7.0
41464,7.0
41465,7.0
41466,7.0
41467,7.0
41468,7.0
41469,7.0
41470,7.0
41471,7.0
41472,7.0
41473,7.0
41474,7.0
41475,7.0
41476,7.0
41477,7.0
41478,7.0
41479,7.0
41480,7.0
41481,7.0
41482,7.0
41483,7.0
41484,7.0
41485,7.0
41486,7.0
41487,7.0
41488,7.0
41489,7.0
41490,7.0
41491,7.0
41492,7.0
41493,7.0
41494,7.0
41495,7.0
41496,7.0
41497,7.0
41498,7.0
41499,7.0
41500,7.0
41501,7.0
41502,7.0
41503,7.0
41504,7.0
41505,7.0
41506,7.0
41507,7.0
41508,7.0
41509,7.0
41510,7.0
41511,7.0
41512,7.0
41513,7.0
41514,7.0
41515,7.0
41516,7.0
41517,7.0
41518,7.0
41519,7.0
41520,7.0
41521,7.0
41522,7.0
41523,7.0
41524,7.0
41525,7.0
41526,7.0
41527,7.0
41528,7.0
41529,7.0
41530,7.0
41531,7.0
41532,7.0
41533,7.0
41534,7.0
41535,7.0
41536,7.0
41537,7.0
41538,7.0
41539,7.0
41540,7.0
41541,7.0
41542,7.0
41543,7.0
41544,7.0
41545,7.0
41546,7.0
41547,7.0
41548,7.0
41549,7.0
41550,7.0
41551,7.0
41552,7.0
41553,7.0
41554,7.0
41555,7.0
41556,7.0
41557,7.0
41558,7.0
41559,7.0
41560,7.0
41561,7.0
41562,7.0
41563,7.0
41564,7.0
41565,7.0
41566,7.0
41567,7.0
41568,7.0
41569,7.0
41570,7.0
41571,7.0
41572,7.0
41573,7.0
41574,7.0
41575,7.0
41576,7.0
41577,7.0
41578,7.0
41579,7.0
41580,7.0
41581,7.0
41582,7.0
41583,7.0
41584,7.0
41585,7.0
41586,7.0
41587,7.0
41588,7.0
41589,7.0
41590,7.0
41591,7.0
41592,7.0
41593,7.0
41594,7.0
41595,7.0
41596,7.0
41597,7.0
41598,7.0
41599,7.0
41600,7.0
41601,7.0
41602,7.0
41603,7.0
41604,7.0
41605,7.0
41606,7.0
41607,7.0
41608,7.0
41609,7.0
41610,7.0
41611,7.0
41612,7.0
41613,7.0
41614,7.0
41615,7.0
41616,7.0
41617,7.0
41618,7.0
41619,7.0
41620,7.0
41621,7.0
41622,7.0
41623,7.0
41624,7.0
41625,7.0
41626,7.0
41627,7.0
41628,7.0
41629,7.0
41630,7.0
41631,7.0
41632,7.0
41633,7.0
41634,7.0
41635,7.0
41636,7.0
41637,7.0
41638,7.0
41639,7.0
41640,7.0
41641,7.0
41642,7.0
41643,7.0
41644,7.0
41645,7.0
41646,7.0
41647,7.0
41648,7.0
41649,7.0
41650,7.0
41651,7.0
41652,7.0
41653,7.0
41654,7.0
41655,7.0
41656,7.0
41657,7.0
41658,7.0
41659,7.0
41660,7.0
41661,7.0
41662,7.0
41663,7.0
41664,7.0
41665,7.0
41666,7.0
41667,7.0
41668,7.0
41669,7.0
41670,7.0
41671,7.0
41672,7.0
41673,7.0
41674,7.0
41675,7.0
41676,7.0
41677,7.0
41678,7.0
41679,7.0
41680,7.0
41681,7.0
41682,7.0
41683,7.0
41684,7.0
41685,7.0
41686,7.0
41687,7.0
41688,7.0
41689,7.0
41690,7.0
41691,7.0
41692,7.0
41693,7.0
41694,7.0
41695,7.0
41696,7.0
41697,7.0
41698,7.0
41699,7.0
41700,7.0
41701,7.0
41702,7.0
41703,7.0
41704,7.0
41705,7.0
41706,7.0
41707,7.0
41708,7.0
41709,7.0
41710,7.0
41711,7.0
41712,7.0
41713,7.0
41714,7.0
41715,7.0
41716,7.0
41717,7.0
41718,7.0
41719,7.0
41720,7.0
41721,7.0
41722,7.0
41723,7.0
41724,7.0
41725,7.0
41726,7.0
41727,7.0
41728,7.0
41729,7.0
41730,7.0
41731,7.0
41732,7.0
41733,7.0
41734,7.0
41735,7.0
41736,7.0
41737,7.0
41738,7.0
41739,7.0
41740,7.0
41741,7.0
41742,7.0
41743,7.0
41744,7.0
41745,7.0
41746,7.0
41747,7.0
41748,7.0
41749,7.0
41750,7.0
41751,7.0
41752,7.0
41753,7.0
41754,7.0
41755,7.0
41756,7.0
41757,7.0
41758,7.0
41759,7.0
41760,7.0
41761,7.0
41762,7.0
41763,7.0
41764,7.0
41765,7.0
41766,7.0
41767,7.0
41768,7.0
41769,7.0
41770,7.0
41771,7.0
41772,7.0
41773,7.0
41774,7.0
41775,7.0
41776,7.0
41777,7.0
41778,7.0
41779,7.0
41780,7.0
41781,7.0
41782,7.0
41783,7.0
41784,7.0
41785,7.0
41786,7.0
41787,7.0
41788,7.0
41789,7.0
41790,7.0
41791,7.0
41792,7.0
41793,7.0
41794,7.0
41795,7.0
41796,7.0
41797,7.0
41798,7.0
41799,7.0
41800,7.0
41801,7.0
41802,7.0
41803,7.0
41804,7.0
41805,7.0
41806,7.0
41807,7.0
41808,7.0
41809,7.0
41810,7.0
41811,7.0
41812,7.0
41813,7.0
41814,7.0
41815,7.0
41816,7.0
41817,7.0
41818,7.0
41819,7.0
41820,7.0
41821,7.0
41822,7.0
41823,7.0
41824,7.0
41825,7.0
41826,7.0
41827,7.0
41828,7.0
41829,7.0
41830,7.0
41831,7.0
41832,7.0
41833,7.0
41834,7.0
41835,7.0
41836,7.0
41837,7.0
41838,7.0
41839,7.0
41840,7.0
41841,7.0
41842,7.0
41843,7.0
41844,7.0
41845,7.0
41846,7.0
41847,7.0
41848,7.0
41849,7.0
41850,7.0
41851,7.0
41852,7.0
41853,7.0
41854,7.0
41855,7.0
41856,7.0
41857,7.0
41858,7.0
41859,7.0
41860,7.0
41861,7.0
41862,7.0
41863,7.0
41864,7.0
41865,7.0
41866,7.0
41867,7.0
41868,7.0
41869,7.0
41870,7.0
41871,7.0
41872,7.0
41873,7.0
41874,7.0
41875,7.0
41876,7.0
41877,7.0
41878,7.0
41879,7.0
41880,7.0
41881,7.0
41882,7.0
41883,7.0
41884,7.0
41885,7.0
41886,7.0
41887,7.0
41888,7.0
41889,7.0
41890,7.0
41891,7.0
41892,7.0
41893,7.0
41894,7.0
41895,7.0
41896,7.0
41897,7.0
41898,7.0
41899,7.0
41900,7.0
41901,7.0
41902,7.0
41903,7.0
41904,7.0
41905,7.0
41906,7.0
41907,7.0
41908,7.0
41909,7.0
41910,7.0
41911,7.0
41912,7.0
41913,7.0
41914,7.0
41915,7.0
41916,7.0
41917,7.0
41918,7.0
41919,7.0
41920,7.0
41921,7.0
41922,7.0
41923,7.0
41924,7.0
41925,7.0
41926,7.0
41927,7.0
41928,7.0
41929,7.0
41930,7.0
41931,7.0
41932,7.0
41933,7.0
41934,7.0
41935,7.0
41936,7.0
41937,7.0
41938,7.0
41939,7.0
41940,7.0
41941,7.0
41942,7.0
41943,7.0
41944,7.0
41945,7.0
41946,7.0
41947,7.0
41948,7.0
41949,7.0
41950,7.0
41951,7.0
41952,7.0
41953,7.0
41954,7.0
41955,7.0
41956,7.0
41957,7.0
41958,7.0
41959,7.0
41960,7.0
41961,7.0
41962,7.0
41963,7.0
41964,7.0
41965,7.0
41966,7.0
41967,7.0
41968,7.0
41969,7.0
41970,7.0
41971,7.0
41972,7.0
41973,7.0
41974,7.0
41975,7.0
41976,7.0
41977,7.0
41978,7.0
41979,7.0
41980,7.0
41981,7.0
41982,7.0
41983,7.0
41984,7.0
41985,7.0
41986,7.0
41987,7.0
41988,7.0
41989,7.0
41990,7.0
41991,7.0
41992,7.0
41993,7.0
41994,7.0
41995,7.0
41996,7.0
41997,7.0
41998,7.0
41999,7.0
42000,7.0
42001,7.0
42002,7.0
42003,7.0
42004,7.0
42005,7.0
42006,7.0
42007,7.0
42008,7.0
42009,7.0
42010,7.0
42011,7.0
42012,7.0
42013,7.0
42014,7.0
42015,7.0
42016,7.0
42017,7.0
42018,7.0
42019,7.0
42020,7.0
42021,7.0
42022,7.0
42023,7.0
42024,7.0
42025,7.0
42026,7.0
42027,7.0
42028,7.0
42029,7.0
42030,7.0
42031,7.0
42032,7.0
42033,7.0
42034,7.0
42035,7.0
42036,7.0
42037,7.0
42038,7.0
42039,7.0
42040,7.0
42041,7.0
42042,7.0
42043,7.0
42044,7.0
42045,7.0
42046,7.0
42047,7.0
42048,7.0
42049,7.0
42050,7.0
42051,7.0
42052,7.0
42053,7.0
42054,7.0
42055,7.0
42056,7.0
42057,7.0
42058,7.0
42059,7.0
42060,7.0
42061,7.0
42062,7.0
42063,7.0
42064,7.0
42065,7.0
42066,7.0
42067,7.0
42068,7.0
42069,7.0
42070,7.0
42071,7.0
42072,7.0
42073,7.0
42074,7.0
42075,7.0
42076,7.0
42077,7.0
42078,7.0
42079,7.0
42080,7.0
42081,7.0
42082,7.0
42083,7.0
42084,7.0
42085,7.0
42086,7.0
42087,7.0
42088,7.0
42089,7.0
42090,7.0
42091,7.0
42092,7.0
42093,7.0
42094,7.0
42095,7.0
42096,7.0
42097,7.0
42098,7.0
42099,7.0
42100,7.0
42101,7.0
42102,7.0
42103,7.0
42104,7.0
42105,7.0
42106,7.0
42107,7.0
42108,7.0
42109,7.0
42110,7.0
42111,7.0
42112,7.0
42113,7.0
42114,7.0
42115,7.0
42116,7.0
42117,7.0
42118,7.0
42119,7.0
42120,7.0
42121,7.0
42122,7.0
42123,7.0
42124,7.0
42125,7.0
42126,7.0
42127,7.0
42128,7.0
42129,7.0
42130,7.0
42131,7.0
42132,7.0
42133,7.0
42134,7.0
42135,7.0
42136,7.0
42137,7.0
42138,7.0
42139,7.0
42140,7.0
42141,7.0
42142,7.0
42143,7.0
42144,7.0
42145,7.0
42146,7.0
42147,7.0
42148,7.0
42149,7.0
42150,7.0
42151,7.0
42152,7.0
42153,7.0
42154,7.0
42155,7.0
42156,7.0
42157,7.0
42158,7.0
42159,7.0
42160,7.0
42161,7.0
42162,7.0
42163,7.0
42164,7.0
42165,7.0
42166,7.0
42167,7.0
42168,7.0
42169,7.0
42170,7.0
42171,7.0
42172,7.0
42173,7.0
42174,7.0
42175,7.0
42176,7.0
42177,7.0
42178,7.0
42179,7.0
42180,7.0
42181,7.0
42182,7.0
42183,7.0
42184,7.0
42185,7.0
42186,7.0
42187,7.0
42188,7.0
42189,7.0
42190,7.0
42191,7.0
42192,7.0
42193,7.0
42194,7.0
42195,7.0
42196,7.0
42197,7.0
42198,7.0
42199,7.0
42200,7.0
42201,7.0
42202,7.0
42203,7.0
42204,7.0
42205,7.0
42206,7.0
42207,7.0
42208,7.0
42209,7.0
42210,7.0
42211,7.0
42212,7.0
42213,7.0
42214,7.0
42215,7.0
42216,7.0
42217,7.0
42218,7.0
42219,7.0
42220,7.0
42221,7.0
42222,7.0
42223,7.0
42224,7.0
42225,7.0
42226,7.0
42227,7.0
42228,7.0
42229,7.0
42230,7.0
42231,7.0
42232,7.0
42233,7.0
42234,7.0
42235,7.0
42236,7.0
42237,7.0
42238,7.0
42239,7.0
42240,7.0
42241,7.0
42242,7.0
42243,7.0
42244,7.0
42245,7.0
42246,7.0
42247,7.0
42248,7.0
42249,7.0
42250,7.0
42251,7.0
42252,7.0
42253,7.0
42254,7.0
42255,7.0
42256,7.0
42257,7.0
42258,7.0
42259,7.0
42260,7.0
42261,7.0
42262,7.0
42263,7.0
42264,7.0
42265,7.0
42266,7.0
42267,7.0
42268,7.0
42269,7.0
42270,7.0
42271,7.0
42272,7.0
42273,7.0
42274,7.0
42275,7.0
42276,7.0
42277,7.0
42278,7.0
42279,7.0
42280,7.0
42281,7.0
42282,7.0
42283,7.0
42284,7.0
42285,7.0
42286,7.0
42287,7.0
42288,7.0
42289,7.0
42290,7.0
42291,7.0
42292,7.0
42293,7.0
42294,7.0
42295,7.0
42296,7.0
42297,7.0
42298,7.0
42299,7.0
42300,7.0
42301,7.0
42302,7.0
42303,7.0
42304,7.0
42305,7.0
42306,7.0
42307,7.0
42308,7.0
42309,7.0
42310,7.0
42311,7.0
42312,7.0
42313,7.0
42314,7.0
42315,7.0
42316,7.0
42317,7.0
42318,7.0
42319,7.0
42320,7.0
42321,7.0
42322,7.0
42323,7.0
42324,7.0
42325,7.0
42326,7.0
42327,7.0
42328,7.0
42329,7.0
42330,7.0
42331,7.0
42332,7.0
42333,7.0
42334,7.0
42335,7.0
42336,7.0
42337,7.0
42338,7.0
42339,7.0
42340,7.0
42341,7.0
42342,7.0
42343,7.0
42344,7.0
42345,7.0
42346,7.0
42347,7.0
42348,7.0
42349,7.0
42350,7.0
42351,7.0
42352,7.0
42353,7.0
42354,7.0
42355,7.0
42356,7.0
42357,7.0
42358,7.0
42359,7.0
42360,7.0
42361,7.0
42362,7.0
42363,7.0
42364,7.0
42365,7.0
42366,7.0
42367,7.0
42368,7.0
42369,7.0
42370,7.0
42371,7.0
42372,7.0
42373,7.0
42374,7.0
42375,7.0
42376,7.0
42377,7.0
42378,7.0
42379,7.0
42380,7.0
42381,7.0
42382,7.0
42383,7.0
42384,7.0
42385,7.0
42386,7.0
42387,7.0
42388,7.0
42389,7.0
42390,7.0
42391,7.0
42392,7.0
42393,7.0
42394,7.0
42395,7.0
42396,7.0
42397,7.0
42398,7.0
42399,7.0
42400,7.0
42401,7.0
42402,7.0
42403,7.0
42404,7.0
42405,7.0
42406,7.0
42407,7.0
42408,7.0
42409,7.0
42410,7.0
42411,7.0
42412,7.0
42413,7.0
42414,7.0
42415,7.0
42416,7.0
42417,7.0
42418,7.0
42419,7.0
42420,7.0
42421,7.0
42422,7.0
42423,7.0
42424,7.0
42425,7.0
42426,7.0
42427,7.0
42428,7.0
42429,7.0
42430,7.0
42431,7.0
42432,7.0
42433,7.0
42434,7.0
42435,7.0
42436,7.0
42437,7.0
42438,7.0
42439,7.0
42440,7.0
42441,7.0
42442,7.0
42443,7.0
42444,7.0
42445,7.0
42446,7.0
42447,7.0
42448,7.0
42449,7.0
42450,7.0
42451,7.0
42452,7.0
42453,7.0
42454,7.0
42455,7.0
42456,7.0
42457,7.0
42458,7.0
42459,7.0
42460,7.0
42461,7.0
42462,7.0
42463,7.0
42464,7.0
42465,7.0
42466,7.0
42467,7.0
42468,7.0
42469,7.0
42470,7.0
42471,7.0
42472,7.0
42473,7.0
42474,7.0
42475,7.0
42476,7.0
42477,7.0
42478,7.0
42479,7.0
42480,7.0
42481,7.0
42482,7.0
42483,7.0
42484,7.0
42485,7.0
42486,7.0
42487,7.0
42488,7.0
42489,7.0
42490,7.0
42491,7.0
42492,7.0
42493,7.0
42494,7.0
42495,7.0
42496,7.0
42497,7.0
42498,7.0
42499,7.0
42500,7.0
42501,7.0
42502,7.0
42503,7.0
42504,7.0
42505,7.0
42506,7.0
42507,7.0
42508,7.0
42509,7.0
42510,7.0
42511,7.0
42512,7.0
42513,7.0
42514,7.0
42515,7.0
42516,7.0
42517,7.0
42518,7.0
42519,7.0
42520,7.0
42521,7.0
42522,7.0
42523,7.0
42524,7.0
42525,7.0
42526,7.0
42527,7.0
42528,7.0
42529,7.0
42530,7.0
42531,7.0
42532,7.0
42533,7.0
42534,7.0
42535,7.0
42536,7.0
42537,7.0
42538,7.0
42539,7.0
42540,7.0
42541,7.0
42542,7.0
42543,7.0
42544,7.0
42545,7.0
42546,7.0
42547,7.0
42548,7.0
42549,7.0
42550,7.0
42551,7.0
42552,7.0
42553,7.0
42554,7.0
42555,7.0
42556,7.0
42557,7.0
42558,7.0
42559,7.0
42560,7.0
42561,7.0
42562,7.0
42563,7.0
42564,7.0
42565,7.0
42566,7.0
42567,7.0
42568,7.0
42569,7.0
42570,7.0
42571,7.0
42572,7.0
42573,7.0
42574,7.0
42575,7.0
42576,7.0
42577,7.0
42578,7.0
42579,7.0
42580,7.0
42581,7.0
42582,7.0
42583,7.0
42584,7.0
42585,7.0
42586,7.0
42587,7.0
42588,7.0
42589,7.0
42590,7.0
42591,7.0
42592,7.0
42593,7.0
42594,7.0
42595,7.0
42596,7.0
42597,7.0
42598,7.0
42599,7.0
42600,7.0
42601,7.0
42602,7.0
42603,7.0
42604,7.0
42605,7.0
42606,7.0
42607,7.0
42608,7.0
42609,7.0
42610,7.0
42611,7.0
42612,7.0
42613,7.0
42614,7.0
42615,7.0
42616,7.0
42617,7.0
42618,7.0
42619,7.0
42620,7.0
42621,7.0
42622,7.0
42623,7.0
42624,7.0
42625,7.0
42626,7.0
42627,7.0
42628,7.0
42629,7.0
42630,7.0
42631,7.0
42632,7.0
42633,7.0
42634,7.0
42635,7.0
42636,7.0
42637,7.0
42638,7.0
42639,7.0
42640,7.0
42641,7.0
42642,7.0
42643,7.0
42644,7.0
42645,7.0
42646,7.0
42647,7.0
42648,7.0
42649,7.0
42650,7.0
42651,7.0
42652,7.0
42653,7.0
42654,7.0
42655,7.0
42656,7.0
42657,7.0
42658,7.0
42659,7.0
42660,7.0
42661,7.0
42662,7.0
42663,7.0
42664,7.0
42665,7.0
42666,7.0
42667,7.0
42668,7.0
42669,7.0
42670,7.0
42671,7.0
42672,7.0
42673,7.0
42674,7.0
42675,7.0
42676,7.0
42677,7.0
42678,7.0
42679,7.0
42680,7.0
42681,7.0
42682,7.0
42683,7.0
42684,7.0
42685,7.0
42686,7.0
42687,7.0
42688,7.0
42689,7.0
42690,7.0
42691,7.0
42692,7.0
42693,7.0
42694,7.0
42695,7.0
42696,7.0
42697,7.0
42698,7.0
42699,7.0
42700,7.0
42701,7.0
42702,7.0
42703,7.0
42704,7.0
42705,7.0
42706,7.0
42707,7.0
42708,7.0
42709,7.0
42710,7.0
42711,7.0
42712,7.0
42713,7.0
42714,7.0
42715,7.0
42716,7.0
42717,7.0
42718,7.0
42719,7.0
42720,7.0
42721,7.0
42722,7.0
42723,7.0
42724,7.0
42725,7.0
42726,7.0
42727,7.0
42728,7.0
42729,7.0
42730,7.0
42731,7.0
42732,7.0
42733,7.0
42734,7.0
42735,7.0
42736,7.0
42737,7.0
42738,7.0
42739,7.0
42740,7.0
42741,7.0
42742,7.0
42743,7.0
42744,7.0
42745,7.0
42746,7.0
42747,7.0
42748,7.0
42749,7.0
42750,7.0
42751,7.0
42752,7.0
42753,7.0
42754,7.0
42755,7.0
42756,7.0
42757,7.0
42758,7.0
42759,7.0
42760,7.0
42761,7.0
42762,7.0
42763,7.0
42764,7.0
42765,7.0
42766,7.0
42767,7.0
42768,7.0
42769,7.0
42770,7.0
42771,7.0
42772,7.0
42773,7.0
42774,7.0
42775,7.0
42776,7.0
42777,7.0
42778,7.0
42779,7.0
42780,7.0
42781,7.0
42782,7.0
42783,7.0
42784,7.0
42785,7.0
42786,7.0
42787,7.0
42788,7.0
42789,7.0
42790,7.0
42791,7.0
42792,7.0
42793,7.0
42794,7.0
42795,7.0
42796,7.0
42797,7.0
42798,7.0
42799,7.0
42800,7.0
42801,7.0
42802,7.0
42803,7.0
42804,7.0
42805,7.0
42806,7.0
42807,7.0
42808,7.0
42809,7.0
42810,7.0
42811,7.0
42812,7.0
42813,7.0
42814,7.0
42815,7.0
42816,7.0
42817,7.0
42818,7.0
42819,7.0
42820,7.0
42821,7.0
42822,7.0
42823,7.0
42824,7.0
42825,7.0
42826,7.0
42827,7.0
42828,7.0
42829,7.0
42830,7.0
42831,7.0
42832,7.0
42833,7.0
42834,7.0
42835,7.0
42836,7.0
42837,7.0
42838,7.0
42839,7.0
42840,7.0
42841,7.0
42842,7.0
42843,7.0
42844,7.0
42845,7.0
42846,7.0
42847,7.0
42848,7.0
42849,7.0
42850,7.0
42851,7.0
42852,7.0
42853,7.0
42854,7.0
42855,7.0
42856,7.0
42857,7.0
42858,7.0
42859,7.0
42860,7.0
42861,7.0
42862,7.0
42863,7.0
42864,7.0
42865,7.0
42866,7.0
42867,7.0
42868,7.0
42869,7.0
42870,7.0
42871,7.0
42872,7.0
42873,7.0
42874,7.0
42875,7.0
42876,7.0
42877,7.0
42878,7.0
42879,7.0
42880,7.0
42881,7.0
42882,7.0
42883,7.0
42884,7.0
42885,7.0
42886,7.0
42887,7.0
42888,7.0
42889,7.0
42890,7.0
42891,7.0
42892,7.0
42893,7.0
42894,7.0
42895,7.0
42896,7.0
42897,7.0
42898,7.0
42899,7.0
42900,7.0
42901,7.0
42902,7.0
42903,7.0
42904,7.0
42905,7.0
42906,7.0
42907,7.0
42908,7.0
42909,7.0
42910,7.0
42911,7.0
42912,7.0
42913,7.0
42914,7.0
42915,7.0
42916,7.0
42917,7.0
42918,7.0
42919,7.0
42920,7.0
42921,7.0
42922,7.0
42923,7.0
42924,7.0
42925,7.0
42926,7.0
42927,7.0
42928,7.0
42929,7.0
42930,7.0
42931,7.0
42932,7.0
42933,7.0
42934,7.0
42935,7.0
42936,7.0
42937,7.0
42938,7.0
42939,7.0
42940,7.0
42941,7.0
42942,7.0
42943,7.0
42944,7.0
42945,7.0
42946,7.0
42947,7.0
42948,7.0
42949,7.0
42950,7.0
42951,7.0
42952,7.0
42953,7.0
42954,7.0
42955,7.0
42956,7.0
42957,7.0
42958,7.0
42959,7.0
42960,7.0
42961,7.0
42962,7.0
42963,7.0
42964,7.0
42965,7.0
42966,7.0
42967,7.0
42968,7.0
42969,7.0
42970,7.0
42971,7.0
42972,7.0
42973,7.0
42974,7.0
42975,7.0
42976,7.0
42977,7.0
42978,7.0
42979,7.0
42980,7.0
42981,7.0
42982,7.0
42983,7.0
42984,7.0
42985,7.0
42986,7.0
42987,7.0
42988,7.0
42989,7.0
42990,7.0
42991,7.0
42992,7.0
42993,7.0
42994,7.0
42995,7.0
42996,7.0
42997,7.0
42998,7.0
42999,7.0
43000,7.0
43001,7.0
43002,7.0
43003,7.0
43004,7.0
43005,7.0
43006,7.0
43007,7.0
43008,7.0
43009,7.0
43010,7.0
43011,7.0
43012,7.0
43013,7.0
43014,7.0
43015,7.0
43016,7.0
43017,7.0
43018,7.0
43019,7.0
43020,7.0
43021,7.0
43022,7.0
43023,7.0
43024,7.0
43025,7.0
43026,7.0
43027,7.0
43028,7.0
43029,7.0
43030,7.0
43031,7.0
43032,7.0
43033,7.0
43034,7.0
43035,7.0
43036,7.0
43037,7.0
43038,7.0
43039,7.0
43040,7.0
43041,7.0
43042,7.0
43043,7.0
43044,7.0
43045,7.0
43046,7.0
43047,7.0
43048,7.0
43049,7.0
43050,7.0
43051,7.0
43052,7.0
43053,7.0
43054,7.0
43055,7.0
43056,7.0
43057,7.0
43058,7.0
43059,7.0
43060,7.0
43061,7.0
43062,7.0
43063,7.0
43064,7.0
43065,7.0
43066,7.0
43067,7.0
43068,7.0
43069,7.0
43070,7.0
43071,7.0
43072,7.0
43073,7.0
43074,7.0
43075,7.0
43076,7.0
43077,7.0
43078,7.0
43079,7.0
43080,7.0
43081,7.0
43082,7.0
43083,7.0
43084,7.0
43085,7.0
43086,7.0
43087,7.0
43088,7.0
43089,7.0
43090,7.0
43091,7.0
43092,7.0
43093,7.0
43094,7.0
43095,7.0
43096,7.0
43097,7.0
43098,7.0
43099,7.0
43100,7.0
43101,7.0
43102,7.0
43103,7.0
43104,7.0
43105,7.0
43106,7.0
43107,7.0
43108,7.0
43109,7.0
43110,7.0
43111,7.0
43112,7.0
43113,7.0
43114,7.0
43115,7.0
43116,7.0
43117,7.0
43118,7.0
43119,7.0
43120,7.0
43121,7.0
43122,7.0
43123,7.0
43124,7.0
43125,7.0
43126,7.0
43127,7.0
43128,7.0
43129,7.0
43130,7.0
43131,7.0
43132,7.0
43133,7.0
43134,7.0
43135,7.0
43136,7.0
43137,7.0
43138,7.0
43139,7.0
43140,7.0
43141,7.0
43142,7.0
43143,7.0
43144,7.0
43145,7.0
43146,7.0
43147,7.0
43148,7.0
43149,7.0
43150,7.0
43151,7.0
43152,7.0
43153,7.0
43154,7.0
43155,7.0
43156,7.0
43157,7.0
43158,7.0
43159,7.0
43160,7.0
43161,7.0
43162,7.0
43163,7.0
43164,7.0
43165,7.0
43166,7.0
43167,7.0
43168,7.0
43169,7.0
43170,7.0
43171,7.0
43172,7.0
43173,7.0
43174,7.0
43175,7.0
43176,7.0
43177,7.0
43178,7.0
43179,7.0
43180,7.0
43181,7.0
43182,7.0
43183,7.0
43184,7.0
43185,7.0
43186,7.0
43187,7.0
43188,7.0
43189,7.0
43190,7.0
43191,7.0
43192,7.0
43193,7.0
43194,7.0
43195,7.0
43196,7.0
43197,7.0
43198,7.0
43199,7.0
43200,7.0
43201,7.0
43202,7.0
43203,7.0
43204,7.0
43205,7.0
43206,7.0
43207,7.0
43208,7.0
43209,7.0
43210,7.0
43211,7.0
43212,7.0
43213,7.0
43214,7.0
43215,7.0
43216,7.0
43217,7.0
43218,7.0
43219,7.0
43220,7.0
43221,7.0
43222,7.0
43223,7.0
43224,7.0
43225,7.0
43226,7.0
43227,7.0
43228,7.0
43229,7.0
43230,7.0
43231,7.0
43232,7.0
43233,7.0
43234,7.0
43235,7.0
43236,8.0
43237,8.0
43238,8.0
43239,8.0
43240,8.0
43241,8.0
43242,8.0
43243,8.0
43244,8.0
43245,8.0
43246,8.0
43247,8.0
43248,8.0
43249,8.0
43250,8.0
43251,8.0
43252,8.0
43253,8.0
43254,8.0
43255,8.0
43256,8.0
43257,8.0
43258,8.0
43259,8.0
43260,8.0
43261,8.0
43262,8.0
43263,8.0
43264,8.0
43265,8.0
43266,8.0
43267,8.0
43268,8.0
43269,8.0
43270,8.0
43271,8.0
43272,8.0
43273,8.0
43274,8.0
43275,8.0
43276,8.0
43277,8.0
43278,8.0
43279,8.0
43280,8.0
43281,8.0
43282,8.0
43283,8.0
43284,8.0
43285,8.0
43286,8.0
43287,8.0
43288,8.0
43289,8.0
43290,8.0
43291,8.0
43292,8.0
43293,8.0
43294,8.0
43295,8.0
43296,8.0
43297,8.0
43298,8.0
43299,8.0
43300,8.0
43301,8.0
43302,8.0
43303,8.0
43304,8.0
43305,8.0
43306,8.0
43307,8.0
43308,8.0
43309,8.0
43310,8.0
43311,8.0
43312,8.0
43313,8.0
43314,8.0
43315,8.0
43316,8.0
43317,8.0
43318,8.0
43319,8.0
43320,8.0
43321,8.0
43322,8.0
43323,8.0
43324,8.0
43325,8.0
43326,8.0
43327,8.0
43328,8.0
43329,8.0
43330,8.0
43331,8.0
43332,8.0
43333,8.0
43334,8.0
43335,8.0
43336,8.0
43337,8.0
43338,8.0
43339,8.0
43340,8.0
43341,8.0
43342,8.0
43343,8.0
43344,8.0
43345,8.0
43346,8.0
43347,8.0
43348,8.0
43349,8.0
43350,8.0
43351,8.0
43352,8.0
43353,8.0
43354,8.0
43355,8.0
43356,8.0
43357,8.0
43358,8.0
43359,8.0
43360,8.0
43361,8.0
43362,8.0
43363,8.0
43364,8.0
43365,8.0
43366,8.0
43367,8.0
43368,8.0
43369,8.0
43370,8.0
43371,8.0
43372,8.0
43373,8.0
43374,8.0
43375,8.0
43376,8.0
43377,8.0
43378,8.0
43379,8.0
43380,8.0
43381,8.0
43382,8.0
43383,8.0
43384,8.0
43385,8.0
43386,8.0
43387,8.0
43388,8.0
43389,8.0
43390,8.0
43391,8.0
43392,8.0
43393,8.0
43394,8.0
43395,8.0
43396,8.0
43397,8.0
43398,8.0
43399,8.0
43400,8.0
43401,8.0
43402,8.0
43403,8.0
43404,8.0
43405,8.0
43406,8.0
43407,8.0
43408,8.0
43409,8.0
43410,8.0
43411,8.0
43412,8.0
43413,8.0
43414,8.0
43415,8.0
43416,8.0
43417,8.0
43418,8.0
43419,8.0
43420,8.0
43421,8.0
43422,8.0
43423,8.0
43424,8.0
43425,8.0
43426,8.0
43427,8.0
43428,8.0
43429,8.0
43430,8.0
43431,8.0
43432,8.0
43433,8.0
43434,8.0
43435,8.0
43436,8.0
43437,8.0
43438,8.0
43439,8.0
43440,8.0
43441,8.0
43442,8.0
43443,8.0
43444,8.0
43445,8.0
43446,8.0
43447,8.0
43448,8.0
43449,8.0
43450,8.0
43451,8.0
43452,8.0
43453,8.0
43454,8.0
43455,8.0
43456,8.0
43457,8.0
43458,8.0
43459,8.0
43460,8.0
43461,8.0
43462,8.0
43463,8.0
43464,8.0
43465,8.0
43466,8.0
43467,8.0
43468,8.0
43469,8.0
43470,8.0
43471,8.0
43472,8.0
43473,8.0
43474,8.0
43475,8.0
43476,8.0
43477,8.0
43478,8.0
43479,8.0
43480,8.0
43481,8.0
43482,8.0
43483,8.0
43484,8.0
43485,8.0
43486,8.0
43487,8.0
43488,8.0
43489,8.0
43490,8.0
43491,8.0
43492,8.0
43493,8.0
43494,8.0
43495,8.0
43496,8.0
43497,8.0
43498,8.0
43499,8.0
43500,8.0
43501,8.0
43502,8.0
43503,8.0
43504,8.0
43505,8.0
43506,8.0
43507,8.0
43508,8.0
43509,8.0
43510,8.0
43511,8.0
43512,8.0
43513,8.0
43514,8.0
43515,8.0
43516,8.0
43517,8.0
43518,8.0
43519,8.0
43520,8.0
43521,8.0
43522,8.0
43523,8.0
43524,8.0
43525,8.0
43526,8.0
43527,8.0
43528,8.0
43529,8.0
43530,8.0
43531,8.0
43532,8.0
43533,8.0
43534,8.0
43535,8.0
43536,8.0
43537,8.0
43538,8.0
43539,8.0
43540,8.0
43541,8.0
43542,8.0
43543,8.0
43544,8.0
43545,8.0
43546,8.0
43547,8.0
43548,8.0
43549,8.0
43550,8.0
43551,8.0
43552,8.0
43553,8.0
43554,8.0
43555,8.0
43556,8.0
43557,8.0
43558,8.0
43559,8.0
43560,8.0
43561,8.0
43562,8.0
43563,8.0
43564,8.0
43565,8.0
43566,8.0
43567,8.0
43568,8.0
43569,8.0
43570,8.0
43571,8.0
43572,8.0
43573,8.0
43574,8.0
43575,8.0
43576,8.0
43577,8.0
43578,8.0
43579,8.0
43580,8.0
43581,8.0
43582,8.0
43583,8.0
43584,8.0
43585,8.0
43586,8.0
43587,8.0
43588,8.0
43589,8.0
43590,8.0
43591,8.0
43592,8.0
43593,8.0
43594,8.0
43595,8.0
43596,8.0
43597,8.0
43598,8.0
43599,8.0
43600,8.0
43601,8.0
43602,8.0
43603,8.0
43604,8.0
43605,8.0
43606,8.0
43607,8.0
43608,8.0
43609,8.0
43610,8.0
43611,8.0
43612,8.0
43613,8.0
43614,8.0
43615,8.0
43616,8.0
43617,8.0
43618,8.0
43619,8.0
43620,8.0
43621,8.0
43622,8.0
43623,8.0
43624,8.0
43625,8.0
43626,8.0
43627,8.0
43628,8.0
43629,8.0
43630,8.0
43631,8.0
43632,8.0
43633,8.0
43634,8.0
43635,8.0
43636,8.0
43637,8.0
43638,8.0
43639,8.0
43640,8.0
43641,8.0
43642,8.0
43643,8.0
43644,8.0
43645,8.0
43646,8.0
43647,8.0
43648,8.0
43649,8.0
43650,8.0
43651,8.0
43652,8.0
43653,8.0
43654,8.0
43655,8.0
43656,8.0
43657,8.0
43658,8.0
43659,8.0
43660,8.0
43661,8.0
43662,8.0
43663,8.0
43664,8.0
43665,8.0
43666,8.0
43667,8.0
43668,8.0
43669,8.0
43670,8.0
43671,8.0
43672,8.0
43673,8.0
43674,8.0
43675,8.0
43676,8.0
43677,8.0
43678,8.0
43679,8.0
43680,8.0
43681,8.0
43682,8.0
43683,8.0
43684,8.0
43685,8.0
43686,8.0
43687,8.0
43688,8.0
43689,8.0
43690,8.0
43691,8.0
43692,8.0
43693,8.0
43694,8.0
43695,8.0
43696,8.0
43697,8.0
43698,8.0
43699,8.0
43700,8.0
43701,8.0
43702,8.0
43703,8.0
43704,8.0
43705,8.0
43706,8.0
43707,8.0
43708,8.0
43709,8.0
43710,8.0
43711,8.0
43712,8.0
43713,8.0
43714,8.0
43715,8.0
43716,8.0
43717,8.0
43718,8.0
43719,8.0
43720,8.0
43721,8.0
43722,8.0
43723,8.0
43724,8.0
43725,8.0
43726,8.0
43727,8.0
43728,8.0
43729,8.0
43730,8.0
43731,8.0
43732,8.0
43733,8.0
43734,8.0
43735,8.0
43736,8.0
43737,8.0
43738,8.0
43739,8.0
43740,8.0
43741,8.0
43742,8.0
43743,8.0
43744,8.0
43745,8.0
43746,8.0
43747,8.0
43748,8.0
43749,8.0
43750,8.0
43751,8.0
43752,8.0
43753,8.0
43754,8.0
43755,8.0
43756,8.0
43757,8.0
43758,8.0
43759,8.0
43760,8.0
43761,8.0
43762,8.0
43763,8.0
43764,8.0
43765,8.0
43766,8.0
43767,8.0
43768,8.0
43769,8.0
43770,8.0
43771,8.0
43772,8.0
43773,8.0
43774,8.0
43775,8.0
43776,8.0
43777,8.0
43778,8.0
43779,8.0
43780,8.0
43781,8.0
43782,8.0
43783,8.0
43784,8.0
43785,8.0
43786,8.0
43787,8.0
43788,8.0
43789,8.0
43790,8.0
43791,8.0
43792,8.0
43793,8.0
43794,8.0
43795,8.0
43796,8.0
43797,8.0
43798,8.0
43799,8.0
43800,8.0
43801,8.0
43802,8.0
43803,8.0
43804,8.0
43805,8.0
43806,8.0
43807,8.0
43808,8.0
43809,8.0
43810,8.0
43811,8.0
43812,8.0
43813,8.0
43814,8.0
43815,8.0
43816,8.0
43817,8.0
43818,8.0
43819,8.0
43820,8.0
43821,8.0
43822,8.0
43823,8.0
43824,8.0
43825,8.0
43826,8.0
43827,8.0
43828,8.0
43829,8.0
43830,8.0
43831,8.0
43832,8.0
43833,8.0
43834,8.0
43835,8.0
43836,8.0
43837,8.0
43838,8.0
43839,8.0
43840,8.0
43841,8.0
43842,8.0
43843,8.0
43844,8.0
43845,8.0
43846,8.0
43847,8.0
43848,8.0
43849,8.0
43850,8.0
43851,8.0
43852,8.0
43853,8.0
43854,8.0
43855,8.0
43856,8.0
43857,8.0
43858,8.0
43859,8.0
43860,8.0
43861,8.0
43862,8.0
43863,8.0
43864,8.0
43865,8.0
43866,8.0
43867,8.0
43868,8.0
43869,8.0
43870,8.0
43871,8.0
43872,8.0
43873,8.0
43874,8.0
43875,8.0
43876,8.0
43877,8.0
43878,8.0
43879,8.0
43880,8.0
43881,8.0
43882,8.0
43883,8.0
43884,8.0
43885,8.0
43886,8.0
43887,8.0
43888,8.0
43889,8.0
43890,8.0
43891,8.0
43892,8.0
43893,8.0
43894,8.0
43895,8.0
43896,8.0
43897,8.0
43898,8.0
43899,8.0
43900,8.0
43901,8.0
43902,8.0
43903,7.0
43904,7.0
43905,7.0
43906,7.0
43907,7.0
43908,7.0
43909,7.0
43910,7.0
43911,7.0
43912,7.0
43913,7.0
43914,7.0
43915,7.0
43916,7.0
43917,7.0
43918,7.0
43919,7.0
43920,7.0
43921,7.0
43922,7.0
43923,7.0
43924,7.0
43925,7.0
43926,7.0
43927,7.0
43928,7.0
43929,7.0
43930,7.0
43931,7.0
43932,7.0
43933,7.0
43934,7.0
43935,7.0
43936,7.0
43937,7.0
43938,7.0
43939,7.0
43940,7.0
43941,7.0
43942,7.0
43943,7.0
43944,7.0
43945,7.0
43946,7.0
43947,7.0
43948,7.0
43949,7.0
43950,7.0
43951,7.0
43952,7.0
43953,7.0
43954,7.0
43955,7.0
43956,7.0
43957,7.0
43958,7.0
43959,7.0
43960,7.0
43961,7.0
43962,7.0
43963,7.0
43964,7.0
43965,7.0
43966,7.0
43967,7.0
43968,7.0
43969,7.0
43970,7.0
43971,7.0
43972,7.0
43973,7.0
43974,7.0
43975,7.0
43976,7.0
43977,7.0
43978,7.0
43979,7.0
43980,7.0
43981,7.0
43982,7.0
43983,7.0
43984,7.0
43985,7.0
43986,7.0
43987,7.0
43988,7.0
43989,7.0
43990,7.0
43991,7.0
43992,7.0
43993,7.0
43994,7.0
43995,7.0
43996,7.0
43997,7.0
43998,7.0
43999,7.0
44000,7.0
44001,7.0
44002,7.0
44003,7.0
44004,7.0
44005,7.0
44006,7.0
44007,7.0
44008,7.0
44009,7.0
44010,7.0
44011,7.0
44012,7.0
44013,7.0
44014,7.0
44015,7.0
44016,7.0
44017,7.0
44018,7.0
44019,7.0
44020,7.0
44021,7.0
44022,7.0
44023,7.0
44024,7.0
44025,7.0
44026,7.0
44027,7.0
44028,7.0
44029,7.0
44030,7.0
44031,7.0
44032,7.0
44033,7.0
44034,7.0
44035,7.0
44036,7.0
44037,7.0
44038,7.0
44039,7.0
44040,7.0
44041,7.0
44042,7.0
44043,7.0
44044,7.0
44045,7.0
44046,7.0
44047,7.0
44048,7.0
44049,7.0
44050,7.0
44051,7.0
44052,7.0
44053,7.0
44054,7.0
44055,7.0
44056,7.0
44057,7.0
44058,7.0
44059,7.0
44060,7.0
44061,7.0
44062,7.0
44063,7.0
44064,7.0
44065,7.0
44066,7.0
44067,7.0
44068,7.0
44069,7.0
44070,7.0
44071,7.0
44072,7.0
44073,7.0
44074,7.0
44075,7.0
44076,7.0
44077,7.0
44078,7.0
44079,7.0
44080,7.0
44081,7.0
44082,7.0
44083,7.0
44084,7.0
44085,7.0
44086,7.0
44087,7.0
44088,7.0
44089,7.0
44090,7.0
44091,7.0
44092,7.0
44093,7.0
44094,7.0
44095,7.0
44096,7.0
44097,7.0
44098,7.0
44099,7.0
44100,7.0
44101,7.0
44102,7.0
44103,7.0
44104,7.0
44105,7.0
44106,7.0
44107,7.0
44108,7.0
44109,7.0
44110,7.0
44111,7.0
44112,7.0
44113,7.0
44114,7.0
44115,7.0
44116,7.0
44117,7.0
44118,7.0
44119,7.0
44120,7.0
44121,7.0
44122,7.0
44123,7.0
44124,7.0
44125,7.0
44126,7.0
44127,7.0
44128,7.0
44129,7.0
44130,7.0
44131,7.0
44132,7.0
44133,7.0
44134,7.0
44135,7.0
44136,7.0
44137,7.0
44138,7.0
44139,7.0
44140,7.0
44141,7.0
44142,7.0
44143,7.0
44144,7.0
44145,7.0
44146,7.0
44147,7.0
44148,7.0
44149,7.0
44150,7.0
44151,7.0
44152,7.0
44153,7.0
44154,7.0
44155,7.0
44156,7.0
44157,7.0
44158,7.0
44159,7.0
44160,7.0
44161,7.0
44162,7.0
44163,7.0
44164,7.0
44165,7.0
44166,7.0
44167,7.0
44168,7.0
44169,7.0
44170,7.0
44171,7.0
44172,7.0
44173,7.0
44174,7.0
44175,7.0
44176,7.0
44177,7.0
44178,7.0
44179,7.0
44180,7.0
44181,7.0
44182,7.0
44183,7.0
44184,7.0
44185,7.0
44186,7.0
44187,7.0
44188,7.0
44189,7.0
44190,7.0
44191,7.0
44192,7.0
44193,7.0
44194,7.0
44195,7.0
44196,7.0
44197,7.0
44198,7.0
44199,7.0
44200,7.0
44201,7.0
44202,7.0
44203,7.0
44204,7.0
44205,7.0
44206,7.0
44207,7.0
44208,7.0
44209,7.0
44210,7.0
44211,7.0
44212,7.0
44213,7.0
44214,7.0
44215,7.0
44216,7.0
44217,7.0
44218,7.0
44219,7.0
44220,7.0
44221,7.0
44222,7.0
44223,7.0
44224,7.0
44225,7.0
44226,7.0
44227,7.0
44228,7.0
44229,7.0
44230,7.0
44231,7.0
44232,7.0
44233,7.0
44234,7.0
44235,7.0
44236,7.0
44237,7.0
44238,7.0
44239,7.0
44240,7.0
44241,7.0
44242,7.0
44243,7.0
44244,7.0
44245,7.0
44246,7.0
44247,7.0
44248,7.0
44249,7.0
44250,7.0
44251,7.0
44252,7.0
44253,7.0
44254,7.0
44255,7.0
44256,7.0
44257,7.0
44258,7.0
44259,7.0
44260,7.0
44261,7.0
44262,7.0
44263,7.0
44264,7.0
44265,7.0
44266,7.0
44267,7.0
44268,7.0
44269,7.0
44270,7.0
44271,7.0
44272,7.0
44273,7.0
44274,7.0
44275,7.0
44276,7.0
44277,7.0
44278,7.0
44279,7.0
44280,7.0
44281,7.0
44282,7.0
44283,7.0
44284,7.0
44285,7.0
44286,7.0
44287,7.0
44288,7.0
44289,7.0
44290,7.0
44291,7.0
44292,7.0
44293,7.0
44294,7.0
44295,7.0
44296,7.0
44297,7.0
44298,7.0
44299,7.0
44300,7.0
44301,7.0
44302,7.0
44303,7.0
44304,7.0
44305,7.0
44306,7.0
44307,7.0
44308,7.0
44309,7.0
44310,7.0
44311,7.0
44312,7.0
44313,7.0
44314,7.0
44315,7.0
44316,7.0
44317,7.0
44318,7.0
44319,7.0
44320,7.0
44321,7.0
44322,7.0
44323,7.0
44324,7.0
44325,7.0
44326,7.0
44327,7.0
44328,7.0
44329,7.0
44330,7.0
44331,7.0
44332,7.0
44333,7.0
44334,7.0
44335,7.0
44336,7.0
44337,7.0
44338,7.0
44339,7.0
44340,7.0
44341,7.0
44342,7.0
44343,7.0
44344,7.0
44345,7.0
44346,7.0
44347,7.0
44348,7.0
44349,7.0
44350,7.0
44351,7.0
44352,7.0
44353,7.0
44354,7.0
44355,7.0
44356,7.0
44357,7.0
44358,7.0
44359,7.0
44360,7.0
44361,7.0
44362,7.0
44363,7.0
44364,7.0
44365,7.0
44366,7.0
44367,7.0
44368,7.0
44369,7.0
44370,7.0
44371,7.0
44372,7.0
44373,7.0
44374,7.0
44375,7.0
44376,7.0
44377,7.0
44378,7.0
44379,7.0
44380,7.0
44381,7.0
44382,7.0
44383,7.0
44384,7.0
44385,7.0
44386,7.0
44387,7.0
44388,7.0
44389,7.0
44390,7.0
44391,7.0
44392,7.0
44393,7.0
44394,7.0
44395,7.0
44396,7.0
44397,7.0
44398,7.0
44399,7.0
44400,7.0
44401,7.0
44402,7.0
44403,7.0
44404,7.0
44405,7.0
44406,7.0
44407,7.0
44408,7.0
44409,7.0
44410,7.0
44411,7.0
44412,7.0
44413,7.0
44414,7.0
44415,7.0
44416,7.0
44417,7.0
44418,7.0
44419,7.0
44420,7.0
44421,7.0
44422,7.0
44423,7.0
44424,7.0
44425,7.0
44426,7.0
44427,7.0
44428,7.0
44429,7.0
44430,7.0
44431,7.0
44432,7.0
44433,7.0
44434,7.0
44435,7.0
44436,7.0
44437,7.0
44438,7.0
44439,7.0
44440,7.0
44441,7.0
44442,7.0
44443,7.0
44444,7.0
44445,7.0
44446,7.0
44447,7.0
44448,7.0
44449,7.0
44450,7.0
44451,7.0
44452,7.0
44453,7.0
44454,7.0
44455,7.0
44456,7.0
44457,7.0
44458,7.0
44459,7.0
44460,7.0
44461,7.0
44462,7.0
44463,7.0
44464,7.0
44465,7.0
44466,7.0
44467,7.0
44468,7.0
44469,7.0
44470,7.0
44471,7.0
44472,7.0
44473,7.0
44474,7.0
44475,7.0
44476,7.0
44477,7.0
44478,7.0
44479,7.0
44480,7.0
44481,7.0
44482,7.0
44483,7.0
44484,7.0
44485,7.0
44486,7.0
44487,7.0
44488,7.0
44489,7.0
44490,7.0
44491,7.0
44492,7.0
44493,7.0
44494,7.0
44495,7.0
44496,7.0
44497,7.0
44498,7.0
44499,7.0
44500,7.0
44501,7.0
44502,7.0
44503,7.0
44504,7.0
44505,7.0
44506,7.0
44507,7.0
44508,7.0
44509,7.0
44510,7.0
44511,7.0
44512,7.0
44513,7.0
44514,7.0
44515,7.0
44516,7.0
44517,7.0
44518,7.0
44519,7.0
44520,7.0
44521,7.0
44522,7.0
44523,7.0
44524,7.0
44525,7.0
44526,7.0
44527,7.0
44528,7.0
44529,7.0
44530,7.0
44531,7.0
44532,7.0
44533,7.0
44534,7.0
44535,7.0
44536,7.0
44537,7.0
44538,7.0
44539,7.0
44540,7.0
44541,7.0
44542,7.0
44543,7.0
44544,7.0
44545,7.0
44546,7.0
44547,7.0
44548,7.0
44549,7.0
44550,7.0
44551,7.0
44552,7.0
44553,7.0
44554,7.0
44555,7.0
44556,7.0
44557,7.0
44558,7.0
44559,7.0
44560,7.0
44561,7.0
44562,7.0
44563,7.0
44564,7.0
44565,7.0
44566,7.0
44567,7.0
44568,7.0
44569,7.0
44570,7.0
44571,7.0
44572,7.0
44573,7.0
44574,7.0
44575,7.0
44576,7.0
44577,7.0
44578,7.0
44579,7.0
44580,7.0
44581,7.0
44582,7.0
44583,7.0
44584,7.0
44585,7.0
44586,7.0
44587,7.0
44588,7.0
44589,7.0
44590,7.0
44591,7.0
44592,7.0
44593,7.0
44594,7.0
44595,7.0
44596,7.0
44597,7.0
44598,7.0
44599,7.0
44600,7.0
44601,7.0
44602,7.0
44603,7.0
44604,7.0
44605,7.0
44606,7.0
44607,7.0
44608,7.0
44609,7.0
44610,7.0
44611,7.0
44612,7.0
44613,7.0
44614,7.0
44615,7.0
44616,7.0
44617,7.0
44618,7.0
44619,7.0
44620,7.0
44621,7.0
44622,7.0
44623,7.0
44624,7.0
44625,7.0
44626,7.0
44627,7.0
44628,7.0
44629,7.0
44630,7.0
44631,7.0
44632,7.0
44633,7.0
44634,7.0
44635,7.0
44636,7.0
44637,7.0
44638,7.0
44639,7.0
44640,7.0
44641,7.0
44642,7.0
44643,7.0
44644,7.0
44645,7.0
44646,7.0
44647,7.0
44648,7.0
44649,7.0
44650,7.0
44651,7.0
44652,7.0
44653,7.0
44654,7.0
44655,7.0
44656,7.0
44657,7.0
44658,7.0
44659,7.0
44660,7.0
44661,7.0
44662,7.0
44663,7.0
44664,7.0
44665,7.0
44666,7.0
44667,7.0
44668,7.0
44669,7.0
44670,7.0
44671,7.0
44672,7.0
44673,7.0
44674,7.0
44675,7.0
44676,7.0
44677,7.0
44678,7.0
44679,7.0
44680,7.0
44681,7.0
44682,7.0
44683,7.0
44684,7.0
44685,7.0
44686,7.0
44687,7.0
44688,7.0
44689,7.0
44690,7.0
44691,7.0
44692,7.0
44693,7.0
44694,7.0
44695,7.0
44696,7.0
44697,7.0
44698,7.0
44699,7.0
44700,7.0
44701,7.0
44702,7.0
44703,7.0
44704,7.0
44705,7.0
44706,7.0
44707,7.0
44708,7.0
44709,7.0
44710,7.0
44711,7.0
44712,7.0
44713,7.0
44714,7.0
44715,7.0
44716,7.0
44717,7.0
44718,7.0
44719,7.0
44720,7.0
44721,7.0
44722,7.0
44723,7.0
44724,7.0
44725,7.0
44726,7.0
44727,7.0
44728,7.0
44729,7.0
44730,7.0
44731,7.0
44732,7.0
44733,7.0
44734,7.0
44735,7.0
44736,7.0
44737,7.0
44738,7.0
44739,7.0
44740,7.0
44741,7.0
44742,7.0
44743,7.0
44744,7.0
44745,7.0
44746,7.0
44747,7.0
44748,7.0
44749,7.0
44750,7.0
44751,7.0
44752,7.0
44753,7.0
44754,7.0
44755,7.0
44756,7.0
44757,7.0
44758,7.0
44759,7.0
44760,7.0
44761,7.0
44762,7.0
44763,7.0
44764,7.0
44765,7.0
44766,7.0
44767,7.0
44768,7.0
44769,7.0
44770,7.0
44771,7.0
44772,7.0
44773,7.0
44774,7.0
44775,7.0
44776,7.0
44777,7.0
44778,7.0
44779,7.0
44780,7.0
44781,7.0
44782,7.0
44783,7.0
44784,7.0
44785,7.0
44786,7.0
44787,7.0
44788,7.0
44789,7.0
44790,7.0
44791,7.0
44792,7.0
44793,7.0
44794,7.0
44795,7.0
44796,7.0
44797,7.0
44798,7.0
44799,7.0
44800,7.0
44801,7.0
44802,7.0
44803,7.0
44804,7.0
44805,7.0
44806,7.0
44807,7.0
44808,7.0
44809,7.0
44810,7.0
44811,7.0
44812,7.0
44813,7.0
44814,7.0
44815,7.0
44816,7.0
44817,7.0
44818,7.0
44819,7.0
44820,7.0
44821,7.0
44822,7.0
44823,7.0
44824,7.0
44825,7.0
44826,7.0
44827,7.0
44828,7.0
44829,7.0
44830,7.0
44831,7.0
44832,7.0
44833,7.0
44834,7.0
44835,7.0
44836,7.0
44837,7.0
44838,7.0
44839,7.0
44840,7.0
44841,7.0
44842,7.0
44843,7.0
44844,7.0
44845,7.0
44846,7.0
44847,7.0
44848,7.0
44849,7.0
44850,7.0
44851,7.0
44852,7.0
44853,7.0
44854,7.0
44855,7.0
44856,7.0
44857,7.0
44858,7.0
44859,7.0
44860,7.0
44861,7.0
44862,7.0
44863,7.0
44864,7.0
44865,7.0
44866,7.0
44867,7.0
44868,7.0
44869,7.0
44870,7.0
44871,7.0
44872,7.0
44873,7.0
44874,7.0
44875,7.0
44876,7.0
44877,7.0
44878,7.0
44879,7.0
44880,7.0
44881,7.0
44882,7.0
44883,7.0
44884,7.0
44885,7.0
44886,7.0
44887,7.0
44888,7.0
44889,7.0
44890,7.0
44891,7.0
44892,7.0
44893,7.0
44894,7.0
44895,7.0
44896,7.0
44897,7.0
44898,7.0
44899,7.0
44900,7.0
44901,7.0
44902,7.0
44903,7.0
44904,7.0
44905,7.0
44906,7.0
44907,7.0
44908,7.0
44909,7.0
44910,7.0
44911,7.0
44912,7.0
44913,7.0
44914,7.0
44915,7.0
44916,7.0
44917,7.0
44918,7.0
44919,7.0
44920,7.0
44921,7.0
44922,7.0
44923,7.0
44924,7.0
44925,7.0
44926,7.0
44927,7.0
44928,7.0
44929,7.0
44930,7.0
44931,7.0
44932,7.0
44933,7.0
44934,7.0
44935,7.0
44936,7.0
44937,7.0
44938,7.0
44939,7.0
44940,7.0
44941,8.0
44942,8.0
44943,8.0
44944,8.0
44945,8.0
44946,8.0
44947,8.0
44948,8.0
44949,8.0
44950,8.0
44951,8.0
44952,8.0
44953,8.0
44954,8.0
44955,8.0
44956,8.0
44957,8.0
44958,8.0
44959,8.0
44960,8.0
44961,8.0
44962,8.0
44963,8.0
44964,8.0
44965,8.0
44966,8.0
44967,8.0
44968,8.0
44969,8.0
44970,8.0
44971,8.0
44972,8.0
44973,8.0
44974,8.0
44975,8.0
44976,8.0
44977,8.0
44978,8.0
44979,8.0
44980,8.0
44981,8.0
44982,8.0
44983,8.0
44984,8.0
44985,8.0
44986,8.0
44987,8.0
44988,8.0
44989,8.0
44990,8.0
44991,8.0
44992,8.0
44993,8.0
44994,8.0
44995,8.0
44996,8.0
44997,8.0
44998,8.0
44999,8.0
45000,8.0
45001,8.0
45002,8.0
45003,8.0
45004,8.0
45005,8.0
45006,8.0
45007,8.0
45008,8.0
45009,8.0
45010,8.0
45011,8.0
45012,8.0
45013,8.0
45014,8.0
45015,8.0
45016,8.0
45017,8.0
45018,8.0
45019,8.0
45020,8.0
45021,8.0
45022,8.0
45023,8.0
45024,8.0
45025,8.0
45026,8.0
45027,8.0
45028,8.0
45029,8.0
45030,8.0
45031,8.0
45032,8.0
45033,8.0
45034,8.0
45035,8.0
45036,8.0
45037,8.0
45038,8.0
45039,8.0
45040,8.0
45041,8.0
45042,8.0
45043,8.0
45044,8.0
45045,8.0
45046,8.0
45047,8.0
45048,8.0
45049,8.0
45050,8.0
45051,8.0
45052,8.0
45053,8.0
45054,8.0
45055,8.0
45056,8.0
45057,8.0
45058,8.0
45059,8.0
45060,8.0
45061,8.0
45062,8.0
45063,8.0
45064,8.0
45065,8.0
45066,8.0
45067,8.0
45068,8.0
45069,8.0
45070,8.0
45071,8.0
45072,8.0
45073,8.0
45074,8.0
45075,8.0
45076,8.0
45077,8.0
45078,8.0
45079,8.0
45080,8.0
45081,8.0
45082,8.0
45083,8.0
45084,8.0
45085,8.0
45086,8.0
45087,8.0
45088,8.0
45089,8.0
45090,8.0
45091,7.0
45092,7.0
45093,7.0
45094,7.0
45095,7.0
45096,7.0
45097,7.0
45098,7.0
45099,7.0
45100,7.0
45101,7.0
45102,7.0
45103,7.0
45104,7.0
45105,7.0
45106,7.0
45107,7.0
45108,7.0
45109,7.0
45110,7.0
45111,7.0
45112,7.0
45113,7.0
45114,7.0
45115,7.0
45116,7.0
45117,7.0
45118,7.0
45119,7.0
45120,7.0
45121,7.0
45122,7.0
45123,7.0
45124,7.0
45125,7.0
45126,7.0
45127,7.0
45128,7.0
45129,7.0
45130,7.0
45131,7.0
45132,7.0
45133,7.0
45134,7.0
45135,7.0
45136,7.0
45137,7.0
45138,7.0
45139,7.0
45140,7.0
45141,7.0
45142,7.0
45143,7.0
45144,7.0
45145,7.0
45146,7.0
45147,7.0
45148,7.0
45149,7.0
45150,7.0
45151,7.0
45152,7.0
45153,7.0
45154,7.0
45155,7.0
45156,7.0
45157,7.0
45158,7.0
45159,7.0
45160,7.0
45161,7.0
45162,7.0
45163,7.0
45164,7.0
45165,7.0
45166,7.0
45167,7.0
45168,7.0
45169,7.0
45170,7.0
45171,7.0
45172,7.0
45173,7.0
45174,7.0
45175,7.0
45176,7.0
45177,7.0
45178,7.0
45179,7.0
45180,7.0
45181,7.0
45182,7.0
45183,7.0
45184,7.0
45185,7.0
45186,7.0
45187,7.0
45188,7.0
45189,7.0
45190,7.0
45191,7.0
45192,7.0
45193,7.0
45194,7.0
45195,7.0
45196,7.0
45197,7.0
45198,7.0
45199,7.0
45200,7.0
45201,7.0
45202,7.0
45203,7.0
45204,7.0
45205,7.0
45206,7.0
45207,7.0
45208,7.0
45209,7.0
45210,7.0
45211,7.0
45212,7.0
45213,7.0
45214,7.0
45215,7.0
45216,7.0
45217,7.0
45218,7.0
45219,7.0
45220,7.0
45221,7.0
45222,7.0
45223,7.0
45224,7.0
45225,7.0
45226,7.0
45227,7.0
45228,7.0
45229,7.0
45230,7.0
45231,7.0
45232,7.0
45233,7.0
45234,7.0
45235,7.0
45236,7.0
45237,7.0
45238,7.0
45239,7.0
45240,7.0
45241,7.0
45242,7.0
45243,7.0
45244,7.0
45245,7.0
45246,7.0
45247,7.0
45248,7.0
45249,7.0
45250,7.0
45251,7.0
45252,7.0
45253,7.0
45254,7.0
45255,7.0
45256,7.0
45257,7.0
45258,7.0
45259,7.0
45260,7.0
45261,7.0
45262,7.0
45263,7.0
45264,7.0
45265,7.0
45266,7.0
45267,7.0
45268,7.0
45269,7.0
45270,7.0
45271,7.0
45272,7.0
45273,7.0
45274,7.0
45275,7.0
45276,7.0
45277,7.0
45278,7.0
45279,7.0
45280,7.0
45281,7.0
45282,7.0
45283,7.0
45284,7.0
45285,7.0
45286,7.0
45287,7.0
45288,7.0
45289,7.0
45290,7.0
45291,7.0
45292,7.0
45293,7.0
45294,7.0
45295,7.0
45296,7.0
45297,7.0
45298,7.0
45299,7.0
45300,7.0
45301,7.0
45302,7.0
45303,7.0
45304,7.0
45305,7.0
45306,7.0
45307,7.0
45308,7.0
45309,7.0
45310,7.0
45311,7.0
45312,7.0
45313,7.0
45314,7.0
45315,7.0
45316,7.0
45317,7.0
45318,7.0
45319,7.0
45320,7.0
45321,7.0
45322,7.0
45323,7.0
45324,7.0
45325,7.0
45326,7.0
45327,7.0
45328,7.0
45329,7.0
45330,7.0
45331,7.0
45332,7.0
45333,7.0
45334,7.0
45335,7.0
45336,7.0
45337,7.0
45338,7.0
45339,7.0
45340,7.0
45341,7.0
45342,7.0
45343,7.0
45344,7.0
45345,7.0
45346,7.0
45347,7.0
45348,7.0
45349,7.0
45350,7.0
45351,7.0
45352,7.0
45353,7.0
45354,7.0
45355,7.0
45356,7.0
45357,7.0
45358,7.0
45359,7.0
45360,7.0
45361,7.0
45362,7.0
45363,7.0
45364,7.0
45365,7.0
45366,7.0
45367,7.0
45368,7.0
45369,7.0
45370,7.0
45371,7.0
45372,7.0
45373,7.0
45374,7.0
45375,7.0
45376,7.0
45377,7.0
45378,7.0
45379,7.0
45380,7.0
45381,7.0
45382,7.0
45383,7.0
45384,7.0
45385,7.0
45386,7.0
45387,7.0
45388,7.0
45389,7.0
45390,7.0
45391,7.0
45392,7.0
45393,7.0
45394,7.0
45395,7.0
45396,7.0
45397,7.0
45398,7.0
45399,7.0
45400,7.0
45401,7.0
45402,7.0
45403,7.0
45404,7.0
45405,7.0
45406,7.0
45407,7.0
45408,7.0
45409,7.0
45410,7.0
45411,7.0
45412,7.0
45413,7.0
45414,7.0
45415,7.0
45416,7.0
45417,7.0
45418,7.0
45419,7.0
45420,7.0
45421,7.0
45422,7.0
45423,7.0
45424,7.0
45425,7.0
45426,7.0
45427,7.0
45428,7.0
45429,7.0
45430,7.0
45431,7.0
45432,7.0
45433,7.0
45434,7.0
45435,7.0
45436,7.0
45437,7.0
45438,7.0
45439,7.0
45440,7.0
45441,7.0
45442,7.0
45443,7.0
45444,7.0
45445,7.0
45446,7.0
45447,7.0
45448,7.0
45449,7.0
45450,7.0
45451,7.0
45452,7.0
45453,7.0
45454,7.0
45455,7.0
45456,7.0
45457,7.0
45458,7.0
45459,7.0
45460,7.0
45461,7.0
45462,7.0
45463,7.0
45464,7.0
45465,7.0
45466,7.0
45467,7.0
45468,7.0
45469,7.0
45470,7.0
45471,7.0
45472,7.0
45473,7.0
45474,7.0
45475,7.0
45476,7.0
45477,7.0
45478,7.0
45479,7.0
45480,7.0
45481,7.0
45482,7.0
45483,7.0
45484,7.0
45485,7.0
45486,7.0
45487,7.0
45488,7.0
45489,7.0
45490,7.0
45491,7.0
45492,7.0
45493,7.0
45494,7.0
45495,7.0
45496,7.0
45497,7.0
45498,7.0
45499,7.0
45500,7.0
45501,7.0
45502,7.0
45503,7.0
45504,7.0
45505,7.0
45506,7.0
45507,7.0
45508,7.0
45509,7.0
45510,7.0
45511,7.0
45512,7.0
45513,7.0
45514,7.0
45515,7.0
45516,7.0
45517,7.0
45518,7.0
45519,7.0
45520,7.0
45521,7.0
45522,7.0
45523,7.0
45524,7.0
45525,7.0
45526,7.0
45527,7.0
45528,7.0
45529,7.0
45530,7.0
45531,7.0
45532,7.0
45533,7.0
45534,7.0
45535,7.0
45536,7.0
45537,7.0
45538,7.0
45539,7.0
45540,7.0
45541,7.0
45542,7.0
45543,7.0
45544,7.0
45545,7.0
45546,7.0
45547,7.0
45548,7.0
45549,7.0
45550,7.0
45551,7.0
45552,7.0
45553,7.0
45554,7.0
45555,7.0
45556,7.0
45557,7.0
45558,7.0
45559,7.0
45560,7.0
45561,7.0
45562,7.0
45563,7.0
45564,7.0
45565,7.0
45566,7.0
45567,7.0
45568,7.0
45569,7.0
45570,7.0
45571,7.0
45572,7.0
45573,7.0
45574,7.0
45575,7.0
45576,7.0
45577,7.0
45578,7.0
45579,7.0
45580,7.0
45581,7.0
45582,7.0
45583,7.0
45584,7.0
45585,7.0
45586,7.0
45587,7.0
45588,7.0
45589,7.0
45590,7.0
45591,7.0
45592,7.0
45593,7.0
45594,7.0
45595,7.0
45596,7.0
45597,7.0
45598,7.0
45599,7.0
45600,7.0
45601,7.0
45602,7.0
45603,7.0
45604,7.0
45605,7.0
45606,7.0
45607,7.0
45608,7.0
45609,7.0
45610,7.0
45611,7.0
45612,7.0
45613,7.0
45614,7.0
45615,7.0
45616,7.0
45617,7.0
45618,7.0
45619,7.0
45620,7.0
45621,7.0
45622,7.0
45623,7.0
45624,7.0
45625,7.0
45626,7.0
45627,7.0
45628,7.0
45629,7.0
45630,7.0
45631,7.0
45632,7.0
45633,7.0
45634,7.0
45635,7.0
45636,7.0
45637,7.0
45638,7.0
45639,7.0
45640,7.0
45641,7.0
45642,7.0
45643,7.0
45644,7.0
45645,7.0
45646,7.0
45647,7.0
45648,7.0
45649,7.0
45650,7.0
45651,7.0
45652,7.0
45653,7.0
45654,7.0
45655,7.0
45656,7.0
45657,7.0
45658,7.0
45659,7.0
45660,7.0
45661,7.0
45662,7.0
45663,7.0
45664,7.0
45665,7.0
45666,7.0
45667,7.0
45668,7.0
45669,7.0
45670,7.0
45671,7.0
45672,7.0
45673,7.0
45674,7.0
45675,7.0
45676,7.0
45677,7.0
45678,7.0
45679,7.0
45680,7.0
45681,7.0
45682,7.0
45683,7.0
45684,7.0
45685,7.0
45686,7.0
45687,7.0
45688,7.0
45689,7.0
45690,7.0
45691,7.0
45692,7.0
45693,7.0
45694,7.0
45695,7.0
45696,7.0
45697,7.0
45698,7.0
45699,7.0
45700,7.0
45701,7.0
45702,7.0
45703,7.0
45704,7.0
45705,7.0
45706,7.0
45707,7.0
45708,7.0
45709,7.0
45710,7.0
45711,7.0
45712,7.0
45713,7.0
45714,7.0
45715,7.0
45716,7.0
45717,7.0
45718,7.0
45719,7.0
45720,7.0
45721,7.0
45722,7.0
45723,7.0
45724,7.0
45725,7.0
45726,7.0
45727,7.0
45728,7.0
45729,7.0
45730,7.0
45731,7.0
45732,7.0
45733,7.0
45734,7.0
45735,7.0
45736,7.0
45737,7.0
45738,7.0
45739,7.0
45740,7.0
45741,7.0
45742,7.0
45743,7.0
45744,7.0
45745,7.0
45746,7.0
45747,7.0
45748,7.0
45749,7.0
45750,7.0
45751,7.0
45752,7.0
45753,7.0
45754,7.0
45755,7.0
45756,7.0
45757,7.0
45758,7.0
45759,7.0
45760,7.0
45761,7.0
45762,7.0
45763,7.0
45764,7.0
45765,7.0
45766,7.0
45767,7.0
45768,7.0
45769,7.0
45770,7.0
45771,7.0
45772,7.0
45773,7.0
45774,7.0
45775,7.0
45776,7.0
45777,7.0
45778,7.0
45779,7.0
45780,7.0
45781,7.0
45782,7.0
45783,7.0
45784,7.0
45785,7.0
45786,7.0
45787,7.0
45788,7.0
45789,7.0
45790,7.0
45791,7.0
45792,7.0
45793,7.0
45794,7.0
45795,7.0
45796,7.0
45797,7.0
45798,7.0
45799,7.0
45800,7.0
45801,7.0
45802,7.0
45803,7.0
45804,7.0
45805,7.0
45806,7.0
45807,7.0
45808,7.0
45809,7.0
45810,7.0
45811,7.0
45812,7.0
45813,7.0
45814,7.0
45815,7.0
45816,7.0
45817,7.0
45818,7.0
45819,7.0
45820,7.0
45821,7.0
45822,7.0
45823,7.0
45824,7.0
45825,7.0
45826,7.0
45827,7.0
45828,7.0
45829,7.0
45830,7.0
45831,7.0
45832,7.0
45833,7.0
45834,7.0
45835,7.0
45836,7.0
45837,7.0
45838,7.0
45839,7.0
45840,7.0
45841,7.0
45842,7.0
45843,7.0
45844,7.0
45845,7.0
45846,7.0
45847,7.0
45848,7.0
45849,7.0
45850,7.0
45851,7.0
45852,7.0
45853,7.0
45854,7.0
45855,7.0
45856,7.0
45857,7.0
45858,7.0
45859,7.0
45860,7.0
45861,7.0
45862,7.0
45863,7.0
45864,7.0
45865,7.0
45866,7.0
45867,7.0
45868,7.0
45869,7.0
45870,7.0
45871,7.0
45872,7.0
45873,7.0
45874,7.0
45875,7.0
45876,7.0
45877,7.0
45878,7.0
45879,7.0
45880,7.0
45881,7.0
45882,7.0
45883,7.0
45884,7.0
45885,7.0
45886,7.0
45887,7.0
45888,7.0
45889,7.0
45890,7.0
45891,7.0
45892,7.0
45893,7.0
45894,7.0
45895,7.0
45896,7.0
45897,7.0
45898,7.0
45899,7.0
45900,7.0
45901,7.0
45902,7.0
45903,7.0
45904,7.0
45905,7.0
45906,7.0
45907,7.0
45908,7.0
45909,7.0
45910,7.0
45911,7.0
45912,7.0
45913,7.0
45914,7.0
45915,7.0
45916,7.0
45917,7.0
45918,7.0
45919,7.0
45920,7.0
45921,7.0
45922,7.0
45923,7.0
45924,7.0
45925,7.0
45926,7.0
45927,7.0
45928,7.0
45929,7.0
45930,7.0
45931,7.0
45932,7.0
45933,7.0
45934,7.0
45935,7.0
45936,7.0
45937,7.0
45938,7.0
45939,7.0
45940,7.0
45941,7.0
45942,7.0
45943,7.0
45944,7.0
45945,7.0
45946,7.0
45947,7.0
45948,7.0
45949,7.0
45950,7.0
45951,7.0
45952,7.0
45953,7.0
45954,7.0
45955,7.0
45956,7.0
45957,7.0
45958,7.0
45959,7.0
45960,7.0
45961,7.0
45962,7.0
45963,7.0
45964,7.0
45965,7.0
45966,7.0
45967,7.0
45968,7.0
45969,7.0
45970,7.0
45971,7.0
45972,7.0
45973,7.0
45974,7.0
45975,7.0
45976,7.0
45977,7.0
45978,7.0
45979,7.0
45980,7.0
45981,7.0
45982,7.0
45983,7.0
45984,7.0
45985,7.0
45986,7.0
45987,7.0
45988,7.0
45989,7.0
45990,7.0
45991,7.0
45992,7.0
45993,7.0
45994,7.0
45995,7.0
45996,7.0
45997,7.0
45998,7.0
45999,7.0
46000,7.0
46001,7.0
46002,7.0
46003,7.0
46004,7.0
46005,7.0
46006,7.0
46007,7.0
46008,7.0
46009,7.0
46010,7.0
46011,7.0
46012,7.0
46013,7.0
46014,7.0
46015,7.0
46016,7.0
46017,7.0
46018,7.0
46019,7.0
46020,7.0
46021,7.0
46022,7.0
46023,7.0
46024,7.0
46025,7.0
46026,7.0
46027,7.0
46028,7.0
46029,7.0
46030,7.0
46031,7.0
46032,7.0
46033,7.0
46034,7.0
46035,7.0
46036,7.0
46037,7.0
46038,7.0
46039,7.0
46040,7.0
46041,7.0
46042,7.0
46043,7.0
46044,7.0
46045,7.0
46046,7.0
46047,7.0
46048,7.0
46049,7.0
46050,7.0
46051,7.0
46052,7.0
46053,7.0
46054,7.0
46055,7.0
46056,7.0
46057,7.0
46058,7.0
46059,7.0
46060,7.0
46061,7.0
46062,7.0
46063,7.0
46064,7.0
46065,7.0
46066,7.0
46067,7.0
46068,7.0
46069,7.0
46070,7.0
46071,7.0
46072,7.0
46073,7.0
46074,7.0
46075,7.0
46076,7.0
46077,7.0
46078,7.0
46079,7.0
46080,7.0
46081,7.0
46082,7.0
46083,7.0
46084,7.0
46085,7.0
46086,7.0
46087,7.0
46088,7.0
46089,7.0
46090,7.0
46091,7.0
46092,7.0
46093,7.0
46094,7.0
46095,7.0
46096,7.0
46097,7.0
46098,7.0
46099,7.0
46100,7.0
46101,7.0
46102,7.0
46103,7.0
46104,7.0
46105,7.0
46106,7.0
46107,7.0
46108,7.0
46109,7.0
46110,7.0
46111,7.0
46112,7.0
46113,7.0
46114,7.0
46115,7.0
46116,7.0
46117,7.0
46118,7.0
46119,7.0
46120,7.0
46121,7.0
46122,7.0
46123,7.0
46124,7.0
46125,7.0
46126,7.0
46127,7.0
46128,7.0
46129,7.0
46130,7.0
46131,7.0
46132,7.0
46133,7.0
46134,7.0
46135,7.0
46136,7.0
46137,7.0
46138,7.0
46139,7.0
46140,7.0
46141,7.0
46142,7.0
46143,7.0
46144,7.0
46145,7.0
46146,7.0
46147,7.0
46148,7.0
46149,7.0
46150,7.0
46151,7.0
46152,7.0
46153,7.0
46154,7.0
46155,7.0
46156,7.0
46157,7.0
46158,7.0
46159,7.0
46160,7.0
46161,7.0
46162,7.0
46163,7.0
46164,7.0
46165,7.0
46166,7.0
46167,7.0
46168,7.0
46169,7.0
46170,7.0
46171,7.0
46172,7.0
46173,7.0
46174,7.0
46175,7.0
46176,7.0
46177,7.0
46178,7.0
46179,7.0
46180,7.0
46181,7.0
46182,7.0
46183,7.0
46184,7.0
46185,7.0
46186,7.0
46187,7.0
46188,7.0
46189,7.0
46190,7.0
46191,7.0
46192,7.0
46193,7.0
46194,7.0
46195,7.0
46196,7.0
46197,7.0
46198,7.0
46199,7.0
46200,7.0
46201,7.0
46202,7.0
46203,7.0
46204,7.0
46205,7.0
46206,7.0
46207,7.0
46208,7.0
46209,7.0
46210,7.0
46211,7.0
46212,7.0
46213,7.0
46214,7.0
46215,7.0
46216,7.0
46217,7.0
46218,7.0
46219,7.0
46220,7.0
46221,7.0
46222,7.0
46223,7.0
46224,7.0
46225,7.0
46226,7.0
46227,7.0
46228,7.0
46229,7.0
46230,7.0
46231,7.0
46232,7.0
46233,7.0
46234,7.0
46235,7.0
46236,7.0
46237,7.0
46238,7.0
46239,7.0
46240,7.0
46241,7.0
46242,7.0
46243,7.0
46244,7.0
46245,7.0
46246,7.0
46247,7.0
46248,7.0
46249,7.0
46250,7.0
46251,7.0
46252,7.0
46253,7.0
46254,7.0
46255,7.0
46256,7.0
46257,7.0
46258,7.0
46259,7.0
46260,7.0
46261,7.0
46262,7.0
46263,7.0
46264,7.0
46265,7.0
46266,7.0
46267,7.0
46268,7.0
46269,7.0
46270,7.0
46271,7.0
46272,7.0
46273,7.0
46274,7.0
46275,7.0
46276,7.0
46277,7.0
46278,7.0
46279,7.0
46280,7.0
46281,7.0
46282,7.0
46283,7.0
46284,7.0
46285,7.0
46286,7.0
46287,7.0
46288,7.0
46289,7.0
46290,7.0
46291,7.0
46292,7.0
46293,7.0
46294,7.0
46295,7.0
46296,7.0
46297,7.0
46298,7.0
46299,7.0
46300,7.0
46301,7.0
46302,7.0
46303,7.0
46304,7.0
46305,7.0
46306,7.0
46307,7.0
46308,7.0
46309,7.0
46310,7.0
46311,7.0
46312,7.0
46313,7.0
46314,7.0
46315,7.0
46316,7.0
46317,7.0
46318,7.0
46319,7.0
46320,7.0
46321,7.0
46322,7.0
46323,7.0
46324,7.0
46325,7.0
46326,7.0
46327,7.0
46328,7.0
46329,7.0
46330,7.0
46331,7.0
46332,7.0
46333,7.0
46334,7.0
46335,7.0
46336,7.0
46337,7.0
46338,7.0
46339,7.0
46340,7.0
46341,7.0
46342,7.0
46343,7.0
46344,7.0
46345,7.0
46346,7.0
46347,7.0
46348,7.0
46349,7.0
46350,7.0
46351,7.0
46352,7.0
46353,7.0
46354,7.0
46355,7.0
46356,7.0
46357,7.0
46358,7.0
46359,7.0
46360,7.0
46361,7.0
46362,7.0
46363,7.0
46364,7.0
46365,7.0
46366,7.0
46367,7.0
46368,7.0
46369,7.0
46370,7.0
46371,7.0
46372,7.0
46373,7.0
46374,7.0
46375,7.0
46376,7.0
46377,7.0
46378,7.0
46379,7.0
46380,7.0
46381,7.0
46382,7.0
46383,7.0
46384,7.0
46385,7.0
46386,7.0
46387,7.0
46388,7.0
46389,7.0
46390,7.0
46391,7.0
46392,7.0
46393,7.0
46394,7.0
46395,7.0
46396,7.0
46397,7.0
46398,7.0
46399,7.0
46400,7.0
46401,7.0
46402,7.0
46403,7.0
46404,7.0
46405,7.0
46406,7.0
46407,7.0
46408,7.0
46409,7.0
46410,7.0
46411,7.0
46412,7.0
46413,7.0
46414,7.0
46415,7.0
46416,7.0
46417,7.0
46418,7.0
46419,7.0
46420,7.0
46421,7.0
46422,7.0
46423,7.0
46424,7.0
46425,7.0
46426,7.0
46427,7.0
46428,7.0
46429,7.0
46430,7.0
46431,7.0
46432,7.0
46433,7.0
46434,7.0
46435,7.0
46436,7.0
46437,7.0
46438,7.0
46439,7.0
46440,7.0
46441,7.0
46442,7.0
46443,7.0
46444,7.0
46445,7.0
46446,7.0
46447,7.0
46448,7.0
46449,7.0
46450,7.0
46451,7.0
46452,7.0
46453,7.0
46454,7.0
46455,7.0
46456,7.0
46457,7.0
46458,7.0
46459,7.0
46460,7.0
46461,7.0
46462,7.0
46463,7.0
46464,7.0
46465,7.0
46466,7.0
46467,7.0
46468,7.0
46469,7.0
46470,7.0
46471,7.0
46472,7.0
46473,7.0
46474,7.0
46475,7.0
46476,7.0
46477,7.0
46478,7.0
46479,7.0
46480,7.0
46481,7.0
46482,7.0
46483,7.0
46484,7.0
46485,7.0
46486,7.0
46487,7.0
46488,7.0
46489,7.0
46490,7.0
46491,7.0
46492,7.0
46493,7.0
46494,7.0
46495,7.0
46496,7.0
46497,7.0
46498,7.0
46499,7.0
46500,7.0
46501,7.0
46502,7.0
46503,7.0
46504,7.0
46505,7.0
46506,7.0
46507,7.0
46508,7.0
46509,7.0
46510,7.0
46511,7.0
46512,7.0
46513,7.0
46514,7.0
46515,7.0
46516,7.0
46517,7.0
46518,7.0
46519,7.0
46520,7.0
46521,7.0
46522,7.0
46523,7.0
46524,7.0
46525,7.0
46526,7.0
46527,7.0
46528,7.0
46529,7.0
46530,7.0
46531,7.0
46532,7.0
46533,7.0
46534,7.0
46535,7.0
46536,7.0
46537,7.0
46538,7.0
46539,7.0
46540,7.0
46541,7.0
46542,7.0
46543,7.0
46544,7.0
46545,7.0
46546,7.0
46547,7.0
46548,7.0
46549,7.0
46550,7.0
46551,7.0
46552,7.0
46553,7.0
46554,7.0
46555,7.0
46556,7.0
46557,7.0
46558,7.0
46559,7.0
46560,7.0
46561,7.0
46562,7.0
46563,7.0
46564,7.0
46565,7.0
46566,7.0
46567,7.0
46568,7.0
46569,7.0
46570,7.0
46571,7.0
46572,7.0
46573,7.0
46574,7.0
46575,7.0
46576,7.0
46577,7.0
46578,7.0
46579,7.0
46580,7.0
46581,7.0
46582,7.0
46583,7.0
46584,7.0
46585,7.0
46586,7.0
46587,7.0
46588,7.0
46589,7.0
46590,7.0
46591,7.0
46592,7.0
46593,7.0
46594,7.0
46595,7.0
46596,7.0
46597,7.0
46598,7.0
46599,7.0
46600,7.0
46601,7.0
46602,7.0
46603,7.0
46604,7.0
46605,7.0
46606,7.0
46607,7.0
46608,7.0
46609,7.0
46610,7.0
46611,7.0
46612,7.0
46613,7.0
46614,7.0
46615,7.0
46616,7.0
46617,7.0
46618,7.0
46619,7.0
46620,7.0
46621,7.0
46622,7.0
46623,7.0
46624,7.0
46625,7.0
46626,7.0
46627,7.0
46628,7.0
46629,7.0
46630,7.0
46631,7.0
46632,7.0
46633,7.0
46634,7.0
46635,7.0
46636,7.0
46637,7.0
46638,7.0
46639,7.0
46640,7.0
46641,7.0
46642,7.0
46643,7.0
46644,7.0
46645,7.0
46646,7.0
46647,7.0
46648,7.0
46649,7.0
46650,7.0
46651,7.0
46652,7.0
46653,7.0
46654,7.0
46655,7.0
46656,7.0
46657,7.0
46658,7.0
46659,7.0
46660,7.0
46661,7.0
46662,7.0
46663,7.0
46664,7.0
46665,7.0
46666,7.0
46667,7.0
46668,7.0
46669,7.0
46670,7.0
46671,7.0
46672,7.0
46673,7.0
46674,7.0
46675,7.0
46676,7.0
46677,7.0
46678,7.0
46679,7.0
46680,7.0
46681,7.0
46682,7.0
46683,7.0
46684,7.0
46685,7.0
46686,7.0
46687,7.0
46688,7.0
46689,7.0
46690,7.0
46691,7.0
46692,7.0
46693,7.0
46694,7.0
46695,7.0
46696,7.0
46697,7.0
46698,7.0
46699,7.0
46700,7.0
46701,7.0
46702,7.0
46703,7.0
46704,7.0
46705,7.0
46706,7.0
46707,7.0
46708,7.0
46709,7.0
46710,7.0
46711,7.0
46712,7.0
46713,7.0
46714,7.0
46715,7.0
46716,7.0
46717,7.0
46718,7.0
46719,7.0
46720,7.0
46721,7.0
46722,7.0
46723,7.0
46724,7.0
46725,7.0
46726,7.0
46727,7.0
46728,7.0
46729,7.0
46730,7.0
46731,7.0
46732,7.0
46733,7.0
46734,7.0
46735,7.0
46736,7.0
46737,7.0
46738,7.0
46739,7.0
46740,7.0
46741,7.0
46742,7.0
46743,7.0
46744,7.0
46745,7.0
46746,7.0
46747,7.0
46748,7.0
46749,7.0
46750,7.0
46751,7.0
46752,7.0
46753,7.0
46754,7.0
46755,7.0
46756,7.0
46757,7.0
46758,7.0
46759,7.0
46760,7.0
46761,7.0
46762,7.0
46763,7.0
46764,7.0
46765,7.0
46766,7.0
46767,7.0
46768,7.0
46769,7.0
46770,7.0
46771,7.0
46772,7.0
46773,7.0
46774,7.0
46775,7.0
46776,7.0
46777,7.0
46778,7.0
46779,7.0
46780,7.0
46781,7.0
46782,7.0
46783,7.0
46784,7.0
46785,7.0
46786,7.0
46787,7.0
46788,7.0
46789,7.0
46790,7.0
46791,7.0
46792,7.0
46793,7.0
46794,7.0
46795,7.0
46796,7.0
46797,7.0
46798,7.0
46799,7.0
46800,7.0
46801,7.0
46802,7.0
46803,7.0
46804,7.0
46805,7.0
46806,7.0
46807,7.0
46808,7.0
46809,7.0
46810,7.0
46811,7.0
46812,7.0
46813,7.0
46814,7.0
46815,7.0
46816,7.0
46817,7.0
46818,7.0
46819,7.0
46820,7.0
46821,7.0
46822,7.0
46823,7.0
46824,7.0
46825,7.0
46826,7.0
46827,7.0
46828,7.0
46829,7.0
46830,7.0
46831,7.0
46832,7.0
46833,7.0
46834,7.0
46835,7.0
46836,7.0
46837,7.0
46838,7.0
46839,7.0
46840,7.0
46841,7.0
46842,7.0
46843,7.0
46844,7.0
46845,7.0
46846,7.0
46847,7.0
46848,7.0
46849,7.0
46850,7.0
46851,7.0
46852,7.0
46853,7.0
46854,7.0
46855,7.0
46856,7.0
46857,7.0
46858,7.0
46859,7.0
46860,7.0
46861,7.0
46862,7.0
46863,7.0
46864,7.0
46865,7.0
46866,7.0
46867,7.0
46868,7.0
46869,7.0
46870,7.0
46871,7.0
46872,7.0
46873,7.0
46874,7.0
46875,7.0
46876,7.0
46877,7.0
46878,7.0
46879,7.0
46880,7.0
46881,7.0
46882,7.0
46883,7.0
46884,7.0
46885,7.0
46886,7.0
46887,7.0
46888,7.0
46889,7.0
46890,7.0
46891,7.0
46892,7.0
46893,7.0
46894,7.0
46895,7.0
46896,7.0
46897,7.0
46898,7.0
46899,7.0
46900,7.0
46901,7.0
46902,7.0
46903,7.0
46904,7.0
46905,7.0
46906,7.0
46907,7.0
46908,7.0
46909,7.0
46910,7.0
46911,7.0
46912,7.0
46913,7.0
46914,7.0
46915,7.0
46916,7.0
46917,7.0
46918,7.0
46919,7.0
46920,7.0
46921,7.0
46922,7.0
46923,7.0
46924,7.0
46925,7.0
46926,7.0
46927,7.0
46928,7.0
46929,7.0
46930,7.0
46931,7.0
46932,7.0
46933,7.0
46934,7.0
46935,7.0
46936,7.0
46937,7.0
46938,7.0
46939,7.0
46940,7.0
46941,7.0
46942,7.0
46943,7.0
46944,7.0
46945,7.0
46946,7.0
46947,7.0
46948,7.0
46949,7.0
46950,7.0
46951,7.0
46952,7.0
46953,7.0
46954,7.0
46955,7.0
46956,7.0
46957,7.0
46958,7.0
46959,7.0
46960,7.0
46961,7.0
46962,7.0
46963,7.0
46964,7.0
46965,7.0
46966,7.0
46967,7.0
46968,7.0
46969,7.0
46970,7.0
46971,7.0
46972,7.0
46973,7.0
46974,7.0
46975,7.0
46976,7.0
46977,7.0
46978,7.0
46979,7.0
46980,7.0
46981,7.0
46982,7.0
46983,7.0
46984,7.0
46985,7.0
46986,7.0
46987,7.0
46988,7.0
46989,7.0
46990,7.0
46991,7.0
46992,7.0
46993,7.0
46994,7.0
46995,7.0
46996,7.0
46997,7.0
46998,7.0
46999,7.0
47000,7.0
47001,7.0
47002,7.0
47003,7.0
47004,7.0
47005,7.0
47006,7.0
47007,7.0
47008,7.0
47009,7.0
47010,7.0
47011,7.0
47012,7.0
47013,7.0
47014,7.0
47015,7.0
47016,7.0
47017,7.0
47018,7.0
47019,7.0
47020,7.0
47021,7.0
47022,7.0
47023,7.0
47024,7.0
47025,7.0
47026,7.0
47027,7.0
47028,7.0
47029,7.0
47030,7.0
47031,7.0
47032,7.0
47033,7.0
47034,7.0
47035,7.0
47036,7.0
47037,7.0
47038,7.0
47039,7.0
47040,7.0
47041,7.0
47042,7.0
47043,7.0
47044,7.0
47045,7.0
47046,7.0
47047,7.0
47048,7.0
47049,7.0
47050,7.0
47051,7.0
47052,7.0
47053,7.0
47054,7.0
47055,7.0
47056,7.0
47057,7.0
47058,7.0
47059,7.0
47060,7.0
47061,7.0
47062,7.0
47063,7.0
47064,7.0
47065,7.0
47066,7.0
47067,7.0
47068,7.0
47069,7.0
47070,7.0
47071,7.0
47072,7.0
47073,7.0
47074,7.0
47075,7.0
47076,7.0
47077,7.0
47078,7.0
47079,7.0
47080,7.0
47081,7.0
47082,7.0
47083,7.0
47084,7.0
47085,7.0
47086,7.0
47087,7.0
47088,7.0
47089,7.0
47090,7.0
47091,7.0
47092,7.0
47093,7.0
47094,7.0
47095,7.0
47096,7.0
47097,7.0
47098,7.0
47099,7.0
47100,7.0
47101,7.0
47102,7.0
47103,7.0
47104,7.0
47105,7.0
47106,7.0
47107,7.0
47108,7.0
47109,7.0
47110,7.0
47111,7.0
47112,7.0
47113,7.0
47114,7.0
47115,7.0
47116,7.0
47117,7.0
47118,7.0
47119,7.0
47120,7.0
47121,7.0
47122,7.0
47123,7.0
47124,7.0
47125,7.0
47126,7.0
47127,7.0
47128,7.0
47129,7.0
47130,7.0
47131,7.0
47132,7.0
47133,7.0
47134,7.0
47135,7.0
47136,7.0
47137,7.0
47138,7.0
47139,7.0
47140,7.0
47141,7.0
47142,7.0
47143,7.0
47144,7.0
47145,7.0
47146,7.0
47147,7.0
47148,7.0
47149,7.0
47150,7.0
47151,7.0
47152,7.0
47153,7.0
47154,7.0
47155,7.0
47156,7.0
47157,7.0
47158,7.0
47159,7.0
47160,7.0
47161,7.0
47162,7.0
47163,7.0
47164,7.0
47165,7.0
47166,7.0
47167,7.0
47168,7.0
47169,7.0
47170,7.0
47171,7.0
47172,7.0
47173,7.0
47174,7.0
47175,7.0
47176,7.0
47177,7.0
47178,7.0
47179,7.0
47180,7.0
47181,7.0
47182,7.0
47183,7.0
47184,7.0
47185,7.0
47186,7.0
47187,7.0
47188,7.0
47189,7.0
47190,7.0
47191,7.0
47192,7.0
47193,7.0
47194,7.0
47195,7.0
47196,7.0
47197,7.0
47198,7.0
47199,7.0
47200,7.0
47201,7.0
47202,7.0
47203,7.0
47204,7.0
47205,7.0
47206,7.0
47207,7.0
47208,7.0
47209,7.0
47210,7.0
47211,7.0
47212,7.0
47213,7.0
47214,7.0
47215,7.0
47216,7.0
47217,7.0
47218,7.0
47219,7.0
47220,7.0
47221,7.0
47222,7.0
47223,7.0
47224,7.0
47225,7.0
47226,7.0
47227,7.0
47228,7.0
47229,7.0
47230,7.0
47231,7.0
47232,7.0
47233,7.0
47234,7.0
47235,7.0
47236,7.0
47237,7.0
47238,7.0
47239,7.0
47240,7.0
47241,7.0
47242,7.0
47243,7.0
47244,7.0
47245,7.0
47246,7.0
47247,7.0
47248,7.0
47249,7.0
47250,7.0
47251,7.0
47252,7.0
47253,7.0
47254,7.0
47255,7.0
47256,7.0
47257,7.0
47258,7.0
47259,7.0
47260,7.0
47261,7.0
47262,7.0
47263,7.0
47264,7.0
47265,7.0
47266,7.0
47267,7.0
47268,7.0
47269,7.0
47270,7.0
47271,7.0
47272,7.0
47273,7.0
47274,7.0
47275,7.0
47276,7.0
47277,7.0
47278,7.0
47279,7.0
47280,7.0
47281,7.0
47282,7.0
47283,7.0
47284,7.0
47285,7.0
47286,7.0
47287,7.0
47288,7.0
47289,7.0
47290,7.0
47291,7.0
47292,7.0
47293,7.0
47294,7.0
47295,7.0
47296,7.0
47297,7.0
47298,7.0
47299,7.0
47300,7.0
47301,7.0
47302,7.0
47303,7.0
47304,7.0
47305,7.0
47306,7.0
47307,7.0
47308,7.0
47309,7.0
47310,7.0
47311,7.0
47312,7.0
47313,7.0
47314,7.0
47315,7.0
47316,7.0
47317,7.0
47318,7.0
47319,7.0
47320,7.0
47321,7.0
47322,7.0
47323,7.0
47324,7.0
47325,7.0
47326,7.0
47327,7.0
47328,7.0
47329,7.0
47330,7.0
47331,7.0
47332,7.0
47333,7.0
47334,7.0
47335,7.0
47336,7.0
47337,7.0
47338,7.0
47339,7.0
47340,7.0
47341,7.0
47342,7.0
47343,7.0
47344,7.0
47345,7.0
47346,7.0
47347,7.0
47348,7.0
47349,7.0
47350,7.0
47351,7.0
47352,7.0
47353,7.0
47354,7.0
47355,7.0
47356,7.0
47357,7.0
47358,7.0
47359,7.0
47360,7.0
47361,7.0
47362,7.0
47363,7.0
47364,7.0
47365,7.0
47366,7.0
47367,7.0
47368,7.0
47369,7.0
47370,7.0
47371,7.0
47372,7.0
47373,7.0
47374,7.0
47375,7.0
47376,7.0
47377,7.0
47378,7.0
47379,7.0
47380,7.0
47381,7.0
47382,7.0
47383,7.0
47384,7.0
47385,7.0
47386,7.0
47387,7.0
47388,7.0
47389,7.0
47390,7.0
47391,7.0
47392,7.0
47393,7.0
47394,7.0
47395,7.0
47396,7.0
47397,7.0
47398,7.0
47399,7.0
47400,7.0
47401,7.0
47402,7.0
47403,7.0
47404,7.0
47405,7.0
47406,7.0
47407,7.0
47408,7.0
47409,7.0
47410,7.0
47411,7.0
47412,7.0
47413,7.0
47414,7.0
47415,7.0
47416,7.0
47417,7.0
47418,7.0
47419,7.0
47420,7.0
47421,7.0
47422,7.0
47423,7.0
47424,7.0
47425,7.0
47426,7.0
47427,7.0
47428,7.0
47429,7.0
47430,7.0
47431,7.0
47432,7.0
47433,7.0
47434,7.0
47435,7.0
47436,7.0
47437,7.0
47438,7.0
47439,7.0
47440,7.0
47441,7.0
47442,7.0
47443,7.0
47444,7.0
47445,7.0
47446,7.0
47447,7.0
47448,7.0
47449,7.0
47450,7.0
47451,7.0
47452,7.0
47453,7.0
47454,7.0
47455,7.0
47456,7.0
47457,7.0
47458,7.0
47459,7.0
47460,7.0
47461,7.0
47462,7.0
47463,7.0
47464,7.0
47465,7.0
47466,7.0
47467,7.0
47468,7.0
47469,7.0
47470,7.0
47471,7.0
47472,7.0
47473,7.0
47474,7.0
47475,7.0
47476,7.0
47477,7.0
47478,7.0
47479,7.0
47480,7.0
47481,7.0
47482,7.0
47483,7.0
47484,7.0
47485,7.0
47486,7.0
47487,7.0
47488,7.0
47489,7.0
47490,7.0
47491,7.0
47492,7.0
47493,7.0
47494,7.0
47495,7.0
47496,7.0
47497,7.0
47498,7.0
47499,7.0
47500,7.0
47501,7.0
47502,7.0
47503,7.0
47504,7.0
47505,7.0
47506,7.0
47507,7.0
47508,7.0
47509,7.0
47510,7.0
47511,7.0
47512,7.0
47513,7.0
47514,7.0
47515,7.0
47516,7.0
47517,7.0
47518,7.0
47519,7.0
47520,7.0
47521,7.0
47522,7.0
47523,7.0
47524,7.0
47525,7.0
47526,7.0
47527,7.0
47528,7.0
47529,7.0
47530,7.0
47531,7.0
47532,7.0
47533,7.0
47534,7.0
47535,7.0
47536,7.0
47537,7.0
47538,7.0
47539,7.0
47540,7.0
47541,7.0
47542,7.0
47543,7.0
47544,7.0
47545,7.0
47546,7.0
47547,7.0
47548,7.0
47549,7.0
47550,7.0
47551,7.0
47552,7.0
47553,7.0
47554,7.0
47555,7.0
47556,7.0
47557,7.0
47558,7.0
47559,7.0
47560,7.0
47561,7.0
47562,7.0
47563,7.0
47564,7.0
47565,7.0
47566,7.0
47567,7.0
47568,7.0
47569,7.0
47570,7.0
47571,7.0
47572,7.0
47573,7.0
47574,7.0
47575,7.0
47576,7.0
47577,7.0
47578,7.0
47579,7.0
47580,7.0
47581,7.0
47582,7.0
47583,7.0
47584,7.0
47585,7.0
47586,7.0
47587,7.0
47588,7.0
47589,7.0
47590,7.0
47591,7.0
47592,7.0
47593,7.0
47594,7.0
47595,7.0
47596,7.0
47597,7.0
47598,7.0
47599,7.0
47600,7.0
47601,7.0
47602,7.0
47603,7.0
47604,7.0
47605,7.0
47606,7.0
47607,7.0
47608,7.0
47609,7.0
47610,7.0
47611,7.0
47612,7.0
47613,7.0
47614,7.0
47615,7.0
47616,7.0
47617,7.0
47618,7.0
47619,7.0
47620,7.0
47621,7.0
47622,7.0
47623,7.0
47624,7.0
47625,7.0
47626,7.0
47627,7.0
47628,7.0
47629,7.0
47630,7.0
47631,7.0
47632,7.0
47633,7.0
47634,7.0
47635,7.0
47636,7.0
47637,7.0
47638,7.0
47639,7.0
47640,7.0
47641,7.0
47642,7.0
47643,7.0
47644,7.0
47645,7.0
47646,7.0
47647,7.0
47648,7.0
47649,7.0
47650,7.0
47651,7.0
47652,7.0
47653,7.0
47654,7.0
47655,7.0
47656,7.0
47657,7.0
47658,7.0
47659,7.0
47660,7.0
47661,7.0
47662,7.0
47663,7.0
47664,7.0
47665,7.0
47666,7.0
47667,7.0
47668,7.0
47669,7.0
47670,7.0
47671,7.0
47672,7.0
47673,7.0
47674,7.0
47675,7.0
47676,7.0
47677,7.0
47678,7.0
47679,7.0
47680,7.0
47681,7.0
47682,7.0
47683,7.0
47684,7.0
47685,7.0
47686,7.0
47687,7.0
47688,7.0
47689,7.0
47690,7.0
47691,7.0
47692,7.0
47693,7.0
47694,7.0
47695,7.0
47696,7.0
47697,7.0
47698,7.0
47699,7.0
47700,7.0
47701,7.0
47702,7.0
47703,7.0
47704,7.0
47705,7.0
47706,7.0
47707,7.0
47708,7.0
47709,7.0
47710,7.0
47711,7.0
47712,7.0
47713,7.0
47714,7.0
47715,7.0
47716,7.0
47717,7.0
47718,7.0
47719,7.0
47720,7.0
47721,7.0
47722,7.0
47723,7.0
47724,7.0
47725,7.0
47726,7.0
47727,7.0
47728,7.0
47729,7.0
47730,7.0
47731,7.0
47732,7.0
47733,7.0
47734,7.0
47735,7.0
47736,7.0
47737,7.0
47738,7.0
47739,7.0
47740,7.0
47741,7.0
47742,7.0
47743,7.0
47744,7.0
47745,7.0
47746,7.0
47747,7.0
47748,7.0
47749,7.0
47750,7.0
47751,7.0
47752,7.0
47753,7.0
47754,7.0
47755,7.0
47756,7.0
47757,7.0
47758,7.0
47759,7.0
47760,7.0
47761,7.0
47762,7.0
47763,7.0
47764,7.0
47765,7.0
47766,7.0
47767,7.0
47768,7.0
47769,7.0
47770,7.0
47771,7.0
47772,7.0
47773,7.0
47774,7.0
47775,7.0
47776,7.0
47777,7.0
47778,7.0
47779,7.0
47780,7.0
47781,7.0
47782,7.0
47783,7.0
47784,7.0
47785,7.0
47786,7.0
47787,7.0
47788,7.0
47789,7.0
47790,7.0
47791,7.0
47792,7.0
47793,7.0
47794,7.0
47795,7.0
47796,7.0
47797,7.0
47798,7.0
47799,7.0
47800,7.0
47801,7.0
47802,7.0
47803,7.0
47804,7.0
47805,7.0
47806,7.0
47807,7.0
47808,7.0
47809,7.0
47810,7.0
47811,7.0
47812,7.0
47813,7.0
47814,7.0
47815,7.0
47816,7.0
47817,7.0
47818,7.0
47819,7.0
47820,7.0
47821,7.0
47822,7.0
47823,7.0
47824,7.0
47825,7.0
47826,7.0
47827,7.0
47828,7.0
47829,7.0
47830,7.0
47831,7.0
47832,7.0
47833,7.0
47834,7.0
47835,7.0
47836,7.0
47837,7.0
47838,7.0
47839,7.0
47840,7.0
47841,7.0
47842,7.0
47843,7.0
47844,7.0
47845,7.0
47846,7.0
47847,7.0
47848,7.0
47849,7.0
47850,7.0
47851,7.0
47852,7.0
47853,7.0
47854,7.0
47855,7.0
47856,7.0
47857,7.0
47858,7.0
47859,7.0
47860,7.0
47861,7.0
47862,7.0
47863,7.0
47864,7.0
47865,7.0
47866,7.0
47867,7.0
47868,7.0
47869,7.0
47870,7.0
47871,7.0
47872,7.0
47873,7.0
47874,7.0
47875,7.0
47876,7.0
47877,7.0
47878,7.0
47879,7.0
47880,7.0
47881,7.0
47882,7.0
47883,7.0
47884,7.0
47885,7.0
47886,7.0
47887,7.0
47888,7.0
47889,7.0
47890,7.0
47891,7.0
47892,7.0
47893,7.0
47894,7.0
47895,7.0
47896,7.0
47897,7.0
47898,7.0
47899,7.0
47900,7.0
47901,7.0
47902,7.0
47903,7.0
47904,7.0
47905,7.0
47906,7.0
47907,7.0
47908,7.0
47909,7.0
47910,7.0
47911,7.0
47912,7.0
47913,7.0
47914,7.0
47915,7.0
47916,7.0
47917,7.0
47918,7.0
47919,7.0
47920,7.0
47921,7.0
47922,7.0
47923,7.0
47924,7.0
47925,7.0
47926,7.0
47927,7.0
47928,7.0
47929,7.0
47930,7.0
47931,7.0
47932,7.0
47933,7.0
47934,7.0
47935,7.0
47936,7.0
47937,7.0
47938,7.0
47939,7.0
47940,7.0
47941,7.0
47942,7.0
47943,7.0
47944,7.0
47945,7.0
47946,7.0
47947,7.0
47948,7.0
47949,7.0
47950,7.0
47951,7.0
47952,7.0
47953,7.0
47954,7.0
47955,7.0
47956,7.0
47957,7.0
47958,7.0
47959,7.0
47960,7.0
47961,7.0
47962,7.0
47963,7.0
47964,7.0
47965,7.0
47966,7.0
47967,7.0
47968,7.0
47969,7.0
47970,7.0
47971,7.0
47972,7.0
47973,7.0
47974,7.0
47975,7.0
47976,7.0
47977,7.0
47978,7.0
47979,7.0
47980,7.0
47981,7.0
47982,7.0
47983,7.0
47984,7.0
47985,7.0
47986,7.0
47987,7.0
47988,7.0
47989,7.0
47990,7.0
47991,7.0
47992,7.0
47993,7.0
47994,7.0
47995,7.0
47996,7.0
47997,7.0
47998,7.0
47999,7.0
48000,7.0
48001,7.0
48002,7.0
48003,7.0
48004,7.0
48005,7.0
48006,7.0
48007,7.0
48008,7.0
48009,7.0
48010,7.0
48011,7.0
48012,7.0
48013,7.0
48014,7.0
48015,7.0
48016,7.0
48017,7.0
48018,7.0
48019,7.0
48020,7.0
48021,7.0
48022,7.0
48023,7.0
48024,7.0
48025,7.0
48026,7.0
48027,7.0
48028,7.0
48029,7.0
48030,7.0
48031,7.0
48032,7.0
48033,7.0
48034,7.0
48035,7.0
48036,7.0
48037,7.0
48038,7.0
48039,7.0
48040,7.0
48041,7.0
48042,7.0
48043,7.0
48044,7.0
48045,7.0
48046,7.0
48047,7.0
48048,7.0
48049,7.0
48050,7.0
48051,7.0
48052,7.0
48053,7.0
48054,7.0
48055,7.0
48056,7.0
48057,7.0
48058,7.0
48059,7.0
48060,7.0
48061,7.0
48062,7.0
48063,7.0
48064,7.0
48065,7.0
48066,7.0
48067,7.0
48068,7.0
48069,7.0
48070,7.0
48071,7.0
48072,7.0
48073,7.0
48074,7.0
48075,7.0
48076,7.0
48077,7.0
48078,7.0
48079,7.0
48080,7.0
48081,7.0
48082,7.0
48083,7.0
48084,7.0
48085,7.0
48086,7.0
48087,7.0
48088,7.0
48089,7.0
48090,7.0
48091,7.0
48092,7.0
48093,7.0
48094,7.0
48095,7.0
48096,7.0
48097,7.0
48098,7.0
48099,7.0
48100,7.0
48101,7.0
48102,7.0
48103,7.0
48104,7.0
48105,7.0
48106,7.0
48107,7.0
48108,7.0
48109,7.0
48110,7.0
48111,7.0
48112,7.0
48113,7.0
48114,7.0
48115,7.0
48116,7.0
48117,7.0
48118,7.0
48119,7.0
48120,7.0
48121,7.0
48122,7.0
48123,7.0
48124,7.0
48125,7.0
48126,7.0
48127,7.0
48128,7.0
48129,7.0
48130,7.0
48131,7.0
48132,7.0
48133,7.0
48134,7.0
48135,7.0
48136,7.0
48137,7.0
48138,7.0
48139,7.0
48140,7.0
48141,7.0
48142,7.0
48143,7.0
48144,7.0
48145,7.0
48146,7.0
48147,7.0
48148,7.0
48149,7.0
48150,7.0
48151,7.0
48152,7.0
48153,7.0
48154,7.0
48155,7.0
48156,7.0
48157,7.0
48158,7.0
48159,7.0
48160,7.0
48161,7.0
48162,7.0
48163,7.0
48164,7.0
48165,7.0
48166,7.0
48167,7.0
48168,7.0
48169,7.0
48170,7.0
48171,7.0
48172,7.0
48173,7.0
48174,7.0
48175,7.0
48176,7.0
48177,7.0
48178,7.0
48179,7.0
48180,7.0
48181,7.0
48182,7.0
48183,7.0
48184,7.0
48185,7.0
48186,7.0
48187,7.0
48188,7.0
48189,7.0
48190,7.0
48191,7.0
48192,7.0
48193,7.0
48194,7.0
48195,7.0
48196,7.0
48197,7.0
48198,7.0
48199,7.0
48200,7.0
48201,7.0
48202,7.0
48203,7.0
48204,7.0
48205,7.0
48206,7.0
48207,7.0
48208,7.0
48209,7.0
48210,7.0
48211,7.0
48212,7.0
48213,7.0
48214,7.0
48215,7.0
48216,7.0
48217,7.0
48218,7.0
48219,7.0
48220,7.0
48221,7.0
48222,7.0
48223,7.0
48224,7.0
48225,7.0
48226,7.0
48227,7.0
48228,7.0
48229,7.0
48230,7.0
48231,7.0
48232,7.0
48233,7.0
48234,7.0
48235,7.0
48236,7.0
48237,7.0
48238,7.0
48239,7.0
48240,7.0
48241,7.0
48242,7.0
48243,7.0
48244,7.0
48245,7.0
48246,7.0
48247,7.0
48248,7.0
48249,7.0
48250,7.0
48251,7.0
48252,7.0
48253,7.0
48254,7.0
48255,7.0
48256,7.0
48257,7.0
48258,7.0
48259,7.0
48260,7.0
48261,7.0
48262,7.0
48263,7.0
48264,7.0
48265,7.0
48266,7.0
48267,7.0
48268,7.0
48269,7.0
48270,7.0
48271,7.0
48272,7.0
48273,7.0
48274,7.0
48275,7.0
48276,7.0
48277,7.0
48278,7.0
48279,7.0
48280,7.0
48281,7.0
48282,7.0
48283,7.0
48284,7.0
48285,7.0
48286,7.0
48287,7.0
48288,7.0
48289,7.0
48290,7.0
48291,7.0
48292,7.0
48293,7.0
48294,7.0
48295,7.0
48296,7.0
48297,7.0
48298,7.0
48299,7.0
48300,7.0
48301,7.0
48302,7.0
48303,7.0
48304,7.0
48305,7.0
48306,7.0
48307,7.0
48308,7.0
48309,7.0
48310,7.0
48311,7.0
48312,7.0
48313,7.0
48314,7.0
48315,7.0
48316,7.0
48317,7.0
48318,7.0
48319,7.0
48320,7.0
48321,7.0
48322,7.0
48323,7.0
48324,7.0
48325,7.0
48326,7.0
48327,7.0
48328,7.0
48329,7.0
48330,7.0
48331,7.0
48332,7.0
48333,7.0
48334,7.0
48335,7.0
48336,7.0
48337,7.0
48338,7.0
48339,7.0
48340,7.0
48341,7.0
48342,7.0
48343,7.0
48344,7.0
48345,7.0
48346,7.0
48347,7.0
48348,7.0
48349,7.0
48350,7.0
48351,7.0
48352,7.0
48353,7.0
48354,7.0
48355,7.0
48356,7.0
48357,7.0
48358,7.0
48359,7.0
48360,7.0
48361,7.0
48362,7.0
48363,7.0
48364,7.0
48365,7.0
48366,7.0
48367,7.0
48368,7.0
48369,7.0
48370,7.0
48371,7.0
48372,7.0
48373,7.0
48374,7.0
48375,7.0
48376,7.0
48377,7.0
48378,7.0
48379,7.0
48380,7.0
48381,7.0
48382,7.0
48383,7.0
48384,7.0
48385,7.0
48386,7.0
48387,7.0
48388,7.0
48389,7.0
48390,7.0
48391,7.0
48392,7.0
48393,7.0
48394,7.0
48395,7.0
48396,7.0
48397,7.0
48398,7.0
48399,7.0
48400,7.0
48401,7.0
48402,7.0
48403,7.0
48404,7.0
48405,7.0
48406,7.0
48407,7.0
48408,7.0
48409,7.0
48410,7.0
48411,7.0
48412,7.0
48413,7.0
48414,7.0
48415,7.0
48416,7.0
48417,7.0
48418,7.0
48419,7.0
48420,7.0
48421,7.0
48422,7.0
48423,7.0
48424,7.0
48425,7.0
48426,7.0
48427,7.0
48428,7.0
48429,7.0
48430,7.0
48431,7.0
48432,7.0
48433,7.0
48434,7.0
48435,7.0
48436,7.0
48437,7.0
48438,7.0
48439,7.0
48440,7.0
48441,7.0
48442,7.0
48443,7.0
48444,7.0
48445,7.0
48446,7.0
48447,7.0
48448,7.0
48449,7.0
48450,7.0
48451,7.0
48452,7.0
48453,7.0
48454,7.0
48455,7.0
48456,7.0
48457,7.0
48458,7.0
48459,7.0
48460,7.0
48461,7.0
48462,7.0
48463,7.0
48464,7.0
48465,7.0
48466,7.0
48467,7.0
48468,7.0
48469,7.0
48470,7.0
48471,7.0
48472,7.0
48473,7.0
48474,7.0
48475,7.0
48476,7.0
48477,7.0
48478,7.0
48479,7.0
48480,7.0
48481,7.0
48482,7.0
48483,7.0
48484,7.0
48485,7.0
48486,7.0
48487,7.0
48488,7.0
48489,7.0
48490,7.0
48491,7.0
48492,7.0
48493,7.0
48494,7.0
48495,7.0
48496,7.0
48497,7.0
48498,7.0
48499,7.0
48500,7.0
48501,7.0
48502,7.0
48503,7.0
48504,7.0
48505,7.0
48506,7.0
48507,7.0
48508,7.0
48509,7.0
48510,7.0
48511,7.0
48512,7.0
48513,7.0
48514,7.0
48515,7.0
48516,7.0
48517,7.0
48518,7.0
48519,7.0
48520,7.0
48521,7.0
48522,7.0
48523,7.0
48524,7.0
48525,7.0
48526,7.0
48527,7.0
48528,7.0
48529,7.0
48530,7.0
48531,7.0
48532,7.0
48533,7.0
48534,7.0
48535,7.0
48536,7.0
48537,7.0
48538,7.0
48539,7.0
48540,7.0
48541,7.0
48542,7.0
48543,7.0
48544,7.0
48545,7.0
48546,7.0
48547,7.0
48548,7.0
48549,7.0
48550,7.0
48551,7.0
48552,7.0
48553,7.0
48554,7.0
48555,7.0
48556,7.0
48557,7.0
48558,7.0
48559,7.0
48560,7.0
48561,7.0
48562,7.0
48563,7.0
48564,7.0
48565,7.0
48566,7.0
48567,7.0
48568,7.0
48569,7.0
48570,7.0
48571,7.0
48572,7.0
48573,7.0
48574,7.0
48575,7.0
48576,7.0
48577,7.0
48578,7.0
48579,7.0
48580,7.0
48581,7.0
48582,7.0
48583,7.0
48584,7.0
48585,7.0
48586,7.0
48587,7.0
48588,7.0
48589,7.0
48590,7.0
48591,7.0
48592,7.0
48593,7.0
48594,7.0
48595,7.0
48596,7.0
48597,7.0
48598,7.0
48599,7.0
48600,7.0
48601,7.0
48602,7.0
48603,7.0
48604,7.0
48605,7.0
48606,7.0
48607,7.0
48608,7.0
48609,7.0
48610,7.0
48611,7.0
48612,7.0
48613,7.0
48614,7.0
48615,7.0
48616,7.0
48617,7.0
48618,7.0
48619,7.0
48620,7.0
48621,7.0
48622,7.0
48623,7.0
48624,7.0
48625,7.0
48626,7.0
48627,7.0
48628,7.0
48629,7.0
48630,7.0
48631,7.0
48632,7.0
48633,7.0
48634,7.0
48635,7.0
48636,7.0
48637,7.0
48638,7.0
48639,7.0
48640,7.0
48641,7.0
48642,7.0
48643,7.0
48644,7.0
48645,7.0
48646,7.0
48647,7.0
48648,7.0
48649,7.0
48650,7.0
48651,7.0
48652,7.0
48653,7.0
48654,7.0
48655,7.0
48656,7.0
48657,7.0
48658,7.0
48659,7.0
48660,7.0
48661,7.0
48662,7.0
48663,7.0
48664,7.0
48665,7.0
48666,7.0
48667,7.0
48668,7.0
48669,7.0
48670,7.0
48671,7.0
48672,7.0
48673,7.0
48674,7.0
48675,7.0
48676,7.0
48677,7.0
48678,7.0
48679,7.0
48680,7.0
48681,7.0
48682,7.0
48683,7.0
48684,7.0
48685,7.0
48686,7.0
48687,7.0
48688,7.0
48689,7.0
48690,7.0
48691,7.0
48692,7.0
48693,7.0
48694,7.0
48695,7.0
48696,7.0
48697,7.0
48698,7.0
48699,7.0
48700,7.0
48701,7.0
48702,7.0
48703,7.0
48704,7.0
48705,7.0
48706,7.0
48707,7.0
48708,7.0
48709,7.0
48710,7.0
48711,7.0
48712,7.0
48713,7.0
48714,7.0
48715,7.0
48716,7.0
48717,7.0
48718,7.0
48719,7.0
48720,7.0
48721,7.0
48722,7.0
48723,7.0
48724,7.0
48725,7.0
48726,7.0
48727,7.0
48728,7.0
48729,7.0
48730,7.0
48731,7.0
48732,7.0
48733,7.0
48734,7.0
48735,7.0
48736,7.0
48737,7.0
48738,7.0
48739,7.0
48740,7.0
48741,7.0
48742,7.0
48743,7.0
48744,7.0
48745,7.0
48746,7.0
48747,7.0
48748,7.0
48749,7.0
48750,7.0
48751,7.0
48752,7.0
48753,7.0
48754,7.0
48755,7.0
48756,7.0
48757,7.0
48758,7.0
48759,7.0
48760,7.0
48761,7.0
48762,7.0
48763,7.0
48764,7.0
48765,7.0
48766,7.0
48767,7.0
48768,7.0
48769,7.0
48770,7.0
48771,7.0
48772,7.0
48773,7.0
48774,7.0
48775,7.0
48776,7.0
48777,7.0
48778,7.0
48779,7.0
48780,7.0
48781,7.0
48782,7.0
48783,7.0
48784,7.0
48785,7.0
48786,7.0
48787,7.0
48788,7.0
48789,7.0
48790,7.0
48791,7.0
48792,7.0
48793,7.0
48794,7.0
48795,7.0
