Time (s),Number of Solutions
0,7.0
1,7.0
2,7.0
3,7.0
4,7.0
5,7.0
6,7.0
7,7.0
8,7.0
9,7.0
10,7.0
11,7.0
12,7.0
13,7.0
14,7.0
15,7.0
16,7.0
17,7.0
18,7.0
19,7.0
20,7.0
21,7.0
22,7.0
23,7.0
24,7.0
25,7.0
26,7.0
27,7.0
28,7.0
29,7.0
30,7.0
31,7.0
32,7.0
33,7.0
34,7.0
35,7.0
36,7.0
37,7.0
38,7.0
39,7.0
40,7.0
41,7.0
42,7.0
43,7.0
44,7.0
45,7.0
46,7.0
47,7.0
48,7.0
49,7.0
50,7.0
51,7.0
52,7.0
53,7.0
54,7.0
55,7.0
56,7.0
57,7.0
58,7.0
59,7.0
60,7.0
61,7.0
62,7.0
63,7.0
64,7.0
65,7.0
66,7.0
67,7.0
68,7.0
69,8.0
70,8.0
71,8.0
72,8.0
73,8.0
74,8.0
75,8.0
76,8.0
77,8.0
78,8.0
79,8.0
80,8.0
81,8.0
82,8.0
83,8.0
84,8.0
85,8.0
86,8.0
87,8.0
88,8.0
89,8.0
90,8.0
91,8.0
92,8.0
93,8.0
94,8.0
95,8.0
96,8.0
97,8.0
98,8.0
99,8.0
100,8.0
101,8.0
102,8.0
103,8.0
104,8.0
105,8.0
106,8.0
107,8.0
108,8.0
109,8.0
110,8.0
111,8.0
112,8.0
113,8.0
114,8.0
115,8.0
116,8.0
117,8.0
118,8.0
119,8.0
120,8.0
121,8.0
122,8.0
123,8.0
124,8.0
125,8.0
126,8.0
127,8.0
128,8.0
129,8.0
130,8.0
131,8.0
132,8.0
133,8.0
134,8.0
135,8.0
136,8.0
137,8.0
138,8.0
139,8.0
140,8.0
141,8.0
142,8.0
143,8.0
144,8.0
145,8.0
146,8.0
147,8.0
148,8.0
149,8.0
150,8.0
151,8.0
152,8.0
153,8.0
154,8.0
155,8.0
156,8.0
157,8.0
158,8.0
159,8.0
160,8.0
161,8.0
162,8.0
163,8.0
164,8.0
165,8.0
166,8.0
167,8.0
168,8.0
169,8.0
170,8.0
171,8.0
172,8.0
173,8.0
174,8.0
175,8.0
176,8.0
177,8.0
178,8.0
179,8.0
180,8.0
181,8.0
182,8.0
183,8.0
184,8.0
185,8.0
186,8.0
187,8.0
188,8.0
189,8.0
190,8.0
191,8.0
192,8.0
193,8.0
194,8.0
195,8.0
196,8.0
197,8.0
198,8.0
199,8.0
200,8.0
201,8.0
202,8.0
203,8.0
204,8.0
205,8.0
206,8.0
207,8.0
208,8.0
209,8.0
210,8.0
211,8.0
212,8.0
213,8.0
214,8.0
215,8.0
216,8.0
217,8.0
218,8.0
219,8.0
220,8.0
221,8.0
222,8.0
223,8.0
224,8.0
225,8.0
226,8.0
227,8.0
228,8.0
229,8.0
230,8.0
231,8.0
232,8.0
233,8.0
234,8.0
235,8.0
236,8.0
237,8.0
238,8.0
239,8.0
240,8.0
241,8.0
242,8.0
243,8.0
244,8.0
245,8.0
246,8.0
247,8.0
248,8.0
249,8.0
250,8.0
251,8.0
252,8.0
253,8.0
254,8.0
255,8.0
256,8.0
257,8.0
258,8.0
259,8.0
260,8.0
261,8.0
262,8.0
263,8.0
264,8.0
265,8.0
266,8.0
267,8.0
268,8.0
269,8.0
270,8.0
271,8.0
272,8.0
273,8.0
274,8.0
275,8.0
276,8.0
277,8.0
278,8.0
279,8.0
280,8.0
281,8.0
282,8.0
283,8.0
284,8.0
285,8.0
286,8.0
287,8.0
288,8.0
289,8.0
290,8.0
291,8.0
292,8.0
293,8.0
294,8.0
295,8.0
296,8.0
297,8.0
298,8.0
299,8.0
300,8.0
301,8.0
302,8.0
303,8.0
304,8.0
305,8.0
306,8.0
307,8.0
308,8.0
309,8.0
310,8.0
311,8.0
312,8.0
313,8.0
314,8.0
315,8.0
316,8.0
317,8.0
318,8.0
319,8.0
320,8.0
321,8.0
322,8.0
323,8.0
324,8.0
325,8.0
326,8.0
327,8.0
328,8.0
329,8.0
330,8.0
331,8.0
332,8.0
333,8.0
334,8.0
335,8.0
336,8.0
337,8.0
338,8.0
339,8.0
340,8.0
341,8.0
342,8.0
343,8.0
344,8.0
345,8.0
346,8.0
347,8.0
348,8.0
349,8.0
350,8.0
351,8.0
352,8.0
353,8.0
354,8.0
355,8.0
356,8.0
357,8.0
358,8.0
359,8.0
360,8.0
361,8.0
362,8.0
363,8.0
364,8.0
365,8.0
366,8.0
367,8.0
368,8.0
369,8.0
370,8.0
371,8.0
372,8.0
373,8.0
374,8.0
375,8.0
376,8.0
377,8.0
378,8.0
379,8.0
380,8.0
381,8.0
382,8.0
383,8.0
384,8.0
385,8.0
386,8.0
387,8.0
388,8.0
389,8.0
390,8.0
391,8.0
392,8.0
393,8.0
394,8.0
395,8.0
396,8.0
397,8.0
398,8.0
399,8.0
400,8.0
401,8.0
402,8.0
403,8.0
404,8.0
405,8.0
406,8.0
407,8.0
408,8.0
409,8.0
410,8.0
411,8.0
412,8.0
413,8.0
414,8.0
415,8.0
416,8.0
417,8.0
418,8.0
419,8.0
420,8.0
421,8.0
422,8.0
423,8.0
424,8.0
425,8.0
426,8.0
427,8.0
428,8.0
429,8.0
430,8.0
431,8.0
432,8.0
433,8.0
434,8.0
435,8.0
436,8.0
437,8.0
438,8.0
439,8.0
440,8.0
441,8.0
442,8.0
443,8.0
444,8.0
445,8.0
446,8.0
447,8.0
448,8.0
449,8.0
450,8.0
451,8.0
452,8.0
453,8.0
454,8.0
455,8.0
456,8.0
457,8.0
458,8.0
459,8.0
460,8.0
461,8.0
462,8.0
463,8.0
464,8.0
465,8.0
466,8.0
467,8.0
468,8.0
469,8.0
470,8.0
471,8.0
472,8.0
473,8.0
474,8.0
475,8.0
476,8.0
477,8.0
478,8.0
479,8.0
480,8.0
481,8.0
482,8.0
483,8.0
484,8.0
485,8.0
486,8.0
487,8.0
488,8.0
489,8.0
490,8.0
491,8.0
492,8.0
493,8.0
494,8.0
495,8.0
496,8.0
497,8.0
498,8.0
499,8.0
500,8.0
501,8.0
502,8.0
503,8.0
504,8.0
505,8.0
506,8.0
507,8.0
508,8.0
509,8.0
510,8.0
511,8.0
512,8.0
513,8.0
514,8.0
515,8.0
516,8.0
517,8.0
518,8.0
519,8.0
520,8.0
521,8.0
522,8.0
523,8.0
524,8.0
525,8.0
526,8.0
527,8.0
528,8.0
529,8.0
530,8.0
531,8.0
532,8.0
533,8.0
534,8.0
535,8.0
536,8.0
537,8.0
538,8.0
539,8.0
540,8.0
541,8.0
542,8.0
543,8.0
544,8.0
545,8.0
546,8.0
547,8.0
548,8.0
549,8.0
550,8.0
551,8.0
552,8.0
553,8.0
554,8.0
555,8.0
556,8.0
557,8.0
558,8.0
559,8.0
560,8.0
561,8.0
562,8.0
563,8.0
564,8.0
565,8.0
566,8.0
567,8.0
568,8.0
569,8.0
570,8.0
571,8.0
572,8.0
573,8.0
574,8.0
575,8.0
576,8.0
577,8.0
578,8.0
579,8.0
580,8.0
581,8.0
582,8.0
583,8.0
584,8.0
585,8.0
586,8.0
587,8.0
588,8.0
589,8.0
590,8.0
591,8.0
592,8.0
593,8.0
594,8.0
595,8.0
596,8.0
597,8.0
598,8.0
599,8.0
600,8.0
601,8.0
602,8.0
603,8.0
604,8.0
605,8.0
606,8.0
607,8.0
608,8.0
609,8.0
610,8.0
611,8.0
612,8.0
613,8.0
614,8.0
615,8.0
616,8.0
617,8.0
618,8.0
619,8.0
620,8.0
621,8.0
622,8.0
623,8.0
624,8.0
625,8.0
626,8.0
627,8.0
628,8.0
629,8.0
630,8.0
631,8.0
632,8.0
633,8.0
634,8.0
635,8.0
636,8.0
637,8.0
638,8.0
639,8.0
640,8.0
641,8.0
642,8.0
643,8.0
644,8.0
645,8.0
646,8.0
647,8.0
648,8.0
649,8.0
650,8.0
651,8.0
652,8.0
653,8.0
654,8.0
655,8.0
656,8.0
657,8.0
658,8.0
659,8.0
660,8.0
661,8.0
662,8.0
663,8.0
664,8.0
665,8.0
666,8.0
667,8.0
668,8.0
669,8.0
670,8.0
671,8.0
672,8.0
673,8.0
674,8.0
675,8.0
676,8.0
677,8.0
678,8.0
679,8.0
680,8.0
681,8.0
682,8.0
683,8.0
684,8.0
685,8.0
686,8.0
687,8.0
688,8.0
689,8.0
690,8.0
691,8.0
692,8.0
693,8.0
694,8.0
695,8.0
696,8.0
697,8.0
698,8.0
699,8.0
700,8.0
701,8.0
702,8.0
703,8.0
704,8.0
705,8.0
706,8.0
707,8.0
708,8.0
709,8.0
710,8.0
711,8.0
712,8.0
713,8.0
714,8.0
715,8.0
716,8.0
717,8.0
718,8.0
719,8.0
720,8.0
721,8.0
722,8.0
723,8.0
724,8.0
725,8.0
726,8.0
727,8.0
728,8.0
729,8.0
730,8.0
731,8.0
732,8.0
733,8.0
734,8.0
735,8.0
736,8.0
737,8.0
738,8.0
739,8.0
740,8.0
741,8.0
742,8.0
743,8.0
744,8.0
745,8.0
746,8.0
747,8.0
748,8.0
749,8.0
750,8.0
751,8.0
752,8.0
753,8.0
754,8.0
755,8.0
756,8.0
757,8.0
758,8.0
759,8.0
760,8.0
761,8.0
762,8.0
763,8.0
764,8.0
765,8.0
766,8.0
767,8.0
768,8.0
769,8.0
770,8.0
771,8.0
772,8.0
773,8.0
774,8.0
775,8.0
776,8.0
777,8.0
778,8.0
779,8.0
780,8.0
781,8.0
782,8.0
783,8.0
784,8.0
785,8.0
786,8.0
787,8.0
788,8.0
789,8.0
790,8.0
791,8.0
792,8.0
793,8.0
794,8.0
795,8.0
796,8.0
797,8.0
798,8.0
799,8.0
800,8.0
801,8.0
802,8.0
803,8.0
804,8.0
805,8.0
806,8.0
807,8.0
808,8.0
809,8.0
810,8.0
811,8.0
812,8.0
813,8.0
814,8.0
815,8.0
816,8.0
817,8.0
818,8.0
819,8.0
820,8.0
821,8.0
822,8.0
823,8.0
824,8.0
825,8.0
826,8.0
827,8.0
828,8.0
829,8.0
830,8.0
831,8.0
832,8.0
833,8.0
834,8.0
835,8.0
836,8.0
837,8.0
838,8.0
839,8.0
840,8.0
841,8.0
842,8.0
843,8.0
844,8.0
845,8.0
846,8.0
847,8.0
848,8.0
849,8.0
850,8.0
851,8.0
852,8.0
853,8.0
854,8.0
855,8.0
856,8.0
857,8.0
858,8.0
859,8.0
860,8.0
861,8.0
862,8.0
863,8.0
864,8.0
865,8.0
866,8.0
867,8.0
868,8.0
869,8.0
870,8.0
871,8.0
872,8.0
873,8.0
874,8.0
875,8.0
876,8.0
877,8.0
878,8.0
879,8.0
880,8.0
881,8.0
882,8.0
883,8.0
884,8.0
885,8.0
886,8.0
887,8.0
888,8.0
889,8.0
890,8.0
891,8.0
892,8.0
893,8.0
894,8.0
895,8.0
896,8.0
897,8.0
898,8.0
899,8.0
900,8.0
901,8.0
902,8.0
903,8.0
904,8.0
905,8.0
906,8.0
907,8.0
908,8.0
909,8.0
910,8.0
911,8.0
912,8.0
913,8.0
914,8.0
915,8.0
916,8.0
917,8.0
918,8.0
919,8.0
920,8.0
921,8.0
922,8.0
923,8.0
924,8.0
925,8.0
926,8.0
927,8.0
928,8.0
929,8.0
930,8.0
931,8.0
932,8.0
933,8.0
934,8.0
935,8.0
936,8.0
937,8.0
938,8.0
939,8.0
940,8.0
941,8.0
942,8.0
943,8.0
944,8.0
945,8.0
946,8.0
947,8.0
948,8.0
949,8.0
950,8.0
951,8.0
952,8.0
953,8.0
954,8.0
955,8.0
956,8.0
957,8.0
958,8.0
959,8.0
960,8.0
961,8.0
962,8.0
963,8.0
964,8.0
965,8.0
966,8.0
967,8.0
968,8.0
969,8.0
970,8.0
971,8.0
972,8.0
973,8.0
974,8.0
975,8.0
976,8.0
977,8.0
978,8.0
979,8.0
980,8.0
981,8.0
982,8.0
983,8.0
984,8.0
985,8.0
986,8.0
987,8.0
988,8.0
989,8.0
990,8.0
991,8.0
992,8.0
993,8.0
994,8.0
995,8.0
996,8.0
997,8.0
998,8.0
999,8.0
1000,8.0
1001,8.0
1002,8.0
1003,8.0
1004,8.0
1005,8.0
1006,8.0
1007,8.0
1008,8.0
1009,8.0
1010,8.0
1011,8.0
1012,8.0
1013,8.0
1014,8.0
1015,8.0
1016,8.0
1017,8.0
1018,8.0
1019,8.0
1020,8.0
1021,8.0
1022,8.0
1023,8.0
1024,8.0
1025,8.0
1026,8.0
1027,8.0
1028,8.0
1029,8.0
1030,8.0
1031,8.0
1032,8.0
1033,8.0
1034,8.0
1035,8.0
1036,8.0
1037,8.0
1038,8.0
1039,8.0
1040,8.0
1041,8.0
1042,8.0
1043,8.0
1044,8.0
1045,8.0
1046,8.0
1047,8.0
1048,8.0
1049,8.0
1050,8.0
1051,8.0
1052,8.0
1053,8.0
1054,8.0
1055,8.0
1056,8.0
1057,8.0
1058,8.0
1059,8.0
1060,8.0
1061,8.0
1062,8.0
1063,8.0
1064,8.0
1065,8.0
1066,8.0
1067,8.0
1068,8.0
1069,8.0
1070,8.0
1071,8.0
1072,8.0
1073,8.0
1074,8.0
1075,8.0
1076,8.0
1077,8.0
1078,8.0
1079,8.0
1080,8.0
1081,8.0
1082,8.0
1083,8.0
1084,8.0
1085,8.0
1086,8.0
1087,8.0
1088,8.0
1089,8.0
1090,8.0
1091,8.0
1092,8.0
1093,8.0
1094,8.0
1095,8.0
1096,8.0
1097,8.0
1098,8.0
1099,8.0
1100,8.0
1101,8.0
1102,8.0
1103,8.0
1104,8.0
1105,8.0
1106,8.0
1107,8.0
1108,8.0
1109,8.0
1110,8.0
1111,8.0
1112,8.0
1113,8.0
1114,8.0
1115,8.0
1116,8.0
1117,8.0
1118,8.0
1119,8.0
1120,8.0
1121,8.0
1122,8.0
1123,8.0
1124,8.0
1125,8.0
1126,8.0
1127,8.0
1128,8.0
1129,8.0
1130,8.0
1131,8.0
1132,8.0
1133,8.0
1134,8.0
1135,8.0
1136,8.0
1137,8.0
1138,8.0
1139,8.0
1140,8.0
1141,8.0
1142,8.0
1143,8.0
1144,8.0
1145,8.0
1146,8.0
1147,8.0
1148,8.0
1149,8.0
1150,8.0
1151,8.0
1152,8.0
1153,8.0
1154,8.0
1155,8.0
1156,8.0
1157,8.0
1158,8.0
1159,8.0
1160,8.0
1161,8.0
1162,8.0
1163,8.0
1164,8.0
1165,8.0
1166,8.0
1167,8.0
1168,8.0
1169,8.0
1170,8.0
1171,8.0
1172,8.0
1173,8.0
1174,8.0
1175,8.0
1176,8.0
1177,8.0
1178,8.0
1179,8.0
1180,8.0
1181,8.0
1182,8.0
1183,8.0
1184,8.0
1185,8.0
1186,8.0
1187,8.0
1188,8.0
1189,8.0
1190,8.0
1191,8.0
1192,8.0
1193,8.0
1194,8.0
1195,8.0
1196,8.0
1197,8.0
1198,8.0
1199,8.0
1200,8.0
1201,8.0
1202,8.0
1203,8.0
1204,8.0
1205,8.0
1206,8.0
1207,8.0
1208,8.0
1209,8.0
1210,8.0
1211,8.0
1212,8.0
1213,8.0
1214,8.0
1215,8.0
1216,8.0
1217,8.0
1218,8.0
1219,8.0
1220,8.0
1221,8.0
1222,8.0
1223,8.0
1224,8.0
1225,8.0
1226,8.0
1227,8.0
1228,8.0
1229,8.0
1230,8.0
1231,8.0
1232,8.0
1233,8.0
1234,8.0
1235,8.0
1236,8.0
1237,8.0
1238,8.0
1239,8.0
1240,8.0
1241,8.0
1242,8.0
1243,8.0
1244,8.0
1245,8.0
1246,8.0
1247,8.0
1248,8.0
1249,8.0
1250,8.0
1251,8.0
1252,8.0
1253,8.0
1254,8.0
1255,8.0
1256,8.0
1257,8.0
1258,8.0
1259,8.0
1260,8.0
1261,8.0
1262,8.0
1263,8.0
1264,8.0
1265,8.0
1266,8.0
1267,8.0
1268,8.0
1269,8.0
1270,8.0
1271,8.0
1272,8.0
1273,8.0
1274,8.0
1275,8.0
1276,8.0
1277,8.0
1278,8.0
1279,8.0
1280,8.0
1281,8.0
1282,8.0
1283,8.0
1284,8.0
1285,8.0
1286,8.0
1287,8.0
1288,8.0
1289,8.0
1290,8.0
1291,8.0
1292,8.0
1293,8.0
1294,8.0
1295,8.0
1296,8.0
1297,8.0
1298,8.0
1299,8.0
1300,8.0
1301,8.0
1302,8.0
1303,8.0
1304,8.0
1305,8.0
1306,8.0
1307,8.0
1308,8.0
1309,8.0
1310,8.0
1311,8.0
1312,8.0
1313,8.0
1314,8.0
1315,8.0
1316,8.0
1317,8.0
1318,8.0
1319,8.0
1320,8.0
1321,8.0
1322,8.0
1323,8.0
1324,8.0
1325,8.0
1326,8.0
1327,8.0
1328,8.0
1329,8.0
1330,8.0
1331,8.0
1332,8.0
1333,8.0
1334,8.0
1335,8.0
1336,8.0
1337,8.0
1338,8.0
1339,8.0
1340,8.0
1341,8.0
1342,8.0
1343,8.0
1344,8.0
1345,8.0
1346,8.0
1347,8.0
1348,8.0
1349,8.0
1350,8.0
1351,8.0
1352,8.0
1353,8.0
1354,8.0
1355,8.0
1356,8.0
1357,8.0
1358,8.0
1359,8.0
1360,8.0
1361,8.0
1362,8.0
1363,8.0
1364,8.0
1365,8.0
1366,8.0
1367,8.0
1368,8.0
1369,8.0
1370,8.0
1371,8.0
1372,8.0
1373,8.0
1374,8.0
1375,8.0
1376,8.0
1377,8.0
1378,8.0
1379,8.0
1380,8.0
1381,8.0
1382,8.0
1383,8.0
1384,8.0
1385,8.0
1386,8.0
1387,8.0
1388,8.0
1389,8.0
1390,8.0
1391,8.0
1392,8.0
1393,8.0
1394,8.0
1395,8.0
1396,8.0
1397,8.0
1398,8.0
1399,8.0
1400,8.0
1401,8.0
1402,8.0
1403,8.0
1404,8.0
1405,8.0
1406,8.0
1407,8.0
1408,8.0
1409,8.0
1410,8.0
1411,8.0
1412,8.0
1413,8.0
1414,8.0
1415,8.0
1416,8.0
1417,8.0
1418,8.0
1419,8.0
1420,8.0
1421,8.0
1422,8.0
1423,8.0
1424,8.0
1425,8.0
1426,8.0
1427,8.0
1428,8.0
1429,8.0
1430,8.0
1431,8.0
1432,8.0
1433,8.0
1434,8.0
1435,8.0
1436,8.0
1437,8.0
1438,8.0
1439,8.0
1440,8.0
1441,8.0
1442,8.0
1443,8.0
1444,8.0
1445,8.0
1446,8.0
1447,8.0
1448,8.0
1449,8.0
1450,8.0
1451,8.0
1452,8.0
1453,8.0
1454,8.0
1455,8.0
1456,8.0
1457,8.0
1458,8.0
1459,8.0
1460,8.0
1461,8.0
1462,8.0
1463,8.0
1464,8.0
1465,8.0
1466,8.0
1467,8.0
1468,8.0
1469,8.0
1470,8.0
1471,8.0
1472,8.0
1473,8.0
1474,8.0
1475,8.0
1476,8.0
1477,8.0
1478,8.0
1479,8.0
1480,8.0
1481,8.0
1482,8.0
1483,8.0
1484,8.0
1485,8.0
1486,8.0
1487,8.0
1488,8.0
1489,8.0
1490,8.0
1491,8.0
1492,8.0
1493,8.0
1494,8.0
1495,8.0
1496,8.0
1497,8.0
1498,8.0
1499,8.0
1500,8.0
1501,8.0
1502,8.0
1503,8.0
1504,8.0
1505,8.0
1506,8.0
1507,8.0
1508,8.0
1509,8.0
1510,8.0
1511,8.0
1512,8.0
1513,8.0
1514,8.0
1515,8.0
1516,8.0
1517,8.0
1518,8.0
1519,8.0
1520,8.0
1521,8.0
1522,8.0
1523,8.0
1524,8.0
1525,8.0
1526,8.0
1527,8.0
1528,8.0
1529,8.0
1530,8.0
1531,8.0
1532,8.0
1533,8.0
1534,8.0
1535,8.0
1536,8.0
1537,8.0
1538,8.0
1539,8.0
1540,8.0
1541,8.0
1542,8.0
1543,8.0
1544,8.0
1545,8.0
1546,8.0
1547,8.0
1548,8.0
1549,8.0
1550,8.0
1551,8.0
1552,8.0
1553,8.0
1554,8.0
1555,8.0
1556,8.0
1557,8.0
1558,8.0
1559,8.0
1560,8.0
1561,8.0
1562,8.0
1563,8.0
1564,8.0
1565,8.0
1566,8.0
1567,8.0
1568,8.0
1569,8.0
1570,8.0
1571,8.0
1572,8.0
1573,8.0
1574,8.0
1575,8.0
1576,8.0
1577,8.0
1578,8.0
1579,8.0
1580,8.0
1581,8.0
1582,8.0
1583,8.0
1584,8.0
1585,8.0
1586,8.0
1587,8.0
1588,8.0
1589,8.0
1590,8.0
1591,8.0
1592,8.0
1593,8.0
1594,8.0
1595,8.0
1596,8.0
1597,8.0
1598,8.0
1599,8.0
1600,8.0
1601,8.0
1602,8.0
1603,8.0
1604,8.0
1605,8.0
1606,8.0
1607,8.0
1608,8.0
1609,8.0
1610,8.0
1611,8.0
1612,8.0
1613,8.0
1614,8.0
1615,8.0
1616,8.0
1617,8.0
1618,8.0
1619,8.0
1620,8.0
1621,8.0
1622,8.0
1623,8.0
1624,8.0
1625,8.0
1626,8.0
1627,8.0
1628,8.0
1629,8.0
1630,8.0
1631,8.0
1632,8.0
1633,8.0
1634,8.0
1635,8.0
1636,8.0
1637,8.0
1638,8.0
1639,8.0
1640,8.0
1641,8.0
1642,8.0
1643,8.0
1644,8.0
1645,8.0
1646,8.0
1647,8.0
1648,8.0
1649,8.0
1650,8.0
1651,8.0
1652,8.0
1653,8.0
1654,8.0
1655,8.0
1656,8.0
1657,8.0
1658,8.0
1659,8.0
1660,8.0
1661,8.0
1662,8.0
1663,8.0
1664,8.0
1665,8.0
1666,8.0
1667,8.0
1668,8.0
1669,8.0
1670,8.0
1671,8.0
1672,8.0
1673,8.0
1674,8.0
1675,8.0
1676,8.0
1677,8.0
1678,8.0
1679,8.0
1680,8.0
1681,8.0
1682,8.0
1683,8.0
1684,8.0
1685,8.0
1686,8.0
1687,8.0
1688,8.0
1689,8.0
1690,8.0
1691,8.0
1692,8.0
1693,8.0
1694,8.0
1695,8.0
1696,8.0
1697,8.0
1698,8.0
1699,8.0
1700,8.0
1701,8.0
1702,8.0
1703,8.0
1704,8.0
1705,8.0
1706,8.0
1707,8.0
1708,8.0
1709,8.0
1710,8.0
1711,8.0
1712,8.0
1713,8.0
1714,8.0
1715,8.0
1716,8.0
1717,8.0
1718,8.0
1719,8.0
1720,8.0
1721,8.0
1722,8.0
1723,8.0
1724,8.0
1725,8.0
1726,8.0
1727,8.0
1728,8.0
1729,8.0
1730,8.0
1731,8.0
1732,8.0
1733,8.0
1734,8.0
1735,8.0
1736,8.0
1737,8.0
1738,8.0
1739,8.0
1740,8.0
1741,8.0
1742,8.0
1743,8.0
1744,8.0
1745,8.0
1746,8.0
1747,8.0
1748,8.0
1749,8.0
1750,8.0
1751,8.0
1752,8.0
1753,8.0
1754,8.0
1755,8.0
1756,8.0
1757,8.0
1758,8.0
1759,8.0
1760,8.0
1761,8.0
1762,8.0
1763,8.0
1764,8.0
1765,8.0
1766,8.0
1767,8.0
1768,8.0
1769,8.0
1770,8.0
1771,8.0
1772,8.0
1773,8.0
1774,8.0
1775,8.0
1776,8.0
1777,8.0
1778,8.0
1779,8.0
1780,8.0
1781,8.0
1782,8.0
1783,8.0
1784,8.0
1785,8.0
1786,8.0
1787,8.0
1788,8.0
1789,8.0
1790,8.0
1791,8.0
1792,8.0
1793,8.0
1794,8.0
1795,8.0
1796,8.0
1797,8.0
1798,8.0
1799,8.0
1800,8.0
1801,8.0
1802,8.0
1803,8.0
1804,8.0
1805,8.0
1806,8.0
1807,8.0
1808,8.0
1809,8.0
1810,8.0
1811,8.0
1812,8.0
1813,8.0
1814,8.0
1815,8.0
1816,8.0
1817,8.0
1818,8.0
1819,8.0
1820,8.0
1821,8.0
1822,8.0
1823,8.0
1824,8.0
1825,8.0
1826,8.0
1827,8.0
1828,8.0
1829,8.0
1830,8.0
1831,8.0
1832,8.0
1833,8.0
1834,8.0
1835,8.0
1836,8.0
1837,8.0
1838,8.0
1839,8.0
1840,8.0
1841,8.0
1842,8.0
1843,8.0
1844,8.0
1845,8.0
1846,8.0
1847,8.0
1848,8.0
1849,8.0
1850,8.0
1851,8.0
1852,8.0
1853,8.0
1854,8.0
1855,8.0
1856,8.0
1857,8.0
1858,8.0
1859,8.0
1860,8.0
1861,8.0
1862,8.0
1863,8.0
1864,8.0
1865,8.0
1866,8.0
1867,8.0
1868,8.0
1869,8.0
1870,8.0
1871,8.0
1872,8.0
1873,8.0
1874,8.0
1875,8.0
1876,8.0
1877,8.0
1878,8.0
1879,8.0
1880,8.0
1881,8.0
1882,8.0
1883,8.0
1884,8.0
1885,8.0
1886,8.0
1887,8.0
1888,8.0
1889,8.0
1890,8.0
1891,8.0
1892,8.0
1893,8.0
1894,8.0
1895,8.0
1896,8.0
1897,8.0
1898,8.0
1899,8.0
1900,8.0
1901,8.0
1902,8.0
1903,8.0
1904,8.0
1905,8.0
1906,8.0
1907,8.0
1908,8.0
1909,8.0
1910,8.0
1911,8.0
1912,8.0
1913,8.0
1914,8.0
1915,8.0
1916,8.0
1917,8.0
1918,8.0
1919,8.0
1920,8.0
1921,8.0
1922,8.0
1923,8.0
1924,8.0
1925,8.0
1926,8.0
1927,8.0
1928,8.0
1929,8.0
1930,8.0
1931,8.0
1932,8.0
1933,8.0
1934,8.0
1935,8.0
1936,8.0
1937,8.0
1938,8.0
1939,8.0
1940,8.0
1941,8.0
1942,8.0
1943,8.0
1944,8.0
1945,8.0
1946,8.0
1947,8.0
1948,8.0
1949,8.0
1950,8.0
1951,8.0
1952,8.0
1953,8.0
1954,8.0
1955,8.0
1956,8.0
1957,8.0
1958,8.0
1959,8.0
1960,8.0
1961,8.0
1962,8.0
1963,8.0
1964,8.0
1965,8.0
1966,8.0
1967,8.0
1968,8.0
1969,8.0
1970,8.0
1971,8.0
1972,8.0
1973,8.0
1974,8.0
1975,8.0
1976,8.0
1977,8.0
1978,8.0
1979,8.0
1980,8.0
1981,8.0
1982,8.0
1983,8.0
1984,8.0
1985,8.0
1986,8.0
1987,8.0
1988,8.0
1989,8.0
1990,8.0
1991,8.0
1992,8.0
1993,8.0
1994,8.0
1995,8.0
1996,8.0
1997,8.0
1998,8.0
1999,8.0
2000,8.0
2001,8.0
2002,8.0
2003,8.0
2004,8.0
2005,8.0
2006,8.0
2007,8.0
2008,8.0
2009,8.0
2010,8.0
2011,8.0
2012,8.0
2013,8.0
2014,8.0
2015,8.0
2016,8.0
2017,8.0
2018,8.0
2019,8.0
2020,8.0
2021,8.0
2022,8.0
2023,8.0
2024,8.0
2025,8.0
2026,8.0
2027,8.0
2028,8.0
2029,8.0
2030,8.0
2031,8.0
2032,8.0
2033,8.0
2034,8.0
2035,8.0
2036,8.0
2037,8.0
2038,8.0
2039,8.0
2040,8.0
2041,8.0
2042,8.0
2043,8.0
2044,8.0
2045,8.0
2046,8.0
2047,8.0
2048,8.0
2049,8.0
2050,8.0
2051,8.0
2052,8.0
2053,8.0
2054,8.0
2055,8.0
2056,8.0
2057,8.0
2058,8.0
2059,8.0
2060,8.0
2061,8.0
2062,8.0
2063,8.0
2064,8.0
2065,8.0
2066,8.0
2067,8.0
2068,8.0
2069,8.0
2070,8.0
2071,8.0
2072,8.0
2073,8.0
2074,8.0
2075,8.0
2076,8.0
2077,8.0
2078,8.0
2079,8.0
2080,8.0
2081,8.0
2082,8.0
2083,8.0
2084,8.0
2085,8.0
2086,8.0
2087,8.0
2088,8.0
2089,8.0
2090,8.0
2091,8.0
2092,8.0
2093,8.0
2094,8.0
2095,8.0
2096,8.0
2097,8.0
2098,8.0
2099,8.0
2100,8.0
2101,8.0
2102,8.0
2103,8.0
2104,8.0
2105,8.0
2106,8.0
2107,8.0
2108,8.0
2109,8.0
2110,8.0
2111,8.0
2112,8.0
2113,8.0
2114,8.0
2115,8.0
2116,8.0
2117,8.0
2118,8.0
2119,8.0
2120,8.0
2121,8.0
2122,8.0
2123,8.0
2124,8.0
2125,8.0
2126,8.0
2127,8.0
2128,8.0
2129,8.0
2130,8.0
2131,8.0
2132,8.0
2133,8.0
2134,8.0
2135,8.0
2136,8.0
2137,8.0
2138,8.0
2139,8.0
2140,8.0
2141,8.0
2142,8.0
2143,8.0
2144,8.0
2145,8.0
2146,8.0
2147,8.0
2148,8.0
2149,8.0
2150,8.0
2151,8.0
2152,8.0
2153,8.0
2154,8.0
2155,8.0
2156,8.0
2157,8.0
2158,8.0
2159,8.0
2160,8.0
2161,8.0
2162,8.0
2163,8.0
2164,8.0
2165,8.0
2166,8.0
2167,8.0
2168,8.0
2169,8.0
2170,8.0
2171,8.0
2172,8.0
2173,8.0
2174,8.0
2175,8.0
2176,8.0
2177,8.0
2178,8.0
2179,8.0
2180,8.0
2181,8.0
2182,8.0
2183,8.0
2184,8.0
2185,8.0
2186,8.0
2187,8.0
2188,8.0
2189,8.0
2190,8.0
2191,8.0
2192,8.0
2193,8.0
2194,8.0
2195,8.0
2196,8.0
2197,8.0
2198,8.0
2199,8.0
2200,8.0
2201,8.0
2202,8.0
2203,8.0
2204,8.0
2205,8.0
2206,8.0
2207,8.0
2208,8.0
2209,8.0
2210,8.0
2211,8.0
2212,8.0
2213,8.0
2214,8.0
2215,8.0
2216,8.0
2217,8.0
2218,8.0
2219,8.0
2220,8.0
2221,8.0
2222,8.0
2223,8.0
2224,8.0
2225,8.0
2226,8.0
2227,8.0
2228,8.0
2229,8.0
2230,8.0
2231,8.0
2232,8.0
2233,8.0
2234,8.0
2235,8.0
2236,8.0
2237,8.0
2238,8.0
2239,8.0
2240,8.0
2241,8.0
2242,8.0
2243,8.0
2244,8.0
2245,8.0
2246,8.0
2247,8.0
2248,8.0
2249,8.0
2250,8.0
2251,8.0
2252,8.0
2253,8.0
2254,8.0
2255,8.0
2256,8.0
2257,8.0
2258,8.0
2259,8.0
2260,8.0
2261,8.0
2262,8.0
2263,8.0
2264,8.0
2265,8.0
2266,8.0
2267,8.0
2268,8.0
2269,8.0
2270,8.0
2271,8.0
2272,8.0
2273,8.0
2274,8.0
2275,8.0
2276,8.0
2277,8.0
2278,8.0
2279,8.0
2280,8.0
2281,8.0
2282,8.0
2283,8.0
2284,8.0
2285,8.0
2286,8.0
2287,8.0
2288,8.0
2289,8.0
2290,8.0
2291,8.0
2292,8.0
2293,8.0
2294,8.0
2295,8.0
2296,8.0
2297,8.0
2298,8.0
2299,8.0
2300,8.0
2301,8.0
2302,8.0
2303,8.0
2304,8.0
2305,8.0
2306,8.0
2307,8.0
2308,8.0
2309,8.0
2310,8.0
2311,8.0
2312,8.0
2313,8.0
2314,8.0
2315,8.0
2316,8.0
2317,8.0
2318,8.0
2319,8.0
2320,8.0
2321,8.0
2322,8.0
2323,8.0
2324,8.0
2325,8.0
2326,8.0
2327,8.0
2328,8.0
2329,8.0
2330,8.0
2331,8.0
2332,8.0
2333,8.0
2334,8.0
2335,8.0
2336,8.0
2337,8.0
2338,8.0
2339,8.0
2340,8.0
2341,8.0
2342,8.0
2343,8.0
2344,8.0
2345,8.0
2346,8.0
2347,8.0
2348,8.0
2349,8.0
2350,8.0
2351,8.0
2352,8.0
2353,8.0
2354,8.0
2355,8.0
2356,8.0
2357,8.0
2358,8.0
2359,8.0
2360,8.0
2361,8.0
2362,8.0
2363,8.0
2364,8.0
2365,8.0
2366,8.0
2367,8.0
2368,8.0
2369,8.0
2370,8.0
2371,8.0
2372,8.0
2373,8.0
2374,8.0
2375,8.0
2376,8.0
2377,8.0
2378,8.0
2379,8.0
2380,8.0
2381,8.0
2382,8.0
2383,8.0
2384,8.0
2385,8.0
2386,8.0
2387,8.0
2388,8.0
2389,8.0
2390,8.0
2391,8.0
2392,8.0
2393,8.0
2394,8.0
2395,8.0
2396,8.0
2397,8.0
2398,8.0
2399,8.0
2400,8.0
2401,8.0
2402,8.0
2403,8.0
2404,8.0
2405,8.0
2406,8.0
2407,8.0
2408,8.0
2409,8.0
2410,8.0
2411,8.0
2412,8.0
2413,8.0
2414,8.0
2415,8.0
2416,8.0
2417,8.0
2418,8.0
2419,8.0
2420,8.0
2421,8.0
2422,8.0
2423,8.0
2424,8.0
2425,8.0
2426,8.0
2427,8.0
2428,8.0
2429,8.0
2430,8.0
2431,8.0
2432,8.0
2433,8.0
2434,8.0
2435,8.0
2436,8.0
2437,8.0
2438,8.0
2439,8.0
2440,8.0
2441,8.0
2442,8.0
2443,8.0
2444,8.0
2445,8.0
2446,8.0
2447,8.0
2448,8.0
2449,8.0
2450,8.0
2451,8.0
2452,8.0
2453,8.0
2454,8.0
2455,8.0
2456,8.0
2457,8.0
2458,8.0
2459,8.0
2460,8.0
2461,8.0
2462,8.0
2463,8.0
2464,8.0
2465,8.0
2466,8.0
2467,8.0
2468,8.0
2469,8.0
2470,8.0
2471,8.0
2472,8.0
2473,8.0
2474,8.0
2475,8.0
2476,8.0
2477,8.0
2478,8.0
2479,8.0
2480,8.0
2481,8.0
2482,8.0
2483,8.0
2484,8.0
2485,8.0
2486,8.0
2487,8.0
2488,8.0
2489,8.0
2490,8.0
2491,8.0
2492,8.0
2493,8.0
2494,8.0
2495,8.0
2496,8.0
2497,8.0
2498,8.0
2499,8.0
2500,8.0
2501,8.0
2502,8.0
2503,8.0
2504,8.0
2505,8.0
2506,8.0
2507,8.0
2508,8.0
2509,8.0
2510,8.0
2511,8.0
2512,8.0
2513,8.0
2514,8.0
2515,8.0
2516,8.0
2517,8.0
2518,8.0
2519,8.0
2520,8.0
2521,8.0
2522,8.0
2523,8.0
2524,8.0
2525,8.0
2526,8.0
2527,8.0
2528,8.0
2529,8.0
2530,8.0
2531,8.0
2532,8.0
2533,8.0
2534,8.0
2535,8.0
2536,8.0
2537,8.0
2538,8.0
2539,8.0
2540,8.0
2541,8.0
2542,8.0
2543,8.0
2544,8.0
2545,8.0
2546,8.0
2547,8.0
2548,8.0
2549,8.0
2550,8.0
2551,8.0
2552,8.0
2553,8.0
2554,8.0
2555,8.0
2556,8.0
2557,8.0
2558,8.0
2559,8.0
2560,8.0
2561,8.0
2562,8.0
2563,8.0
2564,8.0
2565,8.0
2566,8.0
2567,8.0
2568,8.0
2569,8.0
2570,8.0
2571,8.0
2572,8.0
2573,8.0
2574,8.0
2575,8.0
2576,8.0
2577,8.0
2578,8.0
2579,8.0
2580,8.0
2581,8.0
2582,8.0
2583,8.0
2584,8.0
2585,8.0
2586,8.0
2587,8.0
2588,8.0
2589,8.0
2590,8.0
2591,8.0
2592,8.0
2593,8.0
2594,8.0
2595,8.0
2596,8.0
2597,8.0
2598,8.0
2599,8.0
2600,8.0
2601,8.0
2602,8.0
2603,8.0
2604,8.0
2605,8.0
2606,8.0
2607,8.0
2608,8.0
2609,8.0
2610,8.0
2611,8.0
2612,8.0
2613,8.0
2614,8.0
2615,8.0
2616,8.0
2617,8.0
2618,8.0
2619,8.0
2620,8.0
2621,8.0
2622,8.0
2623,8.0
2624,8.0
2625,8.0
2626,8.0
2627,8.0
2628,8.0
2629,8.0
2630,8.0
2631,8.0
2632,8.0
2633,8.0
2634,8.0
2635,8.0
2636,8.0
2637,8.0
2638,8.0
2639,8.0
2640,8.0
2641,8.0
2642,8.0
2643,8.0
2644,8.0
2645,8.0
2646,8.0
2647,8.0
2648,8.0
2649,8.0
2650,8.0
2651,8.0
2652,8.0
2653,8.0
2654,8.0
2655,8.0
2656,8.0
2657,8.0
2658,8.0
2659,8.0
2660,8.0
2661,8.0
2662,8.0
2663,8.0
2664,8.0
2665,8.0
2666,8.0
2667,8.0
2668,8.0
2669,8.0
2670,8.0
2671,8.0
2672,8.0
2673,8.0
2674,8.0
2675,8.0
2676,8.0
2677,8.0
2678,8.0
2679,8.0
2680,8.0
2681,8.0
2682,8.0
2683,8.0
2684,8.0
2685,8.0
2686,8.0
2687,8.0
2688,8.0
2689,8.0
2690,8.0
2691,8.0
2692,8.0
2693,8.0
2694,8.0
2695,8.0
2696,8.0
2697,8.0
2698,8.0
2699,8.0
2700,8.0
2701,8.0
2702,8.0
2703,8.0
2704,8.0
2705,8.0
2706,8.0
2707,8.0
2708,8.0
2709,8.0
2710,8.0
2711,8.0
2712,8.0
2713,8.0
2714,8.0
2715,8.0
2716,8.0
2717,8.0
2718,8.0
2719,8.0
2720,8.0
2721,8.0
2722,8.0
2723,8.0
2724,8.0
2725,8.0
2726,8.0
2727,8.0
2728,8.0
2729,8.0
2730,8.0
2731,8.0
2732,8.0
2733,8.0
2734,8.0
2735,8.0
2736,8.0
2737,8.0
2738,8.0
2739,8.0
2740,8.0
2741,8.0
2742,8.0
2743,8.0
2744,8.0
2745,8.0
2746,8.0
2747,8.0
2748,8.0
2749,8.0
2750,8.0
2751,8.0
2752,8.0
2753,8.0
2754,8.0
2755,8.0
2756,8.0
2757,8.0
2758,8.0
2759,8.0
2760,8.0
2761,8.0
2762,8.0
2763,8.0
2764,8.0
2765,8.0
2766,8.0
2767,8.0
2768,8.0
2769,8.0
2770,8.0
2771,8.0
2772,8.0
2773,8.0
2774,8.0
2775,8.0
2776,8.0
2777,8.0
2778,8.0
2779,8.0
2780,8.0
2781,8.0
2782,8.0
2783,8.0
2784,8.0
2785,8.0
2786,8.0
2787,8.0
2788,8.0
2789,8.0
2790,8.0
2791,8.0
2792,8.0
2793,8.0
2794,8.0
2795,8.0
2796,8.0
2797,8.0
2798,8.0
2799,8.0
2800,8.0
2801,8.0
2802,8.0
2803,8.0
2804,8.0
2805,8.0
2806,8.0
2807,8.0
2808,8.0
2809,8.0
2810,8.0
2811,8.0
2812,8.0
2813,8.0
2814,8.0
2815,8.0
2816,8.0
2817,8.0
2818,8.0
2819,8.0
2820,8.0
2821,8.0
2822,8.0
2823,8.0
2824,8.0
2825,8.0
2826,8.0
2827,8.0
2828,8.0
2829,8.0
2830,8.0
2831,8.0
2832,8.0
2833,8.0
2834,8.0
2835,8.0
2836,8.0
2837,8.0
2838,8.0
2839,8.0
2840,8.0
2841,8.0
2842,8.0
2843,8.0
2844,8.0
2845,8.0
2846,8.0
2847,8.0
2848,8.0
2849,8.0
2850,8.0
2851,8.0
2852,8.0
2853,8.0
2854,8.0
2855,8.0
2856,8.0
2857,8.0
2858,8.0
2859,8.0
2860,8.0
2861,8.0
2862,8.0
2863,8.0
2864,8.0
2865,8.0
2866,8.0
2867,8.0
2868,8.0
2869,8.0
2870,8.0
2871,8.0
2872,8.0
2873,8.0
2874,8.0
2875,8.0
2876,8.0
2877,8.0
2878,8.0
2879,8.0
2880,8.0
2881,8.0
2882,8.0
2883,8.0
2884,8.0
2885,8.0
2886,8.0
2887,8.0
2888,8.0
2889,8.0
2890,8.0
2891,8.0
2892,8.0
2893,8.0
2894,8.0
2895,8.0
2896,8.0
2897,8.0
2898,8.0
2899,8.0
2900,8.0
2901,8.0
2902,8.0
2903,8.0
2904,8.0
2905,8.0
2906,8.0
2907,8.0
2908,8.0
2909,8.0
2910,8.0
2911,8.0
2912,8.0
2913,8.0
2914,8.0
2915,8.0
2916,8.0
2917,8.0
2918,8.0
2919,8.0
2920,8.0
2921,8.0
2922,8.0
2923,8.0
2924,8.0
2925,8.0
2926,8.0
2927,8.0
2928,8.0
2929,8.0
2930,8.0
2931,8.0
2932,8.0
2933,8.0
2934,8.0
2935,8.0
2936,8.0
2937,8.0
2938,8.0
2939,8.0
2940,8.0
2941,8.0
2942,8.0
2943,8.0
2944,8.0
2945,8.0
2946,8.0
2947,8.0
2948,8.0
2949,8.0
2950,8.0
2951,8.0
2952,8.0
2953,8.0
2954,8.0
2955,8.0
2956,8.0
2957,8.0
2958,8.0
2959,8.0
2960,8.0
2961,8.0
2962,8.0
2963,8.0
2964,8.0
2965,8.0
2966,8.0
2967,8.0
2968,8.0
2969,8.0
2970,8.0
2971,8.0
2972,8.0
2973,8.0
2974,8.0
2975,8.0
2976,8.0
2977,8.0
2978,8.0
2979,8.0
2980,8.0
2981,8.0
2982,8.0
2983,8.0
2984,8.0
2985,8.0
2986,8.0
2987,8.0
2988,8.0
2989,8.0
2990,8.0
2991,8.0
2992,8.0
2993,8.0
2994,8.0
2995,8.0
2996,8.0
2997,8.0
2998,8.0
2999,8.0
3000,8.0
3001,8.0
3002,8.0
3003,8.0
3004,8.0
3005,8.0
3006,8.0
3007,8.0
3008,8.0
3009,8.0
3010,8.0
3011,8.0
3012,8.0
3013,8.0
3014,8.0
3015,8.0
3016,8.0
3017,8.0
3018,8.0
3019,8.0
3020,8.0
3021,8.0
3022,8.0
3023,8.0
3024,8.0
3025,8.0
3026,8.0
3027,8.0
3028,8.0
3029,8.0
3030,8.0
3031,8.0
3032,8.0
3033,8.0
3034,8.0
3035,8.0
3036,8.0
3037,8.0
3038,8.0
3039,8.0
3040,8.0
3041,8.0
3042,8.0
3043,8.0
3044,8.0
3045,8.0
3046,8.0
3047,8.0
3048,8.0
3049,8.0
3050,8.0
3051,8.0
3052,8.0
3053,8.0
3054,8.0
3055,8.0
3056,8.0
3057,8.0
3058,8.0
3059,8.0
3060,8.0
3061,8.0
3062,8.0
3063,8.0
3064,8.0
3065,8.0
3066,8.0
3067,8.0
3068,8.0
3069,8.0
3070,8.0
3071,8.0
3072,8.0
3073,8.0
3074,8.0
3075,8.0
3076,8.0
3077,8.0
3078,8.0
3079,8.0
3080,8.0
3081,8.0
3082,8.0
3083,8.0
3084,8.0
3085,8.0
3086,8.0
3087,8.0
3088,8.0
3089,8.0
3090,8.0
3091,8.0
3092,8.0
3093,8.0
3094,8.0
3095,8.0
3096,8.0
3097,8.0
3098,8.0
3099,8.0
3100,8.0
3101,8.0
3102,8.0
3103,8.0
3104,8.0
3105,8.0
3106,8.0
3107,8.0
3108,8.0
3109,8.0
3110,8.0
3111,8.0
3112,8.0
3113,8.0
3114,8.0
3115,8.0
3116,8.0
3117,8.0
3118,8.0
3119,8.0
3120,8.0
3121,8.0
3122,8.0
3123,8.0
3124,8.0
3125,8.0
3126,8.0
3127,8.0
3128,8.0
3129,8.0
3130,8.0
3131,8.0
3132,8.0
3133,8.0
3134,8.0
3135,8.0
3136,8.0
3137,8.0
3138,8.0
3139,8.0
3140,8.0
3141,8.0
3142,8.0
3143,8.0
3144,8.0
3145,8.0
3146,8.0
3147,8.0
3148,8.0
3149,8.0
3150,8.0
3151,8.0
3152,8.0
3153,8.0
3154,8.0
3155,8.0
3156,8.0
3157,8.0
3158,8.0
3159,8.0
3160,8.0
3161,8.0
3162,8.0
3163,8.0
3164,8.0
3165,8.0
3166,8.0
3167,8.0
3168,8.0
3169,8.0
3170,8.0
3171,8.0
3172,8.0
3173,8.0
3174,8.0
3175,8.0
3176,8.0
3177,8.0
3178,8.0
3179,8.0
3180,8.0
3181,8.0
3182,8.0
3183,8.0
3184,8.0
3185,8.0
3186,8.0
3187,8.0
3188,8.0
3189,8.0
3190,8.0
3191,8.0
3192,8.0
3193,8.0
3194,8.0
3195,8.0
3196,8.0
3197,8.0
3198,8.0
3199,8.0
3200,8.0
3201,8.0
3202,8.0
3203,8.0
3204,8.0
3205,8.0
3206,8.0
3207,8.0
3208,8.0
3209,8.0
3210,8.0
3211,8.0
3212,8.0
3213,8.0
3214,8.0
3215,8.0
3216,8.0
3217,8.0
3218,8.0
3219,8.0
3220,8.0
3221,8.0
3222,8.0
3223,8.0
3224,8.0
3225,8.0
3226,8.0
3227,8.0
3228,8.0
3229,8.0
3230,8.0
3231,8.0
3232,8.0
3233,8.0
3234,8.0
3235,8.0
3236,8.0
3237,8.0
3238,8.0
3239,8.0
3240,8.0
3241,8.0
3242,8.0
3243,8.0
3244,8.0
3245,8.0
3246,8.0
3247,8.0
3248,8.0
3249,8.0
3250,8.0
3251,8.0
3252,8.0
3253,8.0
3254,8.0
3255,8.0
3256,8.0
3257,8.0
3258,8.0
3259,8.0
3260,8.0
3261,8.0
3262,8.0
3263,8.0
3264,8.0
3265,8.0
3266,8.0
3267,8.0
3268,8.0
3269,8.0
3270,8.0
3271,8.0
3272,8.0
3273,8.0
3274,8.0
3275,8.0
3276,8.0
3277,8.0
3278,8.0
3279,8.0
3280,8.0
3281,8.0
3282,8.0
3283,8.0
3284,8.0
3285,8.0
3286,8.0
3287,8.0
3288,8.0
3289,8.0
3290,8.0
3291,8.0
3292,8.0
3293,8.0
3294,8.0
3295,8.0
3296,8.0
3297,8.0
3298,8.0
3299,8.0
3300,8.0
3301,8.0
3302,8.0
3303,8.0
3304,8.0
3305,8.0
3306,8.0
3307,8.0
3308,8.0
3309,8.0
3310,8.0
3311,8.0
3312,8.0
3313,8.0
3314,8.0
3315,8.0
3316,8.0
3317,8.0
3318,8.0
3319,8.0
3320,8.0
3321,8.0
3322,8.0
3323,8.0
3324,8.0
3325,8.0
3326,8.0
3327,8.0
3328,8.0
3329,8.0
3330,8.0
3331,8.0
3332,8.0
3333,8.0
3334,8.0
3335,8.0
3336,8.0
3337,8.0
3338,8.0
3339,8.0
3340,8.0
3341,8.0
3342,8.0
3343,8.0
3344,8.0
3345,8.0
3346,8.0
3347,8.0
3348,8.0
3349,8.0
3350,8.0
3351,8.0
3352,8.0
3353,8.0
3354,8.0
3355,8.0
3356,8.0
3357,8.0
3358,8.0
3359,8.0
3360,8.0
3361,8.0
3362,8.0
3363,8.0
3364,8.0
3365,8.0
3366,8.0
3367,8.0
3368,8.0
3369,8.0
3370,8.0
3371,8.0
3372,8.0
3373,8.0
3374,8.0
3375,8.0
3376,8.0
3377,8.0
3378,8.0
3379,8.0
3380,8.0
3381,8.0
3382,8.0
3383,8.0
3384,8.0
3385,8.0
3386,8.0
3387,8.0
3388,8.0
3389,8.0
3390,8.0
3391,8.0
3392,8.0
3393,8.0
3394,8.0
3395,8.0
3396,8.0
3397,8.0
3398,8.0
3399,8.0
3400,8.0
3401,8.0
3402,8.0
3403,8.0
3404,8.0
3405,8.0
3406,8.0
3407,8.0
3408,8.0
3409,8.0
3410,8.0
3411,8.0
3412,8.0
3413,8.0
3414,8.0
3415,8.0
3416,8.0
3417,8.0
3418,8.0
3419,8.0
3420,8.0
3421,8.0
3422,8.0
3423,8.0
3424,8.0
3425,8.0
3426,8.0
3427,8.0
3428,8.0
3429,8.0
3430,8.0
3431,8.0
3432,8.0
3433,8.0
3434,8.0
3435,8.0
3436,8.0
3437,8.0
3438,8.0
3439,8.0
3440,8.0
3441,8.0
3442,8.0
3443,8.0
3444,8.0
3445,8.0
3446,8.0
3447,8.0
3448,8.0
3449,8.0
3450,8.0
3451,8.0
3452,8.0
3453,8.0
3454,8.0
3455,8.0
3456,8.0
3457,8.0
3458,8.0
3459,8.0
3460,8.0
3461,8.0
3462,8.0
3463,8.0
3464,8.0
3465,8.0
3466,8.0
3467,8.0
3468,8.0
3469,8.0
3470,8.0
3471,8.0
3472,8.0
3473,8.0
3474,8.0
3475,8.0
3476,8.0
3477,8.0
3478,8.0
3479,8.0
3480,8.0
3481,8.0
3482,8.0
3483,8.0
3484,8.0
3485,8.0
3486,8.0
3487,8.0
3488,8.0
3489,8.0
3490,8.0
3491,8.0
3492,8.0
3493,8.0
3494,8.0
3495,8.0
3496,8.0
3497,8.0
3498,8.0
3499,8.0
3500,8.0
3501,8.0
3502,8.0
3503,8.0
3504,8.0
3505,8.0
3506,8.0
3507,8.0
3508,8.0
3509,8.0
3510,8.0
3511,8.0
3512,8.0
3513,8.0
3514,8.0
3515,8.0
3516,8.0
3517,8.0
3518,8.0
3519,8.0
3520,8.0
3521,8.0
3522,8.0
3523,8.0
3524,8.0
3525,8.0
3526,8.0
3527,8.0
3528,8.0
3529,8.0
3530,8.0
3531,8.0
3532,8.0
3533,8.0
3534,8.0
3535,8.0
3536,8.0
3537,8.0
3538,8.0
3539,8.0
3540,8.0
3541,8.0
3542,8.0
3543,8.0
3544,8.0
3545,8.0
3546,8.0
3547,8.0
3548,8.0
3549,8.0
3550,8.0
3551,8.0
3552,8.0
3553,8.0
3554,8.0
3555,8.0
3556,8.0
3557,8.0
3558,8.0
3559,8.0
3560,8.0
3561,8.0
3562,8.0
3563,8.0
3564,8.0
3565,8.0
3566,8.0
3567,8.0
3568,8.0
3569,8.0
3570,8.0
3571,8.0
3572,8.0
3573,8.0
3574,8.0
3575,8.0
3576,8.0
3577,8.0
3578,8.0
3579,8.0
3580,8.0
3581,8.0
3582,8.0
3583,8.0
3584,8.0
3585,8.0
3586,8.0
3587,8.0
3588,8.0
3589,8.0
3590,8.0
3591,8.0
3592,8.0
3593,8.0
3594,8.0
3595,8.0
3596,8.0
3597,8.0
3598,8.0
3599,8.0
3600,8.0
3601,8.0
3602,8.0
3603,8.0
3604,8.0
3605,8.0
3606,8.0
3607,8.0
3608,8.0
3609,8.0
3610,8.0
3611,8.0
3612,8.0
3613,8.0
3614,8.0
3615,8.0
3616,8.0
3617,8.0
3618,8.0
3619,8.0
3620,8.0
3621,8.0
3622,8.0
3623,8.0
3624,8.0
3625,8.0
3626,8.0
3627,8.0
3628,8.0
3629,8.0
3630,8.0
3631,8.0
3632,8.0
3633,8.0
3634,8.0
3635,8.0
3636,8.0
3637,8.0
3638,8.0
3639,8.0
3640,8.0
3641,8.0
3642,8.0
3643,8.0
3644,8.0
3645,8.0
3646,8.0
3647,8.0
3648,8.0
3649,8.0
3650,8.0
3651,8.0
3652,8.0
3653,8.0
3654,8.0
3655,8.0
3656,8.0
3657,8.0
3658,8.0
3659,8.0
3660,8.0
3661,8.0
3662,8.0
3663,8.0
3664,8.0
3665,8.0
3666,8.0
3667,8.0
3668,8.0
3669,8.0
3670,8.0
3671,8.0
3672,8.0
3673,8.0
3674,8.0
3675,8.0
3676,8.0
3677,8.0
3678,8.0
3679,8.0
3680,8.0
3681,8.0
3682,8.0
3683,8.0
3684,8.0
3685,8.0
3686,8.0
3687,8.0
3688,8.0
3689,8.0
3690,8.0
3691,8.0
3692,8.0
3693,8.0
3694,8.0
3695,8.0
3696,8.0
3697,8.0
3698,8.0
3699,8.0
3700,8.0
3701,8.0
3702,8.0
3703,8.0
3704,8.0
3705,8.0
3706,8.0
3707,8.0
3708,8.0
3709,8.0
3710,8.0
3711,8.0
3712,8.0
3713,8.0
3714,8.0
3715,8.0
3716,8.0
3717,8.0
3718,8.0
3719,8.0
3720,8.0
3721,8.0
3722,8.0
3723,8.0
3724,8.0
3725,8.0
3726,8.0
3727,8.0
3728,8.0
3729,8.0
3730,8.0
3731,8.0
3732,8.0
3733,8.0
3734,8.0
3735,8.0
3736,8.0
3737,8.0
3738,8.0
3739,8.0
3740,8.0
3741,8.0
3742,8.0
3743,8.0
3744,8.0
3745,8.0
3746,8.0
3747,8.0
3748,8.0
3749,8.0
3750,8.0
3751,8.0
3752,8.0
3753,8.0
3754,8.0
3755,8.0
3756,8.0
3757,8.0
3758,8.0
3759,8.0
3760,8.0
3761,8.0
3762,8.0
3763,8.0
3764,8.0
3765,8.0
3766,8.0
3767,8.0
3768,8.0
3769,8.0
3770,8.0
3771,8.0
3772,8.0
3773,8.0
3774,8.0
3775,8.0
3776,8.0
3777,8.0
3778,8.0
3779,8.0
3780,8.0
3781,8.0
3782,8.0
3783,8.0
3784,8.0
3785,8.0
3786,8.0
3787,8.0
3788,8.0
3789,8.0
3790,8.0
3791,8.0
3792,8.0
3793,8.0
3794,8.0
3795,8.0
3796,8.0
3797,8.0
3798,8.0
3799,8.0
3800,8.0
3801,8.0
3802,8.0
3803,8.0
3804,8.0
3805,8.0
3806,8.0
3807,8.0
3808,8.0
3809,8.0
3810,8.0
3811,8.0
3812,8.0
3813,8.0
3814,8.0
3815,8.0
3816,8.0
3817,8.0
3818,8.0
3819,8.0
3820,8.0
3821,8.0
3822,8.0
3823,8.0
3824,8.0
3825,8.0
3826,8.0
3827,8.0
3828,8.0
3829,8.0
3830,8.0
3831,8.0
3832,8.0
3833,8.0
3834,8.0
3835,8.0
3836,8.0
3837,8.0
3838,8.0
3839,8.0
3840,8.0
3841,8.0
3842,8.0
3843,8.0
3844,8.0
3845,8.0
3846,8.0
3847,8.0
3848,8.0
3849,8.0
3850,8.0
3851,8.0
3852,8.0
3853,8.0
3854,8.0
3855,8.0
3856,8.0
3857,8.0
3858,8.0
3859,8.0
3860,8.0
3861,8.0
3862,8.0
3863,8.0
3864,8.0
3865,8.0
3866,8.0
3867,8.0
3868,8.0
3869,8.0
3870,8.0
3871,8.0
3872,8.0
3873,8.0
3874,8.0
3875,8.0
3876,8.0
3877,8.0
3878,8.0
3879,8.0
3880,8.0
3881,8.0
3882,8.0
3883,8.0
3884,8.0
3885,8.0
3886,8.0
3887,8.0
3888,8.0
3889,8.0
3890,8.0
3891,8.0
3892,8.0
3893,8.0
3894,8.0
3895,8.0
3896,8.0
3897,8.0
3898,8.0
3899,8.0
3900,8.0
3901,8.0
3902,8.0
3903,8.0
3904,8.0
3905,8.0
3906,8.0
3907,8.0
3908,8.0
3909,8.0
3910,8.0
3911,8.0
3912,8.0
3913,8.0
3914,8.0
3915,8.0
3916,8.0
3917,8.0
3918,8.0
3919,8.0
3920,8.0
3921,8.0
3922,8.0
3923,8.0
3924,8.0
3925,8.0
3926,8.0
3927,8.0
3928,8.0
3929,8.0
3930,8.0
3931,8.0
3932,8.0
3933,8.0
3934,8.0
3935,8.0
3936,8.0
3937,8.0
3938,8.0
3939,8.0
3940,8.0
3941,8.0
3942,8.0
3943,8.0
3944,8.0
3945,8.0
3946,8.0
3947,8.0
3948,8.0
3949,8.0
3950,8.0
3951,8.0
3952,8.0
3953,8.0
3954,8.0
3955,8.0
3956,8.0
3957,8.0
3958,8.0
3959,8.0
3960,8.0
3961,8.0
3962,8.0
3963,8.0
3964,8.0
3965,8.0
3966,8.0
3967,8.0
3968,8.0
3969,8.0
3970,8.0
3971,8.0
3972,8.0
3973,8.0
3974,8.0
3975,8.0
3976,8.0
3977,8.0
3978,8.0
3979,8.0
3980,8.0
3981,8.0
3982,8.0
3983,8.0
3984,8.0
3985,8.0
3986,8.0
3987,8.0
3988,8.0
3989,8.0
3990,8.0
3991,8.0
3992,8.0
3993,8.0
3994,8.0
3995,8.0
3996,8.0
3997,8.0
3998,8.0
3999,8.0
4000,8.0
4001,8.0
4002,8.0
4003,8.0
4004,8.0
4005,8.0
4006,8.0
4007,8.0
4008,8.0
4009,8.0
4010,8.0
4011,8.0
4012,8.0
4013,8.0
4014,8.0
4015,8.0
4016,8.0
4017,8.0
4018,8.0
4019,8.0
4020,8.0
4021,8.0
4022,8.0
4023,8.0
4024,8.0
4025,8.0
4026,8.0
4027,8.0
4028,8.0
4029,8.0
4030,8.0
4031,8.0
4032,8.0
4033,8.0
4034,8.0
4035,8.0
4036,8.0
4037,8.0
4038,8.0
4039,8.0
4040,8.0
4041,8.0
4042,8.0
4043,8.0
4044,8.0
4045,8.0
4046,8.0
4047,8.0
4048,8.0
4049,8.0
4050,8.0
4051,8.0
4052,8.0
4053,8.0
4054,8.0
4055,8.0
4056,8.0
4057,8.0
4058,8.0
4059,8.0
4060,8.0
4061,8.0
4062,8.0
4063,8.0
4064,8.0
4065,8.0
4066,8.0
4067,8.0
4068,8.0
4069,8.0
4070,8.0
4071,8.0
4072,8.0
4073,8.0
4074,8.0
4075,8.0
4076,8.0
4077,8.0
4078,8.0
4079,8.0
4080,8.0
4081,8.0
4082,8.0
4083,8.0
4084,8.0
4085,8.0
4086,8.0
4087,8.0
4088,8.0
4089,8.0
4090,8.0
4091,8.0
4092,8.0
4093,8.0
4094,8.0
4095,8.0
4096,8.0
4097,8.0
4098,8.0
4099,8.0
4100,8.0
4101,8.0
4102,8.0
4103,8.0
4104,8.0
4105,8.0
4106,8.0
4107,8.0
4108,8.0
4109,8.0
4110,8.0
4111,8.0
4112,8.0
4113,8.0
4114,8.0
4115,8.0
4116,8.0
4117,8.0
4118,8.0
4119,8.0
4120,8.0
4121,8.0
4122,8.0
4123,8.0
4124,8.0
4125,8.0
4126,8.0
4127,8.0
4128,8.0
4129,8.0
4130,8.0
4131,8.0
4132,8.0
4133,8.0
4134,8.0
4135,8.0
4136,8.0
4137,8.0
4138,8.0
4139,8.0
4140,8.0
4141,8.0
4142,8.0
4143,8.0
4144,8.0
4145,8.0
4146,8.0
4147,8.0
4148,8.0
4149,8.0
4150,8.0
4151,8.0
4152,8.0
4153,8.0
4154,8.0
4155,8.0
4156,8.0
4157,8.0
4158,8.0
4159,8.0
4160,8.0
4161,8.0
4162,8.0
4163,8.0
4164,8.0
4165,8.0
4166,8.0
4167,8.0
4168,8.0
4169,8.0
4170,8.0
4171,8.0
4172,8.0
4173,8.0
4174,8.0
4175,8.0
4176,8.0
4177,8.0
4178,8.0
4179,8.0
4180,8.0
4181,8.0
4182,8.0
4183,8.0
4184,8.0
4185,8.0
4186,8.0
4187,8.0
4188,8.0
4189,8.0
4190,8.0
4191,8.0
4192,8.0
4193,8.0
4194,8.0
4195,8.0
4196,8.0
4197,8.0
4198,8.0
4199,8.0
4200,8.0
4201,8.0
4202,8.0
4203,8.0
4204,8.0
4205,8.0
4206,8.0
4207,8.0
4208,8.0
4209,8.0
4210,8.0
4211,8.0
4212,8.0
4213,8.0
4214,8.0
4215,8.0
4216,8.0
4217,8.0
4218,8.0
4219,8.0
4220,8.0
4221,8.0
4222,8.0
4223,8.0
4224,8.0
4225,8.0
4226,8.0
4227,8.0
4228,8.0
4229,8.0
4230,8.0
4231,8.0
4232,8.0
4233,8.0
4234,8.0
4235,8.0
4236,8.0
4237,8.0
4238,8.0
4239,8.0
4240,8.0
4241,8.0
4242,8.0
4243,8.0
4244,8.0
4245,8.0
4246,8.0
4247,8.0
4248,8.0
4249,8.0
4250,8.0
4251,8.0
4252,8.0
4253,8.0
4254,8.0
4255,8.0
4256,8.0
4257,8.0
4258,8.0
4259,8.0
4260,8.0
4261,8.0
4262,8.0
4263,8.0
4264,8.0
4265,8.0
4266,8.0
4267,8.0
4268,8.0
4269,8.0
4270,8.0
4271,8.0
4272,8.0
4273,8.0
4274,8.0
4275,8.0
4276,8.0
4277,8.0
4278,8.0
4279,8.0
4280,8.0
4281,8.0
4282,8.0
4283,8.0
4284,8.0
4285,8.0
4286,8.0
4287,8.0
4288,8.0
4289,8.0
4290,8.0
4291,8.0
4292,8.0
4293,8.0
4294,8.0
4295,8.0
4296,8.0
4297,8.0
4298,8.0
4299,8.0
4300,8.0
4301,8.0
4302,8.0
4303,8.0
4304,8.0
4305,8.0
4306,8.0
4307,8.0
4308,8.0
4309,8.0
4310,8.0
4311,8.0
4312,8.0
4313,8.0
4314,8.0
4315,8.0
4316,8.0
4317,8.0
4318,8.0
4319,8.0
4320,8.0
4321,8.0
4322,8.0
4323,8.0
4324,8.0
4325,8.0
4326,8.0
4327,8.0
4328,8.0
4329,8.0
4330,8.0
4331,8.0
4332,8.0
4333,8.0
4334,8.0
4335,8.0
4336,8.0
4337,8.0
4338,8.0
4339,8.0
4340,8.0
4341,8.0
4342,8.0
4343,8.0
4344,8.0
4345,8.0
4346,8.0
4347,8.0
4348,8.0
4349,8.0
4350,8.0
4351,8.0
4352,8.0
4353,8.0
4354,8.0
4355,8.0
4356,8.0
4357,8.0
4358,8.0
4359,8.0
4360,8.0
4361,8.0
4362,8.0
4363,8.0
4364,8.0
4365,8.0
4366,8.0
4367,8.0
4368,8.0
4369,8.0
4370,8.0
4371,8.0
4372,8.0
4373,8.0
4374,8.0
4375,8.0
4376,8.0
4377,8.0
4378,8.0
4379,8.0
4380,8.0
4381,8.0
4382,8.0
4383,8.0
4384,8.0
4385,8.0
4386,8.0
4387,8.0
4388,8.0
4389,8.0
4390,8.0
4391,8.0
4392,8.0
4393,8.0
4394,8.0
4395,8.0
4396,8.0
4397,8.0
4398,8.0
4399,8.0
4400,8.0
4401,8.0
4402,8.0
4403,8.0
4404,8.0
4405,8.0
4406,8.0
4407,8.0
4408,8.0
4409,8.0
4410,8.0
4411,8.0
4412,8.0
4413,8.0
4414,8.0
4415,8.0
4416,8.0
4417,8.0
4418,8.0
4419,8.0
4420,8.0
4421,8.0
4422,8.0
4423,8.0
4424,8.0
4425,8.0
4426,8.0
4427,8.0
4428,8.0
4429,8.0
4430,8.0
4431,8.0
4432,8.0
4433,8.0
4434,8.0
4435,8.0
4436,8.0
4437,8.0
4438,8.0
4439,8.0
4440,8.0
4441,8.0
4442,8.0
4443,8.0
4444,8.0
4445,8.0
4446,8.0
4447,8.0
4448,8.0
4449,8.0
4450,8.0
4451,8.0
4452,8.0
4453,8.0
4454,8.0
4455,8.0
4456,8.0
4457,8.0
4458,8.0
4459,8.0
4460,8.0
4461,8.0
4462,8.0
4463,8.0
4464,8.0
4465,8.0
4466,8.0
4467,8.0
4468,8.0
4469,8.0
4470,8.0
4471,8.0
4472,8.0
4473,8.0
4474,8.0
4475,8.0
4476,8.0
4477,8.0
4478,8.0
4479,8.0
4480,8.0
4481,8.0
4482,8.0
4483,8.0
4484,8.0
4485,8.0
4486,8.0
4487,8.0
4488,8.0
4489,8.0
4490,8.0
4491,8.0
4492,8.0
4493,8.0
4494,8.0
4495,8.0
4496,8.0
4497,8.0
4498,8.0
4499,8.0
4500,8.0
4501,8.0
4502,8.0
4503,8.0
4504,8.0
4505,8.0
4506,8.0
4507,8.0
4508,8.0
4509,8.0
4510,8.0
4511,8.0
4512,8.0
4513,8.0
4514,8.0
4515,8.0
4516,8.0
4517,8.0
4518,8.0
4519,8.0
4520,8.0
4521,8.0
4522,8.0
4523,8.0
4524,8.0
4525,8.0
4526,8.0
4527,8.0
4528,8.0
4529,8.0
4530,8.0
4531,8.0
4532,8.0
4533,8.0
4534,8.0
4535,8.0
4536,8.0
4537,8.0
4538,8.0
4539,8.0
4540,8.0
4541,8.0
4542,8.0
4543,8.0
4544,8.0
4545,8.0
4546,8.0
4547,8.0
4548,8.0
4549,8.0
4550,8.0
4551,8.0
4552,8.0
4553,8.0
4554,8.0
4555,8.0
4556,8.0
4557,8.0
4558,8.0
4559,8.0
4560,8.0
4561,8.0
4562,8.0
4563,8.0
4564,8.0
4565,8.0
4566,8.0
4567,8.0
4568,8.0
4569,8.0
4570,8.0
4571,8.0
4572,8.0
4573,8.0
4574,8.0
4575,8.0
4576,8.0
4577,8.0
4578,8.0
4579,8.0
4580,8.0
4581,8.0
4582,8.0
4583,8.0
4584,8.0
4585,8.0
4586,8.0
4587,8.0
4588,8.0
4589,8.0
4590,8.0
4591,8.0
4592,8.0
4593,8.0
4594,8.0
4595,8.0
4596,8.0
4597,8.0
4598,8.0
4599,8.0
4600,8.0
4601,8.0
4602,8.0
4603,8.0
4604,8.0
4605,8.0
4606,8.0
4607,8.0
4608,8.0
4609,8.0
4610,8.0
4611,8.0
4612,8.0
4613,8.0
4614,8.0
4615,8.0
4616,8.0
4617,8.0
4618,8.0
4619,8.0
4620,8.0
4621,8.0
4622,8.0
4623,8.0
4624,8.0
4625,8.0
4626,8.0
4627,8.0
4628,8.0
4629,8.0
4630,8.0
4631,8.0
4632,8.0
4633,8.0
4634,8.0
4635,8.0
4636,8.0
4637,8.0
4638,8.0
4639,8.0
4640,8.0
4641,8.0
4642,8.0
4643,8.0
4644,8.0
4645,8.0
4646,8.0
4647,8.0
4648,8.0
4649,8.0
4650,8.0
4651,8.0
4652,8.0
4653,8.0
4654,8.0
4655,8.0
4656,8.0
4657,8.0
4658,8.0
4659,8.0
4660,8.0
4661,8.0
4662,8.0
4663,8.0
4664,8.0
4665,8.0
4666,8.0
4667,8.0
4668,8.0
4669,8.0
4670,8.0
4671,8.0
4672,8.0
4673,8.0
4674,8.0
4675,8.0
4676,8.0
4677,8.0
4678,8.0
4679,8.0
4680,8.0
4681,8.0
4682,8.0
4683,8.0
4684,8.0
4685,8.0
4686,8.0
4687,8.0
4688,8.0
4689,8.0
4690,8.0
4691,8.0
4692,8.0
4693,8.0
4694,8.0
4695,8.0
4696,8.0
4697,8.0
4698,8.0
4699,8.0
4700,8.0
4701,8.0
4702,8.0
4703,8.0
4704,8.0
4705,8.0
4706,8.0
4707,8.0
4708,8.0
4709,8.0
4710,8.0
4711,8.0
4712,8.0
4713,8.0
4714,8.0
4715,8.0
4716,8.0
4717,8.0
4718,8.0
4719,8.0
4720,8.0
4721,8.0
4722,8.0
4723,8.0
4724,8.0
4725,8.0
4726,8.0
4727,8.0
4728,8.0
4729,8.0
4730,8.0
4731,8.0
4732,8.0
4733,8.0
4734,8.0
4735,8.0
4736,8.0
4737,8.0
4738,8.0
4739,8.0
4740,8.0
4741,8.0
4742,8.0
4743,8.0
4744,8.0
4745,8.0
4746,8.0
4747,8.0
4748,8.0
4749,8.0
4750,8.0
4751,8.0
4752,8.0
4753,8.0
4754,8.0
4755,8.0
4756,8.0
4757,8.0
4758,8.0
4759,8.0
4760,8.0
4761,8.0
4762,8.0
4763,8.0
4764,8.0
4765,8.0
4766,8.0
4767,8.0
4768,8.0
4769,8.0
4770,8.0
4771,8.0
4772,8.0
4773,8.0
4774,8.0
4775,8.0
4776,8.0
4777,8.0
4778,8.0
4779,8.0
4780,8.0
4781,8.0
4782,8.0
4783,8.0
4784,8.0
4785,8.0
4786,8.0
4787,8.0
4788,8.0
4789,8.0
4790,8.0
4791,8.0
4792,8.0
4793,8.0
4794,8.0
4795,8.0
4796,8.0
4797,8.0
4798,8.0
4799,8.0
4800,8.0
4801,8.0
4802,8.0
4803,8.0
4804,8.0
4805,8.0
4806,8.0
4807,8.0
4808,8.0
4809,8.0
4810,8.0
4811,8.0
4812,8.0
4813,8.0
4814,8.0
4815,8.0
4816,8.0
4817,8.0
4818,8.0
4819,8.0
4820,8.0
4821,8.0
4822,8.0
4823,8.0
4824,8.0
4825,8.0
4826,8.0
4827,8.0
4828,8.0
4829,8.0
4830,8.0
4831,8.0
4832,8.0
4833,8.0
4834,8.0
4835,8.0
4836,8.0
4837,8.0
4838,8.0
4839,8.0
4840,8.0
4841,8.0
4842,8.0
4843,8.0
4844,8.0
4845,8.0
4846,8.0
4847,8.0
4848,8.0
4849,8.0
4850,8.0
4851,8.0
4852,8.0
4853,8.0
4854,8.0
4855,8.0
4856,8.0
4857,8.0
4858,8.0
4859,8.0
4860,8.0
4861,8.0
4862,8.0
4863,8.0
4864,8.0
4865,8.0
4866,8.0
4867,8.0
4868,8.0
4869,8.0
4870,8.0
4871,8.0
4872,8.0
4873,8.0
4874,8.0
4875,8.0
4876,8.0
4877,8.0
4878,8.0
4879,8.0
4880,8.0
4881,8.0
4882,8.0
4883,8.0
4884,8.0
4885,8.0
4886,8.0
4887,8.0
4888,8.0
4889,8.0
4890,8.0
4891,8.0
4892,8.0
4893,8.0
4894,8.0
4895,8.0
4896,8.0
4897,8.0
4898,8.0
4899,8.0
4900,8.0
4901,8.0
4902,8.0
4903,8.0
4904,8.0
4905,8.0
4906,8.0
4907,8.0
4908,8.0
4909,8.0
4910,8.0
4911,8.0
4912,8.0
4913,8.0
4914,8.0
4915,8.0
4916,8.0
4917,8.0
4918,8.0
4919,8.0
4920,8.0
4921,8.0
4922,8.0
4923,8.0
4924,8.0
4925,8.0
4926,8.0
4927,8.0
4928,8.0
4929,8.0
4930,8.0
4931,8.0
4932,8.0
4933,8.0
4934,8.0
4935,8.0
4936,8.0
4937,8.0
4938,8.0
4939,8.0
4940,8.0
4941,8.0
4942,8.0
4943,8.0
4944,8.0
4945,8.0
4946,8.0
4947,8.0
4948,8.0
4949,8.0
4950,8.0
4951,8.0
4952,8.0
4953,8.0
4954,8.0
4955,8.0
4956,8.0
4957,8.0
4958,8.0
4959,8.0
4960,8.0
4961,8.0
4962,8.0
4963,8.0
4964,8.0
4965,8.0
4966,8.0
4967,8.0
4968,8.0
4969,8.0
4970,8.0
4971,8.0
4972,8.0
4973,8.0
4974,8.0
4975,8.0
4976,8.0
4977,8.0
4978,8.0
4979,8.0
4980,8.0
4981,8.0
4982,8.0
4983,8.0
4984,8.0
4985,8.0
4986,8.0
4987,8.0
4988,8.0
4989,8.0
4990,8.0
4991,8.0
4992,8.0
4993,8.0
4994,8.0
4995,8.0
4996,8.0
4997,8.0
4998,8.0
4999,8.0
5000,8.0
5001,8.0
5002,8.0
5003,8.0
5004,8.0
5005,8.0
5006,8.0
5007,8.0
5008,8.0
5009,8.0
5010,8.0
5011,8.0
5012,8.0
5013,8.0
5014,8.0
5015,8.0
5016,8.0
5017,8.0
5018,8.0
5019,8.0
5020,8.0
5021,8.0
5022,8.0
5023,8.0
5024,8.0
5025,8.0
5026,8.0
5027,8.0
5028,8.0
5029,8.0
5030,8.0
5031,8.0
5032,8.0
5033,8.0
5034,8.0
5035,8.0
5036,8.0
5037,8.0
5038,8.0
5039,8.0
5040,8.0
5041,8.0
5042,8.0
5043,8.0
5044,8.0
5045,8.0
5046,8.0
5047,8.0
5048,8.0
5049,8.0
5050,8.0
5051,8.0
5052,8.0
5053,8.0
5054,8.0
5055,8.0
5056,8.0
5057,8.0
5058,8.0
5059,8.0
5060,8.0
5061,8.0
5062,8.0
5063,8.0
5064,8.0
5065,8.0
5066,8.0
5067,8.0
5068,8.0
5069,8.0
5070,8.0
5071,8.0
5072,8.0
5073,8.0
5074,8.0
5075,8.0
5076,8.0
5077,8.0
5078,8.0
5079,8.0
5080,8.0
5081,8.0
5082,8.0
5083,8.0
5084,8.0
5085,8.0
5086,8.0
5087,8.0
5088,8.0
5089,8.0
5090,8.0
5091,8.0
5092,8.0
5093,8.0
5094,8.0
5095,8.0
5096,8.0
5097,8.0
5098,8.0
5099,8.0
5100,8.0
5101,8.0
5102,8.0
5103,8.0
5104,8.0
5105,8.0
5106,8.0
5107,8.0
5108,8.0
5109,8.0
5110,8.0
5111,8.0
5112,8.0
5113,8.0
5114,8.0
5115,8.0
5116,8.0
5117,8.0
5118,8.0
5119,8.0
5120,8.0
5121,8.0
5122,8.0
5123,8.0
5124,8.0
5125,8.0
5126,8.0
5127,8.0
5128,8.0
5129,8.0
5130,8.0
5131,8.0
5132,8.0
5133,8.0
5134,8.0
5135,8.0
5136,8.0
5137,8.0
5138,8.0
5139,8.0
5140,8.0
5141,8.0
5142,8.0
5143,8.0
5144,8.0
5145,8.0
5146,8.0
5147,8.0
5148,8.0
5149,8.0
5150,8.0
5151,8.0
5152,8.0
5153,8.0
5154,8.0
5155,8.0
5156,8.0
5157,8.0
5158,8.0
5159,8.0
5160,8.0
5161,8.0
5162,8.0
5163,8.0
5164,8.0
5165,8.0
5166,8.0
5167,8.0
5168,8.0
5169,8.0
5170,8.0
5171,8.0
5172,8.0
5173,8.0
5174,8.0
5175,8.0
5176,8.0
5177,8.0
5178,8.0
5179,8.0
5180,8.0
5181,8.0
5182,8.0
5183,8.0
5184,8.0
5185,8.0
5186,8.0
5187,8.0
5188,8.0
5189,8.0
5190,8.0
5191,8.0
5192,8.0
5193,8.0
5194,8.0
5195,8.0
5196,8.0
5197,8.0
5198,8.0
5199,8.0
5200,8.0
5201,8.0
5202,8.0
5203,8.0
5204,8.0
5205,8.0
5206,8.0
5207,8.0
5208,8.0
5209,8.0
5210,8.0
5211,8.0
5212,8.0
5213,8.0
5214,8.0
5215,8.0
5216,8.0
5217,8.0
5218,8.0
5219,8.0
5220,8.0
5221,8.0
5222,8.0
5223,8.0
5224,8.0
5225,8.0
5226,8.0
5227,8.0
5228,8.0
5229,8.0
5230,8.0
5231,8.0
5232,8.0
5233,8.0
5234,8.0
5235,8.0
5236,8.0
5237,8.0
5238,8.0
5239,8.0
5240,8.0
5241,8.0
5242,8.0
5243,8.0
5244,8.0
5245,8.0
5246,8.0
5247,8.0
5248,8.0
5249,8.0
5250,8.0
5251,8.0
5252,8.0
5253,8.0
5254,8.0
5255,8.0
5256,8.0
5257,8.0
5258,8.0
5259,8.0
5260,8.0
5261,8.0
5262,8.0
5263,8.0
5264,8.0
5265,8.0
5266,8.0
5267,8.0
5268,8.0
5269,8.0
5270,8.0
5271,8.0
5272,8.0
5273,8.0
5274,8.0
5275,8.0
5276,8.0
5277,8.0
5278,8.0
5279,8.0
5280,8.0
5281,8.0
5282,8.0
5283,8.0
5284,8.0
5285,8.0
5286,8.0
5287,8.0
5288,8.0
5289,8.0
5290,8.0
5291,8.0
5292,8.0
5293,8.0
5294,8.0
5295,8.0
5296,8.0
5297,8.0
5298,8.0
5299,8.0
5300,8.0
5301,8.0
5302,8.0
5303,8.0
5304,8.0
5305,8.0
5306,8.0
5307,8.0
5308,8.0
5309,8.0
5310,8.0
5311,8.0
5312,8.0
5313,8.0
5314,8.0
5315,8.0
5316,8.0
5317,8.0
5318,8.0
5319,8.0
5320,8.0
5321,8.0
5322,8.0
5323,8.0
5324,8.0
5325,8.0
5326,8.0
5327,8.0
5328,8.0
5329,8.0
5330,8.0
5331,8.0
5332,8.0
5333,8.0
5334,8.0
5335,8.0
5336,8.0
5337,8.0
5338,8.0
5339,8.0
5340,8.0
5341,8.0
5342,8.0
5343,8.0
5344,8.0
5345,8.0
5346,8.0
5347,8.0
5348,8.0
5349,8.0
5350,8.0
5351,8.0
5352,8.0
5353,8.0
5354,8.0
5355,8.0
5356,8.0
5357,8.0
5358,8.0
5359,8.0
5360,8.0
5361,8.0
5362,8.0
5363,8.0
5364,8.0
5365,8.0
5366,8.0
5367,8.0
5368,8.0
5369,8.0
5370,8.0
5371,8.0
5372,8.0
5373,8.0
5374,8.0
5375,8.0
5376,8.0
5377,8.0
5378,8.0
5379,8.0
5380,8.0
5381,8.0
5382,8.0
5383,8.0
5384,8.0
5385,8.0
5386,8.0
5387,8.0
5388,8.0
5389,8.0
5390,8.0
5391,8.0
5392,8.0
5393,8.0
5394,8.0
5395,8.0
5396,8.0
5397,8.0
5398,8.0
5399,8.0
5400,8.0
5401,8.0
5402,8.0
5403,8.0
5404,8.0
5405,8.0
5406,8.0
5407,8.0
5408,8.0
5409,8.0
5410,8.0
5411,8.0
5412,8.0
5413,8.0
5414,8.0
5415,8.0
5416,8.0
5417,8.0
5418,8.0
5419,8.0
5420,8.0
5421,8.0
5422,8.0
5423,8.0
5424,8.0
5425,8.0
5426,8.0
5427,8.0
5428,8.0
5429,8.0
5430,8.0
5431,8.0
5432,8.0
5433,8.0
5434,8.0
5435,8.0
5436,8.0
5437,8.0
5438,8.0
5439,8.0
5440,8.0
5441,8.0
5442,8.0
5443,8.0
5444,8.0
5445,8.0
5446,8.0
5447,8.0
5448,8.0
5449,8.0
5450,8.0
5451,8.0
5452,8.0
5453,8.0
5454,8.0
5455,8.0
5456,8.0
5457,8.0
5458,8.0
5459,8.0
5460,8.0
5461,8.0
5462,8.0
5463,8.0
5464,8.0
5465,8.0
5466,8.0
5467,8.0
5468,8.0
5469,8.0
5470,8.0
5471,8.0
5472,8.0
5473,8.0
5474,8.0
5475,8.0
5476,8.0
5477,8.0
5478,8.0
5479,8.0
5480,8.0
5481,8.0
5482,8.0
5483,8.0
5484,8.0
5485,8.0
5486,8.0
5487,8.0
5488,8.0
5489,8.0
5490,8.0
5491,8.0
5492,8.0
5493,8.0
5494,8.0
5495,8.0
5496,8.0
5497,8.0
5498,8.0
5499,8.0
5500,8.0
5501,8.0
5502,8.0
5503,8.0
5504,8.0
5505,8.0
5506,8.0
5507,8.0
5508,8.0
5509,8.0
5510,8.0
5511,8.0
5512,8.0
5513,8.0
5514,8.0
5515,8.0
5516,8.0
5517,8.0
5518,8.0
5519,8.0
5520,8.0
5521,8.0
5522,8.0
5523,8.0
5524,8.0
5525,8.0
5526,8.0
5527,8.0
5528,8.0
5529,8.0
5530,8.0
5531,8.0
5532,8.0
5533,8.0
5534,8.0
5535,8.0
5536,8.0
5537,8.0
5538,8.0
5539,8.0
5540,8.0
5541,8.0
5542,8.0
5543,8.0
5544,8.0
5545,8.0
5546,8.0
5547,8.0
5548,8.0
5549,8.0
5550,8.0
5551,8.0
5552,8.0
5553,8.0
5554,8.0
5555,8.0
5556,8.0
5557,8.0
5558,8.0
5559,8.0
5560,8.0
5561,8.0
5562,8.0
5563,8.0
5564,8.0
5565,8.0
5566,8.0
5567,8.0
5568,8.0
5569,8.0
5570,8.0
5571,8.0
5572,8.0
5573,8.0
5574,8.0
5575,8.0
5576,8.0
5577,8.0
5578,8.0
5579,8.0
5580,8.0
5581,8.0
5582,8.0
5583,8.0
5584,8.0
5585,8.0
5586,8.0
5587,8.0
5588,8.0
5589,8.0
5590,8.0
5591,8.0
5592,8.0
5593,8.0
5594,8.0
5595,8.0
5596,8.0
5597,8.0
5598,8.0
5599,8.0
5600,8.0
5601,8.0
5602,8.0
5603,8.0
5604,8.0
5605,8.0
5606,8.0
5607,8.0
5608,8.0
5609,8.0
5610,8.0
5611,8.0
5612,8.0
5613,8.0
5614,8.0
5615,8.0
5616,8.0
5617,8.0
5618,8.0
5619,8.0
5620,8.0
5621,8.0
5622,8.0
5623,8.0
5624,8.0
5625,8.0
5626,8.0
5627,8.0
5628,8.0
5629,8.0
5630,8.0
5631,8.0
5632,8.0
5633,8.0
5634,8.0
5635,8.0
5636,8.0
5637,8.0
5638,8.0
5639,8.0
5640,8.0
5641,8.0
5642,8.0
5643,8.0
5644,8.0
5645,8.0
5646,8.0
5647,8.0
5648,8.0
5649,8.0
5650,8.0
5651,8.0
5652,8.0
5653,8.0
5654,8.0
5655,8.0
5656,8.0
5657,8.0
5658,8.0
5659,8.0
5660,8.0
5661,8.0
5662,8.0
5663,8.0
5664,8.0
5665,8.0
5666,8.0
5667,8.0
5668,8.0
5669,8.0
5670,8.0
5671,8.0
5672,8.0
5673,8.0
5674,8.0
5675,8.0
5676,8.0
5677,8.0
5678,8.0
5679,8.0
5680,8.0
5681,8.0
5682,8.0
5683,8.0
5684,8.0
5685,8.0
5686,8.0
5687,8.0
5688,8.0
5689,8.0
5690,8.0
5691,8.0
5692,8.0
5693,8.0
5694,8.0
5695,8.0
5696,8.0
5697,8.0
5698,8.0
5699,8.0
5700,8.0
5701,8.0
5702,8.0
5703,8.0
5704,8.0
5705,8.0
5706,8.0
5707,8.0
5708,8.0
5709,8.0
5710,8.0
5711,8.0
5712,8.0
5713,8.0
5714,8.0
5715,8.0
5716,8.0
5717,8.0
5718,8.0
5719,8.0
5720,8.0
5721,8.0
5722,8.0
5723,8.0
5724,8.0
5725,8.0
5726,8.0
5727,8.0
5728,8.0
5729,8.0
5730,8.0
5731,8.0
5732,8.0
5733,8.0
5734,8.0
5735,8.0
5736,8.0
5737,8.0
5738,8.0
5739,8.0
5740,8.0
5741,8.0
5742,8.0
5743,8.0
5744,8.0
5745,8.0
5746,8.0
5747,8.0
5748,8.0
5749,8.0
5750,8.0
5751,8.0
5752,8.0
5753,8.0
5754,8.0
5755,8.0
5756,8.0
5757,8.0
5758,8.0
5759,8.0
5760,8.0
5761,8.0
5762,8.0
5763,8.0
5764,8.0
5765,8.0
5766,8.0
5767,8.0
5768,8.0
5769,8.0
5770,8.0
5771,8.0
5772,8.0
5773,8.0
5774,8.0
5775,8.0
5776,8.0
5777,8.0
5778,8.0
5779,8.0
5780,8.0
5781,8.0
5782,8.0
5783,8.0
5784,8.0
5785,8.0
5786,8.0
5787,8.0
5788,8.0
5789,8.0
5790,8.0
5791,8.0
5792,8.0
5793,8.0
5794,8.0
5795,8.0
5796,8.0
5797,8.0
5798,8.0
5799,8.0
5800,8.0
5801,8.0
5802,8.0
5803,8.0
5804,8.0
5805,8.0
5806,8.0
5807,8.0
5808,8.0
5809,8.0
5810,8.0
5811,8.0
5812,8.0
5813,8.0
5814,8.0
5815,8.0
5816,8.0
5817,8.0
5818,8.0
5819,8.0
5820,8.0
5821,8.0
5822,8.0
5823,8.0
5824,8.0
5825,8.0
5826,8.0
5827,8.0
5828,8.0
5829,8.0
5830,8.0
5831,8.0
5832,8.0
5833,8.0
5834,8.0
5835,8.0
5836,8.0
5837,8.0
5838,8.0
5839,8.0
5840,8.0
5841,8.0
5842,8.0
5843,8.0
5844,8.0
5845,8.0
5846,8.0
5847,8.0
5848,8.0
5849,8.0
5850,8.0
5851,8.0
5852,8.0
5853,8.0
5854,8.0
5855,8.0
5856,8.0
5857,8.0
5858,8.0
5859,8.0
5860,8.0
5861,8.0
5862,8.0
5863,8.0
5864,8.0
5865,8.0
5866,8.0
5867,8.0
5868,8.0
5869,8.0
5870,8.0
5871,8.0
5872,8.0
5873,8.0
5874,8.0
5875,8.0
5876,8.0
5877,8.0
5878,8.0
5879,8.0
5880,8.0
5881,8.0
5882,8.0
5883,8.0
5884,8.0
5885,8.0
5886,8.0
5887,8.0
5888,8.0
5889,8.0
5890,8.0
5891,8.0
5892,8.0
5893,8.0
5894,8.0
5895,8.0
5896,8.0
5897,8.0
5898,8.0
5899,8.0
5900,8.0
5901,8.0
5902,8.0
5903,8.0
5904,8.0
5905,8.0
5906,8.0
5907,8.0
5908,8.0
5909,8.0
5910,8.0
5911,8.0
5912,8.0
5913,8.0
5914,8.0
5915,8.0
5916,8.0
5917,8.0
5918,8.0
5919,8.0
5920,8.0
5921,8.0
5922,8.0
5923,8.0
5924,8.0
5925,8.0
5926,8.0
5927,8.0
5928,8.0
5929,8.0
5930,8.0
5931,8.0
5932,8.0
5933,8.0
5934,8.0
5935,8.0
5936,8.0
5937,8.0
5938,8.0
5939,8.0
5940,8.0
5941,8.0
5942,8.0
5943,8.0
5944,8.0
5945,8.0
5946,8.0
5947,8.0
5948,8.0
5949,8.0
5950,8.0
5951,8.0
5952,8.0
5953,8.0
5954,8.0
5955,8.0
5956,8.0
5957,8.0
5958,8.0
5959,8.0
5960,8.0
5961,8.0
5962,8.0
5963,8.0
5964,8.0
5965,8.0
5966,8.0
5967,8.0
5968,8.0
5969,8.0
5970,8.0
5971,8.0
5972,8.0
5973,8.0
5974,8.0
5975,8.0
5976,8.0
5977,8.0
5978,8.0
5979,8.0
5980,8.0
5981,8.0
5982,8.0
5983,8.0
5984,8.0
5985,8.0
5986,8.0
5987,8.0
5988,8.0
5989,8.0
5990,8.0
5991,8.0
5992,8.0
5993,8.0
5994,8.0
5995,8.0
5996,8.0
5997,8.0
5998,8.0
5999,8.0
6000,8.0
6001,8.0
6002,8.0
6003,8.0
6004,8.0
6005,8.0
6006,8.0
6007,8.0
6008,8.0
6009,8.0
6010,8.0
6011,8.0
6012,8.0
6013,8.0
6014,8.0
6015,8.0
6016,8.0
6017,8.0
6018,8.0
6019,8.0
6020,8.0
6021,8.0
6022,8.0
6023,8.0
6024,8.0
6025,8.0
6026,8.0
6027,8.0
6028,8.0
6029,8.0
6030,8.0
6031,8.0
6032,8.0
6033,8.0
6034,8.0
6035,8.0
6036,8.0
6037,8.0
6038,8.0
6039,8.0
6040,8.0
6041,8.0
6042,8.0
6043,8.0
6044,8.0
6045,8.0
6046,8.0
6047,8.0
6048,8.0
6049,8.0
6050,8.0
6051,8.0
6052,8.0
6053,8.0
6054,8.0
6055,8.0
6056,8.0
6057,8.0
6058,8.0
6059,8.0
6060,8.0
6061,8.0
6062,8.0
6063,8.0
6064,8.0
6065,8.0
6066,8.0
6067,8.0
6068,8.0
6069,8.0
6070,8.0
6071,8.0
6072,8.0
6073,8.0
6074,8.0
6075,8.0
6076,8.0
6077,8.0
6078,8.0
6079,8.0
6080,8.0
6081,8.0
6082,8.0
6083,8.0
6084,8.0
6085,8.0
6086,8.0
6087,8.0
6088,8.0
6089,8.0
6090,8.0
6091,8.0
6092,8.0
6093,8.0
6094,8.0
6095,8.0
6096,8.0
6097,8.0
6098,8.0
6099,8.0
6100,8.0
6101,8.0
6102,8.0
6103,8.0
6104,8.0
6105,8.0
6106,8.0
6107,8.0
6108,8.0
6109,8.0
6110,8.0
6111,8.0
6112,8.0
6113,8.0
6114,8.0
6115,8.0
6116,8.0
6117,8.0
6118,8.0
6119,8.0
6120,8.0
6121,8.0
6122,8.0
6123,8.0
6124,8.0
6125,8.0
6126,8.0
6127,8.0
6128,8.0
6129,8.0
6130,8.0
6131,8.0
6132,8.0
6133,8.0
6134,8.0
6135,8.0
6136,8.0
6137,8.0
6138,8.0
6139,8.0
6140,8.0
6141,8.0
6142,8.0
6143,8.0
6144,8.0
6145,8.0
6146,8.0
6147,8.0
6148,8.0
6149,8.0
6150,8.0
6151,8.0
6152,8.0
6153,8.0
6154,8.0
6155,8.0
6156,8.0
6157,8.0
6158,8.0
6159,8.0
6160,8.0
6161,8.0
6162,8.0
6163,8.0
6164,8.0
6165,8.0
6166,8.0
6167,8.0
6168,8.0
6169,8.0
6170,8.0
6171,8.0
6172,8.0
6173,8.0
6174,8.0
6175,8.0
6176,8.0
6177,8.0
6178,8.0
6179,8.0
6180,8.0
6181,8.0
6182,8.0
6183,8.0
6184,8.0
6185,8.0
6186,8.0
6187,8.0
6188,8.0
6189,8.0
6190,8.0
6191,8.0
6192,8.0
6193,8.0
6194,8.0
6195,8.0
6196,8.0
6197,8.0
6198,8.0
6199,8.0
6200,8.0
6201,8.0
6202,8.0
6203,8.0
6204,8.0
6205,8.0
6206,8.0
6207,8.0
6208,8.0
6209,8.0
6210,8.0
6211,8.0
6212,8.0
6213,8.0
6214,8.0
6215,8.0
6216,8.0
6217,8.0
6218,8.0
6219,8.0
6220,8.0
6221,8.0
6222,8.0
6223,8.0
6224,8.0
6225,8.0
6226,8.0
6227,8.0
6228,8.0
6229,8.0
6230,8.0
6231,8.0
6232,8.0
6233,8.0
6234,8.0
6235,8.0
6236,8.0
6237,8.0
6238,8.0
6239,8.0
6240,8.0
6241,8.0
6242,8.0
6243,8.0
6244,8.0
6245,8.0
6246,8.0
6247,8.0
6248,8.0
6249,8.0
6250,8.0
6251,8.0
6252,8.0
6253,8.0
6254,8.0
6255,8.0
6256,8.0
6257,8.0
6258,8.0
6259,8.0
6260,8.0
6261,8.0
6262,8.0
6263,8.0
6264,8.0
6265,8.0
6266,8.0
6267,8.0
6268,8.0
6269,8.0
6270,8.0
6271,8.0
6272,8.0
6273,8.0
6274,8.0
6275,8.0
6276,8.0
6277,8.0
6278,8.0
6279,8.0
6280,8.0
6281,8.0
6282,8.0
6283,8.0
6284,8.0
6285,8.0
6286,8.0
6287,8.0
6288,8.0
6289,8.0
6290,8.0
6291,8.0
6292,8.0
6293,8.0
6294,8.0
6295,8.0
6296,8.0
6297,8.0
6298,8.0
6299,8.0
6300,8.0
6301,8.0
6302,8.0
6303,8.0
6304,8.0
6305,8.0
6306,8.0
6307,8.0
6308,8.0
6309,8.0
6310,8.0
6311,8.0
6312,8.0
6313,8.0
6314,8.0
6315,8.0
6316,8.0
6317,8.0
6318,8.0
6319,8.0
6320,8.0
6321,8.0
6322,8.0
6323,8.0
6324,8.0
6325,8.0
6326,8.0
6327,8.0
6328,8.0
6329,8.0
6330,8.0
6331,8.0
6332,8.0
6333,8.0
6334,8.0
6335,8.0
6336,8.0
6337,8.0
6338,8.0
6339,8.0
6340,8.0
6341,8.0
6342,8.0
6343,8.0
6344,8.0
6345,8.0
6346,8.0
6347,8.0
6348,8.0
6349,8.0
6350,8.0
6351,8.0
6352,8.0
6353,8.0
6354,8.0
6355,8.0
6356,8.0
6357,8.0
6358,8.0
6359,8.0
6360,8.0
6361,8.0
6362,8.0
6363,8.0
6364,8.0
6365,8.0
6366,8.0
6367,8.0
6368,8.0
6369,8.0
6370,8.0
6371,8.0
6372,8.0
6373,8.0
6374,8.0
6375,8.0
6376,8.0
6377,8.0
6378,8.0
6379,8.0
6380,8.0
6381,8.0
6382,8.0
6383,8.0
6384,8.0
6385,8.0
6386,8.0
6387,8.0
6388,8.0
6389,8.0
6390,8.0
6391,8.0
6392,8.0
6393,8.0
6394,8.0
6395,8.0
6396,8.0
6397,8.0
6398,8.0
6399,8.0
6400,8.0
6401,8.0
6402,8.0
6403,8.0
6404,8.0
6405,8.0
6406,8.0
6407,8.0
6408,8.0
6409,8.0
6410,8.0
6411,8.0
6412,8.0
6413,8.0
6414,8.0
6415,8.0
6416,8.0
6417,8.0
6418,8.0
6419,8.0
6420,8.0
6421,8.0
6422,8.0
6423,8.0
6424,8.0
6425,8.0
6426,8.0
6427,8.0
6428,8.0
6429,8.0
6430,8.0
6431,8.0
6432,8.0
6433,8.0
6434,8.0
6435,8.0
6436,8.0
6437,8.0
6438,8.0
6439,8.0
6440,8.0
6441,8.0
6442,8.0
6443,8.0
6444,8.0
6445,8.0
6446,8.0
6447,8.0
6448,8.0
6449,8.0
6450,8.0
6451,8.0
6452,8.0
6453,8.0
6454,8.0
6455,8.0
6456,8.0
6457,8.0
6458,8.0
6459,8.0
6460,8.0
6461,8.0
6462,8.0
6463,8.0
6464,8.0
6465,8.0
6466,8.0
6467,8.0
6468,8.0
6469,8.0
6470,8.0
6471,8.0
6472,8.0
6473,8.0
6474,8.0
6475,8.0
6476,8.0
6477,8.0
6478,8.0
6479,8.0
6480,8.0
6481,8.0
6482,8.0
6483,8.0
6484,8.0
6485,8.0
6486,8.0
6487,8.0
6488,8.0
6489,8.0
6490,8.0
6491,8.0
6492,8.0
6493,8.0
6494,8.0
6495,8.0
6496,8.0
6497,8.0
6498,8.0
6499,8.0
6500,8.0
6501,8.0
6502,8.0
6503,8.0
6504,8.0
6505,8.0
6506,8.0
6507,8.0
6508,8.0
6509,8.0
6510,8.0
6511,8.0
6512,8.0
6513,8.0
6514,8.0
6515,8.0
6516,8.0
6517,8.0
6518,8.0
6519,8.0
6520,8.0
6521,8.0
6522,8.0
6523,8.0
6524,8.0
6525,8.0
6526,8.0
6527,8.0
6528,8.0
6529,8.0
6530,8.0
6531,8.0
6532,8.0
6533,8.0
6534,8.0
6535,8.0
6536,8.0
6537,8.0
6538,8.0
6539,8.0
6540,8.0
6541,8.0
6542,8.0
6543,8.0
6544,8.0
6545,8.0
6546,8.0
6547,8.0
6548,8.0
6549,8.0
6550,8.0
6551,8.0
6552,8.0
6553,8.0
6554,8.0
6555,8.0
6556,8.0
6557,8.0
6558,8.0
6559,8.0
6560,8.0
6561,8.0
6562,8.0
6563,8.0
6564,8.0
6565,8.0
6566,8.0
6567,8.0
6568,8.0
6569,8.0
6570,8.0
6571,8.0
6572,8.0
6573,8.0
6574,8.0
6575,8.0
6576,8.0
6577,8.0
6578,8.0
6579,8.0
6580,8.0
6581,8.0
6582,8.0
6583,8.0
6584,8.0
6585,8.0
6586,8.0
6587,8.0
6588,8.0
6589,8.0
6590,8.0
6591,8.0
6592,8.0
6593,8.0
6594,8.0
6595,8.0
6596,8.0
6597,8.0
6598,8.0
6599,8.0
6600,8.0
6601,8.0
6602,8.0
6603,8.0
6604,8.0
6605,8.0
6606,8.0
6607,8.0
6608,8.0
6609,8.0
6610,8.0
6611,8.0
6612,8.0
6613,8.0
6614,8.0
6615,8.0
6616,8.0
6617,8.0
6618,8.0
6619,8.0
6620,8.0
6621,8.0
6622,8.0
6623,8.0
6624,8.0
6625,8.0
6626,8.0
6627,8.0
6628,8.0
6629,8.0
6630,8.0
6631,8.0
6632,8.0
6633,8.0
6634,8.0
6635,8.0
6636,8.0
6637,8.0
6638,8.0
6639,8.0
6640,8.0
6641,8.0
6642,8.0
6643,8.0
6644,8.0
6645,8.0
6646,8.0
6647,8.0
6648,8.0
6649,8.0
6650,8.0
6651,8.0
6652,8.0
6653,8.0
6654,8.0
6655,8.0
6656,8.0
6657,8.0
6658,8.0
6659,8.0
6660,8.0
6661,8.0
6662,8.0
6663,8.0
6664,8.0
6665,8.0
6666,8.0
6667,8.0
6668,8.0
6669,8.0
6670,8.0
6671,8.0
6672,8.0
6673,8.0
6674,8.0
6675,8.0
6676,8.0
6677,8.0
6678,8.0
6679,8.0
6680,8.0
6681,8.0
6682,8.0
6683,8.0
6684,8.0
6685,8.0
6686,8.0
6687,8.0
6688,8.0
6689,8.0
6690,8.0
6691,8.0
6692,8.0
6693,8.0
6694,8.0
6695,8.0
6696,8.0
6697,8.0
6698,8.0
6699,8.0
6700,8.0
6701,8.0
6702,8.0
6703,8.0
6704,8.0
6705,8.0
6706,8.0
6707,8.0
6708,8.0
6709,8.0
6710,8.0
6711,8.0
6712,8.0
6713,8.0
6714,8.0
6715,8.0
6716,8.0
6717,8.0
6718,8.0
6719,8.0
6720,8.0
6721,8.0
6722,8.0
6723,8.0
6724,8.0
6725,8.0
6726,8.0
6727,8.0
6728,8.0
6729,8.0
6730,8.0
6731,8.0
6732,8.0
6733,8.0
6734,8.0
6735,8.0
6736,8.0
6737,8.0
6738,8.0
6739,8.0
6740,8.0
6741,8.0
6742,8.0
6743,8.0
6744,8.0
6745,8.0
6746,8.0
6747,8.0
6748,8.0
6749,8.0
6750,8.0
6751,8.0
6752,8.0
6753,8.0
6754,8.0
6755,8.0
6756,8.0
6757,8.0
6758,8.0
6759,8.0
6760,8.0
6761,8.0
6762,8.0
6763,8.0
6764,8.0
6765,8.0
6766,8.0
6767,8.0
6768,8.0
6769,8.0
6770,8.0
6771,8.0
6772,8.0
6773,8.0
6774,8.0
6775,8.0
6776,8.0
6777,8.0
6778,8.0
6779,8.0
6780,8.0
6781,8.0
6782,8.0
6783,8.0
6784,8.0
6785,8.0
6786,8.0
6787,8.0
6788,8.0
6789,8.0
6790,8.0
6791,8.0
6792,8.0
6793,8.0
6794,8.0
6795,8.0
6796,8.0
6797,8.0
6798,8.0
6799,8.0
6800,8.0
6801,8.0
6802,8.0
6803,8.0
6804,8.0
6805,8.0
6806,8.0
6807,8.0
6808,8.0
6809,8.0
6810,8.0
6811,8.0
6812,8.0
6813,8.0
6814,8.0
6815,8.0
6816,8.0
6817,8.0
6818,8.0
6819,8.0
6820,8.0
6821,8.0
6822,8.0
6823,8.0
6824,8.0
6825,8.0
6826,8.0
6827,8.0
6828,8.0
6829,8.0
6830,8.0
6831,8.0
6832,8.0
6833,8.0
6834,8.0
6835,8.0
6836,8.0
6837,8.0
6838,8.0
6839,8.0
6840,8.0
6841,8.0
6842,8.0
6843,8.0
6844,8.0
6845,8.0
6846,8.0
6847,8.0
6848,8.0
6849,8.0
6850,8.0
6851,8.0
6852,8.0
6853,8.0
6854,8.0
6855,8.0
6856,8.0
6857,8.0
6858,8.0
6859,8.0
6860,8.0
6861,8.0
6862,8.0
6863,8.0
6864,8.0
6865,8.0
6866,8.0
6867,8.0
6868,8.0
6869,8.0
6870,8.0
6871,8.0
6872,8.0
6873,8.0
6874,8.0
6875,8.0
6876,8.0
6877,8.0
6878,8.0
6879,8.0
6880,8.0
6881,8.0
6882,8.0
6883,8.0
6884,8.0
6885,8.0
6886,8.0
6887,8.0
6888,8.0
6889,8.0
6890,8.0
6891,8.0
6892,8.0
6893,8.0
6894,8.0
6895,8.0
6896,8.0
6897,8.0
6898,8.0
6899,8.0
6900,8.0
6901,8.0
6902,8.0
6903,8.0
6904,8.0
6905,8.0
6906,8.0
6907,8.0
6908,8.0
6909,8.0
6910,8.0
6911,8.0
6912,8.0
6913,8.0
6914,8.0
6915,8.0
6916,8.0
6917,8.0
6918,8.0
6919,8.0
6920,8.0
6921,8.0
6922,8.0
6923,8.0
6924,8.0
6925,8.0
6926,8.0
6927,8.0
6928,8.0
6929,8.0
6930,8.0
6931,8.0
6932,8.0
6933,8.0
6934,8.0
6935,8.0
6936,8.0
6937,8.0
6938,8.0
6939,8.0
6940,8.0
6941,8.0
6942,8.0
6943,8.0
6944,8.0
6945,8.0
6946,8.0
6947,8.0
6948,8.0
6949,8.0
6950,8.0
6951,8.0
6952,8.0
6953,8.0
6954,8.0
6955,8.0
6956,8.0
6957,8.0
6958,8.0
6959,8.0
6960,8.0
6961,8.0
6962,8.0
6963,8.0
6964,8.0
6965,8.0
6966,8.0
6967,8.0
6968,8.0
6969,8.0
6970,8.0
6971,8.0
6972,8.0
6973,8.0
6974,8.0
6975,8.0
6976,8.0
6977,8.0
6978,8.0
6979,8.0
6980,8.0
6981,8.0
6982,8.0
6983,8.0
6984,8.0
6985,8.0
6986,8.0
6987,8.0
6988,8.0
6989,8.0
6990,8.0
6991,8.0
6992,8.0
6993,8.0
6994,8.0
6995,8.0
6996,8.0
6997,8.0
6998,8.0
6999,8.0
7000,8.0
7001,8.0
7002,8.0
7003,8.0
7004,8.0
7005,8.0
7006,8.0
7007,8.0
7008,8.0
7009,8.0
7010,8.0
7011,8.0
7012,8.0
7013,8.0
7014,8.0
7015,8.0
7016,8.0
7017,8.0
7018,8.0
7019,8.0
7020,8.0
7021,8.0
7022,8.0
7023,8.0
7024,8.0
7025,8.0
7026,8.0
7027,8.0
7028,8.0
7029,8.0
7030,8.0
7031,8.0
7032,8.0
7033,8.0
7034,8.0
7035,8.0
7036,8.0
7037,8.0
7038,8.0
7039,8.0
7040,8.0
7041,8.0
7042,8.0
7043,8.0
7044,8.0
7045,8.0
7046,8.0
7047,8.0
7048,8.0
7049,8.0
7050,8.0
7051,8.0
7052,8.0
7053,8.0
7054,8.0
7055,8.0
7056,8.0
7057,8.0
7058,8.0
7059,8.0
7060,8.0
7061,8.0
7062,8.0
7063,8.0
7064,8.0
7065,8.0
7066,8.0
7067,8.0
7068,8.0
7069,8.0
7070,8.0
7071,8.0
7072,8.0
7073,8.0
7074,8.0
7075,8.0
7076,8.0
7077,8.0
7078,8.0
7079,8.0
7080,8.0
7081,8.0
7082,8.0
7083,8.0
7084,8.0
7085,8.0
7086,8.0
7087,8.0
7088,8.0
7089,8.0
7090,8.0
7091,8.0
7092,8.0
7093,8.0
7094,8.0
7095,8.0
7096,8.0
7097,8.0
7098,8.0
7099,8.0
7100,8.0
7101,8.0
7102,8.0
7103,8.0
7104,8.0
7105,8.0
7106,8.0
7107,8.0
7108,8.0
7109,8.0
7110,8.0
7111,8.0
7112,8.0
7113,8.0
7114,8.0
7115,8.0
7116,8.0
7117,8.0
7118,8.0
7119,8.0
7120,8.0
7121,8.0
7122,8.0
7123,8.0
7124,8.0
7125,8.0
7126,8.0
7127,8.0
7128,8.0
7129,8.0
7130,8.0
7131,8.0
7132,8.0
7133,8.0
7134,8.0
7135,8.0
7136,8.0
7137,8.0
7138,8.0
7139,8.0
7140,8.0
7141,8.0
7142,8.0
7143,8.0
7144,8.0
7145,8.0
7146,8.0
7147,8.0
7148,8.0
7149,8.0
7150,8.0
7151,8.0
7152,8.0
7153,8.0
7154,8.0
7155,8.0
7156,8.0
7157,8.0
7158,8.0
7159,8.0
7160,8.0
7161,8.0
7162,8.0
7163,8.0
7164,8.0
7165,8.0
7166,8.0
7167,8.0
7168,8.0
7169,8.0
7170,8.0
7171,8.0
7172,8.0
7173,8.0
7174,8.0
7175,8.0
7176,8.0
7177,8.0
7178,8.0
7179,8.0
7180,8.0
7181,8.0
7182,8.0
7183,8.0
7184,8.0
7185,8.0
7186,8.0
7187,8.0
7188,8.0
7189,8.0
7190,8.0
7191,8.0
7192,8.0
7193,8.0
7194,8.0
7195,8.0
7196,8.0
7197,8.0
7198,8.0
7199,8.0
7200,8.0
7201,8.0
7202,8.0
7203,8.0
7204,8.0
7205,8.0
7206,8.0
7207,8.0
7208,8.0
7209,8.0
7210,8.0
7211,8.0
7212,8.0
7213,8.0
7214,8.0
7215,8.0
7216,8.0
7217,8.0
7218,8.0
7219,8.0
7220,8.0
7221,8.0
7222,8.0
7223,8.0
7224,8.0
7225,8.0
7226,8.0
7227,8.0
7228,8.0
7229,8.0
7230,8.0
7231,8.0
7232,8.0
7233,8.0
7234,8.0
7235,8.0
7236,8.0
7237,8.0
7238,8.0
7239,8.0
7240,8.0
7241,8.0
7242,8.0
7243,8.0
7244,8.0
7245,8.0
7246,8.0
7247,8.0
7248,8.0
7249,8.0
7250,8.0
7251,8.0
7252,8.0
7253,8.0
7254,8.0
7255,8.0
7256,8.0
7257,8.0
7258,8.0
7259,8.0
7260,8.0
7261,8.0
7262,8.0
7263,8.0
7264,8.0
7265,8.0
7266,8.0
7267,8.0
7268,8.0
7269,8.0
7270,8.0
7271,8.0
7272,8.0
7273,8.0
7274,8.0
7275,8.0
7276,8.0
7277,8.0
7278,8.0
7279,8.0
7280,8.0
7281,8.0
7282,8.0
7283,8.0
7284,8.0
7285,8.0
7286,8.0
7287,8.0
7288,8.0
7289,8.0
7290,8.0
7291,8.0
7292,8.0
7293,8.0
7294,8.0
7295,8.0
7296,8.0
7297,8.0
7298,8.0
7299,8.0
7300,8.0
7301,8.0
7302,8.0
7303,8.0
7304,8.0
7305,8.0
7306,8.0
7307,8.0
7308,8.0
7309,8.0
7310,8.0
7311,8.0
7312,8.0
7313,8.0
7314,8.0
7315,8.0
7316,8.0
7317,8.0
7318,8.0
7319,8.0
7320,8.0
7321,8.0
7322,8.0
7323,8.0
7324,8.0
7325,8.0
7326,8.0
7327,8.0
7328,8.0
7329,8.0
7330,8.0
7331,8.0
7332,8.0
7333,8.0
7334,8.0
7335,8.0
7336,8.0
7337,8.0
7338,8.0
7339,8.0
7340,8.0
7341,8.0
7342,8.0
7343,8.0
7344,8.0
7345,8.0
7346,8.0
7347,8.0
7348,8.0
7349,8.0
7350,8.0
7351,8.0
7352,8.0
7353,8.0
7354,8.0
7355,8.0
7356,8.0
7357,8.0
7358,8.0
7359,8.0
7360,8.0
7361,8.0
7362,8.0
7363,8.0
7364,8.0
7365,8.0
7366,8.0
7367,8.0
7368,8.0
7369,8.0
7370,8.0
7371,8.0
7372,8.0
7373,8.0
7374,8.0
7375,8.0
7376,8.0
7377,8.0
7378,8.0
7379,8.0
7380,8.0
7381,8.0
7382,8.0
7383,8.0
7384,8.0
7385,8.0
7386,8.0
7387,8.0
7388,8.0
7389,8.0
7390,8.0
7391,8.0
7392,8.0
7393,8.0
7394,8.0
7395,8.0
7396,8.0
7397,8.0
7398,8.0
7399,8.0
7400,8.0
7401,8.0
7402,8.0
7403,8.0
7404,8.0
7405,8.0
7406,8.0
7407,8.0
7408,8.0
7409,8.0
7410,8.0
7411,8.0
7412,8.0
7413,8.0
7414,8.0
7415,8.0
7416,8.0
7417,8.0
7418,8.0
7419,8.0
7420,8.0
7421,8.0
7422,8.0
7423,8.0
7424,8.0
7425,8.0
7426,8.0
7427,8.0
7428,8.0
7429,8.0
7430,8.0
7431,8.0
7432,8.0
7433,8.0
7434,8.0
7435,8.0
7436,8.0
7437,8.0
7438,8.0
7439,8.0
7440,8.0
7441,8.0
7442,8.0
7443,8.0
7444,8.0
7445,8.0
7446,8.0
7447,8.0
7448,8.0
7449,8.0
7450,8.0
7451,8.0
7452,8.0
7453,8.0
7454,8.0
7455,8.0
7456,8.0
7457,8.0
7458,8.0
7459,8.0
7460,8.0
7461,8.0
7462,8.0
7463,8.0
7464,8.0
7465,8.0
7466,8.0
7467,8.0
7468,8.0
7469,8.0
7470,8.0
7471,8.0
7472,8.0
7473,8.0
7474,8.0
7475,8.0
7476,8.0
7477,8.0
7478,8.0
7479,8.0
7480,8.0
7481,8.0
7482,8.0
7483,8.0
7484,8.0
7485,8.0
7486,8.0
7487,8.0
7488,8.0
7489,8.0
7490,8.0
7491,8.0
7492,8.0
7493,8.0
7494,8.0
7495,8.0
7496,8.0
7497,8.0
7498,8.0
7499,8.0
7500,8.0
7501,8.0
7502,8.0
7503,8.0
7504,8.0
7505,8.0
7506,8.0
7507,8.0
7508,8.0
7509,8.0
7510,8.0
7511,8.0
7512,8.0
7513,8.0
7514,8.0
7515,8.0
7516,8.0
7517,8.0
7518,8.0
7519,8.0
7520,8.0
7521,8.0
7522,8.0
7523,8.0
7524,8.0
7525,8.0
7526,8.0
7527,8.0
7528,8.0
7529,8.0
7530,8.0
7531,8.0
7532,8.0
7533,8.0
7534,8.0
7535,8.0
7536,8.0
7537,8.0
7538,8.0
7539,8.0
7540,8.0
7541,8.0
7542,8.0
7543,8.0
7544,8.0
7545,8.0
7546,8.0
7547,8.0
7548,8.0
7549,8.0
7550,8.0
7551,8.0
7552,8.0
7553,8.0
7554,8.0
7555,8.0
7556,8.0
7557,8.0
7558,8.0
7559,8.0
7560,8.0
7561,8.0
7562,8.0
7563,8.0
7564,8.0
7565,8.0
7566,8.0
7567,8.0
7568,8.0
7569,8.0
7570,8.0
7571,8.0
7572,8.0
7573,8.0
7574,8.0
7575,8.0
7576,8.0
7577,8.0
7578,8.0
7579,8.0
7580,8.0
7581,8.0
7582,8.0
7583,8.0
7584,8.0
7585,8.0
7586,8.0
7587,8.0
7588,8.0
7589,8.0
7590,8.0
7591,8.0
7592,8.0
7593,8.0
7594,8.0
7595,8.0
7596,8.0
7597,8.0
7598,8.0
7599,8.0
7600,8.0
7601,8.0
7602,8.0
7603,8.0
7604,8.0
7605,8.0
7606,8.0
7607,8.0
7608,8.0
7609,8.0
7610,8.0
7611,8.0
7612,8.0
7613,8.0
7614,8.0
7615,8.0
7616,8.0
7617,8.0
7618,8.0
7619,8.0
7620,8.0
7621,8.0
7622,8.0
7623,8.0
7624,8.0
7625,8.0
7626,8.0
7627,8.0
7628,8.0
7629,8.0
7630,8.0
7631,8.0
7632,8.0
7633,8.0
7634,8.0
7635,8.0
7636,8.0
7637,8.0
7638,8.0
7639,8.0
7640,8.0
7641,8.0
7642,8.0
7643,8.0
7644,8.0
7645,8.0
7646,8.0
7647,8.0
7648,8.0
7649,8.0
7650,8.0
7651,8.0
7652,8.0
7653,8.0
7654,8.0
7655,8.0
7656,8.0
7657,8.0
7658,8.0
7659,8.0
7660,8.0
7661,8.0
7662,8.0
7663,8.0
7664,8.0
7665,8.0
7666,8.0
7667,8.0
7668,8.0
7669,8.0
7670,8.0
7671,8.0
7672,8.0
7673,8.0
7674,8.0
7675,8.0
7676,8.0
7677,8.0
7678,8.0
7679,8.0
7680,8.0
7681,8.0
7682,8.0
7683,8.0
7684,8.0
7685,8.0
7686,8.0
7687,8.0
7688,8.0
7689,8.0
7690,8.0
7691,8.0
7692,8.0
7693,8.0
7694,8.0
7695,8.0
7696,8.0
7697,8.0
7698,8.0
7699,8.0
7700,8.0
7701,8.0
7702,8.0
7703,8.0
7704,8.0
7705,8.0
7706,8.0
7707,8.0
7708,8.0
7709,8.0
7710,8.0
7711,8.0
7712,8.0
7713,8.0
7714,8.0
7715,8.0
7716,8.0
7717,8.0
7718,8.0
7719,8.0
7720,8.0
7721,8.0
7722,8.0
7723,8.0
7724,8.0
7725,8.0
7726,8.0
7727,8.0
7728,8.0
7729,8.0
7730,8.0
7731,8.0
7732,8.0
7733,8.0
7734,8.0
7735,8.0
7736,8.0
7737,8.0
7738,8.0
7739,8.0
7740,8.0
7741,8.0
7742,8.0
7743,8.0
7744,8.0
7745,8.0
7746,8.0
7747,8.0
7748,8.0
7749,8.0
7750,8.0
7751,8.0
7752,8.0
7753,8.0
7754,8.0
7755,8.0
7756,8.0
7757,8.0
7758,8.0
7759,8.0
7760,8.0
7761,8.0
7762,8.0
7763,8.0
7764,8.0
7765,8.0
7766,8.0
7767,8.0
7768,8.0
7769,8.0
7770,8.0
7771,8.0
7772,8.0
7773,8.0
7774,8.0
7775,8.0
7776,8.0
7777,8.0
7778,8.0
7779,8.0
7780,8.0
7781,8.0
7782,8.0
7783,8.0
7784,8.0
7785,8.0
7786,8.0
7787,8.0
7788,8.0
7789,8.0
7790,8.0
7791,8.0
7792,8.0
7793,8.0
7794,8.0
7795,8.0
7796,8.0
7797,8.0
7798,8.0
7799,8.0
7800,8.0
7801,8.0
7802,8.0
7803,8.0
7804,8.0
7805,8.0
7806,8.0
7807,8.0
7808,8.0
7809,8.0
7810,8.0
7811,8.0
7812,8.0
7813,8.0
7814,8.0
7815,8.0
7816,8.0
7817,8.0
7818,8.0
7819,8.0
7820,8.0
7821,8.0
7822,8.0
7823,8.0
7824,8.0
7825,8.0
7826,8.0
7827,8.0
7828,8.0
7829,8.0
7830,8.0
7831,8.0
7832,8.0
7833,8.0
7834,8.0
7835,8.0
7836,8.0
7837,8.0
7838,8.0
7839,8.0
7840,8.0
7841,8.0
7842,8.0
7843,8.0
7844,8.0
7845,8.0
7846,8.0
7847,8.0
7848,8.0
7849,8.0
7850,8.0
7851,8.0
7852,8.0
7853,8.0
7854,8.0
7855,8.0
7856,8.0
7857,8.0
7858,8.0
7859,8.0
7860,8.0
7861,8.0
7862,8.0
7863,8.0
7864,8.0
7865,8.0
7866,8.0
7867,8.0
7868,8.0
7869,8.0
7870,8.0
7871,8.0
7872,8.0
7873,8.0
7874,8.0
7875,8.0
7876,8.0
7877,8.0
7878,8.0
7879,8.0
7880,8.0
7881,8.0
7882,8.0
7883,8.0
7884,8.0
7885,8.0
7886,8.0
7887,8.0
7888,8.0
7889,8.0
7890,8.0
7891,8.0
7892,8.0
7893,8.0
7894,8.0
7895,8.0
7896,8.0
7897,8.0
7898,8.0
7899,8.0
7900,8.0
7901,8.0
7902,8.0
7903,8.0
7904,8.0
7905,8.0
7906,8.0
7907,8.0
7908,8.0
7909,8.0
7910,8.0
7911,8.0
7912,8.0
7913,8.0
7914,8.0
7915,8.0
7916,8.0
7917,8.0
7918,8.0
7919,8.0
7920,8.0
7921,8.0
7922,8.0
7923,8.0
7924,8.0
7925,8.0
7926,8.0
7927,8.0
7928,8.0
7929,8.0
7930,8.0
7931,8.0
7932,8.0
7933,8.0
7934,8.0
7935,8.0
7936,8.0
7937,8.0
7938,8.0
7939,8.0
7940,8.0
7941,8.0
7942,8.0
7943,8.0
7944,8.0
7945,8.0
7946,8.0
7947,8.0
7948,8.0
7949,8.0
7950,8.0
7951,8.0
7952,8.0
7953,8.0
7954,8.0
7955,8.0
7956,8.0
7957,8.0
7958,8.0
7959,8.0
7960,8.0
7961,8.0
7962,8.0
7963,8.0
7964,8.0
7965,8.0
7966,8.0
7967,8.0
7968,8.0
7969,8.0
7970,8.0
7971,8.0
7972,8.0
7973,8.0
7974,8.0
7975,8.0
7976,8.0
7977,8.0
7978,8.0
7979,8.0
7980,8.0
7981,8.0
7982,8.0
7983,8.0
7984,8.0
7985,8.0
7986,8.0
7987,8.0
7988,8.0
7989,8.0
7990,8.0
7991,8.0
7992,8.0
7993,8.0
7994,8.0
7995,8.0
7996,8.0
7997,8.0
7998,8.0
7999,8.0
8000,8.0
8001,8.0
8002,8.0
8003,8.0
8004,8.0
8005,8.0
8006,8.0
8007,8.0
8008,8.0
8009,8.0
8010,8.0
8011,8.0
8012,8.0
8013,8.0
8014,8.0
8015,8.0
8016,8.0
8017,8.0
8018,8.0
8019,8.0
8020,8.0
8021,8.0
8022,8.0
8023,8.0
8024,8.0
8025,8.0
8026,8.0
8027,8.0
8028,8.0
8029,8.0
8030,8.0
8031,8.0
8032,8.0
8033,8.0
8034,8.0
8035,8.0
8036,8.0
8037,8.0
8038,8.0
8039,8.0
8040,8.0
8041,8.0
8042,8.0
8043,8.0
8044,8.0
8045,8.0
8046,8.0
8047,8.0
8048,8.0
8049,8.0
8050,8.0
8051,8.0
8052,8.0
8053,8.0
8054,8.0
8055,8.0
8056,8.0
8057,8.0
8058,8.0
8059,8.0
8060,8.0
8061,8.0
8062,8.0
8063,8.0
8064,8.0
8065,8.0
8066,8.0
8067,8.0
8068,8.0
8069,8.0
8070,8.0
8071,8.0
8072,8.0
8073,8.0
8074,8.0
8075,8.0
8076,8.0
8077,8.0
8078,8.0
8079,8.0
8080,8.0
8081,8.0
8082,8.0
8083,8.0
8084,8.0
8085,8.0
8086,8.0
8087,8.0
8088,8.0
8089,8.0
8090,8.0
8091,8.0
8092,8.0
8093,8.0
8094,8.0
8095,8.0
8096,8.0
8097,8.0
8098,8.0
8099,8.0
8100,8.0
8101,8.0
8102,8.0
8103,8.0
8104,8.0
8105,8.0
8106,8.0
8107,8.0
8108,8.0
8109,8.0
8110,8.0
8111,8.0
8112,8.0
8113,8.0
8114,8.0
8115,8.0
8116,8.0
8117,8.0
8118,8.0
8119,8.0
8120,8.0
8121,8.0
8122,8.0
8123,8.0
8124,8.0
8125,8.0
8126,8.0
8127,8.0
8128,8.0
8129,8.0
8130,8.0
8131,8.0
8132,8.0
8133,8.0
8134,8.0
8135,8.0
8136,8.0
8137,8.0
8138,8.0
8139,8.0
8140,8.0
8141,8.0
8142,8.0
8143,8.0
8144,8.0
8145,8.0
8146,8.0
8147,8.0
8148,8.0
8149,8.0
8150,8.0
8151,8.0
8152,8.0
8153,8.0
8154,8.0
8155,8.0
8156,8.0
8157,8.0
8158,8.0
8159,8.0
8160,8.0
8161,8.0
8162,8.0
8163,8.0
8164,8.0
8165,8.0
8166,8.0
8167,8.0
8168,8.0
8169,8.0
8170,8.0
8171,8.0
8172,8.0
8173,8.0
8174,8.0
8175,8.0
8176,8.0
8177,8.0
8178,8.0
8179,8.0
8180,8.0
8181,8.0
8182,8.0
8183,8.0
8184,8.0
8185,8.0
8186,8.0
8187,8.0
8188,8.0
8189,8.0
8190,8.0
8191,8.0
8192,8.0
8193,8.0
8194,8.0
8195,8.0
8196,8.0
8197,8.0
8198,8.0
8199,8.0
8200,8.0
8201,8.0
8202,8.0
8203,8.0
8204,8.0
8205,8.0
8206,8.0
8207,8.0
8208,8.0
8209,8.0
8210,8.0
8211,8.0
8212,8.0
8213,8.0
8214,8.0
8215,8.0
8216,8.0
8217,8.0
8218,8.0
8219,8.0
8220,8.0
8221,8.0
8222,8.0
8223,8.0
8224,8.0
8225,8.0
8226,8.0
8227,8.0
8228,8.0
8229,8.0
8230,8.0
8231,8.0
8232,8.0
8233,8.0
8234,8.0
8235,8.0
8236,8.0
8237,8.0
8238,8.0
8239,8.0
8240,8.0
8241,8.0
8242,8.0
8243,8.0
8244,8.0
8245,8.0
8246,8.0
8247,8.0
8248,8.0
8249,8.0
8250,8.0
8251,8.0
8252,8.0
8253,8.0
8254,8.0
8255,8.0
8256,8.0
8257,8.0
8258,8.0
8259,8.0
8260,8.0
8261,8.0
8262,8.0
8263,8.0
8264,8.0
8265,8.0
8266,8.0
8267,8.0
8268,8.0
8269,8.0
8270,8.0
8271,8.0
8272,8.0
8273,8.0
8274,8.0
8275,8.0
8276,8.0
8277,8.0
8278,8.0
8279,8.0
8280,8.0
8281,8.0
8282,8.0
8283,8.0
8284,8.0
8285,8.0
8286,8.0
8287,8.0
8288,8.0
8289,8.0
8290,8.0
8291,8.0
8292,8.0
8293,8.0
8294,8.0
8295,8.0
8296,8.0
8297,8.0
8298,8.0
8299,8.0
8300,8.0
8301,8.0
8302,8.0
8303,8.0
8304,8.0
8305,8.0
8306,8.0
8307,8.0
8308,8.0
8309,8.0
8310,8.0
8311,8.0
8312,8.0
8313,8.0
8314,8.0
8315,8.0
8316,8.0
8317,8.0
8318,8.0
8319,8.0
8320,8.0
8321,8.0
8322,8.0
8323,8.0
8324,8.0
8325,8.0
8326,8.0
8327,8.0
8328,8.0
8329,8.0
8330,8.0
8331,8.0
8332,8.0
8333,8.0
8334,8.0
8335,8.0
8336,8.0
8337,8.0
8338,8.0
8339,8.0
8340,8.0
8341,8.0
8342,8.0
8343,8.0
8344,8.0
8345,8.0
8346,8.0
8347,8.0
8348,8.0
8349,8.0
8350,8.0
8351,8.0
8352,8.0
8353,8.0
8354,8.0
8355,8.0
8356,8.0
8357,8.0
8358,8.0
8359,8.0
8360,8.0
8361,8.0
8362,8.0
8363,8.0
8364,8.0
8365,8.0
8366,8.0
8367,8.0
8368,8.0
8369,8.0
8370,8.0
8371,8.0
8372,8.0
8373,8.0
8374,8.0
8375,8.0
8376,8.0
8377,8.0
8378,8.0
8379,8.0
8380,8.0
8381,8.0
8382,8.0
8383,8.0
8384,8.0
8385,8.0
8386,8.0
8387,8.0
8388,8.0
8389,8.0
8390,8.0
8391,8.0
8392,8.0
8393,8.0
8394,8.0
8395,8.0
8396,8.0
8397,8.0
8398,8.0
8399,8.0
8400,8.0
8401,8.0
8402,8.0
8403,8.0
8404,8.0
8405,8.0
8406,8.0
8407,8.0
8408,8.0
8409,8.0
8410,8.0
8411,8.0
8412,8.0
8413,8.0
8414,8.0
8415,8.0
8416,8.0
8417,8.0
8418,8.0
8419,8.0
8420,8.0
8421,8.0
8422,8.0
8423,8.0
8424,8.0
8425,8.0
8426,8.0
8427,8.0
8428,8.0
8429,8.0
8430,8.0
8431,8.0
8432,8.0
8433,8.0
8434,8.0
8435,8.0
8436,8.0
8437,8.0
8438,8.0
8439,8.0
8440,8.0
8441,8.0
8442,8.0
8443,8.0
8444,8.0
8445,8.0
8446,8.0
8447,8.0
8448,8.0
8449,8.0
8450,8.0
8451,8.0
8452,8.0
8453,8.0
8454,8.0
8455,8.0
8456,8.0
8457,8.0
8458,8.0
8459,8.0
8460,8.0
8461,8.0
8462,8.0
8463,8.0
8464,8.0
8465,8.0
8466,8.0
8467,8.0
8468,8.0
8469,8.0
8470,8.0
8471,8.0
8472,8.0
8473,8.0
8474,8.0
8475,8.0
8476,8.0
8477,8.0
8478,8.0
8479,8.0
8480,8.0
8481,8.0
8482,8.0
8483,8.0
8484,8.0
8485,8.0
8486,8.0
8487,8.0
8488,8.0
8489,8.0
8490,8.0
8491,8.0
8492,8.0
8493,8.0
8494,8.0
8495,8.0
8496,8.0
8497,8.0
8498,8.0
8499,8.0
8500,8.0
8501,8.0
8502,8.0
8503,8.0
8504,8.0
8505,8.0
8506,8.0
8507,8.0
8508,8.0
8509,8.0
8510,8.0
8511,8.0
8512,8.0
8513,8.0
8514,8.0
8515,8.0
8516,8.0
8517,8.0
8518,8.0
8519,8.0
8520,8.0
8521,8.0
8522,8.0
8523,8.0
8524,8.0
8525,8.0
8526,8.0
8527,8.0
8528,8.0
8529,8.0
8530,8.0
8531,8.0
8532,8.0
8533,8.0
8534,8.0
8535,8.0
8536,8.0
8537,8.0
8538,8.0
8539,8.0
8540,8.0
8541,8.0
8542,8.0
8543,8.0
8544,8.0
8545,8.0
8546,8.0
8547,8.0
8548,8.0
8549,8.0
8550,8.0
8551,8.0
8552,8.0
8553,8.0
8554,8.0
8555,8.0
8556,8.0
8557,8.0
8558,8.0
8559,8.0
8560,8.0
8561,8.0
8562,8.0
8563,8.0
8564,8.0
8565,8.0
8566,8.0
8567,8.0
8568,8.0
8569,8.0
8570,8.0
8571,8.0
8572,8.0
8573,8.0
8574,8.0
8575,8.0
8576,8.0
8577,8.0
8578,8.0
8579,8.0
8580,8.0
8581,8.0
8582,8.0
8583,8.0
8584,8.0
8585,8.0
8586,8.0
8587,8.0
8588,8.0
8589,8.0
8590,8.0
8591,8.0
8592,8.0
8593,8.0
8594,8.0
8595,8.0
8596,8.0
8597,8.0
8598,8.0
8599,8.0
8600,8.0
8601,8.0
8602,8.0
8603,8.0
8604,8.0
8605,8.0
8606,8.0
8607,8.0
8608,8.0
8609,8.0
8610,8.0
8611,8.0
8612,8.0
8613,8.0
8614,8.0
8615,8.0
8616,8.0
8617,8.0
8618,8.0
8619,8.0
8620,8.0
8621,8.0
8622,8.0
8623,8.0
8624,8.0
8625,8.0
8626,8.0
8627,8.0
8628,8.0
8629,8.0
8630,8.0
8631,8.0
8632,8.0
8633,8.0
8634,8.0
8635,8.0
8636,8.0
8637,8.0
8638,8.0
8639,8.0
8640,8.0
8641,8.0
8642,8.0
8643,8.0
8644,8.0
8645,8.0
8646,8.0
8647,8.0
8648,8.0
8649,8.0
8650,8.0
8651,8.0
8652,8.0
8653,8.0
8654,8.0
8655,8.0
8656,8.0
8657,8.0
8658,8.0
8659,8.0
8660,8.0
8661,8.0
8662,8.0
8663,8.0
8664,8.0
8665,8.0
8666,8.0
8667,8.0
8668,8.0
8669,8.0
8670,8.0
8671,8.0
8672,8.0
8673,8.0
8674,8.0
8675,8.0
8676,8.0
8677,8.0
8678,8.0
8679,8.0
8680,8.0
8681,8.0
8682,8.0
8683,8.0
8684,8.0
8685,8.0
8686,8.0
8687,8.0
8688,8.0
8689,8.0
8690,8.0
8691,8.0
8692,8.0
8693,8.0
8694,8.0
8695,8.0
8696,8.0
8697,8.0
8698,8.0
8699,8.0
8700,8.0
8701,8.0
8702,8.0
8703,8.0
8704,8.0
8705,8.0
8706,8.0
8707,8.0
8708,8.0
8709,8.0
8710,8.0
8711,8.0
8712,8.0
8713,8.0
8714,8.0
8715,8.0
8716,8.0
8717,8.0
8718,8.0
8719,8.0
8720,8.0
8721,8.0
8722,8.0
8723,8.0
8724,8.0
8725,8.0
8726,8.0
8727,8.0
8728,8.0
8729,8.0
8730,8.0
8731,8.0
8732,8.0
8733,8.0
8734,8.0
8735,8.0
8736,8.0
8737,8.0
8738,8.0
8739,8.0
8740,8.0
8741,8.0
8742,8.0
8743,8.0
8744,8.0
8745,8.0
8746,8.0
8747,8.0
8748,8.0
8749,8.0
8750,8.0
8751,8.0
8752,8.0
8753,8.0
8754,8.0
8755,8.0
8756,8.0
8757,8.0
8758,8.0
8759,8.0
8760,8.0
8761,8.0
8762,8.0
8763,8.0
8764,8.0
8765,8.0
8766,8.0
8767,8.0
8768,8.0
8769,8.0
8770,8.0
8771,8.0
8772,8.0
8773,8.0
8774,8.0
8775,8.0
8776,8.0
8777,8.0
8778,8.0
8779,8.0
8780,8.0
8781,8.0
8782,8.0
8783,8.0
8784,8.0
8785,8.0
8786,8.0
8787,8.0
8788,8.0
8789,8.0
8790,8.0
8791,8.0
8792,8.0
8793,8.0
8794,8.0
8795,8.0
8796,8.0
8797,8.0
8798,8.0
8799,8.0
8800,8.0
8801,8.0
8802,8.0
8803,8.0
8804,8.0
8805,8.0
8806,8.0
8807,8.0
8808,8.0
8809,8.0
8810,8.0
8811,8.0
8812,8.0
8813,8.0
8814,8.0
8815,8.0
8816,8.0
8817,8.0
8818,8.0
8819,8.0
8820,8.0
8821,8.0
8822,8.0
8823,8.0
8824,8.0
8825,8.0
8826,8.0
8827,8.0
8828,8.0
8829,8.0
8830,8.0
8831,8.0
8832,8.0
8833,8.0
8834,8.0
8835,8.0
8836,8.0
8837,8.0
8838,8.0
8839,8.0
8840,8.0
8841,8.0
8842,8.0
8843,8.0
8844,8.0
8845,8.0
8846,8.0
8847,8.0
8848,8.0
8849,8.0
8850,8.0
8851,8.0
8852,8.0
8853,8.0
8854,8.0
8855,8.0
8856,8.0
8857,8.0
8858,8.0
8859,8.0
8860,8.0
8861,8.0
8862,8.0
8863,8.0
8864,8.0
8865,8.0
8866,8.0
8867,8.0
8868,8.0
8869,8.0
8870,8.0
8871,8.0
8872,8.0
8873,8.0
8874,8.0
8875,8.0
8876,8.0
8877,8.0
8878,8.0
8879,8.0
8880,8.0
8881,8.0
8882,8.0
8883,8.0
8884,8.0
8885,8.0
8886,8.0
8887,8.0
8888,8.0
8889,8.0
8890,8.0
8891,8.0
8892,8.0
8893,8.0
8894,8.0
8895,8.0
8896,8.0
8897,8.0
8898,8.0
8899,8.0
8900,8.0
8901,8.0
8902,8.0
8903,8.0
8904,8.0
8905,8.0
8906,8.0
8907,8.0
8908,8.0
8909,8.0
8910,8.0
8911,8.0
8912,8.0
8913,8.0
8914,8.0
8915,8.0
8916,8.0
8917,8.0
8918,8.0
8919,8.0
8920,8.0
8921,8.0
8922,8.0
8923,8.0
8924,8.0
8925,8.0
8926,8.0
8927,8.0
8928,8.0
8929,8.0
8930,8.0
8931,8.0
8932,8.0
8933,8.0
8934,8.0
8935,8.0
8936,8.0
8937,8.0
8938,8.0
8939,8.0
8940,8.0
8941,8.0
8942,8.0
8943,8.0
8944,8.0
8945,8.0
8946,8.0
8947,8.0
8948,8.0
8949,8.0
8950,8.0
8951,8.0
8952,8.0
8953,8.0
8954,8.0
8955,8.0
8956,8.0
8957,8.0
8958,8.0
8959,8.0
8960,8.0
8961,8.0
8962,8.0
8963,8.0
8964,8.0
8965,8.0
8966,8.0
8967,8.0
8968,8.0
8969,8.0
8970,8.0
8971,8.0
8972,8.0
8973,8.0
8974,8.0
8975,8.0
8976,8.0
8977,8.0
8978,8.0
8979,8.0
8980,8.0
8981,8.0
8982,8.0
8983,8.0
8984,8.0
8985,8.0
8986,8.0
8987,8.0
8988,8.0
8989,8.0
8990,8.0
8991,8.0
8992,8.0
8993,8.0
8994,8.0
8995,8.0
8996,8.0
8997,8.0
8998,8.0
8999,8.0
9000,8.0
9001,8.0
9002,8.0
9003,8.0
9004,8.0
9005,8.0
9006,8.0
9007,8.0
9008,8.0
9009,8.0
9010,8.0
9011,8.0
9012,8.0
9013,8.0
9014,8.0
9015,8.0
9016,8.0
9017,8.0
9018,8.0
9019,8.0
9020,8.0
9021,8.0
9022,8.0
9023,8.0
9024,8.0
9025,8.0
9026,8.0
9027,8.0
9028,8.0
9029,8.0
9030,8.0
9031,8.0
9032,8.0
9033,8.0
9034,8.0
9035,8.0
9036,8.0
9037,8.0
9038,8.0
9039,8.0
9040,8.0
9041,8.0
9042,8.0
9043,8.0
9044,8.0
9045,8.0
9046,8.0
9047,8.0
9048,8.0
9049,8.0
9050,8.0
9051,8.0
9052,8.0
9053,8.0
9054,8.0
9055,8.0
9056,8.0
9057,8.0
9058,8.0
9059,8.0
9060,8.0
9061,8.0
9062,8.0
9063,8.0
9064,8.0
9065,8.0
9066,8.0
9067,8.0
9068,8.0
9069,8.0
9070,8.0
9071,8.0
9072,8.0
9073,8.0
9074,8.0
9075,8.0
9076,8.0
9077,8.0
9078,8.0
9079,8.0
9080,8.0
9081,8.0
9082,8.0
9083,8.0
9084,8.0
9085,8.0
9086,8.0
9087,8.0
9088,8.0
9089,8.0
9090,8.0
9091,8.0
9092,8.0
9093,8.0
9094,8.0
9095,8.0
9096,8.0
9097,8.0
9098,8.0
9099,8.0
9100,8.0
9101,8.0
9102,8.0
9103,8.0
9104,8.0
9105,8.0
9106,8.0
9107,8.0
9108,8.0
9109,8.0
9110,8.0
9111,8.0
9112,8.0
9113,8.0
9114,8.0
9115,8.0
9116,8.0
9117,8.0
9118,8.0
9119,8.0
9120,8.0
9121,8.0
9122,8.0
9123,8.0
9124,8.0
9125,8.0
9126,8.0
9127,8.0
9128,8.0
9129,8.0
9130,8.0
9131,8.0
9132,8.0
9133,8.0
9134,8.0
9135,8.0
9136,8.0
9137,8.0
9138,8.0
9139,8.0
9140,8.0
9141,8.0
9142,8.0
9143,8.0
9144,8.0
9145,8.0
9146,8.0
9147,8.0
9148,8.0
9149,8.0
9150,8.0
9151,8.0
9152,8.0
9153,8.0
9154,8.0
9155,8.0
9156,8.0
9157,8.0
9158,8.0
9159,8.0
9160,8.0
9161,8.0
9162,8.0
9163,8.0
9164,8.0
9165,8.0
9166,8.0
9167,8.0
9168,8.0
9169,8.0
9170,8.0
9171,8.0
9172,8.0
9173,8.0
9174,8.0
9175,8.0
9176,8.0
9177,8.0
9178,8.0
9179,8.0
9180,8.0
9181,8.0
9182,8.0
9183,8.0
9184,8.0
9185,8.0
9186,8.0
9187,8.0
9188,8.0
9189,8.0
9190,8.0
9191,8.0
9192,8.0
9193,8.0
9194,8.0
9195,8.0
9196,8.0
9197,8.0
9198,8.0
9199,8.0
9200,8.0
9201,8.0
9202,8.0
9203,8.0
9204,8.0
9205,8.0
9206,8.0
9207,8.0
9208,8.0
9209,8.0
9210,8.0
9211,8.0
9212,8.0
9213,8.0
9214,8.0
9215,8.0
9216,8.0
9217,8.0
9218,8.0
9219,8.0
9220,8.0
9221,8.0
9222,8.0
9223,8.0
9224,8.0
9225,8.0
9226,8.0
9227,8.0
9228,8.0
9229,8.0
9230,8.0
9231,8.0
9232,8.0
9233,8.0
9234,8.0
9235,8.0
9236,8.0
9237,8.0
9238,8.0
9239,8.0
9240,8.0
9241,8.0
9242,8.0
9243,8.0
9244,8.0
9245,8.0
9246,8.0
9247,8.0
9248,8.0
9249,8.0
9250,8.0
9251,8.0
9252,8.0
9253,8.0
9254,8.0
9255,8.0
9256,8.0
9257,8.0
9258,8.0
9259,8.0
9260,8.0
9261,8.0
9262,8.0
9263,8.0
9264,8.0
9265,8.0
9266,8.0
9267,8.0
9268,8.0
9269,8.0
9270,8.0
9271,8.0
9272,8.0
9273,8.0
9274,8.0
9275,8.0
9276,8.0
9277,8.0
9278,8.0
9279,8.0
9280,8.0
9281,8.0
9282,8.0
9283,8.0
9284,8.0
9285,8.0
9286,8.0
9287,8.0
9288,8.0
9289,8.0
9290,8.0
9291,8.0
9292,8.0
9293,8.0
9294,8.0
9295,8.0
9296,8.0
9297,8.0
9298,8.0
9299,8.0
9300,8.0
9301,8.0
9302,8.0
9303,8.0
9304,8.0
9305,8.0
9306,8.0
9307,8.0
9308,8.0
9309,8.0
9310,8.0
9311,8.0
9312,8.0
9313,8.0
9314,8.0
9315,8.0
9316,8.0
9317,8.0
9318,8.0
9319,8.0
9320,8.0
9321,8.0
9322,8.0
9323,8.0
9324,8.0
9325,8.0
9326,8.0
9327,8.0
9328,8.0
9329,8.0
9330,8.0
9331,8.0
9332,8.0
9333,8.0
9334,8.0
9335,8.0
9336,8.0
9337,8.0
9338,8.0
9339,8.0
9340,8.0
9341,8.0
9342,8.0
9343,8.0
9344,8.0
9345,8.0
9346,8.0
9347,8.0
9348,8.0
9349,8.0
9350,8.0
9351,8.0
9352,8.0
9353,8.0
9354,8.0
9355,8.0
9356,8.0
9357,8.0
9358,8.0
9359,8.0
9360,8.0
9361,8.0
9362,8.0
9363,8.0
9364,8.0
9365,8.0
9366,8.0
9367,8.0
9368,8.0
9369,8.0
9370,8.0
9371,8.0
9372,8.0
9373,8.0
9374,8.0
9375,8.0
9376,8.0
9377,8.0
9378,8.0
9379,8.0
9380,8.0
9381,8.0
9382,8.0
9383,8.0
9384,8.0
9385,8.0
9386,8.0
9387,8.0
9388,8.0
9389,8.0
9390,8.0
9391,8.0
9392,8.0
9393,8.0
9394,8.0
9395,8.0
9396,8.0
9397,8.0
9398,8.0
9399,8.0
9400,8.0
9401,8.0
9402,8.0
9403,8.0
9404,8.0
9405,8.0
9406,8.0
9407,8.0
9408,8.0
9409,8.0
9410,8.0
9411,8.0
9412,8.0
9413,8.0
9414,8.0
9415,8.0
9416,8.0
9417,8.0
9418,8.0
9419,8.0
9420,8.0
9421,8.0
9422,8.0
9423,8.0
9424,8.0
9425,8.0
9426,8.0
9427,8.0
9428,8.0
9429,8.0
9430,8.0
9431,8.0
9432,8.0
9433,8.0
9434,8.0
9435,8.0
9436,8.0
9437,8.0
9438,8.0
9439,8.0
9440,8.0
9441,8.0
9442,8.0
9443,8.0
9444,8.0
9445,8.0
9446,8.0
9447,8.0
9448,8.0
9449,8.0
9450,8.0
9451,8.0
9452,8.0
9453,8.0
9454,8.0
9455,8.0
9456,8.0
9457,8.0
9458,8.0
9459,8.0
9460,8.0
9461,8.0
9462,8.0
9463,8.0
9464,8.0
9465,8.0
9466,8.0
9467,8.0
9468,8.0
9469,8.0
9470,8.0
9471,8.0
9472,8.0
9473,8.0
9474,8.0
9475,8.0
9476,8.0
9477,8.0
9478,8.0
9479,8.0
9480,8.0
9481,8.0
9482,8.0
9483,8.0
9484,8.0
9485,8.0
9486,8.0
9487,8.0
9488,8.0
9489,8.0
9490,8.0
9491,8.0
9492,8.0
9493,8.0
9494,8.0
9495,8.0
9496,8.0
9497,8.0
9498,8.0
9499,8.0
9500,8.0
9501,8.0
9502,8.0
9503,8.0
9504,8.0
9505,8.0
9506,8.0
9507,8.0
9508,8.0
9509,8.0
9510,8.0
9511,8.0
9512,8.0
9513,8.0
9514,8.0
9515,8.0
9516,8.0
9517,8.0
9518,8.0
9519,8.0
9520,8.0
9521,8.0
9522,8.0
9523,8.0
9524,8.0
9525,8.0
9526,8.0
9527,8.0
9528,8.0
9529,8.0
9530,8.0
9531,8.0
9532,8.0
9533,8.0
9534,8.0
9535,8.0
9536,8.0
9537,8.0
9538,8.0
9539,8.0
9540,8.0
9541,8.0
9542,8.0
9543,8.0
9544,8.0
9545,8.0
9546,8.0
9547,8.0
9548,8.0
9549,8.0
9550,8.0
9551,8.0
9552,8.0
9553,8.0
9554,8.0
9555,8.0
9556,8.0
9557,8.0
9558,8.0
9559,8.0
9560,8.0
9561,8.0
9562,8.0
9563,8.0
9564,8.0
9565,8.0
9566,8.0
9567,8.0
9568,8.0
9569,8.0
9570,8.0
9571,8.0
9572,8.0
9573,8.0
9574,8.0
9575,8.0
9576,8.0
9577,8.0
9578,8.0
9579,8.0
9580,8.0
9581,8.0
9582,8.0
9583,8.0
9584,8.0
9585,8.0
9586,8.0
9587,8.0
9588,8.0
9589,8.0
9590,8.0
9591,8.0
9592,8.0
9593,8.0
9594,8.0
9595,8.0
9596,8.0
9597,8.0
9598,8.0
9599,8.0
9600,8.0
9601,8.0
9602,8.0
9603,8.0
9604,8.0
9605,8.0
9606,8.0
9607,8.0
9608,8.0
9609,8.0
9610,8.0
9611,8.0
9612,8.0
9613,8.0
9614,8.0
9615,8.0
9616,8.0
9617,8.0
9618,8.0
9619,8.0
9620,8.0
9621,8.0
9622,8.0
9623,8.0
9624,8.0
9625,8.0
9626,8.0
9627,8.0
9628,8.0
9629,8.0
9630,8.0
9631,8.0
9632,8.0
9633,8.0
9634,8.0
9635,8.0
9636,8.0
9637,8.0
9638,8.0
9639,8.0
9640,8.0
9641,8.0
9642,8.0
9643,8.0
9644,8.0
9645,8.0
9646,8.0
9647,8.0
9648,8.0
9649,8.0
9650,8.0
9651,8.0
9652,8.0
9653,8.0
9654,8.0
9655,8.0
9656,8.0
9657,8.0
9658,8.0
9659,8.0
9660,8.0
9661,8.0
9662,8.0
9663,8.0
9664,8.0
9665,8.0
9666,8.0
9667,8.0
9668,8.0
9669,8.0
9670,8.0
9671,8.0
9672,8.0
9673,8.0
9674,8.0
9675,8.0
9676,8.0
9677,8.0
9678,8.0
9679,8.0
9680,8.0
9681,8.0
9682,8.0
9683,8.0
9684,8.0
9685,8.0
9686,8.0
9687,8.0
9688,8.0
9689,8.0
9690,8.0
9691,8.0
9692,8.0
9693,8.0
9694,8.0
9695,8.0
9696,8.0
9697,8.0
9698,8.0
9699,8.0
9700,8.0
9701,8.0
9702,8.0
9703,8.0
9704,8.0
9705,8.0
9706,8.0
9707,8.0
9708,8.0
9709,8.0
9710,8.0
9711,8.0
9712,8.0
9713,8.0
9714,8.0
9715,8.0
9716,8.0
9717,8.0
9718,8.0
9719,8.0
9720,8.0
9721,8.0
9722,8.0
9723,8.0
9724,8.0
9725,8.0
9726,8.0
9727,8.0
9728,8.0
9729,8.0
9730,8.0
9731,8.0
9732,8.0
9733,8.0
9734,8.0
9735,8.0
9736,8.0
9737,8.0
9738,8.0
9739,8.0
9740,8.0
9741,8.0
9742,8.0
9743,8.0
9744,8.0
9745,8.0
9746,8.0
9747,8.0
9748,8.0
9749,8.0
9750,8.0
9751,8.0
9752,8.0
9753,8.0
9754,8.0
9755,8.0
9756,8.0
9757,8.0
9758,8.0
9759,8.0
9760,8.0
9761,8.0
9762,8.0
9763,8.0
9764,8.0
9765,8.0
9766,8.0
9767,8.0
9768,8.0
9769,8.0
9770,8.0
9771,8.0
9772,8.0
9773,8.0
9774,8.0
9775,8.0
9776,8.0
9777,8.0
9778,8.0
9779,8.0
9780,8.0
9781,8.0
9782,8.0
9783,8.0
9784,8.0
9785,8.0
9786,8.0
9787,8.0
9788,8.0
9789,8.0
9790,8.0
9791,8.0
9792,8.0
9793,8.0
9794,8.0
9795,8.0
9796,8.0
9797,8.0
9798,8.0
9799,8.0
9800,8.0
9801,8.0
9802,8.0
9803,8.0
9804,8.0
9805,8.0
9806,8.0
9807,8.0
9808,8.0
9809,8.0
9810,8.0
9811,8.0
9812,8.0
9813,8.0
9814,8.0
9815,8.0
9816,8.0
9817,8.0
9818,8.0
9819,8.0
9820,8.0
9821,8.0
9822,8.0
9823,8.0
9824,8.0
9825,8.0
9826,8.0
9827,8.0
9828,8.0
9829,8.0
9830,8.0
9831,8.0
9832,8.0
9833,8.0
9834,8.0
9835,8.0
9836,8.0
9837,8.0
9838,8.0
9839,8.0
9840,8.0
9841,8.0
9842,8.0
9843,8.0
9844,8.0
9845,8.0
9846,8.0
9847,8.0
9848,8.0
9849,8.0
9850,8.0
9851,8.0
9852,8.0
9853,8.0
9854,8.0
9855,8.0
9856,8.0
9857,8.0
9858,8.0
9859,8.0
9860,8.0
9861,8.0
9862,8.0
9863,8.0
9864,8.0
9865,8.0
9866,8.0
9867,8.0
9868,8.0
9869,8.0
9870,8.0
9871,8.0
9872,8.0
9873,8.0
9874,8.0
9875,8.0
9876,8.0
9877,8.0
9878,8.0
9879,8.0
9880,8.0
9881,8.0
9882,8.0
9883,8.0
9884,8.0
9885,8.0
9886,8.0
9887,8.0
9888,8.0
9889,8.0
9890,8.0
9891,8.0
9892,8.0
9893,8.0
9894,8.0
9895,8.0
9896,8.0
9897,8.0
9898,8.0
9899,8.0
9900,8.0
9901,8.0
9902,8.0
9903,8.0
9904,8.0
9905,8.0
9906,8.0
9907,8.0
9908,8.0
9909,8.0
9910,8.0
9911,8.0
9912,8.0
9913,8.0
9914,8.0
9915,8.0
9916,8.0
9917,8.0
9918,8.0
9919,8.0
9920,8.0
9921,8.0
9922,8.0
9923,8.0
9924,8.0
9925,8.0
9926,8.0
9927,8.0
9928,8.0
9929,8.0
9930,8.0
9931,8.0
9932,8.0
9933,8.0
9934,8.0
9935,8.0
9936,8.0
9937,8.0
9938,8.0
9939,8.0
9940,8.0
9941,8.0
9942,8.0
9943,8.0
9944,8.0
9945,8.0
9946,8.0
9947,8.0
9948,8.0
9949,8.0
9950,8.0
9951,8.0
9952,8.0
9953,8.0
9954,8.0
9955,8.0
9956,8.0
9957,8.0
9958,8.0
9959,8.0
9960,8.0
9961,8.0
9962,8.0
9963,8.0
9964,8.0
9965,8.0
9966,8.0
9967,8.0
9968,8.0
9969,8.0
9970,8.0
9971,8.0
9972,8.0
9973,8.0
9974,8.0
9975,8.0
9976,8.0
9977,8.0
9978,8.0
9979,8.0
9980,8.0
9981,8.0
9982,8.0
9983,8.0
9984,8.0
9985,8.0
9986,8.0
9987,8.0
9988,8.0
9989,8.0
9990,8.0
9991,8.0
9992,8.0
9993,8.0
9994,8.0
9995,8.0
9996,8.0
9997,8.0
9998,8.0
9999,8.0
10000,8.0
10001,8.0
10002,8.0
10003,8.0
10004,8.0
10005,8.0
10006,8.0
10007,8.0
10008,8.0
10009,8.0
10010,8.0
10011,8.0
10012,8.0
10013,8.0
10014,8.0
10015,8.0
10016,8.0
10017,8.0
10018,8.0
10019,8.0
10020,8.0
10021,8.0
10022,8.0
10023,8.0
10024,8.0
10025,8.0
10026,8.0
10027,8.0
10028,8.0
10029,8.0
10030,8.0
10031,8.0
10032,8.0
10033,8.0
10034,8.0
10035,8.0
10036,8.0
10037,8.0
10038,8.0
10039,8.0
10040,8.0
10041,8.0
10042,8.0
10043,8.0
10044,8.0
10045,8.0
10046,8.0
10047,8.0
10048,8.0
10049,8.0
10050,8.0
10051,8.0
10052,8.0
10053,8.0
10054,8.0
10055,8.0
10056,8.0
10057,8.0
10058,8.0
10059,8.0
10060,8.0
10061,8.0
10062,8.0
10063,8.0
10064,8.0
10065,8.0
10066,8.0
10067,8.0
10068,8.0
10069,8.0
10070,8.0
10071,8.0
10072,8.0
10073,8.0
10074,8.0
10075,8.0
10076,8.0
10077,8.0
10078,8.0
10079,8.0
10080,8.0
10081,8.0
10082,8.0
10083,8.0
10084,8.0
10085,8.0
10086,8.0
10087,8.0
10088,8.0
10089,8.0
10090,8.0
10091,8.0
10092,8.0
10093,8.0
10094,8.0
10095,8.0
10096,8.0
10097,8.0
10098,8.0
10099,8.0
10100,8.0
10101,8.0
10102,8.0
10103,8.0
10104,8.0
10105,8.0
10106,8.0
10107,8.0
10108,8.0
10109,8.0
10110,8.0
10111,8.0
10112,8.0
10113,8.0
10114,8.0
10115,8.0
10116,8.0
10117,8.0
10118,8.0
10119,8.0
10120,8.0
10121,8.0
10122,8.0
10123,8.0
10124,8.0
10125,8.0
10126,8.0
10127,8.0
10128,8.0
10129,8.0
10130,8.0
10131,8.0
10132,8.0
10133,8.0
10134,8.0
10135,8.0
10136,8.0
10137,8.0
10138,8.0
10139,8.0
10140,8.0
10141,8.0
10142,8.0
10143,8.0
10144,8.0
10145,8.0
10146,8.0
10147,8.0
10148,8.0
10149,8.0
10150,8.0
10151,8.0
10152,8.0
10153,8.0
10154,8.0
10155,8.0
10156,8.0
10157,8.0
10158,8.0
10159,8.0
10160,8.0
10161,8.0
10162,8.0
10163,8.0
10164,8.0
10165,8.0
10166,8.0
10167,8.0
10168,8.0
10169,8.0
10170,8.0
10171,8.0
10172,8.0
10173,8.0
10174,8.0
10175,8.0
10176,8.0
10177,8.0
10178,8.0
10179,8.0
10180,8.0
10181,8.0
10182,8.0
10183,8.0
10184,8.0
10185,8.0
10186,8.0
10187,8.0
10188,8.0
10189,8.0
10190,8.0
10191,8.0
10192,8.0
10193,8.0
10194,8.0
10195,8.0
10196,8.0
10197,8.0
10198,8.0
10199,8.0
10200,8.0
10201,8.0
10202,8.0
10203,8.0
10204,8.0
10205,8.0
10206,8.0
10207,8.0
10208,8.0
10209,8.0
10210,8.0
10211,8.0
10212,8.0
10213,8.0
10214,8.0
10215,8.0
10216,8.0
10217,8.0
10218,8.0
10219,8.0
10220,8.0
10221,8.0
10222,8.0
10223,8.0
10224,8.0
10225,8.0
10226,8.0
10227,8.0
10228,8.0
10229,8.0
10230,8.0
10231,8.0
10232,8.0
10233,8.0
10234,8.0
10235,8.0
10236,8.0
10237,8.0
10238,8.0
10239,8.0
10240,8.0
10241,8.0
10242,8.0
10243,8.0
10244,8.0
10245,8.0
10246,8.0
10247,8.0
10248,8.0
10249,8.0
10250,8.0
10251,8.0
10252,8.0
10253,8.0
10254,8.0
10255,8.0
10256,8.0
10257,8.0
10258,8.0
10259,8.0
10260,8.0
10261,8.0
10262,8.0
10263,8.0
10264,8.0
10265,8.0
10266,8.0
10267,8.0
10268,8.0
10269,8.0
10270,8.0
10271,8.0
10272,8.0
10273,8.0
10274,8.0
10275,8.0
10276,8.0
10277,8.0
10278,8.0
10279,8.0
10280,8.0
10281,8.0
10282,8.0
10283,8.0
10284,8.0
10285,8.0
10286,8.0
10287,8.0
10288,8.0
10289,8.0
10290,8.0
10291,8.0
10292,8.0
10293,8.0
10294,8.0
10295,8.0
10296,8.0
10297,8.0
10298,8.0
10299,8.0
10300,8.0
10301,8.0
10302,8.0
10303,8.0
10304,8.0
10305,8.0
10306,8.0
10307,8.0
10308,8.0
10309,8.0
10310,8.0
10311,8.0
10312,8.0
10313,8.0
10314,8.0
10315,8.0
10316,8.0
10317,8.0
10318,8.0
10319,8.0
10320,8.0
10321,8.0
10322,8.0
10323,8.0
10324,8.0
10325,8.0
10326,8.0
10327,8.0
10328,8.0
10329,8.0
10330,8.0
10331,8.0
10332,8.0
10333,8.0
10334,8.0
10335,8.0
10336,8.0
10337,8.0
10338,8.0
10339,8.0
10340,8.0
10341,8.0
10342,8.0
10343,8.0
10344,8.0
10345,8.0
10346,8.0
10347,8.0
10348,8.0
10349,8.0
10350,8.0
10351,8.0
10352,8.0
10353,8.0
10354,8.0
10355,8.0
10356,8.0
10357,8.0
10358,8.0
10359,8.0
10360,8.0
10361,8.0
10362,8.0
10363,8.0
10364,8.0
10365,8.0
10366,8.0
10367,8.0
10368,8.0
10369,8.0
10370,8.0
10371,8.0
10372,8.0
10373,8.0
10374,8.0
10375,8.0
10376,8.0
10377,8.0
10378,8.0
10379,8.0
10380,8.0
10381,8.0
10382,8.0
10383,8.0
10384,8.0
10385,8.0
10386,8.0
10387,8.0
10388,8.0
10389,8.0
10390,8.0
10391,8.0
10392,8.0
10393,8.0
10394,8.0
10395,8.0
10396,8.0
10397,8.0
10398,8.0
10399,8.0
10400,8.0
10401,8.0
10402,8.0
10403,8.0
10404,8.0
10405,8.0
10406,8.0
10407,8.0
10408,8.0
10409,8.0
10410,8.0
10411,8.0
10412,8.0
10413,8.0
10414,8.0
10415,8.0
10416,8.0
10417,8.0
10418,8.0
10419,8.0
10420,8.0
10421,8.0
10422,8.0
10423,8.0
10424,8.0
10425,8.0
10426,8.0
10427,8.0
10428,8.0
10429,8.0
10430,8.0
10431,8.0
10432,8.0
10433,8.0
10434,8.0
10435,8.0
10436,8.0
10437,8.0
10438,8.0
10439,8.0
10440,8.0
10441,8.0
10442,8.0
10443,8.0
10444,8.0
10445,8.0
10446,8.0
10447,8.0
10448,8.0
10449,8.0
10450,8.0
10451,8.0
10452,8.0
10453,8.0
10454,8.0
10455,8.0
10456,8.0
10457,8.0
10458,8.0
10459,8.0
10460,8.0
10461,8.0
10462,8.0
10463,8.0
10464,8.0
10465,8.0
10466,8.0
10467,8.0
10468,8.0
10469,8.0
10470,8.0
10471,8.0
10472,8.0
10473,8.0
10474,8.0
10475,8.0
10476,8.0
10477,8.0
10478,8.0
10479,8.0
10480,8.0
10481,8.0
10482,8.0
10483,8.0
10484,8.0
10485,8.0
10486,8.0
10487,8.0
10488,8.0
10489,8.0
10490,8.0
10491,8.0
10492,8.0
10493,8.0
10494,8.0
10495,8.0
10496,8.0
10497,8.0
10498,8.0
10499,8.0
10500,8.0
10501,8.0
10502,8.0
10503,8.0
10504,8.0
10505,8.0
10506,8.0
10507,8.0
10508,8.0
10509,8.0
10510,8.0
10511,8.0
10512,8.0
10513,8.0
10514,8.0
10515,8.0
10516,8.0
10517,8.0
10518,8.0
10519,8.0
10520,8.0
10521,8.0
10522,8.0
10523,8.0
10524,8.0
10525,8.0
10526,8.0
10527,8.0
10528,8.0
10529,8.0
10530,8.0
10531,8.0
10532,8.0
10533,8.0
10534,8.0
10535,8.0
10536,8.0
10537,8.0
10538,8.0
10539,8.0
10540,8.0
10541,8.0
10542,8.0
10543,8.0
10544,8.0
10545,8.0
10546,8.0
10547,8.0
10548,8.0
10549,8.0
10550,8.0
10551,8.0
10552,8.0
10553,8.0
10554,8.0
10555,8.0
10556,8.0
10557,8.0
10558,8.0
10559,8.0
10560,8.0
10561,8.0
10562,8.0
10563,8.0
10564,8.0
10565,8.0
10566,8.0
10567,8.0
10568,8.0
10569,8.0
10570,8.0
10571,8.0
10572,8.0
10573,8.0
10574,8.0
10575,8.0
10576,8.0
10577,8.0
10578,8.0
10579,8.0
10580,8.0
10581,8.0
10582,8.0
10583,8.0
10584,8.0
10585,8.0
10586,8.0
10587,8.0
10588,8.0
10589,8.0
10590,8.0
10591,8.0
10592,8.0
10593,8.0
10594,8.0
10595,8.0
10596,8.0
10597,8.0
10598,8.0
10599,8.0
10600,8.0
10601,8.0
10602,8.0
10603,8.0
10604,8.0
10605,8.0
10606,8.0
10607,8.0
10608,8.0
10609,8.0
10610,8.0
10611,8.0
10612,8.0
10613,8.0
10614,8.0
10615,8.0
10616,8.0
10617,8.0
10618,8.0
10619,8.0
10620,8.0
10621,8.0
10622,8.0
10623,8.0
10624,8.0
10625,8.0
10626,8.0
10627,8.0
10628,8.0
10629,8.0
10630,8.0
10631,8.0
10632,8.0
10633,8.0
10634,8.0
10635,8.0
10636,8.0
10637,8.0
10638,8.0
10639,8.0
10640,8.0
10641,8.0
10642,8.0
10643,8.0
10644,8.0
10645,8.0
10646,8.0
10647,8.0
10648,8.0
10649,8.0
10650,8.0
10651,8.0
10652,8.0
10653,8.0
10654,8.0
10655,8.0
10656,8.0
10657,8.0
10658,8.0
10659,8.0
10660,8.0
10661,8.0
10662,8.0
10663,8.0
10664,8.0
10665,8.0
10666,8.0
10667,8.0
10668,8.0
10669,8.0
10670,8.0
10671,8.0
10672,8.0
10673,8.0
10674,8.0
10675,8.0
10676,8.0
10677,8.0
10678,8.0
10679,8.0
10680,8.0
10681,8.0
10682,8.0
10683,8.0
10684,8.0
10685,8.0
10686,8.0
10687,8.0
10688,8.0
10689,8.0
10690,8.0
10691,8.0
10692,8.0
10693,8.0
10694,8.0
10695,8.0
10696,8.0
10697,8.0
10698,8.0
10699,8.0
10700,8.0
10701,8.0
10702,8.0
10703,8.0
10704,8.0
10705,8.0
10706,8.0
10707,8.0
10708,8.0
10709,8.0
10710,8.0
10711,8.0
10712,8.0
10713,8.0
10714,8.0
10715,8.0
10716,8.0
10717,8.0
10718,8.0
10719,8.0
10720,8.0
10721,8.0
10722,8.0
10723,8.0
10724,8.0
10725,8.0
10726,8.0
10727,8.0
10728,8.0
10729,8.0
10730,8.0
10731,8.0
10732,8.0
10733,8.0
10734,8.0
10735,8.0
10736,8.0
10737,8.0
10738,8.0
10739,8.0
10740,8.0
10741,8.0
10742,8.0
10743,8.0
10744,8.0
10745,8.0
10746,8.0
10747,8.0
10748,8.0
10749,8.0
10750,8.0
10751,8.0
10752,8.0
10753,8.0
10754,8.0
10755,8.0
10756,8.0
10757,8.0
10758,8.0
10759,8.0
10760,8.0
10761,8.0
10762,8.0
10763,8.0
10764,8.0
10765,8.0
10766,8.0
10767,8.0
10768,8.0
10769,8.0
10770,8.0
10771,8.0
10772,8.0
10773,8.0
10774,8.0
10775,8.0
10776,8.0
10777,8.0
10778,8.0
10779,8.0
10780,8.0
10781,8.0
10782,8.0
10783,8.0
10784,8.0
10785,8.0
10786,8.0
10787,8.0
10788,8.0
10789,8.0
10790,8.0
10791,8.0
10792,8.0
10793,8.0
10794,8.0
10795,8.0
10796,8.0
10797,8.0
10798,8.0
10799,8.0
10800,8.0
10801,8.0
10802,8.0
10803,8.0
10804,8.0
10805,8.0
10806,8.0
10807,8.0
10808,8.0
10809,8.0
10810,8.0
10811,8.0
10812,8.0
10813,8.0
10814,8.0
10815,8.0
10816,8.0
10817,8.0
10818,8.0
10819,8.0
10820,8.0
10821,8.0
10822,8.0
10823,8.0
10824,8.0
10825,8.0
10826,8.0
10827,8.0
10828,8.0
10829,8.0
10830,8.0
10831,8.0
10832,8.0
10833,8.0
10834,8.0
10835,8.0
10836,8.0
10837,8.0
10838,8.0
10839,8.0
10840,8.0
10841,8.0
10842,8.0
10843,8.0
10844,8.0
10845,8.0
10846,8.0
10847,8.0
10848,8.0
10849,8.0
10850,8.0
10851,8.0
10852,8.0
10853,8.0
10854,8.0
10855,8.0
10856,8.0
10857,8.0
10858,8.0
10859,8.0
10860,8.0
10861,8.0
10862,8.0
10863,8.0
10864,8.0
10865,8.0
10866,8.0
10867,8.0
10868,8.0
10869,8.0
10870,8.0
10871,8.0
10872,8.0
10873,8.0
10874,8.0
10875,8.0
10876,8.0
10877,8.0
10878,8.0
10879,8.0
10880,8.0
10881,8.0
10882,8.0
10883,8.0
10884,8.0
10885,8.0
10886,8.0
10887,8.0
10888,8.0
10889,8.0
10890,8.0
10891,8.0
10892,8.0
10893,8.0
10894,8.0
10895,8.0
10896,8.0
10897,8.0
10898,8.0
10899,8.0
10900,8.0
10901,8.0
10902,8.0
10903,8.0
10904,8.0
10905,8.0
10906,8.0
10907,8.0
10908,8.0
10909,8.0
10910,8.0
10911,8.0
10912,8.0
10913,8.0
10914,8.0
10915,8.0
10916,8.0
10917,8.0
10918,8.0
10919,8.0
10920,8.0
10921,8.0
10922,8.0
10923,8.0
10924,8.0
10925,8.0
10926,8.0
10927,8.0
10928,8.0
10929,8.0
10930,8.0
10931,8.0
10932,8.0
10933,8.0
10934,8.0
10935,8.0
10936,8.0
10937,8.0
10938,8.0
10939,8.0
10940,8.0
10941,8.0
10942,8.0
10943,8.0
10944,8.0
10945,8.0
10946,8.0
10947,8.0
10948,8.0
10949,8.0
10950,8.0
10951,8.0
10952,8.0
10953,8.0
10954,8.0
10955,8.0
10956,8.0
10957,8.0
10958,8.0
10959,8.0
10960,8.0
10961,8.0
10962,8.0
10963,8.0
10964,8.0
10965,8.0
10966,8.0
10967,8.0
10968,8.0
10969,8.0
10970,8.0
10971,8.0
10972,8.0
10973,8.0
10974,8.0
10975,8.0
10976,8.0
10977,8.0
10978,8.0
10979,8.0
10980,8.0
10981,8.0
10982,8.0
10983,8.0
10984,8.0
10985,8.0
10986,8.0
10987,8.0
10988,8.0
10989,8.0
10990,8.0
10991,8.0
10992,8.0
10993,8.0
10994,8.0
10995,8.0
10996,8.0
10997,8.0
10998,8.0
10999,8.0
11000,8.0
11001,8.0
11002,8.0
11003,8.0
11004,8.0
11005,8.0
11006,8.0
11007,8.0
11008,8.0
11009,8.0
11010,8.0
11011,8.0
11012,8.0
11013,8.0
11014,8.0
11015,8.0
11016,8.0
11017,8.0
11018,8.0
11019,8.0
11020,8.0
11021,8.0
11022,8.0
11023,8.0
11024,8.0
11025,8.0
11026,8.0
11027,8.0
11028,8.0
11029,8.0
11030,8.0
11031,8.0
11032,8.0
11033,8.0
11034,8.0
11035,8.0
11036,8.0
11037,8.0
11038,8.0
11039,8.0
11040,8.0
11041,8.0
11042,8.0
11043,8.0
11044,8.0
11045,8.0
11046,8.0
11047,8.0
11048,8.0
11049,8.0
11050,8.0
11051,8.0
11052,8.0
11053,8.0
11054,8.0
11055,8.0
11056,8.0
11057,8.0
11058,8.0
11059,8.0
11060,8.0
11061,8.0
11062,8.0
11063,8.0
11064,8.0
11065,8.0
11066,8.0
11067,8.0
11068,8.0
11069,8.0
11070,8.0
11071,8.0
11072,8.0
11073,8.0
11074,8.0
11075,8.0
11076,8.0
11077,8.0
11078,8.0
11079,8.0
11080,8.0
11081,8.0
11082,8.0
11083,8.0
11084,8.0
11085,8.0
11086,8.0
11087,8.0
11088,8.0
11089,8.0
11090,8.0
11091,8.0
11092,8.0
11093,8.0
11094,8.0
11095,8.0
11096,8.0
11097,8.0
11098,8.0
11099,8.0
11100,8.0
11101,8.0
11102,8.0
11103,8.0
11104,8.0
11105,8.0
11106,8.0
11107,8.0
11108,8.0
11109,8.0
11110,8.0
11111,8.0
11112,8.0
11113,8.0
11114,8.0
11115,8.0
11116,8.0
11117,8.0
11118,8.0
11119,8.0
11120,8.0
11121,8.0
11122,8.0
11123,8.0
11124,8.0
11125,8.0
11126,8.0
11127,8.0
11128,8.0
11129,8.0
11130,8.0
11131,8.0
11132,8.0
11133,8.0
11134,8.0
11135,8.0
11136,8.0
11137,8.0
11138,8.0
11139,8.0
11140,8.0
11141,8.0
11142,8.0
11143,8.0
11144,8.0
11145,8.0
11146,8.0
11147,8.0
11148,8.0
11149,8.0
11150,8.0
11151,8.0
11152,8.0
11153,8.0
11154,8.0
11155,8.0
11156,8.0
11157,8.0
11158,8.0
11159,8.0
11160,8.0
11161,8.0
11162,8.0
11163,8.0
11164,8.0
11165,8.0
11166,8.0
11167,8.0
11168,8.0
11169,8.0
11170,8.0
11171,8.0
11172,8.0
11173,8.0
11174,8.0
11175,8.0
11176,8.0
11177,8.0
11178,8.0
11179,8.0
11180,8.0
11181,8.0
11182,8.0
11183,8.0
11184,8.0
11185,8.0
11186,8.0
11187,8.0
11188,8.0
11189,8.0
11190,8.0
11191,8.0
11192,8.0
11193,8.0
11194,8.0
11195,8.0
11196,8.0
11197,8.0
11198,8.0
11199,8.0
11200,8.0
11201,8.0
11202,8.0
11203,8.0
11204,8.0
11205,8.0
11206,8.0
11207,8.0
11208,8.0
11209,8.0
11210,8.0
11211,8.0
11212,8.0
11213,8.0
11214,8.0
11215,8.0
11216,8.0
11217,8.0
11218,8.0
11219,8.0
11220,8.0
11221,8.0
11222,8.0
11223,8.0
11224,8.0
11225,8.0
11226,8.0
11227,8.0
11228,8.0
11229,8.0
11230,8.0
11231,8.0
11232,8.0
11233,8.0
11234,8.0
11235,8.0
11236,8.0
11237,8.0
11238,8.0
11239,8.0
11240,8.0
11241,8.0
11242,8.0
11243,8.0
11244,8.0
11245,8.0
11246,8.0
11247,8.0
11248,8.0
11249,8.0
11250,8.0
11251,8.0
11252,8.0
11253,8.0
11254,8.0
11255,8.0
11256,8.0
11257,8.0
11258,8.0
11259,8.0
11260,8.0
11261,8.0
11262,8.0
11263,8.0
11264,8.0
11265,8.0
11266,8.0
11267,8.0
11268,8.0
11269,8.0
11270,8.0
11271,8.0
11272,8.0
11273,8.0
11274,8.0
11275,8.0
11276,8.0
11277,8.0
11278,8.0
11279,8.0
11280,8.0
11281,8.0
11282,8.0
11283,8.0
11284,8.0
11285,8.0
11286,8.0
11287,8.0
11288,8.0
11289,8.0
11290,8.0
11291,8.0
11292,8.0
11293,8.0
11294,8.0
11295,8.0
11296,8.0
11297,8.0
11298,8.0
11299,8.0
11300,8.0
11301,8.0
11302,8.0
11303,8.0
11304,8.0
11305,8.0
11306,8.0
11307,8.0
11308,8.0
11309,8.0
11310,8.0
11311,8.0
11312,8.0
11313,8.0
11314,8.0
11315,8.0
11316,8.0
11317,8.0
11318,8.0
11319,8.0
11320,8.0
11321,8.0
11322,8.0
11323,8.0
11324,8.0
11325,8.0
11326,8.0
11327,8.0
11328,8.0
11329,8.0
11330,8.0
11331,8.0
11332,8.0
11333,8.0
11334,8.0
11335,8.0
11336,8.0
11337,8.0
11338,8.0
11339,8.0
11340,8.0
11341,8.0
11342,8.0
11343,8.0
11344,8.0
11345,8.0
11346,8.0
11347,8.0
11348,8.0
11349,8.0
11350,8.0
11351,8.0
11352,8.0
11353,8.0
11354,8.0
11355,8.0
11356,8.0
11357,8.0
11358,8.0
11359,8.0
11360,8.0
11361,8.0
11362,8.0
11363,8.0
11364,8.0
11365,8.0
11366,8.0
11367,8.0
11368,8.0
11369,8.0
11370,8.0
11371,8.0
11372,8.0
11373,8.0
11374,8.0
11375,8.0
11376,8.0
11377,8.0
11378,8.0
11379,8.0
11380,8.0
11381,8.0
11382,8.0
11383,8.0
11384,8.0
11385,8.0
11386,8.0
11387,8.0
11388,8.0
11389,8.0
11390,8.0
11391,8.0
11392,8.0
11393,8.0
11394,8.0
11395,8.0
11396,8.0
11397,8.0
11398,8.0
11399,8.0
11400,8.0
11401,8.0
11402,8.0
11403,8.0
11404,8.0
11405,8.0
11406,8.0
11407,8.0
11408,8.0
11409,8.0
11410,8.0
11411,8.0
11412,8.0
11413,8.0
11414,8.0
11415,8.0
11416,8.0
11417,8.0
11418,8.0
11419,8.0
11420,8.0
11421,8.0
11422,8.0
11423,8.0
11424,8.0
11425,8.0
11426,8.0
11427,8.0
11428,8.0
11429,8.0
11430,8.0
11431,8.0
11432,8.0
11433,8.0
11434,8.0
11435,8.0
11436,8.0
11437,8.0
11438,8.0
11439,8.0
11440,8.0
11441,8.0
11442,8.0
11443,8.0
11444,8.0
11445,8.0
11446,8.0
11447,8.0
11448,8.0
11449,8.0
11450,8.0
11451,8.0
11452,8.0
11453,8.0
11454,8.0
11455,8.0
11456,8.0
11457,8.0
11458,8.0
11459,8.0
11460,8.0
11461,8.0
11462,8.0
11463,8.0
11464,8.0
11465,8.0
11466,8.0
11467,8.0
11468,8.0
11469,8.0
11470,8.0
11471,8.0
11472,8.0
11473,8.0
11474,8.0
11475,8.0
11476,8.0
11477,8.0
11478,8.0
11479,8.0
11480,8.0
11481,8.0
11482,8.0
11483,8.0
11484,8.0
11485,8.0
11486,8.0
11487,8.0
11488,8.0
11489,8.0
11490,8.0
11491,8.0
11492,8.0
11493,8.0
11494,8.0
11495,8.0
11496,8.0
11497,8.0
11498,8.0
11499,8.0
11500,8.0
11501,8.0
11502,8.0
11503,8.0
11504,8.0
11505,8.0
11506,8.0
11507,8.0
11508,8.0
11509,8.0
11510,8.0
11511,8.0
11512,8.0
11513,8.0
11514,8.0
11515,8.0
11516,8.0
11517,8.0
11518,8.0
11519,8.0
11520,8.0
11521,8.0
11522,8.0
11523,8.0
11524,8.0
11525,8.0
11526,8.0
11527,8.0
11528,8.0
11529,8.0
11530,8.0
11531,8.0
11532,8.0
11533,8.0
11534,8.0
11535,8.0
11536,8.0
11537,8.0
11538,8.0
11539,8.0
11540,8.0
11541,8.0
11542,8.0
11543,8.0
11544,8.0
11545,8.0
11546,8.0
11547,8.0
11548,8.0
11549,8.0
11550,8.0
11551,8.0
11552,8.0
11553,8.0
11554,8.0
11555,8.0
11556,8.0
11557,8.0
11558,8.0
11559,8.0
11560,8.0
11561,8.0
11562,8.0
11563,8.0
11564,8.0
11565,8.0
11566,8.0
11567,8.0
11568,8.0
11569,8.0
11570,8.0
11571,8.0
11572,8.0
11573,8.0
11574,8.0
11575,8.0
11576,8.0
11577,8.0
11578,8.0
11579,8.0
11580,8.0
11581,8.0
11582,8.0
11583,8.0
11584,8.0
11585,8.0
11586,8.0
11587,8.0
11588,8.0
11589,8.0
11590,8.0
11591,8.0
11592,8.0
11593,8.0
11594,8.0
11595,8.0
11596,8.0
11597,8.0
11598,8.0
11599,8.0
11600,8.0
11601,8.0
11602,8.0
11603,8.0
11604,8.0
11605,8.0
11606,8.0
11607,8.0
11608,8.0
11609,8.0
11610,8.0
11611,8.0
11612,8.0
11613,8.0
11614,8.0
11615,8.0
11616,8.0
11617,8.0
11618,8.0
11619,8.0
11620,8.0
11621,8.0
11622,8.0
11623,8.0
11624,8.0
11625,8.0
11626,8.0
11627,8.0
11628,8.0
11629,8.0
11630,8.0
11631,8.0
11632,8.0
11633,8.0
11634,8.0
11635,8.0
11636,8.0
11637,8.0
11638,8.0
11639,8.0
11640,8.0
11641,8.0
11642,8.0
11643,8.0
11644,8.0
11645,8.0
11646,8.0
11647,8.0
11648,8.0
11649,8.0
11650,8.0
11651,8.0
11652,8.0
11653,8.0
11654,8.0
11655,8.0
11656,8.0
11657,8.0
11658,8.0
11659,8.0
11660,8.0
11661,8.0
11662,8.0
11663,8.0
11664,8.0
11665,8.0
11666,8.0
11667,8.0
11668,8.0
11669,8.0
11670,8.0
11671,8.0
11672,8.0
11673,8.0
11674,8.0
11675,8.0
11676,8.0
11677,8.0
11678,8.0
11679,8.0
11680,8.0
11681,8.0
11682,8.0
11683,8.0
11684,8.0
11685,8.0
11686,8.0
11687,8.0
11688,8.0
11689,8.0
11690,8.0
11691,8.0
11692,8.0
11693,8.0
11694,8.0
11695,8.0
11696,8.0
11697,8.0
11698,8.0
11699,8.0
11700,8.0
11701,8.0
11702,8.0
11703,8.0
11704,8.0
11705,8.0
11706,8.0
11707,8.0
11708,8.0
11709,8.0
11710,8.0
11711,8.0
11712,8.0
11713,8.0
11714,8.0
11715,8.0
11716,8.0
11717,8.0
11718,8.0
11719,8.0
11720,8.0
11721,8.0
11722,8.0
11723,8.0
11724,8.0
11725,8.0
11726,8.0
11727,8.0
11728,8.0
11729,8.0
11730,8.0
11731,8.0
11732,8.0
11733,8.0
11734,8.0
11735,8.0
11736,8.0
11737,8.0
11738,8.0
11739,8.0
11740,8.0
11741,8.0
11742,8.0
11743,8.0
11744,8.0
11745,8.0
11746,8.0
11747,8.0
11748,8.0
11749,8.0
11750,8.0
11751,8.0
11752,8.0
11753,8.0
11754,8.0
11755,8.0
11756,8.0
11757,8.0
11758,8.0
11759,8.0
11760,8.0
11761,8.0
11762,8.0
11763,8.0
11764,8.0
11765,8.0
11766,8.0
11767,8.0
11768,8.0
11769,8.0
11770,8.0
11771,8.0
11772,8.0
11773,8.0
11774,8.0
11775,8.0
11776,8.0
11777,8.0
11778,8.0
11779,8.0
11780,8.0
11781,8.0
11782,8.0
11783,8.0
11784,8.0
11785,8.0
11786,8.0
11787,8.0
11788,8.0
11789,8.0
11790,8.0
11791,8.0
11792,8.0
11793,8.0
11794,8.0
11795,8.0
11796,8.0
11797,8.0
11798,8.0
11799,8.0
11800,8.0
11801,8.0
11802,8.0
11803,8.0
11804,8.0
11805,8.0
11806,8.0
11807,8.0
11808,8.0
11809,8.0
11810,8.0
11811,8.0
11812,8.0
11813,8.0
11814,8.0
11815,8.0
11816,8.0
11817,8.0
11818,8.0
11819,8.0
11820,8.0
11821,8.0
11822,8.0
11823,8.0
11824,8.0
11825,8.0
11826,8.0
11827,8.0
11828,8.0
11829,8.0
11830,8.0
11831,8.0
11832,8.0
11833,8.0
11834,8.0
11835,8.0
11836,8.0
11837,8.0
11838,8.0
11839,8.0
11840,8.0
11841,8.0
11842,8.0
11843,8.0
11844,8.0
11845,8.0
11846,8.0
11847,8.0
11848,8.0
11849,8.0
11850,8.0
11851,8.0
11852,8.0
11853,8.0
11854,8.0
11855,8.0
11856,8.0
11857,8.0
11858,8.0
11859,8.0
11860,8.0
11861,8.0
11862,8.0
11863,8.0
11864,8.0
11865,8.0
11866,8.0
11867,8.0
11868,8.0
11869,8.0
11870,8.0
11871,8.0
11872,8.0
11873,8.0
11874,8.0
11875,8.0
11876,8.0
11877,8.0
11878,8.0
11879,8.0
11880,8.0
11881,8.0
11882,8.0
11883,8.0
11884,8.0
11885,8.0
11886,8.0
11887,8.0
11888,8.0
11889,8.0
11890,8.0
11891,8.0
11892,8.0
11893,8.0
11894,8.0
11895,8.0
11896,8.0
11897,8.0
11898,8.0
11899,8.0
11900,8.0
11901,8.0
11902,8.0
11903,8.0
11904,8.0
11905,8.0
11906,8.0
11907,8.0
11908,8.0
11909,8.0
11910,8.0
11911,8.0
11912,8.0
11913,8.0
11914,8.0
11915,8.0
11916,8.0
11917,8.0
11918,8.0
11919,8.0
11920,8.0
11921,8.0
11922,8.0
11923,8.0
11924,8.0
11925,8.0
11926,8.0
11927,8.0
11928,8.0
11929,8.0
11930,8.0
11931,8.0
11932,8.0
11933,8.0
11934,8.0
11935,8.0
11936,8.0
11937,8.0
11938,8.0
11939,8.0
11940,8.0
11941,8.0
11942,8.0
11943,8.0
11944,8.0
11945,8.0
11946,8.0
11947,8.0
11948,8.0
11949,8.0
11950,8.0
11951,8.0
11952,8.0
11953,8.0
11954,8.0
11955,8.0
11956,8.0
11957,8.0
11958,8.0
11959,8.0
11960,8.0
11961,8.0
11962,8.0
11963,8.0
11964,8.0
11965,8.0
11966,8.0
11967,8.0
11968,8.0
11969,8.0
11970,8.0
11971,8.0
11972,8.0
11973,8.0
11974,8.0
11975,8.0
11976,8.0
11977,8.0
11978,8.0
11979,8.0
11980,8.0
11981,8.0
11982,8.0
11983,8.0
11984,8.0
11985,8.0
11986,8.0
11987,8.0
11988,8.0
11989,8.0
11990,8.0
11991,8.0
11992,8.0
11993,8.0
11994,8.0
11995,8.0
11996,8.0
11997,8.0
11998,8.0
11999,8.0
12000,8.0
12001,8.0
12002,8.0
12003,8.0
12004,8.0
12005,8.0
12006,8.0
12007,8.0
12008,8.0
12009,8.0
12010,8.0
12011,8.0
12012,8.0
12013,8.0
12014,8.0
12015,8.0
12016,8.0
12017,8.0
12018,8.0
12019,8.0
12020,8.0
12021,8.0
12022,8.0
12023,8.0
12024,8.0
12025,8.0
12026,8.0
12027,8.0
12028,8.0
12029,8.0
12030,8.0
12031,8.0
12032,8.0
12033,8.0
12034,8.0
12035,8.0
12036,8.0
12037,8.0
12038,8.0
12039,8.0
12040,8.0
12041,8.0
12042,8.0
12043,8.0
12044,8.0
12045,8.0
12046,8.0
12047,8.0
12048,8.0
12049,8.0
12050,8.0
12051,8.0
12052,8.0
12053,8.0
12054,8.0
12055,8.0
12056,8.0
12057,8.0
12058,8.0
12059,8.0
12060,8.0
12061,8.0
12062,8.0
12063,8.0
12064,8.0
12065,8.0
12066,8.0
12067,8.0
12068,8.0
12069,8.0
12070,8.0
12071,8.0
12072,8.0
12073,8.0
12074,8.0
12075,8.0
12076,8.0
12077,8.0
12078,8.0
12079,8.0
12080,8.0
12081,8.0
12082,8.0
12083,8.0
12084,8.0
12085,8.0
12086,8.0
12087,8.0
12088,8.0
12089,8.0
12090,8.0
12091,8.0
12092,8.0
12093,8.0
12094,8.0
12095,8.0
12096,8.0
12097,8.0
12098,8.0
12099,8.0
12100,8.0
12101,8.0
12102,8.0
12103,8.0
12104,8.0
12105,8.0
12106,8.0
12107,8.0
12108,8.0
12109,8.0
12110,8.0
12111,8.0
12112,8.0
12113,8.0
12114,8.0
12115,8.0
12116,8.0
12117,8.0
12118,8.0
12119,8.0
12120,8.0
12121,8.0
12122,8.0
12123,8.0
12124,8.0
12125,8.0
12126,8.0
12127,8.0
12128,8.0
12129,8.0
12130,8.0
12131,8.0
12132,8.0
12133,8.0
12134,8.0
12135,8.0
12136,8.0
12137,8.0
12138,8.0
12139,8.0
12140,8.0
12141,8.0
12142,8.0
12143,8.0
12144,8.0
12145,8.0
12146,8.0
12147,8.0
12148,8.0
12149,8.0
12150,8.0
12151,8.0
12152,8.0
12153,8.0
12154,8.0
12155,8.0
12156,8.0
12157,8.0
12158,8.0
12159,8.0
12160,8.0
12161,8.0
12162,8.0
12163,8.0
12164,8.0
12165,8.0
12166,8.0
12167,8.0
12168,8.0
12169,8.0
12170,8.0
12171,8.0
12172,8.0
12173,8.0
12174,8.0
12175,8.0
12176,8.0
12177,8.0
12178,8.0
12179,8.0
12180,8.0
12181,8.0
12182,8.0
12183,8.0
12184,8.0
12185,8.0
12186,8.0
12187,8.0
12188,8.0
12189,8.0
12190,8.0
12191,8.0
12192,8.0
12193,8.0
12194,8.0
12195,8.0
12196,8.0
12197,8.0
12198,8.0
12199,8.0
12200,8.0
12201,8.0
12202,8.0
12203,8.0
12204,8.0
12205,8.0
12206,8.0
12207,8.0
12208,8.0
12209,8.0
12210,8.0
12211,8.0
12212,8.0
12213,8.0
12214,8.0
12215,8.0
12216,8.0
12217,8.0
12218,8.0
12219,8.0
12220,8.0
12221,8.0
12222,8.0
12223,8.0
12224,8.0
12225,8.0
12226,8.0
12227,8.0
12228,8.0
12229,8.0
12230,8.0
12231,8.0
12232,8.0
12233,8.0
12234,8.0
12235,8.0
12236,8.0
12237,8.0
12238,8.0
12239,8.0
12240,8.0
12241,8.0
12242,8.0
12243,8.0
12244,8.0
12245,8.0
12246,8.0
12247,8.0
12248,8.0
12249,8.0
12250,8.0
12251,8.0
12252,8.0
12253,8.0
12254,8.0
12255,8.0
12256,8.0
12257,8.0
12258,8.0
12259,8.0
12260,8.0
12261,8.0
12262,8.0
12263,8.0
12264,8.0
12265,8.0
12266,8.0
12267,8.0
12268,8.0
12269,8.0
12270,8.0
12271,8.0
12272,8.0
12273,8.0
12274,8.0
12275,8.0
12276,8.0
12277,8.0
12278,8.0
12279,8.0
12280,8.0
12281,8.0
12282,8.0
12283,8.0
12284,8.0
12285,8.0
12286,8.0
12287,8.0
12288,8.0
12289,8.0
12290,8.0
12291,8.0
12292,8.0
12293,8.0
12294,8.0
12295,8.0
12296,8.0
12297,8.0
12298,8.0
12299,8.0
12300,8.0
12301,8.0
12302,8.0
12303,8.0
12304,8.0
12305,8.0
12306,8.0
12307,8.0
12308,8.0
12309,8.0
12310,8.0
12311,8.0
12312,8.0
12313,8.0
12314,8.0
12315,8.0
12316,8.0
12317,8.0
12318,8.0
12319,8.0
12320,8.0
12321,8.0
12322,8.0
12323,8.0
12324,8.0
12325,8.0
12326,8.0
12327,8.0
12328,8.0
12329,8.0
12330,8.0
12331,8.0
12332,8.0
12333,8.0
12334,8.0
12335,8.0
12336,8.0
12337,8.0
12338,8.0
12339,8.0
12340,8.0
12341,8.0
12342,8.0
12343,8.0
12344,8.0
12345,8.0
12346,8.0
12347,8.0
12348,8.0
12349,8.0
12350,8.0
12351,8.0
12352,8.0
12353,8.0
12354,8.0
12355,8.0
12356,8.0
12357,8.0
12358,8.0
12359,8.0
12360,8.0
12361,8.0
12362,8.0
12363,8.0
12364,8.0
12365,8.0
12366,8.0
12367,8.0
12368,8.0
12369,8.0
12370,8.0
12371,8.0
12372,8.0
12373,8.0
12374,8.0
12375,8.0
12376,8.0
12377,8.0
12378,8.0
12379,8.0
12380,8.0
12381,8.0
12382,8.0
12383,8.0
12384,8.0
12385,8.0
12386,8.0
12387,8.0
12388,8.0
12389,8.0
12390,8.0
12391,8.0
12392,8.0
12393,8.0
12394,8.0
12395,8.0
12396,8.0
12397,8.0
12398,8.0
12399,8.0
12400,8.0
12401,8.0
12402,8.0
12403,8.0
12404,8.0
12405,8.0
12406,8.0
12407,8.0
12408,8.0
12409,8.0
12410,8.0
12411,8.0
12412,8.0
12413,8.0
12414,8.0
12415,8.0
12416,8.0
12417,8.0
12418,8.0
12419,8.0
12420,8.0
12421,8.0
12422,8.0
12423,8.0
12424,8.0
12425,8.0
12426,8.0
12427,8.0
12428,8.0
12429,8.0
12430,8.0
12431,8.0
12432,8.0
12433,8.0
12434,8.0
12435,8.0
12436,8.0
12437,8.0
12438,8.0
12439,8.0
12440,8.0
12441,8.0
12442,8.0
12443,8.0
12444,8.0
12445,8.0
12446,8.0
12447,8.0
12448,8.0
12449,8.0
12450,8.0
12451,8.0
12452,8.0
12453,8.0
12454,8.0
12455,8.0
12456,8.0
12457,8.0
12458,8.0
12459,8.0
12460,8.0
12461,8.0
12462,8.0
12463,8.0
12464,8.0
12465,8.0
12466,8.0
12467,8.0
12468,8.0
12469,8.0
12470,8.0
12471,8.0
12472,8.0
12473,8.0
12474,8.0
12475,8.0
12476,8.0
12477,8.0
12478,8.0
12479,8.0
12480,8.0
12481,8.0
12482,8.0
12483,8.0
12484,8.0
12485,8.0
12486,8.0
12487,8.0
12488,8.0
12489,8.0
12490,8.0
12491,8.0
12492,8.0
12493,8.0
12494,8.0
12495,8.0
12496,8.0
12497,8.0
12498,8.0
12499,8.0
12500,8.0
12501,8.0
12502,8.0
12503,8.0
12504,8.0
12505,8.0
12506,8.0
12507,8.0
12508,8.0
12509,8.0
12510,8.0
12511,8.0
12512,8.0
12513,8.0
12514,8.0
12515,8.0
12516,8.0
12517,8.0
12518,8.0
12519,8.0
12520,8.0
12521,8.0
12522,8.0
12523,8.0
12524,8.0
12525,8.0
12526,8.0
12527,8.0
12528,8.0
12529,8.0
12530,8.0
12531,8.0
12532,8.0
12533,8.0
12534,8.0
12535,8.0
12536,8.0
12537,8.0
12538,8.0
12539,8.0
12540,8.0
12541,8.0
12542,8.0
12543,8.0
12544,8.0
12545,8.0
12546,8.0
12547,8.0
12548,8.0
12549,8.0
12550,8.0
12551,8.0
12552,8.0
12553,8.0
12554,8.0
12555,8.0
12556,8.0
12557,8.0
12558,8.0
12559,8.0
12560,8.0
12561,8.0
12562,8.0
12563,8.0
12564,8.0
12565,8.0
12566,8.0
12567,8.0
12568,8.0
12569,8.0
12570,8.0
12571,8.0
12572,8.0
12573,8.0
12574,8.0
12575,8.0
12576,8.0
12577,8.0
12578,8.0
12579,8.0
12580,8.0
12581,8.0
12582,8.0
12583,8.0
12584,8.0
12585,8.0
12586,8.0
12587,8.0
12588,8.0
12589,8.0
12590,8.0
12591,8.0
12592,8.0
12593,8.0
12594,8.0
12595,8.0
12596,8.0
12597,8.0
12598,8.0
12599,8.0
12600,8.0
12601,8.0
12602,8.0
12603,8.0
12604,8.0
12605,8.0
12606,8.0
12607,8.0
12608,8.0
12609,8.0
12610,8.0
12611,8.0
12612,8.0
12613,8.0
12614,8.0
12615,8.0
12616,8.0
12617,8.0
12618,8.0
12619,8.0
12620,8.0
12621,8.0
12622,8.0
12623,8.0
12624,8.0
12625,8.0
12626,8.0
12627,8.0
12628,8.0
12629,8.0
12630,8.0
12631,8.0
12632,8.0
12633,8.0
12634,8.0
12635,8.0
12636,8.0
12637,8.0
12638,8.0
12639,8.0
12640,8.0
12641,8.0
12642,8.0
12643,8.0
12644,8.0
12645,8.0
12646,8.0
12647,8.0
12648,8.0
12649,8.0
12650,8.0
12651,8.0
12652,8.0
12653,8.0
12654,8.0
12655,8.0
12656,8.0
12657,8.0
12658,8.0
12659,8.0
12660,8.0
12661,8.0
12662,8.0
12663,8.0
12664,8.0
12665,8.0
12666,8.0
12667,8.0
12668,8.0
12669,8.0
12670,8.0
12671,8.0
12672,8.0
12673,8.0
12674,8.0
12675,8.0
12676,8.0
12677,8.0
12678,8.0
12679,8.0
12680,8.0
12681,8.0
12682,8.0
12683,8.0
12684,8.0
12685,8.0
12686,8.0
12687,8.0
12688,8.0
12689,8.0
12690,8.0
12691,8.0
12692,8.0
12693,8.0
12694,8.0
12695,8.0
12696,8.0
12697,8.0
12698,8.0
12699,8.0
12700,8.0
12701,8.0
12702,8.0
12703,8.0
12704,8.0
12705,8.0
12706,8.0
12707,8.0
12708,8.0
12709,8.0
12710,8.0
12711,8.0
12712,8.0
12713,8.0
12714,8.0
12715,8.0
12716,8.0
12717,8.0
12718,8.0
12719,8.0
12720,8.0
12721,8.0
12722,8.0
12723,8.0
12724,8.0
12725,8.0
12726,8.0
12727,8.0
12728,8.0
12729,8.0
12730,8.0
12731,8.0
12732,8.0
12733,8.0
12734,8.0
12735,8.0
12736,8.0
12737,8.0
12738,8.0
12739,8.0
12740,8.0
12741,8.0
12742,8.0
12743,8.0
12744,8.0
12745,8.0
12746,8.0
12747,8.0
12748,8.0
12749,8.0
12750,8.0
12751,8.0
12752,8.0
12753,8.0
12754,8.0
12755,8.0
12756,8.0
12757,8.0
12758,8.0
12759,8.0
12760,8.0
12761,8.0
12762,8.0
12763,8.0
12764,8.0
12765,8.0
12766,8.0
12767,8.0
12768,8.0
12769,8.0
12770,8.0
12771,8.0
12772,8.0
12773,8.0
12774,8.0
12775,8.0
12776,8.0
12777,8.0
12778,8.0
12779,8.0
12780,8.0
12781,8.0
12782,8.0
12783,8.0
12784,8.0
12785,8.0
12786,8.0
12787,8.0
12788,8.0
12789,8.0
12790,8.0
12791,8.0
12792,8.0
12793,8.0
12794,8.0
12795,8.0
12796,8.0
12797,8.0
12798,8.0
12799,8.0
12800,8.0
12801,8.0
12802,8.0
12803,8.0
12804,8.0
12805,8.0
12806,8.0
12807,8.0
12808,8.0
12809,8.0
12810,8.0
12811,8.0
12812,8.0
12813,8.0
12814,8.0
12815,8.0
12816,8.0
12817,8.0
12818,8.0
12819,8.0
12820,8.0
12821,8.0
12822,8.0
12823,8.0
12824,8.0
12825,8.0
12826,8.0
12827,8.0
12828,8.0
12829,8.0
12830,8.0
12831,8.0
12832,8.0
12833,8.0
12834,8.0
12835,8.0
12836,8.0
12837,8.0
12838,8.0
12839,8.0
12840,8.0
12841,8.0
12842,8.0
12843,8.0
12844,8.0
12845,8.0
12846,8.0
12847,8.0
12848,8.0
12849,8.0
12850,8.0
12851,8.0
12852,8.0
12853,8.0
12854,8.0
12855,8.0
12856,8.0
12857,8.0
12858,8.0
12859,8.0
12860,8.0
12861,8.0
12862,8.0
12863,8.0
12864,8.0
12865,8.0
12866,8.0
12867,8.0
12868,8.0
12869,8.0
12870,8.0
12871,8.0
12872,8.0
12873,8.0
12874,8.0
12875,8.0
12876,8.0
12877,8.0
12878,8.0
12879,8.0
12880,8.0
12881,8.0
12882,8.0
12883,8.0
12884,8.0
12885,8.0
12886,8.0
12887,8.0
12888,8.0
12889,8.0
12890,8.0
12891,8.0
12892,8.0
12893,8.0
12894,8.0
12895,8.0
12896,8.0
12897,8.0
12898,8.0
12899,8.0
12900,8.0
12901,8.0
12902,8.0
12903,8.0
12904,8.0
12905,8.0
12906,8.0
12907,8.0
12908,8.0
12909,8.0
12910,8.0
12911,8.0
12912,8.0
12913,8.0
12914,8.0
12915,8.0
12916,8.0
12917,8.0
12918,8.0
12919,8.0
12920,8.0
12921,8.0
12922,8.0
12923,8.0
12924,8.0
12925,8.0
12926,8.0
12927,8.0
12928,8.0
12929,8.0
12930,8.0
12931,8.0
12932,8.0
12933,8.0
12934,8.0
12935,8.0
12936,8.0
12937,8.0
12938,8.0
12939,8.0
12940,8.0
12941,8.0
12942,8.0
12943,8.0
12944,8.0
12945,8.0
12946,8.0
12947,8.0
12948,8.0
12949,8.0
12950,8.0
12951,8.0
12952,8.0
12953,8.0
12954,8.0
12955,8.0
12956,8.0
12957,8.0
12958,8.0
12959,8.0
12960,8.0
12961,8.0
12962,8.0
12963,8.0
12964,8.0
12965,8.0
12966,8.0
12967,8.0
12968,8.0
12969,8.0
12970,8.0
12971,8.0
12972,8.0
12973,8.0
12974,8.0
12975,8.0
12976,8.0
12977,8.0
12978,8.0
12979,8.0
12980,8.0
12981,8.0
12982,8.0
12983,8.0
12984,8.0
12985,8.0
12986,8.0
12987,8.0
12988,8.0
12989,8.0
12990,8.0
12991,8.0
12992,8.0
12993,8.0
12994,8.0
12995,8.0
12996,8.0
12997,8.0
12998,8.0
12999,8.0
13000,8.0
13001,8.0
13002,8.0
13003,8.0
13004,8.0
13005,8.0
13006,8.0
13007,8.0
13008,8.0
13009,8.0
13010,8.0
13011,8.0
13012,8.0
13013,8.0
13014,8.0
13015,8.0
13016,8.0
13017,8.0
13018,8.0
13019,8.0
13020,8.0
13021,8.0
13022,8.0
13023,8.0
13024,8.0
13025,8.0
13026,8.0
13027,8.0
13028,8.0
13029,8.0
13030,8.0
13031,8.0
13032,8.0
13033,8.0
13034,8.0
13035,8.0
13036,8.0
13037,8.0
13038,8.0
13039,8.0
13040,8.0
13041,8.0
13042,8.0
13043,8.0
13044,8.0
13045,8.0
13046,8.0
13047,8.0
13048,8.0
13049,8.0
13050,8.0
13051,8.0
13052,8.0
13053,8.0
13054,8.0
13055,8.0
13056,8.0
13057,8.0
13058,8.0
13059,8.0
13060,8.0
13061,8.0
13062,8.0
13063,8.0
13064,8.0
13065,8.0
13066,8.0
13067,8.0
13068,8.0
13069,8.0
13070,8.0
13071,8.0
13072,8.0
13073,8.0
13074,8.0
13075,8.0
13076,8.0
13077,8.0
13078,8.0
13079,8.0
13080,8.0
13081,8.0
13082,8.0
13083,8.0
13084,8.0
13085,8.0
13086,8.0
13087,8.0
13088,8.0
13089,8.0
13090,8.0
13091,8.0
13092,8.0
13093,8.0
13094,8.0
13095,8.0
13096,8.0
13097,8.0
13098,8.0
13099,8.0
13100,8.0
13101,8.0
13102,8.0
13103,8.0
13104,8.0
13105,8.0
13106,8.0
13107,8.0
13108,8.0
13109,8.0
13110,8.0
13111,8.0
13112,8.0
13113,8.0
13114,8.0
13115,8.0
13116,8.0
13117,8.0
13118,8.0
13119,8.0
13120,8.0
13121,8.0
13122,8.0
13123,8.0
13124,8.0
13125,8.0
13126,8.0
13127,8.0
13128,8.0
13129,8.0
13130,8.0
13131,8.0
13132,8.0
13133,8.0
13134,8.0
13135,8.0
13136,8.0
13137,8.0
13138,8.0
13139,8.0
13140,8.0
13141,8.0
13142,8.0
13143,8.0
13144,8.0
13145,8.0
13146,8.0
13147,8.0
13148,8.0
13149,8.0
13150,8.0
13151,8.0
13152,8.0
13153,8.0
13154,8.0
13155,8.0
13156,8.0
13157,8.0
13158,8.0
13159,8.0
13160,8.0
13161,8.0
13162,8.0
13163,8.0
13164,8.0
13165,8.0
13166,8.0
13167,8.0
13168,8.0
13169,8.0
13170,8.0
13171,8.0
13172,8.0
13173,8.0
13174,8.0
13175,8.0
13176,8.0
13177,8.0
13178,8.0
13179,8.0
13180,8.0
13181,8.0
13182,8.0
13183,8.0
13184,8.0
13185,8.0
13186,8.0
13187,8.0
13188,8.0
13189,8.0
13190,8.0
13191,8.0
13192,8.0
13193,8.0
13194,8.0
13195,8.0
13196,8.0
13197,8.0
13198,8.0
13199,8.0
13200,8.0
13201,8.0
13202,8.0
13203,8.0
13204,8.0
13205,8.0
13206,8.0
13207,8.0
13208,8.0
13209,8.0
13210,8.0
13211,8.0
13212,8.0
13213,8.0
13214,8.0
13215,8.0
13216,8.0
13217,8.0
13218,8.0
13219,8.0
13220,8.0
13221,8.0
13222,8.0
13223,8.0
13224,8.0
13225,8.0
13226,8.0
13227,8.0
13228,8.0
13229,8.0
13230,8.0
13231,8.0
13232,8.0
13233,8.0
13234,8.0
13235,8.0
13236,8.0
13237,8.0
13238,8.0
13239,8.0
13240,8.0
13241,8.0
13242,8.0
13243,8.0
13244,8.0
13245,8.0
13246,8.0
13247,8.0
13248,8.0
13249,8.0
13250,8.0
13251,8.0
13252,8.0
13253,8.0
13254,8.0
13255,8.0
13256,8.0
13257,8.0
13258,8.0
13259,8.0
13260,8.0
13261,8.0
13262,8.0
13263,8.0
13264,8.0
13265,8.0
13266,8.0
13267,8.0
13268,8.0
13269,8.0
13270,8.0
13271,8.0
13272,8.0
13273,8.0
13274,8.0
13275,8.0
13276,8.0
13277,8.0
13278,8.0
13279,8.0
13280,8.0
13281,8.0
13282,8.0
13283,8.0
13284,8.0
13285,8.0
13286,8.0
13287,8.0
13288,8.0
13289,8.0
13290,8.0
13291,8.0
13292,8.0
13293,8.0
13294,8.0
13295,8.0
13296,8.0
13297,8.0
13298,8.0
13299,8.0
13300,8.0
13301,8.0
13302,8.0
13303,8.0
13304,8.0
13305,8.0
13306,8.0
13307,8.0
13308,8.0
13309,8.0
13310,8.0
13311,8.0
13312,8.0
13313,8.0
13314,8.0
13315,8.0
13316,8.0
13317,8.0
13318,8.0
13319,8.0
13320,8.0
13321,8.0
13322,8.0
13323,8.0
13324,8.0
13325,8.0
13326,8.0
13327,8.0
13328,8.0
13329,8.0
13330,8.0
13331,8.0
13332,8.0
13333,8.0
13334,8.0
13335,8.0
13336,8.0
13337,8.0
13338,8.0
13339,8.0
13340,8.0
13341,8.0
13342,8.0
13343,8.0
13344,8.0
13345,8.0
13346,8.0
13347,8.0
13348,8.0
13349,8.0
13350,8.0
13351,8.0
13352,8.0
13353,8.0
13354,8.0
13355,8.0
13356,8.0
13357,8.0
13358,8.0
13359,8.0
13360,8.0
13361,8.0
13362,8.0
13363,8.0
13364,8.0
13365,8.0
13366,8.0
13367,8.0
13368,8.0
13369,8.0
13370,8.0
13371,8.0
13372,8.0
13373,8.0
13374,8.0
13375,8.0
13376,8.0
13377,8.0
13378,8.0
13379,8.0
13380,8.0
13381,8.0
13382,8.0
13383,8.0
13384,8.0
13385,8.0
13386,8.0
13387,8.0
13388,8.0
13389,8.0
13390,8.0
13391,8.0
13392,8.0
13393,8.0
13394,8.0
13395,8.0
13396,8.0
13397,8.0
13398,8.0
13399,8.0
13400,8.0
13401,8.0
13402,8.0
13403,8.0
13404,8.0
13405,8.0
13406,8.0
13407,8.0
13408,8.0
13409,8.0
13410,8.0
13411,8.0
13412,8.0
13413,8.0
13414,8.0
13415,8.0
13416,8.0
13417,8.0
13418,8.0
13419,8.0
13420,8.0
13421,8.0
13422,8.0
13423,8.0
13424,8.0
13425,8.0
13426,8.0
13427,8.0
13428,8.0
13429,8.0
13430,8.0
13431,8.0
13432,8.0
13433,8.0
13434,8.0
13435,8.0
13436,8.0
13437,8.0
13438,8.0
13439,8.0
13440,8.0
13441,8.0
13442,8.0
13443,8.0
13444,8.0
13445,8.0
13446,8.0
13447,8.0
13448,8.0
13449,8.0
13450,8.0
13451,8.0
13452,8.0
13453,8.0
13454,8.0
13455,8.0
13456,8.0
13457,8.0
13458,8.0
13459,8.0
13460,8.0
13461,8.0
13462,8.0
13463,8.0
13464,8.0
13465,8.0
13466,8.0
13467,8.0
13468,8.0
13469,8.0
13470,8.0
13471,8.0
13472,8.0
13473,8.0
13474,8.0
13475,8.0
13476,8.0
13477,8.0
13478,8.0
13479,8.0
13480,8.0
13481,8.0
13482,8.0
13483,8.0
13484,8.0
13485,8.0
13486,8.0
13487,8.0
13488,8.0
13489,8.0
13490,8.0
13491,8.0
13492,8.0
13493,8.0
13494,8.0
13495,8.0
13496,8.0
13497,8.0
13498,8.0
13499,8.0
13500,8.0
13501,8.0
13502,8.0
13503,8.0
13504,8.0
13505,8.0
13506,8.0
13507,8.0
13508,8.0
13509,8.0
13510,8.0
13511,8.0
13512,8.0
13513,8.0
13514,8.0
13515,8.0
13516,8.0
13517,8.0
13518,8.0
13519,8.0
13520,8.0
13521,8.0
13522,8.0
13523,8.0
13524,8.0
13525,8.0
13526,8.0
13527,8.0
13528,8.0
13529,8.0
13530,8.0
13531,8.0
13532,8.0
13533,8.0
13534,8.0
13535,8.0
13536,8.0
13537,8.0
13538,8.0
13539,8.0
13540,8.0
13541,8.0
13542,8.0
13543,8.0
13544,8.0
13545,8.0
13546,8.0
13547,8.0
13548,8.0
13549,8.0
13550,8.0
13551,8.0
13552,8.0
13553,8.0
13554,8.0
13555,8.0
13556,8.0
13557,8.0
13558,8.0
13559,8.0
13560,8.0
13561,8.0
13562,8.0
13563,8.0
13564,8.0
13565,8.0
13566,8.0
13567,8.0
13568,8.0
13569,8.0
13570,8.0
13571,8.0
13572,8.0
13573,8.0
13574,8.0
13575,8.0
13576,8.0
13577,8.0
13578,8.0
13579,8.0
13580,8.0
13581,8.0
13582,8.0
13583,8.0
13584,8.0
13585,8.0
13586,8.0
13587,8.0
13588,8.0
13589,8.0
13590,8.0
13591,8.0
13592,8.0
13593,8.0
13594,8.0
13595,8.0
13596,8.0
13597,8.0
13598,8.0
13599,8.0
13600,8.0
13601,8.0
13602,8.0
13603,8.0
13604,8.0
13605,8.0
13606,8.0
13607,8.0
13608,8.0
13609,8.0
13610,8.0
13611,8.0
13612,8.0
13613,8.0
13614,8.0
13615,8.0
13616,8.0
13617,8.0
13618,8.0
13619,8.0
13620,8.0
13621,8.0
13622,8.0
13623,8.0
13624,8.0
13625,8.0
13626,8.0
13627,8.0
13628,8.0
13629,8.0
13630,8.0
13631,8.0
13632,8.0
13633,8.0
13634,8.0
13635,8.0
13636,8.0
13637,8.0
13638,8.0
13639,8.0
13640,8.0
13641,8.0
13642,8.0
13643,8.0
13644,8.0
13645,8.0
13646,8.0
13647,8.0
13648,8.0
13649,8.0
13650,8.0
13651,8.0
13652,8.0
13653,8.0
13654,8.0
13655,8.0
13656,8.0
13657,8.0
13658,8.0
13659,8.0
13660,8.0
13661,8.0
13662,8.0
13663,8.0
13664,8.0
13665,8.0
13666,8.0
13667,8.0
13668,8.0
13669,8.0
13670,8.0
13671,8.0
13672,8.0
13673,8.0
13674,8.0
13675,8.0
13676,8.0
13677,8.0
13678,8.0
13679,8.0
13680,8.0
13681,8.0
13682,8.0
13683,8.0
13684,8.0
13685,8.0
13686,8.0
13687,8.0
13688,8.0
13689,8.0
13690,8.0
13691,8.0
13692,8.0
13693,8.0
13694,8.0
13695,8.0
13696,8.0
13697,8.0
13698,8.0
13699,8.0
13700,8.0
13701,8.0
13702,8.0
13703,8.0
13704,8.0
13705,8.0
13706,8.0
13707,8.0
13708,8.0
13709,8.0
13710,8.0
13711,8.0
13712,8.0
13713,8.0
13714,8.0
13715,8.0
13716,8.0
13717,8.0
13718,8.0
13719,8.0
13720,8.0
13721,8.0
13722,8.0
13723,8.0
13724,8.0
13725,8.0
13726,8.0
13727,8.0
13728,8.0
13729,8.0
13730,8.0
13731,8.0
13732,8.0
13733,8.0
13734,8.0
13735,8.0
13736,8.0
13737,8.0
13738,8.0
13739,8.0
13740,8.0
13741,8.0
13742,8.0
13743,8.0
13744,8.0
13745,8.0
13746,8.0
13747,8.0
13748,8.0
13749,8.0
13750,8.0
13751,8.0
13752,8.0
13753,8.0
13754,8.0
13755,8.0
13756,8.0
13757,8.0
13758,8.0
13759,8.0
13760,8.0
13761,8.0
13762,8.0
13763,8.0
13764,8.0
13765,8.0
13766,8.0
13767,8.0
13768,8.0
13769,8.0
13770,8.0
13771,8.0
13772,8.0
13773,8.0
13774,8.0
13775,8.0
13776,8.0
13777,8.0
13778,8.0
13779,8.0
13780,8.0
13781,8.0
13782,8.0
13783,8.0
13784,8.0
13785,8.0
13786,8.0
13787,8.0
13788,8.0
13789,8.0
13790,8.0
13791,8.0
13792,8.0
13793,8.0
13794,8.0
13795,8.0
13796,8.0
13797,8.0
13798,8.0
13799,8.0
13800,8.0
13801,8.0
13802,8.0
13803,8.0
13804,8.0
13805,8.0
13806,8.0
13807,8.0
13808,8.0
13809,8.0
13810,8.0
13811,8.0
13812,8.0
13813,8.0
13814,8.0
13815,8.0
13816,8.0
13817,8.0
13818,8.0
13819,8.0
13820,8.0
13821,8.0
13822,8.0
13823,8.0
13824,8.0
13825,8.0
13826,8.0
13827,8.0
13828,8.0
13829,8.0
13830,8.0
13831,8.0
13832,8.0
13833,8.0
13834,8.0
13835,8.0
13836,8.0
13837,8.0
13838,8.0
13839,8.0
13840,8.0
13841,8.0
13842,8.0
13843,8.0
13844,8.0
13845,8.0
13846,8.0
13847,8.0
13848,8.0
13849,8.0
13850,8.0
13851,8.0
13852,8.0
13853,8.0
13854,8.0
13855,8.0
13856,8.0
13857,8.0
13858,8.0
13859,8.0
13860,8.0
13861,8.0
13862,8.0
13863,8.0
13864,8.0
13865,8.0
13866,8.0
13867,8.0
13868,8.0
13869,8.0
13870,8.0
13871,8.0
13872,8.0
13873,8.0
13874,8.0
13875,8.0
13876,8.0
13877,8.0
13878,8.0
13879,8.0
13880,8.0
13881,8.0
13882,8.0
13883,8.0
13884,8.0
13885,8.0
13886,8.0
13887,8.0
13888,8.0
13889,8.0
13890,8.0
13891,8.0
13892,8.0
13893,8.0
13894,8.0
13895,8.0
13896,8.0
13897,8.0
13898,8.0
13899,8.0
13900,8.0
13901,8.0
13902,8.0
13903,8.0
13904,8.0
13905,8.0
13906,8.0
13907,8.0
13908,8.0
13909,8.0
13910,8.0
13911,8.0
13912,8.0
13913,8.0
13914,8.0
13915,8.0
13916,8.0
13917,8.0
13918,8.0
13919,8.0
13920,8.0
13921,8.0
13922,8.0
13923,8.0
13924,8.0
13925,8.0
13926,8.0
13927,8.0
13928,8.0
13929,8.0
13930,8.0
13931,8.0
13932,8.0
13933,8.0
13934,8.0
13935,8.0
13936,8.0
13937,8.0
13938,8.0
13939,8.0
13940,8.0
13941,8.0
13942,8.0
13943,8.0
13944,8.0
13945,8.0
13946,8.0
13947,8.0
13948,8.0
13949,8.0
13950,8.0
13951,8.0
13952,8.0
13953,8.0
13954,8.0
13955,8.0
13956,8.0
13957,8.0
13958,8.0
13959,8.0
13960,8.0
13961,8.0
13962,8.0
13963,8.0
13964,8.0
13965,8.0
13966,8.0
13967,8.0
13968,8.0
13969,8.0
13970,8.0
13971,8.0
13972,8.0
13973,8.0
13974,8.0
13975,8.0
13976,8.0
13977,8.0
13978,8.0
13979,8.0
13980,8.0
13981,8.0
13982,8.0
13983,8.0
13984,8.0
13985,8.0
13986,8.0
13987,8.0
13988,8.0
13989,8.0
13990,8.0
13991,8.0
13992,8.0
13993,8.0
13994,8.0
13995,8.0
13996,8.0
13997,8.0
13998,8.0
13999,8.0
14000,8.0
14001,8.0
14002,8.0
14003,8.0
14004,8.0
14005,8.0
14006,8.0
14007,8.0
14008,8.0
14009,8.0
14010,8.0
14011,8.0
14012,8.0
14013,8.0
14014,8.0
14015,8.0
14016,8.0
14017,8.0
14018,8.0
14019,8.0
14020,8.0
14021,8.0
14022,8.0
14023,8.0
14024,8.0
14025,8.0
14026,8.0
14027,8.0
14028,8.0
14029,8.0
14030,8.0
14031,8.0
14032,8.0
14033,8.0
14034,8.0
14035,8.0
14036,8.0
14037,8.0
14038,8.0
14039,8.0
14040,8.0
14041,8.0
14042,8.0
14043,8.0
14044,8.0
14045,8.0
14046,8.0
14047,8.0
14048,8.0
14049,8.0
14050,8.0
14051,8.0
14052,8.0
14053,8.0
14054,8.0
14055,8.0
14056,8.0
14057,8.0
14058,8.0
14059,8.0
14060,8.0
14061,8.0
14062,8.0
14063,8.0
14064,8.0
14065,8.0
14066,8.0
14067,8.0
14068,8.0
14069,8.0
14070,8.0
14071,8.0
14072,8.0
14073,8.0
14074,8.0
14075,8.0
14076,8.0
14077,8.0
14078,8.0
14079,8.0
14080,8.0
14081,8.0
14082,8.0
14083,8.0
14084,8.0
14085,8.0
14086,8.0
14087,8.0
14088,8.0
14089,8.0
14090,8.0
14091,8.0
14092,8.0
14093,8.0
14094,8.0
14095,8.0
14096,8.0
14097,8.0
14098,8.0
14099,8.0
14100,8.0
14101,8.0
14102,8.0
14103,8.0
14104,8.0
14105,8.0
14106,8.0
14107,8.0
14108,8.0
14109,8.0
14110,8.0
14111,8.0
14112,8.0
14113,8.0
14114,8.0
14115,8.0
14116,8.0
14117,8.0
14118,8.0
14119,8.0
14120,8.0
14121,8.0
14122,8.0
14123,8.0
14124,8.0
14125,8.0
14126,8.0
14127,8.0
14128,8.0
14129,8.0
14130,8.0
14131,8.0
14132,8.0
14133,8.0
14134,8.0
14135,8.0
14136,8.0
14137,8.0
14138,8.0
14139,8.0
14140,8.0
14141,8.0
14142,8.0
14143,8.0
14144,8.0
14145,8.0
14146,8.0
14147,8.0
14148,8.0
14149,8.0
14150,8.0
14151,8.0
14152,8.0
14153,8.0
14154,8.0
14155,8.0
14156,8.0
14157,8.0
14158,8.0
14159,8.0
14160,8.0
14161,8.0
14162,8.0
14163,8.0
14164,8.0
14165,8.0
14166,8.0
14167,8.0
14168,8.0
14169,8.0
14170,8.0
14171,8.0
14172,8.0
14173,8.0
14174,8.0
14175,8.0
14176,8.0
14177,8.0
14178,8.0
14179,8.0
14180,8.0
14181,8.0
14182,8.0
14183,8.0
14184,8.0
14185,8.0
14186,8.0
14187,8.0
14188,8.0
14189,8.0
14190,8.0
14191,8.0
14192,8.0
14193,8.0
14194,8.0
14195,8.0
14196,8.0
14197,8.0
14198,8.0
14199,8.0
14200,8.0
14201,8.0
14202,8.0
14203,8.0
14204,8.0
14205,8.0
14206,8.0
14207,8.0
14208,8.0
14209,8.0
14210,8.0
14211,8.0
14212,8.0
14213,8.0
14214,8.0
14215,8.0
14216,8.0
14217,8.0
14218,8.0
14219,8.0
14220,8.0
14221,8.0
14222,8.0
14223,8.0
14224,8.0
14225,8.0
14226,8.0
14227,8.0
14228,8.0
14229,8.0
14230,8.0
14231,8.0
14232,8.0
14233,8.0
14234,8.0
14235,8.0
14236,8.0
14237,8.0
14238,8.0
14239,8.0
14240,8.0
14241,8.0
14242,8.0
14243,8.0
14244,8.0
14245,8.0
14246,8.0
14247,8.0
14248,8.0
14249,8.0
14250,8.0
14251,8.0
14252,8.0
14253,8.0
14254,8.0
14255,8.0
14256,8.0
14257,8.0
14258,8.0
14259,8.0
14260,8.0
14261,8.0
14262,8.0
14263,8.0
14264,8.0
14265,8.0
14266,8.0
14267,8.0
14268,8.0
14269,8.0
14270,8.0
14271,8.0
14272,8.0
14273,8.0
14274,8.0
14275,8.0
14276,8.0
14277,8.0
14278,8.0
14279,8.0
14280,8.0
14281,8.0
14282,8.0
14283,8.0
14284,8.0
14285,8.0
14286,8.0
14287,8.0
14288,8.0
14289,8.0
14290,8.0
14291,8.0
14292,8.0
14293,8.0
14294,8.0
14295,8.0
14296,8.0
14297,8.0
14298,8.0
14299,8.0
14300,8.0
14301,8.0
14302,8.0
14303,8.0
14304,8.0
14305,8.0
14306,8.0
14307,8.0
14308,8.0
14309,8.0
14310,8.0
14311,8.0
14312,8.0
14313,8.0
14314,8.0
14315,8.0
14316,8.0
14317,8.0
14318,8.0
14319,8.0
14320,8.0
14321,8.0
14322,8.0
14323,8.0
14324,8.0
14325,8.0
14326,8.0
14327,8.0
14328,8.0
14329,8.0
14330,8.0
14331,8.0
14332,8.0
14333,8.0
14334,8.0
14335,8.0
14336,8.0
14337,8.0
14338,8.0
14339,8.0
14340,8.0
14341,8.0
14342,8.0
14343,8.0
14344,8.0
14345,8.0
14346,8.0
14347,8.0
14348,8.0
14349,8.0
14350,8.0
14351,8.0
14352,8.0
14353,8.0
14354,8.0
14355,8.0
14356,8.0
14357,8.0
14358,8.0
14359,8.0
14360,8.0
14361,8.0
14362,8.0
14363,8.0
14364,8.0
14365,8.0
14366,8.0
14367,8.0
14368,8.0
14369,8.0
14370,8.0
14371,8.0
14372,8.0
14373,8.0
14374,8.0
14375,8.0
14376,8.0
14377,8.0
14378,8.0
14379,8.0
14380,8.0
14381,8.0
14382,8.0
14383,8.0
14384,8.0
14385,8.0
14386,8.0
14387,8.0
14388,8.0
14389,8.0
14390,8.0
14391,8.0
14392,8.0
14393,8.0
14394,8.0
14395,8.0
14396,8.0
14397,8.0
14398,8.0
14399,8.0
14400,8.0
14401,8.0
14402,8.0
14403,8.0
14404,8.0
14405,8.0
14406,8.0
14407,8.0
14408,8.0
14409,8.0
14410,8.0
14411,8.0
14412,8.0
14413,8.0
14414,8.0
14415,8.0
14416,8.0
14417,8.0
14418,8.0
14419,8.0
14420,8.0
14421,8.0
14422,8.0
14423,8.0
14424,8.0
14425,8.0
14426,8.0
14427,8.0
14428,8.0
14429,8.0
14430,8.0
14431,8.0
14432,8.0
14433,8.0
14434,8.0
14435,8.0
14436,8.0
14437,8.0
14438,8.0
14439,8.0
14440,8.0
14441,8.0
14442,8.0
14443,8.0
14444,8.0
14445,8.0
14446,8.0
14447,8.0
14448,8.0
14449,8.0
14450,8.0
14451,8.0
14452,8.0
14453,8.0
14454,8.0
14455,8.0
14456,8.0
14457,8.0
14458,8.0
14459,8.0
14460,8.0
14461,8.0
14462,8.0
14463,8.0
14464,8.0
14465,8.0
14466,8.0
14467,8.0
14468,8.0
14469,8.0
14470,8.0
14471,8.0
14472,8.0
14473,8.0
14474,8.0
14475,8.0
14476,8.0
14477,8.0
14478,8.0
14479,8.0
14480,8.0
14481,8.0
14482,8.0
14483,8.0
14484,8.0
14485,8.0
14486,8.0
14487,8.0
14488,8.0
14489,8.0
14490,8.0
14491,8.0
14492,8.0
14493,8.0
14494,8.0
14495,8.0
14496,8.0
14497,8.0
14498,8.0
14499,8.0
14500,8.0
14501,8.0
14502,8.0
14503,8.0
14504,8.0
14505,8.0
14506,8.0
14507,8.0
14508,8.0
14509,8.0
14510,8.0
14511,8.0
14512,8.0
14513,8.0
14514,8.0
14515,8.0
14516,8.0
14517,8.0
14518,8.0
14519,8.0
14520,8.0
14521,8.0
14522,8.0
14523,8.0
14524,8.0
14525,8.0
14526,8.0
14527,8.0
14528,8.0
14529,8.0
14530,8.0
14531,8.0
14532,8.0
14533,8.0
14534,8.0
14535,8.0
14536,8.0
14537,8.0
14538,8.0
14539,8.0
14540,8.0
14541,8.0
14542,8.0
14543,8.0
14544,8.0
14545,8.0
14546,8.0
14547,8.0
14548,8.0
14549,8.0
14550,8.0
14551,8.0
14552,8.0
14553,8.0
14554,8.0
14555,8.0
14556,8.0
14557,8.0
14558,8.0
14559,8.0
14560,8.0
14561,8.0
14562,8.0
14563,8.0
14564,8.0
14565,8.0
14566,8.0
14567,8.0
14568,8.0
14569,8.0
14570,8.0
14571,8.0
14572,8.0
14573,8.0
14574,8.0
14575,8.0
14576,8.0
14577,8.0
14578,8.0
14579,8.0
14580,8.0
14581,8.0
14582,8.0
14583,8.0
14584,8.0
14585,8.0
14586,8.0
14587,8.0
14588,8.0
14589,8.0
14590,8.0
14591,8.0
14592,8.0
14593,8.0
14594,8.0
14595,8.0
14596,8.0
14597,8.0
14598,8.0
14599,8.0
14600,8.0
14601,8.0
14602,8.0
14603,8.0
14604,8.0
14605,8.0
14606,8.0
14607,8.0
14608,8.0
14609,8.0
14610,8.0
14611,8.0
14612,8.0
14613,8.0
14614,8.0
14615,8.0
14616,8.0
14617,8.0
14618,8.0
14619,8.0
14620,8.0
14621,8.0
14622,8.0
14623,8.0
14624,8.0
14625,8.0
14626,8.0
14627,8.0
14628,8.0
14629,8.0
14630,8.0
14631,8.0
14632,8.0
14633,8.0
14634,8.0
14635,8.0
14636,8.0
14637,8.0
14638,8.0
14639,8.0
14640,8.0
14641,8.0
14642,8.0
14643,8.0
14644,8.0
14645,8.0
14646,8.0
14647,8.0
14648,8.0
14649,8.0
14650,8.0
14651,8.0
14652,8.0
14653,8.0
14654,8.0
14655,8.0
14656,8.0
14657,8.0
14658,8.0
14659,8.0
14660,8.0
14661,8.0
14662,8.0
14663,8.0
14664,8.0
14665,8.0
14666,8.0
14667,8.0
14668,8.0
14669,8.0
14670,8.0
14671,8.0
14672,8.0
14673,8.0
14674,8.0
14675,8.0
14676,8.0
14677,8.0
14678,8.0
14679,8.0
14680,8.0
14681,8.0
14682,8.0
14683,8.0
14684,8.0
14685,8.0
14686,8.0
14687,8.0
14688,8.0
14689,8.0
14690,8.0
14691,8.0
14692,8.0
14693,8.0
14694,8.0
14695,8.0
14696,8.0
14697,8.0
14698,8.0
14699,8.0
14700,8.0
14701,8.0
14702,8.0
14703,8.0
14704,8.0
14705,8.0
14706,8.0
14707,8.0
14708,8.0
14709,8.0
14710,8.0
14711,8.0
14712,8.0
14713,8.0
14714,8.0
14715,8.0
14716,8.0
14717,8.0
14718,8.0
14719,8.0
14720,8.0
14721,8.0
14722,8.0
14723,8.0
14724,8.0
14725,8.0
14726,8.0
14727,8.0
14728,8.0
14729,8.0
14730,8.0
14731,8.0
14732,8.0
14733,8.0
14734,8.0
14735,8.0
14736,8.0
14737,8.0
14738,8.0
14739,8.0
14740,8.0
14741,8.0
14742,8.0
14743,8.0
14744,8.0
14745,8.0
14746,8.0
14747,8.0
14748,8.0
14749,8.0
14750,8.0
14751,8.0
14752,8.0
14753,8.0
14754,8.0
14755,8.0
14756,8.0
14757,8.0
14758,8.0
14759,8.0
14760,8.0
14761,8.0
14762,8.0
14763,8.0
14764,8.0
14765,8.0
14766,8.0
14767,8.0
14768,8.0
14769,8.0
14770,8.0
14771,8.0
14772,8.0
14773,8.0
14774,8.0
14775,8.0
14776,8.0
14777,8.0
14778,8.0
14779,8.0
14780,8.0
14781,8.0
14782,8.0
14783,8.0
14784,8.0
14785,8.0
14786,8.0
14787,8.0
14788,8.0
14789,8.0
14790,8.0
14791,8.0
14792,8.0
14793,8.0
14794,8.0
14795,8.0
14796,8.0
14797,8.0
14798,8.0
14799,8.0
14800,8.0
14801,8.0
14802,8.0
14803,8.0
14804,8.0
14805,8.0
14806,8.0
14807,8.0
14808,8.0
14809,8.0
14810,8.0
14811,8.0
14812,8.0
14813,8.0
14814,8.0
14815,8.0
14816,8.0
14817,8.0
14818,8.0
14819,8.0
14820,8.0
14821,8.0
14822,8.0
14823,8.0
14824,8.0
14825,8.0
14826,8.0
14827,8.0
14828,8.0
14829,8.0
14830,8.0
14831,8.0
14832,8.0
14833,8.0
14834,8.0
14835,8.0
14836,8.0
14837,8.0
14838,8.0
14839,8.0
14840,8.0
14841,8.0
14842,8.0
14843,8.0
14844,8.0
14845,8.0
14846,8.0
14847,8.0
14848,8.0
14849,8.0
14850,8.0
14851,8.0
14852,8.0
14853,8.0
14854,8.0
14855,8.0
14856,8.0
14857,8.0
14858,8.0
14859,8.0
14860,8.0
14861,8.0
14862,8.0
14863,8.0
14864,8.0
14865,8.0
14866,8.0
14867,8.0
14868,8.0
14869,8.0
14870,8.0
14871,8.0
14872,8.0
14873,8.0
14874,8.0
14875,8.0
14876,8.0
14877,8.0
14878,8.0
14879,8.0
14880,8.0
14881,8.0
14882,8.0
14883,8.0
14884,8.0
14885,8.0
14886,8.0
14887,8.0
14888,8.0
14889,8.0
14890,8.0
14891,8.0
14892,8.0
14893,8.0
14894,8.0
14895,8.0
14896,8.0
14897,8.0
14898,8.0
14899,8.0
14900,8.0
14901,8.0
14902,8.0
14903,8.0
14904,8.0
14905,8.0
14906,8.0
14907,8.0
14908,8.0
14909,8.0
14910,8.0
14911,8.0
14912,8.0
14913,8.0
14914,8.0
14915,8.0
14916,8.0
14917,8.0
14918,8.0
14919,8.0
14920,8.0
14921,8.0
14922,8.0
14923,8.0
14924,8.0
14925,8.0
14926,8.0
14927,8.0
14928,8.0
14929,8.0
14930,8.0
14931,8.0
14932,8.0
14933,8.0
14934,8.0
14935,8.0
14936,8.0
14937,8.0
14938,8.0
14939,8.0
14940,8.0
14941,8.0
14942,8.0
14943,8.0
14944,8.0
14945,8.0
14946,8.0
14947,8.0
14948,8.0
14949,8.0
14950,8.0
14951,8.0
14952,8.0
14953,8.0
14954,8.0
14955,8.0
14956,8.0
14957,8.0
14958,8.0
14959,8.0
14960,8.0
14961,8.0
14962,8.0
14963,8.0
14964,8.0
14965,8.0
14966,8.0
14967,8.0
14968,8.0
14969,8.0
14970,8.0
14971,8.0
14972,8.0
14973,8.0
14974,8.0
14975,8.0
14976,8.0
14977,8.0
14978,8.0
14979,8.0
14980,8.0
14981,8.0
14982,8.0
14983,8.0
14984,8.0
14985,8.0
14986,8.0
14987,8.0
14988,8.0
14989,8.0
14990,8.0
14991,8.0
14992,8.0
14993,8.0
14994,8.0
14995,8.0
14996,8.0
14997,8.0
14998,8.0
14999,8.0
15000,8.0
15001,8.0
15002,8.0
15003,8.0
15004,8.0
15005,8.0
15006,8.0
15007,8.0
15008,8.0
15009,8.0
15010,8.0
15011,8.0
15012,8.0
15013,8.0
15014,8.0
15015,8.0
15016,8.0
15017,8.0
15018,8.0
15019,8.0
15020,8.0
15021,8.0
15022,8.0
15023,8.0
15024,8.0
15025,8.0
15026,8.0
15027,8.0
15028,8.0
15029,8.0
15030,8.0
15031,8.0
15032,8.0
15033,8.0
15034,8.0
15035,8.0
15036,8.0
15037,8.0
15038,8.0
15039,8.0
15040,8.0
15041,8.0
15042,8.0
15043,8.0
15044,8.0
15045,8.0
15046,8.0
15047,8.0
15048,8.0
15049,8.0
15050,8.0
15051,8.0
15052,8.0
15053,8.0
15054,8.0
15055,8.0
15056,8.0
15057,8.0
15058,8.0
15059,8.0
15060,8.0
15061,8.0
15062,8.0
15063,8.0
15064,8.0
15065,8.0
15066,8.0
15067,8.0
15068,8.0
15069,8.0
15070,8.0
15071,8.0
15072,8.0
15073,8.0
15074,8.0
15075,8.0
15076,8.0
15077,8.0
15078,8.0
15079,8.0
15080,8.0
15081,8.0
15082,8.0
15083,8.0
15084,8.0
15085,8.0
15086,8.0
15087,8.0
15088,8.0
15089,8.0
15090,8.0
15091,8.0
15092,8.0
15093,8.0
15094,8.0
15095,8.0
15096,8.0
15097,8.0
15098,8.0
15099,8.0
15100,8.0
15101,8.0
15102,8.0
15103,8.0
15104,8.0
15105,8.0
15106,8.0
15107,8.0
15108,8.0
15109,8.0
15110,8.0
15111,8.0
15112,8.0
15113,8.0
15114,8.0
15115,8.0
15116,8.0
15117,8.0
15118,8.0
15119,8.0
15120,8.0
15121,8.0
15122,8.0
15123,8.0
15124,8.0
15125,8.0
15126,8.0
15127,8.0
15128,8.0
15129,8.0
15130,8.0
15131,8.0
15132,8.0
15133,8.0
15134,8.0
15135,8.0
15136,8.0
15137,8.0
15138,8.0
15139,8.0
15140,8.0
15141,8.0
15142,8.0
15143,8.0
15144,8.0
15145,8.0
15146,8.0
15147,8.0
15148,8.0
15149,8.0
15150,8.0
15151,8.0
15152,8.0
15153,8.0
15154,8.0
15155,8.0
15156,8.0
15157,8.0
15158,8.0
15159,8.0
15160,8.0
15161,8.0
15162,8.0
15163,8.0
15164,8.0
15165,8.0
15166,8.0
15167,8.0
15168,8.0
15169,8.0
15170,8.0
15171,8.0
15172,8.0
15173,8.0
15174,8.0
15175,8.0
15176,8.0
15177,8.0
15178,8.0
15179,8.0
15180,8.0
15181,8.0
15182,8.0
15183,8.0
15184,8.0
15185,8.0
15186,8.0
15187,8.0
15188,8.0
15189,8.0
15190,8.0
15191,8.0
15192,8.0
15193,8.0
15194,8.0
15195,8.0
15196,8.0
15197,8.0
15198,8.0
15199,8.0
15200,8.0
15201,8.0
15202,8.0
15203,8.0
15204,8.0
15205,8.0
15206,8.0
15207,8.0
15208,8.0
15209,8.0
15210,8.0
15211,8.0
15212,8.0
15213,8.0
15214,8.0
15215,8.0
15216,8.0
15217,8.0
15218,8.0
15219,8.0
15220,8.0
15221,8.0
15222,8.0
15223,8.0
15224,8.0
15225,8.0
15226,8.0
15227,8.0
15228,8.0
15229,8.0
15230,8.0
15231,8.0
15232,8.0
15233,8.0
15234,8.0
15235,8.0
15236,8.0
15237,8.0
15238,8.0
15239,8.0
15240,8.0
15241,8.0
15242,8.0
15243,8.0
15244,8.0
15245,8.0
15246,8.0
15247,8.0
15248,8.0
15249,8.0
15250,8.0
15251,8.0
15252,8.0
15253,8.0
15254,8.0
15255,8.0
15256,8.0
15257,8.0
15258,8.0
15259,8.0
15260,8.0
15261,8.0
15262,8.0
15263,8.0
15264,8.0
15265,8.0
15266,8.0
15267,8.0
15268,8.0
15269,8.0
15270,8.0
15271,8.0
15272,8.0
15273,8.0
15274,8.0
15275,8.0
15276,8.0
15277,8.0
15278,8.0
15279,8.0
15280,8.0
15281,8.0
15282,8.0
15283,8.0
15284,8.0
15285,8.0
15286,8.0
15287,8.0
15288,8.0
15289,8.0
15290,8.0
15291,8.0
15292,8.0
15293,8.0
15294,8.0
15295,8.0
15296,8.0
15297,8.0
15298,8.0
15299,8.0
15300,8.0
15301,8.0
15302,8.0
15303,8.0
15304,8.0
15305,8.0
15306,8.0
15307,8.0
15308,8.0
15309,8.0
15310,8.0
15311,8.0
15312,8.0
15313,8.0
15314,8.0
15315,8.0
15316,8.0
15317,8.0
15318,8.0
15319,8.0
15320,8.0
15321,8.0
15322,8.0
15323,8.0
15324,8.0
15325,8.0
15326,8.0
15327,8.0
15328,8.0
15329,8.0
15330,8.0
15331,8.0
15332,8.0
15333,8.0
15334,8.0
15335,8.0
15336,8.0
15337,8.0
15338,8.0
15339,8.0
15340,8.0
15341,8.0
15342,8.0
15343,8.0
15344,8.0
15345,8.0
15346,8.0
15347,8.0
15348,8.0
15349,8.0
15350,8.0
15351,8.0
15352,8.0
15353,8.0
15354,8.0
15355,8.0
15356,8.0
15357,8.0
15358,8.0
15359,8.0
15360,8.0
15361,8.0
15362,8.0
15363,8.0
15364,8.0
15365,8.0
15366,8.0
15367,8.0
15368,8.0
15369,8.0
15370,8.0
15371,8.0
15372,8.0
15373,8.0
15374,8.0
15375,8.0
15376,8.0
15377,8.0
15378,8.0
15379,8.0
15380,8.0
15381,8.0
15382,8.0
15383,8.0
15384,8.0
15385,8.0
15386,8.0
15387,8.0
15388,8.0
15389,8.0
15390,8.0
15391,8.0
15392,8.0
15393,8.0
15394,8.0
15395,8.0
15396,8.0
15397,8.0
15398,8.0
15399,8.0
15400,8.0
15401,8.0
15402,8.0
15403,8.0
15404,8.0
15405,8.0
15406,8.0
15407,8.0
15408,8.0
15409,8.0
15410,8.0
15411,8.0
15412,8.0
15413,8.0
15414,8.0
15415,8.0
15416,8.0
15417,8.0
15418,8.0
15419,8.0
15420,8.0
15421,8.0
15422,8.0
15423,8.0
15424,8.0
15425,8.0
15426,8.0
15427,8.0
15428,8.0
15429,8.0
15430,8.0
15431,8.0
15432,8.0
15433,8.0
15434,8.0
15435,8.0
15436,8.0
15437,8.0
15438,8.0
15439,8.0
15440,8.0
15441,8.0
15442,8.0
15443,8.0
15444,8.0
15445,8.0
15446,8.0
15447,8.0
15448,8.0
15449,8.0
15450,8.0
15451,8.0
15452,8.0
15453,8.0
15454,8.0
15455,8.0
15456,8.0
15457,8.0
15458,8.0
15459,8.0
15460,8.0
15461,8.0
15462,8.0
15463,8.0
15464,8.0
15465,8.0
15466,8.0
15467,8.0
15468,8.0
15469,8.0
15470,8.0
15471,8.0
15472,8.0
15473,8.0
15474,8.0
15475,8.0
15476,8.0
15477,8.0
15478,8.0
15479,8.0
15480,8.0
15481,8.0
15482,8.0
15483,8.0
15484,8.0
15485,8.0
15486,8.0
15487,8.0
15488,8.0
15489,8.0
15490,8.0
15491,8.0
15492,8.0
15493,8.0
15494,8.0
15495,8.0
15496,8.0
15497,8.0
15498,8.0
15499,8.0
15500,8.0
15501,8.0
15502,8.0
15503,8.0
15504,8.0
15505,8.0
15506,8.0
15507,8.0
15508,8.0
15509,8.0
15510,8.0
15511,8.0
15512,8.0
15513,8.0
15514,8.0
15515,8.0
15516,8.0
15517,8.0
15518,8.0
15519,8.0
15520,8.0
15521,8.0
15522,8.0
15523,8.0
15524,8.0
15525,8.0
15526,8.0
15527,8.0
15528,8.0
15529,8.0
15530,8.0
15531,8.0
15532,8.0
15533,8.0
15534,8.0
15535,8.0
15536,8.0
15537,8.0
15538,8.0
15539,8.0
15540,8.0
15541,8.0
15542,8.0
15543,8.0
15544,8.0
15545,8.0
15546,8.0
15547,8.0
15548,8.0
15549,8.0
15550,8.0
15551,8.0
15552,8.0
15553,8.0
15554,8.0
15555,8.0
15556,8.0
15557,8.0
15558,8.0
15559,8.0
15560,8.0
15561,8.0
15562,8.0
15563,8.0
15564,8.0
15565,8.0
15566,8.0
15567,8.0
15568,8.0
15569,8.0
15570,8.0
15571,8.0
15572,8.0
15573,8.0
15574,8.0
15575,8.0
15576,8.0
15577,8.0
15578,8.0
15579,8.0
15580,8.0
15581,8.0
15582,8.0
15583,8.0
15584,8.0
15585,8.0
15586,8.0
15587,8.0
15588,8.0
15589,8.0
15590,8.0
15591,8.0
15592,8.0
15593,8.0
15594,8.0
15595,8.0
15596,8.0
15597,8.0
15598,8.0
15599,8.0
15600,8.0
15601,8.0
15602,8.0
15603,8.0
15604,8.0
15605,8.0
15606,8.0
15607,8.0
15608,8.0
15609,8.0
15610,8.0
15611,8.0
15612,8.0
15613,8.0
15614,8.0
15615,8.0
15616,8.0
15617,8.0
15618,8.0
15619,8.0
15620,8.0
15621,8.0
15622,8.0
15623,8.0
15624,8.0
15625,8.0
15626,8.0
15627,8.0
15628,8.0
15629,8.0
15630,8.0
15631,8.0
15632,8.0
15633,8.0
15634,8.0
15635,8.0
15636,8.0
15637,8.0
15638,8.0
15639,8.0
15640,8.0
15641,8.0
15642,8.0
15643,8.0
15644,8.0
15645,8.0
15646,8.0
15647,8.0
15648,8.0
15649,8.0
15650,8.0
15651,8.0
15652,8.0
15653,8.0
15654,8.0
15655,8.0
15656,8.0
15657,8.0
15658,8.0
15659,8.0
15660,8.0
15661,8.0
15662,8.0
15663,8.0
15664,8.0
15665,8.0
15666,8.0
15667,8.0
15668,8.0
15669,8.0
15670,8.0
15671,8.0
15672,8.0
15673,8.0
15674,8.0
15675,8.0
15676,8.0
15677,8.0
15678,8.0
15679,8.0
15680,8.0
15681,8.0
15682,8.0
15683,8.0
15684,8.0
15685,8.0
15686,8.0
15687,8.0
15688,8.0
15689,8.0
15690,8.0
15691,8.0
15692,8.0
15693,8.0
15694,8.0
15695,8.0
15696,8.0
15697,8.0
15698,8.0
15699,8.0
15700,8.0
15701,8.0
15702,8.0
15703,8.0
15704,8.0
15705,8.0
15706,8.0
15707,8.0
15708,8.0
15709,8.0
15710,8.0
15711,8.0
15712,8.0
15713,8.0
15714,8.0
15715,8.0
15716,8.0
15717,8.0
15718,8.0
15719,8.0
15720,8.0
15721,8.0
15722,8.0
15723,8.0
15724,8.0
15725,8.0
15726,8.0
15727,8.0
15728,8.0
15729,8.0
15730,8.0
15731,8.0
15732,8.0
15733,8.0
15734,8.0
15735,8.0
15736,8.0
15737,8.0
15738,8.0
15739,8.0
15740,8.0
15741,8.0
15742,8.0
15743,8.0
15744,8.0
15745,8.0
15746,8.0
15747,8.0
15748,8.0
15749,8.0
15750,8.0
15751,8.0
15752,8.0
15753,8.0
15754,8.0
15755,8.0
15756,8.0
15757,8.0
15758,8.0
15759,8.0
15760,8.0
15761,8.0
15762,8.0
15763,8.0
15764,8.0
15765,8.0
15766,8.0
15767,8.0
15768,8.0
15769,8.0
15770,8.0
15771,8.0
15772,8.0
15773,8.0
15774,8.0
15775,8.0
15776,8.0
15777,8.0
15778,8.0
15779,8.0
15780,8.0
15781,8.0
15782,8.0
15783,8.0
15784,8.0
15785,8.0
15786,8.0
15787,8.0
15788,8.0
15789,8.0
15790,8.0
15791,8.0
15792,8.0
15793,8.0
15794,8.0
15795,8.0
15796,8.0
15797,8.0
15798,8.0
15799,8.0
15800,8.0
15801,8.0
15802,8.0
15803,8.0
15804,8.0
15805,8.0
15806,8.0
15807,8.0
15808,8.0
15809,8.0
15810,8.0
15811,8.0
15812,8.0
15813,8.0
15814,8.0
15815,8.0
15816,8.0
15817,8.0
15818,8.0
15819,8.0
15820,8.0
15821,8.0
15822,8.0
15823,8.0
15824,8.0
15825,8.0
15826,8.0
15827,8.0
15828,8.0
15829,8.0
15830,8.0
15831,8.0
15832,8.0
15833,8.0
15834,8.0
15835,8.0
15836,8.0
15837,8.0
15838,8.0
15839,8.0
15840,8.0
15841,8.0
15842,8.0
15843,8.0
15844,8.0
15845,8.0
15846,8.0
15847,8.0
15848,8.0
15849,8.0
15850,8.0
15851,8.0
15852,8.0
15853,8.0
15854,8.0
15855,8.0
15856,8.0
15857,8.0
15858,8.0
15859,8.0
15860,8.0
15861,8.0
15862,8.0
15863,8.0
15864,8.0
15865,8.0
15866,8.0
15867,8.0
15868,8.0
15869,8.0
15870,8.0
15871,8.0
15872,8.0
15873,8.0
15874,8.0
15875,8.0
15876,8.0
15877,8.0
15878,8.0
15879,8.0
15880,8.0
15881,8.0
15882,8.0
15883,8.0
15884,8.0
15885,8.0
15886,8.0
15887,8.0
15888,8.0
15889,8.0
15890,8.0
15891,8.0
15892,8.0
15893,8.0
15894,8.0
15895,8.0
15896,8.0
15897,8.0
15898,8.0
15899,8.0
15900,8.0
15901,8.0
15902,8.0
15903,8.0
15904,8.0
15905,8.0
15906,8.0
15907,8.0
15908,8.0
15909,8.0
15910,8.0
15911,8.0
15912,8.0
15913,8.0
15914,8.0
15915,8.0
15916,8.0
15917,8.0
15918,8.0
15919,8.0
15920,8.0
15921,8.0
15922,8.0
15923,8.0
15924,8.0
15925,8.0
15926,8.0
15927,8.0
15928,8.0
15929,8.0
15930,8.0
15931,8.0
15932,8.0
15933,8.0
15934,8.0
15935,8.0
15936,8.0
15937,8.0
15938,8.0
15939,8.0
15940,8.0
15941,8.0
15942,8.0
15943,8.0
15944,8.0
15945,8.0
15946,8.0
15947,8.0
15948,8.0
15949,8.0
15950,8.0
15951,8.0
15952,8.0
15953,8.0
15954,8.0
15955,8.0
15956,8.0
15957,8.0
15958,8.0
15959,8.0
15960,8.0
15961,8.0
15962,8.0
15963,8.0
15964,8.0
15965,8.0
15966,8.0
15967,8.0
15968,8.0
15969,8.0
15970,8.0
15971,8.0
15972,8.0
15973,8.0
15974,8.0
15975,8.0
15976,8.0
15977,8.0
15978,8.0
15979,8.0
15980,8.0
15981,8.0
15982,8.0
15983,8.0
15984,8.0
15985,8.0
15986,8.0
15987,8.0
15988,8.0
15989,8.0
15990,8.0
15991,8.0
15992,8.0
15993,8.0
15994,8.0
15995,8.0
15996,8.0
15997,8.0
15998,8.0
15999,8.0
16000,8.0
16001,8.0
16002,8.0
16003,8.0
16004,8.0
16005,8.0
16006,8.0
16007,8.0
16008,8.0
16009,8.0
16010,8.0
16011,8.0
16012,8.0
16013,8.0
16014,8.0
16015,8.0
16016,8.0
16017,8.0
16018,8.0
16019,8.0
16020,8.0
16021,8.0
16022,8.0
16023,8.0
16024,8.0
16025,8.0
16026,8.0
16027,8.0
16028,8.0
16029,8.0
16030,8.0
16031,8.0
16032,8.0
16033,8.0
16034,8.0
16035,8.0
16036,8.0
16037,8.0
16038,8.0
16039,8.0
16040,8.0
16041,8.0
16042,8.0
16043,8.0
16044,8.0
16045,8.0
16046,8.0
16047,8.0
16048,8.0
16049,8.0
16050,8.0
16051,8.0
16052,8.0
16053,8.0
16054,8.0
16055,8.0
16056,8.0
16057,8.0
16058,8.0
16059,8.0
16060,8.0
16061,8.0
16062,8.0
16063,8.0
16064,8.0
16065,8.0
16066,8.0
16067,8.0
16068,8.0
16069,8.0
16070,8.0
16071,8.0
16072,8.0
16073,8.0
16074,8.0
16075,8.0
16076,8.0
16077,8.0
16078,8.0
16079,8.0
16080,8.0
16081,8.0
16082,8.0
16083,8.0
16084,8.0
16085,8.0
16086,8.0
16087,8.0
16088,8.0
16089,8.0
16090,8.0
16091,8.0
16092,8.0
16093,8.0
16094,8.0
16095,8.0
16096,8.0
16097,8.0
16098,8.0
16099,8.0
16100,8.0
16101,8.0
16102,8.0
16103,8.0
16104,8.0
16105,8.0
16106,8.0
16107,8.0
16108,8.0
16109,8.0
16110,8.0
16111,8.0
16112,8.0
16113,8.0
16114,8.0
16115,8.0
16116,8.0
16117,8.0
16118,8.0
16119,8.0
16120,8.0
16121,8.0
16122,8.0
16123,8.0
16124,8.0
16125,8.0
16126,8.0
16127,8.0
16128,8.0
16129,8.0
16130,8.0
16131,8.0
16132,8.0
16133,8.0
16134,8.0
16135,8.0
16136,8.0
16137,8.0
16138,8.0
16139,8.0
16140,8.0
16141,8.0
16142,8.0
16143,8.0
16144,8.0
16145,8.0
16146,8.0
16147,8.0
16148,8.0
16149,8.0
16150,8.0
16151,8.0
16152,8.0
16153,8.0
16154,8.0
16155,8.0
16156,8.0
16157,8.0
16158,8.0
16159,8.0
16160,8.0
16161,8.0
16162,8.0
16163,8.0
16164,8.0
16165,8.0
16166,8.0
16167,8.0
16168,8.0
16169,8.0
16170,8.0
16171,8.0
16172,8.0
16173,8.0
16174,8.0
16175,8.0
16176,8.0
16177,8.0
16178,8.0
16179,8.0
16180,8.0
16181,8.0
16182,8.0
16183,8.0
16184,8.0
16185,8.0
16186,8.0
16187,8.0
16188,8.0
16189,8.0
16190,8.0
16191,8.0
16192,8.0
16193,8.0
16194,8.0
16195,8.0
16196,8.0
16197,8.0
16198,8.0
16199,8.0
16200,8.0
16201,8.0
16202,8.0
16203,8.0
16204,8.0
16205,8.0
16206,8.0
16207,8.0
16208,8.0
16209,8.0
16210,8.0
16211,8.0
16212,8.0
16213,8.0
16214,8.0
16215,8.0
16216,8.0
16217,8.0
16218,8.0
16219,8.0
16220,8.0
16221,8.0
16222,8.0
16223,8.0
16224,8.0
16225,8.0
16226,8.0
16227,8.0
16228,8.0
16229,8.0
16230,8.0
16231,8.0
16232,8.0
16233,8.0
16234,8.0
16235,8.0
16236,8.0
16237,8.0
16238,8.0
16239,8.0
16240,8.0
16241,8.0
16242,8.0
16243,8.0
16244,8.0
16245,8.0
16246,8.0
16247,8.0
16248,8.0
16249,8.0
16250,8.0
16251,8.0
16252,8.0
16253,8.0
16254,8.0
16255,8.0
16256,8.0
16257,8.0
16258,8.0
16259,8.0
16260,8.0
16261,8.0
16262,8.0
16263,8.0
16264,8.0
16265,8.0
16266,8.0
16267,8.0
16268,8.0
16269,8.0
16270,8.0
16271,8.0
16272,8.0
16273,8.0
16274,8.0
16275,8.0
16276,8.0
16277,8.0
16278,8.0
16279,8.0
16280,8.0
16281,8.0
16282,8.0
16283,8.0
16284,8.0
16285,8.0
16286,8.0
16287,8.0
16288,8.0
16289,8.0
16290,8.0
16291,8.0
16292,8.0
16293,8.0
16294,8.0
16295,8.0
16296,8.0
16297,8.0
16298,8.0
16299,8.0
16300,8.0
16301,8.0
16302,8.0
16303,8.0
16304,8.0
16305,8.0
16306,8.0
16307,8.0
16308,8.0
16309,8.0
16310,8.0
16311,8.0
16312,8.0
16313,8.0
16314,8.0
16315,8.0
16316,8.0
16317,8.0
16318,8.0
16319,8.0
16320,8.0
16321,8.0
16322,8.0
16323,8.0
16324,8.0
16325,8.0
16326,8.0
16327,8.0
16328,8.0
16329,8.0
16330,8.0
16331,8.0
16332,8.0
16333,8.0
16334,8.0
16335,8.0
16336,8.0
16337,8.0
16338,8.0
16339,8.0
16340,8.0
16341,8.0
16342,8.0
16343,8.0
16344,8.0
16345,8.0
16346,8.0
16347,8.0
16348,8.0
16349,8.0
16350,8.0
16351,8.0
16352,8.0
16353,8.0
16354,8.0
16355,8.0
16356,8.0
16357,8.0
16358,8.0
16359,8.0
16360,8.0
16361,8.0
16362,8.0
16363,8.0
16364,8.0
16365,8.0
16366,8.0
16367,8.0
16368,8.0
16369,8.0
16370,8.0
16371,8.0
16372,8.0
16373,8.0
16374,8.0
16375,8.0
16376,8.0
16377,8.0
16378,8.0
16379,8.0
16380,8.0
16381,8.0
16382,8.0
16383,8.0
16384,8.0
16385,8.0
16386,8.0
16387,8.0
16388,8.0
16389,8.0
16390,8.0
16391,8.0
16392,8.0
16393,8.0
16394,8.0
16395,8.0
16396,8.0
16397,8.0
16398,8.0
16399,8.0
16400,8.0
16401,8.0
16402,8.0
16403,8.0
16404,8.0
16405,8.0
16406,8.0
16407,8.0
16408,8.0
16409,8.0
16410,8.0
16411,8.0
16412,8.0
16413,8.0
16414,8.0
16415,8.0
16416,8.0
16417,8.0
16418,8.0
16419,8.0
16420,8.0
16421,8.0
16422,8.0
16423,8.0
16424,8.0
16425,8.0
16426,8.0
16427,8.0
16428,8.0
16429,8.0
16430,8.0
16431,8.0
16432,8.0
16433,8.0
16434,8.0
16435,8.0
16436,8.0
16437,8.0
16438,8.0
16439,8.0
16440,8.0
16441,8.0
16442,8.0
16443,8.0
16444,8.0
16445,8.0
16446,8.0
16447,8.0
16448,8.0
16449,8.0
16450,8.0
16451,8.0
16452,8.0
16453,8.0
16454,8.0
16455,8.0
16456,8.0
16457,8.0
16458,8.0
16459,8.0
16460,8.0
16461,8.0
16462,8.0
16463,8.0
16464,8.0
16465,8.0
16466,8.0
16467,8.0
16468,8.0
16469,8.0
16470,8.0
16471,8.0
16472,8.0
16473,8.0
16474,8.0
16475,8.0
16476,8.0
16477,8.0
16478,8.0
16479,8.0
16480,8.0
16481,8.0
16482,8.0
16483,8.0
16484,8.0
16485,8.0
16486,8.0
16487,8.0
16488,8.0
16489,8.0
16490,8.0
16491,8.0
16492,8.0
16493,8.0
16494,8.0
16495,8.0
16496,8.0
16497,8.0
16498,8.0
16499,8.0
16500,8.0
16501,8.0
16502,8.0
16503,8.0
16504,8.0
16505,8.0
16506,8.0
16507,8.0
16508,8.0
16509,8.0
16510,8.0
16511,8.0
16512,8.0
16513,8.0
16514,8.0
16515,8.0
16516,8.0
16517,8.0
16518,8.0
16519,8.0
16520,8.0
16521,8.0
16522,8.0
16523,8.0
16524,8.0
16525,8.0
16526,8.0
16527,8.0
16528,8.0
16529,8.0
16530,8.0
16531,8.0
16532,8.0
16533,8.0
16534,8.0
16535,8.0
16536,8.0
16537,8.0
16538,8.0
16539,8.0
16540,8.0
16541,8.0
16542,8.0
16543,8.0
16544,8.0
16545,8.0
16546,8.0
16547,8.0
16548,8.0
16549,8.0
16550,8.0
16551,8.0
16552,8.0
16553,8.0
16554,8.0
16555,8.0
16556,8.0
16557,8.0
16558,8.0
16559,8.0
16560,8.0
16561,8.0
16562,8.0
16563,8.0
16564,8.0
16565,8.0
16566,8.0
16567,8.0
16568,8.0
16569,8.0
16570,8.0
16571,8.0
16572,8.0
16573,8.0
16574,8.0
16575,8.0
16576,8.0
16577,8.0
16578,8.0
16579,8.0
16580,8.0
16581,8.0
16582,8.0
16583,8.0
16584,8.0
16585,8.0
16586,8.0
16587,8.0
16588,8.0
16589,8.0
16590,8.0
16591,8.0
16592,8.0
16593,8.0
16594,8.0
16595,8.0
16596,8.0
16597,8.0
16598,8.0
16599,8.0
16600,8.0
16601,8.0
16602,8.0
16603,8.0
16604,8.0
16605,8.0
16606,8.0
16607,8.0
16608,8.0
16609,8.0
16610,8.0
16611,8.0
16612,8.0
16613,8.0
16614,8.0
16615,8.0
16616,8.0
16617,8.0
16618,8.0
16619,8.0
16620,8.0
16621,8.0
16622,8.0
16623,8.0
16624,8.0
16625,8.0
16626,8.0
16627,8.0
16628,8.0
16629,8.0
16630,8.0
16631,8.0
16632,8.0
16633,8.0
16634,8.0
16635,8.0
16636,8.0
16637,8.0
16638,8.0
16639,8.0
16640,8.0
16641,8.0
16642,8.0
16643,8.0
16644,8.0
16645,8.0
16646,8.0
16647,8.0
16648,8.0
16649,8.0
16650,8.0
16651,8.0
16652,8.0
16653,8.0
16654,8.0
16655,8.0
16656,8.0
16657,8.0
16658,8.0
16659,8.0
16660,8.0
16661,8.0
16662,8.0
16663,8.0
16664,8.0
16665,8.0
16666,8.0
16667,8.0
16668,8.0
16669,8.0
16670,8.0
16671,8.0
16672,8.0
16673,8.0
16674,8.0
16675,8.0
16676,8.0
16677,8.0
16678,8.0
16679,8.0
16680,8.0
16681,8.0
16682,8.0
16683,8.0
16684,8.0
16685,8.0
16686,8.0
16687,8.0
16688,8.0
16689,8.0
16690,8.0
16691,8.0
16692,8.0
16693,8.0
16694,8.0
16695,8.0
16696,8.0
16697,8.0
16698,8.0
16699,8.0
16700,8.0
16701,8.0
16702,8.0
16703,8.0
16704,8.0
16705,8.0
16706,8.0
16707,8.0
16708,8.0
16709,8.0
16710,8.0
16711,8.0
16712,8.0
16713,8.0
16714,8.0
16715,8.0
16716,8.0
16717,8.0
16718,8.0
16719,8.0
16720,8.0
16721,8.0
16722,8.0
16723,8.0
16724,8.0
16725,8.0
16726,8.0
16727,8.0
16728,8.0
16729,8.0
16730,8.0
16731,8.0
16732,8.0
16733,8.0
16734,8.0
16735,8.0
16736,8.0
16737,8.0
16738,8.0
16739,8.0
16740,8.0
16741,8.0
16742,8.0
16743,8.0
16744,8.0
16745,8.0
16746,8.0
16747,8.0
16748,8.0
16749,8.0
16750,8.0
16751,8.0
16752,8.0
16753,8.0
16754,8.0
16755,8.0
16756,8.0
16757,8.0
16758,8.0
16759,8.0
16760,8.0
16761,8.0
16762,8.0
16763,8.0
16764,8.0
16765,8.0
16766,8.0
16767,8.0
16768,8.0
16769,8.0
16770,8.0
16771,8.0
16772,8.0
16773,8.0
16774,8.0
16775,8.0
16776,8.0
16777,8.0
16778,8.0
16779,8.0
16780,8.0
16781,8.0
16782,8.0
16783,8.0
16784,8.0
16785,8.0
16786,8.0
16787,8.0
16788,8.0
16789,8.0
16790,8.0
16791,8.0
16792,8.0
16793,8.0
16794,8.0
16795,8.0
16796,8.0
16797,8.0
16798,8.0
16799,8.0
16800,8.0
16801,8.0
16802,8.0
16803,8.0
16804,8.0
16805,8.0
16806,8.0
16807,8.0
16808,8.0
16809,8.0
16810,8.0
16811,8.0
16812,8.0
16813,8.0
16814,8.0
16815,8.0
16816,8.0
16817,8.0
16818,8.0
16819,8.0
16820,8.0
16821,8.0
16822,8.0
16823,8.0
16824,8.0
16825,8.0
16826,8.0
16827,8.0
16828,8.0
16829,8.0
16830,8.0
16831,8.0
16832,8.0
16833,8.0
16834,8.0
16835,8.0
16836,8.0
16837,8.0
16838,8.0
16839,8.0
16840,8.0
16841,8.0
16842,8.0
16843,8.0
16844,8.0
16845,8.0
16846,8.0
16847,8.0
16848,8.0
16849,8.0
16850,8.0
16851,8.0
16852,8.0
16853,8.0
16854,8.0
16855,8.0
16856,8.0
16857,8.0
16858,8.0
16859,8.0
16860,8.0
16861,8.0
16862,8.0
16863,8.0
16864,8.0
16865,8.0
16866,8.0
16867,8.0
16868,8.0
16869,8.0
16870,8.0
16871,8.0
16872,8.0
16873,8.0
16874,8.0
16875,8.0
16876,8.0
16877,8.0
16878,8.0
16879,8.0
16880,8.0
16881,8.0
16882,8.0
16883,8.0
16884,8.0
16885,8.0
16886,8.0
16887,8.0
16888,8.0
16889,8.0
16890,8.0
16891,8.0
16892,8.0
16893,8.0
16894,8.0
16895,8.0
16896,8.0
16897,8.0
16898,8.0
16899,8.0
16900,8.0
16901,8.0
16902,8.0
16903,8.0
16904,8.0
16905,8.0
16906,8.0
16907,8.0
16908,8.0
16909,8.0
16910,8.0
16911,8.0
16912,8.0
16913,8.0
16914,8.0
16915,8.0
16916,8.0
16917,8.0
16918,8.0
16919,8.0
16920,8.0
16921,8.0
16922,8.0
16923,8.0
16924,8.0
16925,8.0
16926,8.0
16927,8.0
16928,8.0
16929,8.0
16930,8.0
16931,8.0
16932,8.0
16933,8.0
16934,8.0
16935,8.0
16936,8.0
16937,8.0
16938,8.0
16939,8.0
16940,8.0
16941,8.0
16942,8.0
16943,8.0
16944,8.0
16945,8.0
16946,8.0
16947,8.0
16948,8.0
16949,8.0
16950,8.0
16951,8.0
16952,8.0
16953,8.0
16954,8.0
16955,8.0
16956,8.0
16957,8.0
16958,8.0
16959,8.0
16960,8.0
16961,8.0
16962,8.0
16963,8.0
16964,8.0
16965,8.0
16966,8.0
16967,8.0
16968,8.0
16969,8.0
16970,8.0
16971,8.0
16972,8.0
16973,8.0
16974,8.0
16975,8.0
16976,8.0
16977,8.0
16978,8.0
16979,8.0
16980,8.0
16981,8.0
16982,8.0
16983,8.0
16984,8.0
16985,8.0
16986,8.0
16987,8.0
16988,8.0
16989,8.0
16990,8.0
16991,8.0
16992,8.0
16993,8.0
16994,8.0
16995,8.0
16996,8.0
16997,8.0
16998,8.0
16999,8.0
17000,8.0
17001,8.0
17002,8.0
17003,8.0
17004,8.0
17005,8.0
17006,8.0
17007,8.0
17008,8.0
17009,8.0
17010,8.0
17011,8.0
17012,8.0
17013,8.0
17014,8.0
17015,8.0
17016,8.0
17017,8.0
17018,8.0
17019,8.0
17020,8.0
17021,8.0
17022,8.0
17023,8.0
17024,8.0
17025,8.0
17026,8.0
17027,8.0
17028,8.0
17029,8.0
17030,8.0
17031,8.0
17032,8.0
17033,8.0
17034,8.0
17035,8.0
17036,8.0
17037,8.0
17038,8.0
17039,8.0
17040,8.0
17041,8.0
17042,8.0
17043,8.0
17044,8.0
17045,8.0
17046,8.0
17047,8.0
17048,8.0
17049,8.0
17050,8.0
17051,8.0
17052,8.0
17053,8.0
17054,8.0
17055,8.0
17056,8.0
17057,8.0
17058,8.0
17059,8.0
17060,8.0
17061,8.0
17062,8.0
17063,8.0
17064,8.0
17065,8.0
17066,8.0
17067,8.0
17068,8.0
17069,8.0
17070,8.0
17071,8.0
17072,8.0
17073,8.0
17074,8.0
17075,8.0
17076,8.0
17077,8.0
17078,8.0
17079,8.0
17080,8.0
17081,8.0
17082,8.0
17083,8.0
17084,8.0
17085,8.0
17086,8.0
17087,8.0
17088,8.0
17089,8.0
17090,8.0
17091,8.0
17092,8.0
17093,8.0
17094,8.0
17095,8.0
17096,8.0
17097,8.0
17098,8.0
17099,8.0
17100,8.0
17101,8.0
17102,8.0
17103,8.0
17104,8.0
17105,8.0
17106,8.0
17107,8.0
17108,8.0
17109,8.0
17110,8.0
17111,8.0
17112,8.0
17113,8.0
17114,8.0
17115,8.0
17116,8.0
17117,8.0
17118,8.0
17119,8.0
17120,8.0
17121,8.0
17122,8.0
17123,8.0
17124,8.0
17125,8.0
17126,8.0
17127,8.0
17128,8.0
17129,8.0
17130,8.0
17131,8.0
17132,8.0
17133,8.0
17134,8.0
17135,8.0
17136,8.0
17137,8.0
17138,8.0
17139,8.0
17140,8.0
17141,8.0
17142,8.0
17143,8.0
17144,8.0
17145,8.0
17146,8.0
17147,8.0
17148,8.0
17149,8.0
17150,8.0
17151,8.0
17152,8.0
17153,8.0
17154,8.0
17155,8.0
17156,8.0
17157,8.0
17158,8.0
17159,8.0
17160,8.0
17161,8.0
17162,8.0
17163,8.0
17164,8.0
17165,8.0
17166,8.0
17167,8.0
17168,8.0
17169,8.0
17170,8.0
17171,8.0
17172,8.0
17173,8.0
17174,8.0
17175,8.0
17176,8.0
17177,8.0
17178,8.0
17179,8.0
17180,8.0
17181,8.0
17182,8.0
17183,8.0
17184,8.0
17185,8.0
17186,8.0
17187,8.0
17188,8.0
17189,8.0
17190,8.0
17191,8.0
17192,8.0
17193,8.0
17194,8.0
17195,8.0
17196,8.0
17197,8.0
17198,8.0
17199,8.0
17200,8.0
17201,8.0
17202,8.0
17203,8.0
17204,8.0
17205,8.0
17206,8.0
17207,8.0
17208,8.0
17209,8.0
17210,8.0
17211,8.0
17212,8.0
17213,8.0
17214,8.0
17215,8.0
17216,8.0
17217,8.0
17218,8.0
17219,8.0
17220,8.0
17221,8.0
17222,8.0
17223,8.0
17224,8.0
17225,8.0
17226,8.0
17227,8.0
17228,8.0
17229,8.0
17230,8.0
17231,8.0
17232,8.0
17233,8.0
17234,8.0
17235,8.0
17236,8.0
17237,8.0
17238,8.0
17239,8.0
17240,8.0
17241,8.0
17242,8.0
17243,8.0
17244,8.0
17245,8.0
17246,8.0
17247,8.0
17248,8.0
17249,8.0
17250,8.0
17251,8.0
17252,8.0
17253,8.0
17254,8.0
17255,8.0
17256,8.0
17257,8.0
17258,8.0
17259,8.0
17260,8.0
17261,8.0
17262,8.0
17263,8.0
17264,8.0
17265,8.0
17266,8.0
17267,8.0
17268,8.0
17269,8.0
17270,8.0
17271,8.0
17272,8.0
17273,8.0
17274,8.0
17275,8.0
17276,8.0
17277,8.0
17278,8.0
17279,8.0
17280,8.0
17281,8.0
17282,8.0
17283,8.0
17284,8.0
17285,8.0
17286,8.0
17287,8.0
17288,8.0
17289,8.0
17290,8.0
17291,8.0
17292,8.0
17293,8.0
17294,8.0
17295,8.0
17296,8.0
17297,8.0
17298,8.0
17299,8.0
17300,8.0
17301,8.0
17302,8.0
17303,8.0
17304,8.0
17305,8.0
17306,8.0
17307,8.0
17308,8.0
17309,8.0
17310,8.0
17311,8.0
17312,8.0
17313,8.0
17314,8.0
17315,8.0
17316,8.0
17317,8.0
17318,8.0
17319,8.0
17320,8.0
17321,8.0
17322,8.0
17323,8.0
17324,8.0
17325,8.0
17326,8.0
17327,8.0
17328,8.0
17329,8.0
17330,8.0
17331,8.0
17332,8.0
17333,8.0
17334,8.0
17335,8.0
17336,8.0
17337,8.0
17338,8.0
17339,8.0
17340,8.0
17341,8.0
17342,8.0
17343,8.0
17344,8.0
17345,8.0
17346,8.0
17347,8.0
17348,8.0
17349,8.0
17350,8.0
17351,8.0
17352,8.0
17353,8.0
17354,8.0
17355,8.0
17356,8.0
17357,8.0
17358,8.0
17359,8.0
17360,8.0
17361,8.0
17362,8.0
17363,8.0
17364,8.0
17365,8.0
17366,8.0
17367,8.0
17368,8.0
17369,8.0
17370,8.0
17371,8.0
17372,8.0
17373,8.0
17374,8.0
17375,8.0
17376,8.0
17377,8.0
17378,8.0
17379,8.0
17380,8.0
17381,8.0
17382,8.0
17383,8.0
17384,8.0
17385,8.0
17386,8.0
17387,8.0
17388,8.0
17389,8.0
17390,8.0
17391,8.0
17392,8.0
17393,8.0
17394,8.0
17395,8.0
17396,8.0
17397,8.0
17398,8.0
17399,8.0
17400,8.0
17401,8.0
17402,8.0
17403,8.0
17404,8.0
17405,8.0
17406,8.0
17407,8.0
17408,8.0
17409,8.0
17410,8.0
17411,8.0
17412,8.0
17413,8.0
17414,8.0
17415,8.0
17416,8.0
17417,8.0
17418,8.0
17419,8.0
17420,8.0
17421,8.0
17422,8.0
17423,8.0
17424,8.0
17425,8.0
17426,8.0
17427,8.0
17428,8.0
17429,8.0
17430,8.0
17431,8.0
17432,8.0
17433,8.0
17434,8.0
17435,8.0
17436,8.0
17437,8.0
17438,8.0
17439,8.0
17440,8.0
17441,8.0
17442,8.0
17443,8.0
17444,8.0
17445,8.0
17446,8.0
17447,8.0
17448,8.0
17449,8.0
17450,8.0
17451,8.0
17452,8.0
17453,8.0
17454,8.0
17455,8.0
17456,8.0
17457,8.0
17458,8.0
17459,8.0
17460,8.0
17461,8.0
17462,8.0
17463,8.0
17464,8.0
17465,8.0
17466,8.0
17467,8.0
17468,8.0
17469,8.0
17470,8.0
17471,8.0
17472,8.0
17473,8.0
17474,8.0
17475,8.0
17476,8.0
17477,8.0
17478,8.0
17479,8.0
17480,8.0
17481,8.0
17482,8.0
17483,8.0
17484,8.0
17485,8.0
17486,8.0
17487,8.0
17488,8.0
17489,8.0
17490,8.0
17491,8.0
17492,8.0
17493,8.0
17494,8.0
17495,8.0
17496,8.0
17497,8.0
17498,8.0
17499,8.0
17500,8.0
17501,8.0
17502,8.0
17503,8.0
17504,8.0
17505,8.0
17506,8.0
17507,8.0
17508,8.0
17509,8.0
17510,8.0
17511,8.0
17512,8.0
17513,8.0
17514,8.0
17515,8.0
17516,8.0
17517,8.0
17518,8.0
17519,8.0
17520,8.0
17521,8.0
17522,8.0
17523,8.0
17524,8.0
17525,8.0
17526,8.0
17527,8.0
17528,8.0
17529,8.0
17530,8.0
17531,8.0
17532,8.0
17533,8.0
17534,8.0
17535,8.0
17536,8.0
17537,8.0
17538,8.0
17539,8.0
17540,8.0
17541,8.0
17542,8.0
17543,8.0
17544,8.0
17545,8.0
17546,8.0
17547,8.0
17548,8.0
17549,8.0
17550,8.0
17551,8.0
17552,8.0
17553,8.0
17554,8.0
17555,8.0
17556,8.0
17557,8.0
17558,8.0
17559,8.0
17560,8.0
17561,8.0
17562,8.0
17563,8.0
17564,8.0
17565,8.0
17566,8.0
17567,8.0
17568,8.0
17569,8.0
17570,8.0
17571,8.0
17572,8.0
17573,8.0
17574,8.0
17575,8.0
17576,8.0
17577,8.0
17578,8.0
17579,8.0
17580,8.0
17581,8.0
17582,8.0
17583,8.0
17584,8.0
17585,8.0
17586,8.0
17587,8.0
17588,8.0
17589,8.0
17590,8.0
17591,8.0
17592,8.0
17593,8.0
17594,8.0
17595,8.0
17596,8.0
17597,8.0
17598,8.0
17599,8.0
17600,8.0
17601,8.0
17602,8.0
17603,8.0
17604,8.0
17605,8.0
17606,8.0
17607,8.0
17608,8.0
17609,8.0
17610,8.0
17611,8.0
17612,8.0
17613,8.0
17614,8.0
17615,8.0
17616,8.0
17617,8.0
17618,8.0
17619,8.0
17620,8.0
17621,8.0
17622,8.0
17623,8.0
17624,8.0
17625,8.0
17626,8.0
17627,8.0
17628,8.0
17629,8.0
17630,8.0
17631,8.0
17632,8.0
17633,8.0
17634,8.0
17635,8.0
17636,8.0
17637,8.0
17638,8.0
17639,8.0
17640,8.0
17641,8.0
17642,8.0
17643,8.0
17644,8.0
17645,8.0
17646,8.0
17647,8.0
17648,8.0
17649,8.0
17650,8.0
17651,8.0
17652,8.0
17653,8.0
17654,8.0
17655,8.0
17656,8.0
17657,8.0
17658,8.0
17659,8.0
17660,8.0
17661,8.0
17662,8.0
17663,8.0
17664,8.0
17665,8.0
17666,8.0
17667,8.0
17668,8.0
17669,8.0
17670,8.0
17671,8.0
17672,8.0
17673,8.0
17674,8.0
17675,8.0
17676,8.0
17677,8.0
17678,8.0
17679,8.0
17680,8.0
17681,8.0
17682,8.0
17683,8.0
17684,8.0
17685,8.0
17686,8.0
17687,8.0
17688,8.0
17689,8.0
17690,8.0
17691,8.0
17692,8.0
17693,8.0
17694,8.0
17695,8.0
17696,8.0
17697,8.0
17698,8.0
17699,8.0
17700,8.0
17701,8.0
17702,8.0
17703,8.0
17704,8.0
17705,8.0
17706,8.0
17707,8.0
17708,8.0
17709,8.0
17710,8.0
17711,8.0
17712,8.0
17713,8.0
17714,8.0
17715,8.0
17716,8.0
17717,8.0
17718,8.0
17719,8.0
17720,8.0
17721,8.0
17722,8.0
17723,8.0
17724,8.0
17725,8.0
17726,8.0
17727,8.0
17728,8.0
17729,8.0
17730,8.0
17731,8.0
17732,8.0
17733,8.0
17734,8.0
17735,8.0
17736,8.0
17737,8.0
17738,8.0
17739,8.0
17740,8.0
17741,8.0
17742,8.0
17743,8.0
17744,8.0
17745,8.0
17746,8.0
17747,8.0
17748,8.0
17749,8.0
17750,8.0
17751,8.0
17752,8.0
17753,8.0
17754,8.0
17755,8.0
17756,8.0
17757,8.0
17758,8.0
17759,8.0
17760,8.0
17761,8.0
17762,8.0
17763,8.0
17764,8.0
17765,8.0
17766,8.0
17767,8.0
17768,8.0
17769,8.0
17770,8.0
17771,8.0
17772,8.0
17773,8.0
17774,8.0
17775,8.0
17776,8.0
17777,8.0
17778,8.0
17779,8.0
17780,8.0
17781,8.0
17782,8.0
17783,8.0
17784,8.0
17785,8.0
17786,8.0
17787,8.0
17788,8.0
17789,8.0
17790,8.0
17791,8.0
17792,8.0
17793,8.0
17794,8.0
17795,8.0
17796,8.0
17797,8.0
17798,8.0
17799,8.0
17800,8.0
17801,8.0
17802,8.0
17803,8.0
17804,8.0
17805,8.0
17806,8.0
17807,8.0
17808,8.0
17809,8.0
17810,8.0
17811,8.0
17812,8.0
17813,8.0
17814,8.0
17815,8.0
17816,8.0
17817,8.0
17818,8.0
17819,8.0
17820,8.0
17821,8.0
17822,8.0
17823,8.0
17824,8.0
17825,8.0
17826,8.0
17827,8.0
17828,8.0
17829,8.0
17830,8.0
17831,8.0
17832,8.0
17833,8.0
17834,8.0
17835,8.0
17836,8.0
17837,8.0
17838,8.0
17839,8.0
17840,8.0
17841,8.0
17842,8.0
17843,8.0
17844,8.0
17845,8.0
17846,8.0
17847,8.0
17848,8.0
17849,8.0
17850,8.0
17851,8.0
17852,8.0
17853,8.0
17854,8.0
17855,8.0
17856,8.0
17857,8.0
17858,8.0
17859,8.0
17860,8.0
17861,8.0
17862,8.0
17863,8.0
17864,8.0
17865,8.0
17866,8.0
17867,8.0
17868,8.0
17869,8.0
17870,8.0
17871,8.0
17872,8.0
17873,8.0
17874,8.0
17875,8.0
17876,8.0
17877,8.0
17878,8.0
17879,8.0
17880,8.0
17881,8.0
17882,8.0
17883,8.0
17884,8.0
17885,8.0
17886,8.0
17887,8.0
17888,8.0
17889,8.0
17890,8.0
17891,8.0
17892,8.0
17893,8.0
17894,8.0
17895,8.0
17896,8.0
17897,8.0
17898,8.0
17899,8.0
17900,8.0
17901,8.0
17902,8.0
17903,8.0
17904,8.0
17905,8.0
17906,8.0
17907,8.0
17908,8.0
17909,8.0
17910,8.0
17911,8.0
17912,8.0
17913,8.0
17914,8.0
17915,8.0
17916,8.0
17917,8.0
17918,8.0
17919,8.0
17920,8.0
17921,8.0
17922,8.0
17923,8.0
17924,8.0
17925,8.0
17926,8.0
17927,8.0
17928,8.0
17929,8.0
17930,8.0
17931,8.0
17932,8.0
17933,8.0
17934,8.0
17935,8.0
17936,8.0
17937,8.0
17938,8.0
17939,8.0
17940,8.0
17941,8.0
17942,8.0
17943,8.0
17944,8.0
17945,8.0
17946,8.0
17947,8.0
17948,8.0
17949,8.0
17950,8.0
17951,8.0
17952,8.0
17953,8.0
17954,8.0
17955,8.0
17956,8.0
17957,8.0
17958,8.0
17959,8.0
17960,8.0
17961,8.0
17962,8.0
17963,8.0
17964,8.0
17965,8.0
17966,8.0
17967,8.0
17968,8.0
17969,8.0
17970,8.0
17971,8.0
17972,8.0
17973,8.0
17974,8.0
17975,8.0
17976,8.0
17977,8.0
17978,8.0
17979,8.0
17980,8.0
17981,8.0
17982,8.0
17983,8.0
17984,8.0
17985,8.0
17986,8.0
17987,8.0
17988,8.0
17989,8.0
17990,8.0
17991,8.0
17992,8.0
17993,8.0
17994,8.0
17995,8.0
17996,8.0
17997,8.0
17998,8.0
17999,8.0
18000,8.0
18001,8.0
18002,8.0
18003,8.0
18004,8.0
18005,8.0
18006,8.0
18007,8.0
18008,8.0
18009,8.0
18010,8.0
18011,8.0
18012,8.0
18013,8.0
18014,8.0
18015,8.0
18016,8.0
18017,8.0
18018,8.0
18019,8.0
18020,8.0
18021,8.0
18022,8.0
18023,8.0
18024,8.0
18025,8.0
18026,8.0
18027,8.0
18028,8.0
18029,8.0
18030,8.0
18031,8.0
18032,8.0
18033,8.0
18034,8.0
18035,8.0
18036,8.0
18037,8.0
18038,8.0
18039,8.0
18040,8.0
18041,8.0
18042,8.0
18043,8.0
18044,8.0
18045,8.0
18046,8.0
18047,8.0
18048,8.0
18049,8.0
18050,8.0
18051,8.0
18052,8.0
18053,8.0
18054,8.0
18055,8.0
18056,8.0
18057,8.0
18058,8.0
18059,8.0
18060,8.0
18061,8.0
18062,8.0
18063,8.0
18064,8.0
18065,8.0
18066,8.0
18067,8.0
18068,8.0
18069,8.0
18070,8.0
18071,8.0
18072,8.0
18073,8.0
18074,8.0
18075,8.0
18076,8.0
18077,8.0
18078,8.0
18079,8.0
18080,8.0
18081,8.0
18082,8.0
18083,8.0
18084,8.0
18085,8.0
18086,8.0
18087,8.0
18088,8.0
18089,8.0
18090,8.0
18091,8.0
18092,8.0
18093,8.0
18094,8.0
18095,8.0
18096,8.0
18097,8.0
18098,8.0
18099,8.0
18100,8.0
18101,8.0
18102,8.0
18103,8.0
18104,8.0
18105,8.0
18106,8.0
18107,8.0
18108,8.0
18109,8.0
18110,8.0
18111,8.0
18112,8.0
18113,8.0
18114,8.0
18115,8.0
18116,8.0
18117,8.0
18118,8.0
18119,8.0
18120,8.0
18121,8.0
18122,8.0
18123,8.0
18124,8.0
18125,8.0
18126,8.0
18127,8.0
18128,8.0
18129,8.0
18130,8.0
18131,8.0
18132,8.0
18133,8.0
18134,8.0
18135,8.0
18136,8.0
18137,8.0
18138,8.0
18139,8.0
18140,8.0
18141,8.0
18142,8.0
18143,8.0
18144,8.0
18145,8.0
18146,8.0
18147,8.0
18148,8.0
18149,8.0
18150,8.0
18151,8.0
18152,8.0
18153,8.0
18154,8.0
18155,8.0
18156,8.0
18157,8.0
18158,8.0
18159,8.0
18160,8.0
18161,8.0
18162,8.0
18163,8.0
18164,8.0
18165,8.0
18166,8.0
18167,8.0
18168,8.0
18169,8.0
18170,8.0
18171,8.0
18172,8.0
18173,8.0
18174,8.0
18175,8.0
18176,8.0
18177,8.0
18178,8.0
18179,8.0
18180,8.0
18181,8.0
18182,8.0
18183,8.0
18184,8.0
18185,8.0
18186,8.0
18187,8.0
18188,8.0
18189,8.0
18190,8.0
18191,8.0
18192,8.0
18193,8.0
18194,8.0
18195,8.0
18196,8.0
18197,8.0
18198,8.0
18199,8.0
18200,8.0
18201,8.0
18202,8.0
18203,8.0
18204,8.0
18205,8.0
18206,8.0
18207,8.0
18208,8.0
18209,8.0
18210,8.0
18211,8.0
18212,8.0
18213,8.0
18214,8.0
18215,8.0
18216,8.0
18217,8.0
18218,8.0
18219,8.0
18220,8.0
18221,8.0
18222,8.0
18223,8.0
18224,8.0
18225,8.0
18226,8.0
18227,8.0
18228,8.0
18229,8.0
18230,8.0
18231,8.0
18232,8.0
18233,8.0
18234,8.0
18235,8.0
18236,8.0
18237,8.0
18238,8.0
18239,8.0
18240,8.0
18241,8.0
18242,8.0
18243,8.0
18244,8.0
18245,8.0
18246,8.0
18247,8.0
18248,8.0
18249,8.0
18250,8.0
18251,8.0
18252,8.0
18253,8.0
18254,8.0
18255,8.0
18256,8.0
18257,8.0
18258,8.0
18259,8.0
18260,8.0
18261,8.0
18262,8.0
18263,8.0
18264,8.0
18265,8.0
18266,8.0
18267,8.0
18268,8.0
18269,8.0
18270,8.0
18271,8.0
18272,8.0
18273,8.0
18274,8.0
18275,8.0
18276,8.0
18277,8.0
18278,8.0
18279,8.0
18280,8.0
18281,8.0
18282,8.0
18283,8.0
18284,8.0
18285,8.0
18286,8.0
18287,8.0
18288,8.0
18289,8.0
18290,8.0
18291,8.0
18292,8.0
18293,8.0
18294,8.0
18295,8.0
18296,8.0
18297,8.0
18298,8.0
18299,8.0
18300,8.0
18301,8.0
18302,8.0
18303,8.0
18304,8.0
18305,8.0
18306,8.0
18307,8.0
18308,8.0
18309,8.0
18310,8.0
18311,8.0
18312,8.0
18313,8.0
18314,8.0
18315,8.0
18316,8.0
18317,8.0
18318,8.0
18319,8.0
18320,8.0
18321,8.0
18322,8.0
18323,8.0
18324,8.0
18325,8.0
18326,8.0
18327,8.0
18328,8.0
18329,8.0
18330,8.0
18331,8.0
18332,8.0
18333,8.0
18334,8.0
18335,8.0
18336,8.0
18337,8.0
18338,8.0
18339,8.0
18340,8.0
18341,8.0
18342,8.0
18343,8.0
18344,8.0
18345,8.0
18346,8.0
18347,8.0
18348,8.0
18349,8.0
18350,8.0
18351,8.0
18352,8.0
18353,8.0
18354,8.0
18355,8.0
18356,8.0
18357,8.0
18358,8.0
18359,8.0
18360,8.0
18361,8.0
18362,8.0
18363,8.0
18364,8.0
18365,8.0
18366,8.0
18367,8.0
18368,8.0
18369,8.0
18370,8.0
18371,8.0
18372,8.0
18373,8.0
18374,8.0
18375,8.0
18376,8.0
18377,8.0
18378,8.0
18379,8.0
18380,8.0
18381,8.0
18382,8.0
18383,8.0
18384,8.0
18385,8.0
18386,8.0
18387,8.0
18388,8.0
18389,8.0
18390,8.0
18391,8.0
18392,8.0
18393,8.0
18394,8.0
18395,8.0
18396,8.0
18397,8.0
18398,8.0
18399,8.0
18400,8.0
18401,8.0
18402,8.0
18403,8.0
18404,8.0
18405,8.0
18406,8.0
18407,8.0
18408,8.0
18409,8.0
18410,8.0
18411,8.0
18412,8.0
18413,8.0
18414,8.0
18415,8.0
18416,8.0
18417,8.0
18418,8.0
18419,8.0
18420,8.0
18421,8.0
18422,8.0
18423,8.0
18424,8.0
18425,8.0
18426,8.0
18427,8.0
18428,8.0
18429,8.0
18430,8.0
18431,8.0
18432,8.0
18433,8.0
18434,8.0
18435,8.0
18436,8.0
18437,8.0
18438,8.0
18439,8.0
18440,8.0
18441,8.0
18442,8.0
18443,8.0
18444,8.0
18445,8.0
18446,8.0
18447,8.0
18448,8.0
18449,8.0
18450,8.0
18451,8.0
18452,8.0
18453,8.0
18454,8.0
18455,8.0
18456,8.0
18457,8.0
18458,8.0
18459,8.0
18460,8.0
18461,8.0
18462,8.0
18463,8.0
18464,8.0
18465,8.0
18466,8.0
18467,8.0
18468,8.0
18469,8.0
18470,8.0
18471,8.0
18472,8.0
18473,8.0
18474,8.0
18475,8.0
18476,8.0
18477,8.0
18478,8.0
18479,8.0
18480,8.0
18481,8.0
18482,8.0
18483,8.0
18484,8.0
18485,8.0
18486,8.0
18487,8.0
18488,8.0
18489,8.0
18490,8.0
18491,8.0
18492,8.0
18493,8.0
18494,8.0
18495,8.0
18496,8.0
18497,8.0
18498,8.0
18499,8.0
18500,8.0
18501,8.0
18502,8.0
18503,8.0
18504,8.0
18505,8.0
18506,8.0
18507,8.0
18508,8.0
18509,8.0
18510,8.0
18511,8.0
18512,8.0
18513,8.0
18514,8.0
18515,8.0
18516,8.0
18517,8.0
18518,8.0
18519,8.0
18520,8.0
18521,8.0
18522,8.0
18523,8.0
18524,8.0
18525,8.0
18526,8.0
18527,8.0
18528,8.0
18529,8.0
18530,8.0
18531,8.0
18532,8.0
18533,8.0
18534,8.0
18535,8.0
18536,8.0
18537,8.0
18538,8.0
18539,8.0
18540,8.0
18541,8.0
18542,8.0
18543,8.0
18544,8.0
18545,8.0
18546,8.0
18547,8.0
18548,8.0
18549,8.0
18550,8.0
18551,8.0
18552,8.0
18553,8.0
18554,8.0
18555,8.0
18556,8.0
18557,8.0
18558,8.0
18559,8.0
18560,8.0
18561,8.0
18562,8.0
18563,8.0
18564,8.0
18565,8.0
18566,8.0
18567,8.0
18568,8.0
18569,8.0
18570,8.0
18571,8.0
18572,8.0
18573,8.0
18574,8.0
18575,8.0
18576,8.0
18577,8.0
18578,8.0
18579,8.0
18580,8.0
18581,8.0
18582,8.0
18583,8.0
18584,8.0
18585,8.0
18586,8.0
18587,8.0
18588,8.0
18589,8.0
18590,8.0
18591,8.0
18592,8.0
18593,8.0
18594,8.0
18595,8.0
18596,8.0
18597,8.0
18598,8.0
18599,8.0
18600,8.0
18601,8.0
18602,8.0
18603,8.0
18604,8.0
18605,8.0
18606,8.0
18607,8.0
18608,8.0
18609,8.0
18610,8.0
18611,8.0
18612,8.0
18613,8.0
18614,8.0
18615,8.0
18616,8.0
18617,8.0
18618,8.0
18619,8.0
18620,8.0
18621,8.0
18622,8.0
18623,8.0
18624,8.0
18625,8.0
18626,8.0
18627,8.0
18628,8.0
18629,8.0
18630,8.0
18631,8.0
18632,8.0
18633,8.0
18634,8.0
18635,8.0
18636,8.0
18637,8.0
18638,8.0
18639,8.0
18640,8.0
18641,8.0
18642,8.0
18643,8.0
18644,8.0
18645,8.0
18646,8.0
18647,8.0
18648,8.0
18649,8.0
18650,8.0
18651,8.0
18652,8.0
18653,8.0
18654,8.0
18655,8.0
18656,8.0
18657,8.0
18658,8.0
18659,8.0
18660,8.0
18661,8.0
18662,8.0
18663,8.0
18664,8.0
18665,8.0
18666,8.0
18667,8.0
18668,8.0
18669,8.0
18670,8.0
18671,8.0
18672,8.0
18673,8.0
18674,8.0
18675,8.0
18676,8.0
18677,8.0
18678,8.0
18679,8.0
18680,8.0
18681,8.0
18682,8.0
18683,8.0
18684,8.0
18685,8.0
18686,8.0
18687,8.0
18688,8.0
18689,8.0
18690,8.0
18691,8.0
18692,8.0
18693,8.0
18694,8.0
18695,8.0
18696,8.0
18697,8.0
18698,8.0
18699,8.0
18700,8.0
18701,8.0
18702,8.0
18703,8.0
18704,8.0
18705,8.0
18706,8.0
18707,8.0
18708,8.0
18709,8.0
18710,8.0
18711,8.0
18712,8.0
18713,8.0
18714,8.0
18715,8.0
18716,8.0
18717,8.0
18718,8.0
18719,8.0
18720,8.0
18721,8.0
18722,8.0
18723,8.0
18724,8.0
18725,8.0
18726,8.0
18727,8.0
18728,8.0
18729,8.0
18730,8.0
18731,8.0
18732,8.0
18733,8.0
18734,8.0
18735,8.0
18736,8.0
18737,8.0
18738,8.0
18739,8.0
18740,8.0
18741,8.0
18742,8.0
18743,8.0
18744,8.0
18745,8.0
18746,8.0
18747,8.0
18748,8.0
18749,8.0
18750,8.0
18751,8.0
18752,8.0
18753,8.0
18754,8.0
18755,8.0
18756,8.0
18757,8.0
18758,8.0
18759,8.0
18760,8.0
18761,8.0
18762,8.0
18763,8.0
18764,8.0
18765,8.0
18766,8.0
18767,8.0
18768,8.0
18769,8.0
18770,8.0
18771,8.0
18772,8.0
18773,8.0
18774,8.0
18775,8.0
18776,8.0
18777,8.0
18778,8.0
18779,8.0
18780,8.0
18781,8.0
18782,8.0
18783,8.0
18784,8.0
18785,8.0
18786,8.0
18787,8.0
18788,8.0
18789,8.0
18790,8.0
18791,8.0
18792,8.0
18793,8.0
18794,8.0
18795,8.0
18796,8.0
18797,8.0
18798,8.0
18799,8.0
18800,8.0
18801,8.0
18802,8.0
18803,8.0
18804,8.0
18805,8.0
18806,8.0
18807,8.0
18808,8.0
18809,8.0
18810,8.0
18811,8.0
18812,8.0
18813,8.0
18814,8.0
18815,8.0
18816,8.0
18817,8.0
18818,8.0
18819,8.0
18820,8.0
18821,8.0
18822,8.0
18823,8.0
18824,8.0
18825,8.0
18826,8.0
18827,8.0
18828,8.0
18829,8.0
18830,8.0
18831,8.0
18832,8.0
18833,8.0
18834,8.0
18835,8.0
18836,8.0
18837,8.0
18838,8.0
18839,8.0
18840,8.0
18841,8.0
18842,8.0
18843,8.0
18844,8.0
18845,8.0
18846,8.0
18847,8.0
18848,8.0
18849,8.0
18850,8.0
18851,8.0
18852,8.0
18853,8.0
18854,8.0
18855,8.0
18856,8.0
18857,8.0
18858,8.0
18859,8.0
18860,8.0
18861,8.0
18862,8.0
18863,8.0
18864,8.0
18865,8.0
18866,8.0
18867,8.0
18868,8.0
18869,8.0
18870,8.0
18871,8.0
18872,8.0
18873,8.0
18874,8.0
18875,8.0
18876,8.0
18877,8.0
18878,8.0
18879,8.0
18880,8.0
18881,8.0
18882,8.0
18883,8.0
18884,8.0
18885,8.0
18886,8.0
18887,8.0
18888,8.0
18889,8.0
18890,8.0
18891,8.0
18892,8.0
18893,8.0
18894,8.0
18895,8.0
18896,8.0
18897,8.0
18898,8.0
18899,8.0
18900,8.0
18901,8.0
18902,8.0
18903,8.0
18904,8.0
18905,8.0
18906,8.0
18907,8.0
18908,8.0
18909,8.0
18910,8.0
18911,8.0
18912,8.0
18913,8.0
18914,8.0
18915,8.0
18916,8.0
18917,8.0
18918,8.0
18919,8.0
18920,8.0
18921,8.0
18922,8.0
18923,8.0
18924,8.0
18925,8.0
18926,8.0
18927,8.0
18928,8.0
18929,8.0
18930,8.0
18931,8.0
18932,8.0
18933,8.0
18934,8.0
18935,8.0
18936,8.0
18937,8.0
18938,8.0
18939,8.0
18940,8.0
18941,8.0
18942,8.0
18943,8.0
18944,8.0
18945,8.0
18946,8.0
18947,8.0
18948,8.0
18949,8.0
18950,8.0
18951,8.0
18952,8.0
18953,8.0
18954,8.0
18955,8.0
18956,8.0
18957,8.0
18958,8.0
18959,8.0
18960,8.0
18961,8.0
18962,8.0
18963,8.0
18964,8.0
18965,8.0
18966,8.0
18967,8.0
18968,8.0
18969,8.0
18970,8.0
18971,8.0
18972,8.0
18973,8.0
18974,8.0
18975,8.0
18976,8.0
18977,8.0
18978,8.0
18979,8.0
18980,8.0
18981,8.0
18982,8.0
18983,8.0
18984,8.0
18985,8.0
18986,8.0
18987,8.0
18988,8.0
18989,8.0
18990,8.0
18991,8.0
18992,8.0
18993,8.0
18994,8.0
18995,8.0
18996,8.0
18997,8.0
18998,8.0
18999,8.0
19000,8.0
19001,8.0
19002,8.0
19003,9.0
19004,9.0
19005,9.0
19006,9.0
19007,9.0
19008,9.0
19009,9.0
19010,9.0
19011,9.0
19012,9.0
19013,9.0
19014,9.0
19015,9.0
19016,9.0
19017,9.0
19018,9.0
19019,9.0
19020,9.0
19021,9.0
19022,9.0
19023,9.0
19024,9.0
19025,9.0
19026,9.0
19027,9.0
19028,9.0
19029,9.0
19030,9.0
19031,9.0
19032,9.0
19033,9.0
19034,9.0
19035,9.0
19036,9.0
19037,9.0
19038,9.0
19039,9.0
19040,9.0
19041,9.0
19042,9.0
19043,9.0
19044,9.0
19045,9.0
19046,9.0
19047,9.0
19048,9.0
19049,9.0
19050,9.0
19051,9.0
19052,9.0
19053,9.0
19054,9.0
19055,9.0
19056,9.0
19057,10.0
19058,10.0
19059,10.0
19060,10.0
19061,10.0
19062,10.0
19063,10.0
19064,10.0
19065,10.0
19066,10.0
19067,10.0
19068,10.0
19069,10.0
19070,10.0
19071,10.0
19072,10.0
19073,10.0
19074,10.0
19075,10.0
19076,10.0
19077,10.0
19078,10.0
19079,10.0
19080,9.0
19081,9.0
19082,9.0
19083,9.0
19084,9.0
19085,9.0
19086,9.0
19087,9.0
19088,9.0
19089,9.0
19090,9.0
19091,9.0
19092,9.0
19093,9.0
19094,9.0
19095,9.0
19096,9.0
19097,9.0
19098,9.0
19099,9.0
19100,9.0
19101,9.0
19102,9.0
19103,9.0
19104,9.0
19105,9.0
19106,9.0
19107,9.0
19108,9.0
19109,9.0
19110,9.0
19111,9.0
19112,9.0
19113,9.0
19114,9.0
19115,9.0
19116,9.0
19117,9.0
19118,9.0
19119,9.0
19120,9.0
19121,9.0
19122,9.0
19123,9.0
19124,9.0
19125,9.0
19126,9.0
19127,10.0
19128,10.0
19129,10.0
19130,10.0
19131,10.0
19132,10.0
19133,10.0
19134,10.0
19135,10.0
19136,10.0
19137,10.0
19138,10.0
19139,10.0
19140,10.0
19141,10.0
19142,10.0
19143,10.0
19144,10.0
19145,10.0
19146,10.0
19147,10.0
19148,10.0
19149,10.0
19150,10.0
19151,10.0
19152,10.0
19153,10.0
19154,10.0
19155,10.0
19156,10.0
19157,10.0
19158,10.0
19159,10.0
19160,10.0
19161,10.0
19162,10.0
19163,10.0
19164,10.0
19165,10.0
19166,10.0
19167,10.0
19168,10.0
19169,10.0
19170,10.0
19171,10.0
19172,10.0
19173,10.0
19174,10.0
19175,10.0
19176,10.0
19177,10.0
19178,10.0
19179,10.0
19180,10.0
19181,10.0
19182,10.0
19183,10.0
19184,10.0
19185,10.0
19186,10.0
19187,10.0
19188,10.0
19189,10.0
19190,10.0
19191,10.0
19192,10.0
19193,10.0
19194,10.0
19195,10.0
19196,10.0
19197,10.0
19198,10.0
19199,10.0
19200,10.0
19201,10.0
19202,10.0
19203,10.0
19204,10.0
19205,10.0
19206,10.0
19207,10.0
19208,10.0
19209,10.0
19210,10.0
19211,10.0
19212,10.0
19213,10.0
19214,10.0
19215,10.0
19216,10.0
19217,10.0
19218,10.0
19219,10.0
19220,11.0
19221,11.0
19222,11.0
19223,11.0
19224,11.0
19225,11.0
19226,11.0
19227,11.0
19228,11.0
19229,11.0
19230,11.0
19231,11.0
19232,11.0
19233,11.0
19234,11.0
19235,11.0
19236,11.0
19237,11.0
19238,11.0
19239,11.0
19240,11.0
19241,11.0
19242,11.0
19243,11.0
19244,11.0
19245,11.0
19246,11.0
19247,11.0
19248,11.0
19249,11.0
19250,11.0
19251,11.0
19252,11.0
19253,11.0
19254,11.0
19255,11.0
19256,11.0
19257,11.0
19258,11.0
19259,11.0
19260,11.0
19261,11.0
19262,11.0
19263,11.0
19264,11.0
19265,11.0
19266,11.0
19267,11.0
19268,11.0
19269,11.0
19270,11.0
19271,11.0
19272,11.0
19273,11.0
19274,11.0
19275,11.0
19276,11.0
19277,11.0
19278,11.0
19279,11.0
19280,11.0
19281,11.0
19282,11.0
19283,11.0
19284,11.0
19285,11.0
19286,11.0
19287,11.0
19288,11.0
19289,11.0
19290,11.0
19291,11.0
19292,11.0
19293,11.0
19294,11.0
19295,11.0
19296,11.0
19297,11.0
19298,11.0
19299,11.0
19300,11.0
19301,11.0
19302,11.0
19303,11.0
19304,11.0
19305,11.0
19306,11.0
19307,11.0
19308,11.0
19309,11.0
19310,11.0
19311,11.0
19312,11.0
19313,11.0
19314,11.0
19315,11.0
19316,11.0
19317,11.0
19318,11.0
19319,11.0
19320,11.0
19321,11.0
19322,11.0
19323,11.0
19324,11.0
19325,12.0
19326,12.0
19327,12.0
19328,12.0
19329,12.0
19330,12.0
19331,12.0
19332,12.0
19333,12.0
19334,12.0
19335,12.0
19336,11.0
19337,11.0
19338,11.0
19339,11.0
19340,11.0
19341,11.0
19342,11.0
19343,11.0
19344,11.0
19345,11.0
19346,11.0
19347,11.0
19348,11.0
19349,11.0
19350,11.0
19351,11.0
19352,11.0
19353,11.0
19354,11.0
19355,11.0
19356,11.0
19357,11.0
19358,11.0
19359,11.0
19360,11.0
19361,11.0
19362,11.0
19363,11.0
19364,11.0
19365,11.0
19366,11.0
19367,11.0
19368,11.0
19369,11.0
19370,11.0
19371,11.0
19372,11.0
19373,11.0
19374,11.0
19375,11.0
19376,11.0
19377,11.0
19378,11.0
19379,11.0
19380,11.0
19381,11.0
19382,11.0
19383,11.0
19384,11.0
19385,11.0
19386,11.0
19387,11.0
19388,11.0
19389,11.0
19390,11.0
19391,11.0
19392,11.0
19393,11.0
19394,11.0
19395,11.0
19396,11.0
19397,11.0
19398,11.0
19399,11.0
19400,11.0
19401,11.0
19402,11.0
19403,11.0
19404,11.0
19405,11.0
19406,11.0
19407,11.0
19408,11.0
19409,11.0
19410,11.0
19411,11.0
19412,11.0
19413,11.0
19414,11.0
19415,11.0
19416,11.0
19417,11.0
19418,11.0
19419,11.0
19420,11.0
19421,11.0
19422,11.0
19423,11.0
19424,11.0
19425,11.0
19426,11.0
19427,11.0
19428,11.0
19429,11.0
19430,11.0
19431,11.0
19432,11.0
19433,11.0
19434,11.0
19435,11.0
19436,11.0
19437,11.0
19438,11.0
19439,11.0
19440,11.0
19441,11.0
19442,11.0
19443,11.0
19444,11.0
19445,11.0
19446,11.0
19447,11.0
19448,11.0
19449,11.0
19450,11.0
19451,11.0
19452,11.0
19453,11.0
19454,11.0
19455,11.0
19456,11.0
19457,11.0
19458,11.0
19459,11.0
19460,11.0
19461,11.0
19462,11.0
19463,11.0
19464,11.0
19465,11.0
19466,11.0
19467,11.0
19468,11.0
19469,11.0
19470,11.0
19471,11.0
19472,11.0
19473,11.0
19474,11.0
19475,11.0
19476,11.0
19477,11.0
19478,11.0
19479,11.0
19480,11.0
19481,11.0
19482,11.0
19483,11.0
19484,11.0
19485,11.0
19486,11.0
19487,11.0
19488,11.0
19489,11.0
19490,11.0
19491,11.0
19492,11.0
19493,11.0
19494,11.0
19495,11.0
19496,11.0
19497,11.0
19498,11.0
19499,11.0
19500,11.0
19501,11.0
19502,11.0
19503,11.0
19504,11.0
19505,11.0
19506,11.0
19507,11.0
19508,11.0
19509,11.0
19510,11.0
19511,11.0
19512,11.0
19513,11.0
19514,11.0
19515,11.0
19516,11.0
19517,11.0
19518,11.0
19519,11.0
19520,11.0
19521,11.0
19522,11.0
19523,11.0
19524,11.0
19525,11.0
19526,11.0
19527,11.0
19528,11.0
19529,11.0
19530,11.0
19531,11.0
19532,11.0
19533,11.0
19534,11.0
19535,11.0
19536,11.0
19537,11.0
19538,11.0
19539,11.0
19540,11.0
19541,11.0
19542,11.0
19543,11.0
19544,11.0
19545,11.0
19546,11.0
19547,11.0
19548,11.0
19549,11.0
19550,11.0
19551,11.0
19552,11.0
19553,11.0
19554,11.0
19555,11.0
19556,11.0
19557,11.0
19558,11.0
19559,11.0
19560,11.0
19561,11.0
19562,11.0
19563,11.0
19564,11.0
19565,11.0
19566,11.0
19567,11.0
19568,11.0
19569,11.0
19570,11.0
19571,11.0
19572,11.0
19573,11.0
19574,11.0
19575,11.0
19576,11.0
19577,11.0
19578,11.0
19579,11.0
19580,11.0
19581,11.0
19582,11.0
19583,11.0
19584,11.0
19585,11.0
19586,11.0
19587,11.0
19588,11.0
19589,11.0
19590,11.0
19591,11.0
19592,11.0
19593,11.0
19594,11.0
19595,11.0
19596,11.0
19597,11.0
19598,11.0
19599,11.0
19600,11.0
19601,11.0
19602,11.0
19603,11.0
19604,11.0
19605,11.0
19606,11.0
19607,11.0
19608,11.0
19609,11.0
19610,11.0
19611,11.0
19612,11.0
19613,11.0
19614,11.0
19615,11.0
19616,11.0
19617,11.0
19618,11.0
19619,11.0
19620,11.0
19621,11.0
19622,11.0
19623,11.0
19624,11.0
19625,11.0
19626,11.0
19627,11.0
19628,11.0
19629,11.0
19630,11.0
19631,11.0
19632,11.0
19633,11.0
19634,11.0
19635,11.0
19636,11.0
19637,11.0
19638,11.0
19639,11.0
19640,11.0
19641,11.0
19642,11.0
19643,11.0
19644,11.0
19645,11.0
19646,11.0
19647,11.0
19648,11.0
19649,11.0
19650,11.0
19651,11.0
19652,11.0
19653,11.0
19654,11.0
19655,11.0
19656,11.0
19657,11.0
19658,11.0
19659,11.0
19660,11.0
19661,11.0
19662,11.0
19663,11.0
19664,11.0
19665,11.0
19666,11.0
19667,11.0
19668,11.0
19669,11.0
19670,11.0
19671,11.0
19672,11.0
19673,11.0
19674,11.0
19675,11.0
19676,11.0
19677,11.0
19678,11.0
19679,11.0
19680,11.0
19681,11.0
19682,11.0
19683,11.0
19684,11.0
19685,11.0
19686,11.0
19687,11.0
19688,11.0
19689,11.0
19690,11.0
19691,11.0
19692,11.0
19693,11.0
19694,11.0
19695,11.0
19696,11.0
19697,11.0
19698,11.0
19699,11.0
19700,11.0
19701,11.0
19702,11.0
19703,11.0
19704,11.0
19705,11.0
19706,11.0
19707,11.0
19708,11.0
19709,11.0
19710,11.0
19711,11.0
19712,11.0
19713,11.0
19714,11.0
19715,11.0
19716,11.0
19717,11.0
19718,11.0
19719,11.0
19720,11.0
19721,11.0
19722,11.0
19723,11.0
19724,11.0
19725,11.0
19726,11.0
19727,11.0
19728,11.0
19729,11.0
19730,11.0
19731,11.0
19732,11.0
19733,11.0
19734,11.0
19735,11.0
19736,11.0
19737,11.0
19738,11.0
19739,11.0
19740,11.0
19741,11.0
19742,11.0
19743,11.0
19744,11.0
19745,11.0
19746,11.0
19747,11.0
19748,11.0
19749,11.0
19750,11.0
19751,11.0
19752,11.0
19753,11.0
19754,11.0
19755,11.0
19756,11.0
19757,11.0
19758,11.0
19759,11.0
19760,11.0
19761,11.0
19762,11.0
19763,11.0
19764,11.0
19765,11.0
19766,11.0
19767,11.0
19768,11.0
19769,11.0
19770,11.0
19771,10.0
19772,10.0
19773,9.0
19774,9.0
19775,9.0
19776,9.0
19777,9.0
19778,9.0
19779,9.0
19780,9.0
19781,9.0
19782,9.0
19783,9.0
19784,9.0
19785,9.0
19786,9.0
19787,9.0
19788,9.0
19789,9.0
19790,9.0
19791,9.0
19792,9.0
19793,9.0
19794,9.0
19795,9.0
19796,9.0
19797,9.0
19798,9.0
19799,9.0
19800,9.0
19801,9.0
19802,9.0
19803,9.0
19804,9.0
19805,9.0
19806,9.0
19807,9.0
19808,9.0
19809,9.0
19810,9.0
19811,9.0
19812,9.0
19813,9.0
19814,9.0
19815,9.0
19816,9.0
19817,9.0
19818,9.0
19819,9.0
19820,9.0
19821,9.0
19822,9.0
19823,9.0
19824,9.0
19825,9.0
19826,9.0
19827,9.0
19828,9.0
19829,9.0
19830,9.0
19831,9.0
19832,9.0
19833,9.0
19834,9.0
19835,10.0
19836,10.0
19837,10.0
19838,10.0
19839,10.0
19840,10.0
19841,10.0
19842,10.0
19843,10.0
19844,10.0
19845,10.0
19846,10.0
19847,10.0
19848,10.0
19849,10.0
19850,10.0
19851,10.0
19852,10.0
19853,10.0
19854,10.0
19855,10.0
19856,10.0
19857,11.0
19858,10.0
19859,10.0
19860,10.0
19861,10.0
19862,10.0
19863,10.0
19864,10.0
19865,10.0
19866,10.0
19867,10.0
19868,10.0
19869,10.0
19870,11.0
19871,11.0
19872,11.0
19873,11.0
19874,11.0
19875,11.0
19876,11.0
19877,11.0
19878,11.0
19879,11.0
19880,11.0
19881,11.0
19882,11.0
19883,11.0
19884,11.0
19885,10.0
19886,10.0
19887,10.0
19888,10.0
19889,10.0
19890,10.0
19891,10.0
19892,10.0
19893,10.0
19894,10.0
19895,10.0
19896,10.0
19897,10.0
19898,10.0
19899,10.0
19900,10.0
19901,10.0
19902,10.0
19903,10.0
19904,10.0
19905,10.0
19906,10.0
19907,10.0
19908,10.0
19909,10.0
19910,10.0
19911,10.0
19912,10.0
19913,10.0
19914,10.0
19915,10.0
19916,10.0
19917,10.0
19918,10.0
19919,10.0
19920,10.0
19921,10.0
19922,10.0
19923,10.0
19924,10.0
19925,10.0
19926,10.0
19927,10.0
19928,10.0
19929,10.0
19930,10.0
19931,10.0
19932,10.0
19933,10.0
19934,10.0
19935,10.0
19936,10.0
19937,10.0
19938,10.0
19939,10.0
19940,10.0
19941,10.0
19942,10.0
19943,10.0
19944,10.0
19945,10.0
19946,10.0
19947,10.0
19948,10.0
19949,10.0
19950,10.0
19951,10.0
19952,10.0
19953,10.0
19954,10.0
19955,10.0
19956,10.0
19957,10.0
19958,10.0
19959,10.0
19960,10.0
19961,10.0
19962,10.0
19963,10.0
19964,10.0
19965,10.0
19966,10.0
19967,10.0
19968,10.0
19969,10.0
19970,10.0
19971,10.0
19972,10.0
19973,10.0
19974,10.0
19975,10.0
19976,10.0
19977,10.0
19978,10.0
19979,10.0
19980,10.0
19981,10.0
19982,10.0
19983,10.0
19984,10.0
19985,10.0
19986,10.0
19987,10.0
19988,10.0
19989,10.0
19990,10.0
19991,10.0
19992,10.0
19993,10.0
19994,10.0
19995,10.0
19996,10.0
19997,10.0
19998,10.0
19999,10.0
20000,10.0
20001,10.0
20002,10.0
20003,10.0
20004,10.0
20005,10.0
20006,10.0
20007,10.0
20008,10.0
20009,10.0
20010,10.0
20011,10.0
20012,10.0
20013,10.0
20014,10.0
20015,9.0
20016,9.0
20017,9.0
20018,9.0
20019,9.0
20020,9.0
20021,9.0
20022,9.0
20023,9.0
20024,9.0
20025,9.0
20026,9.0
20027,9.0
20028,9.0
20029,9.0
20030,9.0
20031,9.0
20032,9.0
20033,9.0
20034,9.0
20035,9.0
20036,9.0
20037,9.0
20038,9.0
20039,9.0
20040,9.0
20041,9.0
20042,9.0
20043,9.0
20044,9.0
20045,9.0
20046,9.0
20047,9.0
20048,9.0
20049,9.0
20050,9.0
20051,9.0
20052,9.0
20053,9.0
20054,9.0
20055,9.0
20056,9.0
20057,9.0
20058,9.0
20059,9.0
20060,9.0
20061,9.0
20062,9.0
20063,9.0
20064,9.0
20065,9.0
20066,9.0
20067,9.0
20068,9.0
20069,9.0
20070,9.0
20071,9.0
20072,9.0
20073,9.0
20074,9.0
20075,9.0
20076,9.0
20077,9.0
20078,9.0
20079,9.0
20080,9.0
20081,9.0
20082,9.0
20083,9.0
20084,9.0
20085,9.0
20086,9.0
20087,9.0
20088,9.0
20089,9.0
20090,9.0
20091,9.0
20092,9.0
20093,9.0
20094,9.0
20095,9.0
20096,9.0
20097,9.0
20098,9.0
20099,9.0
20100,9.0
20101,9.0
20102,9.0
20103,9.0
20104,9.0
20105,9.0
20106,9.0
20107,9.0
20108,9.0
20109,9.0
20110,9.0
20111,9.0
20112,9.0
20113,9.0
20114,9.0
20115,9.0
20116,9.0
20117,9.0
20118,9.0
20119,9.0
20120,9.0
20121,9.0
20122,9.0
20123,9.0
20124,9.0
20125,9.0
20126,9.0
20127,9.0
20128,9.0
20129,9.0
20130,9.0
20131,9.0
20132,9.0
20133,9.0
20134,9.0
20135,9.0
20136,9.0
20137,9.0
20138,9.0
20139,9.0
20140,9.0
20141,9.0
20142,9.0
20143,9.0
20144,9.0
20145,9.0
20146,9.0
20147,9.0
20148,9.0
20149,9.0
20150,9.0
20151,9.0
20152,9.0
20153,9.0
20154,9.0
20155,9.0
20156,9.0
20157,9.0
20158,9.0
20159,9.0
20160,9.0
20161,9.0
20162,9.0
20163,9.0
20164,9.0
20165,9.0
20166,9.0
20167,9.0
20168,9.0
20169,9.0
20170,9.0
20171,9.0
20172,9.0
20173,9.0
20174,9.0
20175,9.0
20176,9.0
20177,9.0
20178,9.0
20179,9.0
20180,10.0
20181,10.0
20182,10.0
20183,10.0
20184,10.0
20185,10.0
20186,10.0
20187,10.0
20188,10.0
20189,10.0
20190,10.0
20191,10.0
20192,10.0
20193,10.0
20194,10.0
20195,10.0
20196,10.0
20197,10.0
20198,10.0
20199,10.0
20200,10.0
20201,10.0
20202,10.0
20203,10.0
20204,10.0
20205,10.0
20206,10.0
20207,10.0
20208,10.0
20209,10.0
20210,10.0
20211,10.0
20212,10.0
20213,10.0
20214,10.0
20215,10.0
20216,10.0
20217,10.0
20218,10.0
20219,10.0
20220,10.0
20221,10.0
20222,10.0
20223,10.0
20224,10.0
20225,10.0
20226,10.0
20227,10.0
20228,10.0
20229,10.0
20230,10.0
20231,10.0
20232,10.0
20233,10.0
20234,10.0
20235,10.0
20236,10.0
20237,10.0
20238,10.0
20239,10.0
20240,10.0
20241,10.0
20242,10.0
20243,10.0
20244,10.0
20245,10.0
20246,10.0
20247,10.0
20248,10.0
20249,10.0
20250,10.0
20251,10.0
20252,10.0
20253,10.0
20254,10.0
20255,10.0
20256,10.0
20257,10.0
20258,10.0
20259,10.0
20260,10.0
20261,10.0
20262,11.0
20263,11.0
20264,11.0
20265,11.0
20266,11.0
20267,11.0
20268,11.0
20269,11.0
20270,11.0
20271,11.0
20272,11.0
20273,11.0
20274,11.0
20275,11.0
20276,10.0
20277,10.0
20278,10.0
20279,10.0
20280,10.0
20281,10.0
20282,10.0
20283,10.0
20284,10.0
20285,10.0
20286,10.0
20287,10.0
20288,10.0
20289,10.0
20290,10.0
20291,10.0
20292,10.0
20293,10.0
20294,10.0
20295,10.0
20296,10.0
20297,10.0
20298,10.0
20299,10.0
20300,10.0
20301,10.0
20302,10.0
20303,10.0
20304,10.0
20305,10.0
20306,10.0
20307,10.0
20308,10.0
20309,10.0
20310,10.0
20311,10.0
20312,10.0
20313,10.0
20314,10.0
20315,10.0
20316,10.0
20317,10.0
20318,10.0
20319,10.0
20320,10.0
20321,10.0
20322,10.0
20323,10.0
20324,10.0
20325,10.0
20326,10.0
20327,10.0
20328,10.0
20329,10.0
20330,10.0
20331,10.0
20332,10.0
20333,10.0
20334,10.0
20335,10.0
20336,10.0
20337,10.0
20338,10.0
20339,10.0
20340,10.0
20341,10.0
20342,10.0
20343,10.0
20344,10.0
20345,10.0
20346,10.0
20347,10.0
20348,10.0
20349,10.0
20350,10.0
20351,10.0
20352,10.0
20353,10.0
20354,10.0
20355,10.0
20356,10.0
20357,10.0
20358,10.0
20359,10.0
20360,10.0
20361,10.0
20362,10.0
20363,10.0
20364,10.0
20365,10.0
20366,10.0
20367,10.0
20368,10.0
20369,10.0
20370,10.0
20371,10.0
20372,10.0
20373,10.0
20374,10.0
20375,10.0
20376,10.0
20377,10.0
20378,10.0
20379,10.0
20380,10.0
20381,10.0
20382,10.0
20383,10.0
20384,10.0
20385,10.0
20386,10.0
20387,11.0
20388,11.0
20389,11.0
20390,11.0
20391,11.0
20392,11.0
20393,11.0
20394,11.0
20395,11.0
20396,11.0
20397,11.0
20398,11.0
20399,11.0
20400,11.0
20401,11.0
20402,11.0
20403,11.0
20404,11.0
20405,11.0
20406,11.0
20407,11.0
20408,11.0
20409,11.0
20410,11.0
20411,11.0
20412,11.0
20413,11.0
20414,11.0
20415,11.0
20416,11.0
20417,11.0
20418,11.0
20419,11.0
20420,11.0
20421,11.0
20422,11.0
20423,11.0
20424,11.0
20425,11.0
20426,11.0
20427,11.0
20428,11.0
20429,11.0
20430,11.0
20431,11.0
20432,11.0
20433,11.0
20434,11.0
20435,11.0
20436,11.0
20437,11.0
20438,11.0
20439,11.0
20440,11.0
20441,11.0
20442,11.0
20443,11.0
20444,11.0
20445,11.0
20446,11.0
20447,11.0
20448,11.0
20449,11.0
20450,11.0
20451,11.0
20452,11.0
20453,11.0
20454,11.0
20455,11.0
20456,11.0
20457,11.0
20458,11.0
20459,11.0
20460,11.0
20461,11.0
20462,11.0
20463,11.0
20464,11.0
20465,11.0
20466,11.0
20467,11.0
20468,11.0
20469,11.0
20470,11.0
20471,11.0
20472,11.0
20473,11.0
20474,11.0
20475,11.0
20476,11.0
20477,11.0
20478,11.0
20479,11.0
20480,11.0
20481,11.0
20482,11.0
20483,11.0
20484,11.0
20485,11.0
20486,11.0
20487,11.0
20488,11.0
20489,11.0
20490,11.0
20491,11.0
20492,11.0
20493,11.0
20494,11.0
20495,11.0
20496,11.0
20497,11.0
20498,11.0
20499,11.0
20500,11.0
20501,11.0
20502,11.0
20503,11.0
20504,11.0
20505,11.0
20506,11.0
20507,11.0
20508,11.0
20509,11.0
20510,11.0
20511,11.0
20512,11.0
20513,11.0
20514,11.0
20515,11.0
20516,11.0
20517,11.0
20518,11.0
20519,11.0
20520,11.0
20521,11.0
20522,11.0
20523,11.0
20524,11.0
20525,11.0
20526,11.0
20527,11.0
20528,11.0
20529,11.0
20530,11.0
20531,11.0
20532,11.0
20533,11.0
20534,11.0
20535,11.0
20536,11.0
20537,11.0
20538,11.0
20539,11.0
20540,11.0
20541,11.0
20542,11.0
20543,11.0
20544,11.0
20545,11.0
20546,11.0
20547,11.0
20548,11.0
20549,11.0
20550,11.0
20551,11.0
20552,11.0
20553,11.0
20554,11.0
20555,11.0
20556,11.0
20557,11.0
20558,11.0
20559,11.0
20560,11.0
20561,11.0
20562,11.0
20563,11.0
20564,11.0
20565,11.0
20566,11.0
20567,11.0
20568,11.0
20569,11.0
20570,11.0
20571,11.0
20572,11.0
20573,11.0
20574,11.0
20575,11.0
20576,11.0
20577,11.0
20578,11.0
20579,11.0
20580,11.0
20581,11.0
20582,11.0
20583,11.0
20584,11.0
20585,11.0
20586,11.0
20587,11.0
20588,11.0
20589,11.0
20590,11.0
20591,11.0
20592,11.0
20593,11.0
20594,11.0
20595,11.0
20596,11.0
20597,11.0
20598,11.0
20599,11.0
20600,11.0
20601,11.0
20602,11.0
20603,11.0
20604,11.0
20605,11.0
20606,11.0
20607,11.0
20608,11.0
20609,11.0
20610,11.0
20611,11.0
20612,11.0
20613,11.0
20614,11.0
20615,11.0
20616,11.0
20617,11.0
20618,11.0
20619,11.0
20620,11.0
20621,11.0
20622,11.0
20623,11.0
20624,11.0
20625,11.0
20626,11.0
20627,11.0
20628,11.0
20629,11.0
20630,11.0
20631,11.0
20632,11.0
20633,11.0
20634,11.0
20635,11.0
20636,11.0
20637,11.0
20638,11.0
20639,11.0
20640,11.0
20641,11.0
20642,11.0
20643,11.0
20644,11.0
20645,11.0
20646,11.0
20647,11.0
20648,11.0
20649,11.0
20650,11.0
20651,11.0
20652,11.0
20653,11.0
20654,11.0
20655,11.0
20656,11.0
20657,11.0
20658,11.0
20659,11.0
20660,11.0
20661,11.0
20662,11.0
20663,11.0
20664,11.0
20665,11.0
20666,11.0
20667,11.0
20668,11.0
20669,11.0
20670,12.0
20671,12.0
20672,12.0
20673,12.0
20674,12.0
20675,12.0
20676,12.0
20677,12.0
20678,12.0
20679,12.0
20680,12.0
20681,12.0
20682,12.0
20683,12.0
20684,12.0
20685,12.0
20686,12.0
20687,12.0
20688,13.0
20689,13.0
20690,13.0
20691,13.0
20692,13.0
20693,13.0
20694,13.0
20695,13.0
20696,13.0
20697,13.0
20698,13.0
20699,13.0
20700,13.0
20701,13.0
20702,13.0
20703,13.0
20704,13.0
20705,13.0
20706,13.0
20707,13.0
20708,13.0
20709,13.0
20710,13.0
20711,13.0
20712,13.0
20713,13.0
20714,13.0
20715,13.0
20716,13.0
20717,13.0
20718,13.0
20719,13.0
20720,13.0
20721,13.0
20722,13.0
20723,13.0
20724,13.0
20725,13.0
20726,13.0
20727,13.0
20728,13.0
20729,13.0
20730,13.0
20731,13.0
20732,13.0
20733,13.0
20734,13.0
20735,13.0
20736,13.0
20737,13.0
20738,13.0
20739,13.0
20740,13.0
20741,13.0
20742,13.0
20743,13.0
20744,13.0
20745,13.0
20746,13.0
20747,13.0
20748,13.0
20749,13.0
20750,13.0
20751,13.0
20752,13.0
20753,13.0
20754,13.0
20755,13.0
20756,13.0
20757,13.0
20758,13.0
20759,13.0
20760,13.0
20761,13.0
20762,13.0
20763,13.0
20764,13.0
20765,13.0
20766,13.0
20767,13.0
20768,13.0
20769,13.0
20770,13.0
20771,13.0
20772,13.0
20773,13.0
20774,13.0
20775,13.0
20776,13.0
20777,13.0
20778,13.0
20779,13.0
20780,13.0
20781,13.0
20782,13.0
20783,13.0
20784,13.0
20785,13.0
20786,13.0
20787,13.0
20788,13.0
20789,13.0
20790,13.0
20791,13.0
20792,13.0
20793,13.0
20794,13.0
20795,13.0
20796,13.0
20797,13.0
20798,13.0
20799,13.0
20800,13.0
20801,13.0
20802,13.0
20803,13.0
20804,13.0
20805,13.0
20806,13.0
20807,13.0
20808,13.0
20809,13.0
20810,13.0
20811,13.0
20812,13.0
20813,13.0
20814,13.0
20815,13.0
20816,13.0
20817,13.0
20818,13.0
20819,13.0
20820,13.0
20821,13.0
20822,13.0
20823,13.0
20824,13.0
20825,13.0
20826,13.0
20827,13.0
20828,13.0
20829,13.0
20830,13.0
20831,13.0
20832,13.0
20833,13.0
20834,13.0
20835,13.0
20836,13.0
20837,13.0
20838,13.0
20839,13.0
20840,13.0
20841,13.0
20842,13.0
20843,13.0
20844,13.0
20845,13.0
20846,13.0
20847,13.0
20848,13.0
20849,13.0
20850,13.0
20851,13.0
20852,13.0
20853,13.0
20854,13.0
20855,13.0
20856,13.0
20857,13.0
20858,13.0
20859,13.0
20860,13.0
20861,13.0
20862,13.0
20863,13.0
20864,13.0
20865,13.0
20866,13.0
20867,13.0
20868,13.0
20869,13.0
20870,13.0
20871,13.0
20872,13.0
20873,13.0
20874,13.0
20875,13.0
20876,13.0
20877,13.0
20878,13.0
20879,13.0
20880,13.0
20881,13.0
20882,13.0
20883,13.0
20884,13.0
20885,13.0
20886,13.0
20887,13.0
20888,13.0
20889,13.0
20890,13.0
20891,13.0
20892,13.0
20893,13.0
20894,13.0
20895,13.0
20896,13.0
20897,13.0
20898,13.0
20899,13.0
20900,13.0
20901,13.0
20902,13.0
20903,13.0
20904,13.0
20905,13.0
20906,13.0
20907,13.0
20908,13.0
20909,13.0
20910,13.0
20911,13.0
20912,13.0
20913,13.0
20914,13.0
20915,13.0
20916,13.0
20917,13.0
20918,13.0
20919,13.0
20920,13.0
20921,13.0
20922,13.0
20923,13.0
20924,13.0
20925,13.0
20926,13.0
20927,13.0
20928,13.0
20929,13.0
20930,13.0
20931,13.0
20932,13.0
20933,13.0
20934,13.0
20935,13.0
20936,13.0
20937,13.0
20938,13.0
20939,13.0
20940,13.0
20941,13.0
20942,13.0
20943,13.0
20944,13.0
20945,13.0
20946,13.0
20947,13.0
20948,13.0
20949,13.0
20950,13.0
20951,13.0
20952,13.0
20953,13.0
20954,13.0
20955,13.0
20956,13.0
20957,13.0
20958,13.0
20959,13.0
20960,13.0
20961,13.0
20962,13.0
20963,13.0
20964,13.0
20965,13.0
20966,13.0
20967,13.0
20968,13.0
20969,13.0
20970,13.0
20971,13.0
20972,13.0
20973,13.0
20974,13.0
20975,13.0
20976,13.0
20977,13.0
20978,13.0
20979,13.0
20980,13.0
20981,13.0
20982,13.0
20983,13.0
20984,13.0
20985,13.0
20986,13.0
20987,13.0
20988,13.0
20989,13.0
20990,13.0
20991,13.0
20992,13.0
20993,13.0
20994,13.0
20995,13.0
20996,13.0
20997,13.0
20998,13.0
20999,13.0
21000,13.0
21001,13.0
21002,13.0
21003,13.0
21004,13.0
21005,13.0
21006,13.0
21007,13.0
21008,13.0
21009,13.0
21010,13.0
21011,13.0
21012,13.0
21013,13.0
21014,13.0
21015,13.0
21016,13.0
21017,13.0
21018,13.0
21019,13.0
21020,13.0
21021,13.0
21022,13.0
21023,13.0
21024,13.0
21025,13.0
21026,13.0
21027,13.0
21028,13.0
21029,13.0
21030,13.0
21031,13.0
21032,13.0
21033,13.0
21034,13.0
21035,13.0
21036,13.0
21037,14.0
21038,14.0
21039,13.0
21040,13.0
21041,13.0
21042,13.0
21043,13.0
21044,13.0
21045,13.0
21046,13.0
21047,13.0
21048,13.0
21049,13.0
21050,13.0
21051,13.0
21052,13.0
21053,13.0
21054,13.0
21055,13.0
21056,12.0
21057,12.0
21058,12.0
21059,12.0
21060,12.0
21061,12.0
21062,12.0
21063,12.0
21064,12.0
21065,12.0
21066,12.0
21067,12.0
21068,12.0
21069,12.0
21070,12.0
21071,12.0
21072,12.0
21073,12.0
21074,12.0
21075,12.0
21076,12.0
21077,12.0
21078,12.0
21079,12.0
21080,12.0
21081,12.0
21082,12.0
21083,12.0
21084,12.0
21085,12.0
21086,12.0
21087,12.0
21088,12.0
21089,12.0
21090,12.0
21091,12.0
21092,12.0
21093,12.0
21094,12.0
21095,12.0
21096,12.0
21097,12.0
21098,12.0
21099,12.0
21100,12.0
21101,12.0
21102,12.0
21103,12.0
21104,12.0
21105,12.0
21106,12.0
21107,12.0
21108,12.0
21109,12.0
21110,12.0
21111,12.0
21112,12.0
21113,12.0
21114,12.0
21115,12.0
21116,12.0
21117,12.0
21118,12.0
21119,12.0
21120,12.0
21121,12.0
21122,12.0
21123,12.0
21124,12.0
21125,12.0
21126,12.0
21127,12.0
21128,12.0
21129,12.0
21130,12.0
21131,12.0
21132,12.0
21133,12.0
21134,12.0
21135,12.0
21136,12.0
21137,12.0
21138,12.0
21139,12.0
21140,12.0
21141,12.0
21142,12.0
21143,12.0
21144,12.0
21145,12.0
21146,12.0
21147,12.0
21148,12.0
21149,12.0
21150,12.0
21151,12.0
21152,12.0
21153,12.0
21154,12.0
21155,12.0
21156,12.0
21157,12.0
21158,12.0
21159,12.0
21160,12.0
21161,13.0
21162,13.0
21163,12.0
21164,12.0
21165,12.0
21166,12.0
21167,12.0
21168,12.0
21169,12.0
21170,12.0
21171,12.0
21172,12.0
21173,12.0
21174,12.0
21175,12.0
21176,12.0
21177,12.0
21178,12.0
21179,12.0
21180,12.0
21181,10.0
21182,10.0
21183,10.0
21184,11.0
21185,10.0
21186,10.0
21187,10.0
21188,10.0
21189,10.0
21190,10.0
21191,10.0
21192,10.0
21193,10.0
21194,10.0
21195,10.0
21196,10.0
21197,10.0
21198,10.0
21199,10.0
21200,10.0
21201,10.0
21202,10.0
21203,10.0
21204,10.0
21205,10.0
21206,10.0
21207,10.0
21208,10.0
21209,10.0
21210,10.0
21211,10.0
21212,10.0
21213,10.0
21214,10.0
21215,10.0
21216,10.0
21217,10.0
21218,10.0
21219,10.0
21220,10.0
21221,10.0
21222,10.0
21223,10.0
21224,10.0
21225,10.0
21226,10.0
21227,10.0
21228,10.0
21229,10.0
21230,10.0
21231,10.0
21232,10.0
21233,10.0
21234,10.0
21235,10.0
21236,10.0
21237,10.0
21238,10.0
21239,10.0
21240,10.0
21241,10.0
21242,10.0
21243,10.0
21244,10.0
21245,10.0
21246,10.0
21247,10.0
21248,10.0
21249,10.0
21250,10.0
21251,10.0
21252,10.0
21253,10.0
21254,10.0
21255,10.0
21256,10.0
21257,10.0
21258,10.0
21259,10.0
21260,10.0
21261,10.0
21262,10.0
21263,10.0
21264,10.0
21265,10.0
21266,10.0
21267,10.0
21268,10.0
21269,10.0
21270,10.0
21271,10.0
21272,10.0
21273,10.0
21274,10.0
21275,10.0
21276,10.0
21277,10.0
21278,10.0
21279,10.0
21280,10.0
21281,10.0
21282,10.0
21283,10.0
21284,10.0
21285,11.0
21286,11.0
21287,11.0
21288,11.0
21289,11.0
21290,11.0
21291,11.0
21292,11.0
21293,11.0
21294,11.0
21295,11.0
21296,11.0
21297,11.0
21298,11.0
21299,11.0
21300,11.0
21301,11.0
21302,11.0
21303,11.0
21304,11.0
21305,11.0
21306,11.0
21307,11.0
21308,11.0
21309,11.0
21310,11.0
21311,11.0
21312,11.0
21313,11.0
21314,11.0
21315,11.0
21316,11.0
21317,11.0
21318,11.0
21319,11.0
21320,11.0
21321,11.0
21322,11.0
21323,11.0
21324,11.0
21325,11.0
21326,11.0
21327,11.0
21328,11.0
21329,11.0
21330,11.0
21331,11.0
21332,11.0
21333,11.0
21334,11.0
21335,11.0
21336,11.0
21337,11.0
21338,11.0
21339,11.0
21340,11.0
21341,11.0
21342,11.0
21343,11.0
21344,11.0
21345,11.0
21346,11.0
21347,11.0
21348,11.0
21349,11.0
21350,11.0
21351,11.0
21352,11.0
21353,11.0
21354,11.0
21355,11.0
21356,11.0
21357,11.0
21358,11.0
21359,11.0
21360,11.0
21361,11.0
21362,11.0
21363,11.0
21364,11.0
21365,11.0
21366,11.0
21367,11.0
21368,11.0
21369,11.0
21370,11.0
21371,11.0
21372,11.0
21373,11.0
21374,11.0
21375,11.0
21376,11.0
21377,11.0
21378,11.0
21379,11.0
21380,11.0
21381,11.0
21382,11.0
21383,11.0
21384,11.0
21385,11.0
21386,11.0
21387,11.0
21388,11.0
21389,11.0
21390,11.0
21391,11.0
21392,11.0
21393,11.0
21394,11.0
21395,11.0
21396,11.0
21397,11.0
21398,11.0
21399,11.0
21400,11.0
21401,11.0
21402,11.0
21403,11.0
21404,11.0
21405,11.0
21406,11.0
21407,11.0
21408,11.0
21409,11.0
21410,11.0
21411,11.0
21412,11.0
21413,11.0
21414,11.0
21415,11.0
21416,11.0
21417,11.0
21418,11.0
21419,11.0
21420,12.0
21421,12.0
21422,11.0
21423,11.0
21424,11.0
21425,11.0
21426,12.0
21427,12.0
21428,12.0
21429,12.0
21430,12.0
21431,12.0
21432,12.0
21433,12.0
21434,12.0
21435,12.0
21436,12.0
21437,12.0
21438,12.0
21439,12.0
21440,12.0
21441,12.0
21442,12.0
21443,12.0
21444,12.0
21445,12.0
21446,12.0
21447,11.0
21448,11.0
21449,11.0
21450,11.0
21451,11.0
21452,11.0
21453,10.0
21454,10.0
21455,10.0
21456,10.0
21457,10.0
21458,10.0
21459,10.0
21460,10.0
21461,10.0
21462,10.0
21463,10.0
21464,10.0
21465,10.0
21466,10.0
21467,10.0
21468,9.0
21469,8.0
21470,8.0
21471,8.0
21472,8.0
21473,8.0
21474,8.0
21475,8.0
21476,8.0
21477,8.0
21478,8.0
21479,8.0
21480,8.0
21481,8.0
21482,8.0
21483,8.0
21484,8.0
21485,8.0
21486,8.0
21487,8.0
21488,8.0
21489,8.0
21490,8.0
21491,8.0
21492,8.0
21493,8.0
21494,8.0
21495,8.0
21496,8.0
21497,8.0
21498,8.0
21499,8.0
21500,9.0
21501,9.0
21502,9.0
21503,9.0
21504,9.0
21505,9.0
21506,9.0
21507,9.0
21508,9.0
21509,9.0
21510,9.0
21511,9.0
21512,9.0
21513,9.0
21514,9.0
21515,9.0
21516,9.0
21517,9.0
21518,9.0
21519,9.0
21520,9.0
21521,9.0
21522,9.0
21523,9.0
21524,9.0
21525,9.0
21526,9.0
21527,9.0
21528,9.0
21529,9.0
21530,9.0
21531,9.0
21532,9.0
21533,9.0
21534,9.0
21535,9.0
21536,9.0
21537,9.0
21538,9.0
21539,9.0
21540,9.0
21541,9.0
21542,9.0
21543,9.0
21544,9.0
21545,9.0
21546,9.0
21547,9.0
21548,9.0
21549,9.0
21550,9.0
21551,9.0
21552,9.0
21553,9.0
21554,9.0
21555,9.0
21556,9.0
21557,9.0
21558,9.0
21559,9.0
21560,9.0
21561,9.0
21562,9.0
21563,9.0
21564,9.0
21565,9.0
21566,9.0
21567,9.0
21568,9.0
21569,9.0
21570,9.0
21571,9.0
21572,9.0
21573,9.0
21574,9.0
21575,9.0
21576,9.0
21577,9.0
21578,9.0
21579,9.0
21580,9.0
21581,9.0
21582,9.0
21583,9.0
21584,9.0
21585,9.0
21586,9.0
21587,9.0
21588,9.0
21589,9.0
21590,9.0
21591,9.0
21592,9.0
21593,9.0
21594,9.0
21595,9.0
21596,9.0
21597,9.0
21598,9.0
21599,9.0
21600,9.0
21601,9.0
21602,9.0
21603,9.0
21604,9.0
21605,9.0
21606,9.0
21607,9.0
21608,9.0
21609,9.0
21610,9.0
21611,9.0
21612,9.0
21613,9.0
21614,9.0
21615,9.0
21616,9.0
21617,9.0
21618,9.0
21619,9.0
21620,9.0
21621,9.0
21622,9.0
21623,9.0
21624,9.0
21625,9.0
21626,9.0
21627,9.0
21628,9.0
21629,9.0
21630,9.0
21631,9.0
21632,9.0
21633,9.0
21634,9.0
21635,9.0
21636,9.0
21637,9.0
21638,9.0
21639,9.0
21640,9.0
21641,9.0
21642,9.0
21643,9.0
21644,9.0
21645,9.0
21646,9.0
21647,9.0
21648,9.0
21649,9.0
21650,9.0
21651,9.0
21652,9.0
21653,9.0
21654,9.0
21655,9.0
21656,9.0
21657,9.0
21658,9.0
21659,9.0
21660,9.0
21661,9.0
21662,9.0
21663,9.0
21664,9.0
21665,9.0
21666,9.0
21667,9.0
21668,9.0
21669,9.0
21670,9.0
21671,9.0
21672,9.0
21673,9.0
21674,9.0
21675,9.0
21676,9.0
21677,9.0
21678,9.0
21679,9.0
21680,9.0
21681,9.0
21682,9.0
21683,9.0
21684,9.0
21685,9.0
21686,9.0
21687,9.0
21688,9.0
21689,9.0
21690,9.0
21691,9.0
21692,9.0
21693,9.0
21694,9.0
21695,9.0
21696,9.0
21697,9.0
21698,9.0
21699,9.0
21700,9.0
21701,9.0
21702,9.0
21703,9.0
21704,9.0
21705,9.0
21706,9.0
21707,9.0
21708,9.0
21709,9.0
21710,9.0
21711,8.0
21712,8.0
21713,8.0
21714,8.0
21715,8.0
21716,8.0
21717,8.0
21718,8.0
21719,8.0
21720,8.0
21721,8.0
21722,8.0
21723,8.0
21724,8.0
21725,8.0
21726,8.0
21727,8.0
21728,8.0
21729,8.0
21730,8.0
21731,8.0
21732,8.0
21733,8.0
21734,8.0
21735,8.0
21736,8.0
21737,8.0
21738,8.0
21739,8.0
21740,8.0
21741,8.0
21742,8.0
21743,8.0
21744,8.0
21745,8.0
21746,8.0
21747,8.0
21748,8.0
21749,8.0
21750,8.0
21751,8.0
21752,8.0
21753,8.0
21754,8.0
21755,8.0
21756,8.0
21757,8.0
21758,8.0
21759,8.0
21760,8.0
21761,8.0
21762,8.0
21763,8.0
21764,8.0
21765,8.0
21766,8.0
21767,8.0
21768,8.0
21769,8.0
21770,8.0
21771,8.0
21772,8.0
21773,8.0
21774,8.0
21775,8.0
21776,8.0
21777,8.0
21778,8.0
21779,8.0
21780,8.0
21781,8.0
21782,8.0
21783,8.0
21784,9.0
21785,9.0
21786,9.0
21787,9.0
21788,9.0
21789,9.0
21790,9.0
21791,9.0
21792,9.0
21793,9.0
21794,9.0
21795,9.0
21796,9.0
21797,9.0
21798,9.0
21799,9.0
21800,9.0
21801,9.0
21802,9.0
21803,9.0
21804,9.0
21805,9.0
21806,9.0
21807,9.0
21808,9.0
21809,9.0
21810,9.0
21811,9.0
21812,9.0
21813,9.0
21814,9.0
21815,9.0
21816,9.0
21817,9.0
21818,9.0
21819,9.0
21820,9.0
21821,9.0
21822,9.0
21823,9.0
21824,9.0
21825,9.0
21826,9.0
21827,9.0
21828,9.0
21829,9.0
21830,9.0
21831,9.0
21832,9.0
21833,9.0
21834,9.0
21835,9.0
21836,9.0
21837,9.0
21838,9.0
21839,9.0
21840,9.0
21841,9.0
21842,9.0
21843,9.0
21844,9.0
21845,9.0
21846,10.0
21847,10.0
21848,10.0
21849,10.0
21850,10.0
21851,10.0
21852,10.0
21853,10.0
21854,10.0
21855,10.0
21856,10.0
21857,10.0
21858,10.0
21859,10.0
21860,10.0
21861,10.0
21862,10.0
21863,10.0
21864,10.0
21865,10.0
21866,10.0
21867,10.0
21868,10.0
21869,10.0
21870,10.0
21871,10.0
21872,10.0
21873,10.0
21874,10.0
21875,10.0
21876,10.0
21877,10.0
21878,10.0
21879,10.0
21880,10.0
21881,10.0
21882,10.0
21883,10.0
21884,10.0
21885,10.0
21886,10.0
21887,11.0
21888,11.0
21889,11.0
21890,11.0
21891,11.0
21892,11.0
21893,11.0
21894,11.0
21895,10.0
21896,10.0
21897,10.0
21898,10.0
21899,10.0
21900,10.0
21901,9.0
21902,9.0
21903,9.0
21904,9.0
21905,9.0
21906,9.0
21907,9.0
21908,9.0
21909,9.0
21910,9.0
21911,9.0
21912,9.0
21913,9.0
21914,9.0
21915,9.0
21916,9.0
21917,9.0
21918,9.0
21919,9.0
21920,9.0
21921,9.0
21922,9.0
21923,9.0
21924,9.0
21925,9.0
21926,9.0
21927,9.0
21928,9.0
21929,9.0
21930,9.0
21931,9.0
21932,9.0
21933,9.0
21934,9.0
21935,9.0
21936,9.0
21937,9.0
21938,9.0
21939,9.0
21940,9.0
21941,9.0
21942,9.0
21943,9.0
21944,9.0
21945,9.0
21946,9.0
21947,9.0
21948,9.0
21949,9.0
21950,10.0
21951,10.0
21952,10.0
21953,10.0
21954,10.0
21955,10.0
21956,10.0
21957,9.0
21958,9.0
21959,8.0
21960,8.0
21961,8.0
21962,8.0
21963,8.0
21964,8.0
21965,8.0
21966,8.0
21967,8.0
21968,8.0
21969,8.0
21970,9.0
21971,9.0
21972,9.0
21973,10.0
21974,10.0
21975,10.0
21976,10.0
21977,10.0
21978,10.0
21979,10.0
21980,10.0
21981,10.0
21982,10.0
21983,10.0
21984,10.0
21985,10.0
21986,10.0
21987,10.0
21988,10.0
21989,10.0
21990,10.0
21991,10.0
21992,10.0
21993,10.0
21994,10.0
21995,10.0
21996,10.0
21997,10.0
21998,10.0
21999,10.0
22000,11.0
22001,11.0
22002,11.0
22003,11.0
22004,11.0
22005,11.0
22006,11.0
22007,11.0
22008,11.0
22009,11.0
22010,11.0
22011,11.0
22012,11.0
22013,11.0
22014,11.0
22015,11.0
22016,11.0
22017,11.0
22018,11.0
22019,11.0
22020,11.0
22021,11.0
22022,11.0
22023,11.0
22024,11.0
22025,11.0
22026,11.0
22027,11.0
22028,11.0
22029,11.0
22030,11.0
22031,11.0
22032,11.0
22033,11.0
22034,11.0
22035,11.0
22036,11.0
22037,11.0
22038,11.0
22039,11.0
22040,11.0
22041,11.0
22042,11.0
22043,11.0
22044,11.0
22045,11.0
22046,11.0
22047,11.0
22048,11.0
22049,11.0
22050,11.0
22051,11.0
22052,11.0
22053,11.0
22054,11.0
22055,11.0
22056,11.0
22057,11.0
22058,11.0
22059,11.0
22060,11.0
22061,11.0
22062,11.0
22063,10.0
22064,10.0
22065,10.0
22066,10.0
22067,10.0
22068,10.0
22069,10.0
22070,10.0
22071,10.0
22072,11.0
22073,11.0
22074,11.0
22075,11.0
22076,11.0
22077,11.0
22078,11.0
22079,11.0
22080,9.0
22081,9.0
22082,9.0
22083,9.0
22084,9.0
22085,9.0
22086,9.0
22087,9.0
22088,9.0
22089,9.0
22090,9.0
22091,9.0
22092,9.0
22093,9.0
22094,9.0
22095,9.0
22096,9.0
22097,9.0
22098,9.0
22099,9.0
22100,9.0
22101,9.0
22102,9.0
22103,9.0
22104,9.0
22105,9.0
22106,9.0
22107,9.0
22108,9.0
22109,9.0
22110,9.0
22111,9.0
22112,9.0
22113,9.0
22114,9.0
22115,9.0
22116,9.0
22117,9.0
22118,9.0
22119,9.0
22120,9.0
22121,9.0
22122,9.0
22123,9.0
22124,9.0
22125,9.0
22126,9.0
22127,9.0
22128,9.0
22129,9.0
22130,9.0
22131,9.0
22132,7.0
22133,7.0
22134,7.0
22135,7.0
22136,7.0
22137,7.0
22138,7.0
22139,7.0
22140,7.0
22141,7.0
22142,7.0
22143,7.0
22144,7.0
22145,7.0
22146,7.0
22147,7.0
22148,7.0
22149,7.0
22150,7.0
22151,7.0
22152,7.0
22153,7.0
22154,7.0
22155,7.0
22156,7.0
22157,7.0
22158,7.0
22159,7.0
22160,7.0
22161,7.0
22162,7.0
22163,7.0
22164,7.0
22165,7.0
22166,7.0
22167,7.0
22168,7.0
22169,7.0
22170,7.0
22171,7.0
22172,7.0
22173,7.0
22174,7.0
22175,7.0
22176,7.0
22177,7.0
22178,7.0
22179,7.0
22180,7.0
22181,7.0
22182,7.0
22183,7.0
22184,7.0
22185,7.0
22186,7.0
22187,7.0
22188,7.0
22189,7.0
22190,7.0
22191,7.0
22192,7.0
22193,7.0
22194,7.0
22195,7.0
22196,7.0
22197,7.0
22198,7.0
22199,7.0
22200,7.0
22201,7.0
22202,7.0
22203,7.0
22204,7.0
22205,7.0
22206,7.0
22207,7.0
22208,7.0
22209,7.0
22210,7.0
22211,7.0
22212,7.0
22213,7.0
22214,7.0
22215,7.0
22216,7.0
22217,7.0
22218,7.0
22219,8.0
22220,8.0
22221,8.0
22222,8.0
22223,8.0
22224,8.0
22225,8.0
22226,8.0
22227,8.0
22228,8.0
22229,8.0
22230,8.0
22231,8.0
22232,8.0
22233,8.0
22234,8.0
22235,8.0
22236,8.0
22237,8.0
22238,8.0
22239,8.0
22240,8.0
22241,8.0
22242,8.0
22243,8.0
22244,8.0
22245,8.0
22246,8.0
22247,8.0
22248,8.0
22249,8.0
22250,8.0
22251,8.0
22252,8.0
22253,8.0
22254,8.0
22255,8.0
22256,8.0
22257,8.0
22258,8.0
22259,8.0
22260,8.0
22261,8.0
22262,7.0
22263,7.0
22264,7.0
22265,7.0
22266,7.0
22267,7.0
22268,7.0
22269,7.0
22270,7.0
22271,7.0
22272,7.0
22273,7.0
22274,7.0
22275,7.0
22276,7.0
22277,7.0
22278,7.0
22279,7.0
22280,7.0
22281,7.0
22282,7.0
22283,7.0
22284,7.0
22285,7.0
22286,7.0
22287,7.0
22288,7.0
22289,7.0
22290,7.0
22291,7.0
22292,7.0
22293,7.0
22294,7.0
22295,7.0
22296,7.0
22297,7.0
22298,7.0
22299,7.0
22300,7.0
22301,7.0
22302,7.0
22303,7.0
22304,7.0
22305,7.0
22306,7.0
22307,7.0
22308,7.0
22309,7.0
22310,8.0
22311,8.0
22312,8.0
22313,8.0
22314,8.0
22315,8.0
22316,8.0
22317,8.0
22318,8.0
22319,8.0
22320,8.0
22321,8.0
22322,8.0
22323,8.0
22324,8.0
22325,8.0
22326,8.0
22327,8.0
22328,8.0
22329,8.0
22330,8.0
22331,8.0
22332,8.0
22333,8.0
22334,8.0
22335,8.0
22336,8.0
22337,8.0
22338,8.0
22339,8.0
22340,8.0
22341,8.0
22342,8.0
22343,8.0
22344,8.0
22345,8.0
22346,8.0
22347,8.0
22348,8.0
22349,8.0
22350,8.0
22351,8.0
22352,8.0
22353,8.0
22354,8.0
22355,8.0
22356,8.0
22357,8.0
22358,9.0
22359,9.0
22360,9.0
22361,9.0
22362,9.0
22363,9.0
22364,9.0
22365,9.0
22366,9.0
22367,9.0
22368,9.0
22369,9.0
22370,9.0
22371,9.0
22372,9.0
22373,9.0
22374,10.0
22375,10.0
22376,10.0
22377,10.0
22378,10.0
22379,10.0
22380,10.0
22381,10.0
22382,10.0
22383,10.0
22384,10.0
22385,10.0
22386,10.0
22387,10.0
22388,10.0
22389,10.0
22390,10.0
22391,10.0
22392,10.0
22393,10.0
22394,10.0
22395,10.0
22396,10.0
22397,10.0
22398,10.0
22399,10.0
22400,10.0
22401,10.0
22402,10.0
22403,10.0
22404,10.0
22405,10.0
22406,10.0
22407,10.0
22408,10.0
22409,10.0
22410,10.0
22411,10.0
22412,10.0
22413,10.0
22414,10.0
22415,10.0
22416,10.0
22417,10.0
22418,10.0
22419,10.0
22420,10.0
22421,10.0
22422,10.0
22423,10.0
22424,10.0
22425,10.0
22426,10.0
22427,10.0
22428,10.0
22429,10.0
22430,10.0
22431,10.0
22432,10.0
22433,10.0
22434,10.0
22435,10.0
22436,10.0
22437,10.0
22438,10.0
22439,10.0
22440,10.0
22441,10.0
22442,10.0
22443,10.0
22444,10.0
22445,10.0
22446,10.0
22447,10.0
22448,10.0
22449,10.0
22450,10.0
22451,10.0
22452,10.0
22453,10.0
22454,10.0
22455,10.0
22456,10.0
22457,10.0
22458,10.0
22459,10.0
22460,10.0
22461,10.0
22462,10.0
22463,10.0
22464,10.0
22465,10.0
22466,10.0
22467,10.0
22468,10.0
22469,10.0
22470,10.0
22471,10.0
22472,10.0
22473,10.0
22474,10.0
22475,10.0
22476,10.0
22477,10.0
22478,10.0
22479,10.0
22480,10.0
22481,10.0
22482,10.0
22483,10.0
22484,10.0
22485,10.0
22486,10.0
22487,10.0
22488,10.0
22489,10.0
22490,10.0
22491,10.0
22492,10.0
22493,10.0
22494,10.0
22495,10.0
22496,10.0
22497,10.0
22498,10.0
22499,10.0
22500,10.0
22501,10.0
22502,10.0
22503,10.0
22504,10.0
22505,10.0
22506,10.0
22507,10.0
22508,10.0
22509,10.0
22510,10.0
22511,10.0
22512,10.0
22513,10.0
22514,10.0
22515,10.0
22516,10.0
22517,10.0
22518,10.0
22519,10.0
22520,10.0
22521,10.0
22522,10.0
22523,10.0
22524,10.0
22525,10.0
22526,10.0
22527,10.0
22528,10.0
22529,10.0
22530,10.0
22531,10.0
22532,8.0
22533,8.0
22534,8.0
22535,8.0
22536,8.0
22537,8.0
22538,8.0
22539,8.0
22540,8.0
22541,8.0
22542,8.0
22543,8.0
22544,8.0
22545,8.0
22546,8.0
22547,8.0
22548,8.0
22549,8.0
22550,8.0
22551,8.0
22552,8.0
22553,8.0
22554,8.0
22555,8.0
22556,8.0
22557,8.0
22558,8.0
22559,8.0
22560,8.0
22561,8.0
22562,8.0
22563,8.0
22564,8.0
22565,8.0
22566,8.0
22567,8.0
22568,8.0
22569,8.0
22570,8.0
22571,8.0
22572,8.0
22573,8.0
22574,8.0
22575,8.0
22576,8.0
22577,8.0
22578,8.0
22579,8.0
22580,8.0
22581,8.0
22582,8.0
22583,8.0
22584,8.0
22585,8.0
22586,8.0
22587,8.0
22588,8.0
22589,8.0
22590,8.0
22591,8.0
22592,8.0
22593,8.0
22594,8.0
22595,8.0
22596,8.0
22597,8.0
22598,8.0
22599,8.0
22600,8.0
22601,8.0
22602,8.0
22603,8.0
22604,8.0
22605,8.0
22606,8.0
22607,8.0
22608,8.0
22609,8.0
22610,8.0
22611,8.0
22612,8.0
22613,8.0
22614,8.0
22615,8.0
22616,8.0
22617,8.0
22618,8.0
22619,8.0
22620,8.0
22621,8.0
22622,8.0
22623,8.0
22624,8.0
22625,8.0
22626,8.0
22627,8.0
22628,8.0
22629,8.0
22630,8.0
22631,8.0
22632,8.0
22633,8.0
22634,8.0
22635,8.0
22636,8.0
22637,8.0
22638,8.0
22639,8.0
22640,8.0
22641,8.0
22642,8.0
22643,8.0
22644,8.0
22645,8.0
22646,8.0
22647,8.0
22648,8.0
22649,8.0
22650,8.0
22651,8.0
22652,8.0
22653,8.0
22654,8.0
22655,8.0
22656,8.0
22657,8.0
22658,8.0
22659,8.0
22660,8.0
22661,8.0
22662,8.0
22663,8.0
22664,8.0
22665,8.0
22666,8.0
22667,8.0
22668,8.0
22669,8.0
22670,8.0
22671,8.0
22672,8.0
22673,8.0
22674,8.0
22675,8.0
22676,8.0
22677,8.0
22678,8.0
22679,8.0
22680,8.0
22681,8.0
22682,8.0
22683,8.0
22684,8.0
22685,8.0
22686,8.0
22687,8.0
22688,8.0
22689,8.0
22690,8.0
22691,8.0
22692,8.0
22693,8.0
22694,8.0
22695,8.0
22696,8.0
22697,8.0
22698,8.0
22699,8.0
22700,8.0
22701,8.0
22702,8.0
22703,8.0
22704,8.0
22705,8.0
22706,8.0
22707,8.0
22708,8.0
22709,8.0
22710,8.0
22711,8.0
22712,8.0
22713,8.0
22714,8.0
22715,8.0
22716,8.0
22717,8.0
22718,8.0
22719,8.0
22720,8.0
22721,8.0
22722,8.0
22723,8.0
22724,8.0
22725,8.0
22726,8.0
22727,8.0
22728,8.0
22729,8.0
22730,8.0
22731,8.0
22732,8.0
22733,8.0
22734,8.0
22735,8.0
22736,8.0
22737,8.0
22738,8.0
22739,8.0
22740,8.0
22741,8.0
22742,8.0
22743,8.0
22744,8.0
22745,8.0
22746,8.0
22747,8.0
22748,8.0
22749,8.0
22750,8.0
22751,8.0
22752,8.0
22753,8.0
22754,8.0
22755,8.0
22756,8.0
22757,8.0
22758,8.0
22759,8.0
22760,8.0
22761,8.0
22762,8.0
22763,8.0
22764,8.0
22765,8.0
22766,8.0
22767,8.0
22768,8.0
22769,8.0
22770,8.0
22771,8.0
22772,8.0
22773,8.0
22774,8.0
22775,8.0
22776,8.0
22777,8.0
22778,8.0
22779,8.0
22780,8.0
22781,8.0
22782,8.0
22783,8.0
22784,8.0
22785,8.0
22786,8.0
22787,8.0
22788,8.0
22789,8.0
22790,8.0
22791,8.0
22792,8.0
22793,8.0
22794,8.0
22795,8.0
22796,9.0
22797,9.0
22798,9.0
22799,9.0
22800,9.0
22801,9.0
22802,9.0
22803,9.0
22804,9.0
22805,9.0
22806,9.0
22807,9.0
22808,9.0
22809,9.0
22810,9.0
22811,9.0
22812,9.0
22813,9.0
22814,9.0
22815,9.0
22816,9.0
22817,9.0
22818,9.0
22819,9.0
22820,9.0
22821,9.0
22822,9.0
22823,9.0
22824,9.0
22825,9.0
22826,9.0
22827,9.0
22828,9.0
22829,9.0
22830,9.0
22831,9.0
22832,10.0
22833,10.0
22834,10.0
22835,10.0
22836,10.0
22837,10.0
22838,10.0
22839,10.0
22840,10.0
22841,10.0
22842,10.0
22843,10.0
22844,10.0
22845,10.0
22846,10.0
22847,10.0
22848,10.0
22849,10.0
22850,10.0
22851,10.0
22852,10.0
22853,10.0
22854,10.0
22855,10.0
22856,10.0
22857,10.0
22858,10.0
22859,10.0
22860,10.0
22861,10.0
22862,10.0
22863,10.0
22864,10.0
22865,10.0
22866,10.0
22867,10.0
22868,10.0
22869,10.0
22870,10.0
22871,10.0
22872,10.0
22873,10.0
22874,10.0
22875,10.0
22876,10.0
22877,10.0
22878,10.0
22879,10.0
22880,10.0
22881,10.0
22882,10.0
22883,10.0
22884,10.0
22885,10.0
22886,10.0
22887,10.0
22888,10.0
22889,10.0
22890,10.0
22891,10.0
22892,10.0
22893,10.0
22894,10.0
22895,10.0
22896,10.0
22897,10.0
22898,10.0
22899,10.0
22900,10.0
22901,10.0
22902,10.0
22903,10.0
22904,10.0
22905,10.0
22906,10.0
22907,10.0
22908,10.0
22909,10.0
22910,10.0
22911,10.0
22912,10.0
22913,10.0
22914,10.0
22915,10.0
22916,10.0
22917,10.0
22918,10.0
22919,10.0
22920,10.0
22921,10.0
22922,10.0
22923,10.0
22924,10.0
22925,10.0
22926,10.0
22927,10.0
22928,10.0
22929,10.0
22930,10.0
22931,10.0
22932,10.0
22933,10.0
22934,10.0
22935,10.0
22936,10.0
22937,10.0
22938,10.0
22939,10.0
22940,10.0
22941,10.0
22942,10.0
22943,10.0
22944,10.0
22945,10.0
22946,10.0
22947,10.0
22948,10.0
22949,10.0
22950,10.0
22951,10.0
22952,10.0
22953,10.0
22954,10.0
22955,10.0
22956,10.0
22957,10.0
22958,10.0
22959,10.0
22960,10.0
22961,10.0
22962,10.0
22963,10.0
22964,10.0
22965,10.0
22966,10.0
22967,10.0
22968,10.0
22969,10.0
22970,10.0
22971,10.0
22972,10.0
22973,10.0
22974,10.0
22975,10.0
22976,10.0
22977,10.0
22978,10.0
22979,10.0
22980,10.0
22981,10.0
22982,10.0
22983,10.0
22984,10.0
22985,10.0
22986,10.0
22987,10.0
22988,10.0
22989,10.0
22990,10.0
22991,10.0
22992,10.0
22993,10.0
22994,10.0
22995,10.0
22996,10.0
22997,10.0
22998,10.0
22999,10.0
23000,10.0
23001,10.0
23002,10.0
23003,10.0
23004,10.0
23005,10.0
23006,10.0
23007,10.0
23008,10.0
23009,10.0
23010,10.0
23011,10.0
23012,10.0
23013,10.0
23014,10.0
23015,10.0
23016,10.0
23017,10.0
23018,10.0
23019,10.0
23020,10.0
23021,10.0
23022,10.0
23023,10.0
23024,10.0
23025,10.0
23026,10.0
23027,10.0
23028,10.0
23029,10.0
23030,10.0
23031,10.0
23032,10.0
23033,10.0
23034,10.0
23035,10.0
23036,10.0
23037,10.0
23038,10.0
23039,10.0
23040,10.0
23041,10.0
23042,10.0
23043,10.0
23044,10.0
23045,10.0
23046,10.0
23047,10.0
23048,10.0
23049,10.0
23050,10.0
23051,10.0
23052,10.0
23053,10.0
23054,10.0
23055,10.0
23056,10.0
23057,10.0
23058,10.0
23059,10.0
23060,10.0
23061,10.0
23062,10.0
23063,10.0
23064,10.0
23065,10.0
23066,10.0
23067,10.0
23068,10.0
23069,10.0
23070,10.0
23071,10.0
23072,10.0
23073,10.0
23074,10.0
23075,10.0
23076,10.0
23077,10.0
23078,10.0
23079,10.0
23080,10.0
23081,10.0
23082,10.0
23083,10.0
23084,10.0
23085,10.0
23086,10.0
23087,10.0
23088,10.0
23089,10.0
23090,10.0
23091,10.0
23092,10.0
23093,10.0
23094,10.0
23095,10.0
23096,10.0
23097,10.0
23098,10.0
23099,10.0
23100,10.0
23101,10.0
23102,10.0
23103,10.0
23104,10.0
23105,10.0
23106,10.0
23107,10.0
23108,10.0
23109,10.0
23110,10.0
23111,10.0
23112,10.0
23113,10.0
23114,10.0
23115,10.0
23116,10.0
23117,10.0
23118,10.0
23119,10.0
23120,10.0
23121,10.0
23122,10.0
23123,10.0
23124,10.0
23125,10.0
23126,10.0
23127,10.0
23128,10.0
23129,10.0
23130,10.0
23131,10.0
23132,10.0
23133,10.0
23134,10.0
23135,10.0
23136,10.0
23137,10.0
23138,10.0
23139,10.0
23140,10.0
23141,10.0
23142,10.0
23143,10.0
23144,10.0
23145,10.0
23146,10.0
23147,10.0
23148,10.0
23149,10.0
23150,10.0
23151,10.0
23152,10.0
23153,10.0
23154,10.0
23155,10.0
23156,10.0
23157,10.0
23158,10.0
23159,10.0
23160,10.0
23161,10.0
23162,10.0
23163,10.0
23164,10.0
23165,10.0
23166,10.0
23167,10.0
23168,10.0
23169,10.0
23170,10.0
23171,10.0
23172,10.0
23173,10.0
23174,10.0
23175,10.0
23176,10.0
23177,10.0
23178,10.0
23179,10.0
23180,10.0
23181,10.0
23182,10.0
23183,10.0
23184,10.0
23185,10.0
23186,10.0
23187,10.0
23188,10.0
23189,10.0
23190,10.0
23191,10.0
23192,10.0
23193,10.0
23194,10.0
23195,10.0
23196,10.0
23197,10.0
23198,10.0
23199,10.0
23200,10.0
23201,10.0
23202,10.0
23203,10.0
23204,10.0
23205,10.0
23206,10.0
23207,10.0
23208,10.0
23209,10.0
23210,10.0
23211,10.0
23212,10.0
23213,10.0
23214,10.0
23215,10.0
23216,10.0
23217,10.0
23218,10.0
23219,10.0
23220,10.0
23221,10.0
23222,10.0
23223,10.0
23224,10.0
23225,10.0
23226,10.0
23227,10.0
23228,10.0
23229,10.0
23230,10.0
23231,10.0
23232,10.0
23233,10.0
23234,10.0
23235,10.0
23236,10.0
23237,10.0
23238,10.0
23239,10.0
23240,10.0
23241,10.0
23242,10.0
23243,10.0
23244,10.0
23245,10.0
23246,10.0
23247,10.0
23248,10.0
23249,10.0
23250,10.0
23251,10.0
23252,10.0
23253,10.0
23254,10.0
23255,10.0
23256,10.0
23257,10.0
23258,10.0
23259,10.0
23260,10.0
23261,10.0
23262,10.0
23263,10.0
23264,10.0
23265,10.0
23266,10.0
23267,10.0
23268,10.0
23269,10.0
23270,10.0
23271,10.0
23272,10.0
23273,10.0
23274,10.0
23275,10.0
23276,10.0
23277,10.0
23278,10.0
23279,10.0
23280,10.0
23281,10.0
23282,10.0
23283,10.0
23284,10.0
23285,10.0
23286,10.0
23287,10.0
23288,10.0
23289,10.0
23290,10.0
23291,10.0
23292,10.0
23293,10.0
23294,10.0
23295,10.0
23296,10.0
23297,10.0
23298,10.0
23299,10.0
23300,10.0
23301,10.0
23302,10.0
23303,10.0
23304,10.0
23305,10.0
23306,10.0
23307,10.0
23308,10.0
23309,10.0
23310,10.0
23311,10.0
23312,10.0
23313,10.0
23314,10.0
23315,10.0
23316,10.0
23317,10.0
23318,10.0
23319,10.0
23320,10.0
23321,10.0
23322,10.0
23323,10.0
23324,10.0
23325,10.0
23326,10.0
23327,10.0
23328,10.0
23329,10.0
23330,10.0
23331,10.0
23332,10.0
23333,10.0
23334,10.0
23335,10.0
23336,10.0
23337,10.0
23338,10.0
23339,10.0
23340,10.0
23341,10.0
23342,10.0
23343,10.0
23344,10.0
23345,10.0
23346,10.0
23347,10.0
23348,10.0
23349,10.0
23350,10.0
23351,10.0
23352,10.0
23353,10.0
23354,10.0
23355,10.0
23356,10.0
23357,10.0
23358,10.0
23359,10.0
23360,10.0
23361,10.0
23362,10.0
23363,10.0
23364,10.0
23365,10.0
23366,10.0
23367,10.0
23368,10.0
23369,10.0
23370,10.0
23371,10.0
23372,10.0
23373,10.0
23374,10.0
23375,10.0
23376,10.0
23377,10.0
23378,10.0
23379,10.0
23380,10.0
23381,10.0
23382,10.0
23383,10.0
23384,10.0
23385,10.0
23386,10.0
23387,10.0
23388,10.0
23389,10.0
23390,10.0
23391,10.0
23392,10.0
23393,10.0
23394,10.0
23395,10.0
23396,10.0
23397,10.0
23398,10.0
23399,10.0
23400,10.0
23401,10.0
23402,10.0
23403,10.0
23404,10.0
23405,10.0
23406,10.0
23407,10.0
23408,10.0
23409,10.0
23410,10.0
23411,10.0
23412,10.0
23413,10.0
23414,10.0
23415,10.0
23416,10.0
23417,10.0
23418,10.0
23419,10.0
23420,10.0
23421,10.0
23422,10.0
23423,10.0
23424,10.0
23425,10.0
23426,10.0
23427,10.0
23428,10.0
23429,10.0
23430,10.0
23431,10.0
23432,10.0
23433,10.0
23434,10.0
23435,10.0
23436,10.0
23437,10.0
23438,10.0
23439,10.0
23440,10.0
23441,10.0
23442,10.0
23443,10.0
23444,10.0
23445,10.0
23446,10.0
23447,10.0
23448,10.0
23449,10.0
23450,10.0
23451,10.0
23452,10.0
23453,10.0
23454,10.0
23455,10.0
23456,10.0
23457,10.0
23458,10.0
23459,10.0
23460,10.0
23461,10.0
23462,10.0
23463,10.0
23464,10.0
23465,10.0
23466,10.0
23467,10.0
23468,10.0
23469,10.0
23470,10.0
23471,10.0
23472,10.0
23473,10.0
23474,10.0
23475,10.0
23476,11.0
23477,11.0
23478,11.0
23479,11.0
23480,11.0
23481,11.0
23482,11.0
23483,11.0
23484,11.0
23485,11.0
23486,11.0
23487,11.0
23488,11.0
23489,11.0
23490,11.0
23491,11.0
23492,11.0
23493,11.0
23494,11.0
23495,11.0
23496,11.0
23497,11.0
23498,11.0
23499,11.0
23500,11.0
23501,11.0
23502,11.0
23503,11.0
23504,11.0
23505,11.0
23506,11.0
23507,11.0
23508,11.0
23509,11.0
23510,11.0
23511,11.0
23512,11.0
23513,11.0
23514,11.0
23515,11.0
23516,11.0
23517,11.0
23518,11.0
23519,11.0
23520,11.0
23521,11.0
23522,11.0
23523,11.0
23524,11.0
23525,11.0
23526,11.0
23527,11.0
23528,11.0
23529,11.0
23530,11.0
23531,11.0
23532,11.0
23533,11.0
23534,11.0
23535,11.0
23536,11.0
23537,11.0
23538,11.0
23539,10.0
23540,10.0
23541,10.0
23542,10.0
23543,10.0
23544,10.0
23545,10.0
23546,10.0
23547,10.0
23548,10.0
23549,10.0
23550,10.0
23551,10.0
23552,10.0
23553,10.0
23554,10.0
23555,10.0
23556,10.0
23557,10.0
23558,10.0
23559,10.0
23560,10.0
23561,10.0
23562,10.0
23563,9.0
23564,9.0
23565,9.0
23566,9.0
23567,9.0
23568,9.0
23569,9.0
23570,9.0
23571,9.0
23572,9.0
23573,9.0
23574,9.0
23575,9.0
23576,9.0
23577,9.0
23578,9.0
23579,9.0
23580,9.0
23581,9.0
23582,9.0
23583,9.0
23584,9.0
23585,9.0
23586,9.0
23587,9.0
23588,9.0
23589,9.0
23590,9.0
23591,9.0
23592,9.0
23593,9.0
23594,9.0
23595,9.0
23596,9.0
23597,9.0
23598,9.0
23599,9.0
23600,9.0
23601,9.0
23602,9.0
23603,9.0
23604,9.0
23605,9.0
23606,9.0
23607,9.0
23608,9.0
23609,9.0
23610,9.0
23611,9.0
23612,9.0
23613,9.0
23614,9.0
23615,9.0
23616,9.0
23617,9.0
23618,9.0
23619,9.0
23620,9.0
23621,9.0
23622,9.0
23623,9.0
23624,9.0
23625,9.0
23626,9.0
23627,9.0
23628,9.0
23629,9.0
23630,9.0
23631,9.0
23632,9.0
23633,9.0
23634,9.0
23635,9.0
23636,9.0
23637,9.0
23638,9.0
23639,9.0
23640,9.0
23641,9.0
23642,9.0
23643,9.0
23644,9.0
23645,9.0
23646,9.0
23647,9.0
23648,9.0
23649,9.0
23650,9.0
23651,9.0
23652,9.0
23653,9.0
23654,9.0
23655,9.0
23656,9.0
23657,9.0
23658,9.0
23659,9.0
23660,9.0
23661,9.0
23662,9.0
23663,9.0
23664,9.0
23665,9.0
23666,9.0
23667,9.0
23668,9.0
23669,10.0
23670,10.0
23671,10.0
23672,10.0
23673,10.0
23674,10.0
23675,10.0
23676,10.0
23677,10.0
23678,10.0
23679,10.0
23680,10.0
23681,10.0
23682,10.0
23683,10.0
23684,10.0
23685,10.0
23686,10.0
23687,10.0
23688,10.0
23689,10.0
23690,10.0
23691,10.0
23692,10.0
23693,10.0
23694,10.0
23695,10.0
23696,10.0
23697,10.0
23698,10.0
23699,10.0
23700,10.0
23701,10.0
23702,10.0
23703,10.0
23704,10.0
23705,10.0
23706,10.0
23707,10.0
23708,10.0
23709,10.0
23710,10.0
23711,10.0
23712,10.0
23713,10.0
23714,10.0
23715,10.0
23716,10.0
23717,10.0
23718,10.0
23719,10.0
23720,10.0
23721,10.0
23722,10.0
23723,10.0
23724,10.0
23725,10.0
23726,10.0
23727,10.0
23728,10.0
23729,10.0
23730,10.0
23731,10.0
23732,10.0
23733,10.0
23734,10.0
23735,10.0
23736,10.0
23737,10.0
23738,10.0
23739,10.0
23740,10.0
23741,10.0
23742,10.0
23743,10.0
23744,10.0
23745,10.0
23746,11.0
23747,11.0
23748,11.0
23749,11.0
23750,11.0
23751,11.0
23752,11.0
23753,11.0
23754,11.0
23755,11.0
23756,11.0
23757,11.0
23758,11.0
23759,11.0
23760,11.0
23761,11.0
23762,11.0
23763,11.0
23764,11.0
23765,11.0
23766,11.0
23767,11.0
23768,11.0
23769,11.0
23770,11.0
23771,11.0
23772,11.0
23773,11.0
23774,11.0
23775,11.0
23776,11.0
23777,11.0
23778,11.0
23779,11.0
23780,11.0
23781,11.0
23782,11.0
23783,11.0
23784,11.0
23785,11.0
23786,11.0
23787,11.0
23788,11.0
23789,11.0
23790,11.0
23791,11.0
23792,11.0
23793,11.0
23794,11.0
23795,11.0
23796,11.0
23797,11.0
23798,11.0
23799,11.0
23800,11.0
23801,11.0
23802,11.0
23803,11.0
23804,11.0
23805,11.0
23806,11.0
23807,11.0
23808,11.0
23809,11.0
23810,11.0
23811,11.0
23812,11.0
23813,11.0
23814,11.0
23815,11.0
23816,11.0
23817,11.0
23818,11.0
23819,11.0
23820,11.0
23821,11.0
23822,11.0
23823,11.0
23824,11.0
23825,11.0
23826,11.0
23827,11.0
23828,11.0
23829,11.0
23830,11.0
23831,11.0
23832,11.0
23833,11.0
23834,11.0
23835,11.0
23836,11.0
23837,11.0
23838,11.0
23839,11.0
23840,11.0
23841,11.0
23842,11.0
23843,11.0
23844,11.0
23845,11.0
23846,11.0
23847,11.0
23848,11.0
23849,11.0
23850,10.0
23851,10.0
23852,10.0
23853,10.0
23854,10.0
23855,10.0
23856,10.0
23857,10.0
23858,10.0
23859,10.0
23860,10.0
23861,10.0
23862,10.0
23863,10.0
23864,10.0
23865,10.0
23866,10.0
23867,10.0
23868,10.0
23869,10.0
23870,10.0
23871,11.0
23872,11.0
23873,11.0
23874,11.0
23875,11.0
23876,10.0
23877,10.0
23878,10.0
23879,10.0
23880,10.0
23881,10.0
23882,10.0
23883,10.0
23884,10.0
23885,10.0
23886,10.0
23887,10.0
23888,10.0
23889,10.0
23890,10.0
23891,10.0
23892,10.0
23893,10.0
23894,10.0
23895,10.0
23896,10.0
23897,10.0
23898,10.0
23899,10.0
23900,10.0
23901,10.0
23902,10.0
23903,10.0
23904,10.0
23905,10.0
23906,10.0
23907,10.0
23908,10.0
23909,10.0
23910,10.0
23911,10.0
23912,10.0
23913,10.0
23914,10.0
23915,10.0
23916,10.0
23917,10.0
23918,10.0
23919,10.0
23920,10.0
23921,10.0
23922,10.0
23923,10.0
23924,10.0
23925,10.0
23926,10.0
23927,10.0
23928,10.0
23929,10.0
23930,10.0
23931,10.0
23932,10.0
23933,10.0
23934,10.0
23935,10.0
23936,10.0
23937,10.0
23938,10.0
23939,10.0
23940,10.0
23941,10.0
23942,10.0
23943,10.0
23944,10.0
23945,10.0
23946,10.0
23947,10.0
23948,10.0
23949,10.0
23950,10.0
23951,10.0
23952,10.0
23953,10.0
23954,10.0
23955,10.0
23956,10.0
23957,10.0
23958,10.0
23959,10.0
23960,10.0
23961,10.0
23962,11.0
23963,11.0
23964,11.0
23965,11.0
23966,11.0
23967,11.0
23968,11.0
23969,11.0
23970,10.0
23971,10.0
23972,10.0
23973,10.0
23974,10.0
23975,10.0
23976,10.0
23977,10.0
23978,10.0
23979,10.0
23980,10.0
23981,10.0
23982,10.0
23983,10.0
23984,10.0
23985,10.0
23986,10.0
23987,10.0
23988,10.0
23989,10.0
23990,10.0
23991,10.0
23992,10.0
23993,10.0
23994,10.0
23995,10.0
23996,10.0
23997,10.0
23998,10.0
23999,9.0
24000,9.0
24001,9.0
24002,9.0
24003,9.0
24004,9.0
24005,9.0
24006,9.0
24007,9.0
24008,9.0
24009,9.0
24010,9.0
24011,9.0
24012,9.0
24013,9.0
24014,9.0
24015,9.0
24016,9.0
24017,9.0
24018,9.0
24019,9.0
24020,9.0
24021,9.0
24022,9.0
24023,9.0
24024,9.0
24025,9.0
24026,9.0
24027,9.0
24028,9.0
24029,9.0
24030,9.0
24031,9.0
24032,9.0
24033,9.0
24034,9.0
24035,9.0
24036,9.0
24037,9.0
24038,9.0
24039,9.0
24040,9.0
24041,9.0
24042,9.0
24043,9.0
24044,9.0
24045,9.0
24046,9.0
24047,9.0
24048,9.0
24049,9.0
24050,9.0
24051,9.0
24052,9.0
24053,9.0
24054,9.0
24055,9.0
24056,9.0
24057,9.0
24058,9.0
24059,9.0
24060,9.0
24061,9.0
24062,9.0
24063,9.0
24064,9.0
24065,9.0
24066,9.0
24067,9.0
24068,9.0
24069,9.0
24070,9.0
24071,9.0
24072,9.0
24073,9.0
24074,9.0
24075,9.0
24076,9.0
24077,9.0
24078,9.0
24079,9.0
24080,9.0
24081,9.0
24082,9.0
24083,9.0
24084,9.0
24085,9.0
24086,9.0
24087,9.0
24088,9.0
24089,9.0
24090,9.0
24091,9.0
24092,9.0
24093,9.0
24094,9.0
24095,9.0
24096,9.0
24097,9.0
24098,9.0
24099,9.0
24100,9.0
24101,9.0
24102,9.0
24103,9.0
24104,9.0
24105,9.0
24106,9.0
24107,9.0
24108,9.0
24109,9.0
24110,9.0
24111,9.0
24112,9.0
24113,9.0
24114,9.0
24115,9.0
24116,9.0
24117,9.0
24118,9.0
24119,9.0
24120,9.0
24121,9.0
24122,9.0
24123,9.0
24124,9.0
24125,9.0
24126,9.0
24127,9.0
24128,9.0
24129,9.0
24130,9.0
24131,9.0
24132,9.0
24133,9.0
24134,9.0
24135,9.0
24136,9.0
24137,9.0
24138,9.0
24139,9.0
24140,9.0
24141,9.0
24142,9.0
24143,9.0
24144,9.0
24145,9.0
24146,9.0
24147,9.0
24148,9.0
24149,9.0
24150,9.0
24151,9.0
24152,9.0
24153,9.0
24154,9.0
24155,9.0
24156,9.0
24157,9.0
24158,9.0
24159,9.0
24160,9.0
24161,10.0
24162,10.0
24163,10.0
24164,10.0
24165,10.0
24166,10.0
24167,10.0
24168,10.0
24169,10.0
24170,10.0
24171,10.0
24172,10.0
24173,10.0
24174,10.0
24175,10.0
24176,10.0
24177,10.0
24178,10.0
24179,10.0
24180,10.0
24181,10.0
24182,10.0
24183,10.0
24184,10.0
24185,10.0
24186,10.0
24187,10.0
24188,10.0
24189,10.0
24190,10.0
24191,10.0
24192,10.0
24193,10.0
24194,10.0
24195,10.0
24196,10.0
24197,10.0
24198,10.0
24199,10.0
24200,10.0
24201,10.0
24202,10.0
24203,10.0
24204,10.0
24205,10.0
24206,10.0
24207,10.0
24208,10.0
24209,10.0
24210,10.0
24211,10.0
24212,10.0
24213,10.0
24214,10.0
24215,10.0
24216,10.0
24217,10.0
24218,10.0
24219,10.0
24220,10.0
24221,10.0
24222,10.0
24223,10.0
24224,10.0
24225,10.0
24226,10.0
24227,10.0
24228,10.0
24229,10.0
24230,10.0
24231,10.0
24232,10.0
24233,10.0
24234,10.0
24235,10.0
24236,10.0
24237,10.0
24238,10.0
24239,10.0
24240,10.0
24241,10.0
24242,11.0
24243,11.0
24244,11.0
24245,11.0
24246,11.0
24247,11.0
24248,11.0
24249,11.0
24250,11.0
24251,11.0
24252,11.0
24253,11.0
24254,11.0
24255,11.0
24256,11.0
24257,11.0
24258,11.0
24259,11.0
24260,10.0
24261,10.0
24262,10.0
24263,10.0
24264,10.0
24265,9.0
24266,9.0
24267,9.0
24268,9.0
24269,9.0
24270,9.0
24271,9.0
24272,9.0
24273,9.0
24274,9.0
24275,9.0
24276,9.0
24277,9.0
24278,9.0
24279,9.0
24280,9.0
24281,9.0
24282,9.0
24283,9.0
24284,9.0
24285,9.0
24286,9.0
24287,9.0
24288,9.0
24289,9.0
24290,9.0
24291,9.0
24292,9.0
24293,9.0
24294,9.0
24295,9.0
24296,9.0
24297,8.0
24298,8.0
24299,8.0
24300,8.0
24301,8.0
24302,8.0
24303,8.0
24304,8.0
24305,8.0
24306,8.0
24307,8.0
24308,8.0
24309,8.0
24310,8.0
24311,8.0
24312,8.0
24313,8.0
24314,8.0
24315,8.0
24316,8.0
24317,8.0
24318,8.0
24319,8.0
24320,8.0
24321,8.0
24322,8.0
24323,8.0
24324,8.0
24325,8.0
24326,8.0
24327,8.0
24328,8.0
24329,8.0
24330,8.0
24331,8.0
24332,8.0
24333,8.0
24334,8.0
24335,8.0
24336,8.0
24337,8.0
24338,8.0
24339,8.0
24340,8.0
24341,8.0
24342,8.0
24343,8.0
24344,8.0
24345,8.0
24346,8.0
24347,8.0
24348,8.0
24349,8.0
24350,8.0
24351,8.0
24352,8.0
24353,8.0
24354,8.0
24355,8.0
24356,8.0
24357,8.0
24358,8.0
24359,8.0
24360,8.0
24361,8.0
24362,8.0
24363,8.0
24364,8.0
24365,8.0
24366,8.0
24367,8.0
24368,8.0
24369,8.0
24370,8.0
24371,8.0
24372,8.0
24373,8.0
24374,8.0
24375,8.0
24376,8.0
24377,8.0
24378,8.0
24379,8.0
24380,8.0
24381,8.0
24382,8.0
24383,8.0
24384,8.0
24385,8.0
24386,8.0
24387,8.0
24388,8.0
24389,8.0
24390,8.0
24391,8.0
24392,8.0
24393,8.0
24394,8.0
24395,8.0
24396,8.0
24397,8.0
24398,8.0
24399,8.0
24400,8.0
24401,8.0
24402,8.0
24403,8.0
24404,8.0
24405,8.0
24406,8.0
24407,8.0
24408,8.0
24409,8.0
24410,8.0
24411,8.0
24412,8.0
24413,8.0
24414,8.0
24415,8.0
24416,8.0
24417,8.0
24418,8.0
24419,8.0
24420,8.0
24421,8.0
24422,8.0
24423,8.0
24424,8.0
24425,8.0
24426,8.0
24427,8.0
24428,8.0
24429,8.0
24430,8.0
24431,8.0
24432,8.0
24433,8.0
24434,8.0
24435,8.0
24436,8.0
24437,8.0
24438,8.0
24439,8.0
24440,8.0
24441,8.0
24442,8.0
24443,8.0
24444,8.0
24445,8.0
24446,8.0
24447,8.0
24448,8.0
24449,8.0
24450,8.0
24451,8.0
24452,8.0
24453,8.0
24454,8.0
24455,8.0
24456,8.0
24457,8.0
24458,8.0
24459,8.0
24460,8.0
24461,8.0
24462,8.0
24463,8.0
24464,8.0
24465,8.0
24466,8.0
24467,8.0
24468,8.0
24469,8.0
24470,8.0
24471,8.0
24472,8.0
24473,8.0
24474,8.0
24475,8.0
24476,8.0
24477,8.0
24478,8.0
24479,8.0
24480,8.0
24481,8.0
24482,8.0
24483,8.0
24484,8.0
24485,8.0
24486,8.0
24487,8.0
24488,8.0
24489,8.0
24490,8.0
24491,8.0
24492,8.0
24493,8.0
24494,8.0
24495,8.0
24496,8.0
24497,8.0
24498,8.0
24499,8.0
24500,8.0
24501,8.0
24502,8.0
24503,8.0
24504,8.0
24505,8.0
24506,8.0
24507,8.0
24508,8.0
24509,8.0
24510,8.0
24511,8.0
24512,8.0
24513,8.0
24514,8.0
24515,8.0
24516,8.0
24517,8.0
24518,8.0
24519,8.0
24520,8.0
24521,8.0
24522,8.0
24523,8.0
24524,8.0
24525,8.0
24526,8.0
24527,8.0
24528,8.0
24529,8.0
24530,8.0
24531,8.0
24532,8.0
24533,8.0
24534,8.0
24535,8.0
24536,8.0
24537,8.0
24538,8.0
24539,8.0
24540,8.0
24541,8.0
24542,8.0
24543,8.0
24544,8.0
24545,8.0
24546,8.0
24547,8.0
24548,8.0
24549,8.0
24550,8.0
24551,8.0
24552,8.0
24553,8.0
24554,8.0
24555,8.0
24556,8.0
24557,8.0
24558,8.0
24559,8.0
24560,8.0
24561,8.0
24562,8.0
24563,8.0
24564,8.0
24565,8.0
24566,8.0
24567,8.0
24568,8.0
24569,8.0
24570,8.0
24571,8.0
24572,8.0
24573,8.0
24574,8.0
24575,8.0
24576,8.0
24577,8.0
24578,8.0
24579,8.0
24580,8.0
24581,8.0
24582,8.0
24583,8.0
24584,8.0
24585,8.0
24586,8.0
24587,8.0
24588,8.0
24589,8.0
24590,8.0
24591,8.0
24592,8.0
24593,9.0
24594,9.0
24595,9.0
24596,9.0
24597,9.0
24598,9.0
24599,9.0
24600,9.0
24601,9.0
24602,9.0
24603,9.0
24604,9.0
24605,9.0
24606,9.0
24607,9.0
24608,9.0
24609,9.0
24610,9.0
24611,9.0
24612,10.0
24613,10.0
24614,10.0
24615,10.0
24616,10.0
24617,10.0
24618,10.0
24619,10.0
24620,10.0
24621,10.0
24622,10.0
24623,10.0
24624,10.0
24625,10.0
24626,10.0
24627,10.0
24628,10.0
24629,10.0
24630,10.0
24631,10.0
24632,10.0
24633,10.0
24634,10.0
24635,10.0
24636,10.0
24637,10.0
24638,10.0
24639,10.0
24640,10.0
24641,10.0
24642,10.0
24643,10.0
24644,10.0
24645,10.0
24646,10.0
24647,10.0
24648,10.0
24649,10.0
24650,10.0
24651,10.0
24652,10.0
24653,10.0
24654,10.0
24655,10.0
24656,10.0
24657,10.0
24658,10.0
24659,10.0
24660,10.0
24661,10.0
24662,10.0
24663,10.0
24664,10.0
24665,10.0
24666,10.0
24667,10.0
24668,10.0
24669,10.0
24670,10.0
24671,10.0
24672,10.0
24673,10.0
24674,10.0
24675,10.0
24676,10.0
24677,10.0
24678,10.0
24679,10.0
24680,10.0
24681,10.0
24682,10.0
24683,10.0
24684,10.0
24685,10.0
24686,10.0
24687,10.0
24688,10.0
24689,10.0
24690,10.0
24691,10.0
24692,10.0
24693,10.0
24694,10.0
24695,10.0
24696,10.0
24697,10.0
24698,10.0
24699,10.0
24700,9.0
24701,9.0
24702,9.0
24703,9.0
24704,9.0
24705,9.0
24706,9.0
24707,9.0
24708,9.0
24709,9.0
24710,9.0
24711,9.0
24712,9.0
24713,9.0
24714,9.0
24715,9.0
24716,9.0
24717,9.0
24718,9.0
24719,9.0
24720,9.0
24721,9.0
24722,9.0
24723,9.0
24724,9.0
24725,9.0
24726,9.0
24727,9.0
24728,9.0
24729,10.0
24730,10.0
24731,10.0
24732,10.0
24733,10.0
24734,10.0
24735,10.0
24736,10.0
24737,10.0
24738,10.0
24739,10.0
24740,10.0
24741,10.0
24742,10.0
24743,10.0
24744,10.0
24745,10.0
24746,10.0
24747,10.0
24748,10.0
24749,10.0
24750,10.0
24751,10.0
24752,10.0
24753,10.0
24754,10.0
24755,10.0
24756,10.0
24757,10.0
24758,10.0
24759,10.0
24760,10.0
24761,10.0
24762,10.0
24763,10.0
24764,10.0
24765,10.0
24766,10.0
24767,10.0
24768,10.0
24769,10.0
24770,10.0
24771,10.0
24772,10.0
24773,10.0
24774,10.0
24775,10.0
24776,10.0
24777,10.0
24778,10.0
24779,10.0
24780,10.0
24781,10.0
24782,10.0
24783,10.0
24784,10.0
24785,10.0
24786,10.0
24787,10.0
24788,10.0
24789,10.0
24790,10.0
24791,10.0
24792,10.0
24793,10.0
24794,10.0
24795,10.0
24796,10.0
24797,10.0
24798,10.0
24799,10.0
24800,10.0
24801,10.0
24802,10.0
24803,10.0
24804,10.0
24805,10.0
24806,10.0
24807,10.0
24808,10.0
24809,10.0
24810,10.0
24811,10.0
24812,10.0
24813,10.0
24814,10.0
24815,10.0
24816,10.0
24817,10.0
24818,10.0
24819,10.0
24820,10.0
24821,10.0
24822,10.0
24823,10.0
24824,10.0
24825,10.0
24826,10.0
24827,10.0
24828,10.0
24829,10.0
24830,10.0
24831,10.0
24832,10.0
24833,10.0
24834,10.0
24835,10.0
24836,10.0
24837,10.0
24838,10.0
24839,10.0
24840,10.0
24841,10.0
24842,10.0
24843,10.0
24844,10.0
24845,10.0
24846,10.0
24847,10.0
24848,10.0
24849,10.0
24850,10.0
24851,10.0
24852,10.0
24853,10.0
24854,10.0
24855,10.0
24856,10.0
24857,10.0
24858,10.0
24859,10.0
24860,10.0
24861,10.0
24862,10.0
24863,9.0
24864,9.0
24865,9.0
24866,9.0
24867,9.0
24868,9.0
24869,9.0
24870,9.0
24871,9.0
24872,9.0
24873,9.0
24874,9.0
24875,9.0
24876,9.0
24877,9.0
24878,9.0
24879,9.0
24880,9.0
24881,9.0
24882,9.0
24883,9.0
24884,9.0
24885,9.0
24886,9.0
24887,9.0
24888,9.0
24889,9.0
24890,9.0
24891,10.0
24892,10.0
24893,10.0
24894,10.0
24895,10.0
24896,10.0
24897,10.0
24898,10.0
24899,10.0
24900,10.0
24901,10.0
24902,10.0
24903,10.0
24904,10.0
24905,10.0
24906,10.0
24907,10.0
24908,10.0
24909,10.0
24910,10.0
24911,10.0
24912,10.0
24913,10.0
24914,10.0
24915,10.0
24916,10.0
24917,10.0
24918,10.0
24919,10.0
24920,10.0
24921,10.0
24922,10.0
24923,10.0
24924,10.0
24925,10.0
24926,10.0
24927,10.0
24928,10.0
24929,10.0
24930,10.0
24931,10.0
24932,10.0
24933,10.0
24934,10.0
24935,10.0
24936,10.0
24937,10.0
24938,10.0
24939,10.0
24940,10.0
24941,10.0
24942,10.0
24943,10.0
24944,10.0
24945,10.0
24946,10.0
24947,10.0
24948,10.0
24949,10.0
24950,10.0
24951,10.0
24952,10.0
24953,10.0
24954,10.0
24955,10.0
24956,10.0
24957,10.0
24958,10.0
24959,10.0
24960,10.0
24961,10.0
24962,10.0
24963,10.0
24964,10.0
24965,10.0
24966,10.0
24967,10.0
24968,10.0
24969,10.0
24970,10.0
24971,10.0
24972,10.0
24973,10.0
24974,10.0
24975,10.0
24976,10.0
24977,10.0
24978,10.0
24979,10.0
24980,10.0
24981,10.0
24982,10.0
24983,10.0
24984,10.0
24985,10.0
24986,10.0
24987,10.0
24988,10.0
24989,10.0
24990,10.0
24991,10.0
24992,10.0
24993,10.0
24994,10.0
24995,10.0
24996,10.0
24997,10.0
24998,10.0
24999,10.0
25000,10.0
25001,10.0
25002,10.0
25003,10.0
25004,10.0
25005,10.0
25006,10.0
25007,10.0
25008,10.0
25009,10.0
25010,10.0
25011,10.0
25012,10.0
25013,10.0
25014,10.0
25015,10.0
25016,10.0
25017,10.0
25018,10.0
25019,10.0
25020,10.0
25021,10.0
25022,10.0
25023,10.0
25024,10.0
25025,10.0
25026,10.0
25027,10.0
25028,10.0
25029,10.0
25030,10.0
25031,10.0
25032,10.0
25033,10.0
25034,10.0
25035,10.0
25036,10.0
25037,10.0
25038,10.0
25039,10.0
25040,10.0
25041,10.0
25042,10.0
25043,10.0
25044,10.0
25045,10.0
25046,10.0
25047,10.0
25048,10.0
25049,10.0
25050,10.0
25051,10.0
25052,10.0
25053,10.0
25054,10.0
25055,10.0
25056,10.0
25057,10.0
25058,10.0
25059,10.0
25060,10.0
25061,10.0
25062,10.0
25063,10.0
25064,10.0
25065,10.0
25066,10.0
25067,10.0
25068,10.0
25069,10.0
25070,10.0
25071,10.0
25072,10.0
25073,10.0
25074,10.0
25075,10.0
25076,10.0
25077,10.0
25078,10.0
25079,10.0
25080,10.0
25081,10.0
25082,10.0
25083,10.0
25084,10.0
25085,10.0
25086,10.0
25087,10.0
25088,10.0
25089,10.0
25090,10.0
25091,10.0
25092,10.0
25093,10.0
25094,10.0
25095,10.0
25096,10.0
25097,10.0
25098,10.0
25099,10.0
25100,10.0
25101,10.0
25102,10.0
25103,10.0
25104,10.0
25105,10.0
25106,10.0
25107,10.0
25108,10.0
25109,10.0
25110,10.0
25111,10.0
25112,10.0
25113,10.0
25114,10.0
25115,10.0
25116,10.0
25117,10.0
25118,10.0
25119,10.0
25120,10.0
25121,10.0
25122,10.0
25123,10.0
25124,10.0
25125,10.0
25126,10.0
25127,10.0
25128,10.0
25129,10.0
25130,10.0
25131,10.0
25132,10.0
25133,10.0
25134,10.0
25135,10.0
25136,10.0
25137,10.0
25138,10.0
25139,10.0
25140,10.0
25141,10.0
25142,10.0
25143,10.0
25144,10.0
25145,10.0
25146,10.0
25147,10.0
25148,10.0
25149,10.0
25150,10.0
25151,10.0
25152,10.0
25153,10.0
25154,10.0
25155,10.0
25156,10.0
25157,10.0
25158,10.0
25159,10.0
25160,10.0
25161,10.0
25162,10.0
25163,10.0
25164,10.0
25165,10.0
25166,10.0
25167,10.0
25168,10.0
25169,10.0
25170,10.0
25171,10.0
25172,10.0
25173,10.0
25174,10.0
25175,10.0
25176,10.0
25177,10.0
25178,10.0
25179,10.0
25180,10.0
25181,10.0
25182,10.0
25183,10.0
25184,10.0
25185,10.0
25186,10.0
25187,10.0
25188,10.0
25189,10.0
25190,10.0
25191,10.0
25192,10.0
25193,10.0
25194,10.0
25195,10.0
25196,10.0
25197,10.0
25198,10.0
25199,10.0
25200,10.0
25201,10.0
25202,10.0
25203,10.0
25204,10.0
25205,10.0
25206,10.0
25207,10.0
25208,10.0
25209,10.0
25210,10.0
25211,10.0
25212,10.0
25213,10.0
25214,10.0
25215,10.0
25216,10.0
25217,10.0
25218,10.0
25219,10.0
25220,10.0
25221,10.0
25222,10.0
25223,10.0
25224,10.0
25225,10.0
25226,10.0
25227,10.0
25228,10.0
25229,10.0
25230,10.0
25231,10.0
25232,10.0
25233,10.0
25234,10.0
25235,10.0
25236,10.0
25237,10.0
25238,10.0
25239,10.0
25240,10.0
25241,10.0
25242,10.0
25243,10.0
25244,10.0
25245,10.0
25246,10.0
25247,10.0
25248,10.0
25249,10.0
25250,10.0
25251,10.0
25252,10.0
25253,10.0
25254,10.0
25255,10.0
25256,10.0
25257,10.0
25258,10.0
25259,10.0
25260,10.0
25261,10.0
25262,10.0
25263,10.0
25264,10.0
25265,10.0
25266,10.0
25267,10.0
25268,10.0
25269,10.0
25270,10.0
25271,10.0
25272,10.0
25273,10.0
25274,10.0
25275,10.0
25276,10.0
25277,10.0
25278,10.0
25279,10.0
25280,10.0
25281,10.0
25282,10.0
25283,10.0
25284,10.0
25285,10.0
25286,10.0
25287,10.0
25288,10.0
25289,10.0
25290,10.0
25291,10.0
25292,11.0
25293,11.0
25294,11.0
25295,11.0
25296,11.0
25297,11.0
25298,11.0
25299,11.0
25300,11.0
25301,11.0
25302,11.0
25303,11.0
25304,11.0
25305,11.0
25306,11.0
25307,11.0
25308,11.0
25309,11.0
25310,11.0
25311,11.0
25312,11.0
25313,11.0
25314,11.0
25315,11.0
25316,11.0
25317,11.0
25318,11.0
25319,11.0
25320,11.0
25321,11.0
25322,11.0
25323,11.0
25324,11.0
25325,11.0
25326,11.0
25327,11.0
25328,11.0
25329,11.0
25330,11.0
25331,11.0
25332,11.0
25333,11.0
25334,11.0
25335,11.0
25336,11.0
25337,11.0
25338,11.0
25339,11.0
25340,11.0
25341,11.0
25342,11.0
25343,11.0
25344,12.0
25345,12.0
25346,12.0
25347,12.0
25348,12.0
25349,12.0
25350,12.0
25351,12.0
25352,12.0
25353,12.0
25354,12.0
25355,12.0
25356,12.0
25357,12.0
25358,12.0
25359,12.0
25360,12.0
25361,12.0
25362,12.0
25363,12.0
25364,12.0
25365,12.0
25366,11.0
25367,11.0
25368,11.0
25369,11.0
25370,11.0
25371,11.0
25372,11.0
25373,11.0
25374,11.0
25375,11.0
25376,11.0
25377,11.0
25378,11.0
25379,11.0
25380,11.0
25381,11.0
25382,11.0
25383,11.0
25384,11.0
25385,11.0
25386,11.0
25387,11.0
25388,11.0
25389,11.0
25390,11.0
25391,11.0
25392,11.0
25393,11.0
25394,11.0
25395,11.0
25396,11.0
25397,11.0
25398,11.0
25399,11.0
25400,11.0
25401,11.0
25402,11.0
25403,11.0
25404,11.0
25405,11.0
25406,11.0
25407,11.0
25408,11.0
25409,11.0
25410,11.0
25411,11.0
25412,11.0
25413,11.0
25414,11.0
25415,11.0
25416,11.0
25417,11.0
25418,11.0
25419,11.0
25420,11.0
25421,11.0
25422,11.0
25423,11.0
25424,11.0
25425,11.0
25426,11.0
25427,11.0
25428,11.0
25429,11.0
25430,11.0
25431,11.0
25432,11.0
25433,10.0
25434,10.0
25435,10.0
25436,10.0
25437,10.0
25438,10.0
25439,10.0
25440,10.0
25441,10.0
25442,10.0
25443,10.0
25444,10.0
25445,11.0
25446,11.0
25447,11.0
25448,11.0
25449,11.0
25450,11.0
25451,11.0
25452,10.0
25453,10.0
25454,10.0
25455,10.0
25456,10.0
25457,10.0
25458,10.0
25459,10.0
25460,10.0
25461,10.0
25462,10.0
25463,10.0
25464,10.0
25465,11.0
25466,11.0
25467,11.0
25468,11.0
25469,11.0
25470,11.0
25471,11.0
25472,11.0
25473,11.0
25474,11.0
25475,11.0
25476,9.0
25477,9.0
25478,9.0
25479,9.0
25480,9.0
25481,9.0
25482,9.0
25483,9.0
25484,9.0
25485,9.0
25486,9.0
25487,9.0
25488,9.0
25489,9.0
25490,8.0
25491,8.0
25492,8.0
25493,8.0
25494,8.0
25495,8.0
25496,8.0
25497,8.0
25498,8.0
25499,9.0
25500,9.0
25501,9.0
25502,9.0
25503,9.0
25504,9.0
25505,9.0
25506,9.0
25507,9.0
25508,9.0
25509,9.0
25510,9.0
25511,9.0
25512,9.0
25513,9.0
25514,9.0
25515,9.0
25516,9.0
25517,9.0
25518,9.0
25519,9.0
25520,9.0
25521,9.0
25522,9.0
25523,9.0
25524,9.0
25525,9.0
25526,9.0
25527,9.0
25528,9.0
25529,9.0
25530,9.0
25531,9.0
25532,9.0
25533,9.0
25534,9.0
25535,9.0
25536,9.0
25537,9.0
25538,9.0
25539,9.0
25540,9.0
25541,9.0
25542,9.0
25543,9.0
25544,9.0
25545,9.0
25546,9.0
25547,9.0
25548,9.0
25549,9.0
25550,9.0
25551,9.0
25552,9.0
25553,9.0
25554,9.0
25555,9.0
25556,9.0
25557,9.0
25558,9.0
25559,9.0
25560,9.0
25561,9.0
25562,9.0
25563,9.0
25564,9.0
25565,9.0
25566,9.0
25567,9.0
25568,9.0
25569,9.0
25570,9.0
25571,9.0
25572,9.0
25573,9.0
25574,9.0
25575,9.0
25576,9.0
25577,9.0
25578,9.0
25579,9.0
25580,9.0
25581,9.0
25582,9.0
25583,9.0
25584,9.0
25585,9.0
25586,9.0
25587,9.0
25588,9.0
25589,9.0
25590,9.0
25591,9.0
25592,9.0
25593,9.0
25594,9.0
25595,9.0
25596,9.0
25597,9.0
25598,9.0
25599,9.0
25600,9.0
25601,10.0
25602,10.0
25603,10.0
25604,10.0
25605,10.0
25606,10.0
25607,10.0
25608,10.0
25609,10.0
25610,10.0
25611,10.0
25612,10.0
25613,10.0
25614,10.0
25615,10.0
25616,10.0
25617,10.0
25618,10.0
25619,10.0
25620,10.0
25621,10.0
25622,10.0
25623,10.0
25624,10.0
25625,10.0
25626,10.0
25627,10.0
25628,10.0
25629,10.0
25630,10.0
25631,10.0
25632,10.0
25633,10.0
25634,10.0
25635,10.0
25636,10.0
25637,10.0
25638,10.0
25639,10.0
25640,10.0
25641,10.0
25642,10.0
25643,10.0
25644,10.0
25645,10.0
25646,10.0
25647,10.0
25648,10.0
25649,10.0
25650,10.0
25651,10.0
25652,10.0
25653,10.0
25654,10.0
25655,10.0
25656,10.0
25657,10.0
25658,10.0
25659,10.0
25660,10.0
25661,10.0
25662,10.0
25663,10.0
25664,10.0
25665,10.0
25666,10.0
25667,10.0
25668,10.0
25669,10.0
25670,10.0
25671,10.0
25672,10.0
25673,10.0
25674,10.0
25675,10.0
25676,10.0
25677,10.0
25678,10.0
25679,9.0
25680,9.0
25681,8.0
25682,8.0
25683,8.0
25684,8.0
25685,7.0
25686,7.0
25687,7.0
25688,7.0
25689,7.0
25690,7.0
25691,7.0
25692,7.0
25693,7.0
25694,7.0
25695,7.0
25696,7.0
25697,7.0
25698,7.0
25699,7.0
25700,7.0
25701,7.0
25702,7.0
25703,7.0
25704,7.0
25705,7.0
25706,7.0
25707,7.0
25708,7.0
25709,7.0
25710,7.0
25711,7.0
25712,7.0
25713,7.0
25714,7.0
25715,7.0
25716,7.0
25717,7.0
25718,7.0
25719,7.0
25720,7.0
25721,7.0
25722,7.0
25723,7.0
25724,7.0
25725,7.0
25726,7.0
25727,7.0
25728,7.0
25729,7.0
25730,7.0
25731,7.0
25732,7.0
25733,7.0
25734,7.0
25735,7.0
25736,7.0
25737,7.0
25738,7.0
25739,7.0
25740,7.0
25741,7.0
25742,7.0
25743,7.0
25744,7.0
25745,7.0
25746,7.0
25747,7.0
25748,7.0
25749,7.0
25750,7.0
25751,7.0
25752,7.0
25753,7.0
25754,7.0
25755,7.0
25756,7.0
25757,7.0
25758,7.0
25759,7.0
25760,7.0
25761,7.0
25762,7.0
25763,7.0
25764,7.0
25765,7.0
25766,7.0
25767,7.0
25768,7.0
25769,7.0
25770,7.0
25771,7.0
25772,7.0
25773,7.0
25774,7.0
25775,7.0
25776,7.0
25777,7.0
25778,7.0
25779,7.0
25780,7.0
25781,7.0
25782,7.0
25783,7.0
25784,7.0
25785,7.0
25786,7.0
25787,7.0
25788,7.0
25789,7.0
25790,7.0
25791,7.0
25792,7.0
25793,7.0
25794,7.0
25795,7.0
25796,7.0
25797,7.0
25798,7.0
25799,7.0
25800,7.0
25801,7.0
25802,7.0
25803,7.0
25804,7.0
25805,7.0
25806,7.0
25807,7.0
25808,7.0
25809,7.0
25810,7.0
25811,7.0
25812,7.0
25813,7.0
25814,7.0
25815,7.0
25816,7.0
25817,7.0
25818,7.0
25819,7.0
25820,7.0
25821,7.0
25822,7.0
25823,7.0
25824,7.0
25825,7.0
25826,7.0
25827,7.0
25828,7.0
25829,7.0
25830,7.0
25831,7.0
25832,7.0
25833,7.0
25834,7.0
25835,7.0
25836,7.0
25837,7.0
25838,7.0
25839,7.0
25840,7.0
25841,7.0
25842,7.0
25843,7.0
25844,7.0
25845,7.0
25846,7.0
25847,7.0
25848,7.0
25849,7.0
25850,7.0
25851,7.0
25852,7.0
25853,7.0
25854,8.0
25855,8.0
25856,8.0
25857,8.0
25858,8.0
25859,8.0
25860,8.0
25861,8.0
25862,8.0
25863,8.0
25864,8.0
25865,8.0
25866,8.0
25867,8.0
25868,8.0
25869,8.0
25870,8.0
25871,8.0
25872,8.0
25873,8.0
25874,8.0
25875,8.0
25876,8.0
25877,8.0
25878,8.0
25879,8.0
25880,8.0
25881,8.0
25882,8.0
25883,8.0
25884,8.0
25885,8.0
25886,8.0
25887,8.0
25888,8.0
25889,8.0
25890,8.0
25891,8.0
25892,8.0
25893,8.0
25894,8.0
25895,8.0
25896,8.0
25897,8.0
25898,8.0
25899,8.0
25900,8.0
25901,8.0
25902,8.0
25903,8.0
25904,8.0
25905,8.0
25906,8.0
25907,8.0
25908,8.0
25909,8.0
25910,8.0
25911,8.0
25912,8.0
25913,8.0
25914,8.0
25915,8.0
25916,8.0
25917,8.0
25918,8.0
25919,8.0
25920,8.0
25921,8.0
25922,8.0
25923,8.0
25924,8.0
25925,8.0
25926,8.0
25927,8.0
25928,8.0
25929,8.0
25930,8.0
25931,8.0
25932,8.0
25933,8.0
25934,8.0
25935,8.0
25936,8.0
25937,8.0
25938,8.0
25939,8.0
25940,8.0
25941,8.0
25942,8.0
25943,8.0
25944,8.0
25945,8.0
25946,8.0
25947,8.0
25948,8.0
25949,8.0
25950,8.0
25951,8.0
25952,8.0
25953,8.0
25954,8.0
25955,8.0
25956,8.0
25957,8.0
25958,8.0
25959,8.0
25960,8.0
25961,8.0
25962,8.0
25963,8.0
25964,8.0
25965,8.0
25966,8.0
25967,8.0
25968,8.0
25969,8.0
25970,8.0
25971,8.0
25972,8.0
25973,8.0
25974,8.0
25975,8.0
25976,8.0
25977,8.0
25978,8.0
25979,8.0
25980,8.0
25981,8.0
25982,8.0
25983,8.0
25984,8.0
25985,8.0
25986,8.0
25987,8.0
25988,8.0
25989,8.0
25990,8.0
25991,8.0
25992,8.0
25993,8.0
25994,8.0
25995,8.0
25996,8.0
25997,8.0
25998,8.0
25999,8.0
26000,8.0
26001,8.0
26002,8.0
26003,8.0
26004,8.0
26005,8.0
26006,8.0
26007,8.0
26008,8.0
26009,8.0
26010,8.0
26011,8.0
26012,8.0
26013,8.0
26014,8.0
26015,8.0
26016,8.0
26017,8.0
26018,8.0
26019,8.0
26020,8.0
26021,8.0
26022,8.0
26023,8.0
26024,8.0
26025,8.0
26026,8.0
26027,8.0
26028,8.0
26029,8.0
26030,8.0
26031,8.0
26032,8.0
26033,8.0
26034,8.0
26035,8.0
26036,8.0
26037,8.0
26038,8.0
26039,8.0
26040,8.0
26041,8.0
26042,8.0
26043,8.0
26044,9.0
26045,9.0
26046,9.0
26047,10.0
26048,10.0
26049,10.0
26050,10.0
26051,10.0
26052,10.0
26053,10.0
26054,10.0
26055,10.0
26056,10.0
26057,10.0
26058,10.0
26059,10.0
26060,10.0
26061,10.0
26062,10.0
26063,10.0
26064,10.0
26065,10.0
26066,10.0
26067,10.0
26068,10.0
26069,10.0
26070,10.0
26071,10.0
26072,10.0
26073,10.0
26074,10.0
26075,10.0
26076,10.0
26077,10.0
26078,10.0
26079,10.0
26080,10.0
26081,10.0
26082,10.0
26083,10.0
26084,10.0
26085,10.0
26086,10.0
26087,10.0
26088,10.0
26089,10.0
26090,10.0
26091,10.0
26092,10.0
26093,10.0
26094,10.0
26095,10.0
26096,10.0
26097,10.0
26098,10.0
26099,10.0
26100,10.0
26101,10.0
26102,10.0
26103,10.0
26104,10.0
26105,10.0
26106,10.0
26107,10.0
26108,10.0
26109,10.0
26110,10.0
26111,10.0
26112,10.0
26113,10.0
26114,10.0
26115,10.0
26116,10.0
26117,10.0
26118,10.0
26119,10.0
26120,10.0
26121,10.0
26122,10.0
26123,10.0
26124,10.0
26125,10.0
26126,10.0
26127,10.0
26128,10.0
26129,10.0
26130,10.0
26131,10.0
26132,10.0
26133,10.0
26134,10.0
26135,10.0
26136,10.0
26137,10.0
26138,10.0
26139,10.0
26140,10.0
26141,10.0
26142,10.0
26143,10.0
26144,10.0
26145,10.0
26146,10.0
26147,10.0
26148,10.0
26149,10.0
26150,10.0
26151,10.0
26152,10.0
26153,10.0
26154,10.0
26155,10.0
26156,10.0
26157,10.0
26158,10.0
26159,10.0
26160,10.0
26161,10.0
26162,10.0
26163,10.0
26164,10.0
26165,10.0
26166,10.0
26167,10.0
26168,10.0
26169,10.0
26170,10.0
26171,10.0
26172,10.0
26173,10.0
26174,10.0
26175,10.0
26176,10.0
26177,10.0
26178,10.0
26179,10.0
26180,10.0
26181,10.0
26182,10.0
26183,10.0
26184,10.0
26185,10.0
26186,10.0
26187,10.0
26188,10.0
26189,10.0
26190,10.0
26191,10.0
26192,10.0
26193,10.0
26194,10.0
26195,10.0
26196,10.0
26197,10.0
26198,10.0
26199,10.0
26200,10.0
26201,10.0
26202,10.0
26203,10.0
26204,10.0
26205,10.0
26206,10.0
26207,10.0
26208,10.0
26209,10.0
26210,10.0
26211,10.0
26212,10.0
26213,10.0
26214,10.0
26215,10.0
26216,10.0
26217,10.0
26218,10.0
26219,10.0
26220,10.0
26221,10.0
26222,10.0
26223,10.0
26224,10.0
26225,10.0
26226,10.0
26227,10.0
26228,10.0
26229,10.0
26230,10.0
26231,10.0
26232,10.0
26233,10.0
26234,10.0
26235,10.0
26236,10.0
26237,10.0
26238,10.0
26239,10.0
26240,10.0
26241,10.0
26242,10.0
26243,10.0
26244,10.0
26245,10.0
26246,10.0
26247,10.0
26248,10.0
26249,10.0
26250,10.0
26251,10.0
26252,10.0
26253,10.0
26254,10.0
26255,10.0
26256,10.0
26257,10.0
26258,10.0
26259,10.0
26260,10.0
26261,10.0
26262,10.0
26263,10.0
26264,10.0
26265,10.0
26266,10.0
26267,10.0
26268,10.0
26269,10.0
26270,10.0
26271,10.0
26272,10.0
26273,10.0
26274,10.0
26275,10.0
26276,10.0
26277,10.0
26278,10.0
26279,10.0
26280,10.0
26281,10.0
26282,10.0
26283,10.0
26284,10.0
26285,10.0
26286,10.0
26287,10.0
26288,10.0
26289,10.0
26290,10.0
26291,10.0
26292,10.0
26293,10.0
26294,10.0
26295,10.0
26296,10.0
26297,10.0
26298,10.0
26299,10.0
26300,10.0
26301,10.0
26302,10.0
26303,11.0
26304,11.0
26305,11.0
26306,11.0
26307,11.0
26308,11.0
26309,11.0
26310,11.0
26311,11.0
26312,11.0
26313,11.0
26314,11.0
26315,11.0
26316,11.0
26317,11.0
26318,11.0
26319,11.0
26320,11.0
26321,11.0
26322,11.0
26323,11.0
26324,11.0
26325,11.0
26326,11.0
26327,11.0
26328,11.0
26329,10.0
26330,10.0
26331,10.0
26332,10.0
26333,10.0
26334,10.0
26335,10.0
26336,10.0
26337,10.0
26338,10.0
26339,10.0
26340,10.0
26341,10.0
26342,10.0
26343,10.0
26344,10.0
26345,10.0
26346,10.0
26347,10.0
26348,10.0
26349,10.0
26350,10.0
26351,10.0
26352,10.0
26353,10.0
26354,10.0
26355,10.0
26356,10.0
26357,10.0
26358,9.0
26359,9.0
26360,9.0
26361,9.0
26362,9.0
26363,9.0
26364,9.0
26365,9.0
26366,9.0
26367,9.0
26368,9.0
26369,9.0
26370,9.0
26371,9.0
26372,9.0
26373,9.0
26374,9.0
26375,9.0
26376,9.0
26377,9.0
26378,9.0
26379,9.0
26380,9.0
26381,9.0
26382,9.0
26383,9.0
26384,9.0
26385,9.0
26386,9.0
26387,10.0
26388,10.0
26389,10.0
26390,10.0
26391,10.0
26392,10.0
26393,10.0
26394,10.0
26395,10.0
26396,10.0
26397,10.0
26398,8.0
26399,7.0
26400,7.0
26401,7.0
26402,7.0
26403,7.0
26404,7.0
26405,7.0
26406,7.0
26407,7.0
26408,7.0
26409,7.0
26410,7.0
26411,7.0
26412,7.0
26413,7.0
26414,7.0
26415,7.0
26416,7.0
26417,7.0
26418,7.0
26419,7.0
26420,7.0
26421,7.0
26422,7.0
26423,7.0
26424,7.0
26425,7.0
26426,7.0
26427,7.0
26428,7.0
26429,7.0
26430,7.0
26431,7.0
26432,7.0
26433,7.0
26434,7.0
26435,7.0
26436,7.0
26437,7.0
26438,7.0
26439,7.0
26440,7.0
26441,7.0
26442,7.0
26443,7.0
26444,7.0
26445,7.0
26446,7.0
26447,8.0
26448,8.0
26449,8.0
26450,8.0
26451,8.0
26452,8.0
26453,8.0
26454,8.0
26455,8.0
26456,8.0
26457,8.0
26458,8.0
26459,8.0
26460,8.0
26461,8.0
26462,8.0
26463,8.0
26464,8.0
26465,8.0
26466,8.0
26467,8.0
26468,8.0
26469,8.0
26470,8.0
26471,8.0
26472,8.0
26473,8.0
26474,8.0
26475,8.0
26476,8.0
26477,8.0
26478,8.0
26479,8.0
26480,8.0
26481,8.0
26482,8.0
26483,8.0
26484,8.0
26485,8.0
26486,8.0
26487,8.0
26488,8.0
26489,8.0
26490,8.0
26491,8.0
26492,8.0
26493,8.0
26494,8.0
26495,8.0
26496,8.0
26497,8.0
26498,8.0
26499,8.0
26500,8.0
26501,8.0
26502,8.0
26503,8.0
26504,8.0
26505,8.0
26506,8.0
26507,8.0
26508,8.0
26509,8.0
26510,8.0
26511,8.0
26512,8.0
26513,8.0
26514,8.0
26515,8.0
26516,8.0
26517,8.0
26518,8.0
26519,8.0
26520,8.0
26521,8.0
26522,8.0
26523,8.0
26524,7.0
26525,7.0
26526,7.0
26527,7.0
26528,7.0
26529,7.0
26530,7.0
26531,7.0
26532,8.0
26533,8.0
26534,8.0
26535,8.0
26536,8.0
26537,8.0
26538,8.0
26539,8.0
26540,8.0
26541,7.0
26542,7.0
26543,7.0
26544,7.0
26545,7.0
26546,7.0
26547,7.0
26548,7.0
26549,7.0
26550,7.0
26551,7.0
26552,7.0
26553,7.0
26554,7.0
26555,7.0
26556,7.0
26557,7.0
26558,7.0
26559,7.0
26560,7.0
26561,7.0
26562,7.0
26563,7.0
26564,7.0
26565,7.0
26566,7.0
26567,7.0
26568,7.0
26569,7.0
26570,7.0
26571,7.0
26572,7.0
26573,7.0
26574,8.0
26575,8.0
26576,8.0
26577,8.0
26578,8.0
26579,8.0
26580,8.0
26581,8.0
26582,8.0
26583,8.0
26584,8.0
26585,8.0
26586,8.0
26587,8.0
26588,8.0
26589,8.0
26590,8.0
26591,8.0
26592,8.0
26593,8.0
26594,8.0
26595,8.0
26596,8.0
26597,8.0
26598,8.0
26599,8.0
26600,8.0
26601,8.0
26602,8.0
26603,8.0
26604,8.0
26605,8.0
26606,8.0
26607,8.0
26608,7.0
26609,7.0
26610,7.0
26611,7.0
26612,7.0
26613,7.0
26614,7.0
26615,7.0
26616,7.0
26617,7.0
26618,7.0
26619,7.0
26620,7.0
26621,7.0
26622,7.0
26623,7.0
26624,7.0
26625,7.0
26626,7.0
26627,7.0
26628,7.0
26629,7.0
26630,7.0
26631,8.0
26632,8.0
26633,8.0
26634,8.0
26635,8.0
26636,8.0
26637,8.0
26638,8.0
26639,8.0
26640,8.0
26641,8.0
26642,8.0
26643,8.0
26644,8.0
26645,8.0
26646,8.0
26647,8.0
26648,8.0
26649,8.0
26650,8.0
26651,8.0
26652,8.0
26653,8.0
26654,8.0
26655,8.0
26656,8.0
26657,8.0
26658,8.0
26659,8.0
26660,8.0
26661,8.0
26662,8.0
26663,8.0
26664,8.0
26665,8.0
26666,8.0
26667,8.0
26668,8.0
26669,8.0
26670,8.0
26671,9.0
26672,9.0
26673,9.0
26674,9.0
26675,9.0
26676,9.0
26677,9.0
26678,9.0
26679,9.0
26680,9.0
26681,9.0
26682,9.0
26683,9.0
26684,9.0
26685,9.0
26686,9.0
26687,9.0
26688,9.0
26689,9.0
26690,9.0
26691,9.0
26692,9.0
26693,9.0
26694,9.0
26695,9.0
26696,9.0
26697,9.0
26698,9.0
26699,9.0
26700,9.0
26701,9.0
26702,9.0
26703,9.0
26704,9.0
26705,9.0
26706,9.0
26707,9.0
26708,9.0
26709,9.0
26710,9.0
26711,9.0
26712,9.0
26713,9.0
26714,9.0
26715,9.0
26716,9.0
26717,9.0
26718,9.0
26719,9.0
26720,9.0
26721,9.0
26722,9.0
26723,9.0
26724,9.0
26725,9.0
26726,9.0
26727,9.0
26728,9.0
26729,9.0
26730,9.0
26731,9.0
26732,9.0
26733,9.0
26734,9.0
26735,9.0
26736,9.0
26737,9.0
26738,9.0
26739,9.0
26740,9.0
26741,9.0
26742,9.0
26743,9.0
26744,9.0
26745,9.0
26746,9.0
26747,9.0
26748,9.0
26749,9.0
26750,9.0
26751,9.0
26752,9.0
26753,9.0
26754,9.0
26755,9.0
26756,9.0
26757,9.0
26758,9.0
26759,9.0
26760,9.0
26761,9.0
26762,10.0
26763,10.0
26764,10.0
26765,10.0
26766,10.0
26767,10.0
26768,10.0
26769,10.0
26770,10.0
26771,10.0
26772,10.0
26773,10.0
26774,10.0
26775,10.0
26776,10.0
26777,10.0
26778,10.0
26779,10.0
26780,10.0
26781,10.0
26782,10.0
26783,10.0
26784,10.0
26785,10.0
26786,10.0
26787,10.0
26788,10.0
26789,10.0
26790,10.0
26791,10.0
26792,10.0
26793,10.0
26794,10.0
26795,10.0
26796,10.0
26797,10.0
26798,10.0
26799,10.0
26800,10.0
26801,10.0
26802,10.0
26803,10.0
26804,10.0
26805,10.0
26806,10.0
26807,10.0
26808,10.0
26809,10.0
26810,10.0
26811,10.0
26812,10.0
26813,10.0
26814,10.0
26815,10.0
26816,10.0
26817,10.0
26818,10.0
26819,10.0
26820,10.0
26821,10.0
26822,10.0
26823,10.0
26824,10.0
26825,10.0
26826,10.0
26827,10.0
26828,10.0
26829,10.0
26830,10.0
26831,10.0
26832,10.0
26833,10.0
26834,10.0
26835,10.0
26836,10.0
26837,10.0
26838,10.0
26839,10.0
26840,10.0
26841,10.0
26842,10.0
26843,10.0
26844,10.0
26845,10.0
26846,10.0
26847,10.0
26848,10.0
26849,10.0
26850,10.0
26851,10.0
26852,10.0
26853,10.0
26854,10.0
26855,10.0
26856,10.0
26857,10.0
26858,10.0
26859,10.0
26860,10.0
26861,10.0
26862,10.0
26863,10.0
26864,10.0
26865,10.0
26866,10.0
26867,10.0
26868,10.0
26869,10.0
26870,10.0
26871,10.0
26872,10.0
26873,10.0
26874,10.0
26875,10.0
26876,10.0
26877,10.0
26878,10.0
26879,10.0
26880,10.0
26881,11.0
26882,11.0
26883,11.0
26884,11.0
26885,11.0
26886,11.0
26887,11.0
26888,11.0
26889,11.0
26890,11.0
26891,11.0
26892,11.0
26893,11.0
26894,11.0
26895,11.0
26896,11.0
26897,11.0
26898,11.0
26899,11.0
26900,11.0
26901,11.0
26902,11.0
26903,11.0
26904,11.0
26905,11.0
26906,11.0
26907,11.0
26908,11.0
26909,11.0
26910,11.0
26911,11.0
26912,11.0
26913,11.0
26914,11.0
26915,11.0
26916,11.0
26917,11.0
26918,11.0
26919,10.0
26920,10.0
26921,10.0
26922,10.0
26923,10.0
26924,10.0
26925,10.0
26926,10.0
26927,10.0
26928,10.0
26929,10.0
26930,10.0
26931,10.0
26932,10.0
26933,10.0
26934,10.0
26935,10.0
26936,9.0
26937,9.0
26938,9.0
26939,9.0
26940,9.0
26941,9.0
26942,9.0
26943,9.0
26944,9.0
26945,9.0
26946,9.0
26947,9.0
26948,9.0
26949,9.0
26950,9.0
26951,9.0
26952,9.0
26953,9.0
26954,9.0
26955,9.0
26956,9.0
26957,9.0
26958,9.0
26959,9.0
26960,8.0
26961,8.0
26962,8.0
26963,8.0
26964,8.0
26965,8.0
26966,8.0
26967,8.0
26968,8.0
26969,8.0
26970,8.0
26971,8.0
26972,8.0
26973,8.0
26974,8.0
26975,8.0
26976,8.0
26977,8.0
26978,8.0
26979,8.0
26980,8.0
26981,8.0
26982,8.0
26983,8.0
26984,8.0
26985,8.0
26986,8.0
26987,8.0
26988,8.0
26989,8.0
26990,8.0
26991,8.0
26992,8.0
26993,8.0
26994,8.0
26995,8.0
26996,8.0
26997,8.0
26998,8.0
26999,8.0
27000,8.0
27001,8.0
27002,8.0
27003,8.0
27004,8.0
27005,8.0
27006,8.0
27007,8.0
27008,8.0
27009,8.0
27010,8.0
27011,8.0
27012,8.0
27013,8.0
27014,8.0
27015,8.0
27016,8.0
27017,7.0
27018,7.0
27019,7.0
27020,7.0
27021,7.0
27022,7.0
27023,7.0
27024,7.0
27025,7.0
27026,7.0
27027,7.0
27028,7.0
27029,7.0
27030,7.0
27031,7.0
27032,7.0
27033,7.0
27034,7.0
27035,7.0
27036,7.0
27037,7.0
27038,7.0
27039,7.0
27040,7.0
27041,7.0
27042,7.0
27043,7.0
27044,7.0
27045,7.0
27046,7.0
27047,7.0
27048,7.0
27049,7.0
27050,7.0
27051,7.0
27052,7.0
27053,7.0
27054,7.0
27055,7.0
27056,7.0
27057,7.0
27058,7.0
27059,8.0
27060,8.0
27061,8.0
27062,8.0
27063,8.0
27064,8.0
27065,8.0
27066,8.0
27067,8.0
27068,8.0
27069,8.0
27070,8.0
27071,8.0
27072,8.0
27073,8.0
27074,8.0
27075,8.0
27076,8.0
27077,8.0
27078,8.0
27079,8.0
27080,8.0
27081,8.0
27082,7.0
27083,7.0
27084,7.0
27085,7.0
27086,7.0
27087,7.0
27088,7.0
27089,7.0
27090,7.0
27091,7.0
27092,7.0
27093,7.0
27094,7.0
27095,7.0
27096,7.0
27097,7.0
27098,7.0
27099,7.0
27100,7.0
27101,7.0
27102,7.0
27103,7.0
27104,7.0
27105,7.0
27106,7.0
27107,7.0
27108,7.0
27109,7.0
27110,7.0
27111,7.0
27112,7.0
27113,7.0
27114,7.0
27115,7.0
27116,7.0
27117,7.0
27118,7.0
27119,7.0
27120,7.0
27121,7.0
27122,7.0
27123,7.0
27124,7.0
27125,7.0
27126,7.0
27127,7.0
27128,7.0
27129,7.0
27130,7.0
27131,7.0
27132,7.0
27133,7.0
27134,7.0
27135,7.0
27136,7.0
27137,7.0
27138,7.0
27139,7.0
27140,7.0
27141,7.0
27142,7.0
27143,7.0
27144,7.0
27145,7.0
27146,7.0
27147,7.0
27148,7.0
27149,7.0
27150,7.0
27151,7.0
27152,7.0
27153,7.0
27154,7.0
27155,7.0
27156,7.0
27157,8.0
27158,8.0
27159,8.0
27160,8.0
27161,8.0
27162,8.0
27163,8.0
27164,8.0
27165,8.0
27166,8.0
27167,8.0
27168,8.0
27169,8.0
27170,8.0
27171,8.0
27172,9.0
27173,9.0
27174,9.0
27175,9.0
27176,9.0
27177,9.0
27178,9.0
27179,9.0
27180,9.0
27181,9.0
27182,9.0
27183,9.0
27184,9.0
27185,9.0
27186,9.0
27187,9.0
27188,9.0
27189,9.0
27190,9.0
27191,9.0
27192,9.0
27193,9.0
27194,9.0
27195,9.0
27196,9.0
27197,9.0
27198,9.0
27199,9.0
27200,9.0
27201,9.0
27202,9.0
27203,9.0
27204,9.0
27205,9.0
27206,9.0
27207,9.0
27208,9.0
27209,9.0
27210,9.0
27211,9.0
27212,9.0
27213,9.0
27214,9.0
27215,9.0
27216,9.0
27217,9.0
27218,9.0
27219,9.0
27220,9.0
27221,9.0
27222,10.0
27223,10.0
27224,10.0
27225,10.0
27226,10.0
27227,10.0
27228,10.0
27229,10.0
27230,10.0
27231,10.0
27232,10.0
27233,10.0
27234,10.0
27235,10.0
27236,10.0
27237,10.0
27238,10.0
27239,10.0
27240,9.0
27241,9.0
27242,9.0
27243,9.0
27244,9.0
27245,9.0
27246,9.0
27247,9.0
27248,9.0
27249,9.0
27250,9.0
27251,9.0
27252,9.0
27253,9.0
27254,9.0
27255,9.0
27256,9.0
27257,9.0
27258,9.0
27259,9.0
27260,7.0
27261,7.0
27262,7.0
27263,7.0
27264,7.0
27265,7.0
27266,7.0
27267,7.0
27268,7.0
27269,7.0
27270,7.0
27271,7.0
27272,7.0
27273,7.0
27274,7.0
27275,7.0
27276,7.0
27277,7.0
27278,7.0
27279,7.0
27280,7.0
27281,7.0
27282,7.0
27283,7.0
27284,7.0
27285,7.0
27286,7.0
27287,7.0
27288,8.0
27289,8.0
27290,8.0
27291,8.0
27292,8.0
27293,8.0
27294,8.0
27295,8.0
27296,8.0
27297,8.0
27298,8.0
27299,8.0
27300,8.0
27301,8.0
27302,8.0
27303,8.0
27304,8.0
27305,7.0
27306,7.0
27307,7.0
27308,7.0
27309,7.0
27310,7.0
27311,7.0
27312,7.0
27313,7.0
27314,7.0
27315,7.0
27316,7.0
27317,7.0
27318,7.0
27319,7.0
27320,7.0
27321,7.0
27322,7.0
27323,7.0
27324,7.0
27325,7.0
27326,7.0
27327,7.0
27328,7.0
27329,7.0
27330,7.0
27331,7.0
27332,7.0
27333,7.0
27334,7.0
27335,7.0
27336,7.0
27337,7.0
27338,7.0
27339,7.0
27340,7.0
27341,7.0
27342,7.0
27343,7.0
27344,7.0
27345,7.0
27346,7.0
27347,7.0
27348,7.0
27349,7.0
27350,7.0
27351,7.0
27352,7.0
27353,7.0
27354,7.0
27355,7.0
27356,7.0
27357,7.0
27358,7.0
27359,7.0
27360,7.0
27361,7.0
27362,7.0
27363,7.0
27364,7.0
27365,7.0
27366,7.0
27367,7.0
27368,8.0
27369,8.0
27370,8.0
27371,8.0
27372,8.0
27373,8.0
27374,8.0
27375,8.0
27376,8.0
27377,8.0
27378,8.0
27379,8.0
27380,8.0
27381,8.0
27382,8.0
27383,8.0
27384,8.0
27385,8.0
27386,8.0
27387,8.0
27388,8.0
27389,8.0
27390,8.0
27391,8.0
27392,8.0
27393,8.0
27394,8.0
27395,8.0
27396,8.0
27397,8.0
27398,8.0
27399,8.0
27400,8.0
27401,8.0
27402,8.0
27403,8.0
27404,8.0
27405,8.0
27406,8.0
27407,8.0
27408,8.0
27409,8.0
27410,8.0
27411,8.0
27412,8.0
27413,8.0
27414,8.0
27415,8.0
27416,8.0
27417,8.0
27418,8.0
27419,8.0
27420,8.0
27421,8.0
27422,8.0
27423,8.0
27424,8.0
27425,8.0
27426,8.0
27427,8.0
27428,8.0
27429,8.0
27430,8.0
27431,8.0
27432,8.0
27433,8.0
27434,8.0
27435,8.0
27436,8.0
27437,8.0
27438,8.0
27439,8.0
27440,8.0
27441,8.0
27442,8.0
27443,8.0
27444,8.0
27445,8.0
27446,8.0
27447,8.0
27448,8.0
27449,8.0
27450,8.0
27451,8.0
27452,8.0
27453,8.0
27454,8.0
27455,8.0
27456,8.0
27457,8.0
27458,8.0
27459,8.0
27460,8.0
27461,8.0
27462,8.0
27463,7.0
27464,7.0
27465,7.0
27466,7.0
27467,7.0
27468,7.0
27469,7.0
27470,7.0
27471,7.0
27472,7.0
27473,7.0
27474,7.0
27475,7.0
27476,7.0
27477,7.0
27478,7.0
27479,7.0
27480,7.0
27481,7.0
27482,7.0
27483,7.0
27484,7.0
27485,7.0
27486,7.0
27487,7.0
27488,7.0
27489,7.0
27490,7.0
27491,7.0
27492,7.0
27493,7.0
27494,7.0
27495,7.0
27496,7.0
27497,7.0
27498,7.0
27499,7.0
27500,7.0
27501,7.0
27502,7.0
27503,7.0
27504,7.0
27505,7.0
27506,7.0
27507,7.0
27508,7.0
27509,7.0
27510,7.0
27511,7.0
27512,7.0
27513,7.0
27514,7.0
27515,7.0
27516,7.0
27517,7.0
27518,7.0
27519,7.0
27520,7.0
27521,7.0
27522,7.0
27523,7.0
27524,7.0
27525,8.0
27526,8.0
27527,8.0
27528,8.0
27529,8.0
27530,8.0
27531,8.0
27532,8.0
27533,8.0
27534,8.0
27535,8.0
27536,8.0
27537,7.0
27538,7.0
27539,7.0
27540,7.0
27541,7.0
27542,7.0
27543,7.0
27544,7.0
27545,7.0
27546,7.0
27547,7.0
27548,7.0
27549,7.0
27550,7.0
27551,7.0
27552,7.0
27553,7.0
27554,7.0
27555,7.0
27556,7.0
27557,7.0
27558,7.0
27559,7.0
27560,7.0
27561,7.0
27562,7.0
27563,7.0
27564,7.0
27565,7.0
27566,7.0
27567,7.0
27568,7.0
27569,7.0
27570,7.0
27571,7.0
27572,7.0
27573,7.0
27574,7.0
27575,7.0
27576,7.0
27577,7.0
27578,7.0
27579,7.0
27580,7.0
27581,7.0
27582,7.0
27583,7.0
27584,7.0
27585,7.0
27586,7.0
27587,7.0
27588,7.0
27589,7.0
27590,7.0
27591,7.0
27592,7.0
27593,7.0
27594,7.0
27595,7.0
27596,7.0
27597,8.0
27598,8.0
27599,8.0
27600,8.0
27601,8.0
27602,8.0
27603,8.0
27604,8.0
27605,8.0
27606,8.0
27607,8.0
27608,8.0
27609,8.0
27610,8.0
27611,8.0
27612,8.0
27613,9.0
27614,9.0
27615,9.0
27616,9.0
27617,9.0
27618,9.0
27619,9.0
27620,9.0
27621,9.0
27622,9.0
27623,9.0
27624,9.0
27625,9.0
27626,9.0
27627,9.0
27628,9.0
27629,9.0
27630,9.0
27631,9.0
27632,9.0
27633,9.0
27634,9.0
27635,9.0
27636,9.0
27637,9.0
27638,9.0
27639,9.0
27640,9.0
27641,9.0
27642,9.0
27643,9.0
27644,9.0
27645,9.0
27646,9.0
27647,9.0
27648,9.0
27649,9.0
27650,9.0
27651,10.0
27652,9.0
27653,9.0
27654,9.0
27655,9.0
27656,9.0
27657,9.0
27658,9.0
27659,9.0
27660,9.0
27661,9.0
27662,9.0
27663,9.0
27664,9.0
27665,9.0
27666,10.0
27667,10.0
27668,10.0
27669,10.0
27670,10.0
27671,10.0
27672,10.0
27673,10.0
27674,10.0
27675,10.0
27676,10.0
27677,10.0
27678,10.0
27679,10.0
27680,10.0
27681,10.0
27682,10.0
27683,10.0
27684,10.0
27685,10.0
27686,10.0
27687,10.0
27688,10.0
27689,10.0
27690,10.0
27691,10.0
27692,10.0
27693,10.0
27694,8.0
27695,8.0
27696,8.0
27697,8.0
27698,8.0
27699,8.0
27700,8.0
27701,8.0
27702,8.0
27703,8.0
27704,8.0
27705,9.0
27706,9.0
27707,9.0
27708,9.0
27709,8.0
27710,8.0
27711,8.0
27712,8.0
27713,8.0
27714,8.0
27715,8.0
27716,8.0
27717,8.0
27718,8.0
27719,8.0
27720,8.0
27721,8.0
27722,8.0
27723,8.0
27724,8.0
27725,8.0
27726,8.0
27727,8.0
27728,8.0
27729,8.0
27730,8.0
27731,8.0
27732,8.0
27733,8.0
27734,8.0
27735,8.0
27736,8.0
27737,8.0
27738,8.0
27739,8.0
27740,8.0
27741,8.0
27742,8.0
27743,8.0
27744,8.0
27745,8.0
27746,8.0
27747,8.0
27748,8.0
27749,8.0
27750,8.0
27751,8.0
27752,8.0
27753,8.0
27754,8.0
27755,8.0
27756,8.0
27757,8.0
27758,8.0
27759,8.0
27760,8.0
27761,8.0
27762,8.0
27763,8.0
27764,8.0
27765,8.0
27766,8.0
27767,8.0
27768,8.0
27769,8.0
27770,8.0
27771,8.0
27772,8.0
27773,8.0
27774,8.0
27775,8.0
27776,8.0
27777,8.0
27778,8.0
27779,8.0
27780,8.0
27781,8.0
27782,8.0
27783,8.0
27784,8.0
27785,8.0
27786,8.0
27787,8.0
27788,8.0
27789,8.0
27790,8.0
27791,8.0
27792,8.0
27793,8.0
27794,8.0
27795,8.0
27796,8.0
27797,8.0
27798,8.0
27799,8.0
27800,8.0
27801,8.0
27802,8.0
27803,8.0
27804,8.0
27805,8.0
27806,8.0
27807,8.0
27808,8.0
27809,8.0
27810,8.0
27811,8.0
27812,8.0
27813,8.0
27814,8.0
27815,8.0
27816,8.0
27817,8.0
27818,8.0
27819,8.0
27820,8.0
27821,8.0
27822,8.0
27823,8.0
27824,8.0
27825,8.0
27826,8.0
27827,8.0
27828,8.0
27829,8.0
27830,8.0
27831,8.0
27832,8.0
27833,8.0
27834,8.0
27835,8.0
27836,8.0
27837,8.0
27838,8.0
27839,8.0
27840,8.0
27841,8.0
27842,8.0
27843,8.0
27844,8.0
27845,8.0
27846,8.0
27847,8.0
27848,8.0
27849,8.0
27850,8.0
27851,8.0
27852,8.0
27853,8.0
27854,8.0
27855,8.0
27856,8.0
27857,8.0
27858,8.0
27859,8.0
27860,9.0
27861,9.0
27862,9.0
27863,10.0
27864,10.0
27865,10.0
27866,10.0
27867,10.0
27868,10.0
27869,10.0
27870,10.0
27871,10.0
27872,10.0
27873,10.0
27874,10.0
27875,10.0
27876,10.0
27877,10.0
27878,10.0
27879,10.0
27880,10.0
27881,10.0
27882,10.0
27883,10.0
27884,10.0
27885,10.0
27886,10.0
27887,10.0
27888,10.0
27889,10.0
27890,10.0
27891,10.0
27892,10.0
27893,10.0
27894,10.0
27895,10.0
27896,10.0
27897,10.0
27898,10.0
27899,10.0
27900,10.0
27901,10.0
27902,10.0
27903,10.0
27904,10.0
27905,10.0
27906,10.0
27907,10.0
27908,10.0
27909,10.0
27910,10.0
27911,10.0
27912,10.0
27913,10.0
27914,10.0
27915,10.0
27916,10.0
27917,10.0
27918,10.0
27919,10.0
27920,10.0
27921,10.0
27922,10.0
27923,10.0
27924,10.0
27925,10.0
27926,10.0
27927,10.0
27928,10.0
27929,10.0
27930,10.0
27931,10.0
27932,10.0
27933,10.0
27934,10.0
27935,10.0
27936,10.0
27937,10.0
27938,10.0
27939,10.0
27940,10.0
27941,10.0
27942,10.0
27943,10.0
27944,10.0
27945,10.0
27946,10.0
27947,10.0
27948,10.0
27949,10.0
27950,10.0
27951,10.0
27952,10.0
27953,10.0
27954,10.0
27955,10.0
27956,10.0
27957,10.0
27958,10.0
27959,10.0
27960,10.0
27961,10.0
27962,10.0
27963,10.0
27964,10.0
27965,10.0
27966,10.0
27967,10.0
27968,10.0
27969,10.0
27970,10.0
27971,10.0
27972,10.0
27973,10.0
27974,10.0
27975,10.0
27976,10.0
27977,10.0
27978,10.0
27979,10.0
27980,10.0
27981,10.0
27982,10.0
27983,10.0
27984,10.0
27985,10.0
27986,10.0
27987,10.0
27988,10.0
27989,10.0
27990,10.0
27991,10.0
27992,10.0
27993,10.0
27994,10.0
27995,10.0
27996,10.0
27997,10.0
27998,10.0
27999,10.0
28000,10.0
28001,10.0
28002,10.0
28003,10.0
28004,10.0
28005,10.0
28006,10.0
28007,10.0
28008,10.0
28009,10.0
28010,10.0
28011,10.0
28012,10.0
28013,10.0
28014,10.0
28015,10.0
28016,10.0
28017,10.0
28018,10.0
28019,10.0
28020,10.0
28021,9.0
28022,9.0
28023,9.0
28024,9.0
28025,9.0
28026,9.0
28027,9.0
28028,9.0
28029,9.0
28030,9.0
28031,9.0
28032,9.0
28033,9.0
28034,9.0
28035,9.0
28036,9.0
28037,9.0
28038,9.0
28039,9.0
28040,9.0
28041,9.0
28042,9.0
28043,9.0
28044,9.0
28045,9.0
28046,9.0
28047,9.0
28048,9.0
28049,9.0
28050,9.0
28051,9.0
28052,9.0
28053,9.0
28054,9.0
28055,9.0
28056,9.0
28057,9.0
28058,9.0
28059,9.0
28060,9.0
28061,9.0
28062,9.0
28063,9.0
28064,9.0
28065,9.0
28066,9.0
28067,9.0
28068,9.0
28069,9.0
28070,9.0
28071,9.0
28072,9.0
28073,9.0
28074,9.0
28075,9.0
28076,9.0
28077,9.0
28078,9.0
28079,9.0
28080,9.0
28081,9.0
28082,9.0
28083,9.0
28084,9.0
28085,9.0
28086,9.0
28087,9.0
28088,9.0
28089,9.0
28090,9.0
28091,9.0
28092,9.0
28093,9.0
28094,9.0
28095,9.0
28096,9.0
28097,9.0
28098,9.0
28099,9.0
28100,9.0
28101,9.0
28102,9.0
28103,9.0
28104,9.0
28105,9.0
28106,9.0
28107,9.0
28108,9.0
28109,9.0
28110,9.0
28111,9.0
28112,9.0
28113,9.0
28114,9.0
28115,9.0
28116,9.0
28117,9.0
28118,9.0
28119,9.0
28120,9.0
28121,9.0
28122,9.0
28123,9.0
28124,9.0
28125,9.0
28126,9.0
28127,9.0
28128,9.0
28129,9.0
28130,9.0
28131,9.0
28132,9.0
28133,9.0
28134,9.0
28135,9.0
28136,9.0
28137,9.0
28138,9.0
28139,9.0
28140,9.0
28141,9.0
28142,9.0
28143,9.0
28144,9.0
28145,10.0
28146,10.0
28147,10.0
28148,10.0
28149,10.0
28150,10.0
28151,10.0
28152,10.0
28153,10.0
28154,10.0
28155,10.0
28156,10.0
28157,10.0
28158,10.0
28159,10.0
28160,10.0
28161,10.0
28162,10.0
28163,10.0
28164,10.0
28165,10.0
28166,10.0
28167,10.0
28168,10.0
28169,10.0
28170,10.0
28171,10.0
28172,10.0
28173,10.0
28174,10.0
28175,10.0
28176,10.0
28177,10.0
28178,10.0
28179,10.0
28180,10.0
28181,10.0
28182,10.0
28183,10.0
28184,10.0
28185,10.0
28186,10.0
28187,10.0
28188,10.0
28189,10.0
28190,10.0
28191,10.0
28192,10.0
28193,10.0
28194,10.0
28195,10.0
28196,10.0
28197,10.0
28198,10.0
28199,10.0
28200,10.0
28201,10.0
28202,10.0
28203,10.0
28204,10.0
28205,10.0
28206,10.0
28207,10.0
28208,10.0
28209,10.0
28210,10.0
28211,10.0
28212,10.0
28213,10.0
28214,10.0
28215,10.0
28216,10.0
28217,10.0
28218,10.0
28219,10.0
28220,10.0
28221,10.0
28222,10.0
28223,10.0
28224,10.0
28225,10.0
28226,10.0
28227,10.0
28228,10.0
28229,10.0
28230,10.0
28231,10.0
28232,10.0
28233,10.0
28234,10.0
28235,10.0
28236,10.0
28237,10.0
28238,10.0
28239,10.0
28240,11.0
28241,11.0
28242,11.0
28243,11.0
28244,11.0
28245,11.0
28246,11.0
28247,11.0
28248,11.0
28249,11.0
28250,11.0
28251,11.0
28252,11.0
28253,11.0
28254,11.0
28255,11.0
28256,11.0
28257,11.0
28258,11.0
28259,11.0
28260,11.0
28261,11.0
28262,11.0
28263,11.0
28264,11.0
28265,11.0
28266,11.0
28267,11.0
28268,12.0
28269,12.0
28270,12.0
28271,12.0
28272,12.0
28273,12.0
28274,12.0
28275,12.0
28276,12.0
28277,12.0
28278,12.0
28279,12.0
28280,12.0
28281,12.0
28282,11.0
28283,11.0
28284,11.0
28285,11.0
28286,11.0
28287,11.0
28288,11.0
28289,11.0
28290,11.0
28291,11.0
28292,11.0
28293,11.0
28294,11.0
28295,11.0
28296,11.0
28297,11.0
28298,11.0
28299,11.0
28300,11.0
28301,11.0
28302,11.0
28303,11.0
28304,11.0
28305,11.0
28306,11.0
28307,10.0
28308,10.0
28309,10.0
28310,10.0
28311,10.0
28312,10.0
28313,10.0
28314,11.0
28315,11.0
28316,11.0
28317,11.0
28318,11.0
28319,11.0
28320,11.0
28321,11.0
28322,11.0
28323,11.0
28324,11.0
28325,11.0
28326,11.0
28327,11.0
28328,11.0
28329,11.0
28330,11.0
28331,11.0
28332,11.0
28333,11.0
28334,11.0
28335,11.0
28336,11.0
28337,11.0
28338,11.0
28339,11.0
28340,11.0
28341,11.0
28342,11.0
28343,11.0
28344,11.0
28345,12.0
28346,12.0
28347,12.0
28348,12.0
28349,12.0
28350,12.0
28351,12.0
28352,12.0
28353,12.0
28354,12.0
28355,12.0
28356,12.0
28357,12.0
28358,12.0
28359,12.0
28360,12.0
28361,12.0
28362,12.0
28363,12.0
28364,12.0
28365,12.0
28366,12.0
28367,12.0
28368,12.0
28369,12.0
28370,12.0
28371,12.0
28372,12.0
28373,12.0
28374,12.0
28375,12.0
28376,12.0
28377,12.0
28378,12.0
28379,12.0
28380,12.0
28381,12.0
28382,12.0
28383,12.0
28384,12.0
28385,12.0
28386,12.0
28387,12.0
28388,12.0
28389,12.0
28390,12.0
28391,12.0
28392,12.0
28393,12.0
28394,12.0
28395,12.0
28396,12.0
28397,12.0
28398,12.0
28399,12.0
28400,12.0
28401,12.0
28402,11.0
28403,11.0
28404,11.0
28405,11.0
28406,11.0
28407,11.0
28408,11.0
28409,11.0
28410,11.0
28411,11.0
28412,11.0
28413,11.0
28414,11.0
28415,11.0
28416,11.0
28417,11.0
28418,11.0
28419,11.0
28420,11.0
28421,11.0
28422,11.0
28423,11.0
28424,11.0
28425,11.0
28426,11.0
28427,11.0
28428,10.0
28429,10.0
28430,10.0
28431,10.0
28432,10.0
28433,10.0
28434,10.0
28435,10.0
28436,10.0
28437,10.0
28438,10.0
28439,10.0
28440,10.0
28441,10.0
28442,10.0
28443,10.0
28444,10.0
28445,10.0
28446,10.0
28447,10.0
28448,10.0
28449,10.0
28450,10.0
28451,10.0
28452,10.0
28453,10.0
28454,10.0
28455,10.0
28456,10.0
28457,10.0
28458,11.0
28459,11.0
28460,11.0
28461,11.0
28462,11.0
28463,11.0
28464,11.0
28465,11.0
28466,11.0
28467,11.0
28468,11.0
28469,11.0
28470,11.0
28471,11.0
28472,11.0
28473,11.0
28474,11.0
28475,11.0
28476,11.0
28477,11.0
28478,11.0
28479,11.0
28480,11.0
28481,11.0
28482,11.0
28483,11.0
28484,11.0
28485,11.0
28486,11.0
28487,11.0
28488,11.0
28489,11.0
28490,11.0
28491,11.0
28492,11.0
28493,11.0
28494,11.0
28495,11.0
28496,11.0
28497,11.0
28498,11.0
28499,11.0
28500,11.0
28501,11.0
28502,11.0
28503,11.0
28504,11.0
28505,11.0
28506,11.0
28507,11.0
28508,11.0
28509,11.0
28510,11.0
28511,11.0
28512,11.0
28513,11.0
28514,11.0
28515,11.0
28516,11.0
28517,10.0
28518,10.0
28519,10.0
28520,10.0
28521,10.0
28522,10.0
28523,10.0
28524,10.0
28525,10.0
28526,10.0
28527,10.0
28528,10.0
28529,10.0
28530,10.0
28531,10.0
28532,10.0
28533,10.0
28534,10.0
28535,10.0
28536,10.0
28537,10.0
28538,10.0
28539,10.0
28540,10.0
28541,10.0
28542,10.0
28543,10.0
28544,10.0
28545,10.0
28546,10.0
28547,10.0
28548,10.0
28549,10.0
28550,10.0
28551,10.0
28552,10.0
28553,11.0
28554,11.0
28555,11.0
28556,11.0
28557,11.0
28558,11.0
28559,11.0
28560,11.0
28561,11.0
28562,11.0
28563,11.0
28564,11.0
28565,11.0
28566,12.0
28567,12.0
28568,12.0
28569,12.0
28570,12.0
28571,12.0
28572,12.0
28573,12.0
28574,12.0
28575,12.0
28576,12.0
28577,12.0
28578,12.0
28579,12.0
28580,12.0
28581,12.0
28582,12.0
28583,12.0
28584,12.0
28585,12.0
28586,12.0
28587,12.0
28588,12.0
28589,12.0
28590,12.0
28591,12.0
28592,12.0
28593,12.0
28594,12.0
28595,12.0
28596,12.0
28597,11.0
28598,11.0
28599,11.0
28600,11.0
28601,11.0
28602,11.0
28603,11.0
28604,9.0
28605,9.0
28606,9.0
28607,9.0
28608,9.0
28609,9.0
28610,9.0
28611,9.0
28612,9.0
28613,9.0
28614,9.0
28615,9.0
28616,9.0
28617,9.0
28618,9.0
28619,9.0
28620,9.0
28621,9.0
28622,9.0
28623,9.0
28624,9.0
28625,9.0
28626,9.0
28627,9.0
28628,9.0
28629,9.0
28630,9.0
28631,9.0
28632,9.0
28633,9.0
28634,9.0
28635,9.0
28636,9.0
28637,9.0
28638,9.0
28639,9.0
28640,9.0
28641,9.0
28642,9.0
28643,9.0
28644,9.0
28645,9.0
28646,9.0
28647,9.0
28648,9.0
28649,9.0
28650,9.0
28651,9.0
28652,9.0
28653,9.0
28654,9.0
28655,9.0
28656,9.0
28657,9.0
28658,9.0
28659,9.0
28660,9.0
28661,9.0
28662,9.0
28663,9.0
28664,9.0
28665,10.0
28666,10.0
28667,10.0
28668,10.0
28669,10.0
28670,10.0
28671,10.0
28672,10.0
28673,10.0
28674,10.0
28675,10.0
28676,10.0
28677,10.0
28678,10.0
28679,10.0
28680,10.0
28681,10.0
28682,10.0
28683,10.0
28684,10.0
28685,10.0
28686,10.0
28687,10.0
28688,10.0
28689,10.0
28690,10.0
28691,10.0
28692,10.0
28693,11.0
28694,11.0
28695,11.0
28696,11.0
28697,11.0
28698,11.0
28699,11.0
28700,11.0
28701,11.0
28702,11.0
28703,11.0
28704,11.0
28705,11.0
28706,11.0
28707,11.0
28708,11.0
28709,11.0
28710,11.0
28711,11.0
28712,11.0
28713,11.0
28714,11.0
28715,11.0
28716,11.0
28717,10.0
28718,10.0
28719,10.0
28720,10.0
28721,10.0
28722,10.0
28723,10.0
28724,10.0
28725,10.0
28726,10.0
28727,10.0
28728,10.0
28729,10.0
28730,10.0
28731,10.0
28732,10.0
28733,10.0
28734,10.0
28735,10.0
28736,10.0
28737,11.0
28738,11.0
28739,11.0
28740,11.0
28741,11.0
28742,11.0
28743,11.0
28744,11.0
28745,11.0
28746,11.0
28747,11.0
28748,11.0
28749,11.0
28750,11.0
28751,11.0
28752,11.0
28753,11.0
28754,11.0
28755,11.0
28756,11.0
28757,11.0
28758,11.0
28759,11.0
28760,11.0
28761,11.0
28762,11.0
28763,11.0
28764,11.0
28765,11.0
28766,11.0
28767,11.0
28768,11.0
28769,11.0
28770,11.0
28771,11.0
28772,11.0
28773,11.0
28774,11.0
28775,11.0
28776,11.0
28777,11.0
28778,11.0
28779,11.0
28780,11.0
28781,11.0
28782,11.0
28783,11.0
28784,11.0
28785,12.0
28786,12.0
28787,12.0
28788,12.0
28789,12.0
28790,12.0
28791,12.0
28792,12.0
28793,12.0
28794,12.0
28795,12.0
28796,12.0
28797,12.0
28798,12.0
28799,12.0
28800,12.0
28801,12.0
28802,12.0
28803,12.0
28804,12.0
28805,12.0
28806,12.0
28807,12.0
28808,12.0
28809,12.0
28810,12.0
28811,10.0
28812,10.0
28813,10.0
28814,10.0
28815,10.0
28816,10.0
28817,10.0
28818,10.0
28819,10.0
28820,10.0
28821,9.0
28822,9.0
28823,9.0
28824,9.0
28825,9.0
28826,9.0
28827,9.0
28828,9.0
28829,9.0
28830,9.0
28831,9.0
28832,9.0
28833,9.0
28834,9.0
28835,9.0
28836,9.0
28837,9.0
28838,9.0
28839,9.0
28840,9.0
28841,9.0
28842,9.0
28843,9.0
28844,9.0
28845,9.0
28846,9.0
28847,9.0
28848,9.0
28849,9.0
28850,9.0
28851,9.0
28852,9.0
28853,9.0
28854,9.0
28855,9.0
28856,9.0
28857,9.0
28858,9.0
28859,9.0
28860,9.0
28861,9.0
28862,9.0
28863,9.0
28864,9.0
28865,9.0
28866,9.0
28867,9.0
28868,9.0
28869,9.0
28870,9.0
28871,9.0
28872,9.0
28873,9.0
28874,9.0
28875,9.0
28876,9.0
28877,9.0
28878,9.0
28879,9.0
28880,9.0
28881,9.0
28882,9.0
28883,9.0
28884,10.0
28885,10.0
28886,10.0
28887,10.0
28888,10.0
28889,10.0
28890,10.0
28891,10.0
28892,8.0
28893,8.0
28894,8.0
28895,8.0
28896,8.0
28897,8.0
28898,8.0
28899,8.0
28900,8.0
28901,8.0
28902,8.0
28903,8.0
28904,8.0
28905,8.0
28906,8.0
28907,8.0
28908,8.0
28909,8.0
28910,8.0
28911,8.0
28912,8.0
28913,8.0
28914,8.0
28915,8.0
28916,8.0
28917,8.0
28918,8.0
28919,8.0
28920,8.0
28921,8.0
28922,8.0
28923,8.0
28924,8.0
28925,8.0
28926,8.0
28927,8.0
28928,7.0
28929,7.0
28930,7.0
28931,7.0
28932,7.0
28933,7.0
28934,7.0
28935,7.0
28936,7.0
28937,7.0
28938,7.0
28939,7.0
28940,7.0
28941,7.0
28942,7.0
28943,7.0
28944,7.0
28945,7.0
28946,7.0
28947,7.0
28948,7.0
28949,7.0
28950,7.0
28951,7.0
28952,7.0
28953,7.0
28954,7.0
28955,7.0
28956,7.0
28957,7.0
28958,7.0
28959,7.0
28960,7.0
28961,7.0
28962,7.0
28963,7.0
28964,7.0
28965,7.0
28966,7.0
28967,7.0
28968,7.0
28969,7.0
28970,7.0
28971,7.0
28972,7.0
28973,7.0
28974,7.0
28975,7.0
28976,7.0
28977,7.0
28978,7.0
28979,7.0
28980,7.0
28981,7.0
28982,7.0
28983,7.0
28984,7.0
28985,7.0
28986,7.0
28987,7.0
28988,7.0
28989,7.0
28990,7.0
28991,7.0
28992,7.0
28993,7.0
28994,7.0
28995,7.0
28996,7.0
28997,7.0
28998,7.0
28999,7.0
29000,7.0
29001,7.0
29002,7.0
29003,7.0
29004,7.0
29005,7.0
29006,7.0
29007,7.0
29008,7.0
29009,7.0
29010,7.0
29011,7.0
29012,7.0
29013,7.0
29014,7.0
29015,7.0
29016,7.0
29017,7.0
29018,7.0
29019,7.0
29020,7.0
29021,7.0
29022,7.0
29023,7.0
29024,7.0
29025,7.0
29026,7.0
29027,7.0
29028,7.0
29029,7.0
29030,7.0
29031,7.0
29032,7.0
29033,7.0
29034,7.0
29035,7.0
29036,7.0
29037,7.0
29038,7.0
29039,7.0
29040,7.0
29041,7.0
29042,7.0
29043,7.0
29044,7.0
29045,7.0
29046,7.0
29047,7.0
29048,7.0
29049,7.0
29050,7.0
29051,7.0
29052,7.0
29053,7.0
29054,7.0
29055,7.0
29056,7.0
29057,7.0
29058,7.0
29059,7.0
29060,7.0
29061,7.0
29062,7.0
29063,7.0
29064,7.0
29065,7.0
29066,7.0
29067,7.0
29068,7.0
29069,7.0
29070,8.0
29071,8.0
29072,9.0
29073,9.0
29074,9.0
29075,9.0
29076,9.0
29077,9.0
29078,9.0
29079,9.0
29080,9.0
29081,9.0
29082,9.0
29083,9.0
29084,9.0
29085,9.0
29086,9.0
29087,9.0
29088,9.0
29089,9.0
29090,9.0
29091,9.0
29092,9.0
29093,9.0
29094,9.0
29095,9.0
29096,9.0
29097,9.0
29098,9.0
29099,9.0
29100,9.0
29101,9.0
29102,9.0
29103,9.0
29104,9.0
29105,9.0
29106,9.0
29107,9.0
29108,9.0
29109,9.0
29110,9.0
29111,9.0
29112,9.0
29113,9.0
29114,9.0
29115,9.0
29116,9.0
29117,9.0
29118,9.0
29119,9.0
29120,9.0
29121,9.0
29122,9.0
29123,9.0
29124,9.0
29125,8.0
29126,8.0
29127,8.0
29128,8.0
29129,8.0
29130,8.0
29131,8.0
29132,8.0
29133,8.0
29134,8.0
29135,8.0
29136,8.0
29137,8.0
29138,8.0
29139,9.0
29140,9.0
29141,9.0
29142,9.0
29143,9.0
29144,9.0
29145,9.0
29146,9.0
29147,9.0
29148,9.0
29149,9.0
29150,9.0
29151,9.0
29152,9.0
29153,9.0
29154,9.0
29155,9.0
29156,9.0
29157,9.0
29158,9.0
29159,9.0
29160,9.0
29161,9.0
29162,9.0
29163,9.0
29164,9.0
29165,9.0
29166,9.0
29167,9.0
29168,9.0
29169,9.0
29170,9.0
29171,9.0
29172,9.0
29173,9.0
29174,9.0
29175,9.0
29176,9.0
29177,9.0
29178,9.0
29179,9.0
29180,9.0
29181,9.0
29182,9.0
29183,9.0
29184,9.0
29185,9.0
29186,9.0
29187,9.0
29188,9.0
29189,9.0
29190,9.0
29191,9.0
29192,9.0
29193,9.0
29194,9.0
29195,9.0
29196,9.0
29197,9.0
29198,9.0
29199,9.0
29200,9.0
29201,9.0
29202,9.0
29203,9.0
29204,9.0
29205,9.0
29206,9.0
29207,9.0
29208,9.0
29209,9.0
29210,9.0
29211,9.0
29212,9.0
29213,9.0
29214,9.0
29215,9.0
29216,9.0
29217,9.0
29218,9.0
29219,9.0
29220,9.0
29221,9.0
29222,10.0
29223,10.0
29224,10.0
29225,10.0
29226,10.0
29227,10.0
29228,8.0
29229,8.0
29230,8.0
29231,8.0
29232,8.0
29233,8.0
29234,8.0
29235,7.0
29236,7.0
29237,7.0
29238,7.0
29239,7.0
29240,7.0
29241,7.0
29242,7.0
29243,7.0
29244,7.0
29245,7.0
29246,7.0
29247,7.0
29248,7.0
29249,7.0
29250,7.0
29251,7.0
29252,7.0
29253,7.0
29254,7.0
29255,7.0
29256,7.0
29257,7.0
29258,7.0
29259,7.0
29260,7.0
29261,7.0
29262,7.0
29263,7.0
29264,7.0
29265,7.0
29266,7.0
29267,7.0
29268,7.0
29269,7.0
29270,7.0
29271,7.0
29272,7.0
29273,7.0
29274,7.0
29275,7.0
29276,7.0
29277,7.0
29278,7.0
29279,7.0
29280,7.0
29281,7.0
29282,7.0
29283,7.0
29284,7.0
29285,7.0
29286,7.0
29287,7.0
29288,7.0
29289,7.0
29290,7.0
29291,7.0
29292,7.0
29293,7.0
29294,7.0
29295,7.0
29296,7.0
29297,7.0
29298,7.0
29299,7.0
29300,7.0
29301,7.0
29302,7.0
29303,7.0
29304,7.0
29305,7.0
29306,7.0
29307,7.0
29308,7.0
29309,7.0
29310,7.0
29311,7.0
29312,7.0
29313,7.0
29314,7.0
29315,7.0
29316,7.0
29317,7.0
29318,7.0
29319,7.0
29320,7.0
29321,7.0
29322,7.0
29323,7.0
29324,7.0
29325,7.0
29326,7.0
29327,7.0
29328,7.0
29329,7.0
29330,7.0
29331,7.0
29332,7.0
29333,7.0
29334,7.0
29335,7.0
29336,7.0
29337,7.0
29338,7.0
29339,7.0
29340,7.0
29341,7.0
29342,7.0
29343,7.0
29344,7.0
29345,7.0
29346,7.0
29347,7.0
29348,7.0
29349,7.0
29350,7.0
29351,7.0
29352,7.0
29353,7.0
29354,7.0
29355,7.0
29356,7.0
29357,7.0
29358,7.0
29359,7.0
29360,7.0
29361,7.0
29362,7.0
29363,7.0
29364,7.0
29365,7.0
29366,7.0
29367,7.0
29368,7.0
29369,7.0
29370,7.0
29371,7.0
29372,7.0
29373,7.0
29374,7.0
29375,7.0
29376,7.0
29377,7.0
29378,7.0
29379,7.0
29380,7.0
29381,7.0
29382,7.0
29383,7.0
29384,7.0
29385,7.0
29386,7.0
29387,7.0
29388,7.0
29389,7.0
29390,7.0
29391,8.0
29392,8.0
29393,8.0
29394,8.0
29395,8.0
29396,8.0
29397,8.0
29398,8.0
29399,8.0
29400,8.0
29401,8.0
29402,8.0
29403,8.0
29404,8.0
29405,8.0
29406,8.0
29407,8.0
29408,8.0
29409,8.0
29410,8.0
29411,8.0
29412,8.0
29413,8.0
29414,9.0
29415,9.0
29416,9.0
29417,9.0
29418,9.0
29419,9.0
29420,9.0
29421,9.0
29422,9.0
29423,9.0
29424,9.0
29425,9.0
29426,9.0
29427,9.0
29428,9.0
29429,9.0
29430,9.0
29431,9.0
29432,9.0
29433,8.0
29434,8.0
29435,8.0
29436,8.0
29437,8.0
29438,8.0
29439,8.0
29440,8.0
29441,8.0
29442,8.0
29443,8.0
29444,8.0
29445,8.0
29446,8.0
29447,8.0
29448,8.0
29449,8.0
29450,8.0
29451,8.0
29452,8.0
29453,8.0
29454,8.0
29455,8.0
29456,8.0
29457,8.0
29458,8.0
29459,8.0
29460,8.0
29461,8.0
29462,8.0
29463,9.0
29464,9.0
29465,9.0
29466,9.0
29467,9.0
29468,9.0
29469,9.0
29470,9.0
29471,9.0
29472,9.0
29473,9.0
29474,9.0
29475,9.0
29476,9.0
29477,9.0
29478,9.0
29479,9.0
29480,9.0
29481,9.0
29482,9.0
29483,8.0
29484,8.0
29485,8.0
29486,8.0
29487,8.0
29488,8.0
29489,8.0
29490,8.0
29491,8.0
29492,8.0
29493,8.0
29494,8.0
29495,8.0
29496,8.0
29497,8.0
29498,8.0
29499,8.0
29500,8.0
29501,8.0
29502,8.0
29503,8.0
29504,8.0
29505,8.0
29506,8.0
29507,8.0
29508,8.0
29509,8.0
29510,8.0
29511,8.0
29512,8.0
29513,8.0
29514,8.0
29515,8.0
29516,8.0
29517,8.0
29518,8.0
29519,8.0
29520,8.0
29521,8.0
29522,8.0
29523,8.0
29524,8.0
29525,8.0
29526,8.0
29527,8.0
29528,8.0
29529,8.0
29530,8.0
29531,8.0
29532,8.0
29533,8.0
29534,8.0
29535,8.0
29536,8.0
29537,8.0
29538,8.0
29539,8.0
29540,8.0
29541,8.0
29542,8.0
29543,8.0
29544,8.0
29545,8.0
29546,8.0
29547,8.0
29548,8.0
29549,8.0
29550,8.0
29551,8.0
29552,8.0
29553,8.0
29554,8.0
29555,8.0
29556,8.0
29557,8.0
29558,8.0
29559,8.0
29560,8.0
29561,8.0
29562,8.0
29563,8.0
29564,8.0
29565,8.0
29566,8.0
29567,8.0
29568,8.0
29569,8.0
29570,8.0
29571,8.0
29572,8.0
29573,8.0
29574,8.0
29575,8.0
29576,8.0
29577,8.0
29578,8.0
29579,8.0
29580,8.0
29581,8.0
29582,8.0
29583,8.0
29584,8.0
29585,8.0
29586,8.0
29587,8.0
29588,8.0
29589,8.0
29590,8.0
29591,8.0
29592,8.0
29593,8.0
29594,8.0
29595,8.0
29596,8.0
29597,8.0
29598,8.0
29599,8.0
29600,8.0
29601,8.0
29602,8.0
29603,8.0
29604,8.0
29605,9.0
29606,9.0
29607,9.0
29608,9.0
29609,9.0
29610,9.0
29611,9.0
29612,9.0
29613,9.0
29614,9.0
29615,9.0
29616,9.0
29617,9.0
29618,9.0
29619,9.0
29620,9.0
29621,9.0
29622,9.0
29623,9.0
29624,9.0
29625,9.0
29626,9.0
29627,9.0
29628,8.0
29629,8.0
29630,8.0
29631,8.0
29632,8.0
29633,8.0
29634,8.0
29635,8.0
29636,8.0
29637,8.0
29638,8.0
29639,8.0
29640,8.0
29641,8.0
29642,8.0
29643,8.0
29644,8.0
29645,8.0
29646,8.0
29647,8.0
29648,8.0
29649,8.0
29650,8.0
29651,8.0
29652,8.0
29653,8.0
29654,8.0
29655,8.0
29656,8.0
29657,8.0
29658,8.0
29659,8.0
29660,8.0
29661,8.0
29662,8.0
29663,8.0
29664,8.0
29665,8.0
29666,8.0
29667,8.0
29668,8.0
29669,8.0
29670,8.0
29671,8.0
29672,8.0
29673,8.0
29674,8.0
29675,8.0
29676,8.0
29677,8.0
29678,8.0
29679,8.0
29680,8.0
29681,8.0
29682,8.0
29683,8.0
29684,8.0
29685,8.0
29686,8.0
29687,9.0
29688,9.0
29689,9.0
29690,9.0
29691,9.0
29692,9.0
29693,9.0
29694,9.0
29695,9.0
29696,9.0
29697,9.0
29698,9.0
29699,9.0
29700,9.0
29701,9.0
29702,9.0
29703,9.0
29704,9.0
29705,9.0
29706,9.0
29707,9.0
29708,9.0
29709,9.0
29710,9.0
29711,9.0
29712,9.0
29713,9.0
29714,9.0
29715,9.0
29716,9.0
29717,9.0
29718,9.0
29719,9.0
29720,9.0
29721,9.0
29722,9.0
29723,9.0
29724,10.0
29725,10.0
29726,10.0
29727,10.0
29728,10.0
29729,10.0
29730,10.0
29731,10.0
29732,10.0
29733,10.0
29734,10.0
29735,9.0
29736,9.0
29737,9.0
29738,9.0
29739,9.0
29740,9.0
29741,9.0
29742,9.0
29743,9.0
29744,8.0
29745,8.0
29746,8.0
29747,8.0
29748,8.0
29749,8.0
29750,8.0
29751,8.0
29752,8.0
29753,8.0
29754,8.0
29755,8.0
29756,8.0
29757,8.0
29758,8.0
29759,8.0
29760,8.0
29761,8.0
29762,8.0
29763,8.0
29764,8.0
29765,8.0
29766,8.0
29767,8.0
29768,8.0
29769,8.0
29770,8.0
29771,8.0
29772,8.0
29773,8.0
29774,8.0
29775,8.0
29776,8.0
29777,8.0
29778,8.0
29779,8.0
29780,8.0
29781,8.0
29782,8.0
29783,8.0
29784,8.0
29785,8.0
29786,8.0
29787,8.0
29788,8.0
29789,8.0
29790,8.0
29791,8.0
29792,8.0
29793,8.0
29794,8.0
29795,8.0
29796,8.0
29797,8.0
29798,8.0
29799,8.0
29800,8.0
29801,8.0
29802,8.0
29803,8.0
29804,8.0
29805,8.0
29806,8.0
29807,8.0
29808,8.0
29809,8.0
29810,8.0
29811,8.0
29812,8.0
29813,8.0
29814,8.0
29815,8.0
29816,8.0
29817,8.0
29818,8.0
29819,8.0
29820,8.0
29821,8.0
29822,8.0
29823,8.0
29824,8.0
29825,8.0
29826,8.0
29827,8.0
29828,8.0
29829,8.0
29830,8.0
29831,8.0
29832,8.0
29833,8.0
29834,8.0
29835,8.0
29836,8.0
29837,8.0
29838,8.0
29839,8.0
29840,8.0
29841,8.0
29842,8.0
29843,8.0
29844,8.0
29845,8.0
29846,8.0
29847,8.0
29848,8.0
29849,8.0
29850,8.0
29851,8.0
29852,8.0
29853,8.0
29854,8.0
29855,8.0
29856,8.0
29857,8.0
29858,8.0
29859,8.0
29860,8.0
29861,8.0
29862,8.0
29863,8.0
29864,8.0
29865,8.0
29866,8.0
29867,8.0
29868,8.0
29869,8.0
29870,8.0
29871,8.0
29872,9.0
29873,9.0
29874,9.0
29875,9.0
29876,9.0
29877,9.0
29878,9.0
29879,9.0
29880,7.0
29881,7.0
29882,7.0
29883,7.0
29884,7.0
29885,7.0
29886,7.0
29887,7.0
29888,7.0
29889,7.0
29890,7.0
29891,7.0
29892,7.0
29893,7.0
29894,7.0
29895,7.0
29896,7.0
29897,7.0
29898,7.0
29899,7.0
29900,7.0
29901,7.0
29902,7.0
29903,7.0
29904,7.0
29905,7.0
29906,7.0
29907,7.0
29908,7.0
29909,7.0
29910,7.0
29911,7.0
29912,7.0
29913,7.0
29914,7.0
29915,7.0
29916,7.0
29917,7.0
29918,7.0
29919,7.0
29920,7.0
29921,7.0
29922,7.0
29923,7.0
29924,7.0
29925,7.0
29926,7.0
29927,7.0
29928,7.0
29929,7.0
29930,7.0
29931,7.0
29932,7.0
29933,7.0
29934,7.0
29935,7.0
29936,7.0
29937,7.0
29938,7.0
29939,7.0
29940,7.0
29941,7.0
29942,7.0
29943,7.0
29944,7.0
29945,7.0
29946,7.0
29947,7.0
29948,7.0
29949,7.0
29950,7.0
29951,7.0
29952,7.0
29953,7.0
29954,7.0
29955,7.0
29956,7.0
29957,7.0
29958,7.0
29959,7.0
29960,7.0
29961,7.0
29962,7.0
29963,7.0
29964,7.0
29965,7.0
29966,7.0
29967,7.0
29968,7.0
29969,7.0
29970,7.0
29971,7.0
29972,7.0
29973,7.0
29974,7.0
29975,7.0
29976,7.0
29977,7.0
29978,7.0
29979,7.0
29980,7.0
29981,7.0
29982,7.0
29983,7.0
29984,7.0
29985,7.0
29986,7.0
29987,7.0
29988,7.0
29989,7.0
29990,7.0
29991,7.0
29992,7.0
29993,7.0
29994,7.0
29995,7.0
29996,7.0
29997,7.0
29998,8.0
29999,8.0
30000,8.0
30001,8.0
30002,8.0
30003,8.0
30004,8.0
30005,8.0
30006,8.0
30007,8.0
30008,8.0
30009,8.0
30010,8.0
30011,8.0
30012,8.0
30013,8.0
30014,8.0
30015,8.0
30016,8.0
30017,8.0
30018,8.0
30019,8.0
30020,8.0
30021,8.0
30022,8.0
30023,8.0
30024,8.0
30025,8.0
30026,8.0
30027,8.0
30028,8.0
30029,8.0
30030,8.0
30031,8.0
30032,8.0
30033,8.0
30034,8.0
30035,8.0
30036,8.0
30037,8.0
30038,8.0
30039,8.0
30040,8.0
30041,8.0
30042,8.0
30043,8.0
30044,8.0
30045,8.0
30046,8.0
30047,8.0
30048,8.0
30049,8.0
30050,8.0
30051,8.0
30052,8.0
30053,8.0
30054,8.0
30055,8.0
30056,8.0
30057,8.0
30058,8.0
30059,8.0
30060,8.0
30061,8.0
30062,8.0
30063,8.0
30064,8.0
30065,8.0
30066,8.0
30067,8.0
30068,8.0
30069,8.0
30070,8.0
30071,8.0
30072,8.0
30073,8.0
30074,8.0
30075,8.0
30076,8.0
30077,8.0
30078,8.0
30079,8.0
30080,8.0
30081,8.0
30082,8.0
30083,8.0
30084,8.0
30085,8.0
30086,8.0
30087,8.0
30088,8.0
30089,8.0
30090,8.0
30091,8.0
30092,8.0
30093,8.0
30094,8.0
30095,8.0
30096,8.0
30097,8.0
30098,8.0
30099,8.0
30100,8.0
30101,8.0
30102,8.0
30103,8.0
30104,8.0
30105,8.0
30106,8.0
30107,8.0
30108,8.0
30109,8.0
30110,8.0
30111,8.0
30112,8.0
30113,8.0
30114,8.0
30115,8.0
30116,8.0
30117,8.0
30118,8.0
30119,9.0
30120,9.0
30121,9.0
30122,9.0
30123,9.0
30124,9.0
30125,9.0
30126,9.0
30127,9.0
30128,9.0
30129,9.0
30130,9.0
30131,9.0
30132,9.0
30133,9.0
30134,9.0
30135,9.0
30136,9.0
30137,9.0
30138,9.0
30139,9.0
30140,9.0
30141,9.0
30142,9.0
30143,9.0
30144,9.0
30145,9.0
30146,9.0
30147,9.0
30148,9.0
30149,9.0
30150,9.0
30151,9.0
30152,9.0
30153,9.0
30154,9.0
30155,9.0
30156,9.0
30157,9.0
30158,9.0
30159,9.0
30160,9.0
30161,9.0
30162,9.0
30163,9.0
30164,9.0
30165,9.0
30166,9.0
30167,9.0
30168,9.0
30169,9.0
30170,9.0
30171,9.0
30172,9.0
30173,9.0
30174,9.0
30175,9.0
30176,9.0
30177,9.0
30178,9.0
30179,9.0
30180,9.0
30181,9.0
30182,9.0
30183,9.0
30184,9.0
30185,9.0
30186,9.0
30187,9.0
30188,9.0
30189,9.0
30190,9.0
30191,9.0
30192,9.0
30193,9.0
30194,9.0
30195,9.0
30196,9.0
30197,9.0
30198,9.0
30199,9.0
30200,9.0
30201,9.0
30202,9.0
30203,9.0
30204,9.0
30205,8.0
30206,8.0
30207,8.0
30208,8.0
30209,8.0
30210,8.0
30211,8.0
30212,8.0
30213,8.0
30214,8.0
30215,8.0
30216,8.0
30217,8.0
30218,8.0
30219,8.0
30220,8.0
30221,8.0
30222,8.0
30223,8.0
30224,8.0
30225,8.0
30226,8.0
30227,8.0
30228,8.0
30229,8.0
30230,8.0
30231,8.0
30232,8.0
30233,8.0
30234,8.0
30235,8.0
30236,8.0
30237,8.0
30238,8.0
30239,8.0
30240,8.0
30241,8.0
30242,8.0
30243,9.0
30244,9.0
30245,9.0
30246,9.0
30247,9.0
30248,9.0
30249,9.0
30250,9.0
30251,9.0
30252,9.0
30253,9.0
30254,9.0
30255,9.0
30256,9.0
30257,9.0
30258,9.0
30259,9.0
30260,9.0
30261,10.0
30262,10.0
30263,10.0
30264,9.0
30265,9.0
30266,9.0
30267,9.0
30268,9.0
30269,9.0
30270,9.0
30271,9.0
30272,9.0
30273,9.0
30274,10.0
30275,10.0
30276,10.0
30277,10.0
30278,10.0
30279,9.0
30280,9.0
30281,9.0
30282,8.0
30283,8.0
30284,8.0
30285,8.0
30286,7.0
30287,7.0
30288,7.0
30289,7.0
30290,7.0
30291,7.0
30292,7.0
30293,7.0
30294,7.0
30295,7.0
30296,7.0
30297,7.0
30298,7.0
30299,7.0
30300,7.0
30301,7.0
30302,7.0
30303,7.0
30304,7.0
30305,7.0
30306,7.0
30307,7.0
30308,7.0
30309,7.0
30310,7.0
30311,7.0
30312,7.0
30313,7.0
30314,7.0
30315,7.0
30316,7.0
30317,7.0
30318,7.0
30319,7.0
30320,7.0
30321,7.0
30322,7.0
30323,7.0
30324,7.0
30325,7.0
30326,7.0
30327,7.0
30328,7.0
30329,7.0
30330,7.0
30331,7.0
30332,7.0
30333,7.0
30334,7.0
30335,7.0
30336,7.0
30337,7.0
30338,7.0
30339,7.0
30340,7.0
30341,7.0
30342,7.0
30343,7.0
30344,7.0
30345,7.0
30346,7.0
30347,7.0
30348,7.0
30349,7.0
30350,7.0
30351,7.0
30352,7.0
30353,7.0
30354,7.0
30355,7.0
30356,7.0
30357,7.0
30358,7.0
30359,7.0
30360,7.0
30361,7.0
30362,7.0
30363,7.0
30364,7.0
30365,7.0
30366,7.0
30367,7.0
30368,7.0
30369,7.0
30370,7.0
30371,7.0
30372,7.0
30373,7.0
30374,7.0
30375,7.0
30376,7.0
30377,7.0
30378,7.0
30379,7.0
30380,7.0
30381,7.0
30382,7.0
30383,7.0
30384,7.0
30385,7.0
30386,7.0
30387,7.0
30388,7.0
30389,7.0
30390,7.0
30391,7.0
30392,7.0
30393,7.0
30394,7.0
30395,7.0
30396,7.0
30397,7.0
30398,7.0
30399,7.0
30400,7.0
30401,7.0
30402,7.0
30403,7.0
30404,7.0
30405,7.0
30406,7.0
30407,7.0
30408,7.0
30409,7.0
30410,8.0
30411,8.0
30412,8.0
30413,8.0
30414,8.0
30415,8.0
30416,8.0
30417,8.0
30418,9.0
30419,9.0
30420,9.0
30421,9.0
30422,9.0
30423,9.0
30424,9.0
30425,9.0
30426,9.0
30427,9.0
30428,9.0
30429,9.0
30430,8.0
30431,8.0
30432,8.0
30433,8.0
30434,8.0
30435,8.0
30436,8.0
30437,8.0
30438,8.0
30439,8.0
30440,8.0
30441,8.0
30442,8.0
30443,8.0
30444,8.0
30445,8.0
30446,8.0
30447,8.0
30448,8.0
30449,8.0
30450,8.0
30451,8.0
30452,8.0
30453,8.0
30454,8.0
30455,8.0
30456,8.0
30457,8.0
30458,8.0
30459,8.0
30460,8.0
30461,8.0
30462,8.0
30463,8.0
30464,8.0
30465,8.0
30466,8.0
30467,8.0
30468,8.0
30469,8.0
30470,8.0
30471,8.0
30472,8.0
30473,8.0
30474,8.0
30475,8.0
30476,8.0
30477,8.0
30478,8.0
30479,8.0
30480,8.0
30481,8.0
30482,8.0
30483,8.0
30484,8.0
30485,8.0
30486,8.0
30487,8.0
30488,8.0
30489,8.0
30490,8.0
30491,8.0
30492,8.0
30493,8.0
30494,8.0
30495,8.0
30496,7.0
30497,7.0
30498,7.0
30499,7.0
30500,7.0
30501,7.0
30502,7.0
30503,7.0
30504,7.0
30505,7.0
30506,7.0
30507,7.0
30508,7.0
30509,7.0
30510,7.0
30511,7.0
30512,7.0
30513,7.0
30514,7.0
30515,7.0
30516,7.0
30517,7.0
30518,7.0
30519,7.0
30520,7.0
30521,7.0
30522,7.0
30523,7.0
30524,7.0
30525,7.0
30526,7.0
30527,7.0
30528,7.0
30529,7.0
30530,7.0
30531,7.0
30532,7.0
30533,7.0
30534,7.0
30535,7.0
30536,7.0
30537,7.0
30538,7.0
30539,7.0
30540,7.0
30541,7.0
30542,7.0
30543,7.0
30544,7.0
30545,7.0
30546,7.0
30547,7.0
30548,7.0
30549,7.0
30550,7.0
30551,7.0
30552,7.0
30553,7.0
30554,7.0
30555,7.0
30556,7.0
30557,7.0
30558,7.0
30559,7.0
30560,7.0
30561,7.0
30562,7.0
30563,7.0
30564,7.0
30565,7.0
30566,7.0
30567,7.0
30568,7.0
30569,7.0
30570,7.0
30571,7.0
30572,7.0
30573,7.0
30574,7.0
30575,7.0
30576,7.0
30577,7.0
30578,7.0
30579,7.0
30580,7.0
30581,7.0
30582,7.0
30583,7.0
30584,7.0
30585,7.0
30586,7.0
30587,7.0
30588,7.0
30589,7.0
30590,7.0
30591,8.0
30592,8.0
30593,8.0
30594,8.0
30595,9.0
30596,9.0
30597,9.0
30598,9.0
30599,8.0
30600,8.0
30601,8.0
30602,8.0
30603,8.0
30604,8.0
30605,8.0
30606,8.0
30607,8.0
30608,8.0
30609,8.0
30610,8.0
30611,8.0
30612,8.0
30613,8.0
30614,8.0
30615,8.0
30616,8.0
30617,8.0
30618,8.0
30619,8.0
30620,8.0
30621,8.0
30622,8.0
30623,8.0
30624,8.0
30625,8.0
30626,8.0
30627,8.0
30628,8.0
30629,8.0
30630,8.0
30631,8.0
30632,8.0
30633,8.0
30634,8.0
30635,8.0
30636,8.0
30637,8.0
30638,8.0
30639,8.0
30640,8.0
30641,8.0
30642,8.0
30643,8.0
30644,8.0
30645,8.0
30646,8.0
30647,8.0
30648,8.0
30649,8.0
30650,8.0
30651,8.0
30652,8.0
30653,8.0
30654,8.0
30655,8.0
30656,8.0
30657,8.0
30658,8.0
30659,8.0
30660,8.0
30661,8.0
30662,8.0
30663,8.0
30664,8.0
30665,8.0
30666,8.0
30667,8.0
30668,8.0
30669,8.0
30670,8.0
30671,8.0
30672,8.0
30673,8.0
30674,8.0
30675,8.0
30676,8.0
30677,8.0
30678,8.0
30679,8.0
30680,8.0
30681,8.0
30682,8.0
30683,8.0
30684,8.0
30685,9.0
30686,9.0
30687,9.0
30688,9.0
30689,9.0
30690,9.0
30691,9.0
30692,9.0
30693,9.0
30694,9.0
30695,9.0
30696,9.0
30697,7.0
30698,7.0
30699,7.0
30700,7.0
30701,7.0
30702,7.0
30703,7.0
30704,7.0
30705,7.0
30706,7.0
30707,7.0
30708,7.0
30709,7.0
30710,7.0
30711,7.0
30712,7.0
30713,7.0
30714,7.0
30715,7.0
30716,7.0
30717,7.0
30718,7.0
30719,7.0
30720,7.0
30721,7.0
30722,7.0
30723,7.0
30724,7.0
30725,7.0
30726,7.0
30727,7.0
30728,7.0
30729,7.0
30730,7.0
30731,7.0
30732,7.0
30733,7.0
30734,7.0
30735,7.0
30736,7.0
30737,7.0
30738,7.0
30739,7.0
30740,7.0
30741,7.0
30742,7.0
30743,7.0
30744,7.0
30745,8.0
30746,8.0
30747,8.0
30748,8.0
30749,8.0
30750,8.0
30751,8.0
30752,8.0
30753,8.0
30754,8.0
30755,8.0
30756,8.0
30757,8.0
30758,8.0
30759,8.0
30760,8.0
30761,8.0
30762,8.0
30763,8.0
30764,8.0
30765,8.0
30766,8.0
30767,8.0
30768,8.0
30769,8.0
30770,8.0
30771,8.0
30772,8.0
30773,8.0
30774,8.0
30775,8.0
30776,8.0
30777,8.0
30778,8.0
30779,8.0
30780,8.0
30781,8.0
30782,8.0
30783,8.0
30784,8.0
30785,8.0
30786,8.0
30787,7.0
30788,7.0
30789,7.0
30790,7.0
30791,7.0
30792,7.0
30793,7.0
30794,7.0
30795,7.0
30796,7.0
30797,7.0
30798,7.0
30799,7.0
30800,7.0
30801,7.0
30802,7.0
30803,7.0
30804,7.0
30805,7.0
30806,7.0
30807,7.0
30808,7.0
30809,7.0
30810,7.0
30811,7.0
30812,7.0
30813,7.0
30814,7.0
30815,7.0
30816,7.0
30817,7.0
30818,8.0
30819,8.0
30820,8.0
30821,8.0
30822,8.0
30823,8.0
30824,8.0
30825,8.0
30826,8.0
30827,8.0
30828,8.0
30829,8.0
30830,8.0
30831,8.0
30832,9.0
30833,9.0
30834,9.0
30835,9.0
30836,9.0
30837,7.0
30838,7.0
30839,7.0
30840,7.0
30841,7.0
30842,7.0
30843,7.0
30844,7.0
30845,7.0
30846,7.0
30847,7.0
30848,7.0
30849,7.0
30850,7.0
30851,7.0
30852,7.0
30853,7.0
30854,7.0
30855,7.0
30856,7.0
30857,7.0
30858,7.0
30859,7.0
30860,7.0
30861,7.0
30862,7.0
30863,7.0
30864,7.0
30865,7.0
30866,7.0
30867,7.0
30868,7.0
30869,7.0
30870,7.0
30871,7.0
30872,7.0
30873,7.0
30874,7.0
30875,7.0
30876,7.0
30877,7.0
30878,7.0
30879,7.0
30880,7.0
30881,7.0
30882,7.0
30883,7.0
30884,7.0
30885,7.0
30886,7.0
30887,7.0
30888,7.0
30889,7.0
30890,7.0
30891,7.0
30892,7.0
30893,7.0
30894,7.0
30895,7.0
30896,7.0
30897,7.0
30898,7.0
30899,7.0
30900,7.0
30901,7.0
30902,7.0
30903,7.0
30904,7.0
30905,7.0
30906,7.0
30907,7.0
30908,7.0
30909,7.0
30910,7.0
30911,7.0
30912,7.0
30913,7.0
30914,7.0
30915,7.0
30916,7.0
30917,7.0
30918,7.0
30919,7.0
30920,7.0
30921,7.0
30922,7.0
30923,7.0
30924,7.0
30925,7.0
30926,7.0
30927,7.0
30928,7.0
30929,7.0
30930,7.0
30931,7.0
30932,7.0
30933,7.0
30934,7.0
30935,7.0
30936,7.0
30937,7.0
30938,7.0
30939,7.0
30940,7.0
30941,7.0
30942,7.0
30943,7.0
30944,7.0
30945,7.0
30946,7.0
30947,7.0
30948,7.0
30949,7.0
30950,7.0
30951,7.0
30952,7.0
30953,7.0
30954,7.0
30955,7.0
30956,7.0
30957,7.0
30958,7.0
30959,7.0
30960,7.0
30961,7.0
30962,7.0
30963,7.0
30964,7.0
30965,8.0
30966,8.0
30967,8.0
30968,8.0
30969,8.0
30970,8.0
30971,8.0
30972,8.0
30973,8.0
30974,8.0
30975,8.0
30976,8.0
30977,8.0
30978,8.0
30979,8.0
30980,8.0
30981,8.0
30982,8.0
30983,8.0
30984,8.0
30985,8.0
30986,8.0
30987,8.0
30988,8.0
30989,8.0
30990,8.0
30991,8.0
30992,8.0
30993,8.0
30994,8.0
30995,8.0
30996,8.0
30997,8.0
30998,8.0
30999,8.0
31000,8.0
31001,8.0
31002,8.0
31003,8.0
31004,8.0
31005,8.0
31006,8.0
31007,8.0
31008,8.0
31009,8.0
31010,8.0
31011,8.0
31012,8.0
31013,8.0
31014,8.0
31015,8.0
31016,8.0
31017,8.0
31018,8.0
31019,8.0
31020,8.0
31021,8.0
31022,8.0
31023,8.0
31024,8.0
31025,8.0
31026,8.0
31027,8.0
31028,8.0
31029,8.0
31030,8.0
31031,8.0
31032,8.0
31033,8.0
31034,8.0
31035,8.0
31036,8.0
31037,8.0
31038,8.0
31039,8.0
31040,8.0
31041,8.0
31042,8.0
31043,8.0
31044,8.0
31045,8.0
31046,8.0
31047,9.0
31048,9.0
31049,9.0
31050,9.0
31051,9.0
31052,9.0
31053,9.0
31054,9.0
31055,9.0
31056,9.0
31057,9.0
31058,9.0
31059,9.0
31060,9.0
31061,9.0
31062,9.0
31063,9.0
31064,9.0
31065,9.0
31066,9.0
31067,9.0
31068,9.0
31069,9.0
31070,9.0
31071,9.0
31072,9.0
31073,9.0
31074,9.0
31075,9.0
31076,9.0
31077,9.0
31078,9.0
31079,9.0
31080,9.0
31081,9.0
31082,9.0
31083,9.0
31084,9.0
31085,9.0
31086,9.0
31087,9.0
31088,9.0
31089,9.0
31090,9.0
31091,9.0
31092,9.0
31093,9.0
31094,9.0
31095,9.0
31096,9.0
31097,9.0
31098,9.0
31099,9.0
31100,9.0
31101,9.0
31102,9.0
31103,9.0
31104,9.0
31105,9.0
31106,9.0
31107,9.0
31108,9.0
31109,9.0
31110,9.0
31111,9.0
31112,9.0
31113,9.0
31114,9.0
31115,9.0
31116,9.0
31117,9.0
31118,9.0
31119,9.0
31120,9.0
31121,9.0
31122,9.0
31123,9.0
31124,9.0
31125,9.0
31126,9.0
31127,9.0
31128,9.0
31129,9.0
31130,9.0
31131,9.0
31132,9.0
31133,9.0
31134,9.0
31135,9.0
31136,9.0
31137,9.0
31138,9.0
31139,9.0
31140,9.0
31141,9.0
31142,9.0
31143,9.0
31144,9.0
31145,9.0
31146,9.0
31147,9.0
31148,9.0
31149,9.0
31150,9.0
31151,9.0
31152,9.0
31153,9.0
31154,9.0
31155,9.0
31156,9.0
31157,9.0
31158,9.0
31159,9.0
31160,9.0
31161,9.0
31162,9.0
31163,9.0
31164,9.0
31165,9.0
31166,9.0
31167,9.0
31168,9.0
31169,9.0
31170,9.0
31171,9.0
31172,9.0
31173,9.0
31174,9.0
31175,9.0
31176,9.0
31177,9.0
31178,9.0
31179,9.0
31180,9.0
31181,9.0
31182,9.0
31183,9.0
31184,9.0
31185,9.0
31186,9.0
31187,9.0
31188,9.0
31189,9.0
31190,9.0
31191,9.0
31192,9.0
31193,9.0
31194,9.0
31195,9.0
31196,9.0
31197,9.0
31198,9.0
31199,9.0
31200,9.0
31201,9.0
31202,9.0
31203,9.0
31204,9.0
31205,9.0
31206,9.0
31207,9.0
31208,9.0
31209,9.0
31210,9.0
31211,9.0
31212,9.0
31213,9.0
31214,9.0
31215,9.0
31216,9.0
31217,9.0
31218,9.0
31219,9.0
31220,9.0
31221,8.0
31222,8.0
31223,8.0
31224,8.0
31225,8.0
31226,8.0
31227,8.0
31228,8.0
31229,8.0
31230,8.0
31231,8.0
31232,8.0
31233,8.0
31234,8.0
31235,8.0
31236,8.0
31237,8.0
31238,8.0
31239,8.0
31240,8.0
31241,8.0
31242,8.0
31243,8.0
31244,8.0
31245,8.0
31246,8.0
31247,8.0
31248,8.0
31249,8.0
31250,8.0
31251,8.0
31252,8.0
31253,8.0
31254,8.0
31255,8.0
31256,8.0
31257,8.0
31258,8.0
31259,8.0
31260,8.0
31261,8.0
31262,8.0
31263,8.0
31264,8.0
31265,8.0
31266,8.0
31267,8.0
31268,8.0
31269,8.0
31270,8.0
31271,8.0
31272,8.0
31273,8.0
31274,8.0
31275,8.0
31276,8.0
31277,8.0
31278,8.0
31279,8.0
31280,8.0
31281,8.0
31282,8.0
31283,8.0
31284,8.0
31285,8.0
31286,8.0
31287,8.0
31288,8.0
31289,8.0
31290,8.0
31291,8.0
31292,8.0
31293,8.0
31294,8.0
31295,8.0
31296,8.0
31297,8.0
31298,8.0
31299,8.0
31300,8.0
31301,8.0
31302,8.0
31303,8.0
31304,8.0
31305,8.0
31306,8.0
31307,8.0
31308,8.0
31309,8.0
31310,8.0
31311,8.0
31312,8.0
31313,8.0
31314,8.0
31315,8.0
31316,8.0
31317,8.0
31318,8.0
31319,8.0
31320,8.0
31321,8.0
31322,8.0
31323,8.0
31324,8.0
31325,8.0
31326,8.0
31327,8.0
31328,8.0
31329,8.0
31330,8.0
31331,8.0
31332,8.0
31333,8.0
31334,8.0
31335,8.0
31336,8.0
31337,8.0
31338,8.0
31339,8.0
31340,8.0
31341,8.0
31342,8.0
31343,8.0
31344,8.0
31345,8.0
31346,8.0
31347,8.0
31348,8.0
31349,8.0
31350,8.0
31351,8.0
31352,9.0
31353,9.0
31354,9.0
31355,9.0
31356,9.0
31357,9.0
31358,9.0
31359,9.0
31360,9.0
31361,9.0
31362,9.0
31363,9.0
31364,9.0
31365,9.0
31366,9.0
31367,9.0
31368,9.0
31369,9.0
31370,9.0
31371,9.0
31372,9.0
31373,9.0
31374,9.0
31375,9.0
31376,9.0
31377,9.0
31378,9.0
31379,9.0
31380,9.0
31381,9.0
31382,9.0
31383,9.0
31384,9.0
31385,9.0
31386,9.0
31387,9.0
31388,9.0
31389,9.0
31390,9.0
31391,9.0
31392,9.0
31393,9.0
31394,9.0
31395,9.0
31396,9.0
31397,9.0
31398,9.0
31399,9.0
31400,9.0
31401,9.0
31402,9.0
31403,9.0
31404,9.0
31405,9.0
31406,9.0
31407,9.0
31408,9.0
31409,9.0
31410,9.0
31411,9.0
31412,9.0
31413,9.0
31414,9.0
31415,9.0
31416,9.0
31417,9.0
31418,9.0
31419,9.0
31420,9.0
31421,9.0
31422,9.0
31423,9.0
31424,9.0
31425,9.0
31426,9.0
31427,9.0
31428,9.0
31429,9.0
31430,9.0
31431,9.0
31432,9.0
31433,9.0
31434,9.0
31435,9.0
31436,9.0
31437,9.0
31438,9.0
31439,9.0
31440,9.0
31441,9.0
31442,9.0
31443,9.0
31444,9.0
31445,9.0
31446,8.0
31447,8.0
31448,8.0
31449,8.0
31450,8.0
31451,8.0
31452,8.0
31453,8.0
31454,7.0
31455,7.0
31456,7.0
31457,7.0
31458,7.0
31459,7.0
31460,7.0
31461,7.0
31462,7.0
31463,7.0
31464,7.0
31465,7.0
31466,7.0
31467,7.0
31468,7.0
31469,7.0
31470,7.0
31471,7.0
31472,7.0
31473,7.0
31474,7.0
31475,7.0
31476,7.0
31477,7.0
31478,7.0
31479,7.0
31480,7.0
31481,7.0
31482,7.0
31483,7.0
31484,7.0
31485,7.0
31486,7.0
31487,7.0
31488,7.0
31489,7.0
31490,7.0
31491,7.0
31492,7.0
31493,7.0
31494,7.0
31495,7.0
31496,7.0
31497,7.0
31498,7.0
31499,7.0
31500,7.0
31501,7.0
31502,7.0
31503,7.0
31504,7.0
31505,7.0
31506,7.0
31507,7.0
31508,7.0
31509,7.0
31510,7.0
31511,7.0
31512,7.0
31513,7.0
31514,7.0
31515,7.0
31516,7.0
31517,7.0
31518,7.0
31519,7.0
31520,7.0
31521,7.0
31522,7.0
31523,7.0
31524,7.0
31525,7.0
31526,7.0
31527,7.0
31528,7.0
31529,7.0
31530,7.0
31531,7.0
31532,7.0
31533,7.0
31534,7.0
31535,7.0
31536,7.0
31537,7.0
31538,7.0
31539,7.0
31540,7.0
31541,7.0
31542,7.0
31543,7.0
31544,7.0
31545,7.0
31546,7.0
31547,7.0
31548,7.0
31549,8.0
31550,8.0
31551,8.0
31552,8.0
31553,8.0
31554,8.0
31555,8.0
31556,8.0
31557,8.0
31558,8.0
31559,8.0
31560,8.0
31561,8.0
31562,8.0
31563,8.0
31564,8.0
31565,8.0
31566,8.0
31567,8.0
31568,8.0
31569,8.0
31570,8.0
31571,8.0
31572,8.0
31573,8.0
31574,8.0
31575,8.0
31576,8.0
31577,8.0
31578,8.0
31579,8.0
31580,8.0
31581,8.0
31582,8.0
31583,8.0
31584,8.0
31585,8.0
31586,8.0
31587,8.0
31588,8.0
31589,8.0
31590,8.0
31591,8.0
31592,8.0
31593,8.0
31594,8.0
31595,8.0
31596,8.0
31597,8.0
31598,8.0
31599,8.0
31600,8.0
31601,8.0
31602,8.0
31603,8.0
31604,8.0
31605,8.0
31606,8.0
31607,8.0
31608,9.0
31609,9.0
31610,9.0
31611,9.0
31612,9.0
31613,9.0
31614,9.0
31615,9.0
31616,9.0
31617,9.0
31618,9.0
31619,9.0
31620,9.0
31621,9.0
31622,9.0
31623,9.0
31624,9.0
31625,9.0
31626,9.0
31627,9.0
31628,9.0
31629,9.0
31630,9.0
31631,9.0
31632,9.0
31633,9.0
31634,9.0
31635,9.0
31636,9.0
31637,9.0
31638,9.0
31639,9.0
31640,9.0
31641,9.0
31642,9.0
31643,9.0
31644,9.0
31645,9.0
31646,9.0
31647,9.0
31648,9.0
31649,9.0
31650,9.0
31651,9.0
31652,9.0
31653,9.0
31654,9.0
31655,9.0
31656,9.0
31657,9.0
31658,9.0
31659,9.0
31660,9.0
31661,9.0
31662,9.0
31663,9.0
31664,9.0
31665,9.0
31666,9.0
31667,9.0
31668,9.0
31669,9.0
31670,9.0
31671,9.0
31672,9.0
31673,9.0
31674,9.0
31675,9.0
31676,9.0
31677,9.0
31678,9.0
31679,9.0
31680,9.0
31681,9.0
31682,9.0
31683,9.0
31684,9.0
31685,9.0
31686,9.0
31687,9.0
31688,9.0
31689,9.0
31690,9.0
31691,9.0
31692,9.0
31693,9.0
31694,9.0
31695,9.0
31696,9.0
31697,9.0
31698,9.0
31699,9.0
31700,9.0
31701,9.0
31702,9.0
31703,9.0
31704,9.0
31705,9.0
31706,9.0
31707,9.0
31708,9.0
31709,9.0
31710,9.0
31711,9.0
31712,9.0
31713,9.0
31714,9.0
31715,9.0
31716,9.0
31717,9.0
31718,8.0
31719,8.0
31720,8.0
31721,8.0
31722,8.0
31723,8.0
31724,8.0
31725,8.0
31726,8.0
31727,8.0
31728,8.0
31729,8.0
31730,8.0
31731,8.0
31732,8.0
31733,8.0
31734,9.0
31735,9.0
31736,9.0
31737,9.0
31738,9.0
31739,9.0
31740,9.0
31741,9.0
31742,9.0
31743,9.0
31744,9.0
31745,9.0
31746,8.0
31747,8.0
31748,7.0
31749,7.0
31750,7.0
31751,7.0
31752,7.0
31753,7.0
31754,7.0
31755,7.0
31756,7.0
31757,7.0
31758,7.0
31759,7.0
31760,7.0
31761,7.0
31762,7.0
31763,7.0
31764,7.0
31765,7.0
31766,7.0
31767,7.0
31768,7.0
31769,7.0
31770,7.0
31771,7.0
31772,7.0
31773,7.0
31774,7.0
31775,7.0
31776,7.0
31777,7.0
31778,7.0
31779,7.0
31780,7.0
31781,7.0
31782,7.0
31783,7.0
31784,7.0
31785,7.0
31786,7.0
31787,7.0
31788,7.0
31789,7.0
31790,7.0
31791,7.0
31792,7.0
31793,7.0
31794,7.0
31795,7.0
31796,7.0
31797,7.0
31798,7.0
31799,7.0
31800,7.0
31801,7.0
31802,7.0
31803,7.0
31804,7.0
31805,7.0
31806,7.0
31807,7.0
31808,7.0
31809,7.0
31810,7.0
31811,7.0
31812,7.0
31813,7.0
31814,7.0
31815,7.0
31816,7.0
31817,7.0
31818,7.0
31819,7.0
31820,7.0
31821,7.0
31822,7.0
31823,7.0
31824,7.0
31825,7.0
31826,7.0
31827,7.0
31828,7.0
31829,7.0
31830,7.0
31831,7.0
31832,7.0
31833,7.0
31834,7.0
31835,7.0
31836,7.0
31837,7.0
31838,7.0
31839,7.0
31840,7.0
31841,7.0
31842,7.0
31843,7.0
31844,7.0
31845,8.0
31846,8.0
31847,8.0
31848,8.0
31849,8.0
31850,8.0
31851,8.0
31852,8.0
31853,8.0
31854,8.0
31855,8.0
31856,8.0
31857,8.0
31858,8.0
31859,8.0
31860,8.0
31861,8.0
31862,8.0
31863,8.0
31864,8.0
31865,8.0
31866,8.0
31867,8.0
31868,8.0
31869,8.0
31870,8.0
31871,8.0
31872,8.0
31873,8.0
31874,8.0
31875,8.0
31876,8.0
31877,8.0
31878,8.0
31879,8.0
31880,8.0
31881,8.0
31882,8.0
31883,8.0
31884,8.0
31885,8.0
31886,9.0
31887,9.0
31888,9.0
31889,9.0
31890,9.0
31891,9.0
31892,9.0
31893,9.0
31894,9.0
31895,9.0
31896,9.0
31897,9.0
31898,9.0
31899,9.0
31900,9.0
31901,9.0
31902,9.0
31903,9.0
31904,9.0
31905,9.0
31906,9.0
31907,9.0
31908,9.0
31909,9.0
31910,9.0
31911,9.0
31912,9.0
31913,9.0
31914,9.0
31915,9.0
31916,9.0
31917,9.0
31918,9.0
31919,9.0
31920,9.0
31921,9.0
31922,9.0
31923,9.0
31924,9.0
31925,9.0
31926,10.0
31927,10.0
31928,10.0
31929,10.0
31930,10.0
31931,10.0
31932,10.0
31933,10.0
31934,10.0
31935,10.0
31936,10.0
31937,10.0
31938,10.0
31939,10.0
31940,10.0
31941,10.0
31942,10.0
31943,10.0
31944,10.0
31945,10.0
31946,10.0
31947,10.0
31948,10.0
31949,10.0
31950,10.0
31951,10.0
31952,10.0
31953,10.0
31954,10.0
31955,10.0
31956,10.0
31957,10.0
31958,10.0
31959,10.0
31960,10.0
31961,10.0
31962,10.0
31963,10.0
31964,10.0
31965,10.0
31966,10.0
31967,10.0
31968,10.0
31969,10.0
31970,11.0
31971,11.0
31972,11.0
31973,11.0
31974,11.0
31975,11.0
31976,11.0
31977,11.0
31978,11.0
31979,11.0
31980,11.0
31981,11.0
31982,11.0
31983,11.0
31984,11.0
31985,11.0
31986,11.0
31987,11.0
31988,11.0
31989,11.0
31990,11.0
31991,11.0
31992,11.0
31993,11.0
31994,11.0
31995,11.0
31996,11.0
31997,11.0
31998,11.0
31999,11.0
32000,11.0
32001,11.0
32002,11.0
32003,10.0
32004,10.0
32005,10.0
32006,10.0
32007,10.0
32008,10.0
32009,10.0
32010,10.0
32011,10.0
32012,10.0
32013,10.0
32014,10.0
32015,10.0
32016,10.0
32017,10.0
32018,10.0
32019,9.0
32020,9.0
32021,9.0
32022,9.0
32023,9.0
32024,9.0
32025,9.0
32026,9.0
32027,9.0
32028,9.0
32029,9.0
32030,9.0
32031,9.0
32032,9.0
32033,9.0
32034,9.0
32035,9.0
32036,9.0
32037,9.0
32038,9.0
32039,9.0
32040,9.0
32041,9.0
32042,9.0
32043,9.0
32044,9.0
32045,9.0
32046,9.0
32047,9.0
32048,9.0
32049,9.0
32050,9.0
32051,9.0
32052,9.0
32053,9.0
32054,9.0
32055,9.0
32056,9.0
32057,9.0
32058,9.0
32059,9.0
32060,9.0
32061,9.0
32062,9.0
32063,9.0
32064,9.0
32065,9.0
32066,9.0
32067,9.0
32068,9.0
32069,9.0
32070,9.0
32071,9.0
32072,9.0
32073,9.0
32074,9.0
32075,9.0
32076,9.0
32077,9.0
32078,9.0
32079,9.0
32080,9.0
32081,9.0
32082,9.0
32083,9.0
32084,9.0
32085,9.0
32086,9.0
32087,9.0
32088,9.0
32089,9.0
32090,9.0
32091,9.0
32092,9.0
32093,9.0
32094,9.0
32095,9.0
32096,9.0
32097,9.0
32098,9.0
32099,9.0
32100,9.0
32101,9.0
32102,9.0
32103,9.0
32104,9.0
32105,9.0
32106,10.0
32107,10.0
32108,10.0
32109,10.0
32110,10.0
32111,10.0
32112,10.0
32113,10.0
32114,10.0
32115,10.0
32116,10.0
32117,10.0
32118,10.0
32119,10.0
32120,10.0
32121,10.0
32122,10.0
32123,10.0
32124,10.0
32125,10.0
32126,10.0
32127,10.0
32128,10.0
32129,10.0
32130,10.0
32131,10.0
32132,10.0
32133,10.0
32134,10.0
32135,10.0
32136,10.0
32137,10.0
32138,10.0
32139,10.0
32140,10.0
32141,10.0
32142,10.0
32143,10.0
32144,10.0
32145,10.0
32146,10.0
32147,10.0
32148,10.0
32149,10.0
32150,10.0
32151,10.0
32152,10.0
32153,10.0
32154,10.0
32155,10.0
32156,10.0
32157,10.0
32158,10.0
32159,10.0
32160,10.0
32161,10.0
32162,10.0
32163,10.0
32164,9.0
32165,9.0
32166,9.0
32167,8.0
32168,8.0
32169,8.0
32170,8.0
32171,8.0
32172,8.0
32173,8.0
32174,8.0
32175,8.0
32176,8.0
32177,8.0
32178,8.0
32179,8.0
32180,8.0
32181,8.0
32182,8.0
32183,8.0
32184,9.0
32185,9.0
32186,9.0
32187,9.0
32188,9.0
32189,9.0
32190,9.0
32191,9.0
32192,9.0
32193,9.0
32194,9.0
32195,9.0
32196,9.0
32197,9.0
32198,9.0
32199,9.0
32200,9.0
32201,9.0
32202,9.0
32203,9.0
32204,9.0
32205,9.0
32206,9.0
32207,9.0
32208,9.0
32209,9.0
32210,9.0
32211,9.0
32212,9.0
32213,9.0
32214,9.0
32215,9.0
32216,9.0
32217,9.0
32218,9.0
32219,9.0
32220,9.0
32221,9.0
32222,9.0
32223,9.0
32224,9.0
32225,9.0
32226,9.0
32227,9.0
32228,9.0
32229,9.0
32230,9.0
32231,9.0
32232,9.0
32233,9.0
32234,9.0
32235,9.0
32236,9.0
32237,9.0
32238,9.0
32239,9.0
32240,9.0
32241,9.0
32242,9.0
32243,9.0
32244,9.0
32245,9.0
32246,9.0
32247,9.0
32248,9.0
32249,9.0
32250,9.0
32251,9.0
32252,9.0
32253,9.0
32254,9.0
32255,9.0
32256,9.0
32257,9.0
32258,9.0
32259,9.0
32260,9.0
32261,9.0
32262,9.0
32263,9.0
32264,9.0
32265,9.0
32266,9.0
32267,9.0
32268,9.0
32269,9.0
32270,9.0
32271,9.0
32272,9.0
32273,9.0
32274,9.0
32275,9.0
32276,9.0
32277,9.0
32278,9.0
32279,9.0
32280,9.0
32281,9.0
32282,9.0
32283,9.0
32284,9.0
32285,9.0
32286,9.0
32287,9.0
32288,9.0
32289,9.0
32290,9.0
32291,9.0
32292,9.0
32293,9.0
32294,9.0
32295,9.0
32296,9.0
32297,9.0
32298,9.0
32299,9.0
32300,9.0
32301,9.0
32302,9.0
32303,9.0
32304,9.0
32305,9.0
32306,9.0
32307,9.0
32308,9.0
32309,9.0
32310,9.0
32311,9.0
32312,9.0
32313,9.0
32314,9.0
32315,9.0
32316,9.0
32317,9.0
32318,9.0
32319,9.0
32320,9.0
32321,10.0
32322,10.0
32323,9.0
32324,9.0
32325,9.0
32326,9.0
32327,9.0
32328,9.0
32329,9.0
32330,9.0
32331,9.0
32332,9.0
32333,9.0
32334,9.0
32335,9.0
32336,9.0
32337,9.0
32338,9.0
32339,9.0
32340,9.0
32341,9.0
32342,9.0
32343,9.0
32344,9.0
32345,9.0
32346,9.0
32347,9.0
32348,9.0
32349,9.0
32350,9.0
32351,9.0
32352,9.0
32353,8.0
32354,8.0
32355,8.0
32356,8.0
32357,7.0
32358,7.0
32359,7.0
32360,7.0
32361,7.0
32362,7.0
32363,7.0
32364,7.0
32365,7.0
32366,7.0
32367,7.0
32368,7.0
32369,7.0
32370,7.0
32371,7.0
32372,7.0
32373,7.0
32374,7.0
32375,7.0
32376,7.0
32377,7.0
32378,7.0
32379,7.0
32380,7.0
32381,7.0
32382,7.0
32383,7.0
32384,7.0
32385,7.0
32386,7.0
32387,7.0
32388,7.0
32389,7.0
32390,7.0
32391,7.0
32392,7.0
32393,7.0
32394,7.0
32395,7.0
32396,7.0
32397,7.0
32398,7.0
32399,7.0
32400,7.0
32401,7.0
32402,7.0
32403,7.0
32404,7.0
32405,7.0
32406,7.0
32407,7.0
32408,7.0
32409,7.0
32410,7.0
32411,7.0
32412,7.0
32413,7.0
32414,7.0
32415,8.0
32416,8.0
32417,8.0
32418,8.0
32419,8.0
32420,8.0
32421,8.0
32422,8.0
32423,9.0
32424,9.0
32425,8.0
32426,8.0
32427,8.0
32428,8.0
32429,8.0
32430,8.0
32431,8.0
32432,8.0
32433,8.0
32434,8.0
32435,8.0
32436,8.0
32437,8.0
32438,8.0
32439,8.0
32440,8.0
32441,8.0
32442,8.0
32443,8.0
32444,8.0
32445,8.0
32446,8.0
32447,8.0
32448,8.0
32449,8.0
32450,8.0
32451,8.0
32452,8.0
32453,8.0
32454,8.0
32455,8.0
32456,8.0
32457,8.0
32458,8.0
32459,8.0
32460,8.0
32461,8.0
32462,8.0
32463,8.0
32464,8.0
32465,8.0
32466,8.0
32467,8.0
32468,7.0
32469,7.0
32470,7.0
32471,7.0
32472,7.0
32473,7.0
32474,7.0
32475,7.0
32476,7.0
32477,7.0
32478,7.0
32479,7.0
32480,7.0
32481,7.0
32482,7.0
32483,7.0
32484,7.0
32485,7.0
32486,7.0
32487,7.0
32488,7.0
32489,7.0
32490,7.0
32491,7.0
32492,7.0
32493,7.0
32494,7.0
32495,7.0
32496,7.0
32497,7.0
32498,7.0
32499,7.0
32500,7.0
32501,7.0
32502,7.0
32503,7.0
32504,7.0
32505,7.0
32506,7.0
32507,7.0
32508,7.0
32509,7.0
32510,7.0
32511,7.0
32512,7.0
32513,7.0
32514,7.0
32515,7.0
32516,7.0
32517,7.0
32518,7.0
32519,7.0
32520,7.0
32521,7.0
32522,7.0
32523,7.0
32524,8.0
32525,8.0
32526,8.0
32527,8.0
32528,8.0
32529,8.0
32530,8.0
32531,8.0
32532,8.0
32533,8.0
32534,8.0
32535,8.0
32536,8.0
32537,8.0
32538,8.0
32539,8.0
32540,8.0
32541,8.0
32542,8.0
32543,8.0
32544,8.0
32545,8.0
32546,8.0
32547,8.0
32548,8.0
32549,8.0
32550,8.0
32551,8.0
32552,8.0
32553,8.0
32554,8.0
32555,8.0
32556,8.0
32557,8.0
32558,8.0
32559,7.0
32560,7.0
32561,7.0
32562,7.0
32563,7.0
32564,7.0
32565,7.0
32566,7.0
32567,7.0
32568,7.0
32569,7.0
32570,7.0
32571,7.0
32572,7.0
32573,7.0
32574,7.0
32575,7.0
32576,7.0
32577,7.0
32578,7.0
32579,7.0
32580,7.0
32581,7.0
32582,7.0
32583,7.0
32584,7.0
32585,7.0
32586,7.0
32587,7.0
32588,7.0
32589,7.0
32590,7.0
32591,7.0
32592,7.0
32593,7.0
32594,7.0
32595,7.0
32596,7.0
32597,7.0
32598,7.0
32599,7.0
32600,7.0
32601,7.0
32602,7.0
32603,7.0
32604,7.0
32605,7.0
32606,7.0
32607,7.0
32608,7.0
32609,7.0
32610,7.0
32611,7.0
32612,7.0
32613,7.0
32614,7.0
32615,7.0
32616,7.0
32617,7.0
32618,7.0
32619,7.0
32620,7.0
32621,7.0
32622,7.0
32623,7.0
32624,7.0
32625,7.0
32626,7.0
32627,7.0
32628,7.0
32629,7.0
32630,7.0
32631,7.0
32632,7.0
32633,7.0
32634,7.0
32635,7.0
32636,7.0
32637,7.0
32638,7.0
32639,7.0
32640,7.0
32641,7.0
32642,7.0
32643,7.0
32644,7.0
32645,7.0
32646,7.0
32647,7.0
32648,7.0
32649,7.0
32650,7.0
32651,7.0
32652,7.0
32653,7.0
32654,7.0
32655,7.0
32656,7.0
32657,7.0
32658,7.0
32659,7.0
32660,7.0
32661,7.0
32662,7.0
32663,7.0
32664,7.0
32665,7.0
32666,7.0
32667,7.0
32668,7.0
32669,7.0
32670,7.0
32671,7.0
32672,7.0
32673,7.0
32674,7.0
32675,7.0
32676,7.0
32677,7.0
32678,7.0
32679,7.0
32680,7.0
32681,7.0
32682,7.0
32683,7.0
32684,7.0
32685,7.0
32686,7.0
32687,7.0
32688,7.0
32689,7.0
32690,7.0
32691,7.0
32692,7.0
32693,7.0
32694,7.0
32695,7.0
32696,7.0
32697,7.0
32698,7.0
32699,7.0
32700,7.0
32701,7.0
32702,7.0
32703,7.0
32704,7.0
32705,7.0
32706,7.0
32707,7.0
32708,7.0
32709,7.0
32710,7.0
32711,7.0
32712,7.0
32713,7.0
32714,7.0
32715,7.0
32716,7.0
32717,7.0
32718,7.0
32719,7.0
32720,7.0
32721,7.0
32722,7.0
32723,7.0
32724,7.0
32725,7.0
32726,7.0
32727,7.0
32728,7.0
32729,7.0
32730,7.0
32731,7.0
32732,7.0
32733,7.0
32734,7.0
32735,7.0
32736,7.0
32737,7.0
32738,7.0
32739,7.0
32740,7.0
32741,7.0
32742,7.0
32743,7.0
32744,7.0
32745,7.0
32746,7.0
32747,7.0
32748,7.0
32749,7.0
32750,7.0
32751,7.0
32752,7.0
32753,7.0
32754,7.0
32755,7.0
32756,7.0
32757,7.0
32758,7.0
32759,7.0
32760,7.0
32761,7.0
32762,7.0
32763,7.0
32764,7.0
32765,7.0
32766,7.0
32767,7.0
32768,7.0
32769,7.0
32770,7.0
32771,7.0
32772,7.0
32773,7.0
32774,7.0
32775,7.0
32776,7.0
32777,8.0
32778,8.0
32779,8.0
32780,7.0
32781,7.0
32782,7.0
32783,7.0
32784,7.0
32785,7.0
32786,7.0
32787,7.0
32788,7.0
32789,7.0
32790,7.0
32791,7.0
32792,7.0
32793,7.0
32794,7.0
32795,7.0
32796,7.0
32797,7.0
32798,7.0
32799,7.0
32800,7.0
32801,7.0
32802,7.0
32803,7.0
32804,7.0
32805,7.0
32806,7.0
32807,7.0
32808,7.0
32809,7.0
32810,7.0
32811,7.0
32812,7.0
32813,7.0
32814,7.0
32815,7.0
32816,7.0
32817,7.0
32818,7.0
32819,7.0
32820,7.0
32821,7.0
32822,7.0
32823,7.0
32824,7.0
32825,7.0
32826,7.0
32827,7.0
32828,7.0
32829,7.0
32830,7.0
32831,7.0
32832,7.0
32833,7.0
32834,7.0
32835,7.0
32836,7.0
32837,7.0
32838,7.0
32839,7.0
32840,7.0
32841,7.0
32842,7.0
32843,7.0
32844,7.0
32845,7.0
32846,7.0
32847,7.0
32848,7.0
32849,7.0
32850,7.0
32851,7.0
32852,7.0
32853,7.0
32854,7.0
32855,7.0
32856,7.0
32857,7.0
32858,7.0
32859,7.0
32860,7.0
32861,7.0
32862,7.0
32863,7.0
32864,7.0
32865,7.0
32866,7.0
32867,7.0
32868,7.0
32869,7.0
32870,7.0
32871,7.0
32872,7.0
32873,7.0
32874,7.0
32875,7.0
32876,7.0
32877,7.0
32878,7.0
32879,7.0
32880,7.0
32881,7.0
32882,7.0
32883,7.0
32884,7.0
32885,7.0
32886,7.0
32887,7.0
32888,7.0
32889,7.0
32890,7.0
32891,7.0
32892,7.0
32893,7.0
32894,7.0
32895,7.0
32896,7.0
32897,7.0
32898,7.0
32899,7.0
32900,7.0
32901,7.0
32902,7.0
32903,7.0
32904,7.0
32905,7.0
32906,7.0
32907,7.0
32908,7.0
32909,7.0
32910,7.0
32911,7.0
32912,7.0
32913,7.0
32914,7.0
32915,7.0
32916,7.0
32917,7.0
32918,7.0
32919,7.0
32920,7.0
32921,7.0
32922,7.0
32923,7.0
32924,7.0
32925,7.0
32926,7.0
32927,7.0
32928,7.0
32929,8.0
32930,8.0
32931,8.0
32932,8.0
32933,8.0
32934,8.0
32935,8.0
32936,8.0
32937,8.0
32938,8.0
32939,8.0
32940,8.0
32941,8.0
32942,8.0
32943,8.0
32944,8.0
32945,8.0
32946,8.0
32947,8.0
32948,8.0
32949,8.0
32950,8.0
32951,8.0
32952,8.0
32953,8.0
32954,8.0
32955,8.0
32956,8.0
32957,8.0
32958,8.0
32959,8.0
32960,8.0
32961,8.0
32962,8.0
32963,8.0
32964,8.0
32965,8.0
32966,9.0
32967,9.0
32968,9.0
32969,9.0
32970,9.0
32971,9.0
32972,9.0
32973,9.0
32974,9.0
32975,9.0
32976,9.0
32977,9.0
32978,9.0
32979,9.0
32980,9.0
32981,9.0
32982,9.0
32983,9.0
32984,8.0
32985,8.0
32986,8.0
32987,8.0
32988,8.0
32989,8.0
32990,8.0
32991,8.0
32992,8.0
32993,8.0
32994,8.0
32995,8.0
32996,8.0
32997,8.0
32998,8.0
32999,8.0
33000,8.0
33001,8.0
33002,8.0
33003,8.0
33004,8.0
33005,8.0
33006,8.0
33007,8.0
33008,8.0
33009,8.0
33010,8.0
33011,8.0
33012,8.0
33013,8.0
33014,8.0
33015,8.0
33016,8.0
33017,8.0
33018,8.0
33019,8.0
33020,8.0
33021,8.0
33022,8.0
33023,8.0
33024,8.0
33025,8.0
33026,8.0
33027,8.0
33028,8.0
33029,8.0
33030,8.0
33031,8.0
33032,8.0
33033,8.0
33034,8.0
33035,8.0
33036,8.0
33037,8.0
33038,8.0
33039,8.0
33040,8.0
33041,8.0
33042,8.0
33043,8.0
33044,8.0
33045,8.0
33046,8.0
33047,8.0
33048,8.0
33049,8.0
33050,8.0
33051,8.0
33052,8.0
33053,8.0
33054,8.0
33055,8.0
33056,7.0
33057,7.0
33058,7.0
33059,7.0
33060,7.0
33061,7.0
33062,7.0
33063,7.0
33064,7.0
33065,7.0
33066,7.0
33067,7.0
33068,7.0
33069,7.0
33070,7.0
33071,7.0
33072,7.0
33073,7.0
33074,7.0
33075,7.0
33076,7.0
33077,7.0
33078,7.0
33079,7.0
33080,7.0
33081,7.0
33082,7.0
33083,7.0
33084,7.0
33085,7.0
33086,7.0
33087,7.0
33088,7.0
33089,7.0
33090,7.0
33091,7.0
33092,7.0
33093,7.0
33094,7.0
33095,7.0
33096,7.0
33097,7.0
33098,7.0
33099,7.0
33100,7.0
33101,7.0
33102,7.0
33103,7.0
33104,7.0
33105,7.0
33106,7.0
33107,7.0
33108,7.0
33109,7.0
33110,7.0
33111,7.0
33112,7.0
33113,7.0
33114,7.0
33115,7.0
33116,7.0
33117,7.0
33118,7.0
33119,7.0
33120,7.0
33121,7.0
33122,7.0
33123,7.0
33124,7.0
33125,7.0
33126,7.0
33127,7.0
33128,7.0
33129,7.0
33130,7.0
33131,7.0
33132,7.0
33133,7.0
33134,7.0
33135,7.0
33136,7.0
33137,7.0
33138,7.0
33139,7.0
33140,7.0
33141,7.0
33142,7.0
33143,7.0
33144,7.0
33145,7.0
33146,7.0
33147,7.0
33148,7.0
33149,7.0
33150,7.0
33151,7.0
33152,7.0
33153,7.0
33154,7.0
33155,7.0
33156,7.0
33157,7.0
33158,7.0
33159,8.0
33160,8.0
33161,8.0
33162,8.0
33163,8.0
33164,8.0
33165,8.0
33166,8.0
33167,8.0
33168,8.0
33169,8.0
33170,8.0
33171,8.0
33172,8.0
33173,8.0
33174,8.0
33175,8.0
33176,8.0
33177,8.0
33178,8.0
33179,8.0
33180,8.0
33181,8.0
33182,8.0
33183,8.0
33184,8.0
33185,8.0
33186,8.0
33187,8.0
33188,8.0
33189,8.0
33190,8.0
33191,8.0
33192,8.0
33193,8.0
33194,8.0
33195,8.0
33196,8.0
33197,8.0
33198,8.0
33199,8.0
33200,8.0
33201,8.0
33202,8.0
33203,8.0
33204,8.0
33205,8.0
33206,8.0
33207,8.0
33208,8.0
33209,8.0
33210,8.0
33211,8.0
33212,8.0
33213,8.0
33214,8.0
33215,8.0
33216,8.0
33217,8.0
33218,8.0
33219,8.0
33220,8.0
33221,8.0
33222,8.0
33223,8.0
33224,8.0
33225,8.0
33226,8.0
33227,8.0
33228,8.0
33229,8.0
33230,8.0
33231,8.0
33232,8.0
33233,8.0
33234,8.0
33235,8.0
33236,8.0
33237,8.0
33238,8.0
33239,8.0
33240,8.0
33241,8.0
33242,8.0
33243,8.0
33244,8.0
33245,8.0
33246,8.0
33247,8.0
33248,8.0
33249,8.0
33250,8.0
33251,8.0
33252,8.0
33253,8.0
33254,8.0
33255,8.0
33256,8.0
33257,8.0
33258,8.0
33259,8.0
33260,8.0
33261,8.0
33262,8.0
33263,8.0
33264,8.0
33265,8.0
33266,8.0
33267,8.0
33268,8.0
33269,8.0
33270,8.0
33271,8.0
33272,8.0
33273,8.0
33274,8.0
33275,8.0
33276,8.0
33277,8.0
33278,8.0
33279,8.0
33280,8.0
33281,8.0
33282,8.0
33283,8.0
33284,8.0
33285,8.0
33286,8.0
33287,8.0
33288,8.0
33289,8.0
33290,8.0
33291,8.0
33292,8.0
33293,8.0
33294,8.0
33295,8.0
33296,8.0
33297,8.0
33298,8.0
33299,8.0
33300,8.0
33301,8.0
33302,8.0
33303,8.0
33304,8.0
33305,8.0
33306,8.0
33307,8.0
33308,8.0
33309,8.0
33310,8.0
33311,8.0
33312,8.0
33313,8.0
33314,8.0
33315,8.0
33316,8.0
33317,8.0
33318,9.0
33319,9.0
33320,9.0
33321,9.0
33322,9.0
33323,9.0
33324,9.0
33325,9.0
33326,9.0
33327,9.0
33328,9.0
33329,9.0
33330,9.0
33331,9.0
33332,9.0
33333,9.0
33334,9.0
33335,9.0
33336,9.0
33337,9.0
33338,9.0
33339,9.0
33340,9.0
33341,9.0
33342,9.0
33343,9.0
33344,9.0
33345,9.0
33346,9.0
33347,9.0
33348,9.0
33349,9.0
33350,9.0
33351,9.0
33352,9.0
33353,9.0
33354,9.0
33355,9.0
33356,9.0
33357,9.0
33358,9.0
33359,9.0
33360,9.0
33361,9.0
33362,9.0
33363,9.0
33364,9.0
33365,9.0
33366,9.0
33367,9.0
33368,9.0
33369,9.0
33370,9.0
33371,9.0
33372,9.0
33373,9.0
33374,9.0
33375,9.0
33376,9.0
33377,9.0
33378,9.0
33379,9.0
33380,9.0
33381,9.0
33382,9.0
33383,9.0
33384,9.0
33385,9.0
33386,9.0
33387,9.0
33388,9.0
33389,9.0
33390,9.0
33391,9.0
33392,9.0
33393,9.0
33394,9.0
33395,9.0
33396,9.0
33397,9.0
33398,9.0
33399,9.0
33400,9.0
33401,9.0
33402,9.0
33403,9.0
33404,9.0
33405,9.0
33406,9.0
33407,9.0
33408,9.0
33409,9.0
33410,9.0
33411,9.0
33412,9.0
33413,9.0
33414,9.0
33415,9.0
33416,9.0
33417,9.0
33418,9.0
33419,9.0
33420,8.0
33421,8.0
33422,8.0
33423,8.0
33424,8.0
33425,8.0
33426,8.0
33427,8.0
33428,8.0
33429,8.0
33430,8.0
33431,8.0
33432,8.0
33433,8.0
33434,8.0
33435,8.0
33436,8.0
33437,8.0
33438,8.0
33439,8.0
33440,8.0
33441,8.0
33442,8.0
33443,8.0
33444,8.0
33445,8.0
33446,7.0
33447,7.0
33448,7.0
33449,7.0
33450,7.0
33451,7.0
33452,7.0
33453,7.0
33454,7.0
33455,7.0
33456,7.0
33457,7.0
33458,7.0
33459,7.0
33460,7.0
33461,7.0
33462,7.0
33463,7.0
33464,7.0
33465,7.0
33466,7.0
33467,7.0
33468,7.0
33469,7.0
33470,7.0
33471,7.0
33472,7.0
33473,7.0
33474,7.0
33475,7.0
33476,7.0
33477,7.0
33478,7.0
33479,7.0
33480,7.0
33481,7.0
33482,7.0
33483,7.0
33484,8.0
33485,8.0
33486,8.0
33487,8.0
33488,8.0
33489,8.0
33490,8.0
33491,8.0
33492,8.0
33493,8.0
33494,8.0
33495,8.0
33496,8.0
33497,8.0
33498,8.0
33499,8.0
33500,8.0
33501,8.0
33502,8.0
33503,8.0
33504,8.0
33505,8.0
33506,8.0
33507,8.0
33508,8.0
33509,8.0
33510,8.0
33511,8.0
33512,8.0
33513,8.0
33514,8.0
33515,8.0
33516,8.0
33517,8.0
33518,8.0
33519,8.0
33520,8.0
33521,8.0
33522,8.0
33523,8.0
33524,8.0
33525,8.0
33526,8.0
33527,8.0
33528,8.0
33529,8.0
33530,8.0
33531,8.0
33532,8.0
33533,8.0
33534,8.0
33535,8.0
33536,8.0
33537,8.0
33538,8.0
33539,8.0
33540,8.0
33541,8.0
33542,8.0
33543,8.0
33544,8.0
33545,8.0
33546,8.0
33547,8.0
33548,8.0
33549,8.0
33550,8.0
33551,8.0
33552,8.0
33553,8.0
33554,8.0
33555,8.0
33556,8.0
33557,8.0
33558,8.0
33559,8.0
33560,8.0
33561,8.0
33562,8.0
33563,8.0
33564,8.0
33565,8.0
33566,8.0
33567,8.0
33568,8.0
33569,8.0
33570,8.0
33571,8.0
33572,8.0
33573,8.0
33574,8.0
33575,8.0
33576,8.0
33577,8.0
33578,8.0
33579,8.0
33580,8.0
33581,8.0
33582,8.0
33583,8.0
33584,8.0
33585,8.0
33586,8.0
33587,8.0
33588,8.0
33589,8.0
33590,8.0
33591,8.0
33592,8.0
33593,8.0
33594,8.0
33595,8.0
33596,8.0
33597,8.0
33598,8.0
33599,8.0
33600,8.0
33601,8.0
33602,9.0
33603,9.0
33604,9.0
33605,9.0
33606,9.0
33607,9.0
33608,9.0
33609,9.0
33610,9.0
33611,9.0
33612,9.0
33613,9.0
33614,9.0
33615,9.0
33616,9.0
33617,9.0
33618,9.0
33619,10.0
33620,10.0
33621,10.0
33622,10.0
33623,10.0
33624,10.0
33625,10.0
33626,10.0
33627,10.0
33628,10.0
33629,10.0
33630,10.0
33631,9.0
33632,9.0
33633,9.0
33634,9.0
33635,9.0
33636,9.0
33637,9.0
33638,9.0
33639,9.0
33640,9.0
33641,9.0
33642,9.0
33643,9.0
33644,9.0
33645,9.0
33646,9.0
33647,9.0
33648,9.0
33649,10.0
33650,10.0
33651,10.0
33652,10.0
33653,10.0
33654,10.0
33655,10.0
33656,10.0
33657,10.0
33658,10.0
33659,10.0
33660,10.0
33661,10.0
33662,10.0
33663,10.0
33664,10.0
33665,10.0
33666,10.0
33667,10.0
33668,10.0
33669,10.0
33670,10.0
33671,10.0
33672,10.0
33673,10.0
33674,10.0
33675,10.0
33676,10.0
33677,10.0
33678,10.0
33679,10.0
33680,10.0
33681,10.0
33682,10.0
33683,10.0
33684,10.0
33685,10.0
33686,10.0
33687,10.0
33688,10.0
33689,10.0
33690,10.0
33691,10.0
33692,11.0
33693,11.0
33694,11.0
33695,11.0
33696,11.0
33697,11.0
33698,11.0
33699,11.0
33700,11.0
33701,11.0
33702,11.0
33703,11.0
33704,11.0
33705,11.0
33706,11.0
33707,11.0
33708,11.0
33709,11.0
33710,11.0
33711,11.0
33712,11.0
33713,11.0
33714,11.0
33715,11.0
33716,11.0
33717,11.0
33718,11.0
33719,11.0
33720,11.0
33721,11.0
33722,11.0
33723,11.0
33724,11.0
33725,11.0
33726,11.0
33727,11.0
33728,11.0
33729,11.0
33730,11.0
33731,11.0
33732,11.0
33733,11.0
33734,11.0
33735,11.0
33736,11.0
33737,11.0
33738,11.0
33739,11.0
33740,11.0
33741,11.0
33742,11.0
33743,11.0
33744,11.0
33745,11.0
33746,11.0
33747,11.0
33748,11.0
33749,11.0
33750,11.0
33751,11.0
33752,11.0
33753,11.0
33754,11.0
33755,11.0
33756,11.0
33757,11.0
33758,11.0
33759,11.0
33760,11.0
33761,11.0
33762,11.0
33763,11.0
33764,11.0
33765,11.0
33766,11.0
33767,11.0
33768,11.0
33769,11.0
33770,11.0
33771,11.0
33772,11.0
33773,11.0
33774,11.0
33775,11.0
33776,12.0
33777,12.0
33778,12.0
33779,12.0
33780,12.0
33781,12.0
33782,12.0
33783,12.0
33784,12.0
33785,12.0
33786,12.0
33787,12.0
33788,12.0
33789,12.0
33790,12.0
33791,12.0
33792,12.0
33793,12.0
33794,12.0
33795,12.0
33796,12.0
33797,12.0
33798,12.0
33799,12.0
33800,12.0
33801,12.0
33802,12.0
33803,12.0
33804,12.0
33805,12.0
33806,12.0
33807,13.0
33808,13.0
33809,13.0
33810,13.0
33811,13.0
33812,13.0
33813,13.0
33814,13.0
33815,13.0
33816,11.0
33817,11.0
33818,11.0
33819,11.0
33820,11.0
33821,11.0
33822,11.0
33823,11.0
33824,11.0
33825,11.0
33826,11.0
33827,11.0
33828,11.0
33829,11.0
33830,11.0
33831,11.0
33832,11.0
33833,11.0
33834,11.0
33835,11.0
33836,11.0
33837,11.0
33838,11.0
33839,11.0
33840,11.0
33841,11.0
33842,11.0
33843,11.0
33844,11.0
33845,11.0
33846,11.0
33847,11.0
33848,11.0
33849,11.0
33850,11.0
33851,11.0
33852,11.0
33853,11.0
33854,11.0
33855,11.0
33856,11.0
33857,11.0
33858,11.0
33859,11.0
33860,11.0
33861,11.0
33862,11.0
33863,11.0
33864,11.0
33865,11.0
33866,11.0
33867,11.0
33868,11.0
33869,10.0
33870,10.0
33871,10.0
33872,10.0
33873,10.0
33874,10.0
33875,10.0
33876,10.0
33877,10.0
33878,10.0
33879,10.0
33880,10.0
33881,10.0
33882,10.0
33883,10.0
33884,10.0
33885,10.0
33886,10.0
33887,10.0
33888,10.0
33889,10.0
33890,11.0
33891,11.0
33892,11.0
33893,11.0
33894,11.0
33895,11.0
33896,11.0
33897,11.0
33898,11.0
33899,11.0
33900,11.0
33901,11.0
33902,11.0
33903,11.0
33904,11.0
33905,11.0
33906,11.0
33907,11.0
33908,11.0
33909,11.0
33910,11.0
33911,11.0
33912,11.0
33913,11.0
33914,11.0
33915,11.0
33916,11.0
33917,11.0
33918,11.0
33919,11.0
33920,11.0
33921,11.0
33922,11.0
33923,11.0
33924,11.0
33925,11.0
33926,11.0
33927,11.0
33928,11.0
33929,10.0
33930,10.0
33931,10.0
33932,10.0
33933,10.0
33934,10.0
33935,11.0
33936,11.0
33937,11.0
33938,11.0
33939,11.0
33940,11.0
33941,11.0
33942,11.0
33943,11.0
33944,11.0
33945,11.0
33946,11.0
33947,11.0
33948,11.0
33949,11.0
33950,11.0
33951,11.0
33952,11.0
33953,11.0
33954,11.0
33955,11.0
33956,11.0
33957,11.0
33958,11.0
33959,11.0
33960,11.0
33961,11.0
33962,11.0
33963,10.0
33964,10.0
33965,10.0
33966,10.0
33967,11.0
33968,11.0
33969,11.0
33970,11.0
33971,11.0
33972,11.0
33973,11.0
33974,11.0
33975,11.0
33976,11.0
33977,11.0
33978,11.0
33979,11.0
33980,11.0
33981,11.0
33982,12.0
33983,12.0
33984,12.0
33985,9.0
33986,9.0
33987,9.0
33988,9.0
33989,9.0
33990,9.0
33991,9.0
33992,9.0
33993,9.0
33994,9.0
33995,9.0
33996,9.0
33997,9.0
33998,9.0
33999,9.0
34000,9.0
34001,9.0
34002,9.0
34003,9.0
34004,9.0
34005,9.0
34006,9.0
34007,9.0
34008,9.0
34009,9.0
34010,9.0
34011,9.0
34012,9.0
34013,9.0
34014,9.0
34015,9.0
34016,9.0
34017,9.0
34018,9.0
34019,9.0
34020,9.0
34021,9.0
34022,9.0
34023,9.0
34024,9.0
34025,9.0
34026,9.0
34027,9.0
34028,9.0
34029,9.0
34030,9.0
34031,9.0
34032,9.0
34033,9.0
34034,9.0
34035,9.0
34036,9.0
34037,9.0
34038,9.0
34039,9.0
34040,9.0
34041,9.0
34042,9.0
34043,9.0
34044,9.0
34045,9.0
34046,9.0
34047,9.0
34048,9.0
34049,9.0
34050,9.0
34051,9.0
34052,9.0
34053,9.0
34054,9.0
34055,9.0
34056,9.0
34057,9.0
34058,9.0
34059,9.0
34060,9.0
34061,9.0
34062,9.0
34063,9.0
34064,9.0
34065,9.0
34066,9.0
34067,9.0
34068,9.0
34069,9.0
34070,9.0
34071,9.0
34072,9.0
34073,9.0
34074,9.0
34075,9.0
34076,9.0
34077,9.0
34078,10.0
34079,10.0
34080,10.0
34081,10.0
34082,10.0
34083,10.0
34084,10.0
34085,10.0
34086,10.0
34087,10.0
34088,10.0
34089,10.0
34090,10.0
34091,10.0
34092,10.0
34093,10.0
34094,10.0
34095,10.0
34096,10.0
34097,10.0
34098,10.0
34099,10.0
34100,10.0
34101,10.0
34102,10.0
34103,10.0
34104,10.0
34105,10.0
34106,10.0
34107,10.0
34108,10.0
34109,10.0
34110,10.0
34111,10.0
34112,10.0
34113,10.0
34114,10.0
34115,10.0
34116,10.0
34117,10.0
34118,10.0
34119,10.0
34120,10.0
34121,10.0
34122,10.0
34123,10.0
34124,10.0
34125,10.0
34126,10.0
34127,10.0
34128,10.0
34129,10.0
34130,10.0
34131,10.0
34132,10.0
34133,10.0
34134,10.0
34135,10.0
34136,10.0
34137,10.0
34138,10.0
34139,10.0
34140,10.0
34141,10.0
34142,10.0
34143,10.0
34144,10.0
34145,10.0
34146,10.0
34147,10.0
34148,10.0
34149,10.0
34150,10.0
34151,10.0
34152,10.0
34153,10.0
34154,10.0
34155,10.0
34156,10.0
34157,10.0
34158,10.0
34159,10.0
34160,10.0
34161,10.0
34162,10.0
34163,10.0
34164,10.0
34165,10.0
34166,10.0
34167,10.0
34168,10.0
34169,10.0
34170,10.0
34171,10.0
34172,10.0
34173,10.0
34174,10.0
34175,10.0
34176,10.0
34177,10.0
34178,10.0
34179,10.0
34180,10.0
34181,10.0
34182,10.0
34183,10.0
34184,10.0
34185,10.0
34186,10.0
34187,10.0
34188,10.0
34189,10.0
34190,10.0
34191,10.0
34192,10.0
34193,10.0
34194,10.0
34195,10.0
34196,10.0
34197,10.0
34198,10.0
34199,10.0
34200,10.0
34201,10.0
34202,10.0
34203,10.0
34204,10.0
34205,10.0
34206,10.0
34207,10.0
34208,10.0
34209,10.0
34210,10.0
34211,10.0
34212,10.0
34213,10.0
34214,10.0
34215,10.0
34216,10.0
34217,10.0
34218,10.0
34219,10.0
34220,10.0
34221,10.0
34222,10.0
34223,10.0
34224,10.0
34225,10.0
34226,10.0
34227,10.0
34228,10.0
34229,10.0
34230,10.0
34231,10.0
34232,10.0
34233,10.0
34234,10.0
34235,10.0
34236,11.0
34237,11.0
34238,11.0
34239,11.0
34240,11.0
34241,11.0
34242,11.0
34243,11.0
34244,11.0
34245,11.0
34246,11.0
34247,11.0
34248,11.0
34249,11.0
34250,11.0
34251,11.0
34252,11.0
34253,11.0
34254,11.0
34255,11.0
34256,11.0
34257,9.0
34258,9.0
34259,9.0
34260,9.0
34261,9.0
34262,9.0
34263,9.0
34264,9.0
34265,9.0
34266,9.0
34267,8.0
34268,8.0
34269,8.0
34270,8.0
34271,8.0
34272,8.0
34273,7.0
34274,7.0
34275,7.0
34276,7.0
34277,7.0
34278,7.0
34279,7.0
34280,7.0
34281,7.0
34282,7.0
34283,7.0
34284,7.0
34285,7.0
34286,7.0
34287,7.0
34288,7.0
34289,7.0
34290,7.0
34291,7.0
34292,7.0
34293,7.0
34294,7.0
34295,7.0
34296,7.0
34297,7.0
34298,7.0
34299,7.0
34300,7.0
34301,7.0
34302,7.0
34303,7.0
34304,7.0
34305,7.0
34306,7.0
34307,7.0
34308,7.0
34309,7.0
34310,7.0
34311,7.0
34312,7.0
34313,7.0
34314,7.0
34315,7.0
34316,7.0
34317,7.0
34318,7.0
34319,7.0
34320,7.0
34321,7.0
34322,7.0
34323,7.0
34324,7.0
34325,7.0
34326,7.0
34327,7.0
34328,7.0
34329,7.0
34330,7.0
34331,7.0
34332,7.0
34333,7.0
34334,7.0
34335,7.0
34336,7.0
34337,7.0
34338,7.0
34339,7.0
34340,7.0
34341,7.0
34342,7.0
34343,7.0
34344,7.0
34345,7.0
34346,7.0
34347,7.0
34348,7.0
34349,7.0
34350,7.0
34351,7.0
34352,7.0
34353,7.0
34354,7.0
34355,7.0
34356,7.0
34357,7.0
34358,7.0
34359,7.0
34360,7.0
34361,7.0
34362,7.0
34363,7.0
34364,7.0
34365,7.0
34366,7.0
34367,7.0
34368,7.0
34369,8.0
34370,8.0
34371,8.0
34372,7.0
34373,7.0
34374,7.0
34375,7.0
34376,7.0
34377,7.0
34378,7.0
34379,7.0
34380,7.0
34381,7.0
34382,7.0
34383,7.0
34384,7.0
34385,7.0
34386,7.0
34387,7.0
34388,7.0
34389,7.0
34390,7.0
34391,7.0
34392,7.0
34393,7.0
34394,7.0
34395,7.0
34396,7.0
34397,7.0
34398,7.0
34399,7.0
34400,7.0
34401,7.0
34402,7.0
34403,8.0
34404,8.0
34405,8.0
34406,8.0
34407,8.0
34408,8.0
34409,8.0
34410,8.0
34411,8.0
34412,8.0
34413,8.0
34414,8.0
34415,7.0
34416,7.0
34417,7.0
34418,7.0
34419,7.0
34420,7.0
34421,7.0
34422,7.0
34423,7.0
34424,7.0
34425,7.0
34426,7.0
34427,7.0
34428,7.0
34429,7.0
34430,7.0
34431,7.0
34432,7.0
34433,7.0
34434,7.0
34435,7.0
34436,7.0
34437,7.0
34438,7.0
34439,7.0
34440,7.0
34441,7.0
34442,7.0
34443,7.0
34444,7.0
34445,7.0
34446,7.0
34447,7.0
34448,7.0
34449,7.0
34450,7.0
34451,7.0
34452,7.0
34453,7.0
34454,7.0
34455,7.0
34456,7.0
34457,7.0
34458,7.0
34459,7.0
34460,7.0
34461,7.0
34462,7.0
34463,7.0
34464,7.0
34465,7.0
34466,7.0
34467,7.0
34468,7.0
34469,7.0
34470,7.0
34471,7.0
34472,7.0
34473,7.0
34474,7.0
34475,7.0
34476,7.0
34477,7.0
34478,7.0
34479,7.0
34480,7.0
34481,7.0
34482,7.0
34483,7.0
34484,7.0
34485,7.0
34486,7.0
34487,7.0
34488,7.0
34489,8.0
34490,8.0
34491,8.0
34492,8.0
34493,8.0
34494,8.0
34495,8.0
34496,8.0
34497,8.0
34498,8.0
34499,8.0
34500,8.0
34501,8.0
34502,8.0
34503,8.0
34504,8.0
34505,8.0
34506,8.0
34507,8.0
34508,8.0
34509,8.0
34510,8.0
34511,8.0
34512,8.0
34513,8.0
34514,8.0
34515,8.0
34516,8.0
34517,8.0
34518,8.0
34519,8.0
34520,8.0
34521,8.0
34522,8.0
34523,8.0
34524,8.0
34525,9.0
34526,9.0
34527,9.0
34528,9.0
34529,9.0
34530,9.0
34531,9.0
34532,9.0
34533,9.0
34534,9.0
34535,9.0
34536,9.0
34537,9.0
34538,9.0
34539,9.0
34540,9.0
34541,9.0
34542,9.0
34543,9.0
34544,9.0
34545,9.0
34546,9.0
34547,9.0
34548,9.0
34549,9.0
34550,9.0
34551,9.0
34552,9.0
34553,9.0
34554,9.0
34555,9.0
34556,9.0
34557,9.0
34558,9.0
34559,9.0
34560,9.0
34561,9.0
34562,9.0
34563,9.0
34564,9.0
34565,9.0
34566,9.0
34567,9.0
34568,9.0
34569,9.0
34570,9.0
34571,9.0
34572,9.0
34573,9.0
34574,9.0
34575,9.0
34576,9.0
34577,9.0
34578,9.0
34579,9.0
34580,9.0
34581,9.0
34582,9.0
34583,9.0
34584,9.0
34585,9.0
34586,9.0
34587,9.0
34588,9.0
34589,9.0
34590,9.0
34591,9.0
34592,9.0
34593,9.0
34594,9.0
34595,9.0
34596,9.0
34597,9.0
34598,9.0
34599,9.0
34600,9.0
34601,9.0
34602,9.0
34603,9.0
34604,9.0
34605,9.0
34606,9.0
34607,9.0
34608,9.0
34609,9.0
34610,9.0
34611,9.0
34612,9.0
34613,9.0
34614,9.0
34615,9.0
34616,9.0
34617,9.0
34618,9.0
34619,9.0
34620,9.0
34621,9.0
34622,9.0
34623,9.0
34624,9.0
34625,9.0
34626,9.0
34627,9.0
34628,9.0
34629,9.0
34630,9.0
34631,9.0
34632,9.0
34633,9.0
34634,9.0
34635,9.0
34636,9.0
34637,9.0
34638,9.0
34639,9.0
34640,9.0
34641,9.0
34642,9.0
34643,9.0
34644,9.0
34645,9.0
34646,9.0
34647,9.0
34648,9.0
34649,9.0
34650,9.0
34651,9.0
34652,9.0
34653,9.0
34654,9.0
34655,9.0
34656,9.0
34657,9.0
34658,9.0
34659,10.0
34660,10.0
34661,10.0
34662,10.0
34663,10.0
34664,10.0
34665,10.0
34666,10.0
34667,10.0
34668,10.0
34669,10.0
34670,10.0
34671,10.0
34672,10.0
34673,10.0
34674,10.0
34675,10.0
34676,7.0
34677,7.0
34678,7.0
34679,7.0
34680,7.0
34681,7.0
34682,7.0
34683,7.0
34684,7.0
34685,7.0
34686,7.0
34687,7.0
34688,7.0
34689,7.0
34690,7.0
34691,7.0
34692,7.0
34693,7.0
34694,7.0
34695,7.0
34696,7.0
34697,7.0
34698,7.0
34699,7.0
34700,7.0
34701,7.0
34702,7.0
34703,7.0
34704,7.0
34705,7.0
34706,7.0
34707,7.0
34708,7.0
34709,7.0
34710,7.0
34711,7.0
34712,7.0
34713,7.0
34714,7.0
34715,7.0
34716,7.0
34717,7.0
34718,7.0
34719,7.0
34720,7.0
34721,7.0
34722,7.0
34723,7.0
34724,7.0
34725,7.0
34726,7.0
34727,7.0
34728,7.0
34729,7.0
34730,7.0
34731,7.0
34732,7.0
34733,7.0
34734,7.0
34735,7.0
34736,7.0
34737,7.0
34738,7.0
34739,7.0
34740,7.0
34741,7.0
34742,7.0
34743,7.0
34744,7.0
34745,7.0
34746,7.0
34747,7.0
34748,7.0
34749,7.0
34750,7.0
34751,7.0
34752,7.0
34753,7.0
34754,7.0
34755,7.0
34756,7.0
34757,7.0
34758,7.0
34759,7.0
34760,7.0
34761,7.0
34762,7.0
34763,7.0
34764,7.0
34765,7.0
34766,7.0
34767,7.0
34768,7.0
34769,7.0
34770,7.0
34771,7.0
34772,7.0
34773,7.0
34774,7.0
34775,7.0
34776,7.0
34777,7.0
34778,7.0
34779,7.0
34780,7.0
34781,7.0
34782,7.0
34783,7.0
34784,7.0
34785,7.0
34786,7.0
34787,7.0
34788,8.0
34789,8.0
34790,8.0
34791,8.0
34792,8.0
34793,8.0
34794,8.0
34795,8.0
34796,8.0
34797,8.0
34798,8.0
34799,8.0
34800,8.0
34801,8.0
34802,8.0
34803,8.0
34804,8.0
34805,8.0
34806,8.0
34807,8.0
34808,8.0
34809,8.0
34810,8.0
34811,8.0
34812,8.0
34813,8.0
34814,8.0
34815,8.0
34816,8.0
34817,8.0
34818,8.0
34819,8.0
34820,8.0
34821,8.0
34822,8.0
34823,8.0
34824,8.0
34825,8.0
34826,8.0
34827,8.0
34828,8.0
34829,8.0
34830,8.0
34831,8.0
34832,8.0
34833,8.0
34834,8.0
34835,8.0
34836,8.0
34837,8.0
34838,8.0
34839,8.0
34840,8.0
34841,8.0
34842,8.0
34843,8.0
34844,8.0
34845,8.0
34846,8.0
34847,8.0
34848,8.0
34849,8.0
34850,8.0
34851,8.0
34852,8.0
34853,8.0
34854,8.0
34855,8.0
34856,8.0
34857,8.0
34858,8.0
34859,8.0
34860,8.0
34861,8.0
34862,8.0
34863,8.0
34864,8.0
34865,8.0
34866,8.0
34867,8.0
34868,8.0
34869,8.0
34870,7.0
34871,7.0
34872,7.0
34873,7.0
34874,7.0
34875,7.0
34876,7.0
34877,7.0
34878,7.0
34879,7.0
34880,7.0
34881,7.0
34882,7.0
34883,7.0
34884,7.0
34885,7.0
34886,7.0
34887,7.0
34888,7.0
34889,7.0
34890,7.0
34891,7.0
34892,7.0
34893,7.0
34894,7.0
34895,7.0
34896,7.0
34897,7.0
34898,7.0
34899,7.0
34900,7.0
34901,7.0
34902,7.0
34903,7.0
34904,7.0
34905,7.0
34906,7.0
34907,7.0
34908,7.0
34909,7.0
34910,7.0
34911,7.0
34912,7.0
34913,7.0
34914,7.0
34915,7.0
34916,7.0
34917,7.0
34918,7.0
34919,7.0
34920,7.0
34921,7.0
34922,7.0
34923,7.0
34924,7.0
34925,7.0
34926,7.0
34927,7.0
34928,7.0
34929,7.0
34930,7.0
34931,7.0
34932,7.0
34933,7.0
34934,7.0
34935,7.0
34936,7.0
34937,7.0
34938,7.0
34939,7.0
34940,7.0
34941,7.0
34942,7.0
34943,7.0
34944,7.0
34945,7.0
34946,7.0
34947,7.0
34948,7.0
34949,7.0
34950,7.0
34951,7.0
34952,7.0
34953,7.0
34954,7.0
34955,7.0
34956,7.0
34957,7.0
34958,7.0
34959,8.0
34960,8.0
34961,8.0
34962,8.0
34963,8.0
34964,8.0
34965,8.0
34966,8.0
34967,8.0
34968,8.0
34969,8.0
34970,8.0
34971,8.0
34972,8.0
34973,8.0
34974,8.0
34975,8.0
34976,8.0
34977,8.0
34978,8.0
34979,8.0
34980,8.0
34981,8.0
34982,8.0
34983,8.0
34984,8.0
34985,8.0
34986,8.0
34987,8.0
34988,8.0
34989,8.0
34990,8.0
34991,8.0
34992,8.0
34993,8.0
34994,8.0
34995,8.0
34996,8.0
34997,8.0
34998,8.0
34999,8.0
35000,8.0
35001,8.0
35002,8.0
35003,8.0
35004,8.0
35005,8.0
35006,8.0
35007,8.0
35008,8.0
35009,8.0
35010,8.0
35011,8.0
35012,8.0
35013,8.0
35014,8.0
35015,8.0
35016,8.0
35017,8.0
35018,8.0
35019,8.0
35020,8.0
35021,9.0
35022,9.0
35023,9.0
35024,9.0
35025,9.0
35026,9.0
35027,9.0
35028,9.0
35029,9.0
35030,9.0
35031,9.0
35032,9.0
35033,9.0
35034,9.0
35035,9.0
35036,9.0
35037,9.0
35038,9.0
35039,9.0
35040,9.0
35041,9.0
35042,9.0
35043,9.0
35044,9.0
35045,9.0
35046,9.0
35047,9.0
35048,9.0
35049,9.0
35050,9.0
35051,9.0
35052,9.0
35053,9.0
35054,9.0
35055,9.0
35056,9.0
35057,9.0
35058,9.0
35059,9.0
35060,9.0
35061,9.0
35062,9.0
35063,9.0
35064,9.0
35065,9.0
35066,9.0
35067,9.0
35068,9.0
35069,9.0
35070,9.0
35071,9.0
35072,9.0
35073,9.0
35074,9.0
35075,9.0
35076,9.0
35077,9.0
35078,9.0
35079,9.0
35080,9.0
35081,9.0
35082,10.0
35083,10.0
35084,10.0
35085,10.0
35086,10.0
35087,11.0
35088,11.0
35089,11.0
35090,11.0
35091,11.0
35092,11.0
35093,11.0
35094,11.0
35095,11.0
35096,11.0
35097,11.0
35098,11.0
35099,11.0
35100,11.0
35101,11.0
35102,11.0
35103,11.0
35104,11.0
35105,11.0
35106,11.0
35107,11.0
35108,11.0
35109,11.0
35110,11.0
35111,11.0
35112,11.0
35113,11.0
35114,11.0
35115,11.0
35116,11.0
35117,11.0
35118,11.0
35119,11.0
35120,11.0
35121,11.0
35122,11.0
35123,11.0
35124,11.0
35125,11.0
35126,11.0
35127,11.0
35128,11.0
35129,11.0
35130,11.0
35131,11.0
35132,11.0
35133,11.0
35134,11.0
35135,11.0
35136,11.0
35137,11.0
35138,11.0
35139,11.0
35140,11.0
35141,11.0
35142,11.0
35143,11.0
35144,11.0
35145,11.0
35146,11.0
35147,11.0
35148,11.0
35149,11.0
35150,11.0
35151,11.0
35152,11.0
35153,11.0
35154,11.0
35155,11.0
35156,11.0
35157,11.0
35158,11.0
35159,11.0
35160,11.0
35161,11.0
35162,11.0
35163,11.0
35164,11.0
35165,11.0
35166,11.0
35167,11.0
35168,11.0
35169,11.0
35170,11.0
35171,11.0
35172,11.0
35173,11.0
35174,11.0
35175,11.0
35176,11.0
35177,11.0
35178,11.0
35179,11.0
35180,11.0
35181,11.0
35182,11.0
35183,10.0
35184,10.0
35185,10.0
35186,10.0
35187,10.0
35188,10.0
35189,10.0
35190,10.0
35191,10.0
35192,10.0
35193,10.0
35194,10.0
35195,10.0
35196,10.0
35197,10.0
35198,10.0
35199,10.0
35200,10.0
35201,10.0
35202,10.0
35203,10.0
35204,10.0
35205,10.0
35206,10.0
35207,10.0
35208,10.0
35209,10.0
35210,10.0
35211,10.0
35212,10.0
35213,10.0
35214,10.0
35215,10.0
35216,10.0
35217,10.0
35218,10.0
35219,10.0
35220,10.0
35221,10.0
35222,10.0
35223,10.0
35224,10.0
35225,10.0
35226,10.0
35227,10.0
35228,10.0
35229,11.0
35230,11.0
35231,11.0
35232,11.0
35233,11.0
35234,11.0
35235,11.0
35236,11.0
35237,11.0
35238,11.0
35239,11.0
35240,11.0
35241,11.0
35242,11.0
35243,11.0
35244,11.0
35245,11.0
35246,11.0
35247,11.0
35248,11.0
35249,11.0
35250,11.0
35251,11.0
35252,11.0
35253,11.0
35254,11.0
35255,11.0
35256,10.0
35257,10.0
35258,10.0
35259,10.0
35260,10.0
35261,10.0
35262,10.0
35263,10.0
35264,10.0
35265,10.0
35266,10.0
35267,10.0
35268,10.0
35269,10.0
35270,10.0
35271,10.0
35272,10.0
35273,9.0
35274,9.0
35275,9.0
35276,9.0
35277,9.0
35278,9.0
35279,9.0
35280,9.0
35281,9.0
35282,9.0
35283,9.0
35284,9.0
35285,9.0
35286,9.0
35287,9.0
35288,9.0
35289,9.0
35290,9.0
35291,9.0
35292,9.0
35293,9.0
35294,9.0
35295,9.0
35296,9.0
35297,9.0
35298,9.0
35299,9.0
35300,9.0
35301,9.0
35302,9.0
35303,9.0
35304,9.0
35305,9.0
35306,9.0
35307,9.0
35308,9.0
35309,9.0
35310,9.0
35311,9.0
35312,9.0
35313,9.0
35314,9.0
35315,9.0
35316,9.0
35317,9.0
35318,9.0
35319,9.0
35320,9.0
35321,9.0
35322,9.0
35323,9.0
35324,9.0
35325,9.0
35326,9.0
35327,9.0
35328,9.0
35329,9.0
35330,9.0
35331,9.0
35332,9.0
35333,9.0
35334,9.0
35335,9.0
35336,9.0
35337,9.0
35338,9.0
35339,9.0
35340,9.0
35341,9.0
35342,9.0
35343,9.0
35344,9.0
35345,9.0
35346,9.0
35347,9.0
35348,9.0
35349,9.0
35350,9.0
35351,9.0
35352,9.0
35353,9.0
35354,9.0
35355,9.0
35356,9.0
35357,9.0
35358,9.0
35359,9.0
35360,9.0
35361,9.0
35362,9.0
35363,9.0
35364,9.0
35365,9.0
35366,9.0
35367,9.0
35368,9.0
35369,9.0
35370,9.0
35371,9.0
35372,9.0
35373,9.0
35374,9.0
35375,9.0
35376,9.0
35377,9.0
35378,9.0
35379,9.0
35380,9.0
35381,9.0
35382,9.0
35383,9.0
35384,9.0
35385,9.0
35386,9.0
35387,9.0
35388,9.0
35389,9.0
35390,9.0
35391,9.0
35392,9.0
35393,9.0
35394,9.0
35395,9.0
35396,9.0
35397,8.0
35398,8.0
35399,8.0
35400,8.0
35401,8.0
35402,8.0
35403,8.0
35404,8.0
35405,8.0
35406,8.0
35407,8.0
35408,8.0
35409,8.0
35410,8.0
35411,8.0
35412,8.0
35413,8.0
35414,8.0
35415,8.0
35416,8.0
35417,8.0
35418,8.0
35419,8.0
35420,8.0
35421,8.0
35422,8.0
35423,8.0
35424,8.0
35425,8.0
35426,8.0
35427,8.0
35428,8.0
35429,8.0
35430,8.0
35431,8.0
35432,8.0
35433,8.0
35434,8.0
35435,8.0
35436,8.0
35437,8.0
35438,8.0
35439,8.0
35440,8.0
35441,8.0
35442,8.0
35443,8.0
35444,8.0
35445,8.0
35446,8.0
35447,8.0
35448,8.0
35449,8.0
35450,8.0
35451,8.0
35452,8.0
35453,8.0
35454,8.0
35455,8.0
35456,8.0
35457,8.0
35458,8.0
35459,8.0
35460,8.0
35461,8.0
35462,8.0
35463,8.0
35464,8.0
35465,8.0
35466,8.0
35467,8.0
35468,8.0
35469,8.0
35470,8.0
35471,8.0
35472,8.0
35473,8.0
35474,8.0
35475,8.0
35476,8.0
35477,8.0
35478,8.0
35479,8.0
35480,8.0
35481,8.0
35482,8.0
35483,8.0
35484,8.0
35485,8.0
35486,8.0
35487,8.0
35488,8.0
35489,8.0
35490,8.0
35491,8.0
35492,8.0
35493,8.0
35494,8.0
35495,8.0
35496,8.0
35497,8.0
35498,8.0
35499,8.0
35500,8.0
35501,8.0
35502,8.0
35503,8.0
35504,8.0
35505,8.0
35506,8.0
35507,8.0
35508,8.0
35509,8.0
35510,8.0
35511,8.0
35512,8.0
35513,8.0
35514,8.0
35515,8.0
35516,8.0
35517,8.0
35518,8.0
35519,8.0
35520,8.0
35521,8.0
35522,8.0
35523,8.0
35524,8.0
35525,8.0
35526,8.0
35527,8.0
35528,8.0
35529,8.0
35530,8.0
35531,8.0
35532,8.0
35533,8.0
35534,8.0
35535,8.0
35536,8.0
35537,8.0
35538,8.0
35539,8.0
35540,8.0
35541,8.0
35542,8.0
35543,8.0
35544,8.0
35545,8.0
35546,8.0
35547,8.0
35548,8.0
35549,8.0
35550,8.0
35551,8.0
35552,8.0
35553,8.0
35554,8.0
35555,8.0
35556,8.0
35557,8.0
35558,8.0
35559,8.0
35560,8.0
35561,8.0
35562,8.0
35563,8.0
35564,8.0
35565,8.0
35566,8.0
35567,8.0
35568,8.0
35569,8.0
35570,8.0
35571,8.0
35572,8.0
35573,8.0
35574,8.0
35575,8.0
35576,8.0
35577,8.0
35578,8.0
35579,8.0
35580,8.0
35581,8.0
35582,8.0
35583,8.0
35584,8.0
35585,8.0
35586,8.0
35587,8.0
35588,8.0
35589,8.0
35590,8.0
35591,8.0
35592,8.0
35593,8.0
35594,8.0
35595,8.0
35596,8.0
35597,8.0
35598,8.0
35599,8.0
35600,8.0
35601,8.0
35602,8.0
35603,8.0
35604,8.0
35605,8.0
35606,8.0
35607,8.0
35608,8.0
35609,8.0
35610,8.0
35611,8.0
35612,8.0
35613,8.0
35614,8.0
35615,8.0
35616,8.0
35617,8.0
35618,8.0
35619,8.0
35620,8.0
35621,8.0
35622,8.0
35623,8.0
35624,8.0
35625,8.0
35626,8.0
35627,8.0
35628,8.0
35629,8.0
35630,8.0
35631,8.0
35632,8.0
35633,8.0
35634,8.0
35635,8.0
35636,8.0
35637,8.0
35638,8.0
35639,8.0
35640,8.0
35641,8.0
35642,8.0
35643,9.0
35644,9.0
35645,9.0
35646,9.0
35647,9.0
35648,9.0
35649,9.0
35650,9.0
35651,9.0
35652,9.0
35653,9.0
35654,9.0
35655,9.0
35656,9.0
35657,9.0
35658,9.0
35659,9.0
35660,9.0
35661,9.0
35662,9.0
35663,9.0
35664,9.0
35665,9.0
35666,9.0
35667,9.0
35668,9.0
35669,9.0
35670,9.0
35671,9.0
35672,9.0
35673,9.0
35674,9.0
35675,9.0
35676,9.0
35677,9.0
35678,9.0
35679,9.0
35680,9.0
35681,9.0
35682,9.0
35683,9.0
35684,9.0
35685,9.0
35686,9.0
35687,9.0
35688,9.0
35689,9.0
35690,8.0
35691,8.0
35692,8.0
35693,8.0
35694,8.0
35695,8.0
35696,8.0
35697,8.0
35698,8.0
35699,8.0
35700,8.0
35701,8.0
35702,8.0
35703,8.0
35704,8.0
35705,8.0
35706,8.0
35707,8.0
35708,8.0
35709,8.0
35710,8.0
35711,8.0
35712,8.0
35713,8.0
35714,8.0
35715,8.0
35716,8.0
35717,8.0
35718,8.0
35719,8.0
35720,8.0
35721,8.0
35722,8.0
35723,8.0
35724,8.0
35725,8.0
35726,8.0
35727,8.0
35728,8.0
35729,8.0
35730,8.0
35731,8.0
35732,8.0
35733,8.0
35734,8.0
35735,8.0
35736,8.0
35737,8.0
35738,8.0
35739,8.0
35740,8.0
35741,8.0
35742,8.0
35743,8.0
35744,8.0
35745,8.0
35746,8.0
35747,8.0
35748,8.0
35749,8.0
35750,8.0
35751,8.0
35752,8.0
35753,8.0
35754,8.0
35755,8.0
35756,8.0
35757,8.0
35758,8.0
35759,8.0
35760,8.0
35761,8.0
35762,8.0
35763,8.0
35764,8.0
35765,8.0
35766,8.0
35767,8.0
35768,8.0
35769,8.0
35770,8.0
35771,8.0
35772,8.0
35773,8.0
35774,8.0
35775,8.0
35776,8.0
35777,8.0
35778,8.0
35779,8.0
35780,8.0
35781,8.0
35782,8.0
35783,8.0
35784,8.0
35785,8.0
35786,8.0
35787,8.0
35788,8.0
35789,8.0
35790,8.0
35791,8.0
35792,8.0
35793,8.0
35794,8.0
35795,8.0
35796,8.0
35797,8.0
35798,8.0
35799,8.0
35800,8.0
35801,8.0
35802,8.0
35803,8.0
35804,8.0
35805,8.0
35806,8.0
35807,8.0
35808,8.0
35809,8.0
35810,8.0
35811,8.0
35812,8.0
35813,8.0
35814,8.0
35815,8.0
35816,8.0
35817,8.0
35818,8.0
35819,8.0
35820,8.0
35821,8.0
35822,8.0
35823,8.0
35824,8.0
35825,8.0
35826,8.0
35827,8.0
35828,8.0
35829,8.0
35830,8.0
35831,8.0
35832,8.0
35833,8.0
35834,8.0
35835,8.0
35836,9.0
35837,9.0
35838,9.0
35839,9.0
35840,9.0
35841,9.0
35842,8.0
35843,8.0
35844,8.0
35845,8.0
35846,8.0
35847,8.0
35848,8.0
35849,8.0
35850,8.0
35851,8.0
35852,8.0
35853,8.0
35854,8.0
35855,8.0
35856,8.0
35857,8.0
35858,8.0
35859,8.0
35860,8.0
35861,8.0
35862,8.0
35863,8.0
35864,8.0
35865,8.0
35866,8.0
35867,8.0
35868,8.0
35869,8.0
35870,8.0
35871,8.0
35872,8.0
35873,8.0
35874,8.0
35875,8.0
35876,8.0
35877,8.0
35878,8.0
35879,8.0
35880,8.0
35881,8.0
35882,8.0
35883,8.0
35884,8.0
35885,8.0
35886,8.0
35887,8.0
35888,8.0
35889,8.0
35890,8.0
35891,8.0
35892,8.0
35893,7.0
35894,7.0
35895,7.0
35896,7.0
35897,7.0
35898,7.0
35899,7.0
35900,7.0
35901,7.0
35902,7.0
35903,7.0
35904,7.0
35905,7.0
35906,7.0
35907,7.0
35908,7.0
35909,7.0
35910,7.0
35911,7.0
35912,7.0
35913,7.0
35914,7.0
35915,7.0
35916,7.0
35917,7.0
35918,7.0
35919,7.0
35920,7.0
35921,7.0
35922,7.0
35923,7.0
35924,7.0
35925,7.0
35926,7.0
35927,7.0
35928,7.0
35929,7.0
35930,7.0
35931,7.0
35932,7.0
35933,7.0
35934,7.0
35935,7.0
35936,7.0
35937,7.0
35938,7.0
35939,7.0
35940,7.0
35941,7.0
35942,7.0
35943,7.0
35944,7.0
35945,7.0
35946,7.0
35947,7.0
35948,7.0
35949,7.0
35950,7.0
35951,7.0
35952,7.0
35953,7.0
35954,7.0
35955,7.0
35956,7.0
35957,7.0
35958,7.0
35959,7.0
35960,7.0
35961,7.0
35962,7.0
35963,7.0
35964,7.0
35965,7.0
35966,7.0
35967,7.0
35968,7.0
35969,7.0
35970,7.0
35971,7.0
35972,7.0
35973,7.0
35974,7.0
35975,7.0
35976,7.0
35977,7.0
35978,7.0
35979,7.0
35980,7.0
35981,7.0
35982,7.0
35983,7.0
35984,7.0
35985,7.0
35986,7.0
35987,7.0
35988,7.0
35989,7.0
35990,7.0
35991,7.0
35992,7.0
35993,7.0
35994,7.0
35995,7.0
35996,7.0
35997,7.0
35998,7.0
35999,7.0
36000,7.0
36001,7.0
36002,7.0
36003,7.0
36004,7.0
36005,7.0
36006,7.0
36007,7.0
36008,7.0
36009,7.0
36010,7.0
36011,7.0
36012,7.0
36013,7.0
36014,7.0
36015,7.0
36016,7.0
36017,7.0
36018,7.0
36019,7.0
36020,7.0
36021,7.0
36022,7.0
36023,7.0
36024,7.0
36025,7.0
36026,7.0
36027,7.0
36028,7.0
36029,7.0
36030,7.0
36031,7.0
36032,7.0
36033,7.0
36034,7.0
36035,7.0
36036,7.0
36037,7.0
36038,7.0
36039,7.0
36040,7.0
36041,7.0
36042,7.0
36043,7.0
36044,7.0
36045,7.0
36046,7.0
36047,7.0
36048,7.0
36049,7.0
36050,7.0
36051,7.0
36052,7.0
36053,7.0
36054,7.0
36055,7.0
36056,7.0
36057,7.0
36058,7.0
36059,7.0
36060,7.0
36061,7.0
36062,7.0
36063,7.0
36064,7.0
36065,7.0
36066,7.0
36067,7.0
36068,7.0
36069,7.0
36070,7.0
36071,7.0
36072,7.0
36073,7.0
36074,7.0
36075,7.0
36076,7.0
36077,7.0
36078,7.0
36079,7.0
36080,7.0
36081,7.0
36082,7.0
36083,7.0
36084,7.0
36085,7.0
36086,7.0
36087,7.0
36088,7.0
36089,7.0
36090,7.0
36091,7.0
36092,7.0
36093,7.0
36094,7.0
36095,7.0
36096,7.0
36097,7.0
36098,7.0
36099,7.0
36100,7.0
36101,7.0
36102,7.0
36103,7.0
36104,7.0
36105,7.0
36106,7.0
36107,7.0
36108,7.0
36109,7.0
36110,7.0
36111,7.0
36112,7.0
36113,7.0
36114,7.0
36115,7.0
36116,7.0
36117,7.0
36118,7.0
36119,7.0
36120,7.0
36121,7.0
36122,7.0
36123,7.0
36124,7.0
36125,7.0
36126,7.0
36127,7.0
36128,7.0
36129,7.0
36130,7.0
36131,7.0
36132,7.0
36133,7.0
36134,7.0
36135,7.0
36136,7.0
36137,7.0
36138,7.0
36139,7.0
36140,7.0
36141,7.0
36142,7.0
36143,7.0
36144,7.0
36145,7.0
36146,7.0
36147,7.0
36148,7.0
36149,7.0
36150,7.0
36151,7.0
36152,7.0
36153,7.0
36154,7.0
36155,7.0
36156,7.0
36157,7.0
36158,7.0
36159,7.0
36160,7.0
36161,7.0
36162,7.0
36163,7.0
36164,7.0
36165,7.0
36166,7.0
36167,7.0
36168,7.0
36169,7.0
36170,7.0
36171,7.0
36172,7.0
36173,7.0
36174,7.0
36175,7.0
36176,7.0
36177,7.0
36178,7.0
36179,7.0
36180,7.0
36181,7.0
36182,7.0
36183,7.0
36184,7.0
36185,7.0
36186,7.0
36187,7.0
36188,7.0
36189,7.0
36190,7.0
36191,7.0
36192,7.0
36193,7.0
36194,7.0
36195,7.0
36196,7.0
36197,7.0
36198,7.0
36199,7.0
36200,7.0
36201,7.0
36202,7.0
36203,7.0
36204,7.0
36205,7.0
36206,7.0
36207,7.0
36208,7.0
36209,7.0
36210,7.0
36211,7.0
36212,7.0
36213,7.0
36214,7.0
36215,7.0
36216,7.0
36217,7.0
36218,7.0
36219,7.0
36220,7.0
36221,7.0
36222,7.0
36223,7.0
36224,7.0
36225,7.0
36226,7.0
36227,7.0
36228,7.0
36229,7.0
36230,7.0
36231,7.0
36232,7.0
36233,7.0
36234,7.0
36235,7.0
36236,7.0
36237,7.0
36238,7.0
36239,7.0
36240,7.0
36241,7.0
36242,7.0
36243,7.0
36244,7.0
36245,7.0
36246,7.0
36247,7.0
36248,7.0
36249,7.0
36250,7.0
36251,7.0
36252,7.0
36253,7.0
36254,7.0
36255,7.0
36256,7.0
36257,7.0
36258,7.0
36259,7.0
36260,7.0
36261,7.0
36262,7.0
36263,7.0
36264,7.0
36265,7.0
36266,7.0
36267,7.0
36268,7.0
36269,7.0
36270,7.0
36271,7.0
36272,7.0
36273,7.0
36274,7.0
36275,8.0
36276,8.0
36277,8.0
36278,8.0
36279,8.0
36280,8.0
36281,8.0
36282,8.0
36283,8.0
36284,8.0
36285,8.0
36286,8.0
36287,8.0
36288,8.0
36289,8.0
36290,8.0
36291,8.0
36292,8.0
36293,8.0
36294,8.0
36295,8.0
36296,8.0
36297,8.0
36298,8.0
36299,7.0
36300,7.0
36301,7.0
36302,7.0
36303,7.0
36304,7.0
36305,7.0
36306,7.0
36307,7.0
36308,7.0
36309,7.0
36310,7.0
36311,7.0
36312,7.0
36313,7.0
36314,7.0
36315,7.0
36316,7.0
36317,7.0
36318,7.0
36319,7.0
36320,7.0
36321,7.0
36322,7.0
36323,7.0
36324,7.0
36325,7.0
36326,7.0
36327,7.0
36328,7.0
36329,7.0
36330,7.0
36331,7.0
36332,7.0
36333,7.0
36334,7.0
36335,7.0
36336,7.0
36337,7.0
36338,7.0
36339,7.0
36340,7.0
36341,7.0
36342,7.0
36343,7.0
36344,7.0
36345,7.0
36346,7.0
36347,7.0
36348,7.0
36349,7.0
36350,7.0
36351,7.0
36352,7.0
36353,7.0
36354,7.0
36355,7.0
36356,7.0
36357,7.0
36358,7.0
36359,7.0
36360,7.0
36361,7.0
36362,7.0
36363,7.0
36364,7.0
36365,7.0
36366,7.0
36367,7.0
36368,7.0
36369,7.0
36370,7.0
36371,7.0
36372,7.0
36373,7.0
36374,7.0
36375,7.0
36376,7.0
36377,7.0
36378,7.0
36379,7.0
36380,7.0
36381,7.0
36382,7.0
36383,7.0
36384,7.0
36385,7.0
36386,7.0
36387,7.0
36388,7.0
36389,7.0
36390,7.0
36391,7.0
36392,7.0
36393,7.0
36394,7.0
36395,7.0
36396,7.0
36397,7.0
36398,7.0
36399,7.0
36400,7.0
36401,7.0
36402,7.0
36403,7.0
36404,7.0
36405,7.0
36406,7.0
36407,7.0
36408,7.0
36409,7.0
36410,7.0
36411,7.0
36412,7.0
36413,7.0
36414,7.0
36415,7.0
36416,7.0
36417,7.0
36418,7.0
36419,7.0
36420,7.0
36421,7.0
36422,7.0
36423,7.0
36424,7.0
36425,7.0
36426,7.0
36427,7.0
36428,7.0
36429,7.0
36430,7.0
36431,7.0
36432,7.0
36433,7.0
36434,7.0
36435,7.0
36436,7.0
36437,7.0
36438,7.0
36439,7.0
36440,7.0
36441,7.0
36442,7.0
36443,7.0
36444,7.0
36445,7.0
36446,7.0
36447,7.0
36448,7.0
36449,7.0
36450,7.0
36451,7.0
36452,7.0
36453,7.0
36454,7.0
36455,7.0
36456,7.0
36457,7.0
36458,7.0
36459,7.0
36460,7.0
36461,7.0
36462,7.0
36463,7.0
36464,7.0
36465,7.0
36466,7.0
36467,7.0
36468,7.0
36469,7.0
36470,7.0
36471,7.0
36472,7.0
36473,7.0
36474,7.0
36475,7.0
36476,7.0
36477,7.0
36478,7.0
36479,7.0
36480,7.0
36481,7.0
36482,7.0
36483,7.0
36484,7.0
36485,7.0
36486,7.0
36487,7.0
36488,7.0
36489,7.0
36490,7.0
36491,7.0
36492,7.0
36493,7.0
36494,7.0
36495,7.0
36496,7.0
36497,7.0
36498,7.0
36499,7.0
36500,7.0
36501,7.0
36502,7.0
36503,7.0
36504,7.0
36505,7.0
36506,7.0
36507,7.0
36508,7.0
36509,7.0
36510,7.0
36511,7.0
36512,7.0
36513,7.0
36514,7.0
36515,7.0
36516,7.0
36517,7.0
36518,7.0
36519,7.0
36520,7.0
36521,7.0
36522,7.0
36523,7.0
36524,7.0
36525,7.0
36526,7.0
36527,7.0
36528,7.0
36529,7.0
36530,7.0
36531,7.0
36532,7.0
36533,7.0
36534,7.0
36535,7.0
36536,7.0
36537,7.0
36538,7.0
36539,7.0
36540,7.0
36541,7.0
36542,7.0
36543,7.0
36544,7.0
36545,7.0
36546,7.0
36547,7.0
36548,7.0
36549,7.0
36550,7.0
36551,7.0
36552,7.0
36553,7.0
36554,7.0
36555,7.0
36556,7.0
36557,7.0
36558,7.0
36559,7.0
36560,7.0
36561,7.0
36562,7.0
36563,7.0
36564,7.0
36565,7.0
36566,7.0
36567,7.0
36568,7.0
36569,7.0
36570,7.0
36571,7.0
36572,7.0
36573,7.0
36574,7.0
36575,7.0
36576,7.0
36577,7.0
36578,7.0
36579,7.0
36580,7.0
36581,7.0
36582,8.0
36583,8.0
36584,8.0
36585,8.0
36586,8.0
36587,8.0
36588,8.0
36589,8.0
36590,9.0
36591,9.0
36592,9.0
36593,9.0
36594,9.0
36595,9.0
36596,9.0
36597,9.0
36598,9.0
36599,9.0
36600,9.0
36601,9.0
36602,9.0
36603,9.0
36604,9.0
36605,9.0
36606,9.0
36607,9.0
36608,9.0
36609,9.0
36610,9.0
36611,9.0
36612,9.0
36613,10.0
36614,10.0
36615,10.0
36616,10.0
36617,9.0
36618,9.0
36619,9.0
36620,9.0
36621,9.0
36622,9.0
36623,9.0
36624,9.0
36625,9.0
36626,9.0
36627,9.0
36628,9.0
36629,9.0
36630,9.0
36631,9.0
36632,9.0
36633,9.0
36634,9.0
36635,9.0
36636,9.0
36637,9.0
36638,9.0
36639,9.0
36640,9.0
36641,9.0
36642,9.0
36643,9.0
36644,9.0
36645,9.0
36646,9.0
36647,9.0
36648,9.0
36649,9.0
36650,9.0
36651,9.0
36652,9.0
36653,9.0
36654,9.0
36655,9.0
36656,9.0
36657,9.0
36658,9.0
36659,9.0
36660,9.0
36661,9.0
36662,9.0
36663,9.0
36664,9.0
36665,9.0
36666,9.0
36667,9.0
36668,9.0
36669,9.0
36670,9.0
36671,9.0
36672,9.0
36673,9.0
36674,9.0
36675,9.0
36676,9.0
36677,9.0
36678,9.0
36679,9.0
36680,9.0
36681,9.0
36682,9.0
36683,9.0
36684,9.0
36685,9.0
36686,9.0
36687,9.0
36688,9.0
36689,9.0
36690,9.0
36691,9.0
36692,9.0
36693,9.0
36694,9.0
36695,9.0
36696,9.0
36697,9.0
36698,9.0
36699,9.0
36700,9.0
36701,9.0
36702,9.0
36703,9.0
36704,9.0
36705,9.0
36706,9.0
36707,9.0
36708,9.0
36709,9.0
36710,9.0
36711,9.0
36712,9.0
36713,9.0
36714,9.0
36715,9.0
36716,9.0
36717,9.0
36718,9.0
36719,9.0
36720,9.0
36721,9.0
36722,9.0
36723,9.0
36724,9.0
36725,9.0
36726,9.0
36727,9.0
36728,9.0
36729,9.0
36730,9.0
36731,9.0
36732,9.0
36733,9.0
36734,9.0
36735,9.0
36736,9.0
36737,9.0
36738,8.0
36739,8.0
36740,8.0
36741,8.0
36742,8.0
36743,8.0
36744,8.0
36745,8.0
36746,8.0
36747,8.0
36748,8.0
36749,8.0
36750,8.0
36751,8.0
36752,8.0
36753,8.0
36754,8.0
36755,8.0
36756,8.0
36757,8.0
36758,8.0
36759,8.0
36760,8.0
36761,8.0
36762,8.0
36763,8.0
36764,8.0
36765,8.0
36766,8.0
36767,8.0
36768,8.0
36769,8.0
36770,8.0
36771,8.0
36772,8.0
36773,8.0
36774,8.0
36775,8.0
36776,8.0
36777,8.0
36778,8.0
36779,8.0
36780,8.0
36781,8.0
36782,8.0
36783,8.0
36784,8.0
36785,8.0
36786,8.0
36787,8.0
36788,8.0
36789,8.0
36790,8.0
36791,8.0
36792,8.0
36793,8.0
36794,8.0
36795,8.0
36796,8.0
36797,8.0
36798,8.0
36799,8.0
36800,8.0
36801,8.0
36802,8.0
36803,8.0
36804,8.0
36805,8.0
36806,8.0
36807,8.0
36808,8.0
36809,8.0
36810,8.0
36811,8.0
36812,8.0
36813,8.0
36814,8.0
36815,8.0
36816,8.0
36817,8.0
36818,8.0
36819,8.0
36820,8.0
36821,8.0
36822,8.0
36823,8.0
36824,8.0
36825,8.0
36826,8.0
36827,8.0
36828,8.0
36829,8.0
36830,8.0
36831,8.0
36832,8.0
36833,8.0
36834,8.0
36835,8.0
36836,8.0
36837,8.0
36838,8.0
36839,8.0
36840,8.0
36841,8.0
36842,8.0
36843,8.0
36844,8.0
36845,8.0
36846,8.0
36847,8.0
36848,8.0
36849,8.0
36850,8.0
36851,8.0
36852,8.0
36853,8.0
36854,8.0
36855,8.0
36856,8.0
36857,8.0
36858,8.0
36859,8.0
36860,8.0
36861,8.0
36862,8.0
36863,8.0
36864,8.0
36865,8.0
36866,8.0
36867,8.0
36868,8.0
36869,8.0
36870,8.0
36871,8.0
36872,8.0
36873,8.0
36874,8.0
36875,8.0
36876,8.0
36877,8.0
36878,8.0
36879,8.0
36880,8.0
36881,8.0
36882,8.0
36883,8.0
36884,9.0
36885,9.0
36886,9.0
36887,9.0
36888,9.0
36889,9.0
36890,9.0
36891,9.0
36892,9.0
36893,9.0
36894,9.0
36895,9.0
36896,9.0
36897,9.0
36898,9.0
36899,9.0
36900,9.0
36901,9.0
36902,9.0
36903,9.0
36904,9.0
36905,9.0
36906,9.0
36907,9.0
36908,9.0
36909,9.0
36910,9.0
36911,9.0
36912,9.0
36913,9.0
36914,9.0
36915,9.0
36916,9.0
36917,9.0
36918,9.0
36919,9.0
36920,9.0
36921,9.0
36922,9.0
36923,9.0
36924,9.0
36925,9.0
36926,9.0
36927,9.0
36928,9.0
36929,9.0
36930,9.0
36931,9.0
36932,9.0
36933,9.0
36934,9.0
36935,9.0
36936,9.0
36937,9.0
36938,9.0
36939,9.0
36940,9.0
36941,9.0
36942,9.0
36943,9.0
36944,9.0
36945,9.0
36946,9.0
36947,9.0
36948,9.0
36949,9.0
36950,9.0
36951,9.0
36952,9.0
36953,9.0
36954,9.0
36955,9.0
36956,9.0
36957,9.0
36958,9.0
36959,9.0
36960,9.0
36961,9.0
36962,9.0
36963,9.0
36964,9.0
36965,9.0
36966,9.0
36967,9.0
36968,9.0
36969,9.0
36970,9.0
36971,9.0
36972,9.0
36973,9.0
36974,9.0
36975,9.0
36976,9.0
36977,9.0
36978,9.0
36979,9.0
36980,9.0
36981,9.0
36982,9.0
36983,9.0
36984,9.0
36985,9.0
36986,9.0
36987,9.0
36988,9.0
36989,9.0
36990,9.0
36991,9.0
36992,9.0
36993,9.0
36994,9.0
36995,9.0
36996,9.0
36997,9.0
36998,9.0
36999,9.0
37000,9.0
37001,9.0
37002,9.0
37003,9.0
37004,9.0
37005,9.0
37006,9.0
37007,9.0
37008,9.0
37009,9.0
37010,9.0
37011,9.0
37012,9.0
37013,9.0
37014,9.0
37015,9.0
37016,9.0
37017,9.0
37018,9.0
37019,9.0
37020,9.0
37021,9.0
37022,9.0
37023,9.0
37024,9.0
37025,9.0
37026,9.0
37027,9.0
37028,9.0
37029,9.0
37030,9.0
37031,9.0
37032,9.0
37033,9.0
37034,9.0
37035,9.0
37036,9.0
37037,9.0
37038,9.0
37039,9.0
37040,9.0
37041,9.0
37042,9.0
37043,9.0
37044,9.0
37045,9.0
37046,9.0
37047,9.0
37048,9.0
37049,9.0
37050,9.0
37051,9.0
37052,9.0
37053,9.0
37054,9.0
37055,9.0
37056,9.0
37057,9.0
37058,9.0
37059,9.0
37060,9.0
37061,9.0
37062,9.0
37063,9.0
37064,9.0
37065,9.0
37066,9.0
37067,9.0
37068,9.0
37069,9.0
37070,9.0
37071,9.0
37072,9.0
37073,9.0
37074,9.0
37075,9.0
37076,9.0
37077,9.0
37078,9.0
37079,9.0
37080,9.0
37081,9.0
37082,9.0
37083,9.0
37084,9.0
37085,9.0
37086,9.0
37087,9.0
37088,9.0
37089,9.0
37090,9.0
37091,9.0
37092,10.0
37093,10.0
37094,10.0
37095,10.0
37096,10.0
37097,10.0
37098,10.0
37099,10.0
37100,10.0
37101,10.0
37102,10.0
37103,10.0
37104,10.0
37105,10.0
37106,10.0
37107,10.0
37108,10.0
37109,10.0
37110,10.0
37111,10.0
37112,10.0
37113,10.0
37114,10.0
37115,10.0
37116,10.0
37117,10.0
37118,10.0
37119,10.0
37120,10.0
37121,10.0
37122,10.0
37123,10.0
37124,10.0
37125,10.0
37126,10.0
37127,10.0
37128,10.0
37129,11.0
37130,11.0
37131,11.0
37132,11.0
37133,11.0
37134,11.0
37135,11.0
37136,11.0
37137,11.0
37138,11.0
37139,11.0
37140,11.0
37141,11.0
37142,11.0
37143,11.0
37144,11.0
37145,11.0
37146,11.0
37147,10.0
37148,10.0
37149,10.0
37150,10.0
37151,10.0
37152,10.0
37153,10.0
37154,10.0
37155,10.0
37156,10.0
37157,10.0
37158,10.0
37159,10.0
37160,10.0
37161,10.0
37162,10.0
37163,10.0
37164,10.0
37165,10.0
37166,10.0
37167,10.0
37168,10.0
37169,10.0
37170,10.0
37171,10.0
37172,10.0
37173,10.0
37174,10.0
37175,10.0
37176,10.0
37177,10.0
37178,10.0
37179,10.0
37180,10.0
37181,10.0
37182,10.0
37183,10.0
37184,10.0
37185,10.0
37186,10.0
37187,10.0
37188,10.0
37189,10.0
37190,10.0
37191,10.0
37192,10.0
37193,10.0
37194,10.0
37195,10.0
37196,10.0
37197,10.0
37198,10.0
37199,10.0
37200,10.0
37201,10.0
37202,10.0
37203,10.0
37204,10.0
37205,10.0
37206,10.0
37207,10.0
37208,10.0
37209,10.0
37210,10.0
37211,10.0
37212,10.0
37213,10.0
37214,10.0
37215,10.0
37216,10.0
37217,10.0
37218,10.0
37219,10.0
37220,10.0
37221,10.0
37222,10.0
37223,10.0
37224,10.0
37225,10.0
37226,10.0
37227,10.0
37228,10.0
37229,10.0
37230,10.0
37231,10.0
37232,10.0
37233,10.0
37234,10.0
37235,10.0
37236,10.0
37237,10.0
37238,10.0
37239,10.0
37240,10.0
37241,10.0
37242,10.0
37243,10.0
37244,10.0
37245,10.0
37246,10.0
37247,10.0
37248,10.0
37249,10.0
37250,10.0
37251,10.0
37252,10.0
37253,10.0
37254,10.0
37255,10.0
37256,10.0
37257,10.0
37258,10.0
37259,10.0
37260,10.0
37261,10.0
37262,10.0
37263,10.0
37264,10.0
37265,10.0
37266,10.0
37267,10.0
37268,10.0
37269,10.0
37270,10.0
37271,10.0
37272,10.0
37273,10.0
37274,10.0
37275,10.0
37276,10.0
37277,10.0
37278,10.0
37279,10.0
37280,10.0
37281,10.0
37282,10.0
37283,10.0
37284,10.0
37285,10.0
37286,10.0
37287,10.0
37288,10.0
37289,10.0
37290,10.0
37291,10.0
37292,10.0
37293,10.0
37294,10.0
37295,10.0
37296,10.0
37297,10.0
37298,10.0
37299,10.0
37300,10.0
37301,10.0
37302,10.0
37303,10.0
37304,10.0
37305,10.0
37306,10.0
37307,10.0
37308,10.0
37309,10.0
37310,10.0
37311,10.0
37312,10.0
37313,10.0
37314,10.0
37315,10.0
37316,10.0
37317,10.0
37318,10.0
37319,10.0
37320,10.0
37321,10.0
37322,10.0
37323,10.0
37324,10.0
37325,10.0
37326,10.0
37327,10.0
37328,10.0
37329,10.0
37330,10.0
37331,10.0
37332,10.0
37333,10.0
37334,10.0
37335,10.0
37336,10.0
37337,10.0
37338,10.0
37339,10.0
37340,10.0
37341,10.0
37342,10.0
37343,10.0
37344,10.0
37345,10.0
37346,10.0
37347,10.0
37348,10.0
37349,10.0
37350,10.0
37351,10.0
37352,10.0
37353,10.0
37354,10.0
37355,10.0
37356,10.0
37357,10.0
37358,10.0
37359,10.0
37360,10.0
37361,10.0
37362,10.0
37363,10.0
37364,10.0
37365,11.0
37366,11.0
37367,11.0
37368,11.0
37369,11.0
37370,11.0
37371,11.0
37372,11.0
37373,11.0
37374,11.0
37375,11.0
37376,11.0
37377,11.0
37378,11.0
37379,11.0
37380,11.0
37381,11.0
37382,11.0
37383,11.0
37384,11.0
37385,11.0
37386,11.0
37387,11.0
37388,11.0
37389,11.0
37390,11.0
37391,11.0
37392,11.0
37393,11.0
37394,11.0
37395,11.0
37396,11.0
37397,11.0
37398,11.0
37399,11.0
37400,11.0
37401,11.0
37402,11.0
37403,11.0
37404,11.0
37405,11.0
37406,11.0
37407,11.0
37408,11.0
37409,11.0
37410,11.0
37411,11.0
37412,11.0
37413,11.0
37414,11.0
37415,11.0
37416,11.0
37417,11.0
37418,11.0
37419,11.0
37420,11.0
37421,11.0
37422,11.0
37423,11.0
37424,11.0
37425,11.0
37426,11.0
37427,11.0
37428,11.0
37429,11.0
37430,11.0
37431,11.0
37432,11.0
37433,11.0
37434,11.0
37435,11.0
37436,11.0
37437,11.0
37438,11.0
37439,11.0
37440,11.0
37441,11.0
37442,11.0
37443,11.0
37444,11.0
37445,11.0
37446,11.0
37447,11.0
37448,11.0
37449,11.0
37450,11.0
37451,11.0
37452,11.0
37453,11.0
37454,11.0
37455,11.0
37456,11.0
37457,11.0
37458,11.0
37459,11.0
37460,11.0
37461,11.0
37462,11.0
37463,11.0
37464,11.0
37465,12.0
37466,12.0
37467,12.0
37468,12.0
37469,12.0
37470,12.0
37471,12.0
37472,12.0
37473,12.0
37474,12.0
37475,12.0
37476,12.0
37477,12.0
37478,12.0
37479,12.0
37480,12.0
37481,12.0
37482,12.0
37483,12.0
37484,12.0
37485,12.0
37486,12.0
37487,12.0
37488,12.0
37489,12.0
37490,12.0
37491,12.0
37492,12.0
37493,12.0
37494,12.0
37495,12.0
37496,12.0
37497,12.0
37498,12.0
37499,12.0
37500,12.0
37501,12.0
37502,12.0
37503,12.0
37504,11.0
37505,11.0
37506,11.0
37507,11.0
37508,11.0
37509,11.0
37510,11.0
37511,11.0
37512,11.0
37513,11.0
37514,11.0
37515,11.0
37516,11.0
37517,11.0
37518,11.0
37519,11.0
37520,11.0
37521,11.0
37522,10.0
37523,10.0
37524,10.0
37525,9.0
37526,9.0
37527,9.0
37528,9.0
37529,9.0
37530,9.0
37531,9.0
37532,9.0
37533,9.0
37534,9.0
37535,9.0
37536,9.0
37537,9.0
37538,9.0
37539,9.0
37540,9.0
37541,9.0
37542,9.0
37543,9.0
37544,9.0
37545,9.0
37546,9.0
37547,9.0
37548,9.0
37549,9.0
37550,9.0
37551,9.0
37552,9.0
37553,9.0
37554,9.0
37555,9.0
37556,9.0
37557,9.0
37558,9.0
37559,9.0
37560,9.0
37561,9.0
37562,9.0
37563,9.0
37564,9.0
37565,9.0
37566,9.0
37567,9.0
37568,9.0
37569,9.0
37570,9.0
37571,9.0
37572,9.0
37573,9.0
37574,9.0
37575,9.0
37576,9.0
37577,9.0
37578,9.0
37579,9.0
37580,9.0
37581,9.0
37582,9.0
37583,9.0
37584,9.0
37585,9.0
37586,9.0
37587,9.0
37588,9.0
37589,9.0
37590,9.0
37591,9.0
37592,9.0
37593,9.0
37594,9.0
37595,9.0
37596,9.0
37597,9.0
37598,9.0
37599,10.0
37600,10.0
37601,10.0
37602,10.0
37603,10.0
37604,10.0
37605,10.0
37606,10.0
37607,10.0
37608,10.0
37609,10.0
37610,10.0
37611,10.0
37612,10.0
37613,10.0
37614,10.0
37615,10.0
37616,10.0
37617,10.0
37618,10.0
37619,10.0
37620,10.0
37621,10.0
37622,10.0
37623,10.0
37624,10.0
37625,10.0
37626,10.0
37627,10.0
37628,10.0
37629,10.0
37630,10.0
37631,10.0
37632,10.0
37633,10.0
37634,10.0
37635,10.0
37636,10.0
37637,10.0
37638,10.0
37639,10.0
37640,10.0
37641,10.0
37642,10.0
37643,10.0
37644,10.0
37645,10.0
37646,10.0
37647,10.0
37648,10.0
37649,10.0
37650,10.0
37651,10.0
37652,10.0
37653,10.0
37654,10.0
37655,10.0
37656,10.0
37657,10.0
37658,10.0
37659,10.0
37660,10.0
37661,10.0
37662,10.0
37663,10.0
37664,10.0
37665,10.0
37666,10.0
37667,10.0
37668,10.0
37669,10.0
37670,10.0
37671,10.0
37672,10.0
37673,10.0
37674,10.0
37675,10.0
37676,10.0
37677,10.0
37678,10.0
37679,10.0
37680,10.0
37681,10.0
37682,10.0
37683,10.0
37684,10.0
37685,10.0
37686,10.0
37687,10.0
37688,10.0
37689,10.0
37690,10.0
37691,10.0
37692,10.0
37693,10.0
37694,10.0
37695,10.0
37696,10.0
37697,10.0
37698,10.0
37699,10.0
37700,10.0
37701,10.0
37702,10.0
37703,10.0
37704,10.0
37705,10.0
37706,10.0
37707,10.0
37708,10.0
37709,10.0
37710,10.0
37711,10.0
37712,10.0
37713,10.0
37714,10.0
37715,9.0
37716,9.0
37717,9.0
37718,9.0
37719,9.0
37720,9.0
37721,9.0
37722,9.0
37723,9.0
37724,9.0
37725,9.0
37726,9.0
37727,9.0
37728,9.0
37729,9.0
37730,9.0
37731,9.0
37732,9.0
37733,9.0
37734,9.0
37735,9.0
37736,9.0
37737,9.0
37738,9.0
37739,9.0
37740,9.0
37741,9.0
37742,9.0
37743,9.0
37744,9.0
37745,9.0
37746,9.0
37747,9.0
37748,9.0
37749,9.0
37750,9.0
37751,9.0
37752,9.0
37753,9.0
37754,9.0
37755,9.0
37756,9.0
37757,9.0
37758,9.0
37759,9.0
37760,9.0
37761,9.0
37762,9.0
37763,9.0
37764,9.0
37765,9.0
37766,9.0
37767,9.0
37768,9.0
37769,9.0
37770,9.0
37771,9.0
37772,9.0
37773,9.0
37774,9.0
37775,9.0
37776,9.0
37777,9.0
37778,9.0
37779,9.0
37780,9.0
37781,9.0
37782,9.0
37783,9.0
37784,9.0
37785,9.0
37786,9.0
37787,9.0
37788,9.0
37789,9.0
37790,9.0
37791,9.0
37792,9.0
37793,9.0
37794,9.0
37795,9.0
37796,9.0
37797,9.0
37798,9.0
37799,9.0
37800,9.0
37801,9.0
37802,9.0
37803,9.0
37804,9.0
37805,9.0
37806,9.0
37807,9.0
37808,9.0
37809,9.0
37810,9.0
37811,9.0
37812,9.0
37813,9.0
37814,9.0
37815,9.0
37816,9.0
37817,9.0
37818,9.0
37819,9.0
37820,9.0
37821,9.0
37822,9.0
37823,9.0
37824,9.0
37825,9.0
37826,9.0
37827,9.0
37828,9.0
37829,9.0
37830,9.0
37831,9.0
37832,9.0
37833,9.0
37834,9.0
37835,9.0
37836,9.0
37837,9.0
37838,9.0
37839,9.0
37840,9.0
37841,9.0
37842,9.0
37843,9.0
37844,9.0
37845,9.0
37846,9.0
37847,9.0
37848,9.0
37849,9.0
37850,9.0
37851,9.0
37852,9.0
37853,9.0
37854,9.0
37855,9.0
37856,9.0
37857,9.0
37858,9.0
37859,9.0
37860,9.0
37861,9.0
37862,10.0
37863,10.0
37864,10.0
37865,10.0
37866,10.0
37867,10.0
37868,10.0
37869,10.0
37870,10.0
37871,10.0
37872,10.0
37873,10.0
37874,10.0
37875,10.0
37876,10.0
37877,10.0
37878,10.0
37879,10.0
37880,10.0
37881,10.0
37882,10.0
37883,10.0
37884,10.0
37885,10.0
37886,10.0
37887,10.0
37888,10.0
37889,10.0
37890,10.0
37891,10.0
37892,10.0
37893,10.0
37894,10.0
37895,10.0
37896,10.0
37897,10.0
37898,10.0
37899,10.0
37900,10.0
37901,10.0
37902,10.0
37903,10.0
37904,10.0
37905,10.0
37906,10.0
37907,10.0
37908,10.0
37909,10.0
37910,10.0
37911,10.0
37912,10.0
37913,10.0
37914,10.0
37915,10.0
37916,10.0
37917,10.0
37918,10.0
37919,10.0
37920,10.0
37921,10.0
37922,10.0
37923,10.0
37924,10.0
37925,10.0
37926,10.0
37927,10.0
37928,10.0
37929,10.0
37930,10.0
37931,10.0
37932,10.0
37933,10.0
37934,10.0
37935,10.0
37936,10.0
37937,10.0
37938,10.0
37939,10.0
37940,10.0
37941,10.0
37942,10.0
37943,10.0
37944,10.0
37945,10.0
37946,10.0
37947,10.0
37948,10.0
37949,10.0
37950,10.0
37951,10.0
37952,10.0
37953,10.0
37954,10.0
37955,10.0
37956,10.0
37957,10.0
37958,10.0
37959,10.0
37960,10.0
37961,10.0
37962,10.0
37963,10.0
37964,10.0
37965,10.0
37966,10.0
37967,10.0
37968,10.0
37969,10.0
37970,10.0
37971,10.0
37972,10.0
37973,10.0
37974,10.0
37975,10.0
37976,10.0
37977,10.0
37978,10.0
37979,10.0
37980,10.0
37981,10.0
37982,10.0
37983,10.0
37984,10.0
37985,10.0
37986,10.0
37987,10.0
37988,10.0
37989,10.0
37990,10.0
37991,10.0
37992,10.0
37993,10.0
37994,10.0
37995,10.0
37996,10.0
37997,10.0
37998,10.0
37999,10.0
38000,10.0
38001,9.0
38002,9.0
38003,9.0
38004,9.0
38005,9.0
38006,9.0
38007,9.0
38008,9.0
38009,9.0
38010,9.0
38011,9.0
38012,9.0
38013,9.0
38014,9.0
38015,9.0
38016,9.0
38017,9.0
38018,9.0
38019,8.0
38020,8.0
38021,8.0
38022,8.0
38023,8.0
38024,8.0
38025,8.0
38026,8.0
38027,8.0
38028,8.0
38029,7.0
38030,7.0
38031,7.0
38032,7.0
38033,7.0
38034,7.0
38035,7.0
38036,7.0
38037,7.0
38038,7.0
38039,7.0
38040,7.0
38041,7.0
38042,7.0
38043,7.0
38044,7.0
38045,7.0
38046,7.0
38047,7.0
38048,7.0
38049,7.0
38050,7.0
38051,7.0
38052,7.0
38053,7.0
38054,7.0
38055,7.0
38056,7.0
38057,7.0
38058,7.0
38059,7.0
38060,7.0
38061,7.0
38062,7.0
38063,7.0
38064,7.0
38065,7.0
38066,7.0
38067,7.0
38068,7.0
38069,7.0
38070,7.0
38071,7.0
38072,7.0
38073,7.0
38074,7.0
38075,7.0
38076,7.0
38077,7.0
38078,7.0
38079,7.0
38080,7.0
38081,7.0
38082,7.0
38083,7.0
38084,7.0
38085,7.0
38086,7.0
38087,7.0
38088,7.0
38089,7.0
38090,7.0
38091,7.0
38092,7.0
38093,7.0
38094,7.0
38095,7.0
38096,7.0
38097,7.0
38098,7.0
38099,7.0
38100,7.0
38101,7.0
38102,7.0
38103,7.0
38104,7.0
38105,7.0
38106,7.0
38107,7.0
38108,7.0
38109,7.0
38110,7.0
38111,7.0
38112,7.0
38113,7.0
38114,7.0
38115,7.0
38116,7.0
38117,7.0
38118,7.0
38119,7.0
38120,7.0
38121,7.0
38122,7.0
38123,7.0
38124,7.0
38125,7.0
38126,7.0
38127,7.0
38128,7.0
38129,7.0
38130,7.0
38131,7.0
38132,7.0
38133,8.0
38134,8.0
38135,8.0
38136,8.0
38137,8.0
38138,8.0
38139,7.0
38140,7.0
38141,7.0
38142,7.0
38143,7.0
38144,7.0
38145,7.0
38146,7.0
38147,7.0
38148,7.0
38149,7.0
38150,7.0
38151,7.0
38152,7.0
38153,7.0
38154,7.0
38155,7.0
38156,7.0
38157,7.0
38158,7.0
38159,7.0
38160,7.0
38161,7.0
38162,7.0
38163,7.0
38164,7.0
38165,7.0
38166,7.0
38167,7.0
38168,7.0
38169,7.0
38170,7.0
38171,7.0
38172,7.0
38173,7.0
38174,7.0
38175,7.0
38176,7.0
38177,7.0
38178,7.0
38179,7.0
38180,7.0
38181,7.0
38182,7.0
38183,7.0
38184,7.0
38185,7.0
38186,7.0
38187,7.0
38188,7.0
38189,7.0
38190,7.0
38191,7.0
38192,7.0
38193,7.0
38194,7.0
38195,7.0
38196,7.0
38197,7.0
38198,7.0
38199,7.0
38200,7.0
38201,7.0
38202,7.0
38203,7.0
38204,7.0
38205,7.0
38206,7.0
38207,7.0
38208,7.0
38209,7.0
38210,7.0
38211,7.0
38212,7.0
38213,7.0
38214,7.0
38215,7.0
38216,7.0
38217,7.0
38218,7.0
38219,7.0
38220,7.0
38221,7.0
38222,7.0
38223,7.0
38224,7.0
38225,7.0
38226,7.0
38227,7.0
38228,7.0
38229,7.0
38230,7.0
38231,7.0
38232,7.0
38233,7.0
38234,7.0
38235,7.0
38236,7.0
38237,7.0
38238,7.0
38239,7.0
38240,7.0
38241,7.0
38242,7.0
38243,7.0
38244,7.0
38245,7.0
38246,7.0
38247,7.0
38248,7.0
38249,7.0
38250,7.0
38251,7.0
38252,7.0
38253,7.0
38254,7.0
38255,7.0
38256,7.0
38257,7.0
38258,7.0
38259,7.0
38260,7.0
38261,7.0
38262,7.0
38263,7.0
38264,7.0
38265,7.0
38266,7.0
38267,7.0
38268,7.0
38269,7.0
38270,7.0
38271,7.0
38272,7.0
38273,7.0
38274,7.0
38275,7.0
38276,7.0
38277,7.0
38278,7.0
38279,7.0
38280,7.0
38281,7.0
38282,7.0
38283,7.0
38284,7.0
38285,7.0
38286,7.0
38287,7.0
38288,7.0
38289,7.0
38290,7.0
38291,7.0
38292,7.0
38293,7.0
38294,7.0
38295,7.0
38296,7.0
38297,7.0
38298,7.0
38299,7.0
38300,7.0
38301,7.0
38302,7.0
38303,7.0
38304,7.0
38305,7.0
38306,7.0
38307,7.0
38308,7.0
38309,7.0
38310,7.0
38311,7.0
38312,7.0
38313,7.0
38314,7.0
38315,7.0
38316,7.0
38317,7.0
38318,7.0
38319,7.0
38320,7.0
38321,7.0
38322,7.0
38323,7.0
38324,7.0
38325,7.0
38326,7.0
38327,7.0
38328,7.0
38329,7.0
38330,7.0
38331,7.0
38332,7.0
38333,7.0
38334,7.0
38335,7.0
38336,7.0
38337,7.0
38338,7.0
38339,7.0
38340,7.0
38341,7.0
38342,7.0
38343,7.0
38344,7.0
38345,7.0
38346,7.0
38347,7.0
38348,7.0
38349,7.0
38350,7.0
38351,7.0
38352,7.0
38353,7.0
38354,7.0
38355,7.0
38356,7.0
38357,7.0
38358,7.0
38359,7.0
38360,7.0
38361,7.0
38362,7.0
38363,7.0
38364,7.0
38365,7.0
38366,7.0
38367,7.0
38368,7.0
38369,7.0
38370,7.0
38371,7.0
38372,7.0
38373,7.0
38374,7.0
38375,7.0
38376,7.0
38377,7.0
38378,7.0
38379,7.0
38380,7.0
38381,7.0
38382,7.0
38383,7.0
38384,7.0
38385,7.0
38386,7.0
38387,7.0
38388,7.0
38389,7.0
38390,7.0
38391,7.0
38392,7.0
38393,7.0
38394,7.0
38395,7.0
38396,7.0
38397,7.0
38398,7.0
38399,7.0
38400,7.0
38401,7.0
38402,7.0
38403,7.0
38404,7.0
38405,7.0
38406,7.0
38407,7.0
38408,7.0
38409,7.0
38410,7.0
38411,7.0
38412,7.0
38413,7.0
38414,7.0
38415,7.0
38416,7.0
38417,7.0
38418,7.0
38419,7.0
38420,7.0
38421,7.0
38422,7.0
38423,7.0
38424,7.0
38425,7.0
38426,7.0
38427,7.0
38428,7.0
38429,7.0
38430,7.0
38431,7.0
38432,7.0
38433,7.0
38434,7.0
38435,7.0
38436,7.0
38437,7.0
38438,7.0
38439,7.0
38440,7.0
38441,7.0
38442,7.0
38443,7.0
38444,7.0
38445,7.0
38446,7.0
38447,7.0
38448,7.0
38449,7.0
38450,7.0
38451,7.0
38452,7.0
38453,7.0
38454,7.0
38455,7.0
38456,7.0
38457,7.0
38458,7.0
38459,7.0
38460,7.0
38461,7.0
38462,7.0
38463,7.0
38464,7.0
38465,7.0
38466,7.0
38467,7.0
38468,7.0
38469,7.0
38470,7.0
38471,7.0
38472,7.0
38473,7.0
38474,7.0
38475,7.0
38476,7.0
38477,7.0
38478,7.0
38479,7.0
38480,7.0
38481,7.0
38482,7.0
38483,7.0
38484,7.0
38485,7.0
38486,7.0
38487,7.0
38488,7.0
38489,7.0
38490,7.0
38491,7.0
38492,7.0
38493,7.0
38494,7.0
38495,7.0
38496,7.0
38497,7.0
38498,7.0
38499,7.0
38500,7.0
38501,7.0
38502,7.0
38503,7.0
38504,7.0
38505,7.0
38506,7.0
38507,7.0
38508,7.0
38509,7.0
38510,7.0
38511,7.0
38512,7.0
38513,7.0
38514,7.0
38515,7.0
38516,7.0
38517,7.0
38518,7.0
38519,7.0
38520,7.0
38521,7.0
38522,7.0
38523,7.0
38524,7.0
38525,7.0
38526,7.0
38527,7.0
38528,7.0
38529,7.0
38530,7.0
38531,7.0
38532,7.0
38533,7.0
38534,7.0
38535,7.0
38536,7.0
38537,7.0
38538,7.0
38539,7.0
38540,7.0
38541,7.0
38542,7.0
38543,7.0
38544,7.0
38545,7.0
38546,7.0
38547,7.0
38548,7.0
38549,7.0
38550,7.0
38551,7.0
38552,7.0
38553,7.0
38554,7.0
38555,7.0
38556,7.0
38557,7.0
38558,7.0
38559,7.0
38560,7.0
38561,7.0
38562,7.0
38563,7.0
38564,7.0
38565,7.0
38566,7.0
38567,7.0
38568,7.0
38569,7.0
38570,7.0
38571,7.0
38572,7.0
38573,7.0
38574,7.0
38575,7.0
38576,7.0
38577,7.0
38578,7.0
38579,7.0
38580,7.0
38581,7.0
38582,7.0
38583,7.0
38584,7.0
38585,7.0
38586,7.0
38587,7.0
38588,7.0
38589,7.0
38590,7.0
38591,7.0
38592,7.0
38593,7.0
38594,7.0
38595,7.0
38596,7.0
38597,7.0
38598,7.0
38599,7.0
38600,7.0
38601,7.0
38602,7.0
38603,7.0
38604,7.0
38605,7.0
38606,7.0
38607,7.0
38608,7.0
38609,7.0
38610,7.0
38611,7.0
38612,7.0
38613,7.0
38614,7.0
38615,7.0
38616,7.0
38617,7.0
38618,7.0
38619,7.0
38620,7.0
38621,7.0
38622,7.0
38623,7.0
38624,7.0
38625,7.0
38626,7.0
38627,7.0
38628,7.0
38629,7.0
38630,7.0
38631,7.0
38632,7.0
38633,7.0
38634,7.0
38635,7.0
38636,7.0
38637,7.0
38638,7.0
38639,7.0
38640,7.0
38641,7.0
38642,7.0
38643,7.0
38644,7.0
38645,7.0
38646,7.0
38647,7.0
38648,7.0
38649,7.0
38650,7.0
38651,7.0
38652,7.0
38653,7.0
38654,7.0
38655,7.0
38656,7.0
38657,7.0
38658,7.0
38659,7.0
38660,7.0
38661,7.0
38662,7.0
38663,7.0
38664,7.0
38665,7.0
38666,7.0
38667,7.0
38668,7.0
38669,7.0
38670,7.0
38671,7.0
38672,7.0
38673,7.0
38674,7.0
38675,7.0
38676,7.0
38677,7.0
38678,7.0
38679,7.0
38680,7.0
38681,7.0
38682,7.0
38683,7.0
38684,7.0
38685,7.0
38686,7.0
38687,7.0
38688,7.0
38689,7.0
38690,7.0
38691,7.0
38692,7.0
38693,7.0
38694,7.0
38695,7.0
38696,7.0
38697,7.0
38698,7.0
38699,7.0
38700,7.0
38701,7.0
38702,7.0
38703,7.0
38704,7.0
38705,7.0
38706,7.0
38707,7.0
38708,7.0
38709,7.0
38710,7.0
38711,7.0
38712,7.0
38713,7.0
38714,7.0
38715,7.0
38716,7.0
38717,7.0
38718,7.0
38719,7.0
38720,7.0
38721,7.0
38722,7.0
38723,7.0
38724,7.0
38725,7.0
38726,7.0
38727,7.0
38728,7.0
38729,7.0
38730,7.0
38731,7.0
38732,7.0
38733,7.0
38734,7.0
38735,7.0
38736,7.0
38737,7.0
38738,7.0
38739,7.0
38740,7.0
38741,7.0
38742,7.0
38743,7.0
38744,7.0
38745,7.0
38746,7.0
38747,7.0
38748,7.0
38749,7.0
38750,7.0
38751,7.0
38752,7.0
38753,7.0
38754,7.0
38755,7.0
38756,7.0
38757,7.0
38758,7.0
38759,7.0
38760,7.0
38761,7.0
38762,7.0
38763,7.0
38764,7.0
38765,7.0
38766,7.0
38767,7.0
38768,7.0
38769,7.0
38770,7.0
38771,7.0
38772,7.0
38773,7.0
38774,7.0
38775,7.0
38776,7.0
38777,7.0
38778,7.0
38779,7.0
38780,7.0
38781,7.0
38782,7.0
38783,7.0
38784,7.0
38785,7.0
38786,7.0
38787,7.0
38788,7.0
38789,7.0
38790,7.0
38791,7.0
38792,7.0
38793,7.0
38794,7.0
38795,7.0
38796,7.0
38797,7.0
38798,7.0
38799,7.0
38800,7.0
38801,7.0
38802,7.0
38803,7.0
38804,7.0
38805,7.0
38806,7.0
38807,7.0
38808,7.0
38809,7.0
38810,7.0
38811,7.0
38812,7.0
38813,7.0
38814,7.0
38815,7.0
38816,7.0
38817,7.0
38818,7.0
38819,7.0
38820,7.0
38821,7.0
38822,7.0
38823,7.0
38824,7.0
38825,7.0
38826,7.0
38827,7.0
38828,7.0
38829,7.0
38830,7.0
38831,7.0
38832,7.0
38833,7.0
38834,7.0
38835,7.0
38836,7.0
38837,7.0
38838,7.0
38839,7.0
38840,7.0
38841,7.0
38842,7.0
38843,7.0
38844,7.0
38845,7.0
38846,7.0
38847,7.0
38848,7.0
38849,7.0
38850,7.0
38851,7.0
38852,7.0
38853,7.0
38854,7.0
38855,7.0
38856,7.0
38857,7.0
38858,7.0
38859,7.0
38860,7.0
38861,7.0
38862,7.0
38863,7.0
38864,7.0
38865,7.0
38866,7.0
38867,7.0
38868,7.0
38869,7.0
38870,7.0
38871,7.0
38872,7.0
38873,7.0
38874,7.0
38875,7.0
38876,7.0
38877,7.0
38878,7.0
38879,7.0
38880,7.0
38881,7.0
38882,7.0
38883,7.0
38884,7.0
38885,7.0
38886,7.0
38887,7.0
38888,7.0
38889,7.0
38890,7.0
38891,7.0
38892,7.0
38893,7.0
38894,7.0
38895,7.0
38896,7.0
38897,7.0
38898,7.0
38899,7.0
38900,7.0
38901,7.0
38902,7.0
38903,7.0
38904,7.0
38905,7.0
38906,7.0
38907,7.0
38908,7.0
38909,7.0
38910,7.0
38911,7.0
38912,7.0
38913,7.0
38914,7.0
38915,7.0
38916,7.0
38917,7.0
38918,7.0
38919,8.0
38920,8.0
38921,8.0
38922,8.0
38923,8.0
38924,8.0
38925,8.0
38926,7.0
38927,7.0
38928,7.0
38929,7.0
38930,7.0
38931,7.0
38932,7.0
38933,7.0
38934,7.0
38935,7.0
38936,7.0
38937,7.0
38938,7.0
38939,7.0
38940,7.0
38941,7.0
38942,7.0
38943,7.0
38944,7.0
38945,7.0
38946,7.0
38947,7.0
38948,7.0
38949,7.0
38950,7.0
38951,7.0
38952,7.0
38953,8.0
38954,8.0
38955,8.0
38956,8.0
38957,8.0
38958,8.0
38959,8.0
38960,8.0
38961,8.0
38962,8.0
38963,8.0
38964,8.0
38965,8.0
38966,8.0
38967,8.0
38968,8.0
38969,8.0
38970,8.0
38971,8.0
38972,8.0
38973,8.0
38974,8.0
38975,8.0
38976,8.0
38977,8.0
38978,8.0
38979,8.0
38980,8.0
38981,8.0
38982,8.0
38983,8.0
38984,8.0
38985,8.0
38986,8.0
38987,8.0
38988,8.0
38989,8.0
38990,8.0
38991,8.0
38992,8.0
38993,8.0
38994,8.0
38995,8.0
38996,8.0
38997,8.0
38998,8.0
38999,8.0
39000,8.0
39001,8.0
39002,8.0
39003,8.0
39004,8.0
39005,8.0
39006,8.0
39007,8.0
39008,8.0
39009,8.0
39010,8.0
39011,8.0
39012,8.0
39013,8.0
39014,8.0
39015,8.0
39016,8.0
39017,8.0
39018,8.0
39019,8.0
39020,8.0
39021,8.0
39022,8.0
39023,8.0
39024,8.0
39025,8.0
39026,8.0
39027,8.0
39028,8.0
39029,8.0
39030,8.0
39031,8.0
39032,8.0
39033,8.0
39034,8.0
39035,8.0
39036,8.0
39037,8.0
39038,9.0
39039,9.0
39040,9.0
39041,9.0
39042,9.0
39043,9.0
39044,9.0
39045,9.0
39046,9.0
39047,9.0
39048,9.0
39049,9.0
39050,9.0
39051,9.0
39052,9.0
39053,9.0
39054,9.0
39055,9.0
39056,7.0
39057,7.0
39058,7.0
39059,7.0
39060,7.0
39061,7.0
39062,7.0
39063,7.0
39064,7.0
39065,7.0
39066,7.0
39067,7.0
39068,7.0
39069,7.0
39070,7.0
39071,7.0
39072,7.0
39073,7.0
39074,7.0
39075,7.0
39076,7.0
39077,7.0
39078,7.0
39079,7.0
39080,7.0
39081,7.0
39082,7.0
39083,7.0
39084,7.0
39085,7.0
39086,7.0
39087,7.0
39088,7.0
39089,7.0
39090,7.0
39091,7.0
39092,7.0
39093,7.0
39094,7.0
39095,7.0
39096,7.0
39097,7.0
39098,7.0
39099,7.0
39100,7.0
39101,7.0
39102,7.0
39103,7.0
39104,7.0
39105,7.0
39106,7.0
39107,7.0
39108,7.0
39109,7.0
39110,7.0
39111,7.0
39112,7.0
39113,7.0
39114,7.0
39115,7.0
39116,7.0
39117,7.0
39118,7.0
39119,7.0
39120,7.0
39121,8.0
39122,8.0
39123,8.0
39124,8.0
39125,8.0
39126,8.0
39127,8.0
39128,8.0
39129,8.0
39130,8.0
39131,8.0
39132,8.0
39133,8.0
39134,8.0
39135,8.0
39136,8.0
39137,8.0
39138,8.0
39139,8.0
39140,8.0
39141,8.0
39142,8.0
39143,8.0
39144,8.0
39145,8.0
39146,8.0
39147,8.0
39148,8.0
39149,8.0
39150,8.0
39151,8.0
39152,8.0
39153,8.0
39154,8.0
39155,8.0
39156,8.0
39157,8.0
39158,8.0
39159,8.0
39160,8.0
39161,8.0
39162,8.0
39163,8.0
39164,8.0
39165,8.0
39166,8.0
39167,8.0
39168,8.0
39169,8.0
39170,8.0
39171,8.0
39172,8.0
39173,8.0
39174,8.0
39175,8.0
39176,8.0
39177,8.0
39178,8.0
39179,8.0
39180,8.0
39181,8.0
39182,8.0
39183,8.0
39184,8.0
39185,8.0
39186,8.0
39187,8.0
39188,8.0
39189,8.0
39190,8.0
39191,8.0
39192,8.0
39193,8.0
39194,8.0
39195,8.0
39196,8.0
39197,8.0
39198,8.0
39199,8.0
39200,8.0
39201,8.0
39202,8.0
39203,8.0
39204,8.0
39205,8.0
39206,8.0
39207,8.0
39208,8.0
39209,8.0
39210,8.0
39211,8.0
39212,8.0
39213,8.0
39214,8.0
39215,8.0
39216,8.0
39217,8.0
39218,8.0
39219,8.0
39220,8.0
39221,8.0
39222,8.0
39223,8.0
39224,8.0
39225,8.0
39226,8.0
39227,8.0
39228,8.0
39229,8.0
39230,8.0
39231,8.0
39232,8.0
39233,8.0
39234,8.0
39235,8.0
39236,8.0
39237,8.0
39238,8.0
39239,8.0
39240,8.0
39241,8.0
39242,8.0
39243,8.0
39244,8.0
39245,8.0
39246,9.0
39247,9.0
39248,9.0
39249,9.0
39250,9.0
39251,9.0
39252,9.0
39253,9.0
39254,9.0
39255,9.0
39256,9.0
39257,9.0
39258,10.0
39259,10.0
39260,10.0
39261,10.0
39262,10.0
39263,10.0
39264,10.0
39265,10.0
39266,10.0
39267,10.0
39268,10.0
39269,10.0
39270,10.0
39271,10.0
39272,10.0
39273,10.0
39274,10.0
39275,10.0
39276,10.0
39277,10.0
39278,10.0
39279,10.0
39280,10.0
39281,10.0
39282,9.0
39283,9.0
39284,9.0
39285,9.0
39286,9.0
39287,9.0
39288,9.0
39289,9.0
39290,9.0
39291,9.0
39292,9.0
39293,9.0
39294,9.0
39295,9.0
39296,9.0
39297,9.0
39298,9.0
39299,9.0
39300,9.0
39301,9.0
39302,9.0
39303,9.0
39304,9.0
39305,9.0
39306,9.0
39307,9.0
39308,9.0
39309,9.0
39310,9.0
39311,9.0
39312,9.0
39313,9.0
39314,9.0
39315,9.0
39316,9.0
39317,9.0
39318,9.0
39319,9.0
39320,9.0
39321,9.0
39322,9.0
39323,9.0
39324,9.0
39325,9.0
39326,9.0
39327,9.0
39328,9.0
39329,9.0
39330,9.0
39331,9.0
39332,9.0
39333,9.0
39334,9.0
39335,9.0
39336,9.0
39337,9.0
39338,9.0
39339,9.0
39340,9.0
39341,9.0
39342,9.0
39343,8.0
39344,8.0
39345,8.0
39346,8.0
39347,8.0
39348,8.0
39349,8.0
39350,8.0
39351,8.0
39352,8.0
39353,8.0
39354,8.0
39355,8.0
39356,8.0
39357,8.0
39358,8.0
39359,8.0
39360,8.0
39361,8.0
39362,8.0
39363,8.0
39364,8.0
39365,8.0
39366,8.0
39367,8.0
39368,8.0
39369,8.0
39370,8.0
39371,8.0
39372,8.0
39373,8.0
39374,8.0
39375,8.0
39376,8.0
39377,8.0
39378,8.0
39379,8.0
39380,8.0
39381,8.0
39382,8.0
39383,8.0
39384,8.0
39385,8.0
39386,8.0
39387,8.0
39388,8.0
39389,8.0
39390,8.0
39391,8.0
39392,8.0
39393,8.0
39394,8.0
39395,8.0
39396,8.0
39397,8.0
39398,8.0
39399,8.0
39400,8.0
39401,8.0
39402,8.0
39403,8.0
39404,8.0
39405,8.0
39406,8.0
39407,8.0
39408,8.0
39409,8.0
39410,8.0
39411,8.0
39412,8.0
39413,8.0
39414,8.0
39415,8.0
39416,8.0
39417,8.0
39418,8.0
39419,8.0
39420,8.0
39421,8.0
39422,8.0
39423,8.0
39424,8.0
39425,8.0
39426,8.0
39427,8.0
39428,8.0
39429,8.0
39430,8.0
39431,8.0
39432,8.0
39433,8.0
39434,8.0
39435,8.0
39436,8.0
39437,8.0
39438,8.0
39439,8.0
39440,8.0
39441,8.0
39442,8.0
39443,8.0
39444,8.0
39445,8.0
39446,8.0
39447,8.0
39448,8.0
39449,8.0
39450,8.0
39451,8.0
39452,8.0
39453,8.0
39454,8.0
39455,8.0
39456,8.0
39457,8.0
39458,8.0
39459,8.0
39460,8.0
39461,8.0
39462,8.0
39463,8.0
39464,8.0
39465,8.0
39466,8.0
39467,8.0
39468,8.0
39469,8.0
39470,8.0
39471,8.0
39472,8.0
39473,8.0
39474,8.0
39475,8.0
39476,8.0
39477,8.0
39478,8.0
39479,8.0
39480,8.0
39481,8.0
39482,8.0
39483,8.0
39484,8.0
39485,8.0
39486,8.0
39487,8.0
39488,8.0
39489,8.0
39490,8.0
39491,8.0
39492,8.0
39493,8.0
39494,8.0
39495,8.0
39496,8.0
39497,8.0
39498,8.0
39499,8.0
39500,8.0
39501,8.0
39502,8.0
39503,8.0
39504,8.0
39505,8.0
39506,8.0
39507,8.0
39508,8.0
39509,8.0
39510,8.0
39511,8.0
39512,8.0
39513,8.0
39514,8.0
39515,8.0
39516,8.0
39517,8.0
39518,8.0
39519,8.0
39520,8.0
39521,8.0
39522,8.0
39523,8.0
39524,8.0
39525,8.0
39526,8.0
39527,8.0
39528,8.0
39529,8.0
39530,8.0
39531,8.0
39532,8.0
39533,8.0
39534,8.0
39535,8.0
39536,8.0
39537,8.0
39538,8.0
39539,8.0
39540,8.0
39541,8.0
39542,8.0
39543,8.0
39544,8.0
39545,8.0
39546,8.0
39547,8.0
39548,8.0
39549,8.0
39550,8.0
39551,8.0
39552,8.0
39553,8.0
39554,8.0
39555,8.0
39556,8.0
39557,8.0
39558,8.0
39559,8.0
39560,8.0
39561,8.0
39562,8.0
39563,8.0
39564,8.0
39565,8.0
39566,8.0
39567,8.0
39568,8.0
39569,8.0
39570,8.0
39571,8.0
39572,8.0
39573,8.0
39574,8.0
39575,8.0
39576,8.0
39577,8.0
39578,8.0
39579,8.0
39580,8.0
39581,8.0
39582,8.0
39583,8.0
39584,8.0
39585,8.0
39586,8.0
39587,8.0
39588,8.0
39589,8.0
39590,8.0
39591,8.0
39592,8.0
39593,8.0
39594,8.0
39595,8.0
39596,8.0
39597,8.0
39598,8.0
39599,8.0
39600,8.0
39601,8.0
39602,8.0
39603,8.0
39604,8.0
39605,8.0
39606,8.0
39607,8.0
39608,8.0
39609,8.0
39610,8.0
39611,8.0
39612,8.0
39613,8.0
39614,8.0
39615,8.0
39616,8.0
39617,8.0
39618,8.0
39619,8.0
39620,8.0
39621,8.0
39622,8.0
39623,8.0
39624,8.0
39625,8.0
39626,8.0
39627,7.0
39628,7.0
39629,7.0
39630,7.0
39631,7.0
39632,7.0
39633,7.0
39634,7.0
39635,7.0
39636,7.0
39637,7.0
39638,7.0
39639,7.0
39640,7.0
39641,7.0
39642,7.0
39643,7.0
39644,7.0
39645,7.0
39646,7.0
39647,7.0
39648,7.0
39649,7.0
39650,7.0
39651,7.0
39652,7.0
39653,7.0
39654,7.0
39655,7.0
39656,7.0
39657,7.0
39658,7.0
39659,7.0
39660,7.0
39661,7.0
39662,7.0
39663,7.0
39664,7.0
39665,7.0
39666,7.0
39667,7.0
39668,7.0
39669,7.0
39670,7.0
39671,7.0
39672,7.0
39673,7.0
39674,7.0
39675,7.0
39676,7.0
39677,7.0
39678,7.0
39679,7.0
39680,7.0
39681,7.0
39682,7.0
39683,7.0
39684,7.0
39685,7.0
39686,7.0
39687,7.0
39688,7.0
39689,7.0
39690,7.0
39691,7.0
39692,7.0
39693,7.0
39694,7.0
39695,7.0
39696,7.0
39697,7.0
39698,7.0
39699,7.0
39700,7.0
39701,7.0
39702,7.0
39703,7.0
39704,7.0
39705,7.0
39706,7.0
39707,7.0
39708,7.0
39709,7.0
39710,7.0
39711,7.0
39712,7.0
39713,7.0
39714,7.0
39715,7.0
39716,7.0
39717,7.0
39718,7.0
39719,7.0
39720,7.0
39721,7.0
39722,7.0
39723,7.0
39724,7.0
39725,7.0
39726,7.0
39727,7.0
39728,7.0
39729,7.0
39730,7.0
39731,7.0
39732,7.0
39733,7.0
39734,7.0
39735,7.0
39736,7.0
39737,7.0
39738,7.0
39739,7.0
39740,7.0
39741,7.0
39742,7.0
39743,7.0
39744,7.0
39745,7.0
39746,7.0
39747,7.0
39748,7.0
39749,7.0
39750,7.0
39751,7.0
39752,7.0
39753,7.0
39754,7.0
39755,7.0
39756,7.0
39757,7.0
39758,7.0
39759,7.0
39760,7.0
39761,7.0
39762,7.0
39763,7.0
39764,7.0
39765,7.0
39766,7.0
39767,7.0
39768,7.0
39769,7.0
39770,7.0
39771,7.0
39772,7.0
39773,7.0
39774,7.0
39775,7.0
39776,7.0
39777,7.0
39778,7.0
39779,7.0
39780,7.0
39781,7.0
39782,7.0
39783,7.0
39784,7.0
39785,7.0
39786,7.0
39787,7.0
39788,7.0
39789,7.0
39790,7.0
39791,7.0
39792,7.0
39793,7.0
39794,7.0
39795,7.0
39796,7.0
39797,7.0
39798,7.0
39799,7.0
39800,7.0
39801,7.0
39802,7.0
39803,7.0
39804,7.0
39805,7.0
39806,7.0
39807,7.0
39808,7.0
39809,7.0
39810,7.0
39811,7.0
39812,7.0
39813,7.0
39814,7.0
39815,7.0
39816,7.0
39817,7.0
39818,7.0
39819,7.0
39820,7.0
39821,7.0
39822,7.0
39823,7.0
39824,7.0
39825,7.0
39826,7.0
39827,7.0
39828,7.0
39829,7.0
39830,7.0
39831,7.0
39832,7.0
39833,7.0
39834,7.0
39835,7.0
39836,7.0
39837,7.0
39838,7.0
39839,7.0
39840,7.0
39841,7.0
39842,7.0
39843,7.0
39844,7.0
39845,7.0
39846,7.0
39847,7.0
39848,7.0
39849,7.0
39850,7.0
39851,7.0
39852,7.0
39853,7.0
39854,7.0
39855,7.0
39856,7.0
39857,7.0
39858,7.0
39859,7.0
39860,7.0
39861,7.0
39862,7.0
39863,7.0
39864,7.0
39865,7.0
39866,7.0
39867,7.0
39868,7.0
39869,7.0
39870,7.0
39871,7.0
39872,7.0
39873,7.0
39874,7.0
39875,7.0
39876,7.0
39877,7.0
39878,7.0
39879,7.0
39880,7.0
39881,7.0
39882,7.0
39883,7.0
39884,7.0
39885,7.0
39886,7.0
39887,7.0
39888,7.0
39889,7.0
39890,7.0
39891,7.0
39892,7.0
39893,7.0
39894,7.0
39895,7.0
39896,7.0
39897,7.0
39898,7.0
39899,7.0
39900,7.0
39901,7.0
39902,7.0
39903,7.0
39904,7.0
39905,7.0
39906,7.0
39907,7.0
39908,7.0
39909,7.0
39910,7.0
39911,7.0
39912,7.0
39913,7.0
39914,7.0
39915,7.0
39916,7.0
39917,7.0
39918,7.0
39919,7.0
39920,7.0
39921,7.0
39922,7.0
39923,7.0
39924,7.0
39925,7.0
39926,7.0
39927,7.0
39928,7.0
39929,7.0
39930,7.0
39931,7.0
39932,7.0
39933,7.0
39934,7.0
39935,7.0
39936,7.0
39937,7.0
39938,7.0
39939,7.0
39940,7.0
39941,7.0
39942,7.0
39943,7.0
39944,7.0
39945,7.0
39946,7.0
39947,7.0
39948,7.0
39949,7.0
39950,7.0
39951,7.0
39952,7.0
39953,7.0
39954,7.0
39955,7.0
39956,7.0
39957,7.0
39958,7.0
39959,7.0
39960,7.0
39961,7.0
39962,7.0
39963,7.0
39964,7.0
39965,7.0
39966,7.0
39967,7.0
39968,7.0
39969,7.0
39970,7.0
39971,7.0
39972,7.0
39973,7.0
39974,7.0
39975,7.0
39976,7.0
39977,7.0
39978,7.0
39979,7.0
39980,7.0
39981,7.0
39982,7.0
39983,7.0
39984,7.0
39985,7.0
39986,7.0
39987,7.0
39988,7.0
39989,7.0
39990,7.0
39991,7.0
39992,7.0
39993,7.0
39994,7.0
39995,7.0
39996,7.0
39997,7.0
39998,7.0
39999,7.0
40000,7.0
40001,7.0
40002,7.0
40003,7.0
40004,7.0
40005,7.0
40006,7.0
40007,7.0
40008,7.0
40009,7.0
40010,7.0
40011,7.0
40012,7.0
40013,7.0
40014,7.0
40015,7.0
40016,7.0
40017,7.0
40018,7.0
40019,7.0
40020,7.0
40021,7.0
40022,7.0
40023,7.0
40024,7.0
40025,7.0
40026,7.0
40027,7.0
40028,7.0
40029,7.0
40030,7.0
40031,7.0
40032,7.0
40033,7.0
40034,7.0
40035,7.0
40036,7.0
40037,7.0
40038,7.0
40039,7.0
40040,7.0
40041,7.0
40042,7.0
40043,7.0
40044,7.0
40045,7.0
40046,7.0
40047,7.0
40048,7.0
40049,7.0
40050,7.0
40051,7.0
40052,7.0
40053,7.0
40054,7.0
40055,7.0
40056,7.0
40057,7.0
40058,7.0
40059,7.0
40060,7.0
40061,7.0
40062,7.0
40063,7.0
40064,7.0
40065,7.0
40066,7.0
40067,7.0
40068,7.0
40069,7.0
40070,7.0
40071,7.0
40072,7.0
40073,7.0
40074,7.0
40075,7.0
40076,7.0
40077,7.0
40078,7.0
40079,7.0
40080,7.0
40081,7.0
40082,7.0
40083,7.0
40084,7.0
40085,7.0
40086,7.0
40087,7.0
40088,7.0
40089,7.0
40090,7.0
40091,7.0
40092,7.0
40093,7.0
40094,7.0
40095,7.0
40096,7.0
40097,7.0
40098,7.0
40099,7.0
40100,7.0
40101,7.0
40102,7.0
40103,7.0
40104,7.0
40105,7.0
40106,7.0
40107,7.0
40108,7.0
40109,7.0
40110,7.0
40111,7.0
40112,7.0
40113,7.0
40114,7.0
40115,7.0
40116,7.0
40117,7.0
40118,7.0
40119,7.0
40120,7.0
40121,7.0
40122,7.0
40123,8.0
40124,8.0
40125,8.0
40126,8.0
40127,8.0
40128,8.0
40129,8.0
40130,8.0
40131,8.0
40132,8.0
40133,8.0
40134,8.0
40135,8.0
40136,8.0
40137,8.0
40138,8.0
40139,8.0
40140,8.0
40141,8.0
40142,8.0
40143,8.0
40144,8.0
40145,8.0
40146,8.0
40147,8.0
40148,8.0
40149,8.0
40150,8.0
40151,8.0
40152,8.0
40153,8.0
40154,8.0
40155,8.0
40156,8.0
40157,8.0
40158,8.0
40159,9.0
40160,9.0
40161,9.0
40162,9.0
40163,9.0
40164,9.0
40165,9.0
40166,9.0
40167,9.0
40168,9.0
40169,9.0
40170,9.0
40171,9.0
40172,9.0
40173,9.0
40174,9.0
40175,9.0
40176,9.0
40177,9.0
40178,9.0
40179,9.0
40180,9.0
40181,9.0
40182,9.0
40183,9.0
40184,9.0
40185,9.0
40186,9.0
40187,9.0
40188,9.0
40189,9.0
40190,9.0
40191,9.0
40192,9.0
40193,9.0
40194,9.0
40195,9.0
40196,9.0
40197,9.0
40198,9.0
40199,9.0
40200,9.0
40201,9.0
40202,9.0
40203,9.0
40204,9.0
40205,9.0
40206,9.0
40207,9.0
40208,9.0
40209,9.0
40210,9.0
40211,9.0
40212,9.0
40213,9.0
40214,9.0
40215,9.0
40216,9.0
40217,9.0
40218,9.0
40219,9.0
40220,9.0
40221,9.0
40222,9.0
40223,9.0
40224,9.0
40225,9.0
40226,9.0
40227,9.0
40228,9.0
40229,9.0
40230,9.0
40231,9.0
40232,9.0
40233,9.0
40234,9.0
40235,9.0
40236,9.0
40237,9.0
40238,9.0
40239,9.0
40240,9.0
40241,9.0
40242,10.0
40243,10.0
40244,10.0
40245,10.0
40246,10.0
40247,10.0
40248,10.0
40249,10.0
40250,10.0
40251,10.0
40252,10.0
40253,10.0
40254,10.0
40255,10.0
40256,10.0
40257,10.0
40258,10.0
40259,10.0
40260,10.0
40261,10.0
40262,10.0
40263,10.0
40264,10.0
40265,10.0
40266,10.0
40267,10.0
40268,10.0
40269,9.0
40270,9.0
40271,9.0
40272,9.0
40273,9.0
40274,9.0
40275,9.0
40276,9.0
40277,9.0
40278,9.0
40279,9.0
40280,9.0
40281,9.0
40282,9.0
40283,9.0
40284,9.0
40285,9.0
40286,9.0
40287,9.0
40288,9.0
40289,9.0
40290,9.0
40291,9.0
40292,9.0
40293,10.0
40294,10.0
40295,10.0
40296,10.0
40297,10.0
40298,10.0
40299,10.0
40300,10.0
40301,10.0
40302,10.0
40303,10.0
40304,10.0
40305,10.0
40306,10.0
40307,10.0
40308,10.0
40309,10.0
40310,10.0
40311,10.0
40312,10.0
40313,10.0
40314,10.0
40315,10.0
40316,10.0
40317,10.0
40318,10.0
40319,10.0
40320,10.0
40321,10.0
40322,10.0
40323,10.0
40324,10.0
40325,10.0
40326,10.0
40327,10.0
40328,10.0
40329,10.0
40330,10.0
40331,10.0
40332,10.0
40333,10.0
40334,10.0
40335,10.0
40336,10.0
40337,10.0
40338,10.0
40339,10.0
40340,10.0
40341,10.0
40342,10.0
40343,10.0
40344,10.0
40345,10.0
40346,10.0
40347,10.0
40348,10.0
40349,10.0
40350,10.0
40351,10.0
40352,10.0
40353,10.0
40354,10.0
40355,10.0
40356,10.0
40357,10.0
40358,10.0
40359,10.0
40360,10.0
40361,10.0
40362,10.0
40363,10.0
40364,10.0
40365,10.0
40366,10.0
40367,10.0
40368,10.0
40369,10.0
40370,10.0
40371,10.0
40372,10.0
40373,10.0
40374,10.0
40375,10.0
40376,10.0
40377,10.0
40378,10.0
40379,10.0
40380,10.0
40381,10.0
40382,10.0
40383,10.0
40384,10.0
40385,10.0
40386,10.0
40387,10.0
40388,10.0
40389,10.0
40390,10.0
40391,10.0
40392,10.0
40393,10.0
40394,10.0
40395,10.0
40396,10.0
40397,10.0
40398,10.0
40399,10.0
40400,10.0
40401,10.0
40402,10.0
40403,10.0
40404,10.0
40405,10.0
40406,10.0
40407,10.0
40408,10.0
40409,10.0
40410,10.0
40411,10.0
40412,10.0
40413,10.0
40414,10.0
40415,10.0
40416,10.0
40417,10.0
40418,10.0
40419,10.0
40420,10.0
40421,10.0
40422,10.0
40423,10.0
40424,10.0
40425,10.0
40426,10.0
40427,10.0
40428,10.0
40429,10.0
40430,10.0
40431,10.0
40432,10.0
40433,10.0
40434,10.0
40435,10.0
40436,10.0
40437,10.0
40438,10.0
40439,10.0
40440,10.0
40441,10.0
40442,10.0
40443,10.0
40444,10.0
40445,10.0
40446,10.0
40447,10.0
40448,10.0
40449,10.0
40450,10.0
40451,10.0
40452,10.0
40453,10.0
40454,10.0
40455,10.0
40456,10.0
40457,10.0
40458,10.0
40459,10.0
40460,10.0
40461,10.0
40462,10.0
40463,10.0
40464,10.0
40465,10.0
40466,10.0
40467,10.0
40468,10.0
40469,10.0
40470,10.0
40471,10.0
40472,10.0
40473,10.0
40474,10.0
40475,10.0
40476,10.0
40477,10.0
40478,10.0
40479,10.0
40480,10.0
40481,10.0
40482,10.0
40483,10.0
40484,10.0
40485,10.0
40486,10.0
40487,10.0
40488,10.0
40489,10.0
40490,10.0
40491,10.0
40492,10.0
40493,10.0
40494,10.0
40495,10.0
40496,10.0
40497,10.0
40498,10.0
40499,10.0
40500,10.0
40501,10.0
40502,10.0
40503,10.0
40504,10.0
40505,10.0
40506,10.0
40507,10.0
40508,10.0
40509,10.0
40510,10.0
40511,10.0
40512,10.0
40513,10.0
40514,10.0
40515,10.0
40516,10.0
40517,10.0
40518,10.0
40519,10.0
40520,10.0
40521,10.0
40522,10.0
40523,10.0
40524,10.0
40525,10.0
40526,10.0
40527,10.0
40528,10.0
40529,10.0
40530,10.0
40531,10.0
40532,10.0
40533,10.0
40534,10.0
40535,10.0
40536,10.0
40537,10.0
40538,10.0
40539,10.0
40540,10.0
40541,10.0
40542,10.0
40543,10.0
40544,10.0
40545,10.0
40546,10.0
40547,10.0
40548,10.0
40549,10.0
40550,10.0
40551,10.0
40552,10.0
40553,10.0
40554,10.0
40555,10.0
40556,10.0
40557,10.0
40558,10.0
40559,10.0
40560,10.0
40561,10.0
40562,10.0
40563,10.0
40564,10.0
40565,10.0
40566,10.0
40567,10.0
40568,10.0
40569,10.0
40570,10.0
40571,10.0
40572,10.0
40573,10.0
40574,10.0
40575,10.0
40576,10.0
40577,10.0
40578,10.0
40579,10.0
40580,10.0
40581,10.0
40582,10.0
40583,10.0
40584,10.0
40585,10.0
40586,10.0
40587,10.0
40588,10.0
40589,10.0
40590,10.0
40591,10.0
40592,10.0
40593,10.0
40594,10.0
40595,10.0
40596,10.0
40597,10.0
40598,10.0
40599,10.0
40600,10.0
40601,10.0
40602,10.0
40603,11.0
40604,11.0
40605,11.0
40606,11.0
40607,11.0
40608,11.0
40609,11.0
40610,11.0
40611,11.0
40612,11.0
40613,11.0
40614,11.0
40615,11.0
40616,11.0
40617,11.0
40618,11.0
40619,11.0
40620,11.0
40621,11.0
40622,11.0
40623,11.0
40624,11.0
40625,11.0
40626,11.0
40627,11.0
40628,11.0
40629,12.0
40630,12.0
40631,12.0
40632,12.0
40633,12.0
40634,12.0
40635,12.0
40636,12.0
40637,12.0
40638,12.0
40639,12.0
40640,12.0
40641,12.0
40642,12.0
40643,12.0
40644,12.0
40645,12.0
40646,12.0
40647,12.0
40648,12.0
40649,12.0
40650,12.0
40651,12.0
40652,12.0
40653,12.0
40654,12.0
40655,12.0
40656,12.0
40657,12.0
40658,12.0
40659,12.0
40660,12.0
40661,12.0
40662,12.0
40663,12.0
40664,12.0
40665,12.0
40666,12.0
40667,12.0
40668,12.0
40669,12.0
40670,12.0
40671,12.0
40672,12.0
40673,12.0
40674,12.0
40675,12.0
40676,12.0
40677,12.0
40678,12.0
40679,12.0
40680,12.0
40681,12.0
40682,12.0
40683,12.0
40684,12.0
40685,12.0
40686,12.0
40687,12.0
40688,12.0
40689,12.0
40690,12.0
40691,12.0
40692,12.0
40693,12.0
40694,12.0
40695,12.0
40696,12.0
40697,12.0
40698,12.0
40699,12.0
40700,12.0
40701,12.0
40702,12.0
40703,12.0
40704,12.0
40705,12.0
40706,12.0
40707,12.0
40708,12.0
40709,12.0
40710,12.0
40711,12.0
40712,12.0
40713,12.0
40714,12.0
40715,12.0
40716,12.0
40717,12.0
40718,12.0
40719,12.0
40720,12.0
40721,12.0
40722,12.0
40723,12.0
40724,12.0
40725,12.0
40726,12.0
40727,12.0
40728,12.0
40729,12.0
40730,12.0
40731,12.0
40732,12.0
40733,12.0
40734,12.0
40735,12.0
40736,12.0
40737,12.0
40738,12.0
40739,12.0
40740,12.0
40741,12.0
40742,12.0
40743,12.0
40744,12.0
40745,12.0
40746,12.0
40747,12.0
40748,12.0
40749,12.0
40750,12.0
40751,12.0
40752,12.0
40753,12.0
40754,12.0
40755,12.0
40756,12.0
40757,12.0
40758,12.0
40759,12.0
40760,12.0
40761,12.0
40762,12.0
40763,12.0
40764,12.0
40765,12.0
40766,12.0
40767,12.0
40768,12.0
40769,12.0
40770,12.0
40771,12.0
40772,12.0
40773,11.0
40774,11.0
40775,11.0
40776,11.0
40777,11.0
40778,11.0
40779,11.0
40780,11.0
40781,11.0
40782,11.0
40783,11.0
40784,11.0
40785,11.0
40786,11.0
40787,11.0
40788,11.0
40789,11.0
40790,11.0
40791,11.0
40792,11.0
40793,11.0
40794,11.0
40795,11.0
40796,11.0
40797,11.0
40798,11.0
40799,11.0
40800,11.0
40801,11.0
40802,11.0
40803,11.0
40804,11.0
40805,11.0
40806,11.0
40807,11.0
40808,11.0
40809,11.0
40810,11.0
40811,11.0
40812,11.0
40813,11.0
40814,11.0
40815,11.0
40816,11.0
40817,11.0
40818,11.0
40819,11.0
40820,11.0
40821,11.0
40822,11.0
40823,11.0
40824,11.0
40825,11.0
40826,11.0
40827,11.0
40828,11.0
40829,11.0
40830,11.0
40831,11.0
40832,11.0
40833,11.0
40834,11.0
40835,11.0
40836,11.0
40837,11.0
40838,11.0
40839,11.0
40840,11.0
40841,11.0
40842,11.0
40843,11.0
40844,11.0
40845,11.0
40846,11.0
40847,11.0
40848,11.0
40849,11.0
40850,11.0
40851,11.0
40852,11.0
40853,11.0
40854,11.0
40855,11.0
40856,11.0
40857,11.0
40858,11.0
40859,11.0
40860,11.0
40861,11.0
40862,11.0
40863,11.0
40864,11.0
40865,11.0
40866,11.0
40867,11.0
40868,11.0
40869,11.0
40870,11.0
40871,11.0
40872,11.0
40873,11.0
40874,11.0
40875,11.0
40876,11.0
40877,11.0
40878,11.0
40879,11.0
40880,11.0
40881,11.0
40882,11.0
40883,11.0
40884,11.0
40885,11.0
40886,11.0
40887,11.0
40888,11.0
40889,11.0
40890,11.0
40891,11.0
40892,11.0
40893,11.0
40894,11.0
40895,11.0
40896,11.0
40897,11.0
40898,11.0
40899,11.0
40900,11.0
40901,11.0
40902,11.0
40903,11.0
40904,11.0
40905,11.0
40906,11.0
40907,11.0
40908,11.0
40909,11.0
40910,11.0
40911,11.0
40912,11.0
40913,11.0
40914,11.0
40915,11.0
40916,11.0
40917,11.0
40918,11.0
40919,11.0
40920,11.0
40921,11.0
40922,11.0
40923,11.0
40924,11.0
40925,11.0
40926,11.0
40927,11.0
40928,11.0
40929,11.0
40930,11.0
40931,11.0
40932,11.0
40933,11.0
40934,11.0
40935,11.0
40936,11.0
40937,11.0
40938,11.0
40939,11.0
40940,11.0
40941,11.0
40942,11.0
40943,11.0
40944,11.0
40945,11.0
40946,11.0
40947,11.0
40948,11.0
40949,11.0
40950,11.0
40951,11.0
40952,11.0
40953,11.0
40954,11.0
40955,11.0
40956,11.0
40957,11.0
40958,11.0
40959,12.0
40960,12.0
40961,12.0
40962,12.0
40963,12.0
40964,12.0
40965,12.0
40966,12.0
40967,12.0
40968,12.0
40969,12.0
40970,12.0
40971,12.0
40972,12.0
40973,12.0
40974,12.0
40975,12.0
40976,12.0
40977,12.0
40978,12.0
40979,12.0
40980,12.0
40981,12.0
40982,12.0
40983,12.0
40984,12.0
40985,12.0
40986,12.0
40987,12.0
40988,12.0
40989,12.0
40990,12.0
40991,12.0
40992,12.0
40993,13.0
40994,13.0
40995,13.0
40996,13.0
40997,13.0
40998,13.0
40999,13.0
41000,13.0
41001,13.0
41002,13.0
41003,13.0
41004,13.0
41005,13.0
41006,13.0
41007,13.0
41008,13.0
41009,13.0
41010,13.0
41011,13.0
41012,13.0
41013,13.0
41014,13.0
41015,13.0
41016,13.0
41017,13.0
41018,13.0
41019,13.0
41020,13.0
41021,13.0
41022,13.0
41023,13.0
41024,13.0
41025,13.0
41026,13.0
41027,13.0
41028,13.0
41029,13.0
41030,13.0
41031,13.0
41032,13.0
41033,13.0
41034,13.0
41035,13.0
41036,13.0
41037,13.0
41038,13.0
41039,13.0
41040,13.0
41041,13.0
41042,13.0
41043,13.0
41044,13.0
41045,13.0
41046,13.0
41047,13.0
41048,13.0
41049,13.0
41050,13.0
41051,13.0
41052,13.0
41053,13.0
41054,11.0
41055,11.0
41056,11.0
41057,11.0
41058,11.0
41059,11.0
41060,11.0
41061,11.0
41062,11.0
41063,11.0
41064,11.0
41065,11.0
41066,11.0
41067,11.0
41068,11.0
41069,11.0
41070,11.0
41071,11.0
41072,11.0
41073,11.0
41074,11.0
41075,11.0
41076,11.0
41077,11.0
41078,11.0
41079,11.0
41080,11.0
41081,11.0
41082,12.0
41083,12.0
41084,12.0
41085,12.0
41086,12.0
41087,12.0
41088,12.0
41089,12.0
41090,12.0
41091,12.0
41092,12.0
41093,12.0
41094,12.0
41095,12.0
41096,12.0
41097,12.0
41098,12.0
41099,12.0
41100,12.0
41101,12.0
41102,12.0
41103,12.0
41104,12.0
41105,12.0
41106,12.0
41107,12.0
41108,12.0
41109,12.0
41110,12.0
41111,12.0
41112,12.0
41113,12.0
41114,12.0
41115,12.0
41116,12.0
41117,12.0
41118,12.0
41119,12.0
41120,12.0
41121,12.0
41122,12.0
41123,12.0
41124,12.0
41125,12.0
41126,12.0
41127,12.0
41128,12.0
41129,12.0
41130,12.0
41131,12.0
41132,12.0
41133,12.0
41134,12.0
41135,12.0
41136,12.0
41137,12.0
41138,12.0
41139,12.0
41140,12.0
41141,12.0
41142,12.0
41143,12.0
41144,12.0
41145,12.0
41146,12.0
41147,12.0
41148,12.0
41149,12.0
41150,12.0
41151,12.0
41152,12.0
41153,12.0
41154,12.0
41155,12.0
41156,12.0
41157,12.0
41158,12.0
41159,12.0
41160,12.0
41161,12.0
41162,12.0
41163,12.0
41164,12.0
41165,12.0
41166,12.0
41167,12.0
41168,12.0
41169,12.0
41170,12.0
41171,12.0
41172,12.0
41173,12.0
41174,12.0
41175,12.0
41176,12.0
41177,12.0
41178,12.0
41179,12.0
41180,12.0
41181,12.0
41182,12.0
41183,12.0
41184,12.0
41185,12.0
41186,12.0
41187,12.0
41188,12.0
41189,12.0
41190,12.0
41191,12.0
41192,12.0
41193,12.0
41194,12.0
41195,12.0
41196,12.0
41197,12.0
41198,12.0
41199,12.0
41200,12.0
41201,12.0
41202,12.0
41203,12.0
41204,12.0
41205,12.0
41206,12.0
41207,12.0
41208,12.0
41209,12.0
41210,12.0
41211,12.0
41212,12.0
41213,12.0
41214,12.0
41215,12.0
41216,12.0
41217,12.0
41218,12.0
41219,12.0
41220,12.0
41221,12.0
41222,12.0
41223,12.0
41224,12.0
41225,12.0
41226,12.0
41227,12.0
41228,12.0
41229,12.0
41230,12.0
41231,12.0
41232,12.0
41233,12.0
41234,12.0
41235,12.0
41236,12.0
41237,12.0
41238,12.0
41239,12.0
41240,12.0
41241,12.0
41242,12.0
41243,12.0
41244,12.0
41245,12.0
41246,12.0
41247,12.0
41248,12.0
41249,12.0
41250,12.0
41251,12.0
41252,12.0
41253,12.0
41254,12.0
41255,12.0
41256,12.0
41257,12.0
41258,12.0
41259,12.0
41260,12.0
41261,12.0
41262,12.0
41263,12.0
41264,12.0
41265,12.0
41266,12.0
41267,12.0
41268,12.0
41269,12.0
41270,12.0
41271,12.0
41272,12.0
41273,12.0
41274,12.0
41275,12.0
41276,12.0
41277,12.0
41278,12.0
41279,12.0
41280,12.0
41281,12.0
41282,12.0
41283,12.0
41284,12.0
41285,12.0
41286,12.0
41287,12.0
41288,12.0
41289,12.0
41290,12.0
41291,12.0
41292,12.0
41293,12.0
41294,12.0
41295,12.0
41296,12.0
41297,12.0
41298,12.0
41299,12.0
41300,12.0
41301,12.0
41302,12.0
41303,12.0
41304,12.0
41305,12.0
41306,12.0
41307,12.0
41308,12.0
41309,12.0
41310,12.0
41311,12.0
41312,12.0
41313,12.0
41314,12.0
41315,12.0
41316,12.0
41317,12.0
41318,12.0
41319,12.0
41320,12.0
41321,12.0
41322,12.0
41323,12.0
41324,12.0
41325,12.0
41326,12.0
41327,12.0
41328,12.0
41329,12.0
41330,12.0
41331,12.0
41332,12.0
41333,12.0
41334,12.0
41335,12.0
41336,12.0
41337,12.0
41338,12.0
41339,12.0
41340,12.0
41341,12.0
41342,12.0
41343,12.0
41344,12.0
41345,12.0
41346,12.0
41347,12.0
41348,12.0
41349,12.0
41350,12.0
41351,12.0
41352,12.0
41353,12.0
41354,12.0
41355,12.0
41356,12.0
41357,12.0
41358,12.0
41359,12.0
41360,12.0
41361,12.0
41362,12.0
41363,12.0
41364,12.0
41365,12.0
41366,12.0
41367,12.0
41368,12.0
41369,12.0
41370,12.0
41371,12.0
41372,12.0
41373,12.0
41374,12.0
41375,12.0
41376,12.0
41377,12.0
41378,12.0
41379,12.0
41380,12.0
41381,12.0
41382,12.0
41383,12.0
41384,12.0
41385,12.0
41386,12.0
41387,12.0
41388,12.0
41389,12.0
41390,11.0
41391,11.0
41392,11.0
41393,11.0
41394,11.0
41395,11.0
41396,11.0
41397,11.0
41398,11.0
41399,11.0
41400,11.0
41401,11.0
41402,11.0
41403,11.0
41404,11.0
41405,11.0
41406,11.0
41407,11.0
41408,11.0
41409,11.0
41410,11.0
41411,11.0
41412,11.0
41413,11.0
41414,11.0
41415,11.0
41416,11.0
41417,11.0
41418,11.0
41419,11.0
41420,11.0
41421,11.0
41422,11.0
41423,11.0
41424,11.0
41425,11.0
41426,11.0
41427,11.0
41428,11.0
41429,11.0
41430,11.0
41431,11.0
41432,11.0
41433,11.0
41434,11.0
41435,11.0
41436,11.0
41437,11.0
41438,11.0
41439,11.0
41440,11.0
41441,11.0
41442,11.0
41443,11.0
41444,11.0
41445,11.0
41446,11.0
41447,11.0
41448,11.0
41449,11.0
41450,11.0
41451,10.0
41452,10.0
41453,10.0
41454,10.0
41455,9.0
41456,9.0
41457,10.0
41458,10.0
41459,10.0
41460,10.0
41461,10.0
41462,10.0
41463,10.0
41464,10.0
41465,10.0
41466,10.0
41467,10.0
41468,10.0
41469,10.0
41470,10.0
41471,10.0
41472,10.0
41473,10.0
41474,10.0
41475,10.0
41476,10.0
41477,10.0
41478,10.0
41479,10.0
41480,10.0
41481,10.0
41482,10.0
41483,10.0
41484,10.0
41485,10.0
41486,10.0
41487,10.0
41488,10.0
41489,10.0
41490,10.0
41491,10.0
41492,10.0
41493,10.0
41494,10.0
41495,10.0
41496,10.0
41497,10.0
41498,10.0
41499,10.0
41500,10.0
41501,10.0
41502,10.0
41503,10.0
41504,10.0
41505,10.0
41506,10.0
41507,10.0
41508,10.0
41509,10.0
41510,10.0
41511,10.0
41512,10.0
41513,10.0
41514,10.0
41515,10.0
41516,10.0
41517,10.0
41518,10.0
41519,10.0
41520,10.0
41521,10.0
41522,10.0
41523,10.0
41524,10.0
41525,10.0
41526,10.0
41527,10.0
41528,10.0
41529,10.0
41530,10.0
41531,10.0
41532,10.0
41533,10.0
41534,10.0
41535,10.0
41536,10.0
41537,10.0
41538,10.0
41539,10.0
41540,10.0
41541,10.0
41542,10.0
41543,10.0
41544,10.0
41545,10.0
41546,10.0
41547,10.0
41548,10.0
41549,10.0
41550,10.0
41551,10.0
41552,10.0
41553,10.0
41554,10.0
41555,10.0
41556,10.0
41557,10.0
41558,10.0
41559,10.0
41560,10.0
41561,10.0
41562,10.0
41563,10.0
41564,10.0
41565,10.0
41566,10.0
41567,10.0
41568,10.0
41569,10.0
41570,10.0
41571,10.0
41572,10.0
41573,10.0
41574,10.0
41575,9.0
41576,9.0
41577,9.0
41578,9.0
41579,9.0
41580,9.0
41581,9.0
41582,9.0
41583,9.0
41584,9.0
41585,9.0
41586,9.0
41587,9.0
41588,9.0
41589,9.0
41590,9.0
41591,9.0
41592,9.0
41593,9.0
41594,9.0
41595,9.0
41596,9.0
41597,9.0
41598,9.0
41599,9.0
41600,9.0
41601,9.0
41602,9.0
41603,9.0
41604,9.0
41605,9.0
41606,9.0
41607,9.0
41608,9.0
41609,9.0
41610,9.0
41611,9.0
41612,9.0
41613,9.0
41614,9.0
41615,9.0
41616,9.0
41617,9.0
41618,9.0
41619,9.0
41620,9.0
41621,9.0
41622,9.0
41623,9.0
41624,9.0
41625,9.0
41626,9.0
41627,9.0
41628,9.0
41629,9.0
41630,9.0
41631,9.0
41632,9.0
41633,9.0
41634,9.0
41635,9.0
41636,9.0
41637,9.0
41638,9.0
41639,9.0
41640,9.0
41641,9.0
41642,9.0
41643,9.0
41644,9.0
41645,9.0
41646,9.0
41647,9.0
41648,9.0
41649,9.0
41650,9.0
41651,9.0
41652,9.0
41653,9.0
41654,9.0
41655,9.0
41656,9.0
41657,9.0
41658,9.0
41659,9.0
41660,9.0
41661,9.0
41662,9.0
41663,9.0
41664,9.0
41665,9.0
41666,9.0
41667,9.0
41668,9.0
41669,9.0
41670,9.0
41671,9.0
41672,9.0
41673,9.0
41674,9.0
41675,9.0
41676,9.0
41677,9.0
41678,9.0
41679,9.0
41680,9.0
41681,9.0
41682,9.0
41683,9.0
41684,9.0
41685,9.0
41686,9.0
41687,9.0
41688,9.0
41689,9.0
41690,9.0
41691,9.0
41692,9.0
41693,9.0
41694,9.0
41695,9.0
41696,10.0
41697,10.0
41698,10.0
41699,10.0
41700,10.0
41701,10.0
41702,10.0
41703,10.0
41704,10.0
41705,10.0
41706,10.0
41707,10.0
41708,10.0
41709,10.0
41710,10.0
41711,10.0
41712,10.0
41713,10.0
41714,10.0
41715,10.0
41716,10.0
41717,10.0
41718,10.0
41719,10.0
41720,10.0
41721,10.0
41722,10.0
41723,10.0
41724,10.0
41725,10.0
41726,10.0
41727,10.0
41728,10.0
41729,10.0
41730,10.0
41731,10.0
41732,10.0
41733,10.0
41734,10.0
41735,10.0
41736,10.0
41737,10.0
41738,10.0
41739,10.0
41740,10.0
41741,10.0
41742,10.0
41743,10.0
41744,10.0
41745,10.0
41746,10.0
41747,10.0
41748,10.0
41749,10.0
41750,10.0
41751,10.0
41752,10.0
41753,10.0
41754,10.0
41755,10.0
41756,10.0
41757,10.0
41758,10.0
41759,10.0
41760,10.0
41761,10.0
41762,10.0
41763,10.0
41764,10.0
41765,10.0
41766,10.0
41767,10.0
41768,10.0
41769,10.0
41770,10.0
41771,10.0
41772,10.0
41773,10.0
41774,10.0
41775,10.0
41776,10.0
41777,10.0
41778,10.0
41779,10.0
41780,10.0
41781,10.0
41782,10.0
41783,10.0
41784,10.0
41785,10.0
41786,10.0
41787,10.0
41788,10.0
41789,10.0
41790,10.0
41791,10.0
41792,10.0
41793,10.0
41794,10.0
41795,10.0
41796,10.0
41797,10.0
41798,10.0
41799,10.0
41800,10.0
41801,10.0
41802,10.0
41803,10.0
41804,10.0
41805,10.0
41806,10.0
41807,10.0
41808,10.0
41809,10.0
41810,10.0
41811,10.0
41812,10.0
41813,10.0
41814,10.0
41815,10.0
41816,10.0
41817,10.0
41818,10.0
41819,10.0
41820,10.0
41821,10.0
41822,10.0
41823,10.0
41824,10.0
41825,10.0
41826,10.0
41827,10.0
41828,10.0
41829,10.0
41830,10.0
41831,10.0
41832,10.0
41833,10.0
41834,10.0
41835,10.0
41836,10.0
41837,10.0
41838,10.0
41839,10.0
41840,10.0
41841,10.0
41842,10.0
41843,10.0
41844,10.0
41845,10.0
41846,10.0
41847,10.0
41848,10.0
41849,10.0
41850,10.0
41851,10.0
41852,10.0
41853,10.0
41854,10.0
41855,10.0
41856,10.0
41857,10.0
41858,10.0
41859,10.0
41860,10.0
41861,10.0
41862,10.0
41863,10.0
41864,10.0
41865,10.0
41866,10.0
41867,10.0
41868,10.0
41869,10.0
41870,10.0
41871,10.0
41872,10.0
41873,10.0
41874,10.0
41875,10.0
41876,10.0
41877,10.0
41878,10.0
41879,10.0
41880,10.0
41881,10.0
41882,10.0
41883,10.0
41884,10.0
41885,10.0
41886,10.0
41887,10.0
41888,10.0
41889,10.0
41890,10.0
41891,10.0
41892,10.0
41893,10.0
41894,10.0
41895,10.0
41896,10.0
41897,10.0
41898,10.0
41899,10.0
41900,10.0
41901,10.0
41902,10.0
41903,10.0
41904,10.0
41905,10.0
41906,10.0
41907,10.0
41908,10.0
41909,10.0
41910,10.0
41911,10.0
41912,10.0
41913,10.0
41914,10.0
41915,10.0
41916,10.0
41917,10.0
41918,10.0
41919,10.0
41920,10.0
41921,10.0
41922,10.0
41923,10.0
41924,10.0
41925,10.0
41926,10.0
41927,10.0
41928,10.0
41929,10.0
41930,10.0
41931,10.0
41932,10.0
41933,10.0
41934,10.0
41935,10.0
41936,10.0
41937,10.0
41938,10.0
41939,10.0
41940,10.0
41941,10.0
41942,10.0
41943,10.0
41944,10.0
41945,10.0
41946,10.0
41947,10.0
41948,10.0
41949,10.0
41950,10.0
41951,10.0
41952,10.0
41953,10.0
41954,10.0
41955,10.0
41956,10.0
41957,10.0
41958,10.0
41959,10.0
41960,10.0
41961,10.0
41962,10.0
41963,10.0
41964,10.0
41965,10.0
41966,10.0
41967,10.0
41968,10.0
41969,10.0
41970,10.0
41971,10.0
41972,10.0
41973,10.0
41974,10.0
41975,10.0
41976,10.0
41977,10.0
41978,10.0
41979,10.0
41980,10.0
41981,10.0
41982,10.0
41983,10.0
41984,10.0
41985,10.0
41986,10.0
41987,10.0
41988,10.0
41989,10.0
41990,10.0
41991,10.0
41992,10.0
41993,10.0
41994,10.0
41995,10.0
41996,10.0
41997,10.0
41998,10.0
41999,10.0
42000,10.0
42001,10.0
42002,10.0
42003,10.0
42004,10.0
42005,10.0
42006,10.0
42007,10.0
42008,10.0
42009,10.0
42010,10.0
42011,10.0
42012,10.0
42013,10.0
42014,10.0
42015,10.0
42016,10.0
42017,10.0
42018,10.0
42019,10.0
42020,10.0
42021,10.0
42022,10.0
42023,10.0
42024,10.0
42025,10.0
42026,10.0
42027,10.0
42028,10.0
42029,10.0
42030,10.0
42031,10.0
42032,10.0
42033,10.0
42034,10.0
42035,10.0
42036,10.0
42037,10.0
42038,10.0
42039,10.0
42040,10.0
42041,10.0
42042,10.0
42043,10.0
42044,10.0
42045,10.0
42046,10.0
42047,10.0
42048,10.0
42049,10.0
42050,10.0
42051,10.0
42052,10.0
42053,11.0
42054,11.0
42055,11.0
42056,11.0
42057,11.0
42058,11.0
42059,11.0
42060,11.0
42061,11.0
42062,11.0
42063,11.0
42064,11.0
42065,11.0
42066,11.0
42067,11.0
42068,11.0
42069,11.0
42070,11.0
42071,11.0
42072,11.0
42073,11.0
42074,11.0
42075,11.0
42076,11.0
42077,11.0
42078,11.0
42079,11.0
42080,11.0
42081,11.0
42082,11.0
42083,11.0
42084,11.0
42085,11.0
42086,11.0
42087,11.0
42088,11.0
42089,11.0
42090,11.0
42091,11.0
42092,11.0
42093,11.0
42094,11.0
42095,11.0
42096,11.0
42097,11.0
42098,11.0
42099,11.0
42100,11.0
42101,11.0
42102,11.0
42103,11.0
42104,11.0
42105,11.0
42106,11.0
42107,11.0
42108,11.0
42109,11.0
42110,11.0
42111,11.0
42112,11.0
42113,11.0
42114,11.0
42115,11.0
42116,11.0
42117,11.0
42118,11.0
42119,11.0
42120,11.0
42121,11.0
42122,11.0
42123,11.0
42124,11.0
42125,11.0
42126,11.0
42127,11.0
42128,11.0
42129,11.0
42130,11.0
42131,11.0
42132,11.0
42133,11.0
42134,11.0
42135,11.0
42136,11.0
42137,11.0
42138,11.0
42139,11.0
42140,11.0
42141,11.0
42142,11.0
42143,11.0
42144,11.0
42145,11.0
42146,11.0
42147,11.0
42148,11.0
42149,11.0
42150,11.0
42151,11.0
42152,11.0
42153,11.0
42154,11.0
42155,11.0
42156,11.0
42157,11.0
42158,11.0
42159,11.0
42160,11.0
42161,11.0
42162,11.0
42163,11.0
42164,11.0
42165,11.0
42166,11.0
42167,11.0
42168,11.0
42169,11.0
42170,11.0
42171,11.0
42172,11.0
42173,11.0
42174,11.0
42175,11.0
42176,11.0
42177,11.0
42178,11.0
42179,11.0
42180,11.0
42181,11.0
42182,11.0
42183,11.0
42184,11.0
42185,11.0
42186,11.0
42187,11.0
42188,11.0
42189,11.0
42190,11.0
42191,11.0
42192,11.0
42193,11.0
42194,11.0
42195,11.0
42196,11.0
42197,11.0
42198,11.0
42199,11.0
42200,11.0
42201,11.0
42202,11.0
42203,11.0
42204,11.0
42205,11.0
42206,11.0
42207,11.0
42208,11.0
42209,11.0
42210,11.0
42211,11.0
42212,11.0
42213,11.0
42214,11.0
42215,11.0
42216,11.0
42217,11.0
42218,11.0
42219,11.0
42220,11.0
42221,11.0
42222,11.0
42223,11.0
42224,11.0
42225,10.0
42226,10.0
42227,10.0
42228,10.0
42229,10.0
42230,10.0
42231,10.0
42232,10.0
42233,10.0
42234,10.0
42235,10.0
42236,10.0
42237,10.0
42238,10.0
42239,10.0
42240,10.0
42241,10.0
42242,10.0
42243,10.0
42244,8.0
42245,8.0
42246,8.0
42247,8.0
42248,8.0
42249,8.0
42250,8.0
42251,8.0
42252,8.0
42253,8.0
42254,8.0
42255,8.0
42256,8.0
42257,8.0
42258,8.0
42259,8.0
42260,8.0
42261,8.0
42262,8.0
42263,8.0
42264,8.0
42265,8.0
42266,8.0
42267,8.0
42268,8.0
42269,8.0
42270,8.0
42271,8.0
42272,8.0
42273,8.0
42274,8.0
42275,8.0
42276,8.0
42277,8.0
42278,8.0
42279,8.0
42280,8.0
42281,8.0
42282,8.0
42283,8.0
42284,8.0
42285,8.0
42286,8.0
42287,7.0
42288,7.0
42289,7.0
42290,7.0
42291,7.0
42292,7.0
42293,7.0
42294,7.0
42295,7.0
42296,7.0
42297,7.0
42298,7.0
42299,7.0
42300,7.0
42301,7.0
42302,7.0
42303,7.0
42304,7.0
42305,7.0
42306,7.0
42307,7.0
42308,7.0
42309,7.0
42310,7.0
42311,7.0
42312,7.0
42313,7.0
42314,7.0
42315,7.0
42316,7.0
42317,7.0
42318,7.0
42319,7.0
42320,7.0
42321,7.0
42322,7.0
42323,7.0
42324,7.0
42325,7.0
42326,7.0
42327,7.0
42328,7.0
42329,7.0
42330,7.0
42331,7.0
42332,7.0
42333,7.0
42334,7.0
42335,7.0
42336,7.0
42337,7.0
42338,7.0
42339,8.0
42340,8.0
42341,8.0
42342,8.0
42343,8.0
42344,8.0
42345,8.0
42346,8.0
42347,8.0
42348,8.0
42349,8.0
42350,8.0
42351,8.0
42352,8.0
42353,8.0
42354,8.0
42355,8.0
42356,8.0
42357,8.0
42358,8.0
42359,8.0
42360,8.0
42361,8.0
42362,8.0
42363,8.0
42364,8.0
42365,8.0
42366,8.0
42367,8.0
42368,8.0
42369,8.0
42370,8.0
42371,8.0
42372,8.0
42373,8.0
42374,8.0
42375,8.0
42376,8.0
42377,8.0
42378,8.0
42379,8.0
42380,8.0
42381,8.0
42382,8.0
42383,8.0
42384,8.0
42385,8.0
42386,8.0
42387,8.0
42388,8.0
42389,8.0
42390,8.0
42391,8.0
42392,8.0
42393,8.0
42394,8.0
42395,8.0
42396,8.0
42397,8.0
42398,8.0
42399,8.0
42400,8.0
42401,8.0
42402,8.0
42403,8.0
42404,8.0
42405,8.0
42406,8.0
42407,8.0
42408,8.0
42409,8.0
42410,8.0
42411,8.0
42412,8.0
42413,9.0
42414,9.0
42415,9.0
42416,9.0
42417,10.0
42418,10.0
42419,9.0
42420,9.0
42421,9.0
42422,9.0
42423,9.0
42424,9.0
42425,9.0
42426,9.0
42427,9.0
42428,9.0
42429,9.0
42430,9.0
42431,9.0
42432,9.0
42433,9.0
42434,9.0
42435,9.0
42436,9.0
42437,9.0
42438,9.0
42439,9.0
42440,9.0
42441,9.0
42442,9.0
42443,9.0
42444,9.0
42445,9.0
42446,9.0
42447,9.0
42448,9.0
42449,9.0
42450,9.0
42451,9.0
42452,9.0
42453,9.0
42454,9.0
42455,9.0
42456,9.0
42457,9.0
42458,9.0
42459,9.0
42460,9.0
42461,9.0
42462,9.0
42463,9.0
42464,9.0
42465,9.0
42466,8.0
42467,8.0
42468,8.0
42469,8.0
42470,8.0
42471,8.0
42472,8.0
42473,8.0
42474,8.0
42475,8.0
42476,8.0
42477,8.0
42478,8.0
42479,8.0
42480,8.0
42481,8.0
42482,8.0
42483,8.0
42484,8.0
42485,8.0
42486,8.0
42487,8.0
42488,8.0
42489,8.0
42490,8.0
42491,8.0
42492,8.0
42493,8.0
42494,8.0
42495,8.0
42496,8.0
42497,8.0
42498,8.0
42499,8.0
42500,8.0
42501,8.0
42502,8.0
42503,8.0
42504,8.0
42505,8.0
42506,8.0
42507,8.0
42508,8.0
42509,8.0
42510,8.0
42511,8.0
42512,8.0
42513,8.0
42514,8.0
42515,8.0
42516,8.0
42517,8.0
42518,8.0
42519,8.0
42520,8.0
42521,8.0
42522,8.0
42523,8.0
42524,8.0
42525,8.0
42526,8.0
42527,8.0
42528,8.0
42529,8.0
42530,8.0
42531,8.0
42532,8.0
42533,8.0
42534,8.0
42535,8.0
42536,8.0
42537,8.0
42538,8.0
42539,8.0
42540,8.0
42541,8.0
42542,8.0
42543,8.0
42544,8.0
42545,8.0
42546,8.0
42547,8.0
42548,8.0
42549,8.0
42550,8.0
42551,8.0
42552,8.0
42553,8.0
42554,8.0
42555,8.0
42556,8.0
42557,8.0
42558,8.0
42559,8.0
42560,8.0
42561,8.0
42562,8.0
42563,8.0
42564,8.0
42565,8.0
42566,8.0
42567,8.0
42568,8.0
42569,8.0
42570,8.0
42571,8.0
42572,8.0
42573,8.0
42574,8.0
42575,8.0
42576,8.0
42577,8.0
42578,8.0
42579,8.0
42580,8.0
42581,8.0
42582,8.0
42583,8.0
42584,8.0
42585,8.0
42586,8.0
42587,8.0
42588,8.0
42589,8.0
42590,8.0
42591,8.0
42592,8.0
42593,8.0
42594,8.0
42595,8.0
42596,8.0
42597,8.0
42598,8.0
42599,8.0
42600,8.0
42601,8.0
42602,8.0
42603,8.0
42604,8.0
42605,8.0
42606,8.0
42607,8.0
42608,8.0
42609,8.0
42610,8.0
42611,8.0
42612,8.0
42613,8.0
42614,8.0
42615,8.0
42616,8.0
42617,8.0
42618,8.0
42619,8.0
42620,8.0
42621,8.0
42622,8.0
42623,8.0
42624,8.0
42625,8.0
42626,8.0
42627,8.0
42628,8.0
42629,8.0
42630,8.0
42631,8.0
42632,7.0
42633,7.0
42634,7.0
42635,7.0
42636,7.0
42637,7.0
42638,7.0
42639,7.0
42640,7.0
42641,7.0
42642,7.0
42643,7.0
42644,7.0
42645,7.0
42646,7.0
42647,7.0
42648,7.0
42649,7.0
42650,7.0
42651,7.0
42652,7.0
42653,7.0
42654,7.0
42655,7.0
42656,7.0
42657,7.0
42658,7.0
42659,7.0
42660,7.0
42661,7.0
42662,7.0
42663,7.0
42664,7.0
42665,7.0
42666,7.0
42667,7.0
42668,7.0
42669,7.0
42670,7.0
42671,7.0
42672,7.0
42673,7.0
42674,7.0
42675,7.0
42676,7.0
42677,7.0
42678,7.0
42679,7.0
42680,7.0
42681,7.0
42682,7.0
42683,7.0
42684,7.0
42685,7.0
42686,8.0
42687,8.0
42688,8.0
42689,8.0
42690,8.0
42691,8.0
42692,8.0
42693,8.0
42694,8.0
42695,8.0
42696,8.0
42697,8.0
42698,8.0
42699,9.0
42700,9.0
42701,9.0
42702,9.0
42703,9.0
42704,9.0
42705,9.0
42706,9.0
42707,9.0
42708,9.0
42709,9.0
42710,9.0
42711,9.0
42712,8.0
42713,8.0
42714,8.0
42715,8.0
42716,8.0
42717,8.0
42718,8.0
42719,8.0
42720,8.0
42721,8.0
42722,8.0
42723,8.0
42724,8.0
42725,8.0
42726,8.0
42727,8.0
42728,8.0
42729,8.0
42730,8.0
42731,8.0
42732,8.0
42733,8.0
42734,8.0
42735,8.0
42736,8.0
42737,8.0
42738,8.0
42739,8.0
42740,8.0
42741,8.0
42742,8.0
42743,8.0
42744,8.0
42745,8.0
42746,8.0
42747,8.0
42748,8.0
42749,8.0
42750,8.0
42751,8.0
42752,7.0
42753,7.0
42754,7.0
42755,7.0
42756,7.0
42757,7.0
42758,7.0
42759,7.0
42760,7.0
42761,7.0
42762,7.0
42763,7.0
42764,7.0
42765,7.0
42766,7.0
42767,7.0
42768,7.0
42769,7.0
42770,7.0
42771,7.0
42772,7.0
42773,7.0
42774,7.0
42775,7.0
42776,7.0
42777,7.0
42778,7.0
42779,7.0
42780,7.0
42781,7.0
42782,7.0
42783,7.0
42784,7.0
42785,7.0
42786,7.0
42787,7.0
42788,7.0
42789,7.0
42790,7.0
42791,7.0
42792,7.0
42793,7.0
42794,7.0
42795,7.0
42796,7.0
42797,7.0
42798,7.0
42799,7.0
42800,7.0
42801,7.0
42802,7.0
42803,7.0
42804,7.0
42805,7.0
42806,7.0
42807,7.0
42808,7.0
42809,7.0
42810,7.0
42811,7.0
42812,7.0
42813,7.0
42814,7.0
42815,7.0
42816,7.0
42817,7.0
42818,7.0
42819,7.0
42820,7.0
42821,7.0
42822,7.0
42823,7.0
42824,7.0
42825,7.0
42826,7.0
42827,7.0
42828,7.0
42829,7.0
42830,7.0
42831,7.0
42832,7.0
42833,7.0
42834,7.0
42835,7.0
42836,7.0
42837,7.0
42838,7.0
42839,7.0
42840,7.0
42841,7.0
42842,7.0
42843,7.0
42844,7.0
42845,7.0
42846,7.0
42847,7.0
42848,7.0
42849,7.0
42850,7.0
42851,7.0
42852,7.0
42853,7.0
42854,7.0
42855,7.0
42856,7.0
42857,7.0
42858,7.0
42859,7.0
42860,7.0
42861,7.0
42862,7.0
42863,7.0
42864,7.0
42865,7.0
42866,7.0
42867,7.0
42868,7.0
42869,7.0
42870,7.0
42871,7.0
42872,7.0
42873,7.0
42874,7.0
42875,7.0
42876,7.0
42877,7.0
42878,7.0
42879,7.0
42880,7.0
42881,7.0
42882,7.0
42883,7.0
42884,7.0
42885,7.0
42886,7.0
42887,7.0
42888,7.0
42889,7.0
42890,7.0
42891,7.0
42892,7.0
42893,7.0
42894,7.0
42895,7.0
42896,7.0
42897,7.0
42898,7.0
42899,7.0
42900,7.0
42901,7.0
42902,7.0
42903,7.0
42904,7.0
42905,7.0
42906,7.0
42907,7.0
42908,7.0
42909,7.0
42910,7.0
42911,7.0
42912,7.0
42913,7.0
42914,7.0
42915,7.0
42916,7.0
42917,7.0
42918,7.0
42919,7.0
42920,7.0
42921,7.0
42922,7.0
42923,7.0
42924,7.0
42925,7.0
42926,7.0
42927,7.0
42928,7.0
42929,7.0
42930,7.0
42931,7.0
42932,8.0
42933,8.0
42934,8.0
42935,8.0
42936,8.0
42937,8.0
42938,8.0
42939,8.0
42940,8.0
42941,8.0
42942,8.0
42943,8.0
42944,8.0
42945,8.0
42946,8.0
42947,8.0
42948,8.0
42949,8.0
42950,8.0
42951,8.0
42952,8.0
42953,8.0
42954,8.0
42955,8.0
42956,8.0
42957,8.0
42958,8.0
42959,9.0
42960,9.0
42961,9.0
42962,9.0
42963,9.0
42964,9.0
42965,9.0
42966,9.0
42967,9.0
42968,9.0
42969,9.0
42970,9.0
42971,9.0
42972,9.0
42973,9.0
42974,9.0
42975,9.0
42976,9.0
42977,9.0
42978,9.0
42979,9.0
42980,9.0
42981,9.0
42982,9.0
42983,9.0
42984,9.0
42985,9.0
42986,9.0
42987,9.0
42988,9.0
42989,9.0
42990,9.0
42991,9.0
42992,9.0
42993,9.0
42994,9.0
42995,9.0
42996,9.0
42997,9.0
42998,9.0
42999,9.0
43000,9.0
43001,9.0
43002,9.0
43003,9.0
43004,9.0
43005,9.0
43006,9.0
43007,9.0
43008,9.0
43009,9.0
43010,9.0
43011,9.0
43012,9.0
43013,9.0
43014,9.0
43015,9.0
43016,9.0
43017,9.0
43018,9.0
43019,9.0
43020,9.0
43021,9.0
43022,9.0
43023,9.0
43024,9.0
43025,9.0
43026,9.0
43027,9.0
43028,9.0
43029,9.0
43030,9.0
43031,9.0
43032,9.0
43033,9.0
43034,9.0
43035,9.0
43036,9.0
43037,9.0
43038,9.0
43039,9.0
43040,9.0
43041,9.0
43042,9.0
43043,9.0
43044,9.0
43045,9.0
43046,9.0
43047,7.0
43048,7.0
43049,7.0
43050,7.0
43051,7.0
43052,7.0
43053,7.0
43054,7.0
43055,7.0
43056,7.0
43057,7.0
43058,7.0
43059,7.0
43060,7.0
43061,7.0
43062,7.0
43063,7.0
43064,7.0
43065,7.0
43066,7.0
43067,7.0
43068,7.0
43069,7.0
43070,7.0
43071,7.0
43072,7.0
43073,7.0
43074,7.0
43075,7.0
43076,7.0
43077,7.0
43078,7.0
43079,7.0
43080,7.0
43081,7.0
43082,7.0
43083,7.0
43084,7.0
43085,7.0
43086,7.0
43087,7.0
43088,7.0
43089,7.0
43090,7.0
43091,7.0
43092,7.0
43093,7.0
43094,7.0
43095,7.0
43096,7.0
43097,7.0
43098,7.0
43099,7.0
43100,7.0
43101,7.0
43102,7.0
43103,7.0
43104,7.0
43105,7.0
43106,7.0
43107,7.0
43108,7.0
43109,7.0
43110,7.0
43111,7.0
43112,7.0
43113,7.0
43114,7.0
43115,7.0
43116,7.0
43117,7.0
43118,7.0
43119,7.0
43120,7.0
43121,7.0
43122,7.0
43123,7.0
43124,7.0
43125,7.0
43126,7.0
43127,7.0
43128,7.0
43129,7.0
43130,7.0
43131,7.0
43132,7.0
43133,7.0
43134,7.0
43135,7.0
43136,7.0
43137,7.0
43138,7.0
43139,7.0
43140,7.0
43141,7.0
43142,7.0
43143,7.0
43144,7.0
43145,7.0
43146,7.0
43147,7.0
43148,7.0
43149,7.0
43150,7.0
43151,7.0
43152,7.0
43153,7.0
43154,7.0
43155,7.0
43156,7.0
43157,7.0
43158,7.0
43159,7.0
43160,7.0
43161,7.0
43162,7.0
43163,7.0
43164,7.0
43165,7.0
43166,7.0
43167,7.0
43168,7.0
43169,7.0
43170,7.0
43171,7.0
43172,7.0
43173,7.0
43174,7.0
43175,7.0
43176,7.0
43177,7.0
43178,7.0
43179,7.0
43180,7.0
43181,7.0
43182,7.0
43183,7.0
43184,7.0
43185,7.0
43186,7.0
43187,7.0
43188,7.0
43189,7.0
43190,7.0
43191,7.0
43192,7.0
43193,7.0
43194,7.0
43195,7.0
43196,7.0
43197,7.0
43198,7.0
43199,7.0
43200,7.0
43201,7.0
43202,7.0
43203,7.0
43204,7.0
43205,7.0
43206,7.0
43207,7.0
43208,7.0
43209,7.0
43210,7.0
43211,7.0
43212,7.0
43213,7.0
43214,7.0
43215,7.0
43216,7.0
43217,7.0
43218,7.0
43219,7.0
43220,7.0
43221,7.0
43222,7.0
43223,7.0
43224,7.0
43225,7.0
43226,7.0
43227,7.0
43228,7.0
43229,7.0
43230,7.0
43231,7.0
43232,7.0
43233,7.0
43234,7.0
43235,7.0
43236,7.0
43237,7.0
43238,7.0
43239,7.0
43240,7.0
43241,7.0
43242,7.0
43243,7.0
43244,7.0
43245,7.0
43246,7.0
43247,7.0
43248,7.0
43249,7.0
43250,7.0
43251,7.0
43252,7.0
43253,7.0
43254,7.0
43255,7.0
43256,7.0
43257,7.0
43258,7.0
43259,7.0
43260,7.0
43261,7.0
43262,7.0
43263,7.0
43264,7.0
43265,7.0
43266,7.0
43267,7.0
43268,7.0
43269,7.0
43270,7.0
43271,7.0
43272,7.0
43273,7.0
43274,7.0
43275,7.0
43276,7.0
43277,7.0
43278,7.0
43279,7.0
43280,7.0
43281,7.0
43282,7.0
43283,7.0
43284,7.0
43285,7.0
43286,7.0
43287,7.0
43288,7.0
43289,7.0
43290,7.0
43291,7.0
43292,7.0
43293,7.0
43294,7.0
43295,7.0
43296,7.0
43297,7.0
43298,7.0
43299,7.0
43300,7.0
43301,7.0
43302,7.0
43303,7.0
43304,7.0
43305,7.0
43306,7.0
43307,7.0
43308,7.0
43309,7.0
43310,7.0
43311,7.0
43312,7.0
43313,7.0
43314,7.0
43315,7.0
43316,7.0
43317,7.0
43318,7.0
43319,7.0
43320,7.0
43321,7.0
43322,7.0
43323,7.0
43324,7.0
43325,7.0
43326,7.0
43327,7.0
43328,7.0
43329,7.0
43330,7.0
43331,7.0
43332,7.0
43333,7.0
43334,7.0
43335,7.0
43336,7.0
43337,7.0
43338,7.0
43339,7.0
43340,7.0
43341,7.0
43342,7.0
43343,7.0
43344,7.0
43345,7.0
43346,7.0
43347,7.0
43348,7.0
43349,7.0
43350,7.0
43351,7.0
43352,7.0
43353,7.0
43354,7.0
43355,7.0
43356,7.0
43357,7.0
43358,7.0
43359,7.0
43360,7.0
43361,7.0
43362,7.0
43363,7.0
43364,7.0
43365,7.0
43366,7.0
43367,7.0
43368,7.0
43369,7.0
43370,7.0
43371,7.0
43372,7.0
43373,7.0
43374,7.0
43375,7.0
43376,7.0
43377,7.0
43378,7.0
43379,7.0
43380,8.0
43381,8.0
43382,8.0
43383,8.0
43384,8.0
43385,8.0
43386,8.0
43387,8.0
43388,8.0
43389,8.0
43390,8.0
43391,8.0
43392,8.0
43393,8.0
43394,8.0
43395,8.0
43396,8.0
43397,8.0
43398,8.0
43399,8.0
43400,8.0
43401,8.0
43402,8.0
43403,8.0
43404,8.0
43405,8.0
43406,8.0
43407,8.0
43408,8.0
43409,8.0
43410,8.0
43411,8.0
43412,8.0
43413,8.0
43414,9.0
43415,9.0
43416,9.0
43417,9.0
43418,9.0
43419,9.0
43420,9.0
43421,9.0
43422,9.0
43423,9.0
43424,9.0
43425,9.0
43426,9.0
43427,9.0
43428,9.0
43429,9.0
43430,9.0
43431,9.0
43432,9.0
43433,9.0
43434,9.0
43435,9.0
43436,9.0
43437,9.0
43438,9.0
43439,9.0
43440,9.0
43441,9.0
43442,9.0
43443,9.0
43444,9.0
43445,9.0
43446,9.0
43447,9.0
43448,9.0
43449,9.0
43450,9.0
43451,9.0
43452,9.0
43453,9.0
43454,9.0
43455,9.0
43456,9.0
43457,9.0
43458,9.0
43459,9.0
43460,9.0
43461,9.0
43462,9.0
43463,9.0
43464,9.0
43465,9.0
43466,9.0
43467,9.0
43468,9.0
43469,9.0
43470,9.0
43471,8.0
43472,8.0
43473,8.0
43474,8.0
43475,8.0
43476,8.0
43477,8.0
43478,8.0
43479,8.0
43480,8.0
43481,8.0
43482,8.0
43483,8.0
43484,8.0
43485,8.0
43486,8.0
43487,8.0
43488,8.0
43489,8.0
43490,8.0
43491,8.0
43492,8.0
43493,8.0
43494,8.0
43495,8.0
43496,8.0
43497,8.0
43498,8.0
43499,8.0
43500,8.0
43501,8.0
43502,8.0
43503,8.0
43504,8.0
43505,8.0
43506,8.0
43507,8.0
43508,8.0
43509,8.0
43510,8.0
43511,8.0
43512,8.0
43513,8.0
43514,8.0
43515,8.0
43516,8.0
43517,8.0
43518,8.0
43519,8.0
43520,8.0
43521,8.0
43522,8.0
43523,8.0
43524,8.0
43525,8.0
43526,8.0
43527,8.0
43528,8.0
43529,8.0
43530,8.0
43531,8.0
43532,8.0
43533,8.0
43534,8.0
43535,8.0
43536,8.0
43537,8.0
43538,8.0
43539,8.0
43540,8.0
43541,8.0
43542,8.0
43543,8.0
43544,8.0
43545,8.0
43546,8.0
43547,8.0
43548,8.0
43549,8.0
43550,8.0
43551,8.0
43552,8.0
43553,8.0
43554,8.0
43555,8.0
43556,8.0
43557,8.0
43558,8.0
43559,8.0
43560,8.0
43561,8.0
43562,8.0
43563,8.0
43564,8.0
43565,8.0
43566,8.0
43567,8.0
43568,8.0
43569,8.0
43570,8.0
43571,8.0
43572,8.0
43573,8.0
43574,8.0
43575,8.0
43576,8.0
43577,8.0
43578,8.0
43579,8.0
43580,8.0
43581,8.0
43582,8.0
43583,8.0
43584,8.0
43585,8.0
43586,8.0
43587,8.0
43588,8.0
43589,8.0
43590,8.0
43591,8.0
43592,8.0
43593,8.0
43594,8.0
43595,8.0
43596,8.0
43597,8.0
43598,8.0
43599,8.0
43600,8.0
43601,8.0
43602,8.0
43603,8.0
43604,8.0
43605,8.0
43606,8.0
43607,8.0
43608,8.0
43609,8.0
43610,8.0
43611,8.0
43612,8.0
43613,8.0
43614,8.0
43615,8.0
43616,8.0
43617,8.0
43618,8.0
43619,8.0
43620,8.0
43621,8.0
43622,8.0
43623,8.0
43624,8.0
43625,8.0
43626,8.0
43627,8.0
43628,8.0
43629,8.0
43630,8.0
43631,8.0
43632,8.0
43633,8.0
43634,8.0
43635,8.0
43636,8.0
43637,8.0
43638,8.0
43639,8.0
43640,8.0
43641,8.0
43642,8.0
43643,8.0
43644,8.0
43645,8.0
43646,8.0
43647,8.0
43648,8.0
43649,8.0
43650,8.0
43651,8.0
43652,8.0
43653,8.0
43654,8.0
43655,8.0
43656,8.0
43657,8.0
43658,8.0
43659,8.0
43660,8.0
43661,8.0
43662,8.0
43663,8.0
43664,8.0
43665,8.0
43666,8.0
43667,8.0
43668,8.0
43669,8.0
43670,8.0
43671,8.0
43672,8.0
43673,7.0
43674,7.0
43675,7.0
43676,7.0
43677,7.0
43678,7.0
43679,7.0
43680,7.0
43681,7.0
43682,7.0
43683,7.0
43684,7.0
43685,7.0
43686,7.0
43687,7.0
43688,7.0
43689,7.0
43690,7.0
43691,7.0
43692,7.0
43693,7.0
43694,7.0
43695,7.0
43696,7.0
43697,7.0
43698,7.0
43699,7.0
43700,7.0
43701,7.0
43702,7.0
43703,7.0
43704,7.0
43705,7.0
43706,7.0
43707,7.0
43708,7.0
43709,7.0
43710,7.0
43711,7.0
43712,7.0
43713,7.0
43714,7.0
43715,7.0
43716,7.0
43717,7.0
43718,7.0
43719,7.0
43720,7.0
43721,7.0
43722,7.0
43723,7.0
43724,7.0
43725,7.0
43726,7.0
43727,7.0
43728,8.0
43729,8.0
43730,8.0
43731,8.0
43732,8.0
43733,8.0
43734,8.0
43735,8.0
43736,8.0
43737,8.0
43738,8.0
43739,8.0
43740,8.0
43741,8.0
43742,8.0
43743,8.0
43744,8.0
43745,8.0
43746,8.0
43747,8.0
43748,8.0
43749,8.0
43750,8.0
43751,8.0
43752,8.0
43753,8.0
43754,8.0
43755,8.0
43756,8.0
43757,8.0
43758,8.0
43759,8.0
43760,8.0
43761,8.0
43762,8.0
43763,8.0
43764,8.0
43765,8.0
43766,8.0
43767,8.0
43768,8.0
43769,8.0
43770,8.0
43771,8.0
43772,8.0
43773,8.0
43774,8.0
43775,8.0
43776,8.0
43777,8.0
43778,8.0
43779,8.0
43780,8.0
43781,8.0
43782,8.0
43783,8.0
43784,8.0
43785,8.0
43786,8.0
43787,8.0
43788,8.0
43789,8.0
43790,8.0
43791,8.0
43792,8.0
43793,8.0
43794,8.0
43795,8.0
43796,8.0
43797,8.0
43798,8.0
43799,8.0
43800,8.0
43801,8.0
43802,8.0
43803,8.0
43804,8.0
43805,8.0
43806,8.0
43807,9.0
43808,9.0
43809,9.0
43810,9.0
43811,9.0
43812,9.0
43813,9.0
43814,9.0
43815,9.0
43816,9.0
43817,9.0
43818,9.0
43819,9.0
43820,9.0
43821,9.0
43822,9.0
43823,9.0
43824,9.0
43825,9.0
43826,9.0
43827,9.0
43828,9.0
43829,9.0
43830,9.0
43831,9.0
43832,9.0
43833,10.0
43834,10.0
43835,10.0
43836,10.0
43837,10.0
43838,10.0
43839,10.0
43840,10.0
43841,10.0
43842,10.0
43843,10.0
43844,10.0
43845,10.0
43846,10.0
43847,10.0
43848,10.0
43849,10.0
43850,10.0
43851,10.0
43852,10.0
43853,10.0
43854,10.0
43855,10.0
43856,10.0
43857,10.0
43858,10.0
43859,10.0
43860,10.0
43861,10.0
43862,10.0
43863,10.0
43864,10.0
43865,10.0
43866,10.0
43867,10.0
43868,10.0
43869,10.0
43870,10.0
43871,10.0
43872,10.0
43873,10.0
43874,10.0
43875,10.0
43876,10.0
43877,10.0
43878,10.0
43879,10.0
43880,10.0
43881,10.0
43882,10.0
43883,10.0
43884,10.0
43885,10.0
43886,10.0
43887,10.0
43888,10.0
43889,10.0
43890,10.0
43891,10.0
43892,10.0
43893,10.0
43894,10.0
43895,10.0
43896,10.0
43897,10.0
43898,10.0
43899,10.0
43900,10.0
43901,10.0
43902,10.0
43903,10.0
43904,10.0
43905,10.0
43906,10.0
43907,10.0
43908,10.0
43909,10.0
43910,10.0
43911,10.0
43912,10.0
43913,10.0
43914,10.0
43915,10.0
43916,10.0
43917,10.0
43918,10.0
43919,10.0
43920,10.0
43921,10.0
43922,10.0
43923,10.0
43924,10.0
43925,10.0
43926,10.0
43927,10.0
43928,10.0
43929,10.0
43930,10.0
43931,10.0
43932,10.0
43933,10.0
43934,10.0
43935,10.0
43936,10.0
43937,10.0
43938,10.0
43939,10.0
43940,10.0
43941,10.0
43942,10.0
43943,10.0
43944,10.0
43945,10.0
43946,10.0
43947,10.0
43948,10.0
43949,10.0
43950,10.0
43951,10.0
43952,10.0
43953,10.0
43954,10.0
43955,10.0
43956,10.0
43957,10.0
43958,10.0
43959,10.0
43960,10.0
43961,10.0
43962,10.0
43963,10.0
43964,10.0
43965,10.0
43966,10.0
43967,10.0
43968,10.0
43969,10.0
43970,10.0
43971,10.0
43972,10.0
43973,10.0
43974,10.0
43975,10.0
43976,10.0
43977,10.0
43978,10.0
43979,10.0
43980,10.0
43981,10.0
43982,10.0
43983,10.0
43984,10.0
43985,10.0
43986,10.0
43987,10.0
43988,10.0
43989,10.0
43990,10.0
43991,10.0
43992,10.0
43993,10.0
43994,10.0
43995,10.0
43996,10.0
43997,10.0
43998,10.0
43999,10.0
44000,10.0
44001,10.0
44002,10.0
44003,10.0
44004,10.0
44005,10.0
44006,10.0
44007,10.0
44008,10.0
44009,10.0
44010,10.0
44011,10.0
44012,10.0
44013,10.0
44014,10.0
44015,10.0
44016,10.0
44017,10.0
44018,10.0
44019,10.0
44020,10.0
44021,10.0
44022,10.0
44023,10.0
44024,10.0
44025,10.0
44026,10.0
44027,10.0
44028,10.0
44029,10.0
44030,10.0
44031,10.0
44032,10.0
44033,10.0
44034,10.0
44035,10.0
44036,10.0
44037,10.0
44038,10.0
44039,10.0
44040,10.0
44041,10.0
44042,10.0
44043,10.0
44044,10.0
44045,10.0
44046,10.0
44047,11.0
44048,11.0
44049,11.0
44050,11.0
44051,11.0
44052,11.0
44053,11.0
44054,11.0
44055,11.0
44056,11.0
44057,11.0
44058,11.0
44059,11.0
44060,11.0
44061,11.0
44062,11.0
44063,11.0
44064,11.0
44065,11.0
44066,11.0
44067,11.0
44068,11.0
44069,11.0
44070,12.0
44071,12.0
44072,12.0
44073,12.0
44074,12.0
44075,12.0
44076,12.0
44077,12.0
44078,12.0
44079,12.0
44080,12.0
44081,12.0
44082,12.0
44083,12.0
44084,12.0
44085,12.0
44086,12.0
44087,12.0
44088,12.0
44089,12.0
44090,12.0
44091,12.0
44092,12.0
44093,12.0
44094,12.0
44095,12.0
44096,12.0
44097,12.0
44098,12.0
44099,12.0
44100,12.0
44101,12.0
44102,12.0
44103,12.0
44104,12.0
44105,12.0
44106,12.0
44107,12.0
44108,12.0
44109,12.0
44110,12.0
44111,12.0
44112,12.0
44113,12.0
44114,12.0
44115,12.0
44116,12.0
44117,12.0
44118,12.0
44119,12.0
44120,12.0
44121,12.0
44122,12.0
44123,12.0
44124,12.0
44125,12.0
44126,12.0
44127,12.0
44128,12.0
44129,12.0
44130,12.0
44131,12.0
44132,12.0
44133,12.0
44134,12.0
44135,12.0
44136,12.0
44137,12.0
44138,12.0
44139,12.0
44140,12.0
44141,12.0
44142,11.0
44143,11.0
44144,11.0
44145,11.0
44146,11.0
44147,11.0
44148,11.0
44149,11.0
44150,11.0
44151,11.0
44152,11.0
44153,11.0
44154,11.0
44155,11.0
44156,11.0
44157,11.0
44158,11.0
44159,11.0
44160,11.0
44161,11.0
44162,11.0
44163,11.0
44164,11.0
44165,11.0
44166,11.0
44167,11.0
44168,11.0
44169,11.0
44170,11.0
44171,11.0
44172,11.0
44173,11.0
44174,11.0
44175,11.0
44176,11.0
44177,11.0
44178,11.0
44179,11.0
44180,11.0
44181,11.0
44182,11.0
44183,11.0
44184,11.0
44185,11.0
44186,11.0
44187,11.0
44188,11.0
44189,11.0
44190,11.0
44191,11.0
44192,11.0
44193,11.0
44194,11.0
44195,11.0
44196,11.0
44197,11.0
44198,11.0
44199,11.0
44200,11.0
44201,11.0
44202,11.0
44203,11.0
44204,11.0
44205,11.0
44206,11.0
44207,11.0
44208,11.0
44209,11.0
44210,11.0
44211,11.0
44212,11.0
44213,11.0
44214,11.0
44215,11.0
44216,11.0
44217,11.0
44218,11.0
44219,11.0
44220,11.0
44221,11.0
44222,11.0
44223,11.0
44224,11.0
44225,11.0
44226,11.0
44227,11.0
44228,11.0
44229,11.0
44230,11.0
44231,11.0
44232,11.0
44233,11.0
44234,11.0
44235,11.0
44236,11.0
44237,11.0
44238,11.0
44239,11.0
44240,11.0
44241,11.0
44242,11.0
44243,11.0
44244,11.0
44245,11.0
44246,11.0
44247,11.0
44248,11.0
44249,11.0
44250,11.0
44251,11.0
44252,11.0
44253,11.0
44254,11.0
44255,11.0
44256,11.0
44257,11.0
44258,11.0
44259,11.0
44260,11.0
44261,11.0
44262,11.0
44263,11.0
44264,11.0
44265,11.0
44266,11.0
44267,11.0
44268,11.0
44269,11.0
44270,12.0
44271,12.0
44272,12.0
44273,12.0
44274,12.0
44275,12.0
44276,12.0
44277,12.0
44278,12.0
44279,12.0
44280,12.0
44281,12.0
44282,12.0
44283,12.0
44284,12.0
44285,12.0
44286,12.0
44287,12.0
44288,12.0
44289,12.0
44290,12.0
44291,12.0
44292,12.0
44293,12.0
44294,12.0
44295,12.0
44296,12.0
44297,12.0
44298,12.0
44299,12.0
44300,12.0
44301,12.0
44302,12.0
44303,12.0
44304,12.0
44305,12.0
44306,12.0
44307,12.0
44308,12.0
44309,12.0
44310,12.0
44311,12.0
44312,12.0
44313,12.0
44314,12.0
44315,12.0
44316,12.0
44317,12.0
44318,12.0
44319,12.0
44320,12.0
44321,12.0
44322,12.0
44323,12.0
44324,12.0
44325,12.0
44326,12.0
44327,12.0
44328,12.0
44329,12.0
44330,12.0
44331,12.0
44332,12.0
44333,12.0
44334,12.0
44335,12.0
44336,12.0
44337,12.0
44338,12.0
44339,12.0
44340,12.0
44341,12.0
44342,12.0
44343,12.0
44344,12.0
44345,12.0
44346,12.0
44347,12.0
44348,12.0
44349,12.0
44350,12.0
44351,12.0
44352,12.0
44353,12.0
44354,12.0
44355,12.0
44356,12.0
44357,12.0
44358,12.0
44359,12.0
44360,12.0
44361,12.0
44362,12.0
44363,12.0
44364,12.0
44365,12.0
44366,12.0
44367,12.0
44368,12.0
44369,12.0
44370,12.0
44371,12.0
44372,12.0
44373,12.0
44374,12.0
44375,12.0
44376,12.0
44377,12.0
44378,12.0
44379,12.0
44380,12.0
44381,12.0
44382,12.0
44383,12.0
44384,12.0
44385,12.0
44386,12.0
44387,12.0
44388,12.0
44389,12.0
44390,12.0
44391,12.0
44392,12.0
44393,12.0
44394,12.0
44395,12.0
44396,12.0
44397,12.0
44398,12.0
44399,12.0
44400,12.0
44401,12.0
44402,12.0
44403,12.0
44404,12.0
44405,12.0
44406,12.0
44407,12.0
44408,12.0
44409,12.0
44410,12.0
44411,12.0
44412,12.0
44413,12.0
44414,12.0
44415,12.0
44416,12.0
44417,12.0
44418,12.0
44419,12.0
44420,12.0
44421,12.0
44422,12.0
44423,12.0
44424,12.0
44425,12.0
44426,12.0
44427,12.0
44428,12.0
44429,12.0
44430,12.0
44431,12.0
44432,12.0
44433,11.0
44434,11.0
44435,11.0
44436,11.0
44437,11.0
44438,11.0
44439,11.0
44440,11.0
44441,11.0
44442,11.0
44443,11.0
44444,11.0
44445,11.0
44446,11.0
44447,11.0
44448,11.0
44449,11.0
44450,11.0
44451,11.0
44452,11.0
44453,11.0
44454,11.0
44455,11.0
44456,11.0
44457,11.0
44458,11.0
44459,11.0
44460,11.0
44461,11.0
44462,11.0
44463,11.0
44464,11.0
44465,11.0
44466,11.0
44467,11.0
44468,11.0
44469,11.0
44470,11.0
44471,11.0
44472,11.0
44473,11.0
44474,11.0
44475,11.0
44476,11.0
44477,11.0
44478,11.0
44479,11.0
44480,11.0
44481,11.0
44482,11.0
44483,11.0
44484,11.0
44485,11.0
44486,11.0
44487,11.0
44488,11.0
44489,11.0
44490,11.0
44491,11.0
44492,11.0
44493,11.0
44494,11.0
44495,11.0
44496,11.0
44497,11.0
44498,11.0
44499,11.0
44500,11.0
44501,11.0
44502,11.0
44503,11.0
44504,11.0
44505,11.0
44506,11.0
44507,11.0
44508,11.0
44509,11.0
44510,11.0
44511,11.0
44512,11.0
44513,11.0
44514,11.0
44515,11.0
44516,11.0
44517,11.0
44518,11.0
44519,11.0
44520,11.0
44521,11.0
44522,11.0
44523,11.0
44524,11.0
44525,11.0
44526,11.0
44527,11.0
44528,11.0
44529,11.0
44530,11.0
44531,11.0
44532,11.0
44533,11.0
44534,11.0
44535,11.0
44536,11.0
44537,11.0
44538,11.0
44539,11.0
44540,11.0
44541,11.0
44542,11.0
44543,11.0
44544,11.0
44545,11.0
44546,11.0
44547,11.0
44548,11.0
44549,11.0
44550,11.0
44551,11.0
44552,11.0
44553,11.0
44554,11.0
44555,11.0
44556,11.0
44557,11.0
44558,11.0
44559,11.0
44560,11.0
44561,11.0
44562,11.0
44563,11.0
44564,11.0
44565,11.0
44566,11.0
44567,11.0
44568,11.0
44569,11.0
44570,11.0
44571,12.0
44572,12.0
44573,12.0
44574,12.0
44575,12.0
44576,12.0
44577,12.0
44578,12.0
44579,12.0
44580,12.0
44581,12.0
44582,12.0
44583,12.0
44584,12.0
44585,12.0
44586,12.0
44587,12.0
44588,12.0
44589,12.0
44590,12.0
44591,12.0
44592,12.0
44593,12.0
44594,12.0
44595,12.0
44596,12.0
44597,12.0
44598,12.0
44599,12.0
44600,12.0
44601,12.0
44602,12.0
44603,12.0
44604,12.0
44605,12.0
44606,12.0
44607,12.0
44608,12.0
44609,12.0
44610,12.0
44611,12.0
44612,12.0
44613,12.0
44614,12.0
44615,12.0
44616,12.0
44617,12.0
44618,12.0
44619,12.0
44620,12.0
44621,12.0
44622,12.0
44623,12.0
44624,12.0
44625,12.0
44626,12.0
44627,12.0
44628,12.0
44629,12.0
44630,12.0
44631,12.0
44632,12.0
44633,12.0
44634,12.0
44635,12.0
44636,12.0
44637,12.0
44638,12.0
44639,12.0
44640,12.0
44641,12.0
44642,11.0
44643,11.0
44644,11.0
44645,11.0
44646,11.0
44647,11.0
44648,11.0
44649,11.0
44650,11.0
44651,11.0
44652,11.0
44653,11.0
44654,11.0
44655,12.0
44656,12.0
44657,12.0
44658,12.0
44659,12.0
44660,12.0
44661,12.0
44662,12.0
44663,12.0
44664,12.0
44665,12.0
44666,12.0
44667,12.0
44668,12.0
44669,12.0
44670,12.0
44671,12.0
44672,12.0
44673,12.0
44674,12.0
44675,12.0
44676,12.0
44677,12.0
44678,12.0
44679,12.0
44680,12.0
44681,12.0
44682,12.0
44683,12.0
44684,12.0
44685,12.0
44686,12.0
44687,12.0
44688,12.0
44689,12.0
44690,12.0
44691,12.0
44692,12.0
44693,12.0
44694,12.0
44695,12.0
44696,12.0
44697,12.0
44698,12.0
44699,12.0
44700,12.0
44701,12.0
44702,12.0
44703,12.0
44704,12.0
44705,12.0
44706,12.0
44707,12.0
44708,12.0
44709,12.0
44710,12.0
44711,12.0
44712,12.0
44713,12.0
44714,12.0
44715,9.0
44716,9.0
44717,9.0
44718,9.0
44719,9.0
44720,9.0
44721,9.0
44722,9.0
44723,9.0
44724,9.0
44725,9.0
44726,9.0
44727,9.0
44728,9.0
44729,9.0
44730,9.0
44731,9.0
44732,9.0
44733,9.0
44734,9.0
44735,9.0
44736,9.0
44737,9.0
44738,9.0
44739,9.0
44740,9.0
44741,9.0
44742,9.0
44743,9.0
44744,9.0
44745,9.0
44746,9.0
44747,9.0
44748,9.0
44749,9.0
44750,9.0
44751,9.0
44752,9.0
44753,9.0
44754,9.0
44755,9.0
44756,9.0
44757,9.0
44758,9.0
44759,9.0
44760,9.0
44761,9.0
44762,9.0
44763,9.0
44764,9.0
44765,9.0
44766,9.0
44767,9.0
44768,9.0
44769,9.0
44770,9.0
44771,9.0
44772,9.0
44773,9.0
44774,9.0
44775,9.0
44776,9.0
44777,9.0
44778,9.0
44779,9.0
44780,9.0
44781,9.0
44782,9.0
44783,9.0
44784,9.0
44785,9.0
44786,9.0
44787,9.0
44788,9.0
44789,9.0
44790,9.0
44791,9.0
44792,9.0
44793,9.0
44794,9.0
44795,9.0
44796,9.0
44797,9.0
44798,9.0
44799,9.0
44800,9.0
44801,9.0
44802,9.0
44803,9.0
44804,9.0
44805,9.0
44806,9.0
44807,9.0
44808,9.0
44809,9.0
44810,9.0
44811,9.0
44812,9.0
44813,9.0
44814,9.0
44815,9.0
44816,9.0
44817,9.0
44818,9.0
44819,9.0
44820,9.0
44821,9.0
44822,9.0
44823,9.0
44824,9.0
44825,9.0
44826,9.0
44827,9.0
44828,9.0
44829,9.0
44830,9.0
44831,9.0
44832,9.0
44833,9.0
44834,9.0
44835,9.0
44836,9.0
44837,9.0
44838,9.0
44839,9.0
44840,9.0
44841,9.0
44842,9.0
44843,9.0
44844,9.0
44845,9.0
44846,9.0
44847,9.0
44848,9.0
44849,9.0
44850,9.0
44851,9.0
44852,9.0
44853,9.0
44854,9.0
44855,9.0
44856,9.0
44857,9.0
44858,9.0
44859,9.0
44860,9.0
44861,9.0
44862,9.0
44863,9.0
44864,9.0
44865,9.0
44866,7.0
44867,7.0
44868,7.0
44869,7.0
44870,7.0
44871,7.0
44872,7.0
44873,7.0
44874,7.0
44875,7.0
44876,7.0
44877,7.0
44878,7.0
44879,7.0
44880,7.0
44881,7.0
44882,7.0
44883,7.0
44884,7.0
44885,7.0
44886,7.0
44887,7.0
44888,7.0
44889,7.0
44890,7.0
44891,7.0
44892,7.0
44893,7.0
44894,7.0
44895,7.0
44896,7.0
44897,7.0
44898,7.0
44899,7.0
44900,7.0
44901,7.0
44902,7.0
44903,7.0
44904,7.0
44905,8.0
44906,8.0
44907,8.0
44908,8.0
44909,8.0
44910,8.0
44911,8.0
44912,8.0
44913,8.0
44914,8.0
44915,8.0
44916,8.0
44917,8.0
44918,8.0
44919,8.0
44920,8.0
44921,8.0
44922,8.0
44923,8.0
44924,8.0
44925,8.0
44926,8.0
44927,8.0
44928,8.0
44929,8.0
44930,8.0
44931,8.0
44932,8.0
44933,8.0
44934,8.0
44935,8.0
44936,8.0
44937,8.0
44938,8.0
44939,8.0
44940,8.0
44941,8.0
44942,8.0
44943,8.0
44944,8.0
44945,8.0
44946,8.0
44947,8.0
44948,8.0
44949,8.0
44950,8.0
44951,8.0
44952,8.0
44953,8.0
44954,8.0
44955,8.0
44956,8.0
44957,8.0
44958,8.0
44959,8.0
44960,8.0
44961,8.0
44962,8.0
44963,8.0
44964,8.0
44965,8.0
44966,8.0
44967,8.0
44968,8.0
44969,8.0
44970,8.0
44971,8.0
44972,8.0
44973,8.0
44974,8.0
44975,8.0
44976,8.0
44977,8.0
44978,8.0
44979,9.0
44980,9.0
44981,9.0
44982,9.0
44983,9.0
44984,9.0
44985,9.0
44986,9.0
44987,9.0
44988,9.0
44989,9.0
44990,9.0
44991,9.0
44992,9.0
44993,9.0
44994,9.0
44995,9.0
44996,9.0
44997,9.0
44998,9.0
44999,9.0
45000,9.0
45001,9.0
45002,9.0
45003,9.0
45004,9.0
45005,10.0
45006,10.0
45007,10.0
45008,10.0
45009,10.0
45010,10.0
45011,10.0
45012,10.0
45013,10.0
45014,10.0
45015,10.0
45016,10.0
45017,10.0
45018,10.0
45019,10.0
45020,10.0
45021,10.0
45022,10.0
45023,10.0
45024,10.0
45025,10.0
45026,10.0
45027,10.0
45028,10.0
45029,10.0
45030,10.0
45031,10.0
45032,10.0
45033,10.0
45034,10.0
45035,10.0
45036,10.0
45037,10.0
45038,10.0
45039,10.0
45040,10.0
45041,10.0
45042,10.0
45043,10.0
45044,10.0
45045,10.0
45046,10.0
45047,10.0
45048,10.0
45049,10.0
45050,10.0
45051,10.0
45052,10.0
45053,10.0
45054,10.0
45055,10.0
45056,10.0
45057,10.0
45058,10.0
45059,10.0
45060,10.0
45061,10.0
45062,10.0
45063,10.0
45064,10.0
45065,10.0
45066,10.0
45067,10.0
45068,10.0
45069,10.0
45070,10.0
45071,10.0
45072,10.0
45073,10.0
45074,10.0
45075,10.0
45076,10.0
45077,10.0
45078,10.0
45079,10.0
45080,10.0
45081,10.0
45082,10.0
45083,10.0
45084,10.0
45085,10.0
45086,10.0
45087,10.0
45088,10.0
45089,10.0
45090,10.0
45091,10.0
45092,10.0
45093,10.0
45094,10.0
45095,10.0
45096,10.0
45097,10.0
45098,10.0
45099,10.0
45100,10.0
45101,10.0
45102,10.0
45103,10.0
45104,10.0
45105,10.0
45106,10.0
45107,10.0
45108,10.0
45109,10.0
45110,10.0
45111,10.0
45112,10.0
45113,10.0
45114,10.0
45115,10.0
45116,10.0
45117,10.0
45118,10.0
45119,10.0
45120,10.0
45121,10.0
45122,10.0
45123,10.0
45124,10.0
45125,10.0
45126,10.0
45127,10.0
45128,10.0
45129,10.0
45130,10.0
45131,10.0
45132,10.0
45133,10.0
45134,10.0
45135,10.0
45136,10.0
45137,10.0
45138,10.0
45139,10.0
45140,10.0
45141,10.0
45142,10.0
45143,10.0
45144,10.0
45145,10.0
45146,10.0
45147,10.0
45148,10.0
45149,10.0
45150,10.0
45151,10.0
45152,10.0
45153,10.0
45154,10.0
45155,10.0
45156,10.0
45157,10.0
45158,10.0
45159,10.0
45160,10.0
45161,10.0
45162,10.0
45163,10.0
45164,10.0
45165,10.0
45166,10.0
45167,10.0
45168,10.0
45169,10.0
45170,10.0
45171,10.0
45172,10.0
45173,10.0
45174,10.0
45175,10.0
45176,10.0
45177,10.0
45178,10.0
45179,10.0
45180,10.0
45181,10.0
45182,10.0
45183,10.0
45184,10.0
45185,10.0
45186,10.0
45187,10.0
45188,10.0
45189,10.0
45190,10.0
45191,10.0
45192,10.0
45193,10.0
45194,10.0
45195,10.0
45196,10.0
45197,10.0
45198,10.0
45199,10.0
45200,10.0
45201,10.0
45202,10.0
45203,10.0
45204,10.0
45205,10.0
45206,10.0
45207,10.0
45208,10.0
45209,10.0
45210,10.0
45211,10.0
45212,10.0
45213,10.0
45214,10.0
45215,10.0
45216,10.0
45217,10.0
45218,10.0
45219,10.0
45220,10.0
45221,10.0
45222,10.0
45223,10.0
45224,10.0
45225,10.0
45226,10.0
45227,10.0
45228,10.0
45229,10.0
45230,10.0
45231,10.0
45232,10.0
45233,10.0
45234,10.0
45235,10.0
45236,10.0
45237,10.0
45238,10.0
45239,10.0
45240,10.0
45241,10.0
45242,10.0
45243,10.0
45244,10.0
45245,10.0
45246,10.0
45247,10.0
45248,10.0
45249,10.0
45250,10.0
45251,10.0
45252,10.0
45253,10.0
45254,10.0
45255,10.0
45256,10.0
45257,10.0
45258,10.0
45259,10.0
45260,10.0
45261,10.0
45262,10.0
45263,10.0
45264,10.0
45265,10.0
45266,10.0
45267,10.0
45268,10.0
45269,10.0
45270,10.0
45271,10.0
45272,10.0
45273,10.0
45274,10.0
45275,10.0
45276,10.0
45277,10.0
45278,8.0
45279,8.0
45280,8.0
45281,8.0
45282,8.0
45283,8.0
45284,8.0
45285,8.0
45286,8.0
45287,8.0
45288,8.0
45289,8.0
45290,8.0
45291,8.0
45292,8.0
45293,8.0
45294,8.0
45295,8.0
45296,8.0
45297,8.0
45298,8.0
45299,8.0
45300,7.0
45301,7.0
45302,7.0
45303,7.0
45304,7.0
45305,7.0
45306,7.0
45307,7.0
45308,7.0
45309,7.0
45310,7.0
45311,7.0
45312,7.0
45313,7.0
45314,7.0
45315,7.0
45316,7.0
45317,7.0
45318,7.0
45319,7.0
45320,7.0
45321,7.0
45322,7.0
45323,7.0
45324,7.0
45325,7.0
45326,7.0
45327,7.0
45328,7.0
45329,7.0
45330,7.0
45331,7.0
45332,7.0
45333,7.0
45334,7.0
45335,7.0
45336,7.0
45337,7.0
45338,7.0
45339,7.0
45340,7.0
45341,7.0
45342,7.0
45343,7.0
45344,7.0
45345,7.0
45346,7.0
45347,7.0
45348,7.0
45349,7.0
45350,7.0
45351,7.0
45352,7.0
45353,7.0
45354,7.0
45355,7.0
45356,7.0
45357,7.0
45358,7.0
45359,7.0
45360,7.0
45361,7.0
45362,7.0
45363,7.0
45364,7.0
45365,7.0
45366,7.0
45367,7.0
45368,7.0
45369,7.0
45370,7.0
45371,7.0
45372,7.0
45373,7.0
45374,7.0
45375,7.0
45376,7.0
45377,7.0
45378,7.0
45379,7.0
45380,7.0
45381,7.0
45382,7.0
45383,7.0
45384,7.0
45385,7.0
45386,7.0
45387,7.0
45388,7.0
45389,7.0
45390,7.0
45391,7.0
45392,7.0
45393,7.0
45394,7.0
45395,7.0
45396,7.0
45397,7.0
45398,7.0
45399,7.0
45400,7.0
45401,7.0
45402,7.0
45403,7.0
45404,7.0
45405,7.0
45406,7.0
45407,7.0
45408,7.0
45409,7.0
45410,7.0
45411,7.0
45412,7.0
45413,7.0
45414,7.0
45415,7.0
45416,7.0
45417,7.0
45418,7.0
45419,7.0
45420,7.0
45421,7.0
45422,7.0
45423,7.0
45424,7.0
45425,7.0
45426,7.0
45427,7.0
45428,7.0
45429,7.0
45430,7.0
45431,7.0
45432,7.0
45433,7.0
45434,7.0
45435,7.0
45436,7.0
45437,7.0
45438,7.0
45439,7.0
45440,7.0
45441,7.0
45442,7.0
45443,7.0
45444,7.0
45445,7.0
45446,7.0
45447,7.0
45448,7.0
45449,7.0
45450,7.0
45451,7.0
45452,7.0
45453,7.0
45454,7.0
45455,7.0
45456,7.0
45457,7.0
45458,7.0
45459,7.0
45460,7.0
45461,7.0
45462,7.0
45463,7.0
45464,7.0
45465,7.0
45466,7.0
45467,7.0
45468,7.0
45469,7.0
45470,7.0
45471,7.0
45472,7.0
45473,7.0
45474,7.0
45475,7.0
45476,7.0
45477,7.0
45478,7.0
45479,7.0
45480,7.0
45481,7.0
45482,7.0
45483,7.0
45484,7.0
45485,7.0
45486,7.0
45487,7.0
45488,7.0
45489,7.0
45490,7.0
45491,7.0
45492,7.0
45493,7.0
45494,7.0
45495,7.0
45496,7.0
45497,7.0
45498,7.0
45499,7.0
45500,7.0
45501,7.0
45502,7.0
45503,7.0
45504,7.0
45505,7.0
45506,7.0
45507,7.0
45508,7.0
45509,7.0
45510,7.0
45511,7.0
45512,7.0
45513,7.0
45514,7.0
45515,7.0
45516,7.0
45517,7.0
45518,7.0
45519,7.0
45520,7.0
45521,7.0
45522,7.0
45523,7.0
45524,7.0
45525,7.0
45526,7.0
45527,7.0
45528,7.0
45529,7.0
45530,7.0
45531,7.0
45532,7.0
45533,7.0
45534,7.0
45535,7.0
45536,7.0
45537,7.0
45538,7.0
45539,7.0
45540,7.0
45541,7.0
45542,7.0
45543,7.0
45544,7.0
45545,7.0
45546,7.0
45547,7.0
45548,7.0
45549,7.0
45550,7.0
45551,7.0
45552,7.0
45553,7.0
45554,7.0
45555,7.0
45556,7.0
45557,7.0
45558,7.0
45559,7.0
45560,7.0
45561,7.0
45562,7.0
45563,7.0
45564,7.0
45565,7.0
45566,7.0
45567,7.0
45568,7.0
45569,7.0
45570,7.0
45571,7.0
45572,7.0
45573,7.0
45574,7.0
45575,7.0
45576,7.0
45577,7.0
45578,7.0
45579,7.0
45580,7.0
45581,7.0
45582,7.0
45583,7.0
45584,7.0
45585,7.0
45586,7.0
45587,7.0
45588,7.0
45589,7.0
45590,7.0
45591,7.0
45592,7.0
45593,7.0
45594,7.0
45595,7.0
45596,7.0
45597,7.0
45598,7.0
45599,7.0
45600,7.0
45601,7.0
45602,7.0
45603,7.0
45604,7.0
45605,7.0
45606,7.0
45607,7.0
45608,7.0
45609,7.0
45610,7.0
45611,7.0
45612,7.0
45613,7.0
45614,7.0
45615,7.0
45616,7.0
45617,7.0
45618,7.0
45619,7.0
45620,7.0
45621,7.0
45622,7.0
45623,7.0
45624,7.0
45625,7.0
45626,7.0
45627,7.0
45628,7.0
45629,7.0
45630,7.0
45631,7.0
45632,7.0
45633,7.0
45634,7.0
45635,7.0
45636,7.0
45637,7.0
45638,7.0
45639,7.0
45640,7.0
45641,7.0
45642,7.0
45643,7.0
45644,7.0
45645,7.0
45646,7.0
45647,7.0
45648,7.0
45649,7.0
45650,7.0
45651,7.0
45652,7.0
45653,7.0
45654,7.0
45655,7.0
45656,7.0
45657,7.0
45658,7.0
45659,7.0
45660,7.0
45661,7.0
45662,7.0
45663,7.0
45664,7.0
45665,7.0
45666,7.0
45667,7.0
45668,7.0
45669,7.0
45670,7.0
45671,7.0
45672,7.0
45673,7.0
45674,7.0
45675,7.0
45676,7.0
45677,7.0
45678,7.0
45679,7.0
45680,7.0
45681,7.0
45682,7.0
45683,7.0
45684,7.0
45685,7.0
45686,7.0
45687,7.0
45688,7.0
45689,7.0
45690,7.0
45691,7.0
45692,7.0
45693,7.0
45694,7.0
45695,7.0
45696,7.0
45697,7.0
45698,7.0
45699,7.0
45700,7.0
45701,7.0
45702,7.0
45703,7.0
45704,7.0
45705,7.0
45706,7.0
45707,7.0
45708,7.0
45709,7.0
45710,7.0
45711,7.0
45712,7.0
45713,7.0
45714,7.0
45715,7.0
45716,7.0
45717,7.0
45718,7.0
45719,7.0
45720,7.0
45721,7.0
45722,7.0
45723,7.0
45724,7.0
45725,7.0
45726,7.0
45727,7.0
45728,7.0
45729,7.0
45730,7.0
45731,7.0
45732,7.0
45733,7.0
45734,7.0
45735,7.0
45736,7.0
45737,7.0
45738,7.0
45739,7.0
45740,7.0
45741,7.0
45742,7.0
45743,7.0
45744,7.0
45745,7.0
45746,7.0
45747,7.0
45748,7.0
45749,7.0
45750,7.0
45751,7.0
45752,7.0
45753,7.0
45754,7.0
45755,7.0
45756,7.0
45757,7.0
45758,7.0
45759,7.0
45760,7.0
45761,7.0
45762,7.0
45763,7.0
45764,7.0
45765,7.0
45766,7.0
45767,7.0
45768,7.0
45769,7.0
45770,7.0
45771,7.0
45772,7.0
45773,7.0
45774,7.0
45775,7.0
45776,7.0
45777,7.0
45778,7.0
45779,7.0
45780,7.0
45781,7.0
45782,7.0
45783,7.0
45784,7.0
45785,7.0
45786,7.0
45787,7.0
45788,7.0
45789,7.0
45790,7.0
45791,7.0
45792,7.0
45793,7.0
45794,7.0
45795,7.0
45796,7.0
45797,7.0
45798,7.0
45799,7.0
45800,7.0
45801,7.0
45802,7.0
45803,7.0
45804,7.0
45805,7.0
45806,7.0
45807,7.0
45808,7.0
45809,7.0
45810,7.0
45811,7.0
45812,7.0
45813,7.0
45814,7.0
45815,7.0
45816,7.0
45817,7.0
45818,7.0
45819,7.0
45820,7.0
45821,7.0
45822,7.0
45823,7.0
45824,7.0
45825,7.0
45826,7.0
45827,7.0
45828,7.0
45829,7.0
45830,7.0
45831,7.0
45832,7.0
45833,7.0
45834,7.0
45835,7.0
45836,7.0
45837,7.0
45838,7.0
45839,7.0
45840,7.0
45841,7.0
45842,7.0
45843,7.0
45844,7.0
45845,7.0
45846,7.0
45847,7.0
45848,7.0
45849,7.0
45850,7.0
45851,7.0
45852,7.0
45853,7.0
45854,7.0
45855,7.0
45856,7.0
45857,7.0
45858,7.0
45859,7.0
45860,7.0
45861,7.0
45862,7.0
45863,7.0
45864,7.0
45865,7.0
45866,7.0
45867,7.0
45868,7.0
45869,7.0
45870,7.0
45871,7.0
45872,7.0
45873,7.0
45874,7.0
45875,7.0
45876,7.0
45877,7.0
45878,7.0
45879,7.0
45880,7.0
45881,7.0
45882,7.0
45883,7.0
45884,7.0
45885,7.0
45886,7.0
45887,7.0
45888,7.0
45889,7.0
45890,7.0
45891,7.0
45892,7.0
45893,7.0
45894,7.0
45895,7.0
45896,7.0
45897,7.0
45898,7.0
45899,7.0
45900,7.0
45901,7.0
45902,7.0
45903,7.0
45904,7.0
45905,7.0
45906,7.0
45907,7.0
45908,7.0
45909,7.0
45910,7.0
45911,7.0
45912,7.0
45913,7.0
45914,7.0
45915,7.0
45916,7.0
45917,7.0
45918,7.0
45919,7.0
45920,7.0
45921,7.0
45922,7.0
45923,7.0
45924,7.0
45925,7.0
45926,7.0
45927,7.0
45928,7.0
45929,7.0
45930,7.0
45931,7.0
45932,7.0
45933,7.0
45934,7.0
45935,7.0
45936,7.0
45937,7.0
45938,7.0
45939,7.0
45940,7.0
45941,7.0
45942,7.0
45943,7.0
45944,7.0
45945,7.0
45946,7.0
45947,7.0
45948,7.0
45949,7.0
45950,7.0
45951,7.0
45952,7.0
45953,7.0
45954,7.0
45955,7.0
45956,7.0
45957,7.0
45958,7.0
45959,7.0
45960,7.0
45961,7.0
45962,7.0
45963,7.0
45964,7.0
45965,7.0
45966,7.0
45967,7.0
45968,7.0
45969,7.0
45970,7.0
45971,7.0
45972,7.0
45973,7.0
45974,7.0
45975,7.0
45976,7.0
45977,7.0
45978,7.0
45979,7.0
45980,7.0
45981,7.0
45982,7.0
45983,7.0
45984,7.0
45985,7.0
45986,7.0
45987,7.0
45988,7.0
45989,7.0
45990,7.0
45991,7.0
45992,7.0
45993,7.0
45994,7.0
45995,7.0
45996,7.0
45997,7.0
45998,7.0
45999,7.0
46000,7.0
46001,7.0
46002,7.0
46003,7.0
46004,7.0
46005,7.0
46006,7.0
46007,7.0
46008,7.0
46009,7.0
46010,7.0
46011,7.0
46012,7.0
46013,7.0
46014,7.0
46015,7.0
46016,7.0
46017,7.0
46018,7.0
46019,7.0
46020,7.0
46021,7.0
46022,7.0
46023,7.0
46024,7.0
46025,7.0
46026,7.0
46027,7.0
46028,7.0
46029,7.0
46030,7.0
46031,7.0
46032,7.0
46033,7.0
46034,7.0
46035,7.0
46036,7.0
46037,7.0
46038,7.0
46039,7.0
46040,7.0
46041,7.0
46042,7.0
46043,7.0
46044,7.0
46045,7.0
46046,7.0
46047,7.0
46048,7.0
46049,7.0
46050,7.0
46051,7.0
46052,7.0
46053,7.0
46054,7.0
46055,7.0
46056,7.0
46057,7.0
46058,7.0
46059,7.0
46060,7.0
46061,7.0
46062,7.0
46063,7.0
46064,7.0
46065,7.0
46066,7.0
46067,7.0
46068,7.0
46069,7.0
46070,7.0
46071,7.0
46072,7.0
46073,7.0
46074,7.0
46075,7.0
46076,7.0
46077,7.0
46078,7.0
46079,7.0
46080,7.0
46081,7.0
46082,7.0
46083,7.0
46084,7.0
46085,7.0
46086,7.0
46087,7.0
46088,7.0
46089,7.0
46090,7.0
46091,7.0
46092,7.0
46093,7.0
46094,7.0
46095,7.0
46096,7.0
46097,7.0
46098,7.0
46099,7.0
46100,7.0
46101,7.0
46102,7.0
46103,7.0
46104,7.0
46105,7.0
46106,7.0
46107,7.0
46108,7.0
46109,7.0
46110,7.0
46111,7.0
46112,7.0
46113,7.0
46114,7.0
46115,7.0
46116,7.0
46117,7.0
46118,7.0
46119,7.0
46120,7.0
46121,7.0
46122,7.0
46123,7.0
46124,7.0
46125,7.0
46126,7.0
46127,7.0
46128,7.0
46129,7.0
46130,7.0
46131,7.0
46132,7.0
46133,7.0
46134,7.0
46135,7.0
46136,7.0
46137,7.0
46138,7.0
46139,7.0
46140,7.0
46141,7.0
46142,7.0
46143,7.0
46144,7.0
46145,7.0
46146,7.0
46147,7.0
46148,7.0
46149,7.0
46150,7.0
46151,7.0
46152,7.0
46153,7.0
46154,7.0
46155,7.0
46156,7.0
46157,7.0
46158,7.0
46159,7.0
46160,7.0
46161,7.0
46162,7.0
46163,7.0
46164,7.0
46165,7.0
46166,7.0
46167,7.0
46168,7.0
46169,7.0
46170,7.0
46171,7.0
46172,7.0
46173,7.0
46174,7.0
46175,7.0
46176,7.0
46177,7.0
46178,7.0
46179,7.0
46180,7.0
46181,7.0
46182,7.0
46183,7.0
46184,7.0
46185,7.0
46186,7.0
46187,7.0
46188,7.0
46189,7.0
46190,7.0
46191,7.0
46192,7.0
46193,7.0
46194,7.0
46195,7.0
46196,7.0
46197,7.0
46198,7.0
46199,7.0
46200,7.0
46201,7.0
46202,7.0
46203,7.0
46204,7.0
46205,7.0
46206,7.0
46207,7.0
46208,7.0
46209,7.0
46210,7.0
46211,7.0
46212,7.0
46213,7.0
46214,7.0
46215,7.0
46216,7.0
46217,7.0
46218,7.0
46219,7.0
46220,7.0
46221,7.0
46222,7.0
46223,7.0
46224,7.0
46225,7.0
46226,7.0
46227,7.0
46228,7.0
46229,7.0
46230,7.0
46231,7.0
46232,7.0
46233,7.0
46234,7.0
46235,7.0
46236,7.0
46237,7.0
46238,7.0
46239,7.0
46240,7.0
46241,7.0
46242,7.0
46243,7.0
46244,7.0
46245,7.0
46246,7.0
46247,7.0
46248,7.0
46249,7.0
46250,7.0
46251,7.0
46252,7.0
46253,7.0
46254,7.0
46255,7.0
46256,7.0
46257,7.0
46258,7.0
46259,7.0
46260,7.0
46261,7.0
46262,7.0
46263,7.0
46264,7.0
46265,7.0
46266,7.0
46267,7.0
46268,7.0
46269,7.0
46270,7.0
46271,7.0
46272,7.0
46273,7.0
46274,7.0
46275,7.0
46276,7.0
46277,7.0
46278,7.0
46279,7.0
46280,7.0
46281,7.0
46282,7.0
46283,7.0
46284,7.0
46285,7.0
46286,7.0
46287,7.0
46288,7.0
46289,7.0
46290,7.0
46291,7.0
46292,7.0
46293,7.0
46294,7.0
46295,7.0
46296,7.0
46297,7.0
46298,7.0
46299,7.0
46300,7.0
46301,7.0
46302,7.0
46303,7.0
46304,7.0
46305,7.0
46306,7.0
46307,7.0
46308,7.0
46309,7.0
46310,7.0
46311,7.0
46312,7.0
46313,7.0
46314,7.0
46315,7.0
46316,7.0
46317,7.0
46318,7.0
46319,7.0
46320,7.0
46321,7.0
46322,7.0
46323,7.0
46324,7.0
46325,7.0
46326,7.0
46327,7.0
46328,7.0
46329,7.0
46330,7.0
46331,7.0
46332,7.0
46333,7.0
46334,7.0
46335,7.0
46336,8.0
46337,8.0
46338,8.0
46339,8.0
46340,8.0
46341,8.0
46342,8.0
46343,8.0
46344,8.0
46345,8.0
46346,8.0
46347,8.0
46348,8.0
46349,8.0
46350,8.0
46351,8.0
46352,8.0
46353,8.0
46354,8.0
46355,8.0
46356,8.0
46357,8.0
46358,8.0
46359,8.0
46360,8.0
46361,8.0
46362,8.0
46363,8.0
46364,8.0
46365,8.0
46366,8.0
46367,8.0
46368,8.0
46369,8.0
46370,8.0
46371,8.0
46372,8.0
46373,8.0
46374,8.0
46375,8.0
46376,8.0
46377,8.0
46378,8.0
46379,8.0
46380,8.0
46381,8.0
46382,8.0
46383,8.0
46384,8.0
46385,8.0
46386,8.0
46387,8.0
46388,8.0
46389,8.0
46390,8.0
46391,8.0
46392,8.0
46393,8.0
46394,8.0
46395,8.0
46396,8.0
46397,8.0
46398,8.0
46399,8.0
46400,8.0
46401,8.0
46402,8.0
46403,8.0
46404,8.0
46405,8.0
46406,8.0
46407,8.0
46408,8.0
46409,8.0
46410,7.0
46411,7.0
46412,7.0
46413,7.0
46414,7.0
46415,7.0
46416,7.0
46417,7.0
46418,7.0
46419,7.0
46420,7.0
46421,7.0
46422,7.0
46423,7.0
46424,7.0
46425,7.0
46426,7.0
46427,7.0
46428,7.0
46429,7.0
46430,7.0
46431,7.0
46432,7.0
46433,7.0
46434,7.0
46435,7.0
46436,7.0
46437,7.0
46438,7.0
46439,7.0
46440,7.0
46441,7.0
46442,7.0
46443,7.0
46444,7.0
46445,7.0
46446,7.0
46447,7.0
46448,7.0
46449,7.0
46450,7.0
46451,7.0
46452,7.0
46453,7.0
46454,7.0
46455,7.0
46456,7.0
46457,7.0
46458,7.0
46459,7.0
46460,7.0
46461,7.0
46462,7.0
46463,7.0
46464,7.0
46465,7.0
46466,7.0
46467,7.0
46468,7.0
46469,7.0
46470,7.0
46471,7.0
46472,7.0
46473,7.0
46474,7.0
46475,7.0
46476,7.0
46477,7.0
46478,7.0
46479,7.0
46480,7.0
46481,7.0
46482,7.0
46483,7.0
46484,7.0
46485,7.0
46486,7.0
46487,7.0
46488,7.0
46489,7.0
46490,7.0
46491,7.0
46492,7.0
46493,7.0
46494,8.0
46495,8.0
46496,8.0
46497,8.0
46498,8.0
46499,8.0
46500,8.0
46501,8.0
46502,8.0
46503,8.0
46504,8.0
46505,8.0
46506,8.0
46507,8.0
46508,8.0
46509,8.0
46510,8.0
46511,8.0
46512,8.0
46513,8.0
46514,8.0
46515,8.0
46516,8.0
46517,8.0
46518,8.0
46519,8.0
46520,8.0
46521,8.0
46522,8.0
46523,8.0
46524,8.0
46525,8.0
46526,8.0
46527,8.0
46528,8.0
46529,8.0
46530,8.0
46531,8.0
46532,8.0
46533,8.0
46534,8.0
46535,8.0
46536,8.0
46537,8.0
46538,8.0
46539,8.0
46540,8.0
46541,8.0
46542,8.0
46543,8.0
46544,8.0
46545,8.0
46546,8.0
46547,8.0
46548,8.0
46549,8.0
46550,8.0
46551,8.0
46552,8.0
46553,8.0
46554,8.0
46555,8.0
46556,8.0
46557,8.0
46558,8.0
46559,8.0
46560,8.0
46561,8.0
46562,8.0
46563,8.0
46564,8.0
46565,8.0
46566,8.0
46567,8.0
46568,8.0
46569,8.0
46570,8.0
46571,8.0
46572,8.0
46573,8.0
46574,8.0
46575,8.0
46576,8.0
46577,8.0
46578,8.0
46579,8.0
46580,8.0
46581,8.0
46582,8.0
46583,8.0
46584,8.0
46585,8.0
46586,8.0
46587,8.0
46588,8.0
46589,8.0
46590,8.0
46591,8.0
46592,8.0
46593,8.0
46594,8.0
46595,8.0
46596,8.0
46597,8.0
46598,8.0
46599,8.0
46600,8.0
46601,8.0
46602,8.0
46603,8.0
46604,8.0
46605,8.0
46606,8.0
46607,8.0
46608,8.0
46609,8.0
46610,8.0
46611,8.0
46612,8.0
46613,8.0
46614,8.0
46615,8.0
46616,8.0
46617,8.0
46618,8.0
46619,8.0
46620,8.0
46621,8.0
46622,8.0
46623,8.0
46624,8.0
46625,8.0
46626,8.0
46627,8.0
46628,8.0
46629,8.0
46630,8.0
46631,8.0
46632,8.0
46633,8.0
46634,8.0
46635,8.0
46636,8.0
46637,8.0
46638,8.0
46639,8.0
46640,8.0
46641,8.0
46642,8.0
46643,8.0
46644,8.0
46645,8.0
46646,8.0
46647,8.0
46648,8.0
46649,8.0
46650,8.0
46651,8.0
46652,8.0
46653,8.0
46654,8.0
46655,8.0
46656,8.0
46657,8.0
46658,8.0
46659,8.0
46660,8.0
46661,8.0
46662,8.0
46663,8.0
46664,8.0
46665,8.0
46666,8.0
46667,8.0
46668,8.0
46669,8.0
46670,8.0
46671,8.0
46672,8.0
46673,8.0
46674,8.0
46675,8.0
46676,8.0
46677,8.0
46678,8.0
46679,8.0
46680,8.0
46681,8.0
46682,8.0
46683,8.0
46684,8.0
46685,8.0
46686,8.0
46687,8.0
46688,8.0
46689,8.0
46690,8.0
46691,8.0
46692,8.0
46693,8.0
46694,8.0
46695,8.0
46696,8.0
46697,8.0
46698,8.0
46699,8.0
46700,8.0
46701,8.0
46702,8.0
46703,8.0
46704,8.0
46705,8.0
46706,8.0
46707,8.0
46708,8.0
46709,8.0
46710,8.0
46711,8.0
46712,8.0
46713,8.0
46714,8.0
46715,8.0
46716,8.0
46717,8.0
46718,8.0
46719,8.0
46720,8.0
46721,8.0
46722,8.0
46723,8.0
46724,9.0
46725,9.0
46726,9.0
46727,9.0
46728,9.0
46729,9.0
46730,9.0
46731,9.0
46732,9.0
46733,9.0
46734,9.0
46735,9.0
46736,9.0
46737,9.0
46738,9.0
46739,9.0
46740,9.0
46741,9.0
46742,9.0
46743,9.0
46744,9.0
46745,9.0
46746,9.0
46747,9.0
46748,9.0
46749,9.0
46750,9.0
46751,9.0
46752,9.0
46753,9.0
46754,9.0
46755,9.0
46756,9.0
46757,9.0
46758,9.0
46759,9.0
46760,9.0
46761,9.0
46762,9.0
46763,9.0
46764,9.0
46765,9.0
46766,9.0
46767,9.0
46768,9.0
46769,9.0
46770,9.0
46771,9.0
46772,9.0
46773,9.0
46774,9.0
46775,9.0
46776,9.0
46777,9.0
46778,9.0
46779,9.0
46780,9.0
46781,9.0
46782,9.0
46783,9.0
46784,9.0
46785,9.0
46786,9.0
46787,9.0
46788,9.0
46789,9.0
46790,9.0
46791,9.0
46792,9.0
46793,9.0
46794,9.0
46795,9.0
46796,9.0
46797,9.0
46798,9.0
46799,9.0
46800,9.0
46801,9.0
46802,9.0
46803,9.0
46804,9.0
46805,9.0
46806,9.0
46807,9.0
46808,9.0
46809,9.0
46810,9.0
46811,9.0
46812,9.0
46813,9.0
46814,9.0
46815,9.0
46816,9.0
46817,9.0
46818,9.0
46819,9.0
46820,9.0
46821,9.0
46822,9.0
46823,9.0
46824,9.0
46825,9.0
46826,9.0
46827,9.0
46828,9.0
46829,9.0
46830,9.0
46831,9.0
46832,9.0
46833,9.0
46834,9.0
46835,9.0
46836,9.0
46837,9.0
46838,9.0
46839,9.0
46840,9.0
46841,9.0
46842,9.0
46843,9.0
46844,9.0
46845,9.0
46846,9.0
46847,9.0
46848,9.0
46849,9.0
46850,9.0
46851,9.0
46852,9.0
46853,9.0
46854,9.0
46855,9.0
46856,9.0
46857,9.0
46858,10.0
46859,10.0
46860,10.0
46861,10.0
46862,10.0
46863,10.0
46864,10.0
46865,10.0
46866,10.0
46867,10.0
46868,11.0
46869,11.0
46870,11.0
46871,11.0
46872,11.0
46873,11.0
46874,11.0
46875,11.0
46876,11.0
46877,11.0
46878,11.0
46879,11.0
46880,11.0
46881,11.0
46882,11.0
46883,11.0
46884,11.0
46885,11.0
46886,11.0
46887,11.0
46888,11.0
46889,11.0
46890,11.0
46891,11.0
46892,11.0
46893,11.0
46894,11.0
46895,11.0
46896,11.0
46897,11.0
46898,11.0
46899,11.0
46900,11.0
46901,11.0
46902,11.0
46903,11.0
46904,11.0
46905,11.0
46906,11.0
46907,11.0
46908,11.0
46909,11.0
46910,11.0
46911,11.0
46912,11.0
46913,11.0
46914,11.0
46915,11.0
46916,11.0
46917,11.0
46918,11.0
46919,11.0
46920,11.0
46921,11.0
46922,11.0
46923,11.0
46924,11.0
46925,11.0
46926,11.0
46927,11.0
46928,11.0
46929,11.0
46930,11.0
46931,11.0
46932,11.0
46933,11.0
46934,11.0
46935,11.0
46936,11.0
46937,11.0
46938,11.0
46939,11.0
46940,11.0
46941,11.0
46942,11.0
46943,11.0
46944,11.0
46945,11.0
46946,11.0
46947,11.0
46948,11.0
46949,11.0
46950,11.0
46951,11.0
46952,11.0
46953,11.0
46954,11.0
46955,11.0
46956,11.0
46957,11.0
46958,11.0
46959,11.0
46960,11.0
46961,11.0
46962,11.0
46963,11.0
46964,11.0
46965,11.0
46966,11.0
46967,11.0
46968,11.0
46969,11.0
46970,11.0
46971,11.0
46972,11.0
46973,11.0
46974,11.0
46975,11.0
46976,11.0
46977,11.0
46978,11.0
46979,11.0
46980,11.0
46981,11.0
46982,11.0
46983,11.0
46984,11.0
46985,11.0
46986,11.0
46987,11.0
46988,11.0
46989,11.0
46990,11.0
46991,11.0
46992,11.0
46993,11.0
46994,11.0
46995,11.0
46996,11.0
46997,11.0
46998,11.0
46999,11.0
47000,11.0
47001,11.0
47002,11.0
47003,11.0
47004,11.0
47005,11.0
47006,11.0
47007,11.0
47008,11.0
47009,11.0
47010,11.0
47011,11.0
47012,11.0
47013,11.0
47014,11.0
47015,12.0
47016,12.0
47017,12.0
47018,12.0
47019,12.0
47020,12.0
47021,12.0
47022,12.0
47023,12.0
47024,12.0
47025,12.0
47026,12.0
47027,12.0
47028,12.0
47029,12.0
47030,12.0
47031,12.0
47032,12.0
47033,12.0
47034,12.0
47035,12.0
47036,12.0
47037,12.0
47038,12.0
47039,12.0
47040,12.0
47041,12.0
47042,12.0
47043,12.0
47044,12.0
47045,12.0
47046,12.0
47047,12.0
47048,12.0
47049,12.0
47050,12.0
47051,12.0
47052,12.0
47053,12.0
47054,12.0
47055,12.0
47056,12.0
47057,12.0
47058,12.0
47059,12.0
47060,12.0
47061,12.0
47062,12.0
47063,12.0
47064,12.0
47065,12.0
47066,12.0
47067,12.0
47068,12.0
47069,12.0
47070,12.0
47071,12.0
47072,12.0
47073,12.0
47074,12.0
47075,12.0
47076,12.0
47077,12.0
47078,12.0
47079,12.0
47080,12.0
47081,12.0
47082,12.0
47083,12.0
47084,12.0
47085,12.0
47086,12.0
47087,12.0
47088,12.0
47089,12.0
47090,12.0
47091,12.0
47092,12.0
47093,12.0
47094,12.0
47095,12.0
47096,12.0
47097,12.0
47098,12.0
47099,12.0
47100,12.0
47101,12.0
47102,12.0
47103,12.0
47104,12.0
47105,12.0
47106,12.0
47107,12.0
47108,12.0
47109,12.0
47110,12.0
47111,12.0
47112,12.0
47113,12.0
47114,12.0
47115,12.0
47116,12.0
47117,12.0
47118,12.0
47119,12.0
47120,12.0
47121,12.0
47122,12.0
47123,12.0
47124,12.0
47125,12.0
47126,12.0
47127,12.0
47128,12.0
47129,12.0
47130,12.0
47131,12.0
47132,12.0
47133,12.0
47134,12.0
47135,12.0
47136,12.0
47137,12.0
47138,12.0
47139,12.0
47140,12.0
47141,12.0
47142,12.0
47143,12.0
47144,12.0
47145,12.0
47146,12.0
47147,12.0
47148,12.0
47149,12.0
47150,12.0
47151,12.0
47152,12.0
47153,12.0
47154,12.0
47155,12.0
47156,12.0
47157,12.0
47158,12.0
47159,12.0
47160,12.0
47161,12.0
47162,12.0
47163,12.0
47164,12.0
47165,12.0
47166,12.0
47167,12.0
47168,12.0
47169,12.0
47170,12.0
47171,12.0
47172,12.0
47173,12.0
47174,12.0
47175,11.0
47176,11.0
47177,11.0
47178,11.0
47179,11.0
47180,11.0
47181,11.0
47182,11.0
47183,11.0
47184,11.0
47185,11.0
47186,11.0
47187,11.0
47188,11.0
47189,11.0
47190,11.0
47191,11.0
47192,11.0
47193,11.0
47194,11.0
47195,11.0
47196,11.0
47197,11.0
47198,11.0
47199,11.0
47200,11.0
47201,11.0
47202,11.0
47203,11.0
47204,11.0
47205,11.0
47206,11.0
47207,11.0
47208,11.0
47209,11.0
47210,11.0
47211,11.0
47212,11.0
47213,11.0
47214,11.0
47215,11.0
47216,11.0
47217,11.0
47218,11.0
47219,11.0
47220,11.0
47221,11.0
47222,11.0
47223,11.0
47224,11.0
47225,11.0
47226,11.0
47227,11.0
47228,11.0
47229,11.0
47230,11.0
47231,11.0
47232,11.0
47233,11.0
47234,11.0
47235,11.0
47236,11.0
47237,11.0
47238,11.0
47239,11.0
47240,11.0
47241,11.0
47242,11.0
47243,11.0
47244,11.0
47245,11.0
47246,11.0
47247,11.0
47248,11.0
47249,11.0
47250,11.0
47251,11.0
47252,11.0
47253,11.0
47254,11.0
47255,11.0
47256,11.0
47257,11.0
47258,11.0
47259,11.0
47260,11.0
47261,11.0
47262,11.0
47263,11.0
47264,11.0
47265,11.0
47266,11.0
47267,11.0
47268,11.0
47269,11.0
47270,11.0
47271,11.0
47272,11.0
47273,11.0
47274,11.0
47275,11.0
47276,11.0
47277,11.0
47278,11.0
47279,11.0
47280,11.0
47281,11.0
47282,11.0
47283,11.0
47284,11.0
47285,11.0
47286,11.0
47287,11.0
47288,11.0
47289,11.0
47290,11.0
47291,11.0
47292,11.0
47293,11.0
47294,11.0
47295,11.0
47296,11.0
47297,11.0
47298,11.0
47299,11.0
47300,11.0
47301,11.0
47302,11.0
47303,11.0
47304,11.0
47305,11.0
47306,11.0
47307,11.0
47308,11.0
47309,11.0
47310,11.0
47311,11.0
47312,11.0
47313,11.0
47314,11.0
47315,11.0
47316,11.0
47317,11.0
47318,11.0
47319,11.0
47320,11.0
47321,11.0
47322,11.0
47323,11.0
47324,11.0
47325,11.0
47326,11.0
47327,11.0
47328,11.0
47329,11.0
47330,11.0
47331,11.0
47332,11.0
47333,11.0
47334,11.0
47335,11.0
47336,11.0
47337,11.0
47338,11.0
47339,11.0
47340,11.0
47341,11.0
47342,11.0
47343,11.0
47344,11.0
47345,11.0
47346,11.0
47347,11.0
47348,11.0
47349,11.0
47350,11.0
47351,11.0
47352,11.0
47353,11.0
47354,11.0
47355,11.0
47356,11.0
47357,11.0
47358,11.0
47359,11.0
47360,11.0
47361,11.0
47362,11.0
47363,11.0
47364,11.0
47365,11.0
47366,11.0
47367,11.0
47368,11.0
47369,11.0
47370,11.0
47371,11.0
47372,11.0
47373,11.0
47374,11.0
47375,11.0
47376,11.0
47377,11.0
47378,11.0
47379,11.0
47380,11.0
47381,11.0
47382,11.0
47383,11.0
47384,11.0
47385,11.0
47386,11.0
47387,11.0
47388,11.0
47389,11.0
47390,11.0
47391,11.0
47392,11.0
47393,11.0
47394,11.0
47395,11.0
47396,11.0
47397,11.0
47398,11.0
47399,11.0
47400,11.0
47401,11.0
47402,11.0
47403,11.0
47404,11.0
47405,11.0
47406,11.0
47407,11.0
47408,11.0
47409,11.0
47410,11.0
47411,11.0
47412,11.0
47413,11.0
47414,11.0
47415,11.0
47416,11.0
47417,11.0
47418,11.0
47419,11.0
47420,10.0
47421,10.0
47422,10.0
47423,10.0
47424,10.0
47425,10.0
47426,10.0
47427,10.0
47428,10.0
47429,10.0
47430,10.0
47431,10.0
47432,10.0
47433,10.0
47434,10.0
47435,10.0
47436,10.0
47437,10.0
47438,10.0
47439,10.0
47440,10.0
47441,10.0
47442,10.0
47443,10.0
47444,10.0
47445,10.0
47446,10.0
47447,10.0
47448,10.0
47449,10.0
47450,10.0
47451,10.0
47452,10.0
47453,10.0
47454,10.0
47455,10.0
47456,10.0
47457,10.0
47458,10.0
47459,10.0
47460,10.0
47461,10.0
47462,10.0
47463,10.0
47464,10.0
47465,10.0
47466,10.0
47467,10.0
47468,10.0
47469,10.0
47470,10.0
47471,10.0
47472,10.0
47473,10.0
47474,10.0
47475,10.0
47476,10.0
47477,10.0
47478,10.0
47479,10.0
47480,10.0
47481,10.0
47482,10.0
47483,10.0
47484,10.0
47485,10.0
47486,10.0
47487,10.0
47488,10.0
47489,10.0
47490,10.0
47491,10.0
47492,10.0
47493,10.0
47494,10.0
47495,10.0
47496,10.0
47497,10.0
47498,10.0
47499,10.0
47500,10.0
47501,10.0
47502,10.0
47503,10.0
47504,10.0
47505,10.0
47506,10.0
47507,10.0
47508,10.0
47509,10.0
47510,10.0
47511,10.0
47512,10.0
47513,10.0
47514,9.0
47515,9.0
47516,9.0
47517,9.0
47518,9.0
47519,9.0
47520,9.0
47521,9.0
47522,9.0
47523,9.0
47524,9.0
47525,9.0
47526,9.0
47527,9.0
47528,9.0
47529,9.0
47530,9.0
47531,9.0
47532,9.0
47533,9.0
47534,9.0
47535,9.0
47536,9.0
47537,9.0
47538,9.0
47539,9.0
47540,9.0
47541,9.0
47542,9.0
47543,9.0
47544,9.0
47545,9.0
47546,9.0
47547,9.0
47548,9.0
47549,9.0
47550,9.0
47551,9.0
47552,9.0
47553,9.0
47554,9.0
47555,9.0
47556,9.0
47557,9.0
47558,9.0
47559,9.0
47560,9.0
47561,9.0
47562,9.0
47563,9.0
47564,9.0
47565,9.0
47566,9.0
47567,9.0
47568,9.0
47569,9.0
47570,9.0
47571,9.0
47572,9.0
47573,9.0
47574,9.0
47575,9.0
47576,9.0
47577,9.0
47578,9.0
47579,9.0
47580,9.0
47581,9.0
47582,9.0
47583,9.0
47584,9.0
47585,9.0
47586,9.0
47587,9.0
47588,9.0
47589,9.0
47590,9.0
47591,9.0
47592,9.0
47593,9.0
47594,9.0
47595,9.0
47596,9.0
47597,9.0
47598,9.0
47599,9.0
47600,9.0
47601,9.0
47602,9.0
47603,9.0
47604,9.0
47605,9.0
47606,9.0
47607,9.0
47608,9.0
47609,9.0
47610,9.0
47611,9.0
47612,9.0
47613,9.0
47614,9.0
47615,9.0
47616,9.0
47617,9.0
47618,9.0
47619,9.0
47620,9.0
47621,9.0
47622,9.0
47623,9.0
47624,9.0
47625,9.0
47626,9.0
47627,9.0
47628,9.0
47629,9.0
47630,9.0
47631,9.0
47632,9.0
47633,9.0
47634,9.0
47635,9.0
47636,9.0
47637,9.0
47638,9.0
47639,9.0
47640,9.0
47641,9.0
47642,9.0
47643,9.0
47644,9.0
47645,9.0
47646,8.0
47647,8.0
47648,8.0
47649,8.0
47650,8.0
47651,8.0
47652,8.0
47653,8.0
47654,8.0
47655,8.0
47656,8.0
47657,8.0
47658,8.0
47659,8.0
47660,8.0
47661,8.0
47662,8.0
47663,8.0
47664,8.0
47665,8.0
47666,8.0
47667,8.0
47668,8.0
47669,8.0
47670,8.0
47671,8.0
47672,8.0
47673,8.0
47674,8.0
47675,8.0
47676,8.0
47677,8.0
47678,8.0
47679,8.0
47680,8.0
47681,8.0
47682,8.0
47683,8.0
47684,8.0
47685,8.0
47686,8.0
47687,8.0
47688,8.0
47689,8.0
47690,8.0
47691,8.0
47692,8.0
47693,8.0
47694,8.0
47695,8.0
47696,8.0
47697,8.0
47698,8.0
47699,8.0
47700,8.0
47701,8.0
47702,8.0
47703,8.0
47704,8.0
47705,8.0
47706,8.0
47707,8.0
47708,8.0
47709,8.0
47710,8.0
47711,8.0
47712,8.0
47713,8.0
47714,8.0
47715,8.0
47716,8.0
47717,8.0
47718,8.0
47719,8.0
47720,8.0
47721,8.0
47722,8.0
47723,8.0
47724,8.0
47725,8.0
47726,8.0
47727,8.0
47728,8.0
47729,8.0
47730,8.0
47731,8.0
47732,8.0
47733,8.0
47734,8.0
47735,8.0
47736,8.0
47737,8.0
47738,8.0
47739,8.0
47740,8.0
47741,8.0
47742,8.0
47743,8.0
47744,8.0
47745,8.0
47746,8.0
47747,8.0
47748,8.0
47749,8.0
47750,8.0
47751,8.0
47752,8.0
47753,8.0
47754,8.0
47755,8.0
47756,8.0
47757,8.0
47758,8.0
47759,8.0
47760,8.0
47761,8.0
47762,8.0
47763,8.0
47764,8.0
47765,8.0
47766,8.0
47767,8.0
47768,8.0
47769,8.0
47770,8.0
47771,8.0
47772,8.0
47773,8.0
47774,8.0
47775,8.0
47776,8.0
47777,8.0
47778,8.0
47779,8.0
47780,8.0
47781,8.0
47782,8.0
47783,8.0
47784,8.0
47785,8.0
47786,8.0
47787,8.0
47788,8.0
47789,8.0
47790,8.0
47791,8.0
47792,8.0
47793,8.0
47794,8.0
47795,8.0
47796,8.0
47797,8.0
47798,8.0
47799,8.0
47800,8.0
47801,8.0
47802,8.0
47803,8.0
47804,8.0
47805,8.0
47806,8.0
47807,8.0
47808,8.0
47809,8.0
47810,8.0
47811,8.0
47812,8.0
47813,8.0
47814,8.0
47815,8.0
47816,8.0
47817,8.0
47818,8.0
47819,8.0
47820,8.0
47821,8.0
47822,8.0
47823,8.0
47824,8.0
47825,8.0
47826,8.0
47827,8.0
47828,8.0
47829,8.0
47830,8.0
47831,8.0
47832,8.0
47833,8.0
47834,8.0
47835,8.0
47836,8.0
47837,8.0
47838,8.0
47839,8.0
47840,8.0
47841,8.0
47842,8.0
47843,8.0
47844,8.0
47845,8.0
47846,8.0
47847,8.0
47848,8.0
47849,8.0
47850,8.0
47851,8.0
47852,8.0
47853,8.0
47854,9.0
47855,9.0
47856,9.0
47857,9.0
47858,9.0
47859,9.0
47860,9.0
47861,10.0
47862,10.0
47863,10.0
47864,10.0
47865,10.0
47866,10.0
47867,10.0
47868,10.0
47869,10.0
47870,10.0
47871,10.0
47872,10.0
47873,10.0
47874,10.0
47875,10.0
47876,10.0
47877,10.0
47878,10.0
47879,10.0
47880,10.0
47881,10.0
47882,10.0
47883,10.0
47884,10.0
47885,10.0
47886,10.0
47887,10.0
47888,10.0
47889,10.0
47890,10.0
47891,10.0
47892,10.0
47893,10.0
47894,10.0
47895,10.0
47896,10.0
47897,10.0
47898,10.0
47899,10.0
47900,10.0
47901,10.0
47902,10.0
47903,10.0
47904,11.0
47905,11.0
47906,11.0
47907,11.0
47908,11.0
47909,11.0
47910,11.0
47911,11.0
47912,11.0
47913,11.0
47914,11.0
47915,11.0
47916,11.0
47917,11.0
47918,11.0
47919,11.0
47920,11.0
47921,11.0
47922,11.0
47923,11.0
47924,11.0
47925,11.0
47926,11.0
47927,11.0
47928,11.0
47929,11.0
47930,11.0
47931,11.0
47932,11.0
47933,11.0
47934,11.0
47935,11.0
47936,11.0
47937,11.0
47938,11.0
47939,11.0
47940,11.0
47941,11.0
47942,11.0
47943,11.0
47944,11.0
47945,11.0
47946,11.0
47947,11.0
47948,11.0
47949,11.0
47950,11.0
47951,11.0
47952,11.0
47953,11.0
47954,11.0
47955,11.0
47956,11.0
47957,11.0
47958,12.0
47959,12.0
47960,12.0
47961,12.0
47962,12.0
47963,12.0
47964,12.0
47965,12.0
47966,12.0
47967,12.0
47968,12.0
47969,12.0
47970,12.0
47971,12.0
47972,12.0
47973,12.0
47974,12.0
47975,12.0
47976,12.0
47977,12.0
47978,12.0
47979,12.0
47980,12.0
47981,12.0
47982,12.0
47983,12.0
47984,12.0
47985,12.0
47986,12.0
47987,12.0
47988,12.0
47989,12.0
47990,12.0
47991,12.0
47992,12.0
47993,12.0
47994,12.0
47995,12.0
47996,12.0
47997,12.0
47998,12.0
47999,12.0
48000,12.0
48001,12.0
48002,12.0
48003,12.0
48004,12.0
48005,12.0
48006,12.0
48007,12.0
48008,12.0
48009,12.0
48010,12.0
48011,12.0
48012,12.0
48013,12.0
48014,12.0
48015,12.0
48016,12.0
48017,12.0
48018,12.0
48019,12.0
48020,12.0
48021,12.0
48022,12.0
48023,12.0
48024,12.0
48025,12.0
48026,12.0
48027,12.0
48028,12.0
48029,12.0
48030,12.0
48031,12.0
48032,12.0
48033,12.0
48034,12.0
48035,12.0
48036,12.0
48037,12.0
48038,12.0
48039,12.0
48040,12.0
48041,12.0
48042,12.0
48043,12.0
48044,12.0
48045,12.0
48046,12.0
48047,12.0
48048,12.0
48049,12.0
48050,12.0
48051,12.0
48052,12.0
48053,12.0
48054,12.0
48055,12.0
48056,12.0
48057,12.0
48058,12.0
48059,13.0
48060,13.0
48061,13.0
48062,13.0
48063,13.0
48064,13.0
48065,13.0
48066,13.0
48067,13.0
48068,13.0
48069,13.0
48070,13.0
48071,13.0
48072,13.0
48073,13.0
48074,13.0
48075,13.0
48076,13.0
48077,13.0
48078,13.0
48079,13.0
48080,13.0
48081,13.0
48082,13.0
48083,13.0
48084,13.0
48085,13.0
48086,13.0
48087,13.0
48088,13.0
48089,13.0
48090,13.0
48091,13.0
48092,13.0
48093,13.0
48094,13.0
48095,13.0
48096,13.0
48097,13.0
48098,13.0
48099,13.0
48100,13.0
48101,13.0
48102,13.0
48103,13.0
48104,13.0
48105,13.0
48106,13.0
48107,13.0
48108,13.0
48109,13.0
48110,13.0
48111,13.0
48112,13.0
48113,13.0
48114,13.0
48115,13.0
48116,13.0
48117,13.0
48118,13.0
48119,13.0
48120,13.0
48121,13.0
48122,13.0
48123,13.0
48124,13.0
48125,13.0
48126,13.0
48127,13.0
48128,13.0
48129,13.0
48130,13.0
48131,13.0
48132,13.0
48133,13.0
48134,13.0
48135,13.0
48136,13.0
48137,13.0
48138,13.0
48139,13.0
48140,13.0
48141,13.0
48142,13.0
48143,13.0
48144,13.0
48145,13.0
48146,13.0
48147,13.0
48148,13.0
48149,13.0
48150,13.0
48151,13.0
48152,13.0
48153,13.0
48154,13.0
48155,13.0
48156,13.0
48157,13.0
48158,13.0
48159,13.0
48160,13.0
48161,13.0
48162,13.0
48163,13.0
48164,13.0
48165,13.0
48166,13.0
48167,13.0
48168,13.0
48169,13.0
48170,13.0
48171,13.0
48172,13.0
48173,13.0
48174,13.0
48175,13.0
48176,13.0
48177,13.0
48178,13.0
48179,13.0
48180,13.0
48181,13.0
48182,13.0
48183,13.0
48184,13.0
48185,13.0
48186,13.0
48187,13.0
48188,13.0
48189,13.0
48190,13.0
48191,13.0
48192,13.0
48193,13.0
48194,13.0
48195,13.0
48196,13.0
48197,13.0
48198,13.0
48199,13.0
48200,13.0
48201,13.0
48202,13.0
48203,13.0
48204,13.0
48205,13.0
48206,13.0
48207,13.0
48208,13.0
48209,13.0
48210,13.0
48211,13.0
48212,13.0
48213,13.0
48214,13.0
48215,13.0
48216,13.0
48217,13.0
48218,13.0
48219,13.0
48220,13.0
48221,13.0
48222,13.0
48223,13.0
48224,13.0
48225,13.0
48226,13.0
48227,13.0
48228,12.0
48229,12.0
48230,12.0
48231,12.0
48232,12.0
48233,12.0
48234,12.0
48235,12.0
48236,12.0
48237,12.0
48238,12.0
48239,12.0
48240,12.0
48241,12.0
48242,12.0
48243,12.0
48244,12.0
48245,12.0
48246,12.0
48247,12.0
48248,12.0
48249,12.0
48250,12.0
48251,12.0
48252,12.0
48253,12.0
48254,12.0
48255,12.0
48256,12.0
48257,12.0
48258,12.0
48259,12.0
48260,12.0
48261,12.0
48262,12.0
48263,12.0
48264,12.0
48265,12.0
48266,12.0
48267,12.0
48268,12.0
48269,12.0
48270,12.0
48271,12.0
48272,12.0
48273,12.0
48274,12.0
48275,12.0
48276,12.0
48277,12.0
48278,12.0
48279,12.0
48280,12.0
48281,12.0
48282,12.0
48283,12.0
48284,12.0
48285,12.0
48286,12.0
48287,12.0
48288,12.0
48289,12.0
48290,12.0
48291,12.0
48292,12.0
48293,12.0
48294,12.0
48295,12.0
48296,12.0
48297,12.0
48298,12.0
48299,12.0
48300,12.0
48301,12.0
48302,12.0
48303,12.0
48304,12.0
48305,12.0
48306,12.0
48307,12.0
48308,12.0
48309,12.0
48310,12.0
48311,12.0
48312,12.0
48313,12.0
48314,12.0
48315,12.0
48316,12.0
48317,12.0
48318,12.0
48319,12.0
48320,12.0
48321,12.0
48322,12.0
48323,12.0
48324,12.0
48325,12.0
48326,12.0
48327,12.0
48328,12.0
48329,12.0
48330,12.0
48331,12.0
48332,12.0
48333,12.0
48334,12.0
48335,12.0
48336,12.0
48337,12.0
48338,12.0
48339,12.0
48340,12.0
48341,12.0
48342,12.0
48343,12.0
48344,12.0
48345,12.0
48346,12.0
48347,12.0
48348,12.0
48349,12.0
48350,12.0
48351,12.0
48352,12.0
48353,12.0
48354,12.0
48355,12.0
48356,12.0
48357,12.0
48358,12.0
48359,12.0
48360,12.0
48361,12.0
48362,12.0
48363,12.0
48364,12.0
48365,12.0
48366,12.0
48367,12.0
48368,12.0
48369,12.0
48370,12.0
48371,12.0
48372,12.0
48373,12.0
48374,12.0
48375,12.0
48376,12.0
48377,12.0
48378,12.0
48379,12.0
48380,12.0
48381,12.0
48382,12.0
48383,12.0
48384,12.0
48385,12.0
48386,12.0
48387,12.0
48388,12.0
48389,12.0
48390,12.0
48391,12.0
48392,12.0
48393,12.0
48394,12.0
48395,12.0
48396,12.0
48397,12.0
48398,12.0
48399,12.0
48400,12.0
48401,12.0
48402,12.0
48403,12.0
48404,12.0
48405,12.0
48406,12.0
48407,12.0
48408,12.0
48409,11.0
48410,11.0
48411,11.0
48412,11.0
48413,11.0
48414,11.0
48415,11.0
48416,11.0
48417,11.0
48418,11.0
48419,11.0
48420,11.0
48421,11.0
48422,11.0
48423,11.0
48424,11.0
48425,11.0
48426,11.0
48427,11.0
48428,11.0
48429,11.0
48430,11.0
48431,11.0
48432,11.0
48433,11.0
48434,11.0
48435,11.0
48436,11.0
48437,11.0
48438,11.0
48439,11.0
48440,11.0
48441,11.0
48442,11.0
48443,11.0
48444,11.0
48445,11.0
48446,11.0
48447,11.0
48448,11.0
48449,11.0
48450,11.0
48451,11.0
48452,11.0
48453,11.0
48454,11.0
48455,11.0
48456,11.0
48457,11.0
48458,11.0
48459,11.0
48460,11.0
48461,11.0
48462,11.0
48463,11.0
48464,11.0
48465,11.0
48466,11.0
48467,11.0
48468,11.0
48469,11.0
48470,11.0
48471,11.0
48472,11.0
48473,11.0
48474,11.0
48475,11.0
48476,11.0
48477,11.0
48478,11.0
48479,11.0
48480,11.0
48481,11.0
48482,11.0
48483,11.0
48484,11.0
48485,11.0
48486,11.0
48487,11.0
48488,11.0
48489,11.0
48490,11.0
48491,11.0
48492,11.0
48493,11.0
48494,11.0
48495,11.0
48496,11.0
48497,11.0
48498,11.0
48499,11.0
48500,11.0
48501,11.0
48502,11.0
48503,11.0
48504,11.0
48505,11.0
48506,11.0
48507,11.0
48508,11.0
48509,11.0
48510,11.0
48511,11.0
48512,11.0
48513,11.0
48514,11.0
48515,11.0
48516,11.0
48517,11.0
48518,11.0
48519,11.0
48520,11.0
48521,12.0
48522,12.0
48523,12.0
48524,12.0
48525,12.0
48526,12.0
48527,12.0
48528,12.0
48529,12.0
48530,12.0
48531,12.0
48532,12.0
48533,12.0
48534,12.0
48535,12.0
48536,12.0
48537,12.0
48538,12.0
48539,12.0
48540,12.0
48541,12.0
48542,12.0
48543,12.0
48544,12.0
48545,12.0
48546,12.0
48547,12.0
48548,12.0
48549,12.0
48550,12.0
48551,12.0
48552,12.0
48553,10.0
48554,10.0
48555,10.0
48556,10.0
48557,10.0
48558,10.0
48559,10.0
48560,10.0
48561,10.0
48562,10.0
48563,10.0
48564,10.0
48565,10.0
48566,10.0
48567,10.0
48568,10.0
48569,10.0
48570,10.0
48571,10.0
48572,10.0
48573,10.0
48574,10.0
48575,10.0
48576,10.0
48577,10.0
48578,10.0
48579,10.0
48580,10.0
48581,10.0
48582,10.0
48583,10.0
48584,10.0
48585,10.0
48586,10.0
48587,10.0
48588,10.0
48589,10.0
48590,10.0
48591,10.0
48592,10.0
48593,10.0
48594,10.0
48595,10.0
48596,10.0
48597,10.0
48598,10.0
48599,10.0
48600,10.0
48601,10.0
48602,10.0
48603,10.0
48604,10.0
48605,10.0
48606,10.0
48607,10.0
48608,10.0
48609,10.0
48610,10.0
48611,10.0
48612,10.0
48613,10.0
48614,10.0
48615,10.0
48616,10.0
48617,10.0
48618,10.0
48619,10.0
48620,10.0
48621,10.0
48622,10.0
48623,10.0
48624,10.0
48625,10.0
48626,10.0
48627,10.0
48628,10.0
48629,10.0
48630,10.0
48631,10.0
48632,10.0
48633,10.0
48634,10.0
48635,10.0
48636,10.0
48637,10.0
48638,10.0
48639,10.0
48640,10.0
48641,10.0
48642,10.0
48643,10.0
48644,10.0
48645,10.0
48646,10.0
48647,10.0
48648,10.0
48649,10.0
48650,10.0
48651,10.0
48652,10.0
48653,10.0
48654,10.0
48655,10.0
48656,10.0
48657,10.0
48658,10.0
48659,10.0
48660,10.0
48661,10.0
48662,10.0
48663,10.0
48664,10.0
48665,10.0
48666,10.0
48667,10.0
48668,10.0
48669,10.0
48670,10.0
48671,10.0
48672,10.0
48673,10.0
48674,10.0
48675,10.0
48676,10.0
48677,10.0
48678,10.0
48679,10.0
48680,10.0
48681,10.0
48682,10.0
48683,10.0
48684,10.0
48685,10.0
48686,10.0
48687,10.0
48688,10.0
48689,10.0
48690,10.0
48691,10.0
48692,10.0
48693,10.0
48694,10.0
48695,10.0
48696,10.0
48697,10.0
48698,10.0
48699,10.0
48700,10.0
48701,10.0
48702,10.0
48703,10.0
48704,10.0
48705,10.0
48706,10.0
48707,10.0
48708,10.0
48709,10.0
48710,10.0
48711,10.0
48712,10.0
48713,10.0
48714,10.0
48715,10.0
48716,10.0
48717,10.0
48718,10.0
48719,10.0
48720,10.0
48721,10.0
48722,10.0
48723,10.0
48724,10.0
48725,10.0
48726,10.0
48727,10.0
48728,10.0
48729,10.0
48730,10.0
48731,10.0
48732,10.0
48733,10.0
48734,10.0
48735,10.0
48736,10.0
48737,10.0
48738,10.0
48739,10.0
48740,10.0
48741,10.0
48742,10.0
48743,10.0
48744,10.0
48745,10.0
48746,10.0
48747,10.0
48748,10.0
48749,10.0
48750,10.0
48751,10.0
48752,10.0
48753,10.0
48754,10.0
48755,10.0
48756,10.0
48757,10.0
48758,10.0
48759,10.0
48760,10.0
48761,10.0
48762,10.0
48763,10.0
48764,10.0
48765,10.0
48766,10.0
48767,10.0
48768,10.0
48769,10.0
48770,10.0
48771,10.0
48772,10.0
48773,10.0
48774,10.0
48775,10.0
48776,10.0
48777,10.0
48778,10.0
48779,10.0
48780,10.0
48781,10.0
48782,10.0
48783,10.0
48784,10.0
48785,10.0
48786,10.0
48787,10.0
48788,10.0
48789,10.0
48790,10.0
48791,10.0
48792,10.0
48793,10.0
48794,10.0
48795,10.0
