Orders,Order Items,Driver Violation,Commute Distance,Transport Machines,Machines,Workers,Transport Attachments,Attachments
47,490,225,38622.44,13248.5,25,50,457.57,20.0
47,490,225,38622.44,13248.5,25,50,518.26,17.0
47,490,225,38622.44,13248.5,25,50,35.89,37.0
47,490,225,38622.44,13248.5,25,50,51.0,36.0
47,490,225,38622.44,13248.5,25,50,85.02,33.0
47,490,225,38622.44,13248.5,25,50,111.51,30.0
47,490,225,38622.44,13248.5,25,50,115.21,29.0
47,490,225,38622.44,13248.5,25,50,120.0,25.0
47,490,225,38622.44,13248.5,25,50,137.33,22.0
47,490,225,38622.44,13248.5,25,50,173.67,21.0
47,490,225,38622.44,13248.5,25,50,0.0,40.0
47,490,295,40607.48,16230.78,28,49,457.57,20.0
47,490,295,40607.48,16230.78,28,49,518.26,17.0
47,490,295,40607.48,16230.78,28,49,35.89,37.0
47,490,295,40607.48,16230.78,28,49,51.0,36.0
47,490,295,40607.48,16230.78,28,49,85.02,33.0
47,490,295,40607.48,16230.78,28,49,111.51,30.0
47,490,295,40607.48,16230.78,28,49,115.21,29.0
47,490,295,40607.48,16230.78,28,49,120.0,25.0
47,490,295,40607.48,16230.78,28,49,137.33,22.0
47,490,295,40607.48,16230.78,28,49,173.67,21.0
47,490,295,40607.48,16230.78,28,49,0.0,40.0
47,490,299,40981.01,16710.74,27,49,457.57,20.0
47,490,299,40981.01,16710.74,27,49,518.26,17.0
47,490,299,40981.01,16710.74,27,49,35.89,37.0
47,490,299,40981.01,16710.74,27,49,51.0,36.0
47,490,299,40981.01,16710.74,27,49,85.02,33.0
47,490,299,40981.01,16710.74,27,49,111.51,30.0
47,490,299,40981.01,16710.74,27,49,115.21,29.0
47,490,299,40981.01,16710.74,27,49,120.0,25.0
47,490,299,40981.01,16710.74,27,49,137.33,22.0
47,490,299,40981.01,16710.74,27,49,173.67,21.0
47,490,299,40981.01,16710.74,27,49,0.0,40.0
47,490,299,41037.63,16686.92,27,49,457.57,20.0
47,490,299,41037.63,16686.92,27,49,518.26,17.0
47,490,299,41037.63,16686.92,27,49,35.89,37.0
47,490,299,41037.63,16686.92,27,49,51.0,36.0
47,490,299,41037.63,16686.92,27,49,85.02,33.0
47,490,299,41037.63,16686.92,27,49,111.51,30.0
47,490,299,41037.63,16686.92,27,49,115.21,29.0
47,490,299,41037.63,16686.92,27,49,120.0,25.0
47,490,299,41037.63,16686.92,27,49,137.33,22.0
47,490,299,41037.63,16686.92,27,49,173.67,21.0
47,490,299,41037.63,16686.92,27,49,0.0,40.0
47,490,327,46846.7,11259.52,20,57,457.57,20.0
47,490,327,46846.7,11259.52,20,57,518.26,17.0
47,490,327,46846.7,11259.52,20,57,35.89,37.0
47,490,327,46846.7,11259.52,20,57,51.0,36.0
47,490,327,46846.7,11259.52,20,57,85.02,33.0
47,490,327,46846.7,11259.52,20,57,111.51,30.0
47,490,327,46846.7,11259.52,20,57,115.21,29.0
47,490,327,46846.7,11259.52,20,57,120.0,25.0
47,490,327,46846.7,11259.52,20,57,137.33,22.0
47,490,327,46846.7,11259.52,20,57,173.67,21.0
47,490,327,46846.7,11259.52,20,57,0.0,40.0
47,490,328,46846.7,11104.97,20,57,457.57,20.0
47,490,328,46846.7,11104.97,20,57,518.26,17.0
47,490,328,46846.7,11104.97,20,57,35.89,37.0
47,490,328,46846.7,11104.97,20,57,51.0,36.0
47,490,328,46846.7,11104.97,20,57,85.02,33.0
47,490,328,46846.7,11104.97,20,57,111.51,30.0
47,490,328,46846.7,11104.97,20,57,115.21,29.0
47,490,328,46846.7,11104.97,20,57,120.0,25.0
47,490,328,46846.7,11104.97,20,57,137.33,22.0
47,490,328,46846.7,11104.97,20,57,173.67,21.0
47,490,328,46846.7,11104.97,20,57,0.0,40.0
47,490,339,43873.8,17442.24,26,49,457.57,20.0
47,490,339,43873.8,17442.24,26,49,518.26,17.0
47,490,339,43873.8,17442.24,26,49,35.89,37.0
47,490,339,43873.8,17442.24,26,49,51.0,36.0
47,490,339,43873.8,17442.24,26,49,85.02,33.0
47,490,339,43873.8,17442.24,26,49,111.51,30.0
47,490,339,43873.8,17442.24,26,49,115.21,29.0
47,490,339,43873.8,17442.24,26,49,120.0,25.0
47,490,339,43873.8,17442.24,26,49,137.33,22.0
47,490,339,43873.8,17442.24,26,49,173.67,21.0
47,490,339,43873.8,17442.24,26,49,0.0,40.0
47,490,394,46691.41,7154.83,27,57,457.57,20.0
47,490,394,46691.41,7154.83,27,57,518.26,17.0
47,490,394,46691.41,7154.83,27,57,35.89,37.0
47,490,394,46691.41,7154.83,27,57,51.0,36.0
47,490,394,46691.41,7154.83,27,57,85.02,33.0
47,490,394,46691.41,7154.83,27,57,111.51,30.0
47,490,394,46691.41,7154.83,27,57,115.21,29.0
47,490,394,46691.41,7154.83,27,57,120.0,25.0
47,490,394,46691.41,7154.83,27,57,137.33,22.0
47,490,394,46691.41,7154.83,27,57,173.67,21.0
47,490,394,46691.41,7154.83,27,57,0.0,40.0
47,490,395,46691.41,6604.61,27,57,457.57,20.0
47,490,395,46691.41,6604.61,27,57,518.26,17.0
47,490,395,46691.41,6604.61,27,57,35.89,37.0
47,490,395,46691.41,6604.61,27,57,51.0,36.0
47,490,395,46691.41,6604.61,27,57,85.02,33.0
47,490,395,46691.41,6604.61,27,57,111.51,30.0
47,490,395,46691.41,6604.61,27,57,115.21,29.0
47,490,395,46691.41,6604.61,27,57,120.0,25.0
47,490,395,46691.41,6604.61,27,57,137.33,22.0
47,490,395,46691.41,6604.61,27,57,173.67,21.0
47,490,395,46691.41,6604.61,27,57,0.0,40.0
47,490,396,46691.41,6498.59,27,57,457.57,20.0
47,490,396,46691.41,6498.59,27,57,518.26,17.0
47,490,396,46691.41,6498.59,27,57,35.89,37.0
47,490,396,46691.41,6498.59,27,57,51.0,36.0
47,490,396,46691.41,6498.59,27,57,85.02,33.0
47,490,396,46691.41,6498.59,27,57,111.51,30.0
47,490,396,46691.41,6498.59,27,57,115.21,29.0
47,490,396,46691.41,6498.59,27,57,120.0,25.0
47,490,396,46691.41,6498.59,27,57,137.33,22.0
47,490,396,46691.41,6498.59,27,57,173.67,21.0
47,490,396,46691.41,6498.59,27,57,0.0,40.0
47,490,400,24601.32,18294.43,28,40,457.57,20.0
47,490,400,24601.32,18294.43,28,40,518.26,17.0
47,490,400,24601.32,18294.43,28,40,35.89,37.0
47,490,400,24601.32,18294.43,28,40,51.0,36.0
47,490,400,24601.32,18294.43,28,40,85.02,33.0
47,490,400,24601.32,18294.43,28,40,111.51,30.0
47,490,400,24601.32,18294.43,28,40,115.21,29.0
47,490,400,24601.32,18294.43,28,40,120.0,25.0
47,490,400,24601.32,18294.43,28,40,137.33,22.0
47,490,400,24601.32,18294.43,28,40,173.67,21.0
47,490,400,24601.32,18294.43,28,40,0.0,40.0
47,490,406,35506.04,18371.88,28,38,457.57,20.0
47,490,406,35506.04,18371.88,28,38,518.26,17.0
47,490,406,35506.04,18371.88,28,38,35.89,37.0
47,490,406,35506.04,18371.88,28,38,51.0,36.0
47,490,406,35506.04,18371.88,28,38,85.02,33.0
47,490,406,35506.04,18371.88,28,38,111.51,30.0
47,490,406,35506.04,18371.88,28,38,115.21,29.0
47,490,406,35506.04,18371.88,28,38,120.0,25.0
47,490,406,35506.04,18371.88,28,38,137.33,22.0
47,490,406,35506.04,18371.88,28,38,173.67,21.0
47,490,406,35506.04,18371.88,28,38,0.0,40.0
47,490,408,46691.41,8232.11,26,57,457.57,20.0
47,490,408,46691.41,8232.11,26,57,518.26,17.0
47,490,408,46691.41,8232.11,26,57,35.89,37.0
47,490,408,46691.41,8232.11,26,57,51.0,36.0
47,490,408,46691.41,8232.11,26,57,85.02,33.0
47,490,408,46691.41,8232.11,26,57,111.51,30.0
47,490,408,46691.41,8232.11,26,57,115.21,29.0
47,490,408,46691.41,8232.11,26,57,120.0,25.0
47,490,408,46691.41,8232.11,26,57,137.33,22.0
47,490,408,46691.41,8232.11,26,57,173.67,21.0
47,490,408,46691.41,8232.11,26,57,0.0,40.0
47,490,409,46691.41,8176.56,26,57,457.57,20.0
47,490,409,46691.41,8176.56,26,57,518.26,17.0
47,490,409,46691.41,8176.56,26,57,35.89,37.0
47,490,409,46691.41,8176.56,26,57,51.0,36.0
47,490,409,46691.41,8176.56,26,57,85.02,33.0
47,490,409,46691.41,8176.56,26,57,111.51,30.0
47,490,409,46691.41,8176.56,26,57,115.21,29.0
47,490,409,46691.41,8176.56,26,57,120.0,25.0
47,490,409,46691.41,8176.56,26,57,137.33,22.0
47,490,409,46691.41,8176.56,26,57,173.67,21.0
47,490,409,46691.41,8176.56,26,57,0.0,40.0
47,490,425,37994.68,16385.16,28,46,457.57,20.0
47,490,425,37994.68,16385.16,28,46,518.26,17.0
47,490,425,37994.68,16385.16,28,46,35.89,37.0
47,490,425,37994.68,16385.16,28,46,51.0,36.0
47,490,425,37994.68,16385.16,28,46,85.02,33.0
47,490,425,37994.68,16385.16,28,46,111.51,30.0
47,490,425,37994.68,16385.16,28,46,115.21,29.0
47,490,425,37994.68,16385.16,28,46,120.0,25.0
47,490,425,37994.68,16385.16,28,46,137.33,22.0
47,490,425,37994.68,16385.16,28,46,173.67,21.0
47,490,425,37994.68,16385.16,28,46,0.0,40.0
47,490,425,38064.57,16233.3,28,47,457.57,20.0
47,490,425,38064.57,16233.3,28,47,518.26,17.0
47,490,425,38064.57,16233.3,28,47,35.89,37.0
47,490,425,38064.57,16233.3,28,47,51.0,36.0
47,490,425,38064.57,16233.3,28,47,85.02,33.0
47,490,425,38064.57,16233.3,28,47,111.51,30.0
47,490,425,38064.57,16233.3,28,47,115.21,29.0
47,490,425,38064.57,16233.3,28,47,120.0,25.0
47,490,425,38064.57,16233.3,28,47,137.33,22.0
47,490,425,38064.57,16233.3,28,47,173.67,21.0
47,490,425,38064.57,16233.3,28,47,0.0,40.0
47,490,425,38243.01,16300.81,28,46,457.57,20.0
47,490,425,38243.01,16300.81,28,46,518.26,17.0
47,490,425,38243.01,16300.81,28,46,35.89,37.0
47,490,425,38243.01,16300.81,28,46,51.0,36.0
47,490,425,38243.01,16300.81,28,46,85.02,33.0
47,490,425,38243.01,16300.81,28,46,111.51,30.0
47,490,425,38243.01,16300.81,28,46,115.21,29.0
47,490,425,38243.01,16300.81,28,46,120.0,25.0
47,490,425,38243.01,16300.81,28,46,137.33,22.0
47,490,425,38243.01,16300.81,28,46,173.67,21.0
47,490,425,38243.01,16300.81,28,46,0.0,40.0
47,490,425,38353.53,16276.42,28,46,457.57,20.0
47,490,425,38353.53,16276.42,28,46,518.26,17.0
47,490,425,38353.53,16276.42,28,46,35.89,37.0
47,490,425,38353.53,16276.42,28,46,51.0,36.0
47,490,425,38353.53,16276.42,28,46,85.02,33.0
47,490,425,38353.53,16276.42,28,46,111.51,30.0
47,490,425,38353.53,16276.42,28,46,115.21,29.0
47,490,425,38353.53,16276.42,28,46,120.0,25.0
47,490,425,38353.53,16276.42,28,46,137.33,22.0
47,490,425,38353.53,16276.42,28,46,173.67,21.0
47,490,425,38353.53,16276.42,28,46,0.0,40.0
47,490,426,37971.92,16335.59,28,47,457.57,20.0
47,490,426,37971.92,16335.59,28,47,518.26,17.0
47,490,426,37971.92,16335.59,28,47,35.89,37.0
47,490,426,37971.92,16335.59,28,47,51.0,36.0
47,490,426,37971.92,16335.59,28,47,85.02,33.0
47,490,426,37971.92,16335.59,28,47,111.51,30.0
47,490,426,37971.92,16335.59,28,47,115.21,29.0
47,490,426,37971.92,16335.59,28,47,120.0,25.0
47,490,426,37971.92,16335.59,28,47,137.33,22.0
47,490,426,37971.92,16335.59,28,47,173.67,21.0
47,490,426,37971.92,16335.59,28,47,0.0,40.0
47,490,426,38133.04,16199.64,28,47,457.57,20.0
47,490,426,38133.04,16199.64,28,47,518.26,17.0
47,490,426,38133.04,16199.64,28,47,35.89,37.0
47,490,426,38133.04,16199.64,28,47,51.0,36.0
47,490,426,38133.04,16199.64,28,47,85.02,33.0
47,490,426,38133.04,16199.64,28,47,111.51,30.0
47,490,426,38133.04,16199.64,28,47,115.21,29.0
47,490,426,38133.04,16199.64,28,47,120.0,25.0
47,490,426,38133.04,16199.64,28,47,137.33,22.0
47,490,426,38133.04,16199.64,28,47,173.67,21.0
47,490,426,38133.04,16199.64,28,47,0.0,40.0
47,490,426,38196.73,16192.67,28,47,457.57,20.0
47,490,426,38196.73,16192.67,28,47,518.26,17.0
47,490,426,38196.73,16192.67,28,47,35.89,37.0
47,490,426,38196.73,16192.67,28,47,51.0,36.0
47,490,426,38196.73,16192.67,28,47,85.02,33.0
47,490,426,38196.73,16192.67,28,47,111.51,30.0
47,490,426,38196.73,16192.67,28,47,115.21,29.0
47,490,426,38196.73,16192.67,28,47,120.0,25.0
47,490,426,38196.73,16192.67,28,47,137.33,22.0
47,490,426,38196.73,16192.67,28,47,173.67,21.0
47,490,426,38196.73,16192.67,28,47,0.0,40.0
47,490,426,38229.41,16255.09,28,46,457.57,20.0
47,490,426,38229.41,16255.09,28,46,518.26,17.0
47,490,426,38229.41,16255.09,28,46,35.89,37.0
47,490,426,38229.41,16255.09,28,46,51.0,36.0
47,490,426,38229.41,16255.09,28,46,85.02,33.0
47,490,426,38229.41,16255.09,28,46,111.51,30.0
47,490,426,38229.41,16255.09,28,46,115.21,29.0
47,490,426,38229.41,16255.09,28,46,120.0,25.0
47,490,426,38229.41,16255.09,28,46,137.33,22.0
47,490,426,38229.41,16255.09,28,46,173.67,21.0
47,490,426,38229.41,16255.09,28,46,0.0,40.0
47,490,426,38273.89,16135.24,28,47,457.57,20.0
47,490,426,38273.89,16135.24,28,47,518.26,17.0
47,490,426,38273.89,16135.24,28,47,35.89,37.0
47,490,426,38273.89,16135.24,28,47,51.0,36.0
47,490,426,38273.89,16135.24,28,47,85.02,33.0
47,490,426,38273.89,16135.24,28,47,111.51,30.0
47,490,426,38273.89,16135.24,28,47,115.21,29.0
47,490,426,38273.89,16135.24,28,47,120.0,25.0
47,490,426,38273.89,16135.24,28,47,137.33,22.0
47,490,426,38273.89,16135.24,28,47,173.67,21.0
47,490,426,38273.89,16135.24,28,47,0.0,40.0
47,490,426,38544.65,16172.05,26,54,457.57,20.0
47,490,426,38544.65,16172.05,26,54,518.26,17.0
47,490,426,38544.65,16172.05,26,54,35.89,37.0
47,490,426,38544.65,16172.05,26,54,51.0,36.0
47,490,426,38544.65,16172.05,26,54,85.02,33.0
47,490,426,38544.65,16172.05,26,54,111.51,30.0
47,490,426,38544.65,16172.05,26,54,115.21,29.0
47,490,426,38544.65,16172.05,26,54,120.0,25.0
47,490,426,38544.65,16172.05,26,54,137.33,22.0
47,490,426,38544.65,16172.05,26,54,173.67,21.0
47,490,426,38544.65,16172.05,26,54,0.0,40.0
47,490,427,37802.17,16378.85,28,47,457.57,20.0
47,490,427,37802.17,16378.85,28,47,518.26,17.0
47,490,427,37802.17,16378.85,28,47,35.89,37.0
47,490,427,37802.17,16378.85,28,47,51.0,36.0
47,490,427,37802.17,16378.85,28,47,85.02,33.0
47,490,427,37802.17,16378.85,28,47,111.51,30.0
47,490,427,37802.17,16378.85,28,47,115.21,29.0
47,490,427,37802.17,16378.85,28,47,120.0,25.0
47,490,427,37802.17,16378.85,28,47,137.33,22.0
47,490,427,37802.17,16378.85,28,47,173.67,21.0
47,490,427,37802.17,16378.85,28,47,0.0,40.0
47,490,427,37883.88,16277.12,28,47,457.57,20.0
47,490,427,37883.88,16277.12,28,47,518.26,17.0
47,490,427,37883.88,16277.12,28,47,35.89,37.0
47,490,427,37883.88,16277.12,28,47,51.0,36.0
47,490,427,37883.88,16277.12,28,47,85.02,33.0
47,490,427,37883.88,16277.12,28,47,111.51,30.0
47,490,427,37883.88,16277.12,28,47,115.21,29.0
47,490,427,37883.88,16277.12,28,47,120.0,25.0
47,490,427,37883.88,16277.12,28,47,137.33,22.0
47,490,427,37883.88,16277.12,28,47,173.67,21.0
47,490,427,37883.88,16277.12,28,47,0.0,40.0
47,490,427,37960.08,16202.03,28,47,457.57,20.0
47,490,427,37960.08,16202.03,28,47,518.26,17.0
47,490,427,37960.08,16202.03,28,47,35.89,37.0
47,490,427,37960.08,16202.03,28,47,51.0,36.0
47,490,427,37960.08,16202.03,28,47,85.02,33.0
47,490,427,37960.08,16202.03,28,47,111.51,30.0
47,490,427,37960.08,16202.03,28,47,115.21,29.0
47,490,427,37960.08,16202.03,28,47,120.0,25.0
47,490,427,37960.08,16202.03,28,47,137.33,22.0
47,490,427,37960.08,16202.03,28,47,173.67,21.0
47,490,427,37960.08,16202.03,28,47,0.0,40.0
47,490,427,37971.5,16391.12,28,46,457.57,20.0
47,490,427,37971.5,16391.12,28,46,518.26,17.0
47,490,427,37971.5,16391.12,28,46,35.89,37.0
47,490,427,37971.5,16391.12,28,46,51.0,36.0
47,490,427,37971.5,16391.12,28,46,85.02,33.0
47,490,427,37971.5,16391.12,28,46,111.51,30.0
47,490,427,37971.5,16391.12,28,46,115.21,29.0
47,490,427,37971.5,16391.12,28,46,120.0,25.0
47,490,427,37971.5,16391.12,28,46,137.33,22.0
47,490,427,37971.5,16391.12,28,46,173.67,21.0
47,490,427,37971.5,16391.12,28,46,0.0,40.0
47,490,427,38244.51,16123.19,28,48,457.57,20.0
47,490,427,38244.51,16123.19,28,48,518.26,17.0
47,490,427,38244.51,16123.19,28,48,35.89,37.0
47,490,427,38244.51,16123.19,28,48,51.0,36.0
47,490,427,38244.51,16123.19,28,48,85.02,33.0
47,490,427,38244.51,16123.19,28,48,111.51,30.0
47,490,427,38244.51,16123.19,28,48,115.21,29.0
47,490,427,38244.51,16123.19,28,48,120.0,25.0
47,490,427,38244.51,16123.19,28,48,137.33,22.0
47,490,427,38244.51,16123.19,28,48,173.67,21.0
47,490,427,38244.51,16123.19,28,48,0.0,40.0
47,490,427,38558.09,16168.44,26,54,457.57,20.0
47,490,427,38558.09,16168.44,26,54,518.26,17.0
47,490,427,38558.09,16168.44,26,54,35.89,37.0
47,490,427,38558.09,16168.44,26,54,51.0,36.0
47,490,427,38558.09,16168.44,26,54,85.02,33.0
47,490,427,38558.09,16168.44,26,54,111.51,30.0
47,490,427,38558.09,16168.44,26,54,115.21,29.0
47,490,427,38558.09,16168.44,26,54,120.0,25.0
47,490,427,38558.09,16168.44,26,54,137.33,22.0
47,490,427,38558.09,16168.44,26,54,173.67,21.0
47,490,427,38558.09,16168.44,26,54,0.0,40.0
47,490,428,37963.48,16391.12,28,46,457.57,20.0
47,490,428,37963.48,16391.12,28,46,518.26,17.0
47,490,428,37963.48,16391.12,28,46,35.89,37.0
47,490,428,37963.48,16391.12,28,46,51.0,36.0
47,490,428,37963.48,16391.12,28,46,85.02,33.0
47,490,428,37963.48,16391.12,28,46,111.51,30.0
47,490,428,37963.48,16391.12,28,46,115.21,29.0
47,490,428,37963.48,16391.12,28,46,120.0,25.0
47,490,428,37963.48,16391.12,28,46,137.33,22.0
47,490,428,37963.48,16391.12,28,46,173.67,21.0
47,490,428,37963.48,16391.12,28,46,0.0,40.0
47,490,428,38001.91,16381.79,28,45,457.57,20.0
47,490,428,38001.91,16381.79,28,45,518.26,17.0
47,490,428,38001.91,16381.79,28,45,35.89,37.0
47,490,428,38001.91,16381.79,28,45,51.0,36.0
47,490,428,38001.91,16381.79,28,45,85.02,33.0
47,490,428,38001.91,16381.79,28,45,111.51,30.0
47,490,428,38001.91,16381.79,28,45,115.21,29.0
47,490,428,38001.91,16381.79,28,45,120.0,25.0
47,490,428,38001.91,16381.79,28,45,137.33,22.0
47,490,428,38001.91,16381.79,28,45,173.67,21.0
47,490,428,38001.91,16381.79,28,45,0.0,40.0
47,490,428,38176.86,16151.13,28,46,457.57,20.0
47,490,428,38176.86,16151.13,28,46,518.26,17.0
47,490,428,38176.86,16151.13,28,46,35.89,37.0
47,490,428,38176.86,16151.13,28,46,51.0,36.0
47,490,428,38176.86,16151.13,28,46,85.02,33.0
47,490,428,38176.86,16151.13,28,46,111.51,30.0
47,490,428,38176.86,16151.13,28,46,115.21,29.0
47,490,428,38176.86,16151.13,28,46,120.0,25.0
47,490,428,38176.86,16151.13,28,46,137.33,22.0
47,490,428,38176.86,16151.13,28,46,173.67,21.0
47,490,428,38176.86,16151.13,28,46,0.0,40.0
47,490,428,38176.86,16151.13,28,46,457.57,20.0
47,490,428,38176.86,16151.13,28,46,518.26,17.0
47,490,428,38176.86,16151.13,28,46,35.89,37.0
47,490,428,38176.86,16151.13,28,46,51.0,36.0
47,490,428,38176.86,16151.13,28,46,85.02,33.0
47,490,428,38176.86,16151.13,28,46,111.51,30.0
47,490,428,38176.86,16151.13,28,46,115.21,29.0
47,490,428,38176.86,16151.13,28,46,120.0,25.0
47,490,428,38176.86,16151.13,28,46,137.33,22.0
47,490,428,38176.86,16151.13,28,46,173.67,21.0
47,490,428,38176.86,16151.13,28,46,0.0,40.0
47,490,428,38202.33,16297.24,28,45,457.57,20.0
47,490,428,38202.33,16297.24,28,45,518.26,17.0
47,490,428,38202.33,16297.24,28,45,35.89,37.0
47,490,428,38202.33,16297.24,28,45,51.0,36.0
47,490,428,38202.33,16297.24,28,45,85.02,33.0
47,490,428,38202.33,16297.24,28,45,111.51,30.0
47,490,428,38202.33,16297.24,28,45,115.21,29.0
47,490,428,38202.33,16297.24,28,45,120.0,25.0
47,490,428,38202.33,16297.24,28,45,137.33,22.0
47,490,428,38202.33,16297.24,28,45,173.67,21.0
47,490,428,38202.33,16297.24,28,45,0.0,40.0
47,490,428,38286.79,16107.3,28,46,457.57,20.0
47,490,428,38286.79,16107.3,28,46,518.26,17.0
47,490,428,38286.79,16107.3,28,46,35.89,37.0
47,490,428,38286.79,16107.3,28,46,51.0,36.0
47,490,428,38286.79,16107.3,28,46,85.02,33.0
47,490,428,38286.79,16107.3,28,46,111.51,30.0
47,490,428,38286.79,16107.3,28,46,115.21,29.0
47,490,428,38286.79,16107.3,28,46,120.0,25.0
47,490,428,38286.79,16107.3,28,46,137.33,22.0
47,490,428,38286.79,16107.3,28,46,173.67,21.0
47,490,428,38286.79,16107.3,28,46,0.0,40.0
47,490,428,38287.58,15920.03,28,48,457.57,20.0
47,490,428,38287.58,15920.03,28,48,518.26,17.0
47,490,428,38287.58,15920.03,28,48,35.89,37.0
47,490,428,38287.58,15920.03,28,48,51.0,36.0
47,490,428,38287.58,15920.03,28,48,85.02,33.0
47,490,428,38287.58,15920.03,28,48,111.51,30.0
47,490,428,38287.58,15920.03,28,48,115.21,29.0
47,490,428,38287.58,15920.03,28,48,120.0,25.0
47,490,428,38287.58,15920.03,28,48,137.33,22.0
47,490,428,38287.58,15920.03,28,48,173.67,21.0
47,490,428,38287.58,15920.03,28,48,0.0,40.0
47,490,428,38476.75,16151.8,26,52,457.57,20.0
47,490,428,38476.75,16151.8,26,52,518.26,17.0
47,490,428,38476.75,16151.8,26,52,35.89,37.0
47,490,428,38476.75,16151.8,26,52,51.0,36.0
47,490,428,38476.75,16151.8,26,52,85.02,33.0
47,490,428,38476.75,16151.8,26,52,111.51,30.0
47,490,428,38476.75,16151.8,26,52,115.21,29.0
47,490,428,38476.75,16151.8,26,52,120.0,25.0
47,490,428,38476.75,16151.8,26,52,137.33,22.0
47,490,428,38476.75,16151.8,26,52,173.67,21.0
47,490,428,38476.75,16151.8,26,52,0.0,40.0
47,490,429,37791.58,15623.28,28,53,457.57,20.0
47,490,429,37791.58,15623.28,28,53,518.26,17.0
47,490,429,37791.58,15623.28,28,53,35.89,37.0
47,490,429,37791.58,15623.28,28,53,51.0,36.0
47,490,429,37791.58,15623.28,28,53,85.02,33.0
47,490,429,37791.58,15623.28,28,53,111.51,30.0
47,490,429,37791.58,15623.28,28,53,115.21,29.0
47,490,429,37791.58,15623.28,28,53,120.0,25.0
47,490,429,37791.58,15623.28,28,53,137.33,22.0
47,490,429,37791.58,15623.28,28,53,173.67,21.0
47,490,429,37791.58,15623.28,28,53,0.0,40.0
47,490,429,37942.86,15864.95,28,52,457.57,20.0
47,490,429,37942.86,15864.95,28,52,518.26,17.0
47,490,429,37942.86,15864.95,28,52,35.89,37.0
47,490,429,37942.86,15864.95,28,52,51.0,36.0
47,490,429,37942.86,15864.95,28,52,85.02,33.0
47,490,429,37942.86,15864.95,28,52,111.51,30.0
47,490,429,37942.86,15864.95,28,52,115.21,29.0
47,490,429,37942.86,15864.95,28,52,120.0,25.0
47,490,429,37942.86,15864.95,28,52,137.33,22.0
47,490,429,37942.86,15864.95,28,52,173.67,21.0
47,490,429,37942.86,15864.95,28,52,0.0,40.0
47,490,429,38021.56,15899.42,28,51,457.57,20.0
47,490,429,38021.56,15899.42,28,51,518.26,17.0
47,490,429,38021.56,15899.42,28,51,35.89,37.0
47,490,429,38021.56,15899.42,28,51,51.0,36.0
47,490,429,38021.56,15899.42,28,51,85.02,33.0
47,490,429,38021.56,15899.42,28,51,111.51,30.0
47,490,429,38021.56,15899.42,28,51,115.21,29.0
47,490,429,38021.56,15899.42,28,51,120.0,25.0
47,490,429,38021.56,15899.42,28,51,137.33,22.0
47,490,429,38021.56,15899.42,28,51,173.67,21.0
47,490,429,38021.56,15899.42,28,51,0.0,40.0
47,490,429,38051.31,15580.78,27,53,457.57,20.0
47,490,429,38051.31,15580.78,27,53,518.26,17.0
47,490,429,38051.31,15580.78,27,53,35.89,37.0
47,490,429,38051.31,15580.78,27,53,51.0,36.0
47,490,429,38051.31,15580.78,27,53,85.02,33.0
47,490,429,38051.31,15580.78,27,53,111.51,30.0
47,490,429,38051.31,15580.78,27,53,115.21,29.0
47,490,429,38051.31,15580.78,27,53,120.0,25.0
47,490,429,38051.31,15580.78,27,53,137.33,22.0
47,490,429,38051.31,15580.78,27,53,173.67,21.0
47,490,429,38051.31,15580.78,27,53,0.0,40.0
47,490,429,38076.75,15791.57,28,52,457.57,20.0
47,490,429,38076.75,15791.57,28,52,518.26,17.0
47,490,429,38076.75,15791.57,28,52,35.89,37.0
47,490,429,38076.75,15791.57,28,52,51.0,36.0
47,490,429,38076.75,15791.57,28,52,85.02,33.0
47,490,429,38076.75,15791.57,28,52,111.51,30.0
47,490,429,38076.75,15791.57,28,52,115.21,29.0
47,490,429,38076.75,15791.57,28,52,120.0,25.0
47,490,429,38076.75,15791.57,28,52,137.33,22.0
47,490,429,38076.75,15791.57,28,52,173.67,21.0
47,490,429,38076.75,15791.57,28,52,0.0,40.0
47,490,429,38139.56,15907.99,28,47,457.57,20.0
47,490,429,38139.56,15907.99,28,47,518.26,17.0
47,490,429,38139.56,15907.99,28,47,35.89,37.0
47,490,429,38139.56,15907.99,28,47,51.0,36.0
47,490,429,38139.56,15907.99,28,47,85.02,33.0
47,490,429,38139.56,15907.99,28,47,111.51,30.0
47,490,429,38139.56,15907.99,28,47,115.21,29.0
47,490,429,38139.56,15907.99,28,47,120.0,25.0
47,490,429,38139.56,15907.99,28,47,137.33,22.0
47,490,429,38139.56,15907.99,28,47,173.67,21.0
47,490,429,38139.56,15907.99,28,47,0.0,40.0
47,490,429,38143.7,15511.57,27,53,457.57,20.0
47,490,429,38143.7,15511.57,27,53,518.26,17.0
47,490,429,38143.7,15511.57,27,53,35.89,37.0
47,490,429,38143.7,15511.57,27,53,51.0,36.0
47,490,429,38143.7,15511.57,27,53,85.02,33.0
47,490,429,38143.7,15511.57,27,53,111.51,30.0
47,490,429,38143.7,15511.57,27,53,115.21,29.0
47,490,429,38143.7,15511.57,27,53,120.0,25.0
47,490,429,38143.7,15511.57,27,53,137.33,22.0
47,490,429,38143.7,15511.57,27,53,173.67,21.0
47,490,429,38143.7,15511.57,27,53,0.0,40.0
47,490,429,38218.59,15907.99,28,46,457.57,20.0
47,490,429,38218.59,15907.99,28,46,518.26,17.0
47,490,429,38218.59,15907.99,28,46,35.89,37.0
47,490,429,38218.59,15907.99,28,46,51.0,36.0
47,490,429,38218.59,15907.99,28,46,85.02,33.0
47,490,429,38218.59,15907.99,28,46,111.51,30.0
47,490,429,38218.59,15907.99,28,46,115.21,29.0
47,490,429,38218.59,15907.99,28,46,120.0,25.0
47,490,429,38218.59,15907.99,28,46,137.33,22.0
47,490,429,38218.59,15907.99,28,46,173.67,21.0
47,490,429,38218.59,15907.99,28,46,0.0,40.0
47,490,429,38254.04,15808.6,28,48,457.57,20.0
47,490,429,38254.04,15808.6,28,48,518.26,17.0
47,490,429,38254.04,15808.6,28,48,35.89,37.0
47,490,429,38254.04,15808.6,28,48,51.0,36.0
47,490,429,38254.04,15808.6,28,48,85.02,33.0
47,490,429,38254.04,15808.6,28,48,111.51,30.0
47,490,429,38254.04,15808.6,28,48,115.21,29.0
47,490,429,38254.04,15808.6,28,48,120.0,25.0
47,490,429,38254.04,15808.6,28,48,137.33,22.0
47,490,429,38254.04,15808.6,28,48,173.67,21.0
47,490,429,38254.04,15808.6,28,48,0.0,40.0
47,490,429,38592.94,16242.65,26,51,457.57,20.0
47,490,429,38592.94,16242.65,26,51,518.26,17.0
47,490,429,38592.94,16242.65,26,51,35.89,37.0
47,490,429,38592.94,16242.65,26,51,51.0,36.0
47,490,429,38592.94,16242.65,26,51,85.02,33.0
47,490,429,38592.94,16242.65,26,51,111.51,30.0
47,490,429,38592.94,16242.65,26,51,115.21,29.0
47,490,429,38592.94,16242.65,26,51,120.0,25.0
47,490,429,38592.94,16242.65,26,51,137.33,22.0
47,490,429,38592.94,16242.65,26,51,173.67,21.0
47,490,429,38592.94,16242.65,26,51,0.0,40.0
47,490,430,37789.74,15786.34,28,53,457.57,20.0
47,490,430,37789.74,15786.34,28,53,518.26,17.0
47,490,430,37789.74,15786.34,28,53,35.89,37.0
47,490,430,37789.74,15786.34,28,53,51.0,36.0
47,490,430,37789.74,15786.34,28,53,85.02,33.0
47,490,430,37789.74,15786.34,28,53,111.51,30.0
47,490,430,37789.74,15786.34,28,53,115.21,29.0
47,490,430,37789.74,15786.34,28,53,120.0,25.0
47,490,430,37789.74,15786.34,28,53,137.33,22.0
47,490,430,37789.74,15786.34,28,53,173.67,21.0
47,490,430,37789.74,15786.34,28,53,0.0,40.0
47,490,430,37812.45,15827.36,28,52,457.57,20.0
47,490,430,37812.45,15827.36,28,52,518.26,17.0
47,490,430,37812.45,15827.36,28,52,35.89,37.0
47,490,430,37812.45,15827.36,28,52,51.0,36.0
47,490,430,37812.45,15827.36,28,52,85.02,33.0
47,490,430,37812.45,15827.36,28,52,111.51,30.0
47,490,430,37812.45,15827.36,28,52,115.21,29.0
47,490,430,37812.45,15827.36,28,52,120.0,25.0
47,490,430,37812.45,15827.36,28,52,137.33,22.0
47,490,430,37812.45,15827.36,28,52,173.67,21.0
47,490,430,37812.45,15827.36,28,52,0.0,40.0
47,490,430,37844.79,15827.36,28,51,457.57,20.0
47,490,430,37844.79,15827.36,28,51,518.26,17.0
47,490,430,37844.79,15827.36,28,51,35.89,37.0
47,490,430,37844.79,15827.36,28,51,51.0,36.0
47,490,430,37844.79,15827.36,28,51,85.02,33.0
47,490,430,37844.79,15827.36,28,51,111.51,30.0
47,490,430,37844.79,15827.36,28,51,115.21,29.0
47,490,430,37844.79,15827.36,28,51,120.0,25.0
47,490,430,37844.79,15827.36,28,51,137.33,22.0
47,490,430,37844.79,15827.36,28,51,173.67,21.0
47,490,430,37844.79,15827.36,28,51,0.0,40.0
47,490,430,37963.58,15383.3,28,54,457.57,20.0
47,490,430,37963.58,15383.3,28,54,518.26,17.0
47,490,430,37963.58,15383.3,28,54,35.89,37.0
47,490,430,37963.58,15383.3,28,54,51.0,36.0
47,490,430,37963.58,15383.3,28,54,85.02,33.0
47,490,430,37963.58,15383.3,28,54,111.51,30.0
47,490,430,37963.58,15383.3,28,54,115.21,29.0
47,490,430,37963.58,15383.3,28,54,120.0,25.0
47,490,430,37963.58,15383.3,28,54,137.33,22.0
47,490,430,37963.58,15383.3,28,54,173.67,21.0
47,490,430,37963.58,15383.3,28,54,0.0,40.0
47,490,430,38021.84,15620.86,28,53,457.57,20.0
47,490,430,38021.84,15620.86,28,53,518.26,17.0
47,490,430,38021.84,15620.86,28,53,35.89,37.0
47,490,430,38021.84,15620.86,28,53,51.0,36.0
47,490,430,38021.84,15620.86,28,53,85.02,33.0
47,490,430,38021.84,15620.86,28,53,111.51,30.0
47,490,430,38021.84,15620.86,28,53,115.21,29.0
47,490,430,38021.84,15620.86,28,53,120.0,25.0
47,490,430,38021.84,15620.86,28,53,137.33,22.0
47,490,430,38021.84,15620.86,28,53,173.67,21.0
47,490,430,38021.84,15620.86,28,53,0.0,40.0
47,490,430,38066.57,15568.53,28,53,457.57,20.0
47,490,430,38066.57,15568.53,28,53,518.26,17.0
47,490,430,38066.57,15568.53,28,53,35.89,37.0
47,490,430,38066.57,15568.53,28,53,51.0,36.0
47,490,430,38066.57,15568.53,28,53,85.02,33.0
47,490,430,38066.57,15568.53,28,53,111.51,30.0
47,490,430,38066.57,15568.53,28,53,115.21,29.0
47,490,430,38066.57,15568.53,28,53,120.0,25.0
47,490,430,38066.57,15568.53,28,53,137.33,22.0
47,490,430,38066.57,15568.53,28,53,173.67,21.0
47,490,430,38066.57,15568.53,28,53,0.0,40.0
47,490,430,38226.62,15697.92,28,48,457.57,20.0
47,490,430,38226.62,15697.92,28,48,518.26,17.0
47,490,430,38226.62,15697.92,28,48,35.89,37.0
47,490,430,38226.62,15697.92,28,48,51.0,36.0
47,490,430,38226.62,15697.92,28,48,85.02,33.0
47,490,430,38226.62,15697.92,28,48,111.51,30.0
47,490,430,38226.62,15697.92,28,48,115.21,29.0
47,490,430,38226.62,15697.92,28,48,120.0,25.0
47,490,430,38226.62,15697.92,28,48,137.33,22.0
47,490,430,38226.62,15697.92,28,48,173.67,21.0
47,490,430,38226.62,15697.92,28,48,0.0,40.0
47,490,430,38242.67,15642.44,28,48,457.57,20.0
47,490,430,38242.67,15642.44,28,48,518.26,17.0
47,490,430,38242.67,15642.44,28,48,35.89,37.0
47,490,430,38242.67,15642.44,28,48,51.0,36.0
47,490,430,38242.67,15642.44,28,48,85.02,33.0
47,490,430,38242.67,15642.44,28,48,111.51,30.0
47,490,430,38242.67,15642.44,28,48,115.21,29.0
47,490,430,38242.67,15642.44,28,48,120.0,25.0
47,490,430,38242.67,15642.44,28,48,137.33,22.0
47,490,430,38242.67,15642.44,28,48,173.67,21.0
47,490,430,38242.67,15642.44,28,48,0.0,40.0
47,490,430,38245.89,15872.54,28,47,457.57,20.0
47,490,430,38245.89,15872.54,28,47,518.26,17.0
47,490,430,38245.89,15872.54,28,47,35.89,37.0
47,490,430,38245.89,15872.54,28,47,51.0,36.0
47,490,430,38245.89,15872.54,28,47,85.02,33.0
47,490,430,38245.89,15872.54,28,47,111.51,30.0
47,490,430,38245.89,15872.54,28,47,115.21,29.0
47,490,430,38245.89,15872.54,28,47,120.0,25.0
47,490,430,38245.89,15872.54,28,47,137.33,22.0
47,490,430,38245.89,15872.54,28,47,173.67,21.0
47,490,430,38245.89,15872.54,28,47,0.0,40.0
47,490,430,38246.85,16104.17,26,54,457.57,20.0
47,490,430,38246.85,16104.17,26,54,518.26,17.0
47,490,430,38246.85,16104.17,26,54,35.89,37.0
47,490,430,38246.85,16104.17,26,54,51.0,36.0
47,490,430,38246.85,16104.17,26,54,85.02,33.0
47,490,430,38246.85,16104.17,26,54,111.51,30.0
47,490,430,38246.85,16104.17,26,54,115.21,29.0
47,490,430,38246.85,16104.17,26,54,120.0,25.0
47,490,430,38246.85,16104.17,26,54,137.33,22.0
47,490,430,38246.85,16104.17,26,54,173.67,21.0
47,490,430,38246.85,16104.17,26,54,0.0,40.0
47,490,430,38321.41,15651.88,27,48,457.57,20.0
47,490,430,38321.41,15651.88,27,48,518.26,17.0
47,490,430,38321.41,15651.88,27,48,35.89,37.0
47,490,430,38321.41,15651.88,27,48,51.0,36.0
47,490,430,38321.41,15651.88,27,48,85.02,33.0
47,490,430,38321.41,15651.88,27,48,111.51,30.0
47,490,430,38321.41,15651.88,27,48,115.21,29.0
47,490,430,38321.41,15651.88,27,48,120.0,25.0
47,490,430,38321.41,15651.88,27,48,137.33,22.0
47,490,430,38321.41,15651.88,27,48,173.67,21.0
47,490,430,38321.41,15651.88,27,48,0.0,40.0
47,490,430,38582.15,16138.74,26,52,457.57,20.0
47,490,430,38582.15,16138.74,26,52,518.26,17.0
47,490,430,38582.15,16138.74,26,52,35.89,37.0
47,490,430,38582.15,16138.74,26,52,51.0,36.0
47,490,430,38582.15,16138.74,26,52,85.02,33.0
47,490,430,38582.15,16138.74,26,52,111.51,30.0
47,490,430,38582.15,16138.74,26,52,115.21,29.0
47,490,430,38582.15,16138.74,26,52,120.0,25.0
47,490,430,38582.15,16138.74,26,52,137.33,22.0
47,490,430,38582.15,16138.74,26,52,173.67,21.0
47,490,430,38582.15,16138.74,26,52,0.0,40.0
47,490,431,37731.18,15627.68,27,56,457.57,20.0
47,490,431,37731.18,15627.68,27,56,518.26,17.0
47,490,431,37731.18,15627.68,27,56,35.89,37.0
47,490,431,37731.18,15627.68,27,56,51.0,36.0
47,490,431,37731.18,15627.68,27,56,85.02,33.0
47,490,431,37731.18,15627.68,27,56,111.51,30.0
47,490,431,37731.18,15627.68,27,56,115.21,29.0
47,490,431,37731.18,15627.68,27,56,120.0,25.0
47,490,431,37731.18,15627.68,27,56,137.33,22.0
47,490,431,37731.18,15627.68,27,56,173.67,21.0
47,490,431,37731.18,15627.68,27,56,0.0,40.0
47,490,431,37735.26,15611.69,27,56,457.57,20.0
47,490,431,37735.26,15611.69,27,56,518.26,17.0
47,490,431,37735.26,15611.69,27,56,35.89,37.0
47,490,431,37735.26,15611.69,27,56,51.0,36.0
47,490,431,37735.26,15611.69,27,56,85.02,33.0
47,490,431,37735.26,15611.69,27,56,111.51,30.0
47,490,431,37735.26,15611.69,27,56,115.21,29.0
47,490,431,37735.26,15611.69,27,56,120.0,25.0
47,490,431,37735.26,15611.69,27,56,137.33,22.0
47,490,431,37735.26,15611.69,27,56,173.67,21.0
47,490,431,37735.26,15611.69,27,56,0.0,40.0
47,490,431,37809.27,16596.47,27,52,457.57,20.0
47,490,431,37809.27,16596.47,27,52,518.26,17.0
47,490,431,37809.27,16596.47,27,52,35.89,37.0
47,490,431,37809.27,16596.47,27,52,51.0,36.0
47,490,431,37809.27,16596.47,27,52,85.02,33.0
47,490,431,37809.27,16596.47,27,52,111.51,30.0
47,490,431,37809.27,16596.47,27,52,115.21,29.0
47,490,431,37809.27,16596.47,27,52,120.0,25.0
47,490,431,37809.27,16596.47,27,52,137.33,22.0
47,490,431,37809.27,16596.47,27,52,173.67,21.0
47,490,431,37809.27,16596.47,27,52,0.0,40.0
47,490,431,37874.21,15455.29,28,53,457.57,20.0
47,490,431,37874.21,15455.29,28,53,518.26,17.0
47,490,431,37874.21,15455.29,28,53,35.89,37.0
47,490,431,37874.21,15455.29,28,53,51.0,36.0
47,490,431,37874.21,15455.29,28,53,85.02,33.0
47,490,431,37874.21,15455.29,28,53,111.51,30.0
47,490,431,37874.21,15455.29,28,53,115.21,29.0
47,490,431,37874.21,15455.29,28,53,120.0,25.0
47,490,431,37874.21,15455.29,28,53,137.33,22.0
47,490,431,37874.21,15455.29,28,53,173.67,21.0
47,490,431,37874.21,15455.29,28,53,0.0,40.0
47,490,431,37910.78,15326.65,28,53,457.57,20.0
47,490,431,37910.78,15326.65,28,53,518.26,17.0
47,490,431,37910.78,15326.65,28,53,35.89,37.0
47,490,431,37910.78,15326.65,28,53,51.0,36.0
47,490,431,37910.78,15326.65,28,53,85.02,33.0
47,490,431,37910.78,15326.65,28,53,111.51,30.0
47,490,431,37910.78,15326.65,28,53,115.21,29.0
47,490,431,37910.78,15326.65,28,53,120.0,25.0
47,490,431,37910.78,15326.65,28,53,137.33,22.0
47,490,431,37910.78,15326.65,28,53,173.67,21.0
47,490,431,37910.78,15326.65,28,53,0.0,40.0
47,490,431,38187.23,15770.46,28,47,457.57,20.0
47,490,431,38187.23,15770.46,28,47,518.26,17.0
47,490,431,38187.23,15770.46,28,47,35.89,37.0
47,490,431,38187.23,15770.46,28,47,51.0,36.0
47,490,431,38187.23,15770.46,28,47,85.02,33.0
47,490,431,38187.23,15770.46,28,47,111.51,30.0
47,490,431,38187.23,15770.46,28,47,115.21,29.0
47,490,431,38187.23,15770.46,28,47,120.0,25.0
47,490,431,38187.23,15770.46,28,47,137.33,22.0
47,490,431,38187.23,15770.46,28,47,173.67,21.0
47,490,431,38187.23,15770.46,28,47,0.0,40.0
47,490,431,38221.96,16104.17,26,53,457.57,20.0
47,490,431,38221.96,16104.17,26,53,518.26,17.0
47,490,431,38221.96,16104.17,26,53,35.89,37.0
47,490,431,38221.96,16104.17,26,53,51.0,36.0
47,490,431,38221.96,16104.17,26,53,85.02,33.0
47,490,431,38221.96,16104.17,26,53,111.51,30.0
47,490,431,38221.96,16104.17,26,53,115.21,29.0
47,490,431,38221.96,16104.17,26,53,120.0,25.0
47,490,431,38221.96,16104.17,26,53,137.33,22.0
47,490,431,38221.96,16104.17,26,53,173.67,21.0
47,490,431,38221.96,16104.17,26,53,0.0,40.0
47,490,431,38224.05,15862.78,28,46,457.57,20.0
47,490,431,38224.05,15862.78,28,46,518.26,17.0
47,490,431,38224.05,15862.78,28,46,35.89,37.0
47,490,431,38224.05,15862.78,28,46,51.0,36.0
47,490,431,38224.05,15862.78,28,46,85.02,33.0
47,490,431,38224.05,15862.78,28,46,111.51,30.0
47,490,431,38224.05,15862.78,28,46,115.21,29.0
47,490,431,38224.05,15862.78,28,46,120.0,25.0
47,490,431,38224.05,15862.78,28,46,137.33,22.0
47,490,431,38224.05,15862.78,28,46,173.67,21.0
47,490,431,38224.05,15862.78,28,46,0.0,40.0
47,490,431,38233.75,15651.88,27,48,457.57,20.0
47,490,431,38233.75,15651.88,27,48,518.26,17.0
47,490,431,38233.75,15651.88,27,48,35.89,37.0
47,490,431,38233.75,15651.88,27,48,51.0,36.0
47,490,431,38233.75,15651.88,27,48,85.02,33.0
47,490,431,38233.75,15651.88,27,48,111.51,30.0
47,490,431,38233.75,15651.88,27,48,115.21,29.0
47,490,431,38233.75,15651.88,27,48,120.0,25.0
47,490,431,38233.75,15651.88,27,48,137.33,22.0
47,490,431,38233.75,15651.88,27,48,173.67,21.0
47,490,431,38233.75,15651.88,27,48,0.0,40.0
47,490,431,38242.67,15603.84,28,48,457.57,20.0
47,490,431,38242.67,15603.84,28,48,518.26,17.0
47,490,431,38242.67,15603.84,28,48,35.89,37.0
47,490,431,38242.67,15603.84,28,48,51.0,36.0
47,490,431,38242.67,15603.84,28,48,85.02,33.0
47,490,431,38242.67,15603.84,28,48,111.51,30.0
47,490,431,38242.67,15603.84,28,48,115.21,29.0
47,490,431,38242.67,15603.84,28,48,120.0,25.0
47,490,431,38242.67,15603.84,28,48,137.33,22.0
47,490,431,38242.67,15603.84,28,48,173.67,21.0
47,490,431,38242.67,15603.84,28,48,0.0,40.0
47,490,431,38464.6,15583.31,28,50,457.57,20.0
47,490,431,38464.6,15583.31,28,50,518.26,17.0
47,490,431,38464.6,15583.31,28,50,35.89,37.0
47,490,431,38464.6,15583.31,28,50,51.0,36.0
47,490,431,38464.6,15583.31,28,50,85.02,33.0
47,490,431,38464.6,15583.31,28,50,111.51,30.0
47,490,431,38464.6,15583.31,28,50,115.21,29.0
47,490,431,38464.6,15583.31,28,50,120.0,25.0
47,490,431,38464.6,15583.31,28,50,137.33,22.0
47,490,431,38464.6,15583.31,28,50,173.67,21.0
47,490,431,38464.6,15583.31,28,50,0.0,40.0
47,490,431,38481.49,15583.31,28,49,457.57,20.0
47,490,431,38481.49,15583.31,28,49,518.26,17.0
47,490,431,38481.49,15583.31,28,49,35.89,37.0
47,490,431,38481.49,15583.31,28,49,51.0,36.0
47,490,431,38481.49,15583.31,28,49,85.02,33.0
47,490,431,38481.49,15583.31,28,49,111.51,30.0
47,490,431,38481.49,15583.31,28,49,115.21,29.0
47,490,431,38481.49,15583.31,28,49,120.0,25.0
47,490,431,38481.49,15583.31,28,49,137.33,22.0
47,490,431,38481.49,15583.31,28,49,173.67,21.0
47,490,431,38481.49,15583.31,28,49,0.0,40.0
47,490,431,38514.44,16305.68,26,51,457.57,20.0
47,490,431,38514.44,16305.68,26,51,518.26,17.0
47,490,431,38514.44,16305.68,26,51,35.89,37.0
47,490,431,38514.44,16305.68,26,51,51.0,36.0
47,490,431,38514.44,16305.68,26,51,85.02,33.0
47,490,431,38514.44,16305.68,26,51,111.51,30.0
47,490,431,38514.44,16305.68,26,51,115.21,29.0
47,490,431,38514.44,16305.68,26,51,120.0,25.0
47,490,431,38514.44,16305.68,26,51,137.33,22.0
47,490,431,38514.44,16305.68,26,51,173.67,21.0
47,490,431,38514.44,16305.68,26,51,0.0,40.0
47,490,432,37323.65,16780.14,28,53,457.57,20.0
47,490,432,37323.65,16780.14,28,53,518.26,17.0
47,490,432,37323.65,16780.14,28,53,35.89,37.0
47,490,432,37323.65,16780.14,28,53,51.0,36.0
47,490,432,37323.65,16780.14,28,53,85.02,33.0
47,490,432,37323.65,16780.14,28,53,111.51,30.0
47,490,432,37323.65,16780.14,28,53,115.21,29.0
47,490,432,37323.65,16780.14,28,53,120.0,25.0
47,490,432,37323.65,16780.14,28,53,137.33,22.0
47,490,432,37323.65,16780.14,28,53,173.67,21.0
47,490,432,37323.65,16780.14,28,53,0.0,40.0
47,490,432,37408.35,16768.84,28,53,457.57,20.0
47,490,432,37408.35,16768.84,28,53,518.26,17.0
47,490,432,37408.35,16768.84,28,53,35.89,37.0
47,490,432,37408.35,16768.84,28,53,51.0,36.0
47,490,432,37408.35,16768.84,28,53,85.02,33.0
47,490,432,37408.35,16768.84,28,53,111.51,30.0
47,490,432,37408.35,16768.84,28,53,115.21,29.0
47,490,432,37408.35,16768.84,28,53,120.0,25.0
47,490,432,37408.35,16768.84,28,53,137.33,22.0
47,490,432,37408.35,16768.84,28,53,173.67,21.0
47,490,432,37408.35,16768.84,28,53,0.0,40.0
47,490,432,37415.48,16833.76,28,52,457.57,20.0
47,490,432,37415.48,16833.76,28,52,518.26,17.0
47,490,432,37415.48,16833.76,28,52,35.89,37.0
47,490,432,37415.48,16833.76,28,52,51.0,36.0
47,490,432,37415.48,16833.76,28,52,85.02,33.0
47,490,432,37415.48,16833.76,28,52,111.51,30.0
47,490,432,37415.48,16833.76,28,52,115.21,29.0
47,490,432,37415.48,16833.76,28,52,120.0,25.0
47,490,432,37415.48,16833.76,28,52,137.33,22.0
47,490,432,37415.48,16833.76,28,52,173.67,21.0
47,490,432,37415.48,16833.76,28,52,0.0,40.0
47,490,432,37596.81,16731.5,27,52,457.57,20.0
47,490,432,37596.81,16731.5,27,52,518.26,17.0
47,490,432,37596.81,16731.5,27,52,35.89,37.0
47,490,432,37596.81,16731.5,27,52,51.0,36.0
47,490,432,37596.81,16731.5,27,52,85.02,33.0
47,490,432,37596.81,16731.5,27,52,111.51,30.0
47,490,432,37596.81,16731.5,27,52,115.21,29.0
47,490,432,37596.81,16731.5,27,52,120.0,25.0
47,490,432,37596.81,16731.5,27,52,137.33,22.0
47,490,432,37596.81,16731.5,27,52,173.67,21.0
47,490,432,37596.81,16731.5,27,52,0.0,40.0
47,490,432,37704.19,15627.68,27,57,457.57,20.0
47,490,432,37704.19,15627.68,27,57,518.26,17.0
47,490,432,37704.19,15627.68,27,57,35.89,37.0
47,490,432,37704.19,15627.68,27,57,51.0,36.0
47,490,432,37704.19,15627.68,27,57,85.02,33.0
47,490,432,37704.19,15627.68,27,57,111.51,30.0
47,490,432,37704.19,15627.68,27,57,115.21,29.0
47,490,432,37704.19,15627.68,27,57,120.0,25.0
47,490,432,37704.19,15627.68,27,57,137.33,22.0
47,490,432,37704.19,15627.68,27,57,173.67,21.0
47,490,432,37704.19,15627.68,27,57,0.0,40.0
47,490,432,37716.51,15627.68,27,56,457.57,20.0
47,490,432,37716.51,15627.68,27,56,518.26,17.0
47,490,432,37716.51,15627.68,27,56,35.89,37.0
47,490,432,37716.51,15627.68,27,56,51.0,36.0
47,490,432,37716.51,15627.68,27,56,85.02,33.0
47,490,432,37716.51,15627.68,27,56,111.51,30.0
47,490,432,37716.51,15627.68,27,56,115.21,29.0
47,490,432,37716.51,15627.68,27,56,120.0,25.0
47,490,432,37716.51,15627.68,27,56,137.33,22.0
47,490,432,37716.51,15627.68,27,56,173.67,21.0
47,490,432,37716.51,15627.68,27,56,0.0,40.0
47,490,432,37754.09,15582.78,27,56,457.57,20.0
47,490,432,37754.09,15582.78,27,56,518.26,17.0
47,490,432,37754.09,15582.78,27,56,35.89,37.0
47,490,432,37754.09,15582.78,27,56,51.0,36.0
47,490,432,37754.09,15582.78,27,56,85.02,33.0
47,490,432,37754.09,15582.78,27,56,111.51,30.0
47,490,432,37754.09,15582.78,27,56,115.21,29.0
47,490,432,37754.09,15582.78,27,56,120.0,25.0
47,490,432,37754.09,15582.78,27,56,137.33,22.0
47,490,432,37754.09,15582.78,27,56,173.67,21.0
47,490,432,37754.09,15582.78,27,56,0.0,40.0
47,490,432,37767.75,17141.34,27,51,457.57,20.0
47,490,432,37767.75,17141.34,27,51,518.26,17.0
47,490,432,37767.75,17141.34,27,51,35.89,37.0
47,490,432,37767.75,17141.34,27,51,51.0,36.0
47,490,432,37767.75,17141.34,27,51,85.02,33.0
47,490,432,37767.75,17141.34,27,51,111.51,30.0
47,490,432,37767.75,17141.34,27,51,115.21,29.0
47,490,432,37767.75,17141.34,27,51,120.0,25.0
47,490,432,37767.75,17141.34,27,51,137.33,22.0
47,490,432,37767.75,17141.34,27,51,173.67,21.0
47,490,432,37767.75,17141.34,27,51,0.0,40.0
47,490,432,37773.17,16796.63,27,51,457.57,20.0
47,490,432,37773.17,16796.63,27,51,518.26,17.0
47,490,432,37773.17,16796.63,27,51,35.89,37.0
47,490,432,37773.17,16796.63,27,51,51.0,36.0
47,490,432,37773.17,16796.63,27,51,85.02,33.0
47,490,432,37773.17,16796.63,27,51,111.51,30.0
47,490,432,37773.17,16796.63,27,51,115.21,29.0
47,490,432,37773.17,16796.63,27,51,120.0,25.0
47,490,432,37773.17,16796.63,27,51,137.33,22.0
47,490,432,37773.17,16796.63,27,51,173.67,21.0
47,490,432,37773.17,16796.63,27,51,0.0,40.0
47,490,432,37773.17,16796.63,27,51,457.57,20.0
47,490,432,37773.17,16796.63,27,51,518.26,17.0
47,490,432,37773.17,16796.63,27,51,35.89,37.0
47,490,432,37773.17,16796.63,27,51,51.0,36.0
47,490,432,37773.17,16796.63,27,51,85.02,33.0
47,490,432,37773.17,16796.63,27,51,111.51,30.0
47,490,432,37773.17,16796.63,27,51,115.21,29.0
47,490,432,37773.17,16796.63,27,51,120.0,25.0
47,490,432,37773.17,16796.63,27,51,137.33,22.0
47,490,432,37773.17,16796.63,27,51,173.67,21.0
47,490,432,37773.17,16796.63,27,51,0.0,40.0
47,490,432,37775.79,15523.63,27,56,457.57,20.0
47,490,432,37775.79,15523.63,27,56,518.26,17.0
47,490,432,37775.79,15523.63,27,56,35.89,37.0
47,490,432,37775.79,15523.63,27,56,51.0,36.0
47,490,432,37775.79,15523.63,27,56,85.02,33.0
47,490,432,37775.79,15523.63,27,56,111.51,30.0
47,490,432,37775.79,15523.63,27,56,115.21,29.0
47,490,432,37775.79,15523.63,27,56,120.0,25.0
47,490,432,37775.79,15523.63,27,56,137.33,22.0
47,490,432,37775.79,15523.63,27,56,173.67,21.0
47,490,432,37775.79,15523.63,27,56,0.0,40.0
47,490,432,37780.64,16684.32,27,51,457.57,20.0
47,490,432,37780.64,16684.32,27,51,518.26,17.0
47,490,432,37780.64,16684.32,27,51,35.89,37.0
47,490,432,37780.64,16684.32,27,51,51.0,36.0
47,490,432,37780.64,16684.32,27,51,85.02,33.0
47,490,432,37780.64,16684.32,27,51,111.51,30.0
47,490,432,37780.64,16684.32,27,51,115.21,29.0
47,490,432,37780.64,16684.32,27,51,120.0,25.0
47,490,432,37780.64,16684.32,27,51,137.33,22.0
47,490,432,37780.64,16684.32,27,51,173.67,21.0
47,490,432,37780.64,16684.32,27,51,0.0,40.0
47,490,432,37783.19,16596.47,27,52,457.57,20.0
47,490,432,37783.19,16596.47,27,52,518.26,17.0
47,490,432,37783.19,16596.47,27,52,35.89,37.0
47,490,432,37783.19,16596.47,27,52,51.0,36.0
47,490,432,37783.19,16596.47,27,52,85.02,33.0
47,490,432,37783.19,16596.47,27,52,111.51,30.0
47,490,432,37783.19,16596.47,27,52,115.21,29.0
47,490,432,37783.19,16596.47,27,52,120.0,25.0
47,490,432,37783.19,16596.47,27,52,137.33,22.0
47,490,432,37783.19,16596.47,27,52,173.67,21.0
47,490,432,37783.19,16596.47,27,52,0.0,40.0
47,490,432,37810.78,16596.47,27,51,457.57,20.0
47,490,432,37810.78,16596.47,27,51,518.26,17.0
47,490,432,37810.78,16596.47,27,51,35.89,37.0
47,490,432,37810.78,16596.47,27,51,51.0,36.0
47,490,432,37810.78,16596.47,27,51,85.02,33.0
47,490,432,37810.78,16596.47,27,51,111.51,30.0
47,490,432,37810.78,16596.47,27,51,115.21,29.0
47,490,432,37810.78,16596.47,27,51,120.0,25.0
47,490,432,37810.78,16596.47,27,51,137.33,22.0
47,490,432,37810.78,16596.47,27,51,173.67,21.0
47,490,432,37810.78,16596.47,27,51,0.0,40.0
47,490,432,38190.9,16056.36,27,52,457.57,20.0
47,490,432,38190.9,16056.36,27,52,518.26,17.0
47,490,432,38190.9,16056.36,27,52,35.89,37.0
47,490,432,38190.9,16056.36,27,52,51.0,36.0
47,490,432,38190.9,16056.36,27,52,85.02,33.0
47,490,432,38190.9,16056.36,27,52,111.51,30.0
47,490,432,38190.9,16056.36,27,52,115.21,29.0
47,490,432,38190.9,16056.36,27,52,120.0,25.0
47,490,432,38190.9,16056.36,27,52,137.33,22.0
47,490,432,38190.9,16056.36,27,52,173.67,21.0
47,490,432,38190.9,16056.36,27,52,0.0,40.0
47,490,432,38231.86,15651.88,27,48,457.57,20.0
47,490,432,38231.86,15651.88,27,48,518.26,17.0
47,490,432,38231.86,15651.88,27,48,35.89,37.0
47,490,432,38231.86,15651.88,27,48,51.0,36.0
47,490,432,38231.86,15651.88,27,48,85.02,33.0
47,490,432,38231.86,15651.88,27,48,111.51,30.0
47,490,432,38231.86,15651.88,27,48,115.21,29.0
47,490,432,38231.86,15651.88,27,48,120.0,25.0
47,490,432,38231.86,15651.88,27,48,137.33,22.0
47,490,432,38231.86,15651.88,27,48,173.67,21.0
47,490,432,38231.86,15651.88,27,48,0.0,40.0
47,490,432,38234.06,16042.42,26,53,457.57,20.0
47,490,432,38234.06,16042.42,26,53,518.26,17.0
47,490,432,38234.06,16042.42,26,53,35.89,37.0
47,490,432,38234.06,16042.42,26,53,51.0,36.0
47,490,432,38234.06,16042.42,26,53,85.02,33.0
47,490,432,38234.06,16042.42,26,53,111.51,30.0
47,490,432,38234.06,16042.42,26,53,115.21,29.0
47,490,432,38234.06,16042.42,26,53,120.0,25.0
47,490,432,38234.06,16042.42,26,53,137.33,22.0
47,490,432,38234.06,16042.42,26,53,173.67,21.0
47,490,432,38234.06,16042.42,26,53,0.0,40.0
47,490,432,38234.98,15619.92,27,48,457.57,20.0
47,490,432,38234.98,15619.92,27,48,518.26,17.0
47,490,432,38234.98,15619.92,27,48,35.89,37.0
47,490,432,38234.98,15619.92,27,48,51.0,36.0
47,490,432,38234.98,15619.92,27,48,85.02,33.0
47,490,432,38234.98,15619.92,27,48,111.51,30.0
47,490,432,38234.98,15619.92,27,48,115.21,29.0
47,490,432,38234.98,15619.92,27,48,120.0,25.0
47,490,432,38234.98,15619.92,27,48,137.33,22.0
47,490,432,38234.98,15619.92,27,48,173.67,21.0
47,490,432,38234.98,15619.92,27,48,0.0,40.0
47,490,432,38566.32,15973.87,26,53,457.57,20.0
47,490,432,38566.32,15973.87,26,53,518.26,17.0
47,490,432,38566.32,15973.87,26,53,35.89,37.0
47,490,432,38566.32,15973.87,26,53,51.0,36.0
47,490,432,38566.32,15973.87,26,53,85.02,33.0
47,490,432,38566.32,15973.87,26,53,111.51,30.0
47,490,432,38566.32,15973.87,26,53,115.21,29.0
47,490,432,38566.32,15973.87,26,53,120.0,25.0
47,490,432,38566.32,15973.87,26,53,137.33,22.0
47,490,432,38566.32,15973.87,26,53,173.67,21.0
47,490,432,38566.32,15973.87,26,53,0.0,40.0
47,490,433,37164.38,16465.34,28,55,457.57,20.0
47,490,433,37164.38,16465.34,28,55,518.26,17.0
47,490,433,37164.38,16465.34,28,55,35.89,37.0
47,490,433,37164.38,16465.34,28,55,51.0,36.0
47,490,433,37164.38,16465.34,28,55,85.02,33.0
47,490,433,37164.38,16465.34,28,55,111.51,30.0
47,490,433,37164.38,16465.34,28,55,115.21,29.0
47,490,433,37164.38,16465.34,28,55,120.0,25.0
47,490,433,37164.38,16465.34,28,55,137.33,22.0
47,490,433,37164.38,16465.34,28,55,173.67,21.0
47,490,433,37164.38,16465.34,28,55,0.0,40.0
47,490,433,37241.44,16380.42,28,54,457.57,20.0
47,490,433,37241.44,16380.42,28,54,518.26,17.0
47,490,433,37241.44,16380.42,28,54,35.89,37.0
47,490,433,37241.44,16380.42,28,54,51.0,36.0
47,490,433,37241.44,16380.42,28,54,85.02,33.0
47,490,433,37241.44,16380.42,28,54,111.51,30.0
47,490,433,37241.44,16380.42,28,54,115.21,29.0
47,490,433,37241.44,16380.42,28,54,120.0,25.0
47,490,433,37241.44,16380.42,28,54,137.33,22.0
47,490,433,37241.44,16380.42,28,54,173.67,21.0
47,490,433,37241.44,16380.42,28,54,0.0,40.0
47,490,433,37415.48,16718.86,28,52,457.57,20.0
47,490,433,37415.48,16718.86,28,52,518.26,17.0
47,490,433,37415.48,16718.86,28,52,35.89,37.0
47,490,433,37415.48,16718.86,28,52,51.0,36.0
47,490,433,37415.48,16718.86,28,52,85.02,33.0
47,490,433,37415.48,16718.86,28,52,111.51,30.0
47,490,433,37415.48,16718.86,28,52,115.21,29.0
47,490,433,37415.48,16718.86,28,52,120.0,25.0
47,490,433,37415.48,16718.86,28,52,137.33,22.0
47,490,433,37415.48,16718.86,28,52,173.67,21.0
47,490,433,37415.48,16718.86,28,52,0.0,40.0
47,490,433,37450.62,16625.77,28,52,457.57,20.0
47,490,433,37450.62,16625.77,28,52,518.26,17.0
47,490,433,37450.62,16625.77,28,52,35.89,37.0
47,490,433,37450.62,16625.77,28,52,51.0,36.0
47,490,433,37450.62,16625.77,28,52,85.02,33.0
47,490,433,37450.62,16625.77,28,52,111.51,30.0
47,490,433,37450.62,16625.77,28,52,115.21,29.0
47,490,433,37450.62,16625.77,28,52,120.0,25.0
47,490,433,37450.62,16625.77,28,52,137.33,22.0
47,490,433,37450.62,16625.77,28,52,173.67,21.0
47,490,433,37450.62,16625.77,28,52,0.0,40.0
47,490,433,37459.27,16803.57,27,53,457.57,20.0
47,490,433,37459.27,16803.57,27,53,518.26,17.0
47,490,433,37459.27,16803.57,27,53,35.89,37.0
47,490,433,37459.27,16803.57,27,53,51.0,36.0
47,490,433,37459.27,16803.57,27,53,85.02,33.0
47,490,433,37459.27,16803.57,27,53,111.51,30.0
47,490,433,37459.27,16803.57,27,53,115.21,29.0
47,490,433,37459.27,16803.57,27,53,120.0,25.0
47,490,433,37459.27,16803.57,27,53,137.33,22.0
47,490,433,37459.27,16803.57,27,53,173.67,21.0
47,490,433,37459.27,16803.57,27,53,0.0,40.0
47,490,433,37488.46,16731.32,27,52,457.57,20.0
47,490,433,37488.46,16731.32,27,52,518.26,17.0
47,490,433,37488.46,16731.32,27,52,35.89,37.0
47,490,433,37488.46,16731.32,27,52,51.0,36.0
47,490,433,37488.46,16731.32,27,52,85.02,33.0
47,490,433,37488.46,16731.32,27,52,111.51,30.0
47,490,433,37488.46,16731.32,27,52,115.21,29.0
47,490,433,37488.46,16731.32,27,52,120.0,25.0
47,490,433,37488.46,16731.32,27,52,137.33,22.0
47,490,433,37488.46,16731.32,27,52,173.67,21.0
47,490,433,37488.46,16731.32,27,52,0.0,40.0
47,490,433,37695.68,15688.66,27,54,457.57,20.0
47,490,433,37695.68,15688.66,27,54,518.26,17.0
47,490,433,37695.68,15688.66,27,54,35.89,37.0
47,490,433,37695.68,15688.66,27,54,51.0,36.0
47,490,433,37695.68,15688.66,27,54,85.02,33.0
47,490,433,37695.68,15688.66,27,54,111.51,30.0
47,490,433,37695.68,15688.66,27,54,115.21,29.0
47,490,433,37695.68,15688.66,27,54,120.0,25.0
47,490,433,37695.68,15688.66,27,54,137.33,22.0
47,490,433,37695.68,15688.66,27,54,173.67,21.0
47,490,433,37695.68,15688.66,27,54,0.0,40.0
47,490,433,37695.68,15688.66,27,54,457.57,20.0
47,490,433,37695.68,15688.66,27,54,518.26,17.0
47,490,433,37695.68,15688.66,27,54,35.89,37.0
47,490,433,37695.68,15688.66,27,54,51.0,36.0
47,490,433,37695.68,15688.66,27,54,85.02,33.0
47,490,433,37695.68,15688.66,27,54,111.51,30.0
47,490,433,37695.68,15688.66,27,54,115.21,29.0
47,490,433,37695.68,15688.66,27,54,120.0,25.0
47,490,433,37695.68,15688.66,27,54,137.33,22.0
47,490,433,37695.68,15688.66,27,54,173.67,21.0
47,490,433,37695.68,15688.66,27,54,0.0,40.0
47,490,433,37708.07,16607.45,27,52,457.57,20.0
47,490,433,37708.07,16607.45,27,52,518.26,17.0
47,490,433,37708.07,16607.45,27,52,35.89,37.0
47,490,433,37708.07,16607.45,27,52,51.0,36.0
47,490,433,37708.07,16607.45,27,52,85.02,33.0
47,490,433,37708.07,16607.45,27,52,111.51,30.0
47,490,433,37708.07,16607.45,27,52,115.21,29.0
47,490,433,37708.07,16607.45,27,52,120.0,25.0
47,490,433,37708.07,16607.45,27,52,137.33,22.0
47,490,433,37708.07,16607.45,27,52,173.67,21.0
47,490,433,37708.07,16607.45,27,52,0.0,40.0
47,490,433,37748.96,15627.73,27,55,457.57,20.0
47,490,433,37748.96,15627.73,27,55,518.26,17.0
47,490,433,37748.96,15627.73,27,55,35.89,37.0
47,490,433,37748.96,15627.73,27,55,51.0,36.0
47,490,433,37748.96,15627.73,27,55,85.02,33.0
47,490,433,37748.96,15627.73,27,55,111.51,30.0
47,490,433,37748.96,15627.73,27,55,115.21,29.0
47,490,433,37748.96,15627.73,27,55,120.0,25.0
47,490,433,37748.96,15627.73,27,55,137.33,22.0
47,490,433,37748.96,15627.73,27,55,173.67,21.0
47,490,433,37748.96,15627.73,27,55,0.0,40.0
47,490,433,37748.96,15632.08,26,55,457.57,20.0
47,490,433,37748.96,15632.08,26,55,518.26,17.0
47,490,433,37748.96,15632.08,26,55,35.89,37.0
47,490,433,37748.96,15632.08,26,55,51.0,36.0
47,490,433,37748.96,15632.08,26,55,85.02,33.0
47,490,433,37748.96,15632.08,26,55,111.51,30.0
47,490,433,37748.96,15632.08,26,55,115.21,29.0
47,490,433,37748.96,15632.08,26,55,120.0,25.0
47,490,433,37748.96,15632.08,26,55,137.33,22.0
47,490,433,37748.96,15632.08,26,55,173.67,21.0
47,490,433,37748.96,15632.08,26,55,0.0,40.0
47,490,433,37762.56,17141.34,27,51,457.57,20.0
47,490,433,37762.56,17141.34,27,51,518.26,17.0
47,490,433,37762.56,17141.34,27,51,35.89,37.0
47,490,433,37762.56,17141.34,27,51,51.0,36.0
47,490,433,37762.56,17141.34,27,51,85.02,33.0
47,490,433,37762.56,17141.34,27,51,111.51,30.0
47,490,433,37762.56,17141.34,27,51,115.21,29.0
47,490,433,37762.56,17141.34,27,51,120.0,25.0
47,490,433,37762.56,17141.34,27,51,137.33,22.0
47,490,433,37762.56,17141.34,27,51,173.67,21.0
47,490,433,37762.56,17141.34,27,51,0.0,40.0
47,490,433,37923.22,15532.7,27,55,457.57,20.0
47,490,433,37923.22,15532.7,27,55,518.26,17.0
47,490,433,37923.22,15532.7,27,55,35.89,37.0
47,490,433,37923.22,15532.7,27,55,51.0,36.0
47,490,433,37923.22,15532.7,27,55,85.02,33.0
47,490,433,37923.22,15532.7,27,55,111.51,30.0
47,490,433,37923.22,15532.7,27,55,115.21,29.0
47,490,433,37923.22,15532.7,27,55,120.0,25.0
47,490,433,37923.22,15532.7,27,55,137.33,22.0
47,490,433,37923.22,15532.7,27,55,173.67,21.0
47,490,433,37923.22,15532.7,27,55,0.0,40.0
47,490,433,38073.49,15946.78,28,50,457.57,20.0
47,490,433,38073.49,15946.78,28,50,518.26,17.0
47,490,433,38073.49,15946.78,28,50,35.89,37.0
47,490,433,38073.49,15946.78,28,50,51.0,36.0
47,490,433,38073.49,15946.78,28,50,85.02,33.0
47,490,433,38073.49,15946.78,28,50,111.51,30.0
47,490,433,38073.49,15946.78,28,50,115.21,29.0
47,490,433,38073.49,15946.78,28,50,120.0,25.0
47,490,433,38073.49,15946.78,28,50,137.33,22.0
47,490,433,38073.49,15946.78,28,50,173.67,21.0
47,490,433,38073.49,15946.78,28,50,0.0,40.0
47,490,433,38111.75,15835.55,28,49,457.57,20.0
47,490,433,38111.75,15835.55,28,49,518.26,17.0
47,490,433,38111.75,15835.55,28,49,35.89,37.0
47,490,433,38111.75,15835.55,28,49,51.0,36.0
47,490,433,38111.75,15835.55,28,49,85.02,33.0
47,490,433,38111.75,15835.55,28,49,111.51,30.0
47,490,433,38111.75,15835.55,28,49,115.21,29.0
47,490,433,38111.75,15835.55,28,49,120.0,25.0
47,490,433,38111.75,15835.55,28,49,137.33,22.0
47,490,433,38111.75,15835.55,28,49,173.67,21.0
47,490,433,38111.75,15835.55,28,49,0.0,40.0
47,490,433,38149.17,15752.66,28,49,457.57,20.0
47,490,433,38149.17,15752.66,28,49,518.26,17.0
47,490,433,38149.17,15752.66,28,49,35.89,37.0
47,490,433,38149.17,15752.66,28,49,51.0,36.0
47,490,433,38149.17,15752.66,28,49,85.02,33.0
47,490,433,38149.17,15752.66,28,49,111.51,30.0
47,490,433,38149.17,15752.66,28,49,115.21,29.0
47,490,433,38149.17,15752.66,28,49,120.0,25.0
47,490,433,38149.17,15752.66,28,49,137.33,22.0
47,490,433,38149.17,15752.66,28,49,173.67,21.0
47,490,433,38149.17,15752.66,28,49,0.0,40.0
47,490,433,38210.21,15789.75,27,48,457.57,20.0
47,490,433,38210.21,15789.75,27,48,518.26,17.0
47,490,433,38210.21,15789.75,27,48,35.89,37.0
47,490,433,38210.21,15789.75,27,48,51.0,36.0
47,490,433,38210.21,15789.75,27,48,85.02,33.0
47,490,433,38210.21,15789.75,27,48,111.51,30.0
47,490,433,38210.21,15789.75,27,48,115.21,29.0
47,490,433,38210.21,15789.75,27,48,120.0,25.0
47,490,433,38210.21,15789.75,27,48,137.33,22.0
47,490,433,38210.21,15789.75,27,48,173.67,21.0
47,490,433,38210.21,15789.75,27,48,0.0,40.0
47,490,433,38228.08,16906.73,26,51,457.57,20.0
47,490,433,38228.08,16906.73,26,51,518.26,17.0
47,490,433,38228.08,16906.73,26,51,35.89,37.0
47,490,433,38228.08,16906.73,26,51,51.0,36.0
47,490,433,38228.08,16906.73,26,51,85.02,33.0
47,490,433,38228.08,16906.73,26,51,111.51,30.0
47,490,433,38228.08,16906.73,26,51,115.21,29.0
47,490,433,38228.08,16906.73,26,51,120.0,25.0
47,490,433,38228.08,16906.73,26,51,137.33,22.0
47,490,433,38228.08,16906.73,26,51,173.67,21.0
47,490,433,38228.08,16906.73,26,51,0.0,40.0
47,490,433,38296.1,16866.4,26,52,457.57,20.0
47,490,433,38296.1,16866.4,26,52,518.26,17.0
47,490,433,38296.1,16866.4,26,52,35.89,37.0
47,490,433,38296.1,16866.4,26,52,51.0,36.0
47,490,433,38296.1,16866.4,26,52,85.02,33.0
47,490,433,38296.1,16866.4,26,52,111.51,30.0
47,490,433,38296.1,16866.4,26,52,115.21,29.0
47,490,433,38296.1,16866.4,26,52,120.0,25.0
47,490,433,38296.1,16866.4,26,52,137.33,22.0
47,490,433,38296.1,16866.4,26,52,173.67,21.0
47,490,433,38296.1,16866.4,26,52,0.0,40.0
47,490,434,37229.09,16380.42,28,54,457.57,20.0
47,490,434,37229.09,16380.42,28,54,518.26,17.0
47,490,434,37229.09,16380.42,28,54,35.89,37.0
47,490,434,37229.09,16380.42,28,54,51.0,36.0
47,490,434,37229.09,16380.42,28,54,85.02,33.0
47,490,434,37229.09,16380.42,28,54,111.51,30.0
47,490,434,37229.09,16380.42,28,54,115.21,29.0
47,490,434,37229.09,16380.42,28,54,120.0,25.0
47,490,434,37229.09,16380.42,28,54,137.33,22.0
47,490,434,37229.09,16380.42,28,54,173.67,21.0
47,490,434,37229.09,16380.42,28,54,0.0,40.0
47,490,434,37342.52,16648.72,28,53,457.57,20.0
47,490,434,37342.52,16648.72,28,53,518.26,17.0
47,490,434,37342.52,16648.72,28,53,35.89,37.0
47,490,434,37342.52,16648.72,28,53,51.0,36.0
47,490,434,37342.52,16648.72,28,53,85.02,33.0
47,490,434,37342.52,16648.72,28,53,111.51,30.0
47,490,434,37342.52,16648.72,28,53,115.21,29.0
47,490,434,37342.52,16648.72,28,53,120.0,25.0
47,490,434,37342.52,16648.72,28,53,137.33,22.0
47,490,434,37342.52,16648.72,28,53,173.67,21.0
47,490,434,37342.52,16648.72,28,53,0.0,40.0
47,490,434,37361.8,16523.82,28,53,457.57,20.0
47,490,434,37361.8,16523.82,28,53,518.26,17.0
47,490,434,37361.8,16523.82,28,53,35.89,37.0
47,490,434,37361.8,16523.82,28,53,51.0,36.0
47,490,434,37361.8,16523.82,28,53,85.02,33.0
47,490,434,37361.8,16523.82,28,53,111.51,30.0
47,490,434,37361.8,16523.82,28,53,115.21,29.0
47,490,434,37361.8,16523.82,28,53,120.0,25.0
47,490,434,37361.8,16523.82,28,53,137.33,22.0
47,490,434,37361.8,16523.82,28,53,173.67,21.0
47,490,434,37361.8,16523.82,28,53,0.0,40.0
47,490,434,37376.22,16591.26,28,52,457.57,20.0
47,490,434,37376.22,16591.26,28,52,518.26,17.0
47,490,434,37376.22,16591.26,28,52,35.89,37.0
47,490,434,37376.22,16591.26,28,52,51.0,36.0
47,490,434,37376.22,16591.26,28,52,85.02,33.0
47,490,434,37376.22,16591.26,28,52,111.51,30.0
47,490,434,37376.22,16591.26,28,52,115.21,29.0
47,490,434,37376.22,16591.26,28,52,120.0,25.0
47,490,434,37376.22,16591.26,28,52,137.33,22.0
47,490,434,37376.22,16591.26,28,52,173.67,21.0
47,490,434,37376.22,16591.26,28,52,0.0,40.0
47,490,434,37830.3,15547.56,27,54,457.57,20.0
47,490,434,37830.3,15547.56,27,54,518.26,17.0
47,490,434,37830.3,15547.56,27,54,35.89,37.0
47,490,434,37830.3,15547.56,27,54,51.0,36.0
47,490,434,37830.3,15547.56,27,54,85.02,33.0
47,490,434,37830.3,15547.56,27,54,111.51,30.0
47,490,434,37830.3,15547.56,27,54,115.21,29.0
47,490,434,37830.3,15547.56,27,54,120.0,25.0
47,490,434,37830.3,15547.56,27,54,137.33,22.0
47,490,434,37830.3,15547.56,27,54,173.67,21.0
47,490,434,37830.3,15547.56,27,54,0.0,40.0
47,490,434,38054.04,15915.7,28,50,457.57,20.0
47,490,434,38054.04,15915.7,28,50,518.26,17.0
47,490,434,38054.04,15915.7,28,50,35.89,37.0
47,490,434,38054.04,15915.7,28,50,51.0,36.0
47,490,434,38054.04,15915.7,28,50,85.02,33.0
47,490,434,38054.04,15915.7,28,50,111.51,30.0
47,490,434,38054.04,15915.7,28,50,115.21,29.0
47,490,434,38054.04,15915.7,28,50,120.0,25.0
47,490,434,38054.04,15915.7,28,50,137.33,22.0
47,490,434,38054.04,15915.7,28,50,173.67,21.0
47,490,434,38054.04,15915.7,28,50,0.0,40.0
47,490,434,38073.49,15835.42,28,50,457.57,20.0
47,490,434,38073.49,15835.42,28,50,518.26,17.0
47,490,434,38073.49,15835.42,28,50,35.89,37.0
47,490,434,38073.49,15835.42,28,50,51.0,36.0
47,490,434,38073.49,15835.42,28,50,85.02,33.0
47,490,434,38073.49,15835.42,28,50,111.51,30.0
47,490,434,38073.49,15835.42,28,50,115.21,29.0
47,490,434,38073.49,15835.42,28,50,120.0,25.0
47,490,434,38073.49,15835.42,28,50,137.33,22.0
47,490,434,38073.49,15835.42,28,50,173.67,21.0
47,490,434,38073.49,15835.42,28,50,0.0,40.0
47,490,434,38149.17,15500.56,28,49,457.57,20.0
47,490,434,38149.17,15500.56,28,49,518.26,17.0
47,490,434,38149.17,15500.56,28,49,35.89,37.0
47,490,434,38149.17,15500.56,28,49,51.0,36.0
47,490,434,38149.17,15500.56,28,49,85.02,33.0
47,490,434,38149.17,15500.56,28,49,111.51,30.0
47,490,434,38149.17,15500.56,28,49,115.21,29.0
47,490,434,38149.17,15500.56,28,49,120.0,25.0
47,490,434,38149.17,15500.56,28,49,137.33,22.0
47,490,434,38149.17,15500.56,28,49,173.67,21.0
47,490,434,38149.17,15500.56,28,49,0.0,40.0
47,490,434,38274.19,16866.4,26,52,457.57,20.0
47,490,434,38274.19,16866.4,26,52,518.26,17.0
47,490,434,38274.19,16866.4,26,52,35.89,37.0
47,490,434,38274.19,16866.4,26,52,51.0,36.0
47,490,434,38274.19,16866.4,26,52,85.02,33.0
47,490,434,38274.19,16866.4,26,52,111.51,30.0
47,490,434,38274.19,16866.4,26,52,115.21,29.0
47,490,434,38274.19,16866.4,26,52,120.0,25.0
47,490,434,38274.19,16866.4,26,52,137.33,22.0
47,490,434,38274.19,16866.4,26,52,173.67,21.0
47,490,434,38274.19,16866.4,26,52,0.0,40.0
47,490,434,38399.46,16877.92,26,51,457.57,20.0
47,490,434,38399.46,16877.92,26,51,518.26,17.0
47,490,434,38399.46,16877.92,26,51,35.89,37.0
47,490,434,38399.46,16877.92,26,51,51.0,36.0
47,490,434,38399.46,16877.92,26,51,85.02,33.0
47,490,434,38399.46,16877.92,26,51,111.51,30.0
47,490,434,38399.46,16877.92,26,51,115.21,29.0
47,490,434,38399.46,16877.92,26,51,120.0,25.0
47,490,434,38399.46,16877.92,26,51,137.33,22.0
47,490,434,38399.46,16877.92,26,51,173.67,21.0
47,490,434,38399.46,16877.92,26,51,0.0,40.0
47,490,434,38563.98,15997.37,26,54,457.57,20.0
47,490,434,38563.98,15997.37,26,54,518.26,17.0
47,490,434,38563.98,15997.37,26,54,35.89,37.0
47,490,434,38563.98,15997.37,26,54,51.0,36.0
47,490,434,38563.98,15997.37,26,54,85.02,33.0
47,490,434,38563.98,15997.37,26,54,111.51,30.0
47,490,434,38563.98,15997.37,26,54,115.21,29.0
47,490,434,38563.98,15997.37,26,54,120.0,25.0
47,490,434,38563.98,15997.37,26,54,137.33,22.0
47,490,434,38563.98,15997.37,26,54,173.67,21.0
47,490,434,38563.98,15997.37,26,54,0.0,40.0
47,490,435,37190.55,16459.48,27,55,457.57,20.0
47,490,435,37190.55,16459.48,27,55,518.26,17.0
47,490,435,37190.55,16459.48,27,55,35.89,37.0
47,490,435,37190.55,16459.48,27,55,51.0,36.0
47,490,435,37190.55,16459.48,27,55,85.02,33.0
47,490,435,37190.55,16459.48,27,55,111.51,30.0
47,490,435,37190.55,16459.48,27,55,115.21,29.0
47,490,435,37190.55,16459.48,27,55,120.0,25.0
47,490,435,37190.55,16459.48,27,55,137.33,22.0
47,490,435,37190.55,16459.48,27,55,173.67,21.0
47,490,435,37190.55,16459.48,27,55,0.0,40.0
47,490,435,37190.55,16459.48,27,55,457.57,20.0
47,490,435,37190.55,16459.48,27,55,518.26,17.0
47,490,435,37190.55,16459.48,27,55,35.89,37.0
47,490,435,37190.55,16459.48,27,55,51.0,36.0
47,490,435,37190.55,16459.48,27,55,85.02,33.0
47,490,435,37190.55,16459.48,27,55,111.51,30.0
47,490,435,37190.55,16459.48,27,55,115.21,29.0
47,490,435,37190.55,16459.48,27,55,120.0,25.0
47,490,435,37190.55,16459.48,27,55,137.33,22.0
47,490,435,37190.55,16459.48,27,55,173.67,21.0
47,490,435,37190.55,16459.48,27,55,0.0,40.0
47,490,435,37381.21,16350.59,27,56,457.57,20.0
47,490,435,37381.21,16350.59,27,56,518.26,17.0
47,490,435,37381.21,16350.59,27,56,35.89,37.0
47,490,435,37381.21,16350.59,27,56,51.0,36.0
47,490,435,37381.21,16350.59,27,56,85.02,33.0
47,490,435,37381.21,16350.59,27,56,111.51,30.0
47,490,435,37381.21,16350.59,27,56,115.21,29.0
47,490,435,37381.21,16350.59,27,56,120.0,25.0
47,490,435,37381.21,16350.59,27,56,137.33,22.0
47,490,435,37381.21,16350.59,27,56,173.67,21.0
47,490,435,37381.21,16350.59,27,56,0.0,40.0
47,490,435,37381.21,16350.59,27,56,457.57,20.0
47,490,435,37381.21,16350.59,27,56,518.26,17.0
47,490,435,37381.21,16350.59,27,56,35.89,37.0
47,490,435,37381.21,16350.59,27,56,51.0,36.0
47,490,435,37381.21,16350.59,27,56,85.02,33.0
47,490,435,37381.21,16350.59,27,56,111.51,30.0
47,490,435,37381.21,16350.59,27,56,115.21,29.0
47,490,435,37381.21,16350.59,27,56,120.0,25.0
47,490,435,37381.21,16350.59,27,56,137.33,22.0
47,490,435,37381.21,16350.59,27,56,173.67,21.0
47,490,435,37381.21,16350.59,27,56,0.0,40.0
47,490,435,37418.38,16399.06,27,55,457.57,20.0
47,490,435,37418.38,16399.06,27,55,518.26,17.0
47,490,435,37418.38,16399.06,27,55,35.89,37.0
47,490,435,37418.38,16399.06,27,55,51.0,36.0
47,490,435,37418.38,16399.06,27,55,85.02,33.0
47,490,435,37418.38,16399.06,27,55,111.51,30.0
47,490,435,37418.38,16399.06,27,55,115.21,29.0
47,490,435,37418.38,16399.06,27,55,120.0,25.0
47,490,435,37418.38,16399.06,27,55,137.33,22.0
47,490,435,37418.38,16399.06,27,55,173.67,21.0
47,490,435,37418.38,16399.06,27,55,0.0,40.0
47,490,435,37839.37,15565.92,26,54,457.57,20.0
47,490,435,37839.37,15565.92,26,54,518.26,17.0
47,490,435,37839.37,15565.92,26,54,35.89,37.0
47,490,435,37839.37,15565.92,26,54,51.0,36.0
47,490,435,37839.37,15565.92,26,54,85.02,33.0
47,490,435,37839.37,15565.92,26,54,111.51,30.0
47,490,435,37839.37,15565.92,26,54,115.21,29.0
47,490,435,37839.37,15565.92,26,54,120.0,25.0
47,490,435,37839.37,15565.92,26,54,137.33,22.0
47,490,435,37839.37,15565.92,26,54,173.67,21.0
47,490,435,37839.37,15565.92,26,54,0.0,40.0
47,490,435,37857.45,15233.75,26,55,457.57,20.0
47,490,435,37857.45,15233.75,26,55,518.26,17.0
47,490,435,37857.45,15233.75,26,55,35.89,37.0
47,490,435,37857.45,15233.75,26,55,51.0,36.0
47,490,435,37857.45,15233.75,26,55,85.02,33.0
47,490,435,37857.45,15233.75,26,55,111.51,30.0
47,490,435,37857.45,15233.75,26,55,115.21,29.0
47,490,435,37857.45,15233.75,26,55,120.0,25.0
47,490,435,37857.45,15233.75,26,55,137.33,22.0
47,490,435,37857.45,15233.75,26,55,173.67,21.0
47,490,435,37857.45,15233.75,26,55,0.0,40.0
47,490,435,37880.17,15915.7,28,50,457.57,20.0
47,490,435,37880.17,15915.7,28,50,518.26,17.0
47,490,435,37880.17,15915.7,28,50,35.89,37.0
47,490,435,37880.17,15915.7,28,50,51.0,36.0
47,490,435,37880.17,15915.7,28,50,85.02,33.0
47,490,435,37880.17,15915.7,28,50,111.51,30.0
47,490,435,37880.17,15915.7,28,50,115.21,29.0
47,490,435,37880.17,15915.7,28,50,120.0,25.0
47,490,435,37880.17,15915.7,28,50,137.33,22.0
47,490,435,37880.17,15915.7,28,50,173.67,21.0
47,490,435,37880.17,15915.7,28,50,0.0,40.0
47,490,435,37909.29,15399.49,26,54,457.57,20.0
47,490,435,37909.29,15399.49,26,54,518.26,17.0
47,490,435,37909.29,15399.49,26,54,35.89,37.0
47,490,435,37909.29,15399.49,26,54,51.0,36.0
47,490,435,37909.29,15399.49,26,54,85.02,33.0
47,490,435,37909.29,15399.49,26,54,111.51,30.0
47,490,435,37909.29,15399.49,26,54,115.21,29.0
47,490,435,37909.29,15399.49,26,54,120.0,25.0
47,490,435,37909.29,15399.49,26,54,137.33,22.0
47,490,435,37909.29,15399.49,26,54,173.67,21.0
47,490,435,37909.29,15399.49,26,54,0.0,40.0
47,490,435,38113.0,15978.41,27,50,457.57,20.0
47,490,435,38113.0,15978.41,27,50,518.26,17.0
47,490,435,38113.0,15978.41,27,50,35.89,37.0
47,490,435,38113.0,15978.41,27,50,51.0,36.0
47,490,435,38113.0,15978.41,27,50,85.02,33.0
47,490,435,38113.0,15978.41,27,50,111.51,30.0
47,490,435,38113.0,15978.41,27,50,115.21,29.0
47,490,435,38113.0,15978.41,27,50,120.0,25.0
47,490,435,38113.0,15978.41,27,50,137.33,22.0
47,490,435,38113.0,15978.41,27,50,173.67,21.0
47,490,435,38113.0,15978.41,27,50,0.0,40.0
47,490,435,38148.83,15871.89,27,52,457.57,20.0
47,490,435,38148.83,15871.89,27,52,518.26,17.0
47,490,435,38148.83,15871.89,27,52,35.89,37.0
47,490,435,38148.83,15871.89,27,52,51.0,36.0
47,490,435,38148.83,15871.89,27,52,85.02,33.0
47,490,435,38148.83,15871.89,27,52,111.51,30.0
47,490,435,38148.83,15871.89,27,52,115.21,29.0
47,490,435,38148.83,15871.89,27,52,120.0,25.0
47,490,435,38148.83,15871.89,27,52,137.33,22.0
47,490,435,38148.83,15871.89,27,52,173.67,21.0
47,490,435,38148.83,15871.89,27,52,0.0,40.0
47,490,435,38169.5,16780.74,26,51,457.57,20.0
47,490,435,38169.5,16780.74,26,51,518.26,17.0
47,490,435,38169.5,16780.74,26,51,35.89,37.0
47,490,435,38169.5,16780.74,26,51,51.0,36.0
47,490,435,38169.5,16780.74,26,51,85.02,33.0
47,490,435,38169.5,16780.74,26,51,111.51,30.0
47,490,435,38169.5,16780.74,26,51,115.21,29.0
47,490,435,38169.5,16780.74,26,51,120.0,25.0
47,490,435,38169.5,16780.74,26,51,137.33,22.0
47,490,435,38169.5,16780.74,26,51,173.67,21.0
47,490,435,38169.5,16780.74,26,51,0.0,40.0
47,490,435,38232.61,16771.48,26,51,457.57,20.0
47,490,435,38232.61,16771.48,26,51,518.26,17.0
47,490,435,38232.61,16771.48,26,51,35.89,37.0
47,490,435,38232.61,16771.48,26,51,51.0,36.0
47,490,435,38232.61,16771.48,26,51,85.02,33.0
47,490,435,38232.61,16771.48,26,51,111.51,30.0
47,490,435,38232.61,16771.48,26,51,115.21,29.0
47,490,435,38232.61,16771.48,26,51,120.0,25.0
47,490,435,38232.61,16771.48,26,51,137.33,22.0
47,490,435,38232.61,16771.48,26,51,173.67,21.0
47,490,435,38232.61,16771.48,26,51,0.0,40.0
47,490,435,38246.21,17087.07,25,53,457.57,20.0
47,490,435,38246.21,17087.07,25,53,518.26,17.0
47,490,435,38246.21,17087.07,25,53,35.89,37.0
47,490,435,38246.21,17087.07,25,53,51.0,36.0
47,490,435,38246.21,17087.07,25,53,85.02,33.0
47,490,435,38246.21,17087.07,25,53,111.51,30.0
47,490,435,38246.21,17087.07,25,53,115.21,29.0
47,490,435,38246.21,17087.07,25,53,120.0,25.0
47,490,435,38246.21,17087.07,25,53,137.33,22.0
47,490,435,38246.21,17087.07,25,53,173.67,21.0
47,490,435,38246.21,17087.07,25,53,0.0,40.0
47,490,435,38318.65,16654.42,26,52,457.57,20.0
47,490,435,38318.65,16654.42,26,52,518.26,17.0
47,490,435,38318.65,16654.42,26,52,35.89,37.0
47,490,435,38318.65,16654.42,26,52,51.0,36.0
47,490,435,38318.65,16654.42,26,52,85.02,33.0
47,490,435,38318.65,16654.42,26,52,111.51,30.0
47,490,435,38318.65,16654.42,26,52,115.21,29.0
47,490,435,38318.65,16654.42,26,52,120.0,25.0
47,490,435,38318.65,16654.42,26,52,137.33,22.0
47,490,435,38318.65,16654.42,26,52,173.67,21.0
47,490,435,38318.65,16654.42,26,52,0.0,40.0
47,490,435,38375.07,15507.67,27,53,457.57,20.0
47,490,435,38375.07,15507.67,27,53,518.26,17.0
47,490,435,38375.07,15507.67,27,53,35.89,37.0
47,490,435,38375.07,15507.67,27,53,51.0,36.0
47,490,435,38375.07,15507.67,27,53,85.02,33.0
47,490,435,38375.07,15507.67,27,53,111.51,30.0
47,490,435,38375.07,15507.67,27,53,115.21,29.0
47,490,435,38375.07,15507.67,27,53,120.0,25.0
47,490,435,38375.07,15507.67,27,53,137.33,22.0
47,490,435,38375.07,15507.67,27,53,173.67,21.0
47,490,435,38375.07,15507.67,27,53,0.0,40.0
47,490,435,38436.67,16023.17,26,53,457.57,20.0
47,490,435,38436.67,16023.17,26,53,518.26,17.0
47,490,435,38436.67,16023.17,26,53,35.89,37.0
47,490,435,38436.67,16023.17,26,53,51.0,36.0
47,490,435,38436.67,16023.17,26,53,85.02,33.0
47,490,435,38436.67,16023.17,26,53,111.51,30.0
47,490,435,38436.67,16023.17,26,53,115.21,29.0
47,490,435,38436.67,16023.17,26,53,120.0,25.0
47,490,435,38436.67,16023.17,26,53,137.33,22.0
47,490,435,38436.67,16023.17,26,53,173.67,21.0
47,490,435,38436.67,16023.17,26,53,0.0,40.0
47,490,436,37113.08,16432.2,27,55,457.57,20.0
47,490,436,37113.08,16432.2,27,55,518.26,17.0
47,490,436,37113.08,16432.2,27,55,35.89,37.0
47,490,436,37113.08,16432.2,27,55,51.0,36.0
47,490,436,37113.08,16432.2,27,55,85.02,33.0
47,490,436,37113.08,16432.2,27,55,111.51,30.0
47,490,436,37113.08,16432.2,27,55,115.21,29.0
47,490,436,37113.08,16432.2,27,55,120.0,25.0
47,490,436,37113.08,16432.2,27,55,137.33,22.0
47,490,436,37113.08,16432.2,27,55,173.67,21.0
47,490,436,37113.08,16432.2,27,55,0.0,40.0
47,490,436,37511.91,16368.44,27,55,457.57,20.0
47,490,436,37511.91,16368.44,27,55,518.26,17.0
47,490,436,37511.91,16368.44,27,55,35.89,37.0
47,490,436,37511.91,16368.44,27,55,51.0,36.0
47,490,436,37511.91,16368.44,27,55,85.02,33.0
47,490,436,37511.91,16368.44,27,55,111.51,30.0
47,490,436,37511.91,16368.44,27,55,115.21,29.0
47,490,436,37511.91,16368.44,27,55,120.0,25.0
47,490,436,37511.91,16368.44,27,55,137.33,22.0
47,490,436,37511.91,16368.44,27,55,173.67,21.0
47,490,436,37511.91,16368.44,27,55,0.0,40.0
47,490,436,37714.4,15157.52,27,55,457.57,20.0
47,490,436,37714.4,15157.52,27,55,518.26,17.0
47,490,436,37714.4,15157.52,27,55,35.89,37.0
47,490,436,37714.4,15157.52,27,55,51.0,36.0
47,490,436,37714.4,15157.52,27,55,85.02,33.0
47,490,436,37714.4,15157.52,27,55,111.51,30.0
47,490,436,37714.4,15157.52,27,55,115.21,29.0
47,490,436,37714.4,15157.52,27,55,120.0,25.0
47,490,436,37714.4,15157.52,27,55,137.33,22.0
47,490,436,37714.4,15157.52,27,55,173.67,21.0
47,490,436,37714.4,15157.52,27,55,0.0,40.0
47,490,436,37772.0,15143.85,27,55,457.57,20.0
47,490,436,37772.0,15143.85,27,55,518.26,17.0
47,490,436,37772.0,15143.85,27,55,35.89,37.0
47,490,436,37772.0,15143.85,27,55,51.0,36.0
47,490,436,37772.0,15143.85,27,55,85.02,33.0
47,490,436,37772.0,15143.85,27,55,111.51,30.0
47,490,436,37772.0,15143.85,27,55,115.21,29.0
47,490,436,37772.0,15143.85,27,55,120.0,25.0
47,490,436,37772.0,15143.85,27,55,137.33,22.0
47,490,436,37772.0,15143.85,27,55,173.67,21.0
47,490,436,37772.0,15143.85,27,55,0.0,40.0
47,490,436,37820.8,15283.76,26,55,457.57,20.0
47,490,436,37820.8,15283.76,26,55,518.26,17.0
47,490,436,37820.8,15283.76,26,55,35.89,37.0
47,490,436,37820.8,15283.76,26,55,51.0,36.0
47,490,436,37820.8,15283.76,26,55,85.02,33.0
47,490,436,37820.8,15283.76,26,55,111.51,30.0
47,490,436,37820.8,15283.76,26,55,115.21,29.0
47,490,436,37820.8,15283.76,26,55,120.0,25.0
47,490,436,37820.8,15283.76,26,55,137.33,22.0
47,490,436,37820.8,15283.76,26,55,173.67,21.0
47,490,436,37820.8,15283.76,26,55,0.0,40.0
47,490,436,37842.05,15401.8,27,54,457.57,20.0
47,490,436,37842.05,15401.8,27,54,518.26,17.0
47,490,436,37842.05,15401.8,27,54,35.89,37.0
47,490,436,37842.05,15401.8,27,54,51.0,36.0
47,490,436,37842.05,15401.8,27,54,85.02,33.0
47,490,436,37842.05,15401.8,27,54,111.51,30.0
47,490,436,37842.05,15401.8,27,54,115.21,29.0
47,490,436,37842.05,15401.8,27,54,120.0,25.0
47,490,436,37842.05,15401.8,27,54,137.33,22.0
47,490,436,37842.05,15401.8,27,54,173.67,21.0
47,490,436,37842.05,15401.8,27,54,0.0,40.0
47,490,436,37989.37,17043.37,25,52,457.57,20.0
47,490,436,37989.37,17043.37,25,52,518.26,17.0
47,490,436,37989.37,17043.37,25,52,35.89,37.0
47,490,436,37989.37,17043.37,25,52,51.0,36.0
47,490,436,37989.37,17043.37,25,52,85.02,33.0
47,490,436,37989.37,17043.37,25,52,111.51,30.0
47,490,436,37989.37,17043.37,25,52,115.21,29.0
47,490,436,37989.37,17043.37,25,52,120.0,25.0
47,490,436,37989.37,17043.37,25,52,137.33,22.0
47,490,436,37989.37,17043.37,25,52,173.67,21.0
47,490,436,37989.37,17043.37,25,52,0.0,40.0
47,490,436,38001.61,16986.87,25,52,457.57,20.0
47,490,436,38001.61,16986.87,25,52,518.26,17.0
47,490,436,38001.61,16986.87,25,52,35.89,37.0
47,490,436,38001.61,16986.87,25,52,51.0,36.0
47,490,436,38001.61,16986.87,25,52,85.02,33.0
47,490,436,38001.61,16986.87,25,52,111.51,30.0
47,490,436,38001.61,16986.87,25,52,115.21,29.0
47,490,436,38001.61,16986.87,25,52,120.0,25.0
47,490,436,38001.61,16986.87,25,52,137.33,22.0
47,490,436,38001.61,16986.87,25,52,173.67,21.0
47,490,436,38001.61,16986.87,25,52,0.0,40.0
47,490,436,38021.23,16975.54,25,52,457.57,20.0
47,490,436,38021.23,16975.54,25,52,518.26,17.0
47,490,436,38021.23,16975.54,25,52,35.89,37.0
47,490,436,38021.23,16975.54,25,52,51.0,36.0
47,490,436,38021.23,16975.54,25,52,85.02,33.0
47,490,436,38021.23,16975.54,25,52,111.51,30.0
47,490,436,38021.23,16975.54,25,52,115.21,29.0
47,490,436,38021.23,16975.54,25,52,120.0,25.0
47,490,436,38021.23,16975.54,25,52,137.33,22.0
47,490,436,38021.23,16975.54,25,52,173.67,21.0
47,490,436,38021.23,16975.54,25,52,0.0,40.0
47,490,436,38072.33,16733.09,26,51,457.57,20.0
47,490,436,38072.33,16733.09,26,51,518.26,17.0
47,490,436,38072.33,16733.09,26,51,35.89,37.0
47,490,436,38072.33,16733.09,26,51,51.0,36.0
47,490,436,38072.33,16733.09,26,51,85.02,33.0
47,490,436,38072.33,16733.09,26,51,111.51,30.0
47,490,436,38072.33,16733.09,26,51,115.21,29.0
47,490,436,38072.33,16733.09,26,51,120.0,25.0
47,490,436,38072.33,16733.09,26,51,137.33,22.0
47,490,436,38072.33,16733.09,26,51,173.67,21.0
47,490,436,38072.33,16733.09,26,51,0.0,40.0
47,490,436,38144.51,15747.91,28,52,457.57,20.0
47,490,436,38144.51,15747.91,28,52,518.26,17.0
47,490,436,38144.51,15747.91,28,52,35.89,37.0
47,490,436,38144.51,15747.91,28,52,51.0,36.0
47,490,436,38144.51,15747.91,28,52,85.02,33.0
47,490,436,38144.51,15747.91,28,52,111.51,30.0
47,490,436,38144.51,15747.91,28,52,115.21,29.0
47,490,436,38144.51,15747.91,28,52,120.0,25.0
47,490,436,38144.51,15747.91,28,52,137.33,22.0
47,490,436,38144.51,15747.91,28,52,173.67,21.0
47,490,436,38144.51,15747.91,28,52,0.0,40.0
47,490,436,38146.99,15899.65,27,51,457.57,20.0
47,490,436,38146.99,15899.65,27,51,518.26,17.0
47,490,436,38146.99,15899.65,27,51,35.89,37.0
47,490,436,38146.99,15899.65,27,51,51.0,36.0
47,490,436,38146.99,15899.65,27,51,85.02,33.0
47,490,436,38146.99,15899.65,27,51,111.51,30.0
47,490,436,38146.99,15899.65,27,51,115.21,29.0
47,490,436,38146.99,15899.65,27,51,120.0,25.0
47,490,436,38146.99,15899.65,27,51,137.33,22.0
47,490,436,38146.99,15899.65,27,51,173.67,21.0
47,490,436,38146.99,15899.65,27,51,0.0,40.0
47,490,436,38152.82,15899.23,27,51,457.57,20.0
47,490,436,38152.82,15899.23,27,51,518.26,17.0
47,490,436,38152.82,15899.23,27,51,35.89,37.0
47,490,436,38152.82,15899.23,27,51,51.0,36.0
47,490,436,38152.82,15899.23,27,51,85.02,33.0
47,490,436,38152.82,15899.23,27,51,111.51,30.0
47,490,436,38152.82,15899.23,27,51,115.21,29.0
47,490,436,38152.82,15899.23,27,51,120.0,25.0
47,490,436,38152.82,15899.23,27,51,137.33,22.0
47,490,436,38152.82,15899.23,27,51,173.67,21.0
47,490,436,38152.82,15899.23,27,51,0.0,40.0
47,490,436,38299.53,15471.84,27,53,457.57,20.0
47,490,436,38299.53,15471.84,27,53,518.26,17.0
47,490,436,38299.53,15471.84,27,53,35.89,37.0
47,490,436,38299.53,15471.84,27,53,51.0,36.0
47,490,436,38299.53,15471.84,27,53,85.02,33.0
47,490,436,38299.53,15471.84,27,53,111.51,30.0
47,490,436,38299.53,15471.84,27,53,115.21,29.0
47,490,436,38299.53,15471.84,27,53,120.0,25.0
47,490,436,38299.53,15471.84,27,53,137.33,22.0
47,490,436,38299.53,15471.84,27,53,173.67,21.0
47,490,436,38299.53,15471.84,27,53,0.0,40.0
47,490,436,38408.72,15997.37,26,53,457.57,20.0
47,490,436,38408.72,15997.37,26,53,518.26,17.0
47,490,436,38408.72,15997.37,26,53,35.89,37.0
47,490,436,38408.72,15997.37,26,53,51.0,36.0
47,490,436,38408.72,15997.37,26,53,85.02,33.0
47,490,436,38408.72,15997.37,26,53,111.51,30.0
47,490,436,38408.72,15997.37,26,53,115.21,29.0
47,490,436,38408.72,15997.37,26,53,120.0,25.0
47,490,436,38408.72,15997.37,26,53,137.33,22.0
47,490,436,38408.72,15997.37,26,53,173.67,21.0
47,490,436,38408.72,15997.37,26,53,0.0,40.0
47,490,436,38594.54,16016.48,26,52,457.57,20.0
47,490,436,38594.54,16016.48,26,52,518.26,17.0
47,490,436,38594.54,16016.48,26,52,35.89,37.0
47,490,436,38594.54,16016.48,26,52,51.0,36.0
47,490,436,38594.54,16016.48,26,52,85.02,33.0
47,490,436,38594.54,16016.48,26,52,111.51,30.0
47,490,436,38594.54,16016.48,26,52,115.21,29.0
47,490,436,38594.54,16016.48,26,52,120.0,25.0
47,490,436,38594.54,16016.48,26,52,137.33,22.0
47,490,436,38594.54,16016.48,26,52,173.67,21.0
47,490,436,38594.54,16016.48,26,52,0.0,40.0
47,490,436,38594.54,16016.48,26,52,457.57,20.0
47,490,436,38594.54,16016.48,26,52,518.26,17.0
47,490,436,38594.54,16016.48,26,52,35.89,37.0
47,490,436,38594.54,16016.48,26,52,51.0,36.0
47,490,436,38594.54,16016.48,26,52,85.02,33.0
47,490,436,38594.54,16016.48,26,52,111.51,30.0
47,490,436,38594.54,16016.48,26,52,115.21,29.0
47,490,436,38594.54,16016.48,26,52,120.0,25.0
47,490,436,38594.54,16016.48,26,52,137.33,22.0
47,490,436,38594.54,16016.48,26,52,173.67,21.0
47,490,436,38594.54,16016.48,26,52,0.0,40.0
47,490,436,38965.81,16890.88,27,46,457.57,20.0
47,490,436,38965.81,16890.88,27,46,518.26,17.0
47,490,436,38965.81,16890.88,27,46,35.89,37.0
47,490,436,38965.81,16890.88,27,46,51.0,36.0
47,490,436,38965.81,16890.88,27,46,85.02,33.0
47,490,436,38965.81,16890.88,27,46,111.51,30.0
47,490,436,38965.81,16890.88,27,46,115.21,29.0
47,490,436,38965.81,16890.88,27,46,120.0,25.0
47,490,436,38965.81,16890.88,27,46,137.33,22.0
47,490,436,38965.81,16890.88,27,46,173.67,21.0
47,490,436,38965.81,16890.88,27,46,0.0,40.0
47,490,437,37088.74,16328.06,27,54,457.57,20.0
47,490,437,37088.74,16328.06,27,54,518.26,17.0
47,490,437,37088.74,16328.06,27,54,35.89,37.0
47,490,437,37088.74,16328.06,27,54,51.0,36.0
47,490,437,37088.74,16328.06,27,54,85.02,33.0
47,490,437,37088.74,16328.06,27,54,111.51,30.0
47,490,437,37088.74,16328.06,27,54,115.21,29.0
47,490,437,37088.74,16328.06,27,54,120.0,25.0
47,490,437,37088.74,16328.06,27,54,137.33,22.0
47,490,437,37088.74,16328.06,27,54,173.67,21.0
47,490,437,37088.74,16328.06,27,54,0.0,40.0
47,490,437,37749.7,16643.25,26,52,457.57,20.0
47,490,437,37749.7,16643.25,26,52,518.26,17.0
47,490,437,37749.7,16643.25,26,52,35.89,37.0
47,490,437,37749.7,16643.25,26,52,51.0,36.0
47,490,437,37749.7,16643.25,26,52,85.02,33.0
47,490,437,37749.7,16643.25,26,52,111.51,30.0
47,490,437,37749.7,16643.25,26,52,115.21,29.0
47,490,437,37749.7,16643.25,26,52,120.0,25.0
47,490,437,37749.7,16643.25,26,52,137.33,22.0
47,490,437,37749.7,16643.25,26,52,173.67,21.0
47,490,437,37749.7,16643.25,26,52,0.0,40.0
47,490,437,37775.56,15131.62,27,55,457.57,20.0
47,490,437,37775.56,15131.62,27,55,518.26,17.0
47,490,437,37775.56,15131.62,27,55,35.89,37.0
47,490,437,37775.56,15131.62,27,55,51.0,36.0
47,490,437,37775.56,15131.62,27,55,85.02,33.0
47,490,437,37775.56,15131.62,27,55,111.51,30.0
47,490,437,37775.56,15131.62,27,55,115.21,29.0
47,490,437,37775.56,15131.62,27,55,120.0,25.0
47,490,437,37775.56,15131.62,27,55,137.33,22.0
47,490,437,37775.56,15131.62,27,55,173.67,21.0
47,490,437,37775.56,15131.62,27,55,0.0,40.0
47,490,437,37905.9,16540.65,26,53,457.57,20.0
47,490,437,37905.9,16540.65,26,53,518.26,17.0
47,490,437,37905.9,16540.65,26,53,35.89,37.0
47,490,437,37905.9,16540.65,26,53,51.0,36.0
47,490,437,37905.9,16540.65,26,53,85.02,33.0
47,490,437,37905.9,16540.65,26,53,111.51,30.0
47,490,437,37905.9,16540.65,26,53,115.21,29.0
47,490,437,37905.9,16540.65,26,53,120.0,25.0
47,490,437,37905.9,16540.65,26,53,137.33,22.0
47,490,437,37905.9,16540.65,26,53,173.67,21.0
47,490,437,37905.9,16540.65,26,53,0.0,40.0
47,490,437,38152.82,15830.99,27,51,457.57,20.0
47,490,437,38152.82,15830.99,27,51,518.26,17.0
47,490,437,38152.82,15830.99,27,51,35.89,37.0
47,490,437,38152.82,15830.99,27,51,51.0,36.0
47,490,437,38152.82,15830.99,27,51,85.02,33.0
47,490,437,38152.82,15830.99,27,51,111.51,30.0
47,490,437,38152.82,15830.99,27,51,115.21,29.0
47,490,437,38152.82,15830.99,27,51,120.0,25.0
47,490,437,38152.82,15830.99,27,51,137.33,22.0
47,490,437,38152.82,15830.99,27,51,173.67,21.0
47,490,437,38152.82,15830.99,27,51,0.0,40.0
47,490,437,38565.32,15973.24,26,52,457.57,20.0
47,490,437,38565.32,15973.24,26,52,518.26,17.0
47,490,437,38565.32,15973.24,26,52,35.89,37.0
47,490,437,38565.32,15973.24,26,52,51.0,36.0
47,490,437,38565.32,15973.24,26,52,85.02,33.0
47,490,437,38565.32,15973.24,26,52,111.51,30.0
47,490,437,38565.32,15973.24,26,52,115.21,29.0
47,490,437,38565.32,15973.24,26,52,120.0,25.0
47,490,437,38565.32,15973.24,26,52,137.33,22.0
47,490,437,38565.32,15973.24,26,52,173.67,21.0
47,490,437,38565.32,15973.24,26,52,0.0,40.0
47,490,437,38584.17,15570.25,27,52,457.57,20.0
47,490,437,38584.17,15570.25,27,52,518.26,17.0
47,490,437,38584.17,15570.25,27,52,35.89,37.0
47,490,437,38584.17,15570.25,27,52,51.0,36.0
47,490,437,38584.17,15570.25,27,52,85.02,33.0
47,490,437,38584.17,15570.25,27,52,111.51,30.0
47,490,437,38584.17,15570.25,27,52,115.21,29.0
47,490,437,38584.17,15570.25,27,52,120.0,25.0
47,490,437,38584.17,15570.25,27,52,137.33,22.0
47,490,437,38584.17,15570.25,27,52,173.67,21.0
47,490,437,38584.17,15570.25,27,52,0.0,40.0
47,490,437,38602.66,15640.27,26,53,457.57,20.0
47,490,437,38602.66,15640.27,26,53,518.26,17.0
47,490,437,38602.66,15640.27,26,53,35.89,37.0
47,490,437,38602.66,15640.27,26,53,51.0,36.0
47,490,437,38602.66,15640.27,26,53,85.02,33.0
47,490,437,38602.66,15640.27,26,53,111.51,30.0
47,490,437,38602.66,15640.27,26,53,115.21,29.0
47,490,437,38602.66,15640.27,26,53,120.0,25.0
47,490,437,38602.66,15640.27,26,53,137.33,22.0
47,490,437,38602.66,15640.27,26,53,173.67,21.0
47,490,437,38602.66,15640.27,26,53,0.0,40.0
47,490,437,38713.64,16851.42,27,46,457.57,20.0
47,490,437,38713.64,16851.42,27,46,518.26,17.0
47,490,437,38713.64,16851.42,27,46,35.89,37.0
47,490,437,38713.64,16851.42,27,46,51.0,36.0
47,490,437,38713.64,16851.42,27,46,85.02,33.0
47,490,437,38713.64,16851.42,27,46,111.51,30.0
47,490,437,38713.64,16851.42,27,46,115.21,29.0
47,490,437,38713.64,16851.42,27,46,120.0,25.0
47,490,437,38713.64,16851.42,27,46,137.33,22.0
47,490,437,38713.64,16851.42,27,46,173.67,21.0
47,490,437,38713.64,16851.42,27,46,0.0,40.0
47,490,437,38737.45,16754.79,27,47,457.57,20.0
47,490,437,38737.45,16754.79,27,47,518.26,17.0
47,490,437,38737.45,16754.79,27,47,35.89,37.0
47,490,437,38737.45,16754.79,27,47,51.0,36.0
47,490,437,38737.45,16754.79,27,47,85.02,33.0
47,490,437,38737.45,16754.79,27,47,111.51,30.0
47,490,437,38737.45,16754.79,27,47,115.21,29.0
47,490,437,38737.45,16754.79,27,47,120.0,25.0
47,490,437,38737.45,16754.79,27,47,137.33,22.0
47,490,437,38737.45,16754.79,27,47,173.67,21.0
47,490,437,38737.45,16754.79,27,47,0.0,40.0
47,490,437,38748.89,16734.3,27,47,457.57,20.0
47,490,437,38748.89,16734.3,27,47,518.26,17.0
47,490,437,38748.89,16734.3,27,47,35.89,37.0
47,490,437,38748.89,16734.3,27,47,51.0,36.0
47,490,437,38748.89,16734.3,27,47,85.02,33.0
47,490,437,38748.89,16734.3,27,47,111.51,30.0
47,490,437,38748.89,16734.3,27,47,115.21,29.0
47,490,437,38748.89,16734.3,27,47,120.0,25.0
47,490,437,38748.89,16734.3,27,47,137.33,22.0
47,490,437,38748.89,16734.3,27,47,173.67,21.0
47,490,437,38748.89,16734.3,27,47,0.0,40.0
47,490,437,38766.54,16642.66,27,47,457.57,20.0
47,490,437,38766.54,16642.66,27,47,518.26,17.0
47,490,437,38766.54,16642.66,27,47,35.89,37.0
47,490,437,38766.54,16642.66,27,47,51.0,36.0
47,490,437,38766.54,16642.66,27,47,85.02,33.0
47,490,437,38766.54,16642.66,27,47,111.51,30.0
47,490,437,38766.54,16642.66,27,47,115.21,29.0
47,490,437,38766.54,16642.66,27,47,120.0,25.0
47,490,437,38766.54,16642.66,27,47,137.33,22.0
47,490,437,38766.54,16642.66,27,47,173.67,21.0
47,490,437,38766.54,16642.66,27,47,0.0,40.0
47,490,437,38781.42,16722.71,27,46,457.57,20.0
47,490,437,38781.42,16722.71,27,46,518.26,17.0
47,490,437,38781.42,16722.71,27,46,35.89,37.0
47,490,437,38781.42,16722.71,27,46,51.0,36.0
47,490,437,38781.42,16722.71,27,46,85.02,33.0
47,490,437,38781.42,16722.71,27,46,111.51,30.0
47,490,437,38781.42,16722.71,27,46,115.21,29.0
47,490,437,38781.42,16722.71,27,46,120.0,25.0
47,490,437,38781.42,16722.71,27,46,137.33,22.0
47,490,437,38781.42,16722.71,27,46,173.67,21.0
47,490,437,38781.42,16722.71,27,46,0.0,40.0
47,490,437,38929.4,16616.81,27,47,457.57,20.0
47,490,437,38929.4,16616.81,27,47,518.26,17.0
47,490,437,38929.4,16616.81,27,47,35.89,37.0
47,490,437,38929.4,16616.81,27,47,51.0,36.0
47,490,437,38929.4,16616.81,27,47,85.02,33.0
47,490,437,38929.4,16616.81,27,47,111.51,30.0
47,490,437,38929.4,16616.81,27,47,115.21,29.0
47,490,437,38929.4,16616.81,27,47,120.0,25.0
47,490,437,38929.4,16616.81,27,47,137.33,22.0
47,490,437,38929.4,16616.81,27,47,173.67,21.0
47,490,437,38929.4,16616.81,27,47,0.0,40.0
47,490,437,39125.58,16616.81,27,46,457.57,20.0
47,490,437,39125.58,16616.81,27,46,518.26,17.0
47,490,437,39125.58,16616.81,27,46,35.89,37.0
47,490,437,39125.58,16616.81,27,46,51.0,36.0
47,490,437,39125.58,16616.81,27,46,85.02,33.0
47,490,437,39125.58,16616.81,27,46,111.51,30.0
47,490,437,39125.58,16616.81,27,46,115.21,29.0
47,490,437,39125.58,16616.81,27,46,120.0,25.0
47,490,437,39125.58,16616.81,27,46,137.33,22.0
47,490,437,39125.58,16616.81,27,46,173.67,21.0
47,490,437,39125.58,16616.81,27,46,0.0,40.0
47,490,437,39223.31,15558.18,28,48,457.57,20.0
47,490,437,39223.31,15558.18,28,48,518.26,17.0
47,490,437,39223.31,15558.18,28,48,35.89,37.0
47,490,437,39223.31,15558.18,28,48,51.0,36.0
47,490,437,39223.31,15558.18,28,48,85.02,33.0
47,490,437,39223.31,15558.18,28,48,111.51,30.0
47,490,437,39223.31,15558.18,28,48,115.21,29.0
47,490,437,39223.31,15558.18,28,48,120.0,25.0
47,490,437,39223.31,15558.18,28,48,137.33,22.0
47,490,437,39223.31,15558.18,28,48,173.67,21.0
47,490,437,39223.31,15558.18,28,48,0.0,40.0
47,490,438,37899.96,16551.8,27,53,457.57,20.0
47,490,438,37899.96,16551.8,27,53,518.26,17.0
47,490,438,37899.96,16551.8,27,53,35.89,37.0
47,490,438,37899.96,16551.8,27,53,51.0,36.0
47,490,438,37899.96,16551.8,27,53,85.02,33.0
47,490,438,37899.96,16551.8,27,53,111.51,30.0
47,490,438,37899.96,16551.8,27,53,115.21,29.0
47,490,438,37899.96,16551.8,27,53,120.0,25.0
47,490,438,37899.96,16551.8,27,53,137.33,22.0
47,490,438,37899.96,16551.8,27,53,173.67,21.0
47,490,438,37899.96,16551.8,27,53,0.0,40.0
47,490,438,38021.23,16849.46,25,52,457.57,20.0
47,490,438,38021.23,16849.46,25,52,518.26,17.0
47,490,438,38021.23,16849.46,25,52,35.89,37.0
47,490,438,38021.23,16849.46,25,52,51.0,36.0
47,490,438,38021.23,16849.46,25,52,85.02,33.0
47,490,438,38021.23,16849.46,25,52,111.51,30.0
47,490,438,38021.23,16849.46,25,52,115.21,29.0
47,490,438,38021.23,16849.46,25,52,120.0,25.0
47,490,438,38021.23,16849.46,25,52,137.33,22.0
47,490,438,38021.23,16849.46,25,52,173.67,21.0
47,490,438,38021.23,16849.46,25,52,0.0,40.0
47,490,438,38071.22,16572.63,27,49,457.57,20.0
47,490,438,38071.22,16572.63,27,49,518.26,17.0
47,490,438,38071.22,16572.63,27,49,35.89,37.0
47,490,438,38071.22,16572.63,27,49,51.0,36.0
47,490,438,38071.22,16572.63,27,49,85.02,33.0
47,490,438,38071.22,16572.63,27,49,111.51,30.0
47,490,438,38071.22,16572.63,27,49,115.21,29.0
47,490,438,38071.22,16572.63,27,49,120.0,25.0
47,490,438,38071.22,16572.63,27,49,137.33,22.0
47,490,438,38071.22,16572.63,27,49,173.67,21.0
47,490,438,38071.22,16572.63,27,49,0.0,40.0
47,490,438,38096.11,15633.99,27,50,457.57,20.0
47,490,438,38096.11,15633.99,27,50,518.26,17.0
47,490,438,38096.11,15633.99,27,50,35.89,37.0
47,490,438,38096.11,15633.99,27,50,51.0,36.0
47,490,438,38096.11,15633.99,27,50,85.02,33.0
47,490,438,38096.11,15633.99,27,50,111.51,30.0
47,490,438,38096.11,15633.99,27,50,115.21,29.0
47,490,438,38096.11,15633.99,27,50,120.0,25.0
47,490,438,38096.11,15633.99,27,50,137.33,22.0
47,490,438,38096.11,15633.99,27,50,173.67,21.0
47,490,438,38096.11,15633.99,27,50,0.0,40.0
47,490,438,38124.05,15628.8,27,51,457.57,20.0
47,490,438,38124.05,15628.8,27,51,518.26,17.0
47,490,438,38124.05,15628.8,27,51,35.89,37.0
47,490,438,38124.05,15628.8,27,51,51.0,36.0
47,490,438,38124.05,15628.8,27,51,85.02,33.0
47,490,438,38124.05,15628.8,27,51,111.51,30.0
47,490,438,38124.05,15628.8,27,51,115.21,29.0
47,490,438,38124.05,15628.8,27,51,120.0,25.0
47,490,438,38124.05,15628.8,27,51,137.33,22.0
47,490,438,38124.05,15628.8,27,51,173.67,21.0
47,490,438,38124.05,15628.8,27,51,0.0,40.0
47,490,438,38493.13,15231.52,26,56,457.57,20.0
47,490,438,38493.13,15231.52,26,56,518.26,17.0
47,490,438,38493.13,15231.52,26,56,35.89,37.0
47,490,438,38493.13,15231.52,26,56,51.0,36.0
47,490,438,38493.13,15231.52,26,56,85.02,33.0
47,490,438,38493.13,15231.52,26,56,111.51,30.0
47,490,438,38493.13,15231.52,26,56,115.21,29.0
47,490,438,38493.13,15231.52,26,56,120.0,25.0
47,490,438,38493.13,15231.52,26,56,137.33,22.0
47,490,438,38493.13,15231.52,26,56,173.67,21.0
47,490,438,38493.13,15231.52,26,56,0.0,40.0
47,490,438,38513.96,15649.85,26,53,457.57,20.0
47,490,438,38513.96,15649.85,26,53,518.26,17.0
47,490,438,38513.96,15649.85,26,53,35.89,37.0
47,490,438,38513.96,15649.85,26,53,51.0,36.0
47,490,438,38513.96,15649.85,26,53,85.02,33.0
47,490,438,38513.96,15649.85,26,53,111.51,30.0
47,490,438,38513.96,15649.85,26,53,115.21,29.0
47,490,438,38513.96,15649.85,26,53,120.0,25.0
47,490,438,38513.96,15649.85,26,53,137.33,22.0
47,490,438,38513.96,15649.85,26,53,173.67,21.0
47,490,438,38513.96,15649.85,26,53,0.0,40.0
47,490,438,38569.97,15637.95,28,47,457.57,20.0
47,490,438,38569.97,15637.95,28,47,518.26,17.0
47,490,438,38569.97,15637.95,28,47,35.89,37.0
47,490,438,38569.97,15637.95,28,47,51.0,36.0
47,490,438,38569.97,15637.95,28,47,85.02,33.0
47,490,438,38569.97,15637.95,28,47,111.51,30.0
47,490,438,38569.97,15637.95,28,47,115.21,29.0
47,490,438,38569.97,15637.95,28,47,120.0,25.0
47,490,438,38569.97,15637.95,28,47,137.33,22.0
47,490,438,38569.97,15637.95,28,47,173.67,21.0
47,490,438,38569.97,15637.95,28,47,0.0,40.0
47,490,438,38570.44,15086.02,26,56,457.57,20.0
47,490,438,38570.44,15086.02,26,56,518.26,17.0
47,490,438,38570.44,15086.02,26,56,35.89,37.0
47,490,438,38570.44,15086.02,26,56,51.0,36.0
47,490,438,38570.44,15086.02,26,56,85.02,33.0
47,490,438,38570.44,15086.02,26,56,111.51,30.0
47,490,438,38570.44,15086.02,26,56,115.21,29.0
47,490,438,38570.44,15086.02,26,56,120.0,25.0
47,490,438,38570.44,15086.02,26,56,137.33,22.0
47,490,438,38570.44,15086.02,26,56,173.67,21.0
47,490,438,38570.44,15086.02,26,56,0.0,40.0
47,490,438,38577.74,16734.21,27,46,457.57,20.0
47,490,438,38577.74,16734.21,27,46,518.26,17.0
47,490,438,38577.74,16734.21,27,46,35.89,37.0
47,490,438,38577.74,16734.21,27,46,51.0,36.0
47,490,438,38577.74,16734.21,27,46,85.02,33.0
47,490,438,38577.74,16734.21,27,46,111.51,30.0
47,490,438,38577.74,16734.21,27,46,115.21,29.0
47,490,438,38577.74,16734.21,27,46,120.0,25.0
47,490,438,38577.74,16734.21,27,46,137.33,22.0
47,490,438,38577.74,16734.21,27,46,173.67,21.0
47,490,438,38577.74,16734.21,27,46,0.0,40.0
47,490,438,38593.81,15480.75,27,50,457.57,20.0
47,490,438,38593.81,15480.75,27,50,518.26,17.0
47,490,438,38593.81,15480.75,27,50,35.89,37.0
47,490,438,38593.81,15480.75,27,50,51.0,36.0
47,490,438,38593.81,15480.75,27,50,85.02,33.0
47,490,438,38593.81,15480.75,27,50,111.51,30.0
47,490,438,38593.81,15480.75,27,50,115.21,29.0
47,490,438,38593.81,15480.75,27,50,120.0,25.0
47,490,438,38593.81,15480.75,27,50,137.33,22.0
47,490,438,38593.81,15480.75,27,50,173.67,21.0
47,490,438,38593.81,15480.75,27,50,0.0,40.0
47,490,438,38602.45,15649.85,26,52,457.57,20.0
47,490,438,38602.45,15649.85,26,52,518.26,17.0
47,490,438,38602.45,15649.85,26,52,35.89,37.0
47,490,438,38602.45,15649.85,26,52,51.0,36.0
47,490,438,38602.45,15649.85,26,52,85.02,33.0
47,490,438,38602.45,15649.85,26,52,111.51,30.0
47,490,438,38602.45,15649.85,26,52,115.21,29.0
47,490,438,38602.45,15649.85,26,52,120.0,25.0
47,490,438,38602.45,15649.85,26,52,137.33,22.0
47,490,438,38602.45,15649.85,26,52,173.67,21.0
47,490,438,38602.45,15649.85,26,52,0.0,40.0
47,490,438,38607.55,15535.87,26,53,457.57,20.0
47,490,438,38607.55,15535.87,26,53,518.26,17.0
47,490,438,38607.55,15535.87,26,53,35.89,37.0
47,490,438,38607.55,15535.87,26,53,51.0,36.0
47,490,438,38607.55,15535.87,26,53,85.02,33.0
47,490,438,38607.55,15535.87,26,53,111.51,30.0
47,490,438,38607.55,15535.87,26,53,115.21,29.0
47,490,438,38607.55,15535.87,26,53,120.0,25.0
47,490,438,38607.55,15535.87,26,53,137.33,22.0
47,490,438,38607.55,15535.87,26,53,173.67,21.0
47,490,438,38607.55,15535.87,26,53,0.0,40.0
47,490,438,38711.37,15820.15,27,47,457.57,20.0
47,490,438,38711.37,15820.15,27,47,518.26,17.0
47,490,438,38711.37,15820.15,27,47,35.89,37.0
47,490,438,38711.37,15820.15,27,47,51.0,36.0
47,490,438,38711.37,15820.15,27,47,85.02,33.0
47,490,438,38711.37,15820.15,27,47,111.51,30.0
47,490,438,38711.37,15820.15,27,47,115.21,29.0
47,490,438,38711.37,15820.15,27,47,120.0,25.0
47,490,438,38711.37,15820.15,27,47,137.33,22.0
47,490,438,38711.37,15820.15,27,47,173.67,21.0
47,490,438,38711.37,15820.15,27,47,0.0,40.0
47,490,438,38729.74,15701.53,27,47,457.57,20.0
47,490,438,38729.74,15701.53,27,47,518.26,17.0
47,490,438,38729.74,15701.53,27,47,35.89,37.0
47,490,438,38729.74,15701.53,27,47,51.0,36.0
47,490,438,38729.74,15701.53,27,47,85.02,33.0
47,490,438,38729.74,15701.53,27,47,111.51,30.0
47,490,438,38729.74,15701.53,27,47,115.21,29.0
47,490,438,38729.74,15701.53,27,47,120.0,25.0
47,490,438,38729.74,15701.53,27,47,137.33,22.0
47,490,438,38729.74,15701.53,27,47,173.67,21.0
47,490,438,38729.74,15701.53,27,47,0.0,40.0
47,490,438,38729.74,15701.53,27,47,457.57,20.0
47,490,438,38729.74,15701.53,27,47,518.26,17.0
47,490,438,38729.74,15701.53,27,47,35.89,37.0
47,490,438,38729.74,15701.53,27,47,51.0,36.0
47,490,438,38729.74,15701.53,27,47,85.02,33.0
47,490,438,38729.74,15701.53,27,47,111.51,30.0
47,490,438,38729.74,15701.53,27,47,115.21,29.0
47,490,438,38729.74,15701.53,27,47,120.0,25.0
47,490,438,38729.74,15701.53,27,47,137.33,22.0
47,490,438,38729.74,15701.53,27,47,173.67,21.0
47,490,438,38729.74,15701.53,27,47,0.0,40.0
47,490,438,39027.59,15666.78,27,47,457.57,20.0
47,490,438,39027.59,15666.78,27,47,518.26,17.0
47,490,438,39027.59,15666.78,27,47,35.89,37.0
47,490,438,39027.59,15666.78,27,47,51.0,36.0
47,490,438,39027.59,15666.78,27,47,85.02,33.0
47,490,438,39027.59,15666.78,27,47,111.51,30.0
47,490,438,39027.59,15666.78,27,47,115.21,29.0
47,490,438,39027.59,15666.78,27,47,120.0,25.0
47,490,438,39027.59,15666.78,27,47,137.33,22.0
47,490,438,39027.59,15666.78,27,47,173.67,21.0
47,490,438,39027.59,15666.78,27,47,0.0,40.0
47,490,438,39087.79,15616.27,28,47,457.57,20.0
47,490,438,39087.79,15616.27,28,47,518.26,17.0
47,490,438,39087.79,15616.27,28,47,35.89,37.0
47,490,438,39087.79,15616.27,28,47,51.0,36.0
47,490,438,39087.79,15616.27,28,47,85.02,33.0
47,490,438,39087.79,15616.27,28,47,111.51,30.0
47,490,438,39087.79,15616.27,28,47,115.21,29.0
47,490,438,39087.79,15616.27,28,47,120.0,25.0
47,490,438,39087.79,15616.27,28,47,137.33,22.0
47,490,438,39087.79,15616.27,28,47,173.67,21.0
47,490,438,39087.79,15616.27,28,47,0.0,40.0
47,490,438,39108.86,15582.38,28,48,457.57,20.0
47,490,438,39108.86,15582.38,28,48,518.26,17.0
47,490,438,39108.86,15582.38,28,48,35.89,37.0
47,490,438,39108.86,15582.38,28,48,51.0,36.0
47,490,438,39108.86,15582.38,28,48,85.02,33.0
47,490,438,39108.86,15582.38,28,48,111.51,30.0
47,490,438,39108.86,15582.38,28,48,115.21,29.0
47,490,438,39108.86,15582.38,28,48,120.0,25.0
47,490,438,39108.86,15582.38,28,48,137.33,22.0
47,490,438,39108.86,15582.38,28,48,173.67,21.0
47,490,438,39108.86,15582.38,28,48,0.0,40.0
47,490,438,39341.1,15551.57,28,48,457.57,20.0
47,490,438,39341.1,15551.57,28,48,518.26,17.0
47,490,438,39341.1,15551.57,28,48,35.89,37.0
47,490,438,39341.1,15551.57,28,48,51.0,36.0
47,490,438,39341.1,15551.57,28,48,85.02,33.0
47,490,438,39341.1,15551.57,28,48,111.51,30.0
47,490,438,39341.1,15551.57,28,48,115.21,29.0
47,490,438,39341.1,15551.57,28,48,120.0,25.0
47,490,438,39341.1,15551.57,28,48,137.33,22.0
47,490,438,39341.1,15551.57,28,48,173.67,21.0
47,490,438,39341.1,15551.57,28,48,0.0,40.0
47,490,439,38096.11,15610.72,27,50,457.57,20.0
47,490,439,38096.11,15610.72,27,50,518.26,17.0
47,490,439,38096.11,15610.72,27,50,35.89,37.0
47,490,439,38096.11,15610.72,27,50,51.0,36.0
47,490,439,38096.11,15610.72,27,50,85.02,33.0
47,490,439,38096.11,15610.72,27,50,111.51,30.0
47,490,439,38096.11,15610.72,27,50,115.21,29.0
47,490,439,38096.11,15610.72,27,50,120.0,25.0
47,490,439,38096.11,15610.72,27,50,137.33,22.0
47,490,439,38096.11,15610.72,27,50,173.67,21.0
47,490,439,38096.11,15610.72,27,50,0.0,40.0
47,490,439,38298.83,15673.39,28,47,457.57,20.0
47,490,439,38298.83,15673.39,28,47,518.26,17.0
47,490,439,38298.83,15673.39,28,47,35.89,37.0
47,490,439,38298.83,15673.39,28,47,51.0,36.0
47,490,439,38298.83,15673.39,28,47,85.02,33.0
47,490,439,38298.83,15673.39,28,47,111.51,30.0
47,490,439,38298.83,15673.39,28,47,115.21,29.0
47,490,439,38298.83,15673.39,28,47,120.0,25.0
47,490,439,38298.83,15673.39,28,47,137.33,22.0
47,490,439,38298.83,15673.39,28,47,173.67,21.0
47,490,439,38298.83,15673.39,28,47,0.0,40.0
47,490,439,38443.71,15231.52,26,56,457.57,20.0
47,490,439,38443.71,15231.52,26,56,518.26,17.0
47,490,439,38443.71,15231.52,26,56,35.89,37.0
47,490,439,38443.71,15231.52,26,56,51.0,36.0
47,490,439,38443.71,15231.52,26,56,85.02,33.0
47,490,439,38443.71,15231.52,26,56,111.51,30.0
47,490,439,38443.71,15231.52,26,56,115.21,29.0
47,490,439,38443.71,15231.52,26,56,120.0,25.0
47,490,439,38443.71,15231.52,26,56,137.33,22.0
47,490,439,38443.71,15231.52,26,56,173.67,21.0
47,490,439,38443.71,15231.52,26,56,0.0,40.0
47,490,439,38500.79,15741.21,26,49,457.57,20.0
47,490,439,38500.79,15741.21,26,49,518.26,17.0
47,490,439,38500.79,15741.21,26,49,35.89,37.0
47,490,439,38500.79,15741.21,26,49,51.0,36.0
47,490,439,38500.79,15741.21,26,49,85.02,33.0
47,490,439,38500.79,15741.21,26,49,111.51,30.0
47,490,439,38500.79,15741.21,26,49,115.21,29.0
47,490,439,38500.79,15741.21,26,49,120.0,25.0
47,490,439,38500.79,15741.21,26,49,137.33,22.0
47,490,439,38500.79,15741.21,26,49,173.67,21.0
47,490,439,38500.79,15741.21,26,49,0.0,40.0
47,490,439,38559.65,15627.28,28,47,457.57,20.0
47,490,439,38559.65,15627.28,28,47,518.26,17.0
47,490,439,38559.65,15627.28,28,47,35.89,37.0
47,490,439,38559.65,15627.28,28,47,51.0,36.0
47,490,439,38559.65,15627.28,28,47,85.02,33.0
47,490,439,38559.65,15627.28,28,47,111.51,30.0
47,490,439,38559.65,15627.28,28,47,115.21,29.0
47,490,439,38559.65,15627.28,28,47,120.0,25.0
47,490,439,38559.65,15627.28,28,47,137.33,22.0
47,490,439,38559.65,15627.28,28,47,173.67,21.0
47,490,439,38559.65,15627.28,28,47,0.0,40.0
47,490,439,38559.65,15701.53,27,47,457.57,20.0
47,490,439,38559.65,15701.53,27,47,518.26,17.0
47,490,439,38559.65,15701.53,27,47,35.89,37.0
47,490,439,38559.65,15701.53,27,47,51.0,36.0
47,490,439,38559.65,15701.53,27,47,85.02,33.0
47,490,439,38559.65,15701.53,27,47,111.51,30.0
47,490,439,38559.65,15701.53,27,47,115.21,29.0
47,490,439,38559.65,15701.53,27,47,120.0,25.0
47,490,439,38559.65,15701.53,27,47,137.33,22.0
47,490,439,38559.65,15701.53,27,47,173.67,21.0
47,490,439,38559.65,15701.53,27,47,0.0,40.0
47,490,439,38562.39,15100.24,27,56,457.57,20.0
47,490,439,38562.39,15100.24,27,56,518.26,17.0
47,490,439,38562.39,15100.24,27,56,35.89,37.0
47,490,439,38562.39,15100.24,27,56,51.0,36.0
47,490,439,38562.39,15100.24,27,56,85.02,33.0
47,490,439,38562.39,15100.24,27,56,111.51,30.0
47,490,439,38562.39,15100.24,27,56,115.21,29.0
47,490,439,38562.39,15100.24,27,56,120.0,25.0
47,490,439,38562.39,15100.24,27,56,137.33,22.0
47,490,439,38562.39,15100.24,27,56,173.67,21.0
47,490,439,38562.39,15100.24,27,56,0.0,40.0
47,490,439,38569.97,15540.88,28,47,457.57,20.0
47,490,439,38569.97,15540.88,28,47,518.26,17.0
47,490,439,38569.97,15540.88,28,47,35.89,37.0
47,490,439,38569.97,15540.88,28,47,51.0,36.0
47,490,439,38569.97,15540.88,28,47,85.02,33.0
47,490,439,38569.97,15540.88,28,47,111.51,30.0
47,490,439,38569.97,15540.88,28,47,115.21,29.0
47,490,439,38569.97,15540.88,28,47,120.0,25.0
47,490,439,38569.97,15540.88,28,47,137.33,22.0
47,490,439,38569.97,15540.88,28,47,173.67,21.0
47,490,439,38569.97,15540.88,28,47,0.0,40.0
47,490,439,38571.46,15662.67,26,49,457.57,20.0
47,490,439,38571.46,15662.67,26,49,518.26,17.0
47,490,439,38571.46,15662.67,26,49,35.89,37.0
47,490,439,38571.46,15662.67,26,49,51.0,36.0
47,490,439,38571.46,15662.67,26,49,85.02,33.0
47,490,439,38571.46,15662.67,26,49,111.51,30.0
47,490,439,38571.46,15662.67,26,49,115.21,29.0
47,490,439,38571.46,15662.67,26,49,120.0,25.0
47,490,439,38571.46,15662.67,26,49,137.33,22.0
47,490,439,38571.46,15662.67,26,49,173.67,21.0
47,490,439,38571.46,15662.67,26,49,0.0,40.0
47,490,439,38584.17,15514.19,27,52,457.57,20.0
47,490,439,38584.17,15514.19,27,52,518.26,17.0
47,490,439,38584.17,15514.19,27,52,35.89,37.0
47,490,439,38584.17,15514.19,27,52,51.0,36.0
47,490,439,38584.17,15514.19,27,52,85.02,33.0
47,490,439,38584.17,15514.19,27,52,111.51,30.0
47,490,439,38584.17,15514.19,27,52,115.21,29.0
47,490,439,38584.17,15514.19,27,52,120.0,25.0
47,490,439,38584.17,15514.19,27,52,137.33,22.0
47,490,439,38584.17,15514.19,27,52,173.67,21.0
47,490,439,38584.17,15514.19,27,52,0.0,40.0
47,490,439,38594.9,15634.99,26,52,457.57,20.0
47,490,439,38594.9,15634.99,26,52,518.26,17.0
47,490,439,38594.9,15634.99,26,52,35.89,37.0
47,490,439,38594.9,15634.99,26,52,51.0,36.0
47,490,439,38594.9,15634.99,26,52,85.02,33.0
47,490,439,38594.9,15634.99,26,52,111.51,30.0
47,490,439,38594.9,15634.99,26,52,115.21,29.0
47,490,439,38594.9,15634.99,26,52,120.0,25.0
47,490,439,38594.9,15634.99,26,52,137.33,22.0
47,490,439,38594.9,15634.99,26,52,173.67,21.0
47,490,439,38594.9,15634.99,26,52,0.0,40.0
47,490,439,38606.68,15386.74,27,50,457.57,20.0
47,490,439,38606.68,15386.74,27,50,518.26,17.0
47,490,439,38606.68,15386.74,27,50,35.89,37.0
47,490,439,38606.68,15386.74,27,50,51.0,36.0
47,490,439,38606.68,15386.74,27,50,85.02,33.0
47,490,439,38606.68,15386.74,27,50,111.51,30.0
47,490,439,38606.68,15386.74,27,50,115.21,29.0
47,490,439,38606.68,15386.74,27,50,120.0,25.0
47,490,439,38606.68,15386.74,27,50,137.33,22.0
47,490,439,38606.68,15386.74,27,50,173.67,21.0
47,490,439,38606.68,15386.74,27,50,0.0,40.0
47,490,439,38663.21,15499.31,26,49,457.57,20.0
47,490,439,38663.21,15499.31,26,49,518.26,17.0
47,490,439,38663.21,15499.31,26,49,35.89,37.0
47,490,439,38663.21,15499.31,26,49,51.0,36.0
47,490,439,38663.21,15499.31,26,49,85.02,33.0
47,490,439,38663.21,15499.31,26,49,111.51,30.0
47,490,439,38663.21,15499.31,26,49,115.21,29.0
47,490,439,38663.21,15499.31,26,49,120.0,25.0
47,490,439,38663.21,15499.31,26,49,137.33,22.0
47,490,439,38663.21,15499.31,26,49,173.67,21.0
47,490,439,38663.21,15499.31,26,49,0.0,40.0
47,490,439,38981.12,15765.3,26,47,457.57,20.0
47,490,439,38981.12,15765.3,26,47,518.26,17.0
47,490,439,38981.12,15765.3,26,47,35.89,37.0
47,490,439,38981.12,15765.3,26,47,51.0,36.0
47,490,439,38981.12,15765.3,26,47,85.02,33.0
47,490,439,38981.12,15765.3,26,47,111.51,30.0
47,490,439,38981.12,15765.3,26,47,115.21,29.0
47,490,439,38981.12,15765.3,26,47,120.0,25.0
47,490,439,38981.12,15765.3,26,47,137.33,22.0
47,490,439,38981.12,15765.3,26,47,173.67,21.0
47,490,439,38981.12,15765.3,26,47,0.0,40.0
47,490,439,39027.59,15707.67,26,47,457.57,20.0
47,490,439,39027.59,15707.67,26,47,518.26,17.0
47,490,439,39027.59,15707.67,26,47,35.89,37.0
47,490,439,39027.59,15707.67,26,47,51.0,36.0
47,490,439,39027.59,15707.67,26,47,85.02,33.0
47,490,439,39027.59,15707.67,26,47,111.51,30.0
47,490,439,39027.59,15707.67,26,47,115.21,29.0
47,490,439,39027.59,15707.67,26,47,120.0,25.0
47,490,439,39027.59,15707.67,26,47,137.33,22.0
47,490,439,39027.59,15707.67,26,47,173.67,21.0
47,490,439,39027.59,15707.67,26,47,0.0,40.0
47,490,439,39178.06,15532.58,28,48,457.57,20.0
47,490,439,39178.06,15532.58,28,48,518.26,17.0
47,490,439,39178.06,15532.58,28,48,35.89,37.0
47,490,439,39178.06,15532.58,28,48,51.0,36.0
47,490,439,39178.06,15532.58,28,48,85.02,33.0
47,490,439,39178.06,15532.58,28,48,111.51,30.0
47,490,439,39178.06,15532.58,28,48,115.21,29.0
47,490,439,39178.06,15532.58,28,48,120.0,25.0
47,490,439,39178.06,15532.58,28,48,137.33,22.0
47,490,439,39178.06,15532.58,28,48,173.67,21.0
47,490,439,39178.06,15532.58,28,48,0.0,40.0
47,490,440,37939.33,15053.22,27,55,457.57,20.0
47,490,440,37939.33,15053.22,27,55,518.26,17.0
47,490,440,37939.33,15053.22,27,55,35.89,37.0
47,490,440,37939.33,15053.22,27,55,51.0,36.0
47,490,440,37939.33,15053.22,27,55,85.02,33.0
47,490,440,37939.33,15053.22,27,55,111.51,30.0
47,490,440,37939.33,15053.22,27,55,115.21,29.0
47,490,440,37939.33,15053.22,27,55,120.0,25.0
47,490,440,37939.33,15053.22,27,55,137.33,22.0
47,490,440,37939.33,15053.22,27,55,173.67,21.0
47,490,440,37939.33,15053.22,27,55,0.0,40.0
47,490,440,38159.88,15248.4,27,50,457.57,20.0
47,490,440,38159.88,15248.4,27,50,518.26,17.0
47,490,440,38159.88,15248.4,27,50,35.89,37.0
47,490,440,38159.88,15248.4,27,50,51.0,36.0
47,490,440,38159.88,15248.4,27,50,85.02,33.0
47,490,440,38159.88,15248.4,27,50,111.51,30.0
47,490,440,38159.88,15248.4,27,50,115.21,29.0
47,490,440,38159.88,15248.4,27,50,120.0,25.0
47,490,440,38159.88,15248.4,27,50,137.33,22.0
47,490,440,38159.88,15248.4,27,50,173.67,21.0
47,490,440,38159.88,15248.4,27,50,0.0,40.0
47,490,440,38325.37,15372.83,26,54,457.57,20.0
47,490,440,38325.37,15372.83,26,54,518.26,17.0
47,490,440,38325.37,15372.83,26,54,35.89,37.0
47,490,440,38325.37,15372.83,26,54,51.0,36.0
47,490,440,38325.37,15372.83,26,54,85.02,33.0
47,490,440,38325.37,15372.83,26,54,111.51,30.0
47,490,440,38325.37,15372.83,26,54,115.21,29.0
47,490,440,38325.37,15372.83,26,54,120.0,25.0
47,490,440,38325.37,15372.83,26,54,137.33,22.0
47,490,440,38325.37,15372.83,26,54,173.67,21.0
47,490,440,38325.37,15372.83,26,54,0.0,40.0
47,490,440,38388.4,15231.52,26,56,457.57,20.0
47,490,440,38388.4,15231.52,26,56,518.26,17.0
47,490,440,38388.4,15231.52,26,56,35.89,37.0
47,490,440,38388.4,15231.52,26,56,51.0,36.0
47,490,440,38388.4,15231.52,26,56,85.02,33.0
47,490,440,38388.4,15231.52,26,56,111.51,30.0
47,490,440,38388.4,15231.52,26,56,115.21,29.0
47,490,440,38388.4,15231.52,26,56,120.0,25.0
47,490,440,38388.4,15231.52,26,56,137.33,22.0
47,490,440,38388.4,15231.52,26,56,173.67,21.0
47,490,440,38388.4,15231.52,26,56,0.0,40.0
47,490,440,38482.23,15741.21,26,49,457.57,20.0
47,490,440,38482.23,15741.21,26,49,518.26,17.0
47,490,440,38482.23,15741.21,26,49,35.89,37.0
47,490,440,38482.23,15741.21,26,49,51.0,36.0
47,490,440,38482.23,15741.21,26,49,85.02,33.0
47,490,440,38482.23,15741.21,26,49,111.51,30.0
47,490,440,38482.23,15741.21,26,49,115.21,29.0
47,490,440,38482.23,15741.21,26,49,120.0,25.0
47,490,440,38482.23,15741.21,26,49,137.33,22.0
47,490,440,38482.23,15741.21,26,49,173.67,21.0
47,490,440,38482.23,15741.21,26,49,0.0,40.0
47,490,440,38494.44,15613.58,26,49,457.57,20.0
47,490,440,38494.44,15613.58,26,49,518.26,17.0
47,490,440,38494.44,15613.58,26,49,35.89,37.0
47,490,440,38494.44,15613.58,26,49,51.0,36.0
47,490,440,38494.44,15613.58,26,49,85.02,33.0
47,490,440,38494.44,15613.58,26,49,111.51,30.0
47,490,440,38494.44,15613.58,26,49,115.21,29.0
47,490,440,38494.44,15613.58,26,49,120.0,25.0
47,490,440,38494.44,15613.58,26,49,137.33,22.0
47,490,440,38494.44,15613.58,26,49,173.67,21.0
47,490,440,38494.44,15613.58,26,49,0.0,40.0
47,490,440,38526.75,14982.19,27,56,457.57,20.0
47,490,440,38526.75,14982.19,27,56,518.26,17.0
47,490,440,38526.75,14982.19,27,56,35.89,37.0
47,490,440,38526.75,14982.19,27,56,51.0,36.0
47,490,440,38526.75,14982.19,27,56,85.02,33.0
47,490,440,38526.75,14982.19,27,56,111.51,30.0
47,490,440,38526.75,14982.19,27,56,115.21,29.0
47,490,440,38526.75,14982.19,27,56,120.0,25.0
47,490,440,38526.75,14982.19,27,56,137.33,22.0
47,490,440,38526.75,14982.19,27,56,173.67,21.0
47,490,440,38526.75,14982.19,27,56,0.0,40.0
47,490,440,38662.11,15310.22,27,49,457.57,20.0
47,490,440,38662.11,15310.22,27,49,518.26,17.0
47,490,440,38662.11,15310.22,27,49,35.89,37.0
47,490,440,38662.11,15310.22,27,49,51.0,36.0
47,490,440,38662.11,15310.22,27,49,85.02,33.0
47,490,440,38662.11,15310.22,27,49,111.51,30.0
47,490,440,38662.11,15310.22,27,49,115.21,29.0
47,490,440,38662.11,15310.22,27,49,120.0,25.0
47,490,440,38662.11,15310.22,27,49,137.33,22.0
47,490,440,38662.11,15310.22,27,49,173.67,21.0
47,490,440,38662.11,15310.22,27,49,0.0,40.0
47,490,440,38865.91,15654.1,27,47,457.57,20.0
47,490,440,38865.91,15654.1,27,47,518.26,17.0
47,490,440,38865.91,15654.1,27,47,35.89,37.0
47,490,440,38865.91,15654.1,27,47,51.0,36.0
47,490,440,38865.91,15654.1,27,47,85.02,33.0
47,490,440,38865.91,15654.1,27,47,111.51,30.0
47,490,440,38865.91,15654.1,27,47,115.21,29.0
47,490,440,38865.91,15654.1,27,47,120.0,25.0
47,490,440,38865.91,15654.1,27,47,137.33,22.0
47,490,440,38865.91,15654.1,27,47,173.67,21.0
47,490,440,38865.91,15654.1,27,47,0.0,40.0
47,490,440,38865.91,15654.1,27,47,457.57,20.0
47,490,440,38865.91,15654.1,27,47,518.26,17.0
47,490,440,38865.91,15654.1,27,47,35.89,37.0
47,490,440,38865.91,15654.1,27,47,51.0,36.0
47,490,440,38865.91,15654.1,27,47,85.02,33.0
47,490,440,38865.91,15654.1,27,47,111.51,30.0
47,490,440,38865.91,15654.1,27,47,115.21,29.0
47,490,440,38865.91,15654.1,27,47,120.0,25.0
47,490,440,38865.91,15654.1,27,47,137.33,22.0
47,490,440,38865.91,15654.1,27,47,173.67,21.0
47,490,440,38865.91,15654.1,27,47,0.0,40.0
47,490,440,38946.5,15730.7,26,47,457.57,20.0
47,490,440,38946.5,15730.7,26,47,518.26,17.0
47,490,440,38946.5,15730.7,26,47,35.89,37.0
47,490,440,38946.5,15730.7,26,47,51.0,36.0
47,490,440,38946.5,15730.7,26,47,85.02,33.0
47,490,440,38946.5,15730.7,26,47,111.51,30.0
47,490,440,38946.5,15730.7,26,47,115.21,29.0
47,490,440,38946.5,15730.7,26,47,120.0,25.0
47,490,440,38946.5,15730.7,26,47,137.33,22.0
47,490,440,38946.5,15730.7,26,47,173.67,21.0
47,490,440,38946.5,15730.7,26,47,0.0,40.0
47,490,440,39229.31,15521.04,28,48,457.57,20.0
47,490,440,39229.31,15521.04,28,48,518.26,17.0
47,490,440,39229.31,15521.04,28,48,35.89,37.0
47,490,440,39229.31,15521.04,28,48,51.0,36.0
47,490,440,39229.31,15521.04,28,48,85.02,33.0
47,490,440,39229.31,15521.04,28,48,111.51,30.0
47,490,440,39229.31,15521.04,28,48,115.21,29.0
47,490,440,39229.31,15521.04,28,48,120.0,25.0
47,490,440,39229.31,15521.04,28,48,137.33,22.0
47,490,440,39229.31,15521.04,28,48,173.67,21.0
47,490,440,39229.31,15521.04,28,48,0.0,40.0
47,490,441,38108.4,15301.93,27,51,457.57,20.0
47,490,441,38108.4,15301.93,27,51,518.26,17.0
47,490,441,38108.4,15301.93,27,51,35.89,37.0
47,490,441,38108.4,15301.93,27,51,51.0,36.0
47,490,441,38108.4,15301.93,27,51,85.02,33.0
47,490,441,38108.4,15301.93,27,51,111.51,30.0
47,490,441,38108.4,15301.93,27,51,115.21,29.0
47,490,441,38108.4,15301.93,27,51,120.0,25.0
47,490,441,38108.4,15301.93,27,51,137.33,22.0
47,490,441,38108.4,15301.93,27,51,173.67,21.0
47,490,441,38108.4,15301.93,27,51,0.0,40.0
47,490,441,38148.28,15292.98,27,49,457.57,20.0
47,490,441,38148.28,15292.98,27,49,518.26,17.0
47,490,441,38148.28,15292.98,27,49,35.89,37.0
47,490,441,38148.28,15292.98,27,49,51.0,36.0
47,490,441,38148.28,15292.98,27,49,85.02,33.0
47,490,441,38148.28,15292.98,27,49,111.51,30.0
47,490,441,38148.28,15292.98,27,49,115.21,29.0
47,490,441,38148.28,15292.98,27,49,120.0,25.0
47,490,441,38148.28,15292.98,27,49,137.33,22.0
47,490,441,38148.28,15292.98,27,49,173.67,21.0
47,490,441,38148.28,15292.98,27,49,0.0,40.0
47,490,441,38265.1,15372.83,26,54,457.57,20.0
47,490,441,38265.1,15372.83,26,54,518.26,17.0
47,490,441,38265.1,15372.83,26,54,35.89,37.0
47,490,441,38265.1,15372.83,26,54,51.0,36.0
47,490,441,38265.1,15372.83,26,54,85.02,33.0
47,490,441,38265.1,15372.83,26,54,111.51,30.0
47,490,441,38265.1,15372.83,26,54,115.21,29.0
47,490,441,38265.1,15372.83,26,54,120.0,25.0
47,490,441,38265.1,15372.83,26,54,137.33,22.0
47,490,441,38265.1,15372.83,26,54,173.67,21.0
47,490,441,38265.1,15372.83,26,54,0.0,40.0
47,490,441,38325.37,15372.77,26,54,457.57,20.0
47,490,441,38325.37,15372.77,26,54,518.26,17.0
47,490,441,38325.37,15372.77,26,54,35.89,37.0
47,490,441,38325.37,15372.77,26,54,51.0,36.0
47,490,441,38325.37,15372.77,26,54,85.02,33.0
47,490,441,38325.37,15372.77,26,54,111.51,30.0
47,490,441,38325.37,15372.77,26,54,115.21,29.0
47,490,441,38325.37,15372.77,26,54,120.0,25.0
47,490,441,38325.37,15372.77,26,54,137.33,22.0
47,490,441,38325.37,15372.77,26,54,173.67,21.0
47,490,441,38325.37,15372.77,26,54,0.0,40.0
47,490,441,38447.25,15795.32,27,47,457.57,20.0
47,490,441,38447.25,15795.32,27,47,518.26,17.0
47,490,441,38447.25,15795.32,27,47,35.89,37.0
47,490,441,38447.25,15795.32,27,47,51.0,36.0
47,490,441,38447.25,15795.32,27,47,85.02,33.0
47,490,441,38447.25,15795.32,27,47,111.51,30.0
47,490,441,38447.25,15795.32,27,47,115.21,29.0
47,490,441,38447.25,15795.32,27,47,120.0,25.0
47,490,441,38447.25,15795.32,27,47,137.33,22.0
47,490,441,38447.25,15795.32,27,47,173.67,21.0
47,490,441,38447.25,15795.32,27,47,0.0,40.0
47,490,441,38466.05,15327.41,26,54,457.57,20.0
47,490,441,38466.05,15327.41,26,54,518.26,17.0
47,490,441,38466.05,15327.41,26,54,35.89,37.0
47,490,441,38466.05,15327.41,26,54,51.0,36.0
47,490,441,38466.05,15327.41,26,54,85.02,33.0
47,490,441,38466.05,15327.41,26,54,111.51,30.0
47,490,441,38466.05,15327.41,26,54,115.21,29.0
47,490,441,38466.05,15327.41,26,54,120.0,25.0
47,490,441,38466.05,15327.41,26,54,137.33,22.0
47,490,441,38466.05,15327.41,26,54,173.67,21.0
47,490,441,38466.05,15327.41,26,54,0.0,40.0
47,490,441,38473.37,15230.28,26,56,457.57,20.0
47,490,441,38473.37,15230.28,26,56,518.26,17.0
47,490,441,38473.37,15230.28,26,56,35.89,37.0
47,490,441,38473.37,15230.28,26,56,51.0,36.0
47,490,441,38473.37,15230.28,26,56,85.02,33.0
47,490,441,38473.37,15230.28,26,56,111.51,30.0
47,490,441,38473.37,15230.28,26,56,115.21,29.0
47,490,441,38473.37,15230.28,26,56,120.0,25.0
47,490,441,38473.37,15230.28,26,56,137.33,22.0
47,490,441,38473.37,15230.28,26,56,173.67,21.0
47,490,441,38473.37,15230.28,26,56,0.0,40.0
47,490,441,38555.73,15588.05,26,53,457.57,20.0
47,490,441,38555.73,15588.05,26,53,518.26,17.0
47,490,441,38555.73,15588.05,26,53,35.89,37.0
47,490,441,38555.73,15588.05,26,53,51.0,36.0
47,490,441,38555.73,15588.05,26,53,85.02,33.0
47,490,441,38555.73,15588.05,26,53,111.51,30.0
47,490,441,38555.73,15588.05,26,53,115.21,29.0
47,490,441,38555.73,15588.05,26,53,120.0,25.0
47,490,441,38555.73,15588.05,26,53,137.33,22.0
47,490,441,38555.73,15588.05,26,53,173.67,21.0
47,490,441,38555.73,15588.05,26,53,0.0,40.0
47,490,441,38587.83,15587.08,26,53,457.57,20.0
47,490,441,38587.83,15587.08,26,53,518.26,17.0
47,490,441,38587.83,15587.08,26,53,35.89,37.0
47,490,441,38587.83,15587.08,26,53,51.0,36.0
47,490,441,38587.83,15587.08,26,53,85.02,33.0
47,490,441,38587.83,15587.08,26,53,111.51,30.0
47,490,441,38587.83,15587.08,26,53,115.21,29.0
47,490,441,38587.83,15587.08,26,53,120.0,25.0
47,490,441,38587.83,15587.08,26,53,137.33,22.0
47,490,441,38587.83,15587.08,26,53,173.67,21.0
47,490,441,38587.83,15587.08,26,53,0.0,40.0
47,490,442,37983.53,15144.85,27,54,457.57,20.0
47,490,442,37983.53,15144.85,27,54,518.26,17.0
47,490,442,37983.53,15144.85,27,54,35.89,37.0
47,490,442,37983.53,15144.85,27,54,51.0,36.0
47,490,442,37983.53,15144.85,27,54,85.02,33.0
47,490,442,37983.53,15144.85,27,54,111.51,30.0
47,490,442,37983.53,15144.85,27,54,115.21,29.0
47,490,442,37983.53,15144.85,27,54,120.0,25.0
47,490,442,37983.53,15144.85,27,54,137.33,22.0
47,490,442,37983.53,15144.85,27,54,173.67,21.0
47,490,442,37983.53,15144.85,27,54,0.0,40.0
47,490,442,38048.32,15153.59,27,49,457.57,20.0
47,490,442,38048.32,15153.59,27,49,518.26,17.0
47,490,442,38048.32,15153.59,27,49,35.89,37.0
47,490,442,38048.32,15153.59,27,49,51.0,36.0
47,490,442,38048.32,15153.59,27,49,85.02,33.0
47,490,442,38048.32,15153.59,27,49,111.51,30.0
47,490,442,38048.32,15153.59,27,49,115.21,29.0
47,490,442,38048.32,15153.59,27,49,120.0,25.0
47,490,442,38048.32,15153.59,27,49,137.33,22.0
47,490,442,38048.32,15153.59,27,49,173.67,21.0
47,490,442,38048.32,15153.59,27,49,0.0,40.0
47,490,442,38587.83,15475.89,26,53,457.57,20.0
47,490,442,38587.83,15475.89,26,53,518.26,17.0
47,490,442,38587.83,15475.89,26,53,35.89,37.0
47,490,442,38587.83,15475.89,26,53,51.0,36.0
47,490,442,38587.83,15475.89,26,53,85.02,33.0
47,490,442,38587.83,15475.89,26,53,111.51,30.0
47,490,442,38587.83,15475.89,26,53,115.21,29.0
47,490,442,38587.83,15475.89,26,53,120.0,25.0
47,490,442,38587.83,15475.89,26,53,137.33,22.0
47,490,442,38587.83,15475.89,26,53,173.67,21.0
47,490,442,38587.83,15475.89,26,53,0.0,40.0
47,490,443,37905.31,15192.09,27,49,457.57,20.0
47,490,443,37905.31,15192.09,27,49,518.26,17.0
47,490,443,37905.31,15192.09,27,49,35.89,37.0
47,490,443,37905.31,15192.09,27,49,51.0,36.0
47,490,443,37905.31,15192.09,27,49,85.02,33.0
47,490,443,37905.31,15192.09,27,49,111.51,30.0
47,490,443,37905.31,15192.09,27,49,115.21,29.0
47,490,443,37905.31,15192.09,27,49,120.0,25.0
47,490,443,37905.31,15192.09,27,49,137.33,22.0
47,490,443,37905.31,15192.09,27,49,173.67,21.0
47,490,443,37905.31,15192.09,27,49,0.0,40.0
47,490,443,38016.51,15122.73,27,49,457.57,20.0
47,490,443,38016.51,15122.73,27,49,518.26,17.0
47,490,443,38016.51,15122.73,27,49,35.89,37.0
47,490,443,38016.51,15122.73,27,49,51.0,36.0
47,490,443,38016.51,15122.73,27,49,85.02,33.0
47,490,443,38016.51,15122.73,27,49,111.51,30.0
47,490,443,38016.51,15122.73,27,49,115.21,29.0
47,490,443,38016.51,15122.73,27,49,120.0,25.0
47,490,443,38016.51,15122.73,27,49,137.33,22.0
47,490,443,38016.51,15122.73,27,49,173.67,21.0
47,490,443,38016.51,15122.73,27,49,0.0,40.0
47,490,444,37760.15,15331.81,27,49,457.57,20.0
47,490,444,37760.15,15331.81,27,49,518.26,17.0
47,490,444,37760.15,15331.81,27,49,35.89,37.0
47,490,444,37760.15,15331.81,27,49,51.0,36.0
47,490,444,37760.15,15331.81,27,49,85.02,33.0
47,490,444,37760.15,15331.81,27,49,111.51,30.0
47,490,444,37760.15,15331.81,27,49,115.21,29.0
47,490,444,37760.15,15331.81,27,49,120.0,25.0
47,490,444,37760.15,15331.81,27,49,137.33,22.0
47,490,444,37760.15,15331.81,27,49,173.67,21.0
47,490,444,37760.15,15331.81,27,49,0.0,40.0
47,490,445,37533.43,15543.41,27,51,457.57,20.0
47,490,445,37533.43,15543.41,27,51,518.26,17.0
47,490,445,37533.43,15543.41,27,51,35.89,37.0
47,490,445,37533.43,15543.41,27,51,51.0,36.0
47,490,445,37533.43,15543.41,27,51,85.02,33.0
47,490,445,37533.43,15543.41,27,51,111.51,30.0
47,490,445,37533.43,15543.41,27,51,115.21,29.0
47,490,445,37533.43,15543.41,27,51,120.0,25.0
47,490,445,37533.43,15543.41,27,51,137.33,22.0
47,490,445,37533.43,15543.41,27,51,173.67,21.0
47,490,445,37533.43,15543.41,27,51,0.0,40.0
47,490,445,37568.22,15556.99,27,50,457.57,20.0
47,490,445,37568.22,15556.99,27,50,518.26,17.0
47,490,445,37568.22,15556.99,27,50,35.89,37.0
47,490,445,37568.22,15556.99,27,50,51.0,36.0
47,490,445,37568.22,15556.99,27,50,85.02,33.0
47,490,445,37568.22,15556.99,27,50,111.51,30.0
47,490,445,37568.22,15556.99,27,50,115.21,29.0
47,490,445,37568.22,15556.99,27,50,120.0,25.0
47,490,445,37568.22,15556.99,27,50,137.33,22.0
47,490,445,37568.22,15556.99,27,50,173.67,21.0
47,490,445,37568.22,15556.99,27,50,0.0,40.0
47,490,445,37568.22,15556.99,27,50,457.57,20.0
47,490,445,37568.22,15556.99,27,50,518.26,17.0
47,490,445,37568.22,15556.99,27,50,35.89,37.0
47,490,445,37568.22,15556.99,27,50,51.0,36.0
47,490,445,37568.22,15556.99,27,50,85.02,33.0
47,490,445,37568.22,15556.99,27,50,111.51,30.0
47,490,445,37568.22,15556.99,27,50,115.21,29.0
47,490,445,37568.22,15556.99,27,50,120.0,25.0
47,490,445,37568.22,15556.99,27,50,137.33,22.0
47,490,445,37568.22,15556.99,27,50,173.67,21.0
47,490,445,37568.22,15556.99,27,50,0.0,40.0
47,490,445,37663.54,15520.25,27,50,457.57,20.0
47,490,445,37663.54,15520.25,27,50,518.26,17.0
47,490,445,37663.54,15520.25,27,50,35.89,37.0
47,490,445,37663.54,15520.25,27,50,51.0,36.0
47,490,445,37663.54,15520.25,27,50,85.02,33.0
47,490,445,37663.54,15520.25,27,50,111.51,30.0
47,490,445,37663.54,15520.25,27,50,115.21,29.0
47,490,445,37663.54,15520.25,27,50,120.0,25.0
47,490,445,37663.54,15520.25,27,50,137.33,22.0
47,490,445,37663.54,15520.25,27,50,173.67,21.0
47,490,445,37663.54,15520.25,27,50,0.0,40.0
47,490,445,37698.3,15408.8,27,49,457.57,20.0
47,490,445,37698.3,15408.8,27,49,518.26,17.0
47,490,445,37698.3,15408.8,27,49,35.89,37.0
47,490,445,37698.3,15408.8,27,49,51.0,36.0
47,490,445,37698.3,15408.8,27,49,85.02,33.0
47,490,445,37698.3,15408.8,27,49,111.51,30.0
47,490,445,37698.3,15408.8,27,49,115.21,29.0
47,490,445,37698.3,15408.8,27,49,120.0,25.0
47,490,445,37698.3,15408.8,27,49,137.33,22.0
47,490,445,37698.3,15408.8,27,49,173.67,21.0
47,490,445,37698.3,15408.8,27,49,0.0,40.0
47,490,445,37812.87,15209.13,27,49,457.57,20.0
47,490,445,37812.87,15209.13,27,49,518.26,17.0
47,490,445,37812.87,15209.13,27,49,35.89,37.0
47,490,445,37812.87,15209.13,27,49,51.0,36.0
47,490,445,37812.87,15209.13,27,49,85.02,33.0
47,490,445,37812.87,15209.13,27,49,111.51,30.0
47,490,445,37812.87,15209.13,27,49,115.21,29.0
47,490,445,37812.87,15209.13,27,49,120.0,25.0
47,490,445,37812.87,15209.13,27,49,137.33,22.0
47,490,445,37812.87,15209.13,27,49,173.67,21.0
47,490,445,37812.87,15209.13,27,49,0.0,40.0
47,490,445,38504.35,15096.51,28,53,457.57,20.0
47,490,445,38504.35,15096.51,28,53,518.26,17.0
47,490,445,38504.35,15096.51,28,53,35.89,37.0
47,490,445,38504.35,15096.51,28,53,51.0,36.0
47,490,445,38504.35,15096.51,28,53,85.02,33.0
47,490,445,38504.35,15096.51,28,53,111.51,30.0
47,490,445,38504.35,15096.51,28,53,115.21,29.0
47,490,445,38504.35,15096.51,28,53,120.0,25.0
47,490,445,38504.35,15096.51,28,53,137.33,22.0
47,490,445,38504.35,15096.51,28,53,173.67,21.0
47,490,445,38504.35,15096.51,28,53,0.0,40.0
47,490,446,37506.93,15503.75,27,50,457.57,20.0
47,490,446,37506.93,15503.75,27,50,518.26,17.0
47,490,446,37506.93,15503.75,27,50,35.89,37.0
47,490,446,37506.93,15503.75,27,50,51.0,36.0
47,490,446,37506.93,15503.75,27,50,85.02,33.0
47,490,446,37506.93,15503.75,27,50,111.51,30.0
47,490,446,37506.93,15503.75,27,50,115.21,29.0
47,490,446,37506.93,15503.75,27,50,120.0,25.0
47,490,446,37506.93,15503.75,27,50,137.33,22.0
47,490,446,37506.93,15503.75,27,50,173.67,21.0
47,490,446,37506.93,15503.75,27,50,0.0,40.0
47,490,446,37647.14,15446.69,28,49,457.57,20.0
47,490,446,37647.14,15446.69,28,49,518.26,17.0
47,490,446,37647.14,15446.69,28,49,35.89,37.0
47,490,446,37647.14,15446.69,28,49,51.0,36.0
47,490,446,37647.14,15446.69,28,49,85.02,33.0
47,490,446,37647.14,15446.69,28,49,111.51,30.0
47,490,446,37647.14,15446.69,28,49,115.21,29.0
47,490,446,37647.14,15446.69,28,49,120.0,25.0
47,490,446,37647.14,15446.69,28,49,137.33,22.0
47,490,446,37647.14,15446.69,28,49,173.67,21.0
47,490,446,37647.14,15446.69,28,49,0.0,40.0
47,490,446,37647.14,15503.75,27,49,457.57,20.0
47,490,446,37647.14,15503.75,27,49,518.26,17.0
47,490,446,37647.14,15503.75,27,49,35.89,37.0
47,490,446,37647.14,15503.75,27,49,51.0,36.0
47,490,446,37647.14,15503.75,27,49,85.02,33.0
47,490,446,37647.14,15503.75,27,49,111.51,30.0
47,490,446,37647.14,15503.75,27,49,115.21,29.0
47,490,446,37647.14,15503.75,27,49,120.0,25.0
47,490,446,37647.14,15503.75,27,49,137.33,22.0
47,490,446,37647.14,15503.75,27,49,173.67,21.0
47,490,446,37647.14,15503.75,27,49,0.0,40.0
47,490,446,37748.94,15166.21,28,49,457.57,20.0
47,490,446,37748.94,15166.21,28,49,518.26,17.0
47,490,446,37748.94,15166.21,28,49,35.89,37.0
47,490,446,37748.94,15166.21,28,49,51.0,36.0
47,490,446,37748.94,15166.21,28,49,85.02,33.0
47,490,446,37748.94,15166.21,28,49,111.51,30.0
47,490,446,37748.94,15166.21,28,49,115.21,29.0
47,490,446,37748.94,15166.21,28,49,120.0,25.0
47,490,446,37748.94,15166.21,28,49,137.33,22.0
47,490,446,37748.94,15166.21,28,49,173.67,21.0
47,490,446,37748.94,15166.21,28,49,0.0,40.0
47,490,446,38099.19,15067.47,28,50,457.57,20.0
47,490,446,38099.19,15067.47,28,50,518.26,17.0
47,490,446,38099.19,15067.47,28,50,35.89,37.0
47,490,446,38099.19,15067.47,28,50,51.0,36.0
47,490,446,38099.19,15067.47,28,50,85.02,33.0
47,490,446,38099.19,15067.47,28,50,111.51,30.0
47,490,446,38099.19,15067.47,28,50,115.21,29.0
47,490,446,38099.19,15067.47,28,50,120.0,25.0
47,490,446,38099.19,15067.47,28,50,137.33,22.0
47,490,446,38099.19,15067.47,28,50,173.67,21.0
47,490,446,38099.19,15067.47,28,50,0.0,40.0
47,490,446,38538.22,14994.14,28,53,457.57,20.0
47,490,446,38538.22,14994.14,28,53,518.26,17.0
47,490,446,38538.22,14994.14,28,53,35.89,37.0
47,490,446,38538.22,14994.14,28,53,51.0,36.0
47,490,446,38538.22,14994.14,28,53,85.02,33.0
47,490,446,38538.22,14994.14,28,53,111.51,30.0
47,490,446,38538.22,14994.14,28,53,115.21,29.0
47,490,446,38538.22,14994.14,28,53,120.0,25.0
47,490,446,38538.22,14994.14,28,53,137.33,22.0
47,490,446,38538.22,14994.14,28,53,173.67,21.0
47,490,446,38538.22,14994.14,28,53,0.0,40.0
47,490,447,37548.23,15475.76,28,49,457.57,20.0
47,490,447,37548.23,15475.76,28,49,518.26,17.0
47,490,447,37548.23,15475.76,28,49,35.89,37.0
47,490,447,37548.23,15475.76,28,49,51.0,36.0
47,490,447,37548.23,15475.76,28,49,85.02,33.0
47,490,447,37548.23,15475.76,28,49,111.51,30.0
47,490,447,37548.23,15475.76,28,49,115.21,29.0
47,490,447,37548.23,15475.76,28,49,120.0,25.0
47,490,447,37548.23,15475.76,28,49,137.33,22.0
47,490,447,37548.23,15475.76,28,49,173.67,21.0
47,490,447,37548.23,15475.76,28,49,0.0,40.0
47,490,447,37956.12,15078.41,28,50,457.57,20.0
47,490,447,37956.12,15078.41,28,50,518.26,17.0
47,490,447,37956.12,15078.41,28,50,35.89,37.0
47,490,447,37956.12,15078.41,28,50,51.0,36.0
47,490,447,37956.12,15078.41,28,50,85.02,33.0
47,490,447,37956.12,15078.41,28,50,111.51,30.0
47,490,447,37956.12,15078.41,28,50,115.21,29.0
47,490,447,37956.12,15078.41,28,50,120.0,25.0
47,490,447,37956.12,15078.41,28,50,137.33,22.0
47,490,447,37956.12,15078.41,28,50,173.67,21.0
47,490,447,37956.12,15078.41,28,50,0.0,40.0
47,490,447,38508.52,15025.79,28,53,457.57,20.0
47,490,447,38508.52,15025.79,28,53,518.26,17.0
47,490,447,38508.52,15025.79,28,53,35.89,37.0
47,490,447,38508.52,15025.79,28,53,51.0,36.0
47,490,447,38508.52,15025.79,28,53,85.02,33.0
47,490,447,38508.52,15025.79,28,53,111.51,30.0
47,490,447,38508.52,15025.79,28,53,115.21,29.0
47,490,447,38508.52,15025.79,28,53,120.0,25.0
47,490,447,38508.52,15025.79,28,53,137.33,22.0
47,490,447,38508.52,15025.79,28,53,173.67,21.0
47,490,447,38508.52,15025.79,28,53,0.0,40.0
47,490,448,37551.3,15439.7,28,50,457.57,20.0
47,490,448,37551.3,15439.7,28,50,518.26,17.0
47,490,448,37551.3,15439.7,28,50,35.89,37.0
47,490,448,37551.3,15439.7,28,50,51.0,36.0
47,490,448,37551.3,15439.7,28,50,85.02,33.0
47,490,448,37551.3,15439.7,28,50,111.51,30.0
47,490,448,37551.3,15439.7,28,50,115.21,29.0
47,490,448,37551.3,15439.7,28,50,120.0,25.0
47,490,448,37551.3,15439.7,28,50,137.33,22.0
47,490,448,37551.3,15439.7,28,50,173.67,21.0
47,490,448,37551.3,15439.7,28,50,0.0,40.0
47,490,448,38067.7,15109.3,28,49,457.57,20.0
47,490,448,38067.7,15109.3,28,49,518.26,17.0
47,490,448,38067.7,15109.3,28,49,35.89,37.0
47,490,448,38067.7,15109.3,28,49,51.0,36.0
47,490,448,38067.7,15109.3,28,49,85.02,33.0
47,490,448,38067.7,15109.3,28,49,111.51,30.0
47,490,448,38067.7,15109.3,28,49,115.21,29.0
47,490,448,38067.7,15109.3,28,49,120.0,25.0
47,490,448,38067.7,15109.3,28,49,137.33,22.0
47,490,448,38067.7,15109.3,28,49,173.67,21.0
47,490,448,38067.7,15109.3,28,49,0.0,40.0
47,490,448,38073.8,15054.1,28,49,457.57,20.0
47,490,448,38073.8,15054.1,28,49,518.26,17.0
47,490,448,38073.8,15054.1,28,49,35.89,37.0
47,490,448,38073.8,15054.1,28,49,51.0,36.0
47,490,448,38073.8,15054.1,28,49,85.02,33.0
47,490,448,38073.8,15054.1,28,49,111.51,30.0
47,490,448,38073.8,15054.1,28,49,115.21,29.0
47,490,448,38073.8,15054.1,28,49,120.0,25.0
47,490,448,38073.8,15054.1,28,49,137.33,22.0
47,490,448,38073.8,15054.1,28,49,173.67,21.0
47,490,448,38073.8,15054.1,28,49,0.0,40.0
47,490,448,38110.88,14993.91,28,49,457.57,20.0
47,490,448,38110.88,14993.91,28,49,518.26,17.0
47,490,448,38110.88,14993.91,28,49,35.89,37.0
47,490,448,38110.88,14993.91,28,49,51.0,36.0
47,490,448,38110.88,14993.91,28,49,85.02,33.0
47,490,448,38110.88,14993.91,28,49,111.51,30.0
47,490,448,38110.88,14993.91,28,49,115.21,29.0
47,490,448,38110.88,14993.91,28,49,120.0,25.0
47,490,448,38110.88,14993.91,28,49,137.33,22.0
47,490,448,38110.88,14993.91,28,49,173.67,21.0
47,490,448,38110.88,14993.91,28,49,0.0,40.0
47,490,449,37500.4,15398.13,28,50,457.57,20.0
47,490,449,37500.4,15398.13,28,50,518.26,17.0
47,490,449,37500.4,15398.13,28,50,35.89,37.0
47,490,449,37500.4,15398.13,28,50,51.0,36.0
47,490,449,37500.4,15398.13,28,50,85.02,33.0
47,490,449,37500.4,15398.13,28,50,111.51,30.0
47,490,449,37500.4,15398.13,28,50,115.21,29.0
47,490,449,37500.4,15398.13,28,50,120.0,25.0
47,490,449,37500.4,15398.13,28,50,137.33,22.0
47,490,449,37500.4,15398.13,28,50,173.67,21.0
47,490,449,37500.4,15398.13,28,50,0.0,40.0
47,490,449,37729.74,15365.93,28,50,457.57,20.0
47,490,449,37729.74,15365.93,28,50,518.26,17.0
47,490,449,37729.74,15365.93,28,50,35.89,37.0
47,490,449,37729.74,15365.93,28,50,51.0,36.0
47,490,449,37729.74,15365.93,28,50,85.02,33.0
47,490,449,37729.74,15365.93,28,50,111.51,30.0
47,490,449,37729.74,15365.93,28,50,115.21,29.0
47,490,449,37729.74,15365.93,28,50,120.0,25.0
47,490,449,37729.74,15365.93,28,50,137.33,22.0
47,490,449,37729.74,15365.93,28,50,173.67,21.0
47,490,449,37729.74,15365.93,28,50,0.0,40.0
47,490,449,37935.31,15152.8,28,50,457.57,20.0
47,490,449,37935.31,15152.8,28,50,518.26,17.0
47,490,449,37935.31,15152.8,28,50,35.89,37.0
47,490,449,37935.31,15152.8,28,50,51.0,36.0
47,490,449,37935.31,15152.8,28,50,85.02,33.0
47,490,449,37935.31,15152.8,28,50,111.51,30.0
47,490,449,37935.31,15152.8,28,50,115.21,29.0
47,490,449,37935.31,15152.8,28,50,120.0,25.0
47,490,449,37935.31,15152.8,28,50,137.33,22.0
47,490,449,37935.31,15152.8,28,50,173.67,21.0
47,490,449,37935.31,15152.8,28,50,0.0,40.0
47,490,449,38738.45,15450.84,26,49,457.57,20.0
47,490,449,38738.45,15450.84,26,49,518.26,17.0
47,490,449,38738.45,15450.84,26,49,35.89,37.0
47,490,449,38738.45,15450.84,26,49,51.0,36.0
47,490,449,38738.45,15450.84,26,49,85.02,33.0
47,490,449,38738.45,15450.84,26,49,111.51,30.0
47,490,449,38738.45,15450.84,26,49,115.21,29.0
47,490,449,38738.45,15450.84,26,49,120.0,25.0
47,490,449,38738.45,15450.84,26,49,137.33,22.0
47,490,449,38738.45,15450.84,26,49,173.67,21.0
47,490,449,38738.45,15450.84,26,49,0.0,40.0
47,490,449,38937.82,15501.75,26,48,457.57,20.0
47,490,449,38937.82,15501.75,26,48,518.26,17.0
47,490,449,38937.82,15501.75,26,48,35.89,37.0
47,490,449,38937.82,15501.75,26,48,51.0,36.0
47,490,449,38937.82,15501.75,26,48,85.02,33.0
47,490,449,38937.82,15501.75,26,48,111.51,30.0
47,490,449,38937.82,15501.75,26,48,115.21,29.0
47,490,449,38937.82,15501.75,26,48,120.0,25.0
47,490,449,38937.82,15501.75,26,48,137.33,22.0
47,490,449,38937.82,15501.75,26,48,173.67,21.0
47,490,449,38937.82,15501.75,26,48,0.0,40.0
47,490,450,38592.16,15601.37,26,49,457.57,20.0
47,490,450,38592.16,15601.37,26,49,518.26,17.0
47,490,450,38592.16,15601.37,26,49,35.89,37.0
47,490,450,38592.16,15601.37,26,49,51.0,36.0
47,490,450,38592.16,15601.37,26,49,85.02,33.0
47,490,450,38592.16,15601.37,26,49,111.51,30.0
47,490,450,38592.16,15601.37,26,49,115.21,29.0
47,490,450,38592.16,15601.37,26,49,120.0,25.0
47,490,450,38592.16,15601.37,26,49,137.33,22.0
47,490,450,38592.16,15601.37,26,49,173.67,21.0
47,490,450,38592.16,15601.37,26,49,0.0,40.0
47,490,450,38611.88,15072.89,26,49,457.57,20.0
47,490,450,38611.88,15072.89,26,49,518.26,17.0
47,490,450,38611.88,15072.89,26,49,35.89,37.0
47,490,450,38611.88,15072.89,26,49,51.0,36.0
47,490,450,38611.88,15072.89,26,49,85.02,33.0
47,490,450,38611.88,15072.89,26,49,111.51,30.0
47,490,450,38611.88,15072.89,26,49,115.21,29.0
47,490,450,38611.88,15072.89,26,49,120.0,25.0
47,490,450,38611.88,15072.89,26,49,137.33,22.0
47,490,450,38611.88,15072.89,26,49,173.67,21.0
47,490,450,38611.88,15072.89,26,49,0.0,40.0
47,490,451,38553.32,14996.75,26,49,457.57,20.0
47,490,451,38553.32,14996.75,26,49,518.26,17.0
47,490,451,38553.32,14996.75,26,49,35.89,37.0
47,490,451,38553.32,14996.75,26,49,51.0,36.0
47,490,451,38553.32,14996.75,26,49,85.02,33.0
47,490,451,38553.32,14996.75,26,49,111.51,30.0
47,490,451,38553.32,14996.75,26,49,115.21,29.0
47,490,451,38553.32,14996.75,26,49,120.0,25.0
47,490,451,38553.32,14996.75,26,49,137.33,22.0
47,490,451,38553.32,14996.75,26,49,173.67,21.0
47,490,451,38553.32,14996.75,26,49,0.0,40.0
47,490,451,38553.32,14996.75,26,49,457.57,20.0
47,490,451,38553.32,14996.75,26,49,518.26,17.0
47,490,451,38553.32,14996.75,26,49,35.89,37.0
47,490,451,38553.32,14996.75,26,49,51.0,36.0
47,490,451,38553.32,14996.75,26,49,85.02,33.0
47,490,451,38553.32,14996.75,26,49,111.51,30.0
47,490,451,38553.32,14996.75,26,49,115.21,29.0
47,490,451,38553.32,14996.75,26,49,120.0,25.0
47,490,451,38553.32,14996.75,26,49,137.33,22.0
47,490,451,38553.32,14996.75,26,49,173.67,21.0
47,490,451,38553.32,14996.75,26,49,0.0,40.0
47,490,451,38734.47,14985.33,26,49,457.57,20.0
47,490,451,38734.47,14985.33,26,49,518.26,17.0
47,490,451,38734.47,14985.33,26,49,35.89,37.0
47,490,451,38734.47,14985.33,26,49,51.0,36.0
47,490,451,38734.47,14985.33,26,49,85.02,33.0
47,490,451,38734.47,14985.33,26,49,111.51,30.0
47,490,451,38734.47,14985.33,26,49,115.21,29.0
47,490,451,38734.47,14985.33,26,49,120.0,25.0
47,490,451,38734.47,14985.33,26,49,137.33,22.0
47,490,451,38734.47,14985.33,26,49,173.67,21.0
47,490,451,38734.47,14985.33,26,49,0.0,40.0
47,490,451,38754.37,14921.51,26,49,457.57,20.0
47,490,451,38754.37,14921.51,26,49,518.26,17.0
47,490,451,38754.37,14921.51,26,49,35.89,37.0
47,490,451,38754.37,14921.51,26,49,51.0,36.0
47,490,451,38754.37,14921.51,26,49,85.02,33.0
47,490,451,38754.37,14921.51,26,49,111.51,30.0
47,490,451,38754.37,14921.51,26,49,115.21,29.0
47,490,451,38754.37,14921.51,26,49,120.0,25.0
47,490,451,38754.37,14921.51,26,49,137.33,22.0
47,490,451,38754.37,14921.51,26,49,173.67,21.0
47,490,451,38754.37,14921.51,26,49,0.0,40.0
47,490,451,38838.36,14876.38,26,48,457.57,20.0
47,490,451,38838.36,14876.38,26,48,518.26,17.0
47,490,451,38838.36,14876.38,26,48,35.89,37.0
47,490,451,38838.36,14876.38,26,48,51.0,36.0
47,490,451,38838.36,14876.38,26,48,85.02,33.0
47,490,451,38838.36,14876.38,26,48,111.51,30.0
47,490,451,38838.36,14876.38,26,48,115.21,29.0
47,490,451,38838.36,14876.38,26,48,120.0,25.0
47,490,451,38838.36,14876.38,26,48,137.33,22.0
47,490,451,38838.36,14876.38,26,48,173.67,21.0
47,490,451,38838.36,14876.38,26,48,0.0,40.0
47,490,452,38651.24,14866.88,26,49,457.57,20.0
47,490,452,38651.24,14866.88,26,49,518.26,17.0
47,490,452,38651.24,14866.88,26,49,35.89,37.0
47,490,452,38651.24,14866.88,26,49,51.0,36.0
47,490,452,38651.24,14866.88,26,49,85.02,33.0
47,490,452,38651.24,14866.88,26,49,111.51,30.0
47,490,452,38651.24,14866.88,26,49,115.21,29.0
47,490,452,38651.24,14866.88,26,49,120.0,25.0
47,490,452,38651.24,14866.88,26,49,137.33,22.0
47,490,452,38651.24,14866.88,26,49,173.67,21.0
47,490,452,38651.24,14866.88,26,49,0.0,40.0
47,490,452,38787.88,14824.14,26,48,457.57,20.0
47,490,452,38787.88,14824.14,26,48,518.26,17.0
47,490,452,38787.88,14824.14,26,48,35.89,37.0
47,490,452,38787.88,14824.14,26,48,51.0,36.0
47,490,452,38787.88,14824.14,26,48,85.02,33.0
47,490,452,38787.88,14824.14,26,48,111.51,30.0
47,490,452,38787.88,14824.14,26,48,115.21,29.0
47,490,452,38787.88,14824.14,26,48,120.0,25.0
47,490,452,38787.88,14824.14,26,48,137.33,22.0
47,490,452,38787.88,14824.14,26,48,173.67,21.0
47,490,452,38787.88,14824.14,26,48,0.0,40.0
47,490,453,38736.95,14836.27,26,49,457.57,20.0
47,490,453,38736.95,14836.27,26,49,518.26,17.0
47,490,453,38736.95,14836.27,26,49,35.89,37.0
47,490,453,38736.95,14836.27,26,49,51.0,36.0
47,490,453,38736.95,14836.27,26,49,85.02,33.0
47,490,453,38736.95,14836.27,26,49,111.51,30.0
47,490,453,38736.95,14836.27,26,49,115.21,29.0
47,490,453,38736.95,14836.27,26,49,120.0,25.0
47,490,453,38736.95,14836.27,26,49,137.33,22.0
47,490,453,38736.95,14836.27,26,49,173.67,21.0
47,490,453,38736.95,14836.27,26,49,0.0,40.0
