Orders,Order Items,Driver Violation,Commute Distance,Transport Machines,Transport Attachments,Machines,Workers,Attachments
38,442,379,39620.93,15807.36,1819.08,22,51,83
38,442,380,39024.4,15680.72,1688.59,22,51,82
38,442,380,39024.4,15844.92,1766.87,22,51,81
38,442,381,39022.79,15736.39,1766.87,22,51,82
38,442,381,39137.79,15767.19,1787.46,22,51,81
38,442,382,39017.2,15767.19,1766.87,22,51,82
38,442,384,39429.83,16412.26,1629.11,22,51,84
38,442,384,39754.22,15780.05,1639.01,22,51,82
38,442,384,40002.89,15743.82,1639.01,22,51,82
38,442,385,39203.48,16444.11,1629.11,22,51,84
38,442,385,39583.69,16488.98,1589.72,22,51,84
38,442,385,40087.22,16438.98,1766.37,22,51,81
38,442,385,40671.05,16477.01,1685.36,22,51,81
38,442,386,39575.56,16472.46,1589.72,22,51,84
38,442,386,40406.7,16488.41,1745.71,22,51,80
38,442,386,40596.51,16477.01,1685.36,22,51,81
38,442,386,40596.51,16507.74,1700.23,22,51,80
38,442,386,40649.09,16118.77,2130.19,22,51,80
38,442,386,40677.38,16169.19,2056.42,22,51,80
38,442,386,41170.33,17258.48,2055.88,22,51,79
38,442,386,41180.61,17168.15,2055.88,22,51,79
38,442,387,39454.46,16574.04,1629.32,22,51,83
38,442,387,40346.04,16503.49,1877.23,22,51,80
38,442,387,40385.23,16503.49,1745.71,22,51,80
38,442,387,41180.61,17115.85,2128.68,22,51,79
38,442,387,41208.16,17110.45,2055.88,22,51,79
38,442,387,41272.64,17008.53,2128.68,22,51,79
38,442,388,41216.61,17215.97,2004.41,22,51,79
38,442,388,41216.61,17215.97,2089.9,22,51,78
38,442,388,41267.53,17189.3,2089.9,22,51,78
38,442,388,41272.64,16964.13,2128.68,22,51,79
38,442,389,39701.56,16427.46,1910.99,22,51,80
38,442,389,39735.9,16427.46,1829.99,22,51,80
38,442,389,40305.15,16552.8,1671.69,22,51,77
38,442,389,40812.83,16554.97,1601.71,22,51,82
38,442,389,41767.49,16887.1,1856.01,22,49,83
38,442,390,39829.59,16478.48,1757.19,22,51,79
38,442,390,40001.44,16453.35,1757.19,22,51,78
38,442,390,40153.99,16639.77,1729.38,22,51,76
38,442,390,40196.43,16639.77,1671.69,22,51,76
38,442,390,40196.43,16639.77,1729.38,22,51,75
38,442,390,40222.22,16578.74,1671.69,22,51,76
38,442,390,40305.15,16453.35,1757.19,22,51,77
38,442,390,40806.05,16633.03,1601.71,22,51,82
38,442,390,40905.34,16704.15,1601.71,22,51,80
38,442,390,41126.97,16328.48,1869.72,22,51,80
38,442,390,41670.96,16849.64,1908.19,22,49,82
38,442,390,41670.96,16909.95,1908.19,22,49,81
38,442,390,41767.71,16642.71,1807.67,22,50,86
38,442,390,41770.46,16843.55,1864.94,22,49,85
38,442,390,41802.33,16672.91,1970.59,22,50,84
38,442,390,41870.97,16822.89,1856.01,22,49,83
38,442,390,41926.2,16642.71,1807.67,22,50,85
38,442,390,41932.88,16642.71,1807.67,22,49,85
38,442,391,40323.43,16658.35,1554.11,22,51,77
38,442,391,40365.26,16647.54,1559.63,22,51,76
38,442,391,40389.92,16552.3,1554.11,22,51,77
38,442,391,40934.37,16363.65,1767.15,22,51,80
38,442,391,40961.58,16363.65,1723.25,22,51,80
38,442,391,41008.46,16282.47,1889.13,22,51,80
38,442,391,41008.46,16331.08,1804.26,22,51,80
38,442,391,41670.96,16814.34,1908.19,22,49,82
38,442,391,41673.04,16882.4,1822.06,22,50,82
38,442,391,41744.52,16816.86,1807.67,22,50,86
38,442,391,41746.38,16783.59,1932.65,22,50,85
38,442,391,41789.04,16768.13,1908.19,22,49,81
38,442,391,41854.12,16813.7,1864.94,22,49,85
38,442,391,41887.28,16822.34,1893.97,22,50,82
38,442,391,41887.28,16845.19,1841.8,22,50,82
38,442,391,41912.09,16768.13,1893.97,22,50,82
38,442,392,40163.86,16193.53,1678.53,22,51,78
38,442,392,40163.86,16378.81,1640.58,22,51,77
38,442,392,40208.93,16340.21,1640.58,22,51,77
38,442,392,40365.26,16686.14,1501.94,22,51,77
38,442,392,40389.92,16543.36,1554.11,22,51,77
38,442,392,41668.62,16809.99,1769.89,22,50,82
38,442,392,41835.75,16716.88,1807.67,22,49,85
38,442,392,41930.44,16625.95,1807.67,22,49,85
38,442,393,40245.72,16138.62,1632.92,22,51,79
38,442,393,40245.72,16138.62,1678.53,22,51,78
38,442,393,40851.9,16543.84,1726.0,22,50,79
38,442,394,40777.97,16362.56,1763.95,22,50,80
38,442,394,40791.91,16447.7,1763.95,22,50,79
38,442,394,40851.9,16493.93,1726.0,22,50,79
38,442,394,40877.72,16391.98,1763.95,22,50,79
38,442,395,40777.97,16366.45,1763.95,22,50,79
38,442,398,41623.35,17318.97,1863.45,22,51,74
38,442,398,41696.42,17103.14,1778.57,22,50,77
38,442,399,41173.37,17011.77,1833.67,22,50,78
38,442,399,41173.37,17012.06,1885.85,22,50,77
38,442,399,41241.09,17076.58,1920.18,22,50,76
38,442,399,41301.53,17012.06,1846.15,22,50,77
38,442,399,41301.53,17076.58,1846.15,22,50,76
38,442,399,41513.08,16915.33,1915.62,22,50,77
38,442,399,41696.42,17102.14,1778.57,22,50,77
38,442,400,40668.33,16612.28,1528.52,22,51,86
38,442,400,40725.83,16502.96,1528.52,22,51,85
38,442,400,41079.33,16910.86,1833.67,22,50,78
38,442,400,41462.08,17278.93,2045.76,22,51,74
38,442,400,41470.53,17260.09,2045.76,22,51,74
38,442,400,41487.59,17208.12,2045.76,22,51,74
38,442,400,41494.6,16915.33,1863.45,22,50,77
38,442,400,41534.61,16887.73,1863.45,22,50,77
38,442,400,41719.82,17281.25,1948.94,22,51,74
38,442,400,41722.08,17265.03,1908.1,22,51,73
38,442,400,41774.76,17240.65,1948.94,22,51,74
38,442,400,41794.01,17179.62,1867.94,22,51,74
38,442,401,41014.87,17151.31,1802.72,22,50,77
38,442,401,41247.2,18208.32,1929.4,22,50,72
38,442,401,41385.45,17357.67,2004.41,22,51,73
38,442,401,41487.59,17198.25,2045.76,22,51,74
38,442,401,41807.84,17517.68,2059.43,22,50,74
38,442,401,41807.84,17715.4,1968.3,22,50,75
38,442,402,40751.0,16389.31,1613.4,22,51,84
38,442,402,41014.87,17104.41,1802.72,22,50,77
38,442,402,41061.58,17184.08,1750.55,22,50,77
38,442,402,41200.02,18214.54,1972.0,22,50,72
38,442,402,41202.9,18324.68,1929.4,22,50,72
38,442,402,41301.28,18083.3,1972.0,22,50,72
38,442,402,41357.77,18046.91,1976.75,22,51,74
38,442,402,41494.49,18049.3,1963.54,22,51,73
38,442,402,41499.51,18007.46,1976.75,22,51,74
38,442,402,41505.24,17318.33,2045.76,22,51,73
38,442,402,41526.19,17491.91,2004.41,22,50,73
38,442,402,41566.52,17329.29,1947.85,22,49,81
38,442,402,41575.34,18049.3,1958.88,22,51,73
38,442,402,41620.52,17318.33,1993.59,22,51,73
38,442,402,41622.93,17283.15,2000.03,22,49,80
38,442,402,41632.48,17452.51,2059.43,22,50,73
38,442,402,41663.96,17321.04,1908.1,22,51,73
38,442,402,41664.67,18049.3,2013.9,22,51,72
38,442,402,41885.87,18048.98,2013.9,22,51,72
38,442,403,41104.07,17980.71,1976.75,22,51,74
38,442,403,41211.86,18093.69,1992.67,22,50,73
38,442,403,41224.32,17833.36,1976.75,22,51,74
38,442,403,41224.32,17833.36,2016.45,22,51,73
38,442,403,41229.06,17801.67,2016.45,22,51,73
38,442,403,41229.06,17884.49,1979.33,22,51,73
38,442,403,41246.82,17987.4,1976.75,22,51,74
38,442,403,41257.84,18326.74,1984.43,22,50,71
38,442,403,41271.5,18297.5,1984.43,22,50,71
38,442,403,41274.58,18199.63,1929.4,22,50,72
38,442,403,41279.07,18093.69,1992.67,22,50,72
38,442,403,41318.83,16395.83,1717.56,22,50,80
38,442,403,41542.11,17283.15,2000.03,22,49,80
38,442,403,41626.8,17158.9,2000.03,22,49,80
38,442,403,41741.75,17248.44,2000.03,22,49,79
38,442,403,41754.87,17113.46,1947.85,22,49,78
38,442,403,41818.36,16974.95,1947.85,22,49,79
38,442,403,42004.83,17156.18,1800.29,22,49,81
38,442,403,42004.83,17432.6,1754.2,22,49,82
38,442,403,42004.83,17441.61,1715.42,22,49,81
38,442,403,42026.67,17000.6,1883.96,22,49,79
38,442,403,42043.01,17402.08,1754.2,22,49,82
38,442,403,42065.39,17156.18,1800.29,22,49,80
38,442,403,42067.9,17069.88,1800.29,22,49,80
38,442,403,42067.9,17135.94,1830.03,22,49,79
38,442,403,42069.94,17425.87,1754.2,22,49,81
38,442,403,42104.16,17001.51,1830.03,22,49,79
38,442,403,44920.61,19136.42,1459.09,22,51,84
38,442,403,45081.05,19101.41,1459.09,22,51,84
38,442,403,45221.53,19073.08,1459.09,22,51,84
38,442,403,45295.05,19073.08,1410.07,22,51,84
38,442,403,45385.05,19073.08,1399.37,22,51,85
38,442,403,45385.05,19133.59,1344.34,22,51,85
38,442,404,41121.47,16149.18,1810.63,22,50,80
38,442,404,41174.84,18155.53,1992.67,22,50,73
38,442,404,41180.58,18098.34,1972.0,22,50,72
38,442,404,41216.72,18087.5,1992.67,22,50,73
38,442,404,41229.06,17854.77,1979.33,22,51,73
38,442,404,41318.83,16335.91,1717.56,22,50,80
38,442,404,41321.18,18035.92,1992.67,22,50,72
38,442,404,41402.38,18209.32,1984.43,22,50,71
38,442,404,41497.33,16534.81,1576.7,22,51,81
38,442,404,41506.26,16522.54,1576.7,22,51,83
38,442,404,41509.32,16522.54,1576.7,22,51,82
38,442,404,41534.67,18196.92,1898.93,22,50,72
38,442,404,41550.57,18196.92,1984.43,22,50,71
38,442,404,42251.34,16965.9,1984.4,22,49,79
38,442,404,44799.42,19083.76,1436.06,22,51,84
38,442,404,44920.61,19083.76,1367.88,22,51,84
38,442,404,44971.57,19035.88,1372.17,22,51,84
38,442,404,45362.32,19120.65,1344.34,22,51,85
38,442,405,41109.78,16149.18,1810.63,22,50,80
38,442,405,41149.03,16093.73,1810.02,22,50,81
38,442,405,41149.03,16170.43,1810.02,22,50,80
38,442,405,41242.58,16430.3,1757.84,22,50,80
38,442,405,41314.77,16369.01,1717.56,22,50,80
38,442,405,41371.86,16265.62,1717.56,22,50,80
38,442,405,41478.93,16220.29,1717.56,22,50,80
38,442,405,42251.34,16915.88,2030.49,22,49,79
38,442,405,43736.72,18251.18,1655.54,22,50,80
38,442,405,43736.72,18268.8,1609.93,22,50,80
38,442,405,43869.58,17651.06,1440.83,22,49,81
38,442,405,43895.44,17551.9,1440.83,22,49,81
38,442,405,43895.44,17555.13,1513.63,22,49,80
38,442,405,43899.5,18354.77,1564.9,22,50,78
38,442,405,43919.73,17598.05,1598.51,22,49,79
38,442,405,44164.95,18266.73,1903.8,22,49,78
38,442,405,44179.21,18266.73,1903.8,22,49,77
38,442,405,44854.09,19035.88,1372.17,22,51,84
38,442,405,45193.7,18499.5,1326.56,22,51,86
38,442,405,45341.17,19047.13,1344.34,22,51,85
38,442,406,41010.42,17707.32,1918.12,22,50,78
38,442,406,41125.34,16120.88,1810.02,22,50,81
38,442,406,41125.34,16195.7,1757.84,22,50,81
38,442,406,41152.37,16430.3,1757.84,22,50,80
38,442,406,41410.94,16875.05,1714.85,22,50,78
38,442,406,41539.74,16469.34,1637.47,22,50,79
38,442,406,41543.81,16448.09,1636.55,22,50,80
38,442,406,41618.91,16469.34,1604.23,22,50,81
38,442,406,41665.34,18130.17,1898.93,22,50,72
38,442,406,41990.74,16531.11,2080.15,22,49,79
38,442,406,43146.16,18225.6,1896.64,22,49,75
38,442,406,43183.38,18092.86,1935.47,22,50,74
38,442,406,43188.11,18094.24,1811.2,22,50,75
38,442,406,43221.73,17912.79,1839.22,22,51,74
38,442,406,43230.81,18031.0,1912.95,22,49,77
38,442,406,43242.45,17926.63,1912.05,22,49,76
38,442,406,43254.94,18094.24,1759.02,22,50,75
38,442,406,43262.82,18026.91,1759.02,22,50,76
38,442,406,43273.98,17892.69,1839.22,22,51,74
38,442,406,43338.51,18332.38,1981.51,22,49,74
38,442,406,43342.44,18029.19,1715.14,22,51,75
38,442,406,43342.78,17958.83,1715.14,22,51,75
38,442,406,43346.09,17857.57,1785.99,22,51,74
38,442,406,43367.73,17912.79,1755.57,22,51,74
38,442,406,43406.39,17993.57,1759.02,22,50,76
38,442,406,43407.85,17853.25,1785.99,22,51,74
38,442,406,43600.64,18500.28,1545.48,22,50,78
38,442,406,43620.25,17732.49,1440.83,22,49,81
38,442,406,43620.25,17732.49,1565.1,22,49,80
38,442,406,43624.27,17810.77,376.78,22,50,84
38,442,406,43670.61,18360.02,1149.84,22,51,82
38,442,406,43737.16,18399.4,1046.96,22,50,81
38,442,406,43767.02,18360.02,1149.84,22,50,83
38,442,406,43830.74,18472.75,1545.48,22,50,78
38,442,406,43836.66,18406.82,1518.8,22,50,79
38,442,406,43867.21,18338.94,1075.79,22,49,83
38,442,406,43877.02,17687.72,1598.51,22,49,79
38,442,406,43877.85,18297.57,1564.9,22,50,78
38,442,406,43899.5,18395.49,1518.8,22,50,79
38,442,406,43914.86,18237.85,1576.19,22,49,79
38,442,406,43947.79,18338.94,1127.97,22,49,82
38,442,406,44164.95,18207.46,1903.8,22,49,77
38,442,406,44179.21,18193.11,1903.8,22,49,77
38,442,406,44208.61,18193.11,1754.52,22,49,77
38,442,407,41036.58,18106.24,1906.44,22,50,76
38,442,407,41105.06,18147.71,1872.8,22,50,76
38,442,407,41123.47,16690.97,1819.14,22,50,77
38,442,407,41153.24,16679.67,1764.12,22,50,78
38,442,407,41160.89,16679.67,1819.14,22,50,77
38,442,407,41187.19,16658.01,1819.14,22,50,77
38,442,407,41231.0,16551.21,1764.12,22,50,78
38,442,407,41255.98,16701.27,1714.8,22,50,77
38,442,407,41323.72,16687.81,1766.97,22,50,77
38,442,407,41323.72,16776.62,1682.09,22,50,77
38,442,407,41522.14,16448.09,1636.55,22,50,80
38,442,407,41539.74,16406.03,1636.55,22,50,80
38,442,407,41539.74,16406.03,1637.47,22,50,79
38,442,407,41623.96,18068.47,1950.02,22,49,71
38,442,407,41665.34,18098.83,1898.93,22,50,72
38,442,407,41674.83,17126.81,1524.98,22,50,78
38,442,407,41685.56,17093.03,1487.04,22,51,80
38,442,407,41766.45,17800.74,1950.02,22,50,73
38,442,407,41880.43,16531.11,2080.15,22,49,79
38,442,407,41886.4,17771.89,1950.02,22,50,73
38,442,407,41912.61,17984.26,1865.15,22,50,74
38,442,407,42126.18,16457.57,1943.33,22,49,79
38,442,407,42603.12,17657.71,1805.07,22,51,74
38,442,407,42982.11,18175.83,1832.8,22,50,76
38,442,407,43055.02,18225.6,1896.64,22,49,75
38,442,407,43055.37,17971.24,1896.64,22,50,75
38,442,407,43090.84,18147.6,1759.02,22,50,75
38,442,407,43104.61,18136.76,1759.02,22,50,75
38,442,407,43151.92,17997.33,1759.02,22,50,75
38,442,407,43242.45,17923.47,1912.05,22,49,76
38,442,407,43261.86,17782.0,1840.03,22,49,76
38,442,407,43300.8,17708.88,1840.03,22,49,76
38,442,407,43304.68,17913.55,1759.02,22,50,76
38,442,407,43321.38,17948.88,1759.02,22,50,76
38,442,407,43346.09,17853.25,1785.99,22,51,74
38,442,407,43375.46,17708.02,1840.03,22,49,76
38,442,407,43503.03,17938.68,376.78,22,50,84
38,442,407,43520.65,17978.64,369.12,22,50,84
38,442,407,43524.9,17652.96,369.12,22,50,82
38,442,407,43671.02,17591.03,369.12,22,49,82
38,442,407,43730.49,18524.88,1046.96,22,50,81
38,442,407,43744.01,17784.75,1565.1,22,49,79
38,442,407,43795.97,17611.6,1598.51,22,49,80
38,442,407,43851.44,18385.46,1518.8,22,50,79
38,442,407,43877.02,17682.89,1598.51,22,49,79
38,442,407,43877.85,18309.15,1564.9,22,50,77
38,442,407,43891.05,17672.16,1598.51,22,49,79
38,442,407,43894.19,17624.46,1598.51,22,49,79
38,442,407,43896.07,17424.39,369.12,22,49,84
38,442,407,43896.42,18381.64,1127.97,22,49,81
38,442,407,43914.45,17807.49,1576.19,22,49,78
38,442,407,43929.51,18379.83,1518.8,22,50,79
38,442,407,44168.89,18193.11,1754.52,22,49,77
38,442,407,44190.53,18179.29,1754.52,22,49,77
38,442,407,44543.75,18789.81,1124.78,22,51,78
38,442,407,44573.37,18748.35,1124.78,22,51,78
38,442,407,44605.44,18640.66,1124.78,22,51,78
38,442,407,44682.83,18586.07,1119.64,22,51,78
38,442,407,44800.3,18810.03,1124.78,22,51,77
38,442,407,44800.3,18902.77,1256.33,22,51,76
38,442,407,44862.46,18559.61,1430.5,22,51,78
38,442,408,40980.97,18071.26,1938.24,22,50,78
38,442,408,40985.6,18146.75,1906.44,22,50,76
38,442,408,41057.95,18211.2,1872.8,22,50,76
38,442,408,41152.01,17531.33,1638.97,22,50,80
38,442,408,41159.14,18033.12,1685.04,22,50,77
38,442,408,41458.85,17691.79,1781.81,22,50,76
38,442,408,41474.31,17823.17,1917.77,22,50,74
38,442,408,41474.31,17824.7,1904.43,22,50,75
38,442,408,41592.61,18068.47,1950.02,22,49,71
38,442,408,41626.06,17822.82,1917.77,22,50,75
38,442,408,41644.36,18161.96,1898.93,22,50,72
38,442,408,41672.24,18219.32,1912.9,22,50,71
38,442,408,41705.48,17104.72,1450.74,22,51,78
38,442,408,41726.57,17095.18,1450.74,22,51,78
38,442,408,41773.97,18068.47,1912.9,22,49,71
38,442,408,41855.95,17120.07,1524.98,22,50,79
38,442,408,41862.02,17984.26,1865.15,22,50,75
38,442,408,41864.35,17771.89,1950.02,22,50,73
38,442,408,41935.71,17037.54,1487.04,22,51,79
38,442,408,41993.44,17870.84,1632.1,22,51,75
38,442,408,42024.75,17756.86,1632.1,22,51,75
38,442,408,42094.55,16615.38,1953.53,22,49,79
38,442,408,42210.1,16457.57,2028.2,22,49,78
38,442,408,42492.98,17436.53,1502.3,22,50,77
38,442,408,43166.05,18066.99,1853.37,22,49,77
38,442,408,43240.61,17911.47,376.78,22,50,85
38,442,408,43255.07,17794.81,1840.03,22,49,76
38,442,408,43295.71,17634.87,1840.03,22,49,76
38,442,408,43414.25,17652.96,369.12,22,50,82
38,442,408,43544.26,17589.26,369.12,22,49,82
38,442,408,43641.59,18532.6,1149.84,22,51,81
38,442,408,43671.02,17573.32,369.12,22,49,82
38,442,408,43693.11,17545.35,369.12,22,49,83
38,442,408,43822.32,17948.93,1633.87,22,49,77
38,442,408,43952.59,17342.86,369.12,22,49,83
38,442,408,44111.73,18286.05,1046.96,22,50,81
38,442,408,44683.08,18562.98,1124.57,22,51,78
38,442,408,44738.3,18524.4,1251.67,22,51,78
38,442,408,44770.28,18886.87,1124.78,22,51,77
38,442,408,44998.87,18715.37,1256.33,22,51,77
38,442,409,40960.15,18225.36,1899.87,22,50,77
38,442,409,41057.95,18206.11,1872.8,22,50,76
38,442,409,41089.9,17258.72,1638.97,22,50,80
38,442,409,41359.85,17691.79,1781.81,22,50,76
38,442,409,41583.92,17786.11,1917.77,22,50,75
38,442,409,41605.65,17097.94,1450.74,22,51,79
38,442,409,41673.01,17094.48,1450.74,22,51,79
38,442,409,41799.71,16962.31,1487.04,22,51,80
38,442,409,41826.94,18176.79,1979.94,22,50,70
38,442,409,41842.73,17846.45,1639.99,22,51,75
38,442,409,42011.4,17846.45,1632.1,22,51,75
38,442,409,42094.55,16604.75,1953.53,22,49,79
38,442,409,42116.74,16539.16,2038.41,22,50,78
38,442,409,42172.85,17746.45,1639.99,22,51,75
38,442,409,42269.97,16388.69,1995.5,22,49,79
38,442,409,42346.51,17424.84,1502.3,22,50,76
38,442,409,42358.06,16409.56,2028.2,22,49,78
38,442,409,42374.61,17416.06,1502.3,22,50,77
38,442,409,43155.63,17853.94,1912.05,22,49,76
38,442,409,43166.1,17808.48,1840.03,22,49,76
38,442,409,43166.1,17853.94,1827.17,22,49,77
38,442,409,43174.87,17843.32,1890.49,22,49,75
38,442,409,43174.87,17897.02,1853.37,22,49,75
38,442,409,43442.0,18655.31,1402.67,22,50,80
38,442,409,43519.56,17813.05,369.12,22,49,82
38,442,409,43522.59,18556.81,1402.67,22,50,80
38,442,409,43534.04,17650.27,376.78,22,50,85
38,442,409,43548.58,17784.75,1622.79,22,49,79
38,442,409,43574.4,18505.99,1402.67,22,50,80
38,442,409,43637.78,18675.06,1509.12,22,48,82
38,442,409,44046.34,18230.39,377.32,22,43,80
38,442,409,44121.39,18259.13,377.32,22,43,79
38,442,409,44133.46,18230.39,377.32,22,43,79
38,442,409,44134.18,18213.69,377.32,22,43,80
38,442,409,44257.35,18088.65,377.32,22,43,79
38,442,409,44339.24,18195.99,278.99,22,51,89
38,442,409,44368.23,17737.05,325.08,22,51,87
38,442,409,44405.79,18050.86,278.99,22,51,89
38,442,409,44523.89,18543.69,1170.67,22,51,78
38,442,409,44540.06,18454.34,1170.67,22,51,78
38,442,409,44581.57,18423.27,1170.67,22,51,78
38,442,409,44637.49,17981.62,583.01,22,48,78
38,442,409,44688.9,17972.85,583.01,22,48,78
38,442,410,40739.1,18295.23,1790.03,22,50,81
38,442,410,40760.77,18316.13,1620.27,22,50,79
38,442,410,40960.15,18199.44,1892.21,22,50,77
38,442,410,41074.0,18048.62,1906.44,22,50,76
38,442,410,41316.0,17285.86,1684.58,22,50,79
38,442,410,41381.81,17031.75,1450.74,22,51,79
38,442,410,41896.87,18125.34,1794.78,22,50,75
38,442,410,41896.87,18150.35,1703.91,22,50,75
38,442,410,42181.82,16414.37,1995.5,22,49,79
38,442,410,42225.33,16388.69,1995.5,22,49,79
38,442,410,42275.81,16409.56,1943.33,22,49,79
38,442,410,42492.98,17385.52,1502.3,22,50,77
38,442,410,42765.55,17261.94,2187.47,22,49,77
38,442,410,42846.91,17676.82,1941.44,22,49,78
38,442,410,42897.06,17670.66,1941.44,22,49,78
38,442,410,42899.61,17473.02,1440.5,22,51,83
38,442,410,42939.05,18305.94,1326.57,22,49,85
38,442,410,42954.22,17654.13,1941.44,22,49,78
38,442,410,42965.93,17749.65,1941.44,22,49,76
38,442,410,42965.93,17749.65,1942.67,22,49,75
38,442,410,43146.76,17816.07,1890.49,22,49,75
38,442,410,43213.37,17794.12,369.12,22,50,83
38,442,410,43264.7,17753.27,376.78,22,50,85
38,442,410,43269.06,17747.24,376.78,22,50,85
38,442,410,43281.35,18666.37,1490.9,22,49,83
38,442,410,43292.94,17644.89,1970.4,22,49,76
38,442,410,43306.37,17734.44,376.78,22,50,85
38,442,410,43346.76,17572.94,1970.4,22,49,76
38,442,410,43350.93,17758.57,1068.63,22,49,90
38,442,410,43381.76,18563.7,1402.67,22,50,80
38,442,410,43386.76,17730.26,376.78,22,50,85
38,442,410,43401.78,17780.32,369.12,22,50,83
38,442,410,43409.87,17779.87,369.12,22,50,82
38,442,410,43485.61,17431.44,1175.68,21,50,84
38,442,410,43524.49,18076.77,1615.54,22,48,79
38,442,410,43524.49,18112.18,1569.94,22,48,79
38,442,410,43527.77,17767.76,1361.12,22,51,78
38,442,410,43587.99,17744.96,1361.12,22,51,78
38,442,410,43775.32,18422.4,1066.38,22,51,79
38,442,410,43890.45,18906.76,1390.78,22,50,78
38,442,410,43901.67,18878.22,1390.78,22,50,78
38,442,410,43985.0,17822.93,330.68,22,50,85
38,442,410,44046.31,18168.07,1291.37,21,51,76
38,442,410,44060.23,18147.74,1200.16,21,51,77
38,442,410,44061.68,18306.86,377.32,22,43,79
38,442,410,44189.87,18147.74,1160.46,21,51,78
38,442,410,44189.87,18311.64,1160.46,21,51,77
38,442,410,44216.23,18084.52,278.99,22,51,89
38,442,410,44242.86,17871.54,278.99,22,51,90
38,442,410,44257.35,18053.71,377.32,22,43,79
38,442,410,44271.77,18020.45,1303.73,21,51,75
38,442,410,44272.26,18154.41,330.68,22,50,83
38,442,410,44285.69,17938.16,1303.73,21,51,75
38,442,410,44290.02,17737.05,325.08,22,51,87
38,442,410,44292.85,18048.45,377.32,22,43,79
38,442,410,44293.22,18040.73,278.99,22,51,89
38,442,410,44368.23,17667.6,325.08,22,51,87
38,442,410,44458.4,17567.21,325.08,22,51,87
38,442,410,44478.49,17848.62,504.42,22,43,79
38,442,410,44518.97,17731.18,570.9,22,43,79
38,442,410,44556.2,17750.64,504.42,22,43,80
38,442,410,44615.26,17636.05,570.9,22,43,79
38,442,410,44637.49,17944.23,583.01,22,48,78
38,442,410,44673.98,17941.34,583.01,22,48,77
38,442,410,44675.45,17898.65,583.01,22,48,78
38,442,410,44715.25,17845.74,583.01,22,48,78
38,442,410,44756.95,17728.33,672.3,22,50,78
38,442,410,44756.95,17736.8,620.13,22,50,78
38,442,410,44831.67,17845.0,620.13,22,48,78
38,442,410,44833.38,17766.76,620.13,22,49,78
38,442,411,40578.19,18182.64,1684.16,22,50,79
38,442,411,40763.89,18128.61,1790.03,22,50,81
38,442,411,41715.24,18198.26,1760.91,22,51,74
38,442,411,41726.51,18194.59,1703.91,22,50,75
38,442,411,41808.23,18125.34,1794.78,22,50,75
38,442,411,42031.73,17243.36,1629.24,22,50,70
38,442,411,42031.73,17245.03,1714.12,22,50,69
38,442,411,42307.98,17240.15,1624.75,22,50,71
38,442,411,42307.98,17240.15,1705.76,22,50,70
38,442,411,42416.92,17415.92,1502.3,22,50,76
38,442,411,42465.48,17403.13,1554.48,22,50,77
38,442,411,42512.87,17193.97,1655.83,22,50,72
38,442,411,42515.52,17167.47,1655.83,22,50,72
38,442,411,42640.03,18466.83,1693.76,22,49,80
38,442,411,42703.9,17856.4,1088.16,22,49,81
38,442,411,42797.08,17412.62,1440.5,22,51,83
38,442,411,42805.86,17080.25,1976.74,22,50,75
38,442,411,42948.28,17588.08,2057.95,22,49,75
38,442,411,42964.12,18379.58,1405.85,22,48,85
38,442,411,42985.03,18249.26,914.35,22,50,88
38,442,411,42993.23,17150.88,2102.59,22,49,77
38,442,411,43055.07,17694.54,923.34,22,50,88
38,442,411,43086.79,18068.46,914.35,22,50,88
38,442,411,43110.35,17555.91,2011.86,22,49,75
38,442,411,43117.87,17894.57,1159.75,22,49,80
38,442,411,43118.13,17626.6,1970.4,22,49,76
38,442,411,43118.58,17431.11,833.99,22,49,80
38,442,411,43138.63,18379.58,1366.45,22,48,85
38,442,411,43160.59,17263.42,924.87,22,49,80
38,442,411,43165.9,18053.83,1233.89,22,49,79
38,442,411,43167.48,17022.78,2102.59,22,49,77
38,442,411,43184.5,17052.12,2102.59,22,49,76
38,442,411,43192.42,18091.22,1604.05,22,49,75
38,442,411,43204.74,17766.68,376.78,22,50,85
38,442,411,43259.63,16930.06,1496.55,22,51,80
38,442,411,43275.19,17495.77,1292.44,21,50,84
38,442,411,43295.83,17572.94,1970.4,22,49,77
38,442,411,43295.83,17582.82,1970.4,22,49,76
38,442,411,43313.62,17455.59,1292.44,21,50,84
38,442,411,43341.67,17626.73,376.78,22,50,85
38,442,411,43350.89,17867.17,265.66,22,49,83
38,442,411,43374.04,17542.03,376.78,22,50,85
38,442,411,43387.06,18132.47,1569.94,22,48,80
38,442,411,43422.25,18103.51,1569.94,22,48,80
38,442,411,43456.93,17441.77,1183.74,21,50,85
38,442,411,43467.59,17942.73,1615.54,22,48,79
38,442,411,43493.4,18700.77,1509.12,22,48,82
38,442,411,43497.71,18174.43,1130.99,22,50,79
38,442,411,43510.0,18159.37,1139.98,22,50,79
38,442,411,43521.18,17767.76,1361.12,22,51,78
38,442,411,43548.58,17875.32,1636.13,22,49,78
38,442,411,43567.56,17744.96,1361.12,22,51,78
38,442,411,43588.94,17725.19,1361.12,22,51,79
38,442,411,43620.44,18675.06,1509.12,22,48,82
38,442,411,43637.78,18607.84,1456.95,22,48,82
38,442,411,43644.88,17717.6,1361.12,22,51,79
38,442,411,43716.69,18296.18,1066.38,22,51,79
38,442,411,43725.94,18041.7,1005.12,22,50,79
38,442,411,43732.41,17884.53,1452.7,22,48,82
38,442,411,43748.88,18004.66,1176.86,22,48,81
38,442,411,43768.1,17933.95,1367.82,22,48,82
38,442,411,43805.69,17972.49,1229.03,22,48,81
38,442,411,43831.9,17851.84,1307.88,22,48,82
38,442,411,43831.9,17957.16,1367.82,22,48,81
38,442,411,43868.16,18286.38,377.32,22,43,78
38,442,411,43896.81,18128.15,757.44,22,45,88
38,442,411,43917.52,17670.45,325.08,22,51,87
38,442,411,43925.01,18089.7,757.44,21,45,89
38,442,411,43925.69,18073.44,757.44,21,45,89
38,442,411,43955.5,18152.71,757.44,21,45,88
38,442,411,43995.0,17850.23,330.68,22,50,83
38,442,411,44010.03,18336.13,1213.29,21,51,74
38,442,411,44027.35,18001.93,1068.39,22,51,76
38,442,411,44035.72,18302.64,1213.29,21,51,74
38,442,411,44063.11,17887.13,1002.88,22,51,77
38,442,411,44063.87,18019.61,705.26,21,45,89
38,442,411,44089.5,18064.7,1291.37,21,51,75
38,442,411,44104.17,19285.28,238.01,22,51,87
38,442,411,44104.81,18073.44,757.44,21,45,88
38,442,411,44180.07,18034.17,1343.54,21,51,75
38,442,411,44181.64,17930.39,1343.54,21,51,75
38,442,411,44183.73,18267.28,1213.29,21,51,75
38,442,411,44183.86,18270.19,1160.46,21,51,77
38,442,411,44183.86,18279.53,1174.67,21,51,76
38,442,411,44188.17,17817.01,278.99,22,51,90
38,442,411,44189.87,18267.55,1160.46,21,51,77
38,442,411,44189.99,18020.45,1303.73,21,51,75
38,442,411,44244.89,17604.33,325.08,22,51,87
38,442,411,44262.35,18048.45,377.32,22,43,79
38,442,411,44265.91,17773.4,278.99,22,51,91
38,442,411,44272.26,18090.43,330.68,22,50,82
38,442,411,44286.18,17781.89,556.24,22,50,78
38,442,411,44290.02,17595.41,325.08,22,51,87
38,442,411,44296.09,17926.19,1010.22,22,51,76
38,442,411,44313.67,17968.1,504.42,22,43,79
38,442,411,44314.79,17815.22,278.99,22,51,90
38,442,411,44361.08,17567.21,325.08,22,51,87
38,442,411,44368.62,17746.85,591.31,22,45,86
38,442,411,44373.94,17539.06,325.08,22,51,87
38,442,411,44382.78,17717.56,556.24,22,50,78
38,442,411,44393.95,17511.34,325.08,22,51,87
38,442,411,44471.98,17865.08,570.9,22,43,80
38,442,411,44550.45,17750.64,504.42,22,43,80
38,442,411,44573.27,17660.77,591.31,22,45,86
38,442,411,44587.89,17638.89,591.31,22,45,88
38,442,411,44613.21,17656.17,524.8,22,44,78
38,442,411,44637.09,17520.52,591.31,22,45,88
38,442,411,44637.09,17617.88,591.31,22,45,87
38,442,411,44673.0,17910.13,583.01,22,48,77
38,442,411,44739.81,17625.23,562.43,22,47,84
38,442,411,44739.81,17631.82,562.43,22,47,83
38,442,411,44814.83,17569.52,556.24,22,50,78
38,442,411,44886.45,17569.52,556.24,22,50,77
38,442,411,45175.7,17563.82,547.24,22,46,81
38,442,411,45242.45,18244.25,323.26,20,51,84
38,442,412,40975.52,18146.93,1756.97,22,50,77
38,442,412,40976.69,18127.27,1756.97,22,50,77
38,442,412,41253.66,18029.38,248.93,20,51,83
38,442,412,41317.89,17917.03,248.93,20,51,84
38,442,412,41543.66,18334.36,1703.91,22,50,75
38,442,412,41547.59,18375.23,1789.4,22,50,74
38,442,412,41593.0,18114.33,1760.91,22,51,74
38,442,412,41677.36,17584.2,1794.78,22,50,76
38,442,412,41688.77,18093.48,1760.91,22,51,74
38,442,412,41754.83,18572.15,1851.47,22,49,75
38,442,412,41786.07,17490.53,1794.78,22,50,76
38,442,412,41807.19,18556.61,1796.45,22,49,77
38,442,412,41818.15,17766.4,1794.78,22,50,75
38,442,412,41918.53,18512.8,1796.45,22,49,77
38,442,412,41931.88,18448.66,1796.45,22,49,77
38,442,412,41948.49,18572.15,1796.45,22,49,76
38,442,412,41962.06,18556.61,1796.45,22,49,76
38,442,412,41987.32,17213.79,1494.64,22,50,75
38,442,412,42068.32,18339.17,1724.43,22,49,79
38,442,412,42149.54,16979.08,1665.56,22,50,71
38,442,412,42164.4,16986.85,280.29,20,50,81
38,442,412,42207.64,18291.12,1781.15,22,48,82
38,442,412,42252.86,16940.96,280.29,20,50,81
38,442,412,42343.27,16953.94,1665.56,22,50,72
38,442,412,42549.99,17142.33,1618.71,22,50,71
38,442,412,42632.42,17832.64,1088.16,22,49,82
38,442,412,42632.42,17925.22,1051.04,22,49,82
38,442,412,42642.93,17949.98,1133.77,22,49,81
38,442,412,42718.47,17769.84,1051.04,22,49,82
38,442,412,42820.2,17711.27,1051.04,22,49,82
38,442,412,42856.33,18071.84,1431.79,22,49,79
38,442,412,42890.95,18435.92,1405.85,22,48,85
38,442,412,42897.13,17676.46,1051.04,22,49,82
38,442,412,42927.01,17206.85,1976.18,22,49,77
38,442,412,42927.01,17206.85,2048.98,22,49,76
38,442,412,42940.7,18268.31,1405.85,22,48,85
38,442,412,42962.7,18560.78,1510.19,22,48,84
38,442,412,42990.5,18020.45,923.34,22,49,88
38,442,412,42994.73,17167.73,2048.98,22,49,76
38,442,412,43009.22,18093.04,1577.38,22,49,74
38,442,412,43012.08,17372.01,1598.62,22,49,82
38,442,412,43012.08,17374.52,1590.41,22,49,81
38,442,412,43020.85,18540.33,1510.19,22,48,84
38,442,412,43069.61,17182.36,833.99,22,50,77
38,442,412,43092.39,17431.11,833.99,22,49,80
38,442,412,43095.78,16817.8,1457.69,22,51,78
38,442,412,43110.35,17536.14,2011.86,22,49,76
38,442,412,43115.43,18132.11,1233.89,22,49,78
38,442,412,43120.51,17069.83,2017.72,22,49,76
38,442,412,43144.54,18177.59,1582.71,22,48,80
38,442,412,43157.06,18091.22,1604.05,22,49,75
38,442,412,43165.9,18086.41,1233.89,22,49,78
38,442,412,43186.48,17411.02,833.99,22,49,80
38,442,412,43227.62,17906.51,265.66,22,49,83
38,442,412,43249.56,18116.88,1212.06,22,49,79
38,442,412,43318.35,17709.05,265.66,22,49,84
38,442,412,43318.35,17787.35,265.66,22,49,83
38,442,412,43367.96,18736.26,1509.12,22,48,82
38,442,412,43407.33,17965.78,1604.05,22,49,76
38,442,412,43505.86,17709.05,279.0,22,49,83
38,442,412,43517.63,18306.18,1467.66,22,49,72
38,442,412,43666.51,18018.0,1182.94,22,48,80
38,442,412,43732.41,17811.95,1452.7,22,48,82
38,442,412,43756.77,18202.78,377.32,22,43,78
38,442,412,43757.19,18068.13,757.44,21,45,89
38,442,412,43809.8,17960.14,1229.03,22,48,80
38,442,412,43846.24,18019.61,705.26,21,45,89
38,442,412,43906.97,18110.16,757.44,22,45,88
38,442,412,43906.97,18111.38,757.44,22,45,87
38,442,412,43964.01,17515.14,278.99,22,51,88
38,442,412,43998.54,18080.05,1291.37,21,51,76
38,442,412,44003.51,18154.45,377.32,22,43,79
38,442,412,44005.77,17819.79,1010.22,22,51,76
38,442,412,44006.99,18107.86,377.32,22,43,79
38,442,412,44035.26,18322.11,1213.29,21,51,74
38,442,412,44053.31,18332.19,1213.29,21,51,73
38,442,412,44087.8,18270.58,1213.29,21,51,74
38,442,412,44123.18,18322.11,1213.29,21,51,73
38,442,412,44138.32,18266.88,1213.29,21,51,75
38,442,412,44200.01,17978.82,1303.73,21,51,76
38,442,412,44234.05,18250.58,1132.28,21,51,76
38,442,412,44271.95,18239.41,705.26,21,45,88
38,442,412,44283.22,17732.12,556.24,22,50,78
38,442,412,44301.51,18213.68,1132.28,21,51,76
38,442,412,44315.8,17915.38,504.42,22,43,79
38,442,412,44339.86,17717.56,556.24,22,50,78
38,442,412,44387.76,17701.54,591.31,22,45,86
38,442,412,44402.38,17568.78,608.41,22,50,78
38,442,412,44434.71,17645.33,591.31,22,45,86
38,442,412,44485.6,17916.62,672.3,22,50,77
38,442,412,44503.35,17834.28,570.9,22,44,78
38,442,412,44592.18,17555.32,556.1,22,47,83
38,442,412,44624.37,17556.4,524.8,22,44,78
38,442,412,44695.18,17555.32,503.93,22,47,83
38,442,412,44863.81,17569.52,556.24,22,50,77
38,442,412,45020.62,17528.57,547.24,22,46,82
38,442,412,45043.6,17528.57,547.24,22,46,81
38,442,412,45346.98,18250.52,307.83,22,46,91
38,442,412,46189.31,17908.29,323.51,22,47,85
38,442,412,46252.35,17888.82,323.51,22,46,85
38,442,412,46257.77,17863.68,323.51,22,46,85
38,442,412,46277.98,17827.2,323.51,22,46,85
38,442,412,46290.7,17809.32,323.51,22,47,87
38,442,412,46314.34,17810.7,323.51,22,46,85
38,442,412,46524.51,17753.65,323.51,22,47,87
38,442,413,41123.01,17893.39,248.93,20,51,83
38,442,413,41183.24,17849.61,248.93,20,51,84
38,442,413,41183.24,17884.4,248.93,20,51,83
38,442,413,41236.72,17732.05,1694.36,22,50,79
38,442,413,41257.3,17831.57,248.93,20,51,84
38,442,413,41258.05,18431.18,1777.75,22,51,73
38,442,413,41498.25,17956.85,1694.36,22,50,76
38,442,413,41541.84,18339.8,1892.47,22,51,74
38,442,413,41666.47,18391.22,1775.2,22,49,77
38,442,413,41666.47,18434.72,1775.2,22,49,76
38,442,413,41736.53,18351.59,1724.43,22,49,79
38,442,413,41748.47,18422.01,1720.17,22,49,78
38,442,413,41773.3,18432.08,1851.47,22,49,75
38,442,413,41799.06,18339.17,1724.43,22,49,79
38,442,413,42031.73,17139.98,1714.12,22,50,69
38,442,413,42042.62,16986.85,280.29,20,50,81
38,442,413,42077.51,18291.12,1781.15,22,48,82
38,442,413,42097.18,16927.64,1628.44,22,50,70
38,442,413,42103.36,17018.83,1633.11,22,50,69
38,442,413,42103.36,17174.97,1633.11,22,50,68
38,442,413,42149.54,16878.39,1665.56,22,50,71
38,442,413,42357.78,16892.32,280.29,20,50,81
38,442,413,42402.8,17543.65,280.29,20,50,80
38,442,413,42509.29,17110.84,1618.71,22,50,72
38,442,413,42524.74,17488.59,280.29,20,50,80
38,442,413,42525.67,18571.06,1587.94,22,49,80
38,442,413,42526.13,18648.43,1575.08,22,49,80
38,442,413,42535.98,16992.84,1747.03,22,49,79
38,442,413,42571.54,17911.42,1133.77,22,49,81
38,442,413,42621.42,18503.86,1587.94,22,49,80
38,442,413,42677.43,17908.86,1133.77,22,49,81
38,442,413,42686.68,17002.2,1666.02,22,49,80
38,442,413,42692.08,17181.08,1575.44,22,50,74
38,442,413,42694.43,18165.83,1583.36,22,49,75
38,442,413,42700.58,17487.25,280.29,20,50,80
38,442,413,42726.52,17101.52,1575.44,22,50,73
38,442,413,42768.12,18142.6,1578.19,22,49,75
38,442,413,42838.47,18071.84,1431.79,22,49,79
38,442,413,42854.0,18889.81,254.98,22,49,84
38,442,413,42890.14,18068.71,1590.69,22,49,79
38,442,413,42940.7,18267.5,1405.85,22,48,86
38,442,413,42941.1,18160.04,1577.38,22,49,76
38,442,413,42950.84,18560.78,1510.19,22,48,84
38,442,413,42958.99,18305.86,1405.85,22,48,84
38,442,413,42990.6,18092.67,1662.26,22,49,76
38,442,413,42990.6,18092.67,1760.66,22,49,75
38,442,413,42990.6,18116.72,1716.15,22,49,75
38,442,413,43009.22,18090.0,1577.38,22,49,75
38,442,413,43065.29,17947.68,879.58,22,51,71
38,442,413,43069.61,17096.64,833.99,22,50,77
38,442,413,43086.41,17910.86,964.46,22,51,72
38,442,413,43086.57,17342.12,2011.86,22,49,75
38,442,413,43086.57,17512.29,1959.68,22,49,76
38,442,413,43095.78,16818.04,1376.68,22,51,78
38,442,413,43096.55,18846.37,1511.4,22,48,83
38,442,413,43143.34,18102.41,1233.89,22,49,78
38,442,413,43144.54,18098.88,1582.71,22,48,80
38,442,413,43157.06,18009.59,1566.93,22,49,75
38,442,413,43239.56,17950.74,1205.36,22,49,79
38,442,413,43267.21,17910.38,1205.36,22,49,78
38,442,413,43269.52,18815.35,1548.52,22,48,83
38,442,413,43321.55,17730.81,984.18,22,50,76
38,442,413,43341.08,18736.26,1509.12,22,48,82
38,442,413,43410.52,17823.49,1013.49,22,49,77
38,442,413,43475.16,18450.6,1467.66,22,49,72
38,442,413,43493.18,18270.14,1467.66,22,49,72
38,442,413,43534.9,17691.51,1519.69,22,49,74
38,442,413,43556.45,17698.83,1013.49,22,49,77
38,442,413,43588.55,17655.16,984.18,22,50,76
38,442,413,43604.61,18134.28,1271.11,22,49,73
38,442,413,43614.96,18122.05,1271.11,22,49,73
38,442,413,43685.56,18011.58,1182.94,22,48,80
38,442,413,43692.53,17669.86,1013.49,22,49,76
38,442,413,43700.4,18367.72,377.32,22,43,78
38,442,413,43703.08,17993.86,1182.94,22,48,80
38,442,413,43726.02,18161.1,1225.5,22,49,74
38,442,413,43732.41,17939.76,1504.87,22,48,81
38,442,413,43749.31,16995.64,549.34,22,45,85
38,442,413,43786.77,17759.7,1177.45,22,48,80
38,442,413,43811.54,17759.7,1284.01,22,48,79
38,442,413,43834.55,17759.7,1264.26,22,48,79
38,442,413,43842.07,16936.63,549.34,22,45,85
38,442,413,43844.43,17759.7,1183.26,22,48,79
38,442,413,43863.84,17834.49,1151.77,22,48,79
38,442,413,43904.55,17801.5,1151.77,22,48,79
38,442,413,43982.12,18064.85,1291.37,21,51,75
38,442,413,44008.34,18344.45,1213.29,21,51,75
38,442,413,44035.67,18293.91,1213.29,21,51,75
38,442,413,44060.95,17978.82,1303.73,21,51,77
38,442,413,44101.63,18940.11,238.01,22,51,88
38,442,413,44105.25,19113.16,238.01,22,51,87
38,442,413,44128.41,17522.98,468.33,22,45,89
38,442,413,44134.83,18323.85,705.26,21,45,87
38,442,413,44160.41,17045.89,549.34,22,45,84
38,442,413,44210.21,18284.57,705.26,21,45,87
38,442,413,44213.05,17494.36,468.33,22,45,89
38,442,413,44253.14,18239.41,705.26,21,45,88
38,442,413,44267.65,17756.01,672.3,22,50,77
38,442,413,44280.45,16937.11,549.34,22,45,84
38,442,413,44295.88,17762.42,1297.8,22,50,74
38,442,413,44300.42,18217.01,705.26,21,45,88
38,442,413,44306.97,18008.29,705.26,21,45,89
38,442,413,44311.02,18119.36,705.26,21,45,88
38,442,413,44321.79,18114.05,705.26,21,45,88
38,442,413,44324.71,17671.94,672.3,22,50,77
38,442,413,44516.59,17778.97,583.01,22,48,80
38,442,413,44538.69,17679.96,556.24,22,50,78
38,442,413,44541.48,17416.64,547.24,22,46,83
38,442,413,44546.55,17530.6,524.8,22,45,79
38,442,413,44582.83,17724.24,556.24,22,50,77
38,442,413,44586.91,18083.13,369.5,22,46,74
38,442,413,44596.32,17491.31,524.8,22,45,79
38,442,413,44606.05,17468.65,524.8,22,45,79
38,442,413,44691.15,17454.03,524.8,22,45,79
38,442,413,44695.18,17550.9,503.93,22,47,83
38,442,413,44705.66,17974.48,369.5,22,46,74
38,442,413,44730.44,17783.28,369.5,22,46,74
38,442,413,44798.97,17248.98,513.73,22,49,86
38,442,413,44832.34,17538.98,503.93,22,47,83
38,442,413,44835.08,17616.96,556.24,22,50,77
38,442,413,44835.08,17722.09,369.5,22,46,74
38,442,413,44852.19,17538.98,503.93,22,47,82
38,442,413,44893.54,17979.88,369.5,22,46,73
38,442,413,44979.89,17970.46,323.4,22,46,77
38,442,413,45026.58,18368.61,307.83,22,46,89
38,442,413,45052.99,18322.69,307.83,22,46,89
38,442,413,45099.2,18257.23,307.83,22,47,90
38,442,413,45197.46,18110.82,307.83,22,46,90
38,442,413,45197.46,18216.07,307.83,22,46,89
38,442,413,46380.77,17789.79,323.51,22,47,87
38,442,413,46390.04,17787.27,323.51,22,47,87
38,442,413,46462.56,17720.47,307.83,22,47,87
38,442,414,40766.1,18505.63,1686.56,22,50,78
38,442,414,41104.81,17893.39,248.93,20,51,83
38,442,414,41140.67,18441.61,1763.8,22,51,73
38,442,414,41393.06,18182.61,1720.17,22,50,76
38,442,414,41438.08,17956.85,1694.36,22,50,76
38,442,414,41510.81,18358.73,1922.45,22,51,73
38,442,414,41533.67,18228.07,1720.17,22,49,78
38,442,414,41581.19,17637.14,300.88,20,51,83
38,442,414,41600.66,17814.86,248.93,20,51,85
38,442,414,41605.9,18410.95,1775.2,22,49,76
38,442,414,41619.69,18391.22,1775.2,22,49,77
38,442,414,41641.98,17811.13,248.93,20,51,85
38,442,414,41648.94,18370.8,1775.2,22,49,76
38,442,414,41672.18,17774.93,248.93,20,51,86
38,442,414,41853.65,17167.61,1494.64,22,50,75
38,442,414,41863.59,18203.48,1779.46,22,49,80
38,442,414,41981.28,18422.83,1687.75,22,49,82
38,442,414,42082.18,16980.55,1761.94,22,50,74
38,442,414,42106.96,18291.12,1781.15,22,48,82
38,442,414,42119.34,18676.54,1671.31,22,49,82
38,442,414,42126.47,16918.21,1761.94,22,50,74
38,442,414,42127.87,16914.99,1761.94,22,50,76
38,442,414,42151.44,18676.54,1671.31,22,49,81
38,442,414,42172.27,18261.1,1781.15,22,48,82
38,442,414,42268.47,16892.32,280.29,20,50,81
38,442,414,42278.27,18250.03,1781.15,22,48,82
38,442,414,42299.02,16444.32,1494.11,22,50,76
38,442,414,42319.93,17730.43,280.29,20,50,80
38,442,414,42323.92,18448.43,1671.31,22,49,81
38,442,414,42328.36,17722.66,280.29,20,50,80
38,442,414,42418.41,16915.14,1580.53,22,50,75
38,442,414,42418.7,17488.74,280.29,20,50,80
38,442,414,42458.78,17488.59,280.29,20,50,80
38,442,414,42486.32,17026.17,1799.28,22,49,79
38,442,414,42502.01,17475.45,280.29,20,50,80
38,442,414,42530.26,18040.11,1133.77,22,49,81
38,442,414,42567.41,17927.35,916.7,22,51,76
38,442,414,42570.71,16953.95,1854.31,22,49,80
38,442,414,42578.24,16987.3,1725.48,22,49,80
38,442,414,42645.81,16831.75,1665.56,22,50,73
38,442,414,42645.93,17976.14,1682.88,22,48,83
38,442,414,42685.98,17160.62,1575.44,22,50,73
38,442,414,42693.08,17863.14,1671.16,22,48,83
38,442,414,42694.41,17774.37,1671.16,22,48,83
38,442,414,42694.43,18165.18,1583.36,22,49,75
38,442,414,42697.37,18787.16,342.53,22,49,87
38,442,414,42702.71,17970.49,1583.36,22,49,74
38,442,414,42727.1,17913.97,903.8,22,51,75
38,442,414,42731.24,18852.17,342.53,22,49,86
38,442,414,42746.82,16812.78,1665.56,22,50,73
38,442,414,42757.22,18919.54,307.15,22,49,84
38,442,414,42760.34,18262.26,1431.79,22,49,79
38,442,414,42762.98,18168.75,1431.79,22,49,79
38,442,414,42969.88,18025.86,879.58,22,51,72
38,442,414,42973.27,18154.72,879.58,22,51,71
38,442,414,42981.07,18003.18,879.58,22,51,71
38,442,414,42984.55,18817.47,254.98,22,49,84
38,442,414,42999.24,16870.28,1376.68,22,51,78
38,442,414,43007.4,17506.79,1824.63,22,48,80
38,442,414,43011.22,17618.02,1711.6,22,48,83
38,442,414,43015.33,18775.72,254.98,22,49,84
38,442,414,43023.07,17968.73,959.0,22,51,74
38,442,414,43038.0,18191.54,1700.62,22,49,72
38,442,414,43039.73,18218.51,1231.07,22,50,78
38,442,414,43043.76,18752.09,1511.4,22,48,83
38,442,414,43052.54,17838.11,1233.89,22,49,78
38,442,414,43055.83,17615.46,924.87,22,49,80
38,442,414,43058.16,16859.76,1376.68,22,51,78
38,442,414,43066.78,17841.13,1181.72,22,49,79
38,442,414,43091.03,18688.23,1511.4,22,48,83
38,442,414,43102.75,18044.04,1566.93,22,49,75
38,442,414,43151.33,17991.94,942.11,22,50,75
38,442,414,43242.76,18073.6,1205.36,22,49,78
38,442,414,43262.15,18008.49,1205.36,22,49,78
38,442,414,43264.81,18372.07,1456.4,22,48,69
38,442,414,43276.65,18326.15,1400.41,22,47,72
38,442,414,43276.65,18326.15,1446.02,22,47,71
38,442,414,43311.25,17509.3,833.99,22,49,79
38,442,414,43314.19,17857.35,1662.34,22,48,84
38,442,414,43321.2,17976.05,1026.99,22,50,75
38,442,414,43321.2,17985.91,942.11,22,50,75
38,442,414,43375.19,18326.15,1408.9,22,47,71
38,442,414,43377.0,17455.2,833.99,22,49,78
38,442,414,43394.91,17875.46,1197.92,21,50,79
38,442,414,43410.89,17753.13,265.66,22,49,83
38,442,414,43428.76,18087.03,1029.12,22,48,80
38,442,414,43452.75,18270.14,1467.66,22,49,72
38,442,414,43485.26,18055.6,1029.12,22,48,80
38,442,414,43495.34,17892.53,1495.64,22,49,75
38,442,414,43511.96,17729.64,1338.51,21,50,76
38,442,414,43513.7,17670.0,1338.51,21,50,76
38,442,414,43521.15,17574.38,1504.82,22,49,74
38,442,414,43547.74,17823.49,958.47,22,49,77
38,442,414,43555.45,18090.07,250.46,20,50,87
38,442,414,43590.5,17669.27,1338.51,21,50,76
38,442,414,43600.67,18069.53,250.46,20,50,87
38,442,414,43648.65,17788.52,1495.64,22,49,75
38,442,414,43657.18,17801.92,958.47,22,49,75
38,442,414,43657.18,17897.96,921.35,22,49,75
38,442,414,43670.94,18356.61,1409.95,22,48,69
38,442,414,43702.76,18161.1,1225.5,22,49,74
38,442,414,43705.16,17679.45,549.34,22,45,88
38,442,414,43722.44,16938.06,762.99,22,49,80
38,442,414,43726.36,17747.02,1338.51,21,50,75
38,442,414,43739.24,17396.74,549.34,22,45,87
38,442,414,43743.7,17823.75,1306.51,22,48,73
38,442,414,43748.82,17206.83,549.34,22,45,85
38,442,414,43748.82,17293.0,549.34,22,45,84
38,442,414,43783.41,17991.29,1225.5,22,49,74
38,442,414,43837.2,18155.04,377.32,22,43,78
38,442,414,43852.05,18939.73,238.01,22,51,88
38,442,414,43975.89,18122.83,1291.37,21,51,75
38,442,414,44000.96,17871.24,1303.73,21,51,77
38,442,414,44045.0,17713.67,1510.33,22,48,80
38,442,414,44052.99,19045.66,238.01,22,51,86
38,442,414,44068.08,17710.31,1510.33,22,48,80
38,442,414,44072.34,18955.31,238.01,22,51,86
38,442,414,44105.13,17686.97,1510.33,22,48,81
38,442,414,44188.87,18266.34,705.26,21,45,88
38,442,414,44189.01,18209.81,705.26,21,45,88
38,442,414,44200.66,17494.36,468.33,22,45,88
38,442,414,44210.21,18262.77,705.26,21,45,87
38,442,414,44218.23,18889.47,238.01,22,51,89
38,442,414,44219.0,17762.42,1297.8,22,50,74
38,442,414,44240.66,17904.92,583.01,22,48,78
38,442,414,44280.77,18860.22,238.01,22,51,88
38,442,414,44285.46,17762.42,1297.8,22,50,73
38,442,414,44292.83,18268.18,705.26,21,45,86
38,442,414,44295.88,17710.34,1297.8,22,50,74
38,442,414,44321.79,18089.76,705.26,21,45,88
38,442,414,44334.48,19006.33,323.51,22,48,86
38,442,414,44456.41,17785.45,1216.8,22,50,73
38,442,414,44585.49,18137.66,369.5,22,46,74
38,442,414,44622.4,17678.99,556.24,22,50,77
38,442,414,44647.83,17388.15,547.24,22,46,83
38,442,414,44683.4,17258.37,374.4,22,45,89
38,442,414,44691.91,17596.53,556.24,22,50,77
38,442,414,44728.27,17329.17,374.4,22,45,88
38,442,414,44738.18,17541.74,570.41,22,46,78
38,442,414,44739.79,17212.95,429.42,22,45,89
38,442,414,44765.77,19600.79,238.01,22,50,90
38,442,414,44795.38,17896.21,1311.72,21,50,76
38,442,414,44797.27,19647.64,238.01,22,50,88
38,442,414,44798.97,17240.93,513.73,22,49,86
38,442,414,44802.69,17711.85,1311.72,21,50,76
38,442,414,44814.13,17512.14,556.24,22,50,77
38,442,414,44823.47,17538.98,503.93,22,47,82
38,442,414,44854.77,17763.03,1266.12,21,50,76
38,442,414,44871.87,17365.4,643.65,22,47,82
38,442,414,44885.72,17312.72,374.4,22,45,88
38,442,414,45031.33,18053.82,307.83,22,46,91
38,442,414,45042.79,17956.2,323.4,22,46,77
38,442,414,45052.34,18003.71,480.17,22,45,83
38,442,414,45090.62,17507.78,830.92,22,50,76
38,442,414,45103.76,17500.67,830.92,22,50,76
38,442,414,45119.55,17916.19,323.4,22,46,77
38,442,414,45131.62,18174.55,307.83,22,46,89
38,442,414,45242.97,17697.29,830.92,22,50,75
38,442,414,45271.92,17876.53,480.17,22,45,82
38,442,414,45320.44,17604.81,830.92,22,50,74
38,442,414,45340.46,17976.36,323.4,22,46,76
38,442,414,45343.97,18557.29,323.4,22,45,82
38,442,414,45358.87,17604.81,830.92,22,50,73
38,442,414,45429.86,17852.22,323.4,22,46,76
38,442,414,45477.89,17877.38,447.07,22,45,80
38,442,414,45846.69,17707.58,426.48,22,45,84
38,442,414,45851.58,17656.85,426.48,22,45,84
38,442,414,45890.08,18086.24,307.83,22,46,90
38,442,414,46070.01,17983.36,307.83,22,46,90
38,442,414,46351.53,17738.09,307.83,22,47,88
38,442,414,46653.15,17607.63,323.51,22,47,87
38,442,414,46697.42,17666.1,323.51,22,47,86
38,442,415,40601.6,18506.58,1680.23,22,50,80
38,442,415,40908.88,18494.73,1686.56,22,50,78
38,442,415,41350.28,18328.93,1922.45,22,51,74
38,442,415,41464.11,18328.93,1922.45,22,51,73
38,442,415,41503.23,18233.04,1720.17,22,49,78
38,442,415,41576.56,17631.8,300.88,20,51,83
38,442,415,41595.38,17772.92,248.93,20,51,85
38,442,415,41659.44,17608.23,300.88,20,51,83
38,442,415,41741.19,17541.63,300.88,20,51,83
38,442,415,41817.63,17014.14,1479.58,22,50,76
38,442,415,41819.09,17020.95,1442.46,22,50,75
38,442,415,41958.48,18422.83,1687.75,22,49,82
38,442,415,41981.92,16806.16,1496.96,22,50,76
38,442,415,42034.44,16826.64,1542.57,22,50,75
38,442,415,42048.96,16717.94,1496.96,22,50,75
38,442,415,42100.61,18291.12,1781.15,22,48,82
38,442,415,42104.84,18312.73,1109.53,22,51,74
38,442,415,42348.34,17722.69,278.99,22,51,86
38,442,415,42468.12,18301.15,980.78,22,49,84
38,442,415,42482.99,18309.02,963.69,22,49,85
38,442,415,42486.93,18193.21,906.54,22,49,84
38,442,415,42606.49,17976.14,1682.88,22,48,83
38,442,415,42612.82,18168.29,854.37,22,49,84
38,442,415,42629.7,17938.37,1583.36,22,49,74
38,442,415,42645.93,17961.25,1682.88,22,48,83
38,442,415,42645.93,17968.86,1682.88,22,48,82
38,442,415,42645.93,18003.96,1636.78,22,48,82
38,442,415,42648.42,16944.39,1725.48,22,49,80
38,442,415,42654.82,17980.45,1008.14,22,51,74
38,442,415,42657.26,18785.0,254.98,22,49,85
38,442,415,42664.91,17713.87,1008.14,22,51,74
38,442,415,42664.91,17767.77,955.97,22,51,75
38,442,415,42676.92,17855.65,1013.09,22,49,82
38,442,415,42679.68,18278.17,1431.79,22,49,78
38,442,415,42683.08,17956.95,1592.88,22,48,83
38,442,415,42683.08,17956.95,1682.88,22,48,82
38,442,415,42693.31,17610.65,916.7,22,51,76
38,442,415,42708.29,17264.05,300.88,20,51,80
38,442,415,42727.1,17839.9,903.8,22,51,75
38,442,415,42731.24,18767.59,342.53,22,49,86
38,442,415,42748.24,17767.77,903.8,22,51,75
38,442,415,42770.8,18460.94,1700.62,22,49,73
38,442,415,42789.64,17821.29,916.7,22,51,73
38,442,415,42789.64,17928.45,916.7,22,51,72
38,442,415,42803.2,17618.02,1711.6,22,48,83
38,442,415,42803.2,17654.88,1666.0,22,48,83
38,442,415,42830.6,18772.73,307.15,22,49,85
38,442,415,42833.13,17904.68,916.7,22,51,72
38,442,415,42836.55,17716.68,1013.09,22,49,82
38,442,415,42880.33,18477.09,1700.62,22,49,73
38,442,415,42885.57,17267.06,300.88,20,51,78
38,442,415,42895.39,17697.06,1013.09,22,49,82
38,442,415,42904.11,17666.81,1051.04,22,49,83
38,442,415,42912.56,17228.72,300.88,20,51,80
38,442,415,42921.66,18477.09,1680.03,22,49,73
38,442,415,42943.95,17228.72,300.88,20,51,79
38,442,415,42946.71,17925.84,1013.09,22,49,81
38,442,415,42949.98,18475.5,1422.8,22,49,78
38,442,415,42962.3,18068.89,1700.62,22,49,72
38,442,415,42964.61,17230.98,300.88,20,51,78
38,442,415,42980.53,17922.37,1013.09,22,49,81
38,442,415,42990.29,17429.18,1811.65,22,48,80
38,442,415,43007.4,17429.18,1737.62,22,48,81
38,442,415,43010.87,17674.47,924.87,22,49,80
38,442,415,43029.44,18279.97,1422.8,22,49,78
38,442,415,43038.83,18350.23,1456.4,22,48,70
38,442,415,43050.47,18067.61,1700.62,22,49,72
38,442,415,43054.93,18192.84,1231.07,22,50,78
38,442,415,43062.12,18732.46,342.53,22,49,87
38,442,415,43070.23,18736.6,342.53,22,49,86
38,442,415,43089.1,17687.82,1325.17,21,50,79
38,442,415,43141.72,17888.14,300.88,20,51,76
38,442,415,43142.06,17912.31,265.66,22,49,83
38,442,415,43179.45,17689.75,1338.51,21,50,78
38,442,415,43206.87,18350.23,1456.4,22,48,69
38,442,415,43208.11,17733.58,373.45,22,44,81
38,442,415,43208.11,17813.54,373.45,22,44,80
38,442,415,43221.64,17708.11,373.45,22,44,81
38,442,415,43236.25,17976.05,1026.99,22,50,76
38,442,415,43253.5,17823.01,265.66,22,49,83
38,442,415,43258.63,17770.26,250.46,20,50,83
38,442,415,43277.58,16863.13,1177.54,22,50,82
38,442,415,43284.33,17878.94,377.32,22,43,77
38,442,415,43287.45,17631.27,250.46,20,50,83
38,442,415,43287.6,17665.15,1338.51,21,50,78
38,442,415,43302.65,18145.03,1588.01,22,49,71
38,442,415,43313.23,17753.13,1181.72,22,49,78
38,442,415,43331.76,18339.83,1421.01,22,47,71
38,442,415,43369.87,17753.13,265.66,22,49,83
38,442,415,43370.72,17697.3,1181.72,22,49,78
38,442,415,43374.94,17686.23,1181.72,22,49,78
38,442,415,43400.84,18306.56,1408.9,22,47,71
38,442,415,43442.29,17681.03,1269.51,21,50,79
38,442,415,43445.17,18163.18,1421.01,22,47,72
38,442,415,43452.0,17737.24,250.46,20,49,87
38,442,415,43456.18,18068.54,1368.83,22,47,72
38,442,415,43468.71,17904.79,250.46,20,49,84
38,442,415,43471.34,17936.96,1404.07,22,49,76
38,442,415,43479.11,17665.15,1338.51,21,50,76
38,442,415,43479.2,17936.96,1456.25,22,49,75
38,442,415,43541.23,17805.08,1013.49,22,49,77
38,442,415,43554.14,17612.18,1467.7,22,49,72
38,442,415,43581.42,17809.23,1013.49,22,49,76
38,442,415,43606.21,18175.33,1467.66,22,49,71
38,442,415,43626.73,17971.76,1212.16,22,49,75
38,442,415,43638.35,18073.71,1271.11,22,49,74
38,442,415,43644.52,17747.02,1338.51,21,50,75
38,442,415,43646.08,17788.38,1013.49,22,49,76
38,442,415,43655.38,17348.8,549.34,22,45,87
38,442,415,43657.18,17870.66,921.35,22,49,75
38,442,415,43659.18,18585.46,348.91,22,44,85
38,442,415,43660.81,18168.59,1467.66,22,49,71
38,442,415,43663.32,17736.08,1338.51,21,50,75
38,442,415,43671.95,17275.38,549.34,22,45,87
38,442,415,43680.65,17186.15,549.34,22,45,85
38,442,415,43714.65,17754.51,1523.18,22,48,80
38,442,415,43733.58,18113.05,1438.01,22,49,71
38,442,415,43737.69,17293.0,549.34,22,45,84
38,442,415,43758.3,17697.27,958.47,22,49,77
38,442,415,43759.4,18573.02,348.91,22,44,86
38,442,415,43780.38,17662.71,958.47,22,49,77
38,442,415,43786.77,17741.17,1177.45,22,48,80
38,442,415,43822.14,18381.28,705.26,21,45,86
38,442,415,43876.96,17051.06,914.99,22,49,79
38,442,415,44051.11,17328.21,468.33,22,45,87
38,442,415,44059.23,17146.28,891.11,22,49,79
38,442,415,44059.48,18955.31,238.01,22,51,86
38,442,415,44092.45,17117.15,891.11,22,49,79
38,442,415,44103.32,17310.83,468.33,22,45,87
38,442,415,44138.38,17101.97,891.11,22,49,79
38,442,415,44148.75,17045.28,891.11,22,49,79
38,442,415,44181.39,16949.54,891.11,22,49,79
38,442,415,44191.25,17637.79,1017.51,22,50,76
38,442,415,44201.5,17222.46,468.33,22,45,87
38,442,415,44201.84,17548.07,1017.51,22,50,76
38,442,415,44236.67,17749.86,1297.8,22,50,75
38,442,415,44257.5,17710.34,1297.8,22,50,74
38,442,415,44294.35,17104.17,398.06,20,51,80
38,442,415,44315.27,17244.53,535.65,22,49,85
38,442,415,44318.9,17189.31,535.65,22,49,85
38,442,415,44330.02,17873.31,1224.17,21,50,74
38,442,415,44338.96,16758.15,594.12,22,50,72
38,442,415,44345.09,17673.59,1224.17,21,50,74
38,442,415,44363.51,17532.8,503.93,22,46,83
38,442,415,44365.89,17761.61,583.01,22,48,79
38,442,415,44432.86,19756.06,238.01,22,50,88
38,442,415,44436.05,17101.73,398.06,20,51,80
38,442,415,44584.91,17468.66,570.41,22,45,79
38,442,415,44588.03,17286.1,547.24,22,46,82
38,442,415,44607.26,19630.26,238.01,22,50,88
38,442,415,44664.5,17424.32,570.41,22,46,81
38,442,415,44675.36,19587.75,238.01,22,50,88
38,442,415,44699.28,17421.55,524.8,22,45,79
38,442,415,44711.99,18273.0,323.4,22,44,83
38,442,415,44756.68,17538.98,503.93,22,47,82
38,442,415,44765.77,19579.95,238.01,22,50,90
38,442,415,44774.28,17248.98,513.73,22,49,86
38,442,415,44777.22,18377.6,307.83,22,46,89
38,442,415,44823.94,18270.1,1035.46,21,50,78
38,442,415,44829.46,18331.52,307.83,22,46,88
38,442,415,44837.22,17286.04,513.73,22,49,85
38,442,415,44844.55,18189.64,323.4,22,44,84
38,442,415,44854.69,17224.94,374.4,22,45,88
38,442,415,44857.87,17234.4,513.73,22,49,86
38,442,415,44874.88,16733.99,640.21,22,50,72
38,442,415,44875.85,18187.16,323.4,22,44,84
38,442,415,44876.49,16772.9,640.21,22,50,71
38,442,415,44895.65,17165.57,374.4,22,45,88
38,442,415,44924.01,17420.37,546.03,22,45,84
38,442,415,44957.3,18177.95,307.83,22,46,88
38,442,415,44966.98,17401.9,643.65,22,47,81
38,442,415,44981.63,16611.3,640.21,22,50,73
38,442,415,44999.11,18581.3,323.4,22,45,82
38,442,415,45010.06,17446.76,323.26,20,50,80
38,442,415,45083.42,17420.61,546.03,22,45,83
38,442,415,45104.7,17420.37,546.03,22,45,83
38,442,415,45179.01,18541.31,323.4,22,45,82
38,442,415,45189.35,16574.32,640.21,22,50,74
38,442,415,45340.46,17944.76,323.4,22,46,76
38,442,415,45373.24,17753.08,323.4,22,46,77
38,442,415,45373.24,17807.23,323.4,22,46,76
38,442,415,45822.5,18154.72,307.83,22,47,89
38,442,415,45866.35,18070.14,307.83,22,46,90
38,442,415,45897.63,17546.42,426.48,22,45,84
38,442,415,46010.49,18027.96,307.83,22,46,90
38,442,415,46280.44,17830.94,307.83,22,47,88
38,442,415,46341.46,17615.85,323.51,22,47,88
38,442,415,46380.12,17830.94,307.83,22,47,87
38,442,415,46431.33,17581.21,323.51,22,47,88
38,442,415,46431.33,17643.97,323.51,22,47,87
38,442,415,46447.95,17581.08,307.83,22,47,86
38,442,415,46507.55,17538.47,323.51,22,47,87
38,442,415,47265.73,18108.1,1607.82,22,50,70
38,442,415,47355.76,17994.91,1607.82,22,50,68
38,442,415,47355.76,17995.08,1607.82,22,50,68
38,442,415,47532.03,17883.77,1567.81,22,50,69
38,442,415,47532.03,17883.77,1607.82,22,50,68
38,442,416,41328.76,18518.02,1814.5,22,49,77
38,442,416,41445.11,18393.81,1814.5,22,49,77
38,442,416,41490.67,17814.3,248.93,20,51,84
38,442,416,41631.4,17774.64,248.93,20,51,84
38,442,416,41741.19,17448.29,300.88,20,51,83
38,442,416,41766.14,17964.1,1848.58,22,49,82
38,442,416,41767.83,17504.83,1609.32,22,49,74
38,442,416,41780.31,16973.29,1479.58,22,50,75
38,442,416,41784.25,17246.8,1690.33,22,49,73
38,442,416,41932.31,17599.62,300.88,20,51,82
38,442,416,41948.71,18603.33,1665.8,22,49,71
38,442,416,41981.66,16925.69,1479.58,22,50,75
38,442,416,42034.97,17271.98,1690.33,22,49,73
38,442,416,42053.67,18349.85,1109.53,22,51,74
38,442,416,42064.57,17719.3,248.93,20,51,84
38,442,416,42144.19,18555.42,1109.53,22,51,73
38,442,416,42155.47,16538.33,1494.11,22,50,77
38,442,416,42177.22,16551.1,1549.14,22,50,75
38,442,416,42221.97,18194.49,1735.05,22,48,83
38,442,416,42243.53,16562.56,1549.14,22,50,74
38,442,416,42246.73,17680.67,1668.23,22,48,72
38,442,416,42303.31,17363.74,1611.63,22,50,72
38,442,416,42303.81,17382.18,1611.63,22,50,71
38,442,416,42383.24,17670.9,278.99,22,51,87
38,442,416,42465.25,17490.65,1539.26,22,50,74
38,442,416,42465.92,17507.24,1539.26,22,50,73
38,442,416,42467.28,17670.9,278.99,22,51,86
38,442,416,42474.09,17956.93,916.7,22,51,73
38,442,416,42488.62,17924.29,916.7,22,51,75
38,442,416,42533.43,17981.68,1133.77,22,49,81
38,442,416,42541.47,17683.6,1350.41,22,51,79
38,442,416,42559.15,17713.87,1008.14,22,51,74
38,442,416,42576.75,17919.08,1008.14,22,51,73
38,442,416,42590.32,17840.62,916.7,22,51,77
38,442,416,42597.47,17894.29,916.7,22,51,73
38,442,416,42629.7,17838.29,1583.36,22,49,74
38,442,416,42657.2,18767.59,342.53,22,49,86
38,442,416,42671.51,17755.4,1583.36,22,49,74
38,442,416,42674.23,17723.12,1583.36,22,49,74
38,442,416,42685.23,17675.32,1350.41,22,51,79
38,442,416,42692.69,17836.23,916.7,22,51,73
38,442,416,42696.01,17163.24,876.24,22,50,79
38,442,416,42710.28,17836.79,903.8,22,51,75
38,442,416,42719.52,17092.44,300.88,20,51,79
38,442,416,42879.92,18528.37,1653.72,22,49,72
38,442,416,42908.87,18418.73,1653.72,22,49,73
38,442,416,42924.52,17046.34,876.24,22,51,77
38,442,416,42930.01,17139.69,876.24,22,50,77
38,442,416,42954.54,17899.25,916.7,22,51,72
38,442,416,42957.35,17899.25,879.58,22,51,72
38,442,416,42970.52,18253.56,377.32,22,43,79
38,442,416,42985.42,17611.66,155.8,22,49,92
38,442,416,42990.29,17355.54,1811.65,22,48,80
38,442,416,42995.14,17133.09,876.24,22,50,78
38,442,416,43010.87,17653.62,924.87,22,49,80
38,442,416,43020.24,17888.79,373.45,22,44,83
38,442,416,43020.95,17922.85,300.88,20,51,77
38,442,416,43029.44,18135.63,1422.8,22,49,78
38,442,416,43056.9,17888.14,300.88,20,51,76
38,442,416,43066.3,17117.57,876.24,22,50,78
38,442,416,43113.36,17691.06,373.45,22,44,81
38,442,416,43120.04,18296.35,377.32,22,43,78
38,442,416,43131.04,17854.39,300.88,20,51,76
38,442,416,43133.92,18424.14,1404.23,22,48,70
38,442,416,43137.42,18135.22,1495.05,22,49,72
38,442,416,43152.72,18666.01,238.01,22,51,87
38,442,416,43153.82,17004.39,833.99,22,50,77
38,442,416,43179.32,17828.22,265.66,22,49,84
38,442,416,43200.23,17984.79,942.11,22,50,75
38,442,416,43246.74,17829.79,250.46,20,50,83
38,442,416,43256.19,18133.02,1560.7,22,49,73
38,442,416,43264.69,18421.13,1404.23,22,48,70
38,442,416,43270.33,16889.31,1198.13,22,50,82
38,442,416,43284.79,18049.05,1556.88,22,49,73
38,442,416,43289.11,18305.2,1404.23,22,48,70
38,442,416,43326.04,17997.46,250.46,20,49,78
38,442,416,43369.83,17904.79,250.46,20,49,84
38,442,416,43377.01,17813.14,250.46,20,49,78
38,442,416,43392.3,17798.6,250.46,20,49,78
38,442,416,43411.29,17763.96,250.46,20,49,87
38,442,416,43421.31,18003.96,1368.83,22,47,73
38,442,416,43427.48,17794.12,250.46,20,49,84
38,442,416,43440.28,18128.11,1588.01,22,49,71
38,442,416,43492.09,18254.62,1467.66,22,48,71
38,442,416,43493.87,17370.68,278.99,22,51,90
38,442,416,43500.53,18040.44,373.45,22,44,79
38,442,416,43508.37,18018.24,1368.83,22,47,72
38,442,416,43533.14,17782.36,1013.49,22,49,77
38,442,416,43538.94,18031.78,373.45,22,44,79
38,442,416,43554.97,18073.71,1271.11,22,49,74
38,442,416,43556.39,18292.18,1421.01,22,47,71
38,442,416,43558.7,18221.53,1467.66,22,49,71
38,442,416,43588.69,18478.31,1362.19,22,48,73
38,442,416,43590.13,18073.71,1271.11,22,48,74
38,442,416,43592.02,18168.59,1467.66,22,49,71
38,442,416,43611.57,18215.8,191.43,22,50,87
38,442,416,43616.25,17370.68,278.99,22,51,89
38,442,416,43616.42,17362.22,278.99,22,51,89
38,442,416,43623.11,18606.31,348.91,22,44,86
38,442,416,43626.73,17961.34,1212.16,22,49,75
38,442,416,43637.26,18106.73,191.43,22,50,87
38,442,416,43642.82,17782.36,1013.49,22,49,76
38,442,416,43644.11,17180.9,914.99,22,49,79
38,442,416,43681.96,17612.18,1421.61,22,49,72
38,442,416,43685.7,17955.54,1404.07,22,49,74
38,442,416,43689.02,18029.12,1476.63,22,49,71
38,442,416,43713.3,17890.13,1352.12,22,48,73
38,442,416,43720.92,17173.65,549.34,22,45,85
38,442,416,43753.85,18054.09,1271.11,22,48,74
38,442,416,43754.44,18578.41,348.91,22,44,86
38,442,416,43822.14,18342.07,705.26,21,45,86
38,442,416,43836.3,17592.15,1013.49,22,49,75
38,442,416,43877.92,17201.77,427.66,22,50,79
38,442,416,43914.95,17803.63,1306.51,22,48,74
38,442,416,43929.92,17153.28,762.99,22,49,79
38,442,416,43955.01,16977.24,882.84,22,49,79
38,442,416,43990.53,17297.8,936.71,22,49,78
38,442,416,43998.32,17323.81,248.93,20,50,83
38,442,416,44009.91,17178.81,936.71,22,49,78
38,442,416,44009.91,17182.24,891.11,22,49,78
38,442,416,44082.16,16944.25,882.84,22,49,79
38,442,416,44129.8,17702.13,583.01,22,48,79
38,442,416,44137.37,17649.25,1287.12,21,51,76
38,442,416,44137.58,18020.53,248.93,20,50,82
38,442,416,44161.23,17335.57,330.68,22,49,86
38,442,416,44196.77,17638.2,1287.12,21,51,76
38,442,416,44209.48,17612.82,434.88,22,44,88
38,442,416,44219.22,16987.48,861.9,22,49,73
38,442,416,44234.66,16926.62,594.12,22,50,74
38,442,416,44264.44,17606.95,583.01,22,48,79
38,442,416,44273.49,17640.65,526.43,22,50,77
38,442,416,44279.27,17906.61,248.93,20,49,83
38,442,416,44286.77,17621.95,1287.12,21,50,76
38,442,416,44298.1,17609.66,1287.12,21,50,76
38,442,416,44298.67,17858.98,248.93,20,49,83
38,442,416,44298.67,17888.31,248.93,20,49,82
38,442,416,44312.0,17746.96,577.55,22,48,78
38,442,416,44313.23,19107.29,323.51,22,48,86
38,442,416,44315.27,17215.78,535.65,22,49,85
38,442,416,44327.65,17162.13,535.65,22,49,85
38,442,416,44361.18,17621.95,1241.51,21,50,77
38,442,416,44368.01,17085.14,398.06,20,51,80
38,442,416,44381.46,17657.77,1241.51,21,50,75
38,442,416,44419.0,17510.91,503.93,22,46,83
38,442,416,44449.66,17858.55,248.93,20,49,83
38,442,416,44497.76,17818.25,369.5,22,46,73
38,442,416,44500.82,17396.2,434.88,22,44,88
38,442,416,44515.49,18520.51,307.83,22,46,88
38,442,416,44599.26,18513.57,307.83,22,46,88
38,442,416,44638.98,17396.2,429.42,22,44,89
38,442,416,44654.18,17301.67,547.24,22,46,81
38,442,416,44656.37,17351.4,650.37,22,45,83
38,442,416,44664.38,18296.53,307.83,22,46,89
38,442,416,44671.26,18253.36,307.83,22,46,89
38,442,416,44680.29,18509.83,307.83,22,46,88
38,442,416,44692.66,17330.38,486.55,22,46,81
38,442,416,44700.32,17258.63,486.55,22,46,81
38,442,416,44701.97,19804.86,238.01,22,50,85
38,442,416,44721.83,18466.28,307.83,22,46,88
38,442,416,44733.04,17358.38,486.55,22,46,80
38,442,416,44738.34,18189.64,323.4,22,44,84
38,442,416,44749.99,18438.65,307.83,22,46,88
38,442,416,44762.7,17282.53,408.28,22,46,77
38,442,416,44779.84,17141.32,408.28,22,46,77
38,442,416,44784.53,17351.4,650.37,22,45,82
38,442,416,44829.37,17408.05,578.78,22,45,83
38,442,416,44874.34,18242.4,659.65,21,47,85
38,442,416,44874.88,16611.3,640.21,22,50,73
38,442,416,44895.65,17164.35,374.4,22,45,88
38,442,416,44897.2,17149.75,447.2,22,45,88
38,442,416,44904.66,18204.4,659.65,21,47,85
38,442,416,44907.04,18172.05,659.65,21,47,85
38,442,416,44952.91,18160.43,659.65,21,47,85
38,442,416,45003.78,18041.53,307.83,22,46,91
38,442,416,45352.34,18541.19,323.4,22,45,82
38,442,416,45532.48,17783.41,307.83,22,46,89
38,442,416,45532.48,17890.1,307.83,22,46,88
38,442,416,45796.59,17739.19,307.83,22,48,91
38,442,416,46307.97,17543.88,323.51,22,47,88
38,442,416,46310.27,17440.72,323.51,22,47,88
38,442,416,46369.73,17725.72,323.51,22,47,87
38,442,416,46414.2,17341.55,323.51,22,47,88
38,442,416,46468.79,17537.72,323.51,22,47,87
38,442,416,46588.73,17501.05,323.51,22,47,87
38,442,416,47373.18,18148.82,1486.81,22,50,70
38,442,417,41583.95,17882.47,1609.32,22,49,74
38,442,417,41683.06,17362.74,1690.33,22,49,72
38,442,417,41683.06,17408.35,1690.33,22,49,71
38,442,417,41683.06,17473.13,1609.32,22,49,72
38,442,417,41723.33,18484.03,1665.8,22,49,71
38,442,417,41920.73,17775.82,248.93,20,51,82
38,442,417,41958.26,17428.86,1512.49,22,49,73
38,442,417,41959.77,17401.33,300.88,20,51,83
38,442,417,42016.86,17811.96,1741.96,22,48,72
38,442,417,42016.86,17942.22,1660.96,22,48,73
38,442,417,42029.26,17428.86,1475.37,22,49,73
38,442,417,42034.97,17156.47,1690.33,22,49,73
38,442,417,42035.81,18545.74,1680.66,22,49,70
38,442,417,42084.36,18407.9,1680.66,22,49,70
38,442,417,42113.77,17398.63,1539.26,22,49,73
38,442,417,42171.95,17398.06,1512.49,22,49,73
38,442,417,42191.29,17736.32,1761.8,22,49,70
38,442,417,42202.83,17329.91,1512.49,22,49,73
38,442,417,42212.72,17694.48,1675.69,22,49,70
38,442,417,42229.15,17282.08,1512.49,22,49,73
38,442,417,42384.31,18370.87,1109.53,22,51,73
38,442,417,42404.77,17631.07,280.29,20,50,78
38,442,417,42456.43,17714.08,248.93,20,51,85
38,442,417,42538.02,17648.28,248.93,20,51,85
38,442,417,42566.19,17779.26,248.93,20,50,85
38,442,417,42583.78,17583.24,280.29,20,50,79
38,442,417,42652.29,17153.87,876.24,22,50,79
38,442,417,42656.39,17379.44,300.88,20,51,80
38,442,417,42667.14,17103.29,876.24,22,50,80
38,442,417,42757.56,18203.85,300.88,20,50,77
38,442,417,42769.3,18023.83,1133.77,22,49,80
38,442,417,42789.82,18103.65,300.88,20,50,77
38,442,417,42833.26,17600.4,155.8,22,49,91
38,442,417,42843.48,16846.83,947.46,22,50,80
38,442,417,42901.6,17563.37,1288.32,22,47,79
38,442,417,42904.24,17540.91,1288.32,22,47,79
38,442,417,42927.98,18206.11,377.32,22,43,78
38,442,417,42942.09,16742.88,947.46,22,50,80
38,442,417,42963.39,17581.95,155.8,22,49,91
38,442,417,42970.52,18079.01,377.32,22,43,79
38,442,417,42973.65,18025.63,377.32,22,43,79
38,442,417,43007.5,17875.65,300.88,20,51,77
38,442,417,43008.49,18062.72,300.88,20,50,77
38,442,417,43020.84,18205.51,377.32,22,43,78
38,442,417,43033.58,18090.86,373.45,22,44,82
38,442,417,43034.84,18122.15,377.32,22,43,78
38,442,417,43061.65,17559.61,839.13,22,51,77
38,442,417,43063.75,17954.99,373.45,22,44,82
38,442,417,43080.24,18239.54,373.45,22,44,78
38,442,417,43080.53,17464.88,938.21,22,49,79
38,442,417,43081.96,17860.54,300.88,20,51,76
38,442,417,43087.67,17866.81,250.46,20,50,83
38,442,417,43096.44,18430.68,1404.23,22,48,70
38,442,417,43097.31,16997.0,833.99,22,50,77
38,442,417,43114.97,17754.18,135.21,22,49,94
38,442,417,43116.78,17087.44,300.88,20,51,79
38,442,417,43118.78,17884.68,942.11,22,50,75
38,442,417,43146.85,17573.23,278.99,22,51,89
38,442,417,43150.21,17246.57,278.99,22,51,89
38,442,417,43152.72,18629.46,238.01,22,51,87
38,442,417,43166.06,17796.27,300.88,20,51,76
38,442,417,43181.11,17115.04,300.88,20,51,78
38,442,417,43204.25,18421.13,1404.23,22,48,70
38,442,417,43239.81,17038.74,300.88,20,51,78
38,442,417,43242.28,17956.9,1368.83,22,47,73
38,442,417,43245.63,17988.55,377.32,22,43,78
38,442,417,43246.18,17013.45,833.99,22,49,77
38,442,417,43248.62,18299.78,1404.23,22,48,70
38,442,417,43289.11,18260.64,1404.23,22,48,70
38,442,417,43319.7,16980.41,300.88,20,51,78
38,442,417,43340.99,18135.22,1495.05,22,49,71
38,442,417,43358.35,17969.9,250.46,20,49,84
38,442,417,43428.11,17334.35,855.72,22,48,81
38,442,417,43488.34,17414.18,855.72,22,48,80
38,442,417,43512.24,18608.5,348.91,22,44,86
38,442,417,43561.25,17977.74,1258.26,22,49,75
38,442,417,43581.1,17730.23,1430.66,21,50,75
38,442,417,43581.1,17778.08,1393.54,21,50,74
38,442,417,43585.88,17699.85,1449.68,22,49,74
38,442,417,43586.72,17658.75,1013.49,22,49,75
38,442,417,43591.94,17358.5,855.72,22,48,79
38,442,417,43611.57,18191.61,212.02,22,50,87
38,442,417,43629.73,17552.4,427.66,22,50,79
38,442,417,43649.36,17636.16,1449.68,22,49,74
38,442,417,43654.3,17607.46,496.65,22,49,81
38,442,417,43672.13,16712.01,1344.06,21,50,82
38,442,417,43683.74,17743.84,1476.63,22,49,71
38,442,417,43687.85,17166.04,762.99,22,49,78
38,442,417,43688.9,17538.39,1353.84,21,51,75
38,442,417,43688.9,17538.39,1373.26,21,51,74
38,442,417,43754.44,18515.88,348.91,22,44,86
38,442,417,43784.81,17750.38,518.47,22,49,80
38,442,417,43786.26,17440.54,708.21,22,49,81
38,442,417,43787.66,17137.3,517.66,21,50,80
38,442,417,43800.25,17335.04,708.21,22,49,81
38,442,417,43803.19,17794.38,250.46,20,50,79
38,442,417,43806.89,17493.08,1353.84,21,51,74
38,442,417,43819.13,18414.93,705.26,21,45,84
38,442,417,43822.14,18346.95,705.26,21,45,85
38,442,417,43822.58,17090.29,762.99,22,49,79
38,442,417,43849.88,17129.52,517.66,21,50,80
38,442,417,43854.78,17564.11,278.99,22,51,87
38,442,417,43870.55,17704.13,323.26,20,49,80
38,442,417,43880.21,17484.05,278.99,22,51,87
38,442,417,43882.58,18351.68,705.26,21,45,84
38,442,417,43883.88,18063.24,248.93,20,50,82
38,442,417,43890.39,18346.95,705.26,21,45,84
38,442,417,43891.06,18262.76,694.75,22,50,75
38,442,417,43895.59,18262.76,694.75,22,50,74
38,442,417,43905.32,18037.44,191.43,22,50,87
38,442,417,43912.29,18126.46,1054.01,22,49,74
38,442,417,43931.03,17199.08,427.66,22,50,80
38,442,417,43953.25,17069.16,762.99,22,49,79
38,442,417,43964.14,17649.2,248.93,20,50,81
38,442,417,43969.45,18217.16,694.75,22,50,74
38,442,417,43987.25,17443.79,430.31,22,50,77
38,442,417,43994.57,18152.85,248.93,20,50,79
38,442,417,43998.85,17434.44,430.31,22,51,77
38,442,417,44021.73,17229.05,593.33,22,49,83
38,442,417,44023.01,17363.31,248.93,20,51,80
38,442,417,44034.56,17418.35,493.48,22,45,84
38,442,417,44034.64,18119.58,1207.93,22,50,74
38,442,417,44040.81,17554.39,1419.71,21,50,72
38,442,417,44046.04,17546.08,248.93,20,50,81
38,442,417,44046.71,18067.53,248.93,20,50,79
38,442,417,44050.74,17855.21,248.93,20,50,80
38,442,417,44061.58,17740.66,583.01,22,48,79
38,442,417,44080.71,17766.96,250.46,20,49,80
38,442,417,44094.14,18848.39,238.01,22,51,86
38,442,417,44115.22,17269.3,430.31,22,50,77
38,442,417,44122.29,16857.74,837.23,22,49,78
38,442,417,44129.15,17873.07,1216.8,22,50,73
38,442,417,44130.8,17862.69,1216.8,22,50,74
38,442,417,44136.89,17602.8,1287.12,21,51,76
38,442,417,44147.46,18259.39,705.26,21,45,84
38,442,417,44152.42,18810.67,238.01,22,51,86
38,442,417,44153.65,17248.67,648.48,22,48,82
38,442,417,44160.02,18112.9,1334.28,21,50,75
38,442,417,44176.91,17800.32,1216.8,22,50,74
38,442,417,44194.85,17081.54,861.9,22,49,73
38,442,417,44204.09,17046.05,861.9,22,49,73
38,442,417,44216.14,17645.42,1287.12,21,50,76
38,442,417,44219.22,16980.02,861.9,22,49,73
38,442,417,44233.76,17504.16,434.88,22,44,88
38,442,417,44237.23,17803.95,1387.51,22,48,73
38,442,417,44238.01,17725.8,1464.78,22,51,70
38,442,417,44238.4,17931.88,248.93,20,49,83
38,442,417,44244.88,17504.05,434.88,22,44,88
38,442,417,44302.1,17589.43,1287.12,21,50,76
38,442,417,44322.95,17240.19,762.99,22,49,75
38,442,417,44358.8,17828.59,518.47,22,50,74
38,442,417,44412.48,17459.15,434.88,22,44,88
38,442,417,44441.73,16946.96,398.06,20,51,80
38,442,417,44443.66,17183.79,648.48,22,48,81
38,442,417,44454.52,17590.33,621.62,22,45,81
38,442,417,44457.41,17511.28,621.62,22,45,81
38,442,417,44470.85,17698.37,577.55,22,48,78
38,442,417,44474.0,18785.83,307.83,22,46,88
38,442,417,44481.7,17475.16,621.62,22,45,81
38,442,417,44492.03,17425.59,434.88,22,44,88
38,442,417,44511.88,17412.26,750.58,22,48,78
38,442,417,44538.37,17331.38,750.58,22,48,78
38,442,417,44570.16,18488.81,307.83,22,46,89
38,442,417,44572.44,17525.52,1266.12,21,50,77
38,442,417,44574.12,17412.26,750.58,22,47,78
38,442,417,44575.91,17347.85,429.42,22,44,89
38,442,417,44595.16,17322.61,750.58,22,48,78
38,442,417,44626.22,16994.87,750.58,22,47,77
38,442,417,44629.51,18389.69,307.83,22,46,89
38,442,417,44632.16,17485.48,369.5,22,46,73
38,442,417,44668.48,17357.11,486.55,22,46,80
38,442,417,44670.34,17507.55,430.38,22,45,88
38,442,417,44688.5,17973.68,323.4,22,44,84
38,442,417,44688.9,17936.05,323.4,22,44,84
38,442,417,44692.66,17258.63,486.55,22,46,81
38,442,417,44704.47,17328.12,486.55,22,46,80
38,442,417,44743.59,17328.93,601.03,22,45,82
38,442,417,44748.02,17023.63,770.0,22,47,76
38,442,417,44804.75,17252.23,601.03,22,45,82
38,442,417,44807.02,17410.12,652.81,22,45,80
38,442,417,44823.29,17130.18,408.28,22,46,77
38,442,417,44823.64,17100.17,408.28,22,46,77
38,442,417,44870.09,17249.75,429.42,22,44,89
38,442,417,44872.3,17019.19,663.06,22,46,81
38,442,417,44903.59,18221.44,659.65,21,47,85
38,442,417,44933.79,17280.31,587.68,22,45,83
38,442,417,44957.26,18306.08,323.4,22,46,79
38,442,417,44958.94,18109.57,323.4,22,46,79
38,442,417,45006.91,18108.63,659.65,21,47,87
38,442,417,45010.33,18900.96,902.31,21,47,79
38,442,417,45010.33,18923.76,871.04,21,47,79
38,442,417,45028.16,17019.19,663.06,22,46,80
38,442,417,45132.54,18541.02,323.4,22,44,82
38,442,417,45183.67,18090.4,711.83,21,47,85
38,442,417,45250.96,18078.72,659.65,21,47,87
38,442,417,45408.82,17829.06,307.83,22,46,88
38,442,417,45526.33,17822.6,307.83,22,46,88
38,442,417,45792.03,17592.52,426.48,22,45,84
38,442,417,45811.1,17511.64,426.48,22,45,84
38,442,417,45814.29,17705.54,307.83,22,48,91
38,442,417,45956.04,16812.53,614.87,22,46,74
38,442,417,45956.04,16938.3,606.66,22,46,74
38,442,417,46452.73,17865.88,302.92,22,48,90
38,442,417,46544.35,17504.45,323.51,22,47,87
38,442,417,46572.64,17411.15,323.51,22,47,87
38,442,417,46650.54,17387.21,323.51,22,47,87
38,442,417,47165.55,18212.76,1607.82,22,50,70
38,442,417,47397.02,18148.82,1567.81,22,50,69
38,442,418,41487.94,18516.31,1767.79,22,49,72
38,442,418,41547.59,18516.31,1686.78,22,49,72
38,442,418,41578.69,18442.52,1686.78,22,49,71
38,442,418,41796.8,17596.39,300.88,20,51,82
38,442,418,41837.37,18422.82,1686.78,22,49,71
38,442,418,41983.46,18443.97,1097.45,22,51,76
38,442,418,41992.69,17156.47,1690.33,22,49,73
38,442,418,41995.3,17920.57,1694.2,22,48,73
38,442,418,41995.3,17944.81,1660.96,22,48,73
38,442,418,42001.63,17145.9,1690.33,22,49,73
38,442,418,42035.81,18510.95,1680.66,22,49,70
38,442,418,42071.22,17730.71,1761.8,22,49,70
38,442,418,42088.47,17663.06,1661.45,22,48,75
38,442,418,42093.1,17204.56,1690.33,22,49,71
38,442,418,42109.94,17179.22,1605.45,22,49,71
38,442,418,42127.88,17179.22,1512.49,22,49,72
38,442,418,42135.89,18443.97,1097.45,22,51,75
38,442,418,42143.71,17663.06,1742.45,22,48,74
38,442,418,42154.77,17663.06,1788.06,22,48,73
38,442,418,42188.06,17750.98,1741.96,22,48,73
38,442,418,42212.72,17558.73,1675.69,22,49,70
38,442,418,42225.52,17801.25,280.29,20,50,79
38,442,418,42238.18,17765.25,280.29,20,50,79
38,442,418,42268.3,17630.72,280.29,20,50,79
38,442,418,42278.11,17631.07,280.29,20,50,78
38,442,418,42318.88,17772.08,248.93,20,51,82
38,442,418,42320.95,17919.67,191.43,22,50,87
38,442,418,42404.77,17612.52,280.29,20,50,78
38,442,418,42573.17,17142.74,876.24,22,50,80
38,442,418,42597.65,17103.29,876.24,22,50,80
38,442,418,42674.0,17773.17,248.93,20,50,84
38,442,418,42674.17,18045.82,1133.77,22,49,80
38,442,418,42699.83,17482.16,280.29,20,51,79
38,442,418,42726.9,17561.54,280.29,20,49,79
38,442,418,42741.12,17439.82,280.29,20,51,80
38,442,418,42755.7,17360.55,280.29,20,51,80
38,442,418,42771.25,17156.67,892.61,22,49,80
38,442,418,42778.91,17856.23,191.43,22,50,91
38,442,418,42846.35,17746.2,1021.05,22,47,80
38,442,418,42886.79,17738.89,1066.65,22,47,80
38,442,418,42890.43,17021.27,876.24,22,51,77
38,442,418,42891.6,17177.09,929.55,22,51,76
38,442,418,42901.6,17563.36,1288.32,22,47,79
38,442,418,42904.24,17533.84,1288.32,22,47,79
38,442,418,42912.84,17551.39,155.8,22,49,91
38,442,418,42936.23,17681.14,839.13,22,50,77
38,442,418,42949.33,17627.27,155.8,22,49,90
38,442,418,42970.2,17748.29,1449.84,22,47,71
38,442,418,42983.22,18104.97,373.45,22,44,82
38,442,418,43008.09,18119.16,1406.21,22,49,77
38,442,418,43026.25,18090.86,373.45,22,44,82
38,442,418,43038.58,17594.42,839.13,22,51,77
38,442,418,43038.84,17559.61,839.13,22,51,77
38,442,418,43044.31,17083.46,929.55,22,51,76
38,442,418,43044.92,17556.37,839.13,22,51,76
38,442,418,43056.66,17494.29,839.13,22,51,76
38,442,418,43078.95,17637.44,1449.84,22,47,71
38,442,418,43080.07,18141.98,300.88,20,51,75
38,442,418,43087.67,17819.41,250.46,20,50,83
38,442,418,43102.93,17420.41,838.77,22,48,79
38,442,418,43128.94,17299.87,838.77,22,48,79
38,442,418,43131.09,17535.93,1449.84,22,47,71
38,442,418,43148.04,17628.08,1449.84,22,47,70
38,442,418,43152.77,18646.1,348.91,22,44,85
38,442,418,43164.24,17435.02,1288.32,22,47,79
38,442,418,43166.06,17736.18,300.88,20,51,77
38,442,418,43218.19,18628.76,348.91,22,44,85
38,442,418,43270.21,17302.73,210.83,22,50,91
38,442,418,43292.54,18622.82,348.91,22,44,85
38,442,418,43296.1,17503.36,1449.84,22,47,71
38,442,418,43303.8,17290.02,210.83,22,50,92
38,442,418,43305.22,17150.98,280.29,20,51,79
38,442,418,43321.53,17241.97,278.99,22,51,90
38,442,418,43361.34,16991.33,280.29,20,51,79
38,442,418,43403.73,16990.9,914.99,22,49,78
38,442,418,43408.34,17302.73,210.83,22,49,91
38,442,418,43408.76,16990.9,914.99,22,49,77
38,442,418,43461.81,17464.63,1388.68,22,49,67
38,442,418,43461.81,17506.22,1388.68,22,49,66
38,442,418,43512.74,17432.1,493.48,22,45,84
38,442,418,43536.01,17293.68,493.48,22,45,84
38,442,418,43536.38,17173.67,855.72,22,48,79
38,442,418,43561.25,17905.98,1258.26,22,49,75
38,442,418,43572.65,17846.42,1258.26,22,49,75
38,442,418,43572.65,17846.42,1258.26,22,49,76
38,442,418,43577.72,17658.75,1013.49,22,49,75
38,442,418,43608.83,17552.48,1148.59,22,47,81
38,442,418,43608.83,17583.24,1074.57,22,47,81
38,442,418,43608.86,17523.98,1148.59,22,47,82
38,442,418,43616.15,17538.29,1353.84,21,50,74
38,442,418,43635.33,16804.45,864.92,22,49,81
38,442,418,43640.73,17226.91,427.66,22,50,77
38,442,418,43649.77,17047.46,762.99,22,49,78
38,442,418,43652.53,16712.01,1344.06,21,50,82
38,442,418,43656.03,17574.49,1074.57,22,47,81
38,442,418,43662.49,16804.45,790.9,22,49,82
38,442,418,43678.6,16574.17,1259.19,21,50,82
38,442,418,43680.57,17631.2,1013.49,22,49,75
38,442,418,43686.63,16839.14,790.9,22,49,81
38,442,418,43699.89,17533.9,1393.54,21,50,73
38,442,418,43716.61,16801.96,799.89,22,49,80
38,442,418,43724.24,17547.14,708.21,22,49,81
38,442,418,43729.52,17034.32,762.99,22,49,78
38,442,418,43753.86,17609.77,958.56,22,50,76
38,442,418,43785.67,17546.72,1074.57,22,47,81
38,442,418,43793.05,18442.72,348.91,22,44,88
38,442,418,43797.06,18089.81,746.93,22,50,75
38,442,418,43804.56,16937.39,852.72,22,49,78
38,442,418,43814.86,17610.9,248.93,20,50,81
38,442,418,43823.78,18442.72,303.3,22,44,90
38,442,418,43826.83,18474.36,348.91,22,44,87
38,442,418,43828.55,19500.88,238.01,22,51,85
38,442,418,43861.7,16523.11,1259.19,21,50,82
38,442,418,43868.43,16784.76,799.89,22,49,80
38,442,418,43872.16,19435.34,238.01,22,51,85
38,442,418,43879.33,17576.49,248.93,20,50,81
38,442,418,43884.27,17285.39,501.9,22,50,76
38,442,418,43900.81,19384.94,238.01,22,51,85
38,442,418,43904.69,17261.32,427.66,22,50,76
38,442,418,43926.54,17008.91,646.29,22,50,75
38,442,418,43929.44,17515.07,248.93,20,50,81
38,442,418,43939.08,17401.91,248.93,20,50,83
38,442,418,43941.02,17311.57,493.48,22,45,83
38,442,418,43945.09,17712.73,250.46,20,49,80
38,442,418,43970.32,17554.39,1419.71,21,50,72
38,442,418,43971.72,17707.5,250.46,20,49,80
38,442,418,43991.74,17351.64,248.93,20,50,82
38,442,418,43991.74,17487.41,248.93,20,50,81
38,442,418,44004.06,17575.59,557.49,22,45,81
38,442,418,44025.9,17248.67,648.48,22,48,82
38,442,418,44038.16,17306.1,248.93,20,51,80
38,442,418,44041.94,17401.91,248.93,20,50,81
38,442,418,44044.55,19246.94,238.01,22,51,85
38,442,418,44050.3,17208.95,593.33,22,49,83
38,442,418,44056.86,17172.9,762.99,22,49,76
38,442,418,44072.24,16857.74,837.23,22,49,78
38,442,418,44082.03,18072.76,1334.28,21,50,73
38,442,418,44085.26,17515.28,557.49,22,45,82
38,442,418,44086.4,17331.58,248.93,20,50,81
38,442,418,44101.1,17097.47,501.9,22,50,78
38,442,418,44115.22,17211.73,430.31,22,50,78
38,442,418,44132.65,17090.1,360.94,20,49,84
38,442,418,44135.95,17230.98,762.99,22,49,75
38,442,418,44136.36,17569.95,1287.12,21,51,76
38,442,418,44144.24,18129.91,1334.28,21,50,73
38,442,418,44168.87,18112.9,1334.28,21,50,74
38,442,418,44182.29,18321.91,705.26,21,45,83
38,442,418,44183.73,16985.57,861.9,22,49,73
38,442,418,44186.17,16980.02,861.9,22,49,73
38,442,418,44202.47,18266.25,705.26,21,45,83
38,442,418,44213.08,17203.67,648.48,22,48,81
38,442,418,44254.03,17197.68,648.48,22,48,81
38,442,418,44267.44,16931.06,861.9,22,49,73
38,442,418,44314.58,17653.82,577.55,22,48,78
38,442,418,44331.84,17626.24,577.55,22,48,78
38,442,418,44349.02,17539.77,1274.62,21,50,77
38,442,418,44351.06,17395.6,750.58,22,47,77
38,442,418,44351.66,17310.06,750.58,22,47,77
38,442,418,44351.82,17526.94,1274.62,21,50,77
38,442,418,44360.91,16845.09,1023.04,22,49,74
38,442,418,44366.29,17171.26,648.48,22,48,81
38,442,418,44368.64,16898.12,1023.04,22,49,73
38,442,418,44370.04,17196.11,750.58,22,47,77
38,442,418,44443.66,17131.12,648.48,22,48,81
38,442,418,44455.08,17511.28,621.62,22,45,81
38,442,418,44460.35,17139.86,518.47,22,51,77
38,442,418,44470.26,17470.21,621.62,22,45,81
38,442,418,44537.12,17507.55,430.38,22,45,88
38,442,418,44550.22,17546.35,1229.01,21,50,77
38,442,418,44580.71,17175.38,750.58,22,47,77
38,442,418,44621.15,16893.25,770.0,22,47,76
38,442,418,44626.72,17536.73,317.34,22,49,88
38,442,418,44655.63,17251.01,729.99,22,48,79
38,442,418,44670.34,17427.87,430.38,22,45,88
38,442,418,44683.03,17008.27,663.06,22,46,83
38,442,418,44712.13,17053.63,648.48,22,47,82
38,442,418,44719.47,17423.08,430.38,22,45,88
38,442,418,44733.23,17142.95,408.28,22,46,77
38,442,418,44765.09,17836.49,323.4,22,44,84
38,442,418,44772.61,16957.97,663.06,22,46,82
38,442,418,44775.65,17381.96,369.5,22,46,75
38,442,418,44838.73,17188.92,429.42,22,45,89
38,442,418,44844.99,18372.6,693.48,21,47,87
38,442,418,44865.41,17084.51,602.87,22,47,83
38,442,418,44903.59,18212.76,659.65,21,47,85
38,442,418,44960.52,18892.6,902.31,21,47,79
38,442,418,44983.0,17084.51,602.87,22,47,82
38,442,418,44984.53,16735.52,663.06,22,46,85
38,442,418,44999.89,18368.14,323.4,22,44,82
38,442,418,45006.91,18084.66,659.65,21,47,86
38,442,418,45030.92,16911.95,643.65,22,47,83
38,442,418,45094.32,17977.27,823.26,22,50,70
38,442,418,45100.42,17977.99,850.55,22,50,69
38,442,418,45104.16,18078.96,659.65,21,47,85
38,442,418,45158.53,18129.77,711.83,21,47,84
38,442,418,45167.84,17677.5,920.53,22,45,77
38,442,418,45205.03,17920.86,823.26,22,50,70
38,442,418,45234.09,17368.83,368.07,22,46,87
38,442,418,45305.08,17570.55,368.07,22,46,86
38,442,418,45325.31,17493.08,823.26,22,50,70
38,442,418,45560.05,18235.83,641.31,21,48,84
38,442,418,45613.33,17508.2,426.48,22,45,84
38,442,418,45648.84,17636.89,426.48,22,45,83
38,442,418,45706.7,18732.59,323.4,22,45,81
38,442,418,45764.81,17693.27,307.83,22,48,91
38,442,418,45779.56,18712.65,323.4,22,45,81
38,442,418,45787.77,18291.64,323.4,22,45,82
38,442,418,45797.0,18503.53,323.4,22,45,81
38,442,418,45814.69,17650.37,307.83,22,48,91
38,442,418,45914.19,17039.35,569.86,22,46,74
38,442,418,45930.58,17038.31,569.86,22,46,74
38,442,418,45956.04,16846.73,606.66,22,46,74
38,442,418,45981.53,17609.4,307.83,22,48,91
38,442,418,46014.06,16991.12,569.86,22,46,74
38,442,418,46014.06,17013.5,606.98,22,46,73
38,442,418,46220.93,18324.6,238.19,22,50,86
38,442,418,46512.94,17806.5,302.92,22,48,90
38,442,419,41824.32,17713.32,1661.45,22,48,74
38,442,419,41824.32,17765.64,1661.45,22,48,73
38,442,419,41855.02,17624.86,269.52,20,51,82
38,442,419,41895.59,17669.92,1661.45,22,48,74
38,442,419,41911.1,17941.89,248.93,20,51,82
38,442,419,41965.62,18276.61,1058.13,22,51,77
38,442,419,41980.3,18276.61,1110.31,22,51,76
38,442,419,42051.42,18230.22,1110.31,22,51,76
38,442,419,42055.45,17575.24,1661.45,22,48,74
38,442,419,42132.51,17158.77,1512.49,22,49,72
38,442,419,42144.32,17793.89,280.29,20,50,79
38,442,419,42193.45,17518.86,1675.69,22,49,70
38,442,419,42230.19,18484.64,1097.45,22,51,74
38,442,419,42264.05,18228.6,1109.53,22,51,73
38,442,419,42299.04,17919.67,191.43,22,50,87
38,442,419,42304.63,18228.6,1109.53,22,51,72
38,442,419,42316.23,17848.29,191.43,22,50,87
38,442,419,42396.25,17986.52,191.43,22,50,86
38,442,419,42532.64,17817.63,191.43,22,50,86
38,442,419,42552.21,17537.06,280.29,20,50,79
38,442,419,42619.03,17450.84,1288.32,22,48,79
38,442,419,42638.38,17788.43,191.43,22,50,91
38,442,419,42639.66,17697.87,248.93,20,50,85
38,442,419,42705.52,17688.68,210.83,22,49,91
38,442,419,42716.15,17275.57,929.55,22,51,77
38,442,419,42721.39,17252.4,908.95,22,51,77
38,442,419,42738.41,16981.99,938.21,22,50,79
38,442,419,42740.74,17097.79,876.24,22,50,80
38,442,419,42745.88,17754.89,191.43,22,50,91
38,442,419,42752.08,17659.35,248.93,20,50,88
38,442,419,42754.96,17479.31,191.43,21,50,85
38,442,419,42799.93,17923.44,135.21,22,50,94
38,442,419,42805.86,17556.78,155.8,22,49,91
38,442,419,42811.1,17174.63,929.55,22,51,76
38,442,419,42824.78,17920.51,135.21,22,50,94
38,442,419,42828.84,17552.18,300.88,20,51,77
38,442,419,42834.82,17401.24,948.96,22,51,74
38,442,419,42846.35,17890.26,975.44,22,47,80
38,442,419,42861.61,17823.84,1499.68,22,49,72
38,442,419,42861.61,17871.97,1584.56,22,49,71
38,442,419,42866.27,17862.65,1669.44,22,49,70
38,442,419,42874.6,17722.99,1021.05,22,47,80
38,442,419,42877.4,17418.71,248.93,20,49,78
38,442,419,42878.74,17974.88,191.43,22,49,90
38,442,419,42886.79,17635.63,1021.05,22,47,80
38,442,419,42890.78,16841.61,947.46,22,50,80
38,442,419,42909.57,16827.0,947.46,22,50,80
38,442,419,42927.46,17165.8,248.93,20,49,77
38,442,419,42952.17,17011.71,210.83,22,50,92
38,442,419,42996.2,17962.34,300.88,20,51,75
38,442,419,43008.4,17809.7,135.21,22,49,95
38,442,419,43024.58,17650.67,1544.41,22,49,66
38,442,419,43024.58,17703.16,1459.54,22,49,66
38,442,419,43044.31,17059.56,929.55,22,51,76
38,442,419,43048.43,18117.21,377.32,22,43,78
38,442,419,43051.06,17754.18,135.21,22,49,94
38,442,419,43077.16,17396.89,838.77,22,48,79
38,442,419,43089.69,18045.1,377.32,22,43,78
38,442,419,43132.45,17271.6,838.77,22,48,80
38,442,419,43268.09,17909.15,1368.83,22,47,73
38,442,419,43305.22,17031.01,280.29,20,51,79
38,442,419,43322.11,17321.98,1095.24,22,51,73
38,442,419,43341.61,17464.63,1388.68,22,49,67
38,442,419,43346.11,17362.92,1095.24,22,51,72
38,442,419,43351.48,17501.56,155.8,22,49,91
38,442,419,43394.82,17245.95,838.77,22,48,81
38,442,419,43411.44,17492.67,210.83,22,49,90
38,442,419,43415.84,17511.3,1148.59,22,47,80
38,442,419,43440.25,17440.34,1388.68,22,49,69
38,442,419,43440.65,17278.77,493.48,22,45,84
38,442,419,43460.05,17389.64,1148.59,22,47,81
38,442,419,43460.74,17237.68,493.48,22,45,84
38,442,419,43483.81,17208.45,838.77,22,48,81
38,442,419,43562.79,18601.66,348.91,22,44,88
38,442,419,43583.77,16622.57,1259.19,21,50,82
38,442,419,43590.05,17371.93,1388.68,22,49,69
38,442,419,43596.49,16716.73,864.92,22,49,81
38,442,419,43608.83,17546.96,1074.57,22,47,81
38,442,419,43619.11,17351.57,1388.68,22,49,69
38,442,419,43629.78,17809.41,1248.63,22,47,79
38,442,419,43683.11,18236.56,303.3,22,44,91
38,442,419,43684.41,17737.91,1248.63,22,47,79
38,442,419,43694.1,16936.56,872.14,22,49,78
38,442,419,43695.99,16750.22,872.14,22,49,79
38,442,419,43717.38,18325.84,303.3,22,44,90
38,442,419,43762.27,18278.2,303.3,22,44,90
38,442,419,43785.42,18132.78,303.3,22,47,92
38,442,419,43785.42,18222.27,303.3,22,47,91
38,442,419,43786.03,16567.82,1344.06,21,50,82
38,442,419,43787.19,18147.93,746.93,22,50,76
38,442,419,43794.8,16871.94,872.14,22,49,78
38,442,419,43847.68,16826.8,872.14,22,49,78
38,442,419,43852.02,17200.17,1388.68,22,49,69
38,442,419,43861.07,19264.01,238.01,22,51,84
38,442,419,43861.07,19307.7,238.01,22,51,83
38,442,419,43875.99,17433.5,557.49,22,45,81
38,442,419,43943.24,17272.35,598.04,22,47,82
38,442,419,43956.05,17152.11,593.33,22,49,83
38,442,419,43972.94,17401.63,493.48,22,45,82
38,442,419,43989.53,17545.21,900.06,22,50,74
38,442,419,44003.5,18500.37,191.43,22,50,84
38,442,419,44016.43,17151.13,360.94,20,49,84
38,442,419,44030.73,16871.94,872.14,22,49,77
38,442,419,44033.91,17542.98,900.06,22,50,74
38,442,419,44047.4,16808.37,872.14,22,49,77
38,442,419,44056.59,17169.45,762.99,22,49,76
38,442,419,44082.03,17959.65,1334.28,21,50,73
38,442,419,44087.35,17189.83,598.04,22,47,82
38,442,419,44121.02,17090.1,360.94,20,49,84
38,442,419,44149.8,17863.1,1419.71,21,50,71
38,442,419,44164.46,18041.32,1312.51,21,50,73
38,442,419,44184.53,16973.12,646.29,22,50,74
38,442,419,44186.65,17118.85,762.99,22,49,75
38,442,419,44202.69,17322.72,434.88,22,44,87
38,442,419,44212.87,18087.27,361.42,22,48,81
38,442,419,44268.77,17066.03,759.35,22,49,76
38,442,419,44285.29,17796.38,577.55,22,48,77
38,442,419,44292.78,17479.54,1274.62,21,50,76
38,442,419,44425.98,17600.96,430.38,22,45,90
38,442,419,44443.84,18679.83,307.83,22,46,88
38,442,419,44465.08,17654.09,546.49,22,50,75
38,442,419,44468.6,17644.63,430.38,22,45,89
38,442,419,44469.88,18643.07,307.83,22,46,88
38,442,419,44479.06,18736.15,323.51,22,48,85
38,442,419,44559.22,18016.89,361.42,22,48,82
38,442,419,44646.68,16912.68,663.06,22,46,84
38,442,419,44647.68,16883.4,731.92,22,47,76
38,442,419,44655.63,17213.86,729.99,22,48,79
38,442,419,44664.97,17352.68,369.5,22,46,75
38,442,419,44734.2,16932.13,729.99,22,48,79
38,442,419,44751.96,16708.22,663.06,22,46,85
38,442,419,44768.75,16362.53,992.4,22,51,82
38,442,419,44815.13,16211.62,992.4,22,51,82
38,442,419,44828.95,17991.79,693.48,21,47,86
38,442,419,44828.95,18006.03,693.48,21,47,85
38,442,419,44848.05,18234.28,323.4,22,44,83
38,442,419,44867.6,17044.15,648.98,22,48,80
38,442,419,44895.13,16680.25,663.06,22,46,85
38,442,419,44900.03,17031.1,648.98,22,48,80
38,442,419,44909.22,18079.8,323.4,22,44,83
38,442,419,44929.64,18093.24,693.48,21,47,84
38,442,419,44966.85,18759.7,871.04,21,47,79
38,442,419,44968.46,16678.77,663.06,22,46,85
38,442,419,45009.81,17522.93,1015.9,21,51,73
38,442,419,45030.92,16870.27,643.65,22,47,83
38,442,419,45060.73,19140.93,902.31,21,47,78
38,442,419,45073.82,16766.55,663.06,22,46,84
38,442,419,45083.8,17434.68,368.07,22,46,89
38,442,419,45085.43,17371.38,368.07,22,46,87
38,442,419,45087.9,16766.55,663.06,22,46,83
38,442,419,45100.42,17825.62,850.55,22,50,69
38,442,419,45137.54,18931.43,743.91,21,47,81
38,442,419,45172.87,17796.32,837.21,22,50,69
38,442,419,45173.43,17090.35,643.65,22,46,81
38,442,419,45229.69,18003.9,711.83,21,47,85
38,442,419,45257.99,17721.26,330.95,22,46,86
38,442,419,45264.32,16947.69,681.6,22,46,78
38,442,419,45265.24,16973.77,663.06,22,46,80
38,442,419,45274.05,17525.26,920.53,22,45,78
38,442,419,45329.27,17487.53,920.53,22,45,78
38,442,419,45351.89,17831.45,323.4,22,46,78
38,442,419,45363.89,17181.4,552.94,22,45,82
38,442,419,45363.89,17181.4,566.28,22,45,81
38,442,419,45502.73,17172.22,529.16,22,45,82
38,442,419,45502.73,17172.22,566.28,22,45,81
38,442,419,45508.8,17617.45,426.48,22,45,87
38,442,419,45560.05,18197.66,641.31,21,48,84
38,442,419,45659.51,18183.81,307.83,22,46,87
38,442,419,45664.64,17891.27,307.83,22,46,87
38,442,419,45668.61,17821.49,307.83,22,46,88
38,442,419,45674.65,18228.11,323.4,22,45,82
38,442,419,45705.59,16805.89,550.44,22,46,75
38,442,419,45706.7,18712.65,323.4,22,45,81
38,442,419,45745.34,17949.16,302.92,22,48,88
38,442,419,45761.91,18291.64,323.4,22,45,81
38,442,419,45797.39,17456.08,426.48,22,45,84
38,442,419,45834.12,17646.87,307.83,22,48,91
38,442,419,45885.96,16839.83,606.66,22,46,74
38,442,419,45930.58,17006.26,569.86,22,46,74
38,442,419,45963.78,17735.05,323.51,22,48,87
38,442,419,46078.46,17925.03,302.92,22,48,88
38,442,419,46148.82,17920.79,302.92,22,48,90
38,442,419,46171.09,17860.35,302.92,22,48,90
38,442,419,46197.02,17836.7,302.92,22,48,89
38,442,419,46231.63,17665.59,302.92,22,48,89
38,442,420,41044.46,18579.17,1491.67,22,51,73
38,442,420,41108.04,18846.0,1445.58,22,51,73
38,442,420,41163.6,18669.47,1373.97,22,51,75
38,442,420,41163.6,18688.11,1289.1,22,51,75
38,442,420,41401.56,18433.11,1174.56,22,51,77
38,442,420,41401.56,18467.88,1174.56,22,51,76
38,442,420,41463.06,18467.88,1174.56,22,50,76
38,442,420,41525.95,18384.89,1058.13,22,51,79
38,442,420,41525.95,18481.09,1122.39,22,51,78
38,442,420,41688.2,18357.74,1058.13,22,51,79
38,442,420,41755.69,17864.68,1661.45,22,48,74
38,442,420,41805.65,17624.86,269.52,20,51,81
38,442,420,41809.12,18356.48,1058.13,22,51,79
38,442,420,41809.49,17864.68,1661.45,22,48,73
38,442,420,41866.64,17612.58,269.52,20,51,81
38,442,420,41973.16,17601.03,269.52,20,51,82
38,442,420,41975.88,17603.59,269.52,20,51,81
38,442,420,42010.79,17919.93,1594.28,22,49,72
38,442,420,42193.04,18181.52,191.43,22,50,87
38,442,420,42201.1,18265.19,191.43,22,50,85
38,442,420,42207.63,17587.01,248.93,20,51,82
38,442,420,42238.0,18181.52,191.43,22,50,86
38,442,420,42257.88,17646.74,280.29,20,51,80
38,442,420,42285.12,17853.53,191.43,22,50,87
38,442,420,42334.81,17529.92,456.61,22,50,80
38,442,420,42342.44,17805.09,191.43,22,50,87
38,442,420,42378.37,17766.7,191.43,22,50,87
38,442,420,42458.05,17347.02,248.93,20,50,88
38,442,420,42489.64,17587.51,280.29,20,50,78
38,442,420,42552.63,17709.55,248.93,20,49,85
38,442,420,42561.02,17355.92,280.29,20,51,79
38,442,420,42568.84,17961.61,210.83,22,49,91
38,442,420,42574.87,17938.34,975.44,22,47,79
38,442,420,42589.38,17628.9,248.93,20,49,85
38,442,420,42635.11,17605.92,248.93,20,49,85
38,442,420,42653.82,17515.29,248.93,20,50,87
38,442,420,42662.54,17320.15,280.29,20,51,79
38,442,420,42674.86,17941.48,210.83,22,49,91
38,442,420,42692.31,17213.5,892.61,22,49,80
38,442,420,42695.96,17438.14,191.43,21,50,86
38,442,420,42700.83,17865.27,975.44,22,47,80
38,442,420,42708.7,17479.31,191.43,21,50,85
38,442,420,42715.83,17892.17,135.21,22,49,96
38,442,420,42718.31,17555.9,248.93,20,50,86
38,442,420,42726.28,17495.85,248.93,20,50,87
38,442,420,42727.37,17864.71,975.44,22,47,80
38,442,420,42728.49,17859.61,975.44,22,47,80
38,442,420,42729.85,17899.09,135.21,22,50,94
38,442,420,42738.52,17556.7,248.93,20,49,85
38,442,420,42742.33,17809.7,135.21,22,49,96
38,442,420,42744.79,17438.14,191.43,21,50,85
38,442,420,42746.75,17438.14,191.43,21,50,84
38,442,420,42750.07,17774.74,135.21,22,49,96
38,442,420,42755.33,17899.09,135.21,22,50,93
38,442,420,42765.79,17418.69,248.93,20,50,87
38,442,420,42792.86,17389.95,908.95,22,50,78
38,442,420,42799.14,17327.36,248.93,20,49,78
38,442,420,42813.08,16682.31,960.8,22,50,79
38,442,420,42813.45,16643.84,960.8,22,50,79
38,442,420,42819.15,17731.05,135.21,22,50,93
38,442,420,42822.22,16733.97,947.46,22,50,79
38,442,420,42828.84,17524.82,300.88,20,51,77
38,442,420,42847.37,17738.89,1066.65,22,47,80
38,442,420,42856.04,17905.76,1077.96,22,48,79
38,442,420,42856.08,18072.93,1360.05,22,49,68
38,442,420,42862.99,18102.95,1360.05,22,49,67
38,442,420,42864.92,16637.82,960.8,22,50,80
38,442,420,42865.56,18053.24,1370.24,22,49,67
38,442,420,42866.4,17647.2,1549.84,22,48,77
38,442,420,42886.97,16595.51,960.8,22,50,79
38,442,420,42896.73,17211.91,210.83,22,50,93
38,442,420,42910.59,17304.7,248.93,20,49,78
38,442,420,42915.08,17809.7,135.21,22,49,95
38,442,420,42918.16,17898.9,1370.24,22,49,66
38,442,420,42919.34,17224.18,929.55,22,51,75
38,442,420,42919.34,17224.18,948.96,22,51,74
38,442,420,42940.6,17099.53,210.83,22,50,93
38,442,420,42953.58,17032.46,929.55,22,51,76
38,442,420,42960.68,17680.29,1441.62,22,48,78
38,442,420,42994.99,17782.5,1086.07,22,47,79
38,442,420,43005.85,17668.07,1441.62,22,48,78
38,442,420,43008.9,17787.14,1459.54,22,49,66
38,442,420,43047.25,17162.62,248.93,20,49,77
38,442,420,43173.88,17030.35,248.93,20,49,78
38,442,420,43176.81,17594.04,1519.4,22,49,66
38,442,420,43177.6,17688.68,1498.81,22,49,66
38,442,420,43238.64,17295.94,838.77,22,48,79
38,442,420,43291.92,17135.04,876.24,22,51,76
38,442,420,43352.16,17454.85,1148.59,22,46,81
38,442,420,43458.53,17637.26,1388.68,22,49,66
38,442,420,43467.56,16897.41,858.8,22,49,81
38,442,420,43474.89,17362.93,1148.59,22,47,81
38,442,420,43533.38,17182.53,855.72,22,48,79
38,442,420,43544.36,16630.71,1259.19,21,50,81
38,442,420,43545.89,16752.98,857.93,22,49,82
38,442,420,43552.42,17231.63,493.48,22,45,84
38,442,420,43559.53,17172.01,855.72,22,48,79
38,442,420,43575.87,17160.36,493.48,22,45,84
38,442,420,43581.54,17162.32,855.72,22,48,79
38,442,420,43587.28,17146.75,855.72,22,48,80
38,442,420,43589.28,16876.06,858.8,22,49,81
38,442,420,43600.84,17235.12,441.31,22,45,83
38,442,420,43603.5,16910.67,872.14,22,49,78
38,442,420,43619.11,17330.83,1388.68,22,49,69
38,442,420,43627.43,17976.57,348.91,22,47,92
38,442,420,43638.0,17849.24,1041.08,22,47,76
38,442,420,43646.13,18224.95,303.3,22,46,90
38,442,420,43649.59,17823.43,263.8,20,48,81
38,442,420,43651.56,17801.35,263.8,20,48,81
38,442,420,43667.08,17735.64,263.8,20,48,81
38,442,420,43680.48,19556.72,238.01,22,51,83
38,442,420,43680.48,19594.76,238.01,22,51,82
38,442,420,43683.11,18228.35,303.3,22,44,91
38,442,420,43683.11,18412.79,303.3,22,44,90
38,442,420,43685.13,17765.68,1143.8,22,47,78
38,442,420,43691.02,18132.78,303.3,22,47,92
38,442,420,43721.61,18066.9,303.3,22,47,91
38,442,420,43728.16,18551.51,348.91,22,44,88
38,442,420,43746.71,17394.49,557.49,22,45,79
38,442,420,43749.99,19520.4,238.01,22,51,83
38,442,420,43750.58,17815.3,263.8,20,48,80
38,442,420,43759.24,17422.96,933.85,22,49,76
38,442,420,43778.41,17732.66,1606.42,22,48,69
38,442,420,43828.0,17743.13,191.43,21,49,85
38,442,420,43854.15,18066.4,885.76,22,50,75
38,442,420,43854.15,18094.84,958.56,22,50,74
38,442,420,43855.61,17714.31,248.93,20,48,80
38,442,420,43857.68,17308.62,598.04,22,47,82
38,442,420,43872.7,17272.35,598.04,22,47,82
38,442,420,43879.99,17251.55,493.48,22,45,82
38,442,420,43885.35,17346.84,557.49,22,45,80
38,442,420,43924.76,17797.65,1268.21,22,50,74
38,442,420,43936.66,17742.71,191.43,21,49,85
38,442,420,43992.31,17509.11,1274.62,21,50,76
38,442,420,43998.27,17679.53,1533.57,22,48,69
38,442,420,44007.75,17436.06,1426.62,22,48,68
38,442,420,44063.24,17506.6,1274.62,21,50,76
38,442,420,44081.38,17200.28,1388.68,22,48,70
38,442,420,44121.95,17056.61,759.35,22,49,76
38,442,420,44128.97,17200.28,1388.68,22,48,69
38,442,420,44143.0,17148.35,662.93,22,47,81
38,442,420,44146.4,17222.77,1426.62,22,48,68
38,442,420,44149.07,17345.82,1426.62,22,47,68
38,442,420,44152.35,17141.48,759.35,22,49,75
38,442,420,44225.15,17006.55,759.35,22,49,76
38,442,420,44229.14,17100.39,518.47,22,51,77
38,442,420,44235.28,17121.42,662.93,22,47,81
38,442,420,44243.04,16926.19,759.35,22,49,76
38,442,420,44330.25,17015.32,518.47,22,51,76
38,442,420,44337.17,17698.35,861.67,22,50,73
38,442,420,44360.68,17185.62,753.94,22,49,76
38,442,420,44405.99,17744.06,1050.54,22,46,78
38,442,420,44406.75,18249.51,361.42,22,47,82
38,442,420,44416.6,18671.52,307.83,22,46,88
38,442,420,44416.89,17600.96,430.38,22,45,90
38,442,420,44469.88,18617.25,307.83,22,46,88
38,442,420,44469.97,17797.08,518.47,22,50,75
38,442,420,44472.34,18118.99,1614.44,22,46,69
38,442,420,44535.11,17289.84,434.88,22,44,87
38,442,420,44607.17,16890.21,672.48,22,47,77
38,442,420,44607.17,16911.12,685.82,22,47,76
38,442,420,44610.09,16883.4,731.92,22,47,76
38,442,420,44614.9,17762.07,302.81,22,44,84
38,442,420,44660.36,18136.08,1608.71,22,46,69
38,442,420,44714.83,16532.98,992.4,22,51,82
38,442,420,44748.14,16931.7,648.98,22,48,79
38,442,420,44942.75,17541.15,302.81,22,44,82
38,442,420,44942.75,17584.68,302.81,22,44,81
38,442,420,44956.96,17545.46,302.81,22,44,81
38,442,420,44966.85,18615.81,871.04,21,47,79
38,442,420,44979.67,17460.6,302.81,22,44,81
38,442,420,45011.76,17394.97,302.81,22,44,82
38,442,420,45013.34,17697.74,1015.9,21,51,72
38,442,420,45030.92,16805.01,643.65,22,47,83
38,442,420,45085.02,17601.26,1015.9,21,51,72
38,442,420,45086.98,18592.17,697.81,21,47,83
38,442,420,45164.13,17796.32,837.21,22,50,69
38,442,420,45164.13,17796.32,850.55,22,50,68
38,442,420,45172.87,17783.38,837.21,22,50,69
38,442,420,45186.84,17828.08,960.87,21,51,73
38,442,420,45207.56,18643.52,743.91,21,47,82
38,442,420,45260.06,17825.52,960.87,21,51,73
38,442,420,45283.91,17205.36,552.94,22,45,82
38,442,420,45291.53,17765.99,960.87,21,51,73
38,442,420,45320.91,16852.03,681.6,22,46,78
38,442,420,45393.16,16850.62,681.6,22,46,78
38,442,420,45487.63,18028.15,925.41,21,50,76
38,442,420,45544.74,17244.47,529.16,22,45,81
38,442,420,45579.09,17228.95,529.16,22,45,81
38,442,420,45588.35,16959.61,550.44,22,46,75
38,442,420,45588.63,17301.85,426.48,22,45,86
38,442,420,45650.38,16810.32,591.51,22,46,75
38,442,420,45654.17,16656.46,591.51,22,46,75
38,442,420,45661.31,16927.93,550.44,22,46,75
38,442,420,45740.0,16570.67,561.06,22,46,75
38,442,420,46008.39,16555.0,642.06,22,46,74
38,442,420,46008.39,16559.55,561.06,22,46,75
38,442,421,40997.43,18579.17,1491.67,22,51,73
38,442,421,41151.79,18668.02,1201.54,22,51,76
38,442,421,41151.79,18668.02,1289.1,22,51,75
38,442,421,41152.91,18554.73,1201.54,22,50,73
38,442,421,41181.73,18498.88,1201.54,22,50,74
38,442,421,41215.17,18471.93,1201.54,22,51,73
38,442,421,41289.89,18470.33,1169.11,22,50,76
38,442,421,41340.81,18460.88,1221.28,22,50,74
38,442,421,41349.86,18420.79,1221.28,22,50,74
38,442,421,41368.73,18460.88,1169.11,22,50,76
38,442,421,41444.28,18384.89,1058.13,22,51,79
38,442,421,41479.37,17306.98,286.61,20,51,81
38,442,421,41484.69,18357.74,1058.13,22,51,79
38,442,421,41525.95,18356.68,1122.39,22,51,78
38,442,421,41538.34,17303.79,286.61,20,51,81
38,442,421,41548.34,17442.68,280.29,20,51,82
38,442,421,41555.34,17294.85,286.61,20,51,81
38,442,421,41603.58,17337.86,280.29,20,51,82
38,442,421,41644.28,17294.85,286.61,20,51,80
38,442,421,41736.33,17865.28,1661.45,22,48,74
38,442,421,41755.69,17816.89,1661.45,22,48,74
38,442,421,41778.03,17202.61,280.29,20,51,83
38,442,421,41854.47,17518.94,269.52,20,51,82
38,442,421,41855.93,17528.26,1574.29,22,50,74
38,442,421,41877.83,17528.26,1554.19,22,50,74
38,442,421,41926.25,17479.32,1498.15,22,50,73
38,442,421,41926.25,17482.42,1498.15,22,50,72
38,442,421,42205.36,17586.6,456.61,22,50,79
38,442,421,42207.63,17552.56,248.93,20,51,82
38,442,421,42265.31,17580.88,456.61,22,50,80
38,442,421,42279.07,17542.63,456.61,22,50,79
38,442,421,42291.93,17511.82,248.93,20,50,88
38,442,421,42342.48,17929.03,210.83,22,49,90
38,442,421,42428.87,17321.27,248.93,20,50,88
38,442,421,42440.25,17912.46,975.44,22,47,80
38,442,421,42442.24,17944.6,1583.18,22,49,71
38,442,421,42442.24,17944.6,1664.18,22,49,70
38,442,421,42519.92,17677.82,210.83,22,50,88
38,442,421,42521.39,17410.15,191.43,21,50,86
38,442,421,42560.27,17930.29,1664.18,22,49,70
38,442,421,42594.23,17649.24,191.43,21,50,84
38,442,421,42611.46,16737.36,960.8,22,50,80
38,442,421,42614.48,17485.88,248.93,20,51,83
38,442,421,42614.61,17486.8,191.43,21,50,84
38,442,421,42619.95,17381.4,248.93,20,51,83
38,442,421,42622.62,17780.78,1449.84,22,47,70
38,442,421,42633.05,16819.4,952.63,22,50,79
38,442,421,42672.35,16954.72,976.16,22,49,79
38,442,421,42673.22,17775.37,1449.84,22,47,70
38,442,421,42673.97,17881.75,135.21,22,49,96
38,442,421,42689.96,17251.33,280.29,20,51,78
38,442,421,42701.13,16757.34,960.8,22,50,79
38,442,421,42743.4,17139.82,930.55,22,49,79
38,442,421,42745.57,16855.54,976.16,22,49,79
38,442,421,42750.4,18036.27,1360.05,22,49,67
38,442,421,42751.52,17093.85,280.29,20,51,78
38,442,421,42759.35,17057.31,280.29,20,51,78
38,442,421,42769.14,17751.09,1412.72,22,47,70
38,442,421,42772.19,16699.96,960.8,22,50,80
38,442,421,42773.8,17724.38,1586.89,22,47,68
38,442,421,42782.41,17848.05,135.21,22,50,93
38,442,421,42782.66,16820.22,976.16,22,49,79
38,442,421,42786.67,17714.69,135.21,22,50,94
38,442,421,42786.67,17731.05,135.21,22,50,93
38,442,421,42803.93,17595.61,300.88,20,51,77
38,442,421,42822.22,16698.55,947.46,22,50,79
38,442,421,42823.53,18572.41,781.92,22,51,76
38,442,421,42828.15,17664.18,1549.84,22,48,77
38,442,421,42856.04,17933.74,1058.55,22,48,79
38,442,421,42859.26,17149.41,892.61,22,49,82
38,442,421,42859.99,17555.97,1549.84,22,48,77
38,442,421,42865.56,18022.12,1370.24,22,49,67
38,442,421,42904.56,17114.22,892.61,22,49,80
38,442,421,42913.57,17921.45,1360.05,22,49,68
38,442,421,42916.56,17166.5,280.29,20,51,77
38,442,421,42917.23,17555.75,1389.45,22,48,78
38,442,421,42923.88,17618.24,135.21,22,50,95
38,442,421,42932.59,17662.14,1458.32,22,47,71
38,442,421,42932.59,17726.66,1412.72,22,47,71
38,442,421,42940.6,17072.45,210.83,22,50,93
38,442,421,42940.6,17278.78,210.83,22,50,92
38,442,421,42941.54,17046.86,976.16,22,48,79
38,442,421,42953.73,17709.53,1586.89,22,47,69
38,442,421,42959.83,17829.6,975.44,22,48,81
38,442,421,42962.57,16934.81,976.16,22,48,79
38,442,421,42979.25,17066.43,976.16,22,48,78
38,442,421,43019.33,17190.1,839.13,22,48,78
38,442,421,43026.67,17801.79,1444.92,22,49,69
38,442,421,43040.71,17165.78,248.93,20,49,77
38,442,421,43041.99,16810.72,901.85,22,50,81
38,442,421,43051.32,17030.35,248.93,20,49,78
38,442,421,43075.37,17630.13,1495.45,22,47,72
38,442,421,43077.06,17890.58,1422.42,22,49,66
38,442,421,43123.32,17061.65,839.13,22,48,78
38,442,421,43125.57,17630.13,1495.45,22,47,71
38,442,421,43127.62,17766.71,1360.05,22,49,69
38,442,421,43162.76,17352.38,1095.24,22,51,73
38,442,421,43186.32,16994.58,248.93,20,49,78
38,442,421,43240.52,17533.9,1519.4,22,49,66
38,442,421,43367.54,18044.0,1505.88,22,47,68
38,442,421,43413.24,17614.37,1388.68,22,49,66
38,442,421,43426.77,16979.45,858.8,22,49,81
38,442,421,43466.91,16897.41,858.8,22,49,81
38,442,421,43472.8,16987.2,872.14,22,49,80
38,442,421,43473.91,16987.2,872.14,22,49,79
38,442,421,43484.26,17235.12,441.31,22,45,83
38,442,421,43549.08,17678.54,933.85,22,49,75
38,442,421,43565.45,17652.95,933.85,22,49,75
38,442,421,43572.06,17848.24,926.85,22,49,76
38,442,421,43580.84,17989.78,348.91,22,47,92
38,442,421,43589.45,16954.16,855.72,22,48,81
38,442,421,43603.19,17211.43,441.31,22,45,82
38,442,421,43613.45,17849.24,1041.08,22,47,76
38,442,421,43616.95,18410.32,303.3,22,44,90
38,442,421,43649.6,17752.85,926.85,22,49,76
38,442,421,43650.93,17864.09,348.91,22,47,92
38,442,421,43655.82,17644.91,1554.56,22,48,69
38,442,421,43662.87,17471.66,933.85,22,49,76
38,442,421,43667.5,17696.6,1037.2,22,46,80
38,442,421,43679.27,18400.18,303.3,22,44,90
38,442,421,43681.81,18128.36,303.3,22,47,91
38,442,421,43693.53,17743.28,904.5,22,49,74
38,442,421,43694.19,19555.95,238.01,22,51,83
38,442,421,43721.87,17204.2,441.31,22,45,83
38,442,421,43727.02,17529.44,411.11,22,48,84
38,442,421,43745.04,17327.69,539.58,22,45,80
38,442,421,43752.7,18055.4,303.3,22,47,91
38,442,421,43754.86,17327.69,594.61,22,45,79
38,442,421,43759.24,17405.49,933.85,22,49,76
38,442,421,43763.02,17345.03,493.48,22,45,81
38,442,421,43774.44,17728.25,926.85,22,49,76
38,442,421,43803.91,17726.47,959.53,22,49,74
38,442,421,43809.09,17054.94,646.29,22,50,75
38,442,421,43809.09,17101.57,646.29,22,50,74
38,442,421,43813.13,17842.52,1533.57,22,48,68
38,442,421,43821.91,16980.4,1544.77,21,50,80
38,442,421,43830.77,17714.31,248.93,20,48,80
38,442,421,43852.44,16997.92,493.48,22,45,84
38,442,421,43894.67,17183.43,441.31,22,45,83
38,442,421,43909.07,17661.53,248.93,20,48,81
38,442,421,43911.97,16983.75,493.48,22,45,84
38,442,421,43926.51,17672.83,594.12,22,50,75
38,442,421,43930.65,17600.06,594.12,22,50,75
38,442,421,43932.14,17679.53,1618.45,22,48,68
38,442,421,43947.91,17839.76,1533.57,22,48,69
38,442,421,43959.11,17175.89,662.93,22,47,83
38,442,421,43963.33,17679.53,1533.57,22,48,69
38,442,421,43967.37,17215.91,662.93,22,47,81
38,442,421,43970.51,17142.34,662.93,22,47,81
38,442,421,43972.22,17252.07,662.93,22,47,81
38,442,421,43990.78,17770.69,1579.04,22,46,67
38,442,421,43990.78,17911.9,1533.43,22,46,68
38,442,421,44007.75,17462.45,1426.62,22,48,68
38,442,421,44009.7,16980.61,646.29,22,50,75
38,442,421,44015.41,18249.31,348.91,22,44,89
38,442,421,44038.43,17529.44,411.11,22,48,83
38,442,421,44043.09,17616.8,1128.41,22,46,78
38,442,421,44047.34,17600.06,594.12,22,50,74
38,442,421,44081.82,17392.11,1220.26,21,50,76
38,442,421,44090.24,17606.3,1128.41,22,46,78
38,442,421,44131.54,17148.35,662.93,22,47,81
38,442,421,44191.67,17504.88,434.88,22,44,86
38,442,421,44229.14,17049.25,518.47,22,51,77
38,442,421,44263.63,16929.28,518.47,22,51,77
38,442,421,44264.2,17339.2,648.71,22,47,78
38,442,421,44308.99,17492.43,434.88,22,44,86
38,442,421,44327.7,17786.1,1050.54,22,46,78
38,442,421,44330.25,16929.28,518.47,22,51,76
38,442,421,44402.92,17744.06,1050.54,22,46,78
38,442,421,44530.4,16905.48,672.48,22,47,77
38,442,421,44585.13,17762.07,302.81,22,44,84
38,442,421,44675.23,18274.17,1447.46,22,46,70
38,442,421,44734.2,17025.41,648.98,22,48,79
38,442,421,44740.6,18801.97,743.91,21,47,81
38,442,421,44748.14,16913.68,648.98,22,48,79
38,442,421,44763.61,16533.31,992.4,22,51,84
38,442,421,44858.14,17736.26,302.81,22,44,83
38,442,421,44882.78,17649.47,302.81,22,44,83
38,442,421,44899.46,17646.17,302.81,22,44,83
38,442,421,44916.18,18157.27,323.4,22,46,80
38,442,421,44919.87,18560.64,871.04,21,47,79
38,442,421,44948.07,17470.66,302.81,22,44,81
38,442,421,44990.67,17639.3,302.81,22,44,80
38,442,421,44999.32,18643.9,790.03,21,47,80
38,442,421,45013.34,17610.4,1015.9,21,51,72
38,442,421,45023.67,18627.62,790.03,21,47,80
38,442,421,45111.03,17438.25,302.81,22,44,81
38,442,421,45113.25,17904.69,960.87,21,51,73
38,442,421,45159.64,17729.24,960.87,21,51,73
38,442,421,45159.72,18288.02,925.41,21,50,76
38,442,421,45184.84,17683.99,960.87,21,51,73
38,442,421,45248.8,17214.65,550.44,22,46,76
38,442,421,45288.84,17110.98,550.44,22,46,75
38,442,421,45346.68,17097.89,550.44,22,46,74
38,442,421,45427.2,16959.61,550.44,22,46,75
38,442,421,45461.25,17651.54,323.4,22,46,78
38,442,421,45539.16,18182.35,641.31,21,47,84
38,442,421,45585.2,17161.94,529.16,22,45,81
38,442,421,45620.5,16833.63,591.51,22,46,76
38,442,421,45637.34,16543.81,591.51,22,46,75
38,442,421,45811.6,16520.89,591.51,22,46,75
38,442,422,41053.28,18660.36,1201.54,22,51,74
38,442,422,41170.3,18420.79,1221.28,22,50,74
38,442,422,41251.35,18498.48,1201.54,22,50,74
38,442,422,41290.13,18413.87,1201.54,22,50,74
38,442,422,41708.87,17271.27,280.29,20,51,83
38,442,422,41815.15,17348.18,1622.42,22,50,72
38,442,422,41824.76,17898.05,994.25,22,51,79
38,442,422,41846.8,17165.73,280.29,20,51,83
38,442,422,41872.0,17875.28,994.25,22,51,79
38,442,422,41901.58,17145.48,280.29,20,51,83
38,442,422,41915.87,17765.93,994.25,22,51,79
38,442,422,41959.95,16998.35,280.29,20,51,83
38,442,422,41984.37,18327.94,191.43,22,50,85
38,442,422,42046.11,18926.13,435.48,22,51,79
38,442,422,42048.37,17580.88,456.61,22,50,80
38,442,422,42056.61,18924.72,414.89,22,51,79
38,442,422,42069.07,17410.04,456.61,22,50,80
38,442,422,42139.11,18208.29,191.43,22,50,86
38,442,422,42155.58,18914.32,435.48,22,51,78
38,442,422,42182.29,17721.04,210.83,22,50,90
38,442,422,42187.04,17489.89,191.43,21,50,84
38,442,422,42274.84,17650.25,248.93,20,51,81
38,442,422,42328.4,18082.17,210.83,22,49,90
38,442,422,42351.69,17837.83,248.93,20,50,86
38,442,422,42372.59,17458.34,210.83,22,50,88
38,442,422,42433.12,17912.46,975.44,22,47,80
38,442,422,42451.67,17251.33,280.29,20,51,78
38,442,422,42499.0,17844.55,210.83,22,49,91
38,442,422,42512.58,17485.88,248.93,20,51,83
38,442,422,42515.26,17482.76,248.93,20,51,82
38,442,422,42517.11,17815.28,975.44,22,48,80
38,442,422,42517.11,18032.71,975.44,22,48,79
38,442,422,42517.77,17980.84,975.44,22,48,79
38,442,422,42538.44,17971.54,1534.79,22,48,77
38,442,422,42545.95,17285.22,938.21,22,49,81
38,442,422,42562.07,17285.0,938.21,22,49,81
38,442,422,42576.41,17475.36,191.43,21,50,85
38,442,422,42606.94,17382.23,191.43,21,50,86
38,442,422,42614.61,17447.15,191.43,21,50,84
38,442,422,42617.51,17214.86,938.21,22,49,80
38,442,422,42617.75,17220.25,892.61,22,49,81
38,442,422,42619.95,17279.6,248.93,20,51,83
38,442,422,42621.93,18589.7,781.92,22,51,76
38,442,422,42629.49,17168.71,892.61,22,49,81
38,442,422,42644.3,17246.66,280.29,20,51,78
38,442,422,42645.55,17717.85,248.93,20,50,84
38,442,422,42670.5,17656.81,248.93,20,50,84
38,442,422,42697.22,17162.31,892.61,22,49,81
38,442,422,42725.03,16705.75,960.8,22,50,79
38,442,422,42739.49,17502.56,948.96,22,51,75
38,442,422,42795.52,18586.14,781.92,22,51,76
38,442,422,42823.51,17648.44,1586.89,22,47,68
38,442,422,42823.51,17715.77,1449.84,22,47,69
38,442,422,42823.51,17771.51,1502.01,22,47,68
38,442,422,42865.11,17228.09,976.16,22,48,80
38,442,422,42878.77,17005.42,930.55,22,49,79
38,442,422,42919.21,17505.09,135.21,22,50,95
38,442,422,42920.72,17102.88,280.29,20,51,76
38,442,422,42922.42,17190.1,839.13,22,48,78
38,442,422,42930.07,16709.81,868.61,22,50,82
38,442,422,42966.94,17164.94,210.83,22,49,91
38,442,422,43024.85,17659.52,1495.45,22,47,71
38,442,422,43026.18,17771.34,1444.92,22,49,69
38,442,422,43026.67,17754.86,1444.92,22,49,69
38,442,422,43075.37,17606.7,1495.45,22,47,72
38,442,422,43111.95,17646.33,1519.4,22,49,66
38,442,422,43120.26,17646.33,1467.23,22,49,66
38,442,422,43125.2,18013.28,1378.35,22,48,76
38,442,422,43202.62,17698.3,1388.68,22,49,66
38,442,422,43216.24,17470.77,1617.51,22,47,77
38,442,422,43217.89,17523.29,1409.27,22,49,66
38,442,422,43219.65,17614.37,1388.68,22,49,66
38,442,422,43224.04,17998.85,1378.35,22,48,76
38,442,422,43229.22,17988.4,1378.35,22,48,76
38,442,422,43302.24,17585.8,1388.68,22,49,66
38,442,422,43375.0,17525.58,1083.42,22,50,76
38,442,422,43406.95,16977.88,874.41,22,49,78
38,442,422,43421.77,17523.83,1083.42,22,50,76
38,442,422,43454.41,16884.04,858.8,22,49,81
38,442,422,43472.8,16823.84,858.8,22,49,81
38,442,422,43472.8,16823.84,872.14,22,49,80
38,442,422,43526.38,17529.29,1083.42,22,50,76
38,442,422,43534.39,17849.24,1041.08,22,47,76
38,442,422,43578.37,17713.24,1037.2,22,46,80
38,442,422,43590.5,16832.91,829.6,22,48,81
38,442,422,43641.47,17512.32,933.85,22,49,75
38,442,422,43668.15,18396.37,303.3,22,46,89
38,442,422,43693.53,17674.31,904.5,22,49,74
38,442,422,43694.64,17643.24,411.11,22,48,84
38,442,422,43695.36,17639.26,411.11,22,48,84
38,442,422,43701.15,17860.18,1565.09,22,46,68
38,442,422,43744.75,17739.73,852.33,22,49,76
38,442,422,43782.62,17731.37,852.33,22,49,76
38,442,422,43858.81,17770.69,1565.09,22,46,68
38,442,422,43927.97,17166.24,662.93,22,47,81
38,442,422,43940.34,17433.69,594.12,22,50,75
38,442,422,43949.57,17192.0,398.8,22,45,89
38,442,422,43949.57,17394.8,398.8,22,45,88
38,442,422,43954.82,18323.1,348.91,22,44,89
38,442,422,43963.95,17316.61,662.93,22,47,81
38,442,422,43971.94,17533.78,1047.4,22,47,78
38,442,422,43972.22,17094.16,662.93,22,47,81
38,442,422,43979.88,17456.95,1047.4,22,47,78
38,442,422,43979.88,17522.34,1047.4,22,47,77
38,442,422,44007.79,17195.17,662.93,22,47,80
38,442,422,44015.41,18108.66,348.91,22,44,89
38,442,422,44020.43,17166.24,662.93,22,47,80
38,442,422,44028.78,17668.73,434.88,22,44,86
38,442,422,44077.65,17387.48,411.11,22,48,83
38,442,422,44115.24,17481.09,434.88,22,44,86
38,442,422,44200.66,17544.8,1128.41,22,46,78
38,442,422,44232.82,17779.94,1037.2,22,46,78
38,442,422,44255.64,17629.11,408.24,22,51,74
38,442,422,44260.38,17433.82,648.71,22,47,78
38,442,422,44430.34,17437.44,629.3,22,47,78
38,442,422,44477.98,18573.38,743.91,21,47,82
38,442,422,44481.94,17563.99,688.09,22,49,76
38,442,422,44497.61,18865.74,743.91,21,47,81
38,442,422,44571.93,17762.07,302.81,22,44,84
38,442,422,44624.11,17756.01,302.81,22,44,84
38,442,422,44740.6,18801.65,743.91,21,47,81
38,442,422,44805.34,18414.34,743.91,21,47,81
38,442,422,44817.64,17041.06,629.3,22,47,78
38,442,422,44823.7,18345.24,743.91,21,47,81
38,442,422,44831.53,17026.56,629.3,22,47,80
38,442,422,44863.63,18149.73,323.4,22,46,80
38,442,422,44886.62,17041.06,629.3,22,47,77
38,442,422,44896.51,18202.71,1499.72,22,46,70
38,442,422,44923.41,18914.01,902.31,21,47,78
38,442,422,44926.6,17897.69,960.87,21,51,75
38,442,422,44934.21,18288.02,925.41,21,50,76
38,442,422,44947.4,18230.94,711.83,21,47,81
38,442,422,44947.68,17887.28,960.87,21,51,75
38,442,422,44954.98,18179.85,323.4,22,46,79
38,442,422,44970.56,16941.98,629.3,22,47,80
38,442,422,44984.3,18601.29,752.08,21,47,80
38,442,422,44994.43,16973.48,629.3,22,47,79
38,442,422,44995.9,16880.5,629.3,22,47,79
38,442,422,45013.34,17724.93,960.87,21,51,73
38,442,422,45039.01,18213.39,711.83,21,47,82
38,442,422,45050.92,18711.3,651.71,21,47,83
38,442,422,45069.63,18377.74,743.91,21,47,80
38,442,422,45113.25,17721.05,960.87,21,51,73
38,442,422,45143.21,18755.64,902.31,21,47,78
38,442,422,45179.05,18208.94,711.83,21,47,81
38,442,422,45180.58,18190.78,775.72,21,47,81
38,442,422,45226.43,18755.64,902.31,21,47,77
38,442,422,45319.14,17136.87,529.16,22,45,81
38,442,422,45320.03,17332.1,302.81,22,44,82
38,442,422,45433.62,16938.73,591.51,22,46,76
38,442,422,45448.47,17268.74,302.81,22,44,82
38,442,422,45468.86,17134.26,529.16,22,45,81
38,442,422,45550.86,16874.06,591.51,22,46,76
38,442,422,45557.29,18093.96,641.31,21,47,84
38,442,422,45573.65,18062.38,641.31,21,47,84
38,442,422,45575.46,17593.28,323.4,22,46,78
38,442,422,45657.99,16785.0,591.51,22,46,75
38,442,423,41223.35,18413.87,1201.54,22,50,74
38,442,423,41519.33,17518.3,1576.32,22,50,72
38,442,423,41530.98,17518.3,1576.32,22,49,72
38,442,423,41662.99,17465.72,1576.32,22,50,72
38,442,423,41684.83,18314.75,1243.97,22,51,79
38,442,423,41693.52,17411.95,1622.42,22,50,72
38,442,423,41740.97,17190.6,280.29,20,51,83
38,442,423,41808.55,18345.02,191.43,22,50,84
38,442,423,41855.59,18284.49,191.43,22,50,84
38,442,423,41855.93,17571.1,1574.29,22,50,73
38,442,423,41907.81,17068.6,280.29,20,51,83
38,442,423,41981.27,17992.43,1763.35,22,48,72
38,442,423,41993.22,18000.46,191.43,22,50,84
38,442,423,42033.14,17990.84,191.43,22,50,84
38,442,423,42040.48,17580.71,456.61,22,50,80
38,442,423,42055.46,17624.12,286.61,20,51,79
38,442,423,42107.16,17527.36,191.43,21,50,83
38,442,423,42176.64,17597.04,191.43,21,50,82
38,442,423,42235.32,17854.44,248.93,20,50,88
38,442,423,42271.07,18082.17,210.83,22,49,90
38,442,423,42282.25,19000.9,435.48,22,51,76
38,442,423,42292.43,18022.16,210.83,22,49,90
38,442,423,42326.02,19079.79,435.48,22,50,77
38,442,423,42332.16,17898.15,248.93,20,50,86
38,442,423,42381.26,18043.99,210.83,22,49,88
38,442,423,42470.66,17644.22,248.93,20,51,81
38,442,423,42479.07,17434.99,210.83,22,50,88
38,442,423,42484.03,17313.13,210.83,22,50,88
38,442,423,42493.88,17791.43,210.83,22,49,91
38,442,423,42518.47,17475.36,191.43,21,50,85
38,442,423,42537.78,17440.03,191.43,21,50,84
38,442,423,42584.05,17214.86,938.21,22,49,80
38,442,423,42621.93,18573.26,781.92,22,51,77
38,442,423,42650.28,18725.24,492.68,22,49,78
38,442,423,42656.51,18725.08,492.68,22,49,81
38,442,423,42657.49,17775.25,1534.79,22,48,77
38,442,423,42716.7,18724.76,492.68,22,49,79
38,442,423,42721.72,18032.14,466.49,22,48,81
38,442,423,42735.14,18506.83,781.92,22,51,77
38,442,423,42763.56,16925.11,248.93,20,50,82
38,442,423,42770.65,16734.72,938.21,22,50,80
38,442,423,42808.91,17740.57,1477.63,22,49,70
38,442,423,42809.68,16961.21,952.63,22,49,79
38,442,423,42819.76,18506.83,781.92,22,51,76
38,442,423,42825.69,16814.66,969.84,22,49,79
38,442,423,42834.94,17011.58,930.55,22,49,80
38,442,423,42835.7,17468.09,210.83,22,49,89
38,442,423,42858.21,18606.5,492.68,22,49,77
38,442,423,42865.11,17228.08,976.16,22,48,80
38,442,423,42878.77,17001.68,930.55,22,49,79
38,442,423,42881.72,17933.74,1075.63,22,48,78
38,442,423,42918.51,17292.92,839.13,22,48,77
38,442,423,42930.07,16637.37,868.61,22,50,82
38,442,423,42930.48,17179.42,210.83,22,49,91
38,442,423,42930.48,17243.92,210.83,22,49,89
38,442,423,43009.74,17665.94,1477.63,22,49,70
38,442,423,43052.04,17285.78,839.13,22,48,77
38,442,423,43054.85,17762.75,1392.75,22,49,69
38,442,423,43069.6,17684.86,1449.84,22,47,72
38,442,423,43073.25,17874.94,828.57,22,48,80
38,442,423,43075.37,17544.9,1495.45,22,47,72
38,442,423,43075.37,17681.83,1449.84,22,47,72
38,442,423,43078.62,17605.74,1449.84,22,47,71
38,442,423,43109.33,16580.11,938.21,22,50,80
38,442,423,43178.7,17784.14,828.57,22,48,80
38,442,423,43186.75,18349.88,1391.2,22,48,75
38,442,423,43217.89,17481.72,1409.27,22,49,66
38,442,423,43265.46,16976.5,248.93,20,49,78
38,442,423,43302.24,17562.64,1388.68,22,49,66
38,442,423,43314.29,17506.21,1388.68,22,49,66
38,442,423,43391.18,17648.96,493.48,22,45,84
38,442,423,43482.75,17728.14,935.06,22,50,76
38,442,423,43513.77,18152.15,348.91,22,47,91
38,442,423,43545.26,17676.35,386.86,22,47,91
38,442,423,43571.75,17920.82,1041.08,22,47,75
38,442,423,43632.52,18100.94,348.91,22,47,91
38,442,423,43647.02,17347.34,933.85,22,49,76
38,442,423,43651.72,17739.73,904.5,22,49,74
38,442,423,43674.53,16821.8,829.6,22,48,81
38,442,423,43699.41,16805.19,829.6,22,48,81
38,442,423,43760.46,16947.93,1564.62,21,50,77
38,442,423,43798.25,17123.2,1479.74,21,50,77
38,442,423,43799.63,16858.4,1479.74,22,50,78
38,442,423,43812.24,17349.88,1426.62,22,48,69
38,442,423,43817.49,17247.04,662.93,22,47,80
38,442,423,43856.04,17192.0,398.8,22,45,89
38,442,423,43932.05,16773.97,799.89,22,49,81
38,442,423,43943.82,17153.73,662.93,22,47,82
38,442,423,43969.47,17224.83,662.93,22,47,80
38,442,423,43977.68,19414.62,334.46,22,44,84
38,442,423,43979.88,17603.94,1041.08,22,47,78
38,442,423,44030.16,16681.35,799.89,22,49,81
38,442,423,44087.14,18971.43,1172.48,22,50,73
38,442,423,44102.82,17486.87,648.71,22,47,78
38,442,423,44115.69,19382.56,334.46,22,44,84
38,442,423,44140.05,19192.92,334.46,22,44,85
38,442,423,44141.01,18504.22,743.91,21,47,82
38,442,423,44148.53,17407.11,648.71,22,47,78
38,442,423,44151.79,17811.83,1037.2,22,46,78
38,442,423,44181.88,19073.26,334.46,22,44,85
38,442,423,44186.67,17723.63,1121.08,21,51,75
38,442,423,44212.55,17455.79,688.09,22,49,76
38,442,423,44222.19,17415.38,688.09,22,49,76
38,442,423,44245.36,17470.9,408.24,22,51,75
38,442,423,44330.6,18339.34,743.91,21,47,82
38,442,423,44332.0,18334.44,743.91,21,47,82
38,442,423,44358.91,18483.91,1196.86,21,50,76
38,442,423,44374.14,18356.29,1196.86,21,50,76
38,442,423,44423.04,19068.7,334.46,22,44,85
38,442,423,44435.9,18963.35,334.46,22,44,85
38,442,423,44443.27,17295.97,648.71,22,47,79
38,442,423,44443.27,18757.67,334.46,22,44,85
38,442,423,44474.92,18506.86,334.46,22,44,85
38,442,423,44481.3,18483.91,1196.86,21,50,75
38,442,423,44524.13,18811.17,743.91,21,47,81
38,442,423,44533.23,17907.99,302.81,22,44,87
38,442,423,44555.02,19358.03,367.1,22,44,81
38,442,423,44580.2,19255.59,367.1,22,44,81
38,442,423,44639.34,18089.77,1392.43,22,47,70
38,442,423,44642.74,18808.64,743.91,21,47,81
38,442,423,44673.52,17773.37,837.21,22,50,71
38,442,423,44676.22,18106.84,1160.22,21,50,75
38,442,423,44676.22,18127.38,1112.48,21,50,76
38,442,423,44703.64,17806.32,837.21,22,50,70
38,442,423,44707.7,18387.61,743.91,21,47,81
38,442,423,44714.23,17749.48,837.21,22,50,70
38,442,423,44727.93,18027.87,1160.22,21,50,75
38,442,423,44740.91,17958.31,1160.22,21,50,75
38,442,423,44782.61,17726.98,363.34,22,45,82
38,442,423,44793.5,16991.71,629.3,22,47,79
38,442,423,44793.5,17041.06,629.3,22,47,78
38,442,423,44830.14,17749.48,837.21,22,50,69
38,442,423,44858.13,16936.33,629.3,22,47,79
38,442,423,44876.71,18914.01,902.31,21,47,78
38,442,423,44884.51,17714.86,837.21,22,51,69
38,442,423,44888.62,17714.86,837.21,22,50,69
38,442,423,44919.14,17703.13,837.21,22,51,69
38,442,423,44982.39,18423.67,974.21,21,51,74
38,442,423,44985.56,18125.81,731.24,21,47,81
38,442,423,45006.56,17944.81,1114.13,21,50,75
38,442,423,45008.7,18114.46,731.24,21,47,82
38,442,423,45028.16,17918.04,1159.73,21,50,75
38,442,423,45053.76,18102.35,731.24,21,47,82
38,442,423,45087.17,18624.39,651.71,21,47,83
38,442,423,45102.26,18622.29,651.71,21,47,83
38,442,423,45228.83,18180.91,742.96,21,47,80
38,442,423,45262.27,17984.87,693.48,21,47,86
38,442,423,45265.6,18159.71,742.96,21,47,80
38,442,423,45333.19,17926.62,693.48,21,47,86
38,442,423,45444.77,18120.72,641.31,21,47,85
38,442,423,45509.17,18120.72,641.31,21,47,84
38,442,423,45513.66,18115.83,641.31,21,47,84
38,442,423,45538.9,17919.05,693.48,21,47,86
38,442,423,45574.46,17916.26,693.48,21,47,86
38,442,423,46172.81,18141.92,1358.26,22,49,72
38,442,423,46335.06,17981.51,1312.36,22,49,72
38,442,424,41411.72,17412.17,280.29,20,51,83
38,442,424,41461.89,17388.05,280.29,20,51,83
38,442,424,41510.5,17376.92,280.29,20,51,84
38,442,424,41514.02,17347.59,280.29,20,51,85
38,442,424,41633.58,18274.79,1243.97,22,51,80
38,442,424,41740.97,17182.24,280.29,20,51,83
38,442,424,41916.75,17823.38,1612.91,22,48,72
38,442,424,41917.95,18009.8,191.43,22,50,85
38,442,424,41961.68,17727.24,994.25,22,51,79
38,442,424,42000.99,17387.56,248.93,20,50,82
38,442,424,42005.92,17545.06,1498.89,22,49,76
38,442,424,42008.94,17885.82,191.43,22,50,85
38,442,424,42018.12,17530.85,1498.89,22,49,76
38,442,424,42019.61,17552.77,286.61,20,51,79
38,442,424,42082.74,17591.84,1575.81,22,51,71
38,442,424,42087.7,17856.65,191.43,22,50,85
38,442,424,42132.97,17454.44,191.43,21,50,83
38,442,424,42148.56,17591.87,191.43,21,50,82
38,442,424,42153.42,19056.47,435.48,22,50,76
38,442,424,42158.94,19039.61,435.48,22,50,76
38,442,424,42205.75,17701.49,210.83,22,49,90
38,442,424,42215.07,18830.08,435.48,22,51,76
38,442,424,42250.68,17570.04,1438.57,22,50,73
38,442,424,42250.68,17570.04,1484.67,22,50,72
38,442,424,42250.68,17570.04,1575.81,22,50,71
38,442,424,42257.8,17693.29,210.83,22,49,91
38,442,424,42262.06,17614.22,210.83,22,49,91
38,442,424,42269.68,17355.23,191.43,22,50,83
38,442,424,42288.18,17687.95,210.83,22,49,90
38,442,424,42297.41,18746.8,435.48,22,50,76
38,442,424,42352.87,17442.54,248.93,20,51,81
38,442,424,42436.22,17313.13,210.83,22,50,88
38,442,424,42502.36,17532.35,248.93,20,50,81
38,442,424,42516.9,17128.15,248.93,20,50,85
38,442,424,42625.88,17282.26,248.93,20,50,81
38,442,424,42658.99,17305.87,839.13,22,47,77
38,442,424,42658.99,17336.5,877.08,22,47,76
38,442,424,42729.1,16912.77,248.93,20,50,82
38,442,424,42731.96,17155.08,248.93,20,50,81
38,442,424,42732.54,17596.46,1544.26,22,48,69
38,442,424,42748.21,17275.84,1012.85,22,51,75
38,442,424,42754.98,17161.31,1012.85,22,51,75
38,442,424,42821.4,17522.13,1583.96,22,48,69
38,442,424,43002.53,17488.04,191.43,22,50,82
38,442,424,43021.61,17626.23,1392.75,22,49,70
38,442,424,43040.46,16542.64,868.61,22,50,82
38,442,424,43043.95,17555.48,1392.75,22,49,70
38,442,424,43103.75,17844.17,809.16,22,48,80
38,442,424,43117.33,17795.1,828.57,22,48,80
38,442,424,43163.7,17477.71,1615.24,22,47,75
38,442,424,43169.52,17400.25,340.35,20,48,83
38,442,424,43213.61,17264.34,340.35,20,48,83
38,442,424,43226.8,17262.72,340.35,20,48,83
38,442,424,43325.21,16884.57,248.93,20,49,78
38,442,424,43355.96,17225.09,340.35,20,48,84
38,442,424,43357.26,17124.54,340.35,20,48,84
38,442,424,43394.15,17124.54,340.35,20,48,83
38,442,424,43422.61,16808.23,248.93,20,49,78
38,442,424,43564.7,17920.82,1041.08,22,47,75
38,442,424,43608.6,17607.07,398.8,22,45,88
38,442,424,43663.62,17286.14,933.85,22,49,76
38,442,424,43812.24,17418.35,1426.62,22,48,68
38,442,424,43812.24,17462.45,1426.62,22,48,68
38,442,424,43825.49,17021.16,1479.74,21,50,77
38,442,424,43825.49,17052.22,1564.62,21,50,76
38,442,424,43950.4,17820.48,1591.26,22,48,67
38,442,424,43998.17,17557.57,408.24,22,51,75
38,442,424,44017.27,17735.21,408.24,22,50,76
38,442,424,44044.34,17622.65,1409.85,22,48,69
38,442,424,44080.27,19046.08,1172.48,22,50,73
38,442,424,44092.5,17536.59,1538.5,22,48,65
38,442,424,44110.59,18873.04,1172.48,22,50,73
38,442,424,44118.7,18101.63,348.91,22,44,89
38,442,424,44120.43,17717.52,408.24,22,50,76
38,442,424,44124.37,19282.32,334.46,22,44,84
38,442,424,44129.01,17646.51,1454.94,22,48,67
38,442,424,44133.59,19192.92,334.46,22,44,85
38,442,424,44135.07,18402.65,743.91,21,47,82
38,442,424,44137.19,17589.09,408.24,22,50,76
38,442,424,44141.72,17600.68,1509.97,22,48,67
38,442,424,44161.87,19166.91,334.46,22,44,85
38,442,424,44179.41,17621.73,408.24,22,50,75
38,442,424,44219.89,17504.42,1509.97,22,48,67
38,442,424,44228.52,17516.5,1538.5,22,48,66
38,442,424,44236.77,18000.49,348.91,22,44,88
38,442,424,44239.53,18956.14,334.46,22,44,88
38,442,424,44246.21,17596.03,1121.08,21,51,74
38,442,424,44251.93,17481.56,1538.5,22,48,66
38,442,424,44263.43,18412.07,743.91,21,47,81
38,442,424,44268.58,19042.76,334.46,22,44,87
38,442,424,44350.56,18956.14,334.46,22,44,87
38,442,424,44361.34,18393.3,743.91,21,47,81
38,442,424,44382.48,19069.2,334.46,22,44,85
38,442,424,44420.0,17520.08,1486.32,22,48,66
38,442,424,44443.27,18672.99,334.46,22,44,85
38,442,424,44450.08,19252.64,367.1,22,44,81
38,442,424,44512.04,17988.44,1328.63,22,47,70
38,442,424,44523.89,17907.99,302.81,22,44,87
38,442,424,44567.84,18066.36,1383.66,22,47,69
38,442,424,44659.23,18033.15,1147.67,21,50,76
38,442,424,44665.53,18127.38,1112.48,21,50,76
38,442,424,44666.39,17945.79,1147.67,21,50,76
38,442,424,44727.93,17980.84,1160.22,21,50,75
38,442,424,44823.04,17921.04,1062.8,21,50,76
38,442,424,44864.5,17812.34,363.34,22,45,81
38,442,424,44971.04,17142.24,444.35,22,45,85
38,442,424,44985.56,18179.21,711.83,21,47,82
38,442,424,45006.06,17109.6,444.35,22,45,85
38,442,424,45053.76,18054.58,731.24,21,47,83
38,442,424,45087.8,18366.21,795.13,21,47,80
38,442,424,45433.62,16820.08,591.51,22,46,76
38,442,424,46250.64,17912.4,1312.36,22,49,72
38,442,425,41737.75,18041.82,1164.79,22,50,80
38,442,425,41747.58,17414.97,1591.18,22,51,73
38,442,425,41793.44,17993.08,1125.4,22,50,80
38,442,425,41795.37,18183.18,1125.4,22,50,79
38,442,425,41803.52,17375.98,1591.18,22,51,72
38,442,425,41806.88,18149.31,1125.4,22,50,79
38,442,425,41831.24,17283.8,248.93,20,50,82
38,442,425,41882.83,17507.0,1591.18,22,51,71
38,442,425,41895.94,17432.93,248.93,20,50,80
38,442,425,41965.94,17575.38,1575.81,22,51,71
38,442,425,41971.62,17408.9,987.95,22,51,78
38,442,425,42080.49,17601.16,987.95,22,51,77
38,442,425,42156.4,17058.49,210.83,22,50,88
38,442,425,42267.07,18902.05,401.55,22,49,84
38,442,425,42271.22,18915.02,423.99,22,49,82
38,442,425,42271.22,18999.59,423.99,22,49,81
38,442,425,42333.52,18979.1,423.99,22,49,81
38,442,425,42442.38,17407.98,248.93,20,50,81
38,442,425,42469.02,18693.89,435.48,22,50,76
38,442,425,42474.3,19113.2,401.55,22,49,83
38,442,425,42477.71,18993.64,401.55,22,49,83
38,442,425,42495.78,18649.46,435.48,22,50,76
38,442,425,42539.09,17299.43,877.08,22,47,76
38,442,425,42568.34,17262.2,248.93,20,51,83
38,442,425,42594.53,17262.2,248.93,20,50,83
38,442,425,42667.86,18051.99,466.49,22,48,81
38,442,425,42692.51,18092.78,447.08,22,48,82
38,442,425,42703.37,17415.74,1524.79,22,48,69
38,442,425,42723.59,16899.63,248.93,20,50,82
38,442,425,42725.7,17266.48,877.08,22,48,78
38,442,425,42745.11,18245.1,1793.73,22,49,68
38,442,425,42834.14,17127.52,191.43,22,50,83
38,442,425,42840.91,17670.97,1583.96,22,48,68
38,442,425,42847.07,17119.66,191.43,22,50,83
38,442,425,42882.52,17380.4,1439.92,22,48,69
38,442,425,42885.77,17582.78,191.43,22,50,82
38,442,425,42889.51,16824.83,868.61,22,50,83
38,442,425,42995.05,18306.14,1077.06,22,50,74
38,442,425,43050.91,16942.66,248.93,20,51,78
38,442,425,43060.53,17749.66,348.91,22,47,91
38,442,425,43072.9,17446.91,1524.79,22,47,69
38,442,425,43085.87,16818.01,248.93,20,51,78
38,442,425,43120.27,18354.86,1066.86,22,50,74
38,442,425,43122.4,17434.43,1524.79,22,47,69
38,442,425,43138.95,17262.72,340.35,20,48,83
38,442,425,43140.05,17427.5,1608.84,22,47,74
38,442,425,43142.33,17428.76,1524.79,22,47,70
38,442,425,43142.33,17428.76,1561.9,22,47,69
38,442,425,43202.42,16736.91,248.93,20,51,78
38,442,425,43267.73,17334.93,340.35,20,48,82
38,442,425,43284.97,17327.06,340.35,20,48,81
38,442,425,43356.75,16703.89,248.93,20,51,79
38,442,425,43457.43,16629.93,248.93,20,51,79
38,442,425,43479.87,17702.27,348.91,22,47,91
38,442,425,43522.73,17655.85,348.91,22,47,91
38,442,425,43553.32,17622.46,383.94,22,45,88
38,442,425,43687.71,17887.98,1041.08,22,47,75
38,442,425,43749.03,17716.19,1041.08,22,47,75
38,442,425,43845.36,17598.64,398.8,22,45,87
38,442,425,43893.63,17519.12,398.8,22,45,87
38,442,425,43954.78,18100.04,348.91,22,44,88
38,442,425,44002.37,18081.69,348.91,22,44,88
38,442,425,44068.87,18018.32,348.91,22,44,88
38,442,425,44102.76,17958.26,302.81,22,44,86
38,442,425,44152.31,16755.49,1026.4,22,50,78
38,442,425,44217.25,17504.42,1509.97,22,48,67
38,442,425,44238.63,17690.51,905.72,21,51,74
38,442,425,44256.08,17771.13,1500.55,22,48,66
38,442,425,44284.6,17651.66,905.72,21,51,74
38,442,425,44313.48,19015.73,334.46,22,44,85
38,442,425,44334.4,17110.02,1538.5,22,48,71
38,442,425,44334.4,17124.77,1538.5,22,48,70
38,442,425,44344.28,17584.75,993.22,21,50,76
38,442,425,44346.56,17700.75,1075.32,21,49,76
38,442,425,44346.56,17831.23,985.33,21,49,76
38,442,425,44373.1,17640.68,905.72,21,51,74
38,442,425,44381.31,17124.77,1538.5,22,48,69
38,442,425,44381.31,17206.06,1538.5,22,48,67
38,442,425,44381.31,17474.42,1486.32,22,48,67
38,442,425,44381.31,17482.27,1486.32,22,48,66
38,442,425,44383.61,17579.28,1446.08,22,48,67
38,442,425,44384.78,17782.14,985.33,21,49,76
38,442,425,44421.76,17707.06,985.33,21,50,76
38,442,425,44450.08,19130.0,367.1,22,44,81
38,442,425,44473.46,17548.96,993.22,21,50,76
38,442,425,44523.5,18048.92,837.21,22,50,71
38,442,425,44551.22,18312.15,363.34,22,45,83
38,442,425,44659.23,18048.38,1211.56,21,50,75
38,442,425,44659.23,18080.35,1211.56,21,50,74
38,442,425,44743.87,17578.22,1217.07,21,51,75
38,442,425,44754.99,18145.39,363.34,22,45,83
38,442,425,44932.28,18142.06,780.27,21,47,81
38,442,425,45148.75,17853.42,780.27,21,47,82
38,442,425,45181.68,18129.72,816.87,21,50,75
38,442,425,45375.81,18036.12,731.24,21,47,84
38,442,425,45379.54,16840.38,591.51,22,46,76
38,442,425,45426.23,16831.14,591.51,22,46,76
38,442,426,41684.16,17532.14,248.93,20,50,81
38,442,426,41727.86,17459.19,248.93,20,50,81
38,442,426,41754.76,17349.13,248.93,20,50,81
38,442,426,41767.0,17568.75,248.93,20,50,80
38,442,426,41781.37,17467.18,941.86,22,51,79
38,442,426,41869.13,17408.9,987.95,22,51,78
38,442,426,41943.16,19026.84,435.48,22,51,77
38,442,426,41960.73,18896.45,435.48,22,51,77
38,442,426,41975.09,18729.71,435.48,22,51,76
38,442,426,42271.22,18947.77,423.99,22,49,81
38,442,426,42276.29,17004.31,210.83,22,50,88
38,442,426,42372.31,17262.5,248.93,20,50,81
38,442,426,42391.82,18728.46,435.48,22,50,76
38,442,426,42474.95,18821.22,401.55,22,49,84
38,442,426,42477.79,16927.29,248.93,20,50,82
38,442,426,42491.08,16920.64,248.93,20,50,81
38,442,426,42492.59,16892.83,248.93,20,50,82
38,442,426,42492.59,16914.35,248.93,20,50,81
38,442,426,42547.65,16899.63,248.93,20,50,81
38,442,426,42556.32,17249.63,248.93,20,50,80
38,442,426,42607.05,18212.62,447.08,22,48,81
38,442,426,42662.92,18105.94,447.08,22,48,81
38,442,426,42683.67,18051.99,447.08,22,48,82
38,442,426,42754.34,16835.4,868.61,22,50,83
38,442,426,42837.69,16874.12,868.61,22,50,82
38,442,426,42893.28,16618.45,874.88,22,48,83
38,442,426,42974.09,16999.25,487.05,22,50,79
38,442,426,42985.02,16935.85,487.05,22,50,79
38,442,426,42985.12,18354.86,1066.86,22,50,74
38,442,426,42988.23,18254.57,1077.06,22,50,75
38,442,426,42988.23,18254.57,1140.95,22,50,74
38,442,426,42988.23,18326.74,1077.06,22,50,74
38,442,426,43003.66,16900.0,487.05,22,50,79
38,442,426,43004.97,17704.78,1432.51,22,50,74
38,442,426,43009.1,18093.46,1140.95,22,50,74
38,442,426,43027.64,16946.54,248.93,20,51,78
38,442,426,43049.01,16843.3,487.05,22,50,80
38,442,426,43060.53,17704.05,348.91,22,47,91
38,442,426,43065.36,17244.53,1584.99,22,47,74
38,442,426,43079.25,17244.53,1584.99,22,47,73
38,442,426,43111.85,18109.83,1054.48,22,50,75
38,442,426,43116.53,16721.0,829.6,22,48,84
38,442,426,43150.75,16736.91,248.93,20,51,78
38,442,426,43152.99,17222.84,1584.99,22,47,74
38,442,426,43202.09,17211.76,1584.99,22,47,74
38,442,426,43504.14,17639.41,348.91,22,47,91
38,442,426,43547.99,17765.65,1054.48,22,50,74
38,442,426,43676.87,17766.42,1041.08,22,47,75
38,442,426,43720.51,17862.44,626.3,22,51,75
38,442,426,43776.56,17562.39,398.8,22,45,89
38,442,426,43781.08,17500.2,541.42,22,50,74
38,442,426,43782.28,17695.83,1041.08,22,47,75
38,442,426,43791.34,17562.39,398.8,22,45,88
38,442,426,43813.73,17446.73,398.8,22,45,87
38,442,426,43819.17,17981.55,302.81,22,44,87
38,442,426,43893.63,17402.24,398.8,22,45,87
38,442,426,43897.3,17341.21,398.8,22,45,87
38,442,426,43908.99,17245.8,1474.6,22,48,72
38,442,426,43908.99,17245.8,1538.5,22,48,71
38,442,426,43981.07,17940.71,348.91,22,44,88
38,442,426,44073.91,18338.18,828.98,21,50,76
38,442,426,44073.91,18373.29,744.11,21,50,76
38,442,426,44089.31,17988.31,302.81,22,44,86
38,442,426,44103.69,16755.49,1026.4,22,50,78
38,442,426,44109.96,17615.44,1507.63,22,48,67
38,442,426,44143.97,16703.46,1026.4,22,51,78
38,442,426,44146.03,17572.59,990.59,21,51,75
38,442,426,44148.94,17196.67,1538.5,22,48,71
38,442,426,44158.9,17640.68,905.72,21,51,74
38,442,426,44184.71,17634.78,990.59,21,51,74
38,442,426,44213.59,17559.55,990.59,21,51,75
38,442,426,44216.22,17466.23,990.59,21,51,75
38,442,426,44239.36,17849.56,1500.55,22,48,66
38,442,426,44337.57,16626.66,903.04,22,51,80
38,442,426,44340.58,17659.14,985.33,21,50,76
38,442,426,44582.68,17583.88,408.24,22,51,74
38,442,426,44672.86,18275.61,363.34,22,45,83
38,442,426,44716.5,18256.29,363.34,22,45,83
38,442,426,44873.69,18317.15,742.96,21,47,81
38,442,426,44949.38,18265.97,795.13,21,47,80
38,442,426,45063.65,18003.43,780.27,21,47,82
38,442,426,45088.5,17853.42,780.27,21,47,82
38,442,426,45146.97,18305.09,796.28,21,50,75
38,442,426,45185.05,18322.79,796.28,21,50,74
38,442,426,45255.35,18223.95,796.28,21,50,75
38,442,426,45467.03,18112.22,796.28,21,50,75
38,442,427,41734.86,17466.27,941.86,22,51,78
38,442,427,41767.0,17499.82,248.93,20,50,80
38,442,427,41781.37,17413.63,941.86,22,51,79
38,442,427,41944.4,18828.82,422.14,22,51,79
38,442,427,41948.53,18777.98,422.14,22,51,79
38,442,427,42004.45,17274.08,248.93,20,50,80
38,442,427,42055.4,18504.87,422.14,22,51,78
38,442,427,42198.18,18687.01,435.48,22,51,77
38,442,427,42324.09,17274.08,248.93,20,50,79
38,442,427,42391.98,17219.24,248.93,20,50,79
38,442,427,42507.89,18618.23,435.48,22,50,76
38,442,427,42512.17,18910.08,401.55,22,49,83
38,442,427,42547.65,16810.54,248.93,20,50,81
38,442,427,42586.33,18175.9,447.08,22,48,81
38,442,427,42608.12,18860.52,401.55,22,49,83
38,442,427,42652.58,18551.23,435.48,22,51,77
38,442,427,42662.92,18080.03,447.08,22,48,81
38,442,427,42909.94,17719.31,1432.51,22,50,73
38,442,427,42977.68,17743.14,348.91,22,47,91
38,442,427,43022.19,17494.83,1529.96,22,47,75
38,442,427,43022.19,17494.83,1584.99,22,47,74
38,442,427,43069.31,17697.82,348.91,22,47,91
38,442,427,43074.49,16652.8,248.93,20,51,78
38,442,427,43102.48,16853.63,487.05,22,50,79
38,442,427,43125.8,17455.06,1561.9,22,47,68
38,442,427,43135.95,17016.66,1535.37,22,48,71
38,442,427,43158.86,16819.81,487.05,22,50,80
38,442,427,43196.45,17211.76,1584.99,22,47,74
38,442,427,43394.74,17375.48,1417.85,22,47,73
38,442,427,43394.74,17414.36,1417.85,22,47,72
38,442,427,43417.55,16861.95,248.93,20,51,77
38,442,427,43463.85,17380.09,1417.85,22,47,72
38,442,427,43514.01,17946.44,1054.48,22,50,74
38,442,427,43651.75,17363.61,1380.73,22,47,72
38,442,427,43701.06,17440.96,1380.73,22,47,71
38,442,427,43701.06,17538.11,1380.73,22,47,70
38,442,427,43704.11,17530.4,1380.73,22,47,70
38,442,427,43706.12,17638.07,541.42,22,50,74
38,442,427,43710.44,17580.75,541.42,22,50,76
38,442,427,43734.28,17528.13,1353.43,22,47,69
38,442,427,43734.28,17528.13,1408.46,22,47,68
38,442,427,43741.5,17630.88,541.42,22,50,74
38,442,427,43745.89,17779.1,460.42,22,50,75
38,442,427,43745.89,17819.34,460.42,22,50,74
38,442,427,43764.66,17638.07,460.42,22,50,75
38,442,427,43792.55,17474.7,541.42,22,50,75
38,442,427,43849.19,17581.87,1393.59,22,47,68
38,442,427,43857.99,17756.35,460.42,22,50,74
38,442,427,43881.34,17474.7,541.42,22,50,74
38,442,427,43981.07,17905.46,348.91,22,44,88
38,442,427,43996.95,17592.6,1479.69,22,48,66
38,442,427,44017.25,19059.03,334.46,22,44,86
38,442,427,44019.89,18373.29,744.11,21,50,76
38,442,427,44046.83,17946.61,302.81,22,44,87
38,442,427,44084.06,18990.71,334.46,22,44,86
38,442,427,44131.17,17516.5,1378.57,22,48,67
38,442,427,44178.01,17482.29,1378.57,22,48,67
38,442,427,44188.98,17480.19,1378.57,22,48,67
38,442,427,44206.64,17545.88,990.59,21,51,75
38,442,427,44285.12,16617.59,903.04,22,51,79
38,442,427,44340.58,17628.05,985.33,21,50,76
38,442,427,44440.13,17428.66,1378.57,22,48,67
38,442,427,44666.53,18265.97,795.13,21,47,80
38,442,427,44681.72,18250.39,363.34,22,45,83
38,442,427,44695.37,18210.36,363.34,22,45,83
38,442,427,44718.2,18212.45,795.13,21,47,80
38,442,427,45021.42,18103.77,742.96,21,47,81
38,442,427,45033.82,18120.67,816.87,21,50,75
38,442,427,45135.41,17945.59,816.87,21,50,76
38,442,427,45162.08,18453.59,796.28,21,50,74
38,442,427,45202.98,18055.43,816.87,21,50,75
38,442,427,45253.87,17869.1,816.87,21,49,76
38,442,427,45317.98,17806.27,816.87,21,49,76
38,442,428,41456.08,19108.52,477.17,22,51,80
38,442,428,41460.71,18988.61,477.17,22,51,80
38,442,428,41624.87,18743.1,477.17,22,51,80
38,442,428,41717.49,18824.55,477.17,22,51,79
38,442,428,41719.35,18811.11,477.17,22,51,79
38,442,428,41813.84,18977.11,477.17,22,51,78
38,442,428,41830.48,18954.92,477.17,22,51,78
38,442,428,41907.47,18637.85,422.14,22,51,79
38,442,428,41947.42,18538.55,422.14,22,51,79
38,442,428,42354.55,17240.26,248.93,20,50,82
38,442,428,42355.42,17240.26,248.93,20,50,80
38,442,428,42854.17,16819.81,487.05,22,50,80
38,442,428,42967.99,17043.53,868.61,22,49,83
38,442,428,43074.61,16925.07,868.61,22,48,83
38,442,428,43101.7,16871.01,248.93,20,51,77
38,442,428,43149.67,16729.16,248.93,20,51,77
38,442,428,43164.73,16835.56,874.88,22,48,82
38,442,428,43184.38,16798.68,874.88,22,48,82
38,442,428,43218.58,16899.33,248.93,20,50,79
38,442,428,43375.93,16791.25,874.88,22,48,82
38,442,428,43384.95,17433.11,1417.85,22,47,72
38,442,428,43385.82,17433.11,1483.2,22,47,71
38,442,428,43456.33,17430.01,1483.2,22,47,71
38,442,428,43593.97,17232.25,1535.37,22,47,71
38,442,428,43657.69,17603.39,383.94,22,45,89
38,442,428,43659.98,17175.22,1535.37,22,47,71
38,442,428,43683.05,17726.82,460.42,22,50,74
38,442,428,43718.51,17167.75,1535.37,22,47,71
38,442,428,43719.54,17211.55,1474.6,22,48,71
38,442,428,43746.01,17577.93,541.42,22,50,76
38,442,428,43765.02,17821.23,460.42,22,50,72
38,442,428,43771.76,17551.02,541.42,22,50,76
38,442,428,43785.89,17535.46,383.94,22,45,87
38,442,428,43827.31,17500.83,460.42,22,50,74
38,442,428,43954.99,17450.41,460.42,22,50,75
38,442,428,44006.76,17287.29,1520.07,22,48,69
38,442,428,44067.85,17275.25,1467.9,22,48,71
38,442,428,44067.85,17287.29,1467.9,22,48,70
38,442,428,44206.58,17461.03,383.94,22,45,86
38,442,428,44256.27,18238.53,744.11,21,50,76
38,442,428,44306.49,18427.34,744.11,21,50,75
38,442,428,44474.26,18344.47,744.11,21,50,75
38,442,428,44558.14,18138.4,363.34,22,45,84
38,442,428,44580.95,17555.83,363.34,22,45,84
38,442,428,44604.49,17415.67,383.94,22,45,86
38,442,428,44729.26,18340.24,742.96,21,47,81
38,442,428,45041.61,18016.34,816.87,21,50,76
38,442,428,45093.26,18055.43,816.87,21,50,75
38,442,429,41501.43,18968.92,485.34,22,51,80
38,442,429,41527.71,18976.09,477.17,22,51,80
38,442,429,41624.87,18773.28,477.17,22,51,79
38,442,429,41854.18,18875.02,477.17,22,51,78
38,442,429,42406.38,17764.55,350.44,20,49,83
38,442,429,42478.25,18574.32,435.48,22,51,77
38,442,429,42673.08,17345.33,248.93,20,50,78
38,442,429,42714.11,17345.33,248.93,20,49,78
38,442,429,42734.86,17277.44,248.93,20,49,78
38,442,429,43012.04,16915.52,868.61,22,48,84
38,442,429,43073.56,17088.7,800.44,22,48,84
38,442,429,43164.73,17031.78,800.44,22,48,84
38,442,429,43164.73,17083.51,800.44,22,48,83
38,442,429,43302.63,17145.68,248.93,20,50,77
38,442,429,43609.43,17528.6,383.94,22,45,86
38,442,429,43665.11,17821.23,460.42,22,50,72
38,442,429,43683.05,17718.55,460.42,22,50,74
38,442,429,43760.2,17736.23,460.42,22,50,73
38,442,429,43827.05,17522.93,383.94,22,45,87
38,442,429,43831.58,17712.62,460.42,22,50,73
38,442,429,43855.39,17673.35,1479.69,22,48,66
38,442,429,43876.73,17673.35,1393.59,22,47,65
38,442,429,43887.19,17661.72,1393.59,22,47,66
38,442,429,44100.5,17557.97,1393.59,22,47,68
38,442,429,44153.24,17025.53,1520.07,22,48,69
38,442,429,44153.24,17060.75,1467.9,22,48,69
38,442,429,44203.85,17461.03,383.94,22,45,86
38,442,429,44224.42,17460.7,1511.2,22,48,67
38,442,429,44374.52,18498.56,796.28,21,50,74
38,442,429,44374.52,18556.72,744.11,21,50,74
38,442,429,44375.29,17917.69,363.34,22,45,85
38,442,429,44449.27,17615.03,363.34,22,45,83
38,442,429,44480.73,17468.65,363.34,22,45,83
38,442,429,44996.38,18313.82,796.28,21,50,74
38,442,430,41285.1,19071.61,485.34,22,51,79
38,442,430,41854.18,18874.95,477.17,22,51,78
38,442,430,42388.92,17749.97,350.44,20,49,84
38,442,430,42511.65,17735.78,350.44,20,49,86
38,442,430,42532.84,17697.28,350.44,20,49,85
38,442,430,42617.13,17664.19,350.44,20,49,83
38,442,430,42721.41,17277.44,248.93,20,49,78
38,442,430,42776.58,16757.14,868.61,22,50,83
38,442,430,43155.06,17087.39,248.93,20,50,77
38,442,430,43496.66,17528.6,383.94,22,45,86
38,442,430,44153.24,17070.42,1467.9,22,48,68
38,442,430,44341.4,17998.75,363.34,22,45,85
38,442,430,44351.52,17526.37,363.34,22,45,83
38,442,430,44354.96,17427.23,363.34,22,45,83
38,442,430,44382.14,17425.57,363.34,22,45,83
38,442,430,44830.63,18395.06,796.28,21,50,74
38,442,431,42721.41,17200.25,248.93,20,49,78
38,442,431,42969.86,17144.45,248.93,20,49,78
38,442,431,43394.9,17587.27,383.94,22,45,87
38,442,431,43446.59,17528.6,383.94,22,45,86
38,442,431,44085.18,17127.4,1467.9,22,48,68
38,442,431,44126.11,17513.08,383.94,22,45,87
38,442,431,44147.01,17102.78,1467.9,22,48,68
38,442,431,44313.71,17650.5,363.34,22,45,83
38,442,432,44120.84,17492.01,383.94,22,45,87
38,442,432,44355.01,17417.12,383.94,22,45,87
