Time (s),Number of Solutions
0.0,1
5.219945669174194,7
2024.9993357658386,22
2026.4725315570831,23
2027.1432359218597,24
2027.371349811554,25
2027.4210040569305,25
2027.450909614563,26
2027.7334606647491,27
2027.8621490001678,28
2028.0167236328125,29
2030.7088248729706,30
2031.5733156204224,31
2031.6103403568268,31
2031.6460003852844,31
2031.699726343155,31
2031.764313697815,32
2031.8184554576874,33
2031.8704340457916,33
2031.903953552246,33
2034.44202542305,34
2034.5398647785187,35
2034.5979330539703,36
2034.6474196910858,36
2039.613510608673,37
2039.6777386665344,37
2042.7967507839203,38
2042.8970773220062,39
2043.0322890281677,40
2043.3613107204437,41
2044.1798644065857,42
2047.3366742134094,43
2047.3969206809998,43
2047.7130570411682,44
2047.76367521286,45
2047.9166185855865,46
2048.395020008087,47
2048.4502205848694,47
2058.499276161194,48
2058.594176530838,49
2058.7887287139893,50
2058.909511566162,51
2058.989093065262,51
2059.029130220413,51
2062.780514717102,52
2064.647631406784,53
2064.7474410533905,54
2064.8268208503723,54
2064.8720009326935,54
2064.9201283454895,55
2127.6303582191467,56
2127.9533932209015,57
2128.0554296970367,57
2128.1025767326355,57
2128.161807537079,57
2128.329066991806,57
2128.932572364807,58
2129.151196241379,59
2131.9783775806427,60
2133.6134428977966,61
2133.705328464508,62
2133.8430349826813,63
2133.979144334793,64
2134.104739665985,65
2134.1669108867645,66
2134.311415195465,67
2134.427278995514,67
2134.6269443035126,67
2134.794416666031,68
2134.8680872917175,69
2134.9761667251587,70
2135.05854678154,70
2135.2931735515594,71
2135.35999250412,72
2135.4743418693542,72
2135.742749452591,72
2135.7983503341675,68
2135.896032333374,69
2136.1670949459076,70
2136.300977230072,71
2136.836423635483,72
2136.891368150711,72
2136.984766483307,72
2137.1638588905334,73
2138.1032843589783,74
2138.1602959632874,74
2138.2577772140503,74
2138.317019224167,74
2138.3837189674377,75
2138.470105409622,75
2138.5247490406036,75
2138.8543753623962,76
2156.308787584305,77
2156.3743336200714,77
2156.500721216202,78
2156.575687646866,78
2156.6672456264496,79
2156.7861778736115,79
2156.9008314609528,80
2157.183502674103,81
2157.2894937992096,82
2157.393120288849,82
2157.4766268730164,82
2157.609362602234,83
2157.838089942932,84
2158.0386600494385,85
2158.1033980846405,85
2158.211915254593,85
2158.33562541008,84
2158.5864160060883,85
2161.330582857132,86
2161.433203458786,86
2161.568289756775,86
2162.668485403061,87
2162.85116147995,88
2163.0693714618683,89
2163.1676771640778,90
2163.23623752594,90
2255.596321105957,91
2255.7882604599,92
2256.288218975067,93
2256.4016060829163,94
2256.6141855716705,95
2273.828978538513,96
2274.0493750572205,97
2274.1927061080933,97
2274.5678322315216,98
2274.747807741165,99
2275.3198013305664,100
2275.4860978126526,101
2275.694813013077,102
2275.795084476471,102
2275.894186973572,100
2276.0461552143097,101
2276.4716770648956,102
2276.6330869197845,103
2276.9284579753876,104
2277.092931509018,104
2277.1681344509125,105
2277.4216799736023,106
2277.6387028694153,106
2277.8627574443817,107
2278.0312089920044,107
2278.33176445961,108
2278.46688079834,109
2278.5649394989014,109
2278.6651978492737,108
2278.7635204792023,108
2278.973052740097,109
2279.145271539688,110
2279.4442307949066,111
2279.5819079875946,112
2279.6605598926544,113
2279.939615726471,114
2280.0930609703064,115
2280.452124118805,116
2280.9192428588867,117
2300.9873638153076,118
2301.2431485652924,119
2301.645258665085,120
2301.83224773407,120
2302.2571651935577,121
2302.3727612495422,122
2302.544228076935,123
2302.8092114925385,124
2302.972175359726,125
2303.089115858078,125
2303.1762681007385,125
2303.3137941360474,126
2317.590708732605,127
2317.6914031505585,128
2326.813276052475,129
2333.583114385605,130
2333.7289917469025,131
2333.8939056396484,132
2334.035984992981,130
2334.129443883896,130
2334.297075033188,131
2334.451453924179,132
2334.548844575882,132
2334.74640083313,133
2334.8403730392456,133
2335.6013514995575,134
2335.692037343979,133
2335.788103580475,134
2335.9038047790527,134
2336.0097868442535,134
2336.117741584778,134
2336.352514266968,135
2336.4769446849823,136
2336.576270341873,136
2336.6694297790527,136
2336.7658054828644,137
2336.8717715740204,137
2336.9844257831573,137
2337.246531009674,138
2337.709331035614,139
2337.8823306560516,140
2417.386022567749,141
2417.495399951935,141
2417.651652574539,142
2417.8391556739807,143
2417.9797830581665,144
2418.1985371112823,145
2418.573544025421,146
2418.886050224304,147
2420.120445728302,148
2420.3235762119293,149
2420.5579533576965,150
2420.6985805034637,151
2420.823582649231,151
2420.932959794998,151
2421.042336463928,152
2421.229840040207,153
2421.651722431183,154
2421.87047624588,155
2422.0267293453217,156
2422.2142322063446,157
2422.386109828949,158
2422.6048636436462,159
2422.714241027832,159
2424.2455179691315,160
2424.3548946380615,160
2424.55802321434,161
2424.7924020290375,162
2424.9799053668976,163
2425.089282274246,164
2425.2142844200134,164
2425.3236615657806,164
2425.464289188385,164
2425.589291334152,165
2425.6986677646637,166
2425.8236696720123,167
2425.964297771454,167
2426.1205503940582,167
2426.3236792087555,166
2426.5580580234528,167
2426.714310646057,167
2427.0893170833588,168
2427.2455699443817,169
2427.3705739974976,169
2427.495574235916,170
2427.776829481125,171
2427.9487068653107,172
2428.136210203171,172
2428.3862161636353,173
2428.542467355728,173
2429.136227607727,174
2429.2456047534943,174
2429.5268597602844,175
2429.6987376213074,176
2431.8239850997925,177
2431.9773643016815,177
2432.5929610729218,177
2432.717963218689,177
2433.0460934638977,178
2433.155470609665,178
2433.3898496627808,179
2433.577353000641,180
2433.7179806232452,181
2433.842982530594,181
2433.9992356300354,182
2434.421117544174,183
2494.375289916992,184
2494.515916109085,185
2494.640920162201,185
2494.7502946853638,185
2495.0159249305725,186
2500.3441426754,187
2500.469144821167,187
2500.625397205353,187
2500.7816500663757,188
2500.95352768898,188
2501.0941557884216,189
2501.266033411026,189
2501.4535365104675,187
2501.922295808792,188
2502.0472972393036,188
2502.1879246234894,188
2502.2973012924194,189
2502.4848046302795,189
2502.6566829681396,190
2502.93793797493,191
2503.156691789627,192
2503.3285698890686,192
2503.500448703766,192
2503.625452041626,192
2503.7817022800446,192
2503.906704902649,193
2504.094207763672,194
2504.3442125320435,195
2504.500466823578,196
2504.750469684601,197
2504.9223470687866,198
2505.203602075577,199
2505.437981367111,200
2505.5942339897156,200
2505.7504868507385,201
2505.92236495018,202
2506.078617334366,203
2506.406749486923,203
2506.703629016876,204
2506.8755061626434,204
2507.0786349773407,205
2507.2348890304565,206
2507.406765460968,207
2507.7505230903625,208
2507.9067747592926,209
2508.1099038124084,210
2508.2661554813385,210
2508.5161604881287,211
2508.6788187026978,211
2509.0553324222565,212
2509.2272248268127,212
2509.3940300941467,212
2509.6894822120667,213
2509.861361503601,213
2510.1738665103912,214
2510.4082460403442,215
2510.5644993782043,214
2510.7207536697388,214
2510.908254146576,215
2511.2520093917847,215
2511.3926372528076,215
2511.548890352249,216
2511.877020597458,217
2512.0488986968994,216
2512.2520277500153,217
2512.377029657364,218
2512.752035856247,219
2513.2364189624786,220
2513.3926723003387,220
2513.658303260803,221
2513.9551832675934,222
2514.1583111286163,223
2514.392689228058,224
2514.6270694732666,225
2514.8301973342896,226
2515.2989559173584,227
2515.5333354473114,227
2519.8302841186523,228
2520.033413171768,229
2520.174040555954,229
2520.3302931785583,228
2520.5021708011627,228
2520.642798423767,229
2520.7990510463715,229
2520.970929145813,230
2521.1428089141846,229
2521.361563205719,230
2521.580316066742,229
2521.752195596695,229
2521.9709475040436,229
2522.158450126648,230
2522.314703941345,230
2522.564706802368,230
2522.9553389549255,231
2523.3303451538086,232
2523.564725637436,232
2524.095983505249,233
2524.2991137504578,233
2524.4397399425507,234
2524.6272432804108,234
2524.9709990024567,235
2525.392881155014,235
2526.3460233211517,236
2526.5335285663605,237
2529.096070766449,238
2529.3148262500763,239
2529.5179529190063,240
2529.7679574489594,239
2530.0335869789124,238
2530.314841747284,238
2530.517970561981,239
2530.6585981845856,240
2530.8148505687714,240
2531.0023539066315,241
2531.20548248291,242
2531.658615589142,243
2531.8148679733276,243
2531.9711208343506,243
2532.283626317978,244
2532.486755132675,245
2532.6898834705353,243
2532.986763715744,244
2533.2523934841156,245
2533.4711470603943,246
2533.7055263519287,247
2534.0180315971375,248
2534.2211604118347,248
2534.439914703369,249
2534.674293279648,250
2534.861796140671,250
2535.111801147461,250
2535.2836787700653,250
2535.6586866378784,251
2535.830563545227,252
2535.986815929413,252
2536.12744307518,251
2536.3774478435516,251
2536.6118268966675,250
2536.7680797576904,249
2536.9712080955505,249
2537.205586910248,250
2537.408715724945,250
2537.768096923828,251
2537.9712252616882,243
2538.1431033611298,243
2538.3149814605713,244
2538.486859560013,245
2538.643112182617,245
2540.377517223358,246
2540.5337703227997,246
2540.809592962265,246
2540.966040611267,246
2541.1204941272736,246
2541.3056728839874,246
2541.4678473472595,246
2541.7132308483124,245
2541.9163591861725,246
2542.1507399082184,243
2542.33824300766,243
2542.51011967659,238
2542.6663720607758,232
2542.8382501602173,233
2543.103879928589,234
2543.2601325511932,234
2543.4945118427277,233
2543.6663897037506,234
2543.885143995285,235
2544.0882720947266,234
2544.260151386261,234
2544.8695356845856,235
2545.1195402145386,236
2545.3382942676544,236
2545.49454665184,236
2545.7133004665375,237
2546.072681903839,238
2546.3070607185364,239
2546.7445685863495,240
2546.947697877884,240
2547.1039497852325,240
2547.4008300304413,241
2548.0883440971375,242
2548.369597196579,243
2548.5883507728577,244
2548.8227293491364,245
2549.0883593559265,245
2549.228986978531,245
2549.510241985321,246
2549.682119846344,245
2549.838372707367,246
2550.0415024757385,246
2550.3383815288544,247
2550.604010820389,247
2550.791514158249,248
2550.9946427345276,248
2551.1665205955505,249
2551.338398694992,250
2551.4790275096893,250
2551.7915318012238,251
2551.9790346622467,252
2552.1196627616882,252
2552.3071653842926,253
2552.4946689605713,254
2552.7134227752686,254
2552.90092587471,254
2553.5728125572205,255
2553.7134399414062,255
2554.0728211402893,256
2554.4634532928467,257
2554.6978318691254,258
2555.5259716510773,259
2555.682224750519,259
2556.041605949402,260
2556.197858572006,260
2556.4634881019592,261
2569.1824600696564,262
2569.354339122772,262
2569.588716983795,262
2570.5731089115143,263
2570.854363679886,264
2571.119994163513,265
2571.354372739792,265
2571.7450046539307,266
2571.9325079917908,267
2572.151263475418,268
2572.370016813278,269
2572.5731439590454,270
2572.7606468200684,270
2573.010651111603,271
2573.3231568336487,272
2573.495035171509,272
2573.666912794113,271
2574.151296854019,272
2574.3700506687164,273
2574.526303291321,273
2574.7138063907623,273
2574.963810443878,271
2575.2138166427612,272
2575.729449033737,273
2576.0107038021088,274
2576.1982069015503,275
2576.3857102394104,276
2576.666965484619,277
2576.823217868805,277
2578.026364326477,276
2578.229492664337,271
2578.49512219429,271
2578.713876247406,271
2578.9326300621033,272
2579.1045088768005,271
2579.2607605457306,270
2579.448263645172,271
2579.6045162677765,264
2579.745144367218,264
2579.9482724666595,259
2580.213902235031,260
2580.4482810497284,261
2580.62015914917,256
2580.7607867717743,255
2580.9482910633087,254
2581.151418685913,253
2581.385797739029,239
2581.682677745819,240
2581.838930606842,234
2581.979557991028,234
2582.1983115673065,234
2582.354565858841,234
2582.5264427661896,234
2582.760821580887,234
2582.9483246803284,235
2583.182703971863,236
2583.3702075481415,235
2583.573335647583,236
2583.7920892238617,237
2584.3077251911163,238
2584.5421028137207,236
2584.7452313899994,237
2584.9639852046967,238
2585.120237827301,236
2585.3389916419983,237
2590.760960817337,238
2590.9953405857086,238
2591.2922201156616,239
2591.4953486919403,239
2593.2297542095184,240
2593.573510169983,241
2593.7297627925873,242
2593.9485166072845,242
2594.4016497135162,243
2594.6672792434692,243
2594.8860330581665,244
2595.073536157608,245
2595.2610392570496,245
2595.401667356491,246
2595.886050462723,247
2596.08917927742,248
2597.1048216819763,248
2597.276699781418,248
2597.5267040729523,249
2597.7142086029053,250
2597.8704607486725,250
2598.0267131328583,251
2598.30796790123,252
2598.4485955238342,252
2598.651724100113,253
2598.8548521995544,254
2607.636255502701,255
2609.9331707954407,256
2610.292551755905,257
2614.9842898845673,258
2615.171792984009,258
2726.4153850078583,259
2726.6028883457184,259
2726.77476644516,259
2727.16539812088,260
2773.5099518299103,261
2773.6818296909332,261
2774.2130887508392,262
2774.853725194931,263
2775.0412282943726,264
2775.44748544693,265
2775.6662390232086,265
2775.8693675994873,266
2776.1037468910217,267
2888.6889657974243,268
2888.970221042633,268
2889.157724380493,269
2889.376477956772,269
2889.642107486725,269
2911.6188354492188,270
2911.7750883102417,270
2912.1188440322876,271
2912.5563519001007,272
2937.2911562919617,273
2937.5411603450775,274
2937.7442886829376,274
2937.978667974472,275
2942.8693776130676,276
2943.103758096695,276
2970.9226727485657,277
2971.094550848007,277
2971.3133039474487,278
2971.4695570468903,279
2971.693383693695,278
2972.056161880493,279
2972.315882205963,279
2972.4747247695923,280
2972.6309776306152,280
2972.927857875824,280
2973.099735736847,280
2975.9747862815857,281
2976.162289619446,282
2976.3810431957245,282
2977.1623075008392,283
2977.334184885025,284
2986.834350824356,285
2987.365609884262,286
2987.6468648910522,287
2987.834367990494,288
2988.021871328354,288
2988.3656272888184,289
2988.646882534027,290
2988.8187601566315,289
2989.068764448166,290
2989.2875180244446,291
2989.568772792816,292
2989.881278514862,293
2990.6937923431396,294
2990.943796634674,295
2991.131299972534,296
2991.3813042640686,297
2991.6313087940216,298
2991.8500623703003,297
2992.100067138672,298
2992.396947145462,299
2992.5844526290894,299
2993.0375831127167,300
2993.209461212158,300
2993.4282150268555,301
2993.6469690799713,302
2993.834472179413,302
2994.1469774246216,303
2994.475107908249,304
3004.631534099579,305
3004.9752910137177,306
3005.3034212589264,307
3005.5534253120422,307
3005.912806034088,308
3006.1003098487854,308
3006.287812948227,308
3008.6316034793854,309
3008.819106578827,309
3009.0222356319427,309
3009.5378692150116,310
3010.9285185337067,311
3011.1003963947296,311
3011.3347754478455,311
3011.5222787857056,311
3011.8191587924957,312
3012.05353808403,313
3012.3035423755646,314
3013.8348190784454,315
3014.0848231315613,316
3014.30357670784,316
3014.5379559993744,315
3014.756709575653,316
3015.0848405361176,317
3015.319219350815,317
3015.522348165512,318
3016.022356748581,319
3016.2254853248596,319
3016.5692410469055,319
3016.741119146347,318
3016.944249391556,318
3017.1630012989044,319
3017.428631067276,319
3017.756761789322,320
3018.975532770157,321
3019.1786625385284,321
3019.3661646842957,321
3020.381808280945,322
3020.6005623340607,322
3020.9911947250366,323
3021.2099480628967,323
3021.631830215454,324
3021.975586414337,324
3022.459969997406,325
3022.7255992889404,326
3022.9287281036377,326
3023.444361925125,327
3023.663115501404,327
3023.866244316101,327
3024.2412509918213,328
3024.5850081443787,329
3024.85063624382,329
3025.100640773773,330
3025.4287712574005,331
3025.6631515026093,332
3025.850653409958,331
3026.1162831783295,331
3026.725668668747,332
3026.928797483444,333
3027.194427013397,333
3027.4444313049316,334
3027.7413115501404,334
3027.928814649582,334
3028.4444484710693,335
3028.7413289546967,336
3028.960082769394,336
3029.2100868225098,337
3029.553843021393,338
3029.77259683609,338
3029.9757249355316,339
3030.241354942322,339
3030.460108757019,336
3030.678862810135,337
3031.038243293762,338
3031.256997346878,339
3033.507036447525,340
3033.741415500641,341
3033.9601695537567,342
3034.1632974147797,342
3034.3820519447327,342
3034.5851805210114,343
3039.0227661132812,344
3039.31964635849,344
3040.6165471076965,345
3040.9134273529053,346
3042.304079771042,347
3044.6791253089905,348
3044.913504600525,349
3045.1166336536407,349
3045.3822631835938,350
3045.6166429519653,350
3045.882272720337,350
3046.1791536808014,351
3046.46040892601,352
3046.741664171219,353
3047.022919654846,353
3047.3354256153107,354
3047.5541796684265,354
3047.897936105728,353
3048.226066827774,354
3048.460446357727,355
3048.8077006340027,356
3049.030909061432,356
3049.2961490154266,357
3049.7573845386505,358
3050.023040533066,358
3050.257393360138,359
3050.554274082184,359
3050.7730283737183,360
3051.007407426834,360
3051.3824157714844,360
3051.960550069809,361
3052.2261798381805,361
3052.460559606552,362
3052.6636877059937,362
3052.8824417591095,362
3053.273074388504,362
3053.5543291568756,363
3053.78870844841,363
3054.038712978363,363
3054.2730927467346,363
3054.4918463230133,363
3054.741851091385,364
3055.0856075286865,364
3055.3356115818024,365
3055.601241350174,366
3055.8043706417084,366
3056.10125041008,366
3056.320004224777,366
3056.6012592315674,367
3056.8512654304504,367
3057.054393053055,367
3057.7419056892395,368
3057.9606595039368,367
3058.2106640338898,368
3058.523169517517,369
3058.9138011932373,370
3059.132555246353,370
3062.1794848442078,371
3064.679529428482,372
3065.0076603889465,372
3065.3045406341553,372
3065.6795477867126,373
3065.9451768398285,373
3066.179556131363,374
3066.4920616149902,375
3066.8045670986176,376
3067.038946390152,376
3067.2889518737793,377
3067.5858311653137,377
3067.8202102184296,377
3068.1014652252197,378
3068.351469516754,378
3068.5858488082886,378
3068.8514795303345,379
3069.070232152939,379
3069.2889862060547,379
3069.5233657360077,380
3069.851496219635,381
3070.1483764648438,382
3070.398380756378,382
3070.710886478424,382
3071.023391723633,383
3071.273396253586,383
3071.570276260376,384
3071.9140322208405,385
3072.1640367507935,385
3072.398416042328,385
3072.679671049118,386
3073.0078015327454,387
3073.3515577316284,388
3073.679688692093,388
3075.414093732834,389
3075.8359768390656,390
3076.1484818458557,391
3076.3984863758087,391
3076.742243051529,392
3076.976621389389,391
3077.336002588272,392
3077.679758787155,393
3078.039141178131,394
3078.3828959465027,395
3078.9141552448273,396
3079.179785013199,396
3079.4141640663147,396
3079.7579197883606,397
3080.0079243183136,398
3080.3048045635223,398
3080.6016852855682,399
3080.9395909309387,400
3081.238442659378,401
3081.52979183197,401
3082.1393699645996,402
3082.404999732971,403
3082.7018802165985,403
3082.9987604618073,403
3083.233139514923,400
3085.795684337616,401
3086.1394398212433,402
3086.373818874359,402
3087.0457048416138,403
3087.5144629478455,404
3087.780093431473,404
3087.99884724617,405
3088.311352491379,406
3088.545731782913,406
3088.8113610744476,403
3089.5457484722137,404
3089.9832565784454,405
3090.2645120620728,406
3090.5770189762115,406
3090.8270218372345,406
3091.092651605606,407
3091.342655658722,405
3091.6395359039307,405
3091.873915195465,406
3092.1395444869995,406
3092.3739240169525,406
3092.60830283165,406
3092.8739326000214,406
3093.264564037323,407
3093.6239461898804,408
3093.8583245277405,407
3094.1239545345306,408
3094.405209302902,409
3094.717715024948,409
3095.014594554901,409
3095.2489738464355,409
3095.4989783763885,410
3096.248991727829,411
3096.4833705425262,412
3097.0302555561066,413
3097.2802596092224,413
3097.5771396160126,414
3097.8271436691284,415
3098.0771481990814,415
3098.4990305900574,416
3098.7646601200104,416
3099.108416080475,417
3099.639675617218,418
3099.8896799087524,418
3104.4366335868835,419
3104.6866381168365,420
3105.061644554138,420
3105.4054005146027,420
3105.764781475067,420
3106.0304112434387,419
3106.3116664886475,419
3106.8741760253906,420
3107.139805316925,420
3107.436685562134,420
3107.7648162841797,421
3108.108572244644,422
3108.3742020130157,422
3108.6398315429688,422
3109.1242151260376,423
3109.4367203712463,424
3109.7179753780365,424
3110.014855146408,425
3110.3117356300354,426
3110.6086156368256,427
3112.749278306961,428
3113.014907360077,428
3140.3747596740723,428
3140.640389442444,428
3142.0779144763947,427
3142.3904201984406,428
3142.6873004436493,429
3142.9373047351837,429
3143.2966859340668,428
3143.6404418945312,427
3143.9529469013214,427
3144.2342019081116,427
3146.5467422008514,428
3146.906124353409,429
3147.2030036449432,430
3147.4530086517334,430
3147.7186381816864,430
3148.031143426895,431
3148.406149864197,430
3148.8124072551727,431
3149.1249127388,432
3149.42179274559,430
3149.687422275543,430
3149.984303712845,430
3150.312433242798,429
3150.796816587448,430
3151.3124516010284,427
3151.576431274414,428
3151.867101430893,427
3152.1607275009155,427
3152.472860097885,428
3153.7228820323944,429
3153.988511800766,430
3154.3635182380676,431
3154.7854006290436,431
3155.097906112671,432
3155.738542318344,433
3156.004171848297,433
3156.301052093506,432
3156.738559484482,432
3157.082315683365,433
3157.410446166992,434
3157.6604523658752,434
3157.941707611084,434
3158.19170999527,434
3158.4729647636414,435
3159.847988843918,436
3160.207370519638,434
3160.582376718521,433
3160.8636317253113,434
3161.1605117321014,435
3161.410516023636,435
3161.7386467456818,435
3162.223030090332,436
3162.5667860507965,437
3162.894917011261,437
3163.160546541214,437
3163.50430226326,438
3163.8011832237244,439
3164.082437992096,439
3164.3949432373047,440
3164.738700389862,441
3165.0668301582336,441
3165.91059422493,442
3166.2230999469757,442
3166.4887311458588,442
3166.816860437393,443
3167.098114967346,444
3167.3793699741364,443
3167.832504272461,444
3168.098132610321,444
3168.39501285553,444
3169.4106554985046,445
3169.723160982132,446
3170.1137936115265,445
3170.4419236183167,446
3171.3013138771057,447
3171.629444360733,448
3172.1607048511505,447
3172.5357098579407,448
3172.8794660568237,448
3173.207597017288,444
3173.47322678566,444
3174.0201110839844,445
3174.3482418060303,446
3174.613871574402,445
3174.879501104355,445
3175.1607558727264,445
3175.426385641098,445
3175.7388908863068,446
3176.0982723236084,447
3176.4732789993286,448
3177.395170211792,449
3177.7858016490936,450
3178.051431655884,450
3178.3639373779297,451
3178.7389438152313,452
3179.1139500141144,453
3179.4264554977417,452
3179.7233357429504,453
3180.0045907497406,453
3180.317096233368,453
3180.598351955414,454
3180.879605770111,455
3181.1764862537384,455
3181.582743883133,456
3181.8639981746674,456
3182.2233793735504,457
3182.5046343803406,456
3182.8327651023865,457
3183.1608951091766,458
3183.4734015464783,458
3183.910908937454,459
3184.3640418052673,460
3184.9109263420105,461
3185.1921808719635,461
3186.0046949386597,462
3186.3640768527985,462
3186.707832813263,463
3186.9890882968903,463
3187.3484687805176,464
3187.7703511714935,465
3188.0672311782837,465
3188.3328619003296,463
3188.6766171455383,463
3188.9578721523285,461
3189.223501443863,461
3189.5203824043274,462
3189.786011695862,463
3190.0985164642334,464
3190.4735231399536,465
3190.8172795772552,466
3191.1297845840454,466
3191.442289829254,467
3192.1141772270203,468
3192.457932949066,468
3192.848564386368,469
3193.1298191547394,468
3193.6610786914825,469
3193.9892094135284,470
3194.442342042923,470
3194.8485989570618,469
3195.1923553943634,470
3195.551739215851,471
3195.926743030548,471
3196.2079980373383,471
3196.5517542362213,472
3196.833009004593,470
3197.2392671108246,471
3197.6455228328705,472
3198.020529985428,473
3198.3642859458923,473
3198.6767909526825,473
3198.9892966747284,472
3199.3018021583557,471
3199.7236845493317,471
3200.0674402713776,472
3200.379945755005,472
3200.661202430725,473
3201.0205821990967,474
3201.364338159561,474
3201.6612179279327,474
3202.05185008049,475
3202.3956065177917,475
3202.708111524582,474
3203.051867723465,474
3203.3331224918365,475
3203.6456282138824,476
3203.973758459091,476
3204.270639181137,476
3204.583144426346,467
3204.958150625229,468
3205.270656347275,469
3205.5519111156464,469
3205.9425427913666,470
3206.2237977981567,468
3206.5675535202026,448
3206.8644342422485,449
3207.23944067955,450
3207.661322593689,451
3207.9582030773163,450
3208.3488347530365,451
3208.6300897598267,452
3208.8957195281982,453
3209.1613495349884,454
3209.489479780197,455
3209.7707345485687,455
3210.098865032196,456
3210.5676231384277,457
3211.130133152008,458
3211.458264350891,458
3212.0363988876343,459
3212.567658185959,460
3212.8801639080048,460
3213.2239198684692,461
3213.567675590515,462
3213.9739327430725,463
3214.3020639419556,455
3214.5520679950714,456
3214.92707490921,452
3215.3020825386047,448
3215.6614623069763,449
3216.0208435058594,448
3216.536477327347,449
3216.8021070957184,449
3217.192739009857,450
3217.4739937782288,449
3217.7552485466003,450
3218.3177585601807,449
3218.630264520645,450
3218.958395242691,451
3219.2240245342255,451
3219.4896540641785,450
3219.8490364551544,448
3220.1146652698517,448
3220.3959200382233,449
3220.7084255218506,449
3220.9740550518036,449
3221.7709455490112,449
3223.1147191524506,444
3223.442847967148,442
3223.880355834961,443
3224.177235841751,444
3224.4584908485413,439
3224.7866213321686,439
3225.05225110054,440
3225.317880630493,440
3225.6460115909576,431
3225.927266359329,428
3226.208521127701,427
3226.5054013729095,428
3226.989785194397,429
3227.3022904396057,430
3227.5679199695587,430
3227.974177122116,431
3228.286682367325,428
3228.5523121356964,428
3228.873062133789,428
3229.197085618973,429
3229.5073158740997,428
3229.8226640224457,418
3230.213295698166,419
3230.791430950165,420
3231.057060241699,420
3231.3851912021637,421
3231.6820709705353,421
3232.0727047920227,422
3232.3227076530457,422
3232.63521361351,423
3232.9945940971375,404
3233.244600057602,405
3233.5102281570435,405
3233.916485309601,406
3234.1508643627167,407
3234.5414962768555,406
3234.8071258068085,406
3235.072756290436,406
3235.3540103435516,407
3235.635265350342,408
3235.9321451187134,407
3236.1665246486664,406
3236.6977837085724,407
3236.9321627616882,407
3237.1977927684784,407
3237.49467253685,407
3237.7290518283844,406
3237.9946825504303,406
3238.2446858882904,405
3238.5103154182434,404
3238.7915704250336,405
3239.104075908661,406
3239.400955915451,406
3239.666585922241,407
3239.963465690613,408
3240.713478565216,409
3241.0259840488434,410
3241.2759885787964,410
3241.604119539261,411
3241.9635004997253,412
3242.2916316986084,412
3245.3229355812073,413
3245.651066303253,414
3246.088573694229,414
3246.5573320388794,415
3246.822962284088,416
3247.1042165756226,416
3247.41672205925,416
3247.7292289733887,417
3248.1354846954346,417
3248.416739463806,418
3248.6667437553406,418
3248.9948744773865,418
3249.2605044841766,417
3249.9792668819427,418
3250.2761471271515,419
3252.49493598938,419
3252.7605652809143,420
3253.0886957645416,421
3253.3699519634247,419
3253.619955301285,418
3253.932460784912,419
3254.198090314865,419
3261.9257304668427,420
3270.2539987564087,421
3270.5196285247803,421
3270.894635438919,422
3271.144639492035,422
3271.410269021988,422
3272.019654750824,423
3272.2696590423584,423
3272.519663333893,423
3272.8634192943573,424
3273.3165533542633,425
3278.4260165691376,426
3278.707271337509,427
3278.972900867462,427
3279.3479075431824,428
3279.676038503647,429
3280.1291711330414,430
3280.4260516166687,429
3280.7541818618774,430
3281.0354368686676,430
3281.4104433059692,430
3282.1917068958282,431
3282.5198378562927,432
3282.7698423862457,431
3283.01984667778,431
3283.754234313965,432
3284.5042474269867,433
3284.7698771953583,433
3285.098007440567,433
3285.379262447357,433
3285.691768169403,434
3285.957397699356,434
3286.2230277061462,434
3286.504282474518,433
3286.8011627197266,434
3287.9418070316315,434
3288.2386877536774,435
3288.6605699062347,436
3288.9105739593506,434
3289.1605784893036,434
3289.8949666023254,435
3290.191846370697,436
3290.4887268543243,437
3290.7543563842773,437
3291.1137380599976,438
3291.394994020462,439
3291.8325004577637,440
3292.1293802261353,440
3292.4262607097626,439
3292.6918902397156,439
3292.9575197696686,439
3293.207524061203,439
3293.4887793064117,439
3293.8794107437134,439
3294.1919164657593,439
3294.535673379898,439
3294.895053625107,440
3295.16068315506,440
3295.52006483078,441
3296.160702228546,442
3296.848212480545,443
3297.348221063614,444
3298.9888751506805,445
3299.2701301574707,445
3299.5513849258423,446
3299.973266839981,447
3300.363899230957,448
3300.64515376091,448
3301.0045368671417,448
3301.6920471191406,449
3302.0045528411865,450
3302.379559278488,451
3302.8014414310455,452
3303.0983216762543,453
3303.4577028751373,454
3303.7702085971832,454
3304.067088365555,454
3304.3795940876007,455
3304.6608488559723,455
3305.1296072006226,456
3305.4577379226685,456
3305.770243406296,457
3306.098373889923,456
3306.3952555656433,456
3306.754635334015,457
3307.1452674865723,458
3307.4265220165253,459
3307.801528930664,460
3308.0671582221985,460
3308.364038705826,461
3308.6609184741974,461
3309.020299911499,462
3309.4265570640564,463
3309.707811832428,464
3310.0046923160553,464
3310.3796985149384,465
3311.3015899658203,466
3311.770348072052,467
3312.0672278404236,467
3312.4578597545624,468
3312.754739999771,468
3313.1766226291656,469
3313.6141304969788,470
3314.036012172699,471
3314.3485176563263,472
3314.7235243320465,472
3315.0047793388367,472
3315.3016595840454,473
3315.5985395908356,472
3315.879794359207,472
3316.457930088043,473
3316.8485612869263,474
3317.254818201065,475
3317.582949399948,475
3317.9735810756683,474
3318.270461320877,474
3318.5829668045044,475
3318.864222049713,476
3319.2236030101776,477
3319.504858970642,477
3319.8329887390137,478
3320.83300614357,479
3321.1455116271973,479
3321.754896879196,480
3322.067402601242,480
3322.3642830848694,481
3322.848666191101,482
3323.176796913147,482
3323.489302635193,482
3323.879933834076,483
3324.2549407482147,483
3324.661197900772,482
3325.0830805301666,483
3325.4580867290497,483
3325.75496673584,481
3326.0362219810486,482
3326.3331019878387,482
3326.629981994629,481
3327.0518646240234,482
3327.5674982070923,483
3327.864378929138,484
3328.2081351280212,485
3328.53626537323,484
3328.833146095276,485
3329.161276102066,485
3329.4894070625305,486
3329.7862873077393,487
3330.098792552948,487
3330.5050497055054,487
3330.786304473877,488
3331.1925616264343,489
3331.4738166332245,489
3331.8964800834656,490
3332.203717470169,489
3332.522311925888,490
3332.8191916942596,490
3333.2098240852356,491
3333.5692052841187,492
3334.3973445892334,493
3334.7411007881165,493
3335.084856748581,492
3335.381736755371,490
3335.7567431926727,491
3336.084874153137,492
3336.3817541599274,492
3336.7411353588104,493
3337.147392511368,493
3337.4911484718323,492
3337.7724046707153,492
3338.116159439087,493
3338.506791114807,489
3338.8661725521088,488
3339.2880561351776,489
3339.6786868572235,489
3339.9755668640137,490
3340.319322824478,490
3340.67870426178,489
3340.9599590301514,489
3341.2880895137787,489
3341.631847381592,489
3341.9599764347076,490
3342.350608110428,491
3343.038120508194,492
3343.335000514984,492
3343.678756713867,492
3343.991261959076,493
3344.288141965866,493
3344.631898164749,494
3345.0225303173065,495
3345.303784608841,495
3345.631915330887,495
3345.944420814514,496
3346.2413012981415,495
3346.55380654335,496
3346.897562980652,493
3347.1944427490234,493
3347.4913232326508,491
3347.819453716278,490
3348.1163337230682,490
3348.4600899219513,477
3348.8038461208344,477
3349.194477558136,477
3349.538233280182,478
3349.819488286972,478
3350.1788699626923,457
3350.4757499694824,457
3351.272639274597,455
3351.6476459503174,450
3352.0070266723633,451
3352.3039071559906,451
3352.7257890701294,452
3353.0226695537567,434
3353.303924560547,420
3353.5695538520813,420
3353.8820593357086,413
3354.1789395809174,414
3354.475821018219,415
3354.882076740265,415
3355.1633331775665,415
3355.4289615154266,415
3355.7102167606354,415
3356.0695974826813,410
3356.3664779663086,398
3356.694608449936,391
3356.9914886951447,391
3357.288368701935,392
3357.6633751392365,392
3357.9133813381195,392
3358.2258851528168,393
3358.7883949279785,394
3359.132150888443,394
3359.554033756256,395
3360.038416624069,392
3360.288421154022,392
3360.616551876068,393
3360.975934743881,389
3361.2571878433228,389
3361.5540685653687,389
3361.960325717926,390
3362.1947042942047,391
3362.429083585739,391
3362.772839307785,392
3363.007218360901,392
3364.2884907722473,393
3364.585371017456,394
3365.444760799408,395
3365.8978939056396,396
3366.226024389267,397
3371.679244995117,398
3371.9604997634888,399
3372.1948800086975,399
3372.4917607307434,400
3372.8198895454407,400
3373.069893836975,400
3373.413651227951,401
3373.6949048042297,402
3373.976160287857,403
3374.2730400562286,403
3374.9293015003204,404
3375.179306268692,404
3375.5074365139008,405
3375.788691520691,404
3376.054321050644,402
3376.319950580597,403
3376.6324558258057,404
3376.9137110710144,404
3377.1480906009674,404
3377.851227045059,405
3378.085606575012,405
3378.335611104965,405
3378.710617542267,406
3378.97624707222,406
3379.2106261253357,407
3379.507506132126,408
3379.8200118541718,409
3380.0700159072876,408
3380.3200204372406,407
3380.616902112961,408
3380.8825302124023,409
3381.1169095039368,409
3381.351288318634,410
3381.632543325424,410
3381.929423570633,411
3382.5700595378876,410
3382.8981902599335,410
3383.2888221740723,411
3383.5232026576996,411
3383.820081472397,411
3384.0700857639313,411
3384.351340532303,411
3384.7107219696045,411
3385.366983652115,411
3385.6638638973236,412
3386.0232450962067,413
3386.2888746261597,413
3386.5388786792755,412
3386.867010116577,412
3387.1638898849487,413
3387.413894176483,414
3387.6795241832733,415
3387.929529905319,415
3388.320160150528,416
3388.5857899188995,414
3388.851419210434,414
3389.10142326355,413
3389.5545566082,413
3389.8358116149902,414
3390.3045694828033,415
3390.5545740127563,416
3390.8514540195465,417
3391.1170835494995,417
3391.6170926094055,418
3391.86709690094,418
3392.1952278614044,419
3392.5858595371246,420
3393.038992166519,420
3393.3827481269836,421
3393.648378133774,422
3394.0233845710754,423
3394.3046395778656,423
3394.6015195846558,424
3395.179654598236,425
3395.492160320282,426
3395.742164373398,426
3396.101545572281,425
3396.3515498638153,426
3396.6484303474426,427
3396.929685354233,427
3397.4140684604645,428
3397.679698705673,429
3398.0078287124634,430
3398.914094686508,431
3399.1797244548798,431
3399.5078561306,432
3399.7734849452972,433
3401.4453887939453,434
3401.7266438007355,435
3402.007898569107,436
3402.273528575897,436
3402.539158344269,437
3402.789162158966,437
3403.0547919273376,437
3403.3516721725464,437
3403.648552417755,438
3403.9766829013824,439
3404.304813861847,440
3404.601693868637,440
3404.898574113846,441
3405.179829597473,441
3405.523585319519,442
3405.836090564728,443
3406.1173470020294,443
3406.3986003398895,444
3406.6798553466797,444
3406.9923610687256,441
3407.2423651218414,439
3407.6329967975616,440
3407.9298770427704,440
3408.2892582416534,440
3408.6642656326294,441
3409.2792036533356,442
3409.5317676067352,443
3409.8262474536896,444
3412.154412984848,445
3413.6075632572174,446
3414.0294456481934,447
3414.4044523239136,448
3414.6700818538666,448
3417.8263869285583,449
3418.123267173767,450
3418.48264837265,450
3418.9201562404633,451
3419.2951641082764,452
3419.607668161392,450
3419.8576724529266,451
3420.2639303207397,452
3420.5608093738556,453
3420.8420643806458,453
3421.2639467716217,453
3421.607702732086,454
3421.9827094078064,455
3422.248338699341,456
3422.607720375061,457
3422.888975381851,457
3423.3108575344086,457
3423.59211397171,456
3423.951493740082,456
3424.263999223709,457
3424.5140035152435,457
3424.826508998871,458
3425.3890187740326,459
3425.6702740192413,460
3426.0609064102173,460
3426.3109097480774,461
3426.764042854309,462
3427.482805252075,460
3427.8265612125397,460
3428.1546919345856,460
3428.529698610306,460
3428.8734543323517,461
3429.1547095775604,457
3429.435965538025,456
3430.4359817504883,457
3430.7172367572784,457
3431.0766179561615,458
3431.3734979629517,459
3431.7328794002533,460
3432.0453848838806,461
3432.326639890671,461
3432.623519897461,461
3433.0297768115997,462
3433.467284679413,463
3433.7485394477844,463
3434.014170885086,464
3434.420426130295,464
3434.7173063755035,462
3435.0923130512238,463
3435.5454461574554,464
3435.88920211792,465
3436.264208316803,465
3436.545463323593,465
3436.8267180919647,465
3437.217350244522,466
3437.5142302513123,466
3437.826735973358,466
3438.1392409801483,467
3438.5454983711243,467
3438.9986312389374,468
3439.358012676239,469
3439.6548924446106,470
3440.029900074005,470
3440.3424043655396,470
3440.6236596107483,470
3440.980435371399,471
3441.355006456375,472
3441.7703239917755,471
3442.0828292369843,471
3442.5672125816345,472
3442.864093065262,472
3443.2703499794006,472
3443.6453564167023,473
3446.317278146744,474
3446.5985329151154,474
3448.8329470157623,475
3449.1767044067383,476
3449.6142106056213,477
3449.9110906124115,478
3450.1767206192017,479
3450.4892258644104,479
3450.911107778549,480
3451.2861144542694,481
3451.6454961299896,482
3451.9736273288727,483
3452.4267597198486,484
3452.7080142498016,484
3453.004894733429,484
3453.3173999786377,484
3453.6611561775208,484
3453.9580364227295,482
3454.426794528961,483
3454.7861757278442,484
3455.1768078804016,484
3455.4736878871918,484
3455.864320755005,485
3456.3643283843994,486
3456.6924591064453,486
3468.6770429611206,487
3469.2864286899567,488
3469.802062511444,489
3470.145818710327,490
3472.7708644866943,491
3473.0833699703217,491
3473.458376646042,492
3473.7396314144135,492
3474.0990126132965,493
3474.3802678585052,493
3474.7396488189697,494
3475.1146552562714,495
3475.50528717041,496
3475.8177921772003,496
3476.130297899246,496
3476.4271783828735,496
3476.8021845817566,497
3477.130315542221,497
3477.52094745636,497
3477.864703655243,498
3478.2084591388702,498
3478.4897141456604,496
3478.8022196292877,495
3479.177226305008,496
3479.567857980728,489
3479.9741151332855,490
3480.2866203784943,490
3480.6303763389587,490
3480.942881822586,491
3481.2710127830505,491
3481.599143266678,491
3482.0054004192352,492
3482.3491566181183,493
3482.7085375785828,494
3483.067918777466,495
3483.364799261093,496
3483.958559513092,497
3484.286690235138,498
3484.614820957184,499
3485.4429602622986,500
3485.7242155075073,499
3486.067971229553,500
3486.396101951599,501
3486.692982196808,501
3487.052363872528,502
3487.4429948329926,502
3487.7398755550385,503
3488.239884376526,504
3488.630516052246,504
3488.974271774292,504
3489.3180277347565,504
3489.599282979965,504
3489.911788225174,504
3490.3336708545685,505
3490.6774265766144,505
3491.1305594444275,506
3492.427457332611,507
3492.7243373394012,504
3493.0055923461914,504
3493.3180978298187,504
3495.349383354187,505
3495.630638360977,505
3495.943143606186,505
3496.3025245666504,506
3496.599404811859,506
3497.068163394928,507
3497.365043401718,507
3497.6931743621826,507
3497.990054368973,507
3498.380686044693,508
3499.255701303482,509
3499.724459886551,509
3500.036966085434,509
3500.3338453769684,510
3500.708851337433,511
3501.1151089668274,511
3501.5526163578033,512
3501.849496603012,512
3502.146376848221,512
3502.4901328086853,513
3502.8026382923126,513
3503.240145921707,514
3503.5526525974274,514
3503.8964071273804,514
3504.380790710449,515
3504.7401719093323,515
3505.1151785850525,516
3505.5526859760284,515
3505.8651916980743,515
3506.240198135376,516
3506.6620807647705,516
3507.021461725235,517
3507.427719116211,518
3507.7714745998383,519
3508.0996057987213,519
3508.490237236023,520
3508.849618911743,521
3509.1464989185333,522
3509.490254878998,522
3509.9121372699738,522
3510.2402679920197,521
3510.568398952484,522
3510.943405151367,523
3511.3652873039246,523
3511.71572637558,524
3512.0696761608124,524
3512.727068901062,525
3513.508331298828,526
3513.8677127361298,526
3514.1802184581757,527
3514.6177258491516,527
3515.133359670639,528
3515.477115869522,529
3516.008374929428,530
3516.6646366119385,531
3516.977142095566,531
3517.3521485328674,532
3517.6802792549133,533
3518.008411169052,533
3518.4146666526794,534
3518.8209240436554,535
3519.180305480957,534
3520.102196455002,535
3520.492828130722,536
3520.852209329605,537
3521.242841243744,537
3521.6178476810455,538
3522.1022312641144,539
3522.4459869861603,539
3522.7741181850433,539
3523.321002960205,540
3523.664758682251,540
3524.055390357971,539
3524.711651802063,540
3525.2741618156433,541
3525.602292776108,542
3526.0085496902466,542
3526.555433988571,543
3527.0085668563843,544
3527.4304506778717,545
3528.321089744568,546
3528.6648461818695,546
3529.0711028575897,546
3529.4461097717285,547
3529.852366924286,547
3530.2742500305176,547
3530.649255514145,547
3531.0086369514465,547
3531.85240149498,548
3532.2430334091187,549
3532.602414369583,550
3533.571182489395,551
3534.024314403534,552
3534.35244512558,551
3534.711826324463,552
3535.0555822849274,553
3535.399338245392,553
3535.7430942058563,554
3536.1649765968323,555
3536.649360179901,556
3537.118118286133,556
3537.493126153946,556
3537.883756875992,557
3538.2275137901306,557
3538.6025195121765,558
3538.9775257110596,559
3539.321281671524,559
3539.805665254593,560
3540.165046453476,561
3542.180706501007,562
3542.5244629383087,562
3543.0088460445404,561
3543.3682272434235,561
3544.0088634490967,561
3544.4307458400726,562
3544.7901270389557,562
3545.368262052536,563
3545.9776475429535,564
3546.5870332717896,565
3547.1339180469513,566
3547.5714254379272,566
3547.9151816368103,567
3548.3995649814606,568
3548.805822134018,568
3549.196453809738,569
3549.85271525383,570
3550.3058483600616,571
3550.7433562278748,571
3551.1339876651764,571
3551.5246198177338,572
3551.993377685547,573
3552.4621357917786,574
3552.805891752243,574
3553.2121500968933,575
3553.899661064148,576
3554.3059182167053,576
3554.64967417717,576
3555.0246806144714,577
3555.571565389633,578
3555.993447303772,578
3556.477830886841,579
3556.884088039398,579
3557.2434692382812,580
3557.7122275829315,581
3558.0559833049774,581
3558.4309899806976,582
3559.4778831005096,583
3559.9310162067413,584
3560.274772167206,583
3560.634153366089,583
3561.102911710739,584
3561.4622926712036,584
3561.915427684784,585
3562.2904324531555,585
3562.6341886520386,583
3563.00919508934,583
3563.415452003479,583
3563.993587255478,584
3564.415469646454,584
3565.21235871315,585
3565.5561141967773,585
3565.9604454040527,586
3566.3534309864044,587
3566.767063856125,587
3567.204570055008,588
3567.6543531417847,589
3568.1387367248535,590
3568.513743162155,591
3568.9200003147125,591
3569.2950069904327,588
3569.74813914299,588
3570.138771533966,588
3570.607529401779,589
3570.966911315918,587
3571.3262922763824,584
3571.7481746673584,585
3572.1075558662415,586
3572.5450649261475,581
3572.904444694519,568
3573.2950768470764,569
3573.8107101917267,569
3574.2794694900513,570
3574.8576035499573,568
3575.2638609409332,565
3575.661021232605,566
3576.0985283851624,566
3576.4735350608826,567
3577.1297981739044,568
3577.4735527038574,568
3577.9891867637634,569
3578.9892041683197,570
3579.37983584404,571
3579.8329689502716,572
3580.1923501491547,572
3585.083060503006,572
3585.458067178726,572
3585.8799498081207,573
3586.3174571990967,574
3586.8643414974213,574
3587.2237226963043,573
3587.7237315177917,573
3588.1299884319305,574
3588.5674962997437,573
3589.012772321701,574
3589.4083449840546,574
3589.8393065929413,571
3590.2924389839172,572
3590.651820421219,570
3591.026827096939,568
3591.433086156845,568
3591.9330928325653,567
3592.2924740314484,567
3592.808109998703,567
3593.6362476348877,568
3594.042504787445,567
3594.386260509491,567
3594.7456419467926,554
3595.2300255298615,555
3595.5894067287445,556
3596.011288881302,554
3596.526922941208,546
3596.870679140091,545
3597.261310815811,543
3597.6206924915314,542
3597.94882273674,521
3598.4332065582275,522
3598.839463710785,523
3599.276971101761,514
3599.6519782543182,515
3600.105110168457,512
3600.4332411289215,511
3600.7301213741302,511
3601.152004003525,512
3601.4645092487335,512
3601.792639732361,512
3602.4020256996155,513
3602.792657136917,513
3603.1051638126373,511
3603.495794773102,512
3603.8395504951477,513
3604.355184316635,514
3604.7301909923553,510
3605.1208231449127,511
3605.527079820633,512
3605.855210542679,512
3606.308343887329,513
3606.636474132538,513
3606.9802300930023,514
3607.2927355766296,514
3607.7302429676056,515
3608.2458777427673,516
3608.636509180069,516
3609.1990189552307,517
3609.495899438858,517
3609.8552803993225,518
3610.1834111213684,519
3610.699044942856,520
3611.027176141739,520
3611.402182340622,521
3611.714688062668,518
3612.2303211688995,518
3612.7928309440613,519
3613.1990876197815,518
3613.5584688186646,519
3613.8709738254547,519
3614.230354785919,519
3614.5897364616394,518
3614.9647421836853,519
3615.4647505283356,520
3615.8241314888,521
3616.1991379261017,518
3616.5585191249847,519
3616.8553993701935,519
3617.1679055690765,519
3617.480409860611,510
3617.8397908210754,511
3618.152296066284,511
3618.558552980423,511
3618.9804348945618,512
3619.2773156166077,512
3619.6054463386536,512
3619.964826822281,507
3620.261706829071,505
3620.57421207428,505
3621.065970182419,504
3621.4997477531433,504
3621.942700624466,491
3622.6145870685577,492
3622.911467075348,493
3624.395867586136,484
3624.6927478313446,482
3625.083379507065,482
3625.411509990692,483
3625.833392381668,484
3626.2552745342255,485
3626.5990302562714,486
3626.8959114551544,486
3627.1771652698517,486
3627.4896721839905,486
3627.8178012371063,487
3628.3178095817566,488
3628.6303153038025,488
3628.95844578743,489
3629.2397010326385,488
3629.567831516266,488
3629.9115872383118,488
3630.224092721939,485
3630.536597967148,486
3630.974105358124,487
3631.286610841751,487
3631.5678658485413,487
3631.8647463321686,487
3632.16162610054,487
3632.521007299423,487
3632.833513021469,488
3633.536649942398,489
3636.380449295044,490
3636.661704301834,490
3636.9585843086243,491
3637.474217891693,492
3637.7710983753204,492
3638.114854335785,493
3638.521111011505,494
3638.911743402481,495
3639.4117517471313,495
3639.9742629528046,496
3640.3648931980133,497
3640.6930236816406,495
3641.208658218384,496
3641.521163225174,496
3641.9586713314056,497
3642.396178483963,497
3642.6930582523346,496
3642.974314928055,496
3643.271193742752,496
3643.5993242263794,497
3643.9743309020996,498
3644.36496257782,498
3644.66184258461,497
3644.9743480682373,497
3645.302479028702,497
3645.646235227585,498
3645.9587404727936,498
3646.349372148514,499
3646.630627155304,499
3646.95875787735,497
3647.3025138378143,498
3647.6462700366974,498
3648.1775290966034,499
3648.521285057068,499
3649.0525448322296,500
3649.9900608062744,501
3650.443193435669,502
3650.7400739192963,502
3651.130705356598,503
3651.4432113170624,504
3651.8025925159454,505
3652.7088582515717,506
3653.068240404129,507
3653.3807446956635,507
3653.818252325058,508
3654.1932587623596,509
3654.5526401996613,510
3654.8963963985443,511
3655.3495292663574,511
3655.7089104652405,510
3656.162043094635,511
3656.490174293518,512
3656.8495552539825,513
3657.1464354991913,513
3657.521441936493,512
3657.8339474201202,511
3658.115202665329,507
3658.474583864212,508
3658.880840778351,507
3659.333973646164,506
3659.630854845047,506
3659.943358898163,506
3660.318365573883,505
3661.0058777332306,505
3661.443385362625,505
3661.849642276764,505
3662.16214799881,505
3662.4902787208557,499
3662.8496599197388,493
3663.2090413570404,493
3663.693424463272,480
3664.0684311389923,472
3664.412187099457,468
3664.7246930599213,469
3665.0371980667114,469
3665.490331172943,467
3665.9122145175934,456
3666.2090935707092,455
3666.4590981006622,456
3666.7872285842896,457
3667.052858352661,458
3667.3966155052185,459
3667.709119796753,449
3667.9747490882874,449
3668.349756002426,450
3668.7716381549835,451
3669.1153943538666,452
3669.662278652191,452
3669.9435336589813,452
3670.271664619446,453
3670.6310455799103,454
3670.9435510635376,454
3671.2560563087463,455
3671.5529367923737,455
3671.9435687065125,454
3672.38107585907,455
3672.64670586586,455
3672.9904618263245,455
3673.427969455719,453
3673.740475177765,454
3674.006104707718,454
3674.271734237671,451
3674.5998644828796,451
3674.9279956817627,426
3675.44362950325,427
3676.678027153015,428
3676.9280302524567,428
3677.2405354976654,429
3677.5061655044556,429
3677.928047657013,430
3678.3343048095703,428
3678.631184577942,429
3678.943690299988,429
3679.2561955451965,428
3679.521825313568,428
3679.7874546051025,428
3680.037458896637,429
3680.3030886650085,429
3680.615595817566,430
3680.8812239170074,431
3681.193729162216,428
3681.506234884262,429
3681.787489414215,426
3682.3343739509583,427
3682.6156289577484,427
3682.89688372612,428
3683.193764925003,429
3683.490643978119,430
3683.881275653839,424
3684.1937811374664,425
3684.5375373363495,426
3684.7719163894653,419
3685.31880068779,420
3685.6156811714172,421
3688.865737915039,422
3689.1469926834106,422
3689.3813717365265,422
3689.6470024585724,423
3689.990757226944,424
3690.3032627105713,424
3690.61576795578,422
3690.8657722473145,419
3691.131402015686,419
3691.490783214569,419
3691.739849805832,419
3692.1038937568665,407
3692.428763628006,408
3692.6818351745605,409
3692.963091135025,408
3694.1349852085114,409
3694.400614976883,410
3694.853747844696,411
3695.2443799972534,411
3695.4787588119507,412
3695.728764295578,412
3696.056894302368,413
3696.322523355484,410
3696.7444059848785,411
3696.994410276413,411
3697.431918144226,412
3697.666296482086,400
3697.916301012039,386
3698.135055065155,385
3698.5100615024567,383
3698.8694434165955,384
3699.1663229465485,385
3699.4944536685944,386
3699.885085582733,387
3700.1819660663605,388
3700.6038494110107,389
3701.0101051330566,386
3701.3382358551025,387
3701.681992292404,388
3702.2132511138916,389
3702.5413818359375,389
3706.0258178710938,388
3706.2758224010468,389
3706.5102026462555,389
3706.8695826530457,390
3707.13521194458,386
3707.4164667129517,386
3707.619595527649,381
3707.9946019649506,382
3708.338357925415,381
3708.5883626937866,380
3708.853992462158,381
3709.1821229457855,382
3709.43212723732,383
3709.697756767273,384
3710.0102620124817,385
3710.354017972946,386
3710.6665234565735,386
3711.1196568012238,386
3711.3384103775024,384
3711.588414669037,384
3711.807168483734,382
3712.088423728943,382
3712.3540527820587,382
3712.7446846961975,383
3712.994689464569,383
3713.2915694713593,384
3713.713451862335,385
3713.9322056770325,385
3714.213460445404,385
3714.666593313217,386
3715.0103492736816,386
3715.2603538036346,386
3715.7447373867035,387
3716.1822447776794,388
3716.604126930237,388
3716.9791333675385,388
3717.307265996933,388
3717.6041445732117,385
3717.838523864746,385
3718.072902917862,382
3718.3229072093964,382
3718.666663169861,383
3718.9322929382324,383
3719.213547706604,384
3719.4635519981384,385
3719.6823060512543,383
3719.9948115348816,384
3720.244815826416,384
3720.479194879532,384
3720.901077270508,385
3722.6823585033417,386
3722.916737318039,386
3723.197991847992,386
3723.432371377945,387
3723.698000907898,388
3723.979255914688,389
3724.2448868751526,389
3724.4636392593384,389
3724.7292687892914,389
3725.0261490345,389
3725.2761545181274,390
3725.5261590480804,391
3725.760537624359,391
3726.057417154312,392
3726.5418004989624,393
3726.776179790497,393
3727.073059797287,394
3727.3543145656586,395
3727.71369600296,396
3728.0105760097504,397
3728.463709115982,398
3728.7449638843536,399
3729.026218652725,399
3729.4168503284454,400
3729.823107481003,400
3730.1043627262115,401
3730.4637439250946,401
3731.0575041770935,402
3731.463762998581,402
3731.729390859604,402
3731.9950211048126,400
3732.2919006347656,395
3732.6356563568115,395
3732.9169116020203,391
3733.229416847229,392
3733.4637961387634,392
3733.7450511455536,393
3734.073182106018,394
3734.3700621128082,395
3734.6044409275055,395
3734.9013228416443,396
3735.151325941086,396
3735.479457616806,396
3735.7450861930847,393
3735.979465007782,393
3736.245095729828,394
3736.5419747829437,390
3736.9951078891754,385
3737.291987657547,386
3737.604493379593,382
3737.8232474327087,382
3738.104503393173,377
3738.3545064926147,378
3738.5576350688934,378
3738.8701405525208,379
3739.167020559311,379
3739.5732774734497,376
3740.0264108181,374
3740.40141749382,374
3740.6357963085175,368
3740.901426076889,368
3741.229556798935,369
3741.4483110904694,368
3741.6670639514923,367
3741.948319673538,362
3742.167074203491,361
3742.385826587677,355
3742.62020611763,352
3742.9952125549316,351
3743.213966369629,352
3743.4639706611633,352
3743.7139749526978,352
3744.448362827301,353
3744.667117834091,353
3744.901495695114,351
3745.22962641716,349
3745.479630470276,349
3745.7140097618103,349
3746.026515483856,350
3746.292144536972,351
3746.5265238285065,351
3746.729652404785,352
3746.9484066963196,352
3747.2296612262726,351
3747.4796657562256,352
3747.745295524597,353
3747.964049100876,353
3748.4640579223633,354
3748.667186498642,354
3748.917190551758,355
3749.1828203201294,356
3749.3859486579895,354
3749.6672036647797,355
3749.870332479477,355
3750.1515872478485,355
3750.4172167778015,355
3750.6828470230103,354
3751.0578532218933,355
3751.370358943939,356
3752.0266201496124,357
3752.3391251564026,357
3752.62038064003,357
3753.1203892230988,358
3753.3547682762146,358
3753.557896375656,358
3753.964153766632,359
3754.2766592502594,360
3754.5110383033752,360
3754.7922933101654,361
3755.0266723632812,360
3755.2766768932343,361
3755.5266811847687,362
3755.776685476303,362
3756.026690006256,362
3756.2298181056976,362
3756.448571920395,363
3756.7767028808594,363
3757.057957649231,361
3757.526715993881,360
3757.8704719543457,360
3758.0892264842987,360
3758.3079795837402,360
3758.792362689972,361
3758.995491504669,361
3759.417373895645,361
3759.7298793792725,362
3760.43301653862,362
3760.76114821434,361
3761.058027744293,361
3761.6205372810364,362
3761.9330430030823,362
3762.167421579361,363
3762.417426109314,364
3762.776807785034,365
3763.0268132686615,366
3763.2455654144287,366
3763.4799444675446,366
3763.901827096939,367
3764.1205809116364,367
3764.354959964752,368
3764.589339017868,368
3765.1205983161926,369
3765.44872879982,370
3765.7456092834473,370
3765.9799880981445,370
3766.2143676280975,371
3766.4956221580505,372
3766.745628118515,373
3767.089382648468,373
3767.355012178421,374
3767.6831431388855,374
3767.9643981456757,374
3768.183153152466,374
3768.4956572055817,371
3768.730036020279,372
3769.604653596878,373
3769.943120956421,374
3770.1775002479553,375
3770.5368814468384,375
3770.740010023117,375
3770.9587638378143,375
3771.3493955135345,373
3771.724401950836,374
3772.036907672882,375
3772.286911725998,376
3772.7087943553925,377
3772.974424123764,376
3773.2088027000427,376
3773.42755818367,377
3773.677561044693,377
3773.9275658130646,378
3774.177570104599,378
3774.474450111389,378
3774.8182072639465,379
3775.052584886551,379
3775.302589416504,379
3775.5525937080383,380
3775.896349668503,381
3776.1776049137115,381
3776.4901101589203,382
3776.771364927292,382
3777.3651254177094,383
3777.6151299476624,383
3777.833883523941,383
3778.130763530731,384
3778.505769968033,383
3778.7401492595673,383
3778.9745285511017,383
3779.318284511566,384
3779.5995395183563,385
3779.927670240402,386
3780.2245502471924,386
3780.443303823471,387
3780.81831073761,388
3781.0683147907257,388
3781.3183193206787,388
3781.7558269500732,388
3782.2558360099792,389
3782.5370905399323,389
3782.8339710235596,389
3783.068349838257,388
3783.33397936821,387
3783.7089862823486,387
3784.755879163742,388
3785.0215089321136,389
3785.271513223648,389
3785.505892276764,389
3785.7715220451355,387
3786.39653301239,388
3786.7871646881104,388
3787.084044933319,388
3787.349675655365,384
3787.6153042316437,385
3787.9746854305267,382
3788.209064722061,383
3788.5215718746185,384
3788.9122018814087,385
3789.1778316497803,383
3789.4122104644775,384
3789.724715948105,385
3790.0528469085693,386
3790.2716007232666,386
3790.505979537964,386
3790.9747376441956,387
3791.240367412567,388
3791.787253141403,389
3792.224759578705,389
3792.5997660160065,390
3793.2247772216797,390
3793.5372841358185,391
3793.771661758423,391
3794.1310427188873,392
3794.3966727256775,392
3794.7248029708862,393
3795.0060579776764,393
3795.287313222885,394
3795.5685675144196,395
3795.8341975212097,395
3796.052951335907,395
3796.365458250046,396
3796.6623373031616,397
3796.9123425483704,398
3797.2560970783234,399
3797.490476369858,399
3797.724855661392,399
3798.006110429764,399
3798.318615913391,399
3798.568619966507,400
3798.80299949646,400
3799.0842542648315,401
3799.3498837947845,402
3799.6467649936676,402
3799.8655178546906,402
3800.2405252456665,403
3800.5842802524567,404
3800.9652767181396,405
3801.2554919719696,405
3801.5686395168304,405
3801.9183988571167,406
3802.1840286254883,407
3802.5434098243713,408
3802.809039592743,409
3803.0590438842773,410
3803.3090484142303,410
3803.5434272289276,410
3803.7778079509735,411
3804.1684379577637,412
3804.4496932029724,412
3804.777824163437,412
3805.0747051239014,412
3806.6059811115265,413
3806.8559856414795,412
3807.1372406482697,413
3807.4184954166412,413
3807.7935020923615,414
3810.29354596138,415
3811.7935724258423,416
3812.074827194214,416
3812.4029581546783,417
3812.6685874462128,417
3812.965469121933,417
3813.215472459793,417
3813.574853658676,417
3815.3248839378357,418
3815.621764421463,418
3815.8873937129974,418
3816.2467753887177,419
3816.512404680252,420
3816.7467839717865,421
3817.7311758995056,422
3818.012430906296,422
3818.3093111515045,423
3818.6374418735504,424
3818.981198787689,425
3819.2937030792236,426
3819.6530849933624,424
3819.9343395233154,425
3820.2468452453613,425
3820.5280997753143,426
3820.76247882843,426
3823.1531455516815,427
3823.450026035309,428
3823.7937817573547,429
3824.606296777725,428
3824.8719267845154,428
3825.137556552887,428
3825.4656875133514,429
3825.793818473816,430
3826.090698480606,430
3826.3407039642334,431
3826.6688334941864,431
3826.950088262558,432
3827.215717792511,432
3827.590725660324,433
3827.8876049518585,434
3828.20010972023,435
3830.1220185756683,436
3831.950175523758,437
3833.1845722198486,438
3833.48145198822,439
3833.7470829486847,440
3834.0127115249634,440
3834.3095915317535,440
3834.6377222537994,441
3834.903353691101,441
3835.184607028961,441
3835.5752387046814,441
3835.9033694267273,442
3836.247125148773,443
3836.544005393982,443
3837.012763738632,444
3837.294018983841,444
3837.590898990631,444
3837.8721539974213,443
3838.2315349578857,444
3838.55966591835,443
3838.887796640396,444
3839.1690516471863,444
3839.450306892395,445
3839.872189283371,441
3840.2471952438354,441
3840.70032787323,442
3840.9503326416016,439
3841.2003366947174,432
3841.450341463089,429
3841.7784719467163,428
3842.0284762382507,428
3842.528485059738,428
3842.91911649704,425
3843.419125556946,423
3843.684755563736,422
3844.059761762619,422
3844.512894630432,423
3845.1691558361053,424
3846.1691732406616,425
3846.434803247452,425
3846.669182062149,425
3846.903563261032,426
3847.247317314148,427
3847.5285737514496,428
3847.934829711914,429
3848.1848335266113,429
3848.450463294983,430
3848.7473435401917,430
3849.0129730701447,431
3849.341104745865,431
3849.747360944748,432
3850.0129907131195,432
3850.294245481491,432
3850.5755004882812,430
3850.856755256653,430
3851.1536355018616,431
3851.5598924160004,431
3851.8567728996277,431
3852.1380274295807,431
3852.4036571979523,431
3852.8099143505096,430
3853.075544118881,430
3853.4036746025085,431
3853.6536791324615,429
3854.4505677223206,430
3854.8255743980408,431
3855.1693303585052,431
3855.966219186783,432
3856.2474744319916,432
3856.5287294387817,432
3856.794358730316,433
3857.2787425518036,434
3860.5600497722626,435
3860.8256809711456,436
3861.231935977936,437
3861.560067176819,438
3861.825696706772,439
3862.247579097748,440
3862.513208627701,439
3862.9663412570953,440
3863.2319707870483,440
3863.4976007938385,440
3863.79448056221,439
3864.075735807419,439
3864.3413655757904,439
3864.6694960594177,439
3864.950751066208,440
3865.341382741928,441
3865.607012271881,441
3865.9663937091827,441
3866.310149908066,442
3866.6226551532745,441
3866.9351608753204,441
3867.278916835785,441
3867.6070470809937,442
3867.903927564621,443
3868.544563770294,444
3868.9508209228516,445
3869.2789516448975,446
3869.6383328437805,446
3870.0133397579193,446
3870.4508469104767,446
3871.028982400894,447
3871.341487646103,448
3871.9050567150116,449
3872.3216993808746,450
3873.454709291458,451
3873.720338821411,451
3874.0328443050385,451
3874.5172276496887,452
3874.8453583717346,452
3875.110988140106,453
3875.5797464847565,453
3875.892251968384,454
3876.282883644104,455
3876.845395088196,456
3878.8923041820526,457
3879.173559188843,457
3880.001699924469,458
3880.361081123352,459
3880.626711130142,458
3881.0310611724854,458
3881.3229053020477,459
3881.6089854240417,459
3881.87021279335,459
3882.494858264923,460
3882.8229887485504,459
3883.0886187553406,460
3883.479250431061,461
3883.8855073451996,462
3884.35426568985,463
3884.6667714118958,464
3884.9547135829926,465
3885.4703464508057,466
3885.860978126526,466
3886.2516102790833,467
3886.5172398090363,466
3886.8141202926636,467
3887.095375061035,468
3887.5797593593597,469
3887.861013174057,468
3888.189144849777,469
3888.4860241413116,470
3888.829780101776,471
3889.126660346985,470
3889.392289876938,470
3889.7047951221466,471
3890.0016758441925,471
3890.4235582351685,472
3890.7673149108887,472
3891.220447063446,472
3894.345501422882,473
3894.658007144928,473
3895.736150741577,474
3896.0174055099487,475
3896.314285993576,475
3896.611167192459,476
3897.0486731529236,476
3897.345553636551,477
3897.673684358597,478
3898.00181555748,478
3898.345571041107,478
3898.704952478409,479
3899.0018327236176,478
3899.3299634456635,479
3899.611218214035,478
3899.9549741744995,479
3900.5956103801727,480
3901.0331180095673,481
3902.205013513565,482
3902.5331439971924,482
3902.845652103424,482
3903.2519068717957,483
3903.5644137859344,484
3903.861292362213,482
3904.220673561096,482
3904.517553806305,481
3905.048814058304,482
3905.783200740814,483
3907.455104827881,484
3907.908238172531,484
3908.251993894577,485
3908.5332486629486,485
3908.8770051002502,485
3909.205135345459,483
3909.5020158290863,482
3909.845771789551,482
3910.1426515579224,481
3910.5020344257355,482
3910.9707913398743,483
3911.2676713466644,484
3911.6426780223846,485
3912.189562559128,486
3912.5645689964294,486
3912.8614490032196,486
3913.50208568573,487
3913.8302161693573,488
3914.158348083496,489
3914.4552280902863,489
3915.4239950180054,490
3915.705249071121,490
3916.09588098526,491
3916.470887184143,492
3916.799017906189,492
3917.1271488666534,491
3917.5177807807922,492
3917.9240374565125,492
3918.3615453243256,492
3918.6896760463715,492
3919.0021817684174,492
3919.314687013626,492
3919.8303208351135,493
3920.814713001251,494
3921.1897208690643,495
3921.564726114273,496
3921.908482313156,496
3922.2209873199463,496
3922.5491185188293,497
3922.845998287201,497
3923.2053797245026,497
3923.5022599697113,495
3924.0335190296173,496
3924.5022773742676,495
3924.830407857895,496
3925.142913579941,496
3925.4710443019867,496
3925.814800262451,496
3926.1273057460785,496
3926.4241859912872,496
3926.9398200511932,497
3927.236700773239,497
3927.5648307800293,498
3927.8617107868195,499
3928.158591270447,500
3928.6429743766785,501
3928.955479860306,501
3929.267985343933,502
3929.5804908275604,501
3929.924246788025,502
3930.3461294174194,501
3930.7367613315582,501
3931.1117675304413,502
3931.549275159836,503
3931.8617804050446,500
3932.2680389881134,501
3932.611793756485,502
3932.986800432205,503
3933.393057346344,504
3933.7680637836456,505
3934.1430702209473,505
3934.533702135086,506
3934.861832857132,507
3935.1899638175964,508
3935.486843585968,509
3935.8149745464325,510
3936.3306086063385,511
3936.7056148052216,512
3937.096246957779,513
3937.440003156662,513
3937.7525084018707,513
3938.158765554428,514
3938.455645799637,514
3938.8462777137756,515
3939.2212839126587,515
3939.549414873123,516
3939.8775453567505,516
3940.1900520324707,515
3940.7056846618652,514
3941.0963175296783,513
3941.4713230133057,513
3941.830704689026,512
3942.1744606494904,512
3942.549467086792,509
3942.8775975704193,509
3943.1744780540466,507
3943.690111875534,508
3943.971366882324,508
3944.377624988556,509
3944.7213797569275,510
3945.283889770508,511
3945.580769777298,512
3945.8932750225067,512
3946.221405982971,513
3946.596414089203,514
3946.9245431423187,514
3947.6745567321777,515
3948.237066268921,513
3948.6276981830597,513
3949.3337705135345,514
3949.669087409973,514
3949.960846185684,514
3950.2889766693115,515
3950.617107152939,515
3951.1171159744263,516
3951.492122888565,517
3951.804628133774,517
3952.1171333789825,517
3952.648392677307,518
3952.945272922516,519
3953.2577781677246,519
3953.5546584129333,520
3953.8671638965607,519
3954.2265450954437,519
3955.5234427452087,520
3955.8828251361847,520
3956.3828325271606,521
3956.773464679718,522
3957.8672337532043,523
3958.335991859436,524
3958.757874250412,525
3959.148506164551,526
3959.5078871250153,525
3959.820394039154,525
3960.148523569107,524
3960.4766540527344,523
3960.836035490036,524
3961.1954164505005,524
3961.5704231262207,525
3962.0391812324524,526
3962.492314338684,527
3962.8048198223114,528
3963.11732506752,528
3963.4923317432404,529
3963.851713180542,530
3964.2423446178436,531
3964.570475578308,531
3964.882980823517,529
3965.2267372608185,530
3965.5861184597015,531
3965.961124897003,531
3966.4142577648163,532
3966.8517651557922,533
3969.851817369461,534
3970.7268328666687,535
3971.1018393039703,536
3971.8518521785736,537
3972.1956083774567,538
3972.5862402915955,539
3972.96124792099,539
3973.2737522125244,539
3973.6175084114075,540
3973.9456391334534,540
3974.3518962860107,541
3974.961281776428,542
3975.3519134521484,543
3975.7737958431244,544
3976.1488025188446,545
3976.945691347122,546
3977.3675739765167,547
3977.7113296985626,547
3978.289464712143,548
3978.6800968647003,548
3979.2582318782806,549
3979.633238554001,550
3980.0551207065582,551
3980.445752620697,551
3980.852009534836,552
3981.546485900879,553
3981.9046330451965,553
3982.232763528824,554
3982.654645681381,555
3982.9984033107758,555
3983.3421578407288,555
3984.1390466690063,556
3984.607805252075,557
3985.232815504074,558
3985.576571702957,556
3986.045329809189,557
3986.467212677002,558
3986.982846021652,558
3987.3422276973724,559
3987.8578612804413,560
3988.4203712940216,561
3990.967290878296,562
3991.4047985076904,563
3991.764179468155,564
3992.139187335968,562
3992.529818058014,562
3992.88920044899,562
3993.248580932617,562
3993.6860880851746,563
3994.0298459529877,564
3994.436103820801,565
3994.9048612117767,566
3995.248617172241,566
3995.60799741745,566
3996.0298805236816,567
3996.529889345169,567
3996.936145067215,568
3997.4205288887024,567
3997.7955346107483,567
3998.2330424785614,568
3998.623673915863,568
3998.967430114746,568
3999.3736867904663,568
3999.779943704605,569
4000.123698949814,569
4000.639333486557,570
4000.998715400696,569
4001.4674723148346,570
4001.826853275299,571
4002.2018587589264,572
4002.561240673065,573
4002.9206211566925,573
4003.280002593994,573
4003.7331354618073,574
4004.0925164222717,574
4004.498773574829,575
4005.014407157898,576
4005.3894135951996,577
4005.826921224594,578
4006.2019276618958,578
4006.8425636291504,579
4007.2019457817078,580
4007.5457005500793,580
4007.951957464218,580
4008.405091524124,580
4008.889473438263,581
4009.3894827365875,580
4009.936367034912,580
4010.405124902725,581
4010.8426325321198,581
4011.3113906383514,582
4011.670772790909,583
4012.1395297050476,584
4012.4989111423492,584
4012.873917579651,585
4013.2801744937897,584
4013.6551814079285,584
4014.0301883220673,583
4014.3895692825317,583
4014.764575481415,583
4015.1395819187164,584
4015.4989631175995,585
4015.8427205085754,585
4016.2646024227142,585
4016.608357667923,585
4017.045865058899,586
4017.545873641968,587
4018.280261516571,588
4018.7021448612213,589
4019.2177777290344,590
4019.7021610736847,590
4020.077168941498,591
4020.4521741867065,591
4020.811555624008,591
4023.420975446701,592
4023.7803580760956,592
4024.170988559723,593
4024.5303699970245,593
4024.874125957489,593
4029.29607796669,594
4029.717960357666,595
4030.1242175102234,595
4030.5773503780365,596
4031.092984676361,597
4031.436740398407,597
4032.5617599487305,598
4032.9836423397064,599
4033.343023777008,599
4033.749280691147,599
4034.280541419983,599
4034.6867973804474,600
4035.093054294586,600
4035.4836859703064,601
4035.843067407608,601
4036.2024488449097,601
4036.67120718956,600
4037.2024660110474,601
4037.639973640442,601
4038.0149800777435,601
4039.1712515354156,602
4039.5306317806244,603
4039.983764410019,604
4040.3900213241577,604
4040.8275294303894,604
4041.327538251877,604
4041.749420642853,605
4042.311930179596,606
4043.077568292618,607
4043.6869542598724,607
4044.10883641243,608
4044.6088449954987,608
4045.0619781017303,609
4045.5463614463806,610
4046.093246936798,610
4046.593254804611,611
4047.015139579773,612
4047.4370193481445,612
4047.8276510238647,613
4048.2964096069336,614
4048.843293905258,615
4049.265176296234,616
4049.6401829719543,615
4050.0308146476746,615
4050.421446323395,615
4050.8589539527893,615
4051.312087059021,616
4051.7568204402924,617
4052.2862668037415,618
4053.2222282886505,619
4053.706611633301,620
4054.0972430706024,620
4054.4878747463226,621
4054.909757375717,622
4055.394140958786,623
4055.8629002571106,623
4056.4410343170166,622
4056.816040992737,623
4057.5191779136658,623
4057.9098098278046,624
4058.284816265106,624
4059.7067160606384,625
4060.3317267894745,626
4060.8161113262177,627
4061.2067420482635,628
4061.5973739624023,629
4062.0036313533783,627
4062.6598925590515,628
4063.0817749500275,628
4063.5661582946777,629
4064.003666162491,630
4064.7380537986755,631
4065.113060235977,631
4065.5661935806274,632
4066.019326210022,625
4066.4255833625793,623
4066.831840276718,620
4067.2693479061127,621
4067.816232442856,622
4068.300615787506,623
4068.706873178482,624
4069.113130092621,624
4069.628764152527,625
4070.1756484508514,625
4070.7069079875946,626
4071.1912915706635,626
4071.6444239616394,627
4072.019430875778,627
4072.535066127777,628
4073.035073518753,629
4073.5038318634033,628
4073.9100890159607,628
4074.425722837448,629
4074.925731420517,630
4075.3319885730743,631
4075.9101243019104,632
4076.7070124149323,633
4077.144520044327,633
4077.550778388977,633
4078.0195355415344,633
4078.394541978836,633
4078.8007991313934,633
4079.253931760788,633
4079.6445636749268,634
4080.0195701122284,634
4080.441452741623,634
4080.8633358478546,634
4081.2383415699005,634
4081.863352537155,634
4082.2539842128754,634
4082.7227425575256,635
4083.269627094269,635
4083.660258769989,636
4084.0352652072906,636
4084.519649744034,637
4085.6602940559387,638
4086.1759276390076,639
4087.066568136215,637
4087.6290781497955,637
4088.0665860176086,637
4088.5197188854218,637
4088.925976037979,637
4089.3947336673737,637
4090.0041196346283,638
4090.4885029792786,638
4090.972886323929,639
4091.4885201454163,639
4092.3166596889496,640
4092.8166687488556,641
4093.207300186157,641
4093.816686153412,642
4094.2854442596436,642
4094.676075696945,642
4095.1448340415955,642
4095.9260976314545,643
4096.832364559174,644
4099.348032474518,645
4099.738664150238,646
4100.598054409027,647
4101.05118727684,648
4101.488695859909,649
4101.957453250885,650
4102.363710165024,650
4102.801217556,650
4103.332476854324,651
4103.738734006882,651
4104.176241636276,652
4104.723126173019,653
4105.223134994507,654
4105.863771438599,654
4106.254403114319,653
4106.738785982132,654
4107.176293849945,655
4107.816930055618,656
4108.254437685013,656
4109.457583904266,657
4109.879466056824,658
4110.4263508319855,659
4110.848232984543,659
4111.2544901371,659
4111.707623004913,659
4112.145130395889,660
4112.567012786865,660
4112.973269939423,660
4113.45765376091,660
4113.926411867142,661
4114.363919258118,662
4114.801426887512,662
4115.332686424255,663
4115.832695007324,664
4116.254577159882,664
4116.863962888718,665
4117.285845518112,665
4117.692103147507,665
4118.254612207413,666
4118.785871267319,666
4119.207753658295,666
4119.723387718201,667
4120.145270347595,668
4120.59840297699,669
4121.06716132164,670
4121.535919427872,671
4121.973427295685,672
4122.364059448242,673
4122.8953177928925,674
4123.317200660706,674
4124.317218065262,675
4124.879727840424,676
4125.3172352313995,676
4125.770368099213,677
4126.17662525177,678
4126.676633834839,678
4127.129768371582,679
4127.582899808884,680
4128.020407438278,681
4128.442289829254,680
4128.881797790527,680
4129.306259155273,680
4129.855090379715,681
4130.2925980091095,681
4130.886358499527,682
4131.339491605759,683
4131.7613735198975,683
4132.558263063431,683
4133.011395215988,684
4133.511404037476,684
4133.995788097382,685
4134.417670249939,685
4134.886428117752,686
4135.355186223984,685
4135.792694091797,686
4136.370829105377,687
4136.839587211609,687
4137.323970556259,687
4137.777103662491,687
4138.2458617687225,687
4138.777121305466,688
4139.1990032196045,688
4139.995892524719,689
4140.417774677277,690
4140.9021582603455,690
4141.386542797089,691
4141.902175426483,692
4142.355308532715,693
4142.9803194999695,693
4148.55854177475,694
4149.011674642563,695
4149.464807748795,695
4150.199196577072,696
4150.652329683304,697
4151.308590173721,697
4151.839848995209,698
4152.386733293533,699
4152.808615922928,700
4153.418001413345,701
4153.886759757996,702
4154.558646678925,703
4155.0117790699005,704
4155.589914321899,704
4156.199299812317,705
4156.980563402176,706
4157.41807103157,707
4157.871204376221,707
4158.496215105057,707
4159.011848926544,708
4159.480608224869,708
4160.0899930000305,709
4160.590003728867,709
4161.076287031174,709
4161.559699773788,710
4162.07926774025,711
4162.6417779922485,710
4163.1105370521545,711
4164.501185178757,712
4165.032444477081,713
4165.532453298569,714
4166.063712596893,714
4166.501221656799,714
4166.938727617264,715
4167.485611915588,715
4167.985620498657,715
4168.42312836647,716
4168.876261472702,717
4169.563773393631,718
4170.110657691956,719
4170.595041513443,719
4171.0481741428375,720
4171.720061540604,720
4172.235694885254,721
4172.7513291835785,722
4173.188836574554,723
4173.688845396042,724
4174.157603502274,725
4175.0169932842255,726
4175.735755681992,727
4176.438893318176,728
4176.923276424408,728
4177.407660245895,728
4177.84516787529,728
4178.313925981522,727
4178.813934803009,728
4179.282693862915,729
4179.76707649231,730
4180.329586029053,731
4180.954596757889,731
4181.688984870911,732
4182.298370361328,733
4182.845254898071,733
4183.532767057419,733
4184.142152547836,734
4184.626536130905,735
4185.079668998718,735
4185.579677581787,735
4186.079686164856,736
4186.642195940018,737
4187.173455238342,738
4187.689089775085,739
4188.189098119736,739
4188.735982656479,739
4189.345368385315,740
4190.305101633072,741
4190.763819694519,741
4191.387460947037,741
4192.059170007706,742
4192.809182882309,743
4193.277940988541,743
4193.840450763702,744
4194.413633823395,743
4194.929267644882,743
4195.382400751114,741
4195.882410526276,742
4196.366792678833,742
4196.85117650032,742
4197.366810321808,743
4197.944945573807,743
4198.429328680038,744
4199.023089170456,743
4199.491847515106,743
4200.257486104965,742
4200.944997787476,743
4201.445006608963,742
4201.913764953613,743
4202.445024013519,744
4202.913783311844,744
4203.413790941238,744
4203.866923570633,744
4204.382557630539,744
4204.866941213608,743
4205.710705757141,743
4206.273215532303,744
4206.741974115372,745
4207.273233175278,746
4207.960744857788,747
4208.570132017136,747
4209.101390123367,745
4209.585773468018,746
4210.117032766342,747
4210.585791110992,747
4211.66393494606,748
4212.288946151733,749
4213.007708072662,750
4213.50771689415,751
4214.054601192474,752
4214.523359537125,752
4217.367159128189,753
4218.085921764374,754
4218.695307254791,755
4219.289068222046,756
4219.75782585144,756
4220.257834672928,756
4220.742218017578,756
4221.398480415344,757
4221.851612329483,756
4222.429747104645,757
4223.070383787155,758
4223.71101975441,759
4224.242279052734,760
4224.711037158966,760
4225.273546695709,761
4225.89855837822,762
4226.414191961288,762
4226.97670173645,763
4227.586088418961,764
4228.289224624634,765
4228.757982969284,766
4229.336117744446,767
4229.8830025196075,767
4230.429887056351,768
4230.96114730835,769
4231.508031129837,769
4231.997102022171,769
4232.540177822113,770
4233.0401866436005,770
4233.665198802948,770
4234.243332862854,770
4234.743341207504,771
4235.274600744247,772
4235.899611711502,773
4236.446496009827,773
4236.993380784988,774
4237.540264844894,774
4238.087149620056,774
4238.571532964706,774
4239.196543931961,775
4239.743428945541,775
4240.25906252861,775
4240.759072780609,774
4241.337206363678,774
4241.884090900421,775
4242.430975437164,776
4243.0716116428375,777
4243.649746894836,777
4244.165380716324,776
4244.759141206741,777
4245.274775028229,778
4246.7748012542725,779
4247.321685552597,779
4247.899820804596,780
4248.446705579758,781
4248.9310891628265,781
4249.509223937988,782
4250.227986097336,783
4250.74362039566,784
4251.399882078171,784
4252.087393760681,785
4252.837406873703,786
4253.353040933609,787
4253.899925708771,787
4254.4780604839325,788
4255.009320020676,789
4255.524953842163,789
4256.024963617325,790
4256.587472200394,791
4257.274984359741,792
4257.8531193733215,793
4261.431306838989,794
4261.978191614151,795
4262.525076627731,796
4263.134463310242,796
4263.743847131729,797
4264.259481191635,797
4264.759490013123,797
4265.35325050354,798
4265.8845093250275,799
4266.431394100189,799
4267.040780067444,799
4267.58766412735,800
4268.103297948837,801
4268.603307247162,801
4269.197067499161,802
4269.71270108223,802
4270.322086811066,803
4270.822095870972,803
4271.368979930878,804
4271.931489944458,804
4272.49399971962,804
4273.009633541107,805
4273.681520700455,806
4274.228405952454,807
4274.744038820267,808
4275.306548833847,809
4275.8221826553345,809
4276.369067192078,809
4276.947202205658,809
4277.49408698082,809
4278.009721040726,808
4278.540980100632,808
4279.134740352631,807
4279.759751558304,807
4280.4941391944885,808
4281.072274446487,807
4281.712910652161,807
4282.306670665741,808
4283.134810447693,809
4283.712945222855,810
4284.369206666946,810
4284.884840965271,809
4285.447350740433,804
4285.962984323502,804
4286.509869098663,805
4287.197381258011,806
4287.853642702103,807
4288.369276762009,807
4288.947411775589,805
4289.447420597076,805
4290.134932518005,806
4290.68181681633,807
4291.306827783585,807
4291.9005880355835,807
4292.463097810745,807
4292.97873210907,808
4293.52561712265,809
4294.4162583351135,810
4294.994392156601,810
4295.931908369064,811
4296.510043621063,812
4297.025677442551,812
4297.572562217712,812
4298.447577238083,813
4299.0413377285,814
4299.760101556778,815
4300.40073633194,816
4301.119498729706,815
4302.307020902634,816
4302.822653770447,816
4303.385163784027,817
4303.9164226055145,817
4304.588309288025,818
4305.1039435863495,818
4305.682078361511,819
4306.322714805603,820
4307.010226726532,820
4307.713363647461,820
4308.338374853134,821
4308.886756896973,821
4309.422678947449,822
4310.51792049408,823
4311.049179553986,823
4311.580439090729,823
4312.205450057983,823
4312.892963171005,824
4313.471096992493,825
4314.096107959747,825
4314.642993688583,824
4315.189877271652,824
4315.783637523651,825
4316.330521821976,825
4316.8461561203,825
4317.471166849136,825
4318.064927577972,826
4318.721188545227,824
4319.3149490356445,825
4319.971210479736,825
4320.580595970154,825
4321.205606937408,826
4321.783741950989,826
4322.393127679825,827
4323.080639839172,828
4323.721275806427,829
4324.26816034317,815
4324.877546072006,815
4325.440055847168,816
4326.049441337585,817
4326.674452543259,818
4327.252587556839,818
4327.815097332001,819
4328.361981630325,820
4328.940116882324,819
4329.580752849579,819
4330.158888101578,808
4331.112029790878,804
4331.830792188644,803
4332.4401779174805,804
4332.955811738968,801
4333.518321752548,797
4334.096457004547,787
4334.627716064453,787
4335.252727031708,788
4335.862112522125,788
4336.362121105194,789
4336.8621299266815,788
4337.3933889865875,776
4337.924648523331,776
4338.534035205841,776
4339.049668073654,777
4339.612178564072,778
4340.424692153931,779
4340.999039173126,780
4341.688559770584,780
4342.211376428604,780
4344.461415529251,781
4344.94579911232,781
4345.523933887482,782
4346.086443662643,782
4346.664579153061,781
4347.25833940506,781
4348.1333549022675,782
4348.7739906311035,781
4349.289624929428,780
4349.899010658264,779
4350.43026971817,776
4351.039655447006,777
4351.555289268494,777
4352.0396728515625,778
4352.539681434631,778
4353.039690256119,779
4353.711576938629,780
4354.258461713791,774
4354.789720535278,775
4355.399106025696,776
4355.914741277695,777
4356.399123668671,777
4356.992884397507,777
4357.492892980576,777
4358.008526802063,778
4358.555411338806,778
4359.1179213523865,779
4359.789808273315,779
4360.399194717407,780
4361.008580446243,781
4361.555463552475,777
4362.321102380753,778
4362.96173787117,779
4363.52424788475,780
4364.086757659912,777
4364.555516004562,777
4365.133651256561,777
4365.633659601212,777
4366.11804318428,773
4366.680552959442,774
4367.211812019348,775
4367.696195840836,775
4368.461833953857,775
4369.055594205856,767
4369.711855888367,767
4370.196239233017,767
4370.789999961853,766
4371.461886405945,767
4372.024395942688,765
4372.508779764175,766
4373.118165254593,764
4373.82130241394,764
4374.571316003799,765
4375.040073871613,766
4375.508832216263,766
4376.008840799332,767
4376.9307317733765,768
4377.4463658332825,768
4378.008876085281,769
4378.555760145187,770
4380.524544477463,771
4381.008928537369,771
4381.477686882019,771
4382.102698087692,771
4382.899587154388,772
4383.399595975876,772
4383.915230512619,772
4384.477740287781,773
4385.071500778198,773
4385.665261030197,773
4386.165270090103,773
4386.634028196335,773
4387.5090436935425,774
4388.509061574936,775
4389.0403208732605,775
4389.618455886841,771
4390.118464708328,772
4390.665349721909,773
4391.337235927582,774
4391.962246894836,775
4392.681010723114,776
4393.399772405624,777
4393.946657180786,778
4394.477916479111,779
4394.977924823761,780
4395.962316989899,780
4396.493577480316,781
4397.524844646454,782
4398.024853229523,783
4398.509236812592,783
4399.056121110916,782
4399.6186311244965,783
4400.196766376495,783
4400.681149721146,783
4401.243659257889,784
4401.821794509888,784
4402.337428808212,784
4402.915563583374,785
4403.462447881699,786
4403.962456941605,786
4404.493716239929,787
4405.087476491928,788
4405.884365320206,789
4406.571877479553,789
4407.150012731552,789
4408.118779182434,790
4408.806292057037,790
4409.290677309036,790
4409.8219356536865,791
4410.337569475174,792
4410.821953058243,792
4411.415713310242,793
4411.996536016464,792
4412.542078495026,792
4413.104588270187,793
4413.620221853256,794
4414.182732105255,782
4414.682740449905,782
4415.167124271393,782
4415.948387861252,783
4416.5733988285065,783
4417.10465836525,783
4417.6202919483185,784
4418.198427200317,777
4418.760936975479,778
4419.276570796967,778
4419.80783033371,774
4420.385965585709,775
4420.917224407196,768
4421.620361804962,769
4422.24537229538,768
4422.854758024216,768
4423.339141607285,767
4423.839150428772,767
4424.370409488678,767
4425.136048078537,768
4425.77668428421,769
4426.292318344116,766
4426.823577404022,767
4427.354836702347,767
4428.0892243385315,764
4428.729860544205,765
4429.229869604111,766
4429.714252710342,766
4430.2923884391785,767
4430.823647260666,766
4431.323656082153,767
4431.8236656188965,768
4432.386176109314,769
4432.901808261871,769
4433.401817083359,769
4433.870575428009,769
4434.3862092494965,769
4434.870592832565,769
4435.370601415634,770
4436.058113336563,766
4436.526871442795,766
4437.042505741119,766
4437.542514324188,762
4438.073773622513,763
4438.698784828186,764
4439.198793172836,764
4439.714427232742,764
4440.370690107346,765
4440.901947975159,765
4441.620710611343,766
4442.339472770691,767
4442.8707320690155,766
4443.417617082596,767
4443.917625665665,767
4444.433259487152,766
4444.9332683086395,766
4445.480152845383,765
4446.105163812637,764
4446.683298826218,757
4447.152056932449,758
4447.667690992355,745
4448.136449575424,745
4448.6364579200745,734
4449.136466741562,734
4449.589599370956,734
4450.042732477188,728
4450.5427412986755,729
4451.230252981186,730
4451.792762756348,728
4452.324022293091,724
4453.21466255188,725
4453.714671373367,726
4454.167805194855,726
4454.636562585831,726
4455.355325222015,727
4455.824083328247,726
4456.292841434479,727
4456.808475494385,728
4457.324109554291,729
4457.9022443294525,730
4458.417878627777,731
4458.949137926102,732
4459.542898178101,733
4460.011656284332,732
4460.480414390564,732
4461.011674165726,732
4461.464806556702,732
4461.964816331863,733
4462.605451822281,734
4463.136710882187,734
4463.652344942093,735
4464.277355670929,736
4464.824240446091,737
4465.41800069809,737
4465.918009281158,736
4466.48051905632,737
4466.980527877808,736
4467.621164083481,737
4468.136797904968,738
4468.668057441711,739
4469.246192216873,740
4469.8087022304535,740
4470.277460575104,740
4470.777468919754,741
4471.683734893799,742
4472.152493238449,742
4472.793129205704,742
4473.308763027191,743
4473.824397325516,743
4474.308780431747,743
4474.824414730072,744
4475.402549505234,745
4475.93380856514,745
4476.40256690979,745
4476.902575969696,744
4477.402584314346,741
4477.886967897415,740
4478.652606487274,741
4480.043255805969,742
4480.7932686805725,743
4481.355778455734,742
4482.246418952942,743
4482.762053012848,744
4483.2933123111725,743
4483.7933213710785,744
4484.262079238892,744
4484.76208782196,745
4485.418350934982,745
4485.91835808754,746
4486.49649310112,746
4487.230880975723,747
4487.684013843536,748
4488.262148857117,748
4488.79340839386,748
4489.277135848999,749
4489.862432718277,750
4490.565570116043,751
4491.112454652786,751
4491.596839189529,752
4493.378118991852,753
4493.893753051758,754
4495.284402132034,755
4495.9250383377075,756
4497.096933841705,757
4497.565693616867,757
4498.081326007843,757
4498.659461021423,758
4499.156620979309,759
4499.643662691116,760
4500.110154628754,760
4500.578910827637,759
4501.162856340408,752
4501.74099111557,751
4502.819134950638,752
4504.101425647736,752
4504.585809469223,752
4505.10144329071,753
4505.663952827454,753
4506.195212364197,754
4506.710846424103,754
4507.4452340602875,755
4507.9452431201935,755
4508.5702538490295,756
4509.07026219368,757
4509.804650306702,758
4510.335909605026,759
4510.867168903351,759
4511.382802724838,759
4511.960938215256,758
4512.507822275162,759
4513.164083957672,760
4513.8359706401825,761
4514.304728746414,762
4515.304746389389,763
4516.023508787155,764
4516.617269277573,765
4517.101652383804,765
4517.58603644371,765
4518.070419549942,766
4518.554802894592,766
4519.05481171608,765
4519.570445537567,766
4520.086079835892,765
4520.617338895798,766
4521.238676309586,765
4522.075607538223,766
4522.7006187438965,766
4523.20062828064,765
4523.73188662529,766
4524.294396400452,765
4524.810030221939,765
4525.356914758682,766
4525.903799772263,767
4526.544435739517,767
4527.153821229935,768
4527.700705528259,769
4528.216340065002,770
4528.903852939606,770
4529.419485330582,770
4529.981995582581,771
4530.513254642487,771
4530.982012987137,771
4531.71640086174,769
4532.278910636902,767
4532.841421365738,761
4533.357054233551,759
4534.12269282341,752
4534.716453075409,751
4535.357089281082,731
4535.841472864151,726
4536.278980255127,726
4536.81023979187,724
4537.247747659683,722
4537.779006719589,723
4538.263389825821,723
4538.732148170471,723
4539.263407468796,724
4539.779041528702,718
4540.357176542282,719
4540.810309886932,720
4541.404069900513,720
4541.919704198837,721
4542.357211351395,721
4542.872845649719,721
4543.466605901718,721
4543.982239484787,721
4544.482248544693,720
4545.013507604599,721
4547.076043605804,722
4547.576052188873,722
4548.216688632965,723
4548.669821739197,724
4549.247956752777,724
4549.872967720032,725
4550.513603687286,726
4550.966736793518,727
4551.43549489975,723
4552.279259443283,719
4552.810518741608,720
4553.263651609421,721
4553.794912338257,721
4554.279294490814,720
4554.748052358627,718
4555.232435703278,718
4556.044950008392,719
4556.544960021973,719
4556.982466220856,719
4557.498100757599,717
4558.044984817505,717
4558.4981191158295,710
4558.935625553131,711
4559.388759613037,712
4559.826267719269,711
4560.3731508255005,712
4560.888784408569,712
4561.498170375824,710
4562.12318110466,711
4562.591939210892,711
4563.107573270798,711
4563.763834953308,712
4564.2013421058655,711
4564.670100450516,710
4565.748244524002,711
4566.342004776001,712
4566.810762882233,712
4567.357647418976,713
4567.826405286789,713
4568.2482879161835,713
4568.810797929764,714
4569.2795560359955,715
4569.73268866539,714
4570.29519867897,715
4570.810832977295,716
4571.342092037201,717
4571.951477766037,716
4572.404610872269,716
4572.904619216919,716
4573.623381853104,716
4574.076514482498,715
4574.514022111893,716
4575.170283794403,717
4575.639041900635,717
4576.076550483704,717
4576.670309782028,718
4577.154693365097,719
4577.592200994492,719
4578.076584339142,720
4578.654719829559,721
4579.092227220535,722
4579.71723818779,723
4580.232872009277,723
4580.779756784439,722
4581.232889413834,722
4581.7328979969025,723
4582.201657295227,718
4582.732915401459,718
4583.3735518455505,717
4583.998562812805,718
4584.54544711113,715
4585.045455932617,716
4585.529839515686,716
4585.967347145081,716
4586.467355966568,717
4587.342371225357,718
4587.873630523682,719
4588.326762914658,719
4588.889272928238,720
4589.358031272888,720
4589.967416763306,721
4590.826806783676,722
4591.342440605164,723
4591.815208435059,723
4592.30698800087,723
4592.799005508423,723
4593.283389091492,724
4593.767772197723,725
4594.267781257629,725
4594.76778960228,725
4595.25217294693,725
4595.814683437347,723
4596.377192974091,724
4597.095955371857,725
4597.658465623856,726
4598.174099206924,725
4598.752234220505,726
4599.267868518829,725
4599.986630678177,726
4600.674143075943,727
4601.1272757053375,726
4601.642909526825,724
4602.1585438251495,725
4602.642928123474,726
4603.127310752869,726
4603.658570051193,725
4604.267955780029,726
4604.721088409424,726
4605.377349853516,726
4605.924237251282,727
4606.424245834351,727
4607.080504655838,728
4607.533637523651,728
4608.189898967743,729
4608.721158027649,730
4609.158665895462,730
4609.643049240112,730
4610.158683538437,729
4610.689942598343,730
4611.299328327179,730
4611.814962148666,731
4612.299345493317,732
4612.7993540763855,733
4613.283737897873,733
4613.79937171936,734
4614.2681295871735,734
4614.815014362335,733
4615.299397945404,731
4615.877532958984,725
4616.330666542053,725
4616.815049409866,725
4617.361933708191,725
4617.86194229126,726
4618.471328258514,724
4619.143214941025,722
4619.643223524094,723
4620.45573759079,724
4620.92449593544,724
4621.487005472183,725
4622.065140724182,724
4622.612025260925,724
4623.112034082413,725
4623.721420049667,726
4624.174552679062,727
4624.612060070038,727
4625.065193414688,727
4625.518326044083,726
4625.971459150314,712
4626.440217018127,713
4626.893349885941,712
4627.580862283707,713
4628.065245389938,713
4628.6121299266815,709
4629.049637556076,709
4629.502771139145,710
4630.002779483795,710
4630.440286874771,710
4630.940295934677,710
4631.42467880249,710
4632.096565961838,711
4632.534074306488,711
4633.002831935883,711
4633.51846575737,711
4633.987224817276,711
4634.409106254578,711
4634.924740076065,712
4635.487249851227,713
4636.018509626389,713
4636.487267255783,713
4637.049777030945,714
4637.549785852432,715
4638.159171581268,716
4638.6123046875,715
4639.0810623168945,716
4639.815450429916,717
4640.315459012985,718
4640.956095218658,719
4641.424853563309,720
4641.87798666954,721
4642.456121444702,721
4642.924879312515,717
4643.409262895584,715
4643.862396001816,716
4644.643659353256,717
4645.1280426979065,718
4645.690553426743,719
4646.174936294556,719
4647.3468317985535,720
4647.799964427948,720
4648.3780999183655,720
4650.268757581711,721
4650.706264972687,721
4651.190648794174,721
4660.940818786621,720
4661.4564526081085,719
4661.925210952759,719
4662.518971204758,719
4663.0189797878265,719
4663.53461432457,720
4663.987747907639,720
4664.425254106522,718
4664.9721393585205,719
4665.409646511078,719
4665.862779378891,717
4666.362788438797,716
4666.83154630661,711
4667.269053936005,710
4667.690936803818,710
4668.159694671631,703
4668.722204685211,703
4669.255622386932,703
4669.824198246002,702
4670.324206829071,703
4670.9335923194885,704
4671.402350664139,705
4671.9492354393005,706
4672.402368068695,706
4673.058629274368,706
4673.746141433716,706
4674.214899778366,706
4674.636782169342,707
4675.089915037155,708
4675.6836750507355,707
4676.136808395386,707
4676.574316263199,707
4677.0586993694305,702
4677.4962067604065,701
4678.043091535568,696
4678.480599403381,696
4679.027483701706,690
4679.511867046356,691
4680.183753967285,689
4680.683762311935,677
4681.090019464493,677
4681.57440328598,675
4681.996285676956,676
4682.543169975281,677
4683.090054273605,672
4683.558812618256,673
4687.840137720108,674
4688.465148448944,675
4689.2307868003845,671
4689.637043714523,671
4690.074551820755,672
4690.480808496475,673
4690.996442317963,673
4691.793331384659,673
4692.215213537216,673
4692.730847835541,672
4693.199605703354,673
4693.605862855911,672
4694.0746212005615,672
4694.637131214142,672
4695.074638605118,672
4695.574647188187,672
4695.996529579163,672
4696.480913162231,672
4697.012172460556,673
4697.449680089951,673
4697.887187719345,674
4698.32469534874,675
4698.809078454971,675
4699.3247129917145,676
4699.824721336365,677
4700.293481349945,678
4701.19118976593,679
4701.671753406525,680
4702.281377315521,681
4704.187660932541,682
4704.734545469284,682
4705.82831454277,683
4706.406449079514,684
4706.843957424164,684
4707.406466722488,685
4707.843974113464,685
4708.297107458115,686
4708.750240325928,687
4709.187749147415,688
4709.812758684158,689
4710.328392982483,689
4710.750275611877,690
4711.219033002853,690
4711.765918016434,687
4712.21905040741,688
4712.672186374664,689
4713.0940663814545,689
4714.359713792801,690
4714.9690990448,690
4715.422231912613,690
4715.859739303589,690
4716.359748125076,691
4716.766005277634,691
4717.375390529633,692
4717.828523874283,692
4718.297281742096,692
4718.8441660404205,693
4719.406676292419,694
4719.8754341602325,695
4720.500445127487,695
4721.016079425812,696
4721.578590393066,697
4722.0942232608795,697
4722.891112089157,698
4723.359870195389,699
4723.797378063202,699
4724.234885454178,699
4724.766144752502,700
4725.250528097153,701
4725.688035488129,700
4726.719304800034,701
4727.2193121910095,702
4727.703696012497,703
4728.188079357147,702
4728.688087940216,703
4729.141221046448,703
4729.609979152679,696
4730.094362974167,693
4730.531869888306,690
4731.078755140305,690
4731.578763484955,689
4732.110023021698,690
4732.547530412674,691
4733.047538995743,691
4733.516297578812,691
4734.000680446625,692
4734.485065460205,692
4734.969447612762,693
4735.563207626343,693
4736.016340970993,694
4736.578850507736,695
4737.610118627548,696
4738.203878879547,696
4738.64138674736,697
4739.125770568848,698
4739.625778913498,698
4740.328916311264,699
4740.76642370224,699
4741.313308000565,699
4742.032070636749,700
4742.485203742981,701
4743.000837564468,702
4743.4695956707,703
4743.922730207443,703
4744.375862836838,704
4744.922746658325,705
4745.610258102417,706
4746.563399553299,707
4747.110284328461,708
4747.532166481018,709
4748.188428163528,710
4748.93844127655,711
4749.704079627991,712
4750.454092741013,713
4751.032227516174,709
4752.282249450684,710
4752.797883749008,710
4753.469769954681,711
4754.047905445099,712
4754.579164981842,713
4755.188550233841,714
4755.6416828632355,714
4756.172942399979,714
4756.73545217514,714
4757.219835281372,715
4757.797971010208,715
4758.297979354858,716
4758.891739606857,715
4759.485500335693,716
4759.969883680344,717
4760.454267024994,718
4761.157404184341,719
4761.891792297363,719
4762.454302310944,720
4763.126189470291,720
4763.57932138443,721
4764.079330444336,722
4764.563713550568,722
4765.032471656799,722
4765.53248167038,722
4766.048114538193,723
4766.923129796982,724
4767.548141002655,725
4768.016899347305,726
4768.657535076141,727
4769.220044851303,728
4769.704428195953,729
4770.1575610637665,729
4770.657569885254,730
4771.220079660416,731
4771.911008834839,731
4772.4171578884125,732
4772.911128044128,733
4773.473637342453,734
4774.083023309708,735
4774.5674068927765,735
4775.067415237427,736
4775.708051919937,734
4776.192435026169,735
4776.770570278168,735
4777.286203861237,735
4777.833088874817,736
4778.317471981049,735
4778.879981517792,736
4779.489367723465,735
4780.098753213882,733
4780.7237639427185,734
4781.176896810532,734
4781.770657539368,734
4782.286290884018,732
4782.755049228668,732
4783.333184480667,733
4783.880068778992,734
4784.348827123642,734
4784.880086183548,735
4785.364470243454,734
4785.98948097229,733
4786.505114555359,734
4786.958247900009,734
4787.427006006241,734
4788.239520311356,735
4788.739528894424,735
4789.208287000656,736
4790.223929643631,737
4790.692687749863,737
4791.161445856094,737
4791.723955631256,738
4792.255214929581,739
4792.7395985126495,739
4793.317733287811,740
4793.817742586136,741
4794.317750930786,740
4795.161515712738,741
4795.63027381897,741
4796.08340716362,741
4796.645916700363,742
4797.239677429199,743
4797.708435535431,743
4798.239694595337,744
4798.724077701569,745
4799.239711999893,745
4799.739721059799,745
4800.5053589344025,746
4800.98974275589,747
4801.505376338959,748
4802.130387306213,749
4802.6772718429565,749
4807.536731481552,750
4808.067990779877,750
4808.646055936813,751
4809.168962717056,752
4809.994061470032,753
4810.481165647507,753
4811.012423753738,754
4811.590559005737,755
4812.121818304062,756
4812.699953079224,757
4813.199961900711,757
4813.824972629547,757
4814.731238603592,758
4815.324998617172,758
4815.871883869171,759
4816.403142929077,760
4816.918776512146,761
4817.4969120025635,762
4817.996920585632,763
4818.512554168701,764
4818.994755744934,764
4819.488130331039,764
4820.050639867783,764
4820.519398212433,765
4821.097533464432,766
4821.597542047501,765
4822.113176107407,762
4822.597559452057,762
4823.097568511963,763
4823.597577095032,763
4824.097585678101,763
4824.691347360611,763
4825.26948094368,764
4825.863241434097,765
4826.441377878189,766
4827.0038866996765,767
4827.66014790535,768
4828.253908395767,769
4828.878919839859,770
4829.410179615021,770
4829.9883580207825,771
4830.582075595856,772
4831.066459655762,772
4831.582093954086,772
4832.2071051597595,772
4832.972744226456,773
4833.472753047943,774
4833.957136631012,774
4834.519646883011,775
4835.004030942917,774
4835.566540718079,775
4836.082175016403,775
4836.675935506821,776
4837.238445520401,776
4838.16033744812,777
4838.754098176956,777
4839.254106760025,777
4839.87911772728,777
4840.53537940979,777
4841.160390615463,778
4843.097925424576,779
4843.613559007645,780
4844.301071166992,781
4844.847955942154,782
4845.426090955734,782
4845.926099777222,782
4846.426108598709,781
4846.941742897034,782
4847.535503387451,781
4848.098013162613,782
4848.70739865303,783
4849.199349403381,783
4850.6375641822815,784
4851.29382610321,785
4851.965712547302,786
4852.450096130371,786
4852.981355190277,787
4853.637616634369,788
4854.153251171112,788
4854.6532599925995,788
4855.153268814087,788
4855.684527873993,788
4856.2157871723175,789
4856.7626712322235,789
4857.543935060501,788
4858.543952703476,789
4859.106462240219,789
4859.637721776962,789
4860.168981075287,790
4860.684616088867,790
4861.278375387192,790
4861.809634447098,791
4862.325268507004,790
4862.84090256691,788
4863.700292348862,789
4864.200302362442,789
4865.1221923828125,790
4865.840955495834,790
4866.434716463089,790
4866.981601238251,789
4867.590986728668,790
4868.35662484169,791
4869.106637954712,792
4869.653522968292,792
4870.1691563129425,792
4870.6535403728485,793
4872.3098204135895,794
4874.450481176376,795
4874.966115474701,796
4875.700503110886,797
4876.247387647629,797
4876.763021707535,797
4877.294280767441,797
4877.872416257858,797
4878.7943069934845,798
4879.3099410533905,798
4879.903701782227,798
4880.528712511063,799
4881.034038543701,798
4881.660564184189,798
4882.171507358551,799
4882.687141418457,799
4883.218400716782,799
4883.749659776688,800
4884.390295982361,800
4884.999681472778,800
4885.812195777893,801
4886.343455553055,801
4886.999716520309,800
4887.530975818634,799
4888.187237262726,800
4888.702871322632,800
4889.234130382538,800
4889.937267780304,800
4890.499777555466,800
4891.14041519165,797
4891.812300443649,798
4892.312309265137,798
4892.859193325043,798
4893.43732881546,798
4896.015498161316,789
4896.859262943268,790
4897.406147480011,790
4897.93740773201,791
4898.562418222427,791
4899.234304189682,792
4899.734313011169,792
4900.296822786331,792
4900.843707561493,792
4901.984352350235,793
4902.671864271164,794
4903.171872854233,794
4903.7187576293945,794
4904.296892642975,795
4904.875027894974,792
4905.421912193298,792
4905.984424114227,793
4906.562558889389,784
4907.140693187714,785
4907.734453201294,785
4910.7345058918,786
4911.406392335892,787
4912.297032833099,788
4912.797041893005,788
4913.515803813934,789
4914.03143787384,790
4914.890827178955,790
4915.437712192535,790
4916.187725543976,790
4916.687733888626,790
4917.297119140625,790
4917.844004154205,789
4918.406513929367,788
4919.015899181366,789
4919.625285148621,790
4920.125295639038,790
4920.672178268433,784
4921.359690189362,785
4921.9378254413605,785
4922.7347140312195,786
4923.390975475311,787
4925.125381469727,788
4925.656640529633,789
4926.187899589539,789
4926.812910556793,788
4928.156683683395,789
4928.797319889069,789
4929.359829425812,789
4930.172344684601,790
4930.781729459763,791
4931.344239234924,791
4931.8754987716675,790
4932.422383069992,790
4932.9223918914795,791
4933.469276428223,791
4934.000535964966,792
4934.891176223755,791
4935.4068105220795,792
4936.656831979752,793
4937.266217470169,793
4937.781851530075,793
4938.313111066818,793
4938.906871318817,793
4940.031890869141,791
4940.563150167465,792
4941.422540187836,793
4942.453807830811,794
4943.203820943832,795
4943.750705957413,796
4944.360091209412,793
4944.9382264614105,793
4945.469485759735,793
4946.17262339592,794
4946.735132694244,794
4947.282017469406,794
4947.907028436661,794
4948.469537973404,793
4948.98517203331,793
4949.532056570053,794
4950.610200405121,795
4951.37583899498,796
4951.975949764252,796
4952.605860233307,797
4953.127591609955,798
4953.643225431442,797
4954.190109968185,796
4954.783870458603,796
4955.29950428009,797
4956.002641677856,798
4956.518275260925,798
4957.03390955925,798
4957.533918380737,798
4958.049552202225,798
4958.6901886463165,799
4959.440201759338,790
4959.940210342407,790
4960.487096071243,786
4961.033979415894,786
4961.549612998962,787
4962.080872535706,788
4962.627757072449,788
4963.127765655518,788
4963.752776861191,786
4964.299661159515,785
4964.971548080444,785
4965.487181901932,784
4966.252820968628,785
4966.7372035980225,785
4967.252838134766,786
4967.799722194672,786
4968.440358400345,785
4969.143495559692,786
4969.659129858017,786
4970.159139156342,786
4970.768523693085,786
4971.456035852432,787
4972.018545866013,788
4972.5341811180115,787
4973.174815893173,788
4973.690450191498,788
4974.299835681915,788
4974.92484664917,789
4975.768610954285,790
4976.409247636795,791
4976.95613193512,792
4977.768646240234,792
4984.065631151199,793
4984.55001449585,793
4985.190650701523,793
4985.78441119194,794
4986.268794775009,791
4986.768803596497,792
4987.346938371658,792
4987.987574338913,793
4988.4875831604,794
4989.050092697144,794
4989.581352233887,795
4990.1438620090485,795
4990.70637178421,794
4991.3001317977905,795
4991.847017049789,795
4992.409526586533,795
4992.940785646439,796
4993.65954875946,797
4994.362685441971,797
4994.878319501877,798
4995.409578800201,798
4995.909588813782,798
4996.456472158432,798
4996.956480741501,799
4997.550241231918,800
4998.065875530243,800
4999.0346422195435,801
4999.534651041031,801
5000.222162723541,802
5000.737796545029,802
5003.894101858139,803
5009.300446987152,804
5010.019208431244,804
5010.5504677295685,804
5011.159853696823,805
5011.769238710403,804
5012.316123723984,804
5012.863008022308,805
5013.644271850586,805
5014.222407341003,806
5014.8630430698395,806
5015.409927606583,806
5016.019313097,805
5016.644324064255,806
5017.378711938858,806
5018.488106250763,807
5019.050616025925,807
5019.7068774700165,807
5020.300637722015,807
5020.894398212433,808
5021.425657272339,809
5022.097544193268,810
5022.628803491592,810
5023.222563743591,811
5023.8631999492645,811
5024.378834724426,811
5024.941344022751,812
5025.503853559494,810
5026.0976140499115,810
5026.61324763298,808
5027.191383600235,803
5027.800768613815,804
5028.347653388977,795
5029.099205732346,796
5029.73584318161,797
5030.246092796326,798
5030.777351617813,798
5031.339861392975,798
5031.902371168137,799
5032.4180064201355,799
5032.996140241623,800
5033.543025255203,799
5034.043033838272,799
5034.668044567108,798
5035.449308156967,799
5035.996192932129,791
5036.543077468872,790
5037.293090581894,789
5037.933726549149,785
5038.48061132431,785
5039.214998722076,786
5039.840009689331,787
5040.386894226074,788
5040.886903047562,788
5041.418162345886,788
5042.058798313141,788
5042.605682849884,788
5043.136942625046,788
5043.996332168579,788
5044.496340751648,789
5045.246354103088,790
5045.79323887825,791
5046.277621746063,791
5047.105761528015,792
5047.6838965415955,792
5048.371408462524,792
5049.293299913406,793
5049.887060165405,794
5050.387068986893,795
5050.918328285217,796
5052.2777264118195,796
5052.808985948563,796
5053.465247154236,797
5054.074632883072,798
5054.715269327164,799
5055.309029340744,800
5056.012167215347,800
5056.543426275253,801
5057.090310335159,802
5057.73094701767,803
5058.262207746506,803
5058.840341091156,803
5059.340349912643,803
5059.9497356414795,803
5060.465369224548,803
5061.012254238129,802
5062.156616449356,803
5062.703501224518,803
5063.266010761261,803
5063.812895536423,802
5064.328530788422,803
5064.922289848328,797
5065.500424623489,794
5066.078560352325,795
5066.578568696976,796
5067.203579902649,797
5067.734838962555,798
5068.328598976135,799
5069.016112327576,800
5069.578621149063,801
5070.156756877899,801
5070.703641653061,802
5071.344276666641,802
5071.922411680222,803
5072.531797170639,804
5073.078682184219,804
5073.641191959381,805
5074.29745388031,806
5074.953714847565,805
5075.500599145889,806
5076.031858444214,806
5076.82874751091,806
5077.344381093979,805
5077.8600153923035,805
5078.516277313232,805
5079.23503947258,806
5080.031928062439,805
5080.547562599182,805
5081.094446897507,805
5081.610080957413,806
5082.1257147789,806
5084.063248634338,807
5084.578882694244,807
5085.110141992569,808
5085.625775814056,808
5086.1882853508,808
5086.719544887543,808
5087.328930616379,808
5087.907065629959,808
5088.438324928284,808
5089.032085180283,808
5089.71959733963,809
5090.282108068466,810
5091.0789959430695,810
5091.657131195068,811
5092.42276930809,809
5092.985279560089,807
5093.688416481018,808
5094.266551494598,805
5094.82906126976,806
5095.422822237015,805
5096.032207250595,806
5096.532217025757,804
5097.0478501319885,804
5097.594734668732,805
5098.188494920731,806
5098.719754219055,806
5099.376015663147,795
5099.954151153564,796
5100.532285928726,797
5101.079170465469,790
5101.6260550022125,791
5102.188564777374,792
5102.688573360443,792
5103.313584327698,793
5103.844843626022,793
5104.422978878021,794
5104.985488891602,793
5105.688625574112,793
5106.219885110855,793
5106.782394886017,792
5107.4855325222015,793
5108.048042058945,792
5108.626177072525,788
5109.126185655594,780
5109.6418199539185,779
5110.12620306015,777
5110.6730880737305,778
5111.188721656799,777
5111.673105478287,776
5112.282490730286,777
5112.860626935959,774
5113.485636949539,775
5114.110647916794,774
5114.6419069767,774
5115.141915559769,775
5115.68880033493,776
5116.595065832138,775
5117.141951084137,776
5117.657584428787,774
5118.188843727112,774
5118.720103502274,774
5119.345113992691,775
5119.954499721527,776
5121.626403570175,776
5122.23578953743,765
5122.751424312592,756
5123.251431941986,757
5123.735816001892,757
5124.282700061798,755
5124.810540676117,751
5125.456875085831,752
5126.128611803055,752
5126.612995624542,752
5127.097378492355,752
5127.581762552261,753
5128.206773519516,738
5128.696016073227,739
5129.367902994156,717
5129.914787530899,717
5130.383545398712,712
5130.93043088913,713
5131.367937803268,713
5132.00910615921,714
5132.902522325516,715
5133.402530908585,716
5133.871289014816,716
5134.386923074722,716
5134.840055942535,717
5135.27756357193,717
5135.715070962906,706
5136.386957883835,706
5136.8400909900665,705
5137.418226003647,706
5137.855733156204,706
5138.340116977692,705
5138.793249845505,703
5139.246382951736,703
5139.746391534805,704
5140.277650594711,701
5140.730783700943,698
5141.6995503902435,699
5142.152683734894,699
5142.6683185100555,700
5143.183951377869,701
5144.012091159821,702
5144.652727127075,703
5145.168360948563,704
5145.605868577957,704
5146.21525478363,705
5146.668387413025,706
5147.668404817581,707
5148.24654006958,707
5148.777799129486,708
5149.2778079509735,708
5149.746565818787,708
5150.1996986866,709
5150.652832984924,709
5151.090339422226,709
5151.559097528458,710
5152.137232303619,710
5152.590365409851,710
5153.184125900269,710
5153.684134721756,710
5154.199768781662,710
5154.6685264110565,709
5155.215411424637,710
5155.824796676636,711
5156.3873064517975,712
5156.902940750122,713
5157.387324094772,713
5157.856082201004,713
5158.356092453003,708
5158.809224128723,708
5159.543611526489,709
5160.074870824814,709
5160.5280039310455,709
5160.949886083603,709
5161.418644189835,709
5161.903028011322,709
5162.387411355972,710
5162.840544223785,710
5163.309303283691,710
5163.793685674667,711
5164.418696403503,710
5164.903081417084,702
5165.371839284897,703
5165.965599060059,703
5166.434358596802,704
5166.903115272522,704
5167.3406229019165,704
5167.809381008148,702
5168.309389829636,703
5168.76252245903,701
5169.809415578842,699
5170.293798923492,699
5170.7313067913055,699
5171.215690135956,699
5171.700073480606,699
5172.153206825256,700
5172.606339216232,699
5173.01259636879,694
5173.543855905533,695
5173.981363534927,696
5174.481372356415,697
5174.934505224228,696
5175.434514284134,697
5176.106400251389,698
5176.559533596039,698
5177.043916940689,699
5177.575176239014,699
5178.0595598220825,699
5178.590819120407,697
5179.106452703476,698
5179.731463909149,699
5180.747106552124,700
5181.247116565704,700
5182.090879917145,701
5182.512762069702,702
5182.950269937515,701
5183.512779712677,702
5183.965912818909,702
5184.387794971466,703
5186.106574773788,704
5186.590958356857,705
5187.075341701508,706
5187.700352907181,707
5188.215986967087,708
5188.934749364853,708
5189.512884140015,707
5190.137895107269,705
5190.59102845192,703
5191.028536081314,703
5191.512918949127,704
5191.95042681694,704
5192.419184923172,703
5192.966069698334,703
5193.387951850891,702
5194.05983877182,702
5194.591097831726,703
5195.059856176376,703
5195.512989282608,704
5196.012997627258,704
5196.46613073349,704
5196.997390031815,704
5197.450522661209,704
5197.888030290604,704
5198.434916973114,704
5199.044300556183,704
5199.559934616089,705
5200.059943437576,705
5200.700579404831,705
5201.403716802597,705
5201.841224431992,705
5202.263106584549,696
5202.841241836548,694
5203.310000181198,689
5203.794384717941,689
5204.231890916824,689
5204.685024023056,690
5205.153782367706,690
5205.716293334961,688
5206.185050010681,687
5206.622557878494,687
5207.1538169384,686
5207.560074329376,680
5207.997581720352,678
5208.40383887291,671
5208.810095787048,671
5209.278816699982,671
5209.819091796875,672
5210.410290718079,670
5210.879048585892,671
5211.394682884216,664
5211.832190752029,664
5212.379075050354,665
5212.879083871841,666
5213.316591262817,667
5213.7697241306305,667
5214.285358905792,668
5214.675990104675,668
5215.2384996414185,667
5215.816635131836,667
5216.472896337509,647
5217.1291580200195,648
5217.519789457321,648
5217.941672086716,648
5218.347930431366,649
5218.76981139183,649
5219.222945451736,650
5219.67607831955,650
5220.066709280014,650
5220.551092147827,650
5220.972974777222,651
5221.426107406616,651
5221.863615274429,651
5222.285497903824,651
5222.723006725311,651
5223.160513162613,651
5223.6761469841,652
5224.160530567169,652
5224.629288434982,652
5225.066796302795,652
5225.535554885864,653
5225.9574365615845,653
5226.379319190979,654
5226.769951105118,655
5227.285585403442,655
5227.848094940186,655
5228.2856023311615,656
5228.785611152649,657
5229.348121166229,657
5229.754378080368,657
5230.176260709763,657
5230.59814286232,658
5231.0512754917145,659
5231.457532644272,659
5231.941916227341,658
5232.6138026714325,659
5233.02005982399,659
5233.58256983757,659
5234.176330327988,660
5234.754465341568,661
5235.285724639893,661
5235.863859415054,661
5236.301367282867,662
5236.723249673843,661
5237.348260641098,657
5237.848269224167,657
5238.254526138306,658
5238.692034006119,659
5239.2545437812805,659
5239.707676649094,659
5240.12955904007,660
5240.629567623138,660
5241.118350982666,661
5241.844507932663,658
5242.32116484642,659
5242.805547714233,660
5243.289931297302,661
5243.69618844986,661
5244.118070602417,661
5244.774332046509,662
5247.758759498596,663
5248.165016412735,663
5248.571273565292,663
5249.102532863617,663
5249.493164300919,662
5250.586933135986,663
5250.993190288544,662
5251.430697917938,661
5251.930706977844,662
5252.383841276169,663
5252.868223190308,664
5253.368232250214,664
5253.774489164352,663
5254.446375846863,663
5254.915134429932,663
5255.352641820908,664
5255.837025165558,665
5256.258907318115,664
5256.649538993835,662
5257.212048530579,660
5257.665181875229,660
5258.149565458298,661
5258.712074995041,659
5259.118332147598,659
5259.540214776993,659
5260.055849790573,658
5260.493356227875,658
5260.993364810944,656
5261.383996963501,656
5262.493390798569,657
5262.993399858475,657
5263.415282249451,657
5263.977792263031,657
5264.4152998924255,658
5264.837183237076,658
5265.24343919754,655
5265.665321826935,656
5266.087203741074,656
5266.477835655212,656
5266.86846780777,655
5267.321600198746,650
5267.7122321128845,650
5268.196615695953,650
5268.618497848511,649
5269.024755001068,649
5269.524763584137,648
5270.009147167206,649
5270.4154047966,648
5270.884162902832,647
5271.306045532227,647
5271.71230173111,645
5272.243561029434,646
5272.727944612503,647
5273.149827003479,647
5273.618585348129,647
5274.181094646454,647
5274.837356567383,648
5275.493617773056,648
5275.978001356125,648
5276.556136846542,648
5277.009302616119,649
5277.47802901268,650
5277.93116235733,650
5278.415546417236,651
5278.853054523468,652
5279.337437868118,652
5279.96244931221,653
5280.493708848953,653
5280.915591955185,651
5281.353099822998,652
5281.978111028671,652
5282.478120326996,653
5282.978129148483,652
5283.446887731552,653
5284.103151082993,654
5284.540657281876,654
5285.087542295456,655
5285.509425163269,655
5286.1031856536865,656
5286.634444952011,657
5287.071952819824,656
5287.634462594986,656
5288.118846416473,652
5288.493853092194,650
5288.946986198425,651
5289.509496450424,652
5290.103256940842,652
5290.525139093399,649
5290.915771484375,628
5291.337653636932,628
5291.884538650513,629
5292.290796041489,629
5292.712678194046,629
5293.118935346603,629
5293.556442975998,630
5293.962700366974,630
5294.368957281113,626
5294.743963956833,626
5295.306473731995,627
5295.853358507156,628
5296.259615898132,628
5296.681498289108,628
5297.353384971619,627
5297.744018793106,627
5298.306526660919,628
5298.697158575058,627
5299.087790489197,628
5299.494047641754,625
5299.994056463242,625
5300.415939092636,626
5300.8378212451935,623
5301.259704113007,624
5302.322222232819,625
5302.697228908539,625
5303.181612968445,626
5303.572244167328,626
5304.166004896164,627
5304.6191375255585,628
5305.056645154953,629
5305.494153022766,630
5306.025412082672,630
5306.400418519974,630
5306.791050672531,631
5307.181682109833,632
5307.68169093132,632
5308.103573322296,633
5308.5098304748535,633
5308.916087627411,632
5309.337970018387,633
5309.775477170944,633
5310.197359800339,633
5310.7598695755005,634
5311.228627920151,635
5311.681760787964,635
5312.155450344086,636
5312.588238239288,630
5313.014240264893,631
5313.52987408638,632
5313.9673807621,628
5314.4517657756805,622
5314.904897212982,623
5315.342404842377,623
5315.889289140701,624
5316.311171770096,625
5316.889307022095,626
5317.358065843582,627
5317.764323234558,628
5318.295582532883,629
5318.920593738556,630
5319.326852083206,629
5319.717482805252,629
5320.2331166267395,630
5320.701874732971,631
5321.092506408691,630
5321.686266899109,631
5322.139399766922,631
5322.780035972595,631
5323.155042648315,632
5323.592550039291,633
5323.99880695343,633
5324.436315059662,633
5324.842572212219,633
5325.248828887939,633
5325.81133890152,633
5326.2800970077515,634
5326.717604875565,635
5327.170737504959,636
5327.639495611191,636
5328.373883962631,637
5328.827016115189,637
5329.295774698257,637
5329.780158281326,637
5330.248916387558,638
5330.63954782486,638
5331.2020580768585,638
5331.733316898346,639
5332.389578342438,638
5332.827085971832,638
5333.358345270157,639
5333.78022813797,639
5334.170859575272,637
5336.420900344849,638
5336.811530828476,638
5337.374040842056,638
5337.811548233032,639
5338.186554670334,639
5338.780315160751,640
5339.249073028564,641
5339.733456373215,642
5340.295966386795,643
5340.811600446701,643
5341.217857599258,643
5341.717866420746,644
5342.17099905014,645
5342.561631202698,645
5343.046014308929,645
5343.421020746231,646
5343.842903375626,646
5344.280410766602,646
5344.889796257019,646
5345.421055793762,647
5345.82731294632,647
5346.217944860458,647
5346.70232796669,648
5347.2804634571075,649
5347.671095132828,649
5348.077352285385,649
5348.686737537384,650
5349.20237159729,650
5349.7805070877075,651
5350.202389001846,651
5350.608646154404,652
5351.014903306961,652
5351.436785697937,651
5351.88991856575,651
5352.436803340912,652
5352.874310970306,653
5353.327443361282,654
5353.718075752258,654
5354.639967679977,654
5355.030598402023,654
5355.561857461929,654
5356.093117237091,655
5356.530624866486,655
5356.999382734299,654
5357.421265125275,655
5358.093151807785,656
5358.515034198761,657
5358.983792304993,657
5359.405674695969,658
5359.874433040619,658
5360.327565670013,658
5360.796323776245,658
5361.2807075977325,658
5361.733840227127,658
5362.140097618103,659
5362.546354532242,660
5362.968237161636,660
5363.561996936798,657
5364.093256473541,658
5364.999522447586,659
5365.421404361725,660
5365.8745374679565,661
5366.515173912048,662
5367.187060832977,663
5367.702694177628,664
5368.187077760696,665
5368.577709913254,665
5368.999593496323,666
5369.608977556229,666
5370.108986377716,667
5370.6402451992035,668
5371.046502590179,668
5371.562136650085,668
5372.155897140503,668
5372.5621547698975,668
5373.249665975571,669
5373.671548366547,670
5374.3903114795685,671
5374.999696731567,672
5375.421578884125,673
5375.843461275101,673
5376.32784485817,673
5376.92160487175,674
5377.327862024307,674
5377.905997514725,675
5378.327879667282,675
5378.796637773514,675
5379.249770641327,675
5379.70290350914,676
5380.390415430069,677
5380.827923297882,678
5381.312306642532,679
5381.81231546402,677
5382.343575000763,678
5382.827958106995,679
5383.249840736389,679
5383.702973365784,680
5384.31235909462,678
5384.718616247177,678
5385.202999591827,679
5385.687383174896,680
5386.109265327454,680
5386.53114771843,681
5387.031156778336,681
5387.515540361404,682
5388.140550613403,682
5388.703060388565,683
5389.148244380951,683
5389.640965461731,683
5390.135584354401,684
5390.573091506958,685
5391.041849851608,685
5391.60435962677,686
5392.041867494583,687
5393.198137283325,688
5394.229405403137,689
5394.6981637477875,689
5396.073187828064,690
5396.573196172714,691
5397.135706186295,690
5397.541963338852,690
5398.229475021362,690
5398.666982650757,690
5399.088865041733,691
5399.620124101639,692
5400.073257446289,692
5400.6826429367065,692
5401.182651281357,692
5403.479566812515,693
5403.901448965073,693
5404.323331594467,693
5404.88584113121,693
5405.354599475861,694
5405.838982343674,695
5406.401491880417,696
5406.917127609253,695
5407.385884046555,696
5407.979644775391,697
5408.464027643204,697
5408.90153503418,697
5409.3859186172485,698
5409.948428630829,699
5410.432811498642,700
5410.917195081711,701
5411.354702949524,700
5411.8390855789185,700
5412.432846069336,701
5412.885979175568,701
5413.370362043381,698
5413.83912062645,698
5414.354754447937,698
5414.932889223099,698
5415.448523521423,698
5415.886031150818,694
5416.339163541794,695
5416.792296886444,690
5417.323556184769,683
5417.886065721512,681
5418.370449066162,681
5418.776705980301,681
5419.229839086533,680
5419.65172123909,680
5420.15172958374,680
5420.667363882065,679
5421.126205921173,678
5421.728046655655,677
5422.265904664993,677
5423.000292301178,675
5423.453425645828,676
5423.8753073215485,675
5424.312815189362,654
5424.719073295593,649
5425.140954732895,649
5425.875342130661,649
5426.265974283218,646
5427.12536406517,647
5427.5003707408905,641
5428.0160048007965,641
5428.500388383865,640
5429.312902212143,641
5429.781660318375,641
5430.250418424606,637
5430.672301292419,635
5431.1566841602325,636
5431.64106798172,637
5432.12545132637,638
5432.750462293625,639
5433.250471353531,639
5433.625477313995,640
5434.078610658646,640
5434.588444709778,640
5434.994628667831,641
5435.447761297226,642
5435.9198451042175,642
5436.388603448868,642
5436.888611793518,642
5437.310494422913,642
5437.9198796749115,614
5438.29488658905,614
5438.8039927482605,614
5439.241500139236,615
5439.679007768631,609
5440.054014444351,609
5440.507147550583,606
5440.8821539878845,606
5441.460288763046,607
5441.8352954387665,606
5442.288428544998,607
5442.7103106975555,607
5443.257195234299,608
5443.6478271484375,609
5444.038458824158,610
5444.647844552994,611
5445.06972694397,611
5445.491609334946,609
5445.8978662490845,609
5446.319750070572,610
5446.851008176804,611
5447.39789223671,611
5447.75727391243,607
5448.116655111313,607
5448.538537502289,607
5449.116672515869,608
5449.601056098938,609
5449.9604370594025,605
5450.335443973541,606
5450.83545255661,607
5451.444838285446,607
5451.882345914841,606
5452.288603067398,607
5452.6636095047,607
5453.038615942001,605
5453.5698754787445,606
5453.976132392883,606
5454.616768360138,607
5455.0386509895325,608
5455.507408857346,608
5455.882415533066,609
5456.351174592972,610
5456.835556745529,603
5457.273066043854,604
5457.648072719574,605
5458.054329395294,605
5458.444960355759,605
5459.288724899292,606
5459.648106336594,606
5460.038738250732,606
5460.429369688034,607
5460.882502555847,608
5461.335637331009,609
5461.929395914078,608
5462.335653781891,608
5462.757535934448,608
5463.273169517517,609
5463.976306676865,603
5464.491940736771,603
5464.882573604584,601
5465.241953611374,579
5465.726337194443,580
5466.085718154907,535
5466.538851261139,536
5466.913857936859,537
5467.241988420486,536
5467.616995096207,536
5468.195130348206,536
5468.945143461227,537
5469.335774898529,538
5469.757657527924,538
5470.163914442062,539
5470.57017159462,539
5470.929552555084,535
5471.288934230804,535
5471.679566144943,534
5472.023321866989,534
5472.382703304291,535
5472.773334980011,536
5473.117091178894,537
5473.429596424103,537
5473.804602861404,522
5474.11710858345,519
5474.601492166519,510
5474.9139976501465,510
5475.210877418518,510
5475.5546333789825,511
5476.05464220047,512
5476.414023637772,509
5476.7577793598175,508
5477.039034843445,503
5477.632794857025,497
5478.25780582428,498
5478.570312023163,498
5478.914067268372,498
5479.22657251358,498
5479.664081573486,499
5480.085962533951,500
5480.429718494415,496
5480.742224216461,495
5481.085980415344,495
5481.414110898972,495
5481.74224281311,408
5482.117248058319,402
5482.445379018784,398
5482.726634263992,392
5482.961012840271,389
5483.195391893387,388
5483.414145708084,339
5483.601649045944,337
5483.898529291153,331
5484.1172840595245,332
5484.476664543152,332
5484.9454226493835,316
5485.179801225662,310
5485.3985550403595,310
5485.601683855057,310
5485.8985641002655,310
5486.070442438126,306
5486.367322444916,306
5486.648576974869,305
5487.3517146110535,306
5487.617343902588,304
5487.99235200882,304
5488.2423548698425,300
5488.492359161377,296
5488.726739883423,286
5488.961117744446,279
5489.336123943329,279
5489.679879903793,258
5489.851758241653,258
5490.023635864258,257
5490.1955144405365,254
5490.414267539978,249
5490.836150169373,247
5491.133030653,247
5491.320533752441,247
5491.539287567139,233
5491.866751670837,234
5492.093278646469,235
5492.3556118011475,236
5492.569488525391,237
5493.064702033997,238
5493.252205133438,237
5493.611586332321,238
5493.783464431763,239
5493.955342292786,239
5494.142845630646,212
5494.361599683762,212
5494.549102783203,212
5494.814732313156,212
5495.017861127853,213
5495.1897394657135,214
5495.517869472504,215
5496.1741309165955,206
5496.3147585392,206
5496.549137353897,207
5496.814767360687,208
5496.9553945064545,207
5497.174148321152,208
5497.361651659012,209
5497.486653804779,210
5497.7366580963135,211
5497.939786911011,197
5498.221041679382,197
5498.377294540405,196
5498.533547401428,197
5498.783551692963,198
5499.189809322357,199
5499.502314329147,199
5499.721067905426,200
5499.908571243286,201
5500.236702203751,202
5500.424205064774,202
5500.564832687378,202
5500.8304624557495,200
5501.049216032028,198
5501.174218177795,198
5501.361722946167,199
5501.486723661423,200
5501.61172580719,201
5501.830479621887,201
5502.080483913422,202
5502.283612728119,202
5502.424240112305,202
5503.018000364304,203
5503.236754179001,204
5503.533634662628,205
5503.674261808395,206
5503.799263715744,207
5503.971142053604,208
5504.158645153046,208
5504.330523014069,208
5504.502401590347,208
5504.674279212952,208
5504.814906835556,208
5504.98678445816,209
5505.111786842346,209
5505.283665180206,208
5505.705548524857,209
5505.939926624298,207
5506.080553770065,206
5506.252431869507,205
5506.40868639946,206
5506.658689022064,207
5506.8774428367615,208
5507.143072128296,208
5507.268074512482,209
5507.518078804016,210
5507.705582380295,211
5508.1587154865265,212
5508.330593109131,213
5508.580597162247,212
5509.064980745316,210
5509.908745765686,211
5510.768135309219,212
5511.018139839172,212
5511.174392461777,213
5511.346271514893,213
5511.565024852753,214
5511.690026760101,214
5512.049407720566,214
5512.283787250519,212
5512.408789157867,212
5512.596292972565,213
5512.768170595169,213
5513.049425363541,212
5513.236928462982,212
5513.361930847168,213
5513.611935138702,214
5513.815063714981,215
5513.940066099167,214
5514.158819913864,215
5514.393198490143,216
5514.61195230484,217
5514.768205404282,218
5514.908833026886,218
5515.143211841583,218
5515.315089941025,219
5515.690096855164,219
5515.8775997161865,219
5516.0338525772095,218
5516.190105438232,218
5516.315107584,219
5516.549486398697,219
5516.721364736557,217
5516.861991643906,216
5517.549503803253,216
5517.7057564258575,215
5517.893259763718,214
5518.080762863159,212
5518.237015724182,211
5518.455769538879,212
5518.612022161484,212
5519.00265455246,211
5519.190158128738,207
5519.330785036087,199
5519.5651643276215,198
5519.783918380737,197
5519.924545288086,192
5520.049547195435,191
5520.268301010132,185
5520.487054824829,186
5520.815186262131,186
5520.955813407898,186
5521.502697944641,187
5521.643325090408,188
5521.846454381943,189
5522.09645819664,188
5522.252711057663,189
5522.408963680267,190
5522.643342733383,191
5522.846471309662,191
5523.065225124359,192
5523.221477985382,193
5523.658985614777,194
5523.940240383148,195
5524.174619436264,196
5524.330872058868,196
5524.50275015831,197
5524.705878973007,198
5524.940258026123,199
5525.1902623176575,200
5525.4402668476105,201
5525.580893993378,201
5525.799647808075,202
5526.034027338028,201
5526.221530199051,202
5526.393408060074,201
5526.643412828445,201
5526.799665212631,202
5527.034044742584,203
5527.237172842026,203
5527.409051179886,204
5527.75280714035,205
5527.924684762955,206
5528.0496871471405,206
5528.174689531326,206
5528.362193584442,207
5528.549695730209,207
5528.862200975418,202
5529.002828836441,200
5529.1747081279755,198
5529.299708604813,197
5529.424711227417,196
5529.768466949463,197
5529.955970287323,197
5530.1278483867645,198
5530.377852678299,198
5530.612231731415,198
5530.784109830856,198
5531.080989599228,199
5531.299743652344,197
5531.440371513367,194
5531.580998659134,192
5531.784127473831,193
5531.90912938118,194
5532.049757242203,195
5532.315386295319,196
5532.502889633179,189
5532.612266540527,190
5532.831020355225,190
5532.987272977829,190
5533.096650123596,187
5533.518532037735,187
5533.659159898758,184
5533.893538475037,183
5534.03416633606,184
5534.174793481827,183
5534.331046104431,183
5534.456048488617,183
5534.627926826477,184
5534.799804449081,185
5534.92480635643,186
5535.081059217453,186
5535.221686840057,187
5535.362313985825,185
5535.565442800522,185
5535.737320661545,186
5535.956074476242,187
5536.081076622009,187
5536.268579721451,188
5536.440458059311,188
5536.581085205078,188
5536.799839258194,188
5537.081095218658,189
5537.331099033356,189
5537.440476179123,185
5537.706105232239,184
5537.815481901169,184
5537.971734762192,185
5538.174862861633,186
5538.471744775772,187
5538.612370729446,186
5538.924875736237,186
5539.268632650375,186
5539.518636226654,187
5539.659264087677,187
5539.909268379211,188
5540.065521001816,189
5540.174897670746,182
5540.487402915955,182
5540.6436557769775,182
5540.846784591675,183
5541.003037214279,183
5541.206165552139,184
5541.518670797348,181
5541.799925804138,181
5541.924927949905,181
5542.049930334091,181
5542.362436771393,182
5542.64369058609,183
5543.049948453903,183
5543.674958229065,184
5543.799960613251,184
5544.065590620041,185
5544.3468453884125,185
5544.503098249435,185
5544.8624794483185,186
5545.206235408783,186
5545.378115415573,187
5545.503117084503,188
5545.862496614456,189
5546.065625429153,190
5546.237503051758,190
5546.425006389618,191
5546.565634250641,191
5546.909392595291,192
5547.050018787384,192
5547.190644979477,193
5547.409398794174,194
5547.596902132034,195
5547.768779993057,195
5548.237538099289,194
5548.440666913986,195
5548.800047874451,196
5549.018802165985,196
5550.034444570541,196
5550.159446716309,196
5550.53445315361,196
5550.753207445145,195
5550.893834114075,194
5551.050088644028,195
5551.221965074539,196
5551.487596273422,197
5551.706348896027,198
5551.846976280212,198
5552.08135509491,198
5552.253233194351,198
5552.503237724304,199
5552.893869161606,200
5553.14387345314,201
5553.518880605698,202
5553.815760850906,202
5553.940762519836,203
5554.081389904022,203
5554.3001437187195,203
5554.534523010254,204
5554.690775871277,205
5554.8782794475555,203
5555.12828373909,204
5555.409538507462,205
5555.550165653229,206
5555.800169944763,207
5555.956422805786,208
5556.143925666809,207
5556.706435680389,208
5556.847063302994,209
5557.175193786621,210
5557.362696886063,210
5557.628326892853,211
5557.800204753876,212
5557.987708091736,213
5558.143960475922,213
5558.40959072113,214
5558.565843105316,215
5558.753346443176,216
5559.003350973129,217
5559.409607887268,218
5559.550235271454,218
5559.784614562988,219
5560.034619092941,220
5560.206496715546,218
5560.409625530243,217
5560.612754106522,218
5560.753381729126,218
5561.065887212753,219
5561.409643173218,219
5561.644022226334,220
5561.847150802612,220
5562.065904378891,220
5562.26903295517,221
5562.581538200378,222
5562.706540584564,222
5562.9096693992615,222
5563.1909239292145,223
5563.472178936005,223
5563.628431558609,223
5563.784684419632,223
5563.9565625190735,224
5564.144065618515,224
5564.347194433212,223
5564.472197532654,223
5564.597198724747,223
5564.831577301025,224
5565.050331354141,225
5565.175333738327,226
5565.347211837769,227
5565.597215890884,228
5565.862845420837,229
5566.065974235535,230
5566.269102573395,231
5566.503481864929,231
5566.7222356796265,231
5566.956614732742,232
5567.128492832184,232
5567.25349521637,232
5567.409748077393,232
5567.55037522316,232
5567.737878322601,233
5567.909756422043,233
5568.097259759903,233
5568.269137382507,234
5568.487891197205,235
5568.644144296646,235
5568.816022157669,235
5569.034775972366,235
5569.266427755356,236
5569.44046998024,237
5569.772936582565,237
5570.137591600418,237
5570.309470653534,237
5570.450096607208,238
5570.637599945068,239
5570.793852567673,240
5571.012606620789,241
5571.246985673904,242
5571.434488773346,242
5571.590742111206,242
5571.887621879578,242
5572.325129508972,243
5572.622009277344,243
5572.856388568878,243
5573.059517145157,244
5573.231395483017,245
5573.528275251389,246
5573.903281927109,243
5574.137661457062,243
5574.278288602829,243
5574.637670755386,244
5574.825173139572,241
5575.012676954269,232
5575.1845552921295,232
5575.590811014175,233
5575.747064113617,233
5575.887691497803,232
5576.075194835663,233
5576.37207531929,231
5576.512702465057,231
5576.668955087662,231
5576.872083425522,231
5577.137713432312,229
5577.403342723846,230
5577.559595584869,227
5577.7314739227295,227
5577.93460226059,227
5578.153356075287,228
5578.30960893631,229
5578.575238704681,230
5578.731491088867,230
5578.918994426727,231
5579.0439965724945,231
5579.262750387192,232
5579.465878725052,231
5579.794009685516,231
5579.9815130233765,231
5580.137766122818,227
5580.325268983841,228
5580.669024944305,228
5580.934654474258,229
5581.48153924942,228
5581.622166633606,229
5581.794045209885,229
5581.950297355652,227
5582.137800693512,228
5582.356554508209,229
5582.590933561325,229
5582.840937376022,230
5583.184693574905,231
5583.465948581696,231
5583.6222014427185,231
5583.778454065323,232
5583.919081687927,230
5584.090959310532,231
5584.247212171555,231
5584.559717655182,231
5584.731595754623,231
5584.887848615646,232
5585.028475522995,232
5585.294105529785,232
5585.528484582901,233
5585.684737205505,233
5585.856615781784,234
5586.137870311737,234
5586.325375318527,235
5586.606628417969,236
5586.7472558021545,237
5586.981635093689,237
5587.247264385223,238
5587.544144630432,239
5587.669147014618,239
5587.825399875641,239
5588.091029405594,240
5588.403534889221,239
5588.544162511826,240
5589.075421333313,241
5589.2472994327545,241
5589.46605348587,242
5589.684807300568,242
5590.044188737869,243
5590.184815645218,244
5590.403569698334,244
5590.669199466705,245
5590.981704711914,245
5591.20045876503,246
5591.372336626053,245
5591.528589487076,246
5591.794219017029,247
5592.216101408005,248
5592.903613090515,249
5593.091116428375,250
5593.278619527817,250
5594.216135978699,251
5594.403639554977,252
5594.622393608093,252
5594.7630207538605,252
5594.934898614883,252
5595.2786548137665,253
5595.513033866882,251
5595.809914112091,252
5595.997416973114,251
5596.184920310974,252
5596.4192996025085,253
5596.5755524635315,254
5596.888057947159,255
5597.1068115234375,254
5597.27868938446,254
5597.513068437576,255
5597.747447490692,255
5597.934951066971,256
5598.106829166412,256
5598.481835842133,257
5598.70058965683,255
5598.966218709946,256
5599.263099431992,257
5599.575605869293,258
5599.825609445572,259
5600.216240644455,260
5600.622498035431,260
5600.825626373291,261
5600.997504234314,262
5601.217406511307,262
5601.570677757263,263
5601.798369646072,264
5602.065237522125,264
5602.237115621567,264
5602.5496208667755,265
5602.721498966217,266
5602.877752780914,266
5603.127755880356,266
5603.299634218216,266
5603.54963850975,264
5603.737141609192,263
5603.924645185471,264
5604.221524953842,265
5604.424653768539,266
5604.6277821063995,266
5604.909036874771,267
5605.174666643143,267
5605.39342045784,268
5605.924679756165,269
5606.112183094025,269
5606.409064769745,270
5606.565315723419,270
5606.768444299698,271
5606.940322399139,271
5607.299704313278,272
5607.721586227417,273
5607.97159075737,274
5608.143468618393,274
5608.455973863602,275
5608.65910243988,275
5608.846605539322,275
5609.268488168716,275
5609.424740791321,275
5609.705995798111,276
5609.862248659134,276
5610.315381288528,277
5610.612261533737,278
5610.815391778946,278
5611.018518686295,278
5611.206021785736,278
5611.502901792526,278
5611.8622834682465,279
5612.065411567688,280
5612.252914905548,280
5612.4091691970825,278
5612.706048250198,278
5613.081054925919,278
5613.299808740616,278
5613.643564462662,276
5613.862318515778,277
5614.081072092056,277
5614.252949714661,277
5614.424828052521,277
5614.659206867218,276
5615.268593072891,277
5615.487346410751,277
5615.674849748611,276
5615.862353086472,277
5616.06548166275,278
5616.331111192703,279
5616.487364053726,279
5616.7061178684235,278
5616.9561223983765,278
5617.284252882004,278
5617.471756219864,278
5617.674884796143,279
5618.487398862839,280
5618.831154823303,280
5619.1592853069305,280
5622.549971103668,281
5622.89372587204,281
5623.237482070923,282
5623.456235408783,283
5623.643738985062,283
5623.87811756134,283
5625.393769264221,284
5625.628148555756,284
5626.143783569336,285
5626.346910953522,286
5626.721917629242,286
5626.940670967102,286
5627.221925973892,286
5627.440680027008,287
5627.659433603287,287
5627.862562656403,288
5628.050065755844,289
5628.3156950473785,289
5628.58132481575,290
5628.815703868866,291
5629.003207445145,291
5629.268836736679,292
5629.612592935562,293
5629.909474134445,294
5630.11260175705,292
5630.300104856491,292
5630.534483909607,293
5630.8001136779785,294
5630.987617015839,294
5631.284497261047,294
5631.518876552582,294
5631.690754413605,295
5631.956383943558,294
5632.190763950348,295
5632.518893480301,296
5632.80014872551,296
5633.050153017044,297
5633.331407785416,298
5633.58141207695,298
5633.862667560577,299
5634.112671375275,298
5634.3314254283905,299
5634.612680673599,300
5634.784558057785,301
5635.018937587738,301
5635.2689418792725,301
5635.51894569397,302
5635.847076654434,303
5636.128331184387,303
5636.315834522247,301
5636.503337860107,301
5636.815843343735,302
5637.034597396851,300
5637.315853595734,300
5637.581481933594,301
5637.768985271454,302
5637.972113609314,303
5638.175242424011,303
5638.472122430801,303
5638.706502199173,300
5638.9408802986145,299
5639.222135305405,300
5639.409638643265,300
5639.612767457962,301
5640.659660577774,296
5640.862789154053,297
5641.065917730331,290
5641.36279797554,277
5641.5346763134,278
5641.800305604935,279
5641.956558227539,279
5642.190938472748,279
5642.456567287445,279
5642.659695386887,280
5642.878450393677,280
5643.144078731537,280
5643.847216129303,281
5644.175346851349,282
5644.5347282886505,283
5644.909734725952,283
5645.128489017487,283
5645.378492593765,284
5645.5816214084625,284
5646.00350356102,285
5646.316009283066,286
5646.6128895282745,287
5646.8628940582275,288
5647.144149065018,289
5647.3160281181335,289
5647.534780502319,289
5647.8316605091095,290
5648.081665277481,290
5648.331669807434,291
5648.566048622131,292
5648.847303152084,293
5649.050431966782,293
5649.519190311432,294
5649.675442934036,295
5649.878571510315,295
5650.175451755524,296
5650.362955093384,296
5650.6285841465,295
5650.862963676453,295
5651.128593206406,296
5651.534851312637,295
5651.737978935242,295
5651.9098579883575,296
5652.316113948822,297
5652.831748008728,298
5653.034876346588,299
5653.378632068634,299
5653.566135644913,300
5653.972393035889,301
5654.222396850586,302
5654.441150903702,301
5654.6442794799805,302
5654.956785440445,303
5655.159913301468,304
5655.441168546677,305
5655.6755475997925,306
5655.988053321838,306
5656.253682374954,306
5656.613063812256,306
5656.925569295883,307
5657.191199064255,308
5657.456828832626,309
5657.738083600998,310
5658.550597906113,311
5659.066232919693,311
5659.347486495972,311
5659.894371032715,312
5660.081874370575,312
5660.269377708435,312
5660.519382238388,311
5660.956889867783,311
5661.175644636154,312
5661.441274404526,312
5661.925656795502,313
5662.206912755966,314
5662.425665378571,313
5662.613168954849,313
5662.816297054291,314
5663.238179683685,315
5663.785064935684,316
5664.0663187503815,317
5664.550702571869,318
5664.738205909729,318
5665.128837347031,319
5665.441342592239,320
5665.628846406937,321
5665.831974744797,321
5666.050728797913,321
5666.316357851028,322
5666.550737380981,322
5666.816366672516,322
5667.22262430191,323
5667.519504070282,324
5667.7070071697235,324
5667.910135746002,325
5669.08203125,326
5669.347660779953,327
5669.597665309906,327
5669.7851684093475,328
5670.066423654556,329
5670.253926753998,329
5670.613308191299,328
5670.832062244415,327
5671.175817966461,327
5671.378946065903,323
5671.660200834274,320
5671.928420782089,314
5672.342228889465,315
5672.548567771912,315
5672.755093336105,312
5673.051973581314,312
5673.333228588104,312
5673.676984548569,312
5674.114492177963,311
5674.317620515823,311
5674.520749092102,312
5674.864505290985,313
5675.067633628845,313
5675.3957641124725,313
5675.645768880844,313
5676.145777463913,314
5676.348906040192,314
5676.645786046982,314
5676.833289384842,314
5677.067668437958,315
5677.255171537399,315
5677.505176305771,316
5677.72392988205,316
5677.973934173584,317
5678.2083132267,318
5678.442692279816,318
5678.817698717117,319
5679.0833287239075,319
5679.520836353302,320
5679.723964691162,320
5680.192723035812,321
5680.473979234695,322
5680.723982334137,322
5680.89586019516,322
5681.161489725113,322
5681.880252122879,323
5682.114631652832,324
5682.442761898041,325
5682.630265235901,325
5682.8958950042725,326
5683.083398580551,327
5683.333402872086,328
5683.817786216736,329
5683.989664554596,330
5684.333420276642,331
5684.802178621292,332
5685.161559581757,332
5685.442814350128,332
5685.849071264267,333
5686.067825555801,333
5686.333455085754,334
5686.724086761475,335
5687.0522174835205,335
5687.427224159241,335
5687.864731550217,335
5688.099110841751,335
5688.427241802216,335
5688.661620616913,336
5688.895999670029,336
5689.083503007889,337
5689.286631345749,337
5689.489760160446,337
5689.771015167236,337
5690.224147796631,338
5690.521028280258,338
5690.817908287048,336
5691.067912578583,337
5691.349167346954,337
5691.614798545837,338
5691.911677122116,339
5692.130430936813,340
5692.396061182022,341
5692.739816904068,342
5692.942945241928,341
5693.13044834137,340
5693.521080493927,341
5693.739834308624,341
5693.927337646484,342
5694.224217891693,343
5694.458596944809,344
5694.7398517131805,345
5695.036731719971,344
5695.271111249924,345
5695.739869117737,346
5696.036749124527,346
5696.255503416061,346
5696.521132707596,346
5696.724261045456,346
5697.021141767502,347
5697.255520582199,347
5697.458649158478,347
5697.708653450012,347
5698.005533456802,347
5698.224288702011,348
5698.4430413246155,348
5698.630544424057,349
5698.864923715591,350
5699.55243563652,351
5699.771189689636,351
5700.099320173264,352
5700.411825656891,352
5700.755581378937,353
5701.068087100983,353
5701.3024661540985,354
5701.614971637726,354
5702.021228790283,355
5702.224357128143,355
5702.4899871349335,355
5702.786866903305,356
5703.0368711948395,357
5703.271250486374,358
5703.49000453949,358
5703.740008592606,359
5703.990013122559,359
5704.3181438446045,359
5704.615024805069,359
5704.802527666092,358
5705.036906003952,359
5705.3025369644165,360
5705.91192150116,361
5706.161925792694,362
5706.4900579452515,363
5706.693185091019,364
5707.005690336227,365
5707.3338215351105,366
5707.552575111389,366
5707.911957740784,366
5708.396339893341,366
5708.693219900131,367
5708.990101575851,367
5709.302605628967,368
5709.583860397339,368
5709.9432418346405,369
5710.177620887756,370
5710.458877325058,371
5710.724505662918,372
5710.974509477615,372
5711.224514007568,372
5711.55264544487,372
5711.818274497986,373
5712.052654981613,373
5712.2714076042175,373
5712.490161418915,373
5712.8026666641235,374
5713.021420478821,375
5713.443302869797,376
5713.70893239975,376
5713.974561929703,377
5714.208941221237,377
5714.66207408905,377
5714.927703857422,377
5715.3027102947235,378
5715.537089347839,378
5716.0995988845825,378
5716.318352937698,379
5716.615233182907,380
5717.0371153354645,381
5717.25586938858,381
5717.521499156952,381
5717.849629402161,381
5718.1621351242065,382
5718.380888938904,383
5718.5996425151825,383
5718.91214799881,379
5719.115278244019,378
5719.396532058716,378
5719.646536111832,378
5719.880914926529,379
5720.146544933319,380
5720.818431377411,381
5721.365316152573,382
5721.584071159363,382
5721.927826166153,383
5722.146579742432,383
5722.396584272385,383
5722.709089517593,384
5723.068470716476,384
5723.537228822708,385
5723.802858829498,385
5724.084113836288,385
5724.334118843079,385
5724.552872657776,386
5724.787250518799,386
5725.06850528717,387
5725.334135532379,387
5725.646640539169,388
5726.006021976471,389
5726.30290222168,390
5726.662284612656,391
5727.2404181957245,392
5727.631050348282,393
5728.224810838699,394
5728.61544251442,395
5729.037324428558,396
5729.365455627441,397
5729.615459918976,398
5729.881090641022,398
5730.474849700928,399
5730.709228992462,399
5731.052985191345,400
5731.271739244461,400
5731.662370920181,401
5731.9123747348785,401
5732.271756649017,401
5732.55301117897,401
5732.8342661857605,402
5733.115520954132,400
5733.334274768829,401
5733.6155297756195,402
5733.912409543991,402
5734.30304145813,402
5734.7405507564545,403
5734.974928379059,403
5735.209307432175,403
5735.537437915802,404
5735.771817445755,404
5736.099947929382,404
5736.3812029361725,405
5736.646832704544,405
5736.974962949753,405
5737.256218194962,404
5737.490597724915,404
5737.865603923798,405
5738.099982500076,405
5738.349987030029,405
5738.646867513657,403
5738.881246805191,403
5739.193751811981,404
5739.537507772446,404
5739.928141117096,405
5740.193769454956,405
5740.553150653839,406
5740.912531852722,406
5741.146911144257,406
5741.41254067421,407
5741.646919727325,407
5742.05317735672,408
5742.334431648254,407
5742.600061178207,408
5742.990693330765,408
5743.303199052811,409
5743.600079059601,408
5743.881333827972,408
5744.178213834763,407
5744.492837429047,407
5744.897921085358,406
5745.322344779968,407
5745.57234954834,408
5745.822354793549,408
5746.241426944733,409
5746.50705742836,409
5746.788311481476,409
5747.100818395615,410
5747.366446733475,410
5747.694577455521,410
5747.928957462311,409
5748.322623252869,408
5748.603877782822,408
5748.932008743286,408
5749.2749218940735,409
5749.564396619797,410
5749.939628839493,411
5750.219392776489,410
5750.516273260117,411
5750.969405889511,412
5751.344412565231,413
5751.610042095184,413
5752.016299247742,413
5752.281928539276,414
5752.844438791275,415
5753.203820228577,416
5753.531950950623,417
5753.953832864761,418
5754.297589302063,419
5754.672595739365,420
5754.938225746155,421
5755.344481945038,422
5755.703863620758,423
5756.0632445812225,424
5756.3132491111755,424
5756.766381978989,425
5757.172639131546,426
5757.42264342308,426
5757.657022714615,426
5758.047654628754,427
5758.59454035759,428
5758.938294887543,429
5759.3289270401,429
5759.5945563316345,429
5759.938313007355,429
5760.2820682525635,429
5760.735201597214,430
5761.157084703445,429
5761.516465187073,429
5761.969598054886,430
5762.360229969025,431
5762.594608783722,432
5762.969614982605,432
5763.453998804092,433
5763.704003095627,433
5763.954007387161,434
5764.250887393951,435
5765.422784328461,436
5765.938417196274,436
5766.204046487808,436
5766.532177209854,437
5767.079062461853,438
5767.391567468643,438
5767.922826766968,439
5768.360334396362,440
5768.6572144031525,441
5768.9072189331055,442
5769.188473701477,443
5769.4384779930115,443
5769.735358476639,442
5769.985363006592,443
5770.407245635986,444
5770.688499689102,445
5770.969754695892,445
5771.251009464264,445
5771.891645908356,446
5772.188525915146,447
5772.61040854454,448
5773.2822959423065,449
5773.563549995422,447
5773.860430240631,448
5774.126059770584,448
5774.485440969467,448
5774.7823214530945,448
5775.266706228256,444
5775.719838619232,445
5776.063593626022,446
5776.532351732254,447
5776.8761076927185,448
5777.37611746788,449
5777.8136241436005,449
5778.0792536735535,449
5778.360508680344,450
5778.751140356064,451
5779.219898700714,451
5779.610530614853,452
5780.01678776741,452
5780.282417058945,452
5780.6886739730835,452
5780.954303979874,452
5781.605975389481,452
5781.920909166336,453
5782.225666761398,454
5782.616297960281,454
5782.9288029670715,455
5783.881944656372,456
5784.241325855255,457
5784.6475830078125,457
5784.991338729858,457
5785.319469451904,458
5785.647600412369,458
5785.960105895996,459
5786.350737571716,460
5786.756994485855,461
5787.132001161575,461
5787.56950879097,462
5787.897639751434,462
5788.366397619247,463
5788.725779294968,464
5789.178911924362,465
5789.538293123245,465
5789.835173845291,465
5790.116428375244,466
5790.507060050964,466
5790.772689580917,467
5791.2101974487305,468
5791.491453886032,469
5791.788332223892,468
5792.210214853287,469
5792.49147105217,468
5793.053979635239,469
5793.397735357285,469
5793.71024107933,469
5794.304001569748,467
5794.663382530212,467
5794.944637537003,464
5795.397770404816,463
5795.679025173187,463
5795.960280418396,462
5796.522790193558,454
5796.804044723511,454
5797.257177591324,454
5798.194693803787,455
5798.491574525833,443
5799.007207870483,441
5799.288463354111,441
5799.616594076157,442
5799.897848844528,439
5800.194728851318,440
5800.694737672806,441
5800.94474196434,441
5801.460376024246,442
5801.866633176804,442
5802.132262706757,443
5802.429142951965,443
5802.7103979587555,443
5803.06977891922,444
5803.36666059494,444
5803.694789886475,445
5804.085422039032,446
5804.3510529994965,446
5804.741683483124,446
5805.022940158844,447
5805.288567781448,446
5805.5698227882385,447
5805.866703033447,448
5806.1323325634,448
5806.569839954376,449
5806.8667204380035,449
5807.382354259491,449
5807.647984027863,450
5808.022990465164,451
5808.397997617722,452
5808.804255485535,450
5809.226136207581,451
5809.476140737534,450
5809.773022174835,451
5810.038650512695,452
5810.46053314209,453
5810.94491648674,454
5811.3511736392975,455
5811.819931745529,456
5812.648071527481,457
5812.9137008190155,457
5813.194955825806,457
5813.476210355759,457
5813.726214885712,457
5814.148097515106,458
5814.460602760315,458
5814.741858005524,459
5815.194990634918,460
5815.507495880127,460
5815.9293785095215,461
5816.241884231567,461
5816.570014476776,462
5816.882519721985,463
5817.413781642914,464
5817.757536411285,464
5818.148168087006,465
5818.476298570633,465
5818.757553577423,465
5819.132559776306,465
5819.648195743561,465
5819.945078372955,466
5820.257579803467,466
5820.648211717606,467
5820.976343393326,468
5821.52322769165,468
5821.851357221603,469
5822.116987228394,470
5822.445117950439,471
5822.75762295723,471
5823.101380586624,471
5823.476385354996,472
5823.86701798439,473
5824.288899898529,474
5824.695156812668,474
5824.992037534714,474
5825.335794210434,475
5825.6795489788055,476
5825.9608035087585,475
5826.601439476013,476
5827.148324012756,477
5827.4452040195465,477
5827.96083855629,477
5828.304594516754,478
5828.726476430893,479
5829.5077402591705,480
5829.804620504379,480
5830.210877656937,480
5830.570258617401,480
5830.914014816284,481
5831.367147684097,482
5832.054660081863,482
5832.351539611816,483
5832.742171525955,483
5833.023426771164,483
5833.4765594005585,484
5833.94531750679,484
5834.273448467255,485
5834.570328474045,485
5834.898460626602,486
5835.414093017578,486
5835.804724931717,486
5836.289108514786,487
5836.789117097855,488
5837.210999488831,488
5837.586006402969,488
5837.867260932922,488
5838.1641409397125,488
5838.429770708084,488
5838.74227643013,488
5839.1641590595245,486
5839.445413351059,486
5839.726668596268,486
5840.054799318314,486
5840.336054325104,485
5840.695435285568,486
5841.132942914963,487
5841.523575305939,488
5841.867330789566,489
5842.289213180542,490
5842.570467948914,490
5842.914223909378,491
5843.304856061935,492
5843.648611783981,492
5843.992367744446,493
5844.289248228073,494
5844.742381095886,493
5845.054886341095,492
5845.539269924164,493
5845.914276361465,494
5846.273658037186,495
5846.726791858673,495
5847.054922819138,495
5847.539304733276,496
5847.976812362671,497
5848.320568323135,497
5848.679949522018,497
5849.383087158203,498
5849.773720026016,498
5850.523731946945,499
5850.820611715317,499
5851.179993152618,500
5851.508123636246,500
5851.805004358292,500
5852.143128156662,500
5852.519693851471,501
5853.041878938675,501
5853.4793865680695,502
5853.807517528534,503
5854.33877658844,503
5854.651281833649,503
5854.948162555695,504
5855.588798522949,504
5856.135683059692,505
5856.448189735413,505
5856.838820695877,506
5857.166951179504,506
5857.588833332062,507
5858.057591199875,507
5858.354471683502,507
5858.901356220245,508
5859.260737419128,509
5859.791996955872,509
5860.401382923126,510
5860.776388883591,510
5861.35452413559,511
5861.667029380798,510
5862.182663202286,511
5862.745173215866,511
5863.338933467865,512
5863.635813713074,513
5864.198323726654,514
5864.5264546871185,515
5864.979587554932,515
5865.354595422745,515
5865.7452256679535,516
5866.323360681534,516
5866.963996648788,517
5867.276502609253,517
5867.635883569717,518
5867.948389053345,515
5868.307770729065,515
5868.620277166367,515
5868.964031457901,515
5869.339038133621,516
5869.6515436172485,517
5870.104676485062,513
5870.542184352875,509
5870.964066505432,510
5871.354698419571,504
5871.65157866478,504
5872.104711532593,505
5872.745347738266,506
5873.104729175568,506
5873.417234659195,506
5873.6984894275665,506
5874.151622056961,506
5874.4797530174255,506
5874.82350897789,505
5875.245391130447,506
5875.58914732933,507
5876.011029481888,507
5876.323535203934,507
5876.8860449790955,508
5877.22980093956,508
5877.636057853699,509
5878.0266897678375,510
5878.542324066162,510
5879.057957649231,511
5879.5735919475555,511
5879.932973146439,511
5880.448606967926,512
5880.839238643646,513
5881.495500087738,513
5881.917382717133,514
5882.22988820076,515
5882.683021068573,516
5883.026776790619,517
5883.448659181595,518
5883.792416334152,518
5884.136171579361,519
5884.495552539825,520
5884.8393087387085,521
5885.526820421219,522
5886.026829004288,522
5886.354960203171,522
5886.854969024658,523
5887.308101654053,523
5887.636232376099,524
5888.073740005493,525
5888.526872634888,526
5889.136258602142,526
5889.46438908577,526
5889.870646238327,526
5890.230027675629,526
5891.167544126511,527
5891.495674371719,527
5892.4488162994385,528
5892.886323928833,528
5893.573835849762,528
5894.151971101761,529
5894.526977300644,529
5894.855108261108,529
5895.261365413666,526
5895.69887304306,527
5896.073879480362,528
5896.527012348175,528
5896.917644262314,528
5897.41765332222,529
5897.839535236359,530
5898.230167388916,527
5898.558297634125,525
5898.870803117752,526
5899.323936223984,527
5899.823945045471,524
5900.136452198029,520
5900.495831489563,521
5900.948964595795,522
5901.839605093002,523
5902.214611530304,524
5902.605243682861,525
5902.995875120163,526
5903.4177577495575,526
5903.761513948441,527
5904.199021577835,528
5904.620903968811,529
5905.05841088295,529
5905.636546611786,528
5905.995927333832,529
5906.324058294296,530
5906.886567831039,527
5907.386576890945,528
5907.761583328247,527
5908.136590003967,528
5908.495970964432,529
5908.917853832245,530
5909.449112892151,531
5910.261628627777,531
5911.355396032333,532
5911.699153184891,533
5912.105409383774,532
5912.464790344238,527
5912.855422496796,527
5913.199178218842,527
5913.60543513298,527
5914.0429430007935,528
5914.558576583862,529
5915.04296040535,530
5915.527344226837,530
5916.183605194092,529
5916.574237346649,529
5916.933618783951,530
5917.30862569809,529
5917.621131181717,529
5917.980513095856,530
5918.355519771576,529
5918.777402162552,530
5919.136784076691,531
5919.496164798737,531
5919.855546712875,530
5920.214927911758,531
5920.730562210083,532
5921.089943647385,532
5921.480576038361,532
5921.964959383011,533
5922.355591773987,534
5922.839975118637,535
5923.3243589401245,534
5923.730616092682,533
5924.074372053146,534
5924.465004205704,531
5924.824385166168,529
5925.168143033981,530
5925.605649471283,531
5926.1369087696075,529
5926.480665922165,526
5926.855671644211,526
5927.183802127838,526
5927.558808803558,526
5927.949441194534,527
5928.371323108673,525
5928.746329784393,526
5929.133013725281,527
5929.505750417709,527
5929.839114665985,527
5930.659872293472,522
5931.128630638123,519
5931.534888267517,520
5931.863018751144,521
5932.20677614212,522
5932.5817811489105,523
5932.925537347794,523
5933.269293308258,522
5933.800554037094,522
5934.1286833286285,523
5934.441188812256,524
5934.86307144165,524
5935.222452402115,525
5935.581834077835,526
5936.0193428993225,527
5936.409973859787,520
5936.769356012344,521
5937.1131110191345,521
5937.441241502762,520
5937.753746986389,521
5938.113128423691,516
5938.472509622574,516
5938.800640821457,516
5939.28502368927,516
5939.769407510757,517
5940.300666809082,517
5940.722548961639,518
5941.050679683685,518
5941.628814935684,519
5942.035071849823,520
5942.519455432892,521
5943.066339731216,521
5943.3944709300995,522
5943.785102367401,523
5945.01949930191,524
5945.332004308701,524
5945.800763845444,524
5946.113268136978,525
5946.488275051117,526
5946.847656011581,527
5947.503916978836,528
5947.847674369812,528
5948.175804138184,528
5948.613311767578,528
5948.972692728043,528
5949.3008234500885,529
5949.75395655632,530
5950.160213470459,527
5950.566470623016,527
5951.019603729248,527
5951.332108974457,527
5951.660239934921,527
5952.01962184906,528
5952.379003286362,529
5952.7383852005005,529
5953.050890684128,530
5953.457147598267,531
5954.004031658173,532
5954.425914287567,533
5954.988424539566,534
5955.504058122635,534
5956.300947189331,535
5956.660328388214,536
5957.504092931747,537
5957.8165991306305,538
5958.191605091095,539
5958.535361051559,539
5959.004120588303,539
5959.472877502441,539
5960.285391330719,540
5960.722899436951,541
5961.129156112671,541
5961.56264424324,541
5961.88233089447,541
5962.321806907654,541
5962.884316682816,541
5963.274948835373,542
5963.618704557419,542
5964.009336233139,542
5964.321841955185,543
5964.665597915649,543
5965.165606737137,543
5965.571863651276,544
5965.884368896484,544
5966.259376525879,544
5966.712508678436,544
5967.275018453598,544
5967.6343994140625,544
5968.009406089783,545
5968.40003824234,546
5968.884421348572,547
5969.259427785873,548
5969.712561130524,549
5970.1344447135925,549
5970.6500771045685,550
5971.025083780289,550
5971.4157156944275,551
5972.040726184845,552
5972.509484767914,553
5973.071994304657,553
5973.650131225586,553
5974.025136232376,554
5974.4470183849335,555
5974.8220245838165,556
5975.197031497955,556
5975.525162220001,556
5975.915793895721,557
5976.290800333023,557
5978.415837526321,558
5979.009598016739,558
5979.650234460831,559
5980.009615421295,559
5980.447123289108,560
5981.165885925293,560
5981.55651807785,561
5982.337781667709,561
5982.775289297104,561
5983.228422164917,557
5983.6659297943115,558
5984.087812423706,559
5984.4471933841705,560
5984.822200059891,559
5985.447211027145,559
5985.8378438949585,560
5986.1659734249115,560
5986.775359630585,559
5987.228492021561,559
5987.619124412537,560
5987.947254657745,561
5988.525390148163,562
5988.978522777557,563
5989.431655883789,564
5989.978540182114,565
5990.337922096252,566
5990.822304964066,567
5991.275437831879,567
5991.6660697460175,567
5992.056701660156,567
5992.4473333358765,566
5992.822339773178,566
5993.181721448898,567
5993.572352647781,567
5993.962985038757,567
5994.3536167144775,567
5994.775499343872,567
5995.181756258011,568
5995.541137456894,562
5996.009895563126,558
5996.463028430939,558
5996.978663682938,558
5997.3849194049835,558
5997.791176557541,559
5998.166183233261,558
5998.744318723679,555
5999.072448968887,556
5999.431830406189,557
5999.822461843491,558
6000.166218042374,558
6000.994358539581,559
6001.447491645813,559
6001.775622844696,560
6002.135003566742,561
6002.5568861961365,562
6003.135020971298,563
6003.572528600693,563
6004.010037660599,563
6004.4475440979,564
6004.869427442551,565
6005.260058164597,566
6005.650691509247,567
6006.041321754456,568
6006.431954860687,567
6006.7913365364075,568
6007.385095119476,568
6007.775727272034,569
6008.197609424591,569
6008.572615861893,570
6008.97887301445,571
6009.338254928589,571
6009.7288863658905,568
6010.119518041611,569
6010.494524717331,570
6010.869531154633,571
6011.432041168213,571
6011.8226726055145,572
6012.260180234909,573
6012.932067394257,574
6013.338324308395,574
6013.68208026886,575
6014.166463851929,575
6014.541470050812,575
6014.9946031570435,576
6015.494611978531,577
6016.0102455616,577
6016.479005098343,577
6016.85401058197,577
6017.213391780853,577
6017.588398218155,578
6018.135282754898,578
6018.635291337967,578
6018.994672775269,578
6019.400929927826,579
6019.744686126709,574
6020.1040670871735,569
6020.666576862335,570
6021.041583299637,570
6021.447840452194,570
6021.963474750519,571
6022.354106426239,572
6022.697862148285,572
6023.135370016098,572
6023.604127883911,573
6024.0103850364685,573
6024.385392189026,574
6024.807274341583,575
6025.1822826862335,575
6025.729165315628,575
6026.18229842186,576
6026.791683673859,576
6027.15106511116,576
6027.557322263718,575
6027.916703462601,575
6028.276084899902,575
6028.651091814041,576
6029.119849443436,573
6029.666733980179,573
6030.088616847992,574
6030.4636244773865,575
6030.854254484177,576
6031.213635921478,575
6031.588642835617,574
6032.090699195862,572
6032.460237026215,565
6032.983126878738,564
6033.530011415482,565
6033.905018091202,565
6034.248774051666,565
6034.701906919479,565
6035.076913356781,566
6035.4206693172455,566
6035.873802185059,566
6036.342560768127,567
6036.889444828033,568
6037.295701980591,568
6038.0144646167755,564
6038.4207220077515,565
6039.014483213425,558
6039.451989650726,557
6039.873872280121,555
6040.29575419426,555
6040.655135631561,555
6041.014517068863,556
6041.342648029327,556
6041.748904943466,552
6042.248913764954,552
6042.608294725418,552
6043.014552116394,553
6043.452059268951,552
6043.858316421509,553
6044.342699766159,552
6044.7177057266235,552
6045.186463594437,552
6045.639595508575,552
6046.155229091644,552
6046.561485528946,552
6046.936491727829,552
6047.311497926712,553
6047.795880794525,553
6048.217764139175,552
6048.592768907547,518
6048.98340010643,519
6049.374033212662,519
6050.1709196567535,520
6050.530300855637,520
6050.8896815776825,521
6051.280313014984,521
6051.670944690704,522
6052.030325651169,523
6052.358456611633,523
6052.7334632873535,522
6053.108468770981,514
6053.595242738724,515
6053.911581516266,514
6054.38033914566,513
6054.731213569641,500
6055.073561906815,500
6055.55996465683,501
6055.9505960941315,502
6056.372478961945,503
6056.809985637665,504
6057.106866598129,504
6057.474167585373,496
6057.771047592163,497
6058.09917807579,498
6058.427309036255,480
6058.771064519882,481
6059.036694049835,482
6059.396075487137,483
6059.7242069244385,484
6060.021085977554,484
6060.47421836853,485
6060.864850521088,486
6061.161730051041,479
6061.739864826202,480
6062.05237030983,481
6062.364875793457,481
6062.7086317539215,482
6063.068012237549,483
6063.364892959595,484
6063.677397966385,484
6064.208657026291,485
6064.521162748337,485
6064.864920377731,486
6065.208674669266,486
6065.56805562973,482
6065.88056063652,481
6066.239942073822,482
6066.739950895309,482
6067.021206617355,482
6067.411838531494,480
6067.771218061447,480
6068.146224975586,479
6068.427479505539,480
6068.8806121349335,481
6069.193117618561,481
6069.474372386932,481
6069.880629301071,481
6070.224385261536,481
6070.568141460419,481
6071.005648612976,481
6071.583784341812,482
6071.927540063858,482
6072.255670547485,482
6072.5525505542755,482
6073.177562952042,482
6073.599443435669,483
6073.880698442459,483
6074.161953210831,483
6074.615086317062,483
6075.099469661713,484
6075.490101337433,485
6075.833857536316,484
6076.630745887756,485
6077.146379947662,486
6077.708889961243,487
6078.099521160126,487
6078.42765212059,487
6078.724532365799,487
6079.037037849426,487
6079.412044048309,487
6079.708925008774,486
6080.099555969238,487
6080.693316459656,483
6081.068323135376,484
6081.458954811096,484
6081.912087440491,484
6082.255845308304,485
6082.708976268768,486
6083.021481990814,487
6083.427738904953,487
6083.74024438858,488
6084.209002494812,489
6084.630884647369,490
6084.990266084671,490
6085.30277132988,490
6085.787154912949,489
6086.334041118622,490
6086.615294456482,490
6086.974675416946,490
6087.271556377411,491
6087.59968662262,485
6088.130945920944,486
6088.630954504013,487
6088.9590854644775,488
6089.443468809128,489
6089.771599531174,490
6090.084105014801,488
6090.349734544754,487
6090.662239789963,488
6091.037246704102,487
6091.396627902985,487
6091.771634340286,488
6092.318518877029,489
6092.599775314331,490
6092.9435296058655,491
6093.318536281586,492
6093.66229224205,493
6093.959172487259,493
6094.443556308746,490
6094.787312030792,491
6095.177943944931,491
6095.568575382233,492
6095.912331581116,493
6096.240462303162,494
6096.53734254837,495
6096.943599462509,496
6097.490484237671,496
6097.771740436554,497
6098.068619012833,498
6098.349874019623,499
6098.959259986877,498
6099.287390232086,498
6099.693647384644,498
6100.099904537201,497
6100.41240978241,497
6100.896793603897,498
6101.256174564362,499
6101.599930524826,500
6102.178066253662,501
6102.474946022034,501
6103.00620508194,501
6103.381212711334,502
6103.803094148636,502
6104.162475347519,503
6104.4437301158905,503
6104.834362268448,504
6105.146869182587,503
6105.443747758865,503
6105.77187871933,503
6106.209386348724,502
6106.553142309189,503
6106.85002207756,498
6107.162527799606,497
6107.475033044815,497
6107.787538766861,497
6108.240671634674,497
6108.584428548813,497
6108.912559270859,492
6109.231170892715,492
6109.7760281562805,490
6110.104663610458,488
6110.464045524597,484
6110.776551246643,476
6111.120307445526,477
6111.448438167572,473
6111.729693412781,473
6112.042199611664,473
6112.323454618454,470
6112.7140872478485,467
6113.010967493057,468
6113.354723930359,465
6113.714105844498,459
6114.042236566544,459
6114.354742527008,459
6114.635997056961,460
6114.901627540588,456
6115.15163230896,453
6115.464138031006,453
6115.807894229889,454
6116.120399951935,453
6116.401655435562,443
6116.761036396027,424
6117.120419502258,425
6117.495424747467,426
6117.776679992676,427
6118.0735602378845,428
6118.495443105698,429
6118.839199304581,429
6119.198580503464,429
6119.557962179184,430
6120.07359623909,427
6120.370476961136,428
6120.745483875275,428
6120.995488166809,423
6121.307993888855,422
6121.729876279831,423
6122.011131286621,424
6122.2455105781555,425
6122.776770591736,424
6123.1674020290375,425
6123.526783704758,426
6123.792413234711,427
6124.026792764664,427
6124.292458295822,428
6124.5268013477325,429
6124.82368183136,429
6125.151812791824,429
6125.558069705963,429
6125.792448997498,428
6126.151830434799,429
6126.620589017868,430
6126.933094739914,427
6127.323726415634,423
6127.636231660843,424
6127.933112382889,422
6128.386244773865,422
6128.683125495911,422
6128.995630979538,422
6129.276886224747,422
6129.964398384094,419
6130.339404821396,420
6130.589409351349,420
6131.1206686496735,420
6131.417548418045,421
6131.7300543785095,421
6131.9956843853,422
6132.433192014694,422
6132.698821306229,423
6133.1988315582275,423
6133.542586326599,424
6134.011346101761,424
6134.261348962784,393
6134.605106592178,379
6135.042612791061,374
6135.261366605759,374
6135.495746135712,374
6135.9176297187805,319
6136.2613842487335,286
6136.464512825012,268
6136.698892116547,269
6136.917645454407,269
6137.292652130127,261
6137.605157613754,255
6137.8082864284515,249
6137.980164051056,249
6138.198919057846,249
6138.3551704883575,243
6138.605175495148,244
6138.792678594589,245
6138.964556694031,245
6139.105184078217,245
6139.386438846588,246
6139.698944330215,243
6139.870822668076,244
6140.2927050590515,245
6140.433332443237,245
6140.605210542679,246
6140.917716026306,224
6141.073968410492,213
6141.466724872589,214
6141.75389790535,215
6142.171779155731,215
6142.312406539917,215
6142.874917507172,216
6143.265548944473,217
6143.671805381775,218
6143.874933719635,218
6144.093687534332,218
6144.453068733215,218
6144.624946594238,218
6144.921827077866,218
6145.062454462051,218
6145.249957561493,219
6145.390585899353,219
6145.593713998795,219
6145.73434138298,219
6146.015595912933,220
6146.437478303909,220
6146.703108072281,221
6146.984367609024,222
6147.218741893768,222
6147.359369516373,222
6147.76562666893,223
6147.890628576279,224
6148.1093826293945,225
6148.328136444092,226
6148.781269311905,226
6149.031273603439,226
6149.265652656555,226
6149.640659093857,226
6149.796912193298,226
6149.953164577484,226
6150.09379196167,227
6150.250044822693,228
6150.421923160553,229
6150.562550544739,229
6150.750053882599,230
6151.000057935715,229
6151.328188657761,229
6151.531317234039,230
6151.843822479248,229
6152.015700817108,229
6152.203204154968,228
6152.3438313007355,228
6152.515709400177,229
6152.718837976456,230
6152.921966314316,231
6153.250097036362,232
6153.43760061264,233
6153.609478473663,233
6153.859483242035,234
6154.062612056732,234
6154.312616586685,231
6154.671998500824,230
6154.953253269196,231
6155.187632322311,232
6155.468887805939,233
6155.625139951706,234
6155.7970180511475,233
6155.95327091217,233
6156.375153064728,233
6156.656408071518,233
6156.828285932541,233
6156.984538793564,233
6157.297044277191,234
6157.547048807144,234
6157.718926668167,233
6158.047058582306,229
6158.234561920166,229
6158.547067165375,230
6158.750194311142,229
6159.031449794769,217
6159.187702178955,218
6159.51583313942,217
6159.640835285187,217
6159.781462669373,204
6160.062717437744,199
6160.265846014023,200
6160.67210316658,190
6160.797105073929,185
6160.937732696533,183
6161.297113895416,181
6161.734621763229,174
6161.875249147415,175
6162.094002962112,174
6162.234630346298,175
6162.344007253647,175
6162.562761068344,175
6162.7033886909485,174
6162.937767982483,170
6163.094020366669,158
6163.35965013504,151
6163.640904903412,151
6163.844033479691,147
6164.0159113407135,147
6164.281541109085,147
6164.453419685364,148
6164.578422546387,149
6164.6721732616425,149
6164.82842540741,150
6164.984678030014,150
6165.125306844711,151
6165.4690618515015,151
6165.76594209671,152
6165.922194719315,153
6166.390953063965,154
6166.578456401825,155
6166.8597111701965,150
6167.0003390312195,150
6167.1253407001495,151
6167.359719753265,152
6167.453471422195,144
6167.6565997600555,145
6168.390987873077,146
6168.5159907341,145
6168.625368118286,144
6168.797246217728,144
6168.906622886658,142
6169.047249078751,143
6169.250379085541,142
6169.406630754471,142
6169.812887430191,142
6169.937889575958,142
6170.062891960144,143
6170.234769821167,143
6170.375397443771,143
6170.516025066376,144
6170.656652212143,141
6170.781654596329,142
6170.922281742096,142
6171.031658649445,142
6171.281663179398,143
6171.375414848328,142
6171.641044378281,143
6171.844172954559,143
6172.1566796302795,144
6172.344183444977,145
6172.500435352325,146
6172.672312498093,146
6172.828565120697,147
6173.203572511673,148
6173.328573942184,148
6173.46920132637,146
6173.5629529953,146
6173.687954902649,144
6174.094212055206,144
6174.297340631485,145
6174.500469207764,141
6174.656722068787,142
6174.844225168228,142
6175.000478029251,141
6175.219231843948,142
6175.531737327576,142
6175.719240665436,142
6175.96924495697,143
6176.0786216259,144
6176.234874725342,144
6176.453628778458,145
6176.5473799705505,145
6176.688007116318,146
6176.875510692596,147
6176.969262123108,142
6177.0630140304565,143
6177.203641414642,143
6177.375519514084,143
6177.484896183014,142
6177.6098985672,140
6177.906778335571,140
6178.1880350112915,140
6178.438039302826,140
6178.672418117523,139
6178.84429526329,140
6179.031798839569,139
6179.1880514621735,140
6179.438055515289,140
6179.547432422638,141
6179.719310283661,142
6180.078691482544,143
6180.203694820404,143
6180.516199350357,143
6180.672451972961,143
6180.797454118729,144
6181.063083648682,145
6181.188086032867,145
6181.39121556282,144
6181.797471523285,143
6182.109976768494,144
6182.203729867935,144
6182.297480106354,144
6182.453733205795,145
6182.578735113144,145
6182.8443648815155,146
6182.953741788864,146
6183.125621080399,147
6183.328749656677,148
6183.4693775177,147
6183.703756093979,146
6183.8912580013275,146
6184.031885623932,147
6184.469393253326,146
6184.610020637512,147
6184.828774213791,147
6185.094403743744,148
6185.250656843185,149
6185.360033750534,149
6185.563162326813,150
6185.735040187836,151
6185.906918287277,152
6186.0631711483,152
6186.391301870346,153
6186.703806877136,153
6186.906935453415,154
6187.000687360764,154
6187.500695943832,155
6187.703824520111,155
6187.828826665878,155
6188.063205957413,156
6188.235084056854,156
6188.485088348389,156
6188.5788397789,155
6188.76634311676,154
6188.891345739365,153
6189.219475984573,154
6189.313227415085,154
6189.438230037689,155
6189.578857421875,155
6189.703859329224,155
6189.860112190247,156
6189.969488859177,156
6190.141366958618,156
6190.266369342804,157
6190.422621965408,157
6190.641375780106,158
6190.735127210617,157
6190.922630548477,158
6191.047632932663,159
6191.4851405620575,160
6191.828896522522,161
6192.063275575638,159
6192.485157966614,160
6192.625785827637,160
6192.735162258148,161
6192.844539165497,161
6193.110168933868,162
6193.250796318054,163
6193.438299655914,164
6193.610177755356,164
6193.7351796627045,165
6193.95393371582,166
6194.125811338425,166
6194.313314914703,167
6194.469567537308,168
6194.657070875168,168
6194.828948736191,169
6194.985201597214,169
6195.2977068424225,170
6195.453960180283,171
6195.719589471817,172
6195.875842094421,173
6196.157096862793,174
6196.375850915909,174
6196.703982114792,174
6196.969611167908,175
6197.141489028931,175
6197.297741889954,175
6197.438369274139,175
6197.594623327255,176
6197.766501426697,177
6197.891503334045,177
6198.1571316719055,178
6198.469637155533,178
6198.750892162323,179
6198.9227702617645,177
6199.188400030136,177
6199.407153844833,178
6199.547781229019,179
6199.672783374786,180
6199.985288619995,180
6200.31341958046,180
6200.532173633575,180
6200.735301971436,181
6200.98530626297,180
6201.125934123993,181
6201.313437223434,182
6201.563441038132,183
6201.672818183899,184
6201.84469628334,185
6201.985323429108,186
6202.125951051712,186
6202.282203912735,187
6202.500957489014,188
6202.625960111618,188
6202.969715595245,188
6203.125968694687,186
6203.360347747803,187
6203.5947265625,187
6203.782230377197,188
6203.907232046127,189
6204.15723657608,189
6204.266613483429,190
6204.516617774963,190
6204.766621828079,191
6205.282256126404,192
6205.438508749008,193
6206.157271385193,194
6206.297899007797,194
6206.438526153564,194
6206.610404253006,195
6206.860409736633,196
6206.9854118824005,195
6207.094788789749,195
6207.313541889191,193
6207.907301902771,194
6208.063554525375,192
6208.235432386398,193
6208.39168548584,193
6208.610439300537,193
6208.7666919231415,194
6208.96982049942,194
6209.15732383728,194
6209.2979509830475,194
6209.688582897186,195
6209.876086235046,195
6210.016713619232,196
6210.172966480255,196
6210.391720294952,196
6210.657349824905,197
6210.844852924347,197
6211.001105546951,198
6211.110482931137,199
6211.344861745834,200
6211.516739845276,200
6211.92903470993,199
6212.247323989868,200
6212.498428344727,200
6212.74130821228,201
6212.894572973251,201
6213.08207654953,202
6213.238329410553,203
6213.410207033157,203
6213.5977103710175,204
6214.097718715668,204
6214.269597291946,204
6214.503976106644,205
6214.800856351852,206
6214.972734212875,206
6215.12898683548,206
6215.269614934921,206
6215.644621133804,206
6215.769623041153,206
6215.972753047943,206
6216.207130908966,207
6216.613388061523,207
6216.847767114639,207
6217.082146406174,208
6217.738407611847,208
6217.910285234451,209
6218.222790956497,210
6218.410295248032,211
6218.87905216217,210
6219.207183122635,210
6219.519688606262,210
6219.660316467285,211
6220.050947904587,212
6220.238451242447,213
6220.457205057144,214
6220.629082918167,215
6220.8790872097015,216
6221.238469839096,216
6221.5509741306305,217
6221.863479614258,218
6222.113483667374,218
6222.254111528397,218
6222.566616535187,219
6222.785370588303,219
6223.035374879837,220
6223.222878217697,220
6223.3791308403015,220
6223.535383462906,221
6223.676011323929,222
6223.879139661789,223
6224.082268714905,224
6224.254146099091,225
6224.441649198532,226
6224.582277059555,225
6224.754154682159,224
6225.066660404205,224
6225.254163503647,225
6225.4572920799255,225
6225.660420656204,226
6225.801048278809,226
6226.019802093506,227
6226.160429239273,227
6226.36355805397,227
6226.738564491272,227
6226.9104425907135,228
6227.051069974899,228
6227.238573312759,229
6227.51982831955,230
6227.707331418991,230
6227.879209518433,231
6228.097963094711,231
6228.551096200943,232
6228.76985001564,233
6228.926104068756,234
6229.051104784012,234
6229.207357645035,235
6229.582364082336,236
6229.910494804382,237
6230.113623380661,238
6230.4886302948,238
6230.754259347916,239
6231.035514116287,240
6231.26989531517,241
6231.488647699356,241
6231.676150798798,241
6231.832403421402,240
6232.160533666611,237
6232.410538196564,238
6232.62929224968,238
6232.832421064377,239
6233.004298686981,240
6233.160551309586,240
6233.7543115615845,241
6234.098068237305,242
6234.348071813583,242
6234.504324913025,243
6234.707453727722,244
6234.910581827164,244
6235.160586118698,245
6235.31683921814,245
6235.519967794418,244
6235.676220417023,244
6235.863723754883,245
6236.238730192184,245
6236.410608053207,245
6236.582487821579,245
6236.785614490509,246
6237.223123550415,247
6237.457501411438,247
6237.738756656647,248
6237.910634279251,249
6238.176263809204,250
6238.332516670227,251
6238.5668959617615,252
6238.926277399063,252
6239.238782644272,246
6239.426285982132,246
6239.6294140815735,246
6239.9731702804565,247
6240.191923856735,247
6240.379427433014,248
6240.535680055618,249
6240.785684585571,249
6240.941937208176,249
6241.113815307617,249
6241.301318645477,250
6243.082599639893,251
6243.77011179924,252
6243.9576151371,253
6244.14511847496,254
6244.363872051239,254
6244.613876104355,255
6244.8013796806335,256
6244.942006826401,257
6245.207636833191,258
6245.5045166015625,259
6245.692021608353,260
6245.98890042305,260
6246.348281383514,260
6246.645162343979,261
6246.817039489746,262
6247.270172834396,263
6247.520177125931,264
6247.801432132721,265
6247.9889352321625,265
6248.145187854767,266
6248.317065954208,266
6248.6295709609985,266
6248.848325014114,267
6249.395209789276,268
6249.598338127136,269
6250.082721948624,270
6250.254599571228,271
6250.5358543396,272
6250.879610300064,273
6251.192115783691,273
6251.442120075226,274
6251.660873889923,274
6251.942130327225,275
6252.285886287689,275
6252.535889148712,275
6252.770270347595,276
6253.004647493362,277
6253.20777630806,278
6253.520281553268,279
6254.004665136337,279
6254.348421096802,279
6254.785928726196,279
6254.942181348801,280
6255.114059686661,281
6255.317189693451,282
6255.692194223404,283
6255.926573514938,283
6256.17657828331,283
6256.3797063827515,283
6256.817214012146,284
6257.035967826843,284
6257.192220687866,285
6257.426599979401,285
6257.614103078842,286
6257.910983324051,286
6258.12973690033,287
6258.410993099213,288
6258.676621675491,289
6258.848499774933,289
6259.2235062122345,289
6259.426635503769,289
6259.614138126373,290
6259.989144563675,291
6260.504778385162,292
6260.692281484604,288
6260.926660776138,289
6261.2079157829285,290
6261.426669836044,291
6261.629797935486,292
6261.864177465439,293
6262.16105723381,291
6262.395437002182,291
6262.629815340042,292
6262.786069154739,293
6263.176700353622,294
6263.457955121994,295
6263.770460605621,295
6264.0673406124115,296
6264.286094427109,296
6264.489223241806,296
6264.692351579666,297
6264.879855155945,297
6265.067358016968,297
6265.332987785339,297
6265.567367076874,297
6265.989249229431,297
6266.270504236221,298
6266.50488448143,299
6266.723636627197,298
6266.973642587662,297
6267.1767699718475,298
6267.583027124405,298
6267.848656415939,297
6268.083035707474,297
6268.301789522171,296
6268.551793813705,297
6268.78617310524,298
6269.098678350449,299
6269.317432165146,299
6269.56743645668,300
6269.770565271378,301
6269.942442893982,302
6270.192447423935,303
6270.426826715469,303
6270.645580530167,303
6270.926835298538,304
6271.098713159561,304
6271.286216497421,304
6272.114356279373,305
6272.301859378815,305
6272.520613193512,306
6272.879994153976,307
6273.098747968674,307
6273.286251783371,307
6273.505005121231,308
6273.739384651184,309
6274.09876537323,310
6274.442523956299,310
6274.6925258636475,311
6275.083157777786,311
6275.395663499832,311
6275.614417076111,311
6275.864421367645,310
6276.067551374435,311
6276.270678520203,311
6276.567558765411,311
6276.86443901062,311
6277.145693778992,312
6277.567576169968,312
6277.848830699921,313
6278.051959514618,314
6278.239462852478,315
6278.473841667175,316
6278.880098819733,316
6279.130104780197,315
6279.489484786987,311
6279.723863601685,311
6280.005118370056,311
6280.208246946335,309
6280.505127668381,310
6280.708256006241,310
6280.927011013031,310
6281.130138158798,311
6281.30201625824,311
6281.661397218704,312
6282.270783185959,312
6282.473911762238,311
6282.6457896232605,311
6283.052046537399,312
6283.364552497864,313
6283.59893155098,314
6283.89581155777,315
6284.1301918029785,315
6284.317693710327,315
6284.505197048187,315
6284.911453962326,316
6285.098957061768,316
6285.348963022232,317
6285.630216598511,318
6285.833345174789,318
6286.083349704742,319
6286.30210351944,318
6286.645859241486,318
6286.911488771439,318
6287.302120685577,319
6287.583375930786,320
6287.864630460739,321
6288.145885705948,321
6288.395890235901,321
6288.72402048111,321
6288.927149295807,321
6289.339155435562,322
6289.579786539078,323
6289.846577644348,323
6290.078589439392,324
6290.391094923019,325
6290.641099214554,326
6290.906728982925,327
6291.172358751297,328
6291.5942413806915,326
6291.81299495697,327
6292.10987496376,327
6292.484881401062,328
6292.719260692596,329
6292.984890222549,329
6293.328646183014,330
6293.547399997711,331
6293.828654766083,330
6294.453667163849,330
6294.688045024872,330
6295.172428369522,331
6295.531810760498,332
6295.734938144684,331
6296.141195058823,332
6296.375574588776,332
6296.7193303108215,333
6297.18808889389,333
6297.438093662262,334
6297.6568467617035,335
6297.875600814819,336
6298.125605106354,336
6298.469361066818,337
6298.766241073608,337
6299.016246557236,338
6299.281875371933,338
6299.531879425049,339
6299.813134670258,339
6300.063138961792,340
6300.375644683838,341
6300.625648736954,342
6301.250659227371,342
6301.594415664673,343
6301.844419717789,344
6302.11004948616,344
6302.391304016113,344
6302.641309976578,345
6303.078817367554,345
6303.297569990158,345
6303.719452619553,346
6304.0475833415985,345
6304.266336679459,345
6304.4694657325745,346
6305.125727176666,347
6305.563235998154,348
6305.844489812851,346
6306.1257445812225,347
6306.375748872757,348
6306.657003879547,349
6307.125761985779,350
6307.40701675415,350
6307.657021284103,350
6307.907025337219,350
6308.157032012939,351
6308.422659397125,352
6308.688289165497,353
6308.907042980194,353
6309.3289251327515,354
6309.625805616379,355
6309.844559431076,355
6310.172689914703,355
6310.485197544098,356
6310.7039494514465,356
6311.313334941864,356
6311.53208899498,357
6311.9227204322815,357
6312.32897901535,358
6312.594608545303,359
6312.860236644745,357
6313.141491651535,357
6313.3914959430695,358
6313.641500234604,359
6313.86025428772,359
6314.360263109207,359
6314.610267162323,360
6314.891521930695,361
6315.313404560089,362
6315.5321588516235,362
6315.938415527344,363
6316.15716958046,364
6316.469676017761,364
6316.704053640366,365
6317.219688177109,366
6317.42281627655,366
6317.704071521759,367
6318.204079866409,368
6318.750964641571,368
6319.0009689331055,369
6319.219722986221,369
6319.657230854034,369
6319.891609668732,370
6320.125988960266,370
6320.344743967056,370
6320.672873020172,371
6321.079130411148,371
6321.323883295059,372
6321.572901248932,373
6322.14953994751,374
6322.368293523788,374
6322.602672815323,374
6323.165182828903,374
6323.3995616436005,375
6323.6339411735535,376
6324.008947610855,377
6324.46208024025,378
6325.071466207504,378
6325.337095499039,379
6325.649600982666,380
6326.243361234665,381
6326.493365526199,381
6326.743370056152,382
6327.118376731873,382
6327.430881977081,382
6327.7902636528015,382
6328.290272474289,383
6328.571527004242,384
6329.0246596336365,384
6329.243413686752,384
6329.6184203624725,385
6329.884050130844,385
6330.196555614471,384
6330.477810382843,385
6330.71218919754,385
6331.009069919586,386
6331.368450641632,384
6331.634080410004,382
6331.899710178375,383
6332.368468284607,383
6332.759100198746,383
6333.040354967117,377
6333.524738073349,378
6334.024746894836,378
6334.290376901627,378
6334.556006193161,379
6334.8841371536255,379
6335.196642875671,380
6335.462272167206,381
6335.681026697159,381
6335.915405511856,381
6336.165409564972,382
6336.431040048599,383
6336.665418148041,383
6337.009174585342,384
6337.399806022644,385
6337.899814605713,386
6338.181069612503,387
6338.446699619293,387
6338.790455341339,387
6339.134211301804,387
6339.384215593338,387
6339.63422036171,388
6339.899849414825,388
6340.118603229523,388
6340.368607759476,388
6340.71236371994,389
6341.446751832962,390
6341.821758031845,391
6342.103013038635,392
6342.524895191193,392
6342.993653535843,392
6343.306158781052,393
6343.587413787842,394
6343.8842940330505,394
6344.1342985630035,395
6344.618681907654,396
6344.946812868118,396
6345.274943113327,396
6345.603074550629,397
6346.103083372116,398
6346.5405905246735,398
6346.931221961975,398
6347.290603876114,398
6347.54060792923,399
6348.024991035461,400
6348.556250572205,400
6348.80625462532,401
6349.040634393692,402
6349.415640592575,403
6349.806272268295,404
6350.025026082993,405
6350.290656328201,406
6350.759414196014,407
6351.025043487549,408
6351.29067325592,408
6351.540677785873,409
6351.837557792664,410
6352.1656885147095,411
6352.5094447135925,412
6352.790699481964,413
6353.150080680847,413
6353.446961402893,414
6353.931344032288,415
6354.2282247543335,416
6354.525104999542,417
6354.900111198425,416
6355.150115251541,417
6355.5251224040985,417
6355.8063769340515,418
6356.056381225586,419
6356.775143861771,419
6357.009523153305,419
6357.431405305862,418
6357.868912935257,418
6358.259545087814,418
6358.69705247879,419
6358.962681770325,420
6359.322063446045,421
6359.712695121765,422
6360.05645108223,422
6360.306455612183,423
6360.618960857391,424
6360.900215625763,425
6361.134594917297,425
6361.525226831436,425
6361.931483745575,425
6362.525245428085,425
6362.860484361649,426
6363.271016359329,427
6363.56603884697,428
6364.034796714783,429
6364.3047041893005,429
6364.585959434509,429
6364.851588487625,429
6365.242220163345,429
6365.507849693298,430
6366.05473446846,431
6366.3047387599945,431
6366.700092077255,431
6367.028223276138,432
6367.371979236603,433
6367.637608528137,434
6367.9501140117645,435
6368.215744018555,435
6368.512623548508,436
6368.778253793716,436
6369.043883085251,437
6369.418889760971,437
6369.6688940525055,437
6369.934524059296,437
6370.27828001976,438
6370.606410264969,436
6371.075168609619,437
6371.450175046921,437
6371.778306007385,436
6372.075186014175,429
6372.356441259384,428
6372.731447458267,428
6373.106453895569,429
6373.543961763382,429
6373.8252165317535,429
6374.137721776962,429
6374.54397892952,429
6374.825234174728,428
6375.2783670425415,429
6375.512745857239,427
6375.794000864029,426
6376.278384447098,424
6376.637765645981,424
6376.965896368027,423
6377.200275421143,421
6377.497155666351,421
6378.153417110443,422
6378.497173070908,422
6378.731552362442,422
6379.044057369232,422
6379.403439044952,423
6379.71594452858,422
6379.997199296951,422
6380.2784543037415,422
6380.544083356857,423
6380.840964078903,421
6381.090968608856,420
6381.387848138809,420
6381.700354099274,420
6381.965983629227,419
6382.575368881226,420
6382.872249364853,421
6383.122253894806,422
6383.387883424759,423
6383.637887716293,424
6384.044144630432,425
6384.309774637222,426
6384.606654405594,427
6384.934785366058,427
6385.2160403728485,428
6385.544170856476,429
6385.825425624847,430
6386.1848084926605,431
6386.559813737869,432
6386.872318983078,432
6387.153574228287,433
6387.512954950333,433
6387.82546043396,433
6388.169216394424,433
6388.5598487854,434
6388.809853076935,435
6389.091108083725,436
6389.372362852097,436
6389.762994527817,436
6390.106750249863,437
6390.450506210327,438
6390.825512886047,438
6391.294271230698,438
6391.700529575348,432
6392.07576751709,431
6392.363221168518,429
6392.608691453934,429
6392.925142765045,430
6393.3313999176025,430
6393.597029685974,429
6393.987661600113,429
6394.378293514252,430
6394.643923044205,430
6394.940803050995,430
6395.472062826157,431
6395.8158185482025,432
6396.12832403183,433
6396.42520403862,433
6396.768959760666,434
6397.0502145290375,434
6397.362720251083,434
6397.659602165222,435
6398.003356695175,432
6398.4252388477325,433
6398.73774433136,434
6399.097125530243,435
6399.487757205963,436
6399.815888404846,436
6400.112768411636,437
6400.456524372101,438
6400.95653295517,439
6401.253413438797,440
6401.550293445587,440
6401.894049167633,441
6402.175304174423,441
6402.581561326981,442
6402.9096920490265,442
6403.425326347351,443
6403.940960407257,443
6404.394093036652,443
6405.034729480743,444
6405.347234487534,445
6405.628489732742,445
6405.972245931625,445
6406.253500699997,446
6406.581630945206,446
6406.847260713577,446
6407.11289024353,447
6407.628524541855,447
6407.987905502319,447
6408.347286939621,448
6408.83167052269,447
6409.33167886734,448
6409.597308635712,448
6409.862938404083,448
6410.206694126129,448
6410.472324371338,448
6410.816080331802,449
6411.12858581543,450
6411.425465345383,451
6411.784846782684,452
6412.081727266312,453
6412.394232273102,454
6413.347373962402,455
6413.722380876541,453
6414.1286380290985,453
6414.425518274307,454
6414.722398519516,455
6415.175530672073,455
6415.488036394119,456
6415.738042116165,457
6416.128672838211,458
6416.425552606583,459
6416.863060474396,459
6417.331818580627,459
6417.644324302673,460
6418.128707647324,460
6418.644341468811,460
6418.9880974292755,461
6419.31622838974,462
6419.878738164902,461
6420.206868886948,456
6420.660001516342,457
6420.988132238388,458
6421.347513914108,459
6421.62876868248,459
6421.894399404526,458
6422.238153934479,459
6422.628786087036,460
6423.160045623779,461
6423.472551107407,462
6423.878807783127,462
6424.23818898201,462
6424.550694465637,462
6424.956951618195,463
6425.238206624985,464
6425.660089015961,464
6425.988219738007,465
6426.3163504600525,466
6426.628855705261,467
6427.081988573074,467
6427.410119533539,468
6427.863252162933,468
6428.269509315491,469
6428.675767660141,470
6429.31640291214,470
6429.628908395767,471
6429.925788164139,471
6430.253918886185,472
6430.597675085068,472
6430.878930091858,472
6431.285187005997,473
6431.55081653595,473
6431.878947496414,473
6432.175827741623,474
6432.535208940506,475
6432.878965139389,475
6433.269596338272,475
6433.6602284908295,475
6433.941483259201,476
6434.22273850441,477
6434.5508687496185,477
6434.910250902176,478
6435.207130432129,477
6435.550887823105,478
6435.847766876221,478
6436.207147836685,479
6436.55090379715,479
6436.879034757614,479
6437.2071652412415,480
6437.5509214401245,480
6437.9728038311005,481
6438.269684076309,482
6438.597815752029,483
6439.316576957703,483
6439.691583633423,483
6440.035339832306,484
6440.347845315933,485
6440.738476753235,486
6441.472865104675,487
6441.879121541977,488
6442.363505125046,488
6442.676010847092,488
6442.9885160923,489
6443.316647052765,490
6443.754154682159,491
6444.05103468895,491
6444.3791654109955,492
6444.832298278809,493
6445.363557338715,491
6445.691688299179,491
6446.082320213318,492
6446.394825458527,493
6446.785457372665,492
6447.160463809967,492
6447.535470485687,493
6447.972978115082,490
6448.410485982895,491
6448.6917407512665,491
6449.051121711731,492
6449.441753864288,493
6449.7386338710785,493
6450.144890785217,493
6450.613648891449,493
6450.957405090332,494
6451.332411527634,494
6451.676167726517,493
6452.363679409027,494
6452.644934415817,495
6452.973065376282,495
6453.301195859909,496
6453.613701343536,495
6454.019958257675,491
6454.44184088707,491
6454.754346370697,492
6455.129353046417,492
6455.441858530045,493
6455.769988775253,494
6456.098119735718,492
6456.535627603531,493
6456.9262590408325,490
6457.270015001297,490
6457.738773345947,490
6458.238782167435,490
6458.582537889481,491
6458.957544326782,491
6459.395052433014,486
6459.676307439804,484
6460.270067930222,485
6460.660699605942,486
6461.1450827121735,486
6461.473215341568,486
6461.816969871521,483
6462.160725593567,483
6462.4419803619385,484
6462.754487276077,484
6463.09824180603,485
6463.457622766495,485
6463.817004442215,485
6464.176385641098,485
6464.629518508911,485
6465.020150184631,486
6465.317030668259,479
6465.738912820816,479
6466.082668542862,480
6466.598303079605,480
6466.879558086395,480
6467.176437854767,480
6467.5358192920685,480
6467.863949775696,481
6468.379584312439,481
6468.660838842392,481
6468.973344564438,481
6469.257096529007,482
6469.5672698020935,482
6469.843459844589,482
6470.337213516235,482
6470.774720907211,482
6471.102852344513,482
6471.384107351303,482
6471.759113550186,483
6472.196620941162,484
6472.602877855301,484
6472.8685076236725,484
6473.321640491486,485
6473.806023836136,485
6474.22790646553,486
6474.540411949158,487
6474.837291717529,487
6475.181048154831,488
6475.837309360504,488
6476.18106675148,488
6476.524821281433,489
6477.009204864502,489
6477.509213685989,489
6477.837344408035,489
6478.149849891663,490
6478.509231328964,490
6478.837361812592,491
6479.165492773056,492
6479.587374925613,493
6479.915505647659,493
6480.228011369705,493
6480.712394237518,494
6481.07177567482,494
6481.44678235054,495
6481.7749128341675,495
6482.087418317795,495
6482.368673324585,495
6482.743679761887,496
6483.056185007095,497
6483.353065729141,498
6483.712446689606,499
6484.040577888489,500
6484.353082895279,501
6484.712464094162,501
6485.087470531464,502
6485.618730068207,502
6486.118738651276,502
6486.46249461174,503
6487.009379386902,503
6487.368760347366,503
6487.759392499924,503
6488.29065155983,504
6488.6656584739685,504
6489.056289672852,504
6489.43129658699,504
6489.728177309036,505
6490.056307554245,505
6490.400063276291,506
6491.071950435638,506
6491.5407083034515,507
6491.853214025497,508
6492.165719270706,508
6492.478224992752,508
6492.790730237961,509
6493.118860721588,510
6493.68137049675,511
6494.118878126144,511
6494.4938859939575,512
6494.931393623352,513
6495.3376495838165,514
6496.18141412735,515
6496.5095455646515,515
6496.915802001953,516
6497.290808916092,516
6497.665815591812,516
6498.228325128555,517
6498.712708234787,518
6499.0408391952515,519
6499.868978738785,519
6500.556490421295,519
6500.868996143341,519
6501.383241176605,520
6501.705313920975,521
6502.115474224091,522
6502.404744148254,522
6502.7172498703,522
6503.123507022858,523
6503.701642513275,523
6504.014147520065,522
6504.357903718948,522
6504.71728515625,522
6505.061040639877,523
6505.451672792435,523
6505.826678991318,524
6506.170435428619,524
6506.561066627502,525
6507.4204568862915,526
6507.811088562012,527
6508.170470237732,528
6508.514226198196,528
6509.061110258102,529
6509.357990980148,530
6509.93612575531,530
6510.311132192612,531
6510.670513629913,532
6511.029895067215,533
6511.389276504517,534
6511.764282941818,534
6512.233040809631,535
6512.7174243927,536
6513.061180591583,537
6513.436186552048,538
6513.795568227768,538
6514.420578956604,539
6514.967463493347,540
6515.3580956459045,541
6515.873729228973,541
6516.217485189438,542
6516.639367818832,542
6517.108125925064,542
6517.576884031296,543
6517.936265230179,544
6518.264395952225,544
6518.639402389526,543
6519.045659542084,544
6519.530042886734,545
6520.592562675476,546
6520.951942920685,547
6521.295698881149,548
6521.87383389473,548
6522.561346054077,549
6522.967602968216,550
6523.451986312866,550
6523.842618465424,551
6524.733258962631,552
6525.264518499374,552
6525.670774936676,553
6526.045781850815,553
6526.373912572861,553
6527.06142449379,554
6527.389555454254,554
6527.717685699463,554
6528.202069759369,555
6528.545825481415,555
6529.233337402344,556
6529.827097892761,557
6530.358356952667,558
6530.920866727829,558
6531.342749118805,559
6531.749006032944,560
6532.077136993408,561
6532.436518669128,561
6532.811524629593,562
6533.577162981033,562
6534.077172040939,563
6534.686557531357,563
6535.264693498611,563
6535.60844874382,563
6535.967829704285,563
6536.6084661483765,564
6537.124099969864,565
6537.54598236084,566
6537.93661403656,564
6538.342870950699,565
6538.702252626419,565
6539.061633825302,565
6539.436640262604,565
6539.889773130417,565
6540.32728099823,566
6540.827289581299,566
6541.171045303345,566
6541.608553171158,567
6541.967934131622,568
6542.327316045761,568
6542.952326536179,569
6543.671089172363,569
6544.046095609665,569
6544.405476808548,570
6545.296117544174,570
6545.717999696732,571
6546.233633995056,571
6546.593014717102,571
6547.077398777008,572
6547.499280691147,572
6547.92116355896,573
6548.405546665192,573
6548.81180357933,573
6549.264936923981,574
6549.889947652817,575
6550.389956951141,576
6550.749337673187,575
6551.202470541,576
6551.561851739883,576
6551.936858177185,576
6552.514994621277,577
6552.968126296997,577
6553.374383687973,578
6553.796266078949,579
6554.265024185181,580
6554.85878443718,580
6555.82755112648,580
6556.202558517456,581
6556.733817577362,582
6557.186950445175,583
6558.171342849731,583
6558.686975955963,584
6559.265111207962,584
6559.686993360519,584
6560.15575170517,584
6560.593259334564,584
6560.968265771866,584
6561.374522924423,584
6561.749529361725,585
6562.155786275864,585
6562.687045812607,586
6563.108928203583,587
6563.671439886093,588
6564.077695131302,589
6564.4370765686035,589
6564.9527106285095,590
6565.4995946884155,590
6565.937103509903,591
6566.31210899353,591
6566.937119960785,591
6567.343377113342,592
6567.7340092659,593
6568.218392372131,594
6568.577774763107,594
6569.124657869339,595
6569.484039068222,594
6569.874670982361,594
6570.562183141708,595
6570.999690771103,596
6571.562200546265,596
6571.952832698822,597
6572.345935344696,598
6572.908728122711,599
6573.346235275269,599
6573.799368619919,599
6574.205625772476,597
6574.893137693405,598
6575.283769369125,599
6575.8306539058685,600
6576.190035104752,600
6576.59629201889,600
6577.033800125122,601
6577.393181324005,602
6577.893190145493,603
6578.393198728561,603
6578.89320731163,604
6579.5338435173035,604
6580.0651025772095,605
6580.53386092186,606
6581.111996173859,607
6581.705756664276,607
6582.096388101578,608
6582.455771207809,609
6583.377660512924,610
6583.8620438575745,611
6584.237050533295,611
6584.6120574474335,612
6585.065189838409,613
6585.471446990967,613
6586.01833152771,613
6586.471464633942,612
6586.86209654808,612
6587.299604177475,613
6587.705861330032,613
6588.112118244171,614
6588.502749681473,611
6588.940257549286,612
6589.346514701843,613
6590.174654245377,613
6590.5965366363525,612
6591.034044265747,613
6591.58092880249,613
6592.0496871471405,613
6592.424693584442,613
6592.846576690674,614
6593.440336227417,615
6593.924721479416,614
6594.299726009369,613
6594.768484354019,614
6595.377869844437,614
6595.956004858017,614
6596.409137964249,615
6596.909146785736,616
6597.299778461456,616
6597.659159660339,617
6598.315421104431,617
6598.768554210663,618
6599.143560409546,617
6599.706070423126,618
6600.143578052521,619
6600.83108997345,619
6601.22172164917,619
6601.799857139587,620
6602.284240484238,620
6602.721747875214,620
6603.174880981445,618
6603.674889802933,617
6604.47177863121,618
6604.956161975861,611
6605.393669605255,612
6605.768676042557,611
6606.143682718277,608
6606.5968153476715,608
6607.06557393074,609
6607.6124584674835,610
6608.081216573715,611
6608.53434920311,611
6608.924981355667,610
6609.284362316132,609
6609.706244945526,596
6610.253129243851,596
6610.75313782692,596
6611.331274032593,596
6611.800032615662,597
6612.253164052963,595
6612.753172636032,596
6613.221930980682,596
6613.675064086914,596
6614.550079584122,576
6614.940711021423,576
6615.315717697144,571
6616.237608909607,565
6616.596989870071,564
6616.987621545792,562
6617.37825345993,563
6618.034514904022,562
6618.440771818161,562
6618.972031116486,562
6619.487665653229,560
6619.909547567368,560
6620.362680912018,561
6620.815813779831,559
6621.206445455551,559
6621.565826654434,559
6621.940833330154,559
6622.331465244293,560
6623.003351449966,561
6623.503360509872,561
6623.925243139267,561
6624.284624099731,561
6624.690881252289,562
6625.112763643265,563
6625.550271511078,564
6625.9252779483795,563
6626.284658908844,563
6626.675290822983,563
6627.050297498703,560
6627.47217965126,560
6627.847186088562,560
6628.378445386887,560
6628.753452062607,561
6629.175334692001,561
6629.519090414047,562
6629.97222328186,563
6630.315979242325,564
6630.644111871719,563
6631.019116640091,564
6631.628502368927,565
6632.019134283066,566
6632.5035173892975,559
6632.862898826599,559
6633.362907648087,549
6633.753539323807,548
6634.11292052269,549
6634.503552913666,550
6635.1910655498505,550
6635.612948417664,551
6636.097331762314,551
6636.81609416008,546
6637.191100597382,546
6637.7692358493805,547
6638.222368717194,548
6638.65987610817,548
6639.5036408901215,549
6639.941148996353,549
6640.3786561489105,550
6640.941166162491,546
6641.347423315048,544
6642.003684520721,545
6642.394316673279,545
6642.847449302673,546
6643.175580501556,546
6643.534961700439,542
6643.956844329834,534
6644.363101243973,529
6644.847484111786,529
6645.284991979599,530
6645.659998178482,531
6646.097506046295,532
6646.44126200676,532
6646.785019636154,532
6647.2225253582,533
6647.753784894943,534
6648.269418954849,534
6648.613174915314,535
6649.0038068294525,534
6649.447259187698,534
6649.934696674347,533
6650.263918876648,534
6650.592049121857,533
6651.373312711716,534
6651.779569864273,534
6652.123325824738,534
6652.467082023621,533
6653.15459394455,534
6653.763979434967,534
6654.3577399253845,534
6654.967125415802,534
6655.3890080451965,535
6655.857766151428,536
6656.31089925766,536
6657.123413324356,537
6657.545296669006,537
6657.998428344727,537
6658.404685258865,537
6658.951570272446,536
6659.357826948166,536
6659.68595790863,536
6660.060964345932,537
6660.420345544815,536
6660.96722984314,536
6661.545365571976,536
6661.889121294022,536
6662.264127731323,537
6662.732886314392,537
6663.264145374298,537
6664.357914447784,537
6664.717295885086,537
6665.076677083969,537
6665.5766859054565,538
6666.217321634293,539
6666.545452594757,539
6667.029835700989,540
6667.467343568802,540
6667.936101675034,540
6668.279857635498,541
6668.717365503311,542
6669.654881477356,538
6670.014262914658,539
6670.373644590378,540
6670.748650789261,507
6671.24865937233,498
6671.842420578003,499
6672.249669313431,497
6672.588119029999,497
6672.906710624695,498
6673.375468254089,498
6673.6720860004425,498
6673.960115909576,492
6674.3038721084595,491
6674.725754261017,492
6675.14763712883,492
6675.475767374039,493
6675.819523334503,493
6676.117001533508,493
6676.413881778717,493
6676.7732627391815,494
6677.070142745972,494
6677.38264799118,493
6677.663902997971,494
6678.195162296295,495
6678.61704492569,496
6678.976425886154,493
6679.257680892944,494
6679.757689476013,490
6680.195197105408,491
6680.507702589035,492
6680.898334503174,493
6681.3106570243835,493
6681.670629739761,494
6682.138906002045,494
6682.529537439346,495
6682.826417684555,496
6683.232675075531,497
6683.529554843903,498
6683.826435089111,498
6684.263943195343,498
6684.607698917389,494
6684.920204639435,494
6685.232709884644,495
6685.623342514038,495
6686.107725143433,496
6686.4514808654785,497
6686.920241117477,498
6687.342121601105,498
6687.685877323151,499
6687.982757806778,499
6688.607768774033,500
6688.998400211334,498
6689.420282840729,495
6689.81091427803,488
6690.264047622681,484
6690.623428583145,479
6691.123437643051,480
6691.498444080353,471
6691.842199802399,464
6692.279707431793,454
6692.826591968536,455
6693.295350551605,456
6693.748484373093,457
6694.154740333557,458
6694.498496055603,459
6694.764126300812,459
6695.0766315460205,460
6695.639141321182,461
6695.936021566391,461
6696.404779434204,462
6696.670409202576,463
6696.951664447784,463
6697.264169454575,463
6697.592299938202,464
6698.076683759689,464
6698.576692581177,465
6698.857947587967,466
6699.186077833176,466
6699.482958316803,466
6699.857964992523,467
6700.295472383499,468
6700.920483589172,469
6701.420492649078,470
6701.764248132706,469
6702.279882192612,470
6702.576762199402,470
6702.858017206192,471
6703.279900312424,471
6703.92053604126,472
6704.217415571213,472
6704.733049869537,473
6705.061180114746,473
6705.498687982559,474
6705.889319896698,475
6706.373703718185,475
6706.73308467865,476
6707.0299644470215,476
6707.420596837997,476
6707.717476606369,477
6708.123733997345,478
6708.467489719391,478
6708.936248064041,478
6709.311254262924,479
6709.8737642765045,479
6710.155019283295,479
6710.467524766922,480
6710.858157157898,479
6711.155036687851,479
6711.4362914562225,479
6711.764422416687,479
6712.155054092407,480
6712.451934337616,480
6712.795690536499,481
6713.295699119568,482
6713.670705795288,483
6714.15508890152,484
6714.733224153519,485
6715.342610120773,485
6715.733241558075,485
6716.092622518539,486
6716.4207537174225,487
6716.733258962631,487
6717.295768737793,487
6717.592648983002,487
6717.967655420303,487
6718.280160665512,486
6718.748919010162,486
6719.1864268779755,487
6719.561433315277,486
6720.0770671367645,487
6720.733328819275,488
6721.108335494995,488
6721.5927193164825,489
6721.905224084854,489
6722.405232906342,490
6722.748990058899,491
6723.123995304108,492
6723.436500787735,493
6723.717755794525,493
6724.014636039734,493
6724.452143907547,494
6724.8115248680115,494
6725.3115339279175,495
6725.624039411545,495
6726.311552286148,496
6726.63968205452,497
6726.967812538147,498
6727.358444452286,498
6727.702200651169,499
6727.99908041954,500
6728.342836380005,500
6728.795970439911,501
6729.1084768772125,501
6729.530358791351,501
6729.952240943909,502
6730.577251911163,502
6731.077260732651,502
6731.483517408371,503
6731.874148607254,504
6732.202280521393,505
6732.51478600502,504
6732.8585414886475,505
6733.264798402786,505
6733.608554124832,506
6733.9366846084595,507
6734.280441045761,507
6734.733573675156,507
6735.061703920364,508
6735.405460357666,508
6735.858593225479,508
6736.280476093292,508
6736.624231100082,509
6737.186740398407,510
6737.483621120453,511
6738.1086320877075,512
6738.421139240265,513
6738.8117690086365,514
6739.296152830124,515
6739.796161413193,516
6740.233669042587,516
6740.561799526215,515
6740.983682155609,515
6741.311812639236,516
6741.702444553375,517
6742.218080282211,516
6742.655586004257,517
6743.014967441559,518
6743.577477693558,519
6744.093111038208,519
6744.54624414444,519
6744.874374866486,520
6745.327507734299,521
6745.952518701553,522
6746.546279191971,523
6746.921285867691,524
6747.233790874481,525
6747.671298503876,526
6747.9681787490845,525
6748.39006114006,523
6748.780692815781,523
6749.140074253082,524
6749.983839273453,524
6750.421346902847,525
6750.811978340149,525
6751.140109300613,525
6751.577616691589,526
6751.890122175217,526
6752.244705438614,527
6752.584157943726,528
6753.0969026088715,528
6753.518785238266,528
6754.034419298172,528
6754.706305980682,528
6755.050061702728,529
6755.4406933784485,530
6755.800075054169,529
6756.2844581604,530
6756.706340551376,531
6757.034471511841,531
6757.44072842598,532
6757.878235816956,532
6758.268867969513,530
6758.737626075745,531
6759.0501317977905,532
6759.440763235092,533
6759.815769910812,534
6760.425155878067,534
6760.7845368385315,533
6761.190793991089,534
6761.534549951553,534
6762.159560918808,534
6762.534567117691,535
6763.268955230713,536
6763.643961906433,536
6763.97209239006,536
6764.612728834152,537
6764.956484794617,537
6765.331491470337,538
6765.706498146057,538
6766.050255060196,538
6766.45651102066,538
6766.769016504288,538
6767.112772226334,538
6767.550281047821,539
6767.940911531448,540
6768.31591796875,540
6768.800301790237,540
6769.2534346580505,541
6769.644066572189,541
6770.222201347351,542
6770.800336837769,542
6771.347222566605,543
6771.769103527069,543
6772.253486871719,544
6772.59724354744,544
6773.0660009384155,545
6773.612885713577,546
6774.019142627716,547
6774.3785235881805,548
6774.7847809791565,549
6775.191037893295,549
6775.581670045853,550
6775.941051244736,550
6776.45668554306,551
6776.862943410873,551
6777.300450086594,552
6778.0504631996155,552
6778.441094636917,552
6778.862977266312,553
6779.206733226776,553
6779.644240856171,554
6780.347378253937,555
6780.769260883331,556
6781.206768274307,557
6781.847404241562,558
6782.206785440445,558
6782.613042831421,559
6782.941173315048,559
6783.30055475235,559
6783.722436904907,560
6784.081818342209,561
6784.472450017929,561
6784.925582885742,562
6785.378715753555,563
6785.816224575043,564
6786.19123005867,565
6786.7068655490875,565
6787.222497701645,566
6787.738132238388,567
6788.472519636154,567
6788.816275596619,567
6789.300659418106,567
6789.660040616989,567
6790.410053253174,567
6790.878811597824,567
6791.222567558289,568
6791.753827095032,568
6792.1444590091705,568
6792.535090446472,568
6793.003848791122,568
6793.347604751587,568
6793.785112380981,569
6794.191369533539,569
6794.644502878189,570
6794.988258600235,570
6795.457016468048,570
6795.972650527954,570
6796.550785541534,571
6797.0039184093475,572
6797.410175561905,572
6797.7695569992065,573
6798.191439628601,574
6798.70707321167,575
6799.332084178925,576
6799.847718238831,577
6800.4414784908295,577
6800.863361120224,577
6801.644624710083,578
6802.066506624222,579
6802.5196397304535,579
6803.160275697708,580
6803.785286664963,580
6804.363423109055,580
6804.847806930542,581
6805.254062414169,582
6805.941574335098,582
6806.519709587097,583
6806.9259667396545,583
6807.316598892212,584
6807.754105806351,584
6808.207238912582,584
6808.597870826721,584
6808.98850274086,584
6809.519761800766,584
6810.066646337509,585
6810.488528966904,585
6810.972912073135,586
6811.363543987274,587
6812.035430669785,588
6812.660441398621,589
6813.363578796387,589
6813.754210472107,590
6814.1917181015015,590
6814.644851446152,590
6815.0511083602905,590
6815.488616228104,590
6815.894873142242,591
6816.3011302948,591
6816.660511493683,591
6817.082395076752,592
6817.5667769908905,593
6818.207413434982,593
6818.863674879074,593
6819.223056077957,593
6819.707439661026,593
6820.1449472904205,594
6820.613705635071,594
6821.254341363907,595
6821.754350423813,596
6822.207483291626,596
6822.863744735718,597
6823.223125696182,598
6823.70750951767,599
6824.348145484924,600
6824.754402399063,601
6825.426289558411,601
6825.988798856735,601
6826.58255982399,601
6827.00444149971,601
6827.613827228546,601
6828.129461288452,602
6828.660720348358,599
6829.20760512352,599
6829.625071763992,600
6830.311005115509,601
6830.951641559601,602
6831.639154911041,603
6832.10791182518,604
6832.748547792435,605
6833.373558998108,605
6833.748566627502,605
6834.311074972153,606
6835.014212369919,606
6835.514220952988,606
6835.8892278671265,606
6836.264234304428,606
6836.73299241066,607
6837.2017505168915,608
6837.967388868332,609
6838.467398643494,609
6838.873654842377,610
6839.248661279678,611
6839.842421531677,611
6840.295554637909,612
6841.63932800293,613
6842.014334440231,613
6842.3893411159515,613
6842.764347553253,614
6843.139354467392,614
6843.561236143112,615
6843.95186829567,616
6844.5456285476685,616
6845.123763561249,617
6845.514395713806,618
6845.889402389526,619
6846.561288833618,620
6846.93629527092,620
6847.4988050460815,621
6847.983190059662,622
6848.373820066452,622
6848.811328172684,622
6849.420713663101,623
6849.826970815659,623
6850.40510559082,623
6850.983242273331,624
6851.7176287174225,624
6852.123887300491,625
6852.748896598816,626
6853.233280181885,627
6853.733289003372,628
6854.34267449379,628
6854.7333064079285,629
6855.20206451416,630
6855.577071428299,631
6856.092705488205,632
6856.514587402344,632
6856.920844554901,633
6857.483354330063,634
6858.280242919922,635
6858.686500072479,635
6859.3896379470825,636
6859.92089676857,637
6860.43653178215,637
6860.827162504196,637
6861.582175016403,638
6862.088659763336,639
6862.787117242813,640
6863.568380832672,640
6864.005888223648,641
6864.474646806717,641
6864.912154436111,641
6865.349661827087,640
6866.005923509598,640
6866.568434476852,641
6867.068442106247,641
6867.537200212479,642
6868.396590232849,643
6868.8028473854065,643
6869.193480491638,644
6869.5997359752655,644
6870.193496465683,644
6870.6310040950775,645
6871.0528864860535,646
6871.615396261215,646
6872.115405082703,647
6872.756041049957,648
6873.193548679352,649
6873.6466817855835,649
6874.068563938141,650
6874.537322282791,650
6874.959204912186,650
6875.412337303162,651
6875.912346124649,652
6876.552982807159,653
6876.974864721298,653
6877.427997589111,654
6877.818629741669,654
6878.224886894226,654
6878.662394285202,655
6879.084276676178,655
6879.584285736084,655
6880.068668842316,656
6880.59992814064,657
6881.131187200546,658
6881.599945783615,658
6882.06870508194,659
6882.6312136650085,660
6883.053096294403,661
6883.771858692169,662
6884.178115606308,662
6884.709374904633,663
6885.1312572956085,662
6885.537514209747,661
6886.021898031235,662
6886.553157091141,662
6886.990664720535,661
6887.740678071976,662
6888.19381070137,663
6889.0844514369965,664
6889.693837404251,665
6890.209472417831,665
6890.771981954575,665
6891.193864107132,663
6891.725123643875,663
6892.303258895874,660
6892.959521770477,660
6893.428279399872,661
6893.912661790848,662
6894.3657948970795,662
6894.772051811218,662
6895.443938493729,661
6896.037698507309,660
6896.443955659866,660
6896.850212812424,661
6897.537724971771,662
6897.94398355484,662
6898.50649189949,661
6899.350256681442,661
6900.006518125534,662
6900.553402662277,663
6901.115912437439,664
6901.553421497345,665
6902.319058179855,666
6902.787816524506,667
6903.194073915482,668
6903.631581068039,668
6904.131590127945,668
6904.584722995758,668
6905.037855625153,668
6906.147250175476,669
6906.834762334824,670
6907.2878947258,670
6907.725402593613,671
6908.334788322449,672
6908.975424528122,672
6909.444182872772,673
6909.9441912174225,674
6910.491075754166,674
6910.991084814072,674
6911.444217443466,674
6911.866100072861,675
6912.381734609604,676
6912.928618431091,677
6913.538003921509,677
6914.2567665576935,678
6914.913028240204,678
6915.366161108017,679
6915.834919214249,677
6916.256801366806,678
6916.694308996201,678
6917.163067102432,677
6917.6162004470825,676
6918.084958553314,675
6918.725594520569,673
6919.209978342056,674
6919.709986925125,675
6920.16311955452,675
6920.631877660751,676
6921.13188624382,676
6921.6006445884705,677
6922.022527456284,678
6922.725664138794,678
6923.319424390793,679
6923.9444353580475,679
6924.428819179535,680
6924.928827524185,681
6925.600714683533,681
6926.22572517395,682
6926.647607803345,682
6927.053864955902,682
6927.850753545761,682
6928.42888879776,682
6928.991398572922,683
6929.913289785385,681
6930.382047653198,681
6930.866431236267,682
6931.335189580917,683
6931.944576025009,684
6932.431012392044,684
6932.86984205246,684
6933.29172372818,684
6934.041736602783,684
6934.479244232178,684
6935.088631629944,685
6935.5417630672455,686
6936.1667737960815,686
6936.807410240173,686
6937.604299068451,687
6938.151183605194,686
6938.6511924266815,686
6939.213702201843,686
6939.744961500168,686
6940.244970321655,686
6941.1668610572815,680
6941.604370355606,681
6942.026251316071,680
6942.463758945465,679
6943.19814658165,679
6943.6981549263,680
6944.2450404167175,677
6944.7137978076935,678
6945.2138068675995,678
6945.713815450668,679
6946.276325464249,678
6946.713832855225,678
6947.135715007782,678
6947.5732226371765,679
6948.010730266571,680
6948.6044907569885,680
6949.104499340057,680
6949.713885068893,681
6950.229518890381,682
6950.651401758194,682
6951.135784626007,683
6951.838922262192,684
6952.792063713074,684
6953.3545734882355,685
6953.995209932327,686
6954.510845184326,687
6954.995227098465,687
6955.432735204697,688
6955.854617118835,688
6956.29212474823,688
6956.729632616043,688
6957.151515245438,688
6957.823401689529,689
6958.339035749435,690
6958.839044332504,690
6959.3703055381775,690
6959.807811021805,690
6960.292194604874,691
6960.90158033371,691
6961.651593446732,689
6962.151602506638,690
6962.635986328125,691
6963.167244672775,692
6963.6828789711,693
6964.214138031006,694
6964.682896375656,695
6965.1047785282135,695
6965.604787111282,696
6966.136046409607,697
6966.636054992676,698
6967.182940006256,699
6967.714199066162,700
6968.182957410812,701
6968.667340517044,701
6969.136098861694,701
6969.573606491089,701
6970.2142424583435,699
6970.698626041412,700
6971.386137962341,701
6971.87052154541,702
6972.339281082153,703
6972.933040380478,703
6973.386173009872,703
6973.870556354523,704
6974.417440652847,704
6974.870573997498,703
6975.479959487915,704
6975.995594024658,703
6976.620604753494,703
6977.089362859726,704
6977.558120727539,704
6978.151880979538,705
6978.651892185211,705
6979.183149337769,705
6979.605031251907,706
6980.105039834976,706
6980.683176994324,707
6981.269544363022,708
6981.729511260986,708
6982.301254272461,709
6982.874941110611,709
6983.390574932098,710
6983.999961853027,711
6984.484343767166,711
6985.015603542328,712
6985.690594911575,712
6986.2218542099,713
6986.737488269806,713
6987.440625429153,714
6987.956259250641,713
6988.456268548965,713
6988.940651416779,713
6989.378159046173,714
6989.846917152405,714
6990.518804550171,714
6991.003187417984,715
6991.628198385239,716
6992.362586259842,716
6992.800093889236,717
6993.23760175705,718
6993.753235340118,718
6994.22199344635,719
6994.675126552582,720
6995.159510374069,720
6995.643893957138,721
6996.2220287323,721
6996.675162792206,721
6997.159546136856,721
6997.737680435181,722
6998.237688541412,722
6998.7845730781555,723
6999.472086429596,723
6999.940843343735,723
7000.393976449966,718
7000.878359556198,718
7001.362743377686,719
7001.956503629684,720
7002.894020318985,720
7003.456529855728,720
7003.987789154053,720
7004.565924167633,721
7005.050307512283,721
7005.534691095352,722
7006.1128261089325,722
7006.675335884094,723
7007.190969705582,724
7007.690978527069,724
7008.222237586975,725
7008.894124507904,726
7010.128525495529,725
7010.75830078125,726
7011.539565563202,727
7012.086448907852,728
7012.727084636688,729
7013.180218219757,730
7013.7114770412445,731
7014.336488008499,732
7014.992749214172,732
7015.508383274078,733
7016.195894956589,733
7016.727154254913,733
7017.180287361145,733
7017.8052983284,734
7018.274056434631,735
7018.914692640305,736
7019.399075984955,736
7020.0397119522095,737
7020.524095773697,736
7021.055354833603,737
7021.649115562439,738
7022.164749383926,739
7022.8210105896,739
7023.321019411087,740
7024.180409669876,741
7024.883546590805,742
7025.33668088913,742
7025.836688280106,743
7026.305446386337,743
7026.977333307266,743
7027.508592605591,744
7028.00860118866,741
7028.539860486984,742
7029.1023716926575,743
7029.774257183075,743
7030.336766958237,744
7030.89927649498,744
7031.38365983963,745
7031.914919137955,745
7032.368052244186,745
7032.930562019348,746
7033.821202754974,746
7034.2899606227875,747
7034.852470636368,746
7035.305603504181,747
7035.8368628025055,747
7036.47749876976,748
7037.149386167526,749
7037.743146181107,750
7038.211904287338,751
7038.946291923523,750
7039.430675983429,751
7039.977559804916,751
7040.540069580078,752
7041.040078401566,752
7041.510252952576,752
7042.016060829163,753
7042.546992301941,754
7043.03137588501,755
7043.7501385211945,756
7044.265773534775,757
7044.890783548355,758
7045.4064173698425,759
7045.984552145004,760
7046.578312635422,760
7047.109572887421,760
7047.625206232071,761
7048.1408405303955,762
7048.625223636627,761
7049.234609127045,762
7049.781493663788,759
7050.375254154205,757
7050.844012260437,757
7051.422147274017,748
7051.9690318107605,748
7052.4690408706665,747
7052.953424215317,748
7053.562809944153,748
7054.125319480896,748
7054.625328063965,749
7055.140962123871,750
7055.8597247600555,751
7056.453485012054,752
7057.172247171402,753
7057.687881469727,753
7058.3597683906555,754
7058.906653165817,755
7059.562914609909,755
7060.078548192978,756
7060.5941824913025,756
7061.156692266464,756
7061.891080856323,756
7062.391088724136,756
7062.922347784042,756
7063.516108036041,756
7064.047367334366,757
7064.703629255295,758
7065.2817640304565,759
7065.7661485672,760
7066.328657150269,752
7066.813040733337,752
7067.609929561615,746
7068.109938144684,744
7068.766199827194,745
7069.250582933426,746
7069.719341516495,746
7070.234975337982,742
7070.828735589981,737
7071.469371557236,738
7072.031881570816,733
7072.641267299652,731
7073.219402551651,730
7073.750661373138,731
7074.297545909882,732
7074.79755449295,732
7075.360064506531,733
7075.906949043274,734
7076.625711679459,735
7077.250722646713,736
7077.719480752945,736
7078.235114574432,736
7078.71950006485,736
7079.266382217407,737
7079.78201675415,737
7080.250774860382,737
7080.860160589218,738
7081.344543933868,739
7081.891428232193,740
7082.360186815262,741
7082.985197544098,742
7083.672709465027,742
7084.422722578049,741
7084.92273235321,742
7085.5946180820465,743
7086.125877380371,744
7086.688388347626,745
7087.204020738602,745
7087.719655275345,745
7088.1884133815765,745
7088.657171487808,745
7089.250931739807,746
7089.750940322876,746
7090.375951290131,745
7090.938461065292,744
7091.407219409943,744
7091.922853469849,744
7092.5322387218475,745
7093.0322477817535,744
7093.516631126404,744
7094.079140901566,745
7094.594774961472,746
7095.126034498215,747
7095.672919988632,748
7096.297929525375,748
7096.954190731049,748
7097.626079320908,749
7098.157337188721,750
7098.672971010208,751
7099.157354831696,751
7099.860491514206,751
7100.485502481461,752
7101.048012495041,753
7101.751150131226,753
7102.3449103832245,753
7103.110548257828,754
7103.9230625629425,754
7104.407446146011,754
7105.016831636429,755
7105.516840457916,755
7106.048099517822,756
7106.54810833931,757
7107.157494068146,758
7107.657502889633,759
7108.141886234283,759
7108.704396009445,758
7109.298156499863,759
7109.876291513443,760
7110.4700520038605,761
7110.985685825348,761
7111.720073699951,762
7112.214969873428,763
7112.7740614414215,762
7113.268317699432,762
7113.815201759338,763
7114.862095594406,764
7115.502731323242,765
7116.127742290497,764
7116.64337682724,764
7117.299637794495,764
7117.8621480464935,764
7118.424657344818,764
7118.98716711998,764
7119.580928564072,765
7120.252814054489,765
7120.830949306488,764
7121.409084320068,764
7121.971595287323,765
7122.487228155136,766
7123.034112691879,765
7123.596622228622,766
7124.127881765366,767
7124.65914106369,768
7125.127899169922,768
7125.627907752991,768
7126.17479300499,768
7126.846679210663,763
7127.331062793732,762
7127.831071853638,763
7128.409206628799,764
7128.877964496613,764
7129.518602371216,765
7130.002984523773,765
7130.549869060516,766
7131.096754312515,767
7131.659262895584,768
7132.15927195549,765
7132.659280538559,766
7133.174914598465,767
7133.659297943115,767
7134.1280562877655,766
7134.737442016602,761
7135.221825361252,761
7135.6905834674835,761
7136.159341573715,761
7136.643725156784,762
7137.471864461899,756
7137.956248044968,757
7138.425006389618,757
7139.050018548965,758
7139.878156423569,758
7140.409415721893,758
7140.878173828125,757
7141.378182649612,756
7141.925067186356,753
7142.409450531006,753
7143.050087451935,752
7143.5500955581665,750
7144.2688591480255,751
7144.7532415390015,749
7145.25325012207,748
7145.768884420395,745
7146.253267526627,734
7146.768901586533,733
7147.237659931183,733
7147.722043275833,733
7148.393930196762,728
7148.925189256668,728
7149.409572839737,729
7149.97208237648,730
7150.6283440589905,730
7151.081477403641,730
7151.706487894058,731
7152.190871477127,732
7152.784631490707,730
7153.315890789032,731
7153.815899610519,731
7154.425286531448,732
7154.878418445587,732
7155.53467965126,733
7156.050313711166,734
7156.69094991684,735
7157.394087076187,735
7157.894096374512,736
7158.409729719162,736
7158.909738302231,737
7159.440998077393,738
7160.05038356781,738
7160.597267866135,739
7161.159777641296,739
7161.80041384697,740
7162.331673145294,741
7162.8160564899445,740
7163.409817934036,741
7163.972326755524,742
7164.441084861755,742
7165.050470590591,742
7165.581730604172,743
7166.097363710403,744
7166.597372770309,744
7167.066130638123,745
7167.628640174866,745
7168.097398757935,746
7168.722409486771,747
7169.363045930862,747
7169.831804037094,747
7170.488065481186,748
7171.019325017929,748
7171.550584077835,748
7172.09746837616,748
7172.628727436066,749
7173.159986972809,750
7173.659995555878,751
7174.363133192062,752
7174.831891298294,751
7175.410026311874,752
7175.910034656525,752
7176.3787932395935,752
7177.035054683685,753
7177.550688505173,753
7178.23820066452,753
7178.706958770752,754
7179.191342592239,754
7179.831978559494,754
7180.300736427307,755
7180.800746440887,755
7181.347630023956,750
7181.863263845444,729
7182.332021951675,729
7182.785155296326,728
7183.410165786743,729
7183.878923654556,728
7184.410183191299,700
7184.847691059113,699
7185.347699403763,700
7185.832083463669,701
7186.3320915699005,702
7186.769599437714,703
7187.207107067108,702
7187.847743272781,701
7188.332126617432,702
7188.769634246826,702
7189.254017829895,702
7189.813060283661,701
7190.370830774307,701
7190.808339357376,701
7191.402098894119,697
7192.05836057663,697
7192.52711892128,655
7192.917750835419,652
7193.40213394165,653
7193.995894193649,652
7194.4802775383,651
7195.011536836624,651
7195.542796134949,652
7195.980303764343,652
7196.449061870575,653
7196.8865694999695,653
7197.355327367783,653
7197.808460712433,639
7198.261593580246,639
7198.714726686478,639
7199.199109792709,638
7199.636617422104,639
7200.2460033893585,626
7200.636635065079,625
7201.167894363403,623
7201.8241555690765,623
7202.292913913727,624
7202.714796304703,625
7203.23043012619,625
7203.636687278748,626
7204.433576107025,626
7205.027336359024,627
7205.464844226837,627
7205.964853048325,628
7206.433611154556,629
7207.183624505997,629
7208.246142864227,630
7208.652400016785,630
7209.105532646179,630
7209.558665752411,631
7209.918046951294,631
7210.308678627014,632
7210.730561256409,633
7211.168068408966,634
7211.683702707291,634
7212.074334383011,635
7212.46496629715,636
7212.9337246418,635
7213.3868572711945,635
7213.886866092682,635
7214.355624198914,635
7214.9337594509125,636
7215.324390888214,636
7215.9806525707245,637
7216.402535915375,638
7217.011920452118,639
7217.418177604675,639
7217.824434995651,640
7218.340068817139,640
7218.746325969696,641
7219.261959552765,642
7219.8400955200195,642
7220.340103626251,643
7220.777611494064,644
7221.261994838715,644
7221.6830151081085,645
7222.11435341835,646
7222.5325319767,647
7223.00129032135,648
7223.688802242279,648
7224.173185586929,649
7224.7200701236725,650
7225.173202991486,651
7225.626336097717,651
7226.0169677734375,652
7226.485725879669,653
7226.923233509064,653
7227.610745668411,653
7228.032629489899,653
7228.579513311386,654
7229.110771656036,655
7229.642030954361,655
7230.110789299011,654
7230.6107976436615,655
7231.095181465149,655
7231.485812902451,652
7231.892070055008,650
7232.407704591751,651
7233.313970088959,652
7233.813980579376,653
7234.438989877701,654
7234.892122268677,655
7235.42338180542,656
7235.985891580582,657
7236.3921484947205,658
7236.845283269882,659
7237.267163991928,659
7237.689046859741,659
7238.595313072205,659
7239.204697847366,659
7239.642205476761,660
7240.173464536667,661
7240.61097240448,661
7241.189107656479,662
7241.610989570618,663
7242.079747915268,663
7242.501630783081,664
7243.1422662734985,665
7243.548523426056,665
7244.0641577243805,666
7244.626667499542,667
7245.1110508441925,668
7245.68918633461,669
7246.126693725586,670
7246.642327547073,671
7247.111085653305,672
7247.7360961437225,673
7248.2361052036285,673
7248.923617362976,674
7249.454876661301,675
7249.908009529114,675
7250.361142158508,675
7250.798649787903,675
7251.548663139343,675
7252.142422914505,676
7252.658058643341,677
7253.12681555748,677
7253.533072710037,678
7254.017455816269,678
7254.470588922501,679
7255.079974651337,680
7255.767486572266,681
7256.204993963242,681
7256.751878738403,681
7257.173761129379,680
7257.642518997192,680
7258.0800268650055,681
7258.830039978027,681
7259.376924991608,681
7259.8925585746765,682
7260.3144409656525,683
7260.767573833466,682
7261.236331939697,683
7261.720715522766,684
7262.251974821091,685
7262.75198340416,685
7263.283242702484,686
7263.955129623413,687
7264.408262491226,688
7264.892645597458,689
7265.423905134201,689
7265.877038240433,690
7266.330170869827,690
7266.908306121826,691
7267.377064228058,691
7267.830197095871,692
7268.267704486847,693
7269.017717838287,694
7269.4864757061005,695
7269.939609050751,696
7271.11150431633,697
7271.705264568329,698
7272.267774105072,699
7272.736532449722,700
7273.189666748047,701
7273.767800569534,701
7274.220933675766,700
7274.720942020416,700
7275.205325603485,701
7275.7209594249725,702
7276.283469676971,703
7276.939731121063,704
7277.392863750458,704
7277.845996856689,704
7278.330379962921,704
7278.924140453339,705
7279.4554002285,705
7279.939783334732,705
7280.908550024033,704
7281.377308607101,699
7281.908567905426,699
7282.361700296402,700
7282.799208164215,700
7283.283591747284,699
7284.142981767654,700
7284.658615589142,701
7285.142998933792,701
7285.580506324768,701
7286.049264907837,698
7286.533648490906,698
7287.08053278923,699
7287.580541849136,700
7288.064925193787,700
7288.721187114716,701
7289.236821174622,702
7289.736829519272,702
7290.2368376255035,702
7290.76809835434,702
7291.37748336792,703
7291.913714647293,704
7292.397988557816,705
7292.913822174072,705
7293.494812488556,706
7293.994821310043,706
7294.510455131531,706
7295.057340145111,707
7295.600476741791,708
7296.084860086441,709
7296.537993431091,710
7296.991125822067,710
7297.475509405136,710
7298.131770849228,711
7298.803657531738,711
7299.288040876389,711
7299.788050174713,712
7300.303683519363,712
7300.772441864014,712
7301.28807592392,711
7302.006838560104,712
7302.788102388382,712
7303.303736209869,713
7303.850620746613,713
7304.475631713867,711
7304.960014820099,712
7305.803779602051,713
7306.38191485405,714
7307.100677251816,715
7307.600687265396,714
7308.069444179535,715
7308.600703716278,715
7309.163213253021,714
7309.600720882416,715
7310.366358995438,716
7311.163248300552,717
7311.694507598877,718
7312.178890705109,718
7312.647649049759,718
7313.163283109665,719
7313.960171699524,719
7314.75706076622,720
7315.22581911087,721
7316.178960323334,721
7316.772720575333,722
7317.272729635239,723
7317.92899107933,724
7318.835256814957,724
7319.304014921188,724
7319.7571477890015,725
7320.194655656815,725
7320.663413763046,726
7321.179047584534,726
7321.647805690765,726
7322.1634402275085,727
7322.741574764252,728
7323.210333108902,729
7323.8197202682495,730
7324.288477182388,730
7324.835361480713,730
7325.444747209549,731
7325.8978798389435,731
7326.397888660431,731
7327.007274389267,732
7327.460407495499,732
7327.944790840149,732
7328.413548946381,733
7328.960433244705,734
7329.444816827774,735
7330.179204702377,736
7330.710464000702,737
7331.194847822189,737
7331.8823595047,738
7332.679248094559,739
7333.616765022278,740
7334.163649320602,740
7334.694908618927,740
7335.304295063019,741
7335.8199281692505,742
7336.288686275482,743
7336.773069858551,743
7337.304329395294,744
7337.819963216782,744
7338.476224660873,745
7338.976233482361,745
7339.56999373436,746
7340.116878032684,747
7340.74188876152,747
7341.320024251938,748
7342.054412126541,748
7342.53879570961,748
7343.054429769516,748
7343.6638152599335,748
7344.179449081421,748
7344.913836717606,749
7345.710725784302,750
7346.491989850998,750
7347.398255109787,751
7347.851388216019,750
7348.538899898529,751
7349.085784673691,751
7349.57016825676,751
7350.335806131363,751
7350.913941383362,752
7351.632704257965,753
7352.179588317871,754
7352.773348808289,755
7353.413985490799,756
7353.898369550705,756
7354.398376941681,756
7354.960888147354,756
7355.46089553833,755
7355.992154836655,755
7356.6327912807465,756
7357.132800102234,756
7357.898437976837,757
7358.382822036743,758
7359.0703337192535,756
7359.539092063904,756
7360.085976362228,757
7360.773488283157,756
7361.257871866226,756
7361.851632118225,757
7362.601645231247,757
7363.070403575897,758
7363.601662874222,759
7364.476678133011,760
7365.1016891002655,760
7365.679824352264,761
7366.195457935333,762
7366.8360941410065,763
7367.36735367775,763
7367.882987499237,764
7368.711126804352,765
7369.4505071640015,765
7370.1825251579285,765
7370.840844869614,766
7371.356478691101,766
7371.903362989426,767
7372.403371810913,768
7373.012758016586,769
7373.497142076492,770
7374.184653043747,771
7374.7159123420715,771
7375.262797117233,771
7375.903432846069,771
7376.403441667557,771
7376.981576919556,772
7377.544086694717,772
7378.215973377228,772
7378.794108390808,773
7379.4659950733185,774
7379.950378656387,774
7380.684767484665,775
7381.200400352478,775
7381.981664180756,775
7382.7316772937775,775
7383.2629363536835,774
7383.9660749435425,775
7384.512958288193,776
7385.0754680633545,776
7385.653603076935,777
7386.450492143631,778
7386.9661257267,778
7387.763014793396,779
7388.419276475906,779
7389.013036251068,780
7389.606796264648,781
7390.309932947159,781
7390.809941530228,781
7391.388076543808,782
7392.0130870342255,783
7392.622472286224,783
7393.153731584549,783
7393.856868505478,783
7394.403753042221,784
7395.091265439987,785
7395.700650215149,785
7396.200658798218,785
7396.888170480728,785
7397.388179302216,786
7397.919438123703,786
7398.575699329376,787
7399.075707912445,787
7399.685094594955,786
7400.185101747513,786
7400.794487476349,787
7401.310121297836,787
7401.948018074036,788
7402.500730514526,788
7403.188242673874,787
7403.688251495361,787
7404.297637224197,787
7405.032024383545,787
7405.547658205032,788
7406.094544172287,789
7406.813305139542,789
7407.547693014145,789
7408.047701835632,785
7408.547710418701,785
7409.203971862793,786
7409.844607591629,787
7410.375866889954,788
7411.204006433487,789
7411.7508907318115,790
7412.297775506973,790
7412.7821588516235,790
7413.422795057297,790
7414.047805786133,791
7414.610315561295,791
7415.141574621201,789
7415.641583442688,788
7416.172842741013,789
7416.76660323143,786
7417.329112768173,782
7418.032249927521,783
7418.719762086868,784
7419.235395908356,785
7419.797905921936,786
7420.469792366028,786
7421.219805717468,786
7421.891692638397,787
7422.641705751419,787
7423.376093626022,788
7424.1104826927185,789
7424.6261150836945,789
7425.172999620438,789
7425.876136779785,789
7426.469897508621,789
7427.048032283783,782
7428.016799449921,782
7428.751186847687,777
7429.360572814941,778
7429.96995973587,777
7430.454342126846,777
7430.985602378845,778
7431.751239299774,778
7432.235623121262,778
7432.720005989075,778
7433.235640287399,779
7433.735649108887,779
7434.220032215118,779
7434.720041275024,780
7435.282550811768,781
7435.923187017441,782
7436.50132226944,783
7437.07945728302,783
7437.72009396553,784
7438.282603263855,783
7438.907613992691,783
7439.7513790130615,783
7440.313888549805,783
7440.8138971328735,784
7441.3139061927795,785
7441.829540014267,785
7442.423301696777,786
7443.001435279846,787
7443.548320055008,788
7444.063953876495,788
7444.673341035843,788
7445.360852718353,789
7446.017113447189,789
7446.579623222351,790
7447.17338347435,791
7447.78277015686,792
7448.485906124115,793
7448.985914945602,794
7449.517174243927,795
7450.095309019089,796
7450.6578187942505,797
7451.439082860947,798
7451.939091205597,799
7452.517226457596,800
7453.189113140106,801
7453.751622915268,802
7454.2516322135925,800
7454.782890796661,800
7455.329775571823,799
7455.923535823822,800
7456.642298698425,800
7457.220433473587,801
7457.767318248749,800
7458.392328977585,800
7458.939213275909,799
7459.5954756736755,800
7460.189235448837,800
7460.798622369766,801
7461.345505237579,801
7461.876764297485,801
7462.423649311066,801
7462.939283132553,802
7463.642420768738,797
7464.298681735992,798
7464.8924424648285,799
7465.470578193665,800
7466.048712491989,801
7466.642472743988,800
7467.329984664917,799
7468.079998254776,800
7468.7831354141235,800
7469.595649242401,800
7470.111283540726,800
7471.173801898956,800
7471.798812866211,801
7472.606522321701,801
7473.192549467087,801
7473.692558288574,801
7474.348819494247,802
7474.926954746246,803
7475.442588567734,804
7475.9582233428955,804
7476.567608594894,805
7477.223870038986,805
7477.8020050525665,806
7478.411390542984,805
7478.92702460289,805
7479.473908901215,806
7480.036418914795,806
7480.739556312561,807
7481.317691087723,808
7482.1145803928375,809
7482.677089929581,809
7483.458354949951,809
7484.13024020195,809
7484.67712521553,806
7485.270885467529,803
7485.942771911621,804
7486.458405971527,804
7487.036540985107,804
7487.630301475525,805
7488.177186012268,806
7488.73969578743,807
7489.395957231522,808
7490.161595582962,809
7490.739730596542,809
7491.520994186401,809
7492.146005153656,810
7492.802266597748,811
7493.442902565002,812
7493.958536863327,813
7494.505421638489,813
7495.021055459976,813
7495.583565235138,814
7496.364828824997,814
7496.989839792252,815
7497.567974567413,815
7498.130484580994,815
7498.786746263504,816
7499.380506277084,817
7500.00551700592,818
7500.614902973175,818
7501.411791563034,818
7502.083678483963,819
7502.614937782288,819
7503.333700418472,820
7503.94308590889,820
7504.521221160889,821
7505.208733081818,821
7505.8181183338165,822
7506.427504062653,823
7507.240018606186,823
7507.786902666092,823
7508.3025369644165,823
7509.068175077438,823
7509.755687236786,823
7510.427573919296,823
7510.990084171295,824
7511.5213441848755,824
7512.1307284832,825
7512.818240642548,825
7513.771383047104,826
7514.3495173454285,827
7514.91202712059,827
7515.505787372589,827
7516.068297147751,827
7516.630807638168,827
7517.224568367004,828
7517.755827903748,829
7518.380839347839,829
7518.99022603035,830
7519.958993434906,831
7520.740257740021,832
7521.59964799881,832
7522.177783727646,833
7522.7871696949005,834
7523.318429231644,833
7523.89656496048,834
7524.599702358246,835
7525.334090471268,836
7525.896600484848,837
7526.662239074707,837
7527.177873373032,837
7527.834135293961,838
7528.412270307541,838
7529.0216562747955,838
7529.599791288376,838
7530.146676540375,838
7530.881064414978,838
7531.474824666977,838
7532.115461349487,838
7532.896726846695,839
7533.552986621857,840
7534.0998711586,841
7534.803008794785,842
7535.4905207157135,843
7536.17803311348,844
7536.896795988083,844
7537.724935054779,845
7538.428072690964,845
7539.115586042404,846
7539.662468910217,846
7540.224978923798,847
7540.8187391757965,848
7541.349998474121,849
7542.0062601566315,850
7542.631271123886,851
7543.240657091141,851
7543.8031668663025,850
7544.49067902565,851
7545.14694070816,852
7545.756325960159,853
7546.459463357925,854
7547.131349802017,855
7547.740735769272,854
7548.318871498108,855
7549.084509134293,856
7549.6363966465,857
7550.279680013657,858
7551.201571464539,859
7551.8109567165375,859
7552.404717206955,859
7553.1078543663025,860
7553.857867479324,860
7554.467252969742,859
7555.0766389369965,860
7555.639148712158,860
7556.529789924622,860
7557.1704268455505,860
7557.764187097549,861
7558.404823303223,862
7559.139211177826,862
7559.732971668243,862
7560.342356920242,862
7560.967367887497,863
7561.561128139496,863
7562.1861391067505,864
7563.092404842377,865
7563.764293193817,866
7564.467428922653,867
7565.029938697815,867
7565.592448472977,867
7566.186208963394,868
7566.7643439769745,869
7567.342479467392,868
7568.0612416267395,868
7568.639377117157,869
7569.295638561249,870
7569.936274528503,870
7570.608161211014,871
7571.280047655106,872
7571.98318529129,873
7572.623821020126,873
7573.233206987381,874
7574.01447057724,874
7574.670732021332,874
7575.233242034912,874
7575.905129671097,875
7576.702017784119,876
7577.342653512955,876
7578.030165433884,877
7578.655176401138,878
7579.2958126068115,878
7579.889574050903,878
7580.764587879181,879
7581.55130648613,880
7582.191849946976,881
7582.832571029663,882
7583.5200827121735,882
7584.207624197006,882
7584.863854885101,882
7585.441989183426,883
7586.285753250122,883
7586.91076374054,883
7587.582650184631,883
7588.30141210556,884
7589.020174264908,884
7589.817063093185,885
7590.39519739151,885
7590.98895740509,885
7591.598342657089,885
7592.19210267067,885
7592.8327395915985,885
7593.723378658295,885
7594.551517963409,886
7595.317155838013,887
7596.067168712616,887
7596.989059925079,887
7597.739072561264,888
7598.3328332901,888
7599.0515949726105,889
7599.864108800888,890
7600.608901023865,890
7601.245751619339,890
7602.084294080734,891
7602.803056716919,892
7603.662446260452,893
7604.594959974289,893
7605.219970703125,894
7605.93873333931,895
7606.782498121262,896
7607.438759088516,897
7608.1731469631195,898
7608.8606588840485,899
7609.4856696128845,900
7610.204432010651,900
7610.798192739487,901
7611.407577753067,901
7612.204466819763,901
7612.891978740692,901
7613.501364469528,901
7614.17325091362,902
7615.063891410828,903
7615.751403331757,904
7616.751420497894,904
7617.392056941986,905
7618.048318147659,905
7618.688954114914,905
7619.298340082169,904
7620.048352956772,904
7620.798366308212,903
7621.751507520676,904
7622.56402182579,905
7623.4390370845795,906
7624.095298528671,907
7625.017189741135,908
7625.704701662064,909
7626.454714536667,910
7627.3297300338745,910
7627.985991477966,911
7628.657877922058,911
7629.282888889313,911
7630.017277002335,912
7630.6110372543335,912
7631.361050367355,913
7632.064187526703,914
7632.798575401306,914
7633.767343044281,915
7634.501731395721,915
7635.251743078232,916
7636.079882383347,917
7636.72051858902,918
7637.361154794693,919
7638.079917669296,920
7638.689302682877,920
7639.314313650131,920
7639.970575332642,917
7640.6893401145935,918
7641.704982042313,918
7642.376867771149,918
7643.017504692078,919
7643.673766136169,919
7644.376903057098,919
7645.314418792725,920
7645.955054759979,920
7646.5800659656525,921
7647.376954317093,922
7648.048840761185,923
7648.814478158951,923
7649.455115318298,924
7650.252002477646,925
7650.923890352249,926
7651.580150604248,927
7652.232102632523,928
7652.948547363281,929
7653.615379810333,930
7654.240391731262,929
7655.209157466888,930
7655.8341681957245,930
7656.474804639816,930
7657.209191560745,930
7657.8654544353485,931
7658.6310913562775,931
7659.459230899811,932
7660.521749258041,933
7661.2405116558075,933
7662.131151914597,933
7663.34992313385,933
7664.006185531616,934
7664.646820783615,934
7665.271831512451,935
7665.928093194962,936
7666.615604877472,936
7667.396868944168,937
7668.146881580353,938
7668.896894693375,938
7669.803160667419,939
7670.475047111511,939
7671.271936178207,940
7671.990698814392,940
7672.60008430481,941
7673.287596464157,942
7674.053235769272,943
7674.787622690201,943
7675.725138664246,944
7676.490778207779,945
7677.209539890289,944
7677.943927288055,944
7678.678315162659,945
7679.287701129913,946
7679.943962097168,946
7680.600224494934,946
7681.3033611774445,945
7682.209626913071,946
7683.037766456604,946
7683.662777423859,946
7684.365914344788,947
7685.006550550461,947
7685.67843747139,947
7686.350323915482,947
7687.115962505341,948
7687.8034744262695,947
7688.506611585617,948
7689.162873029709,948
7689.897261142731,948
7690.584772825241,949
7691.2410345077515,950
7691.897295951843,950
7692.569182395935,950
7693.506698846817,951
7694.287962436676,951
7694.944223880768,952
7695.725487709045,951
7696.444249868393,952
7697.084886312485,952
7697.803648948669,952
7698.506785869598,953
7699.241173744202,952
7699.897435665131,953
7700.647448539734,954
7701.303709983826,955
7702.022472381592,956
7702.834986448288,956
7703.553749322891,957
7704.288136720657,958
7704.928773164749,959
7705.928790569305,960
7706.694428682327,960
7707.460067272186,960
7708.116328954697,961
7708.819465875626,962
7709.803858280182,962
7710.678873300552,962
7711.491387605667,962
7712.600781917572,962
7713.444546222687,963
7714.178934574127,963
7714.975823163986,964
7715.725836277008,964
7716.382097959518,964
7717.225862503052,965
7717.944624900818,966
7718.78838968277,966
7719.61652970314,967
7720.319666147232,968
7721.00717830658,967
7721.663439750671,968
7722.3353266716,968
7723.054089784622,965
7723.850978136063,965
7724.507239103317,965
7725.147875547409,965
7725.866638660431,964
7726.507274150848,964
7727.194786071777,965
7727.929174184799,966
7728.585435628891,966
7729.36669921875,967
7730.061726808548,966
7730.781197547913,967
7731.437458753586,968
7732.281223773956,968
7733.031236886978,969
7733.828125476837,969
7734.640639543533,969
7735.484404325485,970
7736.343794345856,971
7737.062557220459,972
7737.812570095062,973
7738.625084400177,973
7739.48447394371,974
7740.140735387802,974
7740.937624454498,974
7741.609511137009,974
7742.375149726868,975
7743.062661647797,975
7743.703297615051,975
7744.515811920166,976
7745.203323602676,976
7745.906462430954,977
7746.625223875046,976
7747.422112464905,977
7748.1721267700195,978
7748.937763929367,977
7749.656526565552,978
7750.422164678574,979
7751.359681367874,980
7752.172195672989,981
7752.906583070755,981
7753.62534570694,982
7754.37535905838,983
7755.140997171402,984
7755.8441343307495,984
7756.641023159027,985
7757.609790086746,986
7758.906687736511,987
7759.562950372696,988
7760.234835863113,989
7760.9379732608795,990
7761.700813770294,991
7762.617033958435,992
7763.3826723098755,993
7764.195186376572,993
7765.054576396942,993
7765.851465463638,993
7766.538977622986,992
7767.351491928101,993
7768.242131948471,994
7769.039021015167,994
7769.835909843445,995
7770.66404914856,996
7771.351561546326,997
7772.1171996593475,998
7772.789086341858,999
7773.539099693298,1000
7774.21098613739,1001
7775.054751634598,1002
7775.898515701294,1002
7776.6172778606415,1003
7777.445417642593,1003
7778.304807424545,1003
7779.11732172966,1004
7779.8985850811005,1004
7780.6329736709595,1004
7781.4454872608185,1004
7782.164249897003,1005
7782.898637533188,1005
7783.664275884628,1005
7784.445539712906,1006
7785.164302110672,1006
7786.05494260788,1007
7786.758080244064,1007
7787.554968833923,1008
7788.289356470108,1009
7789.179997205734,1010
7789.9143850803375,1011
7790.617522478104,1011
7791.320659399033,1012
7792.086297750473,1013
7792.898811817169,1013
7793.63320016861,1014
7794.461339235306,1014
7795.148851156235,1015
7795.898864269257,1016
7796.586376190186,1016
7797.273888349533,1016
7797.992650747299,1017
7798.758289337158,1017
7799.477051734924,1018
7800.164563655853,1018
7801.023953676224,1018
7801.789592266083,1019
7802.523979663849,1019
7803.227117061615,1019
7804.03963136673,1020
7804.867771863937,1021
7805.711535692215,1021
7806.539675235748,1021
7807.227186918259,1022
7807.961574554443,1023
7808.742838144302,1024
7809.461600780487,1023
7810.430367708206,1022
7811.242881774902,1018
7812.008520364761,1018
7812.821034669876,1019
7813.524171590805,1019
7814.227308988571,1020
7814.930446147919,1020
7815.664834022522,1021
7816.461723089218,1022
7817.383613824844,1023
7818.133627653122,1022
7818.993017196655,1021
7819.649278640747,1018
7820.38366651535,1019
7821.102429389954,1020
7822.008694887161,1021
7822.836833953857,1021
7823.602472782135,1022
7824.305610656738,1022
7825.024372816086,1023
7825.790011167526,1023
7826.461897134781,1024
7827.165034770966,1024
7827.8681716918945,1024
7828.555683851242,1025
7829.290071725845,1025
7830.243212938309,1026
7831.1338539123535,1027
7831.8213658332825,1027
7832.638092756271,1028
7833.354707956314,1029
7834.04222035408,1029
7834.745357275009,1029
7835.495370149612,1029
7836.2141325473785,1029
7837.057897090912,1030
7837.807910442352,1031
7838.589174032211,1032
7839.35481262207,1032
7840.057949781418,1033
7840.9954662323,1034
7841.729854106903,1034
7842.573619604111,1034
7843.386132955551,1034
7844.089270114899,1035
7844.792407512665,1035
7845.636172056198,1036
7846.370559692383,1036
7847.136198997498,1036
7847.948713302612,1037
7848.776851892471,1037
7849.761244058609,1038
7850.526882648468,1039
7851.230019807816,1039
7851.948782682419,1040
7852.698795557022,1040
7853.464433670044,1041
7854.245697021484,1041
7854.964459657669,1041
7855.80822467804,1042
7856.589487791061,1043
7857.4332530498505,1044
7858.261392354965,1044
7859.011405467987,1045
7859.948921918869,1045
7860.886438131332,1046
7861.636451244354,1047
7862.355213880539,1048
7863.120851993561,1048
7863.9333662986755,1049
7864.761505842209,1050
7865.542769670486,1050
7866.433409690857,1051
7867.152172327042,1051
7867.949061632156,1052
7868.917828083038,1052
7869.683466434479,1053
7870.699109554291,1054
7871.839753866196,1054
7872.667893648148,1054
7873.417906761169,1055
7874.214795589447,1055
7875.027310371399,1055
7875.886699676514,1056
7876.746089458466,1057
7877.44922709465,1058
7878.261741399765,1059
7879.214882612228,1060
7879.94927072525,1061
7880.793035268784,1061
7881.574299097061,1062
7882.308686494827,1062
7883.4649567604065,1063
7884.214969873428,1064
7884.980608224869,1064
7885.886874198914,1064
7886.965017795563,1065
7887.699405908585,1064
7888.511919975281,1064
7889.246307611465,1064
7889.996320486069,1065
7890.761960029602,1066
7891.6682250499725,1066
7892.402612686157,1065
7893.168251037598,1065
7893.996390342712,1065
7894.762028694153,1062
7895.621418714523,1062
7896.527684688568,1063
7897.433950424194,1064
7898.293340921402,1065
7899.308983325958,1065
7900.07462143898,1066
7900.809010267258,1067
7901.824651956558,1067
7903.418429851532,1067
7904.215318918228,1068
7904.934081315994,1068
7905.793470859528,1068
7906.6059856414795,1067
7907.371623754501,1067
7908.121636629105,1067
7908.965401649475,1067
7909.749151468277,1068
7910.507281541824,1068
7911.279799938202,1068
7912.0610637664795,1068
7912.842328071594,1069
7914.100466966629,1070
7914.944231748581,1070
7916.0067501068115,1070
7916.9598915576935,1071
7917.709904670715,1070
7918.428667068481,1069
7919.334933042526,1070
7920.116196870804,1071
7920.9287109375,1070
7922.084980964661,1071
7922.86624455452,1072
7923.678758859634,1070
7924.522523641586,1070
7925.303787231445,1071
7926.178802490234,1071
7926.928815364838,1072
7927.75695514679,1072
7928.6163449287415,1064
7929.3976085186005,1065
7930.288249015808,1066
7931.116388559341,1066
7931.8820271492,1065
7932.678915739059,1065
7933.538306951523,1066
7934.272693634033,1067
7935.085207462311,1068
7935.866471529007,1068
7936.61648440361,1069
7937.366497516632,1063
7938.163387537003,1064
7939.100903272629,1065
7939.897791624069,1055
7940.710305690765,1050
7941.490844488144,1048
7942.246731758118,1048
7943.058219432831,1043
7943.933235168457,1043
7944.761374473572,1044
7945.527012586594,1045
7946.32390165329,1045
7947.05829000473,1045
7947.855178117752,1046
7948.761444330215,1046
7949.667709827423,1046
7950.542725324631,1045
7951.308363437653,1046
7952.074002027512,1043
7952.777139186859,1043
7953.636529684067,1043
7954.40216755867,1043
7955.136555433273,1043
7955.902193546295,1044
7956.652206659317,1044
7957.464720964432,1045
7958.214734077454,1040
7958.964746952057,1035
7959.730385541916,1035
7960.5116493701935,1027
7961.261662483215,1025
7962.058551073074,1023
7962.824189424515,1024
7963.605453014374,1024
7964.496093511581,1025
7965.4492354393005,1025
7966.183622837067,1026
7966.902385473251,1026
7967.793026208878,1026
7968.699292182922,1027
7969.402429103851,1028
7970.136817455292,1029
7970.933705806732,1030
7971.636843204498,1031
7972.464982509613,1031
7973.277496576309,1031
7974.0118844509125,1031
7974.715021848679,1031
7975.418159723282,1031
7976.215047836304,1032
7976.965060949326,1033
7977.918202877045,1033
7978.793218135834,1033
7979.824485778809,1033
7981.043257236481,1034
7981.91827249527,1034
7982.621409416199,1035
7983.340172052383,1035
7984.058934688568,1035
7984.949575185776,1036
7985.699589252472,1036
7986.574603796005,1037
7987.418368339539,1038
7988.15275645256,1039
7988.918394804001,1040
7989.652782917023,1040
7990.418420791626,1041
7991.168434381485,1041
7991.902822732925,1042
7992.871588230133,1042
7993.730978488922,1043
7994.496616601944,1044
7995.27788066864,1044
7996.059144973755,1043
7996.856033325195,1043
7997.6685473918915,1043
7998.371684074402,1042
7999.121697187424,1035
7999.90296125412,1036
8000.934229135513,1037
8001.699867486954,1037
8002.574882507324,1037
8003.340520858765,1038
8004.137409925461,1038
8004.91867351532,1038
8005.746812820435,1039
8006.574952363968,1035
8007.34059047699,1034
8008.059354066849,1035
8008.840616703033,1035
8009.528128862381,1036
8010.262516736984,1037
8010.98127913475,1037
8012.07504940033,1037
8012.8026666641235,1038
8013.610747098923,1038
8014.501387357712,1035
8015.204524755478,1030
8016.06391453743,1022
8016.985805988312,1023
8017.892071723938,1024
8018.64208483696,1024
8019.548350572586,1025
8020.235862731934,1025
8020.954625368118,1025
8021.720263242722,1026
8022.501526832581,1027
8023.610922336578,1027
8024.345309019089,1028
8025.126572608948,1029
8025.892211198807,1030
8026.704725265503,1030
8027.439113140106,1031
8028.470381259918,1031
8029.2203958034515,1032
8030.017285823822,1032
8030.845426797867,1033
8031.782944440842,1033
8032.517333269119,1033
8033.392349720001,1034
8034.236115217209,1034
8035.017379999161,1035
8035.829895019531,1035
8037.392423868179,1036
8038.251814126968,1036
8038.970577478409,1035
8039.798718929291,1032
8040.517480611801,1031
8041.236243724823,1032
8042.236261844635,1033
8042.9862768650055,1034
8043.798790216446,1032
8044.501927614212,1033
8045.205066680908,1033
8045.939453840256,1030
8047.064473390579,1028
8047.923864126205,1028
8048.798881292343,1029
8049.533267736435,1030
8050.252030134201,1031
8050.9864184856415,1032
8051.783307790756,1033
8052.533321142197,1033
8053.470837593079,1032
8054.2052257061005,1031
8054.970863819122,1031
8055.752127408981,1032
8056.455265522003,1032
8057.345905542374,1033
8058.470925807953,1033
8059.502193689346,1034
8060.283457517624,1035
8061.033470392227,1036
8061.861610174179,1035
8062.6116235256195,1036
8063.392887592316,1034
8064.142900466919,1033
8064.861663579941,1034
8065.59605050087,1034
8066.346063375473,1033
8067.127327203751,1034
8068.158595085144,1035
8068.95548415184,1036
8069.705498933792,1037
8070.518011331558,1035
8071.236773967743,1036
8072.033663034439,1036
8072.783675909042,1037
8073.5961899757385,1038
8074.299327373505,1038
8075.080591201782,1039
8075.830604314804,1040
8076.68999505043,1041
8077.471258878708,1041
8078.29939866066,1042
8079.0337870121,1043
8079.799424648285,1044
8080.502561569214,1044
8081.40882730484,1045
8082.1432156562805,1045
8083.252609729767,1046
8084.065124034882,1046
8084.846387624741,1046
8085.549525976181,1046
8086.3776643276215,1046
8087.237055063248,1047
8088.440200328827,1048
8089.2214641571045,1049
8090.206306219101,1049
8091.027305603027,1049
8092.105449914932,1049
8092.933588981628,1050
8093.777354717255,1050
8094.605493307114,1050
8095.449258089066,1050
8096.261771917343,1051
8096.996159791946,1051
8098.058678150177,1052
8099.07432103157,1052
8099.886836528778,1053
8100.964978933334,1053
8101.777493238449,1054
8102.746260166168,1055
8103.558774471283,1055
8104.668169975281,1055
8105.4806842803955,1056
8106.49632692337,1056
8107.355717182159,1057
8108.121355295181,1058
8108.918244361877,1059
8109.652632474899,1056
8110.41827082634,1056
8111.215158939362,1057
8112.012048482895,1055
8112.902688741684,1056
8113.637076377869,1056
8114.433965444565,1057
8115.480859041214,1057
8116.40274977684,1057
8117.152762889862,1055
8117.934026479721,1056
8119.043421030045,1057
8119.965312957764,1057
8120.746575593948,1057
8121.607499837875,1058
8122.406538486481,1059
8123.156551361084,1060
8123.984690904617,1061
8124.781579732895,1061
8125.656594991684,1062
8126.390982866287,1062
8127.265998363495,1062
8128.09413766861,1063
8128.984778165817,1063
8129.750416278839,1064
8130.547306060791,1065
8131.35981965065,1066
8132.578591823578,1066
8133.359854698181,1067
8134.297372341156,1067
8135.281763792038,1068
8136.078652143478,1068
8137.047418832779,1069
8137.828682422638,1070
8138.609945774078,1070
8139.375584363937,1071
8140.188098907471,1072
8141.00061249733,1072
8141.844377756119,1073
8142.922521352768,1073
8143.735035419464,1073
8144.64130115509,1074
8145.469440698624,1074
8146.297580242157,1074
8147.125719547272,1074
8148.110111713409,1074
8148.875749826431,1070
8149.610137939453,1069
8150.578905105591,1070
8151.360168457031,1071
8152.3601858615875,1072
8153.235201358795,1073
8154.26646900177,1074
8155.141484498978,1074
8156.032124996185,1072
8156.9383907318115,1073
8157.8915321826935,1074
8158.782172679901,1075
8159.704064130783,1076
8160.516578197479,1077
8161.391593456268,1078
8162.219733953476,1078
8163.047872304916,1079
8163.860386610031,1080
8165.172909259796,1080
8166.032299041748,1080
8166.844813346863,1080
8167.594826221466,1080
8168.438591241837,1081
8169.391732931137,1081
8170.235497713089,1082
8171.173013925552,1082
8171.96990275383,1082
8172.75116610527,1082
8173.594931125641,1082
8174.438695669174,1082
8175.2512102127075,1083
8176.032473564148,1084
8177.001240491867,1084
8177.7512538433075,1085
8178.657519340515,1085
8179.501284122467,1086
8180.313798189163,1086
8181.095062255859,1086
8181.923201560974,1086
8182.782591104507,1086
8183.532604455948,1087
8184.282617330551,1087
8185.063881158829,1087
8186.048273563385,1087
8186.876412630081,1087
8187.65767621994,1087
8188.407689571381,1088
8189.579585313797,1088
8190.579602718353,1089
8191.376491308212,1090
8192.251707792282,1091
8193.009395122528,1092
8193.816922426224,1093
8194.613811254501,1094
8195.566952705383,1094
8196.34821653366,1094
8197.191981077194,1095
8197.957619428635,1096
8198.832634925842,1096
8199.738900661469,1096
8200.629540920258,1096
8201.426430225372,1096
8202.176443099976,1097
8203.020207881927,1097
8203.895223379135,1098
8204.723362445831,1099
8205.567126989365,1100
8206.535893917084,1101
8207.410909414291,1101
8208.379676103592,1101
8209.301567792892,1102
8210.145332098007,1103
8210.973471403122,1103
8211.785985469818,1102
8212.62975025177,1103
8213.723519802094,1103
8214.661035776138,1104
8215.473550081253,1104
8216.442317008972,1104
8217.317332267761,1105
8218.145471811295,1105
8219.325076580048,1106
8220.096022605896,1107
8221.03353881836,1108
8222.00230550766,1109
8222.832861423492,1109
8223.707876682281,1110
8224.87977194786,1111
8225.73916220665,1112
8226.676678419113,1113
8227.58294415474,1114
8228.457959651947,1114
8229.473602056503,1115
8230.817375421524,1115
8231.645514965057,1116
8232.47365450859,1117
8233.286168575287,1116
8234.286185979843,1116
8235.395580291748,1116
8236.2393450737,1117
8237.03623509407,1117
8237.926874876022,1118
8238.864390850067,1118
8239.6925303936,1117
8240.676922798157,1118
8241.458186149597,1118
8242.348826646805,1118
8243.176966190338,1119
8244.145733118057,1120
8244.926996707916,1121
8245.723885774612,1121
8246.598900794983,1121
8247.442665576935,1121
8248.458308458328,1121
8249.255197286606,1121
8250.130212068558,1122
8250.989602565765,1123
8251.833367586136,1123
8252.88026022911,1124
8253.895904302597,1125
8254.895921230316,1125
8255.708434820175,1124
8256.567824602127,1125
8257.489716053009,1125
8258.286604881287,1126
8259.192871332169,1127
8260.411641597748,1128
8261.661663532257,1128
8262.708556890488,1128
8263.521071195602,1128
8264.380461215973,1129
8265.364853143692,1130
8266.302369594574,1131
8267.255511045456,1132
8268.208652734756,1133
8269.052417516708,1133
8269.918771505356,1133
8270.762522697449,1133
8272.231297969818,1133
8273.043812274933,1134
8273.887577295303,1134
8274.840718746185,1135
8275.653232336044,1136
8276.559498548508,1137
8277.40326333046,1138
8278.325154304504,1138
8279.637677669525,1138
8280.575193881989,1139
8281.387707948685,1139
8282.184596538544,1139
8283.278365373611,1140
8284.247132778168,1141
8285.090897083282,1142
8286.122165203094,1142
8286.91905450821,1142
8288.075324773788,1143
8288.981590509415,1142
8289.872230529785,1142
8290.840998649597,1142
8291.684762477875,1143
8292.591027975082,1142
8293.669172286987,1142
8294.591063022614,1143
8295.40357708931,1143
8296.278592824936,1144
8297.075481414795,1144
8297.919246435165,1144
8298.794261455536,1145
8299.653651475906,1146
8300.856797456741,1146
8301.90305185318,1147
8302.862911224365,1148
8303.76917719841,1149
8304.612941503525,1150
8305.472331523895,1150
8306.316096305847,1150
8307.23798751831,1150
8308.128628015518,1150
8309.003643035889,1151
8309.92553448677,1151
8310.831799983978,1152
8311.691190004349,1152
8312.581830739975,1152
8313.534972429276,1153
8314.441237926483,1154
8315.300627946854,1155
8316.425647497177,1156
8317.285037517548,1156
8318.285054922104,1157
8319.128819942474,1157
8320.066336393356,1158
8321.128854513168,1159
8322.05074596405,1160
8322.910135507584,1160
8323.722649812698,1160
8324.64454126358,1161
8325.488305807114,1162
8326.332070589066,1162
8327.23833656311,1162
8328.113351345062,1163
8328.972741365433,1163
8329.894632577896,1164
8330.879024744034,1164
8331.707164049149,1163
8332.769682884216,1164
8333.597821950912,1164
8334.457212209702,1164
8335.472855091095,1165
8336.30099439621,1166
8337.238510847092,1167
8338.191652059555,1168
8339.160418987274,1168
8340.129185676575,1168
8341.03545165062,1169
8341.988593578339,1170
8342.83235836029,1171
8343.738624334335,1172
8344.629264354706,1173
8345.629281759262,1173
8346.551173210144,1174
8347.45743894577,1175
8348.33245420456,1176
8349.223094701767,1177
8350.223111867905,1177
8351.473134040833,1178
8352.535652399063,1179
8353.42629289627,1180
8354.30130815506,1180
8355.14507317543,1180
8356.020089149475,1181
8357.051356077194,1181
8357.910746097565,1182
8358.754510641098,1183
8359.738903284073,1184
8360.64516878128,1185
8361.848314523697,1185
8362.785831212997,1186
8363.785848617554,1186
8364.69211435318,1187
8365.785883665085,1187
8366.785901069641,1187
8367.817168951035,1188
8368.660933732986,1189
8369.535948991776,1190
8370.489092111588,1191
8371.442232131958,1191
8372.453453540802,1192
8373.367322683334,1192
8374.30484032631,1193
8375.382982730865,1193
8376.648629665375,1194
8378.211157560349,1195
8379.46117901802,1195
8380.398695230484,1194
8381.320586204529,1194
8382.226852416992,1194
8383.351871490479,1194
8384.211261749268,1193
8385.133152723312,1193
8386.055043935776,1194
8386.992560386658,1195
8387.883200645447,1196
8388.742590665817,1196
8389.680107355118,1196
8390.539496898651,1196
8391.6020154953,1197
8392.46140575409,1197
8393.477048397064,1198
8394.398939371109,1199
8395.305205345154,1199
8396.352098464966,1199
8397.27398967743,1200
8398.289632320404,1200
8399.195897817612,1200
8400.320917606354,1201
8401.289684534073,1201
8402.211575984955,1202
8403.117841720581,1203
8404.227235794067,1202
8405.196002483368,1203
8406.102268695831,1204
8407.024159669876,1205
8407.977301597595,1205
8408.867941617966,1205
8409.774207830429,1204
8410.6648478508,1205
8412.243000745773,1206
8413.227392673492,1207
8414.086782693863,1207
8415.383680582047,1207
8416.6337018013,1207
8417.539967775345,1208
8418.477484464645,1208
8419.383750200272,1209
8421.180656671524,1210
8422.10254740715,1211
8422.946311950684,1212
8423.868203878403,1213
8424.868221282959,1214
8425.74323606491,1214
8426.852630853653,1215
8427.727645397186,1215
8428.649536848068,1213
8429.61830496788,1214
8430.493318796158,1214
8431.540212392807,1213
8432.493354082108,1213
8433.36837053299,1213
8434.243384599686,1213
8435.118399620056,1214
8436.134042024612,1214
8437.212186336517,1215
8438.22782945633,1216
8439.102843999863,1216
8439.99348449707,1216
8440.915375232697,1217
8442.056020736694,1217
8443.040412664413,1217
8444.009179353714,1218
8444.931071043015,1218
8445.837336540222,1219
8446.712351799011,1218
8447.681119680405,1218
8448.649886369705,1219
8449.597470998764,1219
8450.488070487976,1220
8451.456837415695,1221
8452.425604343414,1222
8453.378745794296,1222
8454.628767728806,1223
8455.535033226013,1223
8456.441299438477,1223
8457.316314458847,1224
8458.33195734024,1224
8459.394475698471,1225
8460.269491195679,1225
8461.207007408142,1226
8462.253900527954,1226
8463.14454126358,1225
8464.20705986023,1226
8465.253952741623,1227
8466.33209681511,1228
8467.300863742828,1224
8468.207129478455,1225
8469.1290204525,1225
8470.144663572311,1225
8471.269682884216,1226
8472.129073143005,1226
8473.06658911705,1227
8473.972855091095,1228
8474.879120588303,1228
8475.816637516022,1228
8476.769778966904,1229
8477.676044464111,1229
8478.879190444946,1229
8479.941709041595,1229
8481.066728591919,1230
8482.168236255646,1231
8483.116124868393,1227
8483.959889650345,1228
8484.897405862808,1229
8485.850547552109,1230
8487.006817817688,1231
8488.163088798523,1232
8489.163105726242,1232
8490.444377422333,1232
8491.41314458847,1233
8492.460037946701,1234
8493.413179397583,1235
8494.39757180214,1236
8495.303837537766,1236
8496.16322851181,1237
8497.116369247437,1237
8498.460142612457,1238
8499.382033586502,1239
8500.366425514221,1238
8501.319567203522,1238
8502.335210323334,1239
8503.25710105896,1240
8504.241493463516,1241
8505.179010868073,1242
8506.132152318954,1242
8507.08529305458,1243
8508.0696849823,1244
8508.975950956345,1245
8510.225972652435,1246
8511.350992441177,1247
8512.351009607315,1247
8513.679157733917,1247
8514.6166741848,1247
8515.554190635681,1247
8516.585458517075,1248
8517.554225683212,1249
8518.75737118721,1247
8519.648011922836,1247
8520.601153612137,1248
8521.507419109344,1248
8522.444935560226,1248
8523.413703680038,1247
8524.569972753525,1248
8525.507488965988,1249
8526.648134231567,1250
8527.679401874542,1250
8528.595918416977,1250
8529.540057182312,1250
8530.613903284073,1250
8531.645171403885,1251
8532.622658491135,1251
8533.607050657272,1252
8534.560192584991,1253
8535.52895975113,1254
8536.450850486755,1255
8537.544619560242,1256
8538.466510772705,1257
8539.450902462006,1257
8540.388419151306,1258
8541.419687747955,1259
8542.497831583023,1259
8543.419722557068,1260
8544.466615915298,1261
8545.451007843018,1262
8546.435400485992,1263
8547.404167175293,1264
8548.51356124878,1263
8549.638581037521,1264
8550.701099395752,1263
8551.857370138168,1263
8553.186121702194,1264
8554.123638629913,1264
8555.717416763306,1265
8556.811185121536,1265
8557.748701334,1266
8558.764344453812,1267
8559.811239242554,1268
8561.201886177063,1269
8562.451907873154,1269
8563.420674800873,1269
8564.389441490173,1270
8565.530086040497,1271
8566.670731306076,1272
8567.920753240585,1273
8568.842643976212,1273
8570.170792341232,1272
8571.170809745789,1272
8572.31145453453,1273
8573.311471939087,1274
8574.373990297318,1275
8575.436509132385,1275
8576.389650821686,1275
8577.40529346466,1275
8578.389686107635,1275
8579.358452796936,1275
8580.342844724655,1275
8581.295986413956,1276
8582.342879772186,1276
8583.296021223068,1276
8584.264788150787,1277
8585.233555793762,1277
8586.311698675156,1278
8587.249215126038,1279
8588.514862298965,1280
8589.53050494194,1281
8590.639899492264,1282
8591.702417850494,1282
8592.70243525505,1281
8593.780579090118,1282
8594.952474594116,1281
8595.983742713928,1281
8596.936883926392,1280
8598.015028238297,1280
8598.983794927597,1280
8599.999437570572,1281
8601.155707836151,1282
8602.296352863312,1283
8603.327620506287,1283
8604.34326338768,1283
8605.358906030655,1284
8606.37454867363,1285
8607.405816555023,1285
8608.421459436417,1286
8609.92148566246,1286
8610.937128067017,1285
8611.96839594841,1286
8613.109041690826,1287
8614.140310287476,1287
8615.093450784683,1288
8616.2184715271,1289
8617.171612262726,1288
8618.452884435654,1289
8619.734156847,1288
8620.78105020523,1289
8622.093573093414,1289
8623.156091451645,1289
8624.093607902527,1289
8625.046749353409,1286
8626.062391996384,1287
8627.015534162521,1286
8628.093677282333,1286
8629.554194450378,1287
8630.50837111473,1287
8631.524013996124,1287
8632.695909261703,1287
8633.69592666626,1288
8634.789695739746,1289
8635.883466005325,1290
8636.820982217789,1290
8637.789747953415,1290
8639.008519649506,1291
8639.977286338806,1292
8640.914802789688,1293
8641.899195194244,1293
8642.961713314056,1294
8644.024231910706,1294
8645.071125268936,1294
8646.180519580841,1294
8647.414915800095,1295
8648.446183919907,1295
8649.461827039719,1296
8650.493095874786,1296
8651.461861848831,1295
8652.461879014969,1294
8653.618149280548,1294
8654.586916446686,1293
8655.71193575859,1293
8656.77445435524,1293
8657.727595806122,1290
8658.743238925934,1291
8659.696380376816,1288
8660.649521827698,1286
8661.688625335693,1286
8662.701252937317,1287
8663.779396772385,1288
8664.73253774643,1289
8665.67005443573,1289
8666.654446840286,1289
8667.623215198517,1289
8668.638855934143,1288
8669.623248577118,1288
8670.576389789581,1288
8671.592032909393,1288
8672.560799837112,1286
8673.592067480087,1287
8674.529584169388,1288
8675.607727527618,1283
8676.62337064743,1282
8677.670263767242,1283
8678.62340593338,1283
8679.592172384262,1283
8680.795318365097,1280
8681.873462200165,1280
8683.045357465744,1279
8684.107876062393,1280
8685.061017513275,1280
8686.045409679413,1280
8687.21730542183,1281
8688.311074495316,1282
8689.295466423035,1282
8690.311109304428,1283
8691.279876232147,1284
8692.295518636703,1285
8693.404913187027,1285
8694.436181545258,1285
8695.49869966507,1285
8696.436216115952,1285
8697.42060828209,1286
8698.389375209808,1287
8699.420642852783,1288
8700.655039787292,1287
8701.701932907104,1287
8702.764451503754,1287
8703.733217954636,1288
8704.858237743378,1289
8705.858255386353,1289
8706.84264755249,1290
8707.90516614914,1291
8708.936434268951,1292
8709.92082619667,1292
8710.936469078064,1293
8711.889610767365,1293
8712.842752218246,1293
8713.889645576477,1293
8714.889662742615,1294
8715.842805147171,1294
8717.030325174332,1294
8718.045967817307,1295
8719.014734506607,1295
8719.999127149582,1296
8721.061645746231,1296
8722.04603767395,1297
8723.21793293953,1297
8724.655458211899,1298
8725.999231815338,1299
8726.999249219894,1299
8728.139894008636,1300
8729.139911174774,1301
8730.374307870865,1301
8731.452451467514,1302
8732.503275156021,1303
8733.486466646194,1303
8734.580235242844,1304
8735.580252170563,1305
8736.549018859863,1305
8737.924042224884,1305
8738.939684867859,1305
8740.064703941345,1306
8741.095971822739,1306
8742.111614227295,1307
8743.142882108688,1308
8744.158524990082,1308
8745.15854215622,1308
8746.23668551445,1309
8747.736711740494,1309
8748.84610581398,1310
8749.8304977417,1310
8751.455525875092,1311
8752.564920425415,1311
8753.580562829971,1311
8754.721207618713,1312
8755.893102884293,1313
8757.080623865128,1314
8758.143142223358,1314
8759.643168210983,1314
8760.690061569214,1314
8761.674453735352,1314
8762.65884590149,1309
8763.690114021301,1310
8764.768257856369,1309
8765.783900737762,1310
8766.815169095993,1311
8767.799560546875,1311
8768.987081289291,1312
8769.94022321701,1313
8771.112118244171,1314
8772.112135648727,1314
8773.065277576447,1314
8774.09654545784,1314
8775.143438577652,1315
8776.12783074379,1315
8777.268475532532,1315
8778.409120798111,1315
8779.706018447876,1315
8780.81541275978,1316
8781.924806833267,1316
8783.284205675125,1316
8784.2842233181,1317
8785.26861524582,1318
8786.393634796143,1319
8787.581155538559,1320
8788.768676042557,1320
8789.799944162369,1320
8791.253094673157,1320
8792.581242799759,1320
8793.721888065338,1320
8794.721905231476,1320
8795.690672397614,1320
8796.706314563751,1321
8797.67508149147,1321
8798.800101041794,1321
8799.893870353699,1322
8800.925138235092,1323
8801.97203207016,1323
8803.003299474716,1324
8803.972066640854,1325
8805.097086191177,1325
8806.09710407257,1325
8807.30024933815,1326
8808.425268888474,1327
8809.472162485123,1328
8810.495560407639,1328
8811.558079242706,1327
8812.542471647263,1328
8813.636240720749,1328
8814.886262178421,1329
8816.011281967163,1330
8817.183177232742,1330
8818.214445352554,1331
8819.261338710785,1332
8820.745739221573,1332
8821.917635679245,1333
8823.542663097382,1333
8824.605182886124,1333
8825.652075052261,1334
8826.839595794678,1334
8827.964615106583,1335
8829.027133703232,1336
8830.105277776718,1336
8831.152171850204,1337
8832.183439016342,1338
8833.292833566666,1339
8834.370976924896,1340
8835.761626720428,1341
8837.199151277542,1341
8838.427289247513,1342
8839.468719244003,1342
8840.95311999321,1343
8842.232628107071,1341
8843.221615552902,1341
8844.331009626389,1341
8845.440404176712,1342
8846.471672058105,1342
8847.56544137001,1343
8848.565458774567,1343
8849.643602371216,1343
8850.643619775772,1343
8851.831140756607,1343
8853.003036260605,1344
8854.03430390358,1344
8855.206199645996,1344
8856.315593957901,1345
8857.39373755455,1346
8858.45625591278,1347
8859.550024986267,1347
8860.628170013428,1347
8861.706312894821,1348
8862.862582683563,1349
8863.94072675705,1349
8865.221999168396,1350
8866.268892288208,1351
8867.440788030624,1352
8868.690809965134,1352
8869.70645236969,1352
8870.784596204758,1352
8871.815864086151,1352
8872.800257205963,1353
8873.972151994705,1354
8875.159672498703,1354
8876.50344657898,1354
8877.550338983536,1354
8878.706609487534,1355
8879.81600356102,1355
8880.987899065018,1355
8882.034792661667,1355
8883.206687688828,1355
8884.441084384918,1355
8885.56610417366,1356
8886.64424753189,1357
8887.659890651703,1358
8888.894286870956,1358
8890.00368142128,1359
8891.034950971603,1359
8892.081842660904,1359
8893.097485542297,1359
8894.300631046295,1360
8895.675655126572,1360
8896.722548484802,1360
8898.113197803497,1360
8899.331969976425,1361
8900.378862380981,1362
8901.566383361816,1362
8902.941407203674,1363
8904.003925800323,1363
8905.082069158554,1364
8906.332091093063,1365
8907.472736358643,1365
8908.66025686264,1365
8909.769650936127,1366
8910.785294055939,1367
8911.832186937332,1367
8912.90711927414,1365
8914.208891630173,1366
8915.380786895752,1367
8916.662059307098,1367
8917.771453619003,1367
8918.97459936142,1367
8920.052743434906,1368
8921.099636554718,1369
8922.552787303925,1370
8923.630930662155,1369
8924.787200689316,1369
8925.927845954895,1370
8927.084115982056,1371
8928.17788529396,1372
8929.318529844284,1372
8930.396673679352,1373
8932.006076812744,1374
8933.20922255516,1375
8934.662373304367,1376
8935.771767616272,1377
8936.928038597107,1378
8938.021807909012,1379
8939.068699836731,1379
8940.303096532822,1379
8941.365614891052,1379
8942.490634679794,1380
8943.58440375328,1380
8944.865675926208,1381
8945.959445238113,1381
8947.115715265274,1381
8948.334486722946,1382
8949.787636756897,1383
8951.50641655922,1384
8952.662687063217,1384
8953.756455898285,1385
8954.85022521019,1386
8955.928369045258,1387
8957.037763357162,1388
8958.147157669067,1389
8959.28780245781,1390
8960.33469581604,1390
8961.397214651108,1390
8962.631610870361,1390
8963.756630182266,1391
8964.850399494171,1391
8965.975418806076,1392
8967.131689548492,1392
8968.366085767746,1393
8969.428604602814,1393
8970.92863202095,1394
8972.084900856018,1394
8973.178670167923,1395
8974.319315433502,1395
8975.897467136383,1396
8976.991237401962,1396
8978.241258144379,1397
8979.460029363632,1398
8980.64755153656,1398
8981.756944179535,1399
8982.83508849144,1397
8984.069484472275,1398
8985.178879737854,1399
8986.272648096085,1399
8987.335166692734,1400
8988.647690057755,1401
8989.777655124664,1402
8990.969732284546,1402
8992.141627788544,1403
8993.204146385193,1401
8994.29791545868,1402
8995.36043381691,1402
8996.594830274582,1403
8997.67297410965,1404
8998.75111913681,1404
8999.876137971878,1405
9000.985531806946,1406
9002.110551595688,1407
9003.329322814941,1408
9004.548094272614,1408
9005.673113584518,1408
9007.032512426376,1409
9008.329410076141,1410
9009.423179149628,1410
9010.516949176788,1410
9011.751344680786,1411
9012.876364469528,1411
9013.954508066177,1411
9015.048277139664,1412
9016.110795736313,1412
9017.251441001892,1413
9018.501462459564,1413
9019.57960677147,1413
9020.720251321793,1412
9021.912590265274,1412
9023.178986310959,1412
9024.288379907608,1413
9025.413399219513,1414
9026.49154305458,1414
9027.679063558578,1414
9029.10096359253,1414
9030.194732904434,1415
9031.335377693176,1416
9032.55414891243,1416
9033.663542985916,1417
9034.819813251495,1417
9036.069835186005,1418
9037.147978782654,1418
9038.335500478745,1418
9039.523020029068,1419
9040.710540771484,1420
9041.819935560226,1421
9042.898079156876,1421
9044.0074737072,1422
9045.27312040329,1422
9046.366889715195,1422
9047.491909265518,1423
9048.741931200027,1424
9049.991952896118,1425
9051.804484844208,1425
9053.210759162903,1425
9054.351403951645,1425
9055.492048740387,1425
9056.835822105408,1426
9058.117094755173,1427
9059.30461525917,1427
9060.507761716843,1428
9061.632781028748,1429
9062.742175340652,1430
9063.851569652557,1430
9065.054715394974,1430
9066.164110183716,1431
9067.32038116455,1432
9068.429774284363,1432
9070.039177894592,1433
9071.211072683334,1434
9072.336092710495,1435
9073.476737499237,1435
9074.58613204956,1435
9075.961155891418,1436
9077.351805210114,1436
9078.74245429039,1436
9080.039351940155,1437
9081.148746490479,1437
9082.351892709732,1435
9083.4612865448,1436
9084.633182048798,1436
9085.726951360703,1437
9086.851970911026,1437
9088.336371421814,1437
9089.89889883995,1437
9091.195796489716,1438
9092.301521062851,1438
9093.571678638458,1439
9094.899827241898,1440
9096.024846315384,1440
9097.165491819382,1441
9098.306136131287,1440
9099.540533065796,1441
9100.634301900864,1442
9101.790572166443,1443
9102.946842432022,1442
9104.165613651276,1443
9105.400010347366,1443
9106.712532758713,1443
9107.853177785873,1443
9109.150075435638,1443
9110.446973085403,1444
9111.72824549675,1444
9113.025142669678,1444
9114.197038650513,1444
9115.322058200836,1445
9116.822083950043,1446
9118.040854215622,1446
9119.150247573853,1446
9120.337767839432,1447
9121.462786436081,1447
9122.634681940079,1448
9123.775326013565,1448
9124.884720087051,1449
9126.025364398956,1450
9127.212884426117,1451
9128.462905883789,1452
9129.634801626205,1453
9130.728569984436,1453
9131.86921453476,1453
9133.103610754013,1453
9134.259880781174,1454
9135.431776046753,1455
9136.697422742844,1456
9137.884943246841,1455
9139.15059041977,1456
9140.494363307953,1455
9141.588132619858,1456
9142.83815407753,1457
9144.088175535202,1458
9145.275696277618,1459
9146.525718450546,1460
9147.899091959,1460
9149.151991844177,1460
9150.54264140129,1460
9151.675230503082,1460
9153.253382921219,1460
9154.440903425217,1461
9155.831552743912,1461
9156.972197294235,1461
9158.144093036652,1461
9159.300363063812,1461
9160.472258806229,1460
9161.581652879715,1460
9162.941051959991,1461
9164.40982723236,1462
9165.581723213196,1462
9166.862995147705,1463
9168.191143751144,1464
9169.441165208817,1465
9170.638762950897,1466
9171.888783931732,1465
9173.076304674149,1466
9174.388827323914,1467
9175.607598781586,1468
9176.904496192932,1468
9178.076391935349,1469
9179.342038869858,1470
9180.513934373856,1470
9182.060836076736,1470
9183.638988733292,1471
9184.79525923729,1471
9185.982779741287,1472
9187.18592596054,1472
9188.357821464539,1472
9189.764095783234,1473
9191.185995340347,1473
9192.49851846695,1473
9193.857917070389,1474
9195.623572587967,1475
9196.998596668243,1475
9198.295494318008,1476
9199.467389583588,1477
9200.733037233353,1477
9202.14837360382,1476
9203.453958749771,1477
9204.73523068428,1478
9206.204006433487,1478
9207.407152414322,1478
9208.547797203064,1478
9209.954071521759,1479
9211.141592502594,1480
9212.313487768173,1480
9213.626010894775,1481
9214.797906398773,1481
9216.032302856445,1480
9217.235448598862,1481
9218.469845294952,1482
9219.657366037369,1476
9220.87613749504,1476
9222.126159191132,1474
9223.407432079315,1472
9224.673078298569,1470
9225.954350948334,1471
9227.141871452332,1472
9228.31376695633,1472
9229.688791036606,1472
9230.891936779022,1472
9232.048206806183,1472
9233.251353025436,1472
9234.407623052597,1472
9235.657644987106,1470
9236.845166921616,1465
9238.063936948776,1460
9239.235832214355,1460
9240.548355102539,1461
9242.189008712769,1460
9243.689034938812,1461
9245.06405878067,1461
9246.29845547676,1459
9247.517226696014,1453
9249.064128875732,1454
9250.267274856567,1454
9251.407919883728,1455
9252.6579413414,1456
9253.829836845398,1457
9255.001732349396,1458
9256.18925333023,1458
9257.314272642136,1459
9258.564294338226,1459
9259.689314126968,1452
9260.861209392548,1453
9262.017480373383,1454
9263.22062587738,1455
9264.408146381378,1454
9265.564416646957,1455
9266.68943619728,1455
9267.876956939697,1456
9269.033227205276,1456
9270.298874139786,1456
9271.50202012062,1456
9273.33396601677,1456
9274.662114620209,1457
9276.037138462067,1458
9277.24028468132,1458
9278.443430423737,1459
9279.584075212479,1458
9280.959099054337,1459
9282.380999088287,1460
9283.52164387703,1461
9285.021670103073,1461
9286.224816083908,1462
9287.34983587265,1462
9288.568606853485,1463
9289.740502357483,1464
9290.9123980999,1464
9292.334297657013,1465
9293.459317207336,1466
9294.865591526031,1466
9296.006236553192,1467
9297.256258487701,1466
9298.771910190582,1466
9300.115683317184,1467
9301.287578821182,1468
9302.475099563599,1468
9303.70949602127,1469
9304.912642478943,1469
9306.084537267685,1470
9307.193931818008,1468
9308.33457660675,1469
9309.475221395493,1469
9310.647117137909,1466
9312.006515741348,1467
9313.225286960602,1468
9314.444058418274,1469
9315.694079875946,1466
9316.850350141525,1455
9317.990994930267,1455
9319.116014957428,1455
9320.241034269333,1456
9321.41293001175,1451
9322.725452899933,1452
9323.881722927094,1452
9325.116119384766,1451
9326.50676870346,1445
9328.006795883179,1446
9329.20994067192,1446
9330.334960460663,1446
9331.506855726242,1446
9332.631875276566,1445
9333.819396018982,1445
9334.97566652298,1445
9336.131937265396,1446
9337.38195848465,1447
9338.64760518074,1448
9339.788250207901,1449
9340.960146427155,1450
9342.178916931152,1451
9343.428938627243,1452
9344.741461753845,1453
9345.975858211517,1454
9347.19462966919,1452
9348.382150173187,1451
9349.998796224594,1452
9351.186501979828,1442
9352.311520338058,1442
9353.499041080475,1440
9354.717812299728,1441
9355.874083042145,1441
9357.358484506607,1442
9358.483502864838,1439
9359.639773130417,1440
9360.842918872833,1441
9362.046065092087,1440
9363.421088933945,1441
9364.624235153198,1441
9365.74925494194,1441
9366.952400445938,1442
9368.296174049377,1442
9369.452444314957,1443
9370.639964580536,1444
9371.827486038208,1444
9373.077507257462,1443
9374.280653715134,1443
9375.390048503876,1444
9376.62444448471,1445
9377.749464035034,1446
9378.905734300613,1447
9380.218257427216,1447
9381.374527215958,1448
9382.599020957947,1449
9383.724040746689,1450
9384.849060297012,1449
9386.161583423615,1449
9387.614733219147,1449
9389.161635637283,1450
9390.474158525467,1451
9392.09918665886,1452
9393.271081924438,1452
9394.521103858948,1453
9395.630498409271,1453
9396.864894390106,1454
9398.099291324615,1453
9399.224311351776,1453
9400.396206140518,1454
9401.536851406097,1455
9403.05250287056,1455
9404.302524805069,1455
9405.646297931671,1456
9406.88069486618,1456
9408.34947013855,1456
9409.458864688873,1457
9410.646385192871,1458
9411.849531173706,1459
9413.052676916122,1459
9414.224572896957,1460
9415.56834602356,1460
9417.083997488022,1460
9418.240267515182,1461
9419.459038734436,1462
9420.896564006805,1462
9422.193461418152,1462
9423.380982637405,1463
9424.52162694931,1464
9426.006027936935,1464
9427.20917391777,1465
9428.381070137024,1466
9429.61546587944,1467
9430.818611860275,1467
9432.131134986877,1467
9433.381156682968,1468
9434.740555286407,1469
9435.990577220917,1470
9437.428102016449,1470
9438.599997758865,1471
9439.928146600723,1471
9441.131291866302,1472
9442.318812608719,1472
9443.506333351135,1472
9444.8188560009,1472
9445.990751504898,1473
9447.303274154663,1474
9448.45954465866,1475
9449.72519159317,1476
9451.022089004517,1476
9452.527212619781,1477
9453.745236873627,1477
9454.885882377625,1477
9456.120279312134,1478
9457.496470212936,1479
9458.785556793213,1479
9460.082454442978,1480
9461.272424697876,1480
9462.897452831268,1480
9464.131850719452,1481
9465.350621461868,1482
9466.585018157959,1483
9467.788163900375,1483
9468.99130988121,1481
9470.210081577301,1482
9471.553854703903,1481
9472.772625207901,1480
9473.991396427155,1480
9475.444546699524,1481
9476.710193872452,1481
9477.866463899612,1482
9479.116485834122,1483
9480.413383245468,1483
9481.647779941559,1483
9482.99155330658,1482
9484.179074287415,1483
9485.350969314575,1484
9486.616616725922,1484
9487.960390090942,1485
9489.179162025452,1486
9490.319806337357,1487
9491.52295255661,1488
9492.72609782219,1489
9494.022995710373,1490
9495.351143598557,1490
9496.52303981781,1491
9497.91368842125,1491
9499.194960832596,1492
9500.382481575012,1493
9501.695005893707,1494
9503.007529735565,1495
9504.320053815842,1496
9505.632577180862,1497
9506.788848400116,1497
9508.038870811462,1498
9509.632649183273,1498
9511.14830160141,1499
9512.585827350616,1500
9513.867100000381,1501
9515.085871696472,1502
9516.507771730423,1502
9517.710917949677,1502
9518.945314645767,1503
9520.164086341858,1504
9521.47660946846,1504
9522.679755449295,1505
9523.914151906967,1506
9525.195424556732,1507
9526.429821491241,1507
9527.67984342575,1507
9528.945489883423,1508
9530.269293546677,1508
9531.454060554504,1508
9532.704082727432,1509
9533.907228708267,1508
9535.110374689102,1508
9536.391646623611,1509
9537.657294034958,1510
9538.876065254211,1511
9540.407343387604,1511
9541.626114606857,1511
9542.876136541367,1512
9544.219909906387,1513
9545.469932079315,1514
9546.641827106476,1514
9547.938724517822,1514
9549.20437169075,1515
9550.45439362526,1515
9551.79816699028,1515
9553.001313209534,1515
9554.266960859299,1515
9555.595108270645,1515
9557.032633304596,1516
9558.220154047012,1516
9559.548302173615,1517
9560.954576730728,1518
9562.158047437668,1519
9563.40031671524,1520
9564.603458404541,1521
9565.947231769562,1520
9567.447257518768,1521
9568.775406122208,1522
9570.009802341461,1521
9571.24419927597,1521
9572.525471448898,1521
9573.869244813919,1522
9575.103641271591,1521
9576.322412490845,1521
9577.666186094284,1522
9578.869332790375,1522
9580.431859254837,1523
9581.728756666183,1524
9582.963153600693,1524
9584.4475543499,1525
9585.869454145432,1526
9587.260103225708,1526
9588.494499921799,1527
9589.916399717331,1527
9591.166421413422,1527
9592.432068824768,1528
9593.728965997696,1529
9595.025863647461,1529
9596.260260105133,1530
9597.510282278061,1530
9598.775929450989,1531
9600.307205915451,1532
9601.713480472565,1532
9603.041628599167,1533
9604.369777917862,1533
9605.713550329208,1533
9606.963572263718,1533
9608.307346343994,1534
9609.541741847992,1534
9610.869890213013,1531
9612.166787862778,1531
9613.541811466217,1531
9614.791833400726,1531
9616.10435628891,1531
9617.370003461838,1531
9618.58877491951,1532
9619.995049238205,1531
9621.370073318481,1531
9622.651345729828,1531
9623.995119094849,1531
9625.30764222145,1532
9626.526413917542,1532
9627.83893609047,1532
9629.120208024979,1533
9630.38585448265,1533
9631.604625940323,1533
9632.895847082138,1534
9634.139505624771,1534
9635.420778512955,1534
9636.717675209045,1535
9637.967696666718,1536
9639.483348369598,1537
9640.795870304108,1538
9642.186519384384,1539
9643.49904203415,1539
9644.780314445496,1540
9646.139712810516,1541
9647.38973402977,1540
9648.608505249023,1541
9649.88977766037,1542
9651.124174118042,1542
9652.686701059341,1543
9653.905472517014,1543
9655.155494451523,1543
9656.45239162445,1543
9657.749289512634,1543
9658.983685970306,1544
9660.311834335327,1544
9661.62435722351,1544
9663.015006303787,1545
9664.280653476715,1546
9665.593176364899,1547
9667.046326637268,1548
9668.4369764328,1548
9669.81200003624,1548
9671.15577340126,1549
9672.468296527863,1549
9673.874570846558,1549
9675.124592542648,1549
9676.468366146088,1550
9677.952766656876,1550
9679.218414068222,1550
9680.484060764313,1550
9681.780958414078,1551
9683.18723320961,1552
9684.484130620956,1552
9685.718527317047,1553
9687.140427350998,1553
9688.4842004776,1554
9689.874849796295,1555
9691.296750307083,1556
9692.749900102615,1557
9693.999922275543,1558
9695.281194210052,1559
9696.624967575073,1560
9697.937490463257,1561
9699.296888828278,1562
9700.640662431717,1563
9701.906309604645,1564
9703.156331539154,1565
9704.60948252678,1565
9705.984505653381,1565
9707.312654018402,1565
9708.562675714493,1565
9709.9363925457,1566
9711.369520425797,1567
9712.697668552399,1568
9714.010191440582,1568
9715.322714090347,1569
9716.713363647461,1570
9718.197764396667,1570
9719.541537761688,1570
9720.932187795639,1571
9722.338461875916,1571
9723.635360002518,1570
9725.041633605957,1571
9726.369781970978,1572
9727.651054382324,1572
9729.213581562042,1573
9730.604230642319,1573
9731.90112876892,1574
9733.36990404129,1574
9734.666801691055,1575
9735.979324579239,1576
9737.369973897934,1577
9738.916875839233,1578
9740.276274681091,1579
9741.635673046112,1580
9742.954478025436,1581
9744.329503059387,1581
9745.73577618599,1581
9747.04829955101,1582
9748.360822200775,1583
9749.735846042633,1584
9751.126495838165,1585
9753.157781124115,1585
9754.53280544281,1585
9755.81407737732,1586
9757.267229795456,1586
9758.720381498337,1587
9760.064156770706,1587
9761.75168800354,1588
9763.079837083817,1589
9764.40798664093,1590
9765.751761436462,1590
9767.146667957306,1591
9768.431431531906,1591
9769.743954896927,1589
9771.07654452324,1589
9772.342191934586,1589
9773.670341014862,1589
9775.060990095139,1589
9776.373513698578,1589
9777.701662540436,1590
9779.09231185913,1591
9780.357959508896,1592
9781.717358112335,1591
9783.201759815216,1592
9784.62365937233,1593
9785.983058452606,1594
9787.326833248138,1594
9788.65497994423,1595
9790.108130693436,1595
9791.358152866364,1595
9792.686300754547,1593
9794.155076265335,1593
9795.483225107193,1594
9797.139503717422,1595
9798.483277082443,1594
9799.858300924301,1594
9801.170823574066,1595
9802.452096700668,1596
9803.952123641968,1597
9805.327147483826,1598
9806.670921325684,1599
9808.014694452286,1600
9809.342843294144,1601
9810.749117136002,1601
9812.108515739441,1600
9813.532509088516,1600
9815.079411506653,1601
9816.485685825348,1602
9817.829459190369,1603
9819.282609462738,1603
9820.688884496689,1602
9822.32953619957,1602
9823.829561710358,1602
9825.126458406448,1603
9826.829612493515,1604
9828.235886335373,1605
9829.767162322998,1605
9831.267188310623,1606
9832.626586198807,1607
9833.985984802246,1607
9835.407884120941,1608
9836.923535346985,1609
9838.439186096191,1610
9839.782959461212,1611
9841.204859495163,1612
9842.579883098602,1612
9844.001782178879,1612
9845.345556259155,1612
9846.689329147339,1611
9848.11122918129,1612
9849.517503261566,1613
9850.861277580261,1614
9852.314426660538,1614
9853.611324548721,1615
9854.939472436905,1616
9856.345747232437,1617
9857.642644882202,1617
9859.095794916153,1618
9860.408318281174,1617
9861.783342123032,1617
9863.486496686935,1618
9864.814644813538,1618
9866.377171993256,1618
9867.736570835114,1618
9869.142845392227,1618
9870.517869472504,1619
9871.861643075943,1620
9872.111647367477,1621
9872.658531665802,1622
9872.89291191101,1623
9873.127289533615,1624
9873.346043348312,1625
9873.8304271698,1626
9873.986680030823,1626
9874.189808130264,1627
9874.752317905426,1627
9874.861695289612,1628
9874.971071958542,1628
9875.142949819565,1628
9875.26795244217,1629
9875.65858387947,1629
9875.752335309982,1630
9875.939838886261,1631
9876.111716747284,1631
9876.252345085144,1632
9876.564849615097,1633
9877.002357244492,1634
9877.08048415184,1635
9877.3148624897,1636
9877.50236582756,1636
9877.596117734909,1636
9877.705494880676,1637
9877.8773727417,1638
9878.002374649048,1638
9878.096126556396,1638
9878.29925608635,1639
9878.424257278442,1640
9878.518008708954,1641
9878.596135139465,1642
9878.783638477325,1642
9878.861764907837,1641
9879.127394199371,1641
9879.283647060394,1641
9879.50240111351,1642
9879.596152544022,1641
9879.674279212952,1641
9879.893033027649,1642
9879.955533981323,1642
9880.08053612709,1643
9880.18991279602,1643
9880.45554280281,1643
9880.533668756485,1644
9881.096178770065,1645
9881.3461830616,1645
9881.51806139946,1645
9881.62743806839,1646
9881.799316167831,1646
9881.893067836761,1646
9882.143072128296,1647
9882.252448797226,1646
9882.533704042435,1646
9882.705582141876,1645
9883.018087625504,1645
9883.393094062805,1644
9883.486845493317,1644
9883.611847639084,1645
9883.799350976944,1646
9884.158731937408,1647
9884.252483844757,1648
9884.502488136292,1648
9884.674366235733,1648
9884.7993683815,1648
9885.127499103546,1648
9885.221250534058,1649
9885.330627918243,1649
9885.440004348755,1650
9885.54938173294,1651
9885.658759117126,1651
9885.908762693405,1651
9886.018139600754,1652
9886.158766746521,1653
9886.3150203228,1653
9886.486897945404,1653
9886.565024137497,1653
9887.143159389496,1654
9887.315037250519,1655
9887.518166065216,1656
9887.658793210983,1656
9887.830671310425,1656
9888.002549171448,1657
9888.221302986145,1658
9888.393181085587,1659
9888.986941337585,1659
9889.111943721771,1660
9889.471324920654,1660
9889.596326828003,1661
9890.060512304306,1661
9890.263125181198,1662
9890.376566886902,1662
9890.620520353317,1663
9890.714272260666,1664
9890.901775836945,1664
9891.05802822113,1664
9891.46428513527,1664
9891.823667049408,1665
9891.901793003082,1666
9892.292424917221,1666
9892.401801347733,1666
9892.604930400848,1666
9892.761183261871,1665
9892.948686361313,1666
9893.120563983917,1667
9893.354943275452,1668
9893.511196374893,1669
9893.886202573776,1669
9894.13620710373,1670
9894.22995853424,1671
9894.417462348938,1671
9894.495589017868,1671
9894.683091640472,1672
9894.776843070984,1673
9894.854969263077,1673
9895.214350700378,1673
9895.433104515076,1674
9895.511231899261,1675
9895.761235237122,1676
9895.917488098145,1676
9895.995614528656,1676
9896.058115243912,1676
9896.167492628098,1677
9896.354995727539,1677
9896.47999882698,1678
9896.683126211166,1679
9896.855004549026,1680
9897.183135032654,1680
9897.339387655258,1681
9897.542516469955,1682
9897.730019569397,1683
9898.08940076828,1683
9898.276903867722,1684
9898.433156967163,1684
9898.620660066605,1685
9898.714411735535,1685
9898.823788881302,1686
9898.980041503906,1687
9899.120668888092,1687
9899.292546987534,1687
9899.495675325394,1688
9899.73005437851,1688
9899.83943104744,1689
9899.980058908463,1690
9900.151937484741,1691
9900.370690584183,1691
9900.57381939888,1692
9900.77694773674,1692
9900.933200359344,1692
9901.073828935623,1692
9901.183204650879,1693
9901.667588233948,1694
9901.964468240738,1695
9902.261348485947,1695
9902.401976108551,1696
9902.620730876923,1695
9902.698856115341,1694
9902.823858499527,1695
9903.011361837387,1696
9903.120738506317,1697
9903.276991128922,1697
9903.386368274689,1698
9903.542621135712,1699
9903.683248281479,1700
9903.761374950409,1700
9904.13638138771,1701
9904.292634010315,1702
9904.370760440826,1703
9904.589514255524,1704
9904.667640924454,1704
9904.980146408081,1705
9905.12077331543,1705
9905.230150461197,1705
9905.620782613754,1706
9905.855161428452,1706
9906.058289766312,1707
9906.323919534683,1707
9906.417671203613,1707
9906.636425495148,1707
9906.980180978775,1708
9907.136433839798,1709
9907.308312654495,1709
9907.41768860817,1710
9907.683317899704,1711
9907.823945999146,1711
9907.99582362175,1712
9908.089575529099,1713
9908.198952436447,1713
9908.402081012726,1714
9908.68333530426,1714
9908.855214118958,1714
9908.933339834213,1714
9909.04271697998,1714
9909.13646888733,1714
9909.277096748352,1715
9909.573976278305,1715
9909.792730093002,1715
9909.870856285095,1716
9910.058359622955,1717
9910.167736768723,1717
9910.261488199234,1718
9910.433366298676,1718
9910.667745351791,1718
9910.792747497559,1719
9910.886499404907,1719
9910.995875835419,1720
9911.18337893486,1720
9911.261505842209,1720
9911.527135133743,1721
9911.652138233185,1721
9911.792765140533,1721
9911.886516809464,1722
9912.745906352997,1723
9912.917784452438,1723
9913.08966255188,1723
9913.261540412903,1724
9913.449043989182,1724
9913.66779756546,1724
9913.886551618576,1725
9914.183431625366,1726
9914.308433771133,1725
9914.480311870575,1725
9914.605314016342,1725
9914.870943546295,1725
9914.964694976807,1725
9915.074072122574,1726
9915.433453321457,1726
9915.683457612991,1727
9915.886586427689,1727
9916.292843580246,1728
9916.792852163315,1728
9916.9178545475,1729
9917.370987415314,1730
9917.574116945267,1729
9917.69911813736,1730
9917.949122190475,1730
9918.464756011963,1730
9918.621008872986,1731
9918.839762687683,1732
9918.917889356613,1732
9919.277270317078,1732
9919.433522939682,1733
9919.855406284332,1734
9919.949157476425,1734
9920.136661529541,1734
9920.261662721634,1735
9920.417915582657,1735
9920.636669397354,1735
9920.73042178154,1736
9921.214804172516,1736
9921.621061086655,1736
9921.828925132751,1737
9921.916229486465,1737
9922.440674066544,1738
9923.001103878021,1738
9923.766741991043,1738
9923.844868421555,1738
9923.98549580574,1737
9924.391752958298,1738
9924.610506772995,1739
9924.719883441925,1739
9924.93863749504,1739
9925.04801440239,1739
9925.15739107132,1740
9925.391770362854,1741
9925.485521793365,1742
9925.766776800156,1743
9925.844903230667,1744
9926.11053276062,1745
9926.798044919968,1745
9926.923047065735,1745
9927.079299926758,1745
9927.23555278778,1744
9927.329303979874,1744
9927.485557317734,1744
9927.688686132431,1745
9927.829312801361,1746
9928.173069000244,1747
9928.313696146011,1748
9928.626201868057,1748
9928.719953536987,1749
9928.81370472908,1750
9929.532467365265,1750
9929.86059832573,1751
9929.93872475624,1751
9930.03247642517,1751
9930.126227617264,1751
