Time (s),Number of Solutions
0.0,1
2.562544584274292,7
780.7485244274139,22
781.6860406398773,23
782.0454216003418,24
782.2954261302948,25
782.5298054218292,26
782.5610558986664,27
782.6079320907593,28
782.9829380512238,29
783.0141892433167,29
783.1079404354095,30
783.186066865921,31
783.2641930580139,32
783.3735702037811,33
783.4360711574554,34
783.6391994953156,35
784.2954609394073,36
784.4517135620117,37
784.4829640388489,38
784.5142147541046,39
784.5767159461975,40
784.670467376709,41
784.7173435688019,41
784.9985983371735,42
786.0454914569855,43
786.7798798084259,44
786.9205069541931,45
786.9673826694489,46
787.0767595767975,47
787.514267206192,48
788.1236538887024,49
788.3111569881439,50
788.3736581802368,51
788.404908657074,52
788.5142858028412,53
788.5767867565155,54
788.7174134254456,55
788.7955393791199,56
788.9361670017242,57
790.451818227768,58
790.5455701351166,58
790.5924460887909,59
790.7955749034882,60
790.8424506187439,61
790.889326095581,61
791.0455784797668,62
791.0768291950226,62
791.1393303871155,63
791.4049601554871,64
791.5612127780914,65
791.7018401622772,66
792.2174744606018,67
792.264349937439,67
792.3893520832062,68
792.4831037521362,68
794.2800099849701,69
794.326886177063,70
794.3893871307373,70
794.7331428527832,71
794.7800190448761,71
794.8581454753876,72
794.951896905899,73
795.0612740516663,74
795.108149766922,75
795.2487771511078,76
795.2956528663635,76
795.4519057273865,77
795.639408826828,78
796.7488033771515,79
796.8581802845001,79
802.6707816123962,80
802.7332825660706,81
802.811408996582,80
802.8582849502563,80
802.9989125728607,81
803.0926642417908,82
803.4051692485809,83
803.4989211559296,84
803.5457966327667,84
803.6082978248596,84
803.6707990169525,84
803.764550447464,85
803.842677116394,86
803.9364287853241,87
804.1083071231842,88
804.2958102226257,89
804.4520626068115,90
804.5853891372681,91
804.6856637001038,92
804.8511664867401,93
804.9195730686188,93
804.9836513996124,93
805.302473783493,94
805.3743085861206,94
805.5145998001099,95
805.6197361946106,96
805.6910157203674,96
805.795458316803,97
805.8707566261292,98
806.3378093242645,99
806.705516576767,100
806.8617689609528,101
806.9789414405823,101
807.0518789291382,100
807.1456298828125,101
807.223756313324,101
807.3800084590912,102
807.5050106048584,103
807.5987622737885,104
807.6768879890442,104
807.7743513584137,105
807.8487319946289,105
807.9604487419128,106
808.2614579200745,107
808.3955342769623,108
808.5589838027954,109
808.662362575531,109
808.737363576889,109
808.8190021514893,109
808.8964424133301,110
809.0839450359344,111
809.176614522934,111
809.4237315654755,112
814.4657928943634,113
814.7760782241821,114
815.5421724319458,115
815.9268860816956,116
816.0262150764465,116
816.2870380878448,117
844.1807208061218,118
844.2743463516235,119
844.4222161769867,120
844.5929868221283,121
844.7976369857788,122
844.8694984912872,123
845.025750875473,124
845.2445046901703,125
845.3492538928986,126
845.4273805618286,126
845.6773846149445,127
845.7711362838745,127
845.8492624759674,127
845.9273889064789,127
846.0211405754089,128
846.1773931980133,129
846.3336458206177,130
846.474273443222,131
846.5523996353149,131
846.6774020195007,131
846.7711536884308,131
846.9274060726166,132
847.0211579799652,132
847.1183581352234,133
847.2664935588837,134
847.4148313999176,135
847.5276868343353,136
847.6737620830536,137
847.7675137519836,137
847.8800618648529,137
848.025988817215,137
848.2134921550751,138
848.3072435855865,139
848.4166204929352,140
848.666624546051,141
848.8228776454926,141
848.9947555065155,142
849.1510083675385,143
849.2447597980499,143
849.3463666439056,144
849.4659354686737,143
849.6406240463257,144
849.7409110069275,145
849.8370852470398,145
849.958368062973,146
850.2074251174927,147
850.301176071167,148
850.4105532169342,147
850.5463819503784,148
850.7752206325531,149
850.9304480552673,150
851.020712852478,150
851.3674376010895,151
851.4614717960358,152
851.5661897659302,153
851.8404169082642,154
852.032689332962,154
852.5777130126953,155
852.6918470859528,155
852.8111460208893,156
852.9452817440033,157
853.1327848434448,155
853.253933429718,156
853.3487691879272,156
853.5267372131348,156
853.7600507736206,155
853.9388959407806,153
854.0394251346588,153
854.1602959632874,152
854.2905447483063,152
854.5418899059296,153
854.6668920516968,153
854.810183763504,152
855.1123239994049,153
856.1022222042084,154
856.2031970024109,155
856.3107004165649,156
856.4947493076324,157
856.598955154419,157
856.7482254505157,158
856.8558509349823,158
857.0444648265839,159
857.1647596359253,159
857.2668282985687,159
857.4088094234467,159
857.6436166763306,159
857.7444524765015,159
857.8442437648773,159
858.0035355091095,159
858.1037776470184,159
858.250646352768,160
858.4151842594147,161
858.5245616436005,161
858.7004821300507,161
858.8059678077698,161
858.942734003067,162
859.0764768123627,163
859.1770322322845,163
859.4735283851624,163
859.5789868831635,160
859.8937151432037,161
860.043713092804,162
860.2415647506714,163
860.3998959064484,164
860.5411422252655,165
861.1649479866028,166
861.9202284812927,167
862.0139801502228,168
862.12335729599,168
862.6389908790588,169
862.7639932632446,170
862.8889954090118,171
863.013997554779,172
863.1077494621277,173
863.2483780384064,173
863.4202544689178,174
863.5608820915222,174
863.6702589988708,175
863.7952613830566,176
863.9358887672424,177
864.0452656745911,177
864.2327687740326,178
864.5765247344971,179
864.7171521186829,179
1799.1583497524261,180
1799.3458528518677,181
1799.4552295207977,180
1799.6427326202393,181
1799.7677347660065,181
1799.9396131038666,182
1800.095865726471,183
1800.2208678722382,184
1800.3302450180054,184
1800.5646240711212,185
1800.7833776474,186
1800.8927545547485,186
1801.0177567005157,187
1801.2521359920502,188
1801.4552643299103,188
1801.6115174293518,189
1801.7833950519562,190
1801.9083976745605,190
1802.017774105072,190
1802.158401966095,191
1802.3146545886993,191
1802.4709072113037,191
1802.627159833908,192
1802.7677874565125,192
1802.9084148406982,192
1803.0802927017212,193
1803.2209203243256,193
1803.3615477085114,193
1803.4865498542786,193
1803.6115517616272,193
1803.720929145813,193
1803.8459310531616,194
1803.9709334373474,194
1804.0959355831146,194
1804.2834386825562,195
1804.455316543579,196
1804.5803191661835,197
1804.7209465503693,197
1804.845948457718,196
1804.9553253650665,196
1805.1740794181824,197
1805.345957517624,197
1805.705338716507,198
1805.8615911006927,199
1806.0178439617157,199
1806.1897220611572,199
1806.2990989685059,199
1806.4709770679474,199
1806.580353975296,199
1806.6897308826447,199
1806.8303580284119,200
1807.2366151809692,201
1807.3928680419922,202
1807.642872095108,203
1807.8460009098053,204
1807.9866285324097,205
1808.1741316318512,206
1808.3460097312927,207
1808.502262353897,207
1808.6428897380829,207
1808.7835173606873,207
1808.9553952217102,208
1809.1428983211517,208
1809.3304016590118,209
1809.4710292816162,209
1809.596031665802,209
1809.7366590499878,210
1809.9085371494293,211
1810.0647897720337,211
1810.189791917801,210
1810.3147940635681,211
1810.4554212093353,209
1810.5804235935211,209
1810.7054257392883,209
1810.8304278850555,209
1810.9554300308228,210
1811.2523102760315,211
1811.3773126602173,212
1811.5179398059845,213
1811.7210686206818,214
1811.8773212432861,215
1812.0335738658905,215
1812.4554562568665,216
1812.9710903167725,217
1813.1117174625397,218
1813.2367198467255,218
1813.3617219924927,218
1813.47109913826,218
1813.6117265224457,219
1814.1586110591888,220
1814.3148636817932,219
1814.455491065979,218
1814.7211208343506,219
1814.9398748874664,220
1815.064876794815,220
1815.2523798942566,221
1815.3617570400238,221
1815.5023844242096,221
1815.6742622852325,221
1815.8148901462555,222
1815.9555175304413,222
1816.111769914627,223
1816.2836480140686,222
1816.4399008750916,223
1816.689905166626,224
1816.8305325508118,225
1816.955534696579,224
1817.1586635112762,223
1817.3149161338806,224
1817.5024197101593,225
1817.674297094345,226
1817.8461756706238,227
1818.0805542469025,228
1818.2524328231812,228
1818.455560684204,229
1818.6118137836456,230
1818.8149437904358,230
1819.0493214130402,231
1819.2368249893188,232
1819.377452135086,233
1819.6274564266205,234
1819.7524585723877,234
1819.877460718155,234
1820.4399707317352,235
1820.6430990695953,235
1820.846227645874,236
1820.9712297916412,237
1821.5806152820587,238
1821.721242904663,239
1821.8618702888489,239
1822.0649991035461,239
1822.3306283950806,240
1822.471256017685,241
1822.5962581634521,241
1822.736885547638,242
1822.8775131702423,242
1823.0337657928467,242
1823.2212691307068,242
1823.3931469917297,241
1823.5181488990784,242
1823.6587779521942,242
1823.8306546211243,243
1823.9712822437286,243
1824.1119093894958,243
1824.2681622505188,243
1824.5181665420532,244
1824.8619227409363,245
1825.1431775093079,245
1825.4088072776794,245
1825.6275610923767,246
1825.8306896686554,247
1826.002567768097,248
2144.7965018749237,249
2145.7587995529175,250
2145.945182323456,251
2146.161231994629,252
2146.3864390850067,253
2146.5642278194427,253
2146.8139877319336,254
2146.986282348633,255
2147.2092542648315,255
2147.34912443161,255
2147.5905151367188,256
2147.7520883083344,256
2147.9263248443604,255
2148.0954446792603,256
2148.252369403839,256
2148.4383177757263,257
2148.600302696228,257
2148.775461912155,258
2148.9216413497925,258
2149.0790510177612,259
2149.2837789058685,258
2149.5137820243835,259
2149.6764538288116,259
2149.8239414691925,259
2150.0348360538483,260
2150.1853625774384,259
2150.4350214004517,260
2150.65535736084,260
2150.802345752716,260
2150.9465532302856,260
2151.2108919620514,261
2151.3630282878876,262
2151.5205075740814,262
2151.663105726242,261
2151.897833108902,261
2152.113429784775,259
2152.272609472275,259
2152.478604078293,260
2152.6914863586426,260
2152.839211463928,260
2153.015956878662,261
2153.187834739685,262
2153.406588792801,263
2153.5628414154053,264
2153.719093799591,264
2153.937847852707,264
2154.1215250492096,265
2154.262152194977,265
2154.4809057712555,266
2154.6684091091156,267
2154.90278840065,268
2176.187445640564,269
2176.4292256832123,270
2176.6241512298584,270
2176.8412675857544,269
2177.0059835910797,269
2177.192395925522,269
2177.48272562027,268
2177.7791125774384,269
2177.924978494644,270
2178.0805184841156,270
2178.2384173870087,270
2178.4354021549225,270
2178.6096148490906,270
2178.761888742447,270
2179.132039785385,271
2179.317282676697,271
2179.626469373703,272
2179.9170503616333,273
2180.090453147888,274
2180.2448139190674,275
2180.9054234027863,276
2181.200514316559,277
2181.4363939762115,277
2181.663100004196,278
2181.8545773029327,278
2182.025768995285,279
2182.1989793777466,279
2182.468486070633,280
2182.6340370178223,281
2182.87184214592,281
2183.1270937919617,282
2183.3215515613556,282
2183.4803998470306,282
2183.8523211479187,283
2184.0170335769653,284
2184.2450618743896,285
2184.4358310699463,285
2184.6098022460938,285
2184.802510023117,285
2184.9855618476868,286
2185.1416335105896,285
2185.327139854431,285
2185.5054292678833,285
2185.6942088603973,285
2186.17525267601,285
2186.3319895267487,285
2186.5142612457275,285
2186.6949622631073,284
2186.906742334366,284
2187.054538488388,284
2187.275331258774,284
2187.435720682144,283
2187.6362347602844,284
2187.8245491981506,285
2188.108539581299,286
2188.333847761154,287
2188.4907732009888,287
2188.6994502544403,287
2188.9089410305023,288
2189.16259431839,289
2189.3364856243134,290
2189.501187324524,291
2189.683901309967,292
2189.850166320801,292
2190.015951395035,292
2190.1739106178284,293
2190.3331780433655,293
2190.7090554237366,293
2190.911405801773,294
2191.0808942317963,294
2191.2469997406006,294
2191.4372437000275,295
2191.5984177589417,295
2191.760638475418,295
2192.0916895866394,296
2192.277359724045,297
2192.509213447571,298
2192.7399084568024,299
2192.911592721939,300
2193.1043734550476,301
2193.385146856308,302
2193.618956565857,303
2193.8890097141266,304
2194.261346578598,305
2194.426986217499,306
2194.6252839565277,307
2194.8013756275177,308
2195.2138307094574,309
2195.5232467651367,310
2195.739815235138,311
2196.108672618866,312
2196.3217284679413,313
2196.526624917984,314
2196.746432542801,314
2197.086344242096,312
2197.3142018318176,312
2197.4859771728516,311
2197.6634924411774,311
2197.860758304596,312
2198.0512969493866,313
2198.211184978485,313
2198.3903007507324,313
2198.558738708496,313
2198.770681142807,312
2199.0007739067078,312
2199.2097342014313,312
2199.3929550647736,307
2199.5588104724884,308
2199.9717059135437,309
2200.1418068408966,310
2200.3683054447174,311
2200.5355172157288,310
2200.7491970062256,309
2201.0811643600464,310
2201.3604276180267,310
2201.641070842743,311
2202.1146280765533,311
2202.51309299469,312
2202.7557027339935,312
2202.9550285339355,313
2203.129182100296,313
2203.404601097107,313
2203.727293252945,314
2203.9205713272095,314
2204.1225686073303,315
2204.3608293533325,315
2204.6696379184723,316
2204.850781440735,316
2205.0592093467712,315
2205.2759437561035,316
2205.4697086811066,316
2205.648285627365,316
2205.8690996170044,316
2206.0541982650757,316
2206.346122741699,317
2206.51650929451,318
2206.770020008087,319
2206.9466071128845,320
2207.1456458568573,321
2207.317523956299,321
2207.79869222641,322
2207.9645969867706,322
2208.158549785614,323
2208.3773033618927,324
2208.5621087551117,324
2208.7652373313904,324
2208.9765424728394,325
2209.231385946274,325
2209.4345145225525,326
2209.603229522705,326
2209.775107383728,326
2209.9782359600067,326
2210.209250688553,327
2210.4436297416687,327
2210.6485159397125,328
2210.9924788475037,329
2211.1834354400635,329
2211.464690208435,329
2211.6625711917877,330
2211.8656990528107,330
2212.10857129097,331
2212.3233573436737,332
2212.683015346527,333
2212.881531715393,333
2213.090104341507,334
2213.2795791625977,335
2213.522343635559,336
2213.7209227085114,337
2213.928671836853,338
2214.1643567085266,339
2214.3439762592316,339
2214.608494281769,340
2214.836867570877,340
2215.0495047569275,340
2215.2838842868805,340
2215.513785839081,340
2215.7058548927307,341
2215.8989074230194,342
2216.108956336975,342
2216.3037786483765,342
2216.534248828888,342
2216.756575345993,343
2216.957232952118,343
2217.169783115387,343
2217.619918823242,344
2217.8012886047363,345
2217.991137981415,344
2218.1603639125824,344
2218.3947427272797,344
2218.573438644409,337
2218.861369371414,338
2219.0890469551086,339
2219.408411502838,340
2219.590217590332,340
2219.8137526512146,341
2219.9856309890747,342
2220.1846890449524,342
2220.4190680980682,343
2220.629284620285,343
2220.8373341560364,342
2221.0404629707336,342
2221.227233171463,342
2221.430361509323,343
2221.725945711136,344
2221.9759500026703,345
2222.2049531936646,346
2222.475159883499,347
2222.7691690921783,348
2222.9451377391815,348
2223.155237674713,349
2223.7308015823364,350
2223.9758100509644,351
2224.1987533569336,352
2224.4523029327393,353
2224.7750256061554,354
2224.9938163757324,354
2225.206929922104,355
2225.4197182655334,354
2225.656631231308,355
2225.9565410614014,356
2226.30966424942,357
2226.548612356186,358
2226.821326971054,359
2227.0321254730225,360
2227.304579973221,361
2227.5077085494995,362
2227.7551386356354,362
2227.973892211914,363
2228.186143875122,363
2228.404897928238,364
2228.6504459381104,365
2228.981067419052,366
2229.1769649982452,366
2229.3957188129425,367
2229.6754076480865,368
2229.925411939621,368
2230.193097114563,369
2230.407238006592,369
2230.666310787201,369
2230.8572447299957,369
2231.194304704666,370
2231.4489459991455,370
2231.8094363212585,371
2231.9969398975372,371
2232.2216613292694,371
2232.434390306473,371
2232.636836051941,371
2232.9033863544464,371
2233.251459121704,371
2233.4858491420746,371
2233.750965356827,372
2234.1872007846832,373
2234.4928472042084,373
2234.788136959076,373
2235.0301146507263,374
2235.426563978195,375
2235.689216375351,376
2235.970470905304,376
2236.201357603073,377
2236.498237133026,377
2236.7618498802185,377
2236.9962289333344,378
2237.228992462158,379
2237.4633712768555,379
2238.1013054847717,380
2238.4132747650146,380
2238.6786382198334,380
2238.928642511368,381
2239.198938369751,381
2239.464567899704,381
2239.720562696457,382
2240.056791305542,383
2240.3012442588806,384
2240.598124265671,385
2240.8939888477325,386
2241.0971179008484,386
2241.3774065971375,387
2241.5961604118347,388
2241.841283082962,389
2242.125715970993,389
2242.5664370059967,390
2242.8172113895416,390
2243.0829169750214,390
2243.3323588371277,390
2243.6498358249664,391
2243.909852027893,391
2244.1584112644196,391
2244.3927898406982,392
2244.62126994133,392
2244.8595576286316,392
2245.0860092639923,392
2245.3905251026154,392
2245.6487205028534,392
2245.8573610782623,393
2246.1855416297913,394
2246.4042954444885,395
2246.629111289978,395
2246.8710436820984,396
2247.105422973633,397
2247.338408946991,385
2247.604038476944,385
2247.8540499210358,385
2248.0571784973145,385
2248.4775018692017,385
2248.756702184677,386
2249.130358695984,387
2249.3360731601715,385
2249.8357758522034,382
2250.117363214493,375
2250.5091576576233,376
2250.916271686554,377
2251.1436755657196,376
2251.3407196998596,374
2251.642076253891,375
2251.94939160347,375
2252.290756225586,376
2252.5438215732574,376
2252.755879163742,376
2253.176899909973,376
2253.5420837402344,377
2254.362274169922,378
2254.704480409622,379
2254.9388597011566,379
2255.173214673996,380
2255.391968011856,380
2255.73446393013,381
2255.9844677448273,382
2256.35808634758,383
2256.6712555885315,384
2256.9064478874207,384
2257.215703725815,385
2257.4500823020935,384
2257.6926398277283,384
2257.901350736618,384
2258.22282910347,385
2258.496096611023,386
2258.9332501888275,387
2259.1884927749634,388
2259.402477502823,387
2259.639588356018,387
2259.9479715824127,388
2260.168454170227,387
2260.4174716472626,388
2260.696631669998,381
2260.9320538043976,382
2261.196143388748,383
2261.4804949760437,384
2261.708922147751,382
2261.958926677704,382
2262.1913068294525,381
2262.4569363594055,381
2262.6898131370544,381
2262.892941713333,381
2263.15477848053,382
2263.42187333107,383
2263.658208847046,380
2264.1489951610565,381
2264.5612659454346,382
2264.7630038261414,383
2264.9661326408386,384
2265.183146238327,384
2265.511276960373,385
2265.732667207718,385
2265.9670462608337,386
2266.1793296337128,386
2266.527155637741,387
2266.7920536994934,387
2267.010807275772,388
2267.3521468639374,389
2267.622594833374,390
2267.8232233524323,391
2268.0888516902924,392
2268.3596942424774,393
2268.61466217041,394
2268.854279279709,394
2269.1058053970337,395
2269.358165025711,395
2269.6635506153107,395
2269.929718017578,396
2270.160027742386,397
2270.3996617794037,398
2270.6287047863007,398
2270.9258773326874,399
2271.3105635643005,400
2271.6089363098145,401
2272.1688001155853,402
2272.4551265239716,403
2272.818379163742,404
2273.102323293686,404
2273.321540117264,404
2273.6150422096252,404
2273.8744831085205,405
2274.2292098999023,406
2274.504713535309,407
2274.739806652069,408
2275.00621342659,409
2280.623395681381,410
2301.8981053829193,411
2302.2024240493774,412
2302.567129135132,412
2302.8595957756042,412
2303.110949277878,413
2344.134460926056,414
2344.353214740753,414
2344.6625714302063,414
2344.9555950164795,415
2345.2092096805573,415
2345.459372282028,416
2345.7398765087128,417
2346.1784155368805,417
2346.617475271225,418
2346.9299805164337,419
2347.1976261138916,420
2347.522961139679,421
2347.8231456279755,421
2348.1228556632996,421
2348.357233285904,421
2348.647036075592,421
2348.921680688858,420
2349.146162748337,420
2349.4546191692352,421
2349.7853875160217,422
2350.1464126110077,422
2350.427619934082,423
2350.741208553314,424
2351.022528886795,425
2351.3224556446075,426
2351.6006920337677,425
2351.8543181419373,425
2352.3034286499023,425
2352.56778383255,426
2352.833413362503,427
2353.0683755874634,427
2353.302754640579,427
2353.583735227585,427
2353.8337395191193,427
2354.083419561386,428
2354.3177983760834,428
2354.552631855011,421
2354.787010908127,421
2355.022479534149,421
2355.3193595409393,421
2355.5855219364166,422
2355.898027420044,423
2356.196930170059,424
2356.4980676174164,422
2356.7465155124664,421
2357.021837234497,420
2357.2951040267944,414
2357.568433046341,413
2357.8290197849274,413
2358.0680854320526,414
2358.3152022361755,415
2358.552683353424,415
2358.801701068878,415
2359.0694048404694,415
2359.333414077759,412
2359.5847561359406,412
2359.83580827713,411
2360.1630816459656,411
2360.4630703926086,408
2360.694543361664,409
2360.9479320049286,409
2361.209701538086,408
2361.449918985367,402
2361.7720386981964,391
2361.9984378814697,391
2362.27108335495,386
2362.58344745636,380
2362.833451986313,381
2363.0617821216583,382
2363.302702665329,379
2363.5052754879,379
2363.7372376918793,370
2363.9559910297394,366
2364.1794097423553,364
2364.3664088249207,364
2364.5758817195892,355
2364.7719752788544,351
2365.1508634090424,351
2365.432118654251,348
2365.638148546219,349
2366.21723985672,350
2366.583883047104,351
2366.9224910736084,352
2367.1460196971893,353
2367.3774240016937,352
2367.5836265087128,352
2367.8484756946564,353
2368.303210258484,354
2368.5534064769745,355
2368.9617285728455,356
2369.3061566352844,356
2369.5225155353546,356
2369.7256441116333,356
2369.9026005268097,356
2370.1622796058655,355
2370.381598472595,355
2370.678459405899,354
2370.910500049591,355
2371.1460750102997,356
2371.3960795402527,357
2371.6931076049805,358
2371.9821355342865,358
2372.223961353302,359
2372.4427149295807,359
2372.7718846797943,359
2373.0859682559967,359
2373.429724216461,359
2373.838109254837,360
2374.086788415909,360
2374.2919313907623,360
2374.5173468589783,361
2374.731114387512,352
2374.9342436790466,353
2375.1437253952026,354
2375.393520593643,354
2375.6212480068207,355
2375.8238921165466,355
2376.1041448116302,354
2376.299612045288,354
2376.521558046341,355
2376.709060907364,356
2376.9113364219666,357
2377.1311910152435,357
2377.4291141033173,358
2377.8531670570374,359
2378.0534172058105,360
2378.303421497345,360
2378.5688672065735,361
2378.871402025223,360
2379.0998673439026,361
2379.365497112274,362
2379.5831735134125,362
2379.880053758621,363
2380.1767053604126,364
2380.4924557209015,365
2380.7867772579193,366
2381.0519349575043,367
2381.2706882953644,368
2381.537450313568,369
2381.849955558777,370
2382.069271802902,371
2382.3974030017853,371
2382.7433712482452,372
2382.9966938495636,372
2383.199254989624,373
2383.43363404274,374
2383.6852202415466,375
2383.950849533081,376
2384.166228055954,376
2384.3744621276855,376
2384.705324411392,377
2384.9240782260895,378
2385.130418777466,378
2385.3949813842773,378
2385.6782743930817,379
2386.11598944664,379
2386.3972964286804,380
2386.6151185035706,380
2386.8212661743164,381
2387.052750349045,382
2388.0096423625946,383
2388.271729707718,383
2388.504716157913,383
2388.832846403122,383
2389.0992736816406,384
2389.3649027347565,385
2389.615147829056,385
2389.8495268821716,386
2390.239849090576,387
2390.678825378418,388
2391.015875339508,388
2391.228092432022,389
2391.52205824852,390
2391.791715860367,390
2392.0368781089783,391
2392.2778062820435,392
2392.537587404251,392
2392.748327255249,393
2393.0096464157104,393
2393.4375669956207,393
2393.6807839870453,394
2393.9236030578613,395
2394.1616399288177,396
2394.378399372101,396
2394.646094083786,397
2394.849114179611,398
2395.0992012023926,396
2395.3356835842133,397
2395.5524756908417,397
2395.7712292671204,397
2396.0682196617126,391
2396.3182241916656,391
2396.552475452423,392
2396.7712292671204,392
2397.0531446933746,392
2397.3031492233276,392
2397.5363047122955,389
2397.755058526993,390
2398.000906229019,391
2398.2706208229065,392
2398.49253988266,393
2398.848360300064,394
2399.193252801895,395
2399.56910943985,396
2399.8503642082214,397
2400.180759906769,397
2400.501596212387,398
2400.822813987732,399
2401.0679063796997,399
2401.3401741981506,400
2401.568657875061,401
2401.8262355327606,400
2402.2507123947144,400
2402.5670070648193,401
2402.7993381023407,402
2403.0368151664734,403
2403.301512479782,404
2403.5212898254395,405
2403.8347792625427,406
2404.052583217621,406
2404.3091678619385,406
2404.521329641342,406
2404.8851046562195,406
2405.1459221839905,407
2405.4026777744293,407
2405.631140947342,407
2405.865519762039,408
2406.240249156952,408
2406.5047266483307,409
2406.739105463028,410
2407.004775285721,411
2407.254778623581,411
2407.499302148819,411
2407.770013332367,412
2408.083615541458,412
2408.4586219787598,413
2408.7414054870605,412
2409.019678592682,411
2409.2600893974304,409
2409.5207834243774,409
2409.7763817310333,408
2410.1335768699646,406
2410.4188470840454,407
2410.6715157032013,406
2410.9215195178986,401
2411.3139622211456,402
2411.5516283512115,398
2411.956871986389,398
2412.193374156952,398
2412.3965816497803,396
2412.6457521915436,394
2412.913444042206,394
2413.1771564483643,394
2413.72434258461,395
2413.931158065796,395
2414.2084279060364,396
2414.465194940567,396
2414.7699530124664,392
2414.9889764785767,387
2415.2511899471283,387
2415.5239572525024,387
2415.8481125831604,388
2416.1118133068085,389
2416.3484597206116,389
2416.6269192695618,389
2416.8572731018066,390
2417.086503505707,389
2417.3040800094604,390
2417.5140697956085,389
2417.7558019161224,390
2418.135673522949,391
2418.4573917388916,391
2418.6976375579834,391
2418.9636063575745,386
2419.221386194229,377
2419.457823038101,370
2419.7774846553802,371
2420.2692782878876,372
2421.048327922821,373
2421.34520816803,374
2421.579586982727,374
2421.876467227936,375
2422.220223426819,373
2422.4702274799347,373
2422.673356294632,374
2422.8835487365723,374
2423.1499989032745,375
2423.375521659851,373
2423.8597724437714,374
2424.1722781658173,374
2424.4469814300537,374
2424.6753900051117,375
2424.9699437618256,375
2425.186025619507,375
2425.599149465561,375
2425.802277803421,375
2426.018494606018,372
2426.278730869293,372
2426.5215351581573,371
2426.808024406433,368
2427.059675693512,362
2427.3141913414,347
2427.5329451560974,347
2427.7516989707947,346
2427.939202070236,346
2428.142330646515,346
2428.3298337459564,343
2428.5329625606537,344
2428.751716375351,345
2428.970470190048,346
2429.2048490047455,346
2429.517354488373,347
2429.751733779907,347
2429.9392371177673,348
2430.1736159324646,348
2430.5954988002777,349
2430.7986268997192,348
2431.0330061912537,347
2431.2830107212067,345
2431.4861390590668,346
2431.6892676353455,346
2431.970522403717,347
2432.22052693367,346
2432.4080300331116,346
2432.5955333709717,344
2432.783037185669,343
2432.9705398082733,338
2433.189293861389,335
2433.5017993450165,333
2433.7518033981323,334
2433.954931974411,335
2434.1580605506897,336
2434.3924396038055,336
2434.62681889534,337
2434.8299472332,338
2435.0643265247345,338
2435.267455101013,339
2435.4862089157104,339
2435.673713207245,340
2435.9080913066864,341
2436.1580953598022,342
2436.486226081848,343
2436.7206053733826,342
2436.970609664917,343
2437.176917552948,343
2437.452532529831,344
2437.673534154892,345
2437.887763977051,345
2438.109482049942,345
2438.3070096969604,346
2438.494512796402,345
2438.6820163726807,345
2438.978896379471,346
2439.2289004325867,347
2439.4789049625397,347
2439.697658777237,348
2439.947662830353,348
2440.291419029236,348
2440.494547843933,349
2440.7401673793793,349
2441.0057969093323,349
2441.1933002471924,349
2441.4433047771454,349
2441.6464331150055,348
2441.849561691284,349
2442.0526900291443,349
2442.3026945590973,349
2442.5214488506317,346
2442.7245769500732,343
2442.9120802879333,342
2443.193335056305,343
2443.396463394165,344
2443.8964722156525,345
2444.1152260303497,345
2444.3183550834656,345
2444.5527334213257,346
2444.7714879512787,347
2445.193370103836,348
2445.396498441696,349
2445.6621282100677,349
2446.0058856010437,350
2446.2090125083923,351
2446.3965158462524,351
2446.6152698993683,351
2446.80277299881,351
2447.0684027671814,351
2447.2559061050415,351
2447.4902849197388,351
2447.8965423107147,352
2448.2090475559235,353
2448.490302324295,354
2448.755932331085,355
2448.9903111457825,354
2449.240315437317,355
2449.459069252014,355
2449.709073781967,354
2450.021579027176,355
2450.2090821266174,356
2450.4122109413147,353
2450.6465899944305,354
2450.865343809128,355
2451.0684723854065,356
2451.2872262001038,356
2451.5059802532196,354
2451.7091085910797,354
2451.943487882614,355
2452.1622416973114,355
2452.3809955120087,356
2452.568498849869,352
2452.9122545719147,352
2453.1310086250305,353
2453.3185119628906,353
2453.521640062332,352
2453.7247688770294,350
2453.9435226917267,350
2454.162276506424,351
2454.381030321121,352
2454.5685336589813,353
2454.7560369968414,352
2455.662302494049,353
2455.896681547165,354
2456.0998101234436,354
2456.474816799164,355
2456.756071805954,355
2456.9592003822327,356
2457.181138277054,357
2457.4173259735107,357
2457.714900493622,357
2457.932525396347,358
2458.1356542110443,358
2458.323157310486,359
2458.5262858867645,360
2458.7137892246246,360
2458.9325428009033,361
2459.201804637909,360
2459.3976106643677,360
2459.616364479065,360
2459.897619485855,361
2460.1788742542267,357
2460.413253068924,356
2460.7101333141327,357
2460.897636651993,352
2461.1007652282715,352
2461.6476500034332,353
2461.8351533412933,353
2462.0539071559906,354
2462.3976633548737,355
2462.600791454315,356
2462.850795984268,357
2463.194551706314,357
2463.3976805210114,357
2463.678935289383,358
2463.91331410408,359
2464.1008174419403,359
2464.303946018219,359
2464.507074356079,360
2464.725828409195,361
2464.944582223892,362
2465.522717475891,363
2465.835223197937,362
2466.0696017742157,358
2466.257104873657,358
2466.460233449936,358
2466.7258632183075,359
2466.991492986679,355
2467.1789965629578,354
2467.397749900818,355
2467.6477546691895,355
2467.8508830070496,356
2468.0852620601654,357
2468.3352665901184,358
2468.725898504257,359
2469.038403749466,360
2469.3352839946747,359
2469.7102904319763,360
2469.9134187698364,360
2470.1321725845337,361
2470.3821771144867,361
2470.600930929184,362
2470.8196849823,362
2471.1634407043457,362
2471.412163257599,363
2471.614541053772,363
2471.825684070587,364
2472.0913138389587,364
2472.307780265808,365
2472.5334811210632,365
2472.790899515152,365
2473.018794775009,365
2473.229338169098,366
2473.52974653244,365
2473.7676639556885,365
2473.9896955490112,366
2474.224255800247,366
2474.423124551773,366
2474.627250432968,365
2474.8586280345917,349
2475.1346430778503,345
2475.4782102108,344
2475.7049911022186,345
2475.9231827259064,345
2476.183030128479,346
2476.454782962799,347
2476.686011314392,348
2476.89519906044,349
2477.260328054428,350
2477.4735667705536,351
2477.7634587287903,352
2478.1055150032043,353
2478.5047194957733,354
2478.7547237873077,355
2478.976448535919,355
2479.1935596466064,356
2479.593487739563,356
2479.7966163158417,356
2480.0309953689575,357
2480.4841282367706,358
2480.7341327667236,359
2480.937260866165,359
2481.156014919281,360
2481.3591434955597,360
2481.54664683342,360
2481.74977517128,360
2481.968528985977,360
2482.1872828006744,360
2482.3904116153717,359
2482.624790430069,360
2483.3482003211975,361
2483.5513281822205,361
2483.8325831890106,362
2484.066962003708,363
2484.270090818405,363
2484.5513458251953,363
2484.7700996398926,363
2485.0357286930084,363
2485.2544827461243,364
2485.5044870376587,365
2485.738866329193,366
2485.941994905472,363
2486.1294980049133,363
2486.488879442215,362
2486.7076332569122,358
2486.9888882637024,357
2487.285768032074,357
2487.551398038864,356
2487.7467968463898,356
2487.9968020915985,357
2488.199930906296,357
2488.4343087673187,356
2488.793689966202,357
2489.012443780899,358
2489.2780730724335,358
2490.1687138080597,359
2490.3874678611755,360
2490.778099298477,361
2491.0124785900116,362
2491.2624831199646,362
2491.496861934662,363
2491.8562433719635,364
2492.0593717098236,365
2492.371877193451,366
2492.590631008148,367
2492.8875114917755,367
2493.121890306473,368
2493.356269598007,369
2493.6062738895416,369
2494.059406518936,370
2494.5906658172607,370
2494.825045108795,371
2495.043799161911,372
2495.2469272613525,372
2495.5281822681427,372
2495.7625613212585,373
2495.9969403743744,374
2496.2156941890717,374
2496.4813239574432,375
2496.700078010559,376
2496.9188318252563,376
2497.121959924698,376
2497.340713739395,376
2497.6375942230225,377
2497.9344742298126,376
2498.2313544750214,377
2498.4344830513,378
2498.6532366275787,377
2498.9188668727875,378
2499.3251237869263,378
2499.606378555298,379
2499.934509038925,380
2500.1845140457153,380
2500.6376464366913,381
2500.9814023971558,382
2501.200156211853,382
2501.434535264969,383
2501.9032933712006,384
2502.1220474243164,384
2502.403302192688,385
2502.637681245804,386
2502.8564352989197,387
2503.05956363678,387
2503.3251934051514,386
2503.7314505577087,386
2504.2627098560333,387
2504.4970886707306,388
2504.7470932006836,389
2504.9658467769623,389
2505.2158510684967,389
2505.4658555984497,389
2505.684609413147,390
2505.9189887046814,390
2506.1377425193787,389
2506.387746810913,389
2506.6221256256104,384
2506.856504917145,385
2507.0908839702606,386
2507.3252630233765,385
2507.5440168380737,386
2507.7627716064453,385
2507.9971494674683,383
2508.2784044742584,384
2508.55965924263,385
2508.82528924942,385
2509.0284175872803,385
2509.3565485477448,386
2509.5596771240234,386
2509.8096811771393,386
2510.1534373760223,387
2510.372190952301,388
2510.6378207206726,389
2510.872200012207,389
2511.23158121109,389
2511.4659600257874,390
2511.684714078903,391
2511.9034678936005,391
2512.1222217082977,391
2512.3878512382507,391
2512.606605052948,391
2512.8878602981567,392
2513.137864589691,392
2513.3878688812256,386
2513.7316250801086,387
2514.0753808021545,388
2514.3410103321075,388
2514.559764146805,388
2514.8566443920135,388
2515.075398206711,388
2515.2941522598267,384
2515.4972805976868,384
2515.7160341739655,383
2515.9660387039185,384
2516.2941694259644,384
2516.591049671173,384
2517.028557062149,385
2517.272955417633,385
2517.4858565330505,385
2517.7448194026947,386
2518.046169757843,387
2518.269297361374,388
2518.5349264144897,389
2518.7536799907684,390
2518.9724340438843,391
2519.2224383354187,392
2519.581820011139,393
2519.7849485874176,393
2520.0193276405334,392
2520.2693316936493,389
2520.4880855083466,389
2520.738089799881,390
2520.941218137741,390
2521.1912229061127,390
2521.441227197647,390
2521.659980535507,390
2522.066237926483,390
2522.4256196022034,391
2522.722499370575,388
2522.941253185272,388
2523.1443819999695,387
2523.519388437271,384
2523.7537672519684,385
2524.0037717819214,383
2524.238151073456,381
2524.5819070339203,378
2524.8162858486176,379
2525.1131660938263,380
2525.394421339035,381
2526.035057783127,382
2526.2850618362427,382
2526.6444430351257,382
2526.91007232666,382
2527.2225778102875,383
2527.4413318634033,384
2527.660085439682,384
2527.878839492798,385
2528.144469022751,385
2528.3632230758667,384
2528.6601028442383,385
2528.9101071357727,386
2529.144486427307,386
2529.456992149353,386
2529.706996202469,384
2529.972625732422,384
2530.207005262375,383
2530.5351355075836,384
2530.8476412296295,385
2531.2695236206055,383
2531.8164081573486,384
2532.0507872104645,384
2532.3007917404175,384
2532.5195455551147,384
2532.816425561905,384
2533.0976803302765,385
2533.3164343833923,386
2533.5820639133453,385
2533.8164427280426,386
2534.0351967811584,386
2534.2539505958557,385
2534.50395488739,386
2534.769584417343,386
2535.0195891857147,383
2535.519598007202,382
2535.753976583481,378
2536.0821075439453,376
2536.316486597061,377
2536.550866127014,378
2536.832120656967,375
2537.0821249485016,376
2537.3008790016174,376
2537.5508830547333,376
2538.0508918762207,377
2538.269645690918,378
2538.5977761745453,379
2538.9259073734283,376
2539.175911426544,373
2539.4102902412415,373
2539.6915452480316,374
2539.8790485858917,374
2540.097802400589,375
2540.3321816921234,376
2561.6380531787872,377
2561.8411815166473,377
2562.3724405765533,378
2562.6068198680878,378
2562.8411989212036,379
2563.091203212738,378
2563.3099570274353,379
2563.6380882263184,378
2563.888092517853,379
2564.20059800148,380
2564.481853246689,381
2564.7318572998047,381
2564.997486591339,381
2565.2474908828735,382
2565.5756220817566,383
2565.8100006580353,383
2566.013129234314,382
2566.2475085258484,381
2566.497512817383,382
2566.90376996994,382
2567.138149023056,382
2567.544406414032,382
2567.7631599903107,382
2567.9819140434265,381
2568.2006673812866,381
2568.4194214344025,381
2568.669425725937,382
2568.950680732727,383
2569.1538093090057,383
2569.3881883621216,384
2569.6850686073303,385
2569.888197183609,385
2570.185077190399,385
2570.450706720352,385
2570.669460773468,386
2570.903839826584,387
2571.2007200717926,388
2571.403848171234,389
2571.71635389328,390
2571.99760890007,390
2572.2163622379303,390
2572.591369152069,389
2572.810123205185,389
2573.0757524967194,389
2573.278881072998,389
2573.4976348876953,389
2573.839007139206,390
2574.0517115592957,388
2574.3518517017365,389
2574.574500799179,390
2574.817623615265,390
2575.1280484199524,390
2575.381192445755,390
2575.6418855190277,390
2576.0384652614594,390
2576.3098838329315,391
2576.5261669158936,391
2576.74618268013,392
2577.0003020763397,392
2577.305247068405,392
2577.5394020080566,393
2578.004561662674,393
2578.2218363285065,394
2578.4562153816223,395
2578.664259672165,395
2579.1932666301727,396
2579.4588961601257,396
2579.7396454811096,396
2580.016356229782,397
2580.3778598308563,397
2580.601897716522,398
2580.9709193706512,399
2581.222221136093,400
2581.456600189209,400
2581.753692150116,400
2581.9724459648132,400
2582.224401950836,400
2582.504547357559,400
2582.7344365119934,400
2583.0464701652527,401
2583.280849456787,402
2583.512519836426,402
2583.8225293159485,403
2584.0991258621216,403
2584.675466299057,404
2584.967442512512,397
2585.17338347435,397
2585.4077627658844,395
2585.687929868698,396
2586.030415058136,396
2586.249168395996,397
2586.6859254837036,398
2587.0124056339264,399
2587.314877510071,400
2587.629357814789,400
2587.8793621063232,401
2588.1383860111237,400
2588.3883900642395,399
2588.629100561142,399
2588.894115447998,400
2589.1313383579254,400
2589.62659573555,401
2589.8559777736664,402
2590.126567363739,403
2590.3570578098297,404
2590.603860139847,405
2590.8539595603943,406
2591.1492166519165,407
2591.416937828064,408
2591.7118175029755,408
2591.964325428009,409
2592.2269883155823,410
2592.499861240387,410
2592.742735862732,411
2593.0038557052612,412
2593.2719855308533,412
2593.5273039340973,413
2593.7570657730103,414
2594.0101799964905,415
2594.224843263626,416
2594.4609320163727,416
2594.99484539032,417
2595.3405969142914,417
2595.684604883194,417
2595.903358221054,417
2596.1541748046875,417
2596.9954800605774,418
2597.2636275291443,419
2597.645784139633,419
2597.8589260578156,420
2598.084517478943,420
2598.3118591308594,421
2598.7899916172028,422
2599.2371351718903,422
2599.489371776581,423
2599.723347902298,423
2600.000346183777,424
2600.3173508644104,425
2600.5501096248627,426
2600.78448843956,426
2601.070962190628,426
2601.351039648056,427
2601.678642988205,427
2601.967660665512,428
2602.251489639282,429
2602.655590772629,430
2602.905595302582,431
2603.2295367717743,431
2603.5876319408417,432
2603.8220109939575,432
2604.0718879699707,432
2604.3062674999237,431
2604.558052778244,432
2604.9388387203217,433
2605.292776823044,433
2605.5191221237183,433
2605.7581367492676,434
2606.0663225650787,435
2606.746802330017,430
2607.014055490494,431
2607.3212971687317,432
2607.636737346649,433
2608.066376686096,434
2608.3425908088684,435
2608.582734823227,434
2608.826506137848,429
2609.0923759937286,430
2609.419504404068,431
2609.743251800537,427
2610.0167157649994,424
2610.2510945796967,420
2610.4879331588745,421
2610.708198785782,420
2610.927991628647,418
2611.24729514122,419
2611.4934618473053,419
2611.7549443244934,419
2611.9960176944733,420
2612.2705912590027,420
2612.8126842975616,421
2613.0939424037933,421
2613.312696456909,421
2613.5932903289795,422
2613.9518563747406,423
2614.3774979114532,424
2614.6827869415283,424
2614.917165994644,424
2615.152750968933,424
2615.387130022049,423
2615.650405406952,422
2615.886246204376,422
2616.128076314926,423
2616.4669291973114,424
2616.8717765808105,425
2617.1056973934174,425
2617.4025876522064,425
2617.6494896411896,426
2617.9326939582825,426
2618.1630613803864,426
2618.4015748500824,426
2618.690858364105,427
2618.962199449539,427
2619.219638109207,428
2619.461672782898,428
2619.7950298786163,429
2620.046130180359,430
2620.558039665222,431
2620.792418718338,431
2621.137692928314,431
2621.403322696686,432
2621.633410215378,433
2621.9902992248535,434
2622.24325466156,435
2622.5561289787292,435
2622.8221464157104,436
2623.054083108902,436
2623.307484149933,437
2623.6370751857758,437
2623.9183297157288,437
2624.185690879822,438
2624.4858498573303,439
2624.731491088867,440
2625.0804183483124,440
2625.3168222904205,440
2625.5545902252197,441
2625.8247876167297,440
2626.2694482803345,441
2626.6067950725555,442
2626.843147277832,442
2627.150383710861,442
2627.388219833374,442
2627.6780173778534,442
2627.9180414676666,442
2628.146393299103,442
2628.5801916122437,443
2628.9277641773224,443
2629.26912856102,444
2629.545064687729,444
2629.8263199329376,444
2630.106769800186,445
2630.341148853302,446
2630.6002893447876,447
2630.834668636322,448
2631.1004345417023,448
2631.3504388332367,449
2631.7735373973846,450
2632.065217733383,450
2632.3505415916443,451
2632.7426748275757,452
2633.014591217041,453
2633.3670477867126,454
2633.8955504894257,455
2634.215779066086,455
2634.457224369049,455
2634.798433303833,456
2635.077912092209,457
2635.4383420944214,458
2635.71488571167,459
2636.0245344638824,460
2636.3436901569366,460
2636.6440091133118,461
2636.9968354701996,462
2637.4016466140747,463
2637.683450460434,464
2637.9607014656067,463
2638.294433116913,464
2638.555094718933,464
2638.867600440979,464
2639.1612589359283,464
2639.4268882274628,464
2639.7485177516937,465
2640.077467441559,466
2640.3587222099304,466
2640.6828343868256,466
2640.94846367836,466
2641.2606360912323,467
2641.5338473320007,468
2641.885443687439,466
2642.3397965431213,466
2642.595987558365,466
2642.8409531116486,463
2643.127406358719,464
2643.37447309494,463
2643.6730296611786,463
2643.915332555771,463
2644.361717224121,462
2644.6390080451965,459
2644.954584121704,458
2645.2491686344147,456
2645.52911233902,457
2645.9158070087433,457
2646.2315063476562,458
2646.6380314826965,459
2646.888035774231,459
2647.15136384964,459
2647.432618379593,460
2647.7290880680084,460
2648.2749514579773,461
2648.526961326599,462
2648.792590856552,463
2649.0774681568146,463
2649.4055984020233,463
2649.6931529045105,464
2650.004045009613,465
2650.2515802383423,466
2650.614513158798,467
2650.8574278354645,467
2651.115377187729,468
2651.468714237213,468
2651.731429576874,469
2652.202133655548,469
2652.5166578292847,469
2652.7962946891785,470
2653.5732097625732,471
2653.906978368759,471
2654.18026304245,472
2654.485988855362,473
2654.8359134197235,468
2655.100596666336,468
2655.3818514347076,469
2655.6646749973297,468
2655.955534696579,467
2656.5685238838196,468
2656.834153652191,469
2657.241472005844,468
2657.4964718818665,469
2657.833505630493,470
2658.227225780487,468
2658.6865062713623,469
2658.9865922927856,469
2659.242949962616,465
2659.578806400299,463
2659.9099543094635,464
2660.1884939670563,462
2660.6048679351807,462
2660.9759776592255,463
2661.2904858589172,464
2661.9153056144714,465
2662.1660232543945,466
2662.4494824409485,466
2662.711580991745,465
2663.102975845337,465
2663.421249628067,456
2663.708174228668,456
2664.0140645504,456
2664.2724907398224,456
2664.6295552253723,457
2664.9264352321625,458
2665.189327478409,458
2665.512933254242,458
2665.8259522914886,459
2666.1225011348724,460
2666.3725056648254,460
2666.7142775058746,460
2667.039496898651,461
2667.557834625244,462
2667.8593842983246,463
2668.1686034202576,463
2668.517324447632,463
2668.812255859375,464
2669.149582386017,464
2669.4706938266754,465
2669.764961004257,464
2670.128614425659,465
2670.500505924225,466
2670.862898349762,465
2671.133694410324,466
2671.389953136444,465
2671.6946697235107,465
2672.1437380313873,462
2672.415629386902,461
2672.7593846321106,460
2673.105099916458,461
2673.415936231613,461
2673.7753183841705,462
2674.0253224372864,460
2674.3065769672394,453
2674.5865004062653,426
2674.8534276485443,427
2675.1267426013947,428
2675.364245414734,428
2675.619658946991,428
2675.8604764938354,422
2676.1216056346893,422
2676.4167280197144,419
2676.7063393592834,417
2677.2175645828247,415
2677.5809984207153,413
2677.820199251175,413
2678.24898314476,409
2678.5040431022644,405
2678.7434577941895,405
2678.97034740448,402
2679.2514083385468,397
2679.490307331085,392
2679.9772708415985,393
2680.200139284134,392
2680.4417037963867,393
2680.752406358719,392
2680.9702591896057,388
2681.1812348365784,388
2681.5100390911102,387
2681.7447373867035,387
2681.9573578834534,385
2682.1978425979614,385
2682.4260563850403,385
2682.6910746097565,386
2683.2594559192657,387
2683.8652255535126,388
2684.126695871353,389
2684.425565958023,390
2684.674175262451,391
2685.164831638336,392
2685.4956080913544,392
2685.7532641887665,393
2685.987227201462,393
2686.241447687149,393
2686.4731080532074,394
2686.794540643692,394
2687.0488605499268,395
2687.352385520935,396
2687.5872337818146,397
2688.0896730422974,398
2688.3392856121063,399
2688.6660301685333,400
2689.0854852199554,400
2689.3035085201263,400
2689.596667766571,400
2689.865790605545,401
2690.1157948970795,402
2690.3268926143646,402
2690.5615935325623,402
2690.8160886764526,403
2691.038984298706,403
2691.3449687957764,403
2691.606019973755,403
2691.887261867523,404
2692.1475744247437,405
2692.457242012024,406
2692.934004545212,407
2693.25559425354,407
2693.5092117786407,408
2693.808665037155,409
2694.054697036743,405
2694.293121814728,406
2694.5592892169952,406
2694.9113841056824,407
2695.2227368354797,408
2695.5010368824005,408
2695.820777654648,409
2696.119864463806,409
2696.3466441631317,409
2696.745599269867,410
2697.0357966423035,411
2697.2728872299194,411
2697.585005760193,412
2697.9391117095947,413
2698.237604856491,413
2698.6366291046143,414
2699.957738876343,415
2700.230332136154,415
2700.459728002548,415
2700.7061791419983,416
2701.0036556720734,416
2701.2637162208557,417
2701.9143481254578,418
2702.3294649124146,419
2702.6282589435577,420
2702.8658344745636,420
2703.1848430633545,420
2703.4635961055756,420
2703.8937339782715,420
2704.154025554657,421
2704.3966596126556,422
2704.625974416733,422
2705.0745241642,422
2705.30037522316,423
2705.8298573493958,423
2706.0565705299377,422
2706.288579940796,422
2706.514972925186,422
2706.823629140854,422
2707.1407837867737,423
2707.579322576523,421
2707.820445537567,421
2708.1324450969696,419
2708.461970806122,419
2708.7973227500916,420
2709.099411010742,419
2709.365129470825,420
2709.6362397670746,421
2709.9594118595123,421
2710.2507078647614,422
2710.481201171875,422
2711.104233264923,423
2711.351747751236,422
2711.59086227417,422
2711.8442718982697,423
2712.0682241916656,423
2712.3109571933746,423
2712.6310539245605,418
2712.8672931194305,418
2713.1904842853546,419
2713.599920988083,420
2714.052649497986,421
2714.283675670624,421
2714.529787540436,421
2715.0684490203857,421
2715.2979905605316,422
2715.532480955124,422
2715.8445167541504,423
2716.1160612106323,424
2716.3413853645325,425
2716.5890786647797,426
2716.8704698085785,426
2717.1669912338257,427
2717.458397626877,427
2717.856116771698,428
2718.1444840431213,429
2718.433950662613,430
2718.703917980194,429
2718.962905406952,430
2719.2336728572845,431
2719.5331797599792,432
2719.7823083400726,432
2720.0840508937836,432
2720.4161381721497,433
2720.673154115677,434
2721.031676530838,435
2721.3707358837128,435
2721.6236686706543,434
2721.9001326560974,434
2722.1240220069885,434
2722.3584010601044,434
2722.607978820801,434
2722.857983112335,434
2723.1127214431763,433
2723.3471009731293,434
2723.751020669937,435
2724.000466823578,436
2724.307799577713,437
2724.5434670448303,437
2724.8009309768677,434
2725.1403501033783,435
2725.3994131088257,436
2725.624216079712,437
2725.8585951328278,437
2726.1378083229065,437
2726.6247017383575,437
2726.8926241397858,437
2727.206630706787,437
2727.495534181595,438
2727.7502682209015,438
2728.0571048259735,439
2728.3893764019012,440
2728.6201405525208,439
2729.025414466858,439
2729.4333596229553,436
2729.7146146297455,436
2729.979161500931,433
2730.244790792465,432
2730.5541830062866,432
2730.94309592247,433
2731.2556014060974,433
2731.833791255951,434
2732.13076877594,435
2732.553546190262,436
2732.819176197052,436
2733.1825897693634,437
2733.484813928604,438
2733.744383573532,439
2734.0090312957764,438
2734.2550551891327,437
2734.677870988846,437
2734.937755346298,438
2735.2345893383026,438
2735.635124206543,438
2735.91228556633,439
2736.2075312137604,440
2736.610600233078,441
2736.8537719249725,441
2737.112931251526,440
2737.493883371353,440
2737.759512901306,438
2738.078268766403,438
2738.376024723053,439
2738.747961997986,440
2739.0711913108826,440
2739.30557012558,441
2739.573317050934,441
2739.974957704544,442
2740.2562124729156,442
2740.4910349845886,443
2740.7722895145416,443
2741.190935611725,444
2741.4328196048737,444
2741.7509977817535,444
2742.0807461738586,444
2742.4041588306427,445
2742.8866736888885,446
2743.166419029236,447
2743.4457528591156,447
2743.8187108039856,447
2744.0702033042908,448
2744.325918674469,448
2744.576024055481,448
2744.852219581604,448
2745.124507188797,448
2745.3962953090668,449
2745.6689364910126,449
2746.0274679660797,450
2746.4645717144012,450
2746.698950767517,450
2746.948005914688,450
2747.2292609214783,451
2747.4781460762024,451
2747.775027036667,452
2748.0556178092957,453
2748.3212475776672,454
2748.6018891334534,453
2748.8799426555634,450
2749.1403081417084,451
2749.7202548980713,451
2749.983515739441,452
2750.30908536911,452
2750.8101556301117,453
2751.0761091709137,454
2751.410839319229,452
2751.6551723480225,452
2752.0673236846924,453
2752.343726158142,453
2752.738003015518,453
2753.0033888816833,454
2753.2433955669403,454
2753.534742832184,455
2753.787745475769,455
2754.0736260414124,456
2754.3292400836945,457
2754.6165091991425,458
2754.9120688438416,459
2755.2245738506317,459
2755.4891057014465,459
2755.754734992981,460
2756.020622730255,460
2756.3175024986267,460
2756.5663964748383,460
2756.847651720047,461
2757.0960669517517,461
2757.381692647934,459
2757.6412041187286,456
2758.1132690906525,456
2758.4069542884827,457
2758.6616044044495,458
2758.962211370468,458
2759.3125705718994,459
2759.594356060028,459
2759.8940813541412,459
2760.3579041957855,459
2760.671266555786,460
2760.9741694927216,460
2761.252501964569,461
2761.5198793411255,461
2761.909907579422,462
2762.333931684494,463
2762.726804971695,463
2762.9869689941406,463
2763.4835538864136,464
2763.788020849228,465
2764.05908036232,466
2764.3753476142883,467
2765.0582530498505,468
2765.400148153305,468
2765.6814024448395,469
2766.072347164154,470
2766.370468378067,470
2766.650674343109,471
2767.2360231876373,472
2767.4812824726105,472
2767.8764498233795,473
2768.1623351573944,473
2768.4531400203705,474
2768.789870262146,474
2769.1309101581573,474
2769.433520555496,474
2769.741147994995,475
2770.01180434227,476
2770.337025165558,477
2770.619311571121,477
2771.0091598033905,477
2771.276755809784,477
2771.555493116379,478
2771.856451511383,479
2772.3091354370117,480
2772.6169629096985,481
2772.927027463913,482
2773.192657470703,483
2773.459352493286,483
2773.7562322616577,484
2774.0831730365753,485
2794.600552558899,486
2794.9160537719727,485
2795.2625148296356,486
2795.5686881542206,480
2795.8267962932587,479
2796.1303322315216,479
2796.4378292560577,480
2796.8623604774475,481
2797.3956599235535,482
2797.7726953029633,482
2798.1946198940277,482
2798.5828223228455,482
2798.9163994789124,483
2799.208426952362,484
2799.570114135742,484
2799.849757194519,485
2800.1151192188263,485
2800.4119992256165,484
2800.8180708885193,482
2801.177186727524,482
2801.5053174495697,483
2801.8188412189484,484
2802.225959300995,485
2802.4915890693665,486
2802.804706811905,487
2803.3068323135376,486
2803.5877933502197,487
2803.8860597610474,487
2804.200381040573,488
2804.481635570526,489
2804.8272037506104,489
2805.1621627807617,490
2805.4550371170044,491
2805.846339702606,491
2806.131113052368,491
2806.4104180336,492
2806.7249891757965,492
2807.0062022209167,492
2807.3812506198883,492
2807.6782035827637,492
2807.978739976883,492
2808.2562325000763,492
2808.5119409561157,493
2808.802815914154,494
2809.0798239707947,494
2809.411969900131,494
2809.6773307323456,495
2809.9585859775543,496
2810.3024435043335,497
2810.5832097530365,498
2810.8488392829895,499
2811.256143093109,499
2811.5859644412994,499
2811.9451580047607,500
2812.6311292648315,501
2813.1456077098846,501
2813.4814751148224,502
2813.7648496627808,502
2814.161409854889,502
2814.53244304657,503
2814.831136703491,504
2815.146735906601,505
2815.4269382953644,506
2815.7249159812927,506
2816.022775411606,507
2816.303307056427,507
2816.6939475536346,508
2817.1151604652405,509
2817.465480327606,509
2817.9118554592133,507
2818.3180644512177,507
2818.5840747356415,507
2818.8653297424316,507
2819.2080478668213,506
2819.67738366127,507
2819.989889383316,508
2820.3036313056946,508
2820.632426738739,509
2820.9293069839478,509
2821.2129414081573,510
2821.509821176529,511
2821.8710148334503,507
2822.1986441612244,507
2822.497966527939,506
2822.7808985710144,507
2823.0714976787567,506
2823.3461627960205,506
2823.739748239517,507
2824.1315360069275,508
2824.506505012512,508
2824.8192586898804,509
2825.1152641773224,509
2825.391373872757,509
2825.7880642414093,507
2826.145654439926,508
2826.646262407303,508
2827.02987909317,508
2827.333522796631,509
2827.6926493644714,510
2828.036110639572,510
2828.365642309189,511
2828.7254242897034,512
2829.0535550117493,513
2829.35102891922,514
2829.6656408309937,514
2829.9468955993652,514
2830.307475566864,515
2830.6628456115723,516
2830.9653277397156,517
2831.2640240192413,517
2831.5987350940704,516
2831.985376596451,517
2832.315323829651,517
2832.7245469093323,518
2833.1465797424316,519
2833.6000034809113,520
2833.9613988399506,520
2834.3501629829407,521
2834.802762031555,522
2835.098253250122,522
2835.379507780075,522
2835.755116701126,523
2836.1454780101776,523
2836.629603624344,523
2836.926483631134,523
2837.208248615265,524
2837.552004337311,524
2837.9124376773834,524
2838.194278240204,524
2838.5536596775055,525
2838.931453704834,526
2839.229212999344,526
2839.541718482971,527
2840.027778148651,527
2840.373503923416,528
2840.6770164966583,528
2841.0169336795807,529
2841.4093453884125,528
2841.7874133586884,529
2842.3189482688904,530
2842.693254470825,530
2843.130974292755,530
2843.463355064392,530
2843.7554743289948,531
2844.270810365677,532
2844.61434674263,532
2845.0065762996674,531
2845.3172612190247,531
2845.6464550495148,529
2845.9745860099792,528
2846.301244497299,528
2846.6929914951324,529
2847.0211234092712,527
2847.3666944503784,526
2847.664737701416,526
2847.9459919929504,525
2848.2769219875336,516
2848.5705032348633,516
2848.9817218780518,515
2849.452378511429,516
2849.798748731613,516
2850.0830166339874,516
2850.394617319107,515
2850.74036693573,516
2851.0786838531494,516
2851.445709466934,515
2851.7396850585938,515
2852.05606174469,514
2852.5250523090363,514
2852.8179762363434,515
2853.1613874435425,508
2853.4982435703278,503
2853.8330640792847,501
2854.1452910900116,497
2854.549688577652,497
2854.9745812416077,496
2855.3334078788757,496
2855.6051750183105,492
2855.9599828720093,492
2856.243228673935,493
2856.6310772895813,491
2856.9320573806763,487
2857.2774517536163,481
2857.5820734500885,482
2857.8885309696198,483
2858.207850933075,484
2858.485075235367,485
2858.830515384674,486
2859.130646467209,486
2859.5349202156067,487
2859.943348169327,488
2860.286272764206,489
2860.571085691452,490
2860.8491463661194,482
2861.177170753479,483
2861.448598384857,483
2861.7082674503326,484
2861.997168302536,484
2862.3175127506256,483
2862.6923031806946,483
2863.082754135132,484
2863.4265100955963,485
2863.8168585300446,486
2864.114823818207,487
2864.521080970764,487
2864.80389380455,487
2865.1799414157867,488
2865.53932261467,488
2865.854567050934,488
2866.184180021286,489
2866.4961380958557,490
2866.825971841812,491
2867.2077248096466,491
2867.485040664673,491
2867.78333902359,488
2868.30567073822,489
2869.302652359009,490
2869.7393486499786,491
2870.0824632644653,492
2870.379735469818,493
2870.6929824352264,487
2870.9819774627686,487
2871.269936323166,487
2871.5472264289856,487
2871.8478813171387,488
2872.1458582878113,488
2872.4896144866943,489
2872.833830833435,489
2873.176669359207,490
2873.4579243659973,490
2873.882735967636,490
2874.1643035411835,489
2874.476808786392,489
2874.807610988617,490
2875.114208459854,490
2875.5124418735504,491
2875.811061859131,489
2876.1917934417725,490
2876.4857263565063,491
2876.805896997452,492
2877.177410840988,493
2877.487873315811,493
2877.890429496765,493
2878.215296268463,492
2878.630524158478,493
2878.97922706604,493
2879.2711503505707,493
2879.6770408153534,493
2879.9981853961945,494
2880.26949262619,494
2880.6285920143127,493
2880.972348213196,494
2881.2389233112335,493
2881.7707686424255,494
2882.1082854270935,494
2882.39662194252,494
2882.695609807968,495
2882.992490053177,496
2883.3373577594757,497
2883.661527633667,497
2883.979603767395,498
2884.279154062271,499
2884.581727027893,499
2884.9370460510254,500
2885.3147954940796,501
2885.614728450775,500
2885.9262793064117,501
2886.2076528072357,501
2886.473377943039,501
2886.8016324043274,501
2887.1455504894257,500
2887.4777603149414,501
2887.786379814148,502
2888.114402770996,503
2888.544000864029,504
2889.0300731658936,505
2889.331641435623,505
2889.676090478897,506
2890.1130950450897,506
2890.4256002902985,507
2890.801785469055,508
2891.085795879364,507
2891.411739587784,508
2891.742769241333,508
2892.0552744865417,509
2892.5258831977844,508
2892.917150259018,509
2893.2636563777924,510
2893.613165616989,511
2893.9059929847717,511
2894.2221903800964,512
2894.692042350769,513
2894.9566180706024,513
2895.2701845169067,513
2895.5764083862305,514
2895.8484790325165,514
2896.129774570465,514
2896.4623634815216,514
2896.9105837345123,515
2897.270896911621,515
2897.6760020256042,515
2898.0147111415863,515
2898.4568717479706,516
2898.864255666733,517
2899.176201581955,518
2899.6607398986816,518
2900.1471486091614,518
2900.47527885437,518
2900.8671395778656,519
2901.2603554725647,519
2901.5812685489655,520
2901.871491909027,521
2902.3265941143036,522
2902.6439089775085,523
2902.922127008438,523
2903.2226078510284,523
2903.534149169922,523
2903.8955702781677,523
2904.2080500125885,522
2904.7081892490387,522
2905.144761323929,523
2905.5567026138306,523
2905.9616224765778,524
2906.581336736679,525
2906.8782160282135,525
2907.207000017166,524
2907.5478241443634,525
2907.8487224578857,526
2908.176345348358,526
2908.5894343852997,525
2908.9582526683807,526
2909.350994825363,525
2909.820571422577,525
2910.21400141716,525
2910.5836906433105,526
2910.8876316547394,526
2911.1755883693695,526
2911.468451023102,526
2911.798326253891,526
2912.113860607147,527
2912.425325870514,528
2912.73895072937,529
2913.0369758605957,529
2913.368712902069,529
2913.692288160324,530
2914.0089650154114,530
2914.394705057144,531
2914.72265791893,531
2915.238958120346,532
2915.6276383399963,533
2916.0302765369415,534
2916.413493156433,534
2916.7381279468536,535
2917.535261631012,536
2917.833617210388,534
2918.1424210071564,533
2918.6288487911224,534
2919.0250899791718,534
2919.4955582618713,533
2919.8262705802917,534
2920.1903355121613,534
2920.515465736389,535
2920.8920347690582,536
2921.207590818405,534
2921.676302909851,535
2922.0721447467804,533
2922.363931417465,533
2922.722558736801,531
2923.0397913455963,529
2923.3483669757843,526
2923.6292595863342,526
2923.926139831543,526
2924.3311700820923,523
2924.7058205604553,524
2925.065659046173,525
2925.379000902176,526
2925.738888025284,526
2926.0357677936554,526
2926.410058259964,524
2926.7715072631836,525
2927.210517883301,526
2927.629596710205,521
2927.9311130046844,521
2928.261081457138,522
2928.5979018211365,521
2928.9201254844666,522
2929.3438239097595,523
2929.706310033798,523
2930.0972049236298,524
2930.6130187511444,525
2931.0369493961334,511
2931.3319108486176,512
2931.6291501522064,511
2932.0754628181458,511
2932.347658395767,511
2932.675391435623,510
2932.9976704120636,509
2933.4408128261566,509
2933.784390926361,510
2934.160611629486,510
2934.4574921131134,509
2934.7382142543793,509
2935.1773092746735,510
2935.4429388046265,510
2935.9918310642242,510
2936.289495229721,510
2936.713089942932,511
2937.073657274246,512
2937.3712787628174,512
2937.691479206085,512
2937.9834463596344,513
2938.276695251465,513
2938.59463763237,513
2938.9248473644257,512
2939.254073381424,512
2939.552098751068,513
2939.8813626766205,514
2940.3628487586975,514
2940.6443281173706,514
2941.0406353473663,515
2941.409772157669,516
2941.7074813842773,516
2942.143857717514,515
2942.546407222748,516
2942.8625576496124,517
2943.393320083618,518
2943.894435405731,519
2944.348303794861,520
2944.644399881363,520
2945.0224215984344,521
2945.337543487549,521
2945.7131431102753,521
2946.026675462723,521
2946.512748479843,522
2946.967770576477,523
2947.2696776390076,523
2947.6445004940033,523
2948.0766639709473,524
2948.44246673584,525
2948.8321380615234,526
2949.1447699069977,527
2949.5808730125427,527
2950.073649406433,527
2950.4258522987366,527
2950.7380142211914,524
2951.174444913864,522
2951.613018989563,518
2952.068879365921,519
2952.346968650818,519
2952.7077946662903,512
2953.0956892967224,512
2953.5226497650146,511
2953.9125032424927,511
2954.2904098033905,512
2954.596992969513,513
2955.112534761429,472
2955.5283551216125,473
2955.873953819275,474
2956.2059841156006,475
2956.878087043762,476
2957.159581422806,476
2957.458620786667,477
2957.7223043441772,477
2958.0533826351166,477
2958.753434419632,477
2959.0267889499664,478
2959.300319671631,478
2960.019467830658,479
2960.2988061904907,480
2960.611899137497,480
2960.9087789058685,480
2961.1750004291534,481
2961.5031309127808,481
2961.801722049713,482
2962.139839887619,483
2962.4749851226807,483
2962.7569873332977,484
2963.022616624832,485
2963.3223283290863,485
2963.6591901779175,486
2964.042773962021,486
2964.357233762741,487
2964.705717086792,488
2965.3622076511383,489
2965.8154451847076,489
2966.1124362945557,489
2966.552973985672,490
2967.0380556583405,491
2967.31626701355,492
2967.6285169124603,492
2967.9789452552795,493
2968.5967071056366,494
2968.924838066101,495
2969.3455805778503,495
2969.6429572105408,495
2970.065085172653,495
2970.3315346240997,495
2970.6601819992065,495
2971.133817911148,496
2971.490586042404,496
2971.8362262248993,497
2972.323298931122,498
2972.5967133045197,498
2972.887536048889,498
2973.2381110191345,498
2973.689633131027,499
2974.1282687187195,498
2974.439858198166,499
2974.8003952503204,499
2975.1590967178345,499
2975.4746627807617,499
2975.7686455249786,499
2976.096472978592,500
2976.427835702896,500
2976.7221899032593,500
2977.094936132431,501
2977.3626594543457,501
2977.7218120098114,502
2978.019939661026,503
2978.3155925273895,504
2978.612066745758,505
2978.940196990967,506
2979.2855377197266,507
2979.6451501846313,505
2980.1276993751526,505
2980.4731459617615,505
2980.8576776981354,506
2981.1584706306458,507
2981.486722946167,508
2981.794350862503,509
2982.0919280052185,510
2982.358679294586,509
2982.6753339767456,510
2983.0673503875732,511
2983.3464000225067,511
2983.8828659057617,512
2984.1748230457306,513
2984.5062317848206,512
2984.930191040039,510
2985.206545352936,510
2985.5257687568665,510
2985.862523317337,511
2986.1905093193054,509
2986.626930475235,508
2986.9394357204437,508
2987.314074277878,509
2987.5963971614838,510
2988.049530029297,511
2988.4105019569397,511
2988.693810224533,511
2988.975065469742,512
2989.3039634227753,513
2989.643905878067,513
2989.993321657181,514
2990.401382446289,514
2991.04474568367,515
2991.3436167240143,516
2991.7685837745667,517
2992.1906204223633,517
2992.612562894821,518
2992.943727016449,519
2993.33052277565,520
2993.6905488967896,520
2994.0232779979706,521
2994.3935487270355,522
2994.737066745758,522
2995.02796626091,523
2995.377531528473,524
2995.688684940338,525
2996.0386774539948,525
2996.503649711609,526
2996.893385887146,527
2997.175363779068,525
2997.534744977951,521
2998.0059883594513,518
2998.4141578674316,518
2998.728350162506,518
2999.0865802764893,519
2999.495960712433,519
2999.8893146514893,519
3000.204880475998,519
3000.547666311264,516
3000.923675775528,517
3001.2053174972534,516
3001.487679004669,516
3001.8918962478638,517
3002.29940199852,518
3002.627151489258,519
3003.173990011215,520
3003.4952013492584,521
3003.909103155136,521
3004.3776376247406,520
3004.6745743751526,521
3004.98707985878,519
3005.29909658432,519
3005.6912229061127,520
3005.9881036281586,520
3006.3490965366364,521
3006.6629543304443,520
3006.991084575653,520
3007.4306378364563,520
3007.77520942688,519
3008.127764225006,517
3008.5270416736603,518
3008.998661518097,518
3009.2901589870453,517
3009.5964908599854,518
3009.9558188915253,519
3010.25287938118,520
3010.5697224140167,521
3010.8798246383667,493
3011.1586627960205,493
3011.4455573558807,493
3011.736522912979,493
3012.0098626613617,493
3012.3301858901978,490
3012.736280441284,491
3013.0292315483093,485
3013.346622467041,481
3013.720224380493,473
3014.0014791488647,473
3014.2526445388794,473
3014.600572824478,459
3014.878217935562,449
3015.224181652069,450
3015.5210616588593,451
3015.83482837677,452
3016.1581358909607,453
3016.4928357601166,453
3016.775823354721,453
3017.111735343933,451
3017.5599241256714,452
3017.842868566513,452
3018.1115097999573,453
3018.391833782196,454
3018.6742238998413,454
3019.050214290619,455
3019.29941034317,456
3019.59246969223,457
3019.8997445106506,458
3020.173635005951,459
3020.5086319446564,460
3020.798658847809,461
3021.1117951869965,462
3021.393049955368,463
3021.8455176353455,464
3022.2369508743286,464
3022.545215845108,465
3022.800132751465,466
3023.09614443779,467
3023.3773992061615,467
3023.6281819343567,468
3023.925061941147,469
3024.1941645145416,470
3024.4910447597504,470
3024.8355469703674,471
3025.11115026474,472
3025.4312949180603,472
3025.7613220214844,473
3026.2657001018524,473
3026.5130910873413,474
3026.8128299713135,475
3027.1117055416107,476
3027.3773007392883,477
3027.6578516960144,478
3028.049642562866,479
3028.4427733421326,480
3049.0642170906067,480
3049.503082752228,481
3049.8762106895447,482
3050.159000635147,483
3050.4558811187744,483
3050.8325917720795,484
3051.1265363693237,484
3051.58398103714,485
3051.91508436203,486
3052.20502781868,486
3052.541814804077,487
3052.903792142868,487
3053.235517024994,488
3053.499132871628,488
3053.844992876053,489
3054.1418964862823,490
3054.5501952171326,488
3054.8294508457184,488
3055.3607046604156,488
3055.64186835289,488
3055.9455077648163,489
3056.235536336899,490
3056.510085582733,491
3056.9389097690582,492
3057.220212459564,493
3057.7176661491394,494
3057.9993917942047,495
3058.3985726833344,495
3058.8838877677917,496
3059.24133849144,496
3059.6393797397614,496
3059.979225873947,497
3060.264889240265,497
3060.5480506420135,497
3060.861437559128,498
3061.2192392349243,498
3061.5068612098694,498
3061.8687920570374,498
3062.3210179805756,497
3062.6281204223633,498
3063.11713886261,499
3063.410238981247,500
3063.710250854492,500
3064.0530438423157,500
3064.3353872299194,501
3064.913722038269,502
3065.381739616394,503
3065.804594516754,503
3066.319947719574,504
3066.803169488907,504
3067.0794105529785,503
3067.396764278412,498
3067.7245132923126,498
3068.083894968033,497
3068.3656175136566,497
3068.7262284755707,498
3069.0231087207794,496
3069.3829867839813,497
3069.694591283798,497
3070.0260815620422,498
3070.38720369339,496
3070.679164648056,496
3071.0305359363556,493
3071.3447020053864,494
3072.0183396339417,494
3072.2876873016357,495
3072.6502752304077,496
3072.9596490859985,496
3073.4220492839813,496
3073.678638458252,497
3074.0724017620087,496
3074.350683450699,496
3074.6209161281586,496
3074.976403236389,497
3075.4136848449707,498
3075.6935291290283,498
3076.2090198993683,499
3076.521525621414,500
3076.8351356983185,501
3077.11639046669,502
3077.4138100147247,502
3077.7268028259277,503
3078.0080575942993,503
3078.338390827179,502
3078.6521470546722,503
3079.324413537979,502
3079.636918783188,503
3080.0615367889404,503
3080.3913197517395,504
3080.740701675415,503
3081.127548456192,504
3081.4583246707916,499
3081.9126949310303,496
3082.2569255828857,494
3082.540304660797,489
3082.835382938385,489
3083.1784801483154,490
3083.5278878211975,490
3083.991696834564,491
3084.2727715969086,492
3084.594872713089,492
3084.943286418915,493
3085.2716155052185,493
3085.8493292331696,494
3086.114959001541,495
3086.444171190262,494
3086.7377762794495,492
3087.1745352745056,493
3087.568570613861,493
3087.850817680359,493
3088.175043821335,494
3088.493191242218,494
3088.8708930015564,495
3089.2215378284454,496
3089.6228511333466,497
3090.015043258667,498
3090.346844434738,499
3090.7375264167786,500
3091.0354216098785,501
3091.3313534259796,500
3091.6157052516937,501
3091.9555509090424,502
3092.237634420395,502
3092.5870769023895,502
3092.909201145172,502
3093.2058391571045,501
3093.4714686870575,501
3093.8617157936096,501
3094.1904759407043,501
3094.502981185913,502
3094.813891887665,503
3095.14235663414,503
3095.5429723262787,504
3095.9645652770996,504
3096.5311963558197,505
3096.804618835449,504
3097.253003835678,503
3097.5252356529236,503
3097.887217760086,504
3098.3577370643616,505
3098.690561056137,505
3099.047917842865,506
3099.503157377243,507
3099.8302903175354,506
3100.1579835414886,506
3100.767886161804,505
3101.0704262256622,505
3101.378055334091,504
3102.0493655204773,505
3102.4088838100433,505
3102.7056229114532,506
3103.2366106510162,506
3103.6364789009094,507
3103.9559042453766,507
3104.2688467502594,508
3104.581351995468,508
3104.896006345749,508
3105.3976740837097,509
3105.7865850925446,510
3106.077026128769,510
3106.437567472458,509
3106.8926951885223,510
3107.2166752815247,510
3107.5336537361145,510
3107.8762969970703,511
3108.2552433013916,510
3108.5586638450623,510
3108.9477620124817,509
3109.2462451457977,508
3109.512707233429,508
3109.862049818039,509
3110.171685218811,510
3110.697325229645,510
3111.019761800766,510
3111.779949903488,511
3112.046041250229,512
3112.358546733856,513
3112.874180793762,514
3113.186686515808,514
3113.608568429947,514
3113.905448913574,515
3114.2492048740387,515
3114.592960834503,515
3114.952342271805,516
3115.5062820911407,516
3115.8886210918427,517
3116.1658103466034,517
3116.4783158302307,518
3116.765949487686,517
3117.11990070343,517
3117.4626581668854,518
3117.748473405838,518
3118.1370346546173,518
3118.497806787491,519
3118.912234544754,519
3119.2359642982483,520
3119.5156860351562,521
3119.8227033615112,521
3120.1649239063263,522
3120.5058166980743,523
3120.8391835689545,524
3121.1510860919952,525
3121.493838787079,525
3121.873611688614,525
3122.1601634025574,525
3122.6441056728363,526
3122.9708845615387,527
3123.29821228981,528
3123.6828093528748,529
3124.0775175094604,530
3124.468312740326,528
3124.877227783203,529
3125.1721727848053,529
3125.493289232254,529
3125.9219925403595,530
3126.320081949234,531
3126.6703906059265,531
3127.189699411392,531
3127.5188281536102,532
3127.8367054462433,532
3128.1151349544525,531
3128.634507417679,532
3129.2544977664948,532
3129.6130361557007,532
3129.9740884304047,533
3130.712726831436,533
3131.091911315918,534
3131.417564868927,534
3131.7847921848297,534
3132.162774324417,535
3132.4948341846466,536
3132.823949575424,536
3133.216100215912,537
3133.536049604416,537
3133.9106237888336,537
3134.2467317581177,537
3134.746673822403,538
3135.0783128738403,538
3135.459883451462,539
3135.937450647354,539
3136.254649877548,540
3136.58421087265,541
3136.891375541687,541
3137.249805212021,542
3137.600691795349,542
3138.1052598953247,543
3138.444488763809,544
3138.7931220531464,545
3139.1737928390503,544
3139.579875230789,545
3139.916026830673,545
3140.228532075882,545
3140.6453943252563,546
3141.008282184601,546
3141.329318523407,546
3141.6931524276733,547
3142.0753111839294,548
3142.386457681656,548
3142.673782348633,548
3143.055922269821,549
3143.3840532302856,549
3143.7590596675873,549
3144.0715651512146,549
3144.446571826935,548
3144.7590770721436,548
3145.1517956256866,548
3145.513204574585,549
3145.8631558418274,548
3146.232207775116,549
3146.628805398941,546
3146.9504845142365,547
3147.2885587215424,547
3147.6773884296417,547
3148.0071260929108,548
3148.5462431907654,549
3148.872330904007,549
3149.2048115730286,550
3149.6402390003204,548
3149.948871612549,548
3150.339143514633,547
3150.6804847717285,547
3151.0357155799866,544
3151.3995504379272,539
3151.702169895172,538
3152.0424551963806,539
3152.36248755455,539
3152.6959705352783,539
3152.9838399887085,532
3153.3315813541412,532
3153.635092973709,533
3154.1303899288177,534
3154.4267344474792,534
3154.7329001426697,534
3155.0315823554993,534
3155.3298857212067,522
3155.614498615265,519
3155.9261395931244,520
3156.24299120903,521
3156.544370174408,521
3156.8701269626617,522
3157.1619186401367,523
3157.4806809425354,523
3157.777560710907,523
3158.054344892502,524
3158.371473789215,525
3158.6477653980255,525
3159.101720571518,525
3159.454647064209,524
3159.8160166740417,523
3160.168596982956,523
3160.6324348449707,523
3160.9806587696075,521
3161.336243867874,519
3161.8541107177734,520
3162.135365486145,519
3162.4322459697723,520
3162.7447514533997,521
3163.0416316986084,521
3163.354136943817,521
3163.6353919506073,521
3163.932272195816,521
3164.4010303020477,521
3164.6822850704193,521
3165.0729167461395,522
3165.572925567627,523
3165.8854310512543,523
3166.2291872501373,524
3166.619819164276,525
3166.9056012630463,526
3167.422858953476,527
3167.749892950058,527
3168.032923221588,527
3168.333280801773,527
3168.8332903385162,528
3169.2551715373993,528
3169.645803451538,528
3169.9583089351654,529
3170.380191087723,528
3170.7551975250244,529
3171.0677032470703,530
3171.458335161209,531
3171.8177161216736,531
3172.1302213668823,532
3172.5208535194397,533
3173.005237340927,534
3173.3177423477173,534
3173.614622592926,532
3173.9427530765533,533
3174.239633321762,533
3174.567764043808,534
3174.849019050598,534
3175.145899295807,534
3175.442779302597,534
3175.770910024643,535
3176.0990405082703,535
3176.5521738529205,536
3176.9428055286407,537
3177.3803131580353,537
3177.6928186416626,538
3178.09907579422,538
3178.427206516266,539
3178.755336999893,540
3179.0834679603577,541
3179.7084789276123,542
3180.0366094112396,542
3180.3334896564484,542
3180.6459963321686,541
3180.9741263389587,541
3181.3178820610046,542
3181.6303873062134,542
3181.974143266678,540
3182.3804004192352,541
3182.802282810211,542
3183.177289247513,543
3183.59917140007,543
3184.0054285526276,538
3184.364809989929,539
3184.6616899967194,540
3185.005445957184,536
3185.302326440811,537
3185.5992062091827,536
3186.09921503067,537
3186.4273459911346,536
3186.7242262363434,536
3187.130483150482,537
3187.458613872528,537
3187.8648710250854,536
3188.2242522239685,533
3188.59925866127,533
3188.943014860153,534
3189.302396297455,535
3189.6461522579193,536
3189.9586577415466,536
3190.3492889404297,536
3190.755546092987,537
3191.068051815033,538
3191.3805570602417,537
3191.739938735962,538
3192.099319934845,539
3192.5368275642395,540
3193.11496257782,541
3193.427468061447,541
3193.7399740219116,542
3194.177481651306,543
3194.5212371349335,543
3194.802491903305,541
3195.1931235790253,541
3195.7243831157684,542
3196.036888360977,542
3196.5056467056274,543
3196.880653142929,543
3197.1931591033936,544
3197.536914587021,542
3197.8650455474854,542
3198.2088017463684,540
3198.630683660507,540
3198.974440097809,534
3199.318196296692,534
3199.6619522571564,535
3200.1150846481323,534
3200.4275901317596,534
3201.2088534832,519
3201.708862543106,519
3202.0526185035706,520
3202.3807492256165,521
3202.7401304244995,522
3203.146387577057,522
3203.458893060684,522
3203.849524497986,523
3204.146404981613,523
3204.6307883262634,524
3205.037045240402,525
3205.3651762008667,525
3205.677681684494,525
3205.9745619297028,526
3206.3026938438416,527
3206.599572658539,527
3206.912078142166,527
3207.240209341049,528
3207.6152155399323,529
3207.9589717388153,524
3208.2558512687683,524
3208.5683574676514,525
3208.9433636665344,525
3209.4277472496033,526
3209.7871284484863,526
3210.130884170532,526
3210.5683917999268,522
3210.8652720451355,513
3211.209028482437,504
3211.552784204483,502
3211.8652894496918,498
3212.2246708869934,499
3212.615302801132,499
3213.2246882915497,499
3213.5059430599213,500
3213.7871980667114,500
3214.09970331192,498
3214.3965837955475,497
3214.693463563919,497
3214.959093809128,497
3215.4278519153595,498
3215.771607875824,497
3216.0841133594513,498
3216.4591200351715,492
3216.818500995636,491
3217.349760055542,491
3217.6153898239136,491
3218.0528979301453,491
3218.381028175354,485
3218.771660089493,486
3219.1466665267944,486
3219.4591720104218,481
3219.802928209305,473
3220.0998079776764,473
3220.365437746048,473
3220.6466929912567,463
3220.9591982364655,464
3221.3029544353485,455
3221.7560868263245,456
3222.1467192173004,441
3222.3967232704163,437
3222.7561044692993,434
3223.021734237671,413
3223.5217430591583,404
3223.740496635437,404
3223.9592504501343,404
3224.1936297416687,398
3224.412383556366,397
3224.6780133247375,388
3224.928017616272,383
3225.1311461925507,383
3225.381150484085,382
3225.6311547756195,383
3225.9436600208282,384
3226.2092897892,382
3226.41241812706,380
3226.631172180176,380
3226.8343007564545,380
3227.459311723709,379
3227.678065299988,380
3227.9593200683594,381
3228.2093245983124,381
3228.4280784130096,381
3228.7718346118927,382
3229.00621342659,383
3229.240592479706,384
3229.5062222480774,385
3229.7249763011932,386
3230.0218563079834,387
3230.240609884262,388
3230.4906146526337,389
3230.740618944168,390
3230.9749977588654,391
3231.240627527237,392
3231.4906318187714,392
3231.8031375408173,392
3232.021891117096,392
3232.350021839142,393
3232.584400653839,394
3232.928156852722,394
3233.225037097931,395
3233.5219173431396,385
3233.8969237804413,386
3234.1156775951385,387
3234.4125576019287,388
3234.6469371318817,388
3234.9281919002533,388
3235.287572860718,389
3235.5688276290894,388
3235.8032071590424,387
3236.053211450577,384
3236.381341934204,384
3236.6157212257385,385
3236.9282269477844,386
3237.1626057624817,380
3237.429534673691,380
3237.673099756241,379
3237.9648928642273,380
3238.2009909152985,380
3238.431684732437,381
3238.650438308716,382
3239.0098190307617,379
3239.447326183319,380
3239.6817049980164,381
3239.947334289551,382
3240.197338104248,383
3240.5098435878754,381
3240.744222640991,381
3240.947350502014,381
3241.2286052703857,382
3241.46298456192,383
3241.767629623413,384
3242.3457560539246,384
3242.6349065303802,385
3242.8660933971405,385
3243.0812792778015,383
3243.3790974617004,384
3243.677745580673,381
3243.8957488536835,381
3244.1070408821106,382
3244.4344775676727,382
3244.6575758457184,383
3244.939619779587,383
3245.140435218811,384
3245.45294046402,385
3245.6982374191284,380
3246.0138301849365,375
3246.400913953781,375
3246.9727931022644,375
3247.3793177604675,374
3247.873059272766,375
3248.280187368393,376
3248.5522491931915,370
3248.780891895294,360
3249.0472462177277,349
3249.3285574913025,347
3249.5926971435547,348
3250.46138048172,344
3250.664239883423,344
3250.900148153305,338
3251.181403160095,338
3251.3845312595367,338
3251.618910074234,339
3251.8376638889313,339
3252.04079246521,340
3252.2751717567444,333
3252.4626743793488,332
3252.775179862976,333
3253.1033103466034,334
3253.2908143997192,335
3253.5095674991608,335
3253.7126955986023,335
3254.025201320648,335
3254.306455850601,335
3254.4939589500427,335
3254.681462287903,335
3254.8689653873444,335
3255.0408432483673,336
3255.2908475399017,337
3255.4939761161804,336
3255.6971044540405,337
3255.962734222412,337
3256.165862798691,338
3256.447143793106,338
3256.665871143341,339
3257.0565028190613,339
3257.2283806800842,340
3257.7794613838196,341
3258.156444787979,342
3258.402212381363,343
3258.614765882492,343
3258.8666586875916,344
3259.0889048576355,344
3259.2861704826355,345
3259.489193916321,345
3259.684505224228,345
3259.9184107780457,345
3260.107869386673,343
3260.3277711868286,344
3260.589112520218,344
3261.0683312416077,344
3261.4919090270996,345
3261.725942850113,346
3261.942953824997,347
3262.1545124053955,348
3262.4304502010345,348
3262.6375815868378,348
3262.838132381439,348
3263.028596162796,347
3263.2255856990814,348
3263.498582839966,348
3263.7185044288635,349
3263.937586784363,350
3264.1663393974304,351
3264.364337205887,351
3264.5561351776123,351
3264.8537764549255,352
3265.105832338333,352
3265.3356149196625,353
3265.5410561561584,353
3265.7525849342346,353
3266.011305332184,354
3266.289602994919,354
3266.6578538417816,355
3266.8675365448,354
3267.116569519043,353
3267.3996047973633,353
3267.728584289551,353
3268.0247168540955,353
3268.521024465561,354
3269.0152950286865,355
3269.3178725242615,354
3269.6137301921844,353
3269.9256570339203,353
3270.1178925037384,353
3270.333443880081,354
3270.592363834381,354
3270.84894990921,354
3271.058705329895,354
3271.3269374370575,355
3271.562700986862,356
3271.7918100357056,357
3272.0054659843445,357
3272.1989278793335,358
3272.418581008911,358
3292.266514778137,359
3292.4732654094696,359
3292.7134354114532,359
3293.039216518402,359
3293.337303161621,358
3293.5385224819183,358
3293.7833590507507,358
3294.022251367569,358
3294.232909679413,358
3294.5248897075653,359
3294.807949066162,359
3295.051432132721,359
3295.4419753551483,359
3295.701523065567,360
3296.0457231998444,360
3296.270126581192,360
3296.530774116516,361
3296.821446657181,362
3297.0201127529144,362
3297.2241628170013,362
3297.452296733856,362
3297.706140756607,363
3297.9344358444214,364
3298.166273832321,365
3298.4496943950653,365
3298.706915616989,364
3298.9296860694885,364
3299.1291873455048,365
3299.399709701538,366
3299.6891236305237,366
3300.009696960449,367
3300.2164635658264,367
3300.5294091701508,368
3300.9423382282257,369
3301.1927375793457,369
3301.518308877945,369
3301.742124557495,370
3302.0489509105682,371
3302.4230618476868,371
3302.635983467102,372
3302.919981241226,372
3303.1989336013794,373
3303.530837059021,374
3303.7776305675507,375
3304.134084701538,376
3304.4562578201294,371
3304.700511932373,371
3304.9751155376434,372
3305.3789372444153,372
3305.9248538017273,372
3306.156915664673,372
3306.4433159828186,373
3306.786993741989,374
3307.0592131614685,374
3307.2848143577576,374
3307.491709470749,374
3307.696456193924,374
3307.9627118110657,375
3308.211902618408,374
3308.429656267166,375
3308.889060497284,375
3309.0995631217957,375
3309.5055055618286,376
3309.762730360031,377
3310.036349773407,377
3310.2733664512634,378
3310.5343408584595,379
3310.7481412887573,380
3311.0742325782776,381
3311.371606349945,381
3311.6581361293793,382
3311.8962366580963,383
3312.307409763336,384
3312.6835083961487,385
3312.9176831245422,385
3313.175253868103,386
3313.4325268268585,386
3313.7093398571014,387
3314.0194249153137,388
3314.609407901764,389
3314.888614654541,390
3315.3002564907074,390
3315.5116419792175,391
3315.757882118225,391
3315.9891991615295,392
3316.5832691192627,393
3316.8194165229797,393
3317.22243642807,393
3317.4740114212036,394
3317.7161660194397,395
3317.9874317646027,395
3318.2423255443573,395
3318.614772796631,396
3318.8343119621277,396
3319.0836148262024,396
3319.344238758087,396
3319.590662240982,397
3319.917107820511,397
3320.582060813904,397
3320.951723575592,397
3321.2944531440735,398
3321.7968764305115,396
3322.1331267356873,397
3322.3930389881134,396
3322.6558742523193,397
3322.931294441223,397
3323.268340110779,396
3323.5227043628693,396
3323.999336719513,396
3324.2710008621216,396
3324.53848862648,397
3324.759480237961,397
3325.1030774116516,398
3325.6091783046722,399
3325.886762857437,400
3326.32168340683,400
3326.634267091751,401
3326.9979643821716,401
3327.3679304122925,401
3327.6517176628113,401
3327.894184589386,402
3328.26109457016,402
3328.5020883083344,403
3328.84853887558,404
3329.1117248535156,404
3329.430814743042,405
3329.7265679836273,405
3330.3069677352905,406
3330.581482410431,406
3330.8056976795197,407
3331.256003856659,408
3331.4870676994324,409
3331.837710380554,409
3332.1352574825287,408
3332.385020494461,408
3332.65557718277,409
3332.899488925934,410
3333.1295132637024,411
3333.6358773708344,412
3333.8590354919434,412
3334.1140637397766,413
3334.4328305721283,414
3334.7094752788544,415
3334.9390439987183,415
3335.2651977539062,416
3335.501809835434,417
3335.7469675540924,418
3336.138012647629,418
3336.368139266968,418
3336.679008960724,419
3336.9619131088257,419
3337.5655179023743,419
3337.874428510666,419
3338.3486199378967,419
3338.611984014511,420
3338.8406426906586,420
3339.1185863018036,421
3339.515688896179,422
3339.7684454917908,422
3340.0226726531982,422
3340.396116733551,422
3340.681755542755,422
3340.970635175705,420
3341.233227968216,420
3341.4909451007843,419
3341.722790956497,419
3341.9765241146088,419
3342.256177186966,419
3342.543436527252,420
3342.8039844036102,421
3343.05690908432,421
3343.347154378891,422
3343.8234090805054,422
3344.1403427124023,422
3344.421928882599,423
3344.8222482204437,424
3345.261201620102,425
3345.5085055828094,425
3345.739918231964,425
3345.995304584503,425
3346.2798104286194,426
3346.593246459961,426
3346.8619241714478,427
3347.10954785347,428
3347.475611925125,429
3348.0270450115204,429
3348.6864318847656,429
3348.9535825252533,429
3349.30095911026,429
3349.6611738204956,429
3350.1105563640594,429
3350.37495470047,430
3350.621999502182,430
3351.022532224655,431
3351.3251090049744,431
3351.8895106315613,432
3352.1700026988983,433
3352.426851272583,434
3352.6932229995728,435
3352.9352073669434,435
3353.401694059372,436
3353.6519587039948,436
3353.897999048233,436
3354.2813971042633,437
3354.628912448883,437
3354.974372625351,438
3355.2940039634705,439
3355.706013441086,440
3356.022596359253,440
3356.4146463871,440
3356.683173894882,441
3357.012457847595,442
3357.2738406658173,443
3357.522449731827,443
3357.8037173748016,444
3358.0918996334076,443
3358.3703792095184,444
3358.8046123981476,445
3359.170876264572,445
3359.4496479034424,446
3359.7793593406677,446
3360.2372176647186,447
3360.5437638759613,448
3360.7988901138306,448
3361.115511417389,448
3361.365469932556,448
3361.673005104065,449
3362.0075540542603,450
3362.475223302841,449
3362.885461330414,449
3363.1345434188843,447
3363.38352060318,448
3363.6687405109406,449
3363.9149298667908,450
3364.1721081733704,450
3364.4764301776886,450
3364.790202140808,447
3365.166754961014,448
3365.4156272411346,447
3365.8546483516693,446
3366.1343188285828,447
3366.5020685195923,447
3367.002893447876,447
3367.269832134247,448
3367.546787261963,449
3368.0494060516357,449
3368.497088909149,450
3368.7478182315826,450
3369.003237247467,451
3369.277711868286,452
3369.5753123760223,453
3369.9009404182434,454
3370.191456079483,455
3370.463718891144,454
3370.7143964767456,454
3371.0331525802612,452
3371.3110592365265,450
3371.6416339874268,451
3371.9564933776855,451
3372.256497144699,452
3372.504383087158,452
3372.7692766189575,452
3373.043571949005,450
3373.4329183101654,449
3373.6876261234283,449
3373.9840791225433,450
3374.289882183075,451
3374.5517761707306,450
3374.931338071823,451
3375.262347459793,452
3375.565271139145,452
3375.8202924728394,452
3376.129744052887,453
3376.387127161026,454
3376.6538441181183,452
3377.021169900894,453
3377.3311858177185,454
3377.6278314590454,454
3377.884320497513,455
3378.2072932720184,456
3378.4579253196716,456
3378.7892735004425,457
3379.0972504615784,458
3379.3760311603546,459
3379.655930042267,460
3380.018343448639,461
3380.2860646247864,461
3380.5416028499603,462
3380.900987625122,462
3381.2331709861755,462
3381.493804693222,459
3381.7991139888763,460
3382.178577899933,461
3382.4966762065887,462
3382.780391931534,463
3383.127220392227,464
3383.5254740715027,465
3383.9424118995667,466
3384.2046921253204,466
3384.548054933548,467
3384.8586089611053,468
3385.133989572525,469
3385.4338121414185,469
3385.7803966999054,470
3386.2650270462036,470
3386.5243878364563,470
3386.9205601215363,471
3387.321306705475,472
3387.8812384605408,473
3388.272835969925,474
3388.5791063308716,474
3388.8481664657593,474
3389.247980594635,475
3389.621605157852,476
3389.9943470954895,477
3390.4058408737183,478
3390.7276232242584,479
3391.055855989456,480
3391.345513343811,480
3391.618162870407,480
3391.902451992035,480
3392.3578102588654,481
3392.7534334659576,482
3393.1177446842194,483
3393.4146995544434,483
3393.7456300258636,484
3394.1410467624664,485
3394.5099024772644,486
3394.7867538928986,486
3395.0836765766144,487
3395.3987967967987,488
3395.7347025871277,488
3396.2136414051056,489
3396.505205631256,490
3396.862646818161,490
3397.2133502960205,491
3397.5239305496216,491
3397.79816699028,491
3398.098234653473,492
3398.392615556717,493
3398.743351459503,492
3399.1110396385193,492
3399.566910505295,493
3399.836963891983,493
3400.141501426697,494
3400.4291377067566,495
3400.7085659503937,496
3401.141190767288,495
3401.430561065674,496
3401.7487556934357,496
3402.190008163452,497
3402.4654772281647,497
3402.766462087631,498
3403.057408809662,499
3403.408942222595,500
3403.6899678707123,501
3404.008340358734,501
3404.3305926322937,502
3404.6780507564545,503
3405.0606215000153,503
3405.338602542877,503
3405.6780347824097,504
3405.9980108737946,504
3406.6720340251923,504
3407.00585436821,505
3407.3881225585938,506
3407.7048885822296,507
3408.018770456314,507
3408.3253870010376,507
3408.671413898468,507
3409.0499312877655,508
3409.3423974514008,509
3409.6319482326508,509
3409.952665090561,509
3410.355401277542,509
3410.6457858085632,509
3411.0437984466553,509
3411.4099588394165,509
3411.695646047592,509
3412.0076446533203,510
3412.3221983909607,511
3412.667437314987,512
3413.0319273471832,513
3413.4108963012695,513
3414.0622267723083,514
3414.4079332351685,514
3414.7419505119324,515
3415.048822402954,515
3415.465589284897,516
3416.0038475990295,516
3416.30579161644,516
3416.638028383255,516
3416.9367592334747,517
3417.2522439956665,517
3417.630601644516,518
3418.0155766010284,518
3418.307238817215,519
3418.592914581299,519
3419.0341777801514,517
3419.501529932022,517
3419.794862270355,517
3420.13067984581,518
3420.5725536346436,518
3421.0687630176544,518
3421.4630098342896,518
3421.856704711914,519
3422.1802802085876,519
3422.517123937607,519
3422.852303981781,520
3423.2847185134888,521
3423.6694219112396,521
3424.0287642478943,521
3424.396264076233,522
3424.7424323558807,523
3425.038684606552,524
3425.35994887352,524
3425.6718249320984,524
3426.065882205963,524
3426.433652639389,524
3426.748386621475,522
3427.059139728546,523
3427.397895336151,524
3427.8082575798035,525
3428.2529516220093,526
3428.566337823868,527
3429.037533521652,528
3429.3471693992615,529
3429.6899189949036,530
3430.0204286575317,531
3430.5242319107056,531
3430.8352274894714,531
3431.170423746109,531
3431.541361808777,532
3431.859491109848,532
3432.335749387741,532
3432.6348118782043,533
3433.0405011177063,534
3433.365874528885,534
3433.9892358779907,534
3434.309233188629,535
3434.70446228981,536
3435.029705762863,537
3435.3299691677094,537
3435.6504986286163,538
3436.0411472320557,539
3436.3817348480225,540
3436.801572084427,540
3437.267088651657,540
3437.726706266403,540
3438.2738931179047,540
3438.6844639778137,541
3439.0166721343994,541
3439.3259015083313,541
3439.6783118247986,541
3440.070806980133,542
3440.426573753357,543
3440.904756784439,543
3441.2412524223328,544
3441.8157284259796,545
3442.128233909607,545
3442.6271460056305,546
3442.997946739197,547
3443.433486223221,548
3443.8354935646057,549
3444.16707777977,548
3444.6812658309937,549
3445.05703997612,550
3445.357107400894,551
3445.709830760956,552
3446.062123775482,553
3446.385523080826,554
3446.725956916809,554
3447.083930492401,555
3447.4345824718475,555
3447.7421956062317,556
3448.0547001361847,556
3448.427491903305,557
3448.785802125931,557
3449.1348226070404,558
3449.581055164337,558
3449.892317056656,558
3450.274762392044,558
3450.68101978302,559
3451.0773496627808,559
3451.404901266098,559
3451.7221851348877,559
3452.085600376129,560
3452.4822108745575,561
3452.830875635147,562
3453.217159509659,563
3453.5725383758545,563
3453.929931163788,564
3454.3231880664825,565
3454.7457859516144,566
3455.0895075798035,561
3455.637240409851,558
3456.0320024490356,559
3456.4368646144867,558
3456.8041813373566,558
3457.1409916877747,559
3457.519795179367,559
3457.936466693878,560
3458.2788915634155,558
3458.6717908382416,559
3459.259251832962,559
3459.571756839752,559
3460.0592560768127,559
3460.483254432678,554
3460.84938120842,554
3461.1775119304657,554
3461.4991734027863,550
3461.8615186214447,551
3462.2027173042297,552
3462.7008357048035,553
3463.2753908634186,553
3463.8353550434113,553
3464.1488783359528,553
3464.538526058197,554
3464.8452928066254,555
3465.1629831790924,555
3465.5433518886566,554
3465.8848967552185,555
3466.304799079895,556
3466.7439143657684,556
3467.231409549713,556
3467.5836486816406,557
3467.987578392029,558
3468.5637612342834,559
3468.8928022384644,559
3469.3432455062866,559
3469.715266942978,559
3470.074770927429,558
3470.418024301529,559
3471.1513175964355,560
3471.495244026184,560
3471.8732676506042,561
3472.4557094573975,562
3472.7767345905304,563
3473.5884535312653,564
3473.963912963867,565
3474.269737958908,566
3474.6671431064606,567
3475.006807088852,567
3475.3555109500885,568
3475.781538248062,569
3476.1830174922943,569
3476.6345493793488,569
3476.97065615654,570
3477.314610719681,570
3477.659725189209,570
3478.0444033145905,571
3478.3915894031525,571
3478.8608338832855,571
3479.2327556610107,571
3479.593595266342,572
3479.954185962677,573
3480.290182352066,572
3480.689014673233,572
3481.0498476028442,573
3481.4013571739197,574
3481.7451860904694,575
3482.07283782959,576
3482.5480523109436,576
3482.895698785782,577
3483.3198778629303,578
3483.668560028076,579
3484.0102508068085,579
3484.519271850586,580
3484.8655049800873,581
3485.208159685135,582
3485.545961380005,583
3486.048625230789,583
3486.552463531494,584
3486.926097393036,585
3487.391517162323,586
3487.892136335373,587
3488.2383363246918,588
3488.6543922424316,589
3489.012757062912,587
3489.348641395569,587
3489.7343344688416,586
3490.1891214847565,587
3490.5346388816833,587
3490.981834411621,588
3491.393760919571,589
3491.740464925766,590
3492.0869011878967,590
3492.418853998184,590
3493.0605940818787,591
3493.5450642108917,591
3493.903466939926,592
3494.266900062561,592
3494.6222989559174,592
3495.0122215747833,593
3495.3986151218414,592
3495.9188492298126,593
3496.26260471344,594
3496.7310843467712,595
3497.1853370666504,595
3497.512947320938,594
3498.060939311981,595
3498.403371810913,596
3498.8270659446716,597
3499.205200433731,598
3499.565312385559,598
3499.9033148288727,598
3500.2869024276733,599
3500.648105621338,600
3501.0958240032196,600
3501.652483701706,599
3501.9983043670654,599
3502.498456478119,600
3503.027966737747,600
3503.419085741043,601
3503.9032487869263,602
3504.4183781147003,602
3504.778889656067,603
3505.106504201889,603
3505.434413433075,604
3505.8699703216553,605
3506.2167780399323,605
3506.5605804920197,605
3506.9340534210205,606
3507.3267011642456,607
3507.688122034073,608
3508.1266407966614,609
3508.613851547241,610
3509.162392616272,611
3509.6015622615814,612
3509.9614078998566,612
3510.4747772216797,613
3510.969244003296,614
3511.5259988307953,615
3511.972623348236,615
3512.4564096927643,615
3512.8633980751038,616
3513.205342531204,617
3513.6373665332794,617
3534.332453250885,618
3534.7240493297577,619
3535.0652072429657,619
3535.4245035648346,619
3535.8599741458893,619
3536.2967562675476,620
3536.654539823532,621
3537.0643544197083,620
3537.8425266742706,621
3538.2802169322968,622
3538.6815893650055,622
3539.02294254303,623
3539.372351884842,623
3539.7694177627563,622
3540.1274609565735,623
3540.5006515979767,623
3540.9332342147827,623
3541.3973095417023,624
3541.8407657146454,624
3542.2765443325043,624
3542.667142868042,625
3543.231875181198,625
3543.606641292572,624
3543.9763741493225,625
3544.4889521598816,624
3544.8412947654724,622
3545.201047182083,623
3545.601821422577,621
3545.942854166031,620
3546.315838575363,612
3546.770302772522,601
3547.12797832489,602
3547.4774935245514,602
3547.8455653190613,600
3548.308246612549,601
3548.6456649303436,601
3548.993958234787,601
3549.3563408851624,602
3549.96981215477,603
3550.4822175502777,603
3550.893892288208,604
3551.3089241981506,605
3551.6840438842773,606
3552.216492176056,606
3552.59281373024,606
3553.110748767853,603
3553.6572024822235,604
3554.0384147167206,603
3554.4089682102203,603
3554.780882835388,600
3555.1562039852142,601
3555.529135465622,600
3555.904123067856,600
3556.282100915909,600
3556.858868598938,601
3557.1960377693176,601
3557.6483161449432,602
3558.0703349113464,599
3558.505484342575,600
3558.875529050827,601
3559.254221200943,602
3559.6417548656464,600
3560.0318734645844,601
3560.414084672928,598
3560.763325214386,599
3561.2348594665527,599
3561.610271692276,599
3561.945510149002,599
3562.312506914139,600
3562.8454687595367,601
3563.2675733566284,599
3563.9766747951508,599
3564.410577058792,596
3564.8822979927063,596
3565.2385721206665,597
3565.5652883052826,598
3565.9860928058624,599
3566.45303106308,595
3566.8211028575897,596
3567.18781542778,596
3567.684195280075,597
3568.043314933777,598
3568.4947283267975,598
3568.8697352409363,599
3569.2733771800995,599
3569.682844400406,600
3570.2414236068726,598
3570.6722462177277,599
3571.0719752311707,600
3571.497761487961,600
3571.940485239029,601
3572.3009905815125,592
3572.7133083343506,591
3573.0414402484894,591
3573.406085729599,585
3573.755925178528,586
3574.136160135269,587
3574.653125524521,587
3575.001177549362,588
3575.5350704193115,589
3575.897352218628,589
3576.2868835926056,589
3576.6492619514465,590
3577.0027787685394,590
3577.669640302658,590
3578.1294021606445,589
3578.6205344200134,587
3579.000197649002,580
3579.3442373275757,577
3579.67941570282,576
3580.016942024231,568
3580.330501794815,568
3580.7536702156067,569
3581.1414353847504,569
3581.539960861206,569
3581.946710586548,569
3582.3009448051453,570
3582.730329275131,570
3583.055598974228,569
3583.463276386261,569
3583.7903594970703,570
3584.156837463379,571
3584.5266733169556,572
3584.9234006404877,572
3585.2740166187286,573
3585.657719373703,573
3585.9884626865387,573
3586.350996732712,574
3586.681514263153,575
3587.0115010738373,575
3587.497671365738,575
3587.861008644104,576
3588.189941883087,575
3588.5463576316833,576
3589.0436401367188,576
3589.3920800685883,577
3589.7322142124176,577
3590.075756549835,577
3590.4382479190826,577
3590.9076857566833,577
3591.3619277477264,578
3591.7130699157715,579
3592.152271270752,580
3592.5645213127136,580
3592.8912105560303,580
3593.2156887054443,580
3593.616056919098,580
3594.0230417251587,580
3594.643792629242,580
3595.2780542373657,581
3595.725789308548,582
3596.09139919281,582
3596.5297644138336,582
3596.91162276268,583
3597.2400987148285,584
3597.5762667655945,585
3597.915462255478,582
3598.2999267578125,580
3598.6424746513367,580
3598.9776446819305,580
3599.3118839263916,574
3599.7437982559204,572
3600.0839505195618,572
3600.441390991211,572
3601.0393278598785,573
3601.4234709739685,573
3601.80442404747,574
3602.2929067611694,574
3602.7350175380707,575
3603.114047050476,576
3603.625663280487,576
3604.015270471573,574
3604.3435435295105,574
3604.854254245758,574
3605.2605481147766,574
3605.5920870304108,573
3606.2025911808014,572
3606.5654714107513,569
3606.905881166458,569
3607.3714418411255,562
3607.7856895923615,563
3608.165824174881,562
3608.6400356292725,561
3608.9967963695526,556
3609.4335358142853,557
3609.811501979828,557
3610.228719472885,558
3610.57048535347,559
3610.9275023937225,560
3611.2930822372437,561
3612.021031856537,562
3612.426257610321,563
3612.8621668815613,564
3613.2297954559326,565
3613.5508332252502,563
3613.9395122528076,563
3614.279648542404,563
3614.6855652332306,560
3615.0808470249176,561
3615.764605283737,559
3616.1049115657806,558
3616.4612035751343,557
3616.860153198242,554
3617.190525531769,554
3617.529447555542,554
3617.8536138534546,552
3618.209669113159,550
3618.5954279899597,551
3618.977053642273,548
3619.3651471138,547
3619.678596019745,543
3620.339604616165,544
3620.690850496292,544
3621.0453786849976,544
3621.4083635807037,544
3621.7169873714447,545
3622.0863008499146,545
3622.5077657699585,545
3622.827735900879,545
3623.242909193039,539
3623.6407079696655,540
3623.979369163513,540
3624.376126766205,540
3624.7361686229706,539
3625.162805080414,533
3625.541952610016,533
3625.864525079727,534
3626.1905434131622,535
3626.5551660060883,534
3626.9040474891663,535
3627.1989035606384,535
3627.6226983070374,534
3627.955957889557,535
3628.3868832588196,535
3628.7993972301483,535
3629.1239671707153,536
3629.475622653961,536
3629.776278734207,536
3630.1016387939453,536
3630.617744207382,532
3631.071718454361,533
3631.404352426529,533
3631.8302698135376,530
3632.1258673667908,530
3632.4308178424835,530
3632.7486040592194,527
3633.0632829666138,522
3633.4694077968597,522
3633.763175010681,522
3634.0861089229584,523
3634.4139547348022,524
3634.7041001319885,524
3635.123918056488,525
3635.4788970947266,525
3635.7768733501434,525
3636.083524465561,526
3636.493816614151,527
3636.8753373622894,527
3637.183916568756,524
3637.7096462249756,525
3638.199207305908,526
3638.509952068329,527
3638.8746378421783,528
3639.1781318187714,528
3639.5072050094604,529
3639.9952058792114,528
3640.432526111603,529
3640.806267976761,529
3641.0968873500824,529
3641.3926091194153,530
3641.7025587558746,531
3642.062310695648,527
3642.443304538727,528
3642.770670413971,529
3643.1019308567047,530
3643.4790937900543,530
3643.9067285060883,531
3644.4268324375153,532
3644.7850108146667,533
3645.1697714328766,533
3645.4932844638824,533
3645.8138134479523,534
3646.1714265346527,534
3646.504515647888,535
3646.95800280571,536
3647.4139618873596,537
3647.748604774475,537
3648.0911400318146,538
3648.4140536785126,538
3648.9843287467957,538
3649.3201286792755,538
3649.731978416443,538
3650.2374370098114,539
3650.5617973804474,539
3651.0204718112946,539
3651.4248192310333,538
3651.727025985718,539
3652.081734895706,540
3652.408927679062,539
3652.778047800064,540
3653.1078453063965,541
3653.411512374878,542
3653.745530605316,542
3654.073223590851,542
3654.4182913303375,542
3654.7373683452606,542
3655.1231508255005,543
3655.4663326740265,544
3655.7934629917145,545
3656.1829743385315,545
3656.7167427539825,546
3657.263339281082,547
3657.5711946487427,547
3657.908337831497,548
3658.258686542511,549
3658.6354916095734,550
3659.039717435837,550
3659.3783309459686,549
3659.763507604599,550
3660.10448718071,549
3660.4806458950043,550
3660.8053686618805,550
3661.223440170288,550
3661.547215938568,550
3661.944363594055,551
3662.2852454185486,552
3662.6020340919495,552
3662.93727350235,553
3663.246016263962,553
3663.6308693885803,553
3663.9631509780884,554
3664.2899856567383,554
3664.707897424698,555
3665.1193296909332,556
3665.5019068717957,556
3665.9193737506866,555
3666.3589622974396,554
3666.6723284721375,554
3667.0557193756104,554
3667.397447347641,555
3667.7386202812195,547
3668.133325576782,547
3668.520040512085,548
3668.840375185013,548
3669.157020330429,548
3669.4604115486145,548
3669.79621553421,548
3670.2175552845,548
3670.664095878601,548
3670.998953104019,548
3671.3231332302094,549
3671.7160274982452,548
3672.0553953647614,549
3672.513495206833,549
3672.874500513077,548
3673.464891433716,548
3674.0849373340607,549
3674.4006958007812,550
3674.7328820228577,551
3675.060775279999,552
3675.3935499191284,549
3675.77108836174,548
3676.132623910904,549
3676.608826637268,550
3677.056585073471,551
3677.3950345516205,552
3677.7145302295685,552
3678.1988232135773,553
3678.5683164596558,554
3678.876401901245,554
3679.2387063503265,554
3679.596061229706,555
3679.9122774600983,555
3680.310889005661,556
3680.656177997589,556
3681.1068966388702,557
3681.448031425476,557
3681.7873256206512,558
3682.1869649887085,559
3682.5060675144196,559
3682.901323080063,560
3683.2941002845764,561
3683.6722605228424,561
3684.0646669864655,562
3684.5143852233887,563
3685.0482614040375,564
3685.439777612686,565
3685.791158437729,566
3686.495950460434,566
3686.9103314876556,566
3687.402173280716,567
3687.7693722248077,568
3688.129492998123,569
3688.5193214416504,570
3688.833870410919,570
3689.2578279972076,570
3689.690972328186,571
3690.044510602951,572
3690.556359052658,572
3691.0717606544495,573
3691.520606279373,572
3691.852751493454,572
3692.2303504943848,572
3692.664863348007,573
3693.0586321353912,573
3693.4047656059265,574
3693.85329246521,574
3694.1708896160126,575
3694.5149204730988,576
3694.8916535377502,577
3695.4516191482544,578
3695.7825317382812,578
3696.202259540558,579
3696.552079439163,580
3696.8904941082,580
3697.2455270290375,581
3697.738226413727,581
3698.0857694149017,581
3698.4712884426117,581
3698.8428053855896,582
3699.1797070503235,583
3699.570724248886,583
3699.9543194770813,580
3700.370155096054,581
3700.82723736763,581
3701.3279418945312,582
3701.7271292209625,583
3702.092061281204,584
3702.4196927547455,585
3702.950609922409,585
3703.3272104263306,585
3703.706406354904,585
3704.084623336792,585
3704.631505727768,586
3704.9574341773987,586
3705.297658920288,586
3705.6702864170074,587
3706.003564119339,587
3706.432826757431,588
3706.8377397060394,589
3707.381105661392,590
3707.7631170749664,591
3708.1326496601105,592
3708.5914719104767,593
3709.0393743515015,593
3709.391632795334,591
3709.754555940628,592
3710.11052942276,591
3710.5412073135376,592
3710.906324863434,592
3711.288860321045,592
3711.6975116729736,593
3712.1052808761597,594
3712.5495450496674,593
3712.902347803116,594
3713.552274942398,595
3714.019430398941,592
3714.441096305847,592
3714.831876039505,593
3715.284990787506,594
3715.6228370666504,592
3715.9683928489685,592
3716.381637096405,593
3716.9139103889465,593
3717.3713035583496,594
3717.7127482891083,594
3718.1907951831818,594
3718.682787656784,584
3719.0406923294067,582
3719.4889981746674,581
3719.8530888557434,579
3720.214631319046,579
3720.6888971328735,579
3721.0288577079773,577
3721.5516369342804,578
3721.9157404899597,578
3722.2713170051575,579
3722.6401591300964,580
3723.0995593070984,581
3723.5206995010376,582
3723.89124083519,583
3724.2395045757294,583
3724.582901239395,583
3725.237590074539,584
3725.5894174575806,585
3726.186571121216,586
3726.533933877945,587
3726.9453008174896,586
3727.285840511322,586
3727.6662995815277,587
3728.1189646720886,588
3728.9843080043793,589
3729.31014251709,589
3729.687754392624,590
3730.033989429474,591
3730.4492230415344,592
3730.8170022964478,593
3731.277785539627,593
3731.8618087768555,593
3732.3440248966217,593
3732.762401819229,592
3733.0943999290466,592
3733.438802957535,590
3733.803145647049,588
3734.1352059841156,581
3734.5439834594727,568
3734.9428989887238,568
3735.3504185676575,568
3735.6715400218964,567
3736.145223379135,568
3736.584455728531,568
3736.9459204673767,569
3737.492202758789,569
3737.914000272751,570
3738.2786474227905,571
3738.6615285873413,571
3739.2490191459656,571
3739.669263124466,572
3740.1416766643524,573
3740.4818408489227,573
3740.822913646698,573
3741.1510438919067,573
3741.644334077835,574
3742.079206943512,574
3742.416289329529,574
3743.0156738758087,575
3743.381558418274,568
3743.7011766433716,567
3744.1046698093414,568
3744.5421998500824,565
3744.861153125763,557
3745.1677663326263,557
3745.509174346924,557
3745.891543149948,553
3746.4843986034393,552
3746.817934989929,546
3747.2025241851807,544
3747.5668721199036,545
3748.0319521427155,546
3748.3571009635925,546
3748.9322216510773,545
3749.3376812934875,546
3749.7575957775116,547
3750.0626318454742,547
3750.3800616264343,544
3750.723817586899,545
3751.0357780456543,546
3751.3852639198303,546
3751.857421875,545
3752.245946407318,545
3752.568375349045,545
3753.089088201523,523
3753.4481859207153,517
3753.7434554100037,515
3754.044095993042,516
3754.5087020397186,516
3754.8266327381134,501
3755.1557297706604,496
3755.451571702957,497
3755.85498380661,495
3756.2564656734467,495
3756.5342218875885,496
3756.867058992386,497
3757.1940817832947,497
3757.518065214157,488
3757.787517309189,488
3758.105460882187,486
3758.380014181137,486
3758.7245597839355,486
3758.9913494586945,487
3759.260406970978,487
3759.567903995514,484
3759.8404359817505,484
3760.3713500499725,484
3760.8246467113495,484
3761.245978832245,483
3761.669798851013,481
3761.9908406734467,475
3762.3987753391266,471
3762.6714491844177,471
3762.93843126297,471
3763.2963597774506,471
3763.5885710716248,471
3763.996877670288,472
3764.3963479995728,470
3764.6692459583282,468
3765.040652036667,469
3765.3309082984924,470
3765.6168727874756,470
3765.9758353233337,471
3766.3094942569733,472
3766.701445579529,473
3766.9887602329254,473
3767.3510460853577,473
3767.6292452812195,474
3767.9504051208496,474
3768.241840839386,475
3768.6515815258026,476
3769.024413585663,476
3769.3088958263397,476
3769.61661195755,477
3769.9302031993866,477
3770.2795565128326,477
3770.541851043701,478
3770.836275100708,479
3771.1525886058807,480
3771.425830602646,480
3772.0038299560547,480
3772.2756686210632,480
3772.548204421997,480
3772.8976097106934,481
3773.2411890029907,481
3773.51823925972,482
3773.89396071434,482
3774.225869655609,482
3774.750112771988,482
3775.101559638977,483
3775.3802678585052,484
3775.8627259731293,483
3776.128165245056,483
3776.4331810474396,483
3776.7841424942017,483
3777.142569541931,483
3777.604530096054,482
3778.0861570835114,483
3778.41631937027,484
3778.702404022217,483
3779.166839122772,484
3779.9361350536346,484
3780.3495643138885,483
3780.618272781372,483
3781.05251288414,484
3781.342542886734,484
3781.6461210250854,485
3782.0096747875214,485
3782.306174516678,486
3782.5876927375793,486
3782.926698446274,487
3783.3901410102844,487
3783.726266860962,488
3784.0700232982635,489
3784.3494470119476,488
3784.6307015419006,489
3784.9522984027863,490
3785.215378522873,490
3785.5209832191467,491
3785.971491575241,490
3786.3157527446747,490
3786.7918305397034,490
3787.1129920482635,490
3787.410982608795,491
3787.70480632782,491
3788.0309677124023,492
3788.3764328956604,492
3788.7437992095947,490
3789.122272014618,490
3789.410384654999,491
3789.6876544952393,491
3789.9594161510468,491
3790.2898700237274,491
3790.5941636562347,491
3791.0514879226685,491
3791.4412775039673,492
3791.7436809539795,493
3792.171485900879,494
3812.8424949645996,494
3813.1381011009216,495
3813.440750360489,495
3813.744541168213,496
3814.0444490909576,496
3814.386161804199,496
3814.7224774360657,496
3814.9987802505493,496
3815.317846775055,497
3815.8490121364594,498
3816.3888297080994,499
3816.809360742569,500
3817.082495689392,500
3817.4088122844696,501
3817.7088758945465,501
3818.0249240398407,501
3818.3989038467407,502
3818.7763817310333,503
3819.0606405735016,504
3819.339664697647,504
3819.651934146881,505
3820.032424211502,505
3820.5229411125183,505
3820.9123151302338,506
3821.1922278404236,506
3821.471355199814,507
3821.7867465019226,508
3822.1106679439545,508
3822.3955838680267,509
3822.872987270355,509
3823.1963500976562,510
3823.5197463035583,511
3823.889979839325,511
3824.4220020771027,511
3824.780015230179,511
3825.132684469223,510
3825.5896093845367,510
3825.9373745918274,510
3826.242957830429,510
3826.588216781616,511
3827.0773322582245,512
3827.450660943985,512
3827.7473320961,512
3828.108419895172,513
3828.402016401291,514
3828.7053327560425,514
3829.0486817359924,515
3829.4477491378784,515
3829.762147665024,515
3830.0739629268646,516
3830.392976284027,516
3830.678979873657,516
3831.1896402835846,517
3831.517771244049,518
3831.872729063034,519
3832.249690055847,519
3832.600758075714,516
3832.9869463443756,515
3833.2896332740784,516
3833.672983646393,516
3833.9663434028625,516
3834.2977726459503,516
3834.7218289375305,517
3835.017731666565,518
3835.331350326538,518
3835.67630982399,518
3836.040232896805,519
3836.3894336223602,520
3836.727393388748,521
3837.180459022522,522
3837.685432910919,523
3838.031007051468,524
3838.623236656189,525
3838.98987865448,525
3839.455400466919,525
3839.7531368732452,526
3840.1055347919464,526
3840.5089309215546,527
3840.8391258716583,527
3841.1562654972076,528
3841.673580646515,529
3841.976298093796,530
3842.47354054451,531
3842.810226202011,532
3843.2357285022736,533
3843.690403699875,533
3844.082165002823,534
3844.3986024856567,535
3844.715101957321,536
3845.0930638313293,536
3845.575797557831,537
3846.087211370468,537
3846.4625658988953,538
3846.870698928833,539
3847.3038444519043,540
3847.7626073360443,541
3848.0902938842773,542
3848.464141845703,542
3848.770929336548,543
3849.2413680553436,543
3849.581394672394,544
3850.069236278534,545
3850.4369733333588,546
3850.9086747169495,547
3851.3160581588745,548
3851.624411344528,549
3851.9468545913696,549
3852.2716431617737,550
3852.58424782753,550
3852.92076086998,551
3853.5729517936707,552
3854.20303440094,551
3854.59765958786,552
3854.971753358841,553
3855.295922279358,553
3855.98228597641,553
3856.3777952194214,554
3856.743052482605,555
3857.095309972763,555
3857.462994813919,556
3858.144778251648,556
3858.498283147812,556
3858.8617873191833,557
3859.1736562252045,557
3859.525146961212,558
3859.8712844848633,558
3860.278743505478,558
3860.642454624176,559
3860.960288286209,559
3861.276600122452,560
3861.694212436676,560
3862.1254925727844,559
3862.5575659275055,560
3862.965518474579,560
3863.310497045517,561
3863.7358734607697,562
3864.1392951011658,563
3864.4625136852264,563
3864.810318470001,564
3865.3088924884796,565
3865.78169965744,565
3866.134288549423,566
3866.4848968982697,567
3866.993308067322,567
3867.382221698761,567
3868.0093066692352,567
3868.3550691604614,567
3868.6963398456573,568
3869.1170892715454,568
3869.50989818573,568
3869.880000591278,568
3870.2213723659515,568
3870.5731818675995,569
3870.9719281196594,569
3871.3207511901855,570
3871.835761785507,571
3872.2143647670746,570
3872.58109998703,570
3873.0876293182373,571
3873.451588869095,571
3873.775820016861,571
3874.505182504654,571
3874.939397096634,571
3875.287080526352,572
3875.649364233017,571
3876.072015285492,571
3876.464301109314,572
3876.8001856803894,572
3877.145652770996,572
3877.5844399929047,573
3878.0175886154175,573
3878.484576702118,573
3878.946642637253,574
3879.343566417694,575
3879.6711688041687,575
3880.2648248672485,576
3880.6168463230133,577
3880.9404666423798,577
3881.2754797935486,578
3881.6005284786224,578
3881.946543931961,578
3882.265120267868,577
3882.7277669906616,578
3883.0647077560425,579
3883.4028294086456,580
3883.8573110103607,581
3884.202029943466,582
3884.5588431358337,583
3884.9712171554565,584
3885.58873963356,585
3886.096551656723,586
3886.7973489761353,584
3887.227601289749,585
3887.571459531784,585
3887.992136478424,585
3888.3366661071777,586
3888.6993556022644,587
3889.0842661857605,588
3889.4632363319397,589
3889.847822904587,590
3890.2642407417297,590
3890.658879518509,591
3891.013722896576,592
3891.3557069301605,592
3891.7807734012604,592
3892.1418583393097,592
3892.516617536545,593
3892.984452009201,591
3893.314164161682,591
3893.711892604828,591
3894.339171886444,592
3894.72709107399,593
3895.13827586174,594
3895.610521554947,594
3896.110086917877,594
3896.589718103409,595
3896.9823229312897,596
3897.357364177704,597
3897.865428686142,598
3898.2697219848633,599
3898.6101610660553,600
3899.1589860916138,599
3899.561432123184,599
3899.9505145549774,597
3900.2848782539368,597
3900.6953213214874,598
3901.067715883255,598
3901.4610114097595,598
3901.8322806358337,598
3902.628304719925,599
3903.181073665619,599
3903.5597734451294,599
3903.9873173236847,597
3904.377264738083,597
3904.795351743698,598
3905.2091012001038,598
3905.617960214615,598
3906.0111384391785,598
3906.6259484291077,598
3907.0065331459045,598
3907.391314983368,599
3907.7982687950134,600
3908.213680744171,601
3908.6267642974854,600
3909.342955827713,600
3909.6914324760437,600
3910.0674257278442,600
3910.472944498062,601
3910.9268243312836,602
3911.3660995960236,602
3911.9694821834564,601
3912.535857439041,600
3912.963248729706,596
3913.415917158127,596
3913.7719733715057,596
3914.1212344169617,596
3914.480774641037,593
3915.1052436828613,593
3915.478087425232,594
3915.8570988178253,594
3916.330461025238,595
3916.7478318214417,594
3917.1550059318542,595
3917.5420536994934,594
3918.2087655067444,595
3918.7256767749786,596
3919.4021961688995,597
3919.9030723571777,597
3920.2867045402527,598
3920.6403086185455,599
3921.115434885025,599
3921.5476112365723,598
3921.907459259033,599
3922.2920026779175,600
3922.6431863307953,599
3923.1429495811462,600
3923.629112958908,600
3924.049727678299,600
3924.4396226406097,601
3924.8135204315186,600
3925.4701855182648,600
3925.896161556244,600
3926.2627930641174,598
3926.76033616066,599
3927.46524643898,600
3927.88036775589,599
3928.2519776821136,600
3928.5973477363586,599
3928.94947886467,600
3929.4230608940125,601
3929.886606693268,599
3930.255047559738,598
3930.613436460495,599
3931.1053824424744,600
3931.4713015556335,601
3931.824514389038,601
3932.225567817688,601
3932.6043090820312,602
3932.9783902168274,603
3933.3510885238647,604
3933.715227127075,604
3934.085254430771,603
3934.436910867691,602
3935.107536315918,603
3935.4580035209656,603
3935.8379447460175,603
3936.2077004909515,602
3936.559648513794,602
3937.0335466861725,600
3937.3891019821167,601
3937.7622554302216,601
3938.171659708023,602
3938.5306038856506,602
3938.9036383628845,602
3939.2506387233734,602
3939.621628522873,600
3940.001971721649,600
3940.365640640259,601
3940.7102982997894,602
3941.0500013828278,601
3941.5920045375824,598
3941.9929683208466,599
3942.4204998016357,600
3942.839514732361,601
3943.2126047611237,602
3943.834872484207,602
3944.183764219284,602
3944.77689743042,602
3945.4134097099304,603
3945.758141517639,602
3946.414113998413,602
3946.805028438568,602
3947.212963104248,603
3947.670697927475,602
3948.241359949112,603
3948.6049661636353,600
3948.967490196228,600
3949.3794989585876,600
3949.7611401081085,601
3950.1560246944427,601
3950.663197040558,602
3951.0584332942963,602
3951.405248403549,602
3951.7444989681244,603
3952.1886508464813,604
3952.577893257141,604
3952.9500663280487,605
3953.330701112747,605
3953.683009147644,606
3954.071399450302,607
3954.492108106613,608
3954.9311435222626,608
3955.2959542274475,608
3955.679778575897,608
3956.091574907303,608
3956.5572254657745,608
3956.9098432064056,609
3957.3191933631897,610
3957.672504425049,610
3958.092026233673,611
3958.5252299308777,611
3958.8707559108734,611
3959.2377915382385,611
3959.6160242557526,612
3960.1486089229584,612
3960.531231403351,612
3960.959818840027,613
3961.3166179656982,614
3961.8222811222076,614
3962.246638059616,615
3962.652425289154,616
3963.2296957969666,615
3963.669369459152,616
3964.025120973587,616
3964.6274225711823,617
3964.9972157478333,618
3965.5036244392395,618
3965.8686530590057,618
3966.5145478248596,619
3966.8711059093475,619
3967.249485731125,620
3967.6826255321503,621
3968.1524200439453,622
3968.6097314357758,622
3969.219583749771,623
3969.7057852745056,624
3970.1009674072266,624
3970.5679910182953,624
3970.930200099945,625
3971.3030655384064,625
3971.6643040180206,625
3972.243489742279,625
3972.865162372589,626
3973.497069120407,627
3973.8547871112823,627
3974.2723305225372,628
3974.6414263248444,629
3975.1449892520905,629
3975.646354198456,629
3976.0825984477997,629
3976.5079338550568,630
3976.8926572799683,630
3977.2542526721954,630
3977.6123492717743,630
3978.1137330532074,630
3978.4734058380127,631
3978.9112589359283,632
3979.3849987983704,633
3979.7448251247406,633
3980.3751208782196,634
3980.858911752701,635
3981.2830018997192,636
3981.6894772052765,637
3982.1166858673096,638
3982.535580396652,638
3983.058827638626,639
3983.566234111786,640
3984.027077436447,641
3984.5462810993195,642
3985.158839225769,643
3985.6736092567444,643
3986.146805047989,644
3986.5812859535217,645
3986.954535961151,645
3987.4895169734955,645
3987.9304077625275,646
3988.5011074543,646
3988.9228217601776,647
3989.314684152603,647
3989.730835199356,648
3990.2641022205353,648
3990.689180612564,647
3991.1355142593384,647
3991.5251932144165,647
3992.000234603882,648
3992.391772031784,649
3993.023843050003,649
3993.605464696884,650
3993.9832458496094,650
3994.429446697235,649
3994.811952114105,650
3995.285021543503,650
3995.706245660782,650
3996.1638181209564,651
3996.557641983032,651
3996.9538292884827,652
3997.557182073593,652
3998.0870378017426,653
3998.483307123184,654
3998.966280221939,655
3999.441244363785,656
3999.8718724250793,656
4000.238540172577,656
4000.6393706798553,657
4001.1101903915405,658
4001.526529788971,659
4001.9952228069305,659
4002.385112762451,659
4002.787206888199,660
4003.362256526947,660
4003.7671661376953,661
4004.2222170829773,662
4004.661102771759,662
4005.086926460266,662
4005.656608104706,663
4006.0599069595337,664
4006.522871732712,665
4006.97021484375,666
4007.43550825119,667
4007.8687450885773,668
4008.2681131362915,669
4008.738023519516,668
4009.15859746933,669
4009.626130104065,670
4010.052099943161,671
4010.443876504898,672
4010.841329574585,672
4011.452463388443,672
4011.8863360881805,671
4012.3261728286743,671
4012.79025554657,672
4013.2726526260376,672
4013.837720155716,673
4014.258154630661,673
4014.6672370433807,674
4015.127133131027,675
4015.518411874771,674
4015.9856328964233,673
4016.537133693695,673
4016.9319939613342,673
4017.3235754966736,674
4017.9441316127777,674
4018.352847337723,674
4018.834874868393,675
4019.3051838874817,675
4019.9266958236694,676
4020.499118566513,677
4021.0750110149384,678
4021.5167548656464,679
4021.9224026203156,680
4022.730317592621,681
4023.1555004119873,682
4023.6502799987793,683
4024.0587196350098,683
4024.751244544983,683
4025.136929512024,683
4025.5551674365997,683
4025.9793977737427,683
4026.465945482254,684
4026.871517419815,684
4027.4948904514313,685
4027.995749235153,685
4028.4631996154785,685
4028.901734828949,685
4029.353320837021,685
4029.761231660843,686
4030.172533273697,686
4030.7156126499176,687
4031.1558949947357,688
4031.6357271671295,689
4032.1166713237762,690
4032.5409257411957,691
4033.156549692154,692
4033.5730307102203,693
4034.1342561244965,693
4034.585792541504,694
4035.083962917328,694
4035.5378029346466,695
4036.015143632889,695
4036.4340884685516,696
4036.954384326935,697
4037.4892830848694,697
4037.9761760234833,698
4038.6801886558533,698
4039.2215342521667,698
4039.674642562866,699
4040.1268157958984,700
4040.604245662689,701
4041.038002729416,700
4041.6706018447876,700
4042.078014612198,701
4042.5735092163086,702
4043.003265142441,700
4043.4392766952515,701
4043.8573393821716,702
4044.2892591953278,697
4044.762001514435,697
4045.3373005390167,698
4045.900195121765,698
4046.307069301605,699
4046.798534631729,699
4047.4863843917847,698
4047.9537901878357,699
4048.6476545333862,699
4049.091369152069,700
4049.5106947422028,700
4049.984883069992,701
4050.448405265808,701
4051.0111796855927,702
4051.469868183136,702
4051.9402482509613,702
4052.5040168762207,703
4052.955832719803,704
4053.3797628879547,705
4053.8005545139313,706
4054.2796432971954,706
4054.8050894737244,707
4055.2296917438507,707
4055.732319355011,708
4056.3111975193024,708
4056.7332050800323,709
4057.235706090927,709
4057.8140518665314,709
4058.245276451111,710
4058.7236795425415,710
4059.1630687713623,710
4059.779025554657,711
4060.2186136245728,712
4060.8332471847534,712
4061.2640607357025,712
4061.683557510376,712
4062.104507446289,712
4062.61758518219,713
4063.1583347320557,713
4063.650048971176,714
4064.3219602108,715
4064.7643854618073,715
4065.1988236904144,716
4065.8016555309296,716
4066.3816769123077,717
4066.8069410324097,717
4067.251220226288,717
4067.739597558975,718
4068.2877237796783,718
4088.14834856987,719
4088.6735293865204,719
4089.1561574935913,719
4089.6636168956757,720
4090.1431872844696,720
4090.573100566864,721
4090.9939243793488,722
4091.496773481369,722
4092.075039625168,721
4092.5575358867645,721
4093.0914039611816,719
4093.682689666748,720
4094.177617073059,720
4094.629494905472,721
4095.31374168396,720
4095.942034959793,720
4096.606904268265,721
4097.277266025543,721
4097.7688245773315,722
4098.195840120316,722
4098.622972249985,722
4099.051807165146,723
4099.529455423355,723
4100.15354847908,724
4100.589606523514,724
4101.087505817413,720
4101.6119339466095,718
4102.246361255646,719
4102.672229528427,715
4103.169991731644,715
4103.616473197937,713
4104.086274862289,710
4104.546622991562,710
4105.03836607933,710
4105.457736492157,710
4106.123130559921,710
4106.619531154633,711
4107.218433141708,710
4107.782467842102,711
4108.297891378403,706
4108.749609708786,706
4109.216633796692,707
4109.7096824646,707
4110.237683057785,708
4110.781428575516,709
4111.259710788727,710
4111.695777416229,711
4112.134710073471,712
4112.549667358398,713
4113.002263784409,714
4113.55383849144,714
4113.987377405167,715
4114.628247499466,716
4115.179542303085,716
4115.605262756348,717
4116.031856060028,717
4116.513292789459,718
4116.949063301086,718
4117.400148630142,719
4117.845247268677,720
4118.53982925415,720
4119.260922670364,720
4119.994827032089,721
4120.454852342606,722
4120.903841972351,722
4121.413059473038,720
4121.849254846573,720
4122.34940123558,721
4122.812479019165,722
4123.27064871788,723
4123.689821958542,723
4124.310899019241,723
4124.939937591553,724
4125.494257926941,724
4125.946525096893,725
4126.373652458191,726
4126.908539056778,727
4127.556163072586,728
4127.989903688431,728
4128.68997836113,728
4129.256193399429,729
4129.788536787033,729
4130.248781681061,730
4130.8792362213135,731
4131.359303474426,731
4131.882309913635,732
4132.306654453278,733
4132.82687497139,730
4133.297849178314,730
4133.738067865372,731
4134.2521369457245,732
4134.706914901733,733
4135.431135892868,733
4135.84943652153,733
4136.375630617142,733
4136.976598739624,733
4137.435647010803,733
4137.98270201683,733
4138.531763076782,734
4139.033486127853,735
4139.4908328056335,728
4139.980063676834,728
4140.4472444057465,728
4141.016245365143,729
4141.61746096611,729
4142.057894229889,729
4142.668308019638,726
4143.103362798691,723
4143.661375045776,723
4144.132247924805,723
4144.563997268677,724
4145.201250076294,725
4145.642024755478,726
4146.107643842697,724
4146.574080944061,720
4147.211524009705,720
4147.704528808594,714
4148.293103456497,713
4148.72313451767,707
4149.311519622803,707
4149.758029699326,706
4150.2093596458435,707
4150.714191436768,708
4151.262361288071,708
4151.759931564331,704
4152.21963596344,703
4152.672497034073,704
4153.107696533203,699
4153.690680742264,700
4154.175213098526,701
4154.622207641602,699
4155.221288442612,700
4155.779939174652,700
4156.2151045799255,700
4156.667943239212,701
4157.191997289658,701
4157.6068704128265,701
4158.074623584747,701
4158.4973757267,701
4159.118115901947,701
4159.610337972641,694
4160.184156417847,689
4160.631800174713,687
4161.078107595444,688
4161.586096048355,688
4162.036744594574,689
4162.475398540497,688
4163.005323410034,689
4163.411030054092,689
4163.866074562073,687
4164.380490064621,688
4164.8423364162445,689
4165.287248849869,686
4165.701082468033,686
4166.166138410568,687
4166.660712957382,688
4167.180120229721,688
4167.862029075623,689
4168.402468919754,688
4168.799525737762,688
4169.324733257294,689
4169.875621318817,690
4170.464887142181,691
4170.885566711426,692
4171.595175266266,693
4172.0087122917175,693
4172.414883613586,692
4172.92559671402,693
4173.552502632141,693
4174.121528148651,693
4174.583585262299,694
4174.96723484993,694
4175.467941045761,694
4175.915376901627,694
4176.3445084095,695
4177.005392074585,696
4177.5366060733795,696
4177.976825475693,697
4178.4248151779175,698
4178.893135547638,699
4179.325110912323,699
4179.755977630615,700
4180.274308681488,701
4180.6898901462555,701
4181.153798341751,701
4181.573023080826,701
4182.175448179245,702
4182.706952095032,702
4183.151946783066,702
4183.635501623154,702
4184.084757566452,703
4184.502594470978,703
4184.910470962524,703
4185.447522878647,704
4185.874800205231,705
4186.311845302582,706
4186.889800071716,707
4187.291839122772,707
4187.87348818779,708
4188.288907527924,709
4188.724568605423,710
4189.188335895538,710
4189.810628890991,710
4190.453054189682,710
4190.874693393707,710
4191.366481781006,710
4191.950444221497,708
4192.418573141098,708
4192.840397596359,706
4193.324027776718,707
4193.758501291275,708
4194.314247369766,709
4194.918482065201,710
4195.4197771549225,710
4195.88057923317,711
4196.545299530029,712
4197.151203393936,713
4197.616416692734,714
4198.055869102478,713
4198.546092033386,714
4198.999085187912,713
4199.573578119278,714
4199.9928855896,714
4200.454587936401,715
4201.018573760986,714
4201.448276758194,714
4201.887373209,714
4202.376130819321,714
4202.925015211105,715
4203.541729688644,716
4204.0657777786255,717
4204.88954615593,717
4205.302769184113,718
4205.742125034332,719
4206.385389328003,720
4206.864434480667,721
4207.3948793411255,721
4207.848583936691,722
4208.387881040573,722
4208.929901361465,723
4209.43416261673,723
4209.928028106689,724
4210.419614315033,724
4210.860320091248,725
4211.288205862045,725
4211.727206945419,726
4212.192487955093,727
4212.726981163025,727
4213.391126155853,727
4213.912980556488,728
4214.546215295792,729
4215.1242690086365,728
4215.64492058754,729
4216.17059803009,729
4216.818965435028,730
4217.37157702446,731
4217.855401515961,732
4218.452542543411,732
4218.876217126846,732
4219.446170806885,733
4219.886613845825,733
4220.3166353702545,734
4220.79471206665,735
4221.512482643127,735
4221.9850034713745,735
4222.416826963425,736
4222.852306842804,737
4223.469814538956,737
4223.986705541611,737
4224.43426156044,738
4224.923535346985,737
4225.460182666779,738
4225.953341960907,738
4226.467363357544,738
4227.0626912117,739
4227.577105522156,740
4228.200779438019,741
4228.644515991211,742
4229.137228727341,742
4229.591827869415,742
4230.22465467453,743
4230.694267272949,744
4231.166188716888,745
4231.68864274025,746
4232.276449918747,747
4232.7503917217255,748
4233.240259170532,748
4233.772304058075,749
4234.272118330002,749
4234.720607757568,750
4235.216087818146,750
4235.685171127319,751
4236.128963470459,751
4236.601914405823,751
4237.088818073273,751
4237.565928936005,751
4238.046339511871,751
4238.62021446228,752
4239.167113780975,753
4239.699115037918,754
4240.196966171265,750
4240.753851413727,751
4241.193531990051,751
4241.654369831085,752
4242.254285097122,753
4242.8370723724365,754
4243.371213674545,754
4243.95822763443,755
4244.451017618179,755
4245.035290002823,756
4245.553147315979,757
4246.048177719116,758
4246.561476230621,759
4247.050631284714,760
4247.617787122726,761
4248.104658842087,761
4248.807175159454,761
4249.280292034149,762
4249.805192947388,762
4250.347249746323,763
4250.833744525909,763
4251.288095474243,764
4251.7824964523315,764
4252.283554077148,764
4252.749186992645,764
4253.226798772812,765
4253.678212881088,765
4254.19971036911,764
4254.6681616306305,764
4255.121424674988,764
4255.656378030777,765
4256.22127366066,765
4256.78337597847,766
4257.2583956718445,767
4257.980214357376,768
4258.511481285095,768
4258.974239587784,769
4259.460627555847,770
4260.054656505585,771
4260.508364677429,771
4261.160507202148,772
4261.80964922905,772
4262.486941576004,772
4263.1547935009,773
4263.655725240707,773
4264.391186237335,773
4264.928491830826,773
4265.647505283356,773
4266.234569072723,772
4266.777207374573,772
4267.243882894516,773
4267.731523990631,773
4268.213932752609,773
4268.799441337585,774
4269.269181966782,775
4269.916392564774,776
4270.781587839127,777
4271.332336425781,778
4271.877827167511,779
4272.369105577469,780
4273.01073551178,780
4273.468448400497,780
4274.004837989807,781
4274.603526592255,782
4275.064709663391,782
4275.626449584961,783
4276.189754962921,784
4276.76864862442,784
4277.291525363922,784
4277.998074769974,785
4278.473916053772,786
4278.958230257034,786
4279.6364941596985,787
4280.217664241791,788
4280.778739690781,789
4281.446429014206,790
4282.258043527603,790
4282.733959674835,790
4283.242954492569,791
4283.743319272995,791
4284.238737344742,792
4284.875089645386,792
4285.391517162323,793
4286.072945356369,794
4286.598800897598,794
4287.226768255234,794
4287.716667890549,794
4288.381370782852,795
4288.93662071228,796
4289.45595574379,797
4290.013285160065,798
4290.572475194931,798
4291.0684933662415,799
4291.699193477631,799
4292.264062643051,800
4292.837428569794,800
4293.329496145248,800
4293.909640789032,801
4294.451318264008,801
4295.085686683655,801
4295.772474050522,802
4296.25599694252,802
4297.058051109314,803
4297.54989027977,803
4298.134583473206,804
4298.693979501724,805
4299.196529150009,805
4299.861057043076,805
4300.371846437454,806
4300.884622335434,805
4301.563512325287,805
4302.525283575058,805
4303.19179558754,806
4303.675361156464,806
4304.370893478394,806
4305.015220403671,804
4305.488253593445,804
4305.967102527618,805
4306.469269990921,805
4306.956403255463,805
4307.461964130402,806
4307.966412067413,806
4308.591612577438,806
4309.107246398926,806
4309.71079826355,807
4310.287819623947,807
4310.749185562134,807
4311.308144807816,808
4311.813339710236,808
4312.382045984268,809
4312.879524469376,809
4313.382840871811,809
4314.22013425827,810
4314.741346120834,811
4315.3372547626495,812
4316.066277265549,812
4316.796353340149,813
4317.382129669189,813
4318.088360548019,814
4318.634619474411,814
4319.347888708115,814
4319.849267482758,813
4320.416923522949,814
4320.94105052948,815
4321.429939508438,815
4321.952625989914,816
4322.444416284561,810
4323.081705570221,811
4323.604411840439,802
4324.103069067001,802
4324.861183643341,803
4325.4010281562805,804
4325.961475133896,805
4326.489978551865,806
4327.01261305809,806
4327.527984380722,807
4328.049562692642,808
4328.597111940384,807
4329.317358016968,807
4329.866738080978,807
4330.414754629135,808
4331.038156270981,809
4331.590642213821,810
4332.2053372859955,810
4333.124088764191,811
4333.7168600559235,812
4334.354843378067,812
4334.885099411011,813
4335.4538152217865,813
4336.033797264099,813
4336.565912246704,813
4337.088290452957,814
4337.585579156876,814
4338.0822241306305,814
4338.615242481232,815
4339.12683057785,816
4339.627734899521,817
4340.212098836899,817
4340.873756170273,816
4341.369890213013,817
4341.876809597015,818
4342.446256160736,818
4343.063837528229,818
4343.622599363327,818
4344.1335327625275,819
4344.657754659653,820
4345.267635822296,821
4346.238887548447,821
4346.777730703354,821
4347.309273004532,822
4347.93027305603,823
4348.608423709869,824
4349.268399477005,825
4349.93282866478,826
4350.78960609436,827
4351.344764471054,828
4352.014678955078,828
4352.533514261246,829
4353.368162155151,829
4353.855334043503,829
4354.571089267731,829
4355.070191383362,829
4355.839632034302,830
4356.432789802551,830
4356.970506429672,830
4357.491496562958,831
4358.0276482105255,831
4358.57058262825,832
4359.130108356476,833
4359.716052770615,833
4360.414627790451,832
4361.114706516266,832
4361.670979261398,833
4362.1746301651,832
4362.69856262207,833
4363.401717424393,833
4363.942450046539,834
4364.788066864014,834
4365.34349489212,835
4365.855932235718,836
4366.423002719879,837
4367.1135885715485,838
4367.622905254364,838
4368.249381303787,839
4368.779671430588,840
4369.507496833801,841
4370.069595575333,841
4370.750680685043,842
4371.283999443054,842
4371.835872173309,843
4372.589783906937,844
4373.647260665894,845
4374.390121459961,846
4374.925758123398,846
4375.54811501503,846
4376.1954391002655,847
4376.851214885712,848
4377.456240653992,849
4378.142580032349,849
4378.889141798019,849
4379.459878206253,850
4380.0408301353455,850
4380.5989763736725,851
4381.22278881073,851
4381.782157897949,851
4382.359014034271,851
4382.903493881226,852
4383.561586380005,852
4384.486808300018,852
4385.073619842529,853
4385.701714992523,853
4386.396128416061,853
4386.978031396866,853
4387.51292681694,854
4388.164761543274,854
4388.744363069534,855
4389.496287345886,855
4390.105533838272,853
4390.756072998047,853
4391.339573383331,853
4391.885200023651,854
4392.428251028061,854
4393.037237405777,855
4393.628150701523,855
4394.253632545471,855
4414.311271190643,856
4414.936274051666,856
4415.4633321762085,856
4416.195413827896,857
4416.737805366516,857
4417.306358337402,855
4417.867971658707,855
4418.8012342453,855
4419.385172367096,856
4419.921297073364,857
4420.478266716003,858
4421.078999996185,859
4422.038511276245,860
4422.88954949379,861
4423.657596826553,861
4424.198527097702,862
4424.780809402466,862
4426.104085922241,862
4426.6692571640015,863
4427.227546215057,863
4427.979745864868,864
4428.643477201462,858
4429.190992832184,852
4429.898028373718,852
4430.47878742218,853
4431.129035949707,853
4431.997498512268,854
4432.596390008926,854
4433.231903076172,854
4433.8046951293945,855
4434.432547330856,856
4434.99124288559,856
4435.673977851868,857
4436.218968153,858
4436.971277713776,858
4437.529701948166,859
4438.208516359329,859
4438.748906373978,859
4439.289632797241,859
4439.843073129654,859
4440.3878037929535,859
4441.01694893837,860
4441.562289476395,861
4442.141731977463,861
4442.791203022003,861
4443.33798122406,861
4444.002473115921,862
4444.606197595596,862
4445.20551776886,862
4445.890599966049,863
4446.640392541885,864
4447.588370084763,860
4448.179025650024,855
4448.719707727432,853
4449.33012843132,854
4449.855672597885,854
4450.398187160492,855
4451.008256912231,852
4451.548384189606,852
4452.198160409927,852
4452.743563890457,850
4453.3250188827515,850
4453.842750549316,850
4454.465211391449,851
4455.052179574966,852
4455.623685359955,853
4456.164487361908,854
4456.717129468918,855
4457.303656339645,856
4457.847857475281,856
4458.426320314407,857
4459.178829431534,858
4459.797625541687,858
4460.505229473114,859
4461.040977478027,860
4461.684257984161,860
4462.2447872161865,860
4462.822548627853,860
4463.5194137096405,861
4464.075809955597,861
4464.67592215538,861
4465.206801176071,861
4465.941524267197,861
4466.546378612518,862
4467.104228258133,863
4467.647488117218,863
4468.2358045578,863
4468.828067302704,864
4469.390173196793,865
4470.157743215561,864
4470.672127723694,864
4471.199780702591,864
4471.88817191124,865
4472.643842697144,866
4473.334313154221,867
4473.9100041389465,868
4474.662500143051,869
4475.227091312408,869
4475.82147192955,870
4476.606838226318,871
4477.183895587921,871
4477.745171070099,872
4478.298780441284,872
4478.914140462875,873
4479.556244134903,874
4480.159239292145,874
4480.749872684479,874
4481.338099956512,875
4481.865911245346,876
4482.490648269653,876
4483.32363653183,877
4483.896306753159,878
4484.484635591507,879
4485.039934635162,880
4485.17379283905,881
4485.363426446915,882
4485.487734794617,883
4485.598545074463,884
4485.712156295776,884
4485.930707454681,885
4486.03053188324,886
4486.219483137131,886
4486.27019906044,886
4486.321000576019,886
4486.5220246315,887
4486.774372339249,887
4486.835059642792,888
4487.180835723877,889
4487.249561071396,889
4487.50781917572,890
4487.561379909515,891
4487.672345399857,892
4487.765172481537,893
4487.833033800125,894
4487.9454798698425,894
4487.9909908771515,894
4488.2679307460785,895
4488.316213607788,895
4488.5235114097595,895
4488.582078695297,896
4488.737435340881,897
4488.782911062241,897
4488.973724603653,897
4489.141807556152,898
4489.242876291275,899
4489.372519731522,898
4489.46359205246,899
4489.5183799266815,900
4489.5620040893555,900
4489.798875331879,897
4489.896168231964,895
4490.271295785904,895
4490.342445135117,896
4490.477805137634,896
4490.626919746399,897
4490.958871126175,898
4491.018361330032,897
4491.08024597168,898
4491.250092744827,899
4491.340666770935,900
4491.436327934265,900
4491.625732421875,901
4491.792362689972,902
4491.956884622574,901
4492.037242650986,902
4492.139323711395,903
4492.210944890976,903
4492.293621063232,904
4492.415637016296,904
4492.494102478027,904
4492.655085802078,904
4492.779447555542,904
4492.830367326736,904
4493.2331919670105,904
4493.320032835007,904
4493.380232334137,903
4493.429612874985,903
4493.495596647263,904
4493.605512857437,905
4493.720768451691,906
4493.83264374733,906
4493.9027535915375,907
4493.979198694229,907
4494.202666044235,906
4494.394853115082,906
4494.575314760208,907
4495.377172470093,907
4496.038207054138,908
4496.1825251579285,909
4496.2914164066315,909
4496.342657089233,909
4496.59632897377,910
4496.754897594452,911
4497.063749074936,912
4497.152536392212,913
4497.229102373123,914
4497.3464295864105,915
4497.400994062424,915
4497.460125684738,915
4497.688018321991,915
4498.025917053223,915
4498.1018941402435,915
4498.508962392807,916
4498.571082353592,917
4498.656017065048,918
4498.886826753616,918
4498.978354930878,919
4499.10639166832,919
4499.212517738342,919
4499.366971492767,920
4499.415385961533,920
4499.657632350922,921
4499.8952486515045,922
4499.94656586647,921
4500.007653474808,921
4500.147868871689,921
4500.615533590317,922
4500.681654214859,923
4500.752902269363,924
4500.7991189956665,925
4500.886163949966,926
4501.101491689682,927
4501.162564277649,928
4501.253301143646,928
4501.422380685806,929
4501.550493478775,930
4501.745687961578,930
4501.824621677399,931
4501.913377523422,931
4502.078332662582,931
4502.217472314835,931
4502.2786638736725,931
4502.346578121185,931
4502.465811729431,931
4502.574305295944,931
4502.653275489807,932
4502.736136198044,932
4502.851462841034,933
4502.9640119075775,934
4503.034395456314,934
4503.080817461014,935
4503.249437093735,936
4503.312558412552,936
4503.524535894394,936
4503.630138874054,936
4503.681492328644,935
4503.74262547493,935
4503.8501081466675,935
4504.10649561882,935
4504.240505218506,935
4504.318404912949,935
4504.490039825439,935
4504.548216819763,935
4504.610402107239,935
4504.826433181763,935
4504.972683906555,936
4505.019995927811,929
4505.204462766647,918
4505.275556087494,919
4505.399229764938,919
4505.448874950409,919
4505.496187210083,920
4505.577109575272,917
4505.720834493637,918
4505.897478342056,919
4506.108488082886,920
4506.545223712921,920
4506.639897346497,921
4506.776824474335,921
4506.9060842990875,920
4507.075746059418,921
4507.150637149811,922
4507.220572710037,923
4507.265907287598,922
4507.388124704361,923
4507.567741394043,924
4507.8190178871155,925
4508.236437082291,925
4508.513483762741,926
4508.613063573837,926
4508.663442850113,926
4508.791714668274,926
4508.84077835083,926
4508.970288038254,927
4509.03642988205,927
4509.1557540893555,928
4509.24144077301,929
4509.322328567505,929
4509.546954631805,929
4509.608069896698,925
4509.885189533234,926
4509.933580875397,927
4509.9857342243195,927
4510.195956945419,928
4510.387113571167,929
4510.4748566150665,930
4510.769789218903,930
4511.0385274887085,931
4511.102032661438,932
4511.258863925934,932
4511.467334985733,933
4511.522731304169,933
4511.694521665573,932
4511.81308889389,933
4511.941864728928,933
4512.005642175674,933
4512.251274108887,933
4512.432879686356,933
4512.547426223755,933
4512.645448684692,934
4512.762982130051,934
4512.823544740677,933
4513.009910821915,930
4513.078941583633,931
4513.152220964432,932
4513.237861394882,932
4513.2956829071045,933
4513.368489742279,933
4513.4359295368195,933
4513.5017211437225,934
4513.566833257675,935
4513.737579107285,935
4513.860963821411,935
4514.112762928009,935
4514.233797311783,935
4514.3238570690155,935
4514.817008733749,936
4514.91216468811,937
4515.208757162094,938
4515.32954454422,939
4515.492503166199,940
4515.728356361389,940
4515.775595188141,941
4515.995254039764,941
4516.075107574463,941
4516.16811466217,942
4516.215116977692,942
4516.386006832123,942
4516.492468357086,943
4516.558348417282,944
4516.6025269031525,944
4516.713893651962,945
4516.776488542557,946
4517.044956922531,947
4517.097217559814,947
4517.180048465729,948
4517.316710948944,949
4517.469158649445,949
4517.592685222626,950
4517.700030088425,951
4517.899127960205,952
4518.090438127518,953
4518.324985265732,953
4518.578404426575,954
4518.830048799515,954
4518.885987281799,954
4519.005736351013,955
4519.297019481659,955
4519.397969007492,956
4519.584213972092,953
4519.842990398407,953
4520.12210059166,953
4520.440757513046,954
4520.698738574982,955
4520.7466814517975,955
4520.900579929352,956
4521.000372886658,956
4521.392632484436,956
4521.608329296112,957
4521.677924633026,957
4521.74249958992,957
4521.818320512772,958
4521.9902193546295,958
4522.094686985016,958
4522.144682168961,953
4522.225936889648,952
4522.309861660004,953
4522.531020641327,953
4522.658758640289,954
4522.769311666489,955
4523.074663877487,956
4523.1396152973175,956
4523.207957267761,957
4523.4673862457275,957
4523.767266511917,957
4523.970037937164,958
4524.445331335068,959
4524.582879304886,959
4524.632853507996,959
4525.032344341278,959
4525.08039021492,959
4525.237757444382,959
4525.724816083908,959
4525.8662621974945,959
4525.957894086838,960
4526.098927736282,959
4526.197430372238,960
4526.413302898407,960
4526.49840092659,958
4526.579744338989,952
4526.7487597465515,952
4526.794895648956,948
4526.9319627285,947
4527.0430862903595,946
4527.190522193909,947
4527.387047529221,947
4527.482435703278,948
4527.681411266327,949
4527.751896381378,950
4527.8000664711,949
4527.898133516312,950
4527.979610681534,951
4528.165199995041,952
4528.429893732071,952
4528.594870090485,952
4528.667606830597,952
4528.75746512413,953
4528.835195541382,954
4529.042062282562,955
4529.099462747574,956
4529.152273416519,956
4529.256281375885,957
4529.425903558731,957
4529.900126695633,958
4529.947466850281,958
4530.329588890076,959
4530.453231096268,959
4530.656261205673,959
4530.970734596252,959
4531.219531297684,959
4531.296778678894,959
4531.44476723671,960
4531.671358585358,961
4531.892852306366,961
4532.031069517136,961
4532.100296497345,962
4532.243690729141,963
4532.416335821152,964
4532.743264436722,964
4533.0667769908905,965
4533.285213470459,965
4533.354980707169,966
4533.605130434036,966
4533.875350952148,965
4534.076653718948,966
4534.184738636017,966
4534.232864379883,966
4534.386708021164,966
4534.5522108078,966
4534.6079268455505,966
4534.851577997208,967
4535.065117120743,968
4535.19846367836,968
4535.253226518631,969
4535.501145839691,969
4535.685632944107,970
4535.837587356567,970
4536.010535478592,971
4536.080514431,971
4536.544130086899,972
4536.632227420807,972
4536.735146284103,973
4536.93240571022,973
4537.024854183197,974
4537.210711240768,975
4537.265774488449,975
4537.4076454639435,975
4537.505765914917,976
4537.653586626053,976
4537.889518022537,976
4538.0483820438385,976
4538.113229036331,976
4538.4068558216095,977
4538.6127071380615,977
4538.681138277054,978
4538.883099079132,978
4538.932251214981,978
4539.000478029251,979
4539.0902094841,980
4539.39541220665,981
4539.4609088897705,982
4539.594524145126,983
4539.7838723659515,983
4539.9185264110565,984
4540.157232046127,985
4540.249641895294,985
4540.372750282288,985
4540.575412511826,986
4540.631880521774,987
4540.759416103363,987
4540.821091175079,987
4540.890408754349,987
4540.946251869202,988
4541.168532133102,988
4541.277136564255,989
4541.448554754257,989
4541.574582099915,990
4541.742536783218,990
4541.834345579147,991
4541.907838582993,991
4542.136120557785,991
4542.263508558273,992
4542.328059673309,991
4542.5158162117,992
4542.645617485046,993
4542.735680341721,993
4542.7877061367035,992
4542.870906114578,993
4543.069090127945,994
4543.2126433849335,994
4543.314003944397,993
4543.451236248016,993
4543.578532218933,993
4543.743494749069,994
4543.970114469528,994
4544.086219787598,995
4544.138797044754,994
4544.251742839813,995
4544.412811517715,996
4544.774693727493,995
4544.883850812912,996
4545.096070766449,997
4545.3286345005035,997
4545.532137870789,998
4545.678003787994,999
4545.99086689949,1000
4546.585252046585,1000
4546.859451293945,1001
4547.100948810577,1001
4547.153151273727,1001
4547.3004286289215,1001
4547.457504272461,1002
4547.520655870438,1002
4547.613980770111,1003
4547.909640073776,1004
4548.065279006958,1004
4548.150761842728,1005
4548.23458814621,1006
4548.322774171829,1007
4548.3770978450775,1007
4548.5037615299225,1008
4548.625654459,1008
4548.7197523117065,1007
4548.793450117111,1007
4548.917371034622,1008
4549.08771109581,1009
4549.215812206268,1010
4549.4433171749115,1010
4549.495583057404,1010
4549.668869495392,1011
4549.775023698807,1011
4549.939296245575,1012
4550.016818284988,1013
4550.1023824214935,1013
4550.150970220566,1012
4550.198256731033,1011
4550.271577835083,1012
4550.4424040317535,1010
4550.657662153244,1011
4550.7065443992615,1012
4550.767124414444,1013
4550.832195520401,1014
4550.881736755371,1014
4550.966676473618,1014
4551.045821428299,1015
4551.102504491806,1015
4570.541171073914,1016
4570.606117248535,1016
4570.69931268692,1017
4570.874674081802,1018
4571.065083503723,1019
4571.1784491539,1018
4571.3645668029785,1019
4571.474221467972,1019
4571.552458286285,1019
4571.962793111801,1019
4572.014290809631,1020
4572.117236614227,1020
4572.186967134476,1021
4572.275537729263,1022
4572.356466770172,1023
4572.429253101349,1023
4572.516613483429,1024
4572.743761539459,1025
4572.841880559921,1025
4572.907809257507,1026
4572.9796459674835,1026
4573.049613952637,1027
4573.21275806427,1028
4573.34188914299,1029
4573.664887666702,1029
4573.877909660339,1029
4573.9618282318115,1029
4574.091427564621,1029
4574.155623674393,1030
4574.326287508011,1031
4574.490080356598,1032
4574.714421510696,1033
4574.768528699875,1033
4574.950937271118,1034
4575.027782917023,1035
4575.188797950745,1036
4575.399249792099,1037
4575.470258712769,1038
4575.704195976257,1039
4575.769459724426,1040
4575.818031311035,1041
4575.911786317825,1042
4576.032553195953,1043
4576.260882854462,1042
4576.380412817001,1043
4576.437948465347,1044
4576.508730173111,1044
4576.745713472366,1045
4576.947792291641,1046
4577.3329157829285,1047
4577.832924365997,1048
4577.92667555809,1048
4578.161054849625,1049
4578.379808425903,1050
4578.442310094833,1051
4578.551686763763,1051
4578.614187955856,1051
4578.676688909531,1052
4578.739189863205,1051
4578.864192008972,1052
4578.9891946315765,1050
4579.067320585251,1050
4579.129821538925,1049
4579.395451545715,1048
4579.489202976227,1047
4579.723582029343,1048
4579.864209651947,1039
4580.067337989807,1039
4580.145464897156,1038
4580.520471096039,1038
4580.830662727356,1038
4580.942645549774,1032
4581.041377067566,1029
4581.119135379791,1029
4581.2551901340485,1025
4581.606451511383,1020
4581.704480171204,1018
4581.851555585861,1019
4582.005952119827,1012
4582.056479215622,990
4582.113787889481,991
4582.397297859192,992
4582.574690818787,993
4582.815787792206,993
4582.940789699554,994
4582.98766541481,994
4583.143918275833,995
4583.347046852112,995
4583.440798521042,996
4583.518924713135,997
4583.706427812576,997
4583.768928766251,997
4583.847055435181,997
4583.925183057785,996
4584.253312587738,997
4584.6126935482025,997
4584.946945667267,997
4585.001350164413,997
4585.054154872894,998
4585.330950498581,998
4585.399286985397,999
4585.640819549561,1000
4585.794175863266,1000
4585.919641017914,1000
4585.973108768463,1000
4586.145383834839,999
4586.34397149086,999
4586.450037240982,995
4586.830094099045,995
4586.922692775726,995
4587.048635482788,980
4587.097076177597,971
4587.260406255722,972
4587.526704788208,972
4587.632693529129,969
4587.795700311661,970
4587.890423297882,970
4588.022259235382,968
4588.253707647324,968
4588.363259792328,969
4588.782272577286,969
4588.893499851227,969
4588.968683958054,970
4589.018293619156,970
4589.1273012161255,969
4589.194149971008,969
4589.305064439774,970
4589.360549688339,969
4589.441594362259,970
4589.559986829758,971
4589.801704883575,971
4590.02725315094,969
4590.163085222244,970
4590.302092075348,970
4590.548309803009,971
4590.663703680038,972
4590.745247364044,973
4590.927192687988,974
4590.974068641663,975
4591.036569356918,974
4591.218470811844,975
4591.342710971832,973
4591.61634016037,974
4591.70266699791,975
4591.749542236328,975
4591.825398921967,976
4591.861285209656,975
4592.048788547516,975
4592.142540216446,976
4592.251916646957,977
4592.330043554306,978
4592.4394199848175,978
4592.673799276352,978
4592.814426660538,978
4592.861302614212,978
4592.9394290447235,978
4593.017555475235,979
4593.064431190491,980
4593.173807859421,981
4593.298810482025,981
4593.626940727234,982
4593.7206926345825,983
4593.767568588257,983
4594.408204317093,983
4594.548831939697,983
4594.611332893372,982
4594.6738340854645,979
4594.798836231232,979
4594.955089092255,979
4595.111341714859,977
4595.236343860626,976
4595.314470291138,977
4595.439472436905,977
4595.564474821091,977
4595.7207272052765,977
4595.783228397369,977
4595.892605543137,978
4596.048858165741,975
4596.111359596252,974
4596.298862695694,974
4596.408239126205,975
4596.548866987228,975
4596.64261841774,975
4596.939498662949,972
4597.11137676239,970
4597.173877954483,961
4597.236378908157,955
4597.29888010025,955
4597.40825676918,954
4597.5332589149475,955
4597.704539775848,945
4597.759539604187,945
4597.827522754669,946
4598.0403571128845,947
4598.101748943329,941
4598.580472707748,942
4598.736708879471,943
4598.830118179321,944
4598.880859375,944
4599.239696502686,944
4599.387335062027,945
4599.705530881882,945
4599.797556638718,938
4599.852711439133,930
4599.978358030319,931
4600.07099199295,929
4600.140147686005,929
4600.222913980484,928
4600.278923273087,928
4600.6080050468445,928
4600.705387353897,915
4600.832515478134,916
4601.027743816376,915
4601.160724401474,910
4601.243532180786,911
4601.345667362213,911
4601.440539121628,910
4601.495796918869,910
4601.890612602234,911
4602.102299213409,912
4602.186159849167,912
4602.253574848175,912
4602.376284360886,913
4602.4862995147705,914
4602.876091480255,914
4603.040390014648,914
4603.102642297745,914
4603.167268514633,912
4603.217299699783,912
4603.356702327728,913
4603.438849449158,912
4603.497134208679,912
4603.568307876587,912
4603.974286079407,913
4604.106814622879,914
4604.29187130928,915
4604.342115879059,915
4604.504644393921,916
4605.01745724678,917
4605.148278474808,917
4605.1979768276215,918
4605.325174331665,919
4605.47940826416,919
4605.651725053787,920
4605.853767633438,920
4605.915835857391,920
4606.353858232498,920
4606.589079856873,919
4606.694208621979,920
4606.858083963394,921
4607.002059459686,921
4607.078240871429,922
4607.13157081604,922
4607.341624259949,923
4607.542967557907,923
4607.963192224503,923
4608.298833847046,924
4608.379961013794,924
4608.474462509155,924
4608.659167766571,924
4608.80793595314,924
4608.887624740601,925
4608.935648918152,925
4609.181797027588,926
4609.372145652771,927
4609.595900058746,928
4609.7153997421265,929
4609.828437805176,930
4609.97266292572,931
4610.22207403183,932
4610.421150922775,933
4610.580927371979,934
4610.7372505664825,932
4610.832987308502,932
4611.136303901672,932
4611.238502025604,933
4611.304650783539,933
4611.426306962967,933
4611.616521835327,933
4611.707386732101,934
4611.785727739334,934
4611.925156354904,935
4612.21195435524,936
4612.452577352524,937
4612.503143310547,938
4612.587696075439,939
4612.690510034561,938
4612.761959314346,939
4612.831682682037,939
4612.9371502399445,940
4613.048044681549,940
4613.191792488098,940
4613.362450122833,940
4613.554637432098,941
4613.664598941803,942
4613.725431680679,943
4613.796322822571,944
4613.896219730377,945
4614.050364732742,945
4614.1220507621765,943
4614.188307762146,943
4614.353610038757,941
4614.643023014069,942
4614.691074132919,942
4614.880958557129,942
4615.299590826035,942
4615.382284641266,939
4615.479610919952,939
4615.583288908005,940
4615.7238211631775,941
4616.02138710022,942
4616.112411260605,943
4616.233836889267,943
4616.318594455719,944
4616.432088136673,944
4616.479635477066,944
4616.6104781627655,945
4616.693081140518,946
4616.7740886211395,947
4616.897874593735,947
4616.960533380508,946
4617.067461967468,947
4617.204763889313,948
4617.277206420898,948
4617.408020496368,949
4617.527663946152,949
4617.68620634079,949
4617.86288022995,950
4617.923303365707,951
4618.019829273224,952
4618.152817726135,953
4618.4178378582,953
4618.607783317566,952
4618.666963100433,953
4618.798285007477,953
4618.880427360535,953
4619.092071294785,954
4619.357061386108,955
4619.489779949188,956
4619.744666814804,956
4619.806589126587,955
4619.911232709885,950
4620.067025184631,950
4620.367858886719,950
4620.439826011658,950
4620.607127904892,951
4620.7454352378845,952
4620.873415708542,953
4620.921749830246,953
4621.065083742142,954
4621.312832355499,955
4621.477856874466,956
4621.529977083206,957
4621.580615282059,957
4622.345910787582,957
4622.463911294937,957
4622.513784170151,957
4622.630953550339,958
4622.731181144714,959
4622.819977521896,959
4623.084181070328,960
4623.42542386055,960
4623.552115440369,960
4623.692498445511,961
4623.828309774399,962
4624.0390865802765,962
4624.211037635803,963
4624.281670808792,964
4624.705741882324,964
4624.7568464279175,964
4625.111928224564,965
4625.209127187729,964
4625.2602207660675,965
4625.446086168289,965
4625.507329463959,965
4625.637298822403,965
4625.690118551254,964
4625.899445056915,964
4625.959074258804,965
4626.069228887558,965
4626.192294836044,965
4626.4325976371765,966
4626.512192487717,966
4626.727530956268,966
4626.781245231628,966
4626.868429660797,967
4626.953074932098,967
4627.126557350159,967
4627.329685688019,967
4627.392186641693,967
4627.529551029205,968
4627.676256895065,969
4627.742030620575,970
4627.892086267471,970
4627.981846809387,970
4628.169349908829,971
4628.26956987381,972
4628.513606786728,972
4628.572834968567,970
4628.974775314331,971
4629.146327495575,971
4629.235491514206,971
4629.344760656357,972
4629.393652200699,972
4629.473190069199,973
4629.704975128174,973
4629.886100769043,973
4630.05823469162,973
4630.2252604961395,973
4630.405654430389,973
4630.477437496185,971
4630.563029766083,968
4630.654617071152,963
4630.761278867722,964
4630.847968578339,964
4630.98698425293,965
4631.060408830643,965
4631.2732882499695,965
4631.48837852478,966
4631.610759019852,966
4631.915203332901,966
4631.977260828018,961
4632.052447319031,962
4632.187838554382,963
4632.251018047333,964
4632.317137956619,964
4632.410413980484,965
4632.456502914429,965
4632.511780261993,965
4632.878985881805,966
4632.94148683548,967
4633.009421825409,968
4633.22870182991,967
4633.5169224739075,967
4633.678421497345,967
4633.870473384857,968
4633.979850053787,968
4634.196994066238,969
4634.27512049675,970
4634.525400876999,971
4634.587527990341,972
4634.852265357971,973
4634.912479639053,973
4635.0161645412445,974
4635.072394609451,974
4635.216037750244,975
4635.328360557556,976
4635.406672477722,976
4635.500290155411,977
4635.606309890747,977
4635.886787176132,977
4636.12095284462,977
4636.190365076065,978
4636.26625919342,979
4636.368395805359,979
4636.441625595093,979
4636.494783878326,980
4636.594494104385,980
4636.799713850021,981
4636.87748670578,982
4637.104825735092,982
4637.149527311325,982
4637.258904457092,983
4637.442848443985,984
4637.501357555389,984
4637.758601665497,985
4637.824726819992,985
4637.985033035278,985
4638.04590678215,985
4638.096592664719,985
4638.168617963791,980
4638.298093318939,981
4638.529572248459,981
4638.851503372192,982
4638.98943734169,982
4639.037590265274,983
4639.114315509796,984
4639.294008255005,985
4639.3792061805725,985
4639.430356025696,985
4639.546111345291,986
4639.676792144775,985
4639.7818331718445,984
4639.94087600708,985
4640.185528516769,986
4640.29422211647,986
4640.434849977493,987
4640.512975931168,987
4640.8907651901245,988
4641.121271848679,988
4641.314268827438,983
4641.403771400452,983
4641.673399448395,983
4641.786182403564,984
4641.879244089127,984
4642.004106760025,984
4642.081255674362,985
4642.232142448425,978
4642.33555150032,977
4642.417892694473,978
4642.53151845932,974
4642.580712556839,974
4642.675712108612,975
4642.784768104553,975
4642.970813512802,975
4643.152280330658,976
4643.391461133957,976
4643.485212802887,977
4643.554523468018,978
4643.799222946167,978
4643.872467517853,979
4644.034614801407,979
4644.293692111969,979
4644.37694311142,980
4644.5475907325745,981
4644.693417310715,979
4644.896162033081,979
4644.944400310516,976
4645.030655145645,974
4645.446674585342,973
4645.509088039398,970
4645.576672792435,955
4645.639173984528,954
4645.6860501766205,953
4645.857927799225,953
4646.016602277756,954
4646.094728469849,952
4646.347834348679,951
4646.455580949783,952
4646.5417330265045,952
4646.657124042511,951
4646.728852272034,951
4646.921256780624,952
4646.979531764984,953
4647.038657426834,952
4647.109721422195,952
4647.154506444931,953
4647.28973865509,954
4647.450926065445,954
4647.744802474976,955
4647.822135686874,954
4648.008983135223,954
4648.087374210358,955
4648.140514612198,956
4648.348773956299,956
4648.57906794548,955
4648.653268098831,955
4648.810111761093,956
4648.862521886826,956
4648.965517044067,956
4649.028456687927,957
4649.129793405533,958
4649.220245838165,959
4649.275884628296,959
4649.352066993713,959
4649.542309761047,960
4649.755081415176,960
4649.80436873436,961
4650.129766702652,962
4650.204025506973,962
4650.35040640831,962
4650.5538330078125,962
4650.641921043396,963
4650.70676279068,964
4650.787930011749,965
4650.905530691147,964
4650.968612909317,964
4651.037872552872,964
4651.318027019501,965
4651.399951934814,965
4651.447069168091,965
4651.624873638153,966
4651.741806268692,967
4651.868101119995,968
4651.938317298889,968
4651.9842920303345,968
4652.048837423325,969
4652.111582040787,970
4652.223972797394,971
4652.319255590439,971
4652.375583648682,971
4652.4137942790985,972
4652.479468345642,972
4652.526730537415,973
4652.586958169937,973
4652.686138868332,974
4652.977212667465,974
4653.25700545311,975
4653.3201377391815,976
4653.398064136505,976
4653.642785310745,977
4653.711641550064,977
4653.789767980576,977
4653.8678941726685,978
4653.914770126343,978
4653.993910312653,979
4654.1065328121185,980
4654.350633382797,980
4654.462554931641,981
4654.704664230347,982
4654.84743142128,982
4654.926638126373,982
4655.0260853767395,983
4655.076257944107,984
4655.29194355011,985
4655.3489027023315,986
4655.561913013458,986
4655.709645032883,986
4655.768176794052,986
4656.007427930832,987
4656.160850048065,988
4656.2137978076935,987
4656.272978067398,987
4656.486493587494,987
4656.747112035751,988
4656.81671667099,989
4656.966780424118,989
4657.013656139374,989
4657.0605318546295,989
4657.1733565330505,990
4657.23844742775,990
4657.317589044571,990
4657.437373876572,991
4657.652680397034,991
4657.710316419601,991
4658.2218289375305,992
4658.38861656189,993
4658.529244184494,994
4658.622995853424,994
4658.7776091098785,995
4658.932448625565,996
4658.983410835266,997
4659.123756170273,994
4659.184684276581,995
4659.464489221573,992
4659.803380250931,990
4659.879277229309,988
4679.002717733383,989
4679.093794584274,989
4679.2292103767395,990
4679.301340579987,991
4679.40976691246,992
4679.541304349899,992
4679.616574525833,993
4679.813682317734,993
4679.867055892944,993
4679.992542505264,993
4680.210517406464,994
4680.364257335663,995
4680.4514191150665,995
4680.615416765213,994
4680.849764108658,994
4680.9065554142,994
4681.000308275223,995
4681.154605150223,995
4681.256877183914,993
4681.3975167274475,993
4681.475004673004,994
4681.546588182449,995
4681.744828701019,996
4682.034840106964,996
4682.175570487976,996
4682.51269364357,996
4682.583868265152,997
4682.762250423431,998
4682.815313816071,997
4682.991719484329,997
4683.138329744339,994
4683.257981538773,992
4683.506011724472,991
4683.766934156418,992
4683.829701423645,993
4683.905129909515,994
4684.129531383514,995
4684.215937137604,996
4684.453722000122,997
4684.628856658936,998
4684.748836517334,999
4684.810727357864,1000
4685.20420217514,1000
4685.373790979385,1001
4685.518482208252,1001
4685.656131267548,1002
4685.8290865421295,1003
4685.897375583649,1003
4685.990499973297,1003
4686.045474052429,1003
4686.230656147003,1004
4686.331788063049,1005
4686.523007154465,1003
4686.627583026886,1003
4686.801521778107,1004
4686.896354198456,1005
4687.004066705704,1005
4687.214492559433,1005
4687.362126588821,1006
4687.479382991791,1006
4687.691101312637,1007
4687.831470489502,1008
4687.985952138901,1008
4688.404232740402,1009
4688.550459623337,1010
4689.147417068481,1011
4689.587548017502,1012
4689.691246986389,1013
4689.864070653915,1013
4689.986691713333,1012
4690.165211677551,1013
4690.282970666885,1013
4690.440336227417,1013
4690.505322217941,1013
4690.587839126587,1014
4690.646474838257,1015
4690.785395622253,1015
4691.033606290817,1016
4691.174145936966,1017
4691.272861242294,1017
4691.647414922714,1017
4691.75973200798,1017
4691.820376396179,1017
4691.9411008358,1018
4692.134845495224,1019
4692.298548460007,1020
4692.45717215538,1021
4692.606967687607,1021
4692.890525341034,1022
4693.008374214172,1023
4693.166235208511,1023
4693.336440324783,1024
4693.420037031174,1024
4693.549741268158,1024
4693.750179052353,1024
4693.815489292145,1023
4693.965897321701,1023
4694.027959108353,1023
4694.125662565231,1024
4694.316401481628,1023
4694.66959810257,1022
4694.8618993759155,1023
4695.031435012817,1023
4695.118842601776,1024
4695.189200401306,1024
4695.340209245682,1010
4695.572911500931,1010
4695.661749124527,1010
4695.804848909378,1008
4695.970466852188,999
4696.435397148132,999
4696.543913841248,997
4696.69612121582,996
4696.792005777359,995
4696.891717195511,995
4696.994982242584,996
4697.05779504776,996
4697.421863794327,997
4697.670542478561,997
4697.988454341888,994
4698.095144510269,992
4698.281765460968,992
4698.3597893714905,986
4698.448967218399,986
4698.54606294632,984
4698.617906808853,985
4698.844304800034,984
4699.006319999695,985
4699.233907699585,981
4699.316040992737,981
4699.407715559006,982
4699.574053287506,982
4699.657054901123,983
4699.821701526642,981
4699.989961147308,982
4700.523022651672,981
4700.61159157753,981
4700.7330067157745,981
4700.860953807831,982
4701.15558886528,982
4701.5212931633,982
4701.604740142822,983
4701.694277524948,984
4701.859921216965,985
4702.004169464111,986
4702.140776395798,987
4702.205523252487,987
4702.326821565628,987
4702.491811990738,986
4702.834188461304,987
4702.989919662476,987
4703.054094791412,987
4703.181398391724,988
4703.295911073685,989
4703.458371162415,980
4703.535664796829,980
4704.136072397232,980
4704.311248540878,981
4704.479687213898,980
4704.581762075424,981
4704.726827144623,982
4704.798820972443,982
4704.947234630585,982
4705.386362314224,983
4705.584702730179,984
4705.644283056259,984
4705.9245862960815,984
4706.155115842819,984
4706.229855060577,985
4706.6932327747345,985
4706.97258067131,982
4707.161026716232,983
4707.373447179794,984
4707.47797036171,984
4707.544704914093,984
4707.814180850983,984
4707.969121932983,985
4708.263271331787,985
4708.348114967346,985
4708.423780918121,986
4708.693838596344,986
4708.776029348373,987
4709.024147987366,983
4709.465959310532,981
4709.52755188942,980
4709.689114570618,981
4709.827894687653,981
4709.889929294586,981
4710.028362035751,982
4710.399298429489,983
4710.459866762161,983
4710.59529042244,984
4710.755159854889,983
4711.101889371872,984
4711.159230232239,984
4711.234662771225,983
4711.461437702179,984
4711.993665456772,985
4712.064522027969,985
4712.350305080414,985
4712.477211475372,985
4712.671813964844,986
4712.757089853287,987
4713.3924951553345,988
4713.903808116913,988
4714.115577697754,988
4714.311752796173,988
4714.426468372345,988
4714.545821905136,988
4714.811496734619,987
4715.026362419128,987
4715.2268006801605,986
4715.390835523605,987
4715.605070352554,987
4715.685654163361,987
4715.837434530258,986
4716.264668226242,987
4716.627506732941,987
4716.709792137146,987
4716.827467918396,988
4716.89431643486,988
4716.981241226196,989
4717.056696653366,989
4717.125921010971,989
4717.3216252326965,990
4717.399348974228,991
4717.4810292720795,992
4717.572828054428,993
4717.973776578903,994
4718.252607584,995
4718.360543012619,995
4718.601197481155,995
4718.701330900192,996
4718.953909397125,996
4719.258282899857,997
4719.37614941597,998
4719.520727157593,999
4719.625009059906,1000
4719.690154075623,1000
4719.759982585907,1000
4720.061901092529,1000
4720.234097242355,1001
4720.4815464019775,1002
4720.62947010994,998
4721.09471654892,999
4721.335663557053,1000
4721.427527427673,999
4721.4935784339905,999
4721.551846265793,999
4721.608120679855,999
4721.694215536118,998
4721.781182527542,999
4722.091456651688,1000
4722.172288417816,1000
4722.22965669632,999
4722.351362228394,1000
4722.449790716171,1000
4722.517382860184,996
4722.67693567276,997
4722.9249355793,997
4723.078327178955,998
4723.227161407471,998
4723.279901266098,998
4723.614496946335,998
4723.717425823212,997
4723.94029545784,998
4724.305901765823,998
4724.371425628662,998
4724.468642711639,998
4724.564049005508,999
4724.62438416481,999
4724.848257303238,998
4724.999744176865,999
4725.071281909943,996
4725.152175426483,997
4725.207278728485,996
4725.2924020290375,996
4725.546191453934,997
4725.594175815582,997
4725.760553598404,998
4725.826003313065,998
4725.874751806259,998
4725.97417807579,996
4726.2560431957245,996
4726.386936664581,997
4726.644820928574,998
4726.700568675995,998
4726.784223794937,998
4726.8673305511475,999
4727.0023601055145,999
4727.258882045746,998
4727.489510774612,999
4727.701211452484,1000
4727.824427604675,1000
4727.871818065643,1001
4727.960646152496,1002
4728.100190401077,1001
4728.3014142513275,1001
4728.378102064133,1001
4728.494797945023,1002
4728.542556524277,1001
4728.596415519714,1002
4728.646270990372,1002
4728.736604690552,1003
4728.887323141098,1004
4728.934198856354,1004
4729.007390737534,1005
4729.110834360123,1006
4729.387163639069,1007
4729.499036550522,1007
4729.650082588196,1007
4729.7125833034515,1007
4729.775084733963,1007
4729.837585449219,1004
4729.931337356567,1002
4730.22519826889,1002
4730.2720737457275,1003
4730.443952083588,1003
4730.537703514099,1004
4730.677264213562,1004
4730.864767551422,1005
4730.942893981934,1006
4731.005394935608,1007
4731.067895889282,1008
4731.127815246582,1008
4731.175785064697,1009
4731.253911733627,1010
4731.472665786743,1011
4731.707252502441,1012
4731.81662940979,1013
4731.863504886627,1014
4732.222888469696,1015
4732.363516569138,1016
4732.410392045975,1017
4732.4572677612305,1017
4732.68767619133,1016
4732.788778305054,1016
4732.874524354935,1013
4732.999526262283,1013
4733.0620267391205,1012
4733.19172000885,1011
4733.5283639431,1012
4733.595258951187,1012
4733.652971982956,1012
4733.832744598389,1013
4733.926495790482,1013
4733.973371744156,1013
4734.02024769783,1012
4734.105927705765,1013
4734.257030248642,1014
4734.40704202652,1015
4734.544051885605,1016
4734.618658065796,1017
4734.769891262054,1018
4734.84338760376,1019
4735.181481122971,1019
4735.259607076645,1020
4735.36798286438,1021
4735.431561470032,1021
4735.631865501404,1021
4735.69436621666,1022
4735.741242170334,1021
4735.961960077286,1021
4736.088317632675,1022
4736.192893266678,1022
4736.239768981934,1023
4736.414396524429,1022
4736.69131731987,1022
4736.910071134567,1022
4736.961539506912,1023
4737.039664506912,1024
4737.120565652847,1025
4737.440083026886,1026
4737.557162761688,1026
4737.750889778137,1027
4737.860266923904,1026
4737.922768115997,1026
4738.1284029483795,1027
4738.2664132118225,1028
4738.344539165497,1029
4738.5164177417755,1029
4738.6417944431305,1023
4738.751171112061,1024
4738.844923019409,1018
4738.985550165176,1015
4739.274019956589,1014
4739.336520910263,1011
4739.383396863937,1011
4739.445897817612,1010
4739.53964972496,1011
4739.646333694458,1011
4740.036966085434,1007
4740.129722833633,1008
4740.207847356796,1009
4740.348474979401,1007
4740.583201885223,1007
4740.6676914691925,1007
4740.803707122803,1008
4741.022461175919,1008
4741.2092843055725,1008
4741.4124121665955,999
4741.45928812027,995
4741.568665027618,996
4741.787949085236,997
4741.866075515747,997
4742.186453580856,993
4742.412842988968,993
4742.490969181061,993
4742.653327465057,993
4742.71582865715,994
4742.788003206253,994
4742.897379875183,994
4743.053632259369,995
4743.106785535812,995
4743.262495756149,979
4743.376081228256,980
4743.454207897186,977
4743.501083374023,974
4743.690597772598,974
4743.799974679947,975
4743.85255074501,968
4743.899425983429,969
4743.977552175522,965
4744.134653091431,966
4744.322155952454,966
4744.375816583633,967
4744.453942775726,967
4744.532069444656,966
4744.6186537742615,967
4744.821782112122,966
4744.9966514110565,967
4745.2899923324585,968
4745.448974132538,969
4745.599834442139,970
4745.965757369995,971
4746.0282571315765,971
4746.12414264679,972
4746.195657491684,973
4746.289409399033,971
4746.414411306381,969
4746.4612872600555,969
4746.644966125488,970
4746.691842079163,969
4746.894970655441,970
4747.045174360275,971
4747.100654125214,972
4747.175138711929,973
4747.284515619278,974
4747.393892526627,974
4747.456394433975,975
4747.623805999756,975
4747.826934337616,976
4747.889435529709,975
4747.951936721802,975
4748.073557853699,976
4748.169209718704,976
4748.559841156006,977
4748.700567483902,976
4748.856820106506,977
4749.028697967529,978
4749.275994539261,978
4749.479123592377,979
4749.525998830795,980
4749.57287478447,981
4749.632548093796,981
4749.713791847229,981
4749.932545423508,982
4750.041922569275,977
4750.120096921921,976
4750.199193477631,976
4750.324194431305,976
4750.417946100235,977
4750.558573722839,978
4750.661259174347,978
4750.90228676796,978
4750.964787721634,979
4751.074164867401,979
