
Gurobi 11.0.0 (win64) logging started Fri Dec 20 02:55:25 2024

Set parameter LogFile to value "C:\Users\Administrator\Desktop\OptRail_Railroad_Construction\Data\Solution\AnzahlAuftraege_NEW_10\a10_o107_m5_an57_ar12\6_Objectives\hierarchical_tolerance\gurobi_a10_o107_m5_an57_ar12_hierarchical_tolerance_round_2.log"
Gurobi Optimizer version 11.0.0 build v11.0.0rc2 (win64 - Windows Server 2022.0 (20348.2))

CPU model: AMD EPYC 7513 32-Core Processor, instruction set [SSE2|AVX|AVX2]
Thread count: 18 physical cores, 18 logical processors, using up to 16 threads

Optimize a model with 2604 rows, 130587 columns and 642062 nonzeros
Model fingerprint: 0xa5975df6
Variable types: 0 continuous, 130587 integer (130587 binary)
Coefficient statistics:
  Matrix range     [1e+00, 1e+01]
  Objective range  [1e+00, 2e+02]
  Bounds range     [1e+00, 1e+00]
  RHS range        [1e+00, 2e+02]

---------------------------------------------------------------------------
Multi-objectives: starting optimization with 6 objectives ... 
---------------------------------------------------------------------------

Multi-objectives: applying initial presolve ...
---------------------------------------------------------------------------

Presolve added 0 rows and 2 columns
Presolve removed 338 rows and 0 columns
Presolve time: 0.56s
Presolved: 2266 rows, 130589 columns, 552040 nonzeros
---------------------------------------------------------------------------

Multi-objectives: optimize objective 1 () ...
---------------------------------------------------------------------------

Presolve removed 14 rows and 68034 columns
Presolve time: 0.72s
Presolved: 2252 rows, 62555 columns, 527226 nonzeros
Variable types: 0 continuous, 62555 integer (62553 binary)
Deterministic concurrent LP optimizer: primal simplex, dual simplex, and barrier
Showing barrier log only...

Root barrier log...

Ordering time: 0.03s

Barrier statistics:
 AA' NZ     : 1.609e+05
 Factor NZ  : 4.416e+05 (roughly 22 MB of memory)
 Factor Ops : 1.567e+08 (less than 1 second per iteration)
 Threads    : 13

                  Objective                Residual
Iter       Primal          Dual         Primal    Dual     Compl     Time
   0   1.43371534e+03 -1.97768771e+04  8.93e+04 2.15e-01  7.33e+00     2s
   1   7.21492947e+02 -1.79559361e+04  2.78e+04 1.55e-01  2.35e+00     2s
   2   2.08976696e+02 -1.19611334e+04  5.15e+03 3.11e-15  4.84e-01     2s
   3   1.18297900e+02 -6.67870667e+03  2.09e+03 4.00e-15  1.98e-01     2s
   4   8.71672168e+01 -3.72739974e+03  1.30e+03 2.22e-15  1.13e-01     2s
   5   3.64153771e+01 -2.15335628e+03  5.08e+02 3.55e-15  5.02e-02     2s
   6   9.77221424e+00 -8.77363214e+02  1.49e+02 9.55e-15  1.70e-02     2s
   7   2.88884937e+00 -5.21504587e+02  5.25e+01 9.99e-15  8.18e-03     2s
   8   1.51410464e+00 -3.59143241e+02  1.94e+01 7.61e-15  4.83e-03     2s
   9   8.07810346e-01 -2.61484802e+02  9.89e+00 5.32e-15  3.33e-03     2s
  10   2.06685407e-01 -1.59055238e+02  6.82e+00 3.26e-15  2.10e-03     2s
  11   1.70801127e-01 -1.25061286e+02  4.60e+00 2.71e-15  1.64e-03     2s
  12   1.58172181e-01 -1.19976982e+02  3.66e+00 2.38e-15  1.55e-03     2s
  13   1.28790071e-01 -6.19995436e+01  1.87e+00 1.22e-15  8.45e-04     2s
  14   1.77994394e-02 -1.71845239e+01  1.30e-02 1.62e-15  1.94e-04     2s
  15   7.13451817e-03 -2.05735366e+00  8.53e-04 9.91e-16  2.26e-05     2s
  16   3.15095492e-05 -1.22886467e-02  7.16e-06 3.79e-16  1.34e-07     2s
  17   1.57047090e-10 -2.06686301e-08  7.57e-12 2.29e-16  2.27e-13     2s
  18   1.57047105e-16 -2.06700183e-14  1.09e-12 3.33e-16  2.27e-19     2s

Barrier solved model in 18 iterations and 2.27 seconds (3.99 work units)
Optimal objective 1.57047105e-16

Concurrent spin time: 0.00s

Solved with barrier

Use crossover to convert LP symmetric solution to basic solution...

Root relaxation: objective 0.000000e+00, 824 iterations, 1.36 seconds (1.18 work units)
Total elapsed time = 11.14s (DegenMoves)
Total elapsed time = 18.75s (DegenMoves)
Total elapsed time = 23.39s (DegenMoves)
Total elapsed time = 25.45s (DegenMoves)

    Nodes    |    Current Node    |     Objective Bounds      |     Work
 Expl Unexpl |  Obj  Depth IntInf | Incumbent    BestBd   Gap | It/Node Time

     0     0    0.00000    0  162          -    0.00000      -     -   26s
     0     0    0.00000    0 1036          -    0.00000      -     -   33s
     0     0    0.00000    0 1086          -    0.00000      -     -   34s
H    0     0                       7.0000000    0.00000   100%     -   48s
H    0     0                       5.0000000    0.00000   100%     -   48s
     0     0    0.00000    0  134    5.00000    0.00000   100%     -   48s
     0     0    0.00000    0  322    5.00000    0.00000   100%     -   53s
     0     0    0.00000    0   84    5.00000    0.00000   100%     -   65s
H    0     0                       3.0000000    0.00000   100%     -   66s
     0     0    0.00000    0  106    3.00000    0.00000   100%     -   72s
     0     0    0.00000    0  115    3.00000    0.00000   100%     -   78s
     0     0    0.00000    0  126    3.00000    0.00000   100%     -   80s
     0     0    0.00000    0   99    3.00000    0.00000   100%     -   88s
H    0     0                       2.0000000    0.00000   100%     -   88s
     0     0    0.00000    0  163    2.00000    0.00000   100%     -   94s
     0     0    0.00000    0  119    2.00000    0.00000   100%     -  104s
     0     0    0.00000    0  249    2.00000    0.00000   100%     -  109s
     0     0    0.00000    0  110    2.00000    0.00000   100%     -  120s
     0     0    0.00000    0  110    2.00000    0.00000   100%     -  123s
     0     2    0.00000    0  110    2.00000    0.00000   100%     -  137s
     1     4    0.00000    1  170    2.00000    0.00000   100% 34728  141s
     3     8    0.00000    2 1071    2.00000    0.00000   100% 14920  154s
     7    16    0.00000    3  750    2.00000    0.00000   100% 10578  169s
    15    28    0.00000    4  731    2.00000    0.00000   100%  8635  190s
    31    44    0.00000    5  773    2.00000    0.00000   100%  8215  195s
    47    58    0.00000    6  775    2.00000    0.00000   100%  6972  202s
    63    72    0.00000    7  732    2.00000    0.00000   100%  6194  217s
    79    87    0.00000    8  756    2.00000    0.00000   100%  5909  241s
    95   113    0.00000    9  725    2.00000    0.00000   100%  5987  251s
   125   140    0.00000   11  105    2.00000    0.00000   100%  5789  256s
   154   162    0.00000   13   89    2.00000    0.00000   100%  5414  264s
   180   199    0.00000   13   49    2.00000    0.00000   100%  5775  271s
   221   285    0.00000   14   76    2.00000    0.00000   100%  5289  281s
   309   389    0.00000   15  113    2.00000    0.00000   100%  4447  289s
   415   415    0.16667   17   64    2.00000    0.00000   100%  3811  362s
   443   614    0.00000   17   68    2.00000    0.00000   100%  3890  375s
   654   842    0.00000   20   78    2.00000    0.00000   100%  3231  389s
   934   916    0.00000   22  112    2.00000    0.00000   100%  2760  517s
  1016  1238    0.00000   23  103    2.00000    0.00000   100%  2695  529s
  1359  1499    0.25000   26  107    2.00000    0.00000   100%  2454  543s
  1658  1771 infeasible   37         2.00000    0.00000   100%  2457  557s
  1983  1931    1.00000   47   79    2.00000    0.00000   100%  2416  570s
  2205  2123 infeasible   54         2.00000    0.00000   100%  2487  584s
  2359  2123 infeasible   18         2.00000    0.00000   100%  2558  585s
  2491  2124    1.00000   67  110    2.00000    0.00000   100%  2538  604s
  2493  2125    1.00000  132   88    2.00000    0.00000   100%  2536  627s
  2494  2126    1.00000  122   92    2.00000    0.00000   100%  2535  636s
  2495  2127    1.00000  254  156    2.00000    0.00000   100%  2534  641s
  2496  2127    1.00000  309  208    2.00000    0.16667  91.7%  2533  668s

Cutting planes:
  Gomory: 9
  Lift-and-project: 9
  Cover: 1
  MIR: 4
  Flow cover: 6
  Inf proof: 2
  Zero half: 56

Explored 2496 nodes (7059381 simplex iterations) in 680.58 seconds (1137.69 work units)
Thread count was 16 (of 18 available processors)

Solution count 4: 2 3 5 7 

Optimal solution found (tolerance 1.00e-04)
Best objective 2.000000000000e+00, best bound 2.000000000000e+00, gap 0.0000%
---------------------------------------------------------------------------

Multi-objectives: optimize objective 2 () ...
---------------------------------------------------------------------------


Loaded user MIP start with objective 6609.92

Presolve removed 14 rows and 68022 columns
Presolve time: 0.70s
Presolved: 2253 rows, 62567 columns, 527345 nonzeros
Variable types: 0 continuous, 62567 integer (62565 binary)
Deterministic concurrent LP optimizer: primal simplex, dual simplex, and barrier
Showing barrier log only...

Root barrier log...

Ordering time: 0.11s

Barrier statistics:
 AA' NZ     : 2.227e+05
 Factor NZ  : 6.372e+05 (roughly 30 MB of memory)
 Factor Ops : 2.420e+08 (less than 1 second per iteration)
 Threads    : 14

                  Objective                Residual
Iter       Primal          Dual         Primal    Dual     Compl     Time
   0   4.36950714e+07 -1.24748108e+07  8.87e+04 2.84e-14  3.07e+03   682s
   1   1.20054296e+07 -1.20195348e+07  2.44e+04 1.08e+02  9.13e+02   682s
   2   2.30414079e+06 -9.05207465e+06  4.67e+03 1.12e+01  2.15e+02   682s
   3   2.68763910e+05 -5.82227260e+06  5.28e+02 4.66e+00  6.06e+01   682s
   4   1.88977279e+05 -3.45145616e+06  3.64e+02 2.55e+00  3.64e+01   682s
   5   6.96051798e+04 -1.40374348e+06  1.21e+02 8.43e-01  1.39e+01   682s
   6   4.19116776e+04 -9.09450658e+05  6.46e+01 5.51e-01  8.67e+00   682s
   7   2.56079257e+04 -7.06892282e+05  3.22e+01 4.28e-01  6.36e+00   682s
   8   1.55634507e+04 -5.44758249e+05  1.38e+01 3.13e-01  4.70e+00   682s
   9   1.38439641e+04 -3.81689174e+05  1.07e+01 2.05e-01  3.36e+00   682s
  10   1.13796138e+04 -3.23111649e+05  6.61e+00 1.74e-01  2.80e+00   682s
  11   1.03372699e+04 -2.06319270e+05  5.06e+00 1.01e-01  1.85e+00   682s
  12   8.40871929e+03 -1.14173560e+05  2.80e+00 4.02e-02  1.06e+00   682s
  13   6.94415214e+03 -7.70251775e+04  1.54e+00 2.45e-02  7.16e-01   682s
  14   6.37834488e+03 -4.14791698e+04  1.12e+00 7.94e-03  4.13e-01   682s
  15   5.32788723e+03 -2.59762330e+04  5.80e-01 2.67e-03  2.63e-01   682s
  16   4.80720488e+03 -2.23957918e+04  3.84e-01 2.01e-03  2.25e-01   682s
  17   4.26323125e+03 -7.71517044e+03  1.52e-01 9.09e-13  9.72e-02   682s
  18   3.96069781e+03 -3.87205779e+03  6.96e-02 4.80e-13  6.30e-02   682s
  19   3.85618686e+03 -1.58880293e+03  5.23e-02 2.78e-13  4.37e-02   682s
  20   3.72271211e+03  4.48282407e+02  2.64e-02 5.12e-13  2.63e-02   682s
  21   3.58783261e+03  1.73491467e+03  1.64e-02 3.21e-13  1.48e-02   682s
  22   3.40716299e+03  2.74213863e+03  4.81e-03 2.75e-13  5.31e-03   682s
  23   3.30580552e+03  3.15832910e+03  8.70e-04 3.41e-13  1.18e-03   682s
  24   3.27002813e+03  3.25712506e+03  2.02e-05 3.44e-13  1.03e-04   682s
  25   3.26695135e+03  3.26653148e+03  2.07e-06 4.49e-13  3.34e-06   682s
  26   3.26662036e+03  3.26662036e+03  8.37e-12 4.31e-13  2.25e-11   682s

Barrier solved model in 26 iterations and 682.37 seconds (1140.19 work units)
Optimal objective 3.26662036e+03


Root crossover log...

     988 DPushes remaining with DInf 0.0000000e+00               682s
       0 DPushes remaining with DInf 0.0000000e+00               682s

   11090 PPushes remaining with PInf 0.0000000e+00               682s
       0 PPushes remaining with PInf 0.0000000e+00               683s

  Push phase complete: Pinf 0.0000000e+00, Dinf 5.1194604e-12    683s


Root simplex log...

Iteration    Objective       Primal Inf.    Dual Inf.      Time
   12075    3.2666204e+03   0.000000e+00   0.000000e+00    683s

Solved with barrier

Root relaxation: objective 3.266620e+03, 12075 iterations, 1.05 seconds (0.90 work units)

    Nodes    |    Current Node    |     Objective Bounds      |     Work
 Expl Unexpl |  Obj  Depth IntInf | Incumbent    BestBd   Gap | It/Node Time

     0     0 3266.62036    0  387 6609.91951 3266.62036  50.6%     -  685s
H    0     0                    5992.6314801 3266.62036  45.5%     -  686s
H    0     0                    5746.2612327 3266.62036  43.2%     -  686s
     0     0 3266.62036    0  519 5746.26123 3266.62036  43.2%     -  688s
H    0     0                    5468.6917318 3266.62036  40.3%     -  688s
     0     0 3266.62036    0  509 5468.69173 3266.62036  40.3%     -  689s
     0     0 3271.60829    0  375 5468.69173 3271.60829  40.2%     -  693s
     0     0 3273.26760    0  461 5468.69173 3273.26760  40.1%     -  695s
     0     0 3280.33882    0  362 5468.69173 3280.33882  40.0%     -  698s
     0     0 3280.33882    0  507 5468.69173 3280.33882  40.0%     -  699s
     0     0 3281.22422    0  412 5468.69173 3281.22422  40.0%     -  701s
H    0     0                    5222.6120869 3281.22422  37.2%     -  702s
     0     0 3281.22422    0  444 5222.61209 3281.22422  37.2%     -  702s
     0     0 3281.25633    0  393 5222.61209 3281.25633  37.2%     -  705s
     0     0 3281.25633    0  393 5222.61209 3281.25633  37.2%     -  706s
H    0     0                    5218.4343744 3281.25633  37.1%     -  709s
H    0     0                    5006.0656896 3281.55759  34.4%     -  712s
H    0     2                    4805.4511919 3281.55759  31.7%     -  715s
     0     2 3281.55759    0  393 4805.45119 3281.55759  31.7%     -  715s
     7    16 3310.86854    3  589 4805.45119 3287.03003  31.6%  2300  721s
    15    32 3310.86854    4  561 4805.45119 3307.28038  31.2%  1816  725s
H   31    48                    4665.3630668 3308.23569  29.1%  2423  731s
H   31    48                    4634.5617036 3308.23569  28.6%  2423  731s
H   32    48                    4465.6299308 3308.23569  25.9%  2381  731s
    63    79 3329.02482    6  449 4465.62993 3308.23569  25.9%  1711  735s
H   79    95                    4294.0967897 3308.23569  23.0%  1499  810s
H   80    95                    4132.8367735 3308.23569  20.0%  1484  810s
H   81    95                    4084.8863474 3310.86854  18.9%  1483  810s
H   91    95                    3928.1787445 3310.86854  15.7%  1453  810s
   149   149 3354.34388    6  393 3928.17874 3310.86854  15.7%  1128  818s
   151   150 3351.34798   10  389 3928.17874 3310.86854  15.7%  1114  822s
   154   152 3345.31933    8  593 3928.17874 3310.86854  15.7%  1092  825s
   158   155 3347.43610    7  670 3928.17874 3318.23016  15.5%  1064  830s
   169   162 3370.42894    6  677 3928.17874 3370.42894  14.2%   995  835s
   171   164 3371.12115    9  592 3928.17874 3371.12115  14.2%   983  840s
   186   191 3398.47756   14  571 3928.17874 3387.32096  13.8%  1184  845s
   202   201 3402.11625   15  609 3928.17874 3391.77417  13.7%  1137  851s
H  203   192                    3915.4691762 3391.77417  13.4%  1132  851s
   266   238 3412.36582   17  489 3915.46918 3398.61592  13.2%  1002  858s
H  269   229                    3899.8364192 3398.61592  12.9%   992  858s
   345   284 3425.31885   19  336 3899.83642 3398.61592  12.9%   873  860s
   571   410 3542.19018   27  313 3899.83642 3398.61592  12.9%   650  865s
   787   613 3627.57973   36  323 3899.83642 3398.61592  12.9%   557  870s
  1054   844 3715.30610   45  346 3899.83642 3398.61592  12.9%   482  875s
  1321  1035 3875.38674   54  310 3899.83642 3398.61592  12.9%   441  881s
  1534  1160 3835.73845   60  327 3899.83642 3398.61592  12.9%   427  885s
  1772  1313 3879.67711   46  354 3899.83642 3402.65020  12.7%   414  893s
  1860  1375 3504.23554   17  570 3899.83642 3402.65020  12.7%   409  896s
  2161  1581 3609.24414   29  480 3899.83642 3402.65020  12.7%   394  903s
  2239  1655 3650.10680   34  502 3899.83642 3402.65020  12.7%   393  905s
  2534  1891 3831.43612   47  380 3899.83642 3403.25068  12.7%   389  911s
  2661  1951 3582.99548   19  450 3899.83642 3408.30619  12.6%   386  916s
  2726  2036 3587.83931   20  419 3899.83642 3408.30619  12.6%   384  925s
  3004  2266 3784.71998   33  427 3899.83642 3408.30619  12.6%   377  931s
  3331  2509 3563.93586   17  519 3899.83642 3413.50806  12.5%   369  935s
  3747  2809 3756.40091   29  339 3899.83642 3413.50806  12.5%   361  940s
  4248  3097 3791.60889   33  279 3899.83642 3413.50806  12.5%   351  945s
  4627  3258 3642.85921   25  449 3899.83642 3431.98544  12.0%   351  961s
  4700  3404 3760.57388   34  330 3899.83642 3431.98544  12.0%   351  965s
H 4904  3388                    3890.0807483 3431.98544  11.8%   350  972s
  4922  3432 3860.40864   45  222 3890.08075 3431.98544  11.8%   350  981s
  4981  3530 3864.48269   48  218 3890.08075 3435.69462  11.7%   350  989s
  5174  3728 3591.59336   22  390 3890.08075 3439.96383  11.6%   347  993s
  5482  3902 3570.33777   21  373 3890.08075 3441.52204  11.5%   343  996s
  5773  4150 3748.50177   32  239 3890.08075 3442.65196  11.5%   341 1000s
  6491  4569 3834.67739   39  320 3890.08075 3451.86307  11.3%   334 1007s
  6813  4731 3741.85589   32  359 3890.08075 3454.27800  11.2%   334 1011s
  7191  4891 3714.20106   21  373 3890.08075 3459.34373  11.1%   333 1015s
  7916  5300 3654.93936   17  395 3890.08075 3465.71066  10.9%   334 1022s
  8322  5476 3883.34016   38  286 3890.08075 3465.95126  10.9%   335 1026s
  8762  5694 3745.06696   29  324 3890.08075 3478.12486  10.6%   335 1030s
  9287  5898 3808.03634   24  353 3890.08075 3490.89883  10.3%   335 1035s
 10194  6277 3665.68534   23  329 3890.08075 3510.99824  9.74%   336 1043s
 10578  6458 3814.48796   24  259 3890.08075 3515.93694  9.62%   337 1052s
 10933  6734 3602.45989   21  578 3890.08075 3515.93694  9.62%   336 1057s
 11423  7136 3770.23512   43  303 3890.08075 3523.12082  9.43%   335 1063s
 12115  7446 3819.31392   39  293 3890.08075 3530.20068  9.25%   332 1069s
 12661  7778 3757.06056   42  299 3890.08075 3534.79712  9.13%   330 1074s
 13365  7827 3663.53952   30  398 3890.08075 3540.38227  8.99%   330 1082s
 13448  8149 3708.08769   31  384 3890.08075 3540.63163  8.98%   330 1088s
 13989  8481 3694.44677   27  368 3890.08075 3540.63163  8.98%   331 1094s
 14419  8481 3833.25613   23  348 3890.08075 3548.72405  8.78%   330 1095s
 14698  8842     cutoff   30      3890.08075 3550.01245  8.74%   330 1102s
 15436  9175 3749.14211   31  405 3890.08075 3555.73849  8.59%   330 1109s
 16217  9536 3747.32261   24  320 3890.08075 3558.55431  8.52%   330 1116s
 16992  9827     cutoff   27      3890.08075 3566.51416  8.32%   330 1122s
 17749 10248 3886.16956   28  378 3890.08075 3573.06857  8.15%   332 1130s
 18678 10583 3676.78051   23  384 3890.08075 3578.11910  8.02%   332 1141s
 19320 10605 3843.43174   30  398 3890.08075 3580.90642  7.95%   332 1155s
 19353 10972 3848.64962   32  363 3890.08075 3581.35976  7.94%   332 1163s
 20407 11415 3825.54699   27  455 3890.08075 3587.83931  7.77%   331 1174s
 21375 11935 3810.03401   28  477 3890.08075 3592.33821  7.65%   330 1182s
 22456 12237 3802.32623   25  343 3890.08075 3595.11168  7.58%   330 1190s
 23291 12496     cutoff   33      3890.08075 3598.29101  7.50%   331 1198s
 24354 12820     cutoff   30      3890.08075 3602.67839  7.39%   331 1206s
 25432 13273 3859.29509   37  280 3890.08075 3608.73719  7.23%   331 1215s
 26596 13575 3823.06132   27  444 3890.08075 3613.92823  7.10%   330 1224s
 26751 13575 3846.54318   34  324 3890.08075 3614.70275  7.08%   330 1225s
 27810 14015 3869.39741   31  201 3890.08075 3619.33565  6.96%   330 1233s
 29101 14435     cutoff   28      3890.08075 3624.75404  6.82%   329 1241s
 30396 14742 3809.63483   27  351 3890.08075 3628.00794  6.74%   328 1255s
 31533 15122 3816.01123   27  337 3890.08075 3634.17384  6.58%   327 1263s
 32871 15538 3864.36134   28  317 3890.08075 3638.26313  6.47%   327 1273s
 34126 15901 3763.83406   30  425 3890.08075 3644.49074  6.31%   327 1283s
 35623 16308 3877.09613   22  368 3890.08075 3649.96433  6.17%   326 1294s
 37216 16636 3878.85212   31  246 3890.08075 3654.17365  6.06%   326 1306s
 38911 17081 3858.58722   26  183 3890.08075 3659.24064  5.93%   325 1316s
 40610 17466 3885.27130   24  390 3890.08075 3664.47944  5.80%   325 1326s

Cutting planes:
  Gomory: 22
  MIR: 20
  Flow cover: 63
  Inf proof: 38
  Zero half: 23
  RLT: 1

Explored 42249 nodes (13884399 simplex iterations) in 1436.50 seconds (2292.88 work units)
Thread count was 16 (of 18 available processors)

Solution count 10: 3890.08 3899.84 3915.47 ... 4665.36

Optimal solution found (tolerance 1.00e-04)
Best objective 3.890080748327e+03, best bound 3.890080748327e+03, gap 0.0000%
---------------------------------------------------------------------------

Multi-objectives: optimize objective 3 () ...
---------------------------------------------------------------------------


Loaded user MIP start with objective 735.894

Presolve removed 0 rows and 68022 columns
Presolve time: 0.64s
Presolved: 2268 rows, 62567 columns, 584039 nonzeros
Variable types: 0 continuous, 62567 integer (62565 binary)
Deterministic concurrent LP optimizer: primal simplex, dual simplex, and barrier
Showing barrier log only...

Root barrier log...

Ordering time: 0.03s

Barrier statistics:
 AA' NZ     : 2.271e+05
 Factor NZ  : 6.270e+05 (roughly 30 MB of memory)
 Factor Ops : 2.419e+08 (less than 1 second per iteration)
 Threads    : 14

                  Objective                Residual
Iter       Primal          Dual         Primal    Dual     Compl     Time
   0   1.25478241e+08 -4.53323983e+07  2.26e+06 1.42e-14  1.43e+04  1438s
   1   5.79694573e+07 -4.24300566e+07  1.05e+06 4.58e+01  6.76e+03  1438s
   2   2.74114993e+07 -3.71372723e+07  4.94e+05 2.11e+01  3.29e+03  1438s
   3   1.40951775e+07 -2.73856584e+07  2.54e+05 8.10e+00  1.72e+03  1438s
   4   1.52507377e+06 -9.83343464e+06  2.77e+04 1.36e-12  2.25e+02  1438s
   5   6.09581773e+05 -7.75263401e+06  1.12e+04 8.74e-13  1.18e+02  1438s
   6   3.43586637e+05 -6.93852971e+06  6.35e+03 9.09e-13  8.67e+01  1438s
   7   1.54413668e+05 -3.96299839e+06  2.86e+03 1.36e-12  4.43e+01  1438s
   8   8.41470822e+04 -2.55903356e+06  1.55e+03 2.73e-12  2.69e+01  1438s
   9   5.11814730e+04 -1.70615193e+06  9.32e+02 2.27e-12  1.74e+01  1438s
  10   3.95087007e+04 -1.16875461e+06  7.11e+02 5.46e-12  1.22e+01  1438s
  11   2.63907687e+04 -8.13263261e+05  4.63e+02 1.27e-11  8.32e+00  1438s
  12   1.46282820e+04 -5.31029084e+05  2.42e+02 1.00e-11  5.19e+00  1438s
  13   9.00513285e+03 -4.24213971e+05  1.38e+02 1.82e-11  3.92e+00  1438s
  14   7.09354413e+03 -2.84873993e+05  1.03e+02 2.18e-11  2.68e+00  1438s
  15   5.67514482e+03 -2.16962991e+05  7.77e+01 1.09e-11  2.04e+00  1438s
  16   4.23497162e+03 -1.75200475e+05  5.32e+01 1.27e-11  1.61e+00  1438s
  17   3.44601836e+03 -1.30451481e+05  4.06e+01 5.46e-12  1.21e+00  1438s
  18   2.76114851e+03 -1.17986913e+05  3.01e+01 4.09e-12  1.07e+00  1438s
  19   1.86364898e+03 -6.91188667e+04  1.75e+01 5.46e-12  6.24e-01  1438s
  20   1.58049589e+03 -3.74386281e+04  1.38e+01 4.09e-12  3.53e-01  1438s
  21   8.10377044e+02 -2.38285350e+04  4.13e+00 2.27e-12  2.07e-01  1438s
  22   5.85446177e+02 -1.66695057e+04  1.79e+00 1.59e-12  1.42e-01  1438s
  23   5.25750145e+02 -1.57147813e+04  1.30e+00 1.14e-12  1.32e-01  1438s
  24   4.42858360e+02 -1.00868970e+04  6.81e-01 9.09e-13  8.49e-02  1438s
  25   3.83174490e+02 -5.34365623e+03  3.39e-01 2.40e-13  4.59e-02  1438s
  26   3.40505669e+02 -5.24074137e+03  2.28e-01 2.17e-13  4.46e-02  1438s
  27   2.96231973e+02 -2.81721545e+03  1.33e-01 1.71e-13  2.49e-02  1438s
  28   2.76360406e+02 -1.87790164e+03  1.02e-01 1.85e-13  1.72e-02  1438s
  29   2.34973418e+02 -1.24852399e+03  4.44e-02 9.52e-14  1.18e-02  1438s
  30   1.94642147e+02 -4.71996235e+02  1.01e-02 8.98e-14  5.30e-03  1438s
  31   1.84326969e+02 -1.23025591e+02  4.03e-03 7.20e-14  2.45e-03  1438s
  32   1.78064149e+02 -7.86302878e+00  8.96e-04 8.56e-14  1.48e-03  1438s
  33   1.70546766e+02  1.08663173e+02  6.20e-05 7.23e-14  4.93e-04  1438s
  34   1.67464386e+02  1.55720430e+02  2.91e-05 1.10e-13  9.38e-05  1438s
  35   1.64806568e+02  1.64268467e+02  1.44e-06 1.04e-13  4.30e-06  1438s
  36   1.64636404e+02  1.64635860e+02  2.80e-12 1.06e-13  4.32e-09  1438s
  37   1.64636229e+02  1.64636229e+02  1.72e-12 9.78e-14  6.91e-14  1438s

Barrier solved model in 37 iterations and 1438.50 seconds (2295.44 work units)
Optimal objective 1.64636229e+02


Root crossover log...

     994 DPushes remaining with DInf 0.0000000e+00              1439s
       0 DPushes remaining with DInf 0.0000000e+00              1439s

     211 PPushes remaining with PInf 0.0000000e+00              1439s
       0 PPushes remaining with PInf 0.0000000e+00              1439s

  Push phase complete: Pinf 0.0000000e+00, Dinf 1.4714896e-12   1439s


Root simplex log...

Iteration    Objective       Primal Inf.    Dual Inf.      Time
     705    1.6463623e+02   0.000000e+00   0.000000e+00   1439s

Solved with barrier
     705    1.6463623e+02   0.000000e+00   0.000000e+00   1439s

Root relaxation: objective 1.646362e+02, 705 iterations, 1.88 seconds (1.87 work units)
Total elapsed time = 1441.64s (DegenMoves)
Total elapsed time = 1445.04s (DegenMoves)

    Nodes    |    Current Node    |     Objective Bounds      |     Work
 Expl Unexpl |  Obj  Depth IntInf | Incumbent    BestBd   Gap | It/Node Time

     0     0  164.63623    0  318  735.89363  164.63623  77.6%     - 1447s
H    0     0                     488.9412811  164.63623  66.3%     - 1448s
     0     0  164.63623    0  614  488.94128  164.63623  66.3%     - 1450s
H    0     0                     485.2381236  164.63623  66.1%     - 1458s
H    0     0                     324.3193044  164.63623  49.2%     - 1468s
     0     0  164.63623    0  307  324.31930  164.63623  49.2%     - 1470s
     0     0  164.63623    0  459  324.31930  164.63623  49.2%     - 1479s
     0     0  164.63623    0  444  324.31930  164.63623  49.2%     - 1480s
     0     0  164.63623    0  409  324.31930  164.63623  49.2%     - 1483s
     0     0  164.63623    0  409  324.31930  164.63623  49.2%     - 1486s
     0     2  164.63623    0  409  324.31930  164.63623  49.2%     - 1501s
     3     8  164.63623    2  682  324.31930  164.63623  49.2%  6868 1506s
     7    16  164.63623    3  776  324.31930  164.63623  49.2%  4440 1511s
    15    32  164.63623    4  719  324.31930  164.63623  49.2%  5915 1522s
    31    48  164.63623    5  702  324.31930  164.63623  49.2% 10316 1531s
H   34    48                     316.2853634  164.63623  47.9%  9528 1531s
H   39    48                     299.4177327  164.63623  45.0%  8712 1531s
    47    62  173.10083    5  592  299.41773  164.63623  45.0%  7762 1537s
    63    78  164.63623    6  696  299.41773  164.63623  45.0%  7160 1541s
H   86    94                     261.7275963  164.63623  37.1%  5764 1544s
    96    95  205.18964    7  409  261.72760  164.63623  37.1%  5337 1547s
    98    96  165.16085    8  356  261.72760  164.63623  37.1%  5228 1554s
    99    97  172.95364    6  371  261.72760  164.63623  37.1%  5175 1559s
   100    98  185.61611    8  570  261.72760  164.63623  37.1%  5123 1560s
   101    98  185.61611    8  447  261.72760  164.63623  37.1%  5072 1565s
   105   101  173.10455    6  494  261.72760  164.63623  37.1%  4879 1572s
   107   102  181.54978    7  573  261.72760  164.63623  37.1%  4788 1575s
   111   105  171.08731    6  448  261.72760  164.63623  37.1%  4615 1581s
   114   107  170.90000    7  438  261.72760  164.63623  37.1%  4494 1585s
   116   111  164.63623   14  584  261.72760  164.63623  37.1%  5821 1591s
   130   135  164.63623   17  572  261.72760  164.63623  37.1%  5368 1596s
   146   145  164.63623   18  709  261.72760  164.63623  37.1%  5076 1600s
H  153   137                     250.4138878  164.63623  34.3%  4892 1600s
   194   171  172.73408   19  641  250.41389  164.63623  34.3%  4164 1608s
   229   197  164.63623   20  613  250.41389  164.63623  34.3%  3753 1611s
   248   206  167.63977   21  612  250.41389  164.63623  34.3%  3577 1617s
   329   267  184.91735   23  638  250.41389  164.63623  34.3%  3000 1621s
   378   292  189.61503   25  610  250.41389  164.63623  34.3%  2781 1627s
   394   303  187.62131   25  556  250.41389  164.63623  34.3%  2692 1635s
   511   420  194.91200   29  514  250.41389  164.63623  34.3%  2381 1640s
   624   521  195.81634   32  559  250.41389  164.63623  34.3%  2153 1645s
   719   572  196.00557   34  556  250.41389  164.63623  34.3%  1997 1655s
   847   652  209.32560   36  486  250.41389  164.63623  34.3%  1825 1678s
   873   698  205.07836   36  544  250.41389  164.63623  34.3%  1791 1694s
   943   740  211.96572   38  479  250.41389  164.63623  34.3%  1709 1696s
  1105   791  214.27676   40  484  250.41389  164.63623  34.3%  1550 1707s
  1222   881  216.93487   43  556  250.41389  164.63623  34.3%  1462 1710s
  1489  1003  225.29745   50  501  250.41389  164.63623  34.3%  1327 1716s
  1682  1104  230.84936   55  517  250.41389  164.63623  34.3%  1253 1721s
  1797  1164     cutoff   57       250.41389  164.63623  34.3%  1212 1725s
  1890  1180     cutoff   61       250.41389  164.63623  34.3%  1189 1739s
  1916  1234  245.35674   64  460  250.41389  164.63623  34.3%  1183 1743s
  2009  1264  178.21248   21  535  250.41389  164.63623  34.3%  1163 1747s
  2133  1311  185.52293   22  596  250.41389  164.63623  34.3%  1131 1752s
  2248  1385  224.63188   23  534  250.41389  164.63623  34.3%  1112 1757s
  2354  1447  206.64996   26  423  250.41389  164.63623  34.3%  1094 1760s
  2674  1756  240.75233   29  348  250.41389  164.63623  34.3%  1033 1766s
  3181  2053  185.26633   25  638  250.41389  166.41577  33.5%   939 1772s
  3457  2168  214.48124   31  647  250.41389  166.41577  33.5%   904 1775s
  3988  2509  191.87779   26  457  250.41389  166.91275  33.3%   850 1786s
  4537  3010  203.24541   28  553  250.41389  173.74775  30.6%   799 1793s
  5055  3237  191.82583   25  618  250.41389  173.74775  30.6%   752 1797s
  5448  3416  236.03442   30  638  250.41389  177.52653  29.1%   725 1801s
  5748  3673  202.74314   26  417  250.41389  177.57807  29.1%   714 1806s
  6116  4014  212.88263   31  311  250.41389  177.57807  29.1%   698 1811s
  6642  4222  232.91703   30  272  250.41389  178.01716  28.9%   668 1815s
  7359  4586  199.12984   24  414  250.41389  179.16412  28.5%   655 1824s
  7720  4810  236.87018   29  487  250.41389  180.14957  28.1%   652 1831s
  8132  5165  183.58095   32  313  250.41389  180.71800  27.8%   640 1836s
  8735  5558  187.36309   24  482  250.41389  180.73832  27.8%   623 1841s
  9385  5878  243.40289   40  564  250.41389  180.99978  27.7%   606 1847s
  9959  6151     cutoff   31       250.41389  182.27310  27.2%   597 1852s
 10465  6548  209.67986   33  274  250.41389  182.88542  27.0%   594 1857s
 11152  6895  208.17938   26  366  250.41389  183.45617  26.7%   583 1862s
 11897  7260  220.44926   20  469  250.41389  183.95161  26.5%   573 1867s
 12594  7609  234.23520   29  637  250.41389  184.20620  26.4%   565 1872s
 13227  7622  208.89127   35  283  250.41389  184.20620  26.4%   562 1904s
 13259  8241  208.89127   36  278  250.41389  184.44968  26.3%   562 1913s
 14228  8466  211.98912   34  535  250.41389  185.20127  26.0%   547 1918s
 14630  9056 infeasible   47       250.41389  185.21663  26.0%   541 1925s
 15661  9401  219.12820   34  271  250.41389  185.80904  25.8%   529 1942s
 16471  9926  191.98459   23  444  250.41389  185.93312  25.7%   526 1948s
 17342 10232  238.46083   29  408  250.41389  186.25436  25.6%   520 1954s
 17950 10804  226.49318   27  510  250.41389  186.43027  25.6%   512 1962s
 19015 11417  218.68005   27  362  250.41389  186.83911  25.4%   506 1970s
 20251 11762  215.71592   29  323  250.41389  187.24145  25.2%   497 1977s
 20915 12451  216.73496   32  535  250.41389  187.42212  25.2%   494 1987s
 22362 12722  221.52671   41  301  250.41389  187.82854  25.0%   489 1993s
 22959 12975  238.13687   33  606  250.41389  188.25241  24.8%   489 1999s
 23890 13456     cutoff   37       250.41389  188.59620  24.7%   486 2007s
 24837 14041  208.17894   28  237  250.41389  189.01102  24.5%   482 2014s
 26080 14536  241.61763   34  405  250.41389  189.24389  24.4%   476 2022s
 27147 15096  208.01446   25  295  250.41389  189.69936  24.2%   474 2030s
 28315 15853     cutoff   57       250.41389  190.03964  24.1%   472 2038s
 29733 16649  233.73311   30  441  250.41389  190.57552  23.9%   466 2046s
 31262 17533  246.10149   32  599  250.41389  190.84980  23.8%   461 2055s
*32089 17406              62     247.9031179  190.98667  23.0%   457 2055s
 32973 17954  214.20411   32  438  247.90312  191.26109  22.8%   453 2063s
 34385 18242     cutoff   34       247.90312  191.60841  22.7%   450 2081s
H34414 14706                     231.2099838  191.60841  17.1%   450 2081s
 34965 15204  195.42489   33  201  231.20998  191.80883  17.0%   450 2092s
 36750 15788  229.81953   29  289  231.20998  192.34553  16.8%   446 2103s
 38396 16649  210.94270   31  397  231.20998  192.71693  16.6%   444 2115s
 40578 16929  214.93688   48  191  231.20998  193.19928  16.4%   437 2125s
 41479 17968  199.45046   35  366  231.20998  193.37660  16.4%   435 2295s
 44479 18584  223.67698   29  357  231.20998  193.81672  16.2%   429 2304s
 45802 18584 infeasible   42       231.20998  193.97980  16.1%   426 2305s
 46190 18974 infeasible   35       231.20998  194.22216  16.0%   424 2312s
 47352 19497  212.11800   34  184  231.20998  194.44215  15.9%   421 2321s
 49092 20028  200.92684   29  214  231.20998  194.76761  15.8%   417 2330s
 50617 20570  212.30118   32  196  231.20998  194.95571  15.7%   416 2339s
 52181 21130  217.78433   32  328  231.20998  195.15819  15.6%   413 2347s
 53876 21660  227.91985   32  199  231.20998  195.38958  15.5%   409 2356s
 55469 22255 infeasible   30       231.20998  195.62933  15.4%   407 2365s
 57376 22794  220.92607   25  340  231.20998  195.91315  15.3%   403 2374s
 59228 23309  217.51500   50  157  231.20998  196.20253  15.1%   400 2382s
 61303 23705  206.52634   45  318  231.20998  196.41842  15.0%   396 2390s
 62699 24509     cutoff   32       231.20998  196.63310  15.0%   395 2405s
 65428 24973  228.57282   33  313  231.20998  197.00778  14.8%   391 2413s
 67093 25228  231.05420   41  229  231.20998  197.35294  14.6%   389 2420s
 68586 25561     cutoff   48       231.20998  197.66556  14.5%   389 2428s
 70372 25809  210.34551   34  141  231.20998  197.92213  14.4%   386 2435s
 71878 26120 infeasible   28       231.20998  198.04397  14.3%   386 2442s
 73544 26322  212.11800   29  160  231.20998  198.42374  14.2%   384 2449s
 74901 26732  203.61784   45  191  231.20998  198.66834  14.1%   383 2457s
 76933 26965  218.46272   41  152  231.20998  198.92212  14.0%   380 2464s
 78050 27363  201.26054   29  203  231.20998  199.21999  13.8%   378 2472s
 80041 27599  206.62269   29  319  231.20998  199.54542  13.7%   376 2480s
 81754 27907  225.41845   43  214  231.20998  199.75334  13.6%   375 2487s
 83655 28607  212.81869   38  175  231.20998  200.08108  13.5%   373 2499s
 85644 29363  205.85395   37  255  231.20998  200.36218  13.3%   370 2507s
 87922 29830  200.36218   26  143  231.20998  200.36218  13.3%   368 2514s
 89680 30253  201.86859   31  112  231.20998  200.36218  13.3%   367 2521s
 91128 30762  204.09551   34  211  231.20998  200.60435  13.2%   366 2529s
 92904 31245  214.26316   29  150  231.20998  200.78421  13.2%   364 2536s
 94870 31755  219.18791   60  248  231.20998  201.01500  13.1%   362 2543s
 96573 32257 infeasible   43       231.20998  201.10263  13.0%   361 2550s
 98352 32720  214.69358   41  140  231.20998  201.23451  13.0%   359 2556s
 100165 32959  213.85147   27  506  231.20998  201.41986  12.9%   358 2576s
 101498 33352     cutoff   38       231.20998  201.56610  12.8%   357 2583s
 103267 33498  215.57220   27  422  231.20998  201.71304  12.8%   356 2614s
 104069 33930  208.19755   28  657  231.20998  201.74312  12.7%   356 2631s
 105998 34381  216.49097   38  257  231.20998  201.83260  12.7%   354 2640s
 108429 34735  210.22170   29  199  231.20998  202.15042  12.6%   353 2647s
 110081 34955  210.67632   46  348  231.20998  202.25037  12.5%   352 2672s
 111351 35242  209.70467   40  165  231.20998  202.31999  12.5%   352 2680s
 112817 35565  230.68325   46  124  231.20998  202.45985  12.4%   351 2689s
 114664 35844     cutoff   44       231.20998  202.59116  12.4%   350 2696s
 116675 36145  205.18211   34  316  231.20998  202.76724  12.3%   349 2704s
 118418 36470     cutoff   42       231.20998  202.88529  12.3%   349 2711s
 120489 36813  214.20810   36  178  231.20998  202.97700  12.2%   348 2718s
 122292 37483  218.48919   50   35  231.20998  203.16967  12.1%   347 2724s
 122432 37483  206.24806   42   98  231.20998  203.17767  12.1%   347 2725s
 123951 38160  215.00728   35  193  231.20998  203.19061  12.1%   345 2732s
 126138 38592     cutoff   54       231.20998  203.19213  12.1%   344 2743s
 128447 38882  215.25102   34  220  231.20998  203.26620  12.1%   344 2749s
 130177 39181  208.91437   42  246  231.20998  203.40170  12.0%   343 2756s
 131647 39499  219.59132   55  302  231.20998  203.51184  12.0%   342 2762s
 133735 39791  224.79452   50  152  231.20998  203.66515  11.9%   341 2768s
 135501 40058  210.29715   42  226  231.20998  203.76374  11.9%   340 2773s
 136981 40356  206.39254   37  111  231.20998  203.87405  11.8%   339 2779s
 138594 40356     cutoff   28       231.20998  203.96427  11.8%   338 2780s
 138676 40635  218.09073   28  169  231.20998  203.96769  11.8%   338 2785s
 140290 40994     cutoff   48       231.20998  204.05986  11.7%   338 2791s
 142018 41367  211.18486   44  134  231.20998  204.14613  11.7%   337 2798s
 143840 41638 infeasible   51       231.20998  204.23684  11.7%   336 2804s
 145775 41876     cutoff   47       231.20998  204.32674  11.6%   335 2811s
 146960 42453     cutoff   46       231.20998  204.32674  11.6%   335 2822s
 149536 42707  210.58383   30  328  231.20998  204.46261  11.6%   334 2828s
 151195 42957  223.04170   34  224  231.20998  204.54695  11.5%   333 2833s
 152889 43141  218.40855   41  213  231.20998  204.62400  11.5%   332 2839s
 154276 43408 infeasible   46       231.20998  204.68168  11.5%   332 2844s
 156027 43678 infeasible   29       231.20998  204.80528  11.4%   331 2850s
 157643 43948 infeasible   29       231.20998  204.88834  11.4%   331 2856s
 159313 44232  226.97295   46  157  231.20998  204.96764  11.4%   330 2861s
 160858 44526  222.29711   58   50  231.20998  205.02396  11.3%   330 2866s
 162470 44709  208.80012   47  178  231.20998  205.09438  11.3%   329 2872s
 163952 44929  224.25986   35  551  231.20998  205.17581  11.3%   329 2878s
 165520 45159  222.29711   41  147  231.20998  205.26180  11.2%   329 2883s
 167309 45379     cutoff   28       231.20998  205.41371  11.2%   328 2888s
 168940 45574 infeasible   44       231.20998  205.49818  11.1%   328 2901s
 170460 45825     cutoff   31       231.20998  205.53774  11.1%   327 2910s
 173145 45990  214.99325   52  213  231.20998  205.72309  11.0%   327 2917s
 175177 46149     cutoff   46       231.20998  205.82170  11.0%   326 2923s
 177062 46204  229.69708   48  232  231.20998  205.93153  10.9%   325 2929s
 178182 46365 infeasible   46       231.20998  206.00517  10.9%   325 2935s
 180143 46581  221.13401   28  417  231.20998  206.10840  10.9%   324 2940s
 181842 46729  219.21494   36  419  231.20998  206.22584  10.8%   324 2946s
 183778 46938  220.21929   39  154  231.20998  206.35132  10.8%   323 2952s
 185687 47016  218.07753   46  367  231.20998  206.42831  10.7%   323 2957s
 187191 47171  220.87108   47  242  231.20998  206.57934  10.7%   322 2963s
 189117 47313     cutoff   35       231.20998  206.67819  10.6%   321 2968s
 190939 47696  211.05973   41   65  231.20998  206.78995  10.6%   320 2978s
 193340 47790 infeasible   40       231.20998  206.91401  10.5%   319 2984s
 194947 47833  228.89717   34  331  231.20998  206.91401  10.5%   319 2989s
 196451 48027     cutoff   39       231.20998  206.91401  10.5%   319 2995s
 198369 48053     cutoff   46       231.20998  207.17321  10.4%   318 3000s
 200161 48152  215.81254   30  404  231.20998  207.30853  10.3%   318 3006s
 201689 48258  221.14737   39  321  231.20998  207.37458  10.3%   317 3011s
 203211 48229  229.26197   45  147  231.20998  207.50259  10.3%   317 3016s
 204772 48133  220.55761   45  167  231.20998  207.64058  10.2%   317 3022s
 206307 48336  211.37666   37  272  231.20998  207.71782  10.2%   317 3044s
 208046 48352     cutoff   56       231.20998  207.80545  10.1%   316 3050s
 209727 48413  217.15625   48  241  231.20998  207.91710  10.1%   316 3056s
 211381 48606     cutoff   25       231.20998  208.00810  10.0%   316 3065s
 213893 48558  217.30893   31  330  231.20998  208.17685  10.0%   315 3070s
 214734 48617  230.85216   34  278  231.20998  208.26814  9.92%   316 3076s
 216501 48902  216.38229   39  196  231.20998  208.32023  9.90%   316 3081s
 218060 49277 infeasible   54       231.20998  208.39612  9.87%   316 3088s
 219870 49547  211.76280   36  196  231.20998  208.39612  9.87%   316 3098s
 221251 50013  211.67889   47  139  231.20998  208.39612  9.87%   316 3105s
 223322 50561  228.69115   38  144  231.20998  208.39612  9.87%   316 3112s
 225399 51095  209.84230   49  121  231.20998  208.39612  9.87%   316 3119s
 227349 51510     cutoff   46       231.20998  208.39612  9.87%   316 3126s
 229371 52040  225.61268   45  267  231.20998  208.39612  9.87%   316 3133s
 231313 52468  222.34539   61  123  231.20998  208.39612  9.87%   316 3139s
 233332 52889     cutoff   50       231.20998  208.39612  9.87%   315 3148s
 235288 53381  221.38855   40  176  231.20998  208.39612  9.87%   315 3155s
 237436 53645  219.70983   40   77  231.20998  208.39612  9.87%   315 3161s
 238778 53729  214.09179   53  217  231.20998  208.39612  9.87%   315 3183s
 240522 53801     cutoff   53       231.20998  208.47252  9.83%   314 3190s
 242774 53953  217.80183   35  242  231.20998  208.57830  9.79%   314 3196s
 244423 54082     cutoff   28       231.20998  208.65217  9.76%   314 3202s
 246475 54164  227.53936   44  176  231.20998  208.75835  9.71%   313 3208s
 248304 54309  221.45470   37  300  231.20998  208.84355  9.67%   313 3214s
 250113 54439 infeasible   45       231.20998  208.91751  9.64%   312 3220s
 251846 54565  223.69318   47   99  231.20998  208.98681  9.61%   312 3226s
 253613 54737 infeasible   39       231.20998  209.05070  9.58%   312 3232s
 255603 54906  219.12349   37  162  231.20998  209.17368  9.53%   311 3241s
 258239 54997     cutoff   50       231.20998  209.28091  9.48%   311 3246s
 259799 55073     cutoff   45       231.20998  209.35128  9.45%   310 3250s
 261397 55159  210.59951   57  130  231.20998  209.38522  9.44%   310 3271s
 262854 55200  221.03848   43  140  231.20998  209.46799  9.40%   310 3278s
 263889 55309  222.45984   42  367  231.20998  209.50265  9.39%   309 3284s
 265616 55412  211.43246   27  456  231.20998  209.57907  9.36%   309 3290s
 267354 55423  214.48880   53  235  231.20998  209.62744  9.33%   309 3295s
 268984 55512  225.22618   41  222  231.20998  209.71406  9.30%   309 3300s
 270784 55541     cutoff   39       231.20998  209.79963  9.26%   308 3306s
 272381 55632     cutoff   45       231.20998  209.86835  9.23%   308 3311s
 274175 55724     cutoff   46       231.20998  209.94560  9.20%   308 3317s
 275713 55828 infeasible   55       231.20998  209.99018  9.18%   308 3322s
 277453 55881  214.28754   42  348  231.20998  210.06363  9.15%   307 3331s
 279911 55942  220.89442   39  216  231.20998  210.16698  9.10%   307 3336s
 281420 56005  230.23931   52  194  231.20998  210.24175  9.07%   307 3341s
 283027 55989  222.44872   38  175  231.20998  210.29405  9.05%   307 3346s
 284427 56037  230.91692   31  531  231.20998  210.34578  9.02%   307 3351s
 286093 56005  216.24176   47  268  231.20998  210.41839  8.99%   306 3356s
 287730 55951  222.58436   54  160  231.20998  210.46148  8.97%   306 3361s
 289204 55956  229.40465   32  415  231.20998  210.51713  8.95%   306 3366s
 290874 55917  223.69318   59  158  231.20998  210.59147  8.92%   306 3390s
 292442 55915     cutoff   43       231.20998  210.64633  8.89%   306 3398s
 293846 55902 infeasible   45       231.20998  210.68168  8.88%   305 3403s
 295681 55895 infeasible   29       231.20998  210.76870  8.84%   305 3409s
 297411 55807     cutoff   57       231.20998  210.83547  8.81%   305 3414s
 299143 55752 infeasible   56       231.20998  210.89573  8.79%   305 3420s
 300846 55729  213.82114   43  206  231.20998  210.95097  8.76%   305 3425s
 302003 55664  222.59588   36  234  231.20998  211.00192  8.74%   305 3431s
 303730 55658  216.93486   37  162  231.20998  211.06666  8.71%   305 3436s
 305402 55509 infeasible   41       231.20998  211.14910  8.68%   305 3445s
 307499 55442  228.85775   27  344  231.20998  211.22287  8.64%   305 3451s
 309244 55408     cutoff   26       231.20998  211.29715  8.61%   304 3456s
 310713 55346  223.39370   56  140  231.20998  211.37137  8.58%   304 3461s
 312529 55231  228.46535   43  287  231.20998  211.43127  8.55%   304 3466s
 314191 55152  220.06987   49  217  231.20998  211.50423  8.52%   304 3472s
 315740 55104  212.89247   42  109  231.20998  211.59415  8.48%   304 3477s
 317389 55113     cutoff   44       231.20998  211.63531  8.47%   304 3483s
 318794 54868  218.68845   37  143  231.20998  211.67589  8.45%   304 3489s
 320508 54655 infeasible   57       231.20998  211.74725  8.42%   303 3494s
 322090 54655  222.08581   37  195  231.20998  211.75820  8.41%   303 3495s
 322417 54624 infeasible   50       231.20998  211.79805  8.40%   303 3500s
 324287 54627  220.06696   39   96  231.20998  211.87786  8.36%   303 3505s
 325865 54492     cutoff   41       231.20998  211.92329  8.34%   303 3515s
 327822 54514  223.57366   46  175  231.20998  212.02189  8.30%   303 3521s
 329494 54786  212.11800   33   28  231.20998  212.09157  8.27%   303 3526s
 331182 55230  223.43171   43   52  231.20998  212.11800  8.26%   303 3534s
 333582 55766     cutoff   38       231.20998  212.11800  8.26%   303 3542s
 336168 56144  220.62390   43  139  231.20998  212.11800  8.26%   302 3549s
 338430 56522  224.82772   40  221  231.20998  212.11800  8.26%   303 3558s
 340344 56954  215.68329   33  279  231.20998  212.11800  8.26%   303 3566s
 342811 57362  221.75239   43  319  231.20998  212.11800  8.26%   303 3574s
 345129 57760  218.63737   48  195  231.20998  212.11800  8.26%   303 3581s
 347405 58176  219.69701   47  186  231.20998  212.11800  8.26%   303 3591s
 350125 58372  213.20145   37  136  231.20998  212.11800  8.26%   303 3622s
H350181 58372                     231.2099657  212.11800  8.26%   303 3622s
H350466 58372                     231.2099614  212.11800  8.26%   303 3622s
H350715 59008                     231.2099490  212.11800  8.26%   303 3632s
 353410 59396  213.73544   35  339  231.20995  212.11800  8.26%   303 3642s
H353546 59396                     231.2099446  212.11800  8.26%   303 3642s
 355687 59813 infeasible   41       231.20994  212.11800  8.26%   303 3667s
H358011 59813                     231.2099445  212.11800  8.26%   303 3667s
 358147 60299  218.73002   40  372  231.20994  212.11800  8.26%   303 3674s
 358787 60299 infeasible   43       231.20994  212.11800  8.26%   303 3675s
 360600 60740  217.85945   38  188  231.20994  212.11800  8.26%   303 3682s
 362876 60962  214.39716   46  133  231.20994  212.11800  8.26%   303 3691s
 364114 61507  225.78178   50  114  231.20994  212.11800  8.26%   303 3699s
 366473 62014  227.79931   43  130  231.20994  212.11800  8.26%   303 3707s
 368661 62015  218.63997   38  409  231.20994  212.11800  8.26%   303 4079s
 368663 62016  214.14800   40  587  231.20994  212.11800  8.26%   303 4086s
 368664 62017  216.72175   34  405  231.20994  212.11800  8.26%   303 4094s
 368665 62018  225.08856   40  516  231.20994  212.11800  8.26%   303 4095s
 368668 62020  222.39260   38  401  231.20994  212.11800  8.26%   303 4101s
 368671 62022  230.04965   42  398  231.20994  212.11800  8.26%   303 4105s
 368675 62024  218.94969   58  422  231.20994  212.11800  8.26%   303 4110s
 368678 62026  218.47485   38  423  231.20994  212.11800  8.26%   303 4115s
 368681 62028  222.18811   51  444  231.20994  212.11800  8.26%   303 4121s
H368681 58926                     231.2099438  212.11800  8.26%   303 4124s
 368682 58927  217.14432   37  444  231.20994  212.11800  8.26%   303 4125s
 368685 58934  212.11800   27  694  231.20994  212.11800  8.26%   304 4130s
 368729 58975  212.11800   30  611  231.20994  212.11800  8.26%   304 4136s
 368793 59019  212.11800   32  641  231.20994  212.11800  8.26%   304 4141s
 368826 59041  212.11800   33  643  231.20994  212.11800  8.26%   305 4145s
 368864 59060  212.11800   34  589  231.20994  212.11800  8.26%   305 4151s
H368867 56112                     231.2099314  212.11800  8.26%   305 4151s
 368947 56175  223.82892   36  590  231.20993  212.11800  8.26%   305 4156s
 369111 56232  212.11800   40  531  231.20993  212.11800  8.26%   305 4161s
 369277 56272     cutoff   43       231.20993  212.11800  8.26%   305 4165s
 369499 56325  212.11800   37  534  231.20993  212.11800  8.26%   306 4170s
 369791 56363  212.11800   55  477  231.20993  212.11800  8.26%   306 4175s
 370024 56419  212.11800   35  515  231.20993  212.11800  8.26%   306 4180s
 370100 56406  212.11800   37  535  231.20993  212.11800  8.26%   306 4195s
 370391 56474  212.11800   44  417  231.20993  212.11800  8.26%   306 4202s
 370562 56523  212.11800   35  416  231.20993  212.11800  8.26%   306 4205s
 370862 56588  222.05929   41  372  231.20993  212.11800  8.26%   307 4211s
 371075 56609  212.11800   36  380  231.20993  212.11800  8.26%   307 4218s
 371189 56610  212.11800   40  360  231.20993  212.11800  8.26%   307 4223s
 371300 56625  216.49074   47  280  231.20993  212.11800  8.26%   307 4229s
H371328 53817                     231.2099289  212.11800  8.26%   307 4229s
 371363 53858  212.11800   34  419  231.20993  212.11800  8.26%   307 4232s
 371634 53892  212.11800   37  516  231.20993  212.11800  8.26%   307 4237s
 371919 53943  212.11800   42  577  231.20993  212.11800  8.26%   308 4242s
 372111 53977     cutoff   45       231.20993  212.11800  8.26%   308 4246s
 372478 53978  212.11800   34  438  231.20993  212.11800  8.26%   308 4252s
 372630 54026     cutoff   37       231.20993  212.11800  8.26%   308 4256s
 372859 54040  224.73440   46  187  231.20993  212.11800  8.26%   308 4263s
 373075 54094  219.57901   55  172  231.20993  212.11800  8.26%   308 4267s
 373346 54109  212.11800   45  425  231.20993  212.11800  8.26%   308 4271s
 373601 54142  212.11800   33  392  231.20993  212.11800  8.26%   309 4275s
 374115 54241  212.11800   47  131  231.20993  212.11800  8.26%   309 4282s
 374423 54309  212.11800   49  326  231.20993  212.11800  8.26%   309 4286s
 374766 54388  212.11800   40  289  231.20993  212.11800  8.26%   309 4292s
 375231 54466  212.11800   37  272  231.20993  212.11800  8.26%   309 4296s
 375624 54444  213.74910   49  240  231.20993  212.11800  8.26%   309 4304s
 375910 54496  222.49922   52  270  231.20993  212.11800  8.26%   309 4309s
 376370 54521  213.64341   49  213  231.20993  212.11800  8.26%   309 4315s
 376865 54543     cutoff   59       231.20993  212.11800  8.26%   309 4321s
 377330 54579  212.11800   43  587  231.20993  212.11800  8.26%   309 4327s
 377746 54631  223.32258   48  491  231.20993  212.11800  8.26%   309 4332s
 378269 54597  218.18588   38  611  231.20993  212.11800  8.26%   310 4338s
 378734 54611  212.11800   36  588  231.20993  212.11800  8.26%   310 4344s
 379201 54596     cutoff   40       231.20993  212.11800  8.26%   310 4350s
 379727 54549     cutoff   42       231.20993  212.11800  8.26%   310 4395s
 380086 54631  212.11800   40  445  231.20993  212.11800  8.26%   310 4402s
 380696 54702  222.79382   44  259  231.20993  212.11800  8.26%   311 4411s
 381475 54733  212.11800   35  473  231.20993  212.11800  8.26%   311 4419s
 382305 54728  220.21978   43  550  231.20993  212.11800  8.26%   311 4427s
 383149 54820     cutoff   40       231.20993  212.11800  8.26%   311 4437s
 384207 54859  212.11800   40  431  231.20993  212.11800  8.26%   311 4446s
 385209 54541  223.45022   64  290  231.20993  212.11800  8.26%   311 4507s
 385255 54728  212.11800   44  411  231.20993  212.11800  8.26%   311 4516s
 385823 54821  212.11800   53  123  231.20993  212.11800  8.26%   311 4537s
 386558 54956  212.11800   34  383  231.20993  212.11800  8.26%   312 4548s
 387696 54952  221.28576   53  187  231.20993  212.11800  8.26%   312 4560s
 388851 55052 infeasible   50       231.20993  212.11800  8.26%   312 4573s
 390296 55183  212.11800   45  272  231.20993  212.11800  8.26%   312 4593s
 391981 54960     cutoff   43       231.20993  212.11800  8.26%   312 4602s
 392988 54986  212.80004   44  143  231.20993  212.11800  8.26%   312 4612s
 394077 54893  228.16792   36  627  231.20993  212.11800  8.26%   312 4619s
 394927 54866     cutoff   43       231.20993  212.11800  8.26%   312 4628s
 395990 54961  212.11800   48  300  231.20993  212.11800  8.26%   313 4639s
 397322 55062  213.37107   53  160  231.20993  212.11800  8.26%   313 4649s
 397594 54972  215.37421   47  386  231.20993  212.11800  8.26%   313 4650s
 398644 55016  212.11800   43  214  231.20993  212.11800  8.26%   313 4659s
 399786 55019 infeasible   50       231.20993  212.11800  8.26%   313 4669s
 399887 54985     cutoff   45       231.20993  212.11800  8.26%   313 4670s
 401036 54864  212.11800   45  271  231.20993  212.11800  8.26%   313 4689s
 401819 55385  213.47428   56  349  231.20993  212.11800  8.26%   313 4703s
 403942 54946  212.11800   54  170  231.20993  212.11800  8.26%   313 4770s
 404653 55302 infeasible   59       231.20993  212.11800  8.26%   313 4785s
 406565 55339  212.11800   49  252  231.20993  212.11800  8.26%   313 4801s
 408680 55158  228.12709   44  364  231.20993  212.11800  8.26%   313 4816s
 410719 55192     cutoff   49       231.20993  212.11800  8.26%   313 4841s
 413736 54647  218.20663   42  332  231.20993  212.11800  8.26%   313 4869s
 415292 54908 infeasible   45       231.20993  212.11800  8.26%   313 4886s
 417500 54628  212.11800   45  418  231.20993  212.11800  8.26%   313 4899s
 419316 54479  212.11800   45  169  231.20993  212.11800  8.26%   313 4913s
 421130 54251  212.11800   46  297  231.20993  212.11800  8.26%   313 4924s
 422363 53840  228.11527   53  166  231.20993  212.11800  8.26%   312 4925s
 422812 54107  212.11800   47  151  231.20993  212.11800  8.26%   313 4936s
 424458 53981  226.10419   49  128  231.20993  212.11800  8.26%   313 4948s
 426189 53698     cutoff   51       231.20993  212.11800  8.26%   313 4960s
 427863 53579  212.11800   58  219  231.20993  212.11800  8.26%   313 4971s
 429600 53438  212.32173   55  141  231.20993  212.11800  8.26%   313 4983s
 431354 53538     cutoff   44       231.20993  212.11800  8.26%   313 5021s
 434292 52927  215.28685   43  161  231.20993  212.11800  8.26%   312 5036s
 436639 52459  224.60587   59  164  231.20993  212.11800  8.26%   312 5045s
 438178 52248  212.11800   45  195  231.20993  212.11800  8.26%   312 5055s
 439704 52074 infeasible   45       231.20993  212.11800  8.26%   312 5064s
 441475 51978  226.08797   52  277  231.20993  212.11800  8.26%   312 5074s
 443558 51469     cutoff   68       231.20993  212.11800  8.26%   312 5111s
 444669 51340 infeasible   68       231.20993  212.11800  8.26%   312 5121s
 446576 50997  212.11800   47  229  231.20993  212.11800  8.26%   312 5129s
 448338 50642     cutoff   43       231.20993  212.11800  8.26%   312 5138s
 450113 50451  223.20322   48  435  231.20993  212.11800  8.26%   312 5145s
 451856 50871  212.11800   46  230  231.20993  212.11800  8.26%   312 5159s
 454602 50355  212.11800   62  174  231.20993  212.11800  8.26%   312 5166s
 456286 50103  212.11800   41  430  231.20993  212.11800  8.26%   312 5174s
 457971 49782     cutoff   46       231.20993  212.11800  8.26%   312 5180s
 459355 49725 infeasible   61       231.20993  212.11800  8.26%   312 5188s
 461184 49438  218.73372   61  161  231.20993  212.11800  8.26%   312 5194s
 462886 49252     cutoff   45       231.20993  212.11800  8.26%   312 5201s
 464569 49061  215.48680   40  369  231.20993  212.11800  8.26%   312 5208s
 466288 48800     cutoff   43       231.20993  212.11800  8.26%   312 5214s
 467868 48640     cutoff   47       231.20993  212.11800  8.26%   312 5221s
 469414 48433     cutoff   41       231.20993  212.11800  8.26%   312 5227s
 471215 48218     cutoff   55       231.20993  212.11800  8.26%   312 5234s
 473141 48034     cutoff   39       231.20993  212.11800  8.26%   311 5246s
 475859 47394     cutoff   47       231.20993  212.11800  8.26%   311 5252s
 477397 47154  229.57569   44  580  231.20993  212.11800  8.26%   311 5259s
 479058 46828     cutoff   49       231.20993  212.11800  8.26%   311 5265s
 480764 46488     cutoff   44       231.20993  212.11800  8.26%   311 5270s
 482386 45942 infeasible   47       231.20993  212.11800  8.26%   311 5306s
 483134 45727  216.22833   58   99  231.20993  212.11800  8.26%   311 5314s
 484532 45450  224.20195   48  420  231.20993  212.11800  8.26%   311 5337s
 485968 45351  212.11800   52   94  231.20993  212.11800  8.26%   311 5347s
 488002 45331 infeasible   51       231.20993  212.11800  8.26%   311 5356s
 490008 45195 infeasible   50       231.20993  212.11800  8.26%   311 5366s
 492059 45097  212.11800   57  261  231.20993  212.11800  8.26%   311 5375s
 494173 44945 infeasible   55       231.20993  212.11800  8.26%   310 5387s
 496719 44388  215.65924   46  117  231.20993  212.11800  8.26%   310 5395s
 498429 44250  215.60559   60  137  231.20993  212.11800  8.26%   310 5403s
 500219 44052     cutoff   49       231.20993  212.11800  8.26%   310 5410s
 501862 43782 infeasible   51       231.20993  212.11800  8.26%   310 5416s
 503513 43490 infeasible   60       231.20993  212.11800  8.26%   310 5423s
 505169 43173  215.66196   57  386  231.20993  212.11800  8.26%   310 5430s
 506781 42843     cutoff   54       231.20993  212.11800  8.26%   310 5436s
 508272 42662 infeasible   61       231.20993  212.11800  8.26%   310 5442s
 509910 42298  213.51513   47  121  231.20993  212.11800  8.26%   310 5449s
 511418 42257     cutoff   47       231.20993  212.11800  8.26%   310 5456s
 512953 42134  222.17231   64  171  231.20993  212.11800  8.26%   310 5462s
 514508 41893  219.02761   51  185  231.20993  212.11800  8.26%   310 5469s
 516053 41875 infeasible   70       231.20993  212.11800  8.26%   310 5482s
 518771 41154  215.98221   50  306  231.20993  212.11800  8.26%   309 5488s
 520257 40898  213.35407   53  226  231.20993  212.11800  8.26%   309 5494s
 521719 40609  214.00527   47  132  231.20993  212.11800  8.26%   309 5501s
 523276 40331  230.73293   48  337  231.20993  212.11800  8.26%   309 5507s
 524894 40003  216.83675   48  439  231.20993  212.11800  8.26%   309 5513s
 526445 39664  219.93996   41  612  231.20993  212.11800  8.26%   309 5519s
 527887 39405  220.98154   54  297  231.20993  212.11800  8.26%   309 5526s
 529503 39550  229.80290   46  146  231.20993  212.11800  8.26%   309 5533s
 531424 39677     cutoff   47       231.20993  212.11800  8.26%   309 5571s
 532208 39867     cutoff   50       231.20993  212.11800  8.26%   309 5579s
 533989 40068     cutoff   56       231.20993  212.11800  8.26%   309 5585s
 535575 40271  225.66515   46  553  231.20993  212.11800  8.26%   309 5592s
 537157 40581  222.29711   48  135  231.20993  212.11800  8.26%   309 5603s
 539504 40810  212.32933   41  191  231.20993  212.11800  8.26%   309 5611s
 540992 40998  222.29711   55  126  231.20993  212.11800  8.26%   309 5618s
 542698 41076     cutoff   60       231.20993  212.11800  8.26%   309 5624s
 544154 41363  230.43612   39  507  231.20993  212.11800  8.26%   309 5631s
 546016 41507     cutoff   41       231.20993  212.11800  8.26%   309 5638s
 547593 41669  220.19007   61  159  231.20993  212.11800  8.26%   309 5646s
 549188 41869  220.57909   40  562  231.20993  212.11800  8.26%   309 5653s
 550810 42019  227.04138   41  384  231.20993  212.11800  8.26%   309 5659s
 552510 42144  226.89715   52  200  231.20993  212.11800  8.26%   309 5666s
 554130 42279  223.69318   53  135  231.20993  212.11800  8.26%   309 5672s
 555787 42336  212.11800   54  242  231.20993  212.11800  8.26%   308 5679s
 557510 42419 infeasible   49       231.20993  212.11800  8.26%   308 5685s
 559211 42550  223.04172   47  195  231.20993  212.11800  8.26%   308 5714s
 561492 42892  219.69417   62  192  231.20993  212.11800  8.26%   308 5727s
 564691 43068  212.11800   48  324  231.20993  212.11800  8.26%   308 5736s
 567086 43181  215.04128   54  128  231.20993  212.11800  8.26%   308 5742s
 569034 43189  216.21844   54  220  231.20993  212.11800  8.26%   308 5749s
 570785 43194 infeasible   60       231.20993  212.11800  8.26%   308 5756s
 572726 43238 infeasible   53       231.20993  212.11800  8.26%   308 5762s
 574482 43300     cutoff   41       231.20993  212.11800  8.26%   308 5768s
 576258 43278  217.86385   54  176  231.20993  212.11800  8.26%   308 5774s
 578062 43280     cutoff   41       231.20993  212.11800  8.26%   308 5814s
 578913 43346  226.01899   44  104  231.20993  212.11800  8.26%   307 5821s
 580848 43375     cutoff   49       231.20993  212.11800  8.26%   307 5831s
 583341 43369     cutoff   59       231.20993  212.11800  8.26%   307 5837s
 584824 43309     cutoff   45       231.20993  212.11800  8.26%   307 5843s
 586540 43354 infeasible   66       231.20993  212.11800  8.26%   307 5887s
 587009 43682 infeasible   67       231.20993  212.11800  8.26%   307 5892s
 588482 44282  222.30602   56  206  231.20993  212.11800  8.26%   307 5900s
 590684 44833  221.58928   52  190  231.20993  212.11800  8.26%   307 5908s
 592766 45296  217.55755   51  120  231.20993  212.11800  8.26%   307 5915s
 594774 45737     cutoff   60       231.20993  212.11800  8.26%   307 5923s
 596762 46164  221.80041   64  151  231.20993  212.11800  8.26%   307 5930s
 598602 46726  219.70983   58  139  231.20993  212.11800  8.26%   307 5936s
 600363 47299  212.11800   54  146  231.20993  212.11800  8.26%   308 5943s
 602318 47886  222.01704   67  163  231.20993  212.11800  8.26%   307 5952s
 604515 48302  221.15173   50  156  231.20993  212.11800  8.26%   307 5959s
 606236 48638  222.05001   50  155  231.20993  212.11800  8.26%   308 5965s
 607895 48832  217.43855   55  198  231.20993  212.11800  8.26%   308 5972s
 609798 49057 infeasible   54       231.20993  212.11800  8.26%   307 5978s
 611580 49214  223.69318   68  157  231.20993  212.11800  8.26%   307 5984s
 613191 49291  219.99308   57  233  231.20993  212.11800  8.26%   307 5990s
 614727 49412     cutoff   50       231.20993  212.11800  8.26%   307 5995s
 616424 49581     cutoff   59       231.20993  212.11800  8.26%   307 6001s
 618332 49826  212.11800   55  183  231.20993  212.11800  8.26%   307 6007s
 620121 50007 infeasible   61       231.20993  212.11800  8.26%   307 6013s
 621722 50208 infeasible   56       231.20993  212.11800  8.26%   307 6019s
 623305 50417  224.80734   49  336  231.20993  212.11800  8.26%   307 6028s
 625557 50519  215.76818   49  206  231.20993  212.11800  8.26%   307 6033s
 627021 50610  212.11800   58  130  231.20993  212.11800  8.26%   307 6039s
 628736 50774  223.69318   55   90  231.20993  212.11800  8.26%   307 6044s
 630187 50849 infeasible   52       231.20993  212.11800  8.26%   307 6050s
 631897 50982  217.61975   54  197  231.20993  212.11800  8.26%   307 6055s
 633391 51105 infeasible   63       231.20993  212.11800  8.26%   307 6061s
 634982 51186  212.11800   53  212  231.20993  212.11800  8.26%   307 6067s
 636533 51252     cutoff   57       231.20993  212.11800  8.26%   307 6072s
 638207 51371  223.68628   42  327  231.20993  212.11800  8.26%   307 6078s
 639809 51501 infeasible   54       231.20993  212.11800  8.26%   307 6083s
 641502 51589  226.43945   36  244  231.20993  212.11800  8.26%   307 6089s
 642886 51704     cutoff   52       231.20993  212.11800  8.26%   307 6095s
 644457 51522  212.92000   52  210  231.20993  212.11800  8.26%   307 6103s
 645381 51604     cutoff   60       231.20993  212.11800  8.26%   308 6116s
 648772 51619     cutoff   54       231.20993  212.11800  8.26%   308 6139s
 649511 51627  227.69086   58  138  231.20993  212.11800  8.26%   308 6149s
 652122 51722  213.30565   55  310  231.20993  212.11800  8.26%   308 6158s
 654280 51769  226.01899   53  191  231.20993  212.11800  8.26%   308 6167s
 656413 51812 infeasible   55       231.20993  212.11800  8.26%   308 6175s
 658162 51847  222.15670   52  143  231.20993  212.11800  8.26%   308 6184s
 659924 51913  216.53555   60  348  231.20993  212.11800  8.26%   308 6192s
 661609 51963  226.01899   49  134  231.20993  212.11800  8.26%   308 6199s
 662892 51963     cutoff   56       231.20993  212.11800  8.26%   308 6200s
 663196 52022     cutoff   50       231.20993  212.11800  8.26%   308 6207s
 664968 52039  223.69318   62   69  231.20993  212.11800  8.26%   308 6247s
 665866 52237     cutoff   54       231.20993  212.11800  8.26%   308 6267s
 669601 52302  212.32318   57  277  231.20993  212.11800  8.26%   308 6276s
 671312 52308 infeasible   63       231.20993  212.11800  8.26%   308 6284s
 673026 52247     cutoff   51       231.20993  212.11800  8.26%   308 6292s
 674910 52298  222.19723   59  126  231.20993  212.11800  8.26%   308 6300s
 676960 52296     cutoff   62       231.20993  212.11800  8.26%   308 6308s
 678764 52383     cutoff   36       231.20993  212.11800  8.26%   308 6315s
 680668 52366 infeasible   63       231.20993  212.11800  8.26%   308 6322s
 682490 52382  225.63338   44  304  231.20993  212.11800  8.26%   308 6330s
 684213 52333  213.90317   53   97  231.20993  212.11800  8.26%   308 6336s
 685947 52280  230.25294   55  133  231.20993  212.11800  8.26%   308 6343s
 687552 52188  231.02354   48   47  231.20993  212.11800  8.26%   308 6350s
 689244 52120 infeasible   51       231.20993  212.11800  8.26%   308 6357s
 690892 51992  219.70983   56  161  231.20993  212.11800  8.26%   308 6364s
 692694 51830 infeasible   64       231.20993  212.11800  8.26%   308 6371s
 694427 51721  215.79068   50  174  231.20993  212.11800  8.26%   308 6378s
 696133 51608 infeasible   56       231.20993  212.11800  8.26%   308 6385s
 697597 51657  215.71861   54  141  231.20993  212.11800  8.26%   308 6391s
 699290 51522 infeasible   58       231.20993  212.11800  8.26%   309 6398s
 701165 51449  228.80134   57  153  231.20993  212.11800  8.26%   308 6405s
 702986 51346     cutoff   61       231.20993  212.11800  8.26%   308 6412s
 704568 51242     cutoff   53       231.20993  212.11800  8.26%   308 6418s
 706055 51090  231.16882   53  251  231.20993  212.11800  8.26%   309 6424s
 707088 51090  224.57503   64  109  231.20993  212.11800  8.26%   309 6425s
 707626 50954  213.32585   54  276  231.20993  212.11800  8.26%   309 6431s
 709348 51230  222.82911   34  564  231.20993  212.11800  8.26%   309 6437s
 710833 51663  212.11800   50   85  231.20993  212.11800  8.26%   309 6449s
 712952 52227  223.43171   55   50  231.20993  212.11800  8.26%   309 6459s
 715509 52670  215.65964   52  309  231.20993  212.11800  8.26%   309 6468s
 717568 53124  223.43171   59   98  231.20993  212.11800  8.26%   309 6477s
 719684 53616     cutoff   59       231.20993  212.11800  8.26%   309 6525s
 721573 54118 infeasible   55       231.20993  212.11800  8.26%   309 6535s
 724017 54713 infeasible   55       231.20993  212.11800  8.26%   309 6544s
 726649 55015  221.08482   62  122  231.20993  212.11800  8.26%   309 6586s
 728003 55397  225.53398   63  134  231.20993  212.11800  8.26%   309 6596s
 730488 55812  218.06325   50   91  231.20993  212.11800  8.26%   309 6609s
 732990 56343  221.39696   54  260  231.20993  212.11800  8.26%   309 6622s
 735413 56662     cutoff   55       231.20993  212.11800  8.26%   309 6631s
 737259 57108  214.23434   43  240  231.20993  212.11800  8.26%   309 6639s
 739069 57414 infeasible   54       231.20993  212.11800  8.26%   309 6648s
 741049 57635  222.05900   54  171  231.20993  212.11800  8.26%   309 6656s
 742825 57938 infeasible   53       231.20993  212.11800  8.26%   309 6664s
 744172 57938  212.11800   50  156  231.20993  212.11800  8.26%   309 6665s
 744649 58269     cutoff   58       231.20993  212.11800  8.26%   309 6672s
 746433 58613 infeasible   58       231.20993  212.11800  8.26%   309 6681s
 748342 59038 infeasible   66       231.20993  212.11800  8.26%   309 6689s
 750182 59250     cutoff   55       231.20993  212.11800  8.26%   309 6696s
 751965 59554  227.00926   57  112  231.20993  212.11800  8.26%   309 6704s
 753399 59554  219.58984   53  206  231.20993  212.11800  8.26%   309 6705s
 753914 59838  223.43171   60  157  231.20993  212.11800  8.26%   309 6715s
 756049 60028  216.79627   56  235  231.20993  212.11800  8.26%   309 6721s
 757803 60132  212.85886   51  178  231.20993  212.11800  8.26%   309 6727s
 759562 60102     cutoff   45       231.20993  212.11800  8.26%   309 6733s
 761394 60012 infeasible   64       231.20993  212.21304  8.22%   309 6739s
 763237 60007  230.22248   51  146  231.20993  212.30165  8.18%   309 6745s
 764988 60099  224.52642   61  172  231.20993  212.33604  8.16%   309 6751s
 766720 60041  219.41644   57  304  231.20993  212.37635  8.15%   309 6756s
 768470 60076     cutoff   47       231.20993  212.42817  8.12%   309 6762s
 770218 60086  220.35963   52  223  231.20993  212.47190  8.10%   309 6767s
 772166 60052  225.56987   46  184  231.20993  212.51774  8.08%   309 6773s
 773775 60071  221.97508   54  391  231.20993  212.57090  8.06%   309 6778s
 775237 59984     cutoff   62       231.20993  212.60103  8.05%   309 6786s
 777548 59946  224.04943   62  108  231.20993  212.67429  8.02%   308 6791s
 779257 59913     cutoff   63       231.20993  212.72661  7.99%   308 6796s
 780865 59927     cutoff   60       231.20993  212.75767  7.98%   308 6801s
 782418 60007  222.22256   56  113  231.20993  212.79943  7.96%   308 6807s
 784171 59967     cutoff   57       231.20993  212.84475  7.94%   308 6812s
 785756 59962  223.67902   56  243  231.20993  212.87957  7.93%   308 6817s
 787325 59928  214.31245   52  195  231.20993  212.91789  7.91%   308 6843s
 788630 59902  216.85344   55  307  231.20993  212.95423  7.90%   308 6849s
 790324 59839  225.14843   54  199  231.20993  212.99298  7.88%   308 6855s
 792141 59770     cutoff   46       231.20993  213.04127  7.86%   308 6861s
 794037 59759     cutoff   59       231.20993  213.08113  7.84%   308 6867s
 795792 59678 infeasible   58       231.20993  213.13147  7.82%   308 6875s
 797991 59638  216.83981   49  222  231.20993  213.17344  7.80%   308 6881s
 799677 59548     cutoff   43       231.20993  213.22177  7.78%   308 6902s
 801080 59441  217.79105   53  248  231.20993  213.28108  7.75%   308 6908s
 802952 59391  224.68221   63  226  231.20993  213.32585  7.73%   308 6914s
 804610 59258     cutoff   49       231.20993  213.37387  7.71%   308 6920s
 806419 59105  228.59415   50  170  231.20993  213.43037  7.69%   308 6926s
 808270 59043  223.43171   55  108  231.20993  213.48703  7.67%   308 6932s
 810175 58963     cutoff   52       231.20993  213.51649  7.65%   307 6937s
 811993 58850     cutoff   47       231.20993  213.56487  7.63%   307 6943s
 813673 58694  223.43171   56   96  231.20993  213.61791  7.61%   307 6948s
 815260 58538  226.63637   50  297  231.20993  213.66901  7.59%   307 6953s
 816838 58441  230.60252   59  130  231.20993  213.71055  7.57%   307 6958s
 818461 58343  223.69318   63  116  231.20993  213.75004  7.55%   307 6964s
 820044 58239  224.82884   48  143  231.20993  213.79353  7.53%   307 6969s
 821653 58214  215.96036   48  168  231.20993  213.83373  7.52%   307 6974s
 823359 58071 infeasible   54       231.20993  213.86754  7.50%   307 6982s
 825562 57959  215.65924   46  178  231.20993  213.92087  7.48%   307 6987s
 827159 57837  226.01899   53  107  231.20993  213.97631  7.45%   307 6992s
 828734 57690  219.40373   48  243  231.20993  214.01660  7.44%   307 6997s
 830280 57551  225.63403   35  501  231.20993  214.06706  7.41%   307 7002s
 831813 57377  222.52486   52  188  231.20993  214.11483  7.39%   307 7008s
 833555 57212 infeasible   65       231.20993  214.16828  7.37%   307 7013s
 835191 57427  220.05630   56  217  231.20993  214.21790  7.35%   307 7018s
 837115 58455 infeasible   55       231.20993  214.26316  7.33%   307 7025s
 840080 59265  223.46193   62  158  231.20993  214.26316  7.33%   307 7032s
 842922 59966  214.26316   60  159  231.20993  214.26316  7.33%   306 7039s
 845498 61025  216.10671   49  219  231.20993  214.26316  7.33%   306 7049s
 849142 61689  218.11509   59  133  231.20993  214.26316  7.33%   306 7054s
 851259 62405 infeasible   50       231.20993  214.26316  7.33%   306 7059s
 853260 62975     cutoff   67       231.20993  214.26316  7.33%   305 7064s
 855279 63014  215.34733   54  264  231.20993  214.26316  7.33%   305 7124s
H855391 63014                     231.2098985  214.26316  7.33%   305 7124s
 855392 63099  215.67686   55  182  231.20990  214.26316  7.33%   305 7193s
 855588 63811  220.24072   71  106  231.20990  214.26316  7.33%   305 7199s
 857614 64429  214.80197   44  151  231.20990  214.26316  7.33%   305 7205s
 859494 65147  214.26316   43  129  231.20990  214.26316  7.33%   305 7210s
 861625 65791     cutoff   61       231.20990  214.26316  7.33%   305 7215s
 863565 66500 infeasible   55       231.20990  214.26316  7.33%   304 7220s
 865574 66894  225.54372   66  126  231.20990  214.26316  7.33%   304 7225s
 867412 67472  223.03689   59  170  231.20990  214.26316  7.33%   304 7234s
 870368 67518     cutoff   60       231.20990  214.26316  7.33%   304 7238s
 871623 67660     cutoff   57       231.20990  214.26316  7.33%   304 7243s
 873232 67707 infeasible   59       231.20990  214.26316  7.33%   304 7247s
 874884 67931  219.73545   50  145  231.20990  214.38264  7.28%   304 7252s
 876741 67977  228.11796   48  162  231.20990  214.40454  7.27%   303 7256s
 878186 68074 infeasible   58       231.20990  214.43426  7.26%   303 7261s
 879699 68094  219.02078   46  241  231.20990  214.47315  7.24%   303 7265s
 882616 68196  215.58189   59  155  231.20990  214.53663  7.21%   303 7274s
 884155 68137  220.08049   65  129  231.20990  214.58037  7.19%   303 7278s
 885791 68132  219.57641   53  215  231.20990  214.61548  7.18%   303 7283s
 887507 68075  226.40460   56  236  231.20990  214.64773  7.16%   303 7287s
 889058 67972  229.26197   58  148  231.20990  214.69361  7.14%   303 7292s
 890618 67853     cutoff   53       231.20990  214.73640  7.12%   303 7296s
 892136 67818  228.86513   56  108  231.20990  214.76607  7.11%   303 7301s
 893685 67778 infeasible   58       231.20990  214.80648  7.09%   303 7306s
 895540 67704     cutoff   59       231.20990  214.85776  7.07%   303 7310s
 897117 67646 infeasible   69       231.20990  214.88769  7.06%   303 7315s
 898731 67554     cutoff   53       231.20990  214.93063  7.04%   303 7320s
 900518 67519  215.10061   60  237  231.20990  214.96892  7.02%   302 7325s
 902321 67557  220.29680   46  412  231.20990  215.01998  7.00%   302 7330s
 904259 67572  222.29711   57  107  231.20990  215.06067  6.98%   302 7338s
 906944 67575  220.38780   44  420  231.20990  215.11425  6.96%   302 7343s
 908539 67562 infeasible   54       231.20990  215.15321  6.94%   302 7347s
 910033 67615  231.02354   55  123  231.20990  215.18369  6.93%   302 7352s
 912003 67678     cutoff   54       231.20990  215.21622  6.92%   302 7356s
 913761 67662  220.25067   70  185  231.20990  215.25056  6.90%   302 7360s
 915318 67713  226.85750   56   39  231.20990  215.28666  6.89%   302 7365s
 918834 67817     cutoff   58       231.20990  215.34560  6.86%   301 7374s
 920550 67715  227.11237   67  127  231.20990  215.39308  6.84%   301 7378s
 922254 67617  218.98589   58  204  231.20990  215.43088  6.82%   301 7382s
 923772 67577     cutoff   55       231.20990  215.47435  6.81%   301 7386s
 925271 67468  223.68116   49  189  231.20990  215.50516  6.79%   301 7390s
 927005 67415  219.18300   61  135  231.20990  215.50516  6.79%   301 7395s
 928767 67399  223.43171   57   88  231.20990  215.60039  6.75%   301 7426s
 931170 67617  221.67336   53  198  231.20990  215.64916  6.73%   300 7434s
 934130 67786  215.65924   56  141  231.20990  215.65924  6.73%   300 7441s
 936688 67986  216.53343   52  226  231.20990  215.65924  6.73%   300 7448s
 939187 68043  221.05805   57   98  231.20990  215.65924  6.73%   300 7454s
 941575 68146  220.82880   52  165  231.20990  215.65924  6.73%   300 7460s
 943476 68290  219.54521   52  197  231.20990  215.65924  6.73%   300 7465s
 945518 68347     cutoff   69       231.20990  215.65924  6.73%   300 7470s
 947422 68362  226.05312   66  207  231.20990  215.65924  6.73%   300 7475s
 949173 68373 infeasible   63       231.20990  215.65924  6.73%   300 7483s
 951674 68216  224.82884   45   99  231.20990  215.69454  6.71%   300 7487s
 953277 68142  230.97036   58  102  231.20990  215.76307  6.68%   299 7492s
 955235 68077 infeasible   58       231.20990  215.80676  6.66%   299 7496s
 956889 67967  226.48391   40  231  231.20990  215.85095  6.64%   299 7500s
 958610 67849  217.26580   65  271  231.20990  215.89455  6.62%   299 7505s
 960393 67816     cutoff   58       231.20990  215.93317  6.61%   299 7528s
 961599 67780     cutoff   56       231.20990  215.94205  6.60%   299 7533s
 963623 67670     cutoff   49       231.20990  216.00577  6.58%   299 7538s
 965697 67616  219.30730   46  142  231.20990  216.04809  6.56%   299 7542s
 967707 67525  223.46220   56  181  231.20990  216.09522  6.54%   298 7547s
 969645 67442  221.78489   62  150  231.20990  216.13830  6.52%   298 7551s
 971591 67335  221.62577   56  150  231.20990  216.18523  6.50%   298 7555s
 975318 67060  224.82884   57  103  231.20990  216.27837  6.46%   298 7563s
 976760 66866     cutoff   45       231.20990  216.30922  6.44%   298 7567s
 978346 66798  216.75999   58  285  231.20990  216.35784  6.42%   298 7571s
 980143 66685     cutoff   47       231.20990  216.40809  6.40%   297 7575s
 983426 66355     cutoff   61       231.20990  216.49966  6.36%   297 7582s
 985140 66154 infeasible   53       231.20990  216.53730  6.35%   297 7586s
 986743 65914  222.53874   50  187  231.20990  216.58790  6.32%   297 7590s
 990137 65557  223.43171   46  173  231.20990  216.68487  6.28%   297 7598s
 991814 65344  226.97295   64  204  231.20990  216.73143  6.26%   297 7602s
 993548 65183     cutoff   54       231.20990  216.78208  6.24%   297 7606s
 995299 65082  223.14879   61  199  231.20990  216.83924  6.22%   296 7610s
 998510 64855 infeasible   51       231.20990  216.91968  6.18%   296 7618s
 1000237 64683  222.20620   46  139  231.20990  216.96919  6.16%   296 7622s
 1002080 64503  223.43171   50   78  231.20990  217.01507  6.14%   296 7626s
 1003973 64389  226.87763   48  151  231.20990  217.04783  6.13%   296 7630s
 1007371 64009  229.35606   67  151  231.20990  217.15337  6.08%   296 7638s
 1009144 63859  226.97295   54  154  231.20990  217.19874  6.06%   295 7641s
 1010790 63623  229.56022   57  189  231.20990  217.23644  6.04%   295 7645s
 1014088 63420  227.55477   55  163  231.20990  217.29623  6.02%   295 7652s
 1015681 63200 infeasible   67       231.20990  217.35726  5.99%   295 7656s
 1017515 63010  229.67857   51  457  231.20990  217.39990  5.97%   295 7660s
 1021028 62625  225.42541   56  237  231.20990  217.49685  5.93%   295 7667s
 1022669 62504     cutoff   51       231.20990  217.52315  5.92%   294 7671s
 1024490 62307  224.75812   46  410  231.20990  217.58571  5.89%   294 7675s
 1027892 61902     cutoff   50       231.20990  217.67444  5.85%   294 7682s
 1029621 61709  231.02354   52  151  231.20990  217.73062  5.83%   294 7686s
 1032680 61176  226.30027   59  200  231.20990  217.79776  5.80%   294 7693s
 1034386 61002  227.56595   65  113  231.20990  217.85878  5.77%   294 7697s
 1035936 60794     cutoff   45       231.20990  217.89981  5.76%   293 7700s
 1038976 60348 infeasible   56       231.20990  217.98697  5.72%   293 7707s
 1040509 60102     cutoff   57       231.20990  218.05308  5.69%   293 7711s
 1042094 60000  220.13794   58  242  231.20990  218.10181  5.67%   293 7715s
 1045542 59508     cutoff   50       231.20990  218.20949  5.62%   293 7723s
 1047082 59434  221.02087   52  140  231.20990  218.23109  5.61%   293 7726s
 1048332 59399     cutoff   56       231.20990  218.28013  5.59%   293 7730s
 1051182 59180  218.87262   56  129  231.20990  218.28013  5.59%   293 7738s
 1052680 58878 infeasible   50       231.20990  218.28013  5.59%   293 7742s
 1054436 58750  226.01899   59  182  231.20990  218.43449  5.53%   292 7770s
H1054565 58750                     231.2098985  218.43572  5.52%   292 7770s
 1055067 58667 infeasible   59       231.20990  218.43679  5.52%   292 7826s
 1055545 58410  220.93619   59   99  231.20990  218.44011  5.52%   292 7831s
 1057604 58139  224.31708   48  240  231.20990  218.50825  5.49%   292 7855s
 1059741 57701     cutoff   65       231.20990  218.58313  5.46%   292 7861s
 1061995 57303  223.14811   45  444  231.20990  218.66741  5.42%   292 7866s
 1064035 56949 infeasible   46       231.20990  218.72378  5.40%   292 7871s
 1066121 56648  220.64022   56  246  231.20990  218.82287  5.36%   292 7876s
 1068059 56311     cutoff   58       231.20990  218.84271  5.35%   292 7881s
 1070111 55880 infeasible   60       231.20990  218.95090  5.30%   291 7886s
 1072075 55512  227.47181   59  120  231.20990  219.03194  5.27%   291 7891s
 1074127 55215  227.70815   58  114  231.20990  219.09208  5.24%   291 7895s
 1075917 54780  229.56022   59  111  231.20990  219.15736  5.21%   291 7900s
 1079415 54197  229.56022   55  194  231.20990  219.32031  5.14%   291 7909s
 1081138 53903 infeasible   60       231.20990  219.37325  5.12%   291 7913s
 1082746 53496  220.51324   48  100  231.20990  219.42636  5.10%   291 7918s
 1084452 53091 infeasible   63       231.20990  219.50211  5.06%   291 7923s
 1086090 52673 infeasible   61       231.20990  219.53480  5.05%   291 7928s
 1087878 52361  230.97135   50  134  231.20990  219.61202  5.02%   290 7932s
 1089310 52102  219.70983   60  163  231.20990  219.67621  4.99%   290 7936s
 1090446 51840  224.15165   60  211  231.20990  219.70983  4.97%   290 7940s
 1091595 51640  231.15810   50  294  231.20990  219.70983  4.97%   291 7945s
 1093119 51180  220.70057   49  267  231.20990  219.73379  4.96%   291 7951s
 1095239 50768     cutoff   42       231.20990  219.81203  4.93%   290 7957s
 1097173 50279  221.72159   60  194  231.20990  219.88527  4.90%   290 7963s
 1099060 49816 infeasible   40       231.20990  219.95483  4.87%   290 7968s
 1100680 49316 infeasible   60       231.20990  220.01091  4.84%   290 7973s
 1102512 48919  223.16527   58  191  231.20990  220.09551  4.81%   290 7978s
 1104153 48394     cutoff   51       231.20990  220.15667  4.78%   290 7984s
 1106090 47940  224.14122   54  372  231.20990  220.23141  4.75%   290 7991s
 1107831 47426 infeasible   63       231.20990  220.31773  4.71%   290 7998s
 1109932 46949     cutoff   66       231.20990  220.40635  4.67%   289 8004s
 1111753 46551     cutoff   48       231.20990  220.46055  4.65%   289 8010s
 1113473 46031  225.57687   61   88  231.20990  220.57955  4.60%   289 8017s
 1115323 45456  221.98942   55  142  231.20990  220.67541  4.56%   289 8023s
 1117248 45017  229.75099   40  396  231.20990  220.79701  4.50%   289 8031s
 1119090 44551  229.16486   56  157  231.20990  220.86497  4.47%   289 8038s
 1120786 44284     cutoff   58       231.20990  220.96963  4.43%   289 8043s
 1121936 43862  229.56022   64  128  231.20990  221.03088  4.40%   289 8049s
 1123509 43250 infeasible   56       231.20990  221.05616  4.39%   288 8059s
 1125863 42696  225.57668   55  234  231.20990  221.19557  4.33%   288 8067s
 1127742 42225     cutoff   63       231.20990  221.25903  4.30%   288 8077s
 1130021 41877     cutoff   54       231.20990  221.35224  4.26%   288 8085s
 1131604 41428 infeasible   56       231.20990  221.45373  4.22%   288 8092s
 1133037 41085     cutoff   53       231.20990  221.51930  4.19%   288 8100s
 1134535 40730 infeasible   65       231.20990  221.58502  4.16%   287 8107s
 1135942 40273     cutoff   49       231.20990  221.64940  4.13%   287 8115s
 1137503 39791  221.89098   48  154  231.20990  221.72604  4.10%   287 8125s
 1139333 39433 infeasible   58       231.20990  221.80471  4.07%   287 8132s
 1140535 38909  226.01899   59  138  231.20990  221.81858  4.06%   287 8139s
 1141903 38262  228.10539   69  145  231.20990  221.86447  4.04%   287 8148s
 1143630 37542     cutoff   71       231.20990  222.00944  3.98%   287 8157s
 1145484 36840     cutoff   42       231.20990  222.08685  3.95%   286 8167s
 1147185 36198 infeasible   59       231.20990  222.16673  3.91%   286 8175s
 1148734 36035 infeasible   60       231.20990  222.23604  3.88%   286 8181s
 1149718 36044  223.73757   57  154  231.20990  222.29711  3.85%   286 8193s
 1151416 36036  224.69098   57  128  231.20990  222.29711  3.85%   286 8204s
 1153091 36113  228.06839   59  116  231.20990  222.29711  3.85%   286 8224s
 1155758 36138 infeasible   62       231.20990  222.29711  3.85%   286 8248s
 1158996 36090  223.08223   57  298  231.20990  222.29711  3.85%   287 8268s
 1162161 36083  222.29711   56  199  231.20990  222.29711  3.85%   287 8288s
 1165162 36107     cutoff   57       231.20990  222.29711  3.85%   287 8309s
 1168373 36103  222.29711   66  109  231.20990  222.29711  3.85%   287 8329s
 1171271 36072  224.74215   60  207  231.20990  222.29711  3.85%   287 8347s
 1173800 36109  223.96013   62  213  231.20990  222.29711  3.85%   287 8392s
 1175514 36128  223.15104   53   91  231.20990  222.29711  3.85%   287 8433s
 1177789 36199  225.79355   49  234  231.20990  222.29711  3.85%   287 8456s
 1181570 36161     cutoff   70       231.20990  222.29711  3.85%   287 8472s
 1184139 36272  225.37820   71  191  231.20990  222.29711  3.85%   287 8489s
 1186564 36257  224.23025   51   91  231.20990  222.29711  3.85%   288 8503s
 1188684 36246  224.34850   63  260  231.20990  222.29711  3.85%   288 8514s
 1190161 36246  222.29711   57  112  231.20990  222.29711  3.85%   288 8515s
 1190615 35709 infeasible   58       231.20990  222.29711  3.85%   288 8528s
 1193166 34507     cutoff   56       231.20990  222.29711  3.85%   288 8544s
 1196356 33188  225.94053   59   62  231.20990  222.43621  3.79%   288 8563s
 1199990 32141  226.67712   57  225  231.20990  222.60597  3.72%   287 8579s
 1202207 32141     cutoff   58       231.20990  222.62549  3.71%   287 8580s
 1203065 30848  223.96736   63  161  231.20990  222.77808  3.65%   287 8595s
 1205847 30403     cutoff   56       231.20990  222.94946  3.57%   286 8605s
 1207291 29520 infeasible   58       231.20990  222.99176  3.55%   286 8618s
 1209487 28586     cutoff   60       231.20990  223.09954  3.51%   286 8632s
 1211844 27971  223.43171   59   23  231.20990  223.29069  3.43%   286 8643s
 1213467 27688  223.43171   64   30  231.20990  223.38419  3.38%   286 8648s
 1214169 27287     cutoff   61       231.20990  223.43171  3.36%   286 8658s
 1215443 26890     cutoff   52       231.20990  223.43171  3.36%   286 8668s
 1216709 26598  224.48199   62  188  231.20990  223.43171  3.36%   286 8677s
 1217821 26012  223.98046   61  109  231.20990  223.43171  3.36%   286 8692s
 1219866 25835  225.27095   48  194  231.20990  223.43171  3.36%   286 8746s
 1220960 25450 infeasible   50       231.20990  223.54171  3.32%   286 8762s
 1222969 24970 infeasible   63       231.20990  223.54171  3.32%   286 8776s
 1224757 24754  223.83468   47  190  231.20990  223.54171  3.32%   286 8785s
 1225759 24580 infeasible   61       231.20990  223.66087  3.27%   286 8792s
 1226665 24303 infeasible   43       231.20990  223.69318  3.25%   286 8805s
 1228243 23994  225.53684   66  158  231.20990  223.69318  3.25%   286 8821s
 1229804 23749  223.69318   61   96  231.20990  223.69318  3.25%   287 8833s
 1231216 23329 infeasible   65       231.20990  223.69318  3.25%   287 8847s
 1232958 21790  229.87015   57  162  231.20990  223.69318  3.25%   287 8879s
 1233505 21790     cutoff   40       231.20990  223.69318  3.25%   287 8880s
 1237102 20413 infeasible   63       231.20990  223.90008  3.16%   287 8911s
 1240796 19650     cutoff   56       231.20990  224.16272  3.05%   286 8926s
 1242555 18678 infeasible   63       231.20990  224.23160  3.02%   286 8944s
 1244697 17441     cutoff   44       231.20990  224.42959  2.93%   286 8966s
 1247324 17311 infeasible   57       231.20990  224.69038  2.82%   286 9155s
 1247635 16091     cutoff   52       231.20990  224.72071  2.81%   285 9183s
 1250214 15525     cutoff   58       231.20990  225.00397  2.68%   285 9199s
 1251734 15441     cutoff   59       231.20990  225.23201  2.59%   285 9206s
 1252322 15320 infeasible   61       231.20990  225.27095  2.57%   285 9215s
 1253098 14743  231.02354   58  254  231.20990  225.27095  2.57%   285 9229s
 1254538 14031  226.93925   51  250  231.20990  225.27095  2.57%   285 9246s
 1256194 12961     cutoff   47       231.20990  225.27095  2.57%   285 9269s
 1258518 12287     cutoff   59       231.20990  225.68413  2.39%   285 9286s
 1260028 12230     cutoff   60       231.20990  225.94906  2.28%   285 9297s
 1260781 12146 infeasible   63       231.20990  226.01899  2.25%   285 9312s
 1261957 12071  226.58428   50  157  231.20990  226.01899  2.25%   285 9325s
 1262933 11804 infeasible   57       231.20990  226.01899  2.25%   285 9339s
 1263351 11804 infeasible   58       231.20990  226.01899  2.25%   285 9340s
 1264056 10716 infeasible   46       231.20990  226.01899  2.25%   285 9365s
 1266471  9298  229.57715   50  144  231.20990  226.01899  2.25%   285 9397s
 1269346  8679 infeasible   62       231.20990  226.01899  2.25%   285 9413s
 1270671  7488  230.87489   64  116  231.20990  226.95416  1.84%   285 9437s
 1272820  6010     cutoff   57       231.20990  227.00377  1.82%   284 9468s
 1275492  4569  228.53164   58  164  231.20990  227.82828  1.46%   284 9499s
 1277812  4569 infeasible   59       231.20990  227.95234  1.41%   284 9501s
 1278141  4097  229.26197   56  104  231.20990  228.24857  1.28%   284 9516s
 1279315  4065     cutoff   56       231.20990  229.26197  0.84%   284 9527s
 1279961  3976 infeasible   58       231.20990  229.26197  0.84%   284 9536s
 1280594  3729     cutoff   56       231.20990  229.26197  0.84%   284 9546s
 1281358  3433     cutoff   58       231.20990  229.26197  0.84%   284 9559s
 1282249  3195  229.26197   59  143  231.20990  229.26197  0.84%   284 9570s
 1283061  2974  229.26197   60   61  231.20990  229.26197  0.84%   284 9582s
 1283877  2759 infeasible   54       231.20990  229.56022  0.71%   284 9601s
 1284976  2592  229.56022   49  141  231.20990  229.56022  0.71%   284 9617s
 1286004  2449     cutoff   49       231.20990  229.56022  0.71%   284 9632s
 1287023  1436  229.56022   51  154  231.20990  229.56022  0.71%   285 9656s
 1289138   523 infeasible   51       231.20990  229.56022  0.71%   284 9674s
 1289457   523 infeasible   56       231.20990  229.56022  0.71%   284 9675s
 1290804   286 infeasible   55       231.20990  230.82067  0.17%   284 9683s
 1291506     0  231.02354   53  124  231.20990  231.02354  0.08%   285 9689s

Cutting planes:
  Gomory: 1
  Cover: 1
  MIR: 2
  Flow cover: 12
  Inf proof: 4
  Zero half: 9
  RLT: 2
  BQP: 1

Explored 1292130 nodes (368010202 simplex iterations) in 9690.78 seconds (20867.77 work units)
Thread count was 16 (of 18 available processors)

Solution count 10: 231.21 231.21 231.21 ... 324.319

Optimal solution found (tolerance 1.00e-04)
Best objective 2.312099837512e+02, best bound 2.312098984629e+02, gap 0.0000%
---------------------------------------------------------------------------

Multi-objectives: optimize objective 4 () ...
---------------------------------------------------------------------------


Loaded user MIP start with objective 5

Presolve removed 0 rows and 68022 columns
Presolve time: 0.70s
Presolved: 2269 rows, 62567 columns, 606104 nonzeros
Variable types: 0 continuous, 62567 integer (62565 binary)
Deterministic concurrent LP optimizer: primal simplex, dual simplex, and barrier
Showing barrier log only...

Root barrier log...

Ordering time: 0.03s

Barrier statistics:
 AA' NZ     : 2.282e+05
 Factor NZ  : 6.285e+05 (roughly 30 MB of memory)
 Factor Ops : 2.429e+08 (less than 1 second per iteration)
 Threads    : 14

                  Objective                Residual
Iter       Primal          Dual         Primal    Dual     Compl     Time
   0   7.38778735e+04 -4.98209000e+04  2.40e+06 0.00e+00  1.46e+01  9692s
   1   3.26148455e+04 -4.71322114e+04  1.07e+06 4.16e-02  6.67e+00  9692s
   2   1.64320320e+04 -4.14120433e+04  5.40e+05 1.83e-02  3.44e+00  9692s
   3   1.00186156e+04 -3.20469979e+04  3.38e+05 5.07e-03  2.09e+00  9692s
   4   1.44960823e+03 -1.48873654e+04  4.65e+04 3.05e-14  3.47e-01  9692s
   5   4.61058573e+02 -8.27154254e+03  1.47e+04 1.27e-14  1.32e-01  9692s
   6   1.74597510e+02 -5.45941257e+03  5.50e+03 6.66e-15  6.68e-02  9692s
   7   9.67695794e+01 -3.14258583e+03  2.98e+03 1.98e-13  3.69e-02  9692s
   8   7.03140137e+01 -2.65622862e+03  2.14e+03 2.02e-13  2.95e-02  9692s
   9   4.14239319e+01 -1.49683114e+03  1.22e+03 2.71e-13  1.65e-02  9692s
  10   2.60054355e+01 -1.18236233e+03  7.37e+02 1.56e-13  1.22e-02  9692s
  11   1.72377873e+01 -7.96266631e+02  4.73e+02 3.17e-13  8.06e-03  9693s
  12   1.16471227e+01 -6.16584242e+02  3.13e+02 4.88e-14  6.04e-03  9693s
  13   8.94549747e+00 -3.47421225e+02  2.22e+02 4.58e-13  3.61e-03  9693s
  14   5.72938029e+00 -2.66067750e+02  1.21e+02 2.25e-13  2.59e-03  9693s
  15   4.92137618e+00 -1.95903069e+02  8.46e+01 3.29e-14  1.90e-03  9693s
  16   4.49758243e+00 -1.28443611e+02  6.03e+01 1.55e-14  1.28e-03  9693s
  17   4.18943682e+00 -9.05581038e+01  4.38e+01 1.20e-14  9.13e-04  9693s
  18   3.90198137e+00 -6.94357509e+01  3.65e+01 9.77e-15  7.18e-04  9693s
  19   3.45057315e+00 -5.44379794e+01  2.32e+01 9.55e-15  5.47e-04  9693s
  20   3.24240734e+00 -4.60689025e+01  1.68e+01 6.66e-15  4.57e-04  9693s
  21   3.49920378e+00 -4.20687507e+01  1.50e+01 5.55e-15  4.21e-04  9693s
  22   3.78695353e+00 -2.94750637e+01  9.59e+00 2.44e-14  3.02e-04  9693s
  23   3.97719875e+00 -2.07979859e+01  7.50e+00 1.07e-14  2.27e-04  9693s
  24   4.03397012e+00 -1.99711518e+01  6.04e+00 1.02e-14  2.15e-04  9693s
  25   4.11591083e+00 -1.15625772e+01  4.02e+00 3.55e-15  1.40e-04  9693s
  26   4.13850065e+00 -1.10898189e+01  3.49e+00 3.33e-15  1.34e-04  9693s
  27   4.20229659e+00 -6.05926921e+00  2.65e+00 2.66e-15  9.15e-05  9693s
  28   4.26183660e+00 -3.59388010e+00  1.49e+00 8.44e-15  6.80e-05  9693s
  29   4.31813971e+00 -6.82548109e-01  5.03e-01 6.00e-15  4.16e-05  9693s
  30   4.32049799e+00  2.22446058e+00  2.08e-01 1.55e-15  1.74e-05  9693s
  31   4.31723978e+00  3.41694219e+00  5.45e-02 1.11e-15  7.35e-06  9693s
  32   4.30384378e+00  3.99200748e+00  1.72e-02 4.58e-16  2.54e-06  9693s
  33   4.29987416e+00  4.26594659e+00  5.04e-03 7.21e-16  2.88e-07  9693s

Barrier performed 33 iterations in 9692.86 seconds (20870.37 work units)
Objective cutoff exceeded


Solved with barrier

Root relaxation: cutoff, 0 iterations, 19.08 seconds (0.94 work units)

    Nodes    |    Current Node    |     Objective Bounds      |     Work
 Expl Unexpl |  Obj  Depth IntInf | Incumbent    BestBd   Gap | It/Node Time

     0     0     cutoff    0         5.00000    5.00000  0.00%     - 9711s

Explored 1 nodes (0 simplex iterations) in 9711.03 seconds (20870.38 work units)
Thread count was 16 (of 18 available processors)

Solution count 1: 5 

Optimal solution found (tolerance 1.00e-04)
Best objective 5.000000000000e+00, best bound 5.000000000000e+00, gap 0.0000%
---------------------------------------------------------------------------

Multi-objectives: optimize objective 5 () ...
---------------------------------------------------------------------------


Loaded user MIP start with objective 8

Presolve removed 1 rows and 68034 columns
Presolve time: 0.84s
Presolved: 2269 rows, 62555 columns, 606092 nonzeros
Variable types: 0 continuous, 62555 integer (62553 binary)
Deterministic concurrent LP optimizer: primal simplex, dual simplex, and barrier
Showing barrier log only...

Root barrier log...

Ordering time: 0.03s

Barrier statistics:
 AA' NZ     : 2.282e+05
 Factor NZ  : 6.285e+05 (roughly 30 MB of memory)
 Factor Ops : 2.429e+08 (less than 1 second per iteration)
 Threads    : 14

                  Objective                Residual
Iter       Primal          Dual         Primal    Dual     Compl     Time
   0   1.02281399e+05 -4.98209000e+04  2.40e+06 0.00e+00  1.48e+01  9712s
   1   4.31494466e+04 -4.69285143e+04  1.01e+06 3.64e-02  6.44e+00  9712s
   2   2.28339175e+04 -4.16713619e+04  5.38e+05 1.93e-02  3.46e+00  9712s
   3   1.50523547e+04 -3.27225661e+04  3.58e+05 6.10e-03  2.24e+00  9712s
   4   1.51888128e+03 -1.57601389e+04  3.57e+04 1.30e-15  3.04e-01  9712s
   5   5.78398715e+02 -1.12124079e+04  1.35e+04 7.56e-16  1.53e-01  9712s
   6   3.30353877e+02 -7.70092546e+03  7.64e+03 2.22e-15  9.53e-02  9712s
   7   1.48335763e+02 -6.39945056e+03  3.35e+03 3.11e-15  6.54e-02  9712s
   8   1.14420251e+02 -4.38292920e+03  2.56e+03 5.33e-15  4.55e-02  9712s
   9   8.01855500e+01 -2.48402028e+03  1.75e+03 2.22e-14  2.68e-02  9713s
  10   5.11292351e+01 -1.84137260e+03  1.07e+03 1.51e-14  1.89e-02  9713s
  11   3.62864074e+01 -1.33202069e+03  7.22e+02 1.07e-14  1.35e-02  9713s
  12   2.74478442e+01 -9.88487294e+02  5.23e+02 1.60e-14  9.91e-03  9713s
  13   1.58770286e+01 -5.82687759e+02  2.43e+02 1.78e-14  5.62e-03  9713s
  14   1.26950368e+01 -4.36757511e+02  1.62e+02 1.21e-13  4.16e-03  9713s
  15   1.13879946e+01 -3.27931456e+02  1.28e+02 3.38e-14  3.17e-03  9713s
  16   9.57289334e+00 -2.40024398e+02  7.69e+01 7.46e-14  2.27e-03  9713s
  17   8.98598885e+00 -1.52372663e+02  5.97e+01 5.51e-14  1.51e-03  9713s
  18   8.06970501e+00 -1.32650704e+02  3.62e+01 6.13e-14  1.25e-03  9713s
  19   7.64211298e+00 -7.48824201e+01  2.28e+01 1.82e-14  7.42e-04  9713s
  20   7.40791789e+00 -6.10611996e+01  1.23e+01 1.47e-14  5.90e-04  9713s
  21   7.33028395e+00 -3.73492510e+01  7.11e+00 1.11e-14  3.81e-04  9713s
  22   7.30677402e+00 -3.08847773e+01  6.23e+00 1.02e-14  3.25e-04  9713s
  23   7.25579169e+00 -2.44326097e+01  4.34e+00 7.99e-15  2.66e-04  9713s
  24   7.23995360e+00 -1.43456925e+01  3.64e+00 4.44e-15  1.83e-04  9713s
  25   7.20081133e+00 -5.94410935e+00  2.78e+00 2.66e-15  1.13e-04  9713s
  26   7.09671910e+00 -2.69642448e+00  9.53e-01 1.78e-15  8.05e-05  9713s
  27   7.02811888e+00  3.01537747e+00  2.34e-01 1.78e-15  3.24e-05  9713s
  28   7.00325309e+00  6.78942309e+00  1.52e-12 1.78e-15  1.70e-06  9713s
  29   7.00000062e+00  6.99989126e+00  5.70e-12 1.05e-15  8.69e-10  9713s
  30   7.00000000e+00  7.00000000e+00  6.76e-12 8.88e-16  1.31e-15  9713s

Barrier solved model in 30 iterations and 9712.86 seconds (20873.29 work units)
Optimal objective 7.00000000e+00


Root crossover log...

     984 DPushes remaining with DInf 0.0000000e+00              9714s
       0 DPushes remaining with DInf 0.0000000e+00              9714s

     208 PPushes remaining with PInf 0.0000000e+00              9714s
       0 PPushes remaining with PInf 0.0000000e+00              9714s

  Push phase complete: Pinf 0.0000000e+00, Dinf 3.8857806e-15   9714s


Root simplex log...

Iteration    Objective       Primal Inf.    Dual Inf.      Time
     728    7.0000000e+00   0.000000e+00   0.000000e+00   9714s

Solved with barrier

Root relaxation: objective 7.000000e+00, 728 iterations, 1.95 seconds (2.01 work units)
Total elapsed time = 9720.14s (DegenMoves)
Total elapsed time = 9725.63s (DegenMoves)

    Nodes    |    Current Node    |     Objective Bounds      |     Work
 Expl Unexpl |  Obj  Depth IntInf | Incumbent    BestBd   Gap | It/Node Time

     0     0    7.00000    0  388    8.00000    7.00000  12.5%     - 9729s
     0     0    7.00000    0  621    8.00000    7.00000  12.5%     - 9732s
     0     0    7.00000    0  615    8.00000    7.00000  12.5%     - 9755s
     0     0    7.00000    0  393    8.00000    7.00000  12.5%     - 9767s
     0     0    7.00000    0  391    8.00000    7.00000  12.5%     - 9767s
     0     0    7.00000    0  515    8.00000    7.00000  12.5%     - 9776s
     0     0    7.00000    0  579    8.00000    7.00000  12.5%     - 9776s
     0     0    7.00000    0  295    8.00000    7.00000  12.5%     - 9787s
     0     0    7.00000    0  361    8.00000    7.00000  12.5%     - 9787s
     0     0    7.00000    0  432    8.00000    7.00000  12.5%     - 9793s
     0     0    7.00000    0  430    8.00000    7.00000  12.5%     - 9799s
     0     0    7.00000    0  428    8.00000    7.00000  12.5%     - 9799s
     0     0    7.00000    0  421    8.00000    7.00000  12.5%     - 9805s
     0     0    7.00000    0  353    8.00000    7.00000  12.5%     - 9810s
     0     0    7.00000    0  271    8.00000    7.00000  12.5%     - 9842s
     0     0    7.00000    0  696    8.00000    7.00000  12.5%     - 9846s
     0     0    7.00000    0  652    8.00000    7.00000  12.5%     - 9867s
     0     0    7.00000    0  385    8.00000    7.00000  12.5%     - 9876s
     0     0    7.00000    0  333    8.00000    7.00000  12.5%     - 9877s
     0     0    7.00000    0  211    8.00000    7.00000  12.5%     - 9889s
     0     0    7.00000    0 1007    8.00000    7.00000  12.5%     - 9892s
     0     0    7.00000    0  278    8.00000    7.00000  12.5%     - 9898s
     0     0    7.00000    0  322    8.00000    7.00000  12.5%     - 9898s
     0     0    7.00000    0  235    8.00000    7.00000  12.5%     - 9905s
     0     0    7.00000    0  229    8.00000    7.00000  12.5%     - 9906s
     0     0    7.00000    0  250    8.00000    7.00000  12.5%     - 9915s
     0     0    7.00000    0  246    8.00000    7.00000  12.5%     - 9916s
     0     0    7.00000    0  244    8.00000    7.00000  12.5%     - 9919s
     0     0    7.00000    0  244    8.00000    7.00000  12.5%     - 9922s
     0     2    7.00000    0  244    8.00000    7.00000  12.5%     - 9940s
     7    10    7.00000    3  943    8.00000    7.00000  12.5%  4001 9946s
    41    48    7.00000    6  619    8.00000    7.00000  12.5%  1819 9950s
   105   112    7.00000    8  564    8.00000    7.00000  12.5%  1526 9955s
   121   128    7.00000    9  557    8.00000    7.00000  12.5%  1529 9997s
   138   129    7.00000    9  353    8.00000    7.00000  12.5%  2147 10001s
   140   130    7.00000   11  436    8.00000    7.00000  12.5%  2116 10007s
   143   132    7.00000   10  319    8.00000    7.00000  12.5%  2072 10016s
   145   134    7.00000   10  338    8.00000    7.00000  12.5%  2043 10021s
   147   135    7.00000    6  523    8.00000    7.00000  12.5%  2015 10026s
   149   136    7.00000   10  288    8.00000    7.00000  12.5%  1988 10030s
   153   139    7.00000   10  230    8.00000    7.00000  12.5%  1936 10039s
   154   140    7.00000   10  673    8.00000    7.00000  12.5%  1924 10040s
   157   142    7.00000    8  563    8.00000    7.00000  12.5%  1887 10049s
   159   143    7.00000   10  157    8.00000    7.00000  12.5%  1863 10051s
   161   144    7.00000    9  308    8.00000    7.00000  12.5%  1840 10055s
   163   146    7.00000    6  238    8.00000    7.00000  12.5%  1818 10079s
   164   149    7.00000   11  569    8.00000    7.00000  12.5%  5414 10082s
   194   183    7.00000   15  609    8.00000    7.00000  12.5%  4707 10089s
   210   194    7.00000   15  516    8.00000    7.00000  12.5%  4385 10090s
   306   287    7.00000   18  512    8.00000    7.00000  12.5%  3213 10096s
   351   303    7.00000   20  482    8.00000    7.00000  12.5%  3178 10135s
   492   577    7.00000   25  515    8.00000    7.00000  12.5%  3199 10145s
   713   962    7.00000   30  380    8.00000    7.00000  12.5%  2612 10159s
  1194  1728    7.00000   40  469    8.00000    7.00000  12.5%  2324 10181s
  2358  2121    7.00000   47  423    8.00000    7.00000  12.5%  1655 10201s
  3343  2187    7.00000   21  562    8.00000    7.00000  12.5%  1467 10320s
  3535  2614    7.00000   37  316    8.00000    7.00000  12.5%  1431 10348s
  4933  3003 infeasible   57         8.00000    7.00000  12.5%  1212 10384s
  6468  3371    7.00000   55  489    8.00000    7.00000  12.5%  1053 10409s
  7561  3579    7.00000   33  486    8.00000    7.00000  12.5%   990 10428s
  8518  3829 infeasible   40         8.00000    7.00000  12.5%   958 10454s
 10267  4110    7.00000   50  378    8.00000    7.00000  12.5%   897 10479s
 11192  4368 infeasible   67         8.00000    7.00000  12.5%   874 10503s
 12900  4690    7.00000   42  477    8.00000    7.00000  12.5%   847 10527s
 14675  4696    7.00000   32  512    8.00000    7.00000  12.5%   824 10596s
 14747  4947    7.00000   33  469    8.00000    7.00000  12.5%   824 10623s
 16001  5433    7.00000   48  381    8.00000    7.00000  12.5%   811 10646s
 17678  5619    7.00000   43  279    8.00000    7.00000  12.5%   798 10672s
 18878  5874    7.00000   47  408    8.00000    7.00000  12.5%   788 10717s
 20250  6122 infeasible   43         8.00000    7.00000  12.5%   776 10748s
 22657  6315    7.00000   45  442    8.00000    7.00000  12.5%   767 10780s
 24586  6329    7.00000   37  402    8.00000    7.00000  12.5%   784 10785s

Cutting planes:
  MIR: 6
  Flow cover: 19
  Zero half: 4
  RLT: 2
  BQP: 1

Explored 24608 nodes (19629533 simplex iterations) in 10785.32 seconds (22925.24 work units)
Thread count was 16 (of 18 available processors)

Solution count 1: 8 

Time limit reached
Best objective 8.000000000000e+00, best bound 7.000000000000e+00, gap 12.5000%

---------------------------------------------------------------------------
Multi-objectives: stopped in 10785.98 seconds (22925.24 work units), solution count 10
Time Limit reached

