Orders,Order Items,Driver Violation,Commute Distance,Transport Machines,Machines,Workers,Transport Attachments,Attachments
30,355,113,29167.12,8163.1,16,33,233.39,14.0
30,355,113,29167.12,8163.1,16,33,241.63,13.0
30,355,113,29167.12,8163.1,16,33,310.81,12.0
30,355,113,29167.12,8163.1,16,33,0.0,18.0
30,355,113,29167.12,8163.1,16,33,31.02,16.0
30,355,115,29191.31,8161.15,16,33,233.39,14.0
30,355,115,29191.31,8161.15,16,33,241.63,13.0
30,355,115,29191.31,8161.15,16,33,310.81,12.0
30,355,115,29191.31,8161.15,16,33,0.0,18.0
30,355,115,29191.31,8161.15,16,33,31.02,16.0
30,355,116,29226.82,8126.63,16,33,233.39,14.0
30,355,116,29226.82,8126.63,16,33,241.63,13.0
30,355,116,29226.82,8126.63,16,33,310.81,12.0
30,355,116,29226.82,8126.63,16,33,0.0,18.0
30,355,116,29226.82,8126.63,16,33,31.02,16.0
30,355,117,29226.63,8126.63,16,33,233.39,14.0
30,355,117,29226.63,8126.63,16,33,241.63,13.0
30,355,117,29226.63,8126.63,16,33,310.81,12.0
30,355,117,29226.63,8126.63,16,33,0.0,18.0
30,355,117,29226.63,8126.63,16,33,31.02,16.0
30,355,118,29190.46,8159.27,16,33,233.39,14.0
30,355,118,29190.46,8159.27,16,33,241.63,13.0
30,355,118,29190.46,8159.27,16,33,310.81,12.0
30,355,118,29190.46,8159.27,16,33,0.0,18.0
30,355,118,29190.46,8159.27,16,33,31.02,16.0
30,355,119,29390.03,8169.05,16,32,233.39,14.0
30,355,119,29390.03,8169.05,16,32,241.63,13.0
30,355,119,29390.03,8169.05,16,32,310.81,12.0
30,355,119,29390.03,8169.05,16,32,0.0,18.0
30,355,119,29390.03,8169.05,16,32,31.02,16.0
30,355,120,29390.03,8126.47,16,32,233.39,14.0
30,355,120,29390.03,8126.47,16,32,241.63,13.0
30,355,120,29390.03,8126.47,16,32,310.81,12.0
30,355,120,29390.03,8126.47,16,32,0.0,18.0
30,355,120,29390.03,8126.47,16,32,31.02,16.0
30,355,196,34305.05,6072.17,15,41,233.39,14.0
30,355,196,34305.05,6072.17,15,41,241.63,13.0
30,355,196,34305.05,6072.17,15,41,310.81,12.0
30,355,196,34305.05,6072.17,15,41,0.0,18.0
30,355,196,34305.05,6072.17,15,41,31.02,16.0
30,355,197,34305.05,6057.04,15,41,233.39,14.0
30,355,197,34305.05,6057.04,15,41,241.63,13.0
30,355,197,34305.05,6057.04,15,41,310.81,12.0
30,355,197,34305.05,6057.04,15,41,0.0,18.0
30,355,197,34305.05,6057.04,15,41,31.02,16.0
30,355,200,34305.05,6005.79,15,41,233.39,14.0
30,355,200,34305.05,6005.79,15,41,241.63,13.0
30,355,200,34305.05,6005.79,15,41,310.81,12.0
30,355,200,34305.05,6005.79,15,41,0.0,18.0
30,355,200,34305.05,6005.79,15,41,31.02,16.0
30,355,204,34305.05,6001.75,15,41,233.39,14.0
30,355,204,34305.05,6001.75,15,41,241.63,13.0
30,355,204,34305.05,6001.75,15,41,310.81,12.0
30,355,204,34305.05,6001.75,15,41,0.0,18.0
30,355,204,34305.05,6001.75,15,41,31.02,16.0
30,355,206,34305.05,5999.51,15,41,233.39,14.0
30,355,206,34305.05,5999.51,15,41,241.63,13.0
30,355,206,34305.05,5999.51,15,41,310.81,12.0
30,355,206,34305.05,5999.51,15,41,0.0,18.0
30,355,206,34305.05,5999.51,15,41,31.02,16.0
30,355,207,34305.05,5994.08,15,41,233.39,14.0
30,355,207,34305.05,5994.08,15,41,241.63,13.0
30,355,207,34305.05,5994.08,15,41,310.81,12.0
30,355,207,34305.05,5994.08,15,41,0.0,18.0
30,355,207,34305.05,5994.08,15,41,31.02,16.0
30,355,208,34305.05,5962.31,15,41,233.39,14.0
30,355,208,34305.05,5962.31,15,41,241.63,13.0
30,355,208,34305.05,5962.31,15,41,310.81,12.0
30,355,208,34305.05,5962.31,15,41,0.0,18.0
30,355,208,34305.05,5962.31,15,41,31.02,16.0
30,355,209,34305.05,5933.37,15,41,233.39,14.0
30,355,209,34305.05,5933.37,15,41,241.63,13.0
30,355,209,34305.05,5933.37,15,41,310.81,12.0
30,355,209,34305.05,5933.37,15,41,0.0,18.0
30,355,209,34305.05,5933.37,15,41,31.02,16.0
30,355,252,23692.16,12387.39,17,27,233.39,14.0
30,355,252,23692.16,12387.39,17,27,241.63,13.0
30,355,252,23692.16,12387.39,17,27,310.81,12.0
30,355,252,23692.16,12387.39,17,27,0.0,18.0
30,355,252,23692.16,12387.39,17,27,31.02,16.0
30,355,253,34525.34,3283.86,16,40,233.39,14.0
30,355,253,34525.34,3283.86,16,40,241.63,13.0
30,355,253,34525.34,3283.86,16,40,310.81,12.0
30,355,253,34525.34,3283.86,16,40,0.0,18.0
30,355,253,34525.34,3283.86,16,40,31.02,16.0
30,355,254,34525.34,3256.0,16,40,233.39,14.0
30,355,254,34525.34,3256.0,16,40,241.63,13.0
30,355,254,34525.34,3256.0,16,40,310.81,12.0
30,355,254,34525.34,3256.0,16,40,0.0,18.0
30,355,254,34525.34,3256.0,16,40,31.02,16.0
30,355,255,34525.34,3242.26,17,40,233.39,14.0
30,355,255,34525.34,3242.26,17,40,241.63,13.0
30,355,255,34525.34,3242.26,17,40,310.81,12.0
30,355,255,34525.34,3242.26,17,40,0.0,18.0
30,355,255,34525.34,3242.26,17,40,31.02,16.0
30,355,255,34525.34,3246.15,16,40,233.39,14.0
30,355,255,34525.34,3246.15,16,40,241.63,13.0
30,355,255,34525.34,3246.15,16,40,310.81,12.0
30,355,255,34525.34,3246.15,16,40,0.0,18.0
30,355,255,34525.34,3246.15,16,40,31.02,16.0
30,355,257,34525.34,3237.26,17,40,233.39,14.0
30,355,257,34525.34,3237.26,17,40,241.63,13.0
30,355,257,34525.34,3237.26,17,40,310.81,12.0
30,355,257,34525.34,3237.26,17,40,0.0,18.0
30,355,257,34525.34,3237.26,17,40,31.02,16.0
30,355,258,16752.12,11683.81,17,29,233.39,14.0
30,355,258,16752.12,11683.81,17,29,241.63,13.0
30,355,258,16752.12,11683.81,17,29,310.81,12.0
30,355,258,16752.12,11683.81,17,29,0.0,18.0
30,355,258,16752.12,11683.81,17,29,31.02,16.0
30,355,258,16782.41,11683.81,17,28,233.39,14.0
30,355,258,16782.41,11683.81,17,28,241.63,13.0
30,355,258,16782.41,11683.81,17,28,310.81,12.0
30,355,258,16782.41,11683.81,17,28,0.0,18.0
30,355,258,16782.41,11683.81,17,28,31.02,16.0
30,355,259,16740.61,11683.81,17,28,233.39,14.0
30,355,259,16740.61,11683.81,17,28,241.63,13.0
30,355,259,16740.61,11683.81,17,28,310.81,12.0
30,355,259,16740.61,11683.81,17,28,0.0,18.0
30,355,259,16740.61,11683.81,17,28,31.02,16.0
30,355,259,34523.02,3436.68,17,40,233.39,14.0
30,355,259,34523.02,3436.68,17,40,241.63,13.0
30,355,259,34523.02,3436.68,17,40,310.81,12.0
30,355,259,34523.02,3436.68,17,40,0.0,18.0
30,355,259,34523.02,3436.68,17,40,31.02,16.0
30,355,262,34424.36,3682.37,17,40,233.39,14.0
30,355,262,34424.36,3682.37,17,40,241.63,13.0
30,355,262,34424.36,3682.37,17,40,310.81,12.0
30,355,262,34424.36,3682.37,17,40,0.0,18.0
30,355,262,34424.36,3682.37,17,40,31.02,16.0
30,355,291,28088.39,10277.62,16,35,233.39,14.0
30,355,291,28088.39,10277.62,16,35,241.63,13.0
30,355,291,28088.39,10277.62,16,35,310.81,12.0
30,355,291,28088.39,10277.62,16,35,0.0,18.0
30,355,291,28088.39,10277.62,16,35,31.02,16.0
30,355,291,28111.25,9959.72,16,36,233.39,14.0
30,355,291,28111.25,9959.72,16,36,241.63,13.0
30,355,291,28111.25,9959.72,16,36,310.81,12.0
30,355,291,28111.25,9959.72,16,36,0.0,18.0
30,355,291,28111.25,9959.72,16,36,31.02,16.0
30,355,291,28163.91,9994.28,16,35,233.39,14.0
30,355,291,28163.91,9994.28,16,35,241.63,13.0
30,355,291,28163.91,9994.28,16,35,310.81,12.0
30,355,291,28163.91,9994.28,16,35,0.0,18.0
30,355,291,28163.91,9994.28,16,35,31.02,16.0
30,355,292,27763.23,10630.47,17,34,233.39,14.0
30,355,292,27763.23,10630.47,17,34,241.63,13.0
30,355,292,27763.23,10630.47,17,34,310.81,12.0
30,355,292,27763.23,10630.47,17,34,0.0,18.0
30,355,292,27763.23,10630.47,17,34,31.02,16.0
30,355,292,28044.96,9994.28,16,35,233.39,14.0
30,355,292,28044.96,9994.28,16,35,241.63,13.0
30,355,292,28044.96,9994.28,16,35,310.81,12.0
30,355,292,28044.96,9994.28,16,35,0.0,18.0
30,355,292,28044.96,9994.28,16,35,31.02,16.0
30,355,292,28227.08,10273.56,16,34,233.39,14.0
30,355,292,28227.08,10273.56,16,34,241.63,13.0
30,355,292,28227.08,10273.56,16,34,310.81,12.0
30,355,292,28227.08,10273.56,16,34,0.0,18.0
30,355,292,28227.08,10273.56,16,34,31.02,16.0
30,355,292,28247.97,10254.83,16,34,233.39,14.0
30,355,292,28247.97,10254.83,16,34,241.63,13.0
30,355,292,28247.97,10254.83,16,34,310.81,12.0
30,355,292,28247.97,10254.83,16,34,0.0,18.0
30,355,292,28247.97,10254.83,16,34,31.02,16.0
30,355,293,27769.48,10526.99,17,34,233.39,14.0
30,355,293,27769.48,10526.99,17,34,241.63,13.0
30,355,293,27769.48,10526.99,17,34,310.81,12.0
30,355,293,27769.48,10526.99,17,34,0.0,18.0
30,355,293,27769.48,10526.99,17,34,31.02,16.0
30,355,293,28291.84,10110.35,16,34,233.39,14.0
30,355,293,28291.84,10110.35,16,34,241.63,13.0
30,355,293,28291.84,10110.35,16,34,310.81,12.0
30,355,293,28291.84,10110.35,16,34,0.0,18.0
30,355,293,28291.84,10110.35,16,34,31.02,16.0
30,355,293,28387.34,10009.48,16,34,233.39,14.0
30,355,293,28387.34,10009.48,16,34,241.63,13.0
30,355,293,28387.34,10009.48,16,34,310.81,12.0
30,355,293,28387.34,10009.48,16,34,0.0,18.0
30,355,293,28387.34,10009.48,16,34,31.02,16.0
30,355,293,28650.91,9846.35,17,34,233.39,14.0
30,355,293,28650.91,9846.35,17,34,241.63,13.0
30,355,293,28650.91,9846.35,17,34,310.81,12.0
30,355,293,28650.91,9846.35,17,34,0.0,18.0
30,355,293,28650.91,9846.35,17,34,31.02,16.0
30,355,294,27346.74,10009.89,17,37,233.39,14.0
30,355,294,27346.74,10009.89,17,37,241.63,13.0
30,355,294,27346.74,10009.89,17,37,310.81,12.0
30,355,294,27346.74,10009.89,17,37,0.0,18.0
30,355,294,27346.74,10009.89,17,37,31.02,16.0
30,355,294,27365.39,10009.89,17,36,233.39,14.0
30,355,294,27365.39,10009.89,17,36,241.63,13.0
30,355,294,27365.39,10009.89,17,36,310.81,12.0
30,355,294,27365.39,10009.89,17,36,0.0,18.0
30,355,294,27365.39,10009.89,17,36,31.02,16.0
30,355,294,27654.4,10705.03,17,34,233.39,14.0
30,355,294,27654.4,10705.03,17,34,241.63,13.0
30,355,294,27654.4,10705.03,17,34,310.81,12.0
30,355,294,27654.4,10705.03,17,34,0.0,18.0
30,355,294,27654.4,10705.03,17,34,31.02,16.0
30,355,294,27673.9,10705.03,17,33,233.39,14.0
30,355,294,27673.9,10705.03,17,33,241.63,13.0
30,355,294,27673.9,10705.03,17,33,310.81,12.0
30,355,294,27673.9,10705.03,17,33,0.0,18.0
30,355,294,27673.9,10705.03,17,33,31.02,16.0
30,355,294,27701.91,10654.38,17,33,233.39,14.0
30,355,294,27701.91,10654.38,17,33,241.63,13.0
30,355,294,27701.91,10654.38,17,33,310.81,12.0
30,355,294,27701.91,10654.38,17,33,0.0,18.0
30,355,294,27701.91,10654.38,17,33,31.02,16.0
30,355,294,28052.5,10266.64,16,34,233.39,14.0
30,355,294,28052.5,10266.64,16,34,241.63,13.0
30,355,294,28052.5,10266.64,16,34,310.81,12.0
30,355,294,28052.5,10266.64,16,34,0.0,18.0
30,355,294,28052.5,10266.64,16,34,31.02,16.0
30,355,294,28227.29,10231.75,16,34,233.39,14.0
30,355,294,28227.29,10231.75,16,34,241.63,13.0
30,355,294,28227.29,10231.75,16,34,310.81,12.0
30,355,294,28227.29,10231.75,16,34,0.0,18.0
30,355,294,28227.29,10231.75,16,34,31.02,16.0
30,355,294,28298.54,9957.56,17,35,233.39,14.0
30,355,294,28298.54,9957.56,17,35,241.63,13.0
30,355,294,28298.54,9957.56,17,35,310.81,12.0
30,355,294,28298.54,9957.56,17,35,0.0,18.0
30,355,294,28298.54,9957.56,17,35,31.02,16.0
30,355,294,28375.79,9983.92,16,34,233.39,14.0
30,355,294,28375.79,9983.92,16,34,241.63,13.0
30,355,294,28375.79,9983.92,16,34,310.81,12.0
30,355,294,28375.79,9983.92,16,34,0.0,18.0
30,355,294,28375.79,9983.92,16,34,31.02,16.0
30,355,294,28618.67,9752.49,17,34,233.39,14.0
30,355,294,28618.67,9752.49,17,34,241.63,13.0
30,355,294,28618.67,9752.49,17,34,310.81,12.0
30,355,294,28618.67,9752.49,17,34,0.0,18.0
30,355,294,28618.67,9752.49,17,34,31.02,16.0
30,355,294,28629.12,9655.39,17,34,233.39,14.0
30,355,294,28629.12,9655.39,17,34,241.63,13.0
30,355,294,28629.12,9655.39,17,34,310.81,12.0
30,355,294,28629.12,9655.39,17,34,0.0,18.0
30,355,294,28629.12,9655.39,17,34,31.02,16.0
30,355,294,28641.19,9846.35,17,33,233.39,14.0
30,355,294,28641.19,9846.35,17,33,241.63,13.0
30,355,294,28641.19,9846.35,17,33,310.81,12.0
30,355,294,28641.19,9846.35,17,33,0.0,18.0
30,355,294,28641.19,9846.35,17,33,31.02,16.0
30,355,294,28655.33,9917.66,16,33,233.39,14.0
30,355,294,28655.33,9917.66,16,33,241.63,13.0
30,355,294,28655.33,9917.66,16,33,310.81,12.0
30,355,294,28655.33,9917.66,16,33,0.0,18.0
30,355,294,28655.33,9917.66,16,33,31.02,16.0
30,355,294,28669.92,9912.8,16,33,233.39,14.0
30,355,294,28669.92,9912.8,16,33,241.63,13.0
30,355,294,28669.92,9912.8,16,33,310.81,12.0
30,355,294,28669.92,9912.8,16,33,0.0,18.0
30,355,294,28669.92,9912.8,16,33,31.02,16.0
30,355,295,27103.17,9609.01,17,38,233.39,14.0
30,355,295,27103.17,9609.01,17,38,241.63,13.0
30,355,295,27103.17,9609.01,17,38,310.81,12.0
30,355,295,27103.17,9609.01,17,38,0.0,18.0
30,355,295,27103.17,9609.01,17,38,31.02,16.0
30,355,295,27210.41,9559.25,17,38,233.39,14.0
30,355,295,27210.41,9559.25,17,38,241.63,13.0
30,355,295,27210.41,9559.25,17,38,310.81,12.0
30,355,295,27210.41,9559.25,17,38,0.0,18.0
30,355,295,27210.41,9559.25,17,38,31.02,16.0
30,355,295,27303.19,10892.68,16,36,233.39,14.0
30,355,295,27303.19,10892.68,16,36,241.63,13.0
30,355,295,27303.19,10892.68,16,36,310.81,12.0
30,355,295,27303.19,10892.68,16,36,0.0,18.0
30,355,295,27303.19,10892.68,16,36,31.02,16.0
30,355,295,27365.39,9953.26,17,36,233.39,14.0
30,355,295,27365.39,9953.26,17,36,241.63,13.0
30,355,295,27365.39,9953.26,17,36,310.81,12.0
30,355,295,27365.39,9953.26,17,36,0.0,18.0
30,355,295,27365.39,9953.26,17,36,31.02,16.0
30,355,295,27419.22,9752.33,17,36,233.39,14.0
30,355,295,27419.22,9752.33,17,36,241.63,13.0
30,355,295,27419.22,9752.33,17,36,310.81,12.0
30,355,295,27419.22,9752.33,17,36,0.0,18.0
30,355,295,27419.22,9752.33,17,36,31.02,16.0
30,355,295,27629.49,10612.62,17,34,233.39,14.0
30,355,295,27629.49,10612.62,17,34,241.63,13.0
30,355,295,27629.49,10612.62,17,34,310.81,12.0
30,355,295,27629.49,10612.62,17,34,0.0,18.0
30,355,295,27629.49,10612.62,17,34,31.02,16.0
30,355,295,27701.91,10630.06,17,33,233.39,14.0
30,355,295,27701.91,10630.06,17,33,241.63,13.0
30,355,295,27701.91,10630.06,17,33,310.81,12.0
30,355,295,27701.91,10630.06,17,33,0.0,18.0
30,355,295,27701.91,10630.06,17,33,31.02,16.0
30,355,295,27729.61,10330.85,17,35,233.39,14.0
30,355,295,27729.61,10330.85,17,35,241.63,13.0
30,355,295,27729.61,10330.85,17,35,310.81,12.0
30,355,295,27729.61,10330.85,17,35,0.0,18.0
30,355,295,27729.61,10330.85,17,35,31.02,16.0
30,355,295,28218.48,9960.28,16,34,233.39,14.0
30,355,295,28218.48,9960.28,16,34,241.63,13.0
30,355,295,28218.48,9960.28,16,34,310.81,12.0
30,355,295,28218.48,9960.28,16,34,0.0,18.0
30,355,295,28218.48,9960.28,16,34,31.02,16.0
30,355,295,28237.36,9819.98,17,35,233.39,14.0
30,355,295,28237.36,9819.98,17,35,241.63,13.0
30,355,295,28237.36,9819.98,17,35,310.81,12.0
30,355,295,28237.36,9819.98,17,35,0.0,18.0
30,355,295,28237.36,9819.98,17,35,31.02,16.0
30,355,295,28338.32,9870.64,16,35,233.39,14.0
30,355,295,28338.32,9870.64,16,35,241.63,13.0
30,355,295,28338.32,9870.64,16,35,310.81,12.0
30,355,295,28338.32,9870.64,16,35,0.0,18.0
30,355,295,28338.32,9870.64,16,35,31.02,16.0
30,355,295,28353.18,9866.84,16,35,233.39,14.0
30,355,295,28353.18,9866.84,16,35,241.63,13.0
30,355,295,28353.18,9866.84,16,35,310.81,12.0
30,355,295,28353.18,9866.84,16,35,0.0,18.0
30,355,295,28353.18,9866.84,16,35,31.02,16.0
30,355,295,28425.37,9759.75,16,37,233.39,14.0
30,355,295,28425.37,9759.75,16,37,241.63,13.0
30,355,295,28425.37,9759.75,16,37,310.81,12.0
30,355,295,28425.37,9759.75,16,37,0.0,18.0
30,355,295,28425.37,9759.75,16,37,31.02,16.0
30,355,295,28431.49,9759.75,16,36,233.39,14.0
30,355,295,28431.49,9759.75,16,36,241.63,13.0
30,355,295,28431.49,9759.75,16,36,310.81,12.0
30,355,295,28431.49,9759.75,16,36,0.0,18.0
30,355,295,28431.49,9759.75,16,36,31.02,16.0
30,355,295,28514.6,9643.65,16,38,233.39,14.0
30,355,295,28514.6,9643.65,16,38,241.63,13.0
30,355,295,28514.6,9643.65,16,38,310.81,12.0
30,355,295,28514.6,9643.65,16,38,0.0,18.0
30,355,295,28514.6,9643.65,16,38,31.02,16.0
30,355,295,28537.2,9846.78,16,34,233.39,14.0
30,355,295,28537.2,9846.78,16,34,241.63,13.0
30,355,295,28537.2,9846.78,16,34,310.81,12.0
30,355,295,28537.2,9846.78,16,34,0.0,18.0
30,355,295,28537.2,9846.78,16,34,31.02,16.0
30,355,295,28618.67,9665.57,17,34,233.39,14.0
30,355,295,28618.67,9665.57,17,34,241.63,13.0
30,355,295,28618.67,9665.57,17,34,310.81,12.0
30,355,295,28618.67,9665.57,17,34,0.0,18.0
30,355,295,28618.67,9665.57,17,34,31.02,16.0
30,355,295,28628.23,9637.77,17,34,233.39,14.0
30,355,295,28628.23,9637.77,17,34,241.63,13.0
30,355,295,28628.23,9637.77,17,34,310.81,12.0
30,355,295,28628.23,9637.77,17,34,0.0,18.0
30,355,295,28628.23,9637.77,17,34,31.02,16.0
30,355,295,28785.33,9910.29,16,33,233.39,14.0
30,355,295,28785.33,9910.29,16,33,241.63,13.0
30,355,295,28785.33,9910.29,16,33,310.81,12.0
30,355,295,28785.33,9910.29,16,33,0.0,18.0
30,355,295,28785.33,9910.29,16,33,31.02,16.0
30,355,295,28840.14,9875.3,16,33,233.39,14.0
30,355,295,28840.14,9875.3,16,33,241.63,13.0
30,355,295,28840.14,9875.3,16,33,310.81,12.0
30,355,295,28840.14,9875.3,16,33,0.0,18.0
30,355,295,28840.14,9875.3,16,33,31.02,16.0
30,355,296,27126.13,9481.89,17,38,233.39,14.0
30,355,296,27126.13,9481.89,17,38,241.63,13.0
30,355,296,27126.13,9481.89,17,38,310.81,12.0
30,355,296,27126.13,9481.89,17,38,0.0,18.0
30,355,296,27126.13,9481.89,17,38,31.02,16.0
30,355,296,27162.6,9625.63,17,36,233.39,14.0
30,355,296,27162.6,9625.63,17,36,241.63,13.0
30,355,296,27162.6,9625.63,17,36,310.81,12.0
30,355,296,27162.6,9625.63,17,36,0.0,18.0
30,355,296,27162.6,9625.63,17,36,31.02,16.0
30,355,296,27199.13,9559.25,17,37,233.39,14.0
30,355,296,27199.13,9559.25,17,37,241.63,13.0
30,355,296,27199.13,9559.25,17,37,310.81,12.0
30,355,296,27199.13,9559.25,17,37,0.0,18.0
30,355,296,27199.13,9559.25,17,37,31.02,16.0
30,355,296,27303.19,10858.9,16,36,233.39,14.0
30,355,296,27303.19,10858.9,16,36,241.63,13.0
30,355,296,27303.19,10858.9,16,36,310.81,12.0
30,355,296,27303.19,10858.9,16,36,0.0,18.0
30,355,296,27303.19,10858.9,16,36,31.02,16.0
30,355,296,27377.12,10705.06,16,35,233.39,14.0
30,355,296,27377.12,10705.06,16,35,241.63,13.0
30,355,296,27377.12,10705.06,16,35,310.81,12.0
30,355,296,27377.12,10705.06,16,35,0.0,18.0
30,355,296,27377.12,10705.06,16,35,31.02,16.0
30,355,296,27449.22,10476.94,17,35,233.39,14.0
30,355,296,27449.22,10476.94,17,35,241.63,13.0
30,355,296,27449.22,10476.94,17,35,310.81,12.0
30,355,296,27449.22,10476.94,17,35,0.0,18.0
30,355,296,27449.22,10476.94,17,35,31.02,16.0
30,355,296,27459.22,10597.07,16,35,233.39,14.0
30,355,296,27459.22,10597.07,16,35,241.63,13.0
30,355,296,27459.22,10597.07,16,35,310.81,12.0
30,355,296,27459.22,10597.07,16,35,0.0,18.0
30,355,296,27459.22,10597.07,16,35,31.02,16.0
30,355,296,27459.22,10597.07,16,35,233.39,14.0
30,355,296,27459.22,10597.07,16,35,241.63,13.0
30,355,296,27459.22,10597.07,16,35,310.81,12.0
30,355,296,27459.22,10597.07,16,35,0.0,18.0
30,355,296,27459.22,10597.07,16,35,31.02,16.0
30,355,296,27490.99,10462.47,17,35,233.39,14.0
30,355,296,27490.99,10462.47,17,35,241.63,13.0
30,355,296,27490.99,10462.47,17,35,310.81,12.0
30,355,296,27490.99,10462.47,17,35,0.0,18.0
30,355,296,27490.99,10462.47,17,35,31.02,16.0
30,355,296,27750.87,10541.1,17,34,233.39,14.0
30,355,296,27750.87,10541.1,17,34,241.63,13.0
30,355,296,27750.87,10541.1,17,34,310.81,12.0
30,355,296,27750.87,10541.1,17,34,0.0,18.0
30,355,296,27750.87,10541.1,17,34,31.02,16.0
30,355,296,27819.32,10472.51,16,36,233.39,14.0
30,355,296,27819.32,10472.51,16,36,241.63,13.0
30,355,296,27819.32,10472.51,16,36,310.81,12.0
30,355,296,27819.32,10472.51,16,36,0.0,18.0
30,355,296,27819.32,10472.51,16,36,31.02,16.0
30,355,296,27852.12,10459.44,16,36,233.39,14.0
30,355,296,27852.12,10459.44,16,36,241.63,13.0
30,355,296,27852.12,10459.44,16,36,310.81,12.0
30,355,296,27852.12,10459.44,16,36,0.0,18.0
30,355,296,27852.12,10459.44,16,36,31.02,16.0
30,355,296,28014.69,10383.29,16,34,233.39,14.0
30,355,296,28014.69,10383.29,16,34,241.63,13.0
30,355,296,28014.69,10383.29,16,34,310.81,12.0
30,355,296,28014.69,10383.29,16,34,0.0,18.0
30,355,296,28014.69,10383.29,16,34,31.02,16.0
30,355,296,28058.29,10246.1,16,34,233.39,14.0
30,355,296,28058.29,10246.1,16,34,241.63,13.0
30,355,296,28058.29,10246.1,16,34,310.81,12.0
30,355,296,28058.29,10246.1,16,34,0.0,18.0
30,355,296,28058.29,10246.1,16,34,31.02,16.0
30,355,296,28063.43,10244.37,16,34,233.39,14.0
30,355,296,28063.43,10244.37,16,34,241.63,13.0
30,355,296,28063.43,10244.37,16,34,310.81,12.0
30,355,296,28063.43,10244.37,16,34,0.0,18.0
30,355,296,28063.43,10244.37,16,34,31.02,16.0
30,355,296,28070.29,10129.38,16,34,233.39,14.0
30,355,296,28070.29,10129.38,16,34,241.63,13.0
30,355,296,28070.29,10129.38,16,34,310.81,12.0
30,355,296,28070.29,10129.38,16,34,0.0,18.0
30,355,296,28070.29,10129.38,16,34,31.02,16.0
30,355,296,28315.57,9846.78,16,34,233.39,14.0
30,355,296,28315.57,9846.78,16,34,241.63,13.0
30,355,296,28315.57,9846.78,16,34,310.81,12.0
30,355,296,28315.57,9846.78,16,34,0.0,18.0
30,355,296,28315.57,9846.78,16,34,31.02,16.0
30,355,296,28329.49,9811.69,16,34,233.39,14.0
30,355,296,28329.49,9811.69,16,34,241.63,13.0
30,355,296,28329.49,9811.69,16,34,310.81,12.0
30,355,296,28329.49,9811.69,16,34,0.0,18.0
30,355,296,28329.49,9811.69,16,34,31.02,16.0
30,355,296,28439.49,9755.2,16,38,233.39,14.0
30,355,296,28439.49,9755.2,16,38,241.63,13.0
30,355,296,28439.49,9755.2,16,38,310.81,12.0
30,355,296,28439.49,9755.2,16,38,0.0,18.0
30,355,296,28439.49,9755.2,16,38,31.02,16.0
30,355,296,28449.38,9709.44,16,38,233.39,14.0
30,355,296,28449.38,9709.44,16,38,241.63,13.0
30,355,296,28449.38,9709.44,16,38,310.81,12.0
30,355,296,28449.38,9709.44,16,38,0.0,18.0
30,355,296,28449.38,9709.44,16,38,31.02,16.0
30,355,296,28450.04,9643.65,16,38,233.39,14.0
30,355,296,28450.04,9643.65,16,38,241.63,13.0
30,355,296,28450.04,9643.65,16,38,310.81,12.0
30,355,296,28450.04,9643.65,16,38,0.0,18.0
30,355,296,28450.04,9643.65,16,38,31.02,16.0
30,355,296,28514.6,9629.09,16,38,233.39,14.0
30,355,296,28514.6,9629.09,16,38,241.63,13.0
30,355,296,28514.6,9629.09,16,38,310.81,12.0
30,355,296,28514.6,9629.09,16,38,0.0,18.0
30,355,296,28514.6,9629.09,16,38,31.02,16.0
30,355,296,28807.9,9875.3,16,33,233.39,14.0
30,355,296,28807.9,9875.3,16,33,241.63,13.0
30,355,296,28807.9,9875.3,16,33,310.81,12.0
30,355,296,28807.9,9875.3,16,33,0.0,18.0
30,355,296,28807.9,9875.3,16,33,31.02,16.0
30,355,296,35492.42,6584.65,17,39,233.39,14.0
30,355,296,35492.42,6584.65,17,39,241.63,13.0
30,355,296,35492.42,6584.65,17,39,310.81,12.0
30,355,296,35492.42,6584.65,17,39,0.0,18.0
30,355,296,35492.42,6584.65,17,39,31.02,16.0
30,355,297,26931.13,9922.64,17,36,233.39,14.0
30,355,297,26931.13,9922.64,17,36,241.63,13.0
30,355,297,26931.13,9922.64,17,36,310.81,12.0
30,355,297,26931.13,9922.64,17,36,0.0,18.0
30,355,297,26931.13,9922.64,17,36,31.02,16.0
30,355,297,27125.48,9625.63,17,36,233.39,14.0
30,355,297,27125.48,9625.63,17,36,241.63,13.0
30,355,297,27125.48,9625.63,17,36,310.81,12.0
30,355,297,27125.48,9625.63,17,36,0.0,18.0
30,355,297,27125.48,9625.63,17,36,31.02,16.0
30,355,297,27127.85,9572.52,17,37,233.39,14.0
30,355,297,27127.85,9572.52,17,37,241.63,13.0
30,355,297,27127.85,9572.52,17,37,310.81,12.0
30,355,297,27127.85,9572.52,17,37,0.0,18.0
30,355,297,27127.85,9572.52,17,37,31.02,16.0
30,355,297,27157.74,9540.19,17,37,233.39,14.0
30,355,297,27157.74,9540.19,17,37,241.63,13.0
30,355,297,27157.74,9540.19,17,37,310.81,12.0
30,355,297,27157.74,9540.19,17,37,0.0,18.0
30,355,297,27157.74,9540.19,17,37,31.02,16.0
30,355,297,27320.43,9397.59,17,37,233.39,14.0
30,355,297,27320.43,9397.59,17,37,241.63,13.0
30,355,297,27320.43,9397.59,17,37,310.81,12.0
30,355,297,27320.43,9397.59,17,37,0.0,18.0
30,355,297,27320.43,9397.59,17,37,31.02,16.0
30,355,297,27343.21,9325.75,17,36,233.39,14.0
30,355,297,27343.21,9325.75,17,36,241.63,13.0
30,355,297,27343.21,9325.75,17,36,310.81,12.0
30,355,297,27343.21,9325.75,17,36,0.0,18.0
30,355,297,27343.21,9325.75,17,36,31.02,16.0
30,355,297,27425.83,10523.72,17,35,233.39,14.0
30,355,297,27425.83,10523.72,17,35,241.63,13.0
30,355,297,27425.83,10523.72,17,35,310.81,12.0
30,355,297,27425.83,10523.72,17,35,0.0,18.0
30,355,297,27425.83,10523.72,17,35,31.02,16.0
30,355,297,27449.22,10455.4,17,35,233.39,14.0
30,355,297,27449.22,10455.4,17,35,241.63,13.0
30,355,297,27449.22,10455.4,17,35,310.81,12.0
30,355,297,27449.22,10455.4,17,35,0.0,18.0
30,355,297,27449.22,10455.4,17,35,31.02,16.0
30,355,297,27470.33,10523.72,17,34,233.39,14.0
30,355,297,27470.33,10523.72,17,34,241.63,13.0
30,355,297,27470.33,10523.72,17,34,310.81,12.0
30,355,297,27470.33,10523.72,17,34,0.0,18.0
30,355,297,27470.33,10523.72,17,34,31.02,16.0
30,355,297,27517.2,10518.85,17,34,233.39,14.0
30,355,297,27517.2,10518.85,17,34,241.63,13.0
30,355,297,27517.2,10518.85,17,34,310.81,12.0
30,355,297,27517.2,10518.85,17,34,0.0,18.0
30,355,297,27517.2,10518.85,17,34,31.02,16.0
30,355,297,27534.76,10424.71,17,35,233.39,14.0
30,355,297,27534.76,10424.71,17,35,241.63,13.0
30,355,297,27534.76,10424.71,17,35,310.81,12.0
30,355,297,27534.76,10424.71,17,35,0.0,18.0
30,355,297,27534.76,10424.71,17,35,31.02,16.0
30,355,297,27577.68,10491.91,17,34,233.39,14.0
30,355,297,27577.68,10491.91,17,34,241.63,13.0
30,355,297,27577.68,10491.91,17,34,310.81,12.0
30,355,297,27577.68,10491.91,17,34,0.0,18.0
30,355,297,27577.68,10491.91,17,34,31.02,16.0
30,355,297,27584.5,10582.67,16,36,233.39,14.0
30,355,297,27584.5,10582.67,16,36,241.63,13.0
30,355,297,27584.5,10582.67,16,36,310.81,12.0
30,355,297,27584.5,10582.67,16,36,0.0,18.0
30,355,297,27584.5,10582.67,16,36,31.02,16.0
30,355,297,27618.16,10396.04,17,35,233.39,14.0
30,355,297,27618.16,10396.04,17,35,241.63,13.0
30,355,297,27618.16,10396.04,17,35,310.81,12.0
30,355,297,27618.16,10396.04,17,35,0.0,18.0
30,355,297,27618.16,10396.04,17,35,31.02,16.0
30,355,297,27716.08,10393.25,17,35,233.39,14.0
30,355,297,27716.08,10393.25,17,35,241.63,13.0
30,355,297,27716.08,10393.25,17,35,310.81,12.0
30,355,297,27716.08,10393.25,17,35,0.0,18.0
30,355,297,27716.08,10393.25,17,35,31.02,16.0
30,355,297,27819.32,10459.44,16,36,233.39,14.0
30,355,297,27819.32,10459.44,16,36,241.63,13.0
30,355,297,27819.32,10459.44,16,36,310.81,12.0
30,355,297,27819.32,10459.44,16,36,0.0,18.0
30,355,297,27819.32,10459.44,16,36,31.02,16.0
30,355,297,28313.65,9902.17,16,34,233.39,14.0
30,355,297,28313.65,9902.17,16,34,241.63,13.0
30,355,297,28313.65,9902.17,16,34,310.81,12.0
30,355,297,28313.65,9902.17,16,34,0.0,18.0
30,355,297,28313.65,9902.17,16,34,31.02,16.0
30,355,297,28340.42,9760.27,16,34,233.39,14.0
30,355,297,28340.42,9760.27,16,34,241.63,13.0
30,355,297,28340.42,9760.27,16,34,310.81,12.0
30,355,297,28340.42,9760.27,16,34,0.0,18.0
30,355,297,28340.42,9760.27,16,34,31.02,16.0
30,355,297,28438.28,9567.28,16,35,233.39,14.0
30,355,297,28438.28,9567.28,16,35,241.63,13.0
30,355,297,28438.28,9567.28,16,35,310.81,12.0
30,355,297,28438.28,9567.28,16,35,0.0,18.0
30,355,297,28438.28,9567.28,16,35,31.02,16.0
30,355,297,28441.1,9725.36,17,34,233.39,14.0
30,355,297,28441.1,9725.36,17,34,241.63,13.0
30,355,297,28441.1,9725.36,17,34,310.81,12.0
30,355,297,28441.1,9725.36,17,34,0.0,18.0
30,355,297,28441.1,9725.36,17,34,31.02,16.0
30,355,297,28606.92,9651.1,17,34,233.39,14.0
30,355,297,28606.92,9651.1,17,34,241.63,13.0
30,355,297,28606.92,9651.1,17,34,310.81,12.0
30,355,297,28606.92,9651.1,17,34,0.0,18.0
30,355,297,28606.92,9651.1,17,34,31.02,16.0
30,355,298,26881.24,9945.49,17,36,233.39,14.0
30,355,298,26881.24,9945.49,17,36,241.63,13.0
30,355,298,26881.24,9945.49,17,36,310.81,12.0
30,355,298,26881.24,9945.49,17,36,0.0,18.0
30,355,298,26881.24,9945.49,17,36,31.02,16.0
30,355,298,27106.84,9987.01,17,35,233.39,14.0
30,355,298,27106.84,9987.01,17,35,241.63,13.0
30,355,298,27106.84,9987.01,17,35,310.81,12.0
30,355,298,27106.84,9987.01,17,35,0.0,18.0
30,355,298,27106.84,9987.01,17,35,31.02,16.0
30,355,298,27156.55,9500.24,17,37,233.39,14.0
30,355,298,27156.55,9500.24,17,37,241.63,13.0
30,355,298,27156.55,9500.24,17,37,310.81,12.0
30,355,298,27156.55,9500.24,17,37,0.0,18.0
30,355,298,27156.55,9500.24,17,37,31.02,16.0
30,355,298,27162.05,9340.88,17,37,233.39,14.0
30,355,298,27162.05,9340.88,17,37,241.63,13.0
30,355,298,27162.05,9340.88,17,37,310.81,12.0
30,355,298,27162.05,9340.88,17,37,0.0,18.0
30,355,298,27162.05,9340.88,17,37,31.02,16.0
30,355,298,27390.9,9508.36,17,35,233.39,14.0
30,355,298,27390.9,9508.36,17,35,241.63,13.0
30,355,298,27390.9,9508.36,17,35,310.81,12.0
30,355,298,27390.9,9508.36,17,35,0.0,18.0
30,355,298,27390.9,9508.36,17,35,31.02,16.0
30,355,298,27400.65,9368.95,17,35,233.39,14.0
30,355,298,27400.65,9368.95,17,35,241.63,13.0
30,355,298,27400.65,9368.95,17,35,310.81,12.0
30,355,298,27400.65,9368.95,17,35,0.0,18.0
30,355,298,27400.65,9368.95,17,35,31.02,16.0
30,355,298,27424.64,9280.72,17,35,233.39,14.0
30,355,298,27424.64,9280.72,17,35,241.63,13.0
30,355,298,27424.64,9280.72,17,35,310.81,12.0
30,355,298,27424.64,9280.72,17,35,0.0,18.0
30,355,298,27424.64,9280.72,17,35,31.02,16.0
30,355,298,28375.07,9679.82,16,37,233.39,14.0
30,355,298,28375.07,9679.82,16,37,241.63,13.0
30,355,298,28375.07,9679.82,16,37,310.81,12.0
30,355,298,28375.07,9679.82,16,37,0.0,18.0
30,355,298,28375.07,9679.82,16,37,31.02,16.0
30,355,298,28426.12,9654.78,16,37,233.39,14.0
30,355,298,28426.12,9654.78,16,37,241.63,13.0
30,355,298,28426.12,9654.78,16,37,310.81,12.0
30,355,298,28426.12,9654.78,16,37,0.0,18.0
30,355,298,28426.12,9654.78,16,37,31.02,16.0
30,355,298,28438.28,9502.3,16,35,233.39,14.0
30,355,298,28438.28,9502.3,16,35,241.63,13.0
30,355,298,28438.28,9502.3,16,35,310.81,12.0
30,355,298,28438.28,9502.3,16,35,0.0,18.0
30,355,298,28438.28,9502.3,16,35,31.02,16.0
30,355,298,28497.07,9566.98,16,34,233.39,14.0
30,355,298,28497.07,9566.98,16,34,241.63,13.0
30,355,298,28497.07,9566.98,16,34,310.81,12.0
30,355,298,28497.07,9566.98,16,34,0.0,18.0
30,355,298,28497.07,9566.98,16,34,31.02,16.0
30,355,298,28528.81,9505.58,16,34,233.39,14.0
30,355,298,28528.81,9505.58,16,34,241.63,13.0
30,355,298,28528.81,9505.58,16,34,310.81,12.0
30,355,298,28528.81,9505.58,16,34,0.0,18.0
30,355,298,28528.81,9505.58,16,34,31.02,16.0
30,355,299,26881.24,9923.19,17,36,233.39,14.0
30,355,299,26881.24,9923.19,17,36,241.63,13.0
30,355,299,26881.24,9923.19,17,36,310.81,12.0
30,355,299,26881.24,9923.19,17,36,0.0,18.0
30,355,299,26881.24,9923.19,17,36,31.02,16.0
30,355,299,26987.46,10011.46,17,35,233.39,14.0
30,355,299,26987.46,10011.46,17,35,241.63,13.0
30,355,299,26987.46,10011.46,17,35,310.81,12.0
30,355,299,26987.46,10011.46,17,35,0.0,18.0
30,355,299,26987.46,10011.46,17,35,31.02,16.0
30,355,299,26993.69,10011.27,17,35,233.39,14.0
30,355,299,26993.69,10011.27,17,35,241.63,13.0
30,355,299,26993.69,10011.27,17,35,310.81,12.0
30,355,299,26993.69,10011.27,17,35,0.0,18.0
30,355,299,26993.69,10011.27,17,35,31.02,16.0
30,355,299,27024.23,9888.16,17,35,233.39,14.0
30,355,299,27024.23,9888.16,17,35,241.63,13.0
30,355,299,27024.23,9888.16,17,35,310.81,12.0
30,355,299,27024.23,9888.16,17,35,0.0,18.0
30,355,299,27024.23,9888.16,17,35,31.02,16.0
30,355,299,27079.71,9928.73,17,34,233.39,14.0
30,355,299,27079.71,9928.73,17,34,241.63,13.0
30,355,299,27079.71,9928.73,17,34,310.81,12.0
30,355,299,27079.71,9928.73,17,34,0.0,18.0
30,355,299,27079.71,9928.73,17,34,31.02,16.0
30,355,299,27390.9,9426.36,17,35,233.39,14.0
30,355,299,27390.9,9426.36,17,35,241.63,13.0
30,355,299,27390.9,9426.36,17,35,310.81,12.0
30,355,299,27390.9,9426.36,17,35,0.0,18.0
30,355,299,27390.9,9426.36,17,35,31.02,16.0
30,355,299,28054.14,9846.95,16,35,233.39,14.0
30,355,299,28054.14,9846.95,16,35,241.63,13.0
30,355,299,28054.14,9846.95,16,35,310.81,12.0
30,355,299,28054.14,9846.95,16,35,0.0,18.0
30,355,299,28054.14,9846.95,16,35,31.02,16.0
30,355,299,28099.89,9846.95,16,34,233.39,14.0
30,355,299,28099.89,9846.95,16,34,241.63,13.0
30,355,299,28099.89,9846.95,16,34,310.81,12.0
30,355,299,28099.89,9846.95,16,34,0.0,18.0
30,355,299,28099.89,9846.95,16,34,31.02,16.0
30,355,299,28108.25,9710.78,17,34,233.39,14.0
30,355,299,28108.25,9710.78,17,34,241.63,13.0
30,355,299,28108.25,9710.78,17,34,310.81,12.0
30,355,299,28108.25,9710.78,17,34,0.0,18.0
30,355,299,28108.25,9710.78,17,34,31.02,16.0
30,355,299,28108.25,9710.78,17,34,233.39,14.0
30,355,299,28108.25,9710.78,17,34,241.63,13.0
30,355,299,28108.25,9710.78,17,34,310.81,12.0
30,355,299,28108.25,9710.78,17,34,0.0,18.0
30,355,299,28108.25,9710.78,17,34,31.02,16.0
30,355,299,28272.66,9803.52,16,34,233.39,14.0
30,355,299,28272.66,9803.52,16,34,241.63,13.0
30,355,299,28272.66,9803.52,16,34,310.81,12.0
30,355,299,28272.66,9803.52,16,34,0.0,18.0
30,355,299,28272.66,9803.52,16,34,31.02,16.0
30,355,299,28355.32,9679.82,16,37,233.39,14.0
30,355,299,28355.32,9679.82,16,37,241.63,13.0
30,355,299,28355.32,9679.82,16,37,310.81,12.0
30,355,299,28355.32,9679.82,16,37,0.0,18.0
30,355,299,28355.32,9679.82,16,37,31.02,16.0
30,355,299,28381.29,9679.82,16,36,233.39,14.0
30,355,299,28381.29,9679.82,16,36,241.63,13.0
30,355,299,28381.29,9679.82,16,36,310.81,12.0
30,355,299,28381.29,9679.82,16,36,0.0,18.0
30,355,299,28381.29,9679.82,16,36,31.02,16.0
30,355,299,28497.07,9550.95,16,34,233.39,14.0
30,355,299,28497.07,9550.95,16,34,241.63,13.0
30,355,299,28497.07,9550.95,16,34,310.81,12.0
30,355,299,28497.07,9550.95,16,34,0.0,18.0
30,355,299,28497.07,9550.95,16,34,31.02,16.0
30,355,299,28497.07,9550.95,16,34,233.39,14.0
30,355,299,28497.07,9550.95,16,34,241.63,13.0
30,355,299,28497.07,9550.95,16,34,310.81,12.0
30,355,299,28497.07,9550.95,16,34,0.0,18.0
30,355,299,28497.07,9550.95,16,34,31.02,16.0
30,355,299,28625.25,9438.47,16,34,233.39,14.0
30,355,299,28625.25,9438.47,16,34,241.63,13.0
30,355,299,28625.25,9438.47,16,34,310.81,12.0
30,355,299,28625.25,9438.47,16,34,0.0,18.0
30,355,299,28625.25,9438.47,16,34,31.02,16.0
30,355,300,26845.68,9923.19,17,36,233.39,14.0
30,355,300,26845.68,9923.19,17,36,241.63,13.0
30,355,300,26845.68,9923.19,17,36,310.81,12.0
30,355,300,26845.68,9923.19,17,36,0.0,18.0
30,355,300,26845.68,9923.19,17,36,31.02,16.0
30,355,300,26884.28,9859.87,17,36,233.39,14.0
30,355,300,26884.28,9859.87,17,36,241.63,13.0
30,355,300,26884.28,9859.87,17,36,310.81,12.0
30,355,300,26884.28,9859.87,17,36,0.0,18.0
30,355,300,26884.28,9859.87,17,36,31.02,16.0
30,355,300,26923.89,9859.87,17,35,233.39,14.0
30,355,300,26923.89,9859.87,17,35,241.63,13.0
30,355,300,26923.89,9859.87,17,35,310.81,12.0
30,355,300,26923.89,9859.87,17,35,0.0,18.0
30,355,300,26923.89,9859.87,17,35,31.02,16.0
30,355,300,27079.71,9875.63,17,34,233.39,14.0
30,355,300,27079.71,9875.63,17,34,241.63,13.0
30,355,300,27079.71,9875.63,17,34,310.81,12.0
30,355,300,27079.71,9875.63,17,34,0.0,18.0
30,355,300,27079.71,9875.63,17,34,31.02,16.0
30,355,300,27154.82,9854.91,17,34,233.39,14.0
30,355,300,27154.82,9854.91,17,34,241.63,13.0
30,355,300,27154.82,9854.91,17,34,310.81,12.0
30,355,300,27154.82,9854.91,17,34,0.0,18.0
30,355,300,27154.82,9854.91,17,34,31.02,16.0
30,355,300,27397.02,9401.34,17,35,233.39,14.0
30,355,300,27397.02,9401.34,17,35,241.63,13.0
30,355,300,27397.02,9401.34,17,35,310.81,12.0
30,355,300,27397.02,9401.34,17,35,0.0,18.0
30,355,300,27397.02,9401.34,17,35,31.02,16.0
30,355,300,27597.87,9223.91,17,38,233.39,14.0
30,355,300,27597.87,9223.91,17,38,241.63,13.0
30,355,300,27597.87,9223.91,17,38,310.81,12.0
30,355,300,27597.87,9223.91,17,38,0.0,18.0
30,355,300,27597.87,9223.91,17,38,31.02,16.0
30,355,300,27856.36,10167.34,16,36,233.39,14.0
30,355,300,27856.36,10167.34,16,36,241.63,13.0
30,355,300,27856.36,10167.34,16,36,310.81,12.0
30,355,300,27856.36,10167.34,16,36,0.0,18.0
30,355,300,27856.36,10167.34,16,36,31.02,16.0
30,355,300,28024.79,9978.65,16,36,233.39,14.0
30,355,300,28024.79,9978.65,16,36,241.63,13.0
30,355,300,28024.79,9978.65,16,36,310.81,12.0
30,355,300,28024.79,9978.65,16,36,0.0,18.0
30,355,300,28024.79,9978.65,16,36,31.02,16.0
30,355,300,28031.63,9912.43,16,36,233.39,14.0
30,355,300,28031.63,9912.43,16,36,241.63,13.0
30,355,300,28031.63,9912.43,16,36,310.81,12.0
30,355,300,28031.63,9912.43,16,36,0.0,18.0
30,355,300,28031.63,9912.43,16,36,31.02,16.0
30,355,300,28438.28,9485.92,16,35,233.39,14.0
30,355,300,28438.28,9485.92,16,35,241.63,13.0
30,355,300,28438.28,9485.92,16,35,310.81,12.0
30,355,300,28438.28,9485.92,16,35,0.0,18.0
30,355,300,28438.28,9485.92,16,35,31.02,16.0
30,355,301,26861.94,9864.86,17,36,233.39,14.0
30,355,301,26861.94,9864.86,17,36,241.63,13.0
30,355,301,26861.94,9864.86,17,36,310.81,12.0
30,355,301,26861.94,9864.86,17,36,0.0,18.0
30,355,301,26861.94,9864.86,17,36,31.02,16.0
30,355,301,27081.16,9768.18,17,35,233.39,14.0
30,355,301,27081.16,9768.18,17,35,241.63,13.0
30,355,301,27081.16,9768.18,17,35,310.81,12.0
30,355,301,27081.16,9768.18,17,35,0.0,18.0
30,355,301,27081.16,9768.18,17,35,31.02,16.0
30,355,301,27143.63,9249.8,17,38,233.39,14.0
30,355,301,27143.63,9249.8,17,38,241.63,13.0
30,355,301,27143.63,9249.8,17,38,310.81,12.0
30,355,301,27143.63,9249.8,17,38,0.0,18.0
30,355,301,27143.63,9249.8,17,38,31.02,16.0
30,355,301,27145.79,9854.91,17,34,233.39,14.0
30,355,301,27145.79,9854.91,17,34,241.63,13.0
30,355,301,27145.79,9854.91,17,34,310.81,12.0
30,355,301,27145.79,9854.91,17,34,0.0,18.0
30,355,301,27145.79,9854.91,17,34,31.02,16.0
30,355,301,27154.82,9706.58,17,34,233.39,14.0
30,355,301,27154.82,9706.58,17,34,241.63,13.0
30,355,301,27154.82,9706.58,17,34,310.81,12.0
30,355,301,27154.82,9706.58,17,34,0.0,18.0
30,355,301,27154.82,9706.58,17,34,31.02,16.0
30,355,301,27188.92,9483.14,17,36,233.39,14.0
30,355,301,27188.92,9483.14,17,36,241.63,13.0
30,355,301,27188.92,9483.14,17,36,310.81,12.0
30,355,301,27188.92,9483.14,17,36,0.0,18.0
30,355,301,27188.92,9483.14,17,36,31.02,16.0
30,355,301,27188.92,9483.14,17,36,233.39,14.0
30,355,301,27188.92,9483.14,17,36,241.63,13.0
30,355,301,27188.92,9483.14,17,36,310.81,12.0
30,355,301,27188.92,9483.14,17,36,0.0,18.0
30,355,301,27188.92,9483.14,17,36,31.02,16.0
30,355,301,27252.26,9413.28,17,36,233.39,14.0
30,355,301,27252.26,9413.28,17,36,241.63,13.0
30,355,301,27252.26,9413.28,17,36,310.81,12.0
30,355,301,27252.26,9413.28,17,36,0.0,18.0
30,355,301,27252.26,9413.28,17,36,31.02,16.0
30,355,301,27272.73,9229.39,17,38,233.39,14.0
30,355,301,27272.73,9229.39,17,38,241.63,13.0
30,355,301,27272.73,9229.39,17,38,310.81,12.0
30,355,301,27272.73,9229.39,17,38,0.0,18.0
30,355,301,27272.73,9229.39,17,38,31.02,16.0
30,355,301,27275.74,9136.75,17,38,233.39,14.0
30,355,301,27275.74,9136.75,17,38,241.63,13.0
30,355,301,27275.74,9136.75,17,38,310.81,12.0
30,355,301,27275.74,9136.75,17,38,0.0,18.0
30,355,301,27275.74,9136.75,17,38,31.02,16.0
30,355,301,27294.09,9351.62,17,36,233.39,14.0
30,355,301,27294.09,9351.62,17,36,241.63,13.0
30,355,301,27294.09,9351.62,17,36,310.81,12.0
30,355,301,27294.09,9351.62,17,36,0.0,18.0
30,355,301,27294.09,9351.62,17,36,31.02,16.0
30,355,301,27587.87,9647.97,16,36,233.39,14.0
30,355,301,27587.87,9647.97,16,36,241.63,13.0
30,355,301,27587.87,9647.97,16,36,310.81,12.0
30,355,301,27587.87,9647.97,16,36,0.0,18.0
30,355,301,27587.87,9647.97,16,36,31.02,16.0
30,355,301,28032.97,9963.83,15,37,233.39,14.0
30,355,301,28032.97,9963.83,15,37,241.63,13.0
30,355,301,28032.97,9963.83,15,37,310.81,12.0
30,355,301,28032.97,9963.83,15,37,0.0,18.0
30,355,301,28032.97,9963.83,15,37,31.02,16.0
30,355,301,28057.68,9846.98,15,37,233.39,14.0
30,355,301,28057.68,9846.98,15,37,241.63,13.0
30,355,301,28057.68,9846.98,15,37,310.81,12.0
30,355,301,28057.68,9846.98,15,37,0.0,18.0
30,355,301,28057.68,9846.98,15,37,31.02,16.0
30,355,301,28315.27,9540.85,15,35,233.39,14.0
30,355,301,28315.27,9540.85,15,35,241.63,13.0
30,355,301,28315.27,9540.85,15,35,310.81,12.0
30,355,301,28315.27,9540.85,15,35,0.0,18.0
30,355,301,28315.27,9540.85,15,35,31.02,16.0
30,355,301,28411.56,9433.69,16,35,233.39,14.0
30,355,301,28411.56,9433.69,16,35,241.63,13.0
30,355,301,28411.56,9433.69,16,35,310.81,12.0
30,355,301,28411.56,9433.69,16,35,0.0,18.0
30,355,301,28411.56,9433.69,16,35,31.02,16.0
30,355,301,29080.01,9048.12,17,36,233.39,14.0
30,355,301,29080.01,9048.12,17,36,241.63,13.0
30,355,301,29080.01,9048.12,17,36,310.81,12.0
30,355,301,29080.01,9048.12,17,36,0.0,18.0
30,355,301,29080.01,9048.12,17,36,31.02,16.0
30,355,301,29121.27,9090.44,16,36,233.39,14.0
30,355,301,29121.27,9090.44,16,36,241.63,13.0
30,355,301,29121.27,9090.44,16,36,310.81,12.0
30,355,301,29121.27,9090.44,16,36,0.0,18.0
30,355,301,29121.27,9090.44,16,36,31.02,16.0
30,355,302,26663.53,9939.38,17,37,233.39,14.0
30,355,302,26663.53,9939.38,17,37,241.63,13.0
30,355,302,26663.53,9939.38,17,37,310.81,12.0
30,355,302,26663.53,9939.38,17,37,0.0,18.0
30,355,302,26663.53,9939.38,17,37,31.02,16.0
30,355,302,26754.75,9645.19,17,35,233.39,14.0
30,355,302,26754.75,9645.19,17,35,241.63,13.0
30,355,302,26754.75,9645.19,17,35,310.81,12.0
30,355,302,26754.75,9645.19,17,35,0.0,18.0
30,355,302,26754.75,9645.19,17,35,31.02,16.0
30,355,302,26796.63,9598.3,17,35,233.39,14.0
30,355,302,26796.63,9598.3,17,35,241.63,13.0
30,355,302,26796.63,9598.3,17,35,310.81,12.0
30,355,302,26796.63,9598.3,17,35,0.0,18.0
30,355,302,26796.63,9598.3,17,35,31.02,16.0
30,355,302,26831.13,9969.68,17,33,233.39,14.0
30,355,302,26831.13,9969.68,17,33,241.63,13.0
30,355,302,26831.13,9969.68,17,33,310.81,12.0
30,355,302,26831.13,9969.68,17,33,0.0,18.0
30,355,302,26831.13,9969.68,17,33,31.02,16.0
30,355,302,26831.13,9969.68,17,33,233.39,14.0
30,355,302,26831.13,9969.68,17,33,241.63,13.0
30,355,302,26831.13,9969.68,17,33,310.81,12.0
30,355,302,26831.13,9969.68,17,33,0.0,18.0
30,355,302,26831.13,9969.68,17,33,31.02,16.0
30,355,302,26862.98,9901.03,17,34,233.39,14.0
30,355,302,26862.98,9901.03,17,34,241.63,13.0
30,355,302,26862.98,9901.03,17,34,310.81,12.0
30,355,302,26862.98,9901.03,17,34,0.0,18.0
30,355,302,26862.98,9901.03,17,34,31.02,16.0
30,355,302,27073.0,9845.3,17,34,233.39,14.0
30,355,302,27073.0,9845.3,17,34,241.63,13.0
30,355,302,27073.0,9845.3,17,34,310.81,12.0
30,355,302,27073.0,9845.3,17,34,0.0,18.0
30,355,302,27073.0,9845.3,17,34,31.02,16.0
30,355,302,27211.16,9160.18,17,38,233.39,14.0
30,355,302,27211.16,9160.18,17,38,241.63,13.0
30,355,302,27211.16,9160.18,17,38,310.81,12.0
30,355,302,27211.16,9160.18,17,38,0.0,18.0
30,355,302,27211.16,9160.18,17,38,31.02,16.0
30,355,302,27306.68,9292.65,17,37,233.39,14.0
30,355,302,27306.68,9292.65,17,37,241.63,13.0
30,355,302,27306.68,9292.65,17,37,310.81,12.0
30,355,302,27306.68,9292.65,17,37,0.0,18.0
30,355,302,27306.68,9292.65,17,37,31.02,16.0
30,355,302,27348.49,9594.04,16,39,233.39,14.0
30,355,302,27348.49,9594.04,16,39,241.63,13.0
30,355,302,27348.49,9594.04,16,39,310.81,12.0
30,355,302,27348.49,9594.04,16,39,0.0,18.0
30,355,302,27348.49,9594.04,16,39,31.02,16.0
30,355,302,27380.02,9383.79,17,35,233.39,14.0
30,355,302,27380.02,9383.79,17,35,241.63,13.0
30,355,302,27380.02,9383.79,17,35,310.81,12.0
30,355,302,27380.02,9383.79,17,35,0.0,18.0
30,355,302,27380.02,9383.79,17,35,31.02,16.0
30,355,302,27564.16,9245.3,17,37,233.39,14.0
30,355,302,27564.16,9245.3,17,37,241.63,13.0
30,355,302,27564.16,9245.3,17,37,310.81,12.0
30,355,302,27564.16,9245.3,17,37,0.0,18.0
30,355,302,27564.16,9245.3,17,37,31.02,16.0
30,355,302,27573.02,9647.97,16,36,233.39,14.0
30,355,302,27573.02,9647.97,16,36,241.63,13.0
30,355,302,27573.02,9647.97,16,36,310.81,12.0
30,355,302,27573.02,9647.97,16,36,0.0,18.0
30,355,302,27573.02,9647.97,16,36,31.02,16.0
30,355,302,27575.72,9571.78,16,39,233.39,14.0
30,355,302,27575.72,9571.78,16,39,241.63,13.0
30,355,302,27575.72,9571.78,16,39,310.81,12.0
30,355,302,27575.72,9571.78,16,39,0.0,18.0
30,355,302,27575.72,9571.78,16,39,31.02,16.0
30,355,302,27614.72,9575.82,16,36,233.39,14.0
30,355,302,27614.72,9575.82,16,36,241.63,13.0
30,355,302,27614.72,9575.82,16,36,310.81,12.0
30,355,302,27614.72,9575.82,16,36,0.0,18.0
30,355,302,27614.72,9575.82,16,36,31.02,16.0
30,355,302,27868.7,9625.78,16,35,233.39,14.0
30,355,302,27868.7,9625.78,16,35,241.63,13.0
30,355,302,27868.7,9625.78,16,35,310.81,12.0
30,355,302,27868.7,9625.78,16,35,0.0,18.0
30,355,302,27868.7,9625.78,16,35,31.02,16.0
30,355,302,27897.05,9771.37,15,36,233.39,14.0
30,355,302,27897.05,9771.37,15,36,241.63,13.0
30,355,302,27897.05,9771.37,15,36,310.81,12.0
30,355,302,27897.05,9771.37,15,36,0.0,18.0
30,355,302,27897.05,9771.37,15,36,31.02,16.0
30,355,302,28061.1,9201.71,17,36,233.39,14.0
30,355,302,28061.1,9201.71,17,36,241.63,13.0
30,355,302,28061.1,9201.71,17,36,310.81,12.0
30,355,302,28061.1,9201.71,17,36,0.0,18.0
30,355,302,28061.1,9201.71,17,36,31.02,16.0
30,355,302,28241.94,9540.85,15,34,233.39,14.0
30,355,302,28241.94,9540.85,15,34,241.63,13.0
30,355,302,28241.94,9540.85,15,34,310.81,12.0
30,355,302,28241.94,9540.85,15,34,0.0,18.0
30,355,302,28241.94,9540.85,15,34,31.02,16.0
30,355,302,28261.68,9174.87,17,36,233.39,14.0
30,355,302,28261.68,9174.87,17,36,241.63,13.0
30,355,302,28261.68,9174.87,17,36,310.81,12.0
30,355,302,28261.68,9174.87,17,36,0.0,18.0
30,355,302,28261.68,9174.87,17,36,31.02,16.0
30,355,302,28309.35,9492.0,15,36,233.39,14.0
30,355,302,28309.35,9492.0,15,36,241.63,13.0
30,355,302,28309.35,9492.0,15,36,310.81,12.0
30,355,302,28309.35,9492.0,15,36,0.0,18.0
30,355,302,28309.35,9492.0,15,36,31.02,16.0
30,355,302,28330.38,9531.33,15,35,233.39,14.0
30,355,302,28330.38,9531.33,15,35,241.63,13.0
30,355,302,28330.38,9531.33,15,35,310.81,12.0
30,355,302,28330.38,9531.33,15,35,0.0,18.0
30,355,302,28330.38,9531.33,15,35,31.02,16.0
30,355,302,28358.53,9492.0,15,35,233.39,14.0
30,355,302,28358.53,9492.0,15,35,241.63,13.0
30,355,302,28358.53,9492.0,15,35,310.81,12.0
30,355,302,28358.53,9492.0,15,35,0.0,18.0
30,355,302,28358.53,9492.0,15,35,31.02,16.0
30,355,302,28371.66,9344.37,16,35,233.39,14.0
30,355,302,28371.66,9344.37,16,35,241.63,13.0
30,355,302,28371.66,9344.37,16,35,310.81,12.0
30,355,302,28371.66,9344.37,16,35,0.0,18.0
30,355,302,28371.66,9344.37,16,35,31.02,16.0
30,355,302,28783.56,8841.26,15,34,233.39,14.0
30,355,302,28783.56,8841.26,15,34,241.63,13.0
30,355,302,28783.56,8841.26,15,34,310.81,12.0
30,355,302,28783.56,8841.26,15,34,0.0,18.0
30,355,302,28783.56,8841.26,15,34,31.02,16.0
30,355,303,26754.75,9590.57,17,35,233.39,14.0
30,355,303,26754.75,9590.57,17,35,241.63,13.0
30,355,303,26754.75,9590.57,17,35,310.81,12.0
30,355,303,26754.75,9590.57,17,35,0.0,18.0
30,355,303,26754.75,9590.57,17,35,31.02,16.0
30,355,303,26898.98,9980.44,17,32,233.39,14.0
30,355,303,26898.98,9980.44,17,32,241.63,13.0
30,355,303,26898.98,9980.44,17,32,310.81,12.0
30,355,303,26898.98,9980.44,17,32,0.0,18.0
30,355,303,26898.98,9980.44,17,32,31.02,16.0
30,355,303,26924.69,9969.68,17,32,233.39,14.0
30,355,303,26924.69,9969.68,17,32,241.63,13.0
30,355,303,26924.69,9969.68,17,32,310.81,12.0
30,355,303,26924.69,9969.68,17,32,0.0,18.0
30,355,303,26924.69,9969.68,17,32,31.02,16.0
30,355,303,26978.64,9908.36,17,33,233.39,14.0
30,355,303,26978.64,9908.36,17,33,241.63,13.0
30,355,303,26978.64,9908.36,17,33,310.81,12.0
30,355,303,26978.64,9908.36,17,33,0.0,18.0
30,355,303,26978.64,9908.36,17,33,31.02,16.0
30,355,303,27175.93,9490.9,17,36,233.39,14.0
30,355,303,27175.93,9490.9,17,36,241.63,13.0
30,355,303,27175.93,9490.9,17,36,310.81,12.0
30,355,303,27175.93,9490.9,17,36,0.0,18.0
30,355,303,27175.93,9490.9,17,36,31.02,16.0
30,355,303,27227.23,9383.79,17,36,233.39,14.0
30,355,303,27227.23,9383.79,17,36,241.63,13.0
30,355,303,27227.23,9383.79,17,36,310.81,12.0
30,355,303,27227.23,9383.79,17,36,0.0,18.0
30,355,303,27227.23,9383.79,17,36,31.02,16.0
30,355,303,27228.44,9594.04,16,39,233.39,14.0
30,355,303,27228.44,9594.04,16,39,241.63,13.0
30,355,303,27228.44,9594.04,16,39,310.81,12.0
30,355,303,27228.44,9594.04,16,39,0.0,18.0
30,355,303,27228.44,9594.04,16,39,31.02,16.0
30,355,303,27262.01,9383.79,17,35,233.39,14.0
30,355,303,27262.01,9383.79,17,35,241.63,13.0
30,355,303,27262.01,9383.79,17,35,310.81,12.0
30,355,303,27262.01,9383.79,17,35,0.0,18.0
30,355,303,27262.01,9383.79,17,35,31.02,16.0
30,355,303,27330.39,9488.97,16,39,233.39,14.0
30,355,303,27330.39,9488.97,16,39,241.63,13.0
30,355,303,27330.39,9488.97,16,39,310.81,12.0
30,355,303,27330.39,9488.97,16,39,0.0,18.0
30,355,303,27330.39,9488.97,16,39,31.02,16.0
30,355,303,27573.92,9629.47,16,37,233.39,14.0
30,355,303,27573.92,9629.47,16,37,241.63,13.0
30,355,303,27573.92,9629.47,16,37,310.81,12.0
30,355,303,27573.92,9629.47,16,37,0.0,18.0
30,355,303,27573.92,9629.47,16,37,31.02,16.0
30,355,303,27614.72,9516.4,16,36,233.39,14.0
30,355,303,27614.72,9516.4,16,36,241.63,13.0
30,355,303,27614.72,9516.4,16,36,310.81,12.0
30,355,303,27614.72,9516.4,16,36,0.0,18.0
30,355,303,27614.72,9516.4,16,36,31.02,16.0
30,355,303,27616.03,8955.4,17,35,233.39,14.0
30,355,303,27616.03,8955.4,17,35,241.63,13.0
30,355,303,27616.03,8955.4,17,35,310.81,12.0
30,355,303,27616.03,8955.4,17,35,0.0,18.0
30,355,303,27616.03,8955.4,17,35,31.02,16.0
30,355,303,27776.88,9775.82,15,36,233.39,14.0
30,355,303,27776.88,9775.82,15,36,241.63,13.0
30,355,303,27776.88,9775.82,15,36,310.81,12.0
30,355,303,27776.88,9775.82,15,36,0.0,18.0
30,355,303,27776.88,9775.82,15,36,31.02,16.0
30,355,303,27804.85,9616.38,15,37,233.39,14.0
30,355,303,27804.85,9616.38,15,37,241.63,13.0
30,355,303,27804.85,9616.38,15,37,310.81,12.0
30,355,303,27804.85,9616.38,15,37,0.0,18.0
30,355,303,27804.85,9616.38,15,37,31.02,16.0
30,355,303,27817.91,9767.44,16,35,233.39,14.0
30,355,303,27817.91,9767.44,16,35,241.63,13.0
30,355,303,27817.91,9767.44,16,35,310.81,12.0
30,355,303,27817.91,9767.44,16,35,0.0,18.0
30,355,303,27817.91,9767.44,16,35,31.02,16.0
30,355,303,27868.7,9574.47,16,35,233.39,14.0
30,355,303,27868.7,9574.47,16,35,241.63,13.0
30,355,303,27868.7,9574.47,16,35,310.81,12.0
30,355,303,27868.7,9574.47,16,35,0.0,18.0
30,355,303,27868.7,9574.47,16,35,31.02,16.0
30,355,303,27938.74,9716.61,15,36,233.39,14.0
30,355,303,27938.74,9716.61,15,36,241.63,13.0
30,355,303,27938.74,9716.61,15,36,310.81,12.0
30,355,303,27938.74,9716.61,15,36,0.0,18.0
30,355,303,27938.74,9716.61,15,36,31.02,16.0
30,355,303,27949.59,9711.36,15,36,233.39,14.0
30,355,303,27949.59,9711.36,15,36,241.63,13.0
30,355,303,27949.59,9711.36,15,36,310.81,12.0
30,355,303,27949.59,9711.36,15,36,0.0,18.0
30,355,303,27949.59,9711.36,15,36,31.02,16.0
30,355,303,27967.59,9490.52,16,36,233.39,14.0
30,355,303,27967.59,9490.52,16,36,241.63,13.0
30,355,303,27967.59,9490.52,16,36,310.81,12.0
30,355,303,27967.59,9490.52,16,36,0.0,18.0
30,355,303,27967.59,9490.52,16,36,31.02,16.0
30,355,303,28053.39,8988.28,16,36,233.39,14.0
30,355,303,28053.39,8988.28,16,36,241.63,13.0
30,355,303,28053.39,8988.28,16,36,310.81,12.0
30,355,303,28053.39,8988.28,16,36,0.0,18.0
30,355,303,28053.39,8988.28,16,36,31.02,16.0
30,355,303,28157.51,8973.71,16,37,233.39,14.0
30,355,303,28157.51,8973.71,16,37,241.63,13.0
30,355,303,28157.51,8973.71,16,37,310.81,12.0
30,355,303,28157.51,8973.71,16,37,0.0,18.0
30,355,303,28157.51,8973.71,16,37,31.02,16.0
30,355,303,28200.26,9060.86,16,35,233.39,14.0
30,355,303,28200.26,9060.86,16,35,241.63,13.0
30,355,303,28200.26,9060.86,16,35,310.81,12.0
30,355,303,28200.26,9060.86,16,35,0.0,18.0
30,355,303,28200.26,9060.86,16,35,31.02,16.0
30,355,303,28283.14,9536.51,15,34,233.39,14.0
30,355,303,28283.14,9536.51,15,34,241.63,13.0
30,355,303,28283.14,9536.51,15,34,310.81,12.0
30,355,303,28283.14,9536.51,15,34,0.0,18.0
30,355,303,28283.14,9536.51,15,34,31.02,16.0
30,355,303,28298.98,8896.95,17,36,233.39,14.0
30,355,303,28298.98,8896.95,17,36,241.63,13.0
30,355,303,28298.98,8896.95,17,36,310.81,12.0
30,355,303,28298.98,8896.95,17,36,0.0,18.0
30,355,303,28298.98,8896.95,17,36,31.02,16.0
30,355,303,28309.35,9430.45,15,36,233.39,14.0
30,355,303,28309.35,9430.45,15,36,241.63,13.0
30,355,303,28309.35,9430.45,15,36,310.81,12.0
30,355,303,28309.35,9430.45,15,36,0.0,18.0
30,355,303,28309.35,9430.45,15,36,31.02,16.0
30,355,303,28601.37,8762.45,17,38,233.39,14.0
30,355,303,28601.37,8762.45,17,38,241.63,13.0
30,355,303,28601.37,8762.45,17,38,310.81,12.0
30,355,303,28601.37,8762.45,17,38,0.0,18.0
30,355,303,28601.37,8762.45,17,38,31.02,16.0
30,355,303,28629.82,8715.2,17,38,233.39,14.0
30,355,303,28629.82,8715.2,17,38,241.63,13.0
30,355,303,28629.82,8715.2,17,38,310.81,12.0
30,355,303,28629.82,8715.2,17,38,0.0,18.0
30,355,303,28629.82,8715.2,17,38,31.02,16.0
30,355,303,28645.6,8967.69,15,34,233.39,14.0
30,355,303,28645.6,8967.69,15,34,241.63,13.0
30,355,303,28645.6,8967.69,15,34,310.81,12.0
30,355,303,28645.6,8967.69,15,34,0.0,18.0
30,355,303,28645.6,8967.69,15,34,31.02,16.0
30,355,303,28781.17,8713.09,17,39,233.39,14.0
30,355,303,28781.17,8713.09,17,39,241.63,13.0
30,355,303,28781.17,8713.09,17,39,310.81,12.0
30,355,303,28781.17,8713.09,17,39,0.0,18.0
30,355,303,28781.17,8713.09,17,39,31.02,16.0
30,355,303,28783.56,8702.86,15,34,233.39,14.0
30,355,303,28783.56,8702.86,15,34,241.63,13.0
30,355,303,28783.56,8702.86,15,34,310.81,12.0
30,355,303,28783.56,8702.86,15,34,0.0,18.0
30,355,303,28783.56,8702.86,15,34,31.02,16.0
30,355,304,26912.28,9504.88,17,34,233.39,14.0
30,355,304,26912.28,9504.88,17,34,241.63,13.0
30,355,304,26912.28,9504.88,17,34,310.81,12.0
30,355,304,26912.28,9504.88,17,34,0.0,18.0
30,355,304,26912.28,9504.88,17,34,31.02,16.0
30,355,304,27175.93,9490.72,17,36,233.39,14.0
30,355,304,27175.93,9490.72,17,36,241.63,13.0
30,355,304,27175.93,9490.72,17,36,310.81,12.0
30,355,304,27175.93,9490.72,17,36,0.0,18.0
30,355,304,27175.93,9490.72,17,36,31.02,16.0
30,355,304,27310.85,9533.54,16,39,233.39,14.0
30,355,304,27310.85,9533.54,16,39,241.63,13.0
30,355,304,27310.85,9533.54,16,39,310.81,12.0
30,355,304,27310.85,9533.54,16,39,0.0,18.0
30,355,304,27310.85,9533.54,16,39,31.02,16.0
30,355,304,27419.38,9462.81,16,38,233.39,14.0
30,355,304,27419.38,9462.81,16,38,241.63,13.0
30,355,304,27419.38,9462.81,16,38,310.81,12.0
30,355,304,27419.38,9462.81,16,38,0.0,18.0
30,355,304,27419.38,9462.81,16,38,31.02,16.0
30,355,304,27573.92,9604.76,16,37,233.39,14.0
30,355,304,27573.92,9604.76,16,37,241.63,13.0
30,355,304,27573.92,9604.76,16,37,310.81,12.0
30,355,304,27573.92,9604.76,16,37,0.0,18.0
30,355,304,27573.92,9604.76,16,37,31.02,16.0
30,355,304,27616.03,8922.42,17,35,233.39,14.0
30,355,304,27616.03,8922.42,17,35,241.63,13.0
30,355,304,27616.03,8922.42,17,35,310.81,12.0
30,355,304,27616.03,8922.42,17,35,0.0,18.0
30,355,304,27616.03,8922.42,17,35,31.02,16.0
30,355,304,27712.35,9144.15,17,34,233.39,14.0
30,355,304,27712.35,9144.15,17,34,241.63,13.0
30,355,304,27712.35,9144.15,17,34,310.81,12.0
30,355,304,27712.35,9144.15,17,34,0.0,18.0
30,355,304,27712.35,9144.15,17,34,31.02,16.0
30,355,304,27732.25,9578.89,15,37,233.39,14.0
30,355,304,27732.25,9578.89,15,37,241.63,13.0
30,355,304,27732.25,9578.89,15,37,310.81,12.0
30,355,304,27732.25,9578.89,15,37,0.0,18.0
30,355,304,27732.25,9578.89,15,37,31.02,16.0
30,355,304,27736.15,8881.82,17,36,233.39,14.0
30,355,304,27736.15,8881.82,17,36,241.63,13.0
30,355,304,27736.15,8881.82,17,36,310.81,12.0
30,355,304,27736.15,8881.82,17,36,0.0,18.0
30,355,304,27736.15,8881.82,17,36,31.02,16.0
30,355,304,27767.79,10548.94,16,35,233.39,14.0
30,355,304,27767.79,10548.94,16,35,241.63,13.0
30,355,304,27767.79,10548.94,16,35,310.81,12.0
30,355,304,27767.79,10548.94,16,35,0.0,18.0
30,355,304,27767.79,10548.94,16,35,31.02,16.0
30,355,304,27811.38,9277.88,15,35,233.39,14.0
30,355,304,27811.38,9277.88,15,35,241.63,13.0
30,355,304,27811.38,9277.88,15,35,310.81,12.0
30,355,304,27811.38,9277.88,15,35,0.0,18.0
30,355,304,27811.38,9277.88,15,35,31.02,16.0
30,355,304,27811.38,9277.88,15,35,233.39,14.0
30,355,304,27811.38,9277.88,15,35,241.63,13.0
30,355,304,27811.38,9277.88,15,35,310.81,12.0
30,355,304,27811.38,9277.88,15,35,0.0,18.0
30,355,304,27811.38,9277.88,15,35,31.02,16.0
30,355,304,27842.59,9149.44,16,33,233.39,14.0
30,355,304,27842.59,9149.44,16,33,241.63,13.0
30,355,304,27842.59,9149.44,16,33,310.81,12.0
30,355,304,27842.59,9149.44,16,33,0.0,18.0
30,355,304,27842.59,9149.44,16,33,31.02,16.0
30,355,304,27842.59,9149.44,16,33,233.39,14.0
30,355,304,27842.59,9149.44,16,33,241.63,13.0
30,355,304,27842.59,9149.44,16,33,310.81,12.0
30,355,304,27842.59,9149.44,16,33,0.0,18.0
30,355,304,27842.59,9149.44,16,33,31.02,16.0
30,355,304,27896.22,9131.64,16,34,233.39,14.0
30,355,304,27896.22,9131.64,16,34,241.63,13.0
30,355,304,27896.22,9131.64,16,34,310.81,12.0
30,355,304,27896.22,9131.64,16,34,0.0,18.0
30,355,304,27896.22,9131.64,16,34,31.02,16.0
30,355,304,27948.16,9154.87,15,36,233.39,14.0
30,355,304,27948.16,9154.87,15,36,241.63,13.0
30,355,304,27948.16,9154.87,15,36,310.81,12.0
30,355,304,27948.16,9154.87,15,36,0.0,18.0
30,355,304,27948.16,9154.87,15,36,31.02,16.0
30,355,304,27985.35,9154.87,15,35,233.39,14.0
30,355,304,27985.35,9154.87,15,35,241.63,13.0
30,355,304,27985.35,9154.87,15,35,310.81,12.0
30,355,304,27985.35,9154.87,15,35,0.0,18.0
30,355,304,27985.35,9154.87,15,35,31.02,16.0
30,355,304,28136.77,9088.3,16,35,233.39,14.0
30,355,304,28136.77,9088.3,16,35,241.63,13.0
30,355,304,28136.77,9088.3,16,35,310.81,12.0
30,355,304,28136.77,9088.3,16,35,0.0,18.0
30,355,304,28136.77,9088.3,16,35,31.02,16.0
30,355,304,28157.22,8763.26,16,38,233.39,14.0
30,355,304,28157.22,8763.26,16,38,241.63,13.0
30,355,304,28157.22,8763.26,16,38,310.81,12.0
30,355,304,28157.22,8763.26,16,38,0.0,18.0
30,355,304,28157.22,8763.26,16,38,31.02,16.0
30,355,304,28336.41,9651.76,14,37,233.39,14.0
30,355,304,28336.41,9651.76,14,37,241.63,13.0
30,355,304,28336.41,9651.76,14,37,310.81,12.0
30,355,304,28336.41,9651.76,14,37,0.0,18.0
30,355,304,28336.41,9651.76,14,37,31.02,16.0
30,355,304,28444.78,8746.14,17,37,233.39,14.0
30,355,304,28444.78,8746.14,17,37,241.63,13.0
30,355,304,28444.78,8746.14,17,37,310.81,12.0
30,355,304,28444.78,8746.14,17,37,0.0,18.0
30,355,304,28444.78,8746.14,17,37,31.02,16.0
30,355,304,28464.44,9188.56,14,35,233.39,14.0
30,355,304,28464.44,9188.56,14,35,241.63,13.0
30,355,304,28464.44,9188.56,14,35,310.81,12.0
30,355,304,28464.44,9188.56,14,35,0.0,18.0
30,355,304,28464.44,9188.56,14,35,31.02,16.0
30,355,304,28589.69,9039.04,15,34,233.39,14.0
30,355,304,28589.69,9039.04,15,34,241.63,13.0
30,355,304,28589.69,9039.04,15,34,310.81,12.0
30,355,304,28589.69,9039.04,15,34,0.0,18.0
30,355,304,28589.69,9039.04,15,34,31.02,16.0
30,355,304,28618.68,8715.25,17,39,233.39,14.0
30,355,304,28618.68,8715.25,17,39,241.63,13.0
30,355,304,28618.68,8715.25,17,39,310.81,12.0
30,355,304,28618.68,8715.25,17,39,0.0,18.0
30,355,304,28618.68,8715.25,17,39,31.02,16.0
30,355,304,28629.82,8648.08,17,38,233.39,14.0
30,355,304,28629.82,8648.08,17,38,241.63,13.0
30,355,304,28629.82,8648.08,17,38,310.81,12.0
30,355,304,28629.82,8648.08,17,38,0.0,18.0
30,355,304,28629.82,8648.08,17,38,31.02,16.0
30,355,304,28670.05,8492.95,17,39,233.39,14.0
30,355,304,28670.05,8492.95,17,39,241.63,13.0
30,355,304,28670.05,8492.95,17,39,310.81,12.0
30,355,304,28670.05,8492.95,17,39,0.0,18.0
30,355,304,28670.05,8492.95,17,39,31.02,16.0
30,355,304,28676.54,8710.67,16,34,233.39,14.0
30,355,304,28676.54,8710.67,16,34,241.63,13.0
30,355,304,28676.54,8710.67,16,34,310.81,12.0
30,355,304,28676.54,8710.67,16,34,0.0,18.0
30,355,304,28676.54,8710.67,16,34,31.02,16.0
30,355,304,28687.29,8849.73,15,34,233.39,14.0
30,355,304,28687.29,8849.73,15,34,241.63,13.0
30,355,304,28687.29,8849.73,15,34,310.81,12.0
30,355,304,28687.29,8849.73,15,34,0.0,18.0
30,355,304,28687.29,8849.73,15,34,31.02,16.0
30,355,304,28790.37,8754.41,14,34,233.39,14.0
30,355,304,28790.37,8754.41,14,34,241.63,13.0
30,355,304,28790.37,8754.41,14,34,310.81,12.0
30,355,304,28790.37,8754.41,14,34,0.0,18.0
30,355,304,28790.37,8754.41,14,34,31.02,16.0
30,355,305,26744.28,9657.16,17,35,233.39,14.0
30,355,305,26744.28,9657.16,17,35,241.63,13.0
30,355,305,26744.28,9657.16,17,35,310.81,12.0
30,355,305,26744.28,9657.16,17,35,0.0,18.0
30,355,305,26744.28,9657.16,17,35,31.02,16.0
30,355,305,26862.88,9760.3,17,34,233.39,14.0
30,355,305,26862.88,9760.3,17,34,241.63,13.0
30,355,305,26862.88,9760.3,17,34,310.81,12.0
30,355,305,26862.88,9760.3,17,34,0.0,18.0
30,355,305,26862.88,9760.3,17,34,31.02,16.0
30,355,305,26967.89,9752.54,17,33,233.39,14.0
30,355,305,26967.89,9752.54,17,33,241.63,13.0
30,355,305,26967.89,9752.54,17,33,310.81,12.0
30,355,305,26967.89,9752.54,17,33,0.0,18.0
30,355,305,26967.89,9752.54,17,33,31.02,16.0
30,355,305,26997.11,9733.66,17,32,233.39,14.0
30,355,305,26997.11,9733.66,17,32,241.63,13.0
30,355,305,26997.11,9733.66,17,32,310.81,12.0
30,355,305,26997.11,9733.66,17,32,0.0,18.0
30,355,305,26997.11,9733.66,17,32,31.02,16.0
30,355,305,27244.57,9748.98,16,34,233.39,14.0
30,355,305,27244.57,9748.98,16,34,241.63,13.0
30,355,305,27244.57,9748.98,16,34,310.81,12.0
30,355,305,27244.57,9748.98,16,34,0.0,18.0
30,355,305,27244.57,9748.98,16,34,31.02,16.0
30,355,305,27250.0,10602.46,16,32,233.39,14.0
30,355,305,27250.0,10602.46,16,32,241.63,13.0
30,355,305,27250.0,10602.46,16,32,310.81,12.0
30,355,305,27250.0,10602.46,16,32,0.0,18.0
30,355,305,27250.0,10602.46,16,32,31.02,16.0
30,355,305,27271.04,9531.76,16,36,233.39,14.0
30,355,305,27271.04,9531.76,16,36,241.63,13.0
30,355,305,27271.04,9531.76,16,36,310.81,12.0
30,355,305,27271.04,9531.76,16,36,0.0,18.0
30,355,305,27271.04,9531.76,16,36,31.02,16.0
30,355,305,27353.39,9678.13,16,35,233.39,14.0
30,355,305,27353.39,9678.13,16,35,241.63,13.0
30,355,305,27353.39,9678.13,16,35,310.81,12.0
30,355,305,27353.39,9678.13,16,35,0.0,18.0
30,355,305,27353.39,9678.13,16,35,31.02,16.0
30,355,305,27435.13,9479.04,16,36,233.39,14.0
30,355,305,27435.13,9479.04,16,36,241.63,13.0
30,355,305,27435.13,9479.04,16,36,310.81,12.0
30,355,305,27435.13,9479.04,16,36,0.0,18.0
30,355,305,27435.13,9479.04,16,36,31.02,16.0
30,355,305,27461.5,9604.02,15,35,233.39,14.0
30,355,305,27461.5,9604.02,15,35,241.63,13.0
30,355,305,27461.5,9604.02,15,35,310.81,12.0
30,355,305,27461.5,9604.02,15,35,0.0,18.0
30,355,305,27461.5,9604.02,15,35,31.02,16.0
30,355,305,27508.35,8922.42,17,34,233.39,14.0
30,355,305,27508.35,8922.42,17,34,241.63,13.0
30,355,305,27508.35,8922.42,17,34,310.81,12.0
30,355,305,27508.35,8922.42,17,34,0.0,18.0
30,355,305,27508.35,8922.42,17,34,31.02,16.0
30,355,305,27526.56,9586.33,16,35,233.39,14.0
30,355,305,27526.56,9586.33,16,35,241.63,13.0
30,355,305,27526.56,9586.33,16,35,310.81,12.0
30,355,305,27526.56,9586.33,16,35,0.0,18.0
30,355,305,27526.56,9586.33,16,35,31.02,16.0
30,355,305,27594.15,8893.72,17,37,233.39,14.0
30,355,305,27594.15,8893.72,17,37,241.63,13.0
30,355,305,27594.15,8893.72,17,37,310.81,12.0
30,355,305,27594.15,8893.72,17,37,0.0,18.0
30,355,305,27594.15,8893.72,17,37,31.02,16.0
30,355,305,27596.9,8812.39,17,37,233.39,14.0
30,355,305,27596.9,8812.39,17,37,241.63,13.0
30,355,305,27596.9,8812.39,17,37,310.81,12.0
30,355,305,27596.9,8812.39,17,37,0.0,18.0
30,355,305,27596.9,8812.39,17,37,31.02,16.0
30,355,305,27607.07,9256.69,16,36,233.39,14.0
30,355,305,27607.07,9256.69,16,36,241.63,13.0
30,355,305,27607.07,9256.69,16,36,310.81,12.0
30,355,305,27607.07,9256.69,16,36,0.0,18.0
30,355,305,27607.07,9256.69,16,36,31.02,16.0
30,355,305,27687.51,8881.82,17,36,233.39,14.0
30,355,305,27687.51,8881.82,17,36,241.63,13.0
30,355,305,27687.51,8881.82,17,36,310.81,12.0
30,355,305,27687.51,8881.82,17,36,0.0,18.0
30,355,305,27687.51,8881.82,17,36,31.02,16.0
30,355,305,27711.72,9277.88,15,35,233.39,14.0
30,355,305,27711.72,9277.88,15,35,241.63,13.0
30,355,305,27711.72,9277.88,15,35,310.81,12.0
30,355,305,27711.72,9277.88,15,35,0.0,18.0
30,355,305,27711.72,9277.88,15,35,31.02,16.0
30,355,305,27734.47,8790.46,17,37,233.39,14.0
30,355,305,27734.47,8790.46,17,37,241.63,13.0
30,355,305,27734.47,8790.46,17,37,310.81,12.0
30,355,305,27734.47,8790.46,17,37,0.0,18.0
30,355,305,27734.47,8790.46,17,37,31.02,16.0
30,355,305,27748.77,9419.18,14,36,233.39,14.0
30,355,305,27748.77,9419.18,14,36,241.63,13.0
30,355,305,27748.77,9419.18,14,36,310.81,12.0
30,355,305,27748.77,9419.18,14,36,0.0,18.0
30,355,305,27748.77,9419.18,14,36,31.02,16.0
30,355,305,27896.89,9205.12,15,38,233.39,14.0
30,355,305,27896.89,9205.12,15,38,241.63,13.0
30,355,305,27896.89,9205.12,15,38,310.81,12.0
30,355,305,27896.89,9205.12,15,38,0.0,18.0
30,355,305,27896.89,9205.12,15,38,31.02,16.0
30,355,305,28038.92,9076.69,16,36,233.39,14.0
30,355,305,28038.92,9076.69,16,36,241.63,13.0
30,355,305,28038.92,9076.69,16,36,310.81,12.0
30,355,305,28038.92,9076.69,16,36,0.0,18.0
30,355,305,28038.92,9076.69,16,36,31.02,16.0
30,355,305,28050.88,9047.3,16,36,233.39,14.0
30,355,305,28050.88,9047.3,16,36,241.63,13.0
30,355,305,28050.88,9047.3,16,36,310.81,12.0
30,355,305,28050.88,9047.3,16,36,0.0,18.0
30,355,305,28050.88,9047.3,16,36,31.02,16.0
30,355,305,28147.09,8832.97,16,37,233.39,14.0
30,355,305,28147.09,8832.97,16,37,241.63,13.0
30,355,305,28147.09,8832.97,16,37,310.81,12.0
30,355,305,28147.09,8832.97,16,37,0.0,18.0
30,355,305,28147.09,8832.97,16,37,31.02,16.0
30,355,305,28160.9,8758.76,16,38,233.39,14.0
30,355,305,28160.9,8758.76,16,38,241.63,13.0
30,355,305,28160.9,8758.76,16,38,310.81,12.0
30,355,305,28160.9,8758.76,16,38,0.0,18.0
30,355,305,28160.9,8758.76,16,38,31.02,16.0
30,355,305,28164.62,8746.14,17,37,233.39,14.0
30,355,305,28164.62,8746.14,17,37,241.63,13.0
30,355,305,28164.62,8746.14,17,37,310.81,12.0
30,355,305,28164.62,8746.14,17,37,0.0,18.0
30,355,305,28164.62,8746.14,17,37,31.02,16.0
30,355,305,28302.34,8986.23,16,36,233.39,14.0
30,355,305,28302.34,8986.23,16,36,241.63,13.0
30,355,305,28302.34,8986.23,16,36,310.81,12.0
30,355,305,28302.34,8986.23,16,36,0.0,18.0
30,355,305,28302.34,8986.23,16,36,31.02,16.0
30,355,305,28407.38,9169.61,15,34,233.39,14.0
30,355,305,28407.38,9169.61,15,34,241.63,13.0
30,355,305,28407.38,9169.61,15,34,310.81,12.0
30,355,305,28407.38,9169.61,15,34,0.0,18.0
30,355,305,28407.38,9169.61,15,34,31.02,16.0
30,355,305,28453.91,9165.49,14,34,233.39,14.0
30,355,305,28453.91,9165.49,14,34,241.63,13.0
30,355,305,28453.91,9165.49,14,34,310.81,12.0
30,355,305,28453.91,9165.49,14,34,0.0,18.0
30,355,305,28453.91,9165.49,14,34,31.02,16.0
30,355,305,28490.0,8657.17,17,38,233.39,14.0
30,355,305,28490.0,8657.17,17,38,241.63,13.0
30,355,305,28490.0,8657.17,17,38,310.81,12.0
30,355,305,28490.0,8657.17,17,38,0.0,18.0
30,355,305,28490.0,8657.17,17,38,31.02,16.0
30,355,305,28490.0,8657.17,17,38,233.39,14.0
30,355,305,28490.0,8657.17,17,38,241.63,13.0
30,355,305,28490.0,8657.17,17,38,310.81,12.0
30,355,305,28490.0,8657.17,17,38,0.0,18.0
30,355,305,28490.0,8657.17,17,38,31.02,16.0
30,355,305,28533.25,8572.95,17,38,233.39,14.0
30,355,305,28533.25,8572.95,17,38,241.63,13.0
30,355,305,28533.25,8572.95,17,38,310.81,12.0
30,355,305,28533.25,8572.95,17,38,0.0,18.0
30,355,305,28533.25,8572.95,17,38,31.02,16.0
30,355,305,28589.69,8975.83,15,34,233.39,14.0
30,355,305,28589.69,8975.83,15,34,241.63,13.0
30,355,305,28589.69,8975.83,15,34,310.81,12.0
30,355,305,28589.69,8975.83,15,34,0.0,18.0
30,355,305,28589.69,8975.83,15,34,31.02,16.0
30,355,305,28629.82,8543.72,17,38,233.39,14.0
30,355,305,28629.82,8543.72,17,38,241.63,13.0
30,355,305,28629.82,8543.72,17,38,310.81,12.0
30,355,305,28629.82,8543.72,17,38,0.0,18.0
30,355,305,28629.82,8543.72,17,38,31.02,16.0
30,355,305,28670.98,8849.73,15,34,233.39,14.0
30,355,305,28670.98,8849.73,15,34,241.63,13.0
30,355,305,28670.98,8849.73,15,34,310.81,12.0
30,355,305,28670.98,8849.73,15,34,0.0,18.0
30,355,305,28670.98,8849.73,15,34,31.02,16.0
30,355,305,28687.02,9126.03,16,33,233.39,14.0
30,355,305,28687.02,9126.03,16,33,241.63,13.0
30,355,305,28687.02,9126.03,16,33,310.81,12.0
30,355,305,28687.02,9126.03,16,33,0.0,18.0
30,355,305,28687.02,9126.03,16,33,31.02,16.0
30,355,305,28687.29,8622.63,16,34,233.39,14.0
30,355,305,28687.29,8622.63,16,34,241.63,13.0
30,355,305,28687.29,8622.63,16,34,310.81,12.0
30,355,305,28687.29,8622.63,16,34,0.0,18.0
30,355,305,28687.29,8622.63,16,34,31.02,16.0
30,355,306,26712.86,9618.25,17,34,233.39,14.0
30,355,306,26712.86,9618.25,17,34,241.63,13.0
30,355,306,26712.86,9618.25,17,34,310.81,12.0
30,355,306,26712.86,9618.25,17,34,0.0,18.0
30,355,306,26712.86,9618.25,17,34,31.02,16.0
30,355,306,26901.64,9569.71,17,34,233.39,14.0
30,355,306,26901.64,9569.71,17,34,241.63,13.0
30,355,306,26901.64,9569.71,17,34,310.81,12.0
30,355,306,26901.64,9569.71,17,34,0.0,18.0
30,355,306,26901.64,9569.71,17,34,31.02,16.0
30,355,306,26901.64,9629.53,16,34,233.39,14.0
30,355,306,26901.64,9629.53,16,34,241.63,13.0
30,355,306,26901.64,9629.53,16,34,310.81,12.0
30,355,306,26901.64,9629.53,16,34,0.0,18.0
30,355,306,26901.64,9629.53,16,34,31.02,16.0
30,355,306,27173.93,9459.27,15,36,233.39,14.0
30,355,306,27173.93,9459.27,15,36,241.63,13.0
30,355,306,27173.93,9459.27,15,36,310.81,12.0
30,355,306,27173.93,9459.27,15,36,0.0,18.0
30,355,306,27173.93,9459.27,15,36,31.02,16.0
30,355,306,27213.53,9522.21,17,33,233.39,14.0
30,355,306,27213.53,9522.21,17,33,241.63,13.0
30,355,306,27213.53,9522.21,17,33,310.81,12.0
30,355,306,27213.53,9522.21,17,33,0.0,18.0
30,355,306,27213.53,9522.21,17,33,31.02,16.0
30,355,306,27225.71,9453.36,15,36,233.39,14.0
30,355,306,27225.71,9453.36,15,36,241.63,13.0
30,355,306,27225.71,9453.36,15,36,310.81,12.0
30,355,306,27225.71,9453.36,15,36,0.0,18.0
30,355,306,27225.71,9453.36,15,36,31.02,16.0
30,355,306,27302.04,9307.96,17,33,233.39,14.0
30,355,306,27302.04,9307.96,17,33,241.63,13.0
30,355,306,27302.04,9307.96,17,33,310.81,12.0
30,355,306,27302.04,9307.96,17,33,0.0,18.0
30,355,306,27302.04,9307.96,17,33,31.02,16.0
30,355,306,27415.04,9607.46,15,35,233.39,14.0
30,355,306,27415.04,9607.46,15,35,241.63,13.0
30,355,306,27415.04,9607.46,15,35,310.81,12.0
30,355,306,27415.04,9607.46,15,35,0.0,18.0
30,355,306,27415.04,9607.46,15,35,31.02,16.0
30,355,306,27471.36,9642.81,16,33,233.39,14.0
30,355,306,27471.36,9642.81,16,33,241.63,13.0
30,355,306,27471.36,9642.81,16,33,310.81,12.0
30,355,306,27471.36,9642.81,16,33,0.0,18.0
30,355,306,27471.36,9642.81,16,33,31.02,16.0
30,355,306,27503.09,9490.67,14,36,233.39,14.0
30,355,306,27503.09,9490.67,14,36,241.63,13.0
30,355,306,27503.09,9490.67,14,36,310.81,12.0
30,355,306,27503.09,9490.67,14,36,0.0,18.0
30,355,306,27503.09,9490.67,14,36,31.02,16.0
30,355,306,27526.56,9530.26,16,35,233.39,14.0
30,355,306,27526.56,9530.26,16,35,241.63,13.0
30,355,306,27526.56,9530.26,16,35,310.81,12.0
30,355,306,27526.56,9530.26,16,35,0.0,18.0
30,355,306,27526.56,9530.26,16,35,31.02,16.0
30,355,306,27540.79,9310.02,16,36,233.39,14.0
30,355,306,27540.79,9310.02,16,36,241.63,13.0
30,355,306,27540.79,9310.02,16,36,310.81,12.0
30,355,306,27540.79,9310.02,16,36,0.0,18.0
30,355,306,27540.79,9310.02,16,36,31.02,16.0
30,355,306,27562.7,9400.63,14,36,233.39,14.0
30,355,306,27562.7,9400.63,14,36,241.63,13.0
30,355,306,27562.7,9400.63,14,36,310.81,12.0
30,355,306,27562.7,9400.63,14,36,0.0,18.0
30,355,306,27562.7,9400.63,14,36,31.02,16.0
30,355,306,27589.79,8803.75,17,35,233.39,14.0
30,355,306,27589.79,8803.75,17,35,241.63,13.0
30,355,306,27589.79,8803.75,17,35,310.81,12.0
30,355,306,27589.79,8803.75,17,35,0.0,18.0
30,355,306,27589.79,8803.75,17,35,31.02,16.0
30,355,306,27659.01,10581.54,16,32,233.39,14.0
30,355,306,27659.01,10581.54,16,32,241.63,13.0
30,355,306,27659.01,10581.54,16,32,310.81,12.0
30,355,306,27659.01,10581.54,16,32,0.0,18.0
30,355,306,27659.01,10581.54,16,32,31.02,16.0
30,355,306,27686.74,9286.11,16,35,233.39,14.0
30,355,306,27686.74,9286.11,16,35,241.63,13.0
30,355,306,27686.74,9286.11,16,35,310.81,12.0
30,355,306,27686.74,9286.11,16,35,0.0,18.0
30,355,306,27686.74,9286.11,16,35,31.02,16.0
30,355,306,27703.35,9268.96,14,37,233.39,14.0
30,355,306,27703.35,9268.96,14,37,241.63,13.0
30,355,306,27703.35,9268.96,14,37,310.81,12.0
30,355,306,27703.35,9268.96,14,37,0.0,18.0
30,355,306,27703.35,9268.96,14,37,31.02,16.0
30,355,306,27711.23,9268.96,14,36,233.39,14.0
30,355,306,27711.23,9268.96,14,36,241.63,13.0
30,355,306,27711.23,9268.96,14,36,310.81,12.0
30,355,306,27711.23,9268.96,14,36,0.0,18.0
30,355,306,27711.23,9268.96,14,36,31.02,16.0
30,355,306,27711.72,9250.14,15,35,233.39,14.0
30,355,306,27711.72,9250.14,15,35,241.63,13.0
30,355,306,27711.72,9250.14,15,35,310.81,12.0
30,355,306,27711.72,9250.14,15,35,0.0,18.0
30,355,306,27711.72,9250.14,15,35,31.02,16.0
30,355,306,27716.23,9239.75,15,37,233.39,14.0
30,355,306,27716.23,9239.75,15,37,241.63,13.0
30,355,306,27716.23,9239.75,15,37,310.81,12.0
30,355,306,27716.23,9239.75,15,37,0.0,18.0
30,355,306,27716.23,9239.75,15,37,31.02,16.0
30,355,306,27719.11,8744.72,17,37,233.39,14.0
30,355,306,27719.11,8744.72,17,37,241.63,13.0
30,355,306,27719.11,8744.72,17,37,310.81,12.0
30,355,306,27719.11,8744.72,17,37,0.0,18.0
30,355,306,27719.11,8744.72,17,37,31.02,16.0
30,355,306,27762.36,9112.68,16,35,233.39,14.0
30,355,306,27762.36,9112.68,16,35,241.63,13.0
30,355,306,27762.36,9112.68,16,35,310.81,12.0
30,355,306,27762.36,9112.68,16,35,0.0,18.0
30,355,306,27762.36,9112.68,16,35,31.02,16.0
30,355,306,27762.77,9100.91,15,37,233.39,14.0
30,355,306,27762.77,9100.91,15,37,241.63,13.0
30,355,306,27762.77,9100.91,15,37,310.81,12.0
30,355,306,27762.77,9100.91,15,37,0.0,18.0
30,355,306,27762.77,9100.91,15,37,31.02,16.0
30,355,306,27792.36,9204.49,15,34,233.39,14.0
30,355,306,27792.36,9204.49,15,34,241.63,13.0
30,355,306,27792.36,9204.49,15,34,310.81,12.0
30,355,306,27792.36,9204.49,15,34,0.0,18.0
30,355,306,27792.36,9204.49,15,34,31.02,16.0
30,355,306,27816.26,9221.04,14,37,233.39,14.0
30,355,306,27816.26,9221.04,14,37,241.63,13.0
30,355,306,27816.26,9221.04,14,37,310.81,12.0
30,355,306,27816.26,9221.04,14,37,0.0,18.0
30,355,306,27816.26,9221.04,14,37,31.02,16.0
30,355,306,27838.55,9047.7,16,34,233.39,14.0
30,355,306,27838.55,9047.7,16,34,241.63,13.0
30,355,306,27838.55,9047.7,16,34,310.81,12.0
30,355,306,27838.55,9047.7,16,34,0.0,18.0
30,355,306,27838.55,9047.7,16,34,31.02,16.0
30,355,306,27842.59,9118.06,16,33,233.39,14.0
30,355,306,27842.59,9118.06,16,33,241.63,13.0
30,355,306,27842.59,9118.06,16,33,310.81,12.0
30,355,306,27842.59,9118.06,16,33,0.0,18.0
30,355,306,27842.59,9118.06,16,33,31.02,16.0
30,355,306,27889.73,8676.45,17,37,233.39,14.0
30,355,306,27889.73,8676.45,17,37,241.63,13.0
30,355,306,27889.73,8676.45,17,37,310.81,12.0
30,355,306,27889.73,8676.45,17,37,0.0,18.0
30,355,306,27889.73,8676.45,17,37,31.02,16.0
30,355,306,27922.87,8832.97,16,37,233.39,14.0
30,355,306,27922.87,8832.97,16,37,241.63,13.0
30,355,306,27922.87,8832.97,16,37,310.81,12.0
30,355,306,27922.87,8832.97,16,37,0.0,18.0
30,355,306,27922.87,8832.97,16,37,31.02,16.0
30,355,306,28006.38,8971.3,16,36,233.39,14.0
30,355,306,28006.38,8971.3,16,36,241.63,13.0
30,355,306,28006.38,8971.3,16,36,310.81,12.0
30,355,306,28006.38,8971.3,16,36,0.0,18.0
30,355,306,28006.38,8971.3,16,36,31.02,16.0
30,355,306,28115.45,8758.76,16,38,233.39,14.0
30,355,306,28115.45,8758.76,16,38,241.63,13.0
30,355,306,28115.45,8758.76,16,38,310.81,12.0
30,355,306,28115.45,8758.76,16,38,0.0,18.0
30,355,306,28115.45,8758.76,16,38,31.02,16.0
30,355,306,28137.04,9106.51,15,33,233.39,14.0
30,355,306,28137.04,9106.51,15,33,241.63,13.0
30,355,306,28137.04,9106.51,15,33,310.81,12.0
30,355,306,28137.04,9106.51,15,33,0.0,18.0
30,355,306,28137.04,9106.51,15,33,31.02,16.0
30,355,306,28213.1,8613.88,16,36,233.39,14.0
30,355,306,28213.1,8613.88,16,36,241.63,13.0
30,355,306,28213.1,8613.88,16,36,310.81,12.0
30,355,306,28213.1,8613.88,16,36,0.0,18.0
30,355,306,28213.1,8613.88,16,36,31.02,16.0
30,355,306,28305.62,8479.56,16,36,233.39,14.0
30,355,306,28305.62,8479.56,16,36,241.63,13.0
30,355,306,28305.62,8479.56,16,36,310.81,12.0
30,355,306,28305.62,8479.56,16,36,0.0,18.0
30,355,306,28305.62,8479.56,16,36,31.02,16.0
30,355,306,28433.27,9231.62,14,34,233.39,14.0
30,355,306,28433.27,9231.62,14,34,241.63,13.0
30,355,306,28433.27,9231.62,14,34,310.81,12.0
30,355,306,28433.27,9231.62,14,34,0.0,18.0
30,355,306,28433.27,9231.62,14,34,31.02,16.0
30,355,306,28433.27,9231.62,14,34,233.39,14.0
30,355,306,28433.27,9231.62,14,34,241.63,13.0
30,355,306,28433.27,9231.62,14,34,310.81,12.0
30,355,306,28433.27,9231.62,14,34,0.0,18.0
30,355,306,28433.27,9231.62,14,34,31.02,16.0
30,355,306,28510.55,8937.9,16,35,233.39,14.0
30,355,306,28510.55,8937.9,16,35,241.63,13.0
30,355,306,28510.55,8937.9,16,35,310.81,12.0
30,355,306,28510.55,8937.9,16,35,0.0,18.0
30,355,306,28510.55,8937.9,16,35,31.02,16.0
30,355,306,28560.68,8983.35,15,34,233.39,14.0
30,355,306,28560.68,8983.35,15,34,241.63,13.0
30,355,306,28560.68,8983.35,15,34,310.81,12.0
30,355,306,28560.68,8983.35,15,34,0.0,18.0
30,355,306,28560.68,8983.35,15,34,31.02,16.0
30,355,306,28590.88,8969.95,15,34,233.39,14.0
30,355,306,28590.88,8969.95,15,34,241.63,13.0
30,355,306,28590.88,8969.95,15,34,310.81,12.0
30,355,306,28590.88,8969.95,15,34,0.0,18.0
30,355,306,28590.88,8969.95,15,34,31.02,16.0
30,355,307,26690.43,9694.92,17,34,233.39,14.0
30,355,307,26690.43,9694.92,17,34,241.63,13.0
30,355,307,26690.43,9694.92,17,34,310.81,12.0
30,355,307,26690.43,9694.92,17,34,0.0,18.0
30,355,307,26690.43,9694.92,17,34,31.02,16.0
30,355,307,26693.55,9596.48,17,34,233.39,14.0
30,355,307,26693.55,9596.48,17,34,241.63,13.0
30,355,307,26693.55,9596.48,17,34,310.81,12.0
30,355,307,26693.55,9596.48,17,34,0.0,18.0
30,355,307,26693.55,9596.48,17,34,31.02,16.0
30,355,307,26792.14,9711.51,17,32,233.39,14.0
30,355,307,26792.14,9711.51,17,32,241.63,13.0
30,355,307,26792.14,9711.51,17,32,310.81,12.0
30,355,307,26792.14,9711.51,17,32,0.0,18.0
30,355,307,26792.14,9711.51,17,32,31.02,16.0
30,355,307,27022.25,9655.75,17,33,233.39,14.0
30,355,307,27022.25,9655.75,17,33,241.63,13.0
30,355,307,27022.25,9655.75,17,33,310.81,12.0
30,355,307,27022.25,9655.75,17,33,0.0,18.0
30,355,307,27022.25,9655.75,17,33,31.02,16.0
30,355,307,27156.88,9459.27,15,36,233.39,14.0
30,355,307,27156.88,9459.27,15,36,241.63,13.0
30,355,307,27156.88,9459.27,15,36,310.81,12.0
30,355,307,27156.88,9459.27,15,36,0.0,18.0
30,355,307,27156.88,9459.27,15,36,31.02,16.0
30,355,307,27159.56,9445.5,17,34,233.39,14.0
30,355,307,27159.56,9445.5,17,34,241.63,13.0
30,355,307,27159.56,9445.5,17,34,310.81,12.0
30,355,307,27159.56,9445.5,17,34,0.0,18.0
30,355,307,27159.56,9445.5,17,34,31.02,16.0
30,355,307,27198.02,9273.72,17,33,233.39,14.0
30,355,307,27198.02,9273.72,17,33,241.63,13.0
30,355,307,27198.02,9273.72,17,33,310.81,12.0
30,355,307,27198.02,9273.72,17,33,0.0,18.0
30,355,307,27198.02,9273.72,17,33,31.02,16.0
30,355,307,27276.67,9210.46,17,33,233.39,14.0
30,355,307,27276.67,9210.46,17,33,241.63,13.0
30,355,307,27276.67,9210.46,17,33,310.81,12.0
30,355,307,27276.67,9210.46,17,33,0.0,18.0
30,355,307,27276.67,9210.46,17,33,31.02,16.0
30,355,307,27352.6,9679.51,15,35,233.39,14.0
30,355,307,27352.6,9679.51,15,35,241.63,13.0
30,355,307,27352.6,9679.51,15,35,310.81,12.0
30,355,307,27352.6,9679.51,15,35,0.0,18.0
30,355,307,27352.6,9679.51,15,35,31.02,16.0
30,355,307,27389.62,9426.14,15,35,233.39,14.0
30,355,307,27389.62,9426.14,15,35,241.63,13.0
30,355,307,27389.62,9426.14,15,35,310.81,12.0
30,355,307,27389.62,9426.14,15,35,0.0,18.0
30,355,307,27389.62,9426.14,15,35,31.02,16.0
30,355,307,27427.38,9625.56,16,34,233.39,14.0
30,355,307,27427.38,9625.56,16,34,241.63,13.0
30,355,307,27427.38,9625.56,16,34,310.81,12.0
30,355,307,27427.38,9625.56,16,34,0.0,18.0
30,355,307,27427.38,9625.56,16,34,31.02,16.0
30,355,307,27504.66,9373.63,16,38,233.39,14.0
30,355,307,27504.66,9373.63,16,38,241.63,13.0
30,355,307,27504.66,9373.63,16,38,310.81,12.0
30,355,307,27504.66,9373.63,16,38,0.0,18.0
30,355,307,27504.66,9373.63,16,38,31.02,16.0
30,355,307,27518.78,9400.63,14,36,233.39,14.0
30,355,307,27518.78,9400.63,14,36,241.63,13.0
30,355,307,27518.78,9400.63,14,36,310.81,12.0
30,355,307,27518.78,9400.63,14,36,0.0,18.0
30,355,307,27518.78,9400.63,14,36,31.02,16.0
30,355,307,27534.38,9157.89,17,33,233.39,14.0
30,355,307,27534.38,9157.89,17,33,241.63,13.0
30,355,307,27534.38,9157.89,17,33,310.81,12.0
30,355,307,27534.38,9157.89,17,33,0.0,18.0
30,355,307,27534.38,9157.89,17,33,31.02,16.0
30,355,307,27536.4,9339.51,16,36,233.39,14.0
30,355,307,27536.4,9339.51,16,36,241.63,13.0
30,355,307,27536.4,9339.51,16,36,310.81,12.0
30,355,307,27536.4,9339.51,16,36,0.0,18.0
30,355,307,27536.4,9339.51,16,36,31.02,16.0
30,355,307,27583.47,9297.43,16,39,233.39,14.0
30,355,307,27583.47,9297.43,16,39,241.63,13.0
30,355,307,27583.47,9297.43,16,39,310.81,12.0
30,355,307,27583.47,9297.43,16,39,0.0,18.0
30,355,307,27583.47,9297.43,16,39,31.02,16.0
30,355,307,27642.45,8772.8,17,35,233.39,14.0
30,355,307,27642.45,8772.8,17,35,241.63,13.0
30,355,307,27642.45,8772.8,17,35,310.81,12.0
30,355,307,27642.45,8772.8,17,35,0.0,18.0
30,355,307,27642.45,8772.8,17,35,31.02,16.0
30,355,307,27649.49,9268.96,14,37,233.39,14.0
30,355,307,27649.49,9268.96,14,37,241.63,13.0
30,355,307,27649.49,9268.96,14,37,310.81,12.0
30,355,307,27649.49,9268.96,14,37,0.0,18.0
30,355,307,27649.49,9268.96,14,37,31.02,16.0
30,355,307,27654.34,8652.61,17,37,233.39,14.0
30,355,307,27654.34,8652.61,17,37,241.63,13.0
30,355,307,27654.34,8652.61,17,37,310.81,12.0
30,355,307,27654.34,8652.61,17,37,0.0,18.0
30,355,307,27654.34,8652.61,17,37,31.02,16.0
30,355,307,27700.85,9175.43,16,35,233.39,14.0
30,355,307,27700.85,9175.43,16,35,241.63,13.0
30,355,307,27700.85,9175.43,16,35,310.81,12.0
30,355,307,27700.85,9175.43,16,35,0.0,18.0
30,355,307,27700.85,9175.43,16,35,31.02,16.0
30,355,307,27720.06,9141.03,15,37,233.39,14.0
30,355,307,27720.06,9141.03,15,37,241.63,13.0
30,355,307,27720.06,9141.03,15,37,310.81,12.0
30,355,307,27720.06,9141.03,15,37,0.0,18.0
30,355,307,27720.06,9141.03,15,37,31.02,16.0
30,355,307,27741.12,9112.68,16,36,233.39,14.0
30,355,307,27741.12,9112.68,16,36,241.63,13.0
30,355,307,27741.12,9112.68,16,36,310.81,12.0
30,355,307,27741.12,9112.68,16,36,0.0,18.0
30,355,307,27741.12,9112.68,16,36,31.02,16.0
30,355,307,27836.77,9073.06,15,37,233.39,14.0
30,355,307,27836.77,9073.06,15,37,241.63,13.0
30,355,307,27836.77,9073.06,15,37,310.81,12.0
30,355,307,27836.77,9073.06,15,37,0.0,18.0
30,355,307,27836.77,9073.06,15,37,31.02,16.0
30,355,307,27842.92,8832.97,16,36,233.39,14.0
30,355,307,27842.92,8832.97,16,36,241.63,13.0
30,355,307,27842.92,8832.97,16,36,310.81,12.0
30,355,307,27842.92,8832.97,16,36,0.0,18.0
30,355,307,27842.92,8832.97,16,36,31.02,16.0
30,355,307,27956.52,8758.76,16,38,233.39,14.0
30,355,307,27956.52,8758.76,16,38,241.63,13.0
30,355,307,27956.52,8758.76,16,38,310.81,12.0
30,355,307,27956.52,8758.76,16,38,0.0,18.0
30,355,307,27956.52,8758.76,16,38,31.02,16.0
30,355,307,27980.04,9146.74,14,38,233.39,14.0
30,355,307,27980.04,9146.74,14,38,241.63,13.0
30,355,307,27980.04,9146.74,14,38,310.81,12.0
30,355,307,27980.04,9146.74,14,38,0.0,18.0
30,355,307,27980.04,9146.74,14,38,31.02,16.0
30,355,307,27993.66,9040.12,15,39,233.39,14.0
30,355,307,27993.66,9040.12,15,39,241.63,13.0
30,355,307,27993.66,9040.12,15,39,310.81,12.0
30,355,307,27993.66,9040.12,15,39,0.0,18.0
30,355,307,27993.66,9040.12,15,39,31.02,16.0
30,355,307,28038.04,9038.44,16,35,233.39,14.0
30,355,307,28038.04,9038.44,16,35,241.63,13.0
30,355,307,28038.04,9038.44,16,35,310.81,12.0
30,355,307,28038.04,9038.44,16,35,0.0,18.0
30,355,307,28038.04,9038.44,16,35,31.02,16.0
30,355,307,28044.85,8977.15,16,35,233.39,14.0
30,355,307,28044.85,8977.15,16,35,241.63,13.0
30,355,307,28044.85,8977.15,16,35,310.81,12.0
30,355,307,28044.85,8977.15,16,35,0.0,18.0
30,355,307,28044.85,8977.15,16,35,31.02,16.0
30,355,307,28068.8,8677.22,17,35,233.39,14.0
30,355,307,28068.8,8677.22,17,35,241.63,13.0
30,355,307,28068.8,8677.22,17,35,310.81,12.0
30,355,307,28068.8,8677.22,17,35,0.0,18.0
30,355,307,28068.8,8677.22,17,35,31.02,16.0
30,355,307,28128.81,8613.88,16,36,233.39,14.0
30,355,307,28128.81,8613.88,16,36,241.63,13.0
30,355,307,28128.81,8613.88,16,36,310.81,12.0
30,355,307,28128.81,8613.88,16,36,0.0,18.0
30,355,307,28128.81,8613.88,16,36,31.02,16.0
30,355,307,28196.17,8479.56,16,36,233.39,14.0
30,355,307,28196.17,8479.56,16,36,241.63,13.0
30,355,307,28196.17,8479.56,16,36,310.81,12.0
30,355,307,28196.17,8479.56,16,36,0.0,18.0
30,355,307,28196.17,8479.56,16,36,31.02,16.0
30,355,307,28249.89,9086.78,16,33,233.39,14.0
30,355,307,28249.89,9086.78,16,33,241.63,13.0
30,355,307,28249.89,9086.78,16,33,310.81,12.0
30,355,307,28249.89,9086.78,16,33,0.0,18.0
30,355,307,28249.89,9086.78,16,33,31.02,16.0
30,355,307,28258.72,9187.34,14,34,233.39,14.0
30,355,307,28258.72,9187.34,14,34,241.63,13.0
30,355,307,28258.72,9187.34,14,34,310.81,12.0
30,355,307,28258.72,9187.34,14,34,0.0,18.0
30,355,307,28258.72,9187.34,14,34,31.02,16.0
30,355,307,28327.67,9052.69,15,34,233.39,14.0
30,355,307,28327.67,9052.69,15,34,241.63,13.0
30,355,307,28327.67,9052.69,15,34,310.81,12.0
30,355,307,28327.67,9052.69,15,34,0.0,18.0
30,355,307,28327.67,9052.69,15,34,31.02,16.0
30,355,307,28389.22,9124.03,14,34,233.39,14.0
30,355,307,28389.22,9124.03,14,34,241.63,13.0
30,355,307,28389.22,9124.03,14,34,310.81,12.0
30,355,307,28389.22,9124.03,14,34,0.0,18.0
30,355,307,28389.22,9124.03,14,34,31.02,16.0
30,355,307,28439.25,8914.52,15,34,233.39,14.0
30,355,307,28439.25,8914.52,15,34,241.63,13.0
30,355,307,28439.25,8914.52,15,34,310.81,12.0
30,355,307,28439.25,8914.52,15,34,0.0,18.0
30,355,307,28439.25,8914.52,15,34,31.02,16.0
30,355,308,26641.38,9578.88,17,34,233.39,14.0
30,355,308,26641.38,9578.88,17,34,241.63,13.0
30,355,308,26641.38,9578.88,17,34,310.81,12.0
30,355,308,26641.38,9578.88,17,34,0.0,18.0
30,355,308,26641.38,9578.88,17,34,31.02,16.0
30,355,308,26690.43,9578.11,17,34,233.39,14.0
30,355,308,26690.43,9578.11,17,34,241.63,13.0
30,355,308,26690.43,9578.11,17,34,310.81,12.0
30,355,308,26690.43,9578.11,17,34,0.0,18.0
30,355,308,26690.43,9578.11,17,34,31.02,16.0
30,355,308,27140.56,9578.35,16,34,233.39,14.0
30,355,308,27140.56,9578.35,16,34,241.63,13.0
30,355,308,27140.56,9578.35,16,34,310.81,12.0
30,355,308,27140.56,9578.35,16,34,0.0,18.0
30,355,308,27140.56,9578.35,16,34,31.02,16.0
30,355,308,27148.28,9459.27,15,36,233.39,14.0
30,355,308,27148.28,9459.27,15,36,241.63,13.0
30,355,308,27148.28,9459.27,15,36,310.81,12.0
30,355,308,27148.28,9459.27,15,36,0.0,18.0
30,355,308,27148.28,9459.27,15,36,31.02,16.0
30,355,308,27159.56,9346.34,17,34,233.39,14.0
30,355,308,27159.56,9346.34,17,34,241.63,13.0
30,355,308,27159.56,9346.34,17,34,310.81,12.0
30,355,308,27159.56,9346.34,17,34,0.0,18.0
30,355,308,27159.56,9346.34,17,34,31.02,16.0
30,355,308,27234.71,9558.01,16,34,233.39,14.0
30,355,308,27234.71,9558.01,16,34,241.63,13.0
30,355,308,27234.71,9558.01,16,34,310.81,12.0
30,355,308,27234.71,9558.01,16,34,0.0,18.0
30,355,308,27234.71,9558.01,16,34,31.02,16.0
30,355,308,27269.76,10590.32,16,32,233.39,14.0
30,355,308,27269.76,10590.32,16,32,241.63,13.0
30,355,308,27269.76,10590.32,16,32,310.81,12.0
30,355,308,27269.76,10590.32,16,32,0.0,18.0
30,355,308,27269.76,10590.32,16,32,31.02,16.0
30,355,308,27273.12,9451.78,15,35,233.39,14.0
30,355,308,27273.12,9451.78,15,35,241.63,13.0
30,355,308,27273.12,9451.78,15,35,310.81,12.0
30,355,308,27273.12,9451.78,15,35,0.0,18.0
30,355,308,27273.12,9451.78,15,35,31.02,16.0
30,355,308,27354.66,9400.63,14,36,233.39,14.0
30,355,308,27354.66,9400.63,14,36,241.63,13.0
30,355,308,27354.66,9400.63,14,36,310.81,12.0
30,355,308,27354.66,9400.63,14,36,0.0,18.0
30,355,308,27354.66,9400.63,14,36,31.02,16.0
30,355,308,27389.62,9382.16,15,35,233.39,14.0
30,355,308,27389.62,9382.16,15,35,241.63,13.0
30,355,308,27389.62,9382.16,15,35,310.81,12.0
30,355,308,27389.62,9382.16,15,35,0.0,18.0
30,355,308,27389.62,9382.16,15,35,31.02,16.0
30,355,308,27499.06,9076.42,17,33,233.39,14.0
30,355,308,27499.06,9076.42,17,33,241.63,13.0
30,355,308,27499.06,9076.42,17,33,310.81,12.0
30,355,308,27499.06,9076.42,17,33,0.0,18.0
30,355,308,27499.06,9076.42,17,33,31.02,16.0
30,355,308,27526.42,9226.31,16,36,233.39,14.0
30,355,308,27526.42,9226.31,16,36,241.63,13.0
30,355,308,27526.42,9226.31,16,36,310.81,12.0
30,355,308,27526.42,9226.31,16,36,0.0,18.0
30,355,308,27526.42,9226.31,16,36,31.02,16.0
30,355,308,27541.53,9171.75,14,36,233.39,14.0
30,355,308,27541.53,9171.75,14,36,241.63,13.0
30,355,308,27541.53,9171.75,14,36,310.81,12.0
30,355,308,27541.53,9171.75,14,36,0.0,18.0
30,355,308,27541.53,9171.75,14,36,31.02,16.0
30,355,308,27545.57,9015.31,16,35,233.39,14.0
30,355,308,27545.57,9015.31,16,35,241.63,13.0
30,355,308,27545.57,9015.31,16,35,310.81,12.0
30,355,308,27545.57,9015.31,16,35,0.0,18.0
30,355,308,27545.57,9015.31,16,35,31.02,16.0
30,355,308,27621.78,8962.82,16,35,233.39,14.0
30,355,308,27621.78,8962.82,16,35,241.63,13.0
30,355,308,27621.78,8962.82,16,35,310.81,12.0
30,355,308,27621.78,8962.82,16,35,0.0,18.0
30,355,308,27621.78,8962.82,16,35,31.02,16.0
30,355,308,27654.34,8603.33,17,37,233.39,14.0
30,355,308,27654.34,8603.33,17,37,241.63,13.0
30,355,308,27654.34,8603.33,17,37,310.81,12.0
30,355,308,27654.34,8603.33,17,37,0.0,18.0
30,355,308,27654.34,8603.33,17,37,31.02,16.0
30,355,308,27661.72,8529.92,17,37,233.39,14.0
30,355,308,27661.72,8529.92,17,37,241.63,13.0
30,355,308,27661.72,8529.92,17,37,310.81,12.0
30,355,308,27661.72,8529.92,17,37,0.0,18.0
30,355,308,27661.72,8529.92,17,37,31.02,16.0
30,355,308,27783.1,9139.6,16,34,233.39,14.0
30,355,308,27783.1,9139.6,16,34,241.63,13.0
30,355,308,27783.1,9139.6,16,34,310.81,12.0
30,355,308,27783.1,9139.6,16,34,0.0,18.0
30,355,308,27783.1,9139.6,16,34,31.02,16.0
30,355,308,27795.44,9073.06,15,37,233.39,14.0
30,355,308,27795.44,9073.06,15,37,241.63,13.0
30,355,308,27795.44,9073.06,15,37,310.81,12.0
30,355,308,27795.44,9073.06,15,37,0.0,18.0
30,355,308,27795.44,9073.06,15,37,31.02,16.0
30,355,308,27840.58,8927.88,16,34,233.39,14.0
30,355,308,27840.58,8927.88,16,34,241.63,13.0
30,355,308,27840.58,8927.88,16,34,310.81,12.0
30,355,308,27840.58,8927.88,16,34,0.0,18.0
30,355,308,27840.58,8927.88,16,34,31.02,16.0
30,355,308,27856.16,8895.24,16,34,233.39,14.0
30,355,308,27856.16,8895.24,16,34,241.63,13.0
30,355,308,27856.16,8895.24,16,34,310.81,12.0
30,355,308,27856.16,8895.24,16,34,0.0,18.0
30,355,308,27856.16,8895.24,16,34,31.02,16.0
30,355,308,27919.28,8758.76,16,38,233.39,14.0
30,355,308,27919.28,8758.76,16,38,241.63,13.0
30,355,308,27919.28,8758.76,16,38,310.81,12.0
30,355,308,27919.28,8758.76,16,38,0.0,18.0
30,355,308,27919.28,8758.76,16,38,31.02,16.0
30,355,308,27949.81,9146.74,14,39,233.39,14.0
30,355,308,27949.81,9146.74,14,39,241.63,13.0
30,355,308,27949.81,9146.74,14,39,310.81,12.0
30,355,308,27949.81,9146.74,14,39,0.0,18.0
30,355,308,27949.81,9146.74,14,39,31.02,16.0
30,355,308,27983.38,9049.24,15,38,233.39,14.0
30,355,308,27983.38,9049.24,15,38,241.63,13.0
30,355,308,27983.38,9049.24,15,38,310.81,12.0
30,355,308,27983.38,9049.24,15,38,0.0,18.0
30,355,308,27983.38,9049.24,15,38,31.02,16.0
30,355,308,28006.67,9021.98,15,39,233.39,14.0
30,355,308,28006.67,9021.98,15,39,241.63,13.0
30,355,308,28006.67,9021.98,15,39,310.81,12.0
30,355,308,28006.67,9021.98,15,39,0.0,18.0
30,355,308,28006.67,9021.98,15,39,31.02,16.0
30,355,308,28024.67,9021.98,15,38,233.39,14.0
30,355,308,28024.67,9021.98,15,38,241.63,13.0
30,355,308,28024.67,9021.98,15,38,310.81,12.0
30,355,308,28024.67,9021.98,15,38,0.0,18.0
30,355,308,28024.67,9021.98,15,38,31.02,16.0
30,355,308,28051.57,8762.93,16,36,233.39,14.0
30,355,308,28051.57,8762.93,16,36,241.63,13.0
30,355,308,28051.57,8762.93,16,36,310.81,12.0
30,355,308,28051.57,8762.93,16,36,0.0,18.0
30,355,308,28051.57,8762.93,16,36,31.02,16.0
30,355,308,28054.63,8950.97,15,39,233.39,14.0
30,355,308,28054.63,8950.97,15,39,241.63,13.0
30,355,308,28054.63,8950.97,15,39,310.81,12.0
30,355,308,28054.63,8950.97,15,39,0.0,18.0
30,355,308,28054.63,8950.97,15,39,31.02,16.0
30,355,308,28100.04,8479.56,16,36,233.39,14.0
30,355,308,28100.04,8479.56,16,36,241.63,13.0
30,355,308,28100.04,8479.56,16,36,310.81,12.0
30,355,308,28100.04,8479.56,16,36,0.0,18.0
30,355,308,28100.04,8479.56,16,36,31.02,16.0
30,355,308,28202.41,9022.5,16,33,233.39,14.0
30,355,308,28202.41,9022.5,16,33,241.63,13.0
30,355,308,28202.41,9022.5,16,33,310.81,12.0
30,355,308,28202.41,9022.5,16,33,0.0,18.0
30,355,308,28202.41,9022.5,16,33,31.02,16.0
30,355,308,28327.67,8916.0,15,34,233.39,14.0
30,355,308,28327.67,8916.0,15,34,241.63,13.0
30,355,308,28327.67,8916.0,15,34,310.81,12.0
30,355,308,28327.67,8916.0,15,34,0.0,18.0
30,355,308,28327.67,8916.0,15,34,31.02,16.0
30,355,308,28375.76,8847.16,15,34,233.39,14.0
30,355,308,28375.76,8847.16,15,34,241.63,13.0
30,355,308,28375.76,8847.16,15,34,310.81,12.0
30,355,308,28375.76,8847.16,15,34,0.0,18.0
30,355,308,28375.76,8847.16,15,34,31.02,16.0
30,355,309,26641.38,9536.16,17,34,233.39,14.0
30,355,309,26641.38,9536.16,17,34,241.63,13.0
30,355,309,26641.38,9536.16,17,34,310.81,12.0
30,355,309,26641.38,9536.16,17,34,0.0,18.0
30,355,309,26641.38,9536.16,17,34,31.02,16.0
30,355,309,27104.1,9633.56,17,33,233.39,14.0
30,355,309,27104.1,9633.56,17,33,241.63,13.0
30,355,309,27104.1,9633.56,17,33,310.81,12.0
30,355,309,27104.1,9633.56,17,33,0.0,18.0
30,355,309,27104.1,9633.56,17,33,31.02,16.0
30,355,309,27168.82,9399.53,16,34,233.39,14.0
30,355,309,27168.82,9399.53,16,34,241.63,13.0
30,355,309,27168.82,9399.53,16,34,310.81,12.0
30,355,309,27168.82,9399.53,16,34,0.0,18.0
30,355,309,27168.82,9399.53,16,34,31.02,16.0
30,355,309,27269.76,10508.59,16,32,233.39,14.0
30,355,309,27269.76,10508.59,16,32,241.63,13.0
30,355,309,27269.76,10508.59,16,32,310.81,12.0
30,355,309,27269.76,10508.59,16,32,0.0,18.0
30,355,309,27269.76,10508.59,16,32,31.02,16.0
30,355,309,27344.38,10481.32,16,32,233.39,14.0
30,355,309,27344.38,10481.32,16,32,241.63,13.0
30,355,309,27344.38,10481.32,16,32,310.81,12.0
30,355,309,27344.38,10481.32,16,32,0.0,18.0
30,355,309,27344.38,10481.32,16,32,31.02,16.0
30,355,309,27374.07,9370.92,16,34,233.39,14.0
30,355,309,27374.07,9370.92,16,34,241.63,13.0
30,355,309,27374.07,9370.92,16,34,310.81,12.0
30,355,309,27374.07,9370.92,16,34,0.0,18.0
30,355,309,27374.07,9370.92,16,34,31.02,16.0
30,355,309,27383.96,9338.97,15,35,233.39,14.0
30,355,309,27383.96,9338.97,15,35,241.63,13.0
30,355,309,27383.96,9338.97,15,35,310.81,12.0
30,355,309,27383.96,9338.97,15,35,0.0,18.0
30,355,309,27383.96,9338.97,15,35,31.02,16.0
30,355,309,27398.88,9300.17,15,36,233.39,14.0
30,355,309,27398.88,9300.17,15,36,241.63,13.0
30,355,309,27398.88,9300.17,15,36,310.81,12.0
30,355,309,27398.88,9300.17,15,36,0.0,18.0
30,355,309,27398.88,9300.17,15,36,31.02,16.0
30,355,309,27422.08,10472.89,16,32,233.39,14.0
30,355,309,27422.08,10472.89,16,32,241.63,13.0
30,355,309,27422.08,10472.89,16,32,310.81,12.0
30,355,309,27422.08,10472.89,16,32,0.0,18.0
30,355,309,27422.08,10472.89,16,32,31.02,16.0
30,355,309,27602.73,8559.2,17,37,233.39,14.0
30,355,309,27602.73,8559.2,17,37,241.63,13.0
30,355,309,27602.73,8559.2,17,37,310.81,12.0
30,355,309,27602.73,8559.2,17,37,0.0,18.0
30,355,309,27602.73,8559.2,17,37,31.02,16.0
30,355,309,27630.71,8514.1,17,36,233.39,14.0
30,355,309,27630.71,8514.1,17,36,241.63,13.0
30,355,309,27630.71,8514.1,17,36,310.81,12.0
30,355,309,27630.71,8514.1,17,36,0.0,18.0
30,355,309,27630.71,8514.1,17,36,31.02,16.0
30,355,309,27633.57,8503.12,17,37,233.39,14.0
30,355,309,27633.57,8503.12,17,37,241.63,13.0
30,355,309,27633.57,8503.12,17,37,310.81,12.0
30,355,309,27633.57,8503.12,17,37,0.0,18.0
30,355,309,27633.57,8503.12,17,37,31.02,16.0
30,355,309,27831.72,8917.48,16,33,233.39,14.0
30,355,309,27831.72,8917.48,16,33,241.63,13.0
30,355,309,27831.72,8917.48,16,33,310.81,12.0
30,355,309,27831.72,8917.48,16,33,0.0,18.0
30,355,309,27831.72,8917.48,16,33,31.02,16.0
30,355,309,27831.72,9077.02,15,33,233.39,14.0
30,355,309,27831.72,9077.02,15,33,241.63,13.0
30,355,309,27831.72,9077.02,15,33,310.81,12.0
30,355,309,27831.72,9077.02,15,33,0.0,18.0
30,355,309,27831.72,9077.02,15,33,31.02,16.0
30,355,309,27906.65,9632.29,14,35,233.39,14.0
30,355,309,27906.65,9632.29,14,35,241.63,13.0
30,355,309,27906.65,9632.29,14,35,310.81,12.0
30,355,309,27906.65,9632.29,14,35,0.0,18.0
30,355,309,27906.65,9632.29,14,35,31.02,16.0
30,355,309,28013.4,8449.93,16,37,233.39,14.0
30,355,309,28013.4,8449.93,16,37,241.63,13.0
30,355,309,28013.4,8449.93,16,37,310.81,12.0
30,355,309,28013.4,8449.93,16,37,0.0,18.0
30,355,309,28013.4,8449.93,16,37,31.02,16.0
30,355,309,28194.89,8942.41,15,40,233.39,14.0
30,355,309,28194.89,8942.41,15,40,241.63,13.0
30,355,309,28194.89,8942.41,15,40,310.81,12.0
30,355,309,28194.89,8942.41,15,40,0.0,18.0
30,355,309,28194.89,8942.41,15,40,31.02,16.0
30,355,309,28202.8,8404.51,16,36,233.39,14.0
30,355,309,28202.8,8404.51,16,36,241.63,13.0
30,355,309,28202.8,8404.51,16,36,310.81,12.0
30,355,309,28202.8,8404.51,16,36,0.0,18.0
30,355,309,28202.8,8404.51,16,36,31.02,16.0
30,355,309,28606.33,8397.62,17,39,233.39,14.0
30,355,309,28606.33,8397.62,17,39,241.63,13.0
30,355,309,28606.33,8397.62,17,39,310.81,12.0
30,355,309,28606.33,8397.62,17,39,0.0,18.0
30,355,309,28606.33,8397.62,17,39,31.02,16.0
30,355,310,27117.84,9453.26,17,34,233.39,14.0
30,355,310,27117.84,9453.26,17,34,241.63,13.0
30,355,310,27117.84,9453.26,17,34,310.81,12.0
30,355,310,27117.84,9453.26,17,34,0.0,18.0
30,355,310,27117.84,9453.26,17,34,31.02,16.0
30,355,310,27193.73,9305.29,17,34,233.39,14.0
30,355,310,27193.73,9305.29,17,34,241.63,13.0
30,355,310,27193.73,9305.29,17,34,310.81,12.0
30,355,310,27193.73,9305.29,17,34,0.0,18.0
30,355,310,27193.73,9305.29,17,34,31.02,16.0
30,355,310,27193.73,9316.56,16,34,233.39,14.0
30,355,310,27193.73,9316.56,16,34,241.63,13.0
30,355,310,27193.73,9316.56,16,34,310.81,12.0
30,355,310,27193.73,9316.56,16,34,0.0,18.0
30,355,310,27193.73,9316.56,16,34,31.02,16.0
30,355,310,27280.35,10481.32,16,32,233.39,14.0
30,355,310,27280.35,10481.32,16,32,241.63,13.0
30,355,310,27280.35,10481.32,16,32,310.81,12.0
30,355,310,27280.35,10481.32,16,32,0.0,18.0
30,355,310,27280.35,10481.32,16,32,31.02,16.0
30,355,310,27335.48,9446.99,15,35,233.39,14.0
30,355,310,27335.48,9446.99,15,35,241.63,13.0
30,355,310,27335.48,9446.99,15,35,310.81,12.0
30,355,310,27335.48,9446.99,15,35,0.0,18.0
30,355,310,27335.48,9446.99,15,35,31.02,16.0
30,355,310,27374.07,9469.77,15,34,233.39,14.0
30,355,310,27374.07,9469.77,15,34,241.63,13.0
30,355,310,27374.07,9469.77,15,34,310.81,12.0
30,355,310,27374.07,9469.77,15,34,0.0,18.0
30,355,310,27374.07,9469.77,15,34,31.02,16.0
30,355,310,27375.56,9359.45,15,35,233.39,14.0
30,355,310,27375.56,9359.45,15,35,241.63,13.0
30,355,310,27375.56,9359.45,15,35,310.81,12.0
30,355,310,27375.56,9359.45,15,35,0.0,18.0
30,355,310,27375.56,9359.45,15,35,31.02,16.0
30,355,310,27402.31,9245.74,14,36,233.39,14.0
30,355,310,27402.31,9245.74,14,36,241.63,13.0
30,355,310,27402.31,9245.74,14,36,310.81,12.0
30,355,310,27402.31,9245.74,14,36,0.0,18.0
30,355,310,27402.31,9245.74,14,36,31.02,16.0
30,355,310,27512.05,8503.12,17,37,233.39,14.0
30,355,310,27512.05,8503.12,17,37,241.63,13.0
30,355,310,27512.05,8503.12,17,37,310.81,12.0
30,355,310,27512.05,8503.12,17,37,0.0,18.0
30,355,310,27512.05,8503.12,17,37,31.02,16.0
30,355,310,27558.52,9131.23,14,36,233.39,14.0
30,355,310,27558.52,9131.23,14,36,241.63,13.0
30,355,310,27558.52,9131.23,14,36,310.81,12.0
30,355,310,27558.52,9131.23,14,36,0.0,18.0
30,355,310,27558.52,9131.23,14,36,31.02,16.0
30,355,310,27681.83,9458.12,16,33,233.39,14.0
30,355,310,27681.83,9458.12,16,33,241.63,13.0
30,355,310,27681.83,9458.12,16,33,310.81,12.0
30,355,310,27681.83,9458.12,16,33,0.0,18.0
30,355,310,27681.83,9458.12,16,33,31.02,16.0
30,355,310,27821.49,8453.08,17,36,233.39,14.0
30,355,310,27821.49,8453.08,17,36,241.63,13.0
30,355,310,27821.49,8453.08,17,36,310.81,12.0
30,355,310,27821.49,8453.08,17,36,0.0,18.0
30,355,310,27821.49,8453.08,17,36,31.02,16.0
30,355,310,27822.32,9089.21,15,35,233.39,14.0
30,355,310,27822.32,9089.21,15,35,241.63,13.0
30,355,310,27822.32,9089.21,15,35,310.81,12.0
30,355,310,27822.32,9089.21,15,35,0.0,18.0
30,355,310,27822.32,9089.21,15,35,31.02,16.0
30,355,310,27868.08,9588.73,14,35,233.39,14.0
30,355,310,27868.08,9588.73,14,35,241.63,13.0
30,355,310,27868.08,9588.73,14,35,310.81,12.0
30,355,310,27868.08,9588.73,14,35,0.0,18.0
30,355,310,27868.08,9588.73,14,35,31.02,16.0
30,355,310,27879.6,8959.49,15,35,233.39,14.0
30,355,310,27879.6,8959.49,15,35,241.63,13.0
30,355,310,27879.6,8959.49,15,35,310.81,12.0
30,355,310,27879.6,8959.49,15,35,0.0,18.0
30,355,310,27879.6,8959.49,15,35,31.02,16.0
30,355,310,27892.41,8938.85,15,35,233.39,14.0
30,355,310,27892.41,8938.85,15,35,241.63,13.0
30,355,310,27892.41,8938.85,15,35,310.81,12.0
30,355,310,27892.41,8938.85,15,35,0.0,18.0
30,355,310,27892.41,8938.85,15,35,31.02,16.0
30,355,310,28140.05,8404.51,16,36,233.39,14.0
30,355,310,28140.05,8404.51,16,36,241.63,13.0
30,355,310,28140.05,8404.51,16,36,310.81,12.0
30,355,310,28140.05,8404.51,16,36,0.0,18.0
30,355,310,28140.05,8404.51,16,36,31.02,16.0
30,355,311,27204.0,9359.45,15,35,233.39,14.0
30,355,311,27204.0,9359.45,15,35,241.63,13.0
30,355,311,27204.0,9359.45,15,35,310.81,12.0
30,355,311,27204.0,9359.45,15,35,0.0,18.0
30,355,311,27204.0,9359.45,15,35,31.02,16.0
30,355,311,27280.35,10429.29,16,32,233.39,14.0
30,355,311,27280.35,10429.29,16,32,241.63,13.0
30,355,311,27280.35,10429.29,16,32,310.81,12.0
30,355,311,27280.35,10429.29,16,32,0.0,18.0
30,355,311,27280.35,10429.29,16,32,31.02,16.0
30,355,311,27543.46,9422.89,16,33,233.39,14.0
30,355,311,27543.46,9422.89,16,33,241.63,13.0
30,355,311,27543.46,9422.89,16,33,310.81,12.0
30,355,311,27543.46,9422.89,16,33,0.0,18.0
30,355,311,27543.46,9422.89,16,33,31.02,16.0
30,355,311,27770.08,9647.66,15,33,233.39,14.0
30,355,311,27770.08,9647.66,15,33,241.63,13.0
30,355,311,27770.08,9647.66,15,33,310.81,12.0
30,355,311,27770.08,9647.66,15,33,0.0,18.0
30,355,311,27770.08,9647.66,15,33,31.02,16.0
30,355,311,27782.39,9063.97,15,34,233.39,14.0
30,355,311,27782.39,9063.97,15,34,241.63,13.0
30,355,311,27782.39,9063.97,15,34,310.81,12.0
30,355,311,27782.39,9063.97,15,34,0.0,18.0
30,355,311,27782.39,9063.97,15,34,31.02,16.0
30,355,311,27790.06,9063.97,15,33,233.39,14.0
30,355,311,27790.06,9063.97,15,33,241.63,13.0
30,355,311,27790.06,9063.97,15,33,310.81,12.0
30,355,311,27790.06,9063.97,15,33,0.0,18.0
30,355,311,27790.06,9063.97,15,33,31.02,16.0
30,355,311,27791.39,8982.19,14,39,233.39,14.0
30,355,311,27791.39,8982.19,14,39,241.63,13.0
30,355,311,27791.39,8982.19,14,39,310.81,12.0
30,355,311,27791.39,8982.19,14,39,0.0,18.0
30,355,311,27791.39,8982.19,14,39,31.02,16.0
30,355,311,27872.83,8964.92,15,39,233.39,14.0
30,355,311,27872.83,8964.92,15,39,241.63,13.0
30,355,311,27872.83,8964.92,15,39,310.81,12.0
30,355,311,27872.83,8964.92,15,39,0.0,18.0
30,355,311,27872.83,8964.92,15,39,31.02,16.0
30,355,312,27240.4,10354.32,16,33,233.39,14.0
30,355,312,27240.4,10354.32,16,33,241.63,13.0
30,355,312,27240.4,10354.32,16,33,310.81,12.0
30,355,312,27240.4,10354.32,16,33,0.0,18.0
30,355,312,27240.4,10354.32,16,33,31.02,16.0
30,355,312,27770.08,9582.4,15,33,233.39,14.0
30,355,312,27770.08,9582.4,15,33,241.63,13.0
30,355,312,27770.08,9582.4,15,33,310.81,12.0
30,355,312,27770.08,9582.4,15,33,0.0,18.0
30,355,312,27770.08,9582.4,15,33,31.02,16.0
30,355,312,27835.46,8938.44,15,39,233.39,14.0
30,355,312,27835.46,8938.44,15,39,241.63,13.0
30,355,312,27835.46,8938.44,15,39,310.81,12.0
30,355,312,27835.46,8938.44,15,39,0.0,18.0
30,355,312,27835.46,8938.44,15,39,31.02,16.0
30,355,313,27240.4,10276.79,16,33,233.39,14.0
30,355,313,27240.4,10276.79,16,33,241.63,13.0
30,355,313,27240.4,10276.79,16,33,310.81,12.0
30,355,313,27240.4,10276.79,16,33,0.0,18.0
30,355,313,27240.4,10276.79,16,33,31.02,16.0
30,355,313,27344.03,10354.32,16,32,233.39,14.0
30,355,313,27344.03,10354.32,16,32,241.63,13.0
30,355,313,27344.03,10354.32,16,32,310.81,12.0
30,355,313,27344.03,10354.32,16,32,0.0,18.0
30,355,313,27344.03,10354.32,16,32,31.02,16.0
30,355,313,27421.29,9772.34,16,33,233.39,14.0
30,355,313,27421.29,9772.34,16,33,241.63,13.0
30,355,313,27421.29,9772.34,16,33,310.81,12.0
30,355,313,27421.29,9772.34,16,33,0.0,18.0
30,355,313,27421.29,9772.34,16,33,31.02,16.0
30,355,314,27011.05,10020.94,16,33,233.39,14.0
30,355,314,27011.05,10020.94,16,33,241.63,13.0
30,355,314,27011.05,10020.94,16,33,310.81,12.0
30,355,314,27011.05,10020.94,16,33,0.0,18.0
30,355,314,27011.05,10020.94,16,33,31.02,16.0
30,355,314,27521.44,10323.07,16,32,233.39,14.0
30,355,314,27521.44,10323.07,16,32,241.63,13.0
30,355,314,27521.44,10323.07,16,32,310.81,12.0
30,355,314,27521.44,10323.07,16,32,0.0,18.0
30,355,314,27521.44,10323.07,16,32,31.02,16.0
30,355,315,26997.97,9988.38,16,33,233.39,14.0
30,355,315,26997.97,9988.38,16,33,241.63,13.0
30,355,315,26997.97,9988.38,16,33,310.81,12.0
30,355,315,26997.97,9988.38,16,33,0.0,18.0
30,355,315,26997.97,9988.38,16,33,31.02,16.0
30,355,315,27059.01,9940.75,16,33,233.39,14.0
30,355,315,27059.01,9940.75,16,33,241.63,13.0
30,355,315,27059.01,9940.75,16,33,310.81,12.0
30,355,315,27059.01,9940.75,16,33,0.0,18.0
30,355,315,27059.01,9940.75,16,33,31.02,16.0
30,355,315,27128.81,9905.8,16,32,233.39,14.0
30,355,315,27128.81,9905.8,16,32,241.63,13.0
30,355,315,27128.81,9905.8,16,32,310.81,12.0
30,355,315,27128.81,9905.8,16,32,0.0,18.0
30,355,315,27128.81,9905.8,16,32,31.02,16.0
30,355,315,27310.6,10081.66,16,31,233.39,14.0
30,355,315,27310.6,10081.66,16,31,241.63,13.0
30,355,315,27310.6,10081.66,16,31,310.81,12.0
30,355,315,27310.6,10081.66,16,31,0.0,18.0
30,355,315,27310.6,10081.66,16,31,31.02,16.0
30,355,316,26924.67,10023.48,16,33,233.39,14.0
30,355,316,26924.67,10023.48,16,33,241.63,13.0
30,355,316,26924.67,10023.48,16,33,310.81,12.0
30,355,316,26924.67,10023.48,16,33,0.0,18.0
30,355,316,26924.67,10023.48,16,33,31.02,16.0
30,355,316,27068.58,9488.46,17,35,233.39,14.0
30,355,316,27068.58,9488.46,17,35,241.63,13.0
30,355,316,27068.58,9488.46,17,35,310.81,12.0
30,355,316,27068.58,9488.46,17,35,0.0,18.0
30,355,316,27068.58,9488.46,17,35,31.02,16.0
30,355,316,27068.58,9488.46,17,35,233.39,14.0
30,355,316,27068.58,9488.46,17,35,241.63,13.0
30,355,316,27068.58,9488.46,17,35,310.81,12.0
30,355,316,27068.58,9488.46,17,35,0.0,18.0
30,355,316,27068.58,9488.46,17,35,31.02,16.0
30,355,316,27346.73,9885.8,16,32,233.39,14.0
30,355,316,27346.73,9885.8,16,32,241.63,13.0
30,355,316,27346.73,9885.8,16,32,310.81,12.0
30,355,316,27346.73,9885.8,16,32,0.0,18.0
30,355,316,27346.73,9885.8,16,32,31.02,16.0
30,355,317,27129.16,9849.24,16,32,233.39,14.0
30,355,317,27129.16,9849.24,16,32,241.63,13.0
30,355,317,27129.16,9849.24,16,32,310.81,12.0
30,355,317,27129.16,9849.24,16,32,0.0,18.0
30,355,317,27129.16,9849.24,16,32,31.02,16.0
30,355,317,27170.63,9840.92,16,32,233.39,14.0
30,355,317,27170.63,9840.92,16,32,241.63,13.0
30,355,317,27170.63,9840.92,16,32,310.81,12.0
30,355,317,27170.63,9840.92,16,32,0.0,18.0
30,355,317,27170.63,9840.92,16,32,31.02,16.0
30,355,320,27100.16,9649.54,17,33,233.39,14.0
30,355,320,27100.16,9649.54,17,33,241.63,13.0
30,355,320,27100.16,9649.54,17,33,310.81,12.0
30,355,320,27100.16,9649.54,17,33,0.0,18.0
30,355,320,27100.16,9649.54,17,33,31.02,16.0
