Orders,Order Items,Driver Violation,Commute Distance,Transport Machines,Transport Attachments,Machines,Workers,Attachments
47,490,374,46009.51,18304.09,269.72,28,52,37
47,490,374,46009.51,18330.25,199.68,28,52,38
47,490,374,46023.53,18582.51,269.72,28,50,37
47,490,374,46034.24,18271.58,269.72,28,52,37
47,490,374,46059.28,18304.09,269.72,28,52,36
47,490,375,44753.53,18765.86,155.29,27,53,41
47,490,375,44753.53,18896.61,245.5,27,53,40
47,490,375,44759.14,18765.86,79.08,27,53,42
47,490,375,44945.63,18765.86,155.29,27,52,41
47,490,375,45935.2,18300.97,269.72,28,52,37
47,490,375,45985.35,18511.55,269.72,28,50,37
47,490,375,45994.94,18271.58,269.72,28,52,37
47,490,375,45997.29,18330.25,199.68,28,52,38
47,490,375,46016.84,18319.38,199.68,28,52,38
47,490,375,46083.16,18240.94,269.72,28,52,37
47,490,375,46093.11,18216.42,375.97,28,53,36
47,490,375,46134.16,18555.31,205.53,27,49,37
47,490,375,46215.94,18169.06,417.27,28,53,37
47,490,375,46264.35,18837.42,205.53,27,50,36
47,490,375,46360.85,18846.46,135.49,27,50,37
47,490,376,44623.67,18765.86,155.29,27,54,41
47,490,376,44722.65,18765.86,155.29,27,53,41
47,490,376,44753.53,18753.1,155.29,27,53,41
47,490,376,44753.53,19203.48,127.84,27,53,42
47,490,376,44870.31,18790.94,145.0,27,54,41
47,490,376,44941.41,18765.86,203.37,27,54,40
47,490,376,45912.06,18428.28,269.72,28,52,37
47,490,376,45937.66,18204.34,269.72,28,52,37
47,490,376,45941.25,18242.13,199.68,28,53,38
47,490,376,46022.76,18497.31,269.72,28,50,37
47,490,376,46042.48,18483.49,269.72,28,51,37
47,490,376,46069.59,18271.58,348.11,28,53,36
47,490,376,46084.49,18163.69,348.11,28,52,37
47,490,376,46092.32,18442.86,269.72,28,51,38
47,490,376,46135.55,18417.69,206.15,28,51,39
47,490,376,46135.62,18510.42,301.28,27,49,37
47,490,376,46232.24,18132.69,417.27,28,53,37
47,490,376,46244.96,18948.94,271.82,27,50,36
47,490,376,46269.86,18169.06,338.88,28,52,37
47,490,376,46269.86,18190.15,302.53,28,52,38
47,490,376,46306.24,18951.44,103.09,27,50,37
47,490,376,46306.54,18598.66,205.53,27,50,36
47,490,376,46655.22,18522.49,284.37,28,51,36
47,490,377,44631.33,18765.86,155.29,27,53,41
47,490,377,44684.66,18776.46,79.08,27,52,42
47,490,377,44701.65,18790.94,236.71,27,53,40
47,490,377,44753.53,18685.78,204.06,27,53,41
47,490,377,44766.5,18925.79,218.3,27,53,40
47,490,377,44847.81,18919.89,187.94,27,53,40
47,490,377,44971.06,18502.45,397.98,26,51,38
47,490,377,44980.36,18721.78,239.51,27,54,40
47,490,377,45790.59,18271.58,348.11,28,54,36
47,490,377,45816.48,18271.58,348.11,28,53,36
47,490,377,45880.6,18756.99,269.72,28,52,39
47,490,377,46128.9,18971.0,205.53,27,52,37
47,490,377,46185.74,19021.59,135.49,27,52,38
47,490,377,46196.35,18890.32,103.09,27,50,37
47,490,377,46244.96,18951.33,271.82,27,50,35
47,490,377,46248.49,18880.37,103.09,27,50,37
47,490,377,46249.58,19088.23,30.61,27,50,38
47,490,377,46258.77,18196.89,338.88,28,52,37
47,490,377,46264.14,18372.39,185.55,28,52,38
47,490,377,46281.12,18372.39,185.55,28,52,37
47,490,377,46288.02,18088.8,225.65,28,56,35
47,490,377,46296.6,18504.97,226.55,27,50,37
47,490,377,46337.15,19065.08,283.92,27,49,36
47,490,377,46345.45,18846.32,166.1,28,50,37
47,490,377,46345.45,18852.56,166.1,27,50,37
47,490,377,46360.85,18813.03,135.49,27,50,37
47,490,377,46364.56,18287.06,218.51,28,52,39
47,490,377,46443.77,18392.77,380.92,28,51,37
47,490,377,46450.42,18247.72,253.52,28,52,42
47,490,377,46450.42,18252.45,169.5,28,52,43
47,490,377,46488.05,18287.06,232.5,28,52,38
47,490,378,44602.84,18633.26,251.05,27,53,42
47,490,378,44621.01,19201.74,127.84,27,53,42
47,490,378,44631.33,18633.26,155.29,27,53,41
47,490,378,44631.42,18832.13,79.08,27,52,42
47,490,378,44681.4,18610.57,155.29,27,53,41
47,490,378,44701.65,18874.46,187.94,27,53,40
47,490,378,44804.8,18553.8,397.98,26,50,38
47,490,378,44872.26,18532.11,397.98,26,51,38
47,490,378,44978.95,18485.74,397.98,26,51,38
47,490,378,45133.67,18379.04,377.53,26,52,38
47,490,378,45754.77,18271.58,348.11,28,55,36
47,490,378,45754.77,18340.31,278.07,28,55,36
47,490,378,45822.9,18113.22,454.33,28,52,37
47,490,378,45902.18,18508.26,199.68,28,53,38
47,490,378,45919.39,18392.34,269.72,28,52,37
47,490,378,45984.36,18957.84,233.97,27,51,37
47,490,378,46137.12,18324.2,185.55,28,53,38
47,490,378,46173.89,18448.97,267.27,28,52,37
47,490,378,46184.0,18372.39,185.55,28,52,38
47,490,378,46196.49,19088.23,30.61,27,50,39
47,490,378,46242.52,18372.39,185.55,28,51,38
47,490,378,46264.14,18313.75,185.55,28,52,38
47,490,378,46288.02,18029.44,225.65,28,56,35
47,490,378,46296.6,18502.21,226.55,27,50,36
47,490,378,46384.59,18702.9,347.49,28,48,38
47,490,378,46384.59,18897.02,347.49,27,48,38
47,490,378,46474.32,18598.86,169.81,28,54,38
47,490,379,44487.12,18770.07,300.3,27,54,41
47,490,379,44639.5,18789.71,236.71,27,53,40
47,490,379,44639.5,18790.94,236.71,27,53,39
47,490,379,44655.4,18610.57,170.13,27,53,41
47,490,379,44662.12,18789.71,287.51,27,53,39
47,490,379,44823.52,18514.78,397.98,26,51,38
47,490,379,44869.79,18719.23,269.08,27,55,39
47,490,379,44947.9,18655.12,239.51,27,55,39
47,490,379,44978.56,18474.9,397.98,26,52,38
47,490,379,45005.42,19046.1,229.59,28,52,37
47,490,379,45005.42,19046.1,260.2,28,52,36
47,490,379,45070.69,19033.81,229.59,28,52,37
47,490,379,45166.18,18968.26,260.2,28,53,36
47,490,379,45729.74,18152.3,278.07,28,55,36
47,490,379,45942.79,19099.41,260.57,27,51,37
47,490,379,45945.41,18380.0,163.34,28,53,39
47,490,379,46127.28,18544.24,218.51,28,52,37
47,490,379,46221.54,18321.12,337.42,27,51,37
47,490,379,46224.35,18139.85,225.65,28,56,35
47,490,379,46239.79,18029.44,225.65,28,57,35
47,490,379,46239.79,18064.43,119.54,28,57,35
47,490,379,46240.3,18301.25,169.81,28,51,37
47,490,379,46250.07,18129.7,225.65,28,56,36
47,490,379,46264.14,18285.85,185.55,28,52,38
47,490,379,46271.52,18046.75,129.89,28,56,36
47,490,379,46296.6,18409.06,226.55,27,50,36
47,490,379,46298.37,18026.96,129.89,28,56,36
47,490,379,46323.43,18873.24,135.49,27,50,38
47,490,379,46379.81,18702.9,347.49,28,48,38
47,490,379,46440.58,19115.8,451.57,27,49,35
47,490,379,46450.42,18235.8,169.5,28,52,43
47,490,379,46453.95,19297.75,72.48,27,51,37
47,490,380,44386.84,18881.0,300.3,27,55,41
47,490,380,44429.03,18770.07,300.3,27,54,41
47,490,380,44467.26,18770.07,130.18,27,53,42
47,490,380,44467.26,18770.07,300.3,27,53,41
47,490,380,44467.26,18933.78,130.18,27,53,41
47,490,380,44467.26,18933.78,151.2,27,53,40
47,490,380,44569.66,18835.39,236.71,27,53,40
47,490,380,44626.32,18915.52,196.84,27,53,40
47,490,380,44639.5,18683.87,236.71,27,53,40
47,490,380,44648.04,18897.11,236.71,27,52,40
47,490,380,44667.25,18684.32,236.71,27,53,39
47,490,380,44787.63,18676.36,397.98,26,52,38
47,490,380,44828.35,19046.1,260.2,28,52,36
47,490,380,44870.83,18951.49,327.73,27,52,39
47,490,380,44936.49,18602.95,404.17,26,52,37
47,490,380,44936.49,18602.95,434.78,26,52,36
47,490,380,45005.42,19035.76,260.2,28,52,36
47,490,380,45095.22,18968.26,260.2,28,54,36
47,490,380,45109.14,18588.3,176.32,28,53,42
47,490,380,45166.18,18929.82,260.2,28,53,36
47,490,380,45198.01,18748.54,260.2,28,53,36
47,490,380,45863.83,18096.88,505.99,28,55,37
47,490,380,45887.93,18355.62,269.72,28,53,37
47,490,380,45894.29,19032.76,273.34,27,52,37
47,490,380,45894.29,19045.86,273.34,27,52,36
47,490,380,46022.61,18139.85,225.65,28,55,35
47,490,380,46022.85,19004.15,273.34,27,53,36
47,490,380,46057.67,18386.12,185.55,28,53,38
47,490,380,46059.5,19367.35,135.49,27,52,37
47,490,380,46071.21,18487.24,274.41,27,56,35
47,490,380,46102.15,18472.64,274.41,27,56,35
47,490,380,46178.94,18457.88,185.55,28,53,37
47,490,380,46218.69,18453.0,406.79,27,51,37
47,490,380,46236.16,18222.39,133.67,28,51,38
47,490,380,46261.86,19235.83,30.61,27,49,39
47,490,380,46270.76,18412.78,267.27,28,50,37
47,490,380,46280.93,18255.32,115.51,28,52,39
47,490,380,46356.11,18784.39,135.49,27,51,37
47,490,380,46438.59,19389.6,72.48,27,50,36
47,490,381,44264.43,18975.3,305.01,27,55,42
47,490,381,44280.31,18933.39,305.01,27,55,42
47,490,381,44280.31,18941.16,209.26,27,55,42
47,490,381,44280.31,18941.16,300.3,27,55,41
47,490,381,44345.27,18906.39,130.18,27,53,43
47,490,381,44364.92,18659.32,300.3,27,54,41
47,490,381,44414.5,18933.78,151.2,27,53,40
47,490,381,44417.68,18886.13,130.18,27,52,42
47,490,381,44465.26,18659.32,267.65,27,54,42
47,490,381,44467.26,18766.48,130.18,28,53,42
47,490,381,44467.26,18767.63,221.23,27,53,41
47,490,381,44485.9,18887.67,285.47,27,53,40
47,490,381,44512.08,18697.31,130.18,28,54,42
47,490,381,44540.33,18902.74,97.53,27,53,43
47,490,381,44555.7,18897.98,266.28,27,54,39
47,490,381,44560.64,18814.66,236.71,27,54,39
47,490,381,44569.83,18889.75,209.03,27,53,41
47,490,381,44595.03,18745.01,287.19,27,53,41
47,490,381,44605.95,19000.69,79.08,27,52,42
47,490,381,44622.71,18832.18,79.08,27,52,42
47,490,381,44639.5,18589.28,236.71,27,53,39
47,490,381,44645.69,18826.6,97.53,27,54,43
47,490,381,44646.25,18778.79,97.53,27,54,43
47,490,381,44704.87,19046.1,260.2,28,52,35
47,490,381,44747.45,18578.22,170.13,27,55,42
47,490,381,44768.45,18571.66,386.07,27,55,39
47,490,381,44787.63,18602.95,397.98,26,52,38
47,490,381,44841.37,18647.19,434.78,26,51,35
47,490,381,44936.49,18533.08,434.78,26,52,36
47,490,381,44999.6,18567.69,434.78,27,51,36
47,490,381,44999.6,18647.19,356.39,26,51,37
47,490,381,45048.4,19012.48,229.59,28,52,37
47,490,381,45085.41,18790.97,407.19,26,53,36
47,490,381,45088.97,18568.84,356.39,27,51,36
47,490,381,45088.97,18648.34,356.39,26,51,36
47,490,381,45108.61,18592.08,455.8,26,51,36
47,490,381,45160.19,18968.26,260.2,28,53,36
47,490,381,45172.09,18701.49,211.44,28,53,37
47,490,381,45198.01,18701.49,260.2,28,53,36
47,490,381,45293.69,18715.95,333.21,28,53,35
47,490,381,45397.53,18826.36,260.2,28,52,38
47,490,381,45397.53,18851.85,350.41,28,52,37
47,490,381,45778.9,18474.31,504.53,28,53,37
47,490,381,45958.75,18487.8,274.41,27,57,35
47,490,381,45984.05,18540.44,274.41,27,56,35
47,490,381,45992.82,18487.8,274.41,27,56,35
47,490,381,45997.63,18057.71,505.99,28,56,37
47,490,381,46005.98,18487.24,274.41,27,56,35
47,490,381,46010.2,18072.42,269.72,28,53,36
47,490,381,46022.85,18960.3,273.34,27,53,36
47,490,381,46168.84,18356.37,360.53,28,50,37
47,490,381,46198.89,19346.03,109.0,27,49,39
47,490,381,46271.52,17986.65,129.89,28,56,36
47,490,381,46351.28,18385.27,267.27,28,50,37
47,490,381,46416.11,18843.06,442.86,27,50,35
47,490,382,44248.49,18975.3,341.15,27,55,42
47,490,382,44359.0,18831.05,130.18,27,53,43
47,490,382,44359.0,18831.05,200.21,27,53,42
47,490,382,44476.88,18764.89,130.18,27,53,42
47,490,382,44494.4,18925.35,209.26,27,53,41
47,490,382,44522.51,18889.75,209.03,27,53,41
47,490,382,44540.33,18798.6,210.29,27,53,41
47,490,382,44540.33,18896.33,140.25,27,53,41
47,490,382,44574.19,18904.0,196.84,27,53,40
47,490,382,44605.95,18897.15,79.08,27,52,42
47,490,382,44652.27,18828.49,236.29,27,53,39
47,490,382,44734.86,18578.22,254.15,27,55,42
47,490,382,44745.24,18892.86,48.76,28,53,44
47,490,382,44835.25,18808.17,187.94,27,54,39
47,490,382,44837.0,18573.57,488.76,27,51,36
47,490,382,44859.59,18807.64,236.71,27,52,40
47,490,382,44880.63,18882.04,377.41,27,52,37
47,490,382,44906.01,18685.78,97.53,28,53,43
47,490,382,44906.01,19093.13,48.76,28,53,43
47,490,382,44906.66,18573.48,488.76,28,53,36
47,490,382,44907.99,19046.1,260.2,28,51,36
47,490,382,44927.74,18635.74,434.78,26,51,35
47,490,382,44932.43,18533.08,434.78,26,52,36
47,490,382,44948.12,19012.48,229.59,28,51,37
47,490,382,44964.01,18730.27,377.41,27,52,36
47,490,382,44978.16,18876.24,48.76,27,53,43
47,490,382,44978.42,18712.71,377.41,27,52,36
47,490,382,44979.72,18790.97,407.19,26,54,36
47,490,382,45033.65,18455.44,434.78,26,52,36
47,490,382,45035.69,18790.97,407.19,26,53,36
47,490,382,45048.92,18635.74,485.58,26,51,34
47,490,382,45049.52,18662.55,211.5,28,54,39
47,490,382,45057.35,19023.58,344.57,27,51,37
47,490,382,45060.88,18620.45,407.19,26,53,36
47,490,382,45065.72,18648.34,325.78,26,51,36
47,490,382,45070.78,18741.14,428.22,26,52,35
47,490,382,45088.97,18612.0,356.39,26,51,36
47,490,382,45088.97,18764.95,434.42,26,51,35
47,490,382,45122.44,18543.51,407.19,26,51,35
47,490,382,45150.05,18932.38,260.2,28,53,36
47,490,382,45159.02,18686.54,211.44,28,53,37
47,490,382,45225.4,18588.3,176.32,28,52,42
47,490,382,45294.71,18416.74,409.99,27,51,35
47,490,382,45322.21,18465.77,217.65,28,50,35
47,490,382,45366.75,18416.74,217.65,27,50,35
47,490,382,45379.31,18258.17,217.65,28,49,35
47,490,382,45379.39,18161.31,217.65,28,49,35
47,490,382,45405.64,18691.27,314.0,26,52,40
47,490,382,45413.01,18416.74,217.65,27,49,35
47,490,382,45607.82,18422.43,212.37,27,50,38
47,490,382,45680.57,18385.27,239.8,27,51,38
47,490,382,46132.76,17963.43,199.68,28,54,37
47,490,382,46366.21,18162.61,184.82,28,52,43
47,490,382,46431.2,19522.06,72.48,27,50,36
47,490,382,46439.05,18855.8,565.06,28,47,37
47,490,382,46439.05,18919.14,502.05,28,47,37
47,490,382,46468.21,18828.09,565.06,28,48,37
47,490,382,46637.7,18792.07,502.05,28,47,39
47,490,382,46637.7,18835.99,502.05,28,47,38
47,490,382,46705.87,17984.05,208.28,28,56,36
47,490,382,46798.3,18025.6,208.28,28,55,36
47,490,382,46804.05,19616.43,51.0,27,51,37
47,490,383,44250.86,18886.88,200.21,27,53,42
47,490,383,44353.64,19501.46,293.05,27,52,40
47,490,383,44414.5,18898.37,151.2,27,53,41
47,490,383,44437.37,18573.69,221.23,27,54,41
47,490,383,44440.17,18792.46,221.23,27,54,40
47,490,383,44529.18,18770.53,236.09,27,54,40
47,490,383,44555.23,18841.16,79.38,28,53,44
47,490,383,44563.42,18889.88,97.53,28,53,42
47,490,383,44586.32,18821.02,232.51,27,53,40
47,490,383,44639.39,18782.02,97.53,28,53,43
47,490,383,44677.05,19139.54,260.2,28,52,37
47,490,383,44699.89,19249.94,260.2,28,52,36
47,490,383,44728.61,19075.86,203.56,27,53,39
47,490,383,44784.61,18712.71,377.41,27,52,36
47,490,383,44825.79,18952.43,48.76,27,53,44
47,490,383,44870.23,19052.56,241.8,28,51,36
47,490,383,44870.23,19052.56,290.56,28,51,35
47,490,383,44891.49,19088.85,48.76,28,53,43
47,490,383,44906.01,19063.1,48.76,28,53,43
47,490,383,44936.52,18991.79,48.76,28,53,43
47,490,383,44953.33,18966.73,377.41,27,51,37
47,490,383,44959.0,18960.38,377.41,27,51,37
47,490,383,44962.01,18777.12,356.39,26,51,37
47,490,383,44964.01,18711.1,377.41,27,52,36
47,490,383,44979.72,18735.94,407.19,26,54,36
47,490,383,45044.09,19167.55,48.76,28,54,42
47,490,383,45071.28,18902.06,434.42,26,51,35
47,490,383,45082.86,18800.9,211.44,28,53,39
47,490,383,45180.48,19014.18,260.2,28,52,36
47,490,383,45277.91,18374.25,520.86,27,51,34
47,490,383,45286.98,18576.56,435.05,26,51,34
47,490,383,45294.71,18412.38,409.99,27,51,35
47,490,383,45317.91,18691.27,314.0,26,52,40
47,490,383,45335.95,18236.38,313.4,28,49,35
47,490,383,45349.35,18416.74,217.65,27,49,36
47,490,383,45353.29,18588.3,114.97,28,52,42
47,490,383,45378.96,18826.3,181.81,28,53,39
47,490,383,45413.01,18301.44,217.65,27,49,35
47,490,383,45446.74,18464.09,145.62,27,52,38
47,490,383,45463.06,18422.43,212.37,27,49,37
47,490,383,45515.78,18300.05,217.65,27,49,37
47,490,383,45532.57,18300.05,217.65,27,49,36
47,490,383,46060.25,19367.35,135.49,27,51,37
47,490,383,46129.46,18127.13,225.65,28,57,35
47,490,383,46234.29,18538.26,205.53,28,50,38
47,490,383,46318.59,18110.74,233.37,28,52,40
47,490,383,46431.2,19568.22,51.0,27,50,37
47,490,383,46533.69,18158.38,218.51,28,53,42
47,490,383,46719.22,18610.03,99.77,27,51,40
47,490,383,46732.73,18534.31,99.77,28,51,40
47,490,383,46789.21,18025.6,208.28,28,55,36
47,490,383,46844.1,18022.71,208.28,28,55,36
47,490,384,44377.5,19410.02,293.05,27,53,40
47,490,384,44439.16,18789.67,130.18,27,53,42
47,490,384,44440.17,18573.69,221.23,27,54,40
47,490,384,44497.46,19020.7,97.53,27,56,43
47,490,384,44497.99,19158.05,97.53,28,53,42
47,490,384,44516.91,18889.88,97.53,28,53,42
47,490,384,44528.95,18896.28,247.38,27,53,39
47,490,384,44593.13,18870.18,158.04,28,53,41
47,490,384,44599.52,19031.92,48.76,28,53,43
47,490,384,44608.92,18874.66,252.33,27,53,39
47,490,384,44825.79,18873.5,48.76,27,53,44
47,490,384,44858.4,18936.24,48.76,28,53,43
47,490,384,44870.23,18995.73,227.55,28,51,37
47,490,384,44870.23,18995.73,260.2,28,51,36
47,490,384,44893.33,18851.66,48.76,28,53,42
47,490,384,44958.66,18674.02,130.18,28,56,42
47,490,384,44960.09,18648.34,325.78,26,51,36
47,490,384,45014.32,18773.15,389.04,26,54,35
47,490,384,45029.15,18789.26,48.76,28,53,42
47,490,384,45048.38,18917.72,298.54,28,51,36
47,490,384,45072.74,19159.24,151.2,28,51,38
47,490,384,45088.23,18643.0,319.59,27,52,38
47,490,384,45088.97,18603.6,356.39,26,51,36
47,490,384,45111.85,18905.37,260.2,28,52,36
47,490,384,45154.92,18497.13,356.39,27,51,36
47,490,384,45163.94,18944.36,211.44,28,52,39
47,490,384,45229.12,18652.6,260.2,28,53,38
47,490,384,45229.35,18543.51,435.05,26,52,34
47,490,384,45277.91,18241.86,520.86,27,51,34
47,490,384,45360.2,18588.31,314.0,26,52,40
47,490,384,45413.01,18383.94,168.88,27,49,36
47,490,384,45484.12,18543.11,371.23,27,50,34
47,490,384,45536.49,18523.44,217.65,27,49,34
47,490,384,45608.29,18451.25,351.2,27,50,34
47,490,384,45610.5,18348.44,212.37,28,51,39
47,490,384,45643.17,18276.85,212.37,28,51,39
47,490,384,46264.73,17896.54,199.68,28,54,37
47,490,384,46617.1,19196.59,346.98,27,48,37
47,490,385,44367.05,19266.25,130.18,27,52,42
47,490,385,44414.69,18789.67,130.18,27,53,42
47,490,385,44503.86,19053.3,48.76,28,53,43
47,490,385,44548.23,18762.29,236.29,27,53,41
47,490,385,44706.0,18588.43,91.05,27,54,43
47,490,385,44765.94,18818.03,548.59,26,53,37
47,490,385,44770.96,18873.5,48.76,27,53,44
47,490,385,44776.44,19513.61,211.44,28,52,36
47,490,385,44816.23,19424.93,48.76,28,54,42
47,490,385,44817.6,18873.58,48.76,28,53,43
47,490,385,44837.82,19424.93,69.79,28,53,42
47,490,385,44858.4,18821.06,48.76,28,53,43
47,490,385,44889.71,19366.48,48.76,28,54,42
47,490,385,44918.13,18759.33,377.41,26,52,37
47,490,385,44974.08,18994.24,0.0,28,53,43
47,490,385,45042.23,18764.53,48.76,28,53,43
47,490,385,45078.16,19091.48,151.2,28,52,38
47,490,385,45095.15,19145.81,398.64,27,49,37
47,490,385,45095.17,18257.42,590.89,27,51,34
47,490,385,45134.08,18789.16,281.66,26,52,39
47,490,385,45166.53,19078.82,227.55,28,55,36
47,490,385,45226.12,18241.86,520.86,27,51,34
47,490,385,45291.33,18454.1,463.8,27,50,35
47,490,385,45295.54,18693.6,344.53,28,52,35
47,490,385,45330.94,18538.01,491.66,27,50,34
47,490,385,45333.56,18383.94,168.88,27,49,37
47,490,385,45360.29,18207.92,445.58,28,50,35
47,490,385,45404.67,18538.01,371.23,27,50,34
47,490,385,45462.39,19031.75,114.97,28,53,41
47,490,385,45708.1,18441.04,160.48,28,51,40
47,490,385,45789.59,18425.51,163.6,28,51,41
47,490,385,46400.54,18034.32,233.37,28,53,40
47,490,385,46443.42,19450.75,236.6,27,47,40
47,490,385,46474.25,19411.3,236.6,27,48,40
47,490,385,46539.55,19405.0,240.74,27,48,40
47,490,385,46560.21,18507.97,163.34,28,50,38
47,490,385,46574.66,18158.38,148.47,28,53,42
47,490,385,46591.03,19405.0,240.74,27,48,39
47,490,385,46617.1,19387.13,319.13,27,48,38
47,490,385,46668.42,17907.28,225.65,28,57,36
47,490,385,46668.42,17984.46,274.41,28,57,35
47,490,385,46820.15,18158.49,306.17,28,54,35
47,490,386,44380.78,19248.42,130.18,27,52,42
47,490,386,44394.79,19036.87,272.85,27,53,41
47,490,386,44462.36,19055.99,48.76,27,57,43
47,490,386,44630.08,18963.39,48.76,28,53,44
47,490,386,44680.77,18588.43,91.05,27,53,43
47,490,386,44692.44,19019.1,48.76,28,53,42
47,490,386,44717.67,18494.64,266.65,27,55,41
47,490,386,44826.6,18903.56,404.17,26,51,36
47,490,386,44826.6,18953.32,467.18,26,51,35
47,490,386,44829.37,18674.25,48.76,28,53,43
47,490,386,44841.3,18979.88,377.41,27,50,38
47,490,386,44856.23,18998.9,377.41,27,51,37
47,490,386,44876.82,18979.88,377.41,27,50,37
47,490,386,44909.77,18985.13,0.0,28,54,43
47,490,386,44914.11,19298.85,151.2,28,52,38
47,490,386,44965.29,18994.24,0.0,28,53,43
47,490,386,44984.09,18953.13,0.0,27,53,43
47,490,386,45013.14,18615.98,386.02,26,52,37
47,490,386,45030.32,18598.69,356.39,27,51,36
47,490,386,45042.19,18745.11,319.59,27,52,38
47,490,386,45053.9,19056.33,97.53,28,53,41
47,490,386,45060.12,18907.0,0.0,28,53,43
47,490,386,45095.15,19135.33,398.64,27,49,37
47,490,386,45095.17,18115.85,623.54,27,51,33
47,490,386,45095.17,18238.24,590.89,27,51,34
47,490,386,45117.17,18941.88,394.29,28,52,35
47,490,386,45199.31,18925.89,394.98,28,52,35
47,490,386,45301.59,18504.73,254.61,27,52,41
47,490,386,45308.18,18120.23,527.79,27,52,34
47,490,386,45308.85,18481.08,413.0,27,50,36
47,490,386,45314.59,18446.05,254.61,27,52,40
47,490,386,45327.12,18450.42,371.29,27,52,39
47,490,386,45330.94,18243.92,168.88,27,50,37
47,490,386,45385.24,19013.61,114.97,28,54,41
47,490,386,45678.51,18425.51,127.46,28,51,42
47,490,386,45703.76,18673.1,353.87,28,51,33
47,490,386,45707.25,18555.81,163.6,28,51,41
47,490,386,45707.37,18749.51,368.74,28,51,32
47,490,386,45765.6,18866.77,308.46,26,53,37
47,490,386,45789.59,18405.55,163.6,28,51,41
47,490,386,45797.04,18346.8,160.48,28,51,40
47,490,386,46266.77,17859.46,280.57,28,54,37
47,490,386,46323.22,18611.37,148.47,28,50,42
47,490,386,46398.57,18054.24,296.38,28,53,40
47,490,386,46443.42,19442.45,236.6,27,47,40
47,490,386,46574.66,18041.19,148.47,28,53,42
47,490,386,46654.65,19473.94,229.2,27,48,40
47,490,386,46655.88,18547.2,114.57,28,51,39
47,490,387,44279.61,19295.03,130.18,27,52,42
47,490,387,44455.68,19045.27,48.76,28,55,44
47,490,387,44472.64,19250.34,97.53,28,53,42
47,490,387,44633.07,18919.79,518.81,26,52,37
47,490,387,44832.06,18584.89,91.05,27,53,43
47,490,387,44834.11,18864.22,614.77,26,51,37
47,490,387,44909.77,18942.67,0.0,28,54,44
47,490,387,44914.11,19511.54,151.2,28,52,37
47,490,387,44977.01,19079.64,97.53,28,54,41
47,490,387,45015.97,19079.64,97.53,28,54,40
47,490,387,45036.13,18930.88,0.0,28,53,43
47,490,387,45098.28,18835.25,268.27,27,55,38
47,490,387,45114.8,18507.66,356.39,27,51,37
47,490,387,45190.65,18235.24,527.79,27,51,34
47,490,387,45198.12,19228.84,48.76,28,54,40
47,490,387,45198.12,19242.32,85.11,28,54,39
47,490,387,45198.12,19242.32,133.88,28,54,38
47,490,387,45198.12,19242.32,148.74,28,54,37
47,490,387,45233.59,18251.66,500.36,28,52,34
47,490,387,45245.64,18593.25,347.51,28,51,35
47,490,387,45384.2,18782.04,281.66,26,52,40
47,490,387,45447.71,19240.66,148.74,28,55,37
47,490,387,45520.52,19280.69,99.98,28,55,38
47,490,387,45583.43,18574.65,163.6,28,51,41
47,490,387,45589.42,18283.38,233.39,27,49,36
47,490,387,45606.17,18917.74,308.46,26,53,38
47,490,387,45623.64,18806.14,420.62,28,51,32
47,490,387,45626.16,19033.86,308.46,26,53,37
47,490,387,45634.45,18749.51,368.74,28,51,32
47,490,387,45644.5,18849.91,308.46,26,54,36
47,490,387,45653.34,18906.91,308.46,26,53,37
47,490,387,45701.35,18640.64,546.88,28,53,33
47,490,387,45709.7,18971.63,114.97,28,54,41
47,490,387,45730.28,19313.23,63.63,28,55,39
47,490,387,45765.6,18845.85,308.46,26,53,36
47,490,387,45774.65,18807.28,368.05,28,52,32
47,490,387,45798.98,18875.01,259.7,26,54,37
47,490,387,45799.0,18645.96,132.99,28,51,41
47,490,387,45867.07,18807.28,368.05,28,51,32
47,490,387,46044.74,18983.72,308.46,26,52,37
47,490,387,46050.92,19260.12,85.02,27,52,40
47,490,387,46349.53,18601.68,148.47,28,50,42
47,490,387,46854.95,17816.34,381.98,28,58,37
47,490,388,44237.18,19108.5,231.98,27,53,42
47,490,388,44318.22,19589.16,329.19,28,53,41
47,490,388,44399.33,19219.84,166.32,27,52,43
47,490,388,44504.04,19045.27,48.76,28,54,44
47,490,388,44549.99,18676.64,130.18,27,53,42
47,490,388,44684.79,18829.91,486.36,26,52,37
47,490,388,44692.44,18991.79,0.0,28,53,43
47,490,388,44729.05,18829.91,482.25,26,51,37
47,490,388,44866.75,18752.64,123.94,28,55,42
47,490,388,44866.83,18599.48,169.9,27,53,42
47,490,388,44867.06,19407.84,364.69,27,52,38
47,490,388,44937.4,19198.66,133.88,28,53,37
47,490,388,44972.91,18256.79,168.88,27,51,39
47,490,388,45011.35,18864.2,307.63,26,54,38
47,490,388,45012.05,18833.91,319.59,27,52,38
47,490,388,45012.05,18871.31,319.59,27,52,37
47,490,388,45015.97,19049.99,97.53,28,54,40
47,490,388,45048.03,18525.24,386.02,26,52,37
47,490,388,45147.19,18144.31,500.36,28,52,34
47,490,388,45199.31,18987.91,467.98,28,52,34
47,490,388,45199.32,19173.13,504.04,26,50,37
47,490,388,45206.94,18138.21,550.89,28,52,34
47,490,388,45236.82,19248.04,85.11,28,54,38
47,490,388,45245.88,18816.73,344.53,28,52,35
47,490,388,45269.42,19188.61,148.74,28,55,38
47,490,388,45283.61,18751.64,344.53,28,52,35
47,490,388,45308.94,18565.63,378.12,28,51,35
47,490,388,45328.98,19073.99,196.94,28,57,38
47,490,388,45358.46,18370.4,413.0,27,49,37
47,490,388,45387.7,19001.04,320.0,26,53,38
47,490,388,45467.73,18681.08,281.66,26,52,42
47,490,388,45560.06,18900.45,308.46,26,54,36
47,490,388,45562.28,18943.15,308.46,26,52,37
47,490,388,45625.78,18794.61,368.74,28,52,31
47,490,388,45625.89,18780.28,368.74,28,51,31
47,490,388,45631.35,18697.35,368.74,28,51,32
47,490,388,45695.76,18668.25,368.74,28,51,32
47,490,388,45730.28,19213.6,63.63,28,55,40
47,490,388,45760.88,18724.27,289.66,28,51,33
47,490,388,45784.45,18948.31,259.7,26,54,37
47,490,388,45904.0,18838.66,308.46,26,53,37
47,490,388,46339.25,18012.1,383.6,28,58,35
47,490,388,46560.29,18185.98,148.47,28,53,42
47,490,388,46561.56,19839.4,229.2,27,48,40
47,490,388,46683.12,19480.66,563.64,27,48,35
47,490,389,44267.66,19552.19,329.19,28,53,41
47,490,389,44399.33,19134.17,166.32,27,52,43
47,490,389,44488.49,18769.5,187.33,27,54,41
47,490,389,44510.74,19384.27,97.53,28,52,42
47,490,389,44549.99,18636.58,130.18,27,53,42
47,490,389,44744.14,18853.12,441.87,27,52,37
47,490,389,44745.16,18856.39,441.87,26,52,37
47,490,389,44821.81,18599.48,169.9,27,53,42
47,490,389,44867.06,19222.28,364.69,27,52,37
47,490,389,44879.86,18916.02,371.19,26,54,37
47,490,389,44900.02,19006.89,428.22,27,52,35
47,490,389,44958.39,19196.97,133.88,28,53,37
47,490,389,45005.78,18871.31,319.59,27,53,37
47,490,389,45017.25,19171.95,133.88,28,53,37
47,490,389,45035.73,19024.12,125.39,28,55,39
47,490,389,45119.78,19219.96,241.9,28,53,35
47,490,389,45147.19,18138.21,550.89,28,52,34
47,490,389,45170.07,18803.57,268.27,27,56,38
47,490,389,45194.54,18771.25,260.2,28,52,38
47,490,389,45232.99,19143.5,241.9,28,53,35
47,490,389,45272.78,18751.64,344.53,28,52,35
47,490,389,45289.75,19078.84,426.93,28,53,34
47,490,389,45292.84,18437.29,362.59,28,50,36
47,490,389,45292.84,18526.36,349.83,28,50,36
47,490,389,45298.18,18858.24,211.44,28,52,38
47,490,389,45318.16,19028.11,292.43,28,52,35
47,490,389,45531.12,19042.71,527.71,26,53,33
47,490,389,45549.49,18862.1,437.9,28,52,31
47,490,389,45549.49,18878.26,368.74,28,52,31
47,490,389,45571.28,18685.4,332.17,28,51,33
47,490,389,45600.58,18841.34,368.74,28,53,32
47,490,389,45630.59,18771.97,368.74,28,54,31
47,490,389,45667.99,19016.92,368.05,28,52,32
47,490,389,45668.22,18761.53,417.51,28,53,31
47,490,389,45674.27,19131.6,308.46,26,53,36
47,490,389,45683.43,18717.28,216.45,28,53,35
47,490,389,45705.02,19047.27,313.61,28,51,33
47,490,389,45712.28,18771.97,368.74,28,53,31
47,490,389,45733.01,18920.98,319.98,28,51,32
47,490,389,45749.57,19233.85,99.98,28,55,38
47,490,389,45780.04,18806.53,308.46,26,53,38
47,490,389,45803.67,18967.9,259.7,26,53,37
47,490,389,45859.63,19110.1,298.3,26,52,38
47,490,389,45925.94,18645.96,114.8,28,51,42
47,490,389,46051.92,18612.74,114.8,28,51,43
47,490,389,46333.43,18235.79,421.1,27,56,40
47,490,389,46572.16,19518.47,563.64,27,48,35
47,490,390,44505.8,18670.13,151.2,27,54,43
47,490,390,44635.18,19273.58,312.57,27,52,41
47,490,390,44928.15,18723.65,268.27,27,56,38
47,490,390,44961.53,19099.93,118.55,28,55,40
47,490,390,44969.38,18857.23,125.39,28,55,39
47,490,390,44997.95,18901.43,0.0,28,54,44
47,490,390,45020.98,18615.51,268.27,27,56,38
47,490,390,45032.68,19270.03,307.63,26,52,39
47,490,390,45043.87,18892.65,0.0,28,54,45
47,490,390,45064.12,19258.2,241.9,28,53,35
47,490,390,45115.81,18138.21,550.89,28,53,35
47,490,390,45119.78,19215.34,241.9,28,53,35
47,490,390,45156.69,19258.2,144.37,28,53,35
47,490,390,45174.76,18437.29,362.59,28,50,36
47,490,390,45187.97,19078.84,411.06,28,52,34
47,490,390,45190.11,19215.76,347.66,28,53,34
47,490,390,45247.96,18565.63,378.12,28,51,35
47,490,390,45259.27,19071.03,440.47,26,49,40
47,490,390,45262.89,19359.97,259.7,26,52,39
47,490,390,45464.73,18950.98,504.15,28,53,33
47,490,390,45471.89,18914.77,527.71,26,54,33
47,490,390,45511.57,18909.26,391.9,26,52,34
47,490,390,45530.82,18771.97,368.74,28,51,32
47,490,390,45531.69,18771.97,368.74,28,53,31
47,490,390,45539.89,19009.25,332.17,28,52,33
47,490,390,45569.8,18984.35,313.61,28,51,33
47,490,390,45570.1,18701.85,566.82,28,52,31
47,490,390,45581.82,18745.57,395.91,28,53,31
47,490,390,45597.5,18771.97,368.74,28,52,31
47,490,390,45610.66,18914.77,527.71,26,53,33
47,490,390,45614.87,18847.2,391.9,26,53,34
47,490,390,45614.87,18847.2,527.71,26,53,33
47,490,390,45628.35,18943.16,238.43,26,55,38
47,490,390,45635.11,18725.26,368.74,28,52,31
47,490,390,45645.61,18861.63,127.46,28,51,42
47,490,390,45661.31,18701.85,496.78,28,52,31
47,490,390,45664.19,18701.85,569.79,28,51,30
47,490,390,45668.22,18891.09,368.74,28,53,30
47,490,390,45677.56,18656.65,481.07,28,52,33
47,490,390,45680.02,18656.65,432.31,28,52,33
47,490,390,45713.52,18860.35,417.65,28,50,32
47,490,390,45713.52,18860.35,444.82,28,50,31
47,490,390,45730.29,18908.63,268.41,26,55,36
47,490,390,45731.79,18937.77,238.43,26,55,36
47,490,390,45743.31,18943.16,316.47,26,55,35
47,490,390,45747.45,18997.01,268.41,26,54,36
47,490,390,45747.59,18729.49,444.82,28,51,31
47,490,390,45752.39,18664.02,289.66,28,51,33
47,490,390,45862.45,18672.34,146.01,27,54,37
47,490,390,46731.32,19377.71,500.07,28,48,35
47,490,390,46731.32,19518.47,500.07,27,48,35
47,490,390,46853.49,19300.1,500.07,28,48,36
47,490,391,44216.37,19240.77,231.98,28,54,42
47,490,391,44471.86,18708.34,151.2,27,54,43
47,490,391,44609.55,19352.16,260.63,28,52,41
47,490,391,44703.72,19050.61,564.01,26,51,37
47,490,391,44722.31,18917.55,430.46,27,51,38
47,490,391,44722.31,18919.79,430.46,26,51,38
47,490,391,44741.51,19145.96,430.46,26,51,37
47,490,391,44804.0,18543.22,175.07,27,54,43
47,490,391,44961.53,19013.89,118.55,28,55,40
47,490,391,44964.78,19007.89,118.55,28,55,41
47,490,391,44974.64,19230.69,347.66,28,54,34
47,490,391,44975.09,19386.83,195.59,28,53,35
47,490,391,45012.97,18813.68,319.59,28,53,38
47,490,391,45012.97,18821.3,319.59,27,53,38
47,490,391,45038.55,19215.76,347.66,28,54,34
47,490,391,45042.49,19258.2,195.59,28,53,35
47,490,391,45042.52,19258.2,214.4,28,53,34
47,490,391,45073.06,19230.69,347.66,28,53,34
47,490,391,45098.34,19158.96,144.37,28,54,35
47,490,391,45156.69,19214.01,195.59,28,53,35
47,490,391,45156.69,19215.17,144.37,28,53,35
47,490,391,45185.98,18121.8,550.89,28,53,35
47,490,391,45225.41,18661.28,311.01,28,53,37
47,490,391,45261.91,18552.28,398.31,28,51,35
47,490,391,45283.13,19264.51,111.72,28,55,37
47,490,391,45386.96,19104.1,571.35,28,52,33
47,490,391,45423.66,19026.55,487.1,28,54,31
47,490,391,45442.91,19238.3,510.46,26,50,36
47,490,391,45454.8,18917.74,308.46,26,53,37
47,490,391,45463.26,19187.9,111.72,28,54,37
47,490,391,45498.9,19083.22,492.96,28,52,33
47,490,391,45511.57,18906.64,364.7,26,52,35
47,490,391,45598.63,18927.77,238.43,26,55,38
47,490,391,45646.5,19134.2,238.43,26,56,36
47,490,391,45652.57,19019.86,238.43,26,55,36
47,490,391,45677.91,19145.79,48.76,28,56,41
47,490,391,45684.13,18632.33,368.74,28,53,31
47,490,391,45687.81,19045.24,316.47,26,55,35
47,490,391,45700.88,19199.4,63.63,28,55,40
47,490,391,45712.28,18790.4,295.73,28,53,32
47,490,391,45783.49,19016.86,48.76,28,56,41
47,490,391,45808.47,19145.59,99.46,26,56,38
47,490,391,45808.47,19145.59,189.67,26,56,37
47,490,391,45822.64,19159.24,189.67,26,55,37
47,490,391,45862.45,18524.19,146.01,27,54,37
47,490,391,45936.19,19072.26,238.43,26,55,35
47,490,391,45943.93,19264.82,51.21,28,56,38
47,490,391,45968.23,19264.82,51.21,28,55,38
47,490,391,46018.48,18747.2,301.44,26,55,38
47,490,391,46791.88,18948.66,224.01,28,48,42
47,490,391,46819.18,19182.42,196.15,28,48,44
47,490,392,44635.18,19217.63,312.57,27,52,41
47,490,392,44900.86,18580.71,160.08,28,55,42
47,490,392,44913.17,18367.16,168.88,27,52,39
47,490,392,44964.94,18484.42,432.63,28,50,35
47,490,392,45012.21,18698.59,266.18,27,51,38
47,490,392,45058.49,19214.01,195.59,28,54,35
47,490,392,45085.59,19194.46,195.59,28,53,35
47,490,392,45129.24,19449.86,222.76,28,52,35
47,490,392,45131.79,19214.01,195.59,28,52,35
47,490,392,45174.76,18398.89,362.59,28,50,36
47,490,392,45174.76,18465.8,432.63,28,50,35
47,490,392,45193.22,19152.17,253.0,28,54,35
47,490,392,45199.62,19153.95,144.37,28,54,35
47,490,392,45277.67,19235.74,129.5,28,54,38
47,490,392,45281.98,19722.98,504.26,28,53,33
47,490,392,45283.13,19244.43,111.72,28,55,37
47,490,392,45332.09,19175.68,129.5,28,54,38
47,490,392,45363.32,19354.94,259.7,26,53,39
47,490,392,45420.95,18987.96,487.1,28,55,31
47,490,392,45423.66,19010.64,487.1,28,54,32
47,490,392,45428.16,19010.64,487.1,28,54,31
47,490,392,45458.7,18964.93,474.04,28,52,31
47,490,392,45466.1,19345.01,83.86,28,54,39
47,490,392,45515.32,18930.96,437.9,28,52,31
47,490,392,45525.25,18840.81,322.9,28,53,32
47,490,392,45525.25,18840.81,395.91,28,53,31
47,490,392,45542.41,18974.01,331.87,28,52,32
47,490,392,45565.56,18755.7,442.92,28,51,33
47,490,392,45591.04,19149.8,207.82,26,56,38
47,490,392,45617.78,19013.69,477.29,28,51,31
47,490,392,45621.35,19360.47,63.63,28,56,39
47,490,392,45628.85,19350.62,63.63,28,56,39
47,490,392,45631.71,18960.63,331.87,28,52,32
47,490,392,45631.71,19001.13,359.3,28,52,31
47,490,392,45655.51,19145.59,177.85,26,56,38
47,490,392,45685.1,19128.01,206.06,26,57,38
47,490,392,45729.01,19122.78,206.06,26,57,38
47,490,392,45729.58,19107.02,207.82,26,56,38
47,490,392,45740.47,19254.01,207.82,26,56,37
47,490,392,45774.15,18747.2,301.44,26,55,38
47,490,392,45774.15,18886.86,238.43,26,55,37
47,490,392,45790.92,18792.06,102.44,27,54,38
47,490,392,45808.47,19237.24,177.85,26,56,37
47,490,392,45808.79,18529.42,102.44,28,54,39
47,490,392,45897.86,19089.99,609.64,26,52,33
47,490,392,46661.11,19211.06,224.01,28,48,42
47,490,392,46794.04,19232.84,224.01,28,47,42
47,490,392,46798.47,19232.84,302.4,28,48,41
47,490,392,46899.48,19230.61,260.15,28,47,42
47,490,392,47079.5,19360.31,302.4,27,48,41
47,490,392,47121.18,19257.13,302.4,28,48,40
47,490,393,44634.96,19241.02,376.14,27,52,40
47,490,393,44667.79,19194.46,195.59,28,53,34
47,490,393,44765.01,18545.26,280.63,28,54,42
47,490,393,44891.34,18529.49,160.08,28,55,43
47,490,393,44895.79,19263.69,48.76,27,52,46
47,490,393,44900.1,18367.46,168.88,27,53,39
47,490,393,44908.87,18548.01,154.55,28,55,43
47,490,393,44908.87,18548.01,160.08,28,55,42
47,490,393,45027.02,18472.65,432.63,28,50,35
47,490,393,45069.99,19170.45,195.59,28,53,35
47,490,393,45080.42,19151.94,195.59,28,53,35
47,490,393,45158.67,19155.83,148.07,28,54,37
47,490,393,45188.05,19188.33,180.72,28,55,34
47,490,393,45193.22,19150.29,253.0,28,54,35
47,490,393,45209.5,19030.85,380.64,28,51,33
47,490,393,45232.82,19085.53,258.75,28,54,34
47,490,393,45232.82,19168.73,180.72,28,54,34
47,490,393,45350.03,19218.57,510.46,26,50,36
47,490,393,45418.87,18810.35,280.87,28,51,34
47,490,393,45418.87,18854.36,331.87,28,51,32
47,490,393,45418.87,18904.77,295.73,28,51,33
47,490,393,45475.38,18836.85,331.87,28,52,32
47,490,393,45495.12,19192.08,435.05,26,50,35
47,490,393,45517.37,18737.24,395.91,28,53,32
47,490,393,45525.25,18796.14,322.9,28,53,32
47,490,393,45525.73,18645.28,301.15,28,52,33
47,490,393,45533.87,19309.58,232.0,26,55,37
47,490,393,45539.94,19149.8,207.82,26,56,38
47,490,393,45560.45,19161.95,435.05,26,50,35
47,490,393,45584.74,19144.5,207.82,26,56,38
47,490,393,45589.3,18857.69,716.07,28,52,30
47,490,393,45589.76,18659.18,289.66,28,52,33
47,490,393,45591.04,19073.34,207.82,26,56,38
47,490,393,45620.13,18728.6,487.82,28,52,32
47,490,393,45638.4,18646.16,289.66,28,52,33
47,490,393,45658.17,19136.42,157.29,26,56,38
47,490,393,45692.18,19092.19,252.8,28,51,33
47,490,393,45702.62,19254.01,207.82,26,56,37
47,490,393,45716.68,19367.05,156.82,26,56,38
47,490,393,45804.05,18870.82,566.82,28,52,30
47,490,393,45804.05,19053.93,206.06,26,57,38
47,490,393,45916.95,18736.19,359.3,28,53,32
47,490,393,45955.63,18810.29,217.41,26,55,41
47,490,393,46407.1,18629.12,132.41,27,53,39
47,490,393,46723.97,19579.16,500.07,28,48,36
47,490,393,46751.48,19232.84,224.01,28,47,42
47,490,393,46769.88,19169.31,229.54,28,48,42
47,490,393,46829.12,19209.2,302.4,28,48,41
47,490,393,47024.9,19360.31,302.4,27,48,41
47,490,393,47121.18,19248.5,302.4,28,48,40
47,490,393,47500.78,18227.73,397.25,27,58,41
47,490,394,44453.54,19140.97,87.77,28,53,46
47,490,394,44510.87,19194.46,285.22,28,53,34
47,490,394,44765.01,18545.26,350.67,28,54,41
47,490,394,44765.01,18610.21,184.88,28,54,42
47,490,394,44928.47,18279.32,168.88,28,53,40
47,490,394,44933.26,18255.1,168.88,28,53,40
47,490,394,44939.36,18617.27,136.11,28,54,42
47,490,394,44963.53,18285.53,168.88,27,53,40
47,490,394,45079.61,19004.83,216.44,28,57,38
47,490,394,45108.3,19425.32,180.72,28,54,34
47,490,394,45229.22,19278.88,116.51,28,55,35
47,490,394,45232.82,19165.75,180.72,28,54,34
47,490,394,45240.39,19480.37,317.8,28,55,33
47,490,394,45241.23,19393.76,101.64,28,54,35
47,490,394,45265.11,19565.91,286.57,26,55,38
47,490,394,45277.78,18930.82,380.64,28,51,34
47,490,394,45302.17,18904.77,331.87,28,52,32
47,490,394,45302.45,19165.56,195.59,28,54,34
47,490,394,45324.27,19281.35,518.81,26,50,36
47,490,394,45406.06,19135.3,180.72,28,55,34
47,490,394,45418.87,19003.9,299.22,28,51,32
47,490,394,45451.02,19135.3,180.72,28,54,34
47,490,394,45466.32,18768.97,431.62,28,52,33
47,490,394,45488.13,18922.72,268.91,28,52,34
47,490,394,45525.73,18629.22,301.15,28,52,33
47,490,394,45559.06,19388.76,353.64,26,50,41
47,490,394,45584.74,19127.28,207.82,26,56,38
47,490,394,45594.5,19060.88,238.43,26,56,36
47,490,394,45647.93,19333.04,156.82,26,56,37
47,490,394,45659.59,18520.64,280.87,28,53,34
47,490,394,45660.15,19254.01,207.82,26,56,37
47,490,394,45682.56,18997.11,253.76,26,57,37
47,490,394,45716.68,19299.34,156.82,26,56,37
47,490,394,45770.54,19097.32,193.17,26,56,39
47,490,394,45795.84,19061.27,206.06,26,57,38
47,490,394,46028.27,18823.54,165.53,28,53,37
47,490,394,46096.89,19433.24,240.98,26,54,37
47,490,394,46115.23,18514.22,168.11,27,54,37
47,490,394,46128.35,19433.24,240.98,26,53,37
47,490,394,46140.41,19384.01,192.22,26,54,37
47,490,394,46148.02,19357.41,240.98,26,53,37
47,490,394,46172.47,19357.41,240.98,26,53,36
47,490,394,46343.62,17967.67,355.27,28,54,36
47,490,394,46382.05,18664.07,132.41,27,53,39
47,490,394,46608.57,19062.11,296.2,28,47,41
47,490,394,46608.57,19062.11,328.85,28,47,40
47,490,394,46708.94,19232.84,224.01,28,47,43
47,490,394,46896.98,19061.24,274.81,27,48,43
47,490,394,47514.09,18214.36,397.25,27,59,41
47,490,395,44524.76,19049.85,87.77,28,53,46
47,490,395,44788.58,18835.24,66.75,27,54,45
47,490,395,44939.36,18610.21,136.11,28,54,42
47,490,395,45007.67,19111.29,180.72,28,54,35
47,490,395,45069.44,18446.11,432.63,28,50,35
47,490,395,45108.3,19371.01,180.72,28,54,34
47,490,395,45218.89,19165.56,194.9,28,54,34
47,490,395,45230.36,19124.79,194.9,28,54,34
47,490,395,45274.46,18778.21,365.77,28,51,33
47,490,395,45303.32,19276.68,116.51,28,56,35
47,490,395,45367.55,19186.04,435.05,26,50,37
47,490,395,45399.53,19483.27,317.8,28,55,32
47,490,395,45418.05,19029.15,487.1,28,55,31
47,490,395,45433.75,18854.09,148.18,28,59,40
47,490,395,45466.88,18913.66,268.91,28,52,34
47,490,395,45506.48,18696.87,431.62,28,53,33
47,490,395,45511.26,19186.04,435.05,26,50,35
47,490,395,45514.92,19350.97,268.41,26,55,42
47,490,395,45532.46,19309.58,232.0,26,55,37
47,490,395,45533.06,18102.21,306.96,28,50,40
47,490,395,45533.06,18102.21,369.97,28,50,39
47,490,395,45568.33,19138.21,268.41,26,55,42
47,490,395,45574.23,18795.01,331.87,28,53,32
47,490,395,45633.87,19333.04,156.82,26,56,36
47,490,395,45657.98,19130.34,156.82,26,56,37
47,490,395,45710.73,19133.84,289.24,26,55,35
47,490,395,45725.11,18915.39,129.43,26,56,38
47,490,395,45748.04,19305.47,156.82,26,56,36
47,490,395,45768.53,19291.75,156.82,26,55,38
47,490,395,45771.16,19469.8,156.82,26,54,38
47,490,395,45844.31,19329.82,521.69,28,53,29
47,490,395,45849.67,18841.46,316.47,26,56,36
47,490,395,46031.73,18514.22,168.11,27,54,37
47,490,395,46074.34,18964.47,217.41,26,54,41
47,490,395,46636.49,19283.76,224.01,28,47,43
47,490,395,46900.32,19357.85,302.4,27,48,42
47,490,395,46926.02,19011.3,205.44,27,49,35
47,490,396,44414.03,19269.46,285.22,28,53,34
47,490,396,44779.01,18918.11,388.46,27,53,37
47,490,396,44851.11,18571.57,66.75,27,55,45
47,490,396,44878.99,18835.24,66.75,27,54,44
47,490,396,44952.54,19219.71,180.72,28,54,35
47,490,396,45082.61,19261.1,180.72,28,55,34
47,490,396,45247.2,19186.04,435.05,26,50,37
47,490,396,45269.53,19074.12,180.72,28,54,35
47,490,396,45274.78,18427.19,314.13,27,53,38
47,490,396,45437.15,18035.21,306.96,28,49,39
47,490,396,45444.32,17938.27,306.96,28,49,40
47,490,396,45450.77,18748.36,331.87,28,53,32
47,490,396,45462.45,18953.87,268.91,28,52,34
47,490,396,45484.95,19153.62,166.3,28,56,36
47,490,396,45511.03,19237.26,364.7,26,52,35
47,490,396,45554.36,19416.46,232.0,26,54,37
47,490,396,45622.05,19289.44,156.82,26,56,36
47,490,396,45645.83,18940.06,317.01,28,54,32
47,490,396,45648.42,19130.2,157.51,26,56,37
47,490,396,45658.33,19384.33,207.82,26,54,37
47,490,396,45710.78,19039.03,129.43,26,56,38
47,490,396,45713.96,19154.65,289.24,26,55,34
47,490,396,45748.04,19277.84,156.82,26,56,36
47,490,396,45772.78,19373.03,141.96,26,57,37
47,490,396,45786.51,18587.09,343.7,28,54,33
47,490,396,45812.25,18820.57,166.0,28,53,37
47,490,396,45848.88,19185.55,234.86,26,57,36
47,490,396,46044.58,18207.92,451.45,27,56,37
47,490,396,46113.45,18196.31,451.45,27,56,37
47,490,396,46135.73,18297.78,99.46,27,53,40
47,490,396,46135.77,18288.3,148.22,27,53,40
47,490,396,46198.33,18256.93,35.89,27,53,40
47,490,396,46307.72,18637.6,119.34,27,54,39
47,490,396,46670.51,18565.5,120.59,27,53,39
47,490,396,46672.44,19350.76,196.15,28,48,43
47,490,396,46697.18,19278.33,224.01,28,47,43
47,490,396,46752.73,19231.98,224.01,28,46,44
47,490,396,46900.32,19339.7,302.4,27,48,42
47,490,396,46949.53,19282.08,322.79,27,48,42
47,490,397,44703.61,18928.27,388.46,27,53,37
47,490,397,44952.54,19216.18,180.72,28,54,35
47,490,397,44977.62,19224.54,101.64,28,54,37
47,490,397,45184.34,19242.98,194.9,28,54,34
47,490,397,45255.29,18492.85,343.66,28,53,38
47,490,397,45259.23,19509.42,318.71,26,55,37
47,490,397,45296.13,18119.3,93.51,28,49,39
47,490,397,45305.84,18147.17,93.51,28,52,37
47,490,397,45306.02,18860.79,331.87,28,53,32
47,490,397,45309.15,18128.22,93.51,28,50,38
47,490,397,45350.6,18017.81,191.62,28,50,38
47,490,397,45350.6,18111.23,191.62,28,50,37
47,490,397,45365.76,17963.03,140.62,28,49,37
47,490,397,45383.31,19446.09,320.04,28,55,33
47,490,397,45386.72,17959.92,183.36,28,51,38
47,490,397,45388.73,17940.79,211.21,28,49,37
47,490,397,45391.35,19446.09,320.04,28,54,33
47,490,397,45450.64,18975.67,268.91,28,52,34
47,490,397,45468.32,19042.01,190.16,26,55,36
47,490,397,45472.01,17889.13,191.62,28,50,37
47,490,397,45518.88,19153.62,166.3,28,56,35
47,490,397,45521.98,19062.32,157.51,26,55,37
47,490,397,45552.52,19463.3,156.82,26,57,38
47,490,397,45553.88,19566.31,349.69,25,58,39
47,490,397,45633.26,19346.63,268.14,26,54,39
47,490,397,45642.03,19384.33,283.0,26,54,37
47,490,397,45721.81,19109.33,166.3,28,56,35
47,490,397,45722.6,18589.19,343.7,28,54,33
47,490,397,45805.59,19066.95,156.82,26,56,37
47,490,397,45805.59,19140.07,78.43,26,56,37
47,490,397,46017.02,19356.98,63.57,27,51,40
47,490,397,46038.37,19143.13,226.51,26,54,42
47,490,397,46049.29,19506.21,156.82,27,53,37
47,490,397,46061.79,19124.7,226.51,26,54,42
47,490,397,46766.07,19117.98,224.01,28,48,43
47,490,397,46821.89,19356.4,322.79,27,48,42
47,490,398,44830.21,19224.54,101.64,28,55,38
47,490,398,44936.32,19224.54,101.64,28,54,37
47,490,398,45165.95,19477.37,335.19,28,56,33
47,490,398,45166.37,19478.49,286.43,28,56,33
47,490,398,45175.41,19440.13,335.19,28,56,33
47,490,398,45184.09,17963.03,140.62,28,49,37
47,490,398,45278.56,19186.12,347.3,28,51,34
47,490,398,45410.55,17949.7,191.62,28,51,38
47,490,398,45479.61,19566.92,349.69,25,58,39
47,490,398,45491.06,19563.14,279.65,25,56,40
47,490,398,45527.34,18155.11,318.58,28,52,36
47,490,398,45553.88,19561.61,349.69,25,58,39
47,490,398,45570.85,19494.39,156.82,26,57,37
47,490,398,45645.41,18722.92,447.99,28,52,31
47,490,398,45695.71,19108.32,240.47,26,55,35
47,490,398,45805.22,19198.09,136.72,28,56,35
47,490,398,45845.89,19505.23,270.01,28,54,32
47,490,398,45850.42,18995.29,127.2,26,57,37
47,490,398,45850.42,19048.06,78.43,26,57,37
47,490,398,46010.85,19222.26,129.49,27,51,40
47,490,398,46046.67,19317.86,63.57,27,51,40
47,490,398,46046.67,19317.86,129.49,27,51,39
47,490,398,46089.49,19270.71,63.57,27,52,40
47,490,398,46305.95,18790.81,168.11,27,52,37
47,490,398,46310.48,19123.76,301.87,28,48,42
47,490,398,46335.25,19175.4,175.25,28,48,43
47,490,398,46629.87,19151.9,175.25,28,48,43
47,490,398,46631.8,19285.72,266.56,28,46,45
47,490,398,46752.73,19129.35,224.01,28,46,45
47,490,398,46897.09,18435.53,282.14,28,48,39
47,490,398,46898.67,19275.91,322.79,27,48,42
47,490,398,46933.68,18431.62,282.14,28,48,39
47,490,398,47258.68,19388.76,487.36,27,47,41
47,490,399,44928.7,19431.31,148.07,28,54,37
47,490,399,45000.92,19427.6,279.65,25,53,41
47,490,399,45032.4,19294.14,337.18,28,52,34
47,490,399,45052.76,18337.29,163.54,28,53,38
47,490,399,45101.7,18337.29,212.31,28,52,38
47,490,399,45144.02,18228.97,238.15,28,49,37
47,490,399,45152.59,19356.45,279.65,25,54,41
47,490,399,45182.51,18211.81,301.15,28,49,37
47,490,399,45208.5,19238.21,279.65,25,55,42
47,490,399,45229.17,19480.37,169.37,28,56,34
47,490,399,45243.21,18132.42,93.51,28,53,38
47,490,399,45258.26,19015.6,338.95,28,51,34
47,490,399,45263.77,19260.43,279.65,25,55,41
47,490,399,45269.89,19451.05,320.04,28,54,33
47,490,399,45293.76,19563.14,279.65,25,57,40
47,490,399,45296.13,19505.54,279.65,25,56,40
47,490,399,45347.67,18767.43,331.87,28,53,31
47,490,399,45447.66,17863.69,232.12,28,51,41
47,490,399,45479.61,19554.83,349.69,25,58,39
47,490,399,45562.92,19528.91,349.69,25,58,39
47,490,399,45595.94,18722.92,447.99,28,54,31
47,490,399,45649.78,18124.84,258.96,28,52,35
47,490,399,45658.95,19486.31,252.22,25,57,40
47,490,399,45814.32,19090.94,127.2,26,57,37
47,490,399,45832.01,19654.01,349.69,25,57,39
47,490,399,45845.89,19360.77,281.9,28,54,32
47,490,399,45845.89,19447.49,270.01,28,54,32
47,490,399,45919.43,19349.01,129.49,27,51,40
47,490,399,45960.26,19239.27,156.82,26,57,36
47,490,399,46042.36,19651.58,159.85,26,54,35
47,490,399,46327.09,18377.96,21.02,27,54,41
47,490,399,46344.69,19466.0,301.87,28,48,41
47,490,399,46466.76,19158.12,266.3,27,48,43
47,490,399,46525.4,18923.4,400.9,27,48,35
47,490,399,46605.84,18999.3,175.25,28,48,43
47,490,399,46843.8,18435.53,282.14,28,48,39
47,490,399,46921.7,18431.62,282.14,28,48,39
47,490,399,47258.68,19383.62,487.36,27,47,41
47,490,400,43655.93,18045.95,142.43,26,50,37
47,490,400,43705.78,17977.33,217.61,26,50,38
47,490,400,44239.8,18382.13,282.17,27,52,35
47,490,400,44675.19,19127.86,101.64,28,55,38
47,490,400,44783.81,19102.44,101.64,28,56,38
47,490,400,45000.92,19354.69,279.65,25,53,41
47,490,400,45030.76,19300.62,279.65,25,54,41
47,490,400,45048.81,19300.62,279.65,25,53,41
47,490,400,45066.55,18230.17,322.17,28,49,39
47,490,400,45093.3,19213.43,252.22,25,55,41
47,490,400,45096.06,19015.6,332.58,28,51,35
47,490,400,45096.06,19015.6,338.95,28,51,34
47,490,400,45147.15,18255.32,93.51,28,53,38
47,490,400,45182.51,18138.2,238.15,28,49,38
47,490,400,45266.92,19505.54,279.65,25,56,40
47,490,400,45398.75,17842.54,299.6,28,51,41
47,490,400,45410.55,17881.55,191.62,28,51,39
47,490,400,45415.33,19152.37,498.56,28,50,32
47,490,400,45459.38,19113.3,498.56,28,50,32
47,490,400,45470.21,19425.43,364.7,26,52,34
47,490,400,45596.12,18114.82,258.96,28,53,35
47,490,400,45714.04,19090.91,127.2,26,57,37
47,490,400,45804.79,19133.42,63.57,27,58,38
47,490,400,45855.94,19360.22,129.49,27,51,40
47,490,400,45873.1,19349.07,281.9,28,55,32
47,490,400,46270.61,19268.0,175.25,27,48,43
47,490,400,46327.09,18353.22,21.02,27,54,41
47,490,400,46340.82,19201.43,301.87,28,48,41
47,490,400,46466.76,19144.83,266.3,27,48,43
47,490,400,46714.8,19217.89,329.75,28,46,46
47,490,400,47022.05,19221.82,322.79,27,48,42
47,490,400,47029.34,19114.17,359.14,27,47,42
47,490,400,47281.61,19509.3,206.65,27,48,41
47,490,401,43589.43,17976.78,217.61,26,50,38
47,490,401,43594.53,18230.7,316.14,25,50,36
47,490,401,43633.24,17975.75,142.43,25,50,36
47,490,401,43650.36,17947.97,127.56,26,51,37
47,490,401,43655.93,17921.21,142.43,25,50,36
47,490,401,44172.14,18349.34,282.17,27,51,35
47,490,401,44766.59,19851.72,169.37,28,55,35
47,490,401,44815.71,19774.82,169.37,28,55,35
47,490,401,45093.86,18228.67,322.17,28,49,38
47,490,401,45418.18,18187.56,469.7,28,52,34
47,490,401,45429.44,18278.17,469.7,28,51,34
47,490,401,45432.0,18187.56,469.7,28,51,34
47,490,401,45444.48,19220.3,595.45,28,51,31
47,490,401,45451.29,18302.07,456.09,28,51,34
47,490,401,45451.72,18160.44,457.74,28,51,35
47,490,401,45451.72,18166.63,330.59,28,51,34
47,490,401,45600.4,18152.13,457.74,28,51,35
47,490,401,45677.71,19299.57,240.47,26,55,35
47,490,401,45704.63,19217.43,127.2,26,57,37
47,490,401,45710.09,18155.84,313.68,28,51,35
47,490,401,45760.77,18125.07,321.97,28,51,35
47,490,401,45903.75,19365.09,312.19,26,54,35
47,490,401,46396.29,19456.26,301.87,28,47,41
47,490,401,46489.17,18887.54,400.9,28,48,35
47,490,401,47498.89,19050.69,216.35,27,48,42
47,490,402,43594.53,18016.29,142.43,25,50,36
47,490,402,43604.42,17975.75,142.43,25,51,36
47,490,402,43957.35,18007.52,220.82,25,51,35
47,490,402,44331.25,17877.54,178.78,26,50,36
47,490,402,44332.24,17850.66,142.43,26,50,37
47,490,402,45291.29,18062.1,457.74,28,51,34
47,490,402,45414.24,18168.88,408.98,28,51,34
47,490,402,45420.88,19425.43,364.7,26,52,34
47,490,402,45487.89,18180.59,488.42,28,50,34
47,490,402,45600.26,19005.32,127.2,26,56,40
47,490,402,45660.8,19005.32,127.2,26,56,38
47,490,402,45660.8,19042.37,127.2,26,56,37
47,490,402,46380.32,19456.26,301.87,28,47,42
47,490,402,46870.53,18885.3,278.3,28,48,41
47,490,402,47068.08,19204.01,112.33,26,55,43
47,490,402,47313.8,19050.69,216.35,27,47,42
47,490,402,47365.53,19050.69,265.11,27,47,41
47,490,402,47379.94,19028.2,265.11,27,47,41
47,490,403,43594.53,17960.22,142.43,26,50,36
47,490,403,43791.55,17918.1,279.91,25,50,36
47,490,403,43820.39,18105.07,142.43,25,49,36
47,490,403,43909.96,17914.34,142.43,25,50,36
47,490,403,43909.96,18038.67,175.08,25,50,35
47,490,403,43917.71,18305.16,106.29,25,53,40
47,490,403,44044.26,17893.71,142.43,26,50,37
47,490,403,44357.52,18308.69,284.54,26,50,34
47,490,403,44738.47,19851.72,93.16,28,55,36
47,490,403,44738.47,19851.72,169.37,28,55,35
47,490,403,44771.18,19191.66,101.64,28,54,38
47,490,403,45299.88,18107.29,408.98,28,51,34
47,490,403,45491.27,17828.44,183.36,28,52,39
47,490,403,45497.89,17828.44,183.36,28,51,39
47,490,403,45537.68,19481.07,290.4,28,54,33
47,490,403,45558.04,17782.4,183.36,28,52,39
47,490,403,46162.21,18374.54,583.94,28,52,33
47,490,403,46162.21,18400.61,528.23,28,52,33
47,490,403,46691.43,18880.62,400.9,28,48,35
47,490,403,47084.18,18898.81,278.3,28,47,41
47,490,403,47186.41,18880.7,278.3,28,47,41
47,490,403,47333.51,19194.84,343.5,27,47,41
47,490,403,47338.13,19112.45,292.97,27,47,41
47,490,404,43791.55,18037.81,357.94,25,50,35
47,490,404,43822.17,18307.82,127.56,26,50,37
47,490,404,43917.71,18264.9,106.29,26,53,40
47,490,404,43971.07,18252.2,106.29,25,52,40
47,490,404,43973.31,18252.2,106.29,25,51,40
47,490,404,44084.89,17864.84,142.43,26,50,37
47,490,404,44131.86,18086.02,122.04,25,51,37
47,490,404,44190.65,17850.66,142.43,26,50,37
47,490,404,44281.17,18038.38,178.78,26,50,35
47,490,404,44318.7,17884.34,191.2,25,50,37
47,490,404,44421.69,17993.87,331.5,25,51,34
47,490,404,44428.31,17867.74,142.43,25,50,39
47,490,404,44431.44,17993.87,253.47,25,51,35
47,490,404,44617.15,19915.7,93.16,28,55,36
47,490,404,44643.63,19747.31,93.16,28,55,36
47,490,404,45482.98,19463.32,290.4,28,54,33
47,490,404,45537.68,19447.31,290.4,28,54,33
47,490,404,45721.44,17749.94,183.36,28,52,39
47,490,404,45920.99,17742.05,216.38,28,54,40
47,490,404,46770.77,19289.97,326.17,28,48,36
47,490,405,43672.79,17954.35,238.19,26,50,35
47,490,405,44019.25,17895.7,218.61,25,50,38
47,490,405,44428.31,17884.34,142.43,25,50,37
47,490,405,45097.13,18702.37,114.57,25,52,37
47,490,405,45500.98,18022.67,114.57,28,51,39
47,490,406,43671.35,17970.98,238.19,26,50,35
47,490,406,44148.23,17962.64,114.55,25,49,37
47,490,406,44206.98,17945.19,177.56,25,49,37
47,490,406,44258.91,17913.71,142.43,25,51,38
47,490,406,44335.5,17913.71,142.43,25,51,37
47,490,406,44338.29,17913.71,142.43,25,50,37
47,490,406,44382.74,17851.85,307.34,25,50,38
47,490,406,44486.53,17879.17,157.1,25,50,37
47,490,406,44539.2,17866.8,142.43,25,50,37
47,490,406,44696.49,19466.26,93.16,28,55,37
47,490,406,44696.49,19643.21,93.16,28,55,36
47,490,407,43671.35,17927.53,238.19,26,50,35
47,490,407,43840.47,17893.31,294.94,27,50,36
47,490,407,44347.84,17816.39,307.34,25,51,38
47,490,407,44686.93,19501.9,93.16,28,55,36
47,490,407,45431.17,18047.75,107.97,28,52,40
47,490,407,46003.49,18547.51,409.6,28,55,33
47,490,407,46003.49,18622.31,479.64,28,55,32
47,490,407,46006.51,18186.2,466.61,28,53,33
47,490,408,43110.27,17045.28,208.35,26,50,36
47,490,408,44365.54,17817.54,142.43,25,50,38
47,490,408,44536.81,18535.69,544.95,26,52,33
47,490,408,44616.1,18495.04,544.95,26,52,33
47,490,408,44644.5,19466.85,93.16,28,54,37
47,490,408,45505.23,18766.99,482.48,28,52,33
47,490,409,43101.35,16891.53,208.35,26,49,36
47,490,409,43105.66,16972.56,173.04,26,49,36
47,490,409,43135.1,16825.74,173.04,26,49,36
47,490,409,44427.36,17791.37,197.6,25,52,37
47,490,409,44470.34,17791.37,212.47,25,51,37
47,490,410,42849.27,16994.36,289.7,26,48,32
47,490,410,42940.46,16752.28,142.94,27,49,34
47,490,410,43091.31,16765.86,142.94,26,49,33
47,490,410,44423.55,17791.37,197.6,25,52,38
47,490,410,44423.55,17858.3,127.56,25,52,39
47,490,411,42680.65,16906.31,142.94,26,48,32
47,490,411,42824.36,17485.33,303.09,26,48,31
47,490,411,42837.64,16760.03,193.94,26,48,32
47,490,411,42893.91,16884.26,191.71,27,48,36
47,490,411,43014.81,16770.14,142.94,26,48,34
47,490,411,43043.76,16765.86,142.94,26,48,33
47,490,411,43271.82,16692.88,269.62,26,51,34
47,490,411,43310.51,16646.22,269.62,26,51,34
47,490,411,44263.1,18207.99,122.04,25,53,36
47,490,411,44416.34,17825.57,127.56,26,53,38
47,490,411,44634.59,18376.88,106.29,25,51,39
47,490,412,42680.65,16829.53,142.94,26,48,32
47,490,412,43001.42,16770.14,142.94,26,48,34
47,490,412,43022.2,16761.82,142.94,26,48,34
47,490,412,43022.2,16765.86,142.94,26,48,33
47,490,412,43053.07,16692.88,184.36,26,49,34
47,490,412,43105.78,16826.41,112.33,26,48,34
47,490,412,43575.19,16702.69,342.62,26,50,33
47,490,412,43646.74,16702.69,421.7,26,51,32
47,490,412,44236.46,18137.44,122.04,25,53,36
47,490,413,42960.85,16927.32,259.93,26,47,33
47,490,413,42968.84,16727.65,142.94,26,48,33
47,490,413,42977.73,16724.26,163.34,26,49,33
47,490,413,42985.4,16692.89,142.94,26,49,33
47,490,413,42989.83,16609.58,142.94,27,48,33
47,490,413,43022.2,16661.91,142.94,26,48,33
47,490,413,44540.51,18398.59,106.29,25,51,39
47,490,413,44634.59,18353.09,106.29,25,51,39
47,490,413,48070.39,19009.67,78.43,28,51,46
47,490,414,43138.01,16647.34,142.94,26,48,33
47,490,414,43176.85,16604.69,142.94,26,48,33
47,490,414,43641.92,16737.56,379.2,26,52,32
47,490,414,43804.86,16437.75,289.66,26,48,33
47,490,415,42904.09,17187.81,115.72,26,48,34
47,490,415,42904.09,17197.89,79.38,26,48,34
47,490,415,43186.37,16591.13,142.94,26,48,35
47,490,415,43225.21,16826.01,142.94,26,47,34
47,490,415,43591.62,16601.78,142.94,26,48,33
47,490,415,43643.6,16437.75,211.27,26,48,33
47,490,415,43994.41,16458.1,303.19,26,49,32
47,490,416,43399.14,16524.33,142.94,26,48,33
47,490,416,43634.09,17226.39,0.0,27,49,40
47,490,416,43703.85,17202.4,0.0,27,49,40
47,490,416,43864.84,16414.47,301.48,26,49,32
47,490,416,43985.82,16325.44,295.3,26,48,33
47,490,416,44041.55,16409.26,211.27,26,48,33
47,490,416,44048.51,16659.13,115.51,26,48,34
47,490,416,44295.69,16471.72,162.5,26,48,38
47,490,417,43170.56,16743.51,14.87,27,47,39
47,490,417,43504.46,16985.73,0.0,27,48,40
47,490,417,44143.7,16479.74,302.32,26,48,32
47,490,417,44246.64,16471.72,162.5,26,48,38
47,490,417,44474.89,17114.59,84.9,26,48,39
47,490,417,44502.17,17048.44,84.9,26,48,38
47,490,418,43015.08,16790.49,0.0,28,47,41
47,490,418,43096.48,16689.58,75.18,27,47,39
47,490,418,43102.51,16695.99,0.0,27,47,40
47,490,418,43197.87,17250.32,0.0,28,46,42
47,490,418,43985.82,16241.71,295.3,26,48,33
47,490,418,44140.26,16807.16,447.45,27,49,31
47,490,418,44177.55,16138.91,295.3,26,49,33
47,490,418,44177.55,16141.14,232.29,26,49,34
47,490,418,44186.33,16138.91,295.3,26,48,33
47,490,418,44355.11,16353.66,252.71,26,48,37
47,490,418,44463.6,16813.11,364.84,26,47,37
47,490,419,42940.62,16611.02,127.14,27,47,40
47,490,419,42940.62,16639.59,0.0,27,47,40
47,490,419,42955.75,16639.23,0.0,27,47,40
47,490,419,42995.28,16601.98,91.06,28,47,39
47,490,419,43093.91,16613.49,0.0,28,48,40
47,490,419,43177.68,16529.86,0.0,27,48,42
47,490,419,43815.92,16352.47,211.27,26,48,33
47,490,419,43869.27,17233.6,256.45,28,44,30
47,490,419,43973.32,17784.66,226.82,28,44,33
47,490,419,44034.74,16770.15,112.4,27,48,35
47,490,419,44177.55,16109.02,232.29,26,49,34
47,490,420,42885.48,16605.15,0.0,28,48,40
47,490,420,43145.7,17214.21,0.0,28,46,41
47,490,420,43183.93,16529.86,0.0,27,48,41
47,490,420,43323.68,16484.9,95.75,27,48,43
47,490,420,43394.71,16452.73,95.75,27,48,43
47,490,420,43766.27,17208.88,256.45,28,43,30
47,490,420,43805.36,17233.6,340.47,28,43,29
47,490,420,43842.0,17201.35,340.47,28,44,29
47,490,420,43973.32,17585.65,178.06,28,44,31
47,490,420,43982.08,16782.82,112.4,27,48,35
47,490,420,43985.26,16773.1,112.4,27,49,36
47,490,420,43988.54,16773.1,112.4,27,48,35
47,490,420,44001.02,17425.31,518.04,28,45,28
47,490,420,44379.63,17032.56,112.14,25,46,36
47,490,420,44694.75,17138.3,112.14,25,47,35
47,490,420,44710.36,17138.3,112.14,25,46,35
47,490,420,44769.98,16989.59,112.14,26,48,35
47,490,420,44778.57,16989.59,112.14,26,47,35
47,490,421,42765.93,16675.73,294.7,27,47,40
47,490,421,43161.34,16627.64,95.75,27,49,43
47,490,421,43244.04,16484.9,95.75,27,48,43
47,490,421,43740.15,16800.85,63.63,27,49,38
47,490,421,43740.15,16800.85,114.63,27,49,37
47,490,421,43773.11,17148.73,256.45,28,43,30
47,490,421,43793.33,16799.22,63.63,27,49,37
47,490,421,43831.08,17244.3,412.5,28,43,28
47,490,421,43842.98,17700.98,250.08,28,43,30
47,490,421,43885.4,17230.97,412.5,28,43,29
47,490,421,43900.24,17140.33,379.85,28,43,30
47,490,421,43962.53,17510.83,250.08,28,43,30
47,490,421,43965.91,17714.22,226.82,28,44,33
47,490,421,44034.37,17135.76,340.47,28,45,29
47,490,421,44063.2,17531.65,478.91,27,46,29
47,490,421,44076.17,17120.66,340.47,28,44,29
47,490,421,44154.6,17531.65,434.01,27,46,29
47,490,421,44314.22,16109.02,211.27,26,49,35
47,490,421,44379.63,16983.24,112.14,25,46,36
47,490,421,44523.27,17162.03,112.14,25,46,35
47,490,421,44683.59,17138.3,112.14,25,46,35
47,490,421,44710.36,17132.09,148.28,25,46,35
47,490,421,44710.36,17132.09,218.32,25,46,34
47,490,422,42801.13,16675.73,224.67,27,47,40
47,490,422,43004.54,16804.58,78.66,28,48,39
47,490,422,43072.57,16856.33,73.01,28,48,39
47,490,422,43106.46,16752.74,27.86,28,48,39
47,490,422,43740.66,17357.84,412.5,28,44,28
47,490,422,43812.74,17336.25,412.5,28,44,28
47,490,422,43829.59,17243.05,412.5,28,43,28
47,490,422,43842.98,17641.23,250.08,28,43,30
47,490,422,43844.99,16681.65,114.63,27,49,37
47,490,422,43873.32,17230.97,412.5,28,43,29
47,490,422,43960.73,17476.7,255.25,28,44,34
47,490,422,43962.53,17495.48,250.08,28,43,30
47,490,422,43993.77,17487.9,250.08,28,44,31
47,490,422,44026.17,17487.9,250.08,28,43,30
47,490,422,44207.78,17517.43,659.29,27,47,30
47,490,422,44250.79,16178.07,211.27,26,49,35
47,490,422,44410.58,16996.99,112.14,25,46,35
47,490,422,44688.81,17107.57,91.12,27,46,36
47,490,422,44688.81,17197.84,91.12,25,46,36
47,490,422,44733.45,17070.25,96.4,25,47,35
47,490,422,44750.76,17106.56,218.32,26,46,34
47,490,422,44778.27,17546.03,81.53,25,48,36
47,490,422,44816.23,17489.4,81.53,25,47,35
47,490,423,41565.02,15545.5,170.35,26,42,29
47,490,423,41603.88,15621.28,261.4,26,42,28
47,490,423,43187.35,16733.61,21.02,28,47,39
47,490,423,44285.94,17418.9,112.14,25,46,35
47,490,423,44376.15,17181.44,112.14,25,46,35
47,490,423,44703.74,17435.1,81.53,25,46,35
47,490,423,44853.49,17428.82,112.14,25,47,34
47,490,423,45167.05,17360.47,112.14,25,48,34
47,490,423,45197.28,17549.74,112.14,25,46,34
47,490,424,41484.49,15761.92,364.42,26,42,30
47,490,424,41562.56,15516.77,164.71,26,45,32
47,490,424,41565.02,15419.47,86.32,26,42,29
47,490,424,41592.56,15459.37,222.47,26,42,27
47,490,424,42960.57,16733.61,21.02,28,47,39
47,490,424,44047.37,17206.63,0.0,28,47,39
47,490,424,44790.06,17534.49,112.14,25,47,34
47,490,424,44951.18,17564.49,112.14,25,46,34
47,490,424,45009.09,17507.17,112.14,25,46,34
47,490,424,45009.09,17519.84,144.79,25,46,33
47,490,424,45016.1,17382.96,207.9,25,46,34
47,490,424,45062.6,17426.27,112.14,25,46,34
47,490,424,45198.53,17477.34,208.36,25,48,33
47,490,425,41496.6,15400.31,86.32,26,42,28
47,490,425,41559.53,15282.33,191.86,26,42,28
47,490,425,41626.7,15374.04,170.35,26,42,28
47,490,425,41706.01,15339.94,162.54,26,42,27
47,490,425,44403.02,17162.68,112.14,25,46,35
47,490,425,44778.9,17478.19,190.53,25,46,34
47,490,425,44787.66,17748.46,112.14,25,47,33
47,490,425,44790.06,17436.73,112.14,25,47,34
47,490,425,44810.71,17376.8,190.53,25,46,34
47,490,425,44833.99,17436.73,175.15,25,47,33
47,490,425,44858.3,17619.77,112.14,25,46,34
47,490,425,44894.86,17458.16,112.14,25,46,34
47,490,425,44964.01,17617.6,79.49,25,46,35
47,490,425,44997.21,17446.05,112.14,25,46,34
47,490,425,45001.23,17442.19,112.14,25,46,34
47,490,425,45198.53,17485.23,144.79,25,48,33
47,490,425,45393.68,17798.38,63.57,25,45,39
47,490,425,46184.73,17638.21,0.0,27,48,39
47,490,425,46204.43,17673.57,0.0,26,48,40
47,490,425,46232.23,17661.97,0.0,26,48,40
47,490,426,41444.42,15398.75,135.09,27,43,29
47,490,426,41452.68,15348.79,86.32,26,42,28
47,490,426,41497.1,15332.87,86.32,26,43,28
47,490,426,41559.53,15332.87,86.32,26,42,28
47,490,426,41693.98,15326.91,86.32,26,43,28
47,490,426,41841.46,15320.32,53.67,26,42,29
47,490,426,41847.06,15320.29,53.67,26,42,30
47,490,426,42071.08,15309.76,86.32,26,42,28
47,490,426,44796.25,17447.86,226.37,25,47,33
47,490,426,44801.8,17711.32,148.49,25,46,34
47,490,426,44865.59,17494.14,112.14,25,47,33
47,490,426,44964.01,17595.72,79.49,25,46,35
47,490,426,45084.54,17404.12,112.14,25,46,34
47,490,426,45159.44,17740.76,91.05,25,44,37
47,490,426,45324.02,17871.5,0.0,25,48,41
47,490,426,45348.11,17871.5,0.0,25,48,40
47,490,426,45358.83,17798.38,63.57,25,46,40
47,490,426,45393.68,17672.74,63.57,25,45,39
47,490,426,45398.07,17846.98,0.0,25,45,39
47,490,426,45420.78,17672.74,0.0,25,45,39
47,490,426,45719.43,17561.37,0.0,25,48,40
47,490,426,46031.08,17629.18,0.0,25,48,39
47,490,427,41882.24,15309.76,86.32,26,42,28
47,490,427,42065.65,15777.0,21.02,26,42,34
47,490,427,42171.99,17278.12,232.93,25,47,33
47,490,427,42190.59,17278.12,265.58,25,47,32
47,490,427,42190.59,17302.16,350.78,25,47,31
47,490,427,42651.45,16262.04,0.0,27,49,37
47,490,427,42822.54,16354.75,0.0,27,48,38
47,490,427,43100.44,16187.85,0.0,27,48,38
47,490,427,44371.61,18177.75,563.63,28,51,24
47,490,427,44438.99,18212.31,530.98,28,52,25
47,490,427,44690.0,17599.87,148.49,25,48,33
47,490,427,44812.6,17534.87,112.14,25,48,33
47,490,427,44865.59,17645.73,163.14,25,47,32
47,490,427,45027.5,17452.39,84.9,25,44,40
47,490,427,45118.73,17420.69,48.76,25,44,40
47,490,427,45159.44,17558.84,91.05,25,44,37
47,490,427,45191.95,17597.43,0.0,25,44,37
47,490,427,45191.96,17495.26,0.0,25,45,38
47,490,427,45220.32,17495.26,0.0,25,44,38
47,490,427,45259.2,17420.69,0.0,25,44,39
47,490,427,45328.36,17420.71,0.0,26,45,38
47,490,428,41645.92,16070.96,0.0,26,43,33
47,490,428,41756.16,15986.67,63.01,26,43,33
47,490,428,41756.16,16014.83,0.0,26,43,34
47,490,428,41839.5,15247.98,53.67,26,42,31
47,490,428,41839.5,15247.98,86.32,26,42,29
47,490,428,41845.79,16014.83,32.65,26,43,33
47,490,428,41864.6,16037.31,14.87,26,43,33
47,490,428,41920.28,15397.34,159.33,26,42,27
47,490,428,41933.63,15283.72,283.51,26,43,27
47,490,428,41953.68,15324.49,21.02,26,42,31
47,490,428,41956.56,15400.38,101.19,26,43,27
47,490,428,42076.13,17202.02,162.89,25,46,33
47,490,428,42143.04,17049.01,162.89,25,47,33
47,490,428,42225.1,17049.01,162.89,25,46,33
47,490,428,42227.75,15542.72,156.36,26,42,27
47,490,428,42235.09,15309.76,156.36,26,42,27
47,490,428,42617.32,17276.34,99.89,25,46,35
47,490,428,44084.0,17771.11,555.12,28,49,22
47,490,428,44192.47,17771.11,485.08,28,50,23
47,490,428,44676.01,17482.83,112.14,25,47,34
47,490,428,44799.88,17712.45,160.91,25,47,33
47,490,428,44832.3,17669.16,112.14,25,47,33
47,490,428,44923.58,17452.39,84.9,25,44,40
47,490,428,44987.12,17716.51,84.28,25,49,34
47,490,428,45078.88,18050.25,112.14,25,51,32
47,490,428,45204.21,17581.04,0.0,25,44,37
47,490,428,45215.56,17425.56,157.75,25,47,33
47,490,428,45253.86,17969.09,139.88,25,49,32
47,490,428,45351.25,17394.93,0.0,25,45,38
47,490,429,41434.03,15719.43,288.01,28,44,28
47,490,429,41493.5,15340.56,86.32,27,42,28
47,490,429,41640.81,16092.49,0.0,26,43,34
47,490,429,41645.92,16025.97,0.0,26,43,34
47,490,429,41645.92,16037.3,0.0,26,43,33
47,490,429,41780.37,15318.82,86.32,26,43,29
47,490,429,41799.49,15279.49,116.93,26,42,29
47,490,429,41841.97,17080.85,162.89,25,47,34
47,490,429,41878.35,15244.19,86.32,26,42,29
47,490,429,41885.19,15283.72,213.48,26,43,27
47,490,429,41921.62,15243.09,53.67,26,42,30
47,490,429,41958.84,16015.53,0.0,26,43,33
47,490,429,42006.57,15220.56,21.02,26,42,31
47,490,429,42056.17,17049.01,162.89,25,46,33
47,490,429,42098.04,15844.53,0.0,26,42,33
47,490,429,42159.33,15646.36,0.0,26,42,33
47,490,429,42542.29,17423.86,162.89,25,46,32
47,490,429,42542.29,17484.57,253.94,25,46,31
47,490,429,42586.38,17276.34,99.89,25,46,34
47,490,429,43119.68,18190.33,236.4,24,48,35
47,490,429,43119.87,18186.13,236.4,24,48,35
47,490,429,43140.89,18190.33,248.97,24,47,34
47,490,429,43228.67,17950.22,136.64,24,47,34
47,490,429,43605.32,17781.61,795.82,28,48,23
47,490,429,43660.61,17830.35,775.55,28,48,23
47,490,429,43667.47,17715.03,775.55,28,48,23
47,490,429,43677.68,17733.99,449.58,28,48,22
47,490,429,43684.82,17670.65,513.15,28,48,22
47,490,429,43772.45,17718.1,449.58,28,48,22
47,490,429,43899.86,17760.76,359.2,28,48,26
47,490,429,43918.94,17697.95,449.58,28,51,23
47,490,429,43933.73,17644.39,449.58,28,50,23
47,490,429,43964.4,17526.94,449.58,28,50,23
47,490,429,43981.86,18006.73,665.01,28,47,25
47,490,429,44120.31,17646.91,416.93,28,51,25
47,490,429,44343.53,17625.56,416.93,28,52,25
47,490,429,44974.74,17996.7,112.14,25,51,32
47,490,429,44981.42,17950.66,112.14,25,51,32
47,490,429,45060.33,17906.47,112.14,25,50,32
47,490,429,45175.25,17703.12,91.12,25,48,33
47,490,429,45175.25,17801.11,139.88,25,48,32
47,490,429,45242.36,17995.56,209.92,25,49,31
47,490,429,45248.99,18150.97,75.37,25,49,36
47,490,429,45266.45,17482.92,50.8,25,46,37
47,490,430,41645.92,15968.48,0.0,26,43,33
47,490,430,41746.27,16077.83,0.0,26,42,33
47,490,430,41758.03,16033.21,0.0,26,42,33
47,490,430,41825.12,17124.0,162.89,25,47,35
47,490,430,41825.12,17124.05,162.89,25,47,34
47,490,430,41937.56,17124.05,162.89,25,46,33
47,490,430,42074.0,15983.49,14.87,26,42,33
47,490,430,42095.97,15738.08,0.0,26,42,33
47,490,430,42118.01,17047.87,213.89,25,46,33
47,490,430,42138.46,15707.23,0.0,26,42,33
47,490,430,42206.28,15246.66,327.49,26,45,28
47,490,430,42267.44,17047.87,213.89,25,46,32
47,490,430,42448.56,17206.51,99.89,25,46,34
47,490,430,43150.57,18087.28,200.21,24,47,34
47,490,430,43207.65,18039.91,279.46,24,48,34
47,490,430,43228.67,17936.66,136.64,24,47,34
47,490,430,43580.25,17398.17,479.94,28,48,23
47,490,430,43667.47,17675.93,371.55,28,48,23
47,490,430,43667.47,17678.25,449.58,28,48,22
47,490,430,43700.59,17675.9,434.72,28,48,22
47,490,430,43735.37,17611.87,449.58,28,50,23
47,490,430,43796.05,17953.66,704.13,28,47,23
47,490,430,43801.63,17673.63,379.55,28,48,23
47,490,430,43810.19,17673.63,449.58,28,48,22
47,490,430,43857.04,17930.51,704.13,28,47,23
47,490,430,43878.56,17760.76,359.2,28,48,26
47,490,430,43984.74,17690.21,301.51,28,48,26
47,490,430,43984.74,17712.0,301.51,28,48,25
47,490,430,44276.73,17667.28,434.72,28,49,26
47,490,430,45080.04,17995.56,209.92,25,49,31
47,490,430,45153.06,17801.11,139.88,25,49,32
47,490,431,41705.0,16071.28,0.0,26,42,33
47,490,431,41743.78,15345.85,53.67,26,42,30
47,490,431,42017.31,15224.99,198.72,27,47,29
47,490,431,42448.56,17204.3,154.22,25,46,35
47,490,431,42539.64,17723.94,253.94,25,46,31
47,490,431,42685.04,17200.77,99.89,25,46,35
47,490,431,43157.14,18090.49,91.49,24,48,35
47,490,431,43197.34,18060.59,91.49,24,47,35
47,490,431,43197.34,18060.59,136.64,24,47,34
47,490,431,43209.74,18002.21,200.21,24,47,34
47,490,431,43259.33,17927.01,136.64,24,48,35
47,490,431,43547.05,17667.77,476.75,28,48,22
47,490,431,43593.64,17626.45,434.72,28,48,22
47,490,431,43594.81,17441.04,555.12,28,48,22
47,490,431,43598.71,17667.77,476.75,28,47,22
47,490,431,43637.03,17521.64,434.72,28,48,22
47,490,431,43651.21,17799.76,416.93,28,48,23
47,490,431,43674.2,17503.73,402.07,28,49,23
47,490,431,43698.77,18152.15,747.2,27,51,24
47,490,431,43743.1,18041.89,747.2,27,52,24
47,490,431,43888.61,17374.79,507.11,28,49,23
47,490,431,44020.8,18016.19,370.51,28,49,24
47,490,431,44466.39,17203.77,183.07,24,48,33
47,490,431,44473.65,17106.68,183.07,24,48,32
47,490,431,44966.57,18092.09,209.92,25,48,31
47,490,432,41745.54,15308.4,53.67,26,42,32
47,490,432,41758.03,16086.53,30.61,26,42,32
47,490,432,41798.21,16157.53,51.63,27,43,31
47,490,432,42394.99,15187.7,181.81,27,43,32
47,490,432,42662.98,17200.77,99.89,25,46,34
47,490,432,42993.8,17592.11,211.38,25,45,33
47,490,432,43089.09,17936.66,279.46,24,47,34
47,490,432,43157.14,18057.79,91.49,24,48,35
47,490,432,43161.87,18208.51,188.52,24,47,34
47,490,432,43161.87,18215.19,157.91,24,47,35
47,490,432,43186.56,18052.16,232.86,24,47,33
47,490,432,43259.33,17819.45,136.64,24,48,35
47,490,432,43273.56,18306.35,752.21,27,54,23
47,490,432,43545.85,17919.85,641.67,27,52,23
47,490,432,43791.66,18040.31,764.16,27,53,21
47,490,432,43816.79,17746.26,292.47,28,50,25
47,490,432,43924.11,17438.11,429.08,28,49,24
47,490,432,44416.91,17106.68,183.07,24,48,32
47,490,432,44497.84,17098.83,398.78,24,47,32
47,490,432,44560.5,17165.41,183.07,25,49,31
47,490,433,42872.88,17674.45,281.06,25,45,34
47,490,433,42872.88,17674.45,308.91,25,45,33
47,490,433,42954.87,17190.01,99.89,25,46,35
47,490,433,43143.37,18149.03,232.86,24,48,33
47,490,433,43161.87,18163.02,157.91,24,47,35
47,490,433,43249.91,18336.27,565.73,27,52,25
47,490,433,43273.56,18271.34,752.21,27,54,23
47,490,433,43274.81,18305.42,565.73,27,52,25
47,490,433,43320.28,18033.9,641.67,27,51,23
47,490,433,43335.47,18428.54,500.16,24,46,36
47,490,433,43370.23,17918.48,641.67,27,52,22
47,490,433,43415.24,17920.31,614.49,27,53,22
47,490,433,43419.07,18074.23,609.02,27,51,24
47,490,433,43448.04,17998.01,614.49,27,52,22
47,490,433,43457.41,18133.92,720.03,27,52,20
47,490,433,43477.82,18259.16,584.18,27,54,23
47,490,433,43480.03,17894.92,641.67,27,52,23
47,490,433,43486.21,18389.58,190.56,24,47,33
47,490,433,43532.66,18080.22,614.49,27,53,21
47,490,433,43718.27,17593.82,370.51,28,48,23
47,490,433,43775.36,18040.31,715.4,27,53,21
47,490,433,43809.81,17886.39,747.2,27,52,23
47,490,433,43869.94,18496.52,586.98,27,55,22
47,490,433,44213.84,18008.27,300.47,28,49,24
47,490,433,44387.79,16993.12,231.83,25,49,33
47,490,433,44387.79,17006.76,231.83,24,49,32
47,490,433,44416.91,17084.49,183.07,24,48,32
47,490,433,44469.39,17191.42,398.78,24,47,32
47,490,433,44523.17,17352.9,271.04,24,47,35
47,490,433,44557.49,17363.26,231.83,24,48,31
47,490,433,45184.47,17867.15,0.0,25,46,39
47,490,433,45334.67,18202.46,51.63,25,48,36
47,490,434,42983.6,18153.65,279.46,24,47,35
47,490,434,43222.95,18180.42,565.73,27,51,25
47,490,434,43310.94,18180.42,565.73,27,51,23
47,490,434,43365.67,18133.41,614.49,27,52,22
47,490,434,43380.25,18225.97,614.49,27,52,21
47,490,434,43392.47,18071.86,614.49,27,52,22
47,490,434,43413.95,18132.05,581.84,27,52,25
47,490,434,43419.07,18090.59,581.84,27,51,24
47,490,434,43447.74,17966.45,536.46,27,53,23
47,490,434,43456.7,18122.36,720.03,27,52,20
47,490,434,43463.55,18349.09,535.42,27,53,23
47,490,434,43478.84,18085.39,614.49,27,52,20
47,490,434,43529.43,18080.22,614.49,27,53,21
47,490,434,43532.31,18075.49,614.49,27,52,21
47,490,434,43600.9,18054.4,614.49,27,53,20
47,490,434,43688.39,18397.24,614.15,27,55,22
47,490,434,43771.08,17534.63,337.86,28,48,24
47,490,434,44164.3,16768.53,315.64,25,49,36
47,490,434,44215.78,16800.52,135.09,25,47,35
47,490,434,44469.39,17268.08,366.13,24,47,33
47,490,434,45109.54,17854.47,0.0,25,46,39
47,490,434,45184.47,17806.05,0.0,25,46,39
47,490,435,42944.77,18195.71,232.86,24,49,35
47,490,435,42945.91,18199.91,232.86,24,48,34
47,490,435,42983.6,18083.85,279.46,24,47,35
47,490,435,42996.39,18195.71,232.86,24,49,34
47,490,435,43180.85,17901.77,614.49,27,51,22
47,490,435,43227.17,18099.6,747.2,27,53,20
47,490,435,43229.35,17901.77,614.49,27,51,20
47,490,435,43266.44,17909.2,598.24,27,53,25
47,490,435,43305.1,18017.54,91.49,25,48,35
47,490,435,43312.01,18035.95,750.01,27,49,21
47,490,435,43358.64,17969.09,581.84,27,51,21
47,490,435,43402.11,17987.77,536.46,27,51,21
47,490,435,43416.02,17969.09,565.73,27,51,21
47,490,435,43453.88,17986.09,536.46,28,51,21
47,490,435,43455.37,17920.19,536.46,28,51,21
47,490,435,43507.98,18061.34,526.61,27,52,24
47,490,435,43572.65,18061.34,526.61,27,51,24
47,490,435,43781.68,18124.98,519.93,27,52,23
47,490,435,44097.44,16862.72,135.09,25,47,35
47,490,435,44204.39,18305.18,207.57,28,50,26
47,490,435,44215.78,16796.14,135.09,25,47,36
47,490,435,44226.27,17791.4,233.87,24,51,33
47,490,435,44266.12,18234.75,207.57,28,50,25
47,490,435,44421.06,17230.99,233.87,25,48,31
47,490,435,44460.49,17094.66,233.87,24,48,31
47,490,435,44528.8,17227.02,282.64,25,50,30
47,490,435,44534.72,17227.02,282.64,25,49,30
47,490,435,44550.75,17230.07,357.88,24,47,33
47,490,435,44576.3,17057.26,183.07,25,49,32
47,490,435,44630.16,17209.63,282.64,25,48,30
47,490,436,42983.6,18014.58,279.46,24,47,35
47,490,436,43017.27,17959.99,252.09,24,47,36
47,490,436,43138.38,18175.52,229.01,24,50,37
47,490,436,43213.03,17886.59,720.03,28,51,21
47,490,436,43241.29,18035.95,750.01,27,49,21
47,490,436,43324.47,18089.25,609.02,27,53,22
47,490,436,43324.47,18099.6,609.02,27,53,21
47,490,436,43358.64,17946.45,581.84,27,51,21
47,490,436,43366.53,18287.51,720.03,27,50,25
47,490,436,43576.92,17906.4,546.59,27,52,23
47,490,436,43764.23,18089.61,498.33,27,52,23
47,490,436,43766.67,18068.46,516.23,27,53,26
47,490,436,43925.19,18387.88,476.55,27,53,26
47,490,436,44084.38,16796.14,135.09,25,48,37
47,490,436,44097.44,16781.24,135.09,25,47,35
47,490,436,44161.79,17791.4,233.87,24,50,32
47,490,436,44189.97,17601.72,233.87,24,50,32
47,490,436,44221.8,17504.97,233.87,24,50,31
47,490,436,44246.84,17511.61,233.87,24,49,31
47,490,436,44305.64,17511.61,233.87,24,48,31
47,490,436,44384.85,17233.9,398.78,24,48,31
47,490,436,44405.12,17711.98,398.78,24,50,30
47,490,436,44421.06,17182.83,233.87,25,48,31
47,490,436,44425.72,17286.45,233.87,24,48,31
47,490,436,44460.49,17188.72,303.91,24,48,30
47,490,436,44540.51,17092.95,352.67,24,49,30
47,490,436,44544.88,17057.26,183.07,25,49,32
47,490,436,44668.42,17216.74,296.88,24,48,30
47,490,436,44943.64,17412.2,434.86,28,48,26
47,490,436,45012.9,17254.49,654.53,28,48,25
47,490,436,45032.54,17340.87,584.49,28,48,26
47,490,437,42974.37,18015.69,252.09,24,47,36
47,490,437,42976.09,17988.43,252.09,24,47,36
47,490,437,42983.6,17971.48,279.46,24,47,35
47,490,437,43112.25,18100.17,670.01,27,53,23
47,490,437,43235.21,18106.92,750.01,27,49,21
47,490,437,43320.1,17907.73,581.84,27,51,22
47,490,437,43350.99,18198.89,544.46,27,54,21
47,490,437,43438.54,18120.27,614.15,28,50,21
47,490,437,43440.5,18579.81,614.49,27,50,25
47,490,437,43441.01,17884.76,536.46,28,51,21
47,490,437,43462.87,17922.73,614.15,28,50,21
47,490,437,43464.62,17962.16,546.59,27,51,23
47,490,437,43474.99,17671.52,420.4,25,47,30
47,490,437,43507.07,17927.77,488.6,27,54,26
47,490,437,43597.67,18258.76,485.24,27,52,25
47,490,437,43604.07,17862.88,775.22,28,51,20
47,490,437,43604.07,17898.32,775.22,27,51,20
47,490,437,43635.5,17893.7,546.59,27,53,24
47,490,437,43646.52,17887.35,546.59,27,52,24
47,490,437,43752.57,18258.76,457.39,27,52,26
47,490,437,43808.4,18704.85,117.55,24,48,34
47,490,437,43984.24,18086.65,498.33,27,52,23
47,490,437,44126.5,18022.17,498.33,27,53,23
47,490,437,44342.9,17362.17,477.91,24,50,37
47,490,437,44342.9,17362.17,559.32,24,50,35
47,490,437,44540.51,17068.55,352.67,24,49,30
47,490,437,44623.48,16962.9,183.07,25,49,32
47,490,437,44760.57,17067.52,201.22,24,50,34
47,490,437,44945.44,17210.61,654.53,28,49,25
47,490,437,45012.9,17208.49,654.53,28,48,25
47,490,437,45071.21,17210.61,584.49,28,49,26
47,490,437,45088.77,17198.73,579.85,28,48,26
47,490,437,45090.15,17331.82,677.14,28,49,24
47,490,437,45091.5,17280.54,750.14,28,49,23
47,490,437,45118.78,17121.24,717.49,28,49,24
47,490,437,45354.59,17579.88,565.94,27,49,26
47,490,437,45356.1,17595.81,649.97,27,49,25
47,490,437,45495.1,17579.88,635.98,27,49,25
47,490,437,45575.72,17558.41,635.98,27,50,25
47,490,438,43159.11,17915.37,520.92,27,49,21
47,490,438,43239.05,17504.84,483.4,25,46,30
47,490,438,43307.48,17899.88,606.06,27,50,23
47,490,438,43324.52,18063.49,639.67,27,48,22
47,490,438,43395.85,17841.37,653.18,27,50,23
47,490,438,43395.85,17883.53,653.18,27,50,22
47,490,438,43474.99,17514.23,420.4,25,47,30
47,490,438,43710.18,17906.34,512.86,27,54,22
47,490,438,43734.79,17906.34,512.86,27,53,22
47,490,438,43950.27,17696.0,520.92,27,50,25
47,490,438,44005.42,18643.95,117.55,24,48,34
47,490,438,44287.84,16734.23,135.09,25,48,37
47,490,438,44295.62,18015.1,498.33,27,54,24
47,490,438,44342.9,17305.34,477.91,24,50,37
47,490,438,44540.51,16913.37,352.67,24,49,31
47,490,438,44662.27,17058.06,201.22,24,49,33
47,490,438,44727.32,16989.69,201.22,24,48,34
47,490,438,45002.6,17280.54,750.14,28,49,23
47,490,438,45088.77,17187.65,576.14,28,48,26
47,490,438,45118.78,17093.82,717.49,28,49,24
47,490,438,45357.97,17157.54,579.85,28,50,26
47,490,439,43081.88,17736.48,675.22,27,50,21
47,490,439,43116.28,17683.77,488.92,28,47,26
47,490,439,43127.33,18050.58,639.67,27,49,22
47,490,439,43146.11,17779.52,520.92,27,50,21
47,490,439,43159.11,17729.6,520.92,27,49,21
47,490,439,43159.11,17763.96,488.27,27,49,22
47,490,439,43224.05,17558.41,488.92,28,47,25
47,490,439,43313.55,18003.52,385.69,27,51,25
47,490,439,43314.54,17909.42,385.69,27,51,25
47,490,439,43445.49,17619.86,418.88,28,47,26
47,490,439,43455.14,17628.47,558.74,28,47,23
47,490,439,43519.46,17452.08,443.54,28,49,25
47,490,439,43519.46,17478.45,521.57,28,49,24
47,490,439,43539.22,18191.25,449.95,27,50,26
47,490,439,43563.05,18162.09,449.95,27,50,26
47,490,439,43581.68,17867.56,480.21,27,53,23
47,490,439,43627.18,18288.25,374.77,27,51,26
47,490,439,43825.04,17696.0,520.92,27,50,25
47,490,439,44788.27,17255.04,264.23,24,47,33
47,490,439,45421.67,17144.75,579.85,28,50,26
47,490,440,42737.76,17647.77,558.74,28,47,23
47,490,440,42771.43,17567.34,570.03,28,49,21
47,490,440,42779.98,17567.34,563.66,28,49,22
47,490,440,42795.13,17641.03,558.74,28,47,23
47,490,440,42808.27,17681.95,481.23,28,48,26
47,490,440,42808.27,17681.95,551.27,28,48,25
47,490,440,43035.55,18016.41,458.99,28,49,23
47,490,440,43063.09,17558.41,488.92,28,47,25
47,490,440,43064.99,17407.32,847.47,28,49,21
47,490,440,43154.02,18041.2,534.14,27,49,22
47,490,440,43159.11,17711.77,520.92,27,49,21
47,490,440,43187.95,17893.59,464.1,27,49,24
47,490,440,43216.2,17836.47,443.93,27,49,23
47,490,440,43222.15,17829.67,464.1,27,49,23
47,490,440,43224.05,17604.51,579.13,28,47,24
47,490,440,43248.87,17568.86,579.13,28,48,24
47,490,440,43318.37,17707.99,520.92,27,49,22
47,490,440,43318.37,17718.85,442.88,27,49,23
47,490,440,43334.8,17617.71,452.78,28,48,25
47,490,440,43334.8,17642.53,488.92,28,48,24
47,490,440,43335.13,17518.71,718.67,28,47,23
47,490,440,43351.46,17562.7,558.74,28,47,24
47,490,440,43381.88,17823.47,484.78,27,50,22
47,490,440,43424.31,17579.27,579.13,28,48,23
47,490,440,43434.16,17941.06,590.07,27,48,21
47,490,440,43492.96,18042.41,511.68,27,48,22
47,490,440,43580.99,17694.01,488.27,27,49,22
47,490,440,43608.79,17655.91,501.1,28,47,24
47,490,440,44206.03,17439.13,477.91,24,51,37
47,490,440,44214.94,17377.55,477.91,24,50,37
47,490,440,44776.4,17068.68,186.36,24,48,34
47,490,440,45133.8,17649.37,233.87,25,46,31
47,490,441,41262.55,19717.15,470.89,27,56,44
47,490,441,41407.59,19696.36,463.59,27,58,44
47,490,441,42437.57,17021.73,751.96,28,47,21
47,490,441,42603.66,17595.73,499.99,28,52,26
47,490,441,42689.8,17552.05,499.99,28,51,25
47,490,441,42732.69,17596.86,499.99,28,50,22
47,490,441,42751.89,17539.69,533.68,28,49,23
47,490,441,42763.95,17590.76,618.79,28,49,21
47,490,441,42771.43,17607.32,537.38,28,49,22
47,490,441,42779.98,17557.11,570.03,28,49,21
47,490,441,42789.45,17510.98,570.03,28,50,21
47,490,441,42887.74,17892.51,639.67,27,49,23
47,490,441,42888.87,17727.21,499.99,28,49,23
47,490,441,42896.38,17480.96,570.03,28,49,21
47,490,441,43018.6,17805.9,639.67,27,49,23
47,490,441,43288.75,17532.5,558.74,28,47,23
47,490,441,43325.28,17535.73,509.09,28,47,24
47,490,441,43327.29,17693.37,452.78,28,48,25
47,490,441,43333.54,17361.35,528.13,28,47,25
47,490,441,43333.54,17453.44,558.74,28,47,23
47,490,441,43407.08,17369.5,579.13,28,48,23
47,490,441,43468.31,17932.96,423.45,27,50,24
47,490,441,43496.96,17842.88,442.88,27,49,22
47,490,441,43565.32,17881.34,423.45,27,50,24
47,490,441,43565.77,18458.03,418.07,27,50,26
47,490,441,43588.27,18042.41,441.65,27,49,23
47,490,441,44203.78,18094.09,371.57,27,52,26
47,490,441,45090.81,17624.84,233.87,25,46,31
47,490,441,45364.48,17649.37,303.91,25,47,30
47,490,442,40971.94,19690.23,533.99,27,59,42
47,490,442,41033.7,19354.93,398.18,28,58,43
47,490,442,41109.69,19452.43,398.18,28,57,42
47,490,442,41115.68,19389.66,398.18,28,57,42
47,490,442,41225.04,19914.34,470.89,27,56,44
47,490,442,41267.82,19731.21,388.86,27,58,44
47,490,442,41407.59,19685.5,463.59,27,58,44
47,490,442,42078.48,17181.34,703.2,28,47,21
47,490,442,42133.41,17178.14,703.2,28,48,21
47,490,442,42151.88,17242.65,612.99,28,47,22
47,490,442,42270.07,17088.87,703.2,28,48,21
47,490,442,42271.56,17021.73,625.17,28,47,22
47,490,442,42301.73,17021.73,703.2,28,47,21
47,490,442,42408.46,17020.93,703.2,28,47,21
47,490,442,42453.11,17634.67,473.81,28,50,25
47,490,442,42461.29,17148.14,612.99,28,47,23
47,490,442,42534.97,17688.91,473.81,28,50,23
47,490,442,42614.81,17223.19,597.31,28,48,25
47,490,442,42618.07,17149.86,597.31,28,48,25
47,490,442,42618.07,17187.6,597.31,28,48,24
47,490,442,42664.33,17262.12,558.74,28,47,23
47,490,442,42720.97,17661.17,570.03,28,49,21
47,490,442,42726.56,17653.57,537.38,28,50,22
47,490,442,42760.01,17557.11,570.03,28,49,21
47,490,442,42827.6,17408.83,480.7,28,50,26
47,490,442,42871.5,17303.08,495.73,28,49,24
47,490,442,42872.5,17557.11,499.99,28,50,22
47,490,442,42877.52,17750.51,442.88,28,49,24
47,490,442,42892.05,17565.52,491.99,28,49,22
47,490,442,42906.88,17522.66,491.99,28,49,22
47,490,442,42913.68,17964.07,602.46,27,50,24
47,490,442,42921.34,17408.83,480.7,28,49,25
47,490,442,42923.56,17964.07,534.14,27,50,24
47,490,442,43078.41,17433.03,488.7,28,47,24
47,490,442,43084.31,17565.48,468.53,28,47,24
47,490,442,43132.9,17444.47,480.7,28,47,24
47,490,442,43138.29,17520.46,468.56,28,48,25
47,490,442,43148.17,17422.64,480.35,28,47,24
47,490,442,43148.43,18047.19,536.24,27,49,25
47,490,442,43167.04,17409.44,488.7,28,47,24
47,490,442,43167.04,17435.48,410.31,28,47,25
47,490,442,43167.04,17453.44,468.53,28,47,24
47,490,442,43176.72,18456.45,557.49,27,48,26
47,490,442,43293.59,17370.27,488.7,28,48,25
47,490,442,43356.63,17311.16,488.7,28,47,25
47,490,442,43356.63,17367.89,488.7,28,47,24
47,490,442,43359.25,18236.71,430.7,27,49,22
47,490,442,43517.19,17722.05,442.88,27,49,22
47,490,442,43835.52,17809.06,398.74,27,49,24
47,490,442,43838.26,17841.78,320.71,27,49,25
47,490,442,44025.47,17809.06,322.81,27,49,24
47,490,442,44946.09,17612.74,233.87,25,46,31
47,490,442,44949.31,17484.53,294.19,25,46,31
47,490,442,44949.31,17492.78,233.87,25,46,31
47,490,442,45320.74,17771.68,336.56,25,47,29
47,490,442,45364.48,17667.83,336.56,25,47,29
47,490,443,40693.23,19363.31,463.84,28,56,42
47,490,443,40706.31,19250.57,463.84,28,57,42
47,490,443,40788.15,19250.57,418.64,28,57,42
47,490,443,40885.77,19715.99,533.99,27,59,42
47,490,443,40888.14,19316.83,418.64,27,57,42
47,490,443,40923.32,19316.83,334.61,27,56,43
47,490,443,42060.36,17207.5,664.08,28,48,21
47,490,443,42125.21,17902.26,612.99,28,47,23
47,490,443,42183.72,17075.12,703.2,28,47,23
47,490,443,42221.9,17090.31,703.2,28,47,21
47,490,443,42263.0,17075.12,703.2,28,47,22
47,490,443,42360.1,17839.19,585.13,28,47,23
47,490,443,42387.39,17178.99,624.81,28,47,22
47,490,443,42391.46,17247.29,582.71,28,47,24
47,490,443,42391.46,17247.29,610.57,28,47,23
47,490,443,42427.04,17740.08,522.95,28,50,26
47,490,443,42471.02,17754.14,522.95,28,49,26
47,490,443,42474.27,17347.31,554.88,28,49,23
47,490,443,42509.12,17187.6,597.31,28,47,24
47,490,443,42517.0,17907.66,507.1,28,48,24
47,490,443,42565.79,17445.19,461.99,28,49,25
47,490,443,42565.79,17445.19,476.85,28,49,24
47,490,443,42565.79,17646.98,398.98,28,49,26
47,490,443,42597.83,17571.15,549.89,28,47,24
47,490,443,42749.57,17604.6,612.15,28,47,22
47,490,443,42766.46,17495.06,612.15,28,47,22
47,490,443,42782.36,17407.16,612.15,28,47,22
47,490,443,42782.36,17451.9,521.94,28,47,23
47,490,443,42901.36,17396.99,528.13,28,47,24
47,490,443,42957.04,17425.26,570.03,28,50,21
47,490,443,42980.47,18360.86,713.91,27,49,22
47,490,443,43135.36,18456.45,557.49,27,48,26
47,490,443,43160.0,17465.35,410.31,28,47,25
47,490,443,43183.95,18360.86,635.52,27,48,23
47,490,443,43183.95,18365.83,557.49,27,48,26
47,490,443,43496.83,17308.53,431.06,28,49,26
47,490,443,43541.26,17693.95,666.92,27,50,23
47,490,443,43768.92,17647.92,713.91,27,51,23
47,490,443,43773.72,17840.28,377.24,27,49,26
47,490,443,43822.49,17647.92,618.16,27,51,23
47,490,443,43835.52,17802.36,398.74,27,49,25
47,490,443,43838.26,17840.28,320.71,27,49,25
47,490,443,43999.33,17897.07,398.05,27,50,24
47,490,443,44112.89,17809.06,292.2,27,49,25
47,490,443,44332.83,18224.8,271.95,27,50,26
47,490,443,44954.27,17437.65,276.4,25,47,31
47,490,443,45171.07,18022.91,336.56,25,47,29
47,490,443,45308.72,17922.03,336.56,25,47,29
47,490,443,45535.44,17763.97,135.55,24,53,40
47,490,444,40798.45,19363.31,463.84,28,56,41
47,490,444,41291.21,18911.87,204.34,28,53,38
47,490,444,42439.18,17134.51,612.99,28,47,22
47,490,444,42464.51,16981.43,625.17,28,48,22
47,490,444,42499.16,17848.0,555.86,28,48,24
47,490,444,42499.16,17907.66,507.1,28,48,24
47,490,444,42508.94,16958.8,598.0,28,48,24
47,490,444,42510.78,17820.14,477.47,28,48,25
47,490,444,42619.85,17379.42,558.74,28,47,23
47,490,444,42735.51,17631.09,421.96,28,52,23
47,490,444,42790.43,17273.6,612.15,28,47,22
47,490,444,42805.71,17560.4,499.99,28,52,22
47,490,444,42805.71,17571.91,421.96,28,52,23
47,490,444,42823.78,17240.19,612.15,28,47,22
47,490,444,42863.82,18071.0,499.99,28,49,22
47,490,444,42974.95,17370.55,570.03,28,50,21
47,490,444,43147.84,17868.66,587.53,27,49,25
47,490,444,43495.47,17219.22,558.74,28,47,23
47,490,444,44160.68,17760.67,398.04,27,52,26
47,490,444,44886.9,19148.85,48.76,25,51,41
47,490,444,44971.31,19134.91,48.76,25,51,41
47,490,444,45117.97,18302.57,336.56,25,49,29
47,490,444,45133.23,18188.06,336.56,25,48,29
47,490,444,45151.6,18184.27,336.56,25,48,29
47,490,445,40766.09,19460.98,526.85,28,56,41
47,490,445,41082.73,19413.97,293.74,28,51,40
47,490,445,41132.53,19510.36,261.09,28,51,41
47,490,445,41160.41,18964.5,328.49,28,53,40
47,490,445,41171.4,18880.92,328.49,28,51,40
47,490,445,41212.22,19463.01,261.09,28,51,41
47,490,445,41213.01,18867.12,364.63,28,52,39
47,490,445,41215.69,18897.05,315.87,28,51,39
47,490,445,41243.2,19378.29,270.47,28,50,40
47,490,445,41247.52,19242.62,270.47,28,50,39
47,490,445,41291.21,18860.04,204.34,28,53,38
47,490,445,41341.37,18737.4,204.34,28,52,39
47,490,445,41341.37,18745.88,183.32,28,52,39
47,490,445,41415.22,20021.94,299.04,27,56,39
47,490,445,42207.19,17176.65,751.96,28,49,22
47,490,445,42388.86,17832.21,569.18,28,49,23
47,490,445,42443.47,16965.23,598.0,28,48,24
47,490,445,42746.2,17405.06,556.01,28,48,24
47,490,445,42863.82,17745.24,499.99,28,49,22
47,490,445,43212.09,18276.39,485.68,27,49,23
47,490,445,43356.85,18071.61,337.34,28,53,26
47,490,445,43373.7,18219.05,337.34,28,53,25
47,490,445,43457.45,17870.89,403.36,28,51,25
47,490,445,43484.95,18283.47,337.34,28,52,25
47,490,445,43484.95,18283.47,407.37,28,52,24
47,490,445,43496.08,18369.59,422.45,27,50,25
47,490,445,43510.85,18421.44,422.45,27,50,24
47,490,445,43639.61,18179.16,407.37,28,52,24
47,490,445,43946.24,18103.7,422.65,27,51,23
47,490,445,44004.21,17973.78,370.37,27,50,24
47,490,445,44004.58,18103.7,422.65,27,50,23
47,490,445,45049.79,18342.91,336.56,25,49,29
47,490,445,45219.76,18346.96,465.74,26,50,23
47,490,445,45396.54,18898.1,597.59,26,50,22
47,490,445,45552.79,18268.76,540.44,26,50,25
47,490,445,45655.17,19054.56,617.33,26,48,21
47,490,445,45678.09,19001.11,741.39,26,48,26
47,490,445,45833.14,18817.73,741.39,26,48,26
47,490,446,38966.73,20063.83,133.78,26,54,48
47,490,446,39012.8,20021.5,265.68,26,54,47
47,490,446,39195.01,20063.83,229.54,26,55,47
47,490,446,39241.93,20034.11,133.78,26,55,48
47,490,446,39357.32,19857.43,185.0,26,55,48
47,490,446,39608.3,19451.19,417.85,28,56,41
47,490,446,39762.15,19418.37,322.09,28,57,41
47,490,446,40291.89,19738.48,276.49,28,57,41
47,490,446,40309.3,19646.12,276.49,28,57,41
47,490,446,40364.17,19572.91,424.67,28,58,40
47,490,446,40768.07,18807.38,204.34,28,53,39
47,490,446,40776.28,19006.15,350.9,28,53,38
47,490,446,40782.03,18828.54,204.34,28,53,38
47,490,446,40815.04,19074.9,267.35,28,52,39
47,490,446,40963.06,19073.01,294.78,28,52,39
47,490,446,40975.95,18939.6,183.07,28,54,39
47,490,446,41010.87,18814.73,204.34,28,52,40
47,490,446,41013.41,19170.34,365.76,28,51,37
47,490,446,41021.2,18738.71,204.34,28,53,38
47,490,446,41075.22,18882.22,183.07,28,54,40
47,490,446,41088.38,19315.21,293.74,28,51,40
47,490,446,41147.6,19197.56,293.74,28,51,40
47,490,446,41171.64,18957.28,204.34,28,52,39
47,490,446,41193.53,19975.0,548.71,28,52,34
47,490,446,41204.16,18841.58,204.34,28,52,39
47,490,446,41242.93,20009.49,548.71,28,53,33
47,490,446,41371.44,20099.43,299.04,27,55,39
47,490,446,41415.22,19969.83,299.04,27,56,39
47,490,446,42034.97,17612.28,751.96,28,49,24
47,490,446,42522.57,17804.26,523.34,28,49,25
47,490,446,42747.01,17246.69,582.71,28,47,26
47,490,446,43086.67,17891.01,415.49,28,52,25
47,490,446,43305.05,17753.48,469.23,28,51,23
47,490,446,43331.95,17632.44,479.82,28,50,22
47,490,446,43817.95,18739.45,375.35,27,52,25
47,490,446,43828.62,18491.28,375.35,27,52,25
47,490,446,44280.21,18070.97,243.73,27,50,26
47,490,446,44801.98,18456.55,587.35,26,50,26
47,490,446,44864.25,18363.77,422.65,26,47,23
47,490,446,44864.25,18363.77,512.86,26,47,22
47,490,446,44933.56,18504.4,512.86,26,47,21
47,490,446,44980.74,18330.75,740.74,26,47,22
47,490,446,44992.39,18547.02,465.74,26,48,22
47,490,446,45003.55,18752.74,320.1,27,48,26
47,490,446,45006.44,18438.7,387.71,26,49,23
47,490,446,45006.44,18456.05,465.74,26,49,22
47,490,446,45063.03,18777.41,356.44,26,48,25
47,490,446,45158.09,18346.96,465.74,26,50,23
47,490,446,45220.81,18292.13,375.53,26,50,24
47,490,446,45233.35,18345.39,540.13,26,49,25
47,490,446,45255.06,18292.13,465.74,26,50,23
47,490,446,45435.3,17297.77,71.83,25,51,44
47,490,446,45494.47,17224.13,71.83,25,52,44
47,490,446,45620.68,18143.94,645.98,26,51,26
47,490,446,46331.67,15043.41,381.58,27,56,43
47,490,447,37678.42,19370.42,231.66,27,55,42
47,490,447,37782.64,19504.48,282.66,27,54,42
47,490,447,37974.62,19899.28,401.11,27,53,41
47,490,447,38349.17,19474.12,409.65,27,54,41
47,490,447,38629.19,19475.49,350.39,27,53,42
47,490,447,38758.49,19343.0,350.39,27,53,42
47,490,447,38914.88,20108.31,265.68,26,54,47
47,490,447,38927.45,20026.16,608.46,27,54,38
47,490,447,39014.76,20015.49,265.68,26,54,47
47,490,447,39343.7,19575.6,229.6,28,54,42
47,490,447,39353.18,19944.51,217.65,26,55,48
47,490,447,39409.29,19894.55,217.65,26,54,47
47,490,447,39553.9,19451.19,417.85,28,56,41
47,490,447,39663.67,18999.62,232.08,27,50,39
47,490,447,40040.89,19377.11,571.74,28,54,38
47,490,447,40768.07,18750.63,204.34,28,53,38
47,490,447,40787.48,18806.19,204.34,28,52,39
47,490,447,40857.41,18806.19,204.34,28,52,38
47,490,447,40883.83,18844.85,183.07,28,53,39
47,490,447,41013.41,19123.33,314.76,28,51,38
47,490,447,41020.36,19620.58,475.7,28,52,33
47,490,447,41097.17,18936.63,301.87,28,51,39
47,490,447,41097.17,18936.63,385.89,28,51,38
47,490,447,41158.42,18913.24,204.34,28,51,40
47,490,447,41164.33,18904.07,204.34,28,51,40
47,490,447,41176.66,18862.51,204.34,28,53,37
47,490,447,41224.73,18971.48,313.62,28,51,38
47,490,447,41227.41,18948.6,204.34,28,50,41
47,490,447,41227.41,19011.36,204.34,28,50,40
47,490,447,41230.59,18943.22,204.34,28,49,41
47,490,447,41244.94,18957.71,204.34,28,49,40
47,490,447,41376.92,20081.87,548.71,27,53,33
47,490,447,42531.53,17870.93,448.16,28,50,26
47,490,447,42679.65,17345.36,525.51,28,49,26
47,490,447,42992.21,17923.39,415.49,28,53,25
47,490,447,43342.97,17608.82,570.03,27,51,22
47,490,447,43347.12,17632.4,443.47,28,51,24
47,490,447,43538.06,18096.96,298.21,28,53,26
47,490,447,43707.41,18491.28,375.35,27,52,25
47,490,447,44783.95,18457.88,768.6,26,48,22
47,490,447,44805.1,18457.88,740.74,26,47,22
47,490,447,44864.03,18504.4,512.86,26,47,22
47,490,447,44898.7,18351.29,422.65,26,47,23
47,490,447,44919.96,18290.68,618.4,26,47,21
47,490,447,44924.89,18273.69,512.86,26,46,21
47,490,447,44933.56,18421.04,476.52,26,47,22
47,490,447,44958.26,18741.61,434.83,26,47,22
47,490,447,44998.09,18547.02,442.83,26,47,22
47,490,447,45057.65,18845.76,356.44,26,48,25
47,490,447,45137.3,18285.12,465.74,26,47,22
47,490,447,45302.78,18253.02,465.74,26,48,22
47,490,447,45522.63,18656.56,422.65,26,48,22
47,490,447,45598.35,17192.91,71.83,25,51,43
47,490,447,46312.46,15171.36,381.58,27,56,43
47,490,447,46331.67,15035.55,381.58,27,56,42
47,490,448,37604.99,19403.87,345.67,27,54,41
47,490,448,37653.02,19370.42,231.66,27,55,42
47,490,448,37683.45,19507.08,309.53,27,54,43
47,490,448,37685.44,19504.48,282.66,27,54,42
47,490,448,37711.5,19592.65,264.31,27,54,42
47,490,448,37711.5,19667.65,264.31,27,54,41
47,490,448,37750.04,19350.51,409.65,27,54,41
47,490,448,37752.11,19381.55,345.67,27,54,42
47,490,448,37773.37,19428.94,336.77,27,54,43
47,490,448,37793.31,19627.64,331.08,27,53,42
47,490,448,37849.55,19580.93,258.53,27,54,44
47,490,448,37854.57,19899.28,401.11,27,53,41
47,490,448,37874.33,19545.9,264.31,27,54,42
47,490,448,37919.98,19320.86,409.65,27,54,41
47,490,448,37945.1,19580.93,243.67,27,54,44
47,490,448,38081.65,19416.02,264.31,27,54,43
47,490,448,38411.57,19676.36,421.41,27,54,40
47,490,448,38706.33,19320.57,266.79,28,55,44
47,490,448,38756.94,19403.9,365.51,27,53,42
47,490,448,38758.04,19959.26,280.54,26,54,46
47,490,448,38884.96,20108.31,265.68,26,54,47
47,490,448,38891.4,20001.87,288.9,28,52,44
47,490,448,38897.15,19897.81,288.9,28,52,45
47,490,448,38956.12,19069.97,307.43,28,54,41
47,490,448,39332.7,19575.6,229.6,28,54,42
47,490,448,39511.3,19935.84,212.12,26,54,48
47,490,448,39512.71,19228.16,232.08,27,51,40
47,490,448,39558.09,19091.51,232.08,27,50,39
47,490,448,39908.52,19161.35,232.08,27,51,38
47,490,448,40168.67,19149.17,493.46,28,56,38
47,490,448,40227.44,19841.8,607.88,28,55,37
47,490,448,40299.91,19813.39,607.88,28,55,37
47,490,448,40309.25,19616.53,607.88,28,55,37
47,490,448,40447.78,18975.49,441.37,28,53,44
47,490,448,40674.44,19074.25,314.76,28,53,38
47,490,448,40675.19,19212.08,314.76,28,53,37
47,490,448,40736.41,19030.1,314.76,28,53,38
47,490,448,40787.21,19585.55,475.7,28,55,33
47,490,448,40793.44,19585.55,426.94,28,54,33
47,490,448,40874.35,19612.71,426.94,28,53,33
47,490,448,41105.43,19634.6,426.94,28,52,33
47,490,448,41158.42,18889.43,204.34,28,51,40
47,490,448,41167.62,19633.92,426.94,28,52,32
47,490,448,41169.77,20011.67,548.71,27,54,34
47,490,448,41190.07,18982.02,314.3,28,51,38
47,490,448,41376.92,20041.64,548.71,27,53,34
47,490,448,42958.9,17765.32,499.99,27,50,24
47,490,448,43762.72,18273.75,307.62,27,52,26
47,490,448,43762.72,18273.75,377.66,27,52,25
47,490,448,43831.79,18533.8,402.18,27,50,25
47,490,448,44799.44,18252.52,561.63,27,47,23
47,490,448,44826.83,18682.05,712.08,26,47,25
47,490,448,44839.64,18302.75,512.86,27,47,22
47,490,448,44848.14,18404.9,484.78,26,48,25
47,490,448,44898.7,18331.04,422.65,26,47,23
47,490,448,44980.01,18269.35,413.57,26,46,24
47,490,448,44980.74,18383.73,480.21,26,47,22
47,490,448,44980.74,18542.25,434.83,26,47,22
47,490,448,44984.96,18349.89,484.78,26,48,22
47,490,448,45033.96,18349.89,484.78,26,47,22
47,490,448,45033.96,18413.68,476.52,27,47,22
47,490,448,45033.96,18425.1,442.83,26,47,22
47,490,448,45126.96,18476.78,434.83,26,47,22
47,490,448,45144.13,18720.34,422.65,26,47,22
47,490,448,45398.13,15094.05,266.92,27,53,43
47,490,448,45627.61,19048.64,393.39,27,48,24
47,490,448,45733.93,17924.37,329.12,25,45,32
47,490,448,46248.43,15168.3,381.58,27,55,42
47,490,448,46331.67,15049.15,318.01,27,56,42
47,490,448,46359.65,14852.46,318.01,27,56,42
47,490,448,47083.85,14884.63,447.56,27,52,37
47,490,449,37519.99,19501.61,231.66,27,55,42
47,490,449,37519.99,19501.61,264.31,27,55,41
47,490,449,37530.36,19332.36,394.08,27,54,42
47,490,449,37530.36,19353.89,394.08,27,54,41
47,490,449,37530.36,19382.8,294.67,27,54,41
47,490,449,37549.33,19386.84,424.06,27,53,41
47,490,449,37578.36,19611.18,264.31,27,54,41
47,490,449,37642.16,19634.72,378.32,27,54,40
47,490,449,37671.96,19317.18,394.08,26,54,42
47,490,449,37752.11,19337.9,345.67,27,54,42
47,490,449,37779.27,19317.18,331.08,26,54,42
47,490,449,37865.37,19375.51,372.9,27,55,41
47,490,449,38052.45,19900.22,331.08,26,53,43
47,490,449,38059.97,19538.24,285.34,26,54,42
47,490,449,38059.97,19664.18,264.31,26,54,42
47,490,449,38060.09,19544.24,264.31,27,54,42
47,490,449,38061.81,19602.45,421.41,27,54,40
47,490,449,38099.81,19357.88,264.31,27,54,43
47,490,449,38131.59,19463.17,285.34,27,54,42
47,490,449,38141.23,19444.39,285.34,27,54,42
47,490,449,38174.13,19282.25,559.68,27,55,41
47,490,449,38180.27,19592.99,421.41,27,54,40
47,490,449,38240.38,19127.22,352.48,27,55,43
47,490,449,38240.38,19127.22,436.51,27,55,42
47,490,449,38325.55,18972.6,474.03,27,54,43
47,490,449,38337.64,19361.81,291.98,27,56,42
47,490,449,38413.35,19059.86,378.27,27,54,43
47,490,449,38503.18,19059.5,378.27,27,55,42
47,490,449,38585.87,19856.72,491.44,27,54,39
47,490,449,38585.87,19940.13,608.46,27,54,38
47,490,449,38641.0,19367.78,334.86,28,55,39
47,490,449,38645.57,19377.93,289.58,27,56,41
47,490,449,38653.02,19115.59,266.79,28,55,44
47,490,449,38814.82,19817.24,303.3,28,53,45
47,490,449,38891.4,19903.98,288.9,28,52,44
47,490,449,38949.58,19300.11,343.57,28,54,40
47,490,449,38981.16,19202.72,343.57,28,54,40
47,490,449,39022.76,19367.78,307.43,28,56,39
47,490,449,39055.85,19960.21,623.12,28,54,37
47,490,449,39159.04,19936.37,623.12,28,54,37
47,490,449,39197.68,19167.19,367.67,28,54,40
47,490,449,39259.21,19403.9,287.7,27,53,43
47,490,449,39260.77,19037.72,367.67,28,54,39
47,490,449,39458.08,19277.13,232.08,27,51,40
47,490,449,39459.75,19228.16,232.08,27,51,40
47,490,449,39497.69,18976.54,232.08,27,51,39
47,490,449,39514.46,19325.14,222.81,27,52,39
47,490,449,39514.46,19335.01,159.8,27,52,39
47,490,449,39720.37,18916.37,232.08,27,50,39
47,490,449,39956.83,19917.97,260.89,26,53,48
47,490,449,40309.33,19262.06,226.51,28,54,43
47,490,449,40321.19,19153.55,226.51,28,53,44
47,490,449,40344.57,19153.55,226.51,28,54,43
47,490,449,40416.17,18690.61,196.22,28,51,44
47,490,449,40714.93,19156.92,314.76,28,52,38
47,490,449,40780.17,19230.16,412.29,28,52,37
47,490,449,40787.21,19524.74,475.7,28,55,33
47,490,449,40830.48,19861.3,148.59,28,56,46
47,490,449,40840.2,19205.37,314.76,28,52,37
47,490,449,40881.76,19427.18,211.21,28,51,41
47,490,449,40938.18,18705.4,204.34,28,54,39
47,490,449,40945.86,19427.18,211.21,28,50,41
47,490,449,41169.77,19918.98,548.71,27,54,35
47,490,449,41251.84,18704.39,343.94,28,53,42
47,490,449,41302.79,18692.12,343.94,28,54,42
47,490,449,41316.14,19079.25,171.69,28,50,41
47,490,449,41381.74,19012.08,267.35,28,53,36
47,490,449,43647.08,18009.87,338.21,27,51,25
47,490,449,44848.28,18531.5,690.08,26,47,23
47,490,449,44876.84,18476.78,512.86,26,47,21
47,490,449,44929.53,18642.22,434.83,26,48,22
47,490,449,45005.92,18248.47,413.57,27,46,25
47,490,449,45420.9,18656.56,422.65,26,48,22
47,490,449,45435.83,13900.4,418.31,28,55,45
47,490,449,45477.98,15084.25,198.59,28,56,44
47,490,449,45500.57,18428.34,390.0,26,49,24
47,490,449,45519.53,15119.9,198.59,28,55,44
47,490,449,45534.19,15005.31,198.59,28,56,44
47,490,449,45541.02,18846.32,393.39,27,48,24
47,490,449,45557.64,15060.44,198.59,28,55,44
47,490,449,45568.19,14207.13,418.31,28,55,44
47,490,449,45746.68,14915.43,361.17,28,56,43
47,490,449,46097.49,14411.49,341.12,28,56,41
47,490,449,46365.5,14872.3,303.14,28,55,41
47,490,449,46379.88,14872.3,318.01,27,56,41
47,490,449,46938.68,15022.41,474.99,27,52,37
47,490,449,46981.87,15022.41,447.56,27,53,37
47,490,449,47316.82,14731.63,510.37,27,54,37
47,490,449,47345.78,15111.2,407.59,28,54,37
47,490,449,47413.5,15111.2,407.59,28,53,38
47,490,449,47423.87,15111.2,407.59,28,53,37
47,490,449,47480.19,14894.64,489.19,28,54,36
47,490,449,47662.76,15180.83,344.59,28,54,40
47,490,450,37378.34,19538.69,443.56,27,53,37
47,490,450,37498.07,19568.97,264.31,27,55,40
47,490,450,37535.85,19478.24,264.31,27,55,40
47,490,450,37556.14,19580.24,394.85,27,55,37
47,490,450,37596.92,19494.52,362.21,27,55,38
47,490,450,37596.92,19494.52,394.85,27,55,37
47,490,450,37774.63,19645.12,233.37,27,56,39
47,490,450,37776.77,19543.26,264.31,26,57,41
47,490,450,37873.2,19280.09,358.68,28,55,41
47,490,450,38300.23,19392.93,434.06,27,56,40
47,490,450,38498.64,19435.38,315.31,26,56,42
47,490,450,38527.36,19243.75,559.68,27,54,41
47,490,450,38590.81,18931.2,474.03,27,54,43
47,490,450,38590.81,18934.37,474.03,27,54,42
47,490,450,38594.04,19354.95,372.31,28,55,40
47,490,450,38594.04,19357.45,404.96,28,55,39
47,490,450,38594.04,19367.78,307.43,28,55,39
47,490,450,38609.96,19400.61,315.31,26,57,42
47,490,450,38614.83,19432.46,244.42,28,55,41
47,490,450,38625.68,19329.55,244.42,28,56,42
47,490,450,38626.08,19432.46,264.1,28,54,43
47,490,450,38640.36,19299.68,307.43,28,54,40
47,490,450,38646.38,19548.53,189.54,27,56,40
47,490,450,38655.1,19402.55,434.06,27,55,40
47,490,450,38673.72,19408.41,208.28,28,55,42
47,490,450,38673.72,19408.41,244.42,28,55,41
47,490,450,38676.64,19385.14,273.51,28,56,40
47,490,450,38677.8,19094.69,266.79,28,55,44
47,490,450,38706.33,19336.16,266.79,28,55,43
47,490,450,38735.07,19640.77,161.68,27,56,41
47,490,450,38738.24,19434.87,183.07,28,56,41
47,490,450,38788.97,18518.94,408.27,28,49,39
47,490,450,38807.35,19279.85,244.42,28,56,41
47,490,450,38835.09,19213.25,379.7,28,53,42
47,490,450,38842.79,19344.76,244.42,28,55,41
47,490,450,38861.1,19607.07,161.68,27,56,41
47,490,450,38865.41,19470.36,161.68,27,56,41
47,490,450,38889.31,19924.09,218.86,28,53,44
47,490,450,38942.02,19924.09,218.86,28,52,44
47,490,450,38978.05,19816.86,218.18,28,53,44
47,490,450,39035.36,19261.25,248.35,27,57,41
47,490,450,39380.25,18994.62,232.08,27,51,40
47,490,450,39382.21,19149.62,232.08,27,50,40
47,490,450,39398.1,18874.77,232.08,27,51,40
47,490,450,39398.1,18939.88,232.08,27,51,39
47,490,450,39403.68,19208.56,159.8,27,52,39
47,490,450,39523.56,19059.6,159.8,27,51,39
47,490,450,39734.6,18842.1,362.92,28,55,40
47,490,450,39819.0,19223.4,508.0,28,54,34
47,490,450,39849.2,18845.98,362.92,28,54,42
47,490,450,40070.06,18783.15,196.22,28,51,43
47,490,450,40070.06,18835.9,121.04,28,51,43
47,490,450,40109.89,19149.17,493.46,28,55,38
47,490,450,40146.06,18641.83,534.31,28,52,36
47,490,450,40259.14,18763.91,196.22,28,51,44
47,490,450,40312.08,18877.7,210.27,28,53,42
47,490,450,40336.91,18759.52,196.22,28,51,44
47,490,450,40359.01,18807.86,182.45,28,54,43
47,490,450,40373.22,18745.52,271.71,28,51,44
47,490,450,40619.51,19524.74,475.7,28,55,33
47,490,450,40652.75,18967.52,162.94,28,54,42
47,490,450,40832.58,18967.26,162.94,28,55,42
47,490,450,40876.83,18881.12,153.81,28,54,39
47,490,450,40901.76,18730.78,271.71,28,50,44
47,490,450,40917.28,19458.6,211.21,28,50,41
47,490,450,40922.77,19436.63,211.21,28,50,41
47,490,450,40938.18,18823.95,153.81,28,54,39
47,490,450,41006.51,19280.63,485.3,28,51,36
47,490,450,41073.09,18679.19,343.94,28,53,41
47,490,450,41330.21,19869.98,548.71,27,55,35
47,490,450,41410.98,19363.28,400.14,28,50,38
47,490,450,43682.31,17985.25,710.48,26,51,24
47,490,450,44658.61,18992.2,782.71,26,48,22
47,490,450,44679.08,18992.2,782.71,26,47,23
47,490,450,44682.62,18848.27,618.63,26,47,22
47,490,450,44775.17,18548.77,641.31,26,48,22
47,490,450,44792.0,18548.77,618.4,26,47,22
47,490,450,45054.99,13605.06,150.57,28,55,41
47,490,450,45187.69,14152.25,342.74,27,55,43
47,490,450,45293.3,13858.15,340.61,28,54,44
47,490,450,45404.77,18770.27,393.39,26,47,24
47,490,450,45435.48,18767.64,393.39,26,48,24
47,490,450,45452.63,18328.69,375.53,27,48,26
47,490,450,45586.7,15215.91,63.57,28,56,46
47,490,450,46005.3,15169.68,387.23,28,57,40
47,490,450,46216.95,14981.67,303.14,28,55,40
47,490,450,46367.77,14872.3,318.01,27,56,41
47,490,450,46841.37,14440.83,370.82,27,57,40
47,490,450,46916.28,14985.47,411.98,27,52,38
47,490,450,47013.35,14612.24,359.09,27,56,40
47,490,450,47199.48,14899.44,421.83,27,55,38
47,490,450,47248.29,14779.72,491.87,28,54,37
47,490,450,47250.5,14708.44,574.09,27,54,36
47,490,450,47260.16,14744.72,649.27,28,54,35
47,490,450,47260.2,14664.78,574.09,28,54,36
47,490,450,47273.27,14768.86,619.3,28,54,35
47,490,450,47305.45,14655.94,574.09,27,54,36
47,490,450,47355.16,14884.51,574.09,28,53,36
47,490,450,47356.59,14927.73,489.19,28,54,36
47,490,450,47377.61,15068.09,242.5,27,55,42
47,490,450,47475.98,14855.6,489.19,28,54,36
47,490,450,47561.23,14991.75,487.51,28,54,36
47,490,450,47602.04,15114.08,284.75,28,53,37
47,490,450,47626.08,15070.4,284.75,28,53,37
47,490,450,47653.87,15129.33,348.32,28,54,36
47,490,450,47891.1,15010.35,255.66,28,56,38
47,490,450,47986.39,14999.18,255.66,28,56,38
47,490,451,37447.94,19438.39,364.71,27,55,39
47,490,451,37447.94,19439.01,334.35,27,55,39
47,490,451,37511.0,19439.01,362.21,27,55,38
47,490,451,37527.56,19497.94,301.7,27,55,39
47,490,451,37757.64,19415.93,513.21,27,53,37
47,490,451,37835.49,19280.09,358.68,28,55,41
47,490,451,37854.57,19405.01,513.21,28,54,37
47,490,451,37882.56,19386.72,513.21,28,54,37
47,490,451,37885.0,19381.56,358.68,28,54,41
47,490,451,37929.94,19353.76,358.68,28,55,40
47,490,451,37929.94,19385.22,358.68,27,55,40
47,490,451,37940.09,19645.12,233.37,27,57,38
47,490,451,37940.44,19331.63,379.7,28,54,40
47,490,451,38000.29,19321.15,358.68,27,55,40
47,490,451,38011.02,19310.19,390.86,27,55,40
47,490,451,38021.82,19410.19,358.68,27,54,40
47,490,451,38023.01,19518.26,379.7,28,53,40
47,490,451,38139.62,19406.35,379.7,28,53,40
47,490,451,38165.87,19237.93,418.72,27,55,41
47,490,451,38238.22,19291.19,418.68,27,56,40
47,490,451,38492.4,19496.33,248.35,27,55,41
47,490,451,38503.7,19087.51,500.94,27,56,41
47,490,451,38527.36,19243.39,559.68,27,54,41
47,490,451,38531.5,19456.39,282.66,26,56,43
47,490,451,38544.54,19425.47,220.5,27,55,42
47,490,451,38544.54,19425.47,248.35,27,55,41
47,490,451,38564.88,19143.01,266.79,28,55,44
47,490,451,38570.83,19281.99,435.88,28,56,40
47,490,451,38576.25,19288.13,435.88,28,55,40
47,490,451,38593.16,19221.24,317.32,28,53,43
47,490,451,38594.04,19401.79,244.42,28,55,41
47,490,451,38617.37,19292.47,379.7,28,53,42
47,490,451,38626.08,19403.05,264.1,28,54,43
47,490,451,38631.66,19363.45,307.43,28,55,40
47,490,451,38631.66,19424.35,229.04,28,55,40
47,490,451,38634.1,19921.07,244.42,28,54,41
47,490,451,38635.95,19281.99,472.01,28,56,39
47,490,451,38663.55,19094.69,266.79,28,55,44
47,490,451,38668.45,19210.88,342.13,28,55,42
47,490,451,38670.56,19001.57,317.32,28,53,43
47,490,451,38673.72,19355.39,244.42,28,55,41
47,490,451,38673.72,19368.76,208.28,28,55,42
47,490,451,38676.64,19294.0,273.51,28,56,40
47,490,451,38677.7,19386.86,208.28,28,54,43
47,490,451,38684.9,18958.2,369.56,28,54,40
47,490,451,38684.9,19072.64,442.57,28,54,39
47,490,451,38730.73,19482.24,189.54,27,57,40
47,490,451,38734.24,19548.57,183.07,28,56,42
47,490,451,38753.06,19230.48,266.79,28,55,43
47,490,451,38778.28,19294.0,209.94,28,56,39
47,490,451,38778.36,19390.02,271.29,28,55,40
47,490,451,38816.73,19048.72,288.74,28,56,41
47,490,451,38830.52,18492.36,444.41,28,48,38
47,490,451,38832.12,19296.17,244.42,28,55,41
47,490,451,38855.04,18483.76,408.27,28,48,38
47,490,451,38870.24,19198.16,248.35,27,58,40
47,490,451,38874.3,18460.08,444.41,28,48,38
47,490,451,38896.8,19877.66,244.42,28,54,42
47,490,451,38897.36,19816.86,250.83,28,53,43
47,490,451,38974.2,19240.51,186.91,27,59,43
47,490,451,38974.2,19336.49,186.91,26,59,43
47,490,451,39035.36,19233.18,248.35,27,57,40
47,490,451,39039.61,18704.67,371.4,28,49,40
47,490,451,39052.3,18521.48,346.92,28,48,38
47,490,451,39086.4,18467.53,346.92,28,48,38
47,490,451,39219.49,19369.61,289.58,27,56,42
47,490,451,39222.95,18965.79,454.81,27,54,39
47,490,451,39242.38,19260.09,177.7,28,55,44
47,490,451,39277.83,19197.87,177.7,28,54,44
47,490,451,39306.32,18996.43,454.81,27,52,39
47,490,451,39362.55,18996.43,379.63,27,52,39
47,490,451,39380.25,18889.27,291.7,27,51,40
47,490,451,39410.63,19202.96,177.7,28,54,43
47,490,451,39446.79,19148.4,226.55,27,52,40
47,490,451,39491.36,18944.61,253.11,27,51,38
47,490,451,39535.45,19040.29,196.41,27,51,41
47,490,451,39659.42,18988.86,195.69,27,52,38
47,490,451,39748.78,18922.78,259.26,27,52,38
47,490,451,39793.68,19223.4,578.04,28,54,34
47,490,451,39828.28,18058.44,395.62,28,49,39
47,490,451,39917.5,18666.46,270.7,28,51,43
47,490,451,40005.03,19418.41,508.0,28,53,34
47,490,451,40013.57,18641.83,560.91,28,53,36
47,490,451,40032.47,18862.14,121.04,28,51,43
47,490,451,40088.58,18862.14,231.87,28,51,42
47,490,451,40193.72,18593.74,146.97,28,51,44
47,490,451,40217.9,18593.74,146.97,28,52,43
47,490,451,40237.7,18619.85,231.87,28,51,42
47,490,451,40237.7,18673.81,195.73,28,51,42
47,490,451,40247.57,18672.27,195.73,28,51,42
47,490,451,40296.71,18526.39,286.51,28,52,41
47,490,451,40351.46,19270.81,308.58,28,49,44
47,490,451,40373.82,18800.76,114.78,28,52,44
47,490,451,40383.96,18960.13,162.94,28,52,42
47,490,451,40444.75,18834.52,199.68,28,50,42
47,490,451,40480.14,18823.1,195.73,28,50,42
47,490,451,40485.02,18835.19,246.41,28,53,40
47,490,451,40490.34,18551.76,286.51,28,53,40
47,490,451,40492.78,18642.85,286.51,28,53,39
47,490,451,40502.78,18524.48,286.51,28,53,41
47,490,451,40569.02,18943.59,162.94,28,52,42
47,490,451,40655.93,19522.5,475.7,28,55,33
47,490,451,40830.48,19878.96,84.65,28,56,46
47,490,451,40830.48,19931.02,35.89,28,56,46
47,490,451,40872.41,18872.63,342.16,28,51,41
47,490,451,40997.3,19107.97,469.01,28,52,35
47,490,451,41076.06,19427.01,211.21,28,50,41
47,490,451,41078.19,19198.59,129.85,28,53,42
47,490,451,41083.69,19298.5,211.21,28,50,41
47,490,451,41163.52,19099.97,469.01,28,53,36
47,490,451,41176.71,19274.37,557.52,28,51,36
47,490,451,41202.61,18721.59,254.97,28,51,41
47,490,451,41333.56,18721.59,276.24,28,50,41
47,490,451,41382.28,19867.11,548.71,27,55,35
47,490,451,41382.62,20282.76,228.98,26,55,46
47,490,451,41400.29,19706.64,548.71,27,54,35
47,490,451,41424.89,19821.17,350.17,28,51,34
47,490,451,41428.86,18767.3,240.1,28,50,41
47,490,451,41437.55,20282.76,228.98,26,54,46
47,490,451,44745.95,15059.55,199.33,28,56,44
47,490,451,44755.15,15059.55,199.33,28,56,43
47,490,451,44792.0,18441.23,512.86,26,47,21
47,490,451,44976.34,14853.42,322.06,27,55,43
47,490,451,45008.79,14436.01,150.57,28,57,42
47,490,451,45051.67,14247.32,150.57,28,57,42
47,490,451,45140.36,13559.54,150.57,28,55,41
47,490,451,45146.25,14888.59,443.09,27,55,42
47,490,451,45160.67,13830.34,340.61,28,54,44
47,490,451,45169.02,14707.85,443.09,27,55,42
47,490,451,45302.71,13740.79,286.37,28,57,39
47,490,451,45323.85,14259.12,171.79,27,52,41
47,490,451,45337.24,13559.55,135.9,28,55,42
47,490,451,45337.24,13734.13,99.76,28,55,42
47,490,451,45366.0,13686.66,150.57,28,57,40
47,490,451,45380.67,14279.18,150.77,27,52,42
47,490,451,45407.12,15204.05,102.0,27,52,43
47,490,451,45539.97,15056.51,220.6,28,56,38
47,490,451,45707.18,14938.72,322.59,28,56,39
47,490,451,45738.44,14382.19,271.92,28,52,40
47,490,451,45791.83,14348.44,271.92,28,52,40
47,490,451,45852.51,15015.07,373.59,28,57,38
47,490,451,45853.42,14632.91,446.9,28,54,36
47,490,451,45867.7,14912.04,373.59,28,57,38
47,490,451,45868.5,14682.05,446.9,28,53,36
47,490,451,45943.72,15015.07,346.42,28,58,38
47,490,451,45997.28,14857.8,373.59,28,57,38
47,490,451,46063.27,14655.48,441.31,28,53,36
47,490,451,46075.01,14920.05,322.59,28,56,39
47,490,451,46133.07,14280.36,265.96,27,54,38
47,490,451,46202.61,14087.07,316.87,28,53,38
47,490,451,46337.83,15003.02,439.39,28,54,36
47,490,451,46650.49,14850.96,242.01,28,55,40
47,490,451,46883.78,14922.45,411.98,27,52,38
47,490,451,46973.75,14699.64,363.34,27,52,38
47,490,451,46989.63,14536.12,363.34,27,53,38
47,490,451,47059.31,14536.12,242.5,27,54,40
47,490,451,47059.89,14536.12,363.34,27,52,38
47,490,451,47092.08,14536.12,330.69,27,52,39
47,490,451,47115.81,14703.37,574.09,27,53,36
47,490,451,47211.72,14842.81,491.87,27,55,37
47,490,451,47221.32,14655.94,495.7,27,54,36
47,490,451,47273.06,14578.85,475.25,27,55,36
47,490,451,47281.35,14578.85,412.24,27,53,37
47,490,451,47294.62,14667.65,376.1,28,53,37
47,490,451,47435.7,14684.84,574.09,28,54,35
47,490,451,47454.69,14684.84,557.55,28,54,35
47,490,451,47602.21,14845.5,400.89,28,54,36
47,490,451,47633.27,14956.76,358.28,28,55,37
47,490,451,47642.41,14842.58,337.88,28,55,37
47,490,451,47655.19,15172.05,185.62,28,56,38
47,490,451,47780.95,14842.58,337.88,28,54,36
47,490,451,47837.67,15070.46,185.62,28,56,38
47,490,451,47851.53,14999.18,255.66,28,56,38
47,490,451,47891.1,14999.18,185.62,28,56,39
47,490,452,37447.94,19348.19,334.35,27,55,39
47,490,452,37725.07,19512.41,443.56,27,54,37
47,490,452,37905.26,19403.48,262.09,28,55,41
47,490,452,37905.26,19449.47,186.91,28,55,42
47,490,452,38011.02,19258.88,390.86,27,55,40
47,490,452,38019.07,19387.56,398.73,27,54,40
47,490,452,38021.15,19279.77,358.68,27,56,41
47,490,452,38033.1,19713.57,357.84,27,53,41
47,490,452,38107.12,19067.95,418.72,27,55,41
47,490,452,38120.17,19146.52,289.93,27,55,44
47,490,452,38132.16,19395.69,334.35,27,56,38
47,490,452,38243.89,19275.38,398.73,27,54,40
47,490,452,38279.11,19490.21,248.35,27,55,41
47,490,452,38324.12,19465.62,268.81,27,54,42
47,490,452,38324.12,19490.21,248.35,27,54,41
47,490,452,38335.08,19270.91,311.36,27,56,39
47,490,452,38343.14,19311.82,248.35,27,55,41
47,490,452,38344.52,20244.56,183.8,27,57,42
47,490,452,38349.4,19184.54,283.5,28,56,40
47,490,452,38349.4,19184.54,311.36,28,56,39
47,490,452,38374.25,19184.54,311.36,27,56,40
47,490,452,38409.74,19452.11,114.69,28,53,42
47,490,452,38421.62,19184.54,283.5,28,55,40
47,490,452,38443.66,20237.48,183.8,27,57,42
47,490,452,38489.95,19304.72,219.94,28,55,41
47,490,452,38497.22,19407.35,148.59,27,57,40
47,490,452,38497.22,19407.35,199.59,27,57,39
47,490,452,38518.25,19346.75,379.7,28,53,41
47,490,452,38546.74,19184.54,279.55,28,55,40
47,490,452,38564.88,19083.21,317.79,28,55,44
47,490,452,38602.72,18679.62,385.43,28,52,38
47,490,452,38607.28,18679.62,385.43,28,51,38
47,490,452,38629.84,19405.96,282.66,26,57,43
47,490,452,38631.52,18454.22,335.27,28,48,40
47,490,452,38631.52,18454.22,408.27,28,48,39
47,490,452,38631.52,18454.39,339.95,28,48,39
47,490,452,38655.35,18454.39,261.56,28,48,39
47,490,452,38692.31,19172.64,248.35,27,58,39
47,490,452,38724.21,19378.16,282.66,26,58,43
47,490,452,38724.72,19413.47,169.04,28,55,43
47,490,452,38725.36,19084.28,455.89,27,53,40
47,490,452,38746.52,19285.22,217.81,28,55,43
47,490,452,38782.6,19217.66,244.42,28,55,42
47,490,452,38803.89,18631.8,416.08,28,49,38
47,490,452,38826.05,19374.39,282.66,26,59,43
47,490,452,38839.31,19265.68,212.22,28,55,43
47,490,452,38841.59,19179.26,217.81,28,55,43
47,490,452,38845.97,18600.24,346.92,28,48,38
47,490,452,38862.95,19167.99,244.42,28,55,42
47,490,452,38891.37,18500.0,234.13,28,49,39
47,490,452,38895.06,18454.02,408.27,28,49,39
47,490,452,38906.76,18634.1,333.87,28,51,38
47,490,452,39005.03,18618.63,407.13,28,51,37
47,490,452,39011.72,18467.53,346.92,28,48,38
47,490,452,39052.48,19477.45,178.26,28,51,44
47,490,452,39075.61,19141.2,446.3,27,54,41
47,490,452,39102.11,19096.7,446.3,27,55,40
47,490,452,39110.74,19058.43,425.03,27,55,40
47,490,452,39146.16,19088.51,425.03,27,55,39
47,490,452,39182.52,20050.69,597.22,28,52,36
47,490,452,39202.78,19441.85,178.26,28,52,44
47,490,452,39244.2,18891.36,454.81,27,55,39
47,490,452,39364.59,18557.34,422.1,28,49,37
47,490,452,39389.82,18587.04,228.8,28,50,39
47,490,452,39413.52,18587.04,228.8,28,49,39
47,490,452,39445.44,18770.11,311.48,28,50,38
47,490,452,39492.33,18678.65,177.8,28,50,40
47,490,452,39553.82,19814.71,151.4,27,52,44
47,490,452,39563.86,18940.0,280.96,27,51,38
47,490,452,39575.33,18920.51,366.88,27,52,39
47,490,452,39642.14,18643.66,162.94,28,50,40
47,490,452,39705.41,19113.62,259.94,27,52,37
47,490,452,39722.08,19223.4,494.02,28,54,34
47,490,452,39733.73,19223.36,563.38,28,55,34
47,490,452,39791.0,18890.88,284.49,28,51,38
47,490,452,39809.96,19017.42,259.94,28,52,37
47,490,452,39886.9,18230.92,395.62,28,49,38
47,490,452,39906.4,18224.5,317.23,28,49,40
47,490,452,39928.61,19223.4,508.0,28,53,34
47,490,452,39957.22,18262.08,237.68,28,54,41
47,490,452,39971.65,18262.08,307.72,28,54,40
47,490,452,40226.98,18993.22,402.47,28,53,35
47,490,452,40226.98,18998.64,508.0,28,53,34
47,490,452,40369.15,18607.41,227.11,28,51,42
47,490,452,40432.05,19522.5,508.35,28,55,33
47,490,452,40540.24,19522.5,475.7,28,55,33
47,490,452,41358.06,19857.92,350.17,28,51,37
47,490,452,41359.39,19687.37,350.17,28,51,34
47,490,452,41382.62,20085.1,228.98,26,55,46
47,490,452,44715.85,14257.81,364.7,27,56,44
47,490,452,44770.78,13133.43,135.76,28,55,46
47,490,452,44833.23,14893.7,199.33,28,56,42
47,490,452,44866.87,14677.05,150.57,28,57,42
47,490,452,44918.58,13301.9,290.6,28,54,43
47,490,452,44918.58,13301.9,339.36,28,54,42
47,490,452,44918.58,13465.68,311.32,28,54,42
47,490,452,44964.48,14257.81,364.7,27,55,44
47,490,452,44964.48,14477.2,364.7,27,55,43
47,490,452,44968.19,14661.93,443.09,27,55,42
47,490,452,45002.17,14648.99,443.09,27,55,42
47,490,452,45173.75,14897.45,373.06,27,55,42
47,490,452,45283.14,14833.65,102.0,27,53,43
47,490,452,45283.44,14019.58,171.79,27,52,41
47,490,452,45284.47,14761.28,150.63,28,57,40
47,490,452,45293.27,13868.53,199.33,28,56,40
47,490,452,45296.84,13825.56,150.57,28,56,40
47,490,452,45302.71,13740.79,190.62,28,57,39
47,490,452,45310.73,14654.87,102.0,27,53,43
47,490,452,45339.87,14355.57,102.0,27,53,43
47,490,452,45349.11,14983.0,102.0,27,52,43
47,490,452,45350.4,13609.47,150.57,28,56,40
47,490,452,45404.01,14419.9,413.57,28,58,38
47,490,452,45412.93,14384.59,277.77,28,58,38
47,490,452,45439.28,14995.36,99.57,28,55,41
47,490,452,45478.74,14162.07,277.77,28,58,38
47,490,452,45512.18,14810.3,322.59,28,56,39
47,490,452,45537.56,14450.79,271.92,28,53,40
47,490,452,45539.97,14874.3,220.6,28,56,38
47,490,452,45595.08,14754.78,322.59,28,56,39
47,490,452,45633.18,14363.49,148.68,28,56,40
47,490,452,45727.25,20052.47,714.34,25,50,25
47,490,452,45739.05,14228.25,399.12,27,54,38
47,490,452,45777.66,19864.84,714.34,25,50,24
47,490,452,45781.38,19695.67,764.87,25,50,24
47,490,452,45812.76,14884.97,446.9,28,54,36
47,490,452,45823.77,13933.85,305.57,28,52,38
47,490,452,45830.53,14025.4,256.81,28,52,38
47,490,452,45831.75,13829.0,305.57,28,52,38
47,490,452,45881.22,14516.79,399.12,27,53,38
47,490,452,45941.63,14804.93,253.86,28,53,39
47,490,452,45961.01,14294.57,426.78,28,52,35
47,490,452,45998.39,14802.43,253.86,28,53,39
47,490,452,46017.46,14657.76,253.86,28,53,39
47,490,452,46030.77,14056.1,316.05,28,55,37
47,490,452,46040.01,14517.01,348.75,28,52,35
47,490,452,46040.01,14572.12,345.78,28,52,35
47,490,452,46090.6,13735.97,238.02,28,53,40
47,490,452,46122.87,14243.32,398.93,28,52,37
47,490,452,46130.58,14647.08,282.77,28,53,35
47,490,452,46218.91,14266.4,265.96,27,53,37
47,490,452,46616.91,15143.41,220.74,28,55,39
47,490,452,46688.19,15134.94,220.74,28,55,39
47,490,452,46840.51,14351.93,84.9,27,53,39
47,490,452,48092.26,15083.1,255.66,28,55,38
47,490,453,37854.57,19365.45,443.17,28,54,38
47,490,453,37854.57,19365.45,513.21,28,54,37
47,490,453,37878.93,19365.45,415.32,28,54,39
47,490,453,38017.24,19538.53,334.72,27,58,38
47,490,453,38024.38,19449.43,186.91,28,55,42
47,490,453,38035.88,19209.53,390.86,27,55,40
47,490,453,38062.54,19435.71,186.91,28,55,42
47,490,453,38149.59,19171.13,500.94,27,54,41
47,490,453,38173.57,19217.94,398.73,27,54,40
47,490,453,38201.3,19513.14,298.58,27,59,39
47,490,453,38344.46,19625.34,289.52,27,54,39
47,490,453,38344.52,20306.45,183.8,27,57,41
47,490,453,38349.4,19128.26,357.49,28,56,40
47,490,453,38352.4,18588.31,340.62,28,48,36
47,490,453,38364.72,19311.62,289.93,28,54,44
47,490,453,38368.16,19519.31,439.74,27,54,39
47,490,453,38369.43,19552.56,199.59,27,55,42
47,490,453,38374.76,19228.65,248.35,27,56,40
47,490,453,38435.39,19066.9,390.86,27,55,40
47,490,453,38454.15,19122.23,317.79,28,54,44
47,490,453,38456.68,19383.48,114.69,28,53,42
47,490,453,38461.28,18444.39,256.66,28,48,38
47,490,453,38463.88,18400.59,412.26,28,48,38
47,490,453,38465.3,19474.91,323.53,27,55,40
47,490,453,38495.2,19026.79,341.89,27,55,42
47,490,453,38510.54,19218.14,398.73,27,52,40
47,490,453,38536.05,19552.5,364.56,27,53,40
47,490,453,38597.28,18395.41,337.08,28,48,39
47,490,453,38608.37,19513.09,178.26,28,52,44
47,490,453,38611.92,19250.93,521.97,27,54,39
47,490,453,38630.4,19613.57,289.52,27,54,39
47,490,453,38760.93,19489.91,331.54,27,53,41
47,490,453,38862.95,19163.96,244.42,28,55,42
47,490,453,38867.69,19499.95,259.97,27,53,41
47,490,453,38884.35,19145.33,521.97,27,54,39
47,490,453,38924.24,19408.24,186.91,26,59,43
47,490,453,38977.58,19121.1,521.97,27,54,39
47,490,453,39005.03,18517.81,392.46,28,51,37
47,490,453,39016.84,20180.58,205.84,27,54,42
47,490,453,39025.17,20152.8,202.35,27,54,42
47,490,453,39029.23,19339.31,259.97,27,53,41
47,490,453,39052.0,20242.95,238.49,27,54,41
47,490,453,39067.7,19469.13,178.26,28,52,44
47,490,453,39103.73,20219.06,174.92,27,54,41
47,490,453,39107.06,18383.2,392.46,28,51,37
47,490,453,39149.68,18557.34,422.1,28,49,37
47,490,453,39162.99,19493.26,316.34,27,54,40
47,490,453,39187.02,18402.0,256.66,28,49,38
47,490,453,39192.53,19418.38,178.26,28,52,44
47,490,453,39192.59,19431.04,316.34,27,54,40
47,490,453,39306.15,19132.86,493.35,28,55,35
47,490,453,39306.15,19163.84,418.62,28,55,35
47,490,453,39330.79,19381.81,178.26,28,53,44
47,490,453,39336.13,20409.09,202.78,27,54,40
47,490,453,39364.81,19067.95,418.62,28,55,35
47,490,453,39368.39,18920.51,366.88,27,51,39
47,490,453,39368.39,18920.51,432.8,27,51,38
47,490,453,39423.87,18250.99,309.51,28,54,39
47,490,453,39470.57,19256.27,388.96,27,50,38
47,490,453,39477.38,18894.13,366.88,27,52,39
47,490,453,39488.86,19216.69,563.38,28,55,34
47,490,453,39493.76,18386.03,301.25,28,55,40
47,490,453,39513.46,18894.13,366.88,27,51,39
47,490,453,39526.37,18410.68,335.05,28,51,37
47,490,453,39549.48,18269.47,395.62,28,49,38
47,490,453,39549.48,18330.09,362.67,28,49,39
47,490,453,39620.94,18801.28,422.0,27,54,41
47,490,453,39665.59,18234.96,395.62,28,49,38
47,490,453,39670.27,19121.06,349.55,27,52,37
47,490,453,39705.41,18937.9,259.94,27,52,37
47,490,453,39712.98,18739.41,422.0,27,55,41
47,490,453,39712.98,18831.23,422.0,27,55,40
47,490,453,39734.74,18799.57,422.0,27,55,40
47,490,453,39769.38,18262.08,237.68,28,54,40
47,490,453,39870.38,18609.88,236.26,28,51,38
47,490,453,39927.08,19178.37,613.29,26,54,39
47,490,453,40039.02,19184.15,605.82,26,56,39
47,490,453,40039.58,19220.5,577.97,26,55,39
47,490,453,40043.61,19257.0,142.29,27,53,41
47,490,453,40043.61,19414.05,142.29,27,53,40
47,490,453,40046.95,19282.46,305.09,27,50,38
47,490,453,40062.47,19172.31,401.8,26,54,43
47,490,453,40076.68,19132.16,142.29,28,53,41
47,490,453,40083.53,18584.96,231.87,28,51,42
47,490,453,40142.99,19092.68,401.8,26,53,43
47,490,453,40148.03,19220.5,548.0,26,56,39
47,490,453,40157.92,19204.82,305.09,27,50,38
47,490,453,40188.89,19411.8,142.29,27,53,40
47,490,453,40225.04,19062.92,492.01,26,53,42
47,490,453,40271.17,20124.77,235.67,26,58,42
47,490,453,40273.34,20030.13,235.67,26,58,42
47,490,453,40286.3,19061.65,492.01,26,53,42
47,490,453,40287.7,19050.84,492.01,26,53,42
47,490,453,40335.86,19364.5,532.25,26,57,39
47,490,453,40384.66,19039.53,492.01,26,53,42
47,490,453,40390.82,19416.77,428.7,28,50,35
47,490,453,40566.14,19310.27,532.25,26,58,39
47,490,453,40605.88,18491.79,492.94,27,55,41
47,490,453,40622.37,19310.27,532.25,26,57,39
47,490,453,40709.27,19012.63,492.01,26,54,42
47,490,453,40729.25,19416.77,423.17,28,51,35
47,490,453,40762.25,19129.96,608.44,26,57,39
47,490,453,40955.46,19389.26,423.17,28,51,35
47,490,453,41038.46,19523.16,100.1,28,49,47
47,490,453,41067.66,19749.99,87.14,28,53,47
47,490,453,41084.26,19551.6,185.21,28,49,46
47,490,453,41084.26,19602.0,136.45,28,49,46
47,490,453,41111.95,18542.16,230.84,28,53,43
47,490,453,41154.25,19688.85,401.17,28,51,34
47,490,453,41238.3,19360.36,667.39,28,51,35
47,490,453,41263.02,19688.85,350.17,28,51,34
47,490,453,41354.37,20100.23,259.59,26,55,46
47,490,453,44254.13,13197.93,332.94,28,55,41
47,490,453,44285.07,13162.92,332.94,28,55,41
47,490,453,44715.85,14140.98,364.7,27,56,44
47,490,453,44736.57,12952.31,184.52,28,55,43
47,490,453,44810.05,14771.64,150.57,28,56,42
47,490,453,44820.41,13135.74,290.6,28,54,43
47,490,453,44864.68,12973.13,135.76,28,55,46
47,490,453,44864.68,13001.14,135.76,28,55,45
47,490,453,45001.05,15172.96,385.63,27,55,42
47,490,453,45082.95,14883.43,263.62,28,54,46
47,490,453,45140.48,15163.45,326.63,28,53,45
47,490,453,45221.14,14012.1,171.79,27,52,41
47,490,453,45221.14,14012.1,234.8,27,52,40
47,490,453,45223.08,14012.1,283.57,27,52,39
47,490,453,45243.66,13885.56,364.81,28,53,44
47,490,453,45271.69,13693.31,190.62,28,57,39
47,490,453,45272.86,14019.21,99.76,28,56,42
47,490,453,45331.14,13686.66,150.57,28,56,40
47,490,453,45358.32,13710.17,190.62,28,57,38
47,490,453,45411.51,13836.09,190.62,28,55,39
47,490,453,45430.43,13732.6,190.62,28,56,39
47,490,453,45436.54,13732.6,150.57,28,56,39
47,490,453,45465.24,14735.13,376.24,27,53,38
47,490,453,45473.55,13925.68,283.57,28,52,39
47,490,453,45480.35,14903.03,376.24,27,52,38
47,490,453,45507.6,15049.92,297.85,27,52,38
47,490,453,45512.69,15140.49,525.37,28,56,37
47,490,453,45518.73,14796.98,376.24,27,52,38
47,490,453,45524.9,13925.68,262.54,28,52,39
47,490,453,45533.99,15073.76,363.69,28,56,37
47,490,453,45575.69,13898.94,262.54,28,52,39
47,490,453,45616.07,20032.32,434.24,25,51,25
47,490,453,45655.04,14277.11,148.68,28,58,41
47,490,453,45657.42,13788.71,335.55,28,52,38
47,490,453,45660.57,20014.76,434.24,25,51,25
47,490,453,45663.68,14171.83,148.68,28,57,40
47,490,453,45739.05,14155.43,399.12,27,54,38
47,490,453,45751.73,13761.22,238.02,28,52,38
47,490,453,45753.77,13991.5,335.55,27,52,38
47,490,453,45773.41,13577.08,255.8,28,53,36
47,490,453,45809.87,14911.85,524.93,28,54,35
47,490,453,45825.85,15029.74,135.76,28,56,40
47,490,453,45858.71,14562.4,462.69,27,53,37
47,490,453,45907.81,14740.44,211.7,28,51,46
47,490,453,45935.67,13722.61,238.02,28,53,38
47,490,453,45979.49,13975.08,305.57,28,51,39
47,490,453,45999.38,14009.6,286.78,28,52,37
47,490,453,46026.15,14280.36,265.96,27,54,38
47,490,453,46034.16,14649.15,282.77,28,53,35
47,490,453,46036.68,14266.4,265.96,27,54,38
47,490,453,46083.29,13712.28,305.38,27,52,39
47,490,453,46114.88,14058.64,135.9,27,53,38
47,490,453,46147.51,14381.46,363.41,28,52,36
47,490,453,46148.63,13721.11,238.02,28,52,40
47,490,453,46164.42,13721.11,238.02,28,52,39
47,490,453,46169.43,13892.75,135.9,27,52,38
47,490,453,46177.43,13692.04,238.02,28,52,40
47,490,453,46177.43,13694.26,238.02,28,52,39
47,490,453,46209.39,14901.07,127.15,28,56,39
47,490,453,46216.95,15034.71,78.39,28,56,39
47,490,453,46218.91,14135.26,281.29,27,53,37
47,490,453,46251.89,14949.0,48.76,28,55,40
47,490,453,46267.27,13959.9,281.29,27,53,37
47,490,453,46295.99,13692.04,238.02,28,52,39
47,490,453,46300.44,19087.3,696.87,25,50,28
47,490,453,46457.71,14673.48,356.94,27,52,37
47,490,453,46571.5,14067.59,121.25,27,53,38
47,490,453,46679.96,14066.23,121.25,27,53,38
47,490,453,46780.92,13749.98,274.35,27,55,38
47,490,453,46792.51,14131.57,84.9,27,53,39
47,490,453,46917.58,13787.5,407.7,27,56,37
47,490,453,46961.71,13746.06,343.51,27,55,38
47,490,453,46972.01,13816.49,371.56,27,56,37
47,490,453,47172.13,14208.86,365.4,28,55,35
47,490,453,47178.66,14125.13,428.41,28,55,34
47,490,454,37824.41,19348.19,334.35,27,56,38
47,490,454,37829.44,19340.94,334.35,27,56,38
47,490,454,37979.2,19260.68,415.32,28,54,39
47,490,454,38133.24,19308.45,114.69,28,52,42
47,490,454,38332.98,18285.01,289.31,28,48,37
47,490,454,38342.2,19044.59,499.11,27,54,41
47,490,454,38352.4,18448.95,256.66,28,48,38
47,490,454,38352.4,18457.29,211.28,28,48,39
47,490,454,38352.4,18457.29,340.62,28,48,36
47,490,454,38399.76,18381.32,256.66,28,49,38
47,490,454,38435.39,18927.31,390.86,27,55,40
47,490,454,38452.21,18766.06,256.03,28,49,37
47,490,454,38484.9,18448.95,289.31,28,48,36
47,490,454,38504.09,19205.28,435.55,27,54,41
47,490,454,38507.85,18749.46,148.65,28,49,40
47,490,454,38528.55,18523.23,226.68,28,49,38
47,490,454,38618.56,19784.72,301.25,27,51,38
47,490,454,38634.82,18555.83,485.1,28,49,35
47,490,454,38695.78,18782.47,223.38,28,51,38
47,490,454,38703.18,19123.99,341.89,27,55,41
47,490,454,38703.26,18663.0,454.22,28,49,34
47,490,454,38708.06,18403.2,236.26,28,49,37
47,490,454,38791.32,19797.94,222.86,27,53,39
47,490,454,38848.33,18625.32,454.22,28,49,34
47,490,454,38849.51,18315.07,256.66,28,50,38
47,490,454,38853.66,19123.99,341.89,27,54,41
47,490,454,38972.16,19797.94,299.07,27,53,38
47,490,454,38987.1,18411.27,471.28,28,47,38
47,490,454,38991.27,18621.52,454.22,28,49,34
47,490,454,38993.79,19195.29,648.32,27,51,40
47,490,454,39081.14,19186.11,648.32,27,51,40
47,490,454,39093.05,19204.41,111.77,28,54,44
47,490,454,39096.66,18249.7,309.51,28,53,40
47,490,454,39127.84,19397.76,316.34,27,55,40
47,490,454,39132.45,18568.34,228.8,28,48,38
47,490,454,39162.99,19397.76,316.34,27,54,40
47,490,454,39182.77,19134.34,648.32,27,52,40
47,490,454,39211.89,18872.3,426.36,28,49,35
47,490,454,39291.42,18702.05,360.7,28,47,39
47,490,454,39326.06,19243.27,302.5,27,55,41
47,490,454,39361.3,18492.57,200.16,28,49,43
47,490,454,39374.37,18949.02,403.78,28,55,35
47,490,454,39398.36,18723.52,275.39,28,47,40
47,490,454,39424.36,18182.17,309.51,28,54,39
47,490,454,39477.38,18847.6,366.88,27,52,39
47,490,454,39583.45,18780.33,422.0,27,54,41
47,490,454,39583.62,18856.71,309.51,27,53,41
47,490,454,39645.04,18831.73,309.51,27,53,41
47,490,454,39668.37,19344.83,141.4,27,53,44
47,490,454,39693.57,19270.32,141.4,27,53,44
47,490,454,39777.78,19459.09,153.81,27,53,40
47,490,454,39791.52,18753.32,309.51,27,53,41
47,490,454,39798.84,18392.33,477.1,27,56,40
47,490,454,39799.44,19162.85,141.4,27,53,44
47,490,454,39826.83,18766.51,342.66,27,54,40
47,490,454,39835.73,19553.59,189.53,26,53,39
47,490,454,39861.82,19879.17,153.81,27,52,41
47,490,454,39865.06,19039.32,202.57,27,51,39
47,490,454,39870.15,18766.51,291.85,27,54,40
47,490,454,39925.21,19799.74,153.81,27,52,41
47,490,454,39932.79,19522.35,253.1,26,53,39
47,490,454,40081.65,19154.76,331.76,26,53,44
47,490,454,40111.06,19361.65,100.1,28,51,44
47,490,454,40125.4,19481.85,100.1,28,50,44
47,490,454,40165.21,19657.12,412.98,26,56,38
47,490,454,40173.2,18550.72,477.1,27,55,40
47,490,454,40206.49,18817.63,285.99,27,56,40
47,490,454,40206.49,18818.02,285.99,27,56,39
47,490,454,40266.17,19098.94,331.76,26,54,44
47,490,454,40296.49,18148.94,212.16,28,55,42
47,490,454,40319.76,19539.85,79.08,28,51,46
47,490,454,40327.38,18148.94,212.16,28,55,41
47,490,454,40368.51,18123.76,212.16,28,55,41
47,490,454,40399.03,19830.3,475.98,26,55,37
47,490,454,40462.77,19786.79,475.98,26,54,37
47,490,454,40487.15,19033.67,492.01,26,54,42
47,490,454,40494.51,18993.12,132.56,28,56,41
47,490,454,40529.3,19539.85,79.08,28,48,47
47,490,454,40594.04,19068.07,532.25,26,58,39
47,490,454,40605.88,18448.64,492.94,27,55,41
47,490,454,40605.88,18448.64,529.08,27,55,40
47,490,454,40627.11,19314.28,540.77,26,52,42
47,490,454,40652.43,19154.98,132.56,28,56,40
47,490,454,40711.52,19539.85,79.08,28,48,46
47,490,454,40724.99,19105.65,532.25,26,57,39
47,490,454,40739.71,19075.88,532.25,26,57,39
47,490,454,40779.17,19283.02,81.53,28,51,47
47,490,454,40808.07,19321.02,608.44,26,58,38
47,490,454,40835.78,19495.45,79.08,28,48,47
47,490,454,40851.85,19147.98,81.53,28,52,47
47,490,454,40854.42,19826.9,113.81,28,58,43
47,490,454,40911.09,19269.83,81.53,28,51,47
47,490,454,41196.21,19238.81,81.53,28,51,47
47,490,454,41303.33,18612.15,202.21,28,57,41
47,490,454,41575.11,20238.64,51.0,28,52,47
47,490,454,44133.78,13240.86,332.94,28,54,41
47,490,454,44498.74,12290.35,311.05,28,55,43
47,490,454,44498.74,12290.35,374.06,28,55,42
47,490,454,44512.69,12290.35,311.05,28,54,43
47,490,454,44560.6,12291.97,347.19,27,55,43
47,490,454,44623.51,12508.22,326.73,27,55,42
47,490,454,44635.18,12357.24,290.03,28,55,43
47,490,454,44636.87,12418.67,290.6,28,54,43
47,490,454,44706.13,13764.75,268.55,28,56,41
47,490,454,44723.52,12405.98,326.73,27,55,42
47,490,454,44801.03,15003.49,472.14,28,57,40
47,490,454,44818.39,13248.86,416.94,28,53,42
47,490,454,44850.1,13184.36,416.94,28,53,42
47,490,454,44876.37,13091.21,416.94,28,53,42
47,490,454,45074.17,14570.94,284.91,28,54,41
47,490,454,45074.27,14933.24,180.66,28,54,49
47,490,454,45106.1,14006.15,198.02,28,54,47
47,490,454,45130.81,14286.14,57.37,28,55,49
47,490,454,45153.26,13531.58,279.54,28,54,45
47,490,454,45153.92,14312.31,299.37,28,53,41
47,490,454,45156.32,13429.51,438.22,28,52,43
47,490,454,45159.82,14360.69,206.48,28,54,42
47,490,454,45178.75,14360.69,206.48,28,54,41
47,490,454,45182.69,14117.61,72.24,28,55,48
47,490,454,45182.69,14242.56,57.37,28,55,49
47,490,454,45196.02,14265.23,130.38,28,57,40
47,490,454,45225.25,13925.68,283.57,28,52,39
47,490,454,45227.29,14286.14,106.13,28,54,48
47,490,454,45252.37,13969.53,283.57,27,52,39
47,490,454,45264.78,14033.67,124.98,28,56,42
47,490,454,45272.1,13967.65,283.57,27,52,39
47,490,454,45272.86,13893.1,99.76,28,56,42
47,490,454,45282.93,14113.91,256.82,28,56,39
47,490,454,45296.07,13765.22,279.54,28,53,45
47,490,454,45333.58,13869.85,150.57,28,56,39
47,490,454,45347.55,15107.73,359.8,28,58,38
47,490,454,45388.03,14316.75,132.79,28,53,45
47,490,454,45407.64,14219.3,132.79,28,53,45
47,490,454,45432.56,14574.01,171.59,27,59,41
47,490,454,45433.12,15089.87,363.69,28,55,37
47,490,454,45441.87,14266.37,536.02,28,57,37
47,490,454,45457.43,15053.34,171.59,27,58,41
47,490,454,45483.92,14287.77,373.6,28,56,37
47,490,454,45493.54,14845.9,171.59,27,58,41
47,490,454,45514.53,13946.99,254.8,28,57,37
47,490,454,45539.47,15078.27,363.69,28,55,37
47,490,454,45542.28,13434.06,255.8,28,53,36
47,490,454,45566.5,13286.88,150.15,28,53,38
47,490,454,45566.5,13286.88,223.15,28,53,37
47,490,454,45621.16,14256.31,148.68,28,57,40
47,490,454,45621.86,19659.72,786.61,25,48,28
47,490,454,45657.95,14254.92,148.68,28,57,40
47,490,454,45661.08,19603.54,723.6,25,48,28
47,490,454,45663.68,14082.46,148.68,28,57,40
47,490,454,45692.62,19996.14,434.24,25,52,25
47,490,454,45695.49,19603.54,788.44,25,48,27
47,490,454,45739.05,14154.39,399.12,27,54,38
47,490,454,45797.53,14144.86,148.68,28,57,39
47,490,454,45807.45,13946.73,187.02,28,52,39
47,490,454,45808.25,13875.72,296.13,27,52,39
47,490,454,45827.99,15054.97,392.14,27,50,39
47,490,454,45840.09,13654.34,255.8,28,52,36
47,490,454,45861.69,13963.45,235.78,28,52,38
47,490,454,45891.82,13967.72,187.02,28,52,38
47,490,454,45893.28,14768.1,211.7,28,51,46
47,490,454,45919.75,14648.94,211.7,28,51,46
47,490,454,45922.62,13694.26,238.02,28,52,39
47,490,454,45936.4,13793.47,150.15,27,53,39
47,490,454,45936.69,13789.57,326.4,27,51,38
47,490,454,45937.28,13875.72,275.11,27,52,40
47,490,454,45946.95,14553.79,262.7,28,51,46
47,490,454,45949.3,13430.04,223.15,27,52,37
47,490,454,45999.06,13789.57,305.38,27,51,39
47,490,454,46003.92,14344.74,139.81,28,54,39
47,490,454,46025.55,15017.55,392.14,27,50,39
47,490,454,46084.4,13460.96,150.15,27,52,38
47,490,454,46126.67,19093.8,765.69,25,50,27
47,490,454,46133.93,14445.65,363.41,28,51,36
47,490,454,46135.29,13755.77,217.72,27,52,37
47,490,454,46169.43,13603.58,87.14,27,52,38
47,490,454,46197.49,14668.3,48.76,28,54,40
47,490,454,46200.2,13958.46,238.58,27,51,41
47,490,454,46219.52,14727.09,356.94,27,52,36
47,490,454,46234.29,13483.21,135.49,27,52,38
47,490,454,46237.74,19093.8,765.69,25,51,26
47,490,454,46309.19,14673.48,356.94,27,52,36
47,490,454,46310.97,19087.3,772.05,25,50,27
47,490,454,46846.6,13612.54,335.71,27,55,36
47,490,454,46922.11,14395.68,76.62,27,56,42
47,490,454,47039.18,13526.05,365.4,28,56,35
47,490,454,47039.18,13604.06,428.41,28,56,34
47,490,454,47548.86,14917.32,355.9,27,54,36
47,490,455,36522.47,18528.17,372.76,27,52,39
47,490,455,36935.82,18658.53,365.91,27,52,39
47,490,455,37048.52,18640.36,297.58,27,52,39
47,490,455,37048.52,18640.36,372.76,27,52,38
47,490,455,37662.31,19270.84,193.08,28,52,42
47,490,455,38138.35,19305.03,114.69,28,52,42
47,490,455,38188.88,18576.65,242.36,28,51,41
47,490,455,38197.47,19312.83,114.53,27,53,43
47,490,455,38296.91,19274.99,114.53,27,53,43
47,490,455,38307.75,18994.81,564.85,28,51,38
47,490,455,38315.6,18285.01,289.31,28,48,37
47,490,455,38351.1,19495.35,415.88,28,53,36
47,490,455,38351.25,18500.86,367.7,28,48,36
47,490,455,38352.4,18431.51,335.05,28,48,36
47,490,455,38352.4,18477.27,226.68,28,48,38
47,490,455,38363.21,18463.33,178.63,28,48,39
47,490,455,38401.59,18460.02,178.63,28,49,39
47,490,455,38507.85,18733.29,148.65,28,49,40
47,490,455,38528.55,18718.01,205.66,28,49,38
47,490,455,38560.88,18656.83,454.22,28,49,34
47,490,455,38703.26,18607.63,454.22,28,49,34
47,490,455,38738.05,18632.17,337.08,28,47,40
47,490,455,38754.78,18440.57,263.73,28,48,41
47,490,455,38781.07,17966.3,364.76,28,55,38
47,490,455,38806.13,18611.67,206.02,28,50,38
47,490,455,38846.28,18034.73,418.17,28,55,37
47,490,455,38850.24,18514.14,485.1,28,50,35
47,490,455,38853.28,18286.29,256.66,28,50,39
47,490,455,38878.62,19404.65,286.83,27,57,38
47,490,455,38955.36,19709.61,201.58,27,53,37
47,490,455,38973.37,18287.13,309.51,27,53,41
47,490,455,38973.37,18287.13,379.55,27,53,40
47,490,455,38993.79,19068.61,648.32,27,51,40
47,490,455,39009.25,18220.47,309.51,28,53,40
47,490,455,39033.08,18163.8,309.51,28,53,40
47,490,455,39041.92,18418.31,158.23,28,52,41
47,490,455,39047.19,18249.7,309.51,28,53,39
47,490,455,39059.65,18043.33,309.51,28,54,40
47,490,455,39085.17,18357.07,540.16,28,54,36
47,490,455,39128.35,18244.18,258.63,28,53,41
47,490,455,39147.53,18669.36,360.7,28,47,39
47,490,455,39152.37,18872.3,426.36,28,49,35
47,490,455,39169.89,18364.21,540.16,28,53,36
47,490,455,39185.59,19363.95,216.8,27,57,40
47,490,455,39198.43,18538.14,360.7,28,47,39
47,490,455,39217.5,18401.56,379.55,27,53,39
47,490,455,39228.92,18381.82,309.51,27,53,40
47,490,455,39235.06,19333.33,216.8,27,57,40
47,490,455,39366.06,18223.14,309.51,28,54,39
47,490,455,39441.08,18641.24,362.92,27,51,42
47,490,455,39449.59,19592.68,53.67,27,53,39
47,490,455,39449.59,19592.68,186.72,27,53,38
47,490,455,39449.59,19681.82,201.58,27,53,37
47,490,455,39452.88,19586.69,53.67,27,53,39
47,490,455,39479.25,18894.85,381.74,27,51,38
47,490,455,39742.17,18968.1,322.56,27,51,37
47,490,455,39744.67,19636.33,111.5,26,53,39
47,490,455,39759.06,19543.41,273.55,26,52,39
47,490,455,39798.06,19543.41,189.53,26,52,39
47,490,455,39854.29,19540.05,253.1,26,53,39
47,490,455,39861.82,19831.76,153.81,27,52,41
47,490,455,39864.73,18596.4,433.61,28,56,35
47,490,455,39903.36,19458.44,136.24,27,52,43
47,490,455,39913.24,19481.85,100.1,28,52,45
47,490,455,39913.24,19581.91,100.1,28,52,44
47,490,455,39927.78,18916.43,316.2,27,53,38
47,490,455,39927.78,18983.86,316.2,26,53,38
47,490,455,39969.55,20134.98,153.81,27,52,40
47,490,455,39984.03,19531.39,79.08,28,52,46
47,490,455,40135.28,19531.39,79.08,28,51,46
47,490,455,40177.79,18206.65,244.81,28,54,41
47,490,455,40184.79,17977.96,270.3,28,55,41
47,490,455,40199.65,18880.5,195.94,27,51,41
47,490,455,40203.74,18872.5,259.05,27,51,40
47,490,455,40230.38,19688.64,48.88,28,52,45
47,490,455,40246.35,18206.71,260.56,28,54,40
47,490,455,40248.65,18120.24,244.81,28,55,41
47,490,455,40290.89,18737.53,285.99,27,55,41
47,490,455,40343.02,18091.67,244.81,28,55,41
47,490,455,40353.28,19427.71,48.88,28,51,46
47,490,455,40401.12,19539.85,79.08,28,50,46
47,490,455,40495.15,19051.49,81.53,28,51,47
47,490,455,40495.15,19106.51,81.53,28,51,46
47,490,455,40531.43,18132.94,285.17,28,55,40
47,490,455,40559.13,20655.75,385.67,26,50,41
47,490,455,40609.61,18698.6,483.56,27,51,38
47,490,455,40680.14,20638.78,385.67,26,50,41
47,490,455,40795.71,19527.09,112.33,26,53,45
47,490,455,40878.8,19494.42,112.33,26,53,45
47,490,455,40997.79,19112.53,275.43,26,54,42
47,490,455,41175.88,19275.53,247.91,28,46,45
47,490,455,41199.58,19361.06,238.7,28,47,45
47,490,455,41623.26,19234.71,53.67,28,54,48
47,490,455,44184.33,13145.71,332.94,28,54,41
47,490,455,44329.42,12290.35,311.05,28,55,43
47,490,455,44329.42,12413.52,311.05,28,55,42
47,490,455,44515.55,12716.62,106.13,28,55,45
47,490,455,44580.21,14423.81,338.58,28,57,40
47,490,455,44584.27,13156.55,301.66,28,54,42
47,490,455,44586.25,12873.07,184.52,28,54,43
47,490,455,44617.82,13448.12,268.55,28,55,41
47,490,455,44635.66,12413.77,326.73,27,55,43
47,490,455,44666.67,14420.73,338.58,28,57,40
47,490,455,44668.42,12646.64,326.73,27,54,42
47,490,455,44671.03,12893.84,416.94,27,54,41
47,490,455,44686.7,12508.22,326.73,27,54,42
47,490,455,44688.97,12613.89,243.67,28,54,44
47,490,455,44708.39,13156.55,301.66,28,53,42
47,490,455,44714.35,13241.81,243.67,27,54,45
47,490,455,44749.14,13381.68,294.67,27,56,44
47,490,455,44768.91,13334.53,294.67,27,56,44
47,490,455,44808.46,14009.9,378.55,28,55,40
47,490,455,44974.52,13248.86,368.18,28,52,42
47,490,455,45147.14,14570.94,284.91,28,53,41
47,490,455,45185.46,14298.39,230.78,28,53,50
47,490,455,45196.02,14089.26,150.57,28,57,40
47,490,455,45213.79,14311.18,374.55,28,53,41
47,490,455,45227.85,14005.03,150.57,28,57,40
47,490,455,45278.05,14219.3,132.79,28,53,45
47,490,455,45280.75,13680.46,183.79,28,54,46
47,490,455,45285.84,13920.63,150.57,28,57,40
47,490,455,45291.31,13982.87,183.79,28,54,45
47,490,455,45296.07,13760.59,279.54,28,53,45
47,490,455,45296.66,13863.71,183.79,28,54,45
47,490,455,45332.19,13506.08,183.79,28,54,46
47,490,455,45377.59,13744.61,183.79,28,54,45
47,490,455,45473.99,14131.81,139.81,28,55,39
47,490,455,45509.89,14131.81,139.81,28,54,39
47,490,455,45594.39,13760.59,279.54,28,52,45
47,490,455,45612.22,14745.49,114.43,28,57,41
47,490,455,45644.22,13822.05,279.54,28,52,44
47,490,455,45688.62,19316.98,788.44,25,48,24
47,490,455,45702.46,19950.68,434.24,25,53,25
47,490,455,45724.15,13967.72,187.02,28,52,38
47,490,455,45780.12,13499.03,238.02,27,52,38
47,490,455,45813.87,13508.65,238.02,28,52,37
47,490,455,45836.19,14120.37,362.92,28,51,39
47,490,455,45836.19,14231.94,359.95,28,51,40
47,490,455,45867.6,13981.37,326.4,27,51,38
47,490,455,45882.53,13603.87,150.15,27,53,39
47,490,455,45891.3,13471.06,238.02,27,51,38
47,490,455,45922.77,13437.68,150.15,27,53,39
47,490,455,45922.8,14542.42,359.95,28,50,39
47,490,455,45935.61,13373.39,359.81,28,54,36
47,490,455,45969.16,13430.04,238.02,27,51,37
47,490,455,45969.69,14729.46,392.14,27,50,39
47,490,455,45982.29,14328.37,170.01,28,51,48
47,490,455,46071.34,13377.24,150.15,27,53,38
47,490,455,46084.4,13377.24,150.15,27,52,38
47,490,455,46089.11,14930.23,272.54,28,50,38
47,490,455,46216.61,14588.4,48.76,28,54,40
47,490,455,46257.38,14930.23,567.71,28,50,37
47,490,455,46636.95,14306.08,335.71,27,57,35
47,490,455,46751.86,13940.67,441.88,27,55,36
47,490,455,46758.19,14302.07,335.71,27,56,36
47,490,455,46846.71,14260.98,76.62,27,56,43
47,490,455,46847.11,14551.63,310.49,27,57,35
47,490,455,46856.05,14837.64,76.62,27,56,42
47,490,455,46908.86,14204.81,76.62,27,56,43
47,490,455,46915.6,13526.05,365.4,28,55,35
47,490,455,46915.92,14189.7,76.62,27,56,42
47,490,455,46941.38,14067.69,76.62,27,56,42
47,490,455,47364.07,15026.29,355.9,27,53,36
47,490,456,36522.05,18538.81,372.76,27,52,38
47,490,456,36522.05,18606.19,297.58,27,52,39
47,490,456,36820.21,18698.75,234.01,28,52,40
47,490,456,37244.13,18674.72,234.01,28,53,40
47,490,456,37351.06,19021.64,193.54,28,51,41
47,490,456,37405.51,19483.55,311.35,28,51,38
47,490,456,37458.99,19496.15,305.45,28,51,38
47,490,456,37478.86,19232.94,193.08,28,51,42
47,490,456,37480.71,19140.19,293.24,28,52,38
47,490,456,37723.79,19687.6,324.76,28,52,37
47,490,456,37740.8,19732.62,456.12,28,51,37
47,490,456,37801.06,18986.49,217.14,27,54,41
47,490,456,37818.86,19684.82,324.76,28,52,37
47,490,456,37819.06,18759.59,353.6,28,50,37
47,490,456,37904.08,19874.91,132.22,28,51,40
47,490,456,37905.14,18919.35,217.14,27,54,41
47,490,456,37937.56,19845.29,132.22,28,52,40
47,490,456,38090.6,18652.75,183.53,28,52,39
47,490,456,38126.23,19143.17,217.14,27,53,41
47,490,456,38135.26,19482.33,456.69,26,52,43
47,490,456,38174.37,19866.92,132.22,28,51,40
47,490,456,38296.91,19178.76,153.57,27,53,43
47,490,456,38314.07,18236.33,339.84,28,48,37
47,490,456,38340.8,19427.26,418.85,28,53,35
47,490,456,38340.8,19535.79,415.88,28,53,35
47,490,456,38341.65,18177.16,339.84,28,48,37
47,490,456,38354.37,18214.91,314.07,28,53,35
47,490,456,38365.61,19094.36,249.32,27,53,42
47,490,456,38443.21,18116.77,337.02,28,53,35
47,490,456,38463.38,18145.8,415.05,28,53,34
47,490,456,38567.45,18813.66,348.94,27,53,38
47,490,456,38594.02,18626.8,454.22,28,49,34
47,490,456,38727.21,18632.17,337.08,28,47,40
47,490,456,38731.22,18611.67,206.02,28,50,38
47,490,456,38738.05,18580.16,337.08,28,47,40
47,490,456,38766.3,18286.29,256.66,28,50,39
47,490,456,38797.11,19077.38,202.38,27,53,40
47,490,456,38802.06,18408.42,364.87,28,53,34
47,490,456,38853.26,18096.64,500.4,28,54,37
47,490,456,38857.05,18113.39,418.17,28,54,37
47,490,456,38878.92,19096.72,333.89,27,54,38
47,490,456,38940.3,19059.0,514.77,27,51,40
47,490,456,38955.75,19179.5,345.38,27,51,43
47,490,456,38985.16,18754.85,337.02,27,53,35
47,490,456,39020.99,19012.53,648.32,27,51,40
47,490,456,39067.86,18259.63,278.9,28,53,41
47,490,456,39074.18,18417.71,263.73,28,48,40
47,490,456,39094.96,19108.04,648.32,26,51,40
47,490,456,39100.29,18231.68,309.51,28,52,40
47,490,456,39112.78,18669.36,360.7,28,47,39
47,490,456,39172.65,19234.71,259.37,26,51,43
47,490,456,39222.76,19205.3,220.77,26,52,43
47,490,456,39248.82,18590.06,297.13,28,47,40
47,490,456,39341.09,18777.46,287.7,28,47,40
47,490,456,39554.85,18913.99,141.96,28,55,42
47,490,456,39590.6,19146.2,259.05,28,47,42
47,490,456,39638.93,18768.48,287.7,28,47,39
47,490,456,39647.85,19192.29,178.79,26,52,45
47,490,456,39716.24,18705.57,287.7,28,47,39
47,490,456,39748.37,19653.9,280.42,26,52,40
47,490,456,39765.02,18823.41,562.59,28,47,37
47,490,456,39820.76,19382.87,136.24,27,52,44
47,490,456,39820.76,19463.2,136.24,27,52,43
47,490,456,39903.25,18749.82,289.5,27,53,45
47,490,456,39927.78,18918.13,316.2,26,53,38
47,490,456,40022.63,19509.07,115.21,27,52,44
47,490,456,40023.44,18840.99,289.5,27,52,46
47,490,456,40062.48,18903.65,316.2,26,54,38
47,490,456,40115.78,19211.93,136.24,27,51,44
47,490,456,40307.9,18857.75,195.94,27,51,41
47,490,456,40314.27,18791.06,483.56,27,51,38
47,490,456,40408.65,19791.57,27.86,28,52,46
47,490,456,40450.37,19781.95,57.16,27,51,44
47,490,456,40477.12,20699.29,385.67,26,51,42
47,490,456,40545.53,20694.21,385.67,26,51,42
47,490,456,40551.74,20630.93,385.67,26,50,41
47,490,456,40558.76,19414.06,112.33,26,53,45
47,490,456,40659.96,19006.64,175.95,28,49,39
47,490,456,40782.69,19608.4,65.87,28,52,45
47,490,456,40783.73,18996.56,81.53,28,52,47
47,490,456,40787.91,19608.4,65.87,28,51,45
47,490,456,40798.48,19621.83,65.87,28,51,43
47,490,456,40811.44,18898.38,81.53,28,52,47
47,490,456,40886.97,19212.63,65.87,28,53,45
47,490,456,40932.87,19212.63,65.87,28,52,45
47,490,456,41156.12,18808.67,217.0,27,53,44
47,490,456,41499.19,19215.05,53.67,28,53,48
47,490,456,44184.33,13025.11,332.94,28,54,41
47,490,456,44209.32,13039.09,332.94,28,53,41
47,490,456,44269.61,13011.21,332.94,28,53,41
47,490,456,44327.85,12543.58,311.05,28,54,42
47,490,456,44431.5,12566.93,402.1,28,54,41
47,490,456,44485.14,12894.5,106.13,28,54,44
47,490,456,44527.87,12386.5,184.52,28,55,44
47,490,456,44528.82,12695.41,184.52,28,54,43
47,490,456,44568.15,13156.55,301.66,28,54,42
47,490,456,44605.12,12992.59,402.1,28,53,42
47,490,456,44621.59,13156.55,184.17,28,54,43
47,490,456,44621.59,13156.55,212.02,28,54,42
47,490,456,44637.29,12659.24,106.13,28,56,45
47,490,456,44655.72,12817.31,416.94,27,54,41
47,490,456,44662.53,13677.79,294.67,27,57,44
47,490,456,44690.99,12449.29,106.13,28,55,45
47,490,456,44773.67,13287.91,294.67,27,55,44
47,490,456,44933.92,13989.67,427.31,28,55,40
47,490,456,45021.02,13848.24,206.48,28,53,42
47,490,456,45077.81,14329.79,262.4,28,56,39
47,490,456,45163.97,14340.0,262.4,28,56,38
47,490,456,45189.9,14719.07,199.39,28,56,40
47,490,456,45300.47,14176.55,135.9,28,55,42
47,490,456,45375.52,13905.68,280.18,28,58,37
47,490,456,45394.63,14248.17,279.54,28,50,43
47,490,456,45428.88,14197.52,279.54,28,50,43
47,490,456,45437.2,13686.66,333.23,28,55,39
47,490,456,45438.73,13929.57,150.57,28,55,40
47,490,456,45441.96,14044.69,279.54,28,50,44
47,490,456,45441.96,14119.48,279.54,28,50,43
47,490,456,45478.36,14091.77,476.43,28,55,35
47,490,456,45513.34,13741.48,395.94,28,54,39
47,490,456,45578.32,14091.77,476.43,28,54,35
47,490,456,45618.19,13838.6,437.84,28,54,35
47,490,456,45701.16,14174.42,109.15,28,55,40
47,490,456,45719.99,19400.63,639.39,25,48,24
47,490,456,45760.51,14635.0,376.89,28,51,42
47,490,456,45820.04,13312.64,359.81,28,54,36
47,490,456,45840.77,13682.26,399.63,28,56,35
47,490,456,45841.75,13669.53,399.63,28,56,35
47,490,456,45863.09,13950.71,124.01,28,55,39
47,490,456,45889.2,13928.89,226.91,28,52,40
47,490,456,45904.68,14015.45,399.63,28,55,35
47,490,456,45907.73,15118.28,84.9,28,57,41
47,490,456,45911.46,15083.6,84.9,28,57,41
47,490,456,45924.68,14133.57,369.85,28,54,35
47,490,456,46014.75,14328.37,184.67,28,51,47
47,490,456,46016.67,14225.05,184.67,28,51,47
47,490,456,46021.07,14128.89,214.34,27,52,40
47,490,456,46061.45,14627.67,217.79,28,57,37
47,490,456,46063.19,14888.54,99.57,28,59,42
47,490,456,46076.85,13663.31,359.81,28,54,35
47,490,456,46132.14,14777.7,99.57,28,58,43
47,490,456,46257.38,15177.89,228.96,27,51,42
47,490,456,46543.29,14563.37,326.32,28,49,40
47,490,456,46751.86,13863.3,441.88,27,55,36
47,490,456,46753.43,14309.71,76.62,27,57,42
47,490,456,46800.4,14793.96,310.49,27,58,35
47,490,456,46807.04,14268.36,76.62,27,57,43
47,490,456,46808.03,14673.95,76.62,27,56,42
47,490,456,46830.87,14751.58,310.49,27,57,35
47,490,456,46883.95,15115.87,214.93,28,51,44
47,490,456,46886.68,14309.71,76.62,27,56,42
47,490,456,47304.38,15076.5,355.9,27,53,36
47,490,457,36529.7,18523.94,234.01,27,52,39
47,490,457,36734.42,18697.91,234.01,26,51,39
47,490,457,36746.43,18553.09,234.01,27,52,38
47,490,457,36773.03,18553.09,185.25,27,52,39
47,490,457,36803.49,18705.55,233.33,27,51,39
47,490,457,36905.69,19281.76,211.75,28,50,41
47,490,457,36965.22,19227.19,211.75,28,51,41
47,490,457,37184.75,19191.44,211.75,28,51,41
47,490,457,37250.33,18928.04,193.54,28,51,41
47,490,457,37292.74,19072.67,247.89,28,49,40
47,490,457,37314.58,18704.88,212.74,27,50,39
47,490,457,37324.15,18841.35,193.54,28,51,40
47,490,457,37325.08,19248.8,193.08,28,51,42
47,490,457,37373.06,19147.95,229.68,28,51,38
47,490,457,37373.06,19147.95,293.24,28,51,37
47,490,457,37376.77,19171.32,248.34,28,51,37
47,490,457,37376.77,19211.03,248.34,28,51,36
47,490,457,37384.14,19307.36,196.37,28,50,42
47,490,457,37496.65,19561.37,201.83,28,50,39
47,490,457,37505.36,19182.09,196.37,28,50,41
47,490,457,37506.09,19113.68,293.24,28,51,37
47,490,457,37512.29,18884.0,353.6,28,51,38
47,490,457,37710.54,18759.59,353.6,28,50,37
47,490,457,37744.17,18729.43,169.5,28,50,41
47,490,457,37829.16,18691.35,169.5,28,51,41
47,490,457,37930.59,19838.59,132.22,28,52,40
47,490,457,37936.57,19796.81,132.22,28,52,40
47,490,457,37936.98,18557.56,311.75,28,52,37
47,490,457,38025.9,18543.66,183.53,28,52,39
47,490,457,38045.53,19718.89,144.98,28,52,40
47,490,457,38202.29,19866.92,99.57,28,52,41
47,490,457,38211.47,18554.28,389.48,28,51,36
47,490,457,38227.88,18464.26,389.48,28,49,36
47,490,457,38230.6,18387.6,409.88,28,48,36
47,490,457,38230.6,18387.69,389.48,28,48,36
47,490,457,38314.06,18134.65,314.07,28,53,35
47,490,457,38314.06,18170.84,286.21,28,53,35
47,490,457,38335.96,18136.39,286.21,28,53,35
47,490,457,38368.52,18173.62,415.05,28,53,34
47,490,457,38457.23,18116.26,434.55,28,54,36
47,490,457,38499.8,18237.91,337.02,28,52,35
47,490,457,38522.56,19217.91,391.62,27,53,37
47,490,457,38543.29,18262.6,264.94,28,54,37
47,490,457,38543.29,18266.29,216.18,28,54,37
47,490,457,38554.57,18369.69,509.73,28,51,35
47,490,457,38645.06,18106.42,377.52,28,54,37
47,490,457,38670.32,18105.82,539.35,28,54,37
47,490,457,38748.25,18105.4,304.37,28,53,37
47,490,457,38776.42,18090.56,377.52,28,54,37
47,490,457,38885.7,18262.6,264.94,28,53,37
47,490,457,38977.44,18901.56,403.92,27,51,38
47,490,457,39092.51,19209.68,126.64,28,57,45
47,490,457,39127.8,19006.07,178.26,26,50,43
47,490,457,39136.17,18664.0,297.13,28,47,40
47,490,457,39141.75,18899.13,339.48,28,51,35
47,490,457,39247.42,18957.13,322.56,27,53,36
47,490,457,39341.0,18944.67,322.56,27,52,37
47,490,457,39352.02,18944.67,322.56,27,53,36
47,490,457,39427.13,18767.86,356.75,28,47,39
47,490,457,39446.23,18491.19,263.33,27,54,43
47,490,457,39504.42,18295.27,176.19,27,54,42
47,490,457,39519.41,18902.67,345.9,28,47,39
47,490,457,39533.43,19152.43,208.91,28,47,41
47,490,457,39641.16,18213.2,176.19,28,55,43
47,490,457,39646.77,18862.45,339.48,28,51,35
47,490,457,39675.95,19616.71,180.66,28,54,38
47,490,457,39686.0,18936.69,224.13,28,47,42
47,490,457,39816.76,19325.38,136.24,27,52,44
47,490,457,39885.26,18893.71,424.69,28,51,34
47,490,457,39960.88,19250.35,127.15,26,52,46
47,490,457,39960.88,19250.35,148.18,26,52,45
47,490,457,40095.06,19123.16,178.93,28,47,42
47,490,457,40100.0,19356.87,136.24,27,51,44
47,490,457,40111.36,18929.16,401.92,28,50,35
47,490,457,40227.0,19093.91,387.1,28,50,34
47,490,457,40287.98,19016.13,175.68,27,53,41
47,490,457,40312.99,19740.35,63.75,28,52,44
47,490,457,40320.95,18271.69,390.67,27,54,41
47,490,457,40386.61,19057.02,195.94,27,51,40
47,490,457,40387.94,18129.19,285.17,28,55,40
47,490,457,40415.65,19746.49,102.06,27,50,44
47,490,457,40418.31,19746.49,150.83,27,50,43
47,490,457,40472.64,19371.48,65.87,28,52,46
47,490,457,40502.74,19340.67,69.79,28,51,41
47,490,457,40516.19,18733.53,624.25,27,51,38
47,490,457,40516.59,19285.48,98.52,28,52,45
47,490,457,40549.33,19767.42,87.14,27,51,45
47,490,457,40551.79,19183.27,69.79,28,51,41
47,490,457,40630.39,19132.63,160.84,28,49,39
47,490,457,40635.51,19698.4,87.14,27,51,44
47,490,457,40664.09,18980.83,175.95,28,49,39
47,490,457,40664.69,19789.76,27.86,28,53,46
47,490,457,40703.28,19768.04,126.1,27,51,43
47,490,457,40714.82,19174.7,85.11,28,53,41
47,490,457,40731.76,19286.48,65.87,28,52,46
47,490,457,40731.76,19366.51,65.87,28,52,45
47,490,457,40742.12,19608.4,65.87,28,51,45
47,490,457,40745.65,19212.63,65.87,28,53,45
47,490,457,40802.03,19158.9,85.11,28,52,41
47,490,457,40812.61,19270.17,51.21,28,52,46
47,490,457,40874.28,18139.7,356.25,27,54,39
47,490,457,40896.58,19219.58,51.21,28,52,46
47,490,457,40927.69,18126.41,356.25,27,54,39
47,490,457,40956.83,18711.8,585.03,27,53,37
47,490,457,41056.11,18308.38,356.25,27,53,39
47,490,457,41077.56,19553.77,65.87,28,52,42
47,490,457,41228.83,19912.51,14.87,28,53,46
47,490,457,41329.3,19526.92,65.87,28,54,42
47,490,457,41329.3,19573.11,135.9,27,54,41
47,490,457,44269.61,13007.32,348.69,28,53,41
47,490,457,44360.8,12386.5,184.52,28,56,44
47,490,457,44382.91,12552.77,184.52,28,55,44
47,490,457,44417.53,12386.5,184.52,28,55,44
47,490,457,44486.08,12644.8,135.76,28,55,44
47,490,457,44624.23,12753.33,354.21,28,55,41
47,490,457,44624.23,12819.28,354.21,27,55,41
47,490,457,44745.74,13019.69,268.55,28,54,41
47,490,457,44827.32,12592.44,262.29,28,55,43
47,490,457,44828.4,12658.35,262.29,28,56,42
47,490,457,44828.4,12718.76,229.26,28,56,42
47,490,457,44903.09,12804.51,268.55,28,55,42
47,490,457,44998.94,13457.86,220.66,28,55,41
47,490,457,45009.59,12906.78,268.55,28,55,41
47,490,457,45028.61,13648.77,206.48,28,53,43
47,490,457,45091.36,13457.86,220.66,28,55,40
47,490,457,45094.66,12952.0,219.78,28,56,41
47,490,457,45170.56,14804.35,193.59,28,53,45
47,490,457,45261.87,13662.0,280.18,28,56,38
47,490,457,45261.87,13849.84,280.18,28,56,37
47,490,457,45279.29,14009.85,431.19,28,53,38
47,490,457,45304.43,14468.84,342.55,28,50,42
47,490,457,45326.06,13848.91,431.19,28,53,39
47,490,457,45327.22,13921.38,391.27,28,55,38
47,490,457,45363.69,14351.95,279.54,28,50,43
47,490,457,45376.7,14355.13,342.55,28,50,42
47,490,457,45410.13,13499.36,395.94,28,54,38
47,490,457,45422.37,13749.93,200.74,28,54,40
47,490,457,45466.81,13523.99,342.53,28,54,38
47,490,457,45490.4,13753.23,451.65,28,53,39
47,490,457,45529.81,13623.67,333.23,28,55,39
47,490,457,45536.22,13735.07,395.94,28,53,39
47,490,457,45554.51,13888.79,314.97,28,52,38
47,490,457,45559.5,13882.78,314.97,28,52,38
47,490,457,45559.5,13907.2,281.05,28,52,38
47,490,457,45621.46,14015.43,144.64,28,53,45
47,490,457,45627.49,14308.29,109.15,28,55,40
47,490,457,45664.74,15167.77,165.77,28,52,41
47,490,457,45708.94,15204.41,50.8,28,56,46
47,490,457,45767.59,14961.8,122.83,28,52,46
47,490,457,45773.18,13999.36,124.01,28,55,39
47,490,457,45781.76,14948.92,122.83,28,51,46
47,490,457,45800.19,14708.1,122.83,28,52,46
47,490,457,45805.18,13331.65,359.81,28,54,36
47,490,457,45816.34,15111.36,72.02,28,51,47
47,490,457,45826.47,14995.39,50.8,28,57,46
47,490,457,45851.61,13626.51,359.81,28,52,35
47,490,457,45896.63,14959.21,50.8,28,57,45
47,490,457,45905.2,13525.53,175.01,28,52,38
47,490,457,45940.16,14924.77,99.57,28,58,42
47,490,457,45955.66,13422.15,359.81,28,53,36
47,490,457,45959.8,13324.94,359.81,28,53,36
47,490,457,45961.1,14022.44,197.44,28,51,46
47,490,457,45985.91,14728.93,99.57,28,58,42
47,490,457,45989.73,14986.06,84.9,28,57,41
47,490,457,45995.8,14969.0,84.9,28,57,41
47,490,457,46061.45,14472.25,217.79,28,57,37
47,490,457,46067.65,14713.18,63.57,28,55,48
47,490,457,46106.01,14345.2,218.01,28,53,37
47,490,457,46133.28,14911.22,84.9,28,57,41
47,490,457,46145.99,14950.77,99.77,28,57,40
47,490,457,46215.06,15064.82,178.16,27,51,41
47,490,457,46236.08,13368.12,295.63,27,54,38
47,490,457,46320.24,14404.69,326.32,28,50,40
47,490,457,46361.11,14491.21,326.32,28,49,40
47,490,457,46390.8,14404.69,326.32,28,49,40
47,490,457,46538.47,14960.77,76.62,27,57,44
47,490,457,46568.26,14860.75,76.62,27,57,44
47,490,457,46593.54,14496.52,278.5,28,49,41
47,490,457,46701.39,14709.81,76.62,27,57,44
47,490,457,46745.8,13863.3,441.88,27,55,36
47,490,457,46832.68,14482.91,278.5,28,50,43
47,490,457,46837.54,14480.6,278.5,28,50,43
47,490,457,46907.39,14764.11,499.62,28,57,34
47,490,457,46938.05,14367.14,499.62,28,57,34
47,490,457,47018.93,14236.3,499.62,28,57,34
47,490,457,47280.43,15090.53,583.64,28,59,33
47,490,458,36656.24,18553.09,163.98,27,53,40
47,490,458,36752.18,18553.09,234.01,27,51,39
47,490,458,36774.67,18776.71,233.33,27,51,39
47,490,458,36813.37,18931.97,163.97,28,50,42
47,490,458,36817.97,18553.09,234.01,27,50,39
47,490,458,36841.95,18977.55,133.36,28,50,42
47,490,458,36865.92,18788.31,163.97,28,50,42
47,490,458,36868.01,19106.06,211.75,28,50,41
47,490,458,36868.01,19256.49,211.75,28,50,40
47,490,458,36920.02,18902.88,217.38,28,50,41
47,490,458,36920.02,18939.7,217.38,28,50,40
47,490,458,36920.03,18915.17,149.11,27,51,40
47,490,458,36920.15,18684.19,212.74,27,50,39
47,490,458,36920.38,18973.2,330.67,27,51,37
47,490,458,36922.66,18949.7,133.36,28,51,42
47,490,458,36989.28,18830.05,163.97,28,50,41
47,490,458,36995.48,19015.97,217.38,28,49,40
47,490,458,37011.89,18830.69,163.75,28,51,41
47,490,458,37034.66,18722.4,212.74,27,51,38
47,490,458,37180.55,18586.29,212.74,27,51,39
47,490,458,37211.04,18814.01,163.75,28,51,41
47,490,458,37219.83,18984.27,309.19,27,52,37
47,490,458,37238.97,18812.92,193.54,28,51,41
47,490,458,37314.58,18586.29,212.74,27,50,39
47,490,458,37458.42,18988.53,339.21,28,51,36
47,490,458,37458.42,18998.74,311.35,28,51,37
47,490,458,37485.84,18833.59,163.98,27,52,40
47,490,458,37504.57,18786.8,163.98,27,51,40
47,490,458,37524.01,18968.78,353.6,28,50,38
47,490,458,37579.46,19407.95,142.07,28,50,40
47,490,458,37579.79,19372.51,218.28,28,49,39
47,490,458,37579.79,19407.95,142.07,28,49,40
47,490,458,37580.47,19089.47,105.05,28,52,43
47,490,458,37598.53,18949.54,339.21,28,52,36
47,490,458,37627.89,18889.97,353.6,28,50,37
47,490,458,37648.99,19271.08,105.93,28,50,41
47,490,458,37662.82,18874.8,353.6,28,51,37
47,490,458,37670.19,18790.16,353.6,28,50,37
47,490,458,37728.88,19360.1,218.28,28,49,39
47,490,458,37744.17,18631.32,169.5,28,50,41
47,490,458,37788.42,19360.1,197.26,28,50,39
47,490,458,37810.54,18758.41,176.33,27,53,39
47,490,458,37823.71,18759.8,108.37,28,52,42
47,490,458,37826.0,18842.95,72.24,28,52,42
47,490,458,37843.72,18759.8,108.37,28,51,41
47,490,458,37855.26,19091.78,311.35,28,52,36
47,490,458,38014.88,18811.24,435.3,28,53,36
47,490,458,38110.13,18456.45,356.78,28,54,40
47,490,458,38169.88,18433.89,389.48,28,50,36
47,490,458,38208.49,18719.27,356.83,28,50,37
47,490,458,38288.92,18406.76,387.98,28,54,42
47,490,458,38295.48,18604.85,309.86,28,49,38
47,490,458,38353.52,18530.27,309.86,28,47,38
47,490,458,38406.56,18127.89,337.02,28,52,35
47,490,458,38426.3,18934.69,313.94,28,52,36
47,490,458,38436.79,18255.77,337.02,28,54,34
47,490,458,38532.08,18275.04,509.73,28,51,35
47,490,458,38547.58,18101.03,337.02,28,52,36
47,490,458,38645.96,18068.85,385.78,28,54,36
47,490,458,38748.25,18101.03,304.37,28,53,37
47,490,458,38846.41,18357.66,225.67,28,53,39
47,490,458,38948.02,18445.14,226.55,28,51,39
47,490,458,39044.4,18827.86,328.74,27,54,37
47,490,458,39278.28,18267.82,248.66,28,50,40
47,490,458,39314.67,18261.44,248.66,28,50,40
47,490,458,39329.22,18506.24,290.56,27,54,43
47,490,458,39364.29,18967.62,234.13,28,47,42
47,490,458,39364.29,19349.86,234.13,28,47,41
47,490,458,39389.65,19643.37,114.43,27,56,45
47,490,458,39692.91,19457.06,144.52,28,55,39
47,490,458,39692.91,19485.2,99.76,28,55,39
47,490,458,39739.49,19457.06,144.52,28,54,39
47,490,458,39832.93,18902.81,241.94,28,47,41
47,490,458,39861.38,18863.43,135.9,28,49,42
47,490,458,39884.3,18823.85,424.69,28,51,34
47,490,458,39986.58,18849.32,483.56,27,49,38
47,490,458,39993.79,19452.93,322.31,27,49,39
47,490,458,40011.12,18833.68,483.56,27,49,38
47,490,458,40046.84,18853.86,147.21,27,55,42
47,490,458,40077.47,19215.75,163.29,26,52,45
47,490,458,40095.06,19033.62,178.93,28,47,42
47,490,458,40105.95,19215.75,127.15,26,52,45
47,490,458,40162.49,18250.21,255.86,28,53,40
47,490,458,40203.95,18769.31,147.21,27,55,42
47,490,458,40209.02,19141.76,163.29,26,52,45
47,490,458,40353.82,18978.79,387.1,28,50,34
47,490,458,40435.88,19371.48,65.87,28,52,46
47,490,458,40435.88,19495.96,35.89,28,52,46
47,490,458,40474.45,18934.19,419.28,28,52,34
47,490,458,40502.74,19289.53,69.79,28,51,41
47,490,458,40563.91,18269.92,676.24,27,53,41
47,490,458,40581.61,19118.02,69.79,28,51,40
47,490,458,40646.18,19499.61,65.87,28,52,45
47,490,458,40689.74,19768.04,126.1,27,51,43
47,490,458,40730.12,19081.97,69.79,28,51,40
47,490,458,40847.9,19560.48,65.87,28,51,45
47,490,458,41131.96,19555.31,65.87,28,50,45
47,490,458,41131.97,19516.89,65.87,28,53,44
47,490,458,41210.07,19484.04,65.87,28,54,44
47,490,458,44511.34,12644.8,305.45,28,55,42
47,490,458,44511.34,12644.8,354.21,28,55,41
47,490,458,44590.59,12537.33,135.76,28,55,44
47,490,458,44593.01,13170.58,268.55,28,54,42
47,490,458,44598.47,13077.37,354.21,27,55,42
47,490,458,44600.42,12703.28,106.13,28,55,45
47,490,458,44641.97,13298.54,301.66,28,53,41
47,490,458,44684.55,13598.59,236.41,28,56,41
47,490,458,44726.37,13385.9,364.67,27,53,41
47,490,458,44726.37,13470.35,448.69,27,53,40
47,490,458,44744.15,13462.22,236.41,28,56,41
47,490,458,44788.34,13404.14,241.93,28,55,41
47,490,458,44790.87,13488.31,385.68,27,54,40
47,490,458,44835.05,12658.78,268.55,28,55,42
47,490,458,44907.27,13165.55,290.18,28,55,39
47,490,458,44913.33,13472.32,385.68,27,54,40
47,490,458,44961.26,13539.04,385.68,27,53,40
47,490,458,44983.58,13320.12,171.9,28,55,41
47,490,458,44987.07,14241.2,262.4,28,56,39
47,490,458,45011.01,13667.36,332.27,27,54,40
47,490,458,45014.27,13078.43,256.01,28,55,41
47,490,458,45075.21,13116.64,166.37,28,54,41
47,490,458,45090.29,13096.29,290.18,28,55,37
47,490,458,45090.38,13178.6,229.38,28,53,41
47,490,458,45090.38,13178.6,302.38,28,53,40
47,490,458,45091.01,13078.43,256.01,28,54,41
47,490,458,45109.49,12944.39,219.78,28,57,41
47,490,458,45113.91,13538.6,332.27,27,54,40
47,490,458,45147.24,13013.81,184.52,28,54,41
47,490,458,45164.63,13769.48,238.85,27,56,42
47,490,458,45180.54,13556.01,238.85,27,55,41
47,490,458,45219.01,13394.97,238.85,27,55,41
47,490,458,45247.95,13022.14,135.76,28,54,41
47,490,458,45292.74,13523.35,408.57,28,54,38
47,490,458,45292.74,13593.26,408.57,28,54,37
47,490,458,45292.74,13701.43,391.27,28,54,38
47,490,458,45321.43,13609.66,211.59,28,55,40
47,490,458,45325.04,13649.02,217.17,28,56,38
47,490,458,45331.29,14403.22,104.67,28,52,46
47,490,458,45331.29,14403.22,153.44,28,52,45
47,490,458,45352.83,14262.15,104.67,28,52,46
47,490,458,45370.45,13566.49,206.48,28,53,43
47,490,458,45388.4,13214.55,395.94,28,54,38
47,490,458,45428.93,13439.3,215.13,28,55,40
47,490,458,45437.54,13255.85,282.79,28,57,39
47,490,458,45460.78,13255.85,282.79,28,56,39
47,490,458,45468.36,14613.87,309.49,28,51,40
47,490,458,45533.37,13465.31,199.02,28,52,41
47,490,458,45560.59,14951.62,262.5,28,52,39
47,490,458,45581.81,13938.11,281.05,28,52,37
47,490,458,45815.33,14042.85,197.44,28,51,46
47,490,458,45905.47,14148.4,148.68,28,51,48
47,490,458,45952.9,14114.1,148.86,28,54,39
47,490,458,45954.05,14495.81,206.05,27,58,38
47,490,458,45990.38,13727.28,133.99,28,54,40
47,490,458,46017.35,14118.76,148.68,28,51,48
47,490,458,46047.39,14099.64,148.86,28,54,39
47,490,458,46067.65,14590.12,63.57,28,55,48
47,490,458,46080.34,14182.0,178.16,27,52,40
47,490,458,46088.23,14518.94,63.57,28,54,49
47,490,458,46088.44,14241.27,112.51,28,54,40
47,490,458,46095.14,15189.56,142.02,27,56,42
47,490,458,46100.89,13913.88,197.56,28,58,36
47,490,458,46138.84,14440.04,63.57,28,54,49
47,490,458,46219.77,14956.83,178.16,27,51,41
47,490,458,46310.15,14785.95,178.16,27,51,41
47,490,458,46376.17,14528.81,148.68,28,50,47
47,490,458,46415.83,14409.05,148.68,28,50,47
47,490,458,46457.05,14353.55,326.32,28,50,40
47,490,458,46528.01,14819.79,238.89,28,50,45
47,490,458,46537.16,14960.77,76.62,27,57,44
47,490,458,46845.76,14466.05,278.5,28,50,43
47,490,459,36737.01,18637.29,234.01,27,52,38
47,490,459,36770.28,19012.19,233.33,28,51,39
47,490,459,36774.67,18700.65,233.33,27,51,39
47,490,459,36774.67,18794.39,368.35,27,51,37
47,490,459,36784.73,18735.75,163.97,28,51,42
47,490,459,36808.57,18909.95,163.97,28,50,42
47,490,459,36810.67,18777.42,197.88,27,52,38
47,490,459,36815.9,18866.12,260.88,27,51,37
47,490,459,36824.25,18977.55,163.97,28,49,42
47,490,459,36846.51,18876.62,234.01,27,52,37
47,490,459,36862.04,18840.02,317.35,27,51,38
47,490,459,36889.86,18840.02,317.35,27,50,38
47,490,459,36906.02,18924.46,127.84,27,52,39
47,490,459,36907.44,18959.05,163.97,28,51,41
47,490,459,36920.38,18864.32,260.88,27,51,37
47,490,459,36923.87,19394.06,184.32,28,50,41
47,490,459,36928.07,18909.95,163.97,28,51,41
47,490,459,36949.22,18904.29,149.11,27,52,40
47,490,459,37023.82,19004.82,148.18,28,50,41
47,490,459,37040.54,18692.92,136.54,28,51,42
47,490,459,37051.16,18866.12,260.88,27,51,36
47,490,459,37069.73,18692.92,136.54,28,50,43
47,490,459,37072.39,18829.45,163.75,28,51,41
47,490,459,37077.29,18814.63,197.88,27,51,41
47,490,459,37148.29,18734.51,197.88,28,52,38
47,490,459,37177.7,18799.86,163.75,28,51,41
47,490,459,37392.95,18981.6,120.79,28,51,40
47,490,459,37438.9,19036.64,105.05,28,52,43
47,490,459,37447.55,18776.85,309.19,27,54,37
47,490,459,37458.42,18608.68,311.35,28,51,38
47,490,459,37458.42,18719.59,311.35,28,51,37
47,490,459,37482.56,18692.42,311.35,28,51,36
47,490,459,37501.92,18913.84,120.79,28,51,40
47,490,459,37512.31,18982.46,105.05,28,52,43
47,490,459,37518.14,19178.87,168.94,28,50,40
47,490,459,37557.35,19025.49,180.91,28,51,38
47,490,459,37580.47,18965.83,105.05,28,52,43
47,490,459,37621.43,18221.73,288.39,27,52,38
47,490,459,37788.19,18415.87,486.44,28,53,37
47,490,459,37802.68,18685.64,176.33,27,52,39
47,490,459,37829.08,18662.42,176.33,27,53,39
47,490,459,37852.73,18605.87,275.61,28,51,38
47,490,459,37898.13,18543.66,260.75,28,53,38
47,490,459,37920.15,18712.81,277.25,28,52,37
47,490,459,37947.93,18307.44,318.09,28,52,37
47,490,459,37956.5,18274.78,318.09,28,52,37
47,490,459,38000.48,18502.29,403.41,28,49,37
47,490,459,38020.51,18543.66,183.53,28,53,39
47,490,459,38104.27,18370.4,389.48,28,50,36
47,490,459,38118.51,18502.29,261.45,28,49,39
47,490,459,38139.67,18824.68,142.94,27,50,47
47,490,459,38154.41,18440.25,403.41,28,49,38
47,490,459,38231.22,18692.56,305.19,26,51,42
47,490,459,38277.02,18264.14,388.76,28,50,38
47,490,459,38586.65,19080.19,241.27,26,50,42
47,490,459,38606.89,18605.29,481.75,28,51,35
47,490,459,38673.72,18911.64,309.86,28,46,39
47,490,459,38691.59,18911.64,309.86,28,46,38
47,490,459,38695.28,17975.56,354.56,28,51,35
47,490,459,38709.27,18305.82,225.67,28,51,39
47,490,459,38710.46,17998.49,354.56,28,50,35
47,490,459,39018.28,18861.43,288.48,28,50,36
47,490,459,39088.2,18861.43,288.48,28,50,35
47,490,459,39098.44,18260.59,264.94,28,53,38
47,490,459,39486.45,19518.95,99.76,28,56,38
47,490,459,39498.53,19532.15,99.76,28,55,39
47,490,459,39532.71,19405.32,114.43,27,57,45
47,490,459,39533.83,18929.38,241.94,28,47,41
47,490,459,39682.82,18858.14,483.56,27,49,38
47,490,459,39725.88,18621.66,483.56,27,50,37
47,490,459,39788.78,18833.68,483.56,27,49,38
47,490,459,39837.94,19443.62,119.34,27,54,41
47,490,459,39854.82,19483.38,86.69,27,54,42
47,490,459,39928.43,19483.38,86.69,27,53,42
47,490,459,40514.37,18836.42,96.28,28,56,44
47,490,459,40526.08,19132.74,65.87,28,52,47
47,490,459,40623.61,19369.63,65.87,28,52,46
47,490,459,40628.21,19008.45,135.9,28,48,42
47,490,459,40633.36,18944.59,135.9,28,48,42
47,490,459,40802.43,19139.42,65.87,28,53,46
47,490,459,40807.75,19107.52,36.14,28,48,42
47,490,459,40869.08,18872.13,87.14,28,48,42
47,490,459,40984.6,18872.13,36.14,28,48,43
47,490,459,41226.74,19201.56,57.16,28,51,41
47,490,459,44233.45,12542.25,184.52,28,56,44
47,490,459,44268.24,13353.85,241.93,28,55,41
47,490,459,44356.11,13313.27,241.93,28,55,41
47,490,459,44521.43,13082.76,135.76,28,55,42
47,490,459,44553.89,12473.23,106.13,28,55,45
47,490,459,44589.22,12823.89,268.55,28,57,42
47,490,459,44593.01,13134.46,268.55,28,54,42
47,490,459,44596.0,13135.37,135.76,28,54,41
47,490,459,44598.47,13190.22,354.21,27,55,41
47,490,459,44607.3,12800.98,217.17,28,55,41
47,490,459,44628.3,12897.39,268.55,28,54,42
47,490,459,44637.08,12656.29,268.55,28,56,42
47,490,459,44652.99,12810.91,268.55,28,54,42
47,490,459,44668.46,12932.29,268.55,28,54,41
47,490,459,44686.43,13039.53,135.76,28,54,41
47,490,459,44718.98,13926.77,332.12,28,56,40
47,490,459,44732.24,13095.62,290.18,28,55,39
47,490,459,44732.64,15172.52,248.57,28,54,39
47,490,459,44733.9,13171.18,217.17,28,55,40
47,490,459,44772.23,15103.22,254.72,28,54,40
47,490,459,44772.23,15103.22,320.64,28,54,39
47,490,459,44776.52,12875.97,247.53,28,53,44
47,490,459,44781.02,12625.63,268.55,28,56,42
47,490,459,44822.82,15114.73,293.47,28,54,39
47,490,459,44830.74,12735.38,268.55,28,54,42
47,490,459,44835.05,12625.63,268.55,28,55,42
47,490,459,44866.37,12935.48,184.52,28,54,41
47,490,459,44866.37,13003.06,135.76,28,54,41
47,490,459,44980.3,13096.29,290.18,28,55,37
47,490,459,45020.35,14024.73,246.38,28,54,39
47,490,459,45034.69,14537.98,158.97,28,52,46
47,490,459,45046.92,13106.4,166.37,28,54,40
47,490,459,45102.58,14233.99,191.62,28,52,45
47,490,459,45103.21,13609.73,301.66,27,54,41
47,490,459,45108.33,14931.51,105.92,28,56,41
47,490,459,45108.38,14787.29,105.92,28,56,43
47,490,459,45110.52,13638.79,301.66,27,55,40
47,490,459,45146.49,14459.32,282.52,28,54,38
47,490,459,45158.06,14524.38,158.97,28,52,46
47,490,459,45175.28,14057.08,240.38,28,52,44
47,490,459,45196.37,14057.08,240.38,28,52,43
47,490,459,45199.51,14441.63,282.52,28,54,38
47,490,459,45202.26,14192.74,158.97,28,52,46
47,490,459,45227.1,13200.75,444.71,28,54,38
47,490,459,45227.1,13413.6,408.57,28,54,38
47,490,459,45244.06,13984.85,240.38,28,52,43
47,490,459,45292.58,13919.56,240.38,28,52,43
47,490,459,45296.41,14455.64,112.07,28,53,47
47,490,459,45296.73,13358.43,217.17,28,56,37
47,490,459,45296.73,13358.43,290.18,28,56,36
47,490,459,45306.24,13634.94,191.62,28,53,44
47,490,459,45330.84,13422.36,535.24,28,52,40
47,490,459,45352.83,14100.83,104.67,28,52,46
47,490,459,45374.03,13634.94,191.62,28,52,44
47,490,459,45389.93,13651.7,178.78,28,52,39
47,490,459,45398.52,13922.93,158.97,28,53,45
47,490,459,45406.83,13357.39,395.94,28,54,37
47,490,459,45423.96,13319.14,166.37,28,53,41
47,490,459,45456.88,13301.79,166.37,28,53,41
47,490,459,45495.6,13668.9,155.48,28,53,46
47,490,459,45502.6,13465.31,199.02,28,52,41
47,490,459,45503.4,13877.51,122.83,28,51,47
47,490,459,45518.52,13651.7,211.43,28,52,38
47,490,459,45533.27,13993.69,85.23,28,57,44
47,490,459,45550.68,13259.81,257.01,28,54,38
47,490,459,45601.57,14198.12,99.91,28,51,48
47,490,459,45746.81,14307.31,99.91,28,53,47
47,490,459,45773.07,13898.16,63.57,28,53,47
47,490,459,45773.07,13898.16,99.91,28,53,46
47,490,459,45797.99,13899.45,99.91,28,51,47
47,490,459,45815.33,13947.57,63.57,28,51,48
47,490,459,45836.32,14708.59,265.35,28,51,41
47,490,459,45861.73,13428.06,133.99,28,54,42
47,490,459,45876.82,14416.32,265.35,28,51,41
47,490,459,45880.12,14342.6,126.58,28,50,48
47,490,459,45901.23,13942.07,197.56,28,58,36
47,490,459,45916.49,14289.13,199.18,27,52,40
47,490,459,45961.71,13756.56,144.78,28,56,39
47,490,459,45974.75,13779.75,197.56,28,58,36
47,490,459,46023.74,13684.68,182.76,28,56,37
47,490,459,46064.63,14544.85,199.18,27,52,39
47,490,459,46105.62,14692.72,120.79,27,54,40
47,490,459,46129.52,13745.13,197.56,28,58,36
47,490,459,46137.6,14173.2,145.04,28,52,40
47,490,459,46140.32,14173.2,145.04,28,52,39
47,490,459,46146.62,14267.61,178.16,27,51,40
47,490,459,46415.83,14352.06,148.68,28,50,47
47,490,460,36719.19,18745.19,163.97,28,52,42
47,490,460,36778.33,18681.94,163.97,28,52,42
47,490,460,36784.73,18681.94,163.97,28,51,42
47,490,460,36898.55,19206.87,224.41,28,51,40
47,490,460,36900.7,18967.53,197.19,27,52,38
47,490,460,36906.02,18877.47,118.8,27,52,39
47,490,460,36918.15,18821.02,185.0,27,54,39
47,490,460,36982.7,18750.55,178.79,28,51,41
47,490,460,36986.89,18727.52,178.79,28,51,41
47,490,460,37092.3,18979.53,197.19,27,51,39
47,490,460,37209.6,18872.67,163.75,28,51,40
47,490,460,37283.61,18685.19,178.79,28,51,41
47,490,460,37285.46,19898.82,100.4,28,52,43
47,490,460,37326.04,18996.99,197.88,27,50,43
47,490,460,37347.66,18906.68,197.88,27,50,43
47,490,460,37356.41,19273.41,105.93,28,50,41
47,490,460,37397.96,19010.2,169.8,27,50,44
47,490,460,37397.96,19063.94,118.8,27,50,44
47,490,460,37404.66,19254.44,105.93,28,50,41
47,490,460,37413.74,19013.27,118.8,27,50,44
47,490,460,37528.15,18679.94,389.74,28,51,37
47,490,460,37542.07,18651.34,480.44,27,51,38
47,490,460,37573.28,19261.77,178.0,28,53,37
47,490,460,37575.91,19084.99,168.94,28,50,40
47,490,460,37619.29,18580.69,410.4,27,51,37
47,490,460,37652.11,19174.85,178.0,28,53,37
47,490,460,37668.07,19025.49,180.91,28,52,38
47,490,460,37672.5,18915.3,127.84,27,51,41
47,490,460,37676.63,18962.74,470.1,28,49,40
47,490,460,37676.63,19115.77,470.1,27,49,40
47,490,460,37687.24,18208.6,288.39,27,52,38
47,490,460,37695.22,19025.49,180.91,28,51,38
47,490,460,37713.1,19082.37,178.0,28,53,37
47,490,460,37757.74,18950.7,566.91,28,53,35
47,490,460,37830.73,18170.56,288.39,28,52,38
47,490,460,37830.73,18301.97,288.39,28,52,37
47,490,460,37849.16,18950.7,469.38,28,53,35
47,490,460,37900.9,18153.07,303.22,28,52,37
47,490,460,37948.37,19045.12,221.13,26,51,43
47,490,460,37948.92,19045.12,148.12,26,51,44
47,490,460,37982.84,18191.54,303.22,28,52,36
47,490,460,37983.11,19094.05,177.7,26,50,44
47,490,460,38000.48,18456.22,403.41,28,49,38
47,490,460,38000.48,18458.6,403.41,28,49,37
47,490,460,38059.66,18502.29,261.45,28,49,39
47,490,460,38059.66,18502.29,339.84,28,49,38
47,490,460,38077.85,18110.53,319.45,28,50,37
47,490,460,38079.1,18443.54,403.41,28,49,37
47,490,460,38079.82,18447.16,424.43,28,49,36
47,490,460,38113.36,18509.92,406.86,28,52,35
47,490,460,38135.27,18924.45,142.94,27,50,47
47,490,460,38144.89,18526.45,406.86,28,51,35
47,490,460,38154.41,18373.48,403.41,28,49,38
47,490,460,38164.76,18402.73,339.84,28,49,38
47,490,460,38236.6,18784.09,211.27,27,50,46
47,490,460,38254.36,19775.12,154.69,28,55,38
47,490,460,38278.91,18724.79,211.27,27,50,46
47,490,460,38302.99,18722.34,211.27,27,51,46
47,490,460,38352.83,18522.87,502.61,28,51,35
47,490,460,38366.07,18663.22,289.07,26,50,41
47,490,460,38375.83,18657.09,289.07,26,50,41
47,490,460,38379.54,18198.4,319.45,28,49,37
47,490,460,38436.42,19152.47,140.19,26,53,42
47,490,460,38449.69,18514.93,502.61,28,51,35
47,490,460,38459.46,19080.19,241.27,26,50,42
47,490,460,38507.86,18613.78,185.62,27,53,37
47,490,460,38539.04,18510.13,502.61,28,51,35
47,490,460,38577.8,19866.56,99.57,28,53,41
47,490,460,38645.16,18198.4,405.56,28,49,36
47,490,460,38646.91,18730.76,288.48,28,50,37
47,490,460,38680.54,18729.86,255.46,28,52,37
47,490,460,38680.67,18730.76,288.48,28,50,36
47,490,460,38697.07,18198.4,354.56,28,50,36
47,490,460,38831.97,18707.29,175.13,27,52,47
47,490,460,38964.05,18016.36,276.53,28,51,37
47,490,460,39057.96,18016.36,228.5,28,51,38
47,490,460,39120.0,18703.61,175.13,27,52,48
47,490,460,39725.88,18647.82,483.56,27,50,36
47,490,460,40159.69,18197.97,413.48,27,55,39
47,490,460,40163.03,18171.6,383.12,27,55,39
47,490,460,40163.03,18171.6,449.05,27,55,38
47,490,460,40742.32,19015.07,87.14,28,48,42
47,490,460,40827.6,19086.44,36.14,28,48,43
47,490,460,40984.6,18862.41,36.14,28,48,43
47,490,460,41029.9,18757.38,132.56,28,53,42
47,490,460,41230.93,19141.96,57.16,28,51,41
47,490,460,41302.67,18698.87,132.56,28,53,42
47,490,460,41338.23,18615.07,132.56,28,53,42
47,490,460,44393.41,12811.27,198.77,28,56,43
47,490,460,44417.92,13022.73,198.77,28,56,42
47,490,460,44417.92,13022.73,213.63,28,56,41
47,490,460,44568.08,12681.97,184.52,28,56,43
47,490,460,44576.0,12800.98,217.17,28,55,41
47,490,460,44577.13,12482.85,184.52,28,54,44
47,490,460,44595.29,12681.97,184.52,28,55,43
47,490,460,44619.53,12765.46,268.55,28,54,42
47,490,460,44650.49,12800.98,184.52,28,55,42
47,490,460,44682.4,12982.83,213.63,28,56,41
47,490,460,44712.75,12643.74,212.38,28,55,42
47,490,460,44716.45,12786.82,247.53,28,53,44
47,490,460,44733.9,13026.54,217.17,28,55,40
47,490,460,44742.03,12570.53,212.38,28,55,43
47,490,460,44757.2,12628.29,268.55,28,55,42
47,490,460,44777.56,12613.42,268.55,28,55,42
47,490,460,44780.15,12735.38,268.55,28,54,42
47,490,460,44780.43,12613.42,212.38,28,55,42
47,490,460,44819.3,13688.6,184.52,28,53,41
47,490,460,44819.3,13718.37,135.76,28,53,41
47,490,460,44823.27,13665.87,135.76,28,53,41
47,490,460,44842.42,13402.91,135.76,28,53,41
47,490,460,44863.72,12982.45,220.66,28,53,42
47,490,460,44881.46,13013.39,304.69,28,53,41
47,490,460,44882.09,12715.61,304.69,28,55,41
47,490,460,44905.11,12931.55,268.55,28,53,42
47,490,460,44962.24,14933.16,105.92,28,56,43
47,490,460,44982.03,13993.66,246.38,28,54,39
47,490,460,45012.95,13954.87,246.38,28,55,39
47,490,460,45019.48,14931.51,105.92,28,56,41
47,490,460,45120.0,13830.37,239.22,28,52,39
47,490,460,45132.8,14021.4,228.58,28,52,43
47,490,460,45134.64,13585.66,217.17,28,56,38
47,490,460,45162.43,13136.12,166.37,28,53,40
47,490,460,45185.77,13498.42,217.17,28,56,38
47,490,460,45194.49,13255.91,444.71,28,54,38
47,490,460,45222.17,14948.07,166.02,28,52,41
47,490,460,45296.41,14124.4,112.07,28,53,47
47,490,460,45327.91,13907.18,155.48,28,52,47
47,490,460,45331.33,13895.52,104.67,28,52,47
47,490,460,45334.57,13665.59,178.78,28,52,39
47,490,460,45357.46,13975.29,104.67,28,52,46
47,490,460,45370.69,13898.75,99.91,28,51,47
47,490,460,45371.24,13642.34,191.62,28,52,44
47,490,460,45386.31,13955.02,85.23,28,56,43
47,490,460,45453.11,13556.11,160.15,28,55,40
47,490,460,45464.71,13898.16,99.91,28,51,47
47,490,460,45480.46,15568.46,0.0,28,56,47
47,490,460,45495.28,13757.55,220.87,28,54,37
47,490,460,45516.78,15568.46,0.0,28,55,47
47,490,460,45519.41,13956.76,351.13,28,53,37
47,490,460,45519.41,13957.17,271.87,28,53,37
47,490,460,45540.37,13389.11,209.25,28,53,38
47,490,460,45542.46,14272.59,166.21,28,53,39
47,490,460,45549.14,14117.33,157.08,28,52,44
47,490,460,45553.59,13317.98,220.87,28,54,38
47,490,460,45560.96,13841.99,122.83,28,52,47
47,490,460,45568.74,14278.51,184.82,28,51,44
47,490,460,45572.71,15101.14,91.06,28,55,46
47,490,460,45581.76,14086.83,184.82,28,51,45
47,490,460,45593.58,14127.65,136.05,28,52,45
47,490,460,45604.87,14375.48,309.49,28,51,40
47,490,460,45614.12,14127.65,136.05,28,51,45
47,490,460,45624.56,15072.07,91.06,28,55,46
47,490,460,45658.93,13771.73,374.49,28,51,38
47,490,460,45678.6,13498.78,272.25,28,52,39
47,490,460,45713.5,13317.59,220.87,28,54,37
47,490,460,45716.71,13262.5,220.87,28,54,38
47,490,460,45716.71,13274.16,220.87,28,54,37
47,490,460,45723.11,13500.01,209.25,28,52,40
47,490,460,45757.26,14369.86,99.91,28,51,46
47,490,460,45778.26,14575.69,274.01,28,50,45
47,490,460,45797.91,14327.31,99.91,28,51,46
47,490,460,45827.99,14416.32,265.35,28,51,41
47,490,460,45851.02,15184.72,51.63,28,55,48
47,490,460,45862.36,14847.17,402.31,27,57,37
47,490,460,45890.02,14733.66,214.51,27,52,40
47,490,460,45891.17,14389.07,320.74,28,58,35
47,490,460,45908.97,13864.9,197.56,28,58,36
47,490,460,45930.71,14847.17,338.74,27,57,37
47,490,460,45932.71,14138.09,246.32,28,58,35
47,490,460,45944.98,13746.22,85.23,28,54,43
47,490,460,45983.28,14078.63,148.68,28,51,46
47,490,460,46014.64,15082.51,393.18,28,57,34
47,490,460,46022.58,13621.64,133.99,28,55,41
47,490,460,46064.63,14206.99,199.18,27,52,40
47,490,460,46064.63,14248.84,199.18,27,52,39
47,490,460,46089.36,14467.89,148.65,27,53,40
47,490,460,46123.9,14443.98,148.65,27,52,40
47,490,460,46184.66,13665.99,133.99,28,57,37
47,490,460,46219.43,13710.33,197.56,28,58,36
47,490,460,46363.27,13713.43,270.57,28,58,35
47,490,461,36963.32,18814.5,148.18,28,50,41
47,490,461,36974.27,18780.15,178.79,28,51,41
47,490,461,37029.8,18780.15,148.18,28,51,42
47,490,461,37042.75,18819.82,127.84,27,52,42
47,490,461,37049.05,18780.15,178.79,28,50,41
47,490,461,37221.72,18294.05,288.39,27,52,38
47,490,461,37223.41,18230.2,206.65,27,51,40
47,490,461,37253.74,19984.68,100.4,28,52,43
47,490,461,37314.52,18346.27,206.65,28,51,39
47,490,461,37331.29,18255.76,288.39,27,53,38
47,490,461,37349.49,18662.06,276.68,28,51,38
47,490,461,37426.62,18349.7,270.21,28,51,38
47,490,461,37432.01,18221.73,288.39,27,52,38
47,490,461,37513.4,18820.56,269.47,27,49,40
47,490,461,37525.53,18595.35,176.04,28,52,44
47,490,461,37526.8,18486.68,205.82,28,52,44
47,490,461,37604.78,18979.78,180.91,28,51,38
47,490,461,37621.37,18907.52,180.91,28,51,38
47,490,461,37628.93,18686.34,410.4,27,50,37
47,490,461,37629.6,18915.3,127.84,27,50,41
47,490,461,37637.0,19378.58,69.79,28,53,43
47,490,461,37646.9,19378.58,69.79,28,53,42
47,490,461,37664.68,19155.96,105.93,28,51,41
47,490,461,37741.21,18819.14,127.84,27,51,41
47,490,461,37752.91,18773.79,227.5,26,51,42
47,490,461,37754.89,18623.09,163.04,28,52,43
47,490,461,37764.78,19323.16,100.4,28,53,42
47,490,461,37767.37,19277.45,100.4,28,53,42
47,490,461,37787.95,18686.34,332.37,27,51,38
47,490,461,37796.2,18652.41,333.01,26,51,41
47,490,461,37835.95,19953.59,223.65,26,53,43
47,490,461,38136.9,18912.91,305.19,26,50,42
47,490,461,38164.76,18281.92,324.98,28,49,37
47,490,461,38195.73,19311.21,140.19,26,53,42
47,490,461,38196.68,18980.1,213.58,26,52,43
47,490,461,38257.58,19197.18,489.73,26,53,38
47,490,461,38257.9,18763.64,127.84,27,51,43
47,490,461,38398.97,18773.59,185.62,27,52,37
47,490,461,38446.13,19266.19,489.73,26,53,37
47,490,461,38487.38,19241.19,465.11,26,53,37
47,490,461,38487.38,19243.1,438.51,26,53,37
47,490,461,38497.71,19061.96,264.9,26,50,44
47,490,461,38545.04,18828.42,310.1,26,50,40
47,490,461,38707.53,18443.44,385.77,28,50,35
47,490,461,38738.4,18591.72,285.82,28,54,35
47,490,461,38833.6,18808.46,237.05,28,54,35
47,490,461,38876.17,18757.95,413.62,28,51,34
47,490,461,38894.79,18685.51,188.7,27,50,44
47,490,461,38894.79,18700.03,188.7,26,50,44
47,490,461,38907.94,20163.16,84.65,28,56,40
47,490,461,39209.72,19214.29,397.73,27,54,34
47,490,461,39498.88,19450.52,99.76,28,56,38
47,490,461,39788.2,19567.56,433.23,26,55,38
47,490,461,40181.84,18627.59,396.28,26,53,44
47,490,461,41189.2,19286.34,706.31,27,54,33
47,490,461,44641.79,13002.98,268.55,28,54,41
47,490,461,44656.96,13229.77,331.56,28,54,40
47,490,461,44684.16,13270.03,359.41,28,54,39
47,490,461,44801.85,12841.61,268.55,28,53,42
47,490,461,44806.57,12955.77,212.38,28,57,41
47,490,461,44813.09,12985.77,220.66,28,54,42
47,490,461,44819.37,12859.44,212.38,28,56,41
47,490,461,44841.31,12935.48,220.66,28,54,42
47,490,461,44859.59,13252.55,135.76,28,53,41
47,490,461,44869.48,12815.29,212.38,28,56,41
47,490,461,45019.93,13925.41,239.22,28,52,40
47,490,461,45082.99,13799.26,239.22,28,52,40
47,490,461,45120.0,13799.26,239.22,28,52,39
47,490,461,45139.77,13826.95,493.47,28,54,38
47,490,461,45188.7,13548.66,493.47,28,54,37
47,490,461,45233.51,14011.6,228.58,28,52,43
47,490,461,45349.48,13942.65,271.87,28,54,37
47,490,461,45355.96,13865.26,85.23,28,56,43
47,490,461,45366.42,13451.07,493.47,28,54,37
47,490,461,45368.06,14967.27,594.49,28,54,36
47,490,461,45381.71,14927.68,91.06,28,55,46
47,490,461,45391.12,13787.84,85.23,28,56,44
47,490,461,45417.26,13942.65,220.87,28,54,37
47,490,461,45431.86,13554.34,209.25,28,52,39
47,490,461,45456.12,13966.78,365.99,28,53,37
47,490,461,45469.7,14537.46,51.0,28,53,46
47,490,461,45515.07,13943.49,351.13,28,53,38
47,490,461,45515.07,13943.49,365.99,28,53,37
47,490,461,45522.29,13317.98,220.87,28,53,38
47,490,461,45523.17,13557.36,211.43,28,52,38
47,490,461,45530.33,13582.06,423.12,28,53,37
47,490,461,45559.84,13345.37,209.25,28,53,39
47,490,461,45578.52,14181.02,184.82,28,51,45
47,490,461,45581.16,13634.51,220.87,28,54,37
47,490,461,45586.01,13399.39,220.87,28,54,37
47,490,461,45613.46,13450.41,147.86,28,53,39
47,490,461,45620.59,14786.62,256.81,28,51,42
47,490,461,45633.72,14819.49,193.8,28,51,42
47,490,461,45640.68,13421.37,188.22,28,52,41
47,490,461,45668.57,13533.72,374.49,28,51,38
47,490,461,45679.09,13533.72,235.74,28,51,39
47,490,461,45682.43,13274.16,384.15,28,53,38
47,490,461,45707.94,14112.52,130.17,28,53,41
47,490,461,45726.51,13409.85,235.74,28,52,38
47,490,461,45727.26,13274.16,220.87,28,53,38
47,490,461,45744.55,13764.71,209.25,28,53,37
47,490,461,45754.32,13274.16,220.87,28,53,37
47,490,461,45758.87,13866.14,130.17,28,52,41
47,490,461,45775.45,13849.68,108.9,28,52,41
47,490,461,45776.86,14420.78,229.16,27,51,42
47,490,461,45816.65,14300.17,214.51,27,53,40
47,490,461,45827.14,14085.71,246.32,28,57,35
47,490,461,45838.25,14300.17,214.51,27,52,40
47,490,461,45840.69,13659.85,220.87,28,52,37
47,490,461,45845.36,14369.5,229.16,27,51,42
47,490,461,45901.36,14820.47,178.85,27,52,40
47,490,461,45903.23,15075.41,271.97,28,55,35
47,490,461,45927.63,14062.06,184.82,28,51,45
47,490,461,45931.67,13899.45,197.44,28,51,46
47,490,461,45955.68,15039.36,271.97,28,56,35
47,490,461,45994.85,14009.52,148.68,28,51,46
47,490,461,45998.68,15033.34,271.97,28,55,35
47,490,461,46008.27,14350.35,199.18,27,52,39
47,490,461,46014.64,14940.51,393.18,28,57,34
47,490,461,46031.27,14262.81,199.18,27,52,40
47,490,461,46041.37,14234.86,266.44,28,56,35
47,490,461,46043.59,14160.68,184.82,28,50,45
47,490,461,46056.17,14468.48,148.68,28,50,47
47,490,461,46079.06,14847.17,402.31,27,57,36
47,490,461,46084.74,14060.64,315.21,28,58,35
47,490,461,46092.9,14137.24,315.21,28,56,35
47,490,461,46102.71,14004.74,148.68,28,50,47
47,490,461,46110.75,14634.17,136.11,27,52,41
47,490,461,46125.87,14092.8,197.56,28,57,36
47,490,461,46345.97,13960.77,213.37,27,58,37
47,490,462,36787.17,18654.35,163.97,28,52,43
47,490,462,37021.29,18287.21,206.65,28,51,40
47,490,462,37021.29,18372.71,206.65,27,51,39
47,490,462,37033.05,18496.32,178.79,28,51,42
47,490,462,37105.48,18192.21,206.65,27,51,39
47,490,462,37108.91,18099.07,206.65,27,51,39
47,490,462,37239.26,18042.58,206.65,27,51,39
47,490,462,37269.79,18356.48,284.68,28,51,38
47,490,462,37312.86,18356.48,380.43,28,51,37
47,490,462,37312.86,18519.91,380.43,27,51,38
47,490,462,37375.24,19442.36,455.09,27,49,41
47,490,462,37454.83,18767.73,312.82,28,51,37
47,490,462,37456.76,18496.45,336.49,28,50,39
47,490,462,37473.04,18342.55,336.49,28,50,39
47,490,462,37547.85,18440.7,254.47,28,53,38
47,490,462,37555.04,18330.16,254.47,28,54,38
47,490,462,37582.59,19183.87,100.4,28,53,42
47,490,462,37588.28,18881.67,451.16,26,54,38
47,490,462,37612.29,18525.01,178.79,28,51,40
47,490,462,37613.12,18904.62,118.8,27,51,46
47,490,462,37624.63,18730.42,128.26,27,51,39
47,490,462,37701.01,19172.07,178.0,28,53,37
47,490,462,37726.63,18610.12,176.04,28,51,44
47,490,462,37747.0,18703.28,128.26,27,51,39
47,490,462,37791.64,18548.63,296.66,26,52,41
47,490,462,37810.19,18954.6,223.58,26,52,43
47,490,462,37868.78,19288.3,191.41,26,53,42
47,490,462,37948.45,19396.11,140.19,26,53,42
47,490,462,38011.18,18636.7,312.76,27,52,37
47,490,462,38062.29,18760.83,179.06,27,52,38
47,490,462,38065.5,18463.77,296.66,26,51,42
47,490,462,38154.03,18763.64,127.84,27,51,43
47,490,462,38296.97,18702.36,127.84,27,52,43
47,490,462,38322.76,18856.32,305.19,26,50,42
47,490,462,38327.71,18676.8,127.84,27,52,43
47,490,462,38394.83,18613.87,304.68,28,51,36
47,490,462,38412.11,19306.4,438.51,26,53,37
47,490,462,38533.55,18607.27,272.03,28,52,37
47,490,462,38856.61,20071.46,84.65,28,55,40
47,490,462,38860.73,18587.44,285.82,28,54,36
47,490,462,39787.28,19492.97,147.22,28,52,37
47,490,462,40163.64,18526.43,138.58,28,51,41
47,490,462,41224.61,18518.14,361.51,27,54,37
47,490,462,41314.44,19417.48,111.89,27,53,44
47,490,462,44891.36,13058.58,212.38,28,59,40
47,490,462,44901.2,13212.29,184.52,28,53,42
47,490,462,45139.77,13643.86,493.47,28,54,38
47,490,462,45216.42,13532.66,209.25,28,55,39
47,490,462,45216.42,13622.02,272.25,28,55,38
47,490,462,45226.38,13484.53,209.25,28,55,39
47,490,462,45266.21,13756.17,209.25,28,52,41
47,490,462,45368.06,14922.26,594.49,28,54,36
47,490,462,45393.81,13401.66,209.25,28,53,39
47,490,462,45467.25,14294.97,510.32,28,51,37
47,490,462,45546.84,13216.43,216.59,28,52,42
47,490,462,45670.74,13729.28,130.17,28,52,40
47,490,462,45680.54,13638.56,130.17,28,52,40
47,490,462,45685.02,14595.88,408.52,28,51,37
47,490,462,45716.54,13920.45,94.03,28,52,41
47,490,462,45743.35,13873.99,94.03,28,52,41
47,490,462,45747.73,13319.75,220.87,28,53,37
47,490,462,45775.45,13818.8,108.9,28,52,41
47,490,462,45799.29,14422.68,214.51,27,53,40
47,490,462,45801.84,13509.58,220.87,28,52,37
47,490,462,45828.11,14964.84,365.99,28,51,37
47,490,462,45847.62,14590.2,184.82,28,50,45
47,490,462,45901.36,14262.81,199.18,27,52,39
47,490,462,45901.36,14283.48,178.85,27,52,40
47,490,462,45909.48,14122.76,371.54,28,58,34
47,490,462,45936.95,14060.64,315.21,28,58,35
47,490,462,45936.95,14060.65,315.21,28,58,34
47,490,462,45947.51,14719.61,396.08,28,57,34
47,490,462,45996.93,14473.89,266.44,28,56,34
47,490,462,46100.44,14569.67,320.74,27,56,36
47,490,462,46100.44,14662.39,260.42,27,56,36
47,490,462,46101.52,14075.49,246.32,28,57,36
47,490,462,46152.99,14540.34,224.34,28,57,35
47,490,462,46302.17,14663.93,262.66,28,56,35
47,490,463,37269.2,19085.85,332.94,26,51,38
47,490,463,37298.39,19055.15,365.97,26,51,38
47,490,463,37319.6,19062.15,451.16,26,52,37
47,490,463,37329.94,19121.24,529.55,26,51,37
47,490,463,37338.07,19359.63,345.35,27,49,41
47,490,463,37347.2,18072.15,206.65,27,50,39
47,490,463,37375.24,19359.63,344.67,27,49,41
47,490,463,37425.5,19095.07,451.16,26,51,37
47,490,463,37495.97,18362.76,178.79,28,51,40
47,490,463,37566.78,18979.91,464.69,26,52,38
47,490,463,37601.61,18435.42,178.79,27,51,40
47,490,463,37679.13,18325.17,254.47,28,54,38
47,490,463,37734.87,18604.25,176.04,28,51,44
47,490,463,37792.45,18407.79,178.79,27,51,40
47,490,463,37967.66,18760.83,179.06,27,51,38
47,490,463,38152.73,18683.11,179.06,28,52,38
47,490,463,38152.73,18724.22,179.06,27,52,38
47,490,463,38262.94,19049.41,368.81,26,50,40
47,490,463,38462.1,18596.64,272.03,28,52,37
47,490,463,38483.17,18457.16,147.91,28,53,42
47,490,463,38676.55,18680.51,275.99,28,54,36
47,490,463,39735.41,18702.22,151.2,28,53,41
47,490,463,40163.64,18431.59,138.58,28,51,41
47,490,463,44736.55,14484.9,135.76,28,53,41
47,490,463,44736.55,14636.41,198.77,28,53,40
47,490,463,44798.6,14468.43,135.76,28,53,41
47,490,463,44812.97,13105.77,184.52,28,53,42
47,490,463,45398.15,14992.26,525.12,28,54,36
47,490,463,45426.21,13831.81,288.36,27,54,41
47,490,463,45467.25,14032.22,447.31,28,51,37
47,490,463,45542.25,13453.44,294.62,28,52,41
47,490,463,45549.8,13834.0,447.31,28,51,37
47,490,463,45568.24,13638.56,130.17,28,52,40
47,490,463,45604.94,13830.48,447.31,28,52,37
47,490,463,45622.77,14905.93,193.8,28,51,42
47,490,463,45628.61,13437.57,216.59,28,52,41
47,490,463,45685.02,14529.06,408.52,28,51,37
47,490,463,45778.42,13844.23,94.03,28,52,41
47,490,463,45789.09,14968.62,286.92,28,51,38
47,490,463,45789.09,14968.62,365.99,28,51,37
47,490,463,45931.34,14496.9,266.44,28,56,34
47,490,463,46059.19,14491.24,252.74,28,56,36
47,490,463,46060.73,14439.69,201.93,28,57,36
47,490,464,37223.85,18676.99,178.79,28,51,41
47,490,464,37223.85,18743.7,100.4,28,51,41
47,490,464,37347.2,18046.01,206.65,27,50,39
47,490,464,37360.62,17984.72,206.65,27,50,39
47,490,464,37372.95,18642.07,163.97,28,52,44
47,490,464,37432.4,18578.24,163.97,28,52,44
47,490,464,38113.66,18683.11,179.06,28,52,38
47,490,464,38225.64,19122.16,368.81,26,50,40
47,490,464,38317.28,19050.21,148.18,27,50,40
47,490,464,38332.53,19103.4,348.62,26,50,40
47,490,464,38429.45,18689.5,100.4,28,53,43
47,490,464,38481.54,18583.71,100.4,28,52,43
47,490,464,38481.54,18586.46,100.4,28,52,42
47,490,464,38574.63,18442.39,147.91,28,53,42
47,490,464,38878.31,19596.62,257.01,26,52,38
47,490,464,38981.33,19572.73,305.78,26,52,38
47,490,464,39744.55,18463.53,410.03,26,54,42
47,490,464,41059.53,18589.45,408.21,27,52,37
47,490,464,41216.22,18694.11,403.26,27,53,36
47,490,464,41225.15,18629.83,360.82,27,54,36
47,490,464,41266.03,19518.77,79.07,28,53,39
47,490,464,45212.09,13831.55,288.36,27,54,41
47,490,464,45243.28,14870.29,193.8,28,51,42
47,490,464,45351.14,14793.45,51.0,28,53,47
47,490,464,45575.1,14865.73,193.8,28,51,42
47,490,464,45825.75,14724.16,99.4,28,51,47
47,490,464,45906.34,14758.79,336.6,28,55,33
47,490,464,45954.65,14706.93,336.6,28,55,33
47,490,464,45993.54,14646.87,372.62,28,56,33
47,490,464,46164.73,14758.79,423.42,28,54,33
47,490,465,37327.5,18079.82,249.19,27,50,40
47,490,465,37358.6,17964.4,206.65,27,50,39
47,490,465,38227.9,19050.21,148.18,27,50,40
47,490,465,38315.03,18446.76,84.65,28,52,42
47,490,465,38379.27,18446.76,175.7,28,52,41
47,490,465,38593.63,18608.28,267.48,28,55,36
47,490,465,38845.24,18651.04,462.32,26,52,40
47,490,465,38927.45,19271.61,592.27,26,53,36
47,490,465,39016.93,18488.61,278.09,28,53,36
47,490,465,39055.93,19278.36,393.37,26,50,39
47,490,465,39102.32,19277.78,393.37,26,50,39
47,490,465,39467.1,19509.85,302.81,26,54,38
47,490,465,41009.42,18703.67,403.26,27,53,36
47,490,465,46027.58,14964.03,456.57,28,54,34
47,490,465,46027.58,14985.71,505.33,27,54,34
47,490,465,46042.45,14891.32,476.83,28,54,34
47,490,465,46044.15,15114.8,442.32,27,54,34
47,490,466,38220.39,18446.76,175.7,28,52,41
47,490,466,38515.9,18502.61,278.09,28,52,36
47,490,466,38650.16,18546.19,278.09,28,53,35
47,490,466,38760.39,18488.61,278.09,28,53,36
47,490,466,38789.25,17958.48,292.43,28,52,40
47,490,466,39050.98,18400.52,344.64,28,53,34
47,490,466,39050.98,18436.7,328.89,28,53,34
47,490,466,39451.74,18446.7,476.62,28,52,34
47,490,466,39453.15,19408.2,302.81,26,54,37
47,490,466,39611.96,19373.42,396.31,26,55,37
47,490,466,40436.07,18572.72,438.57,27,55,37
47,490,466,40550.69,18511.27,438.57,27,55,37
47,490,466,46044.15,15082.74,442.32,27,54,34
47,490,467,38622.43,18546.19,278.09,28,53,35
47,490,467,38709.49,18537.2,280.13,28,54,35
47,490,467,38713.48,18537.2,280.13,28,53,35
47,490,467,38873.57,18537.2,328.89,28,53,34
47,490,467,38902.3,18501.01,328.89,28,53,33
47,490,467,39676.01,18576.78,599.66,27,53,35
47,490,467,39774.27,18520.52,599.66,27,53,35
47,490,467,39820.29,18376.82,398.23,28,52,34
47,490,467,39863.52,18442.78,599.66,27,53,36
47,490,467,39945.54,18352.44,599.66,27,53,36
47,490,467,39968.63,18412.67,349.46,28,52,34
47,490,467,40579.22,18413.16,438.57,27,55,37
47,490,468,38990.17,18358.19,379.89,28,53,34
47,490,468,39526.26,18566.28,331.13,27,54,36
47,490,468,39766.45,18480.54,599.66,27,53,35
47,490,468,39778.09,18439.76,331.13,27,53,36
47,490,468,39778.09,18455.29,367.27,27,53,35
47,490,468,39973.68,18471.15,445.47,28,51,34
47,490,468,39977.86,18515.3,529.49,28,51,33
47,490,469,39439.23,18566.28,331.13,27,55,36
